time_start,time_end,estimated,amount_usd,resource_id
2026-06-05T00:00:00Z,2026-06-06T00:00:00Z,True,0.0,arn:aws:ec2:ap-south-1:108782052779:natgateway/nat-01dc061291fc51e75
2026-06-05T00:00:00Z,2026-06-06T00:00:00Z,True,0.0,arn:aws:ec2:ap-south-1:108782052779:natgateway/nat-05f85018216cac061
2026-06-05T00:00:00Z,2026-06-06T00:00:00Z,True,0.0,arn:aws:ec2:eu-central-1:108782052779:natgateway/nat-0a2bfbfedf38f8e87
2026-06-05T00:00:00Z,2026-06-06T00:00:00Z,True,0.0,arn:aws:ec2:eu-central-1:108782052779:natgateway/nat-0ec6ae9605269bef4
2026-06-05T00:00:00Z,2026-06-06T00:00:00Z,True,0.0,arn:aws:ec2:us-east-1:108782052779:natgateway/nat-089a96601cfd34f9d
2026-06-05T00:00:00Z,2026-06-06T00:00:00Z,True,0.0,arn:aws:ec2:us-west-2:108782052779:natgateway/nat-00246c8ef3b9087f1
2026-06-05T00:00:00Z,2026-06-06T00:00:00Z,True,0.0,arn:aws:ec2:us-west-2:108782052779:natgateway/nat-00ac08b685fea726f
2026-06-05T00:00:00Z,2026-06-06T00:00:00Z,True,4.708e-07,arn:aws:ec2:us-west-2:108782052779:natgateway/nat-00f3c26e43ede9b10
2026-06-05T00:00:00Z,2026-06-06T00:00:00Z,True,0.0,arn:aws:ec2:us-west-2:108782052779:natgateway/nat-0234e77781575cced
2026-06-05T00:00:00Z,2026-06-06T00:00:00Z,True,0.0011521352,arn:aws:ec2:us-west-2:171675361862:natgateway/nat-01432c586ef9dbf51
2026-06-05T00:00:00Z,2026-06-06T00:00:00Z,True,3.9936,i-01db42c813d037c0e
2026-06-05T00:00:00Z,2026-06-06T00:00:00Z,True,50.1264124704,i-01fdf39c363930bff
2026-06-05T00:00:00Z,2026-06-06T00:00:00Z,True,1.2663393523,i-036e1b539e61ce81e
2026-06-05T00:00:00Z,2026-06-06T00:00:00Z,True,2.9414935755,i-042b2f0782bef659e
2026-06-05T00:00:00Z,2026-06-06T00:00:00Z,True,0.1248,i-04d3a8c6aae87f818
2026-06-05T00:00:00Z,2026-06-06T00:00:00Z,True,17.4867509795,i-04f28c7eb2feef15e
2026-06-05T00:00:00Z,2026-06-06T00:00:00Z,True,0.6067023523,i-0563349819d32df66
2026-06-05T00:00:00Z,2026-06-06T00:00:00Z,True,3.1951,i-060ced269794d7f6f
2026-06-05T00:00:00Z,2026-06-06T00:00:00Z,True,7.9877989441,i-07df3a933e4839f52
2026-06-05T00:00:00Z,2026-06-06T00:00:00Z,True,7.2194771979,i-09126000eb19643b0
2026-06-05T00:00:00Z,2026-06-06T00:00:00Z,True,0.8113813996,i-093dc06a7563219d5
2026-06-05T00:00:00Z,2026-06-06T00:00:00Z,True,0.4992,i-09f66b3f11ea42c60
2026-06-05T00:00:00Z,2026-06-06T00:00:00Z,True,7.2192,i-0a70e6af119b993f3
2026-06-05T00:00:00Z,2026-06-06T00:00:00Z,True,0.2496,i-0ab7116abc8229a16
2026-06-05T00:00:00Z,2026-06-06T00:00:00Z,True,8.0006276551,i-0b6713cc15f74d360
2026-06-05T00:00:00Z,2026-06-06T00:00:00Z,True,19.9877134817,i-0bf036b6503480a99
2026-06-05T00:00:00Z,2026-06-06T00:00:00Z,True,0.2496,i-0c0d07d66b039cebe
2026-06-05T00:00:00Z,2026-06-06T00:00:00Z,True,0.2496,i-0cc9dcb0db2f9d205
2026-06-05T00:00:00Z,2026-06-06T00:00:00Z,True,15.1447101198,i-0d6bd4ce6ce38cc9b
2026-06-05T00:00:00Z,2026-06-06T00:00:00Z,True,8.0006640619,i-0de9e3f8d3208cf03
2026-06-05T00:00:00Z,2026-06-06T00:00:00Z,True,8.0006492092,i-0e70fab85d559c615
2026-06-05T00:00:00Z,2026-06-06T00:00:00Z,True,0.3340552448,i-0ee653e618725d748
2026-06-05T00:00:00Z,2026-06-06T00:00:00Z,True,50.8085031201,i-0f5fb7f4318358cf5
2026-06-05T00:00:00Z,2026-06-06T00:00:00Z,True,1.4012014401,i-0f9baebd4cf42ba7c
2026-06-05T00:00:00Z,2026-06-06T00:00:00Z,True,0.7997082618,i-0f9f2b73d19a659ea
2026-06-05T00:00:00Z,2026-06-06T00:00:00Z,True,0.2016,i-0fec5d1a28b6d27aa
2026-06-06T00:00:00Z,2026-06-07T00:00:00Z,True,0.0,arn:aws:ec2:ap-south-1:108782052779:natgateway/nat-01dc061291fc51e75
2026-06-06T00:00:00Z,2026-06-07T00:00:00Z,True,0.0,arn:aws:ec2:ap-south-1:108782052779:natgateway/nat-05f85018216cac061
2026-06-06T00:00:00Z,2026-06-07T00:00:00Z,True,0.0,arn:aws:ec2:eu-central-1:108782052779:natgateway/nat-0a2bfbfedf38f8e87
2026-06-06T00:00:00Z,2026-06-07T00:00:00Z,True,0.0,arn:aws:ec2:eu-central-1:108782052779:natgateway/nat-0ec6ae9605269bef4
2026-06-06T00:00:00Z,2026-06-07T00:00:00Z,True,0.0,arn:aws:ec2:us-east-1:108782052779:natgateway/nat-089a96601cfd34f9d
2026-06-06T00:00:00Z,2026-06-07T00:00:00Z,True,0.0,arn:aws:ec2:us-west-2:108782052779:natgateway/nat-00246c8ef3b9087f1
2026-06-06T00:00:00Z,2026-06-07T00:00:00Z,True,0.0,arn:aws:ec2:us-west-2:108782052779:natgateway/nat-00ac08b685fea726f
2026-06-06T00:00:00Z,2026-06-07T00:00:00Z,True,1.483e-05,arn:aws:ec2:us-west-2:108782052779:natgateway/nat-00f3c26e43ede9b10
2026-06-06T00:00:00Z,2026-06-07T00:00:00Z,True,0.0,arn:aws:ec2:us-west-2:108782052779:natgateway/nat-0234e77781575cced
2026-06-06T00:00:00Z,2026-06-07T00:00:00Z,True,0.0011494578,arn:aws:ec2:us-west-2:171675361862:natgateway/nat-01432c586ef9dbf51
2026-06-06T00:00:00Z,2026-06-07T00:00:00Z,True,3.1489643465,i-00043e5e5ec359054
2026-06-06T00:00:00Z,2026-06-07T00:00:00Z,True,0.563622538,i-001031e33831285e4
2026-06-06T00:00:00Z,2026-06-07T00:00:00Z,True,0.6475528531,i-002133a8f9ccacaf7
2026-06-06T00:00:00Z,2026-06-07T00:00:00Z,True,1.11906375,i-002582f70e9170bf2
2026-06-06T00:00:00Z,2026-06-07T00:00:00Z,True,0.7266105116,i-003527c83af9a45d6
2026-06-06T00:00:00Z,2026-06-07T00:00:00Z,True,1.0456376868,i-005ae413b0fa16613
2026-06-06T00:00:00Z,2026-06-07T00:00:00Z,True,2.849602,i-00690d2d00d51f93c
2026-06-06T00:00:00Z,2026-06-07T00:00:00Z,True,0.6276608793,i-006e9ee709d6f6457
2026-06-06T00:00:00Z,2026-06-07T00:00:00Z,True,1.8141877836,i-00772387c3875cfe9
2026-06-06T00:00:00Z,2026-06-07T00:00:00Z,True,0.4230805652,i-0078bad50793b650f
2026-06-06T00:00:00Z,2026-06-07T00:00:00Z,True,0.5007263002,i-008bb34c5c0814cc9
2026-06-06T00:00:00Z,2026-06-07T00:00:00Z,True,0.7999506535,i-0098a714412773a50
2026-06-06T00:00:00Z,2026-06-07T00:00:00Z,True,1.7230043377,i-00a0f02f77f16eb4e
2026-06-06T00:00:00Z,2026-06-07T00:00:00Z,True,0.6903834664,i-00a464a81572f0373
2026-06-06T00:00:00Z,2026-06-07T00:00:00Z,True,0.8585414459,i-00b74a9f687e28bea
2026-06-06T00:00:00Z,2026-06-07T00:00:00Z,True,0.2049492224,i-00ec5e7bc690e5727
2026-06-06T00:00:00Z,2026-06-07T00:00:00Z,True,4.3108134768,i-01135fc0d7a80ebb4
2026-06-06T00:00:00Z,2026-06-07T00:00:00Z,True,0.5612051004,i-01150f9a76938e3e3
2026-06-06T00:00:00Z,2026-06-07T00:00:00Z,True,2.7307542836,i-011d3a43e69c8317b
2026-06-06T00:00:00Z,2026-06-07T00:00:00Z,True,1.7230043377,i-011e2953e494ca67e
2026-06-06T00:00:00Z,2026-06-07T00:00:00Z,True,2.882316269,i-011e7ad11da35a4f2
2026-06-06T00:00:00Z,2026-06-07T00:00:00Z,True,1.5118494884,i-01299ac4a66ad97e3
2026-06-06T00:00:00Z,2026-06-07T00:00:00Z,True,2.4477313377,i-012e9f8a959e4da2b
2026-06-06T00:00:00Z,2026-06-07T00:00:00Z,True,2.655796231,i-01314ee48f4c10cb9
2026-06-06T00:00:00Z,2026-06-07T00:00:00Z,True,3.04194875,i-0143cec742885d5da
2026-06-06T00:00:00Z,2026-06-07T00:00:00Z,True,2.9893318655,i-01503736c99c70208
2026-06-06T00:00:00Z,2026-06-07T00:00:00Z,True,1.9634729751,i-0155c818a8949bda9
2026-06-06T00:00:00Z,2026-06-07T00:00:00Z,True,0.6919901044,i-0159716038f9bad6a
2026-06-06T00:00:00Z,2026-06-07T00:00:00Z,True,0.6954237128,i-018b4a6cc1c09a4d6
2026-06-06T00:00:00Z,2026-06-07T00:00:00Z,True,2.0019783933,i-0197f6ade90831921
2026-06-06T00:00:00Z,2026-06-07T00:00:00Z,True,2.4854005116,i-01a176c5479691636
2026-06-06T00:00:00Z,2026-06-07T00:00:00Z,True,0.5844874884,i-01a649204041f590f
2026-06-06T00:00:00Z,2026-06-07T00:00:00Z,True,3.1489643465,i-01bb9f95ed6e6a757
2026-06-06T00:00:00Z,2026-06-07T00:00:00Z,True,1.8405709299,i-01d35c9a318658836
2026-06-06T00:00:00Z,2026-06-07T00:00:00Z,True,3.9936,i-01db42c813d037c0e
2026-06-06T00:00:00Z,2026-06-07T00:00:00Z,True,0.7356948201,i-01e6545da6deff737
2026-06-06T00:00:00Z,2026-06-07T00:00:00Z,True,0.729496231,i-01eb4b5008c688db6
2026-06-06T00:00:00Z,2026-06-07T00:00:00Z,True,0.1382045184,i-01eb75c413096e8f0
2026-06-06T00:00:00Z,2026-06-07T00:00:00Z,True,1.7952383041,i-01f8a82dcd6e8e450
2026-06-06T00:00:00Z,2026-06-07T00:00:00Z,True,0.5612051004,i-01fb5e2b8e4141fe7
2026-06-06T00:00:00Z,2026-06-07T00:00:00Z,True,4.4884672558,i-02041d5451e5e7f86
2026-06-06T00:00:00Z,2026-06-07T00:00:00Z,True,1.9423525,i-0205abb5806a4456f
2026-06-06T00:00:00Z,2026-06-07T00:00:00Z,True,0.5612051004,i-02111fd06f72c8c7b
2026-06-06T00:00:00Z,2026-06-07T00:00:00Z,True,2.0493680965,i-021c987224c7f9676
2026-06-06T00:00:00Z,2026-06-07T00:00:00Z,True,3.3003513377,i-02254af97a1a32cbb
2026-06-06T00:00:00Z,2026-06-07T00:00:00Z,True,2.2098930965,i-022566593889f67bb
2026-06-06T00:00:00Z,2026-06-07T00:00:00Z,True,1.7942013567,i-022984c84f5e9cf92
2026-06-06T00:00:00Z,2026-06-07T00:00:00Z,True,0.694254,i-023b86513473a0555
2026-06-06T00:00:00Z,2026-06-07T00:00:00Z,True,1.675701212,i-0247f7df5b589687d
2026-06-06T00:00:00Z,2026-06-07T00:00:00Z,True,1.7431346959,i-0248705ef9ddbc298
2026-06-06T00:00:00Z,2026-06-07T00:00:00Z,True,2.7349958232,i-024aa28d669f76504
2026-06-06T00:00:00Z,2026-06-07T00:00:00Z,True,2.0019783933,i-025ee712e7ffe6bab
2026-06-06T00:00:00Z,2026-06-07T00:00:00Z,True,2.8519930965,i-025fc234adc6109ca
2026-06-06T00:00:00Z,2026-06-07T00:00:00Z,True,0.6241259308,i-026ebbe675af15695
2026-06-06T00:00:00Z,2026-06-07T00:00:00Z,True,0.52890225,i-027d64795ac3c5fbf
2026-06-06T00:00:00Z,2026-06-07T00:00:00Z,True,3.1560495232,i-028377841087482c4
2026-06-06T00:00:00Z,2026-06-07T00:00:00Z,True,0.6568526436,i-028ffb6d3c3d55d0f
2026-06-06T00:00:00Z,2026-06-07T00:00:00Z,True,1.6507661082,i-0292332a4734b2930
2026-06-06T00:00:00Z,2026-06-07T00:00:00Z,True,5.0747295232,i-02926a38adfd6af6b
2026-06-06T00:00:00Z,2026-06-07T00:00:00Z,True,0.9993723531,i-02987a0f755011c7d
2026-06-06T00:00:00Z,2026-06-07T00:00:00Z,True,3.3201931535,i-02b31a1ca1911150f
2026-06-06T00:00:00Z,2026-06-07T00:00:00Z,True,1.1013126768,i-02bf75bbf27a43e66
2026-06-06T00:00:00Z,2026-06-07T00:00:00Z,True,0.4938925338,i-02d01cf78527e0ee8
2026-06-06T00:00:00Z,2026-06-07T00:00:00Z,True,0.6241259308,i-02d0d04359fb7eb87
2026-06-06T00:00:00Z,2026-06-07T00:00:00Z,True,4.3108134768,i-02e6cc57241ddec90
2026-06-06T00:00:00Z,2026-06-07T00:00:00Z,True,2.1028775,i-02f1158a4fe7c5dcf
2026-06-06T00:00:00Z,2026-06-07T00:00:00Z,True,4.0949174268,i-03020280027507f9a
2026-06-06T00:00:00Z,2026-06-07T00:00:00Z,True,0.5933709768,i-03039d00a85d0ca82
2026-06-06T00:00:00Z,2026-06-07T00:00:00Z,True,2.0095784459,i-0308b571ac481101d
2026-06-06T00:00:00Z,2026-06-07T00:00:00Z,True,2.6620672164,i-032ef7ba09ee7f0c8
2026-06-06T00:00:00Z,2026-06-07T00:00:00Z,True,2.655796231,i-033186eade2bd778a
2026-06-06T00:00:00Z,2026-06-07T00:00:00Z,True,2.7473237008,i-033915d3dcbbfa635
2026-06-06T00:00:00Z,2026-06-07T00:00:00Z,True,0.6409824176,i-03412a13857ab74f4
2026-06-06T00:00:00Z,2026-06-07T00:00:00Z,True,0.5612051004,i-0342d933bc8a755d1
2026-06-06T00:00:00Z,2026-06-07T00:00:00Z,True,2.5639744649,i-0344c2acfc41e3dd9
2026-06-06T00:00:00Z,2026-06-07T00:00:00Z,True,1.8615550877,i-034c174c5c579066a
2026-06-06T00:00:00Z,2026-06-07T00:00:00Z,True,1.8153686623,i-035792cef445aa10b
2026-06-06T00:00:00Z,2026-06-07T00:00:00Z,True,1.6890793655,i-03592117afdad10f3
2026-06-06T00:00:00Z,2026-06-07T00:00:00Z,True,3.1688918996,i-037f26536af2767a9
2026-06-06T00:00:00Z,2026-06-07T00:00:00Z,True,2.849602,i-03804de989b68da14
2026-06-06T00:00:00Z,2026-06-07T00:00:00Z,True,0.6608163002,i-039ee04cb873d8290
2026-06-06T00:00:00Z,2026-06-07T00:00:00Z,True,2.9349331535,i-03e5e97c9df812139
2026-06-06T00:00:00Z,2026-06-07T00:00:00Z,True,2.2215483041,i-03f66c1c07232f42d
2026-06-06T00:00:00Z,2026-06-07T00:00:00Z,True,0.7697197251,i-03f899f3456cd775c
2026-06-06T00:00:00Z,2026-06-07T00:00:00Z,True,2.58983325,i-040957c3796150470
2026-06-06T00:00:00Z,2026-06-07T00:00:00Z,True,1.9574748377,i-041dd26c8068610ea
2026-06-06T00:00:00Z,2026-06-07T00:00:00Z,True,4.1686872558,i-041e0d957b3e32daa
2026-06-06T00:00:00Z,2026-06-07T00:00:00Z,True,2.173328712,i-04237535859895226
2026-06-06T00:00:00Z,2026-06-07T00:00:00Z,True,2.882316269,i-0424ad7d1d9a00248
2026-06-06T00:00:00Z,2026-06-07T00:00:00Z,True,0.5612051004,i-0429ba2dd46272182
2026-06-06T00:00:00Z,2026-06-07T00:00:00Z,True,1.66335925,i-042a2586fe4a2aa0b
2026-06-06T00:00:00Z,2026-06-07T00:00:00Z,True,2.536137,i-042d10a329ca8fa4f
2026-06-06T00:00:00Z,2026-06-07T00:00:00Z,True,1.7194489123,i-043c9d02dda862713
2026-06-06T00:00:00Z,2026-06-07T00:00:00Z,True,2.655796231,i-043dcba136b66d112
2026-06-06T00:00:00Z,2026-06-07T00:00:00Z,True,2.8018031082,i-045380dbad7bbc304
2026-06-06T00:00:00Z,2026-06-07T00:00:00Z,True,3.6528087134,i-0454f926b9c698e07
2026-06-06T00:00:00Z,2026-06-07T00:00:00Z,True,2.655796231,i-0461f66a5ed0f861e
2026-06-06T00:00:00Z,2026-06-07T00:00:00Z,True,1.427779981,i-04705f69f14d64abc
2026-06-06T00:00:00Z,2026-06-07T00:00:00Z,True,0.8934654176,i-0481e7e80175c9036
2026-06-06T00:00:00Z,2026-06-07T00:00:00Z,True,1.2040628247,i-0499948b203e06e83
2026-06-06T00:00:00Z,2026-06-07T00:00:00Z,True,1.5456116522,i-04a1e9668dc205955
2026-06-06T00:00:00Z,2026-06-07T00:00:00Z,True,1.6890793655,i-04b5a3284907ab0e0
2026-06-06T00:00:00Z,2026-06-07T00:00:00Z,True,1.3671368465,i-04b7be4186100f6f3
2026-06-06T00:00:00Z,2026-06-07T00:00:00Z,True,2.1516803582,i-04bb7b688935ca6ad
2026-06-06T00:00:00Z,2026-06-07T00:00:00Z,True,1.813039981,i-04bde9196c931f6a2
2026-06-06T00:00:00Z,2026-06-07T00:00:00Z,True,0.1248,i-04d3a8c6aae87f818
2026-06-06T00:00:00Z,2026-06-07T00:00:00Z,True,10.1741713002,i-04d60e7c6e2cfe381
2026-06-06T00:00:00Z,2026-06-07T00:00:00Z,True,0.5540907008,i-050eaa4df0cc40365
2026-06-06T00:00:00Z,2026-06-07T00:00:00Z,True,1.9423525,i-050ebbfd617bec840
2026-06-06T00:00:00Z,2026-06-07T00:00:00Z,True,6.388895,i-051cff22557a42c8e
2026-06-06T00:00:00Z,2026-06-07T00:00:00Z,True,0.7370453132,i-051d3295a2adaef69
2026-06-06T00:00:00Z,2026-06-07T00:00:00Z,True,2.101984981,i-0521ef95ca19adcc8
2026-06-06T00:00:00Z,2026-06-07T00:00:00Z,True,1.1753993655,i-052804e482b7c1a9b
2026-06-06T00:00:00Z,2026-06-07T00:00:00Z,True,50.5603639311,i-05374380b57fad901
2026-06-06T00:00:00Z,2026-06-07T00:00:00Z,True,2.5910183918,i-054db23ef1e68b2a9
2026-06-06T00:00:00Z,2026-06-07T00:00:00Z,True,0.6217907128,i-0553dc1eeecca40ec
2026-06-06T00:00:00Z,2026-06-07T00:00:00Z,True,1.6708964664,i-055a9c936fd1b00e1
2026-06-06T00:00:00Z,2026-06-07T00:00:00Z,True,2.1469440541,i-05662c819c7a96d65
2026-06-06T00:00:00Z,2026-06-07T00:00:00Z,True,2.4275967164,i-0568ca77a59cf7cda
2026-06-06T00:00:00Z,2026-06-07T00:00:00Z,True,0.522598769,i-058afef2f8e47125a
2026-06-06T00:00:00Z,2026-06-07T00:00:00Z,True,2.1087700232,i-05957827db6bff69f
2026-06-06T00:00:00Z,2026-06-07T00:00:00Z,True,0.0477937408,i-05974c40ab61ec0c7
2026-06-06T00:00:00Z,2026-06-07T00:00:00Z,True,2.5760069768,i-059c56940f2bd15b8
2026-06-06T00:00:00Z,2026-06-07T00:00:00Z,True,3.4055921799,i-05b6060eefd711a72
2026-06-06T00:00:00Z,2026-06-07T00:00:00Z,True,3.8980403201,i-05babf4b13a8a4f7f
2026-06-06T00:00:00Z,2026-06-07T00:00:00Z,True,2.4939135,i-05cbb35fe5cf7b1a5
2026-06-06T00:00:00Z,2026-06-07T00:00:00Z,True,2.655796231,i-05cc10b456c9e3c7c
2026-06-06T00:00:00Z,2026-06-07T00:00:00Z,True,1.5299796959,i-05ce944338bf147e5
2026-06-06T00:00:00Z,2026-06-07T00:00:00Z,True,1.9373402164,i-05cf4ddf9cb425b71
2026-06-06T00:00:00Z,2026-06-07T00:00:00Z,True,0.5372655699,i-05d2f91400f87bdb2
2026-06-06T00:00:00Z,2026-06-07T00:00:00Z,True,1.35674925,i-05e1601a2d983d49f
2026-06-06T00:00:00Z,2026-06-07T00:00:00Z,True,0.729496231,i-05e8b774cb84a7bc1
2026-06-06T00:00:00Z,2026-06-07T00:00:00Z,True,2.033331454,i-05f0f4346bd1f436f
2026-06-06T00:00:00Z,2026-06-07T00:00:00Z,True,0.6568526436,i-05f1ed7943467a418
2026-06-06T00:00:00Z,2026-06-07T00:00:00Z,True,76.8872,i-060ced269794d7f6f
2026-06-06T00:00:00Z,2026-06-07T00:00:00Z,True,1.8141877836,i-064ee0ab7b35da4cd
2026-06-06T00:00:00Z,2026-06-07T00:00:00Z,True,1.9423525,i-065490c1a6040769b
2026-06-06T00:00:00Z,2026-06-07T00:00:00Z,True,0.6632709768,i-0657ba342209f8a54
2026-06-06T00:00:00Z,2026-06-07T00:00:00Z,True,2.0019783933,i-066a113c1ee556a4a
2026-06-06T00:00:00Z,2026-06-07T00:00:00Z,True,2.2686130701,i-0674a93f5ccd0b5d1
2026-06-06T00:00:00Z,2026-06-07T00:00:00Z,True,6.1394515,i-06796d033e60c7675
2026-06-06T00:00:00Z,2026-06-07T00:00:00Z,True,1.7182680336,i-0682bb961ef666c10
2026-06-06T00:00:00Z,2026-06-07T00:00:00Z,True,2.4287818582,i-0689fe4a9a6865288
2026-06-06T00:00:00Z,2026-06-07T00:00:00Z,True,6.8850614336,i-068f3aad2bedb9fa6
2026-06-06T00:00:00Z,2026-06-07T00:00:00Z,True,9.9475618129,i-06c051233ef23cf9f
2026-06-06T00:00:00Z,2026-06-07T00:00:00Z,True,1.46011175,i-06cf852f2a8df28e7
2026-06-06T00:00:00Z,2026-06-07T00:00:00Z,True,2.1493143377,i-06deab17c68d30b3a
2026-06-06T00:00:00Z,2026-06-07T00:00:00Z,True,0.6556829308,i-06e096aaa7a189fba
2026-06-06T00:00:00Z,2026-06-07T00:00:00Z,True,0.7754665,i-06e83d0bfc42c9036
2026-06-06T00:00:00Z,2026-06-07T00:00:00Z,True,2.882316269,i-06f6aeb439e4a08d7
2026-06-06T00:00:00Z,2026-06-07T00:00:00Z,True,2.2830627008,i-0712e1dc28c062a06
2026-06-06T00:00:00Z,2026-06-07T00:00:00Z,True,0.6409824176,i-071652ccbd5a58ca5
2026-06-06T00:00:00Z,2026-06-07T00:00:00Z,True,2.1493143377,i-0729c413c5a483cb5
2026-06-06T00:00:00Z,2026-06-07T00:00:00Z,True,2.1783514536,i-073abdfde4bc70a65
2026-06-06T00:00:00Z,2026-06-07T00:00:00Z,True,0.6135618655,i-073c897e757718df5
2026-06-06T00:00:00Z,2026-06-07T00:00:00Z,True,1.4669273232,i-07401a0d4cab26cb8
2026-06-06T00:00:00Z,2026-06-07T00:00:00Z,True,2.655796231,i-074c8abd1e4fd3ebe
2026-06-06T00:00:00Z,2026-06-07T00:00:00Z,True,1.6531363918,i-07640bc8887396c22
2026-06-06T00:00:00Z,2026-06-07T00:00:00Z,True,0.6670405994,i-0770a41aa40cb11e1
2026-06-06T00:00:00Z,2026-06-07T00:00:00Z,True,0.7106922088,i-0774e124b5362b06f
2026-06-06T00:00:00Z,2026-06-07T00:00:00Z,True,1.7253703582,i-077e28db7861a4a5c
2026-06-06T00:00:00Z,2026-06-07T00:00:00Z,True,0.729496231,i-078699911337ed02d
2026-06-06T00:00:00Z,2026-06-07T00:00:00Z,True,3.6528087134,i-078ebb58cca3b98b8
2026-06-06T00:00:00Z,2026-06-07T00:00:00Z,True,1.5557023132,i-079cb350ab8a37f19
2026-06-06T00:00:00Z,2026-06-07T00:00:00Z,True,7.9878007466,i-07df3a933e4839f52
2026-06-06T00:00:00Z,2026-06-07T00:00:00Z,True,3.4758295232,i-08005bf8f1a8b4d11
2026-06-06T00:00:00Z,2026-06-07T00:00:00Z,True,0.8184093879,i-081391b9f79ccd4a0
2026-06-06T00:00:00Z,2026-06-07T00:00:00Z,True,3.1819618655,i-08164a288bbb2d8e6
2026-06-06T00:00:00Z,2026-06-07T00:00:00Z,True,1.7940531623,i-08212bdf0bf7b9fa4
2026-06-06T00:00:00Z,2026-06-07T00:00:00Z,True,0.8074053113,i-084c4c955c14923bf
2026-06-06T00:00:00Z,2026-06-07T00:00:00Z,True,0.9595831345,i-084ff467155d3502d
2026-06-06T00:00:00Z,2026-06-07T00:00:00Z,True,3.0848714771,i-0859ed82d587e2cf6
2026-06-06T00:00:00Z,2026-06-07T00:00:00Z,True,0.7429977912,i-085a1dc01523347be
2026-06-06T00:00:00Z,2026-06-07T00:00:00Z,True,1.8888430965,i-085a9cced79682e4c
2026-06-06T00:00:00Z,2026-06-07T00:00:00Z,True,0.675990038,i-08623e8cca1fae052
2026-06-06T00:00:00Z,2026-06-07T00:00:00Z,True,3.9213148996,i-0865a75435a63d310
2026-06-06T00:00:00Z,2026-06-07T00:00:00Z,True,2.5910183918,i-086c606df259d24f8
2026-06-06T00:00:00Z,2026-06-07T00:00:00Z,True,2.0095784459,i-087e2b48d6255db0e
2026-06-06T00:00:00Z,2026-06-07T00:00:00Z,True,1.9397105,i-088b796e6d8a3c877
2026-06-06T00:00:00Z,2026-06-07T00:00:00Z,True,7.3650301004,i-088c37984431b1f1f
2026-06-06T00:00:00Z,2026-06-07T00:00:00Z,True,0.6965934256,i-0894320ab0f4ad69f
2026-06-06T00:00:00Z,2026-06-07T00:00:00Z,True,2.2686130701,i-089e573f2bc9fc52c
2026-06-06T00:00:00Z,2026-06-07T00:00:00Z,True,2.5886481082,i-08a645a535b801517
2026-06-06T00:00:00Z,2026-06-07T00:00:00Z,True,0.716121288,i-08b88a81b45c3911d
2026-06-06T00:00:00Z,2026-06-07T00:00:00Z,True,0.9014346304,i-08cd34d842869fd86
2026-06-06T00:00:00Z,2026-06-07T00:00:00Z,True,1.8888430965,i-08d39e4a9fbcc9667
2026-06-06T00:00:00Z,2026-06-07T00:00:00Z,True,2.1410226082,i-08de4501b887a4874
2026-06-06T00:00:00Z,2026-06-07T00:00:00Z,True,1.67326675,i-08ea08b623ea53701
2026-06-06T00:00:00Z,2026-06-07T00:00:00Z,True,0.6409824176,i-08ef237dd1eff3652
2026-06-06T00:00:00Z,2026-06-07T00:00:00Z,True,1.9337890541,i-08f0ae98af021587e
2026-06-06T00:00:00Z,2026-06-07T00:00:00Z,True,0.5007263002,i-0908fd371b587dcfe
2026-06-06T00:00:00Z,2026-06-07T00:00:00Z,True,3.3891645,i-090dbeb6421cac1b5
2026-06-06T00:00:00Z,2026-06-07T00:00:00Z,True,2.2634025,i-090f4f728a1e93d15
2026-06-06T00:00:00Z,2026-06-07T00:00:00Z,True,7.2194768799,i-09126000eb19643b0
2026-06-06T00:00:00Z,2026-06-07T00:00:00Z,True,1.675701212,i-091cdb9eff5993bfc
2026-06-06T00:00:00Z,2026-06-07T00:00:00Z,True,2.120715038,i-09206a5a14ea64942
2026-06-06T00:00:00Z,2026-06-07T00:00:00Z,True,0.9419733742,i-092734d570c8fdc45
2026-06-06T00:00:00Z,2026-06-07T00:00:00Z,True,0.6919901044,i-09500f20f13fe4eaa
2026-06-06T00:00:00Z,2026-06-07T00:00:00Z,True,2.0072081623,i-0956e197277f1336c
2026-06-06T00:00:00Z,2026-06-07T00:00:00Z,True,0.5612051004,i-096662d554e43ba8c
2026-06-06T00:00:00Z,2026-06-07T00:00:00Z,True,2.655796231,i-0972f0d5d03fe6343
2026-06-06T00:00:00Z,2026-06-07T00:00:00Z,True,0.7633984176,i-098cf4dc291d38043
2026-06-06T00:00:00Z,2026-06-07T00:00:00Z,True,3.3915347836,i-098e67f034523442e
2026-06-06T00:00:00Z,2026-06-07T00:00:00Z,True,0.5612051004,i-0990b224503e8323a
2026-06-06T00:00:00Z,2026-06-07T00:00:00Z,True,2.4854005116,i-0994ccebe3979ac71
2026-06-06T00:00:00Z,2026-06-07T00:00:00Z,True,2.655796231,i-099f488e59612d890
2026-06-06T00:00:00Z,2026-06-07T00:00:00Z,True,1.0862180965,i-09a8d0f58415c2ade
2026-06-06T00:00:00Z,2026-06-07T00:00:00Z,True,2.120715038,i-09b3884d8a081e6de
2026-06-06T00:00:00Z,2026-06-07T00:00:00Z,True,1.7952383041,i-09d1409d15df9bf89
2026-06-06T00:00:00Z,2026-06-07T00:00:00Z,True,0.6848548176,i-09d22190d95112afd
2026-06-06T00:00:00Z,2026-06-07T00:00:00Z,True,2.601397519,i-09e8fbeec8f832bce
2026-06-06T00:00:00Z,2026-06-07T00:00:00Z,True,2.8053585336,i-09ee3a6e5c2b15214
2026-06-06T00:00:00Z,2026-06-07T00:00:00Z,True,0.4992,i-09f66b3f11ea42c60
2026-06-06T00:00:00Z,2026-06-07T00:00:00Z,True,0.729496231,i-09ff34d8e3bc7fa0e
2026-06-06T00:00:00Z,2026-06-07T00:00:00Z,True,3.6528087134,i-0a01eae55a56c078c
2026-06-06T00:00:00Z,2026-06-07T00:00:00Z,True,2.655796231,i-0a03001abafacec4b
2026-06-06T00:00:00Z,2026-06-07T00:00:00Z,True,3.7375253201,i-0a035ff904dc64a4d
2026-06-06T00:00:00Z,2026-06-07T00:00:00Z,True,0.729496231,i-0a14053b9be2111eb
2026-06-06T00:00:00Z,2026-06-07T00:00:00Z,True,11.5829633002,i-0a2d8abf14203b055
2026-06-06T00:00:00Z,2026-06-07T00:00:00Z,True,1.9824252558,i-0a2e29228eccbc7f0
2026-06-06T00:00:00Z,2026-06-07T00:00:00Z,True,3.8145893002,i-0a46ec26c36edd612
2026-06-06T00:00:00Z,2026-06-07T00:00:00Z,True,2.5922035336,i-0a5dbf92ca44c32da
2026-06-06T00:00:00Z,2026-06-07T00:00:00Z,True,2.0758909664,i-0a698d3e1f0557708
2026-06-06T00:00:00Z,2026-06-07T00:00:00Z,True,7.2192,i-0a70e6af119b993f3
2026-06-06T00:00:00Z,2026-06-07T00:00:00Z,True,0.1583572224,i-0a87b37623c18b4a8
2026-06-06T00:00:00Z,2026-06-07T00:00:00Z,True,6.4198,i-0a9108c8caf7e3b6b
2026-06-06T00:00:00Z,2026-06-07T00:00:00Z,True,0.591593,i-0a9e3a87b57b6414b
2026-06-06T00:00:00Z,2026-06-07T00:00:00Z,True,6.686303788,i-0aaab87d8dbe6f75e
2026-06-06T00:00:00Z,2026-06-07T00:00:00Z,True,2.3565478918,i-0aaccfe340b22207a
2026-06-06T00:00:00Z,2026-06-07T00:00:00Z,True,2.7473237008,i-0ab352dc4d1557a11
2026-06-06T00:00:00Z,2026-06-07T00:00:00Z,True,0.2496,i-0ab7116abc8229a16
2026-06-06T00:00:00Z,2026-06-07T00:00:00Z,True,2.882316269,i-0ad6c7093d45c7c20
2026-06-06T00:00:00Z,2026-06-07T00:00:00Z,True,2.2850968758,i-0adc819843f707af5
2026-06-06T00:00:00Z,2026-06-07T00:00:00Z,True,3.3922180701,i-0ae793ef60c2179c8
2026-06-06T00:00:00Z,2026-06-07T00:00:00Z,True,2.2842445,i-0b06ed9b70aba3d06
2026-06-06T00:00:00Z,2026-06-07T00:00:00Z,True,4.160100816,i-0b0b029ed3d5085b2
2026-06-06T00:00:00Z,2026-06-07T00:00:00Z,True,3.0279861418,i-0b4609f80b5611f8e
2026-06-06T00:00:00Z,2026-06-07T00:00:00Z,True,7.8375324993,i-0b6713cc15f74d360
2026-06-06T00:00:00Z,2026-06-07T00:00:00Z,True,1.6800559299,i-0b7a6731703dd8877
2026-06-06T00:00:00Z,2026-06-07T00:00:00Z,True,4.849306454,i-0b7af22afaa8ca2e2
2026-06-06T00:00:00Z,2026-06-07T00:00:00Z,True,0.980095019,i-0ba1d667f1287dbb5
2026-06-06T00:00:00Z,2026-06-07T00:00:00Z,True,1.7952383041,i-0bb7750862a766929
2026-06-06T00:00:00Z,2026-06-07T00:00:00Z,True,2.394763,i-0bbe071789199ce2c
2026-06-06T00:00:00Z,2026-06-07T00:00:00Z,True,3.1049564123,i-0bc2a5128425d69a9
2026-06-06T00:00:00Z,2026-06-07T00:00:00Z,True,0.6409824176,i-0c05cd3e124688a00
2026-06-06T00:00:00Z,2026-06-07T00:00:00Z,True,0.6965934256,i-0c095db9bbb58f242
2026-06-06T00:00:00Z,2026-06-07T00:00:00Z,True,0.2496,i-0c0d07d66b039cebe
2026-06-06T00:00:00Z,2026-06-07T00:00:00Z,True,0.6903834664,i-0c13fd32716cc91fc
2026-06-06T00:00:00Z,2026-06-07T00:00:00Z,True,0.6545174256,i-0c307a0f70f28460a
2026-06-06T00:00:00Z,2026-06-07T00:00:00Z,True,2.1028775,i-0c31a675c1ec615e6
2026-06-06T00:00:00Z,2026-06-07T00:00:00Z,True,1.5287945541,i-0c43c0e6b8feb2b1c
2026-06-06T00:00:00Z,2026-06-07T00:00:00Z,True,3.20247375,i-0c46351ea5d442a84
2026-06-06T00:00:00Z,2026-06-07T00:00:00Z,True,1.9361593377,i-0c489ae16fc9bda22
2026-06-06T00:00:00Z,2026-06-07T00:00:00Z,True,2.8053585336,i-0c51f3cf84270151a
2026-06-06T00:00:00Z,2026-06-07T00:00:00Z,True,2.399365,i-0c562ecc01fef0881
2026-06-06T00:00:00Z,2026-06-07T00:00:00Z,True,0.5612051004,i-0c673bc512e8ccbf6
2026-06-06T00:00:00Z,2026-06-07T00:00:00Z,True,1.6477559884,i-0c76ac9c2bf7ccd0f
2026-06-06T00:00:00Z,2026-06-07T00:00:00Z,True,5.1022689768,i-0c7bb67a4a520710e
2026-06-06T00:00:00Z,2026-06-07T00:00:00Z,True,2.399365,i-0c8ed08d8fb01d277
2026-06-06T00:00:00Z,2026-06-07T00:00:00Z,True,2.8053585336,i-0ca174b4ac84fb95e
2026-06-06T00:00:00Z,2026-06-07T00:00:00Z,True,1.5884481998,i-0ca9bb13d9acd2328
2026-06-06T00:00:00Z,2026-06-07T00:00:00Z,True,8.3638168996,i-0cb068d5f2b3e8ab0
2026-06-06T00:00:00Z,2026-06-07T00:00:00Z,True,0.2496,i-0cc9dcb0db2f9d205
2026-06-06T00:00:00Z,2026-06-07T00:00:00Z,True,0.6954237128,i-0ccf937a010a9fa72
2026-06-06T00:00:00Z,2026-06-07T00:00:00Z,True,0.675990038,i-0cd84947020557163
2026-06-06T00:00:00Z,2026-06-07T00:00:00Z,True,2.655796231,i-0cf4789dde15158ed
2026-06-06T00:00:00Z,2026-06-07T00:00:00Z,True,3.0666136004,i-0cf9286d469d7a7df
2026-06-06T00:00:00Z,2026-06-07T00:00:00Z,True,2.0024718582,i-0d18a06e54e4e8333
2026-06-06T00:00:00Z,2026-06-07T00:00:00Z,True,2.16352325,i-0d1a97fe7d25c5650
2026-06-06T00:00:00Z,2026-06-07T00:00:00Z,True,2.5922035336,i-0d3025247ac298954
2026-06-06T00:00:00Z,2026-06-07T00:00:00Z,True,0.6136794006,i-0d30418cd8836573d
2026-06-06T00:00:00Z,2026-06-07T00:00:00Z,True,0.6556829308,i-0d513ffc54f5d6c1b
2026-06-06T00:00:00Z,2026-06-07T00:00:00Z,True,2.883208788,i-0d6f2f5ddb2e1d8a4
2026-06-06T00:00:00Z,2026-06-07T00:00:00Z,True,1.790502,i-0d714cce1c552c23e
2026-06-06T00:00:00Z,2026-06-07T00:00:00Z,True,1.3671368465,i-0d7ef83e437d93526
2026-06-06T00:00:00Z,2026-06-07T00:00:00Z,True,0.560315,i-0d8af05b41e15fdcc
2026-06-06T00:00:00Z,2026-06-07T00:00:00Z,True,4.2219849884,i-0d8ff6f97d56c13d7
2026-06-06T00:00:00Z,2026-06-07T00:00:00Z,True,0.6965934256,i-0d901a3a095394591
2026-06-06T00:00:00Z,2026-06-07T00:00:00Z,True,1.7369765,i-0d93b52c2c781411c
2026-06-06T00:00:00Z,2026-06-07T00:00:00Z,True,0.6635044035,i-0da84987e648fa239
2026-06-06T00:00:00Z,2026-06-07T00:00:00Z,True,0.0077652224,i-0db26b68f03a4a787
2026-06-06T00:00:00Z,2026-06-07T00:00:00Z,True,2.0758909664,i-0dc426f2be509e71e
2026-06-06T00:00:00Z,2026-06-07T00:00:00Z,True,0.6556829308,i-0dd12aee59d977518
2026-06-06T00:00:00Z,2026-06-07T00:00:00Z,True,2.0794463918,i-0dd468a121cb3b395
2026-06-06T00:00:00Z,2026-06-07T00:00:00Z,True,1.5100715116,i-0ddee681afc809f50
2026-06-06T00:00:00Z,2026-06-07T00:00:00Z,True,8.001347393,i-0de9e3f8d3208cf03
2026-06-06T00:00:00Z,2026-06-07T00:00:00Z,True,2.0083933041,i-0dec4d6efce840fb1
2026-06-06T00:00:00Z,2026-06-07T00:00:00Z,True,0.71429175,i-0e05a7ab7c57bd58d
2026-06-06T00:00:00Z,2026-06-07T00:00:00Z,True,0.5612051004,i-0e08b0dc2cbce6f8d
2026-06-06T00:00:00Z,2026-06-07T00:00:00Z,True,1.7292106155,i-0e08bab1740905d39
2026-06-06T00:00:00Z,2026-06-07T00:00:00Z,True,0.7633984176,i-0e0d77f1471e370ab
2026-06-06T00:00:00Z,2026-06-07T00:00:00Z,True,0.7830056345,i-0e1520afa9a398e6b
2026-06-06T00:00:00Z,2026-06-07T00:00:00Z,True,1.30067,i-0e16234a95455aa4d
2026-06-06T00:00:00Z,2026-06-07T00:00:00Z,True,0.724147538,i-0e1e63aca56d2b8e8
2026-06-06T00:00:00Z,2026-06-07T00:00:00Z,True,4.540876,i-0e30d60d384c0c4ad
2026-06-06T00:00:00Z,2026-06-07T00:00:00Z,True,0.6919901044,i-0e4781d2cbe0c57e7
2026-06-06T00:00:00Z,2026-06-07T00:00:00Z,True,7.6726,i-0e550671a6071e0b5
2026-06-06T00:00:00Z,2026-06-07T00:00:00Z,True,0.6732730368,i-0e560627c133e8dad
2026-06-06T00:00:00Z,2026-06-07T00:00:00Z,True,0.620621,i-0e5d294f7245322a4
2026-06-06T00:00:00Z,2026-06-07T00:00:00Z,True,2.45337,i-0e66d15fad55e3400
2026-06-06T00:00:00Z,2026-06-07T00:00:00Z,True,8.0013126607,i-0e70fab85d559c615
2026-06-06T00:00:00Z,2026-06-07T00:00:00Z,True,0.5612051004,i-0e7abb84b198e84cd
2026-06-06T00:00:00Z,2026-06-07T00:00:00Z,True,0.675097519,i-0e7d77832fdedfa3a
2026-06-06T00:00:00Z,2026-06-07T00:00:00Z,True,0.0503822592,i-0e828c7ac4ff1804e
2026-06-06T00:00:00Z,2026-06-07T00:00:00Z,True,1.8405709299,i-0e843dc7030e0596f
2026-06-06T00:00:00Z,2026-06-07T00:00:00Z,True,2.7891915116,i-0e87ad2db12593330
2026-06-06T00:00:00Z,2026-06-07T00:00:00Z,True,1.2576145,i-0e91a6004ef23327a
2026-06-06T00:00:00Z,2026-06-07T00:00:00Z,True,0.5988465,i-0eabe4d209fe9d401
2026-06-06T00:00:00Z,2026-06-07T00:00:00Z,True,1.1178967912,i-0ec546decac2be08b
2026-06-06T00:00:00Z,2026-06-07T00:00:00Z,True,0.9205420652,i-0eca139e5ef7d9707
2026-06-06T00:00:00Z,2026-06-07T00:00:00Z,True,1.8949694634,i-0edd0ae9cfdb73acc
2026-06-06T00:00:00Z,2026-06-07T00:00:00Z,True,2.6673893465,i-0ee11718c3ac6b6ad
2026-06-06T00:00:00Z,2026-06-07T00:00:00Z,True,0.2882665664,i-0ee653e618725d748
2026-06-06T00:00:00Z,2026-06-07T00:00:00Z,True,0.930152481,i-0ef4310cb2687a8b6
2026-06-06T00:00:00Z,2026-06-07T00:00:00Z,True,2.2156268582,i-0efbe9c5e81a30368
2026-06-06T00:00:00Z,2026-06-07T00:00:00Z,True,1.894077,i-0f0649865af477618
2026-06-06T00:00:00Z,2026-06-07T00:00:00Z,True,0.6181495,i-0f187c5403e0d86dc
2026-06-06T00:00:00Z,2026-06-07T00:00:00Z,True,4.7301355965,i-0f29ece45c78b2c4f
2026-06-06T00:00:00Z,2026-06-07T00:00:00Z,True,0.5612051004,i-0f4618320d91121c9
2026-06-06T00:00:00Z,2026-06-07T00:00:00Z,True,2.003657,i-0f4754dc2d310c3f9
2026-06-06T00:00:00Z,2026-06-07T00:00:00Z,True,2.4450275232,i-0f49f09bcd8a84ae0
2026-06-06T00:00:00Z,2026-06-07T00:00:00Z,True,2.3219577558,i-0f56e8ca11d8ac942
2026-06-06T00:00:00Z,2026-06-07T00:00:00Z,True,50.8861361893,i-0f5fb7f4318358cf5
2026-06-06T00:00:00Z,2026-06-07T00:00:00Z,True,0.65012625,i-0f6d144b3a2d835e0
2026-06-06T00:00:00Z,2026-06-07T00:00:00Z,True,2.601397519,i-0f73189f0afcd29eb
2026-06-06T00:00:00Z,2026-06-07T00:00:00Z,True,0.9322360146,i-0f7d472af513d16b6
2026-06-06T00:00:00Z,2026-06-07T00:00:00Z,True,2.5922035336,i-0f825d0ca994f0bda
2026-06-06T00:00:00Z,2026-06-07T00:00:00Z,True,1.6302509006,i-0f90566246dadc379
2026-06-06T00:00:00Z,2026-06-07T00:00:00Z,True,1.7870680701,i-0f9d991187c251164
2026-06-06T00:00:00Z,2026-06-07T00:00:00Z,True,2.655796231,i-0f9ed8a70695be0da
2026-06-06T00:00:00Z,2026-06-07T00:00:00Z,True,3.3808256768,i-0fa28729e0e02d8e0
2026-06-06T00:00:00Z,2026-06-07T00:00:00Z,True,1.813039981,i-0fa3915d5399889de
2026-06-06T00:00:00Z,2026-06-07T00:00:00Z,True,3.2756207008,i-0fa63e2b76c299618
2026-06-06T00:00:00Z,2026-06-07T00:00:00Z,True,2.80298825,i-0fd15ee8b9b45e26d
2026-06-06T00:00:00Z,2026-06-07T00:00:00Z,True,1.7870680701,i-0fd5b903ee8854c3d
2026-06-06T00:00:00Z,2026-06-07T00:00:00Z,True,0.5903756345,i-0fdb7cc90078379a9
2026-06-06T00:00:00Z,2026-06-07T00:00:00Z,True,0.2016,i-0fec5d1a28b6d27aa
2026-06-07T00:00:00Z,2026-06-08T00:00:00Z,True,0.0,arn:aws:ec2:ap-south-1:108782052779:natgateway/nat-01dc061291fc51e75
2026-06-07T00:00:00Z,2026-06-08T00:00:00Z,True,0.0,arn:aws:ec2:ap-south-1:108782052779:natgateway/nat-05f85018216cac061
2026-06-07T00:00:00Z,2026-06-08T00:00:00Z,True,3.4e-09,arn:aws:ec2:eu-central-1:108782052779:natgateway/nat-0a2bfbfedf38f8e87
2026-06-07T00:00:00Z,2026-06-08T00:00:00Z,True,3.4e-09,arn:aws:ec2:eu-central-1:108782052779:natgateway/nat-0ec6ae9605269bef4
2026-06-07T00:00:00Z,2026-06-08T00:00:00Z,True,0.0,arn:aws:ec2:us-east-1:108782052779:natgateway/nat-089a96601cfd34f9d
2026-06-07T00:00:00Z,2026-06-08T00:00:00Z,True,0.0,arn:aws:ec2:us-west-2:108782052779:natgateway/nat-00246c8ef3b9087f1
2026-06-07T00:00:00Z,2026-06-08T00:00:00Z,True,0.0,arn:aws:ec2:us-west-2:108782052779:natgateway/nat-00ac08b685fea726f
2026-06-07T00:00:00Z,2026-06-08T00:00:00Z,True,1.17518e-05,arn:aws:ec2:us-west-2:108782052779:natgateway/nat-00f3c26e43ede9b10
2026-06-07T00:00:00Z,2026-06-08T00:00:00Z,True,0.0,arn:aws:ec2:us-west-2:108782052779:natgateway/nat-0234e77781575cced
2026-06-07T00:00:00Z,2026-06-08T00:00:00Z,True,0.0012159953,arn:aws:ec2:us-west-2:171675361862:natgateway/nat-01432c586ef9dbf51
2026-06-07T00:00:00Z,2026-06-08T00:00:00Z,True,0.0995723784,i-0007daa040e97734a
2026-06-07T00:00:00Z,2026-06-08T00:00:00Z,True,1.0141381859,i-001783ac560712434
2026-06-07T00:00:00Z,2026-06-08T00:00:00Z,True,0.9715026893,i-00259325f90891a86
2026-06-07T00:00:00Z,2026-06-08T00:00:00Z,True,1.425765754,i-004607c9e76825c5d
2026-06-07T00:00:00Z,2026-06-08T00:00:00Z,True,1.2035625,i-005b99dac9e42e12a
2026-06-07T00:00:00Z,2026-06-08T00:00:00Z,True,5.732525754,i-008156274b1c276e4
2026-06-07T00:00:00Z,2026-06-08T00:00:00Z,True,2.0268849678,i-008a8767260687aca
2026-06-07T00:00:00Z,2026-06-08T00:00:00Z,True,5.6564775,i-00a9d25e0fa9f9a39
2026-06-07T00:00:00Z,2026-06-08T00:00:00Z,True,4.1631856552,i-00b5ee7b79d813ca7
2026-06-07T00:00:00Z,2026-06-08T00:00:00Z,True,1.2834038107,i-00c4b82cafcc4e6d5
2026-06-07T00:00:00Z,2026-06-08T00:00:00Z,True,2.4106907545,i-00f36b249fff97c27
2026-06-07T00:00:00Z,2026-06-08T00:00:00Z,True,1.06715875,i-0139a8cd4cb52b804
2026-06-07T00:00:00Z,2026-06-08T00:00:00Z,True,1.1751775024,i-014657416050587ee
2026-06-07T00:00:00Z,2026-06-08T00:00:00Z,True,5.7753518546,i-014e071df631ae7a3
2026-06-07T00:00:00Z,2026-06-08T00:00:00Z,True,2.0268849678,i-018a3a842fcdce249
2026-06-07T00:00:00Z,2026-06-08T00:00:00Z,True,6.586606509,i-01b5a0bf1f6fa4a57
2026-06-07T00:00:00Z,2026-06-08T00:00:00Z,True,3.030288561,i-01c0fa5fdc19ef523
2026-06-07T00:00:00Z,2026-06-08T00:00:00Z,True,3.9936,i-01db42c813d037c0e
2026-06-07T00:00:00Z,2026-06-08T00:00:00Z,True,11.5274552365,i-0201dd0703b0e31a8
2026-06-07T00:00:00Z,2026-06-08T00:00:00Z,True,2.0259925322,i-020c9465bbc2f507e
2026-06-07T00:00:00Z,2026-06-08T00:00:00Z,True,1.0345208141,i-0230b71c5b0b1af74
2026-06-07T00:00:00Z,2026-06-08T00:00:00Z,True,7.195519268,i-023cf97a746cef4c9
2026-06-07T00:00:00Z,2026-06-08T00:00:00Z,True,1.1244624356,i-0246951920c60f1cf
2026-06-07T00:00:00Z,2026-06-08T00:00:00Z,True,5.654108384,i-02554a54434822339
2026-06-07T00:00:00Z,2026-06-08T00:00:00Z,True,3.355059246,i-02558c6d925f6d353
2026-06-07T00:00:00Z,2026-06-08T00:00:00Z,True,1.1670923707,i-0257a6fe2b31f34ab
2026-06-07T00:00:00Z,2026-06-08T00:00:00Z,True,1.0145582545,i-025c696cd31ae6b74
2026-06-07T00:00:00Z,2026-06-08T00:00:00Z,True,0.985136768,i-02703b0cd91aa87e4
2026-06-07T00:00:00Z,2026-06-08T00:00:00Z,True,0.8541171093,i-028f4af087e471ead
2026-06-07T00:00:00Z,2026-06-08T00:00:00Z,True,0.5165825068,i-029712aafaca4c3b9
2026-06-07T00:00:00Z,2026-06-08T00:00:00Z,True,0.630300754,i-0297b7c1fbe228c84
2026-06-07T00:00:00Z,2026-06-08T00:00:00Z,True,1.4529645,i-02afbc5dbd4ed8d37
2026-06-07T00:00:00Z,2026-06-08T00:00:00Z,True,1.147218016,i-02de792f5a138a07d
2026-06-07T00:00:00Z,2026-06-08T00:00:00Z,True,0.8221818953,i-02dfe627dc162c66a
2026-06-07T00:00:00Z,2026-06-08T00:00:00Z,True,1.5929474055,i-02e8ec4b7570a3b12
2026-06-07T00:00:00Z,2026-06-08T00:00:00Z,True,7.846335259,i-0330e0a3595206e77
2026-06-07T00:00:00Z,2026-06-08T00:00:00Z,True,7.2299010397,i-0344c2acfc41e3dd9
2026-06-07T00:00:00Z,2026-06-08T00:00:00Z,True,6.6045474888,i-03684bea94775809a
2026-06-07T00:00:00Z,2026-06-08T00:00:00Z,True,2.7307485135,i-037d33f7cae86e8a0
2026-06-07T00:00:00Z,2026-06-08T00:00:00Z,True,0.9697969369,i-0398ce71814515dcd
2026-06-07T00:00:00Z,2026-06-08T00:00:00Z,True,1.50044125,i-03c5c2efd03a72ceb
2026-06-07T00:00:00Z,2026-06-08T00:00:00Z,True,7.195519268,i-03dc0d5e1db4e8971
2026-06-07T00:00:00Z,2026-06-08T00:00:00Z,True,17.924298016,i-03ea03b9a3d20bf24
2026-06-07T00:00:00Z,2026-06-08T00:00:00Z,True,1.5271860135,i-03ffd410c0a0b1402
2026-06-07T00:00:00Z,2026-06-08T00:00:00Z,True,1.097469268,i-040ad8f379da040a3
2026-06-07T00:00:00Z,2026-06-08T00:00:00Z,True,5.9259854955,i-040cc6f2a43915656
2026-06-07T00:00:00Z,2026-06-08T00:00:00Z,True,1.4757553834,i-043797f5bb63e079b
2026-06-07T00:00:00Z,2026-06-08T00:00:00Z,True,1.942171,i-0467b2bd8229e7a52
2026-06-07T00:00:00Z,2026-06-08T00:00:00Z,True,2.830106984,i-04880983ce667c825
2026-06-07T00:00:00Z,2026-06-08T00:00:00Z,True,1.280242262,i-048cdad2f0c5246d2
2026-06-07T00:00:00Z,2026-06-08T00:00:00Z,True,6.144408018,i-04a5f753611239f3f
2026-06-07T00:00:00Z,2026-06-08T00:00:00Z,True,5.6564775,i-04aee199a81e53e71
2026-06-07T00:00:00Z,2026-06-08T00:00:00Z,True,1.02007675,i-04b31226e93091459
2026-06-07T00:00:00Z,2026-06-08T00:00:00Z,True,0.1248007011,i-04d3a8c6aae87f818
2026-06-07T00:00:00Z,2026-06-08T00:00:00Z,True,2.6424872635,i-050181b1efb2cf468
2026-06-07T00:00:00Z,2026-06-08T00:00:00Z,True,1.0163427365,i-051798b3dd07c10e2
2026-06-07T00:00:00Z,2026-06-08T00:00:00Z,True,1.094546984,i-0525885af3d28c9ff
2026-06-07T00:00:00Z,2026-06-08T00:00:00Z,True,5.118295,i-0526a5171601adfea
2026-06-07T00:00:00Z,2026-06-08T00:00:00Z,True,4.211233492,i-05340b52efee5d2bf
2026-06-07T00:00:00Z,2026-06-08T00:00:00Z,True,50.8032068369,i-05374380b57fad901
2026-06-07T00:00:00Z,2026-06-08T00:00:00Z,True,0.9130628547,i-0559e478640d6e350
2026-06-07T00:00:00Z,2026-06-08T00:00:00Z,True,0.609805,i-055abe0d8d0448db6
2026-06-07T00:00:00Z,2026-06-08T00:00:00Z,True,1.362379246,i-05654c71be48a956c
2026-06-07T00:00:00Z,2026-06-08T00:00:00Z,True,1.1220046688,i-056d3c7aa6156d5f8
2026-06-07T00:00:00Z,2026-06-08T00:00:00Z,True,1.0387679594,i-05a41d90ae92f383e
2026-06-07T00:00:00Z,2026-06-08T00:00:00Z,True,1.942171,i-05ab0107053542ec0
2026-06-07T00:00:00Z,2026-06-08T00:00:00Z,True,6.723010259,i-05ba34ad8c0b7727d
2026-06-07T00:00:00Z,2026-06-08T00:00:00Z,True,8.0019198316,i-05d2f91400f87bdb2
2026-06-07T00:00:00Z,2026-06-08T00:00:00Z,True,1.499549009,i-05dca013b9d86a363
2026-06-07T00:00:00Z,2026-06-08T00:00:00Z,True,7.7300666824,i-05de16a24310099c5
2026-06-07T00:00:00Z,2026-06-08T00:00:00Z,True,4.1620113276,i-05f53948450db2ed1
2026-06-07T00:00:00Z,2026-06-08T00:00:00Z,True,1.0209296262,i-060519b04981b5a64
2026-06-07T00:00:00Z,2026-06-08T00:00:00Z,True,10.4344407545,i-060ced269794d7f6f
2026-06-07T00:00:00Z,2026-06-08T00:00:00Z,True,7.124153384,i-0617e8145ae810753
2026-06-07T00:00:00Z,2026-06-08T00:00:00Z,True,1.5271860135,i-062f51107aee2e453
2026-06-07T00:00:00Z,2026-06-08T00:00:00Z,True,1.3207551688,i-06424b086106abbbd
2026-06-07T00:00:00Z,2026-06-08T00:00:00Z,True,1.2149724709,i-064f2be62adc086c2
2026-06-07T00:00:00Z,2026-06-08T00:00:00Z,True,1.0457610135,i-065fde3998306fe60
2026-06-07T00:00:00Z,2026-06-08T00:00:00Z,True,3.5987818448,i-06743f995c6f59adb
2026-06-07T00:00:00Z,2026-06-08T00:00:00Z,True,2.1705402592,i-067de74d23a36bb84
2026-06-07T00:00:00Z,2026-06-08T00:00:00Z,True,7.219203147,i-068f3aad2bedb9fa6
2026-06-07T00:00:00Z,2026-06-08T00:00:00Z,True,2.0268849678,i-07197a22709d828fe
2026-06-07T00:00:00Z,2026-06-08T00:00:00Z,True,2.3296557729,i-072663bdcc67c4575
2026-06-07T00:00:00Z,2026-06-08T00:00:00Z,True,1.041303018,i-0730d036b6eaf9481
2026-06-07T00:00:00Z,2026-06-08T00:00:00Z,True,0.14962975,i-073258ad62bfa1ec5
2026-06-07T00:00:00Z,2026-06-08T00:00:00Z,True,4.111242738,i-073f3e5c30dc2b1ab
2026-06-07T00:00:00Z,2026-06-08T00:00:00Z,True,4.727257262,i-0741444c3647e4e6f
2026-06-07T00:00:00Z,2026-06-08T00:00:00Z,True,4.477652,i-0746dfd7171a15954
2026-06-07T00:00:00Z,2026-06-08T00:00:00Z,True,4.118155,i-076520c795d2055da
2026-06-07T00:00:00Z,2026-06-08T00:00:00Z,True,7.5155802365,i-0768d4e8d2071d302
2026-06-07T00:00:00Z,2026-06-08T00:00:00Z,True,1.2024449976,i-07761dfa9d998a505
2026-06-07T00:00:00Z,2026-06-08T00:00:00Z,True,2.856455,i-078d2c56d9433ddf9
2026-06-07T00:00:00Z,2026-06-08T00:00:00Z,True,14.2560595775,i-07943c205ca7359a0
2026-06-07T00:00:00Z,2026-06-08T00:00:00Z,True,7.9878022793,i-07df3a933e4839f52
2026-06-07T00:00:00Z,2026-06-08T00:00:00Z,True,5.733419246,i-07efb38e8b25bcee1
2026-06-07T00:00:00Z,2026-06-08T00:00:00Z,True,6.3039939865,i-0808da8af51707ace
2026-06-07T00:00:00Z,2026-06-08T00:00:00Z,True,7.4094870045,i-08249f085fb798942
2026-06-07T00:00:00Z,2026-06-08T00:00:00Z,True,2.0268849678,i-0826e7f74cbeff4e5
2026-06-07T00:00:00Z,2026-06-08T00:00:00Z,True,4.1268068448,i-0829b289cb0fa4bad
2026-06-07T00:00:00Z,2026-06-08T00:00:00Z,True,0.8970711288,i-08373fb0600c82c78
2026-06-07T00:00:00Z,2026-06-08T00:00:00Z,True,1.3437350069,i-084e13a8f669156bc
2026-06-07T00:00:00Z,2026-06-08T00:00:00Z,True,3.9132524138,i-0853c3ffd7ca66807
2026-06-07T00:00:00Z,2026-06-08T00:00:00Z,True,4.0223761724,i-08764007aaa22d811
2026-06-07T00:00:00Z,2026-06-08T00:00:00Z,True,2.37503,i-08799908168ad0e73
2026-06-07T00:00:00Z,2026-06-08T00:00:00Z,True,21.3376788804,i-08970a219d8801758
2026-06-07T00:00:00Z,2026-06-08T00:00:00Z,True,0.8979635644,i-089cf0743bc3dc060
2026-06-07T00:00:00Z,2026-06-08T00:00:00Z,True,5.5078582545,i-08ae511d2be7c7ae3
2026-06-07T00:00:00Z,2026-06-08T00:00:00Z,True,7.302504741,i-08b37c8349724c9f6
2026-06-07T00:00:00Z,2026-06-08T00:00:00Z,True,4.5681872635,i-090cc28a870f3a286
2026-06-07T00:00:00Z,2026-06-08T00:00:00Z,True,7.2194776101,i-09126000eb19643b0
2026-06-07T00:00:00Z,2026-06-08T00:00:00Z,True,0.8951336681,i-091d64c9376aba674
2026-06-07T00:00:00Z,2026-06-08T00:00:00Z,True,0.9495908028,i-093397607d3b6dd28
2026-06-07T00:00:00Z,2026-06-08T00:00:00Z,True,0.6145930986,i-094624c1738a3cd25
2026-06-07T00:00:00Z,2026-06-08T00:00:00Z,True,2.0197944444,i-094979c0ac289ac22
2026-06-07T00:00:00Z,2026-06-08T00:00:00Z,True,1.3264236017,i-0995cfe0c00d315c5
2026-06-07T00:00:00Z,2026-06-08T00:00:00Z,True,4.2335861724,i-09bc60b80572e139c
2026-06-07T00:00:00Z,2026-06-08T00:00:00Z,True,4.5844313276,i-09c0f2db43cae3457
2026-06-07T00:00:00Z,2026-06-08T00:00:00Z,True,2.0268849678,i-09e5e4bef9a577058
2026-06-07T00:00:00Z,2026-06-08T00:00:00Z,True,0.1097415533,i-09f4779e2a3d0393e
2026-06-07T00:00:00Z,2026-06-08T00:00:00Z,True,0.4992,i-09f66b3f11ea42c60
2026-06-07T00:00:00Z,2026-06-08T00:00:00Z,True,4.4436218448,i-09f77dd817f26ac28
2026-06-07T00:00:00Z,2026-06-08T00:00:00Z,True,3.853184482,i-0a01240e82d774f7f
2026-06-07T00:00:00Z,2026-06-08T00:00:00Z,True,21.5821949294,i-0a07d784c2548f675
2026-06-07T00:00:00Z,2026-06-08T00:00:00Z,True,3.9531457586,i-0a08eddcedea5469f
2026-06-07T00:00:00Z,2026-06-08T00:00:00Z,True,5.438693529,i-0a2592e37ca03ab49
2026-06-07T00:00:00Z,2026-06-08T00:00:00Z,True,1.0387679594,i-0a27ce00daa0f730f
2026-06-07T00:00:00Z,2026-06-08T00:00:00Z,True,1.2961253953,i-0a2b27b5d39a8e1ac
2026-06-07T00:00:00Z,2026-06-08T00:00:00Z,True,4.7592667414,i-0a32394ac17804527
2026-06-07T00:00:00Z,2026-06-08T00:00:00Z,True,5.502188016,i-0a3703318fb2482a2
2026-06-07T00:00:00Z,2026-06-08T00:00:00Z,True,1.4325374976,i-0a51de799af69adad
2026-06-07T00:00:00Z,2026-06-08T00:00:00Z,True,1.0249005068,i-0a6f3fe8a8fea2263
2026-06-07T00:00:00Z,2026-06-08T00:00:00Z,True,7.2192042391,i-0a70e6af119b993f3
2026-06-07T00:00:00Z,2026-06-08T00:00:00Z,True,2.08601475,i-0a7193f2512cab8c2
2026-06-07T00:00:00Z,2026-06-08T00:00:00Z,True,0.9508954774,i-0a7e7b78e94db1d24
2026-06-07T00:00:00Z,2026-06-08T00:00:00Z,True,19.129512241,i-0a9108c8caf7e3b6b
2026-06-07T00:00:00Z,2026-06-08T00:00:00Z,True,0.1728918705,i-0aa0e7256a6e93fe5
2026-06-07T00:00:00Z,2026-06-08T00:00:00Z,True,0.2496,i-0ab7116abc8229a16
2026-06-07T00:00:00Z,2026-06-08T00:00:00Z,True,17.227933492,i-0abb6e7fd80b82715
2026-06-07T00:00:00Z,2026-06-08T00:00:00Z,True,5.9830439865,i-0abf165d0c6833383
2026-06-07T00:00:00Z,2026-06-08T00:00:00Z,True,4.1948671552,i-0acef443c9c0cff1a
2026-06-07T00:00:00Z,2026-06-08T00:00:00Z,True,2.215447241,i-0ad55a6412b725415
2026-06-07T00:00:00Z,2026-06-08T00:00:00Z,True,0.801713016,i-0add6fca0bcf5de35
2026-06-07T00:00:00Z,2026-06-08T00:00:00Z,True,3.017822241,i-0ae1c575cc3ba6b17
2026-06-07T00:00:00Z,2026-06-08T00:00:00Z,True,2.88052625,i-0af1cfd086d2a9ab4
2026-06-07T00:00:00Z,2026-06-08T00:00:00Z,True,7.4085947635,i-0afbfae7a0cb6fc28
2026-06-07T00:00:00Z,2026-06-08T00:00:00Z,True,7.4094870045,i-0b03ad5760ea163d9
2026-06-07T00:00:00Z,2026-06-08T00:00:00Z,True,1.2311995045,i-0b06c638f3f68f8a8
2026-06-07T00:00:00Z,2026-06-08T00:00:00Z,True,2.0259925322,i-0b0879924b5a307da
2026-06-07T00:00:00Z,2026-06-08T00:00:00Z,True,1.1990757186,i-0b34dae412efde22e
2026-06-07T00:00:00Z,2026-06-08T00:00:00Z,True,0.5566284243,i-0b47cc938bff23c21
2026-06-07T00:00:00Z,2026-06-08T00:00:00Z,True,5.39998375,i-0b59227318fb92b58
2026-06-07T00:00:00Z,2026-06-08T00:00:00Z,True,1.5271860135,i-0b5c3ccc0fb26590e
2026-06-07T00:00:00Z,2026-06-08T00:00:00Z,True,8.0018192231,i-0b6713cc15f74d360
2026-06-07T00:00:00Z,2026-06-08T00:00:00Z,True,1.5121878486,i-0b8304681a40fe7ca
2026-06-07T00:00:00Z,2026-06-08T00:00:00Z,True,5.118295,i-0b90ee76ad7b7c53a
2026-06-07T00:00:00Z,2026-06-08T00:00:00Z,True,0.5161935135,i-0b97201436eb66b08
2026-06-07T00:00:00Z,2026-06-08T00:00:00Z,True,3.1686038445,i-0b98708173104cbc0
2026-06-07T00:00:00Z,2026-06-08T00:00:00Z,True,3.2308977365,i-0b99d9b1e073ec1e0
2026-06-07T00:00:00Z,2026-06-08T00:00:00Z,True,6.836535884,i-0b9fee33b337ab9fc
2026-06-07T00:00:00Z,2026-06-08T00:00:00Z,True,4.110349246,i-0bbd386703da34897
2026-06-07T00:00:00Z,2026-06-08T00:00:00Z,True,0.9006408712,i-0bdcfef5997fc3343
2026-06-07T00:00:00Z,2026-06-08T00:00:00Z,True,0.563446982,i-0be454372b3541923
2026-06-07T00:00:00Z,2026-06-08T00:00:00Z,True,0.2496,i-0c0d07d66b039cebe
2026-06-07T00:00:00Z,2026-06-08T00:00:00Z,True,0.9697969369,i-0c1a81925a2843bb8
2026-06-07T00:00:00Z,2026-06-08T00:00:00Z,True,0.9068815,i-0c32db4338034e772
2026-06-07T00:00:00Z,2026-06-08T00:00:00Z,True,7.049585884,i-0c404f5bf8f536b2b
2026-06-07T00:00:00Z,2026-06-08T00:00:00Z,True,1.8006458953,i-0c4eea5853e00efd0
2026-06-07T00:00:00Z,2026-06-08T00:00:00Z,True,0.2496,i-0cc9dcb0db2f9d205
2026-06-07T00:00:00Z,2026-06-08T00:00:00Z,True,4.789067895,i-0cfe927f7ac8427fb
2026-06-07T00:00:00Z,2026-06-08T00:00:00Z,True,2.1094293704,i-0d1cad8baeb3cce37
2026-06-07T00:00:00Z,2026-06-08T00:00:00Z,True,0.602625,i-0d2c4a99bb21cad0f
2026-06-07T00:00:00Z,2026-06-08T00:00:00Z,True,5.229891508,i-0d47564037adc138a
2026-06-07T00:00:00Z,2026-06-08T00:00:00Z,True,0.1542897408,i-0d552e1e480ada213
2026-06-07T00:00:00Z,2026-06-08T00:00:00Z,True,1.102581984,i-0d5dff733fe05ca40
2026-06-07T00:00:00Z,2026-06-08T00:00:00Z,True,4.6865133448,i-0da2377776e85b5d6
2026-06-07T00:00:00Z,2026-06-08T00:00:00Z,True,0.8772622635,i-0db1b29a8801e1870
2026-06-07T00:00:00Z,2026-06-08T00:00:00Z,True,4.1444754107,i-0db26b68f03a4a787
2026-06-07T00:00:00Z,2026-06-08T00:00:00Z,True,1.2111886047,i-0dbee2cfa5b524ed0
2026-06-07T00:00:00Z,2026-06-08T00:00:00Z,True,1.6101002365,i-0dce559596c96fa25
2026-06-07T00:00:00Z,2026-06-08T00:00:00Z,True,1.06715875,i-0de9be84c77c09e7a
2026-06-07T00:00:00Z,2026-06-08T00:00:00Z,True,8.0019169891,i-0de9e3f8d3208cf03
2026-06-07T00:00:00Z,2026-06-08T00:00:00Z,True,3.498355,i-0dea49e77913e9c3d
2026-06-07T00:00:00Z,2026-06-08T00:00:00Z,True,1.8886665966,i-0df4b34533ecfa5cb
2026-06-07T00:00:00Z,2026-06-08T00:00:00Z,True,2.8029622635,i-0e0297fdbc1ff23c6
2026-06-07T00:00:00Z,2026-06-08T00:00:00Z,True,0.594649741,i-0e3c8b3c1787aeb7c
2026-06-07T00:00:00Z,2026-06-08T00:00:00Z,True,1.1231919369,i-0e4ee9b9818328755
2026-06-07T00:00:00Z,2026-06-08T00:00:00Z,True,21.2587854888,i-0e550671a6071e0b5
2026-06-07T00:00:00Z,2026-06-08T00:00:00Z,True,8.001901119,i-0e70fab85d559c615
2026-06-07T00:00:00Z,2026-06-08T00:00:00Z,True,0.89759475,i-0eb2eb78eb043c11f
2026-06-07T00:00:00Z,2026-06-08T00:00:00Z,True,3.355059246,i-0ec829ef54cc22160
2026-06-07T00:00:00Z,2026-06-08T00:00:00Z,True,17.817165754,i-0ed80d0a2ee6f563d
2026-06-07T00:00:00Z,2026-06-08T00:00:00Z,True,4.912955754,i-0edc71588d43b3c1d
2026-06-07T00:00:00Z,2026-06-08T00:00:00Z,True,6.144097738,i-0f1d70f5fe982889b
2026-06-07T00:00:00Z,2026-06-08T00:00:00Z,True,3.4712385556,i-0f26c13c0b60e9527
2026-06-07T00:00:00Z,2026-06-08T00:00:00Z,True,6.68378375,i-0f324b3903ad81c02
2026-06-07T00:00:00Z,2026-06-08T00:00:00Z,True,16.585133492,i-0f43992c882f89c9e
2026-06-07T00:00:00Z,2026-06-08T00:00:00Z,True,1.3708678141,i-0f47a6082b6f0e665
2026-06-07T00:00:00Z,2026-06-08T00:00:00Z,True,3.2308977365,i-0f56f0c650e39e6b6
2026-06-07T00:00:00Z,2026-06-08T00:00:00Z,True,3.6884449055,i-0f58bae03c75ccdaa
2026-06-07T00:00:00Z,2026-06-08T00:00:00Z,True,8.6863091079,i-0f5fb7f4318358cf5
2026-06-07T00:00:00Z,2026-06-08T00:00:00Z,True,1.3085280069,i-0f6841aff376764a7
2026-06-07T00:00:00Z,2026-06-08T00:00:00Z,True,3.7419357586,i-0f69c3274bf3300a4
2026-06-07T00:00:00Z,2026-06-08T00:00:00Z,True,3.3955179908,i-0f92972d417a09d83
2026-06-07T00:00:00Z,2026-06-08T00:00:00Z,True,1.8877773712,i-0fd7fc7ed981f17a9
2026-06-07T00:00:00Z,2026-06-08T00:00:00Z,True,1.4410234678,i-0fe66cc035364e73f
2026-06-07T00:00:00Z,2026-06-08T00:00:00Z,True,0.2016,i-0fec5d1a28b6d27aa
2026-06-07T00:00:00Z,2026-06-08T00:00:00Z,True,7.977537942,i-0ff792a4267ef2a3c
2026-06-07T00:00:00Z,2026-06-08T00:00:00Z,True,3.3348844954,i-0ff87c2814c008d89
2026-06-07T00:00:00Z,2026-06-08T00:00:00Z,True,7.300511913,i-0ff9202a941668440
2026-06-07T00:00:00Z,2026-06-08T00:00:00Z,True,1.8645900966,i-0ffb103af08d42dac
2026-06-08T00:00:00Z,2026-06-09T00:00:00Z,True,0.0,arn:aws:ec2:ap-south-1:108782052779:natgateway/nat-01dc061291fc51e75
2026-06-08T00:00:00Z,2026-06-09T00:00:00Z,True,0.0,arn:aws:ec2:ap-south-1:108782052779:natgateway/nat-05f85018216cac061
2026-06-08T00:00:00Z,2026-06-09T00:00:00Z,True,1.078e-07,arn:aws:ec2:eu-central-1:108782052779:natgateway/nat-0a2bfbfedf38f8e87
2026-06-08T00:00:00Z,2026-06-09T00:00:00Z,True,5.231e-07,arn:aws:ec2:eu-central-1:108782052779:natgateway/nat-0ec6ae9605269bef4
2026-06-08T00:00:00Z,2026-06-09T00:00:00Z,True,5.4e-08,arn:aws:ec2:us-east-1:108782052779:natgateway/nat-089a96601cfd34f9d
2026-06-08T00:00:00Z,2026-06-09T00:00:00Z,True,2.419e-07,arn:aws:ec2:us-west-2:108782052779:natgateway/nat-00246c8ef3b9087f1
2026-06-08T00:00:00Z,2026-06-09T00:00:00Z,True,0.000354762,arn:aws:ec2:us-west-2:108782052779:natgateway/nat-00ac08b685fea726f
2026-06-08T00:00:00Z,2026-06-09T00:00:00Z,True,0.0005268612,arn:aws:ec2:us-west-2:108782052779:natgateway/nat-00f3c26e43ede9b10
2026-06-08T00:00:00Z,2026-06-09T00:00:00Z,True,0.0003484322,arn:aws:ec2:us-west-2:108782052779:natgateway/nat-0234e77781575cced
2026-06-08T00:00:00Z,2026-06-09T00:00:00Z,True,0.0012810353,arn:aws:ec2:us-west-2:171675361862:natgateway/nat-01432c586ef9dbf51
2026-06-08T00:00:00Z,2026-06-09T00:00:00Z,True,0.9026913546,i-0031d25c01b114208
2026-06-08T00:00:00Z,2026-06-09T00:00:00Z,True,1.9655223546,i-006b12d4e7a8ef347
2026-06-08T00:00:00Z,2026-06-09T00:00:00Z,True,0.7282356977,i-00d478b91e870fc0e
2026-06-08T00:00:00Z,2026-06-09T00:00:00Z,True,1.9127383023,i-00f5fadd19d6235af
2026-06-08T00:00:00Z,2026-06-09T00:00:00Z,True,2.1426608546,i-0123adb259751921f
2026-06-08T00:00:00Z,2026-06-09T00:00:00Z,True,0.934003,i-014987823096f8141
2026-06-08T00:00:00Z,2026-06-09T00:00:00Z,True,0.2618169319,i-0164db62659ef1a5e
2026-06-08T00:00:00Z,2026-06-09T00:00:00Z,True,1.8590588954,i-0167d47cc38e3965a
2026-06-08T00:00:00Z,2026-06-09T00:00:00Z,True,0.6083548023,i-01a61ab0bfed1acd3
2026-06-08T00:00:00Z,2026-06-09T00:00:00Z,True,1.6157189069,i-01ce66faa72c3831d
2026-06-08T00:00:00Z,2026-06-09T00:00:00Z,True,3.9936,i-01db42c813d037c0e
2026-06-08T00:00:00Z,2026-06-09T00:00:00Z,True,0.1236011882,i-01dde42f7b15dfc0f
2026-06-08T00:00:00Z,2026-06-09T00:00:00Z,True,0.1350249532,i-02acfeda2c1200822
2026-06-08T00:00:00Z,2026-06-09T00:00:00Z,True,1.1048804592,i-02c165b6596f1760b
2026-06-08T00:00:00Z,2026-06-09T00:00:00Z,True,0.0809859108,i-02f841c5aab74af02
2026-06-08T00:00:00Z,2026-06-09T00:00:00Z,True,1.4515214328,i-036e395de62022548
2026-06-08T00:00:00Z,2026-06-09T00:00:00Z,True,0.8307650793,i-03f1d350eeb3df6b2
2026-06-08T00:00:00Z,2026-06-09T00:00:00Z,True,23.0861135997,i-043ad00ae9ed027b1
2026-06-08T00:00:00Z,2026-06-09T00:00:00Z,True,0.8534855,i-043f90a5823595133
2026-06-08T00:00:00Z,2026-06-09T00:00:00Z,True,0.4141479452,i-044affd201960d045
2026-06-08T00:00:00Z,2026-06-09T00:00:00Z,True,1.0529885408,i-04566df0bf336be35
2026-06-08T00:00:00Z,2026-06-09T00:00:00Z,True,1.1048804592,i-04828da90c22b62cc
2026-06-08T00:00:00Z,2026-06-09T00:00:00Z,True,0.7531724328,i-04c0787dc65b25ebd
2026-06-08T00:00:00Z,2026-06-09T00:00:00Z,True,1.4464599207,i-04cd6e5ed967a0788
2026-06-08T00:00:00Z,2026-06-09T00:00:00Z,True,0.12488066,i-04d3a8c6aae87f818
2026-06-08T00:00:00Z,2026-06-09T00:00:00Z,True,50.8032343295,i-05374380b57fad901
2026-06-08T00:00:00Z,2026-06-09T00:00:00Z,True,0.0419743193,i-05657d560f8b90ac0
2026-06-08T00:00:00Z,2026-06-09T00:00:00Z,True,1.5289,i-056d33971ea8b4dfa
2026-06-08T00:00:00Z,2026-06-09T00:00:00Z,True,0.6083548023,i-05820f67b4f401339
2026-06-08T00:00:00Z,2026-06-09T00:00:00Z,True,1.8590588954,i-058594f97df7e6234
2026-06-08T00:00:00Z,2026-06-09T00:00:00Z,True,0.2783147647,i-05aead71efb0c738c
2026-06-08T00:00:00Z,2026-06-09T00:00:00Z,True,8.0025426796,i-05d2f91400f87bdb2
2026-06-08T00:00:00Z,2026-06-09T00:00:00Z,True,7.8448981141,i-05de16a24310099c5
2026-06-08T00:00:00Z,2026-06-09T00:00:00Z,True,0.7050956586,i-06824546da3532e75
2026-06-08T00:00:00Z,2026-06-09T00:00:00Z,True,7.2192223048,i-068f3aad2bedb9fa6
2026-06-08T00:00:00Z,2026-06-09T00:00:00Z,True,4.8389,i-06d14f8b8a97f5730
2026-06-08T00:00:00Z,2026-06-09T00:00:00Z,True,0.8822151828,i-07443a34bfdb0c8e4
2026-06-08T00:00:00Z,2026-06-09T00:00:00Z,True,0.4141479452,i-0786960f1e23ffca9
2026-06-08T00:00:00Z,2026-06-09T00:00:00Z,True,0.9080570408,i-079c9d7bd972e0d65
2026-06-08T00:00:00Z,2026-06-09T00:00:00Z,True,2.8608686586,i-07a44072b08c05302
2026-06-08T00:00:00Z,2026-06-09T00:00:00Z,True,8.0095102685,i-07df3a933e4839f52
2026-06-08T00:00:00Z,2026-06-09T00:00:00Z,True,10.9775619227,i-07f808f18aff905e7
2026-06-08T00:00:00Z,2026-06-09T00:00:00Z,True,2.5023035408,i-08263ab74372ff2dd
2026-06-08T00:00:00Z,2026-06-09T00:00:00Z,True,1.9664177092,i-084018cddbe9fe8ae
2026-06-08T00:00:00Z,2026-06-09T00:00:00Z,True,0.1749681214,i-088d74bdad7e8b3de
2026-06-08T00:00:00Z,2026-06-09T00:00:00Z,True,1.5746585793,i-08c96cc6b86f7bc8b
2026-06-08T00:00:00Z,2026-06-09T00:00:00Z,True,0.4383868356,i-08ccf25cf15f384ec
2026-06-08T00:00:00Z,2026-06-09T00:00:00Z,True,0.0503874166,i-0904c289155a24b8e
2026-06-08T00:00:00Z,2026-06-09T00:00:00Z,True,7.2195041458,i-09126000eb19643b0
2026-06-08T00:00:00Z,2026-06-09T00:00:00Z,True,0.7025664207,i-092ad71020f3ecbeb
2026-06-08T00:00:00Z,2026-06-09T00:00:00Z,True,1.0677665121,i-098de04d25b04f07e
2026-06-08T00:00:00Z,2026-06-09T00:00:00Z,True,0.4992,i-09f66b3f11ea42c60
2026-06-08T00:00:00Z,2026-06-09T00:00:00Z,True,0.147,i-09f781852d9b63f79
2026-06-08T00:00:00Z,2026-06-09T00:00:00Z,True,7.2194713978,i-0a70e6af119b993f3
2026-06-08T00:00:00Z,2026-06-09T00:00:00Z,True,0.0388308706,i-0a7c6036b25cbbc1b
2026-06-08T00:00:00Z,2026-06-09T00:00:00Z,True,0.69579529,i-0a7e7b78e94db1d24
2026-06-08T00:00:00Z,2026-06-09T00:00:00Z,True,0.2496,i-0ab7116abc8229a16
2026-06-08T00:00:00Z,2026-06-09T00:00:00Z,True,5.2226,i-0aeefb9374d079f10
2026-06-08T00:00:00Z,2026-06-09T00:00:00Z,True,1.4456069875,i-0b53077a10a63e1e6
2026-06-08T00:00:00Z,2026-06-09T00:00:00Z,True,8.0025202371,i-0b6713cc15f74d360
2026-06-08T00:00:00Z,2026-06-09T00:00:00Z,True,0.90329925,i-0bc1249c88bed6a96
2026-06-08T00:00:00Z,2026-06-09T00:00:00Z,True,1.0433060793,i-0bf23827faac9c462
2026-06-08T00:00:00Z,2026-06-09T00:00:00Z,True,0.2496,i-0c0d07d66b039cebe
2026-06-08T00:00:00Z,2026-06-09T00:00:00Z,True,0.0717412154,i-0c5ab5391f0772970
2026-06-08T00:00:00Z,2026-06-09T00:00:00Z,True,2.0057811046,i-0c7d40a5f04e6afa5
2026-06-08T00:00:00Z,2026-06-09T00:00:00Z,True,0.2496,i-0cc9dcb0db2f9d205
2026-06-08T00:00:00Z,2026-06-09T00:00:00Z,True,1.4464599207,i-0ce7e82808f01869f
2026-06-08T00:00:00Z,2026-06-09T00:00:00Z,True,2.0034,i-0cf3d8c9675292436
2026-06-08T00:00:00Z,2026-06-09T00:00:00Z,True,1.5879854592,i-0cf4b058adae18227
2026-06-08T00:00:00Z,2026-06-09T00:00:00Z,True,0.8653455,i-0d03d35512d69da2b
2026-06-08T00:00:00Z,2026-06-09T00:00:00Z,True,0.9706835523,i-0d31b44dc745f0e72
2026-06-08T00:00:00Z,2026-06-09T00:00:00Z,True,0.3057322957,i-0d4c365ffc617deec
2026-06-08T00:00:00Z,2026-06-09T00:00:00Z,True,1.9664177092,i-0de1e73eb68ffb4b9
2026-06-08T00:00:00Z,2026-06-09T00:00:00Z,True,8.0025298146,i-0de9e3f8d3208cf03
2026-06-08T00:00:00Z,2026-06-09T00:00:00Z,True,1.5083600931,i-0e0729e0bf81cb7db
2026-06-08T00:00:00Z,2026-06-09T00:00:00Z,True,0.2612310657,i-0e2099eec0af324c6
2026-06-08T00:00:00Z,2026-06-09T00:00:00Z,True,3.2102397864,i-0e275a07e9390e8a0
2026-06-08T00:00:00Z,2026-06-09T00:00:00Z,True,2.176764161,i-0e534170c2e4e82e7
2026-06-08T00:00:00Z,2026-06-09T00:00:00Z,True,0.155996736,i-0e62714389125362b
2026-06-08T00:00:00Z,2026-06-09T00:00:00Z,True,8.002543589,i-0e70fab85d559c615
2026-06-08T00:00:00Z,2026-06-09T00:00:00Z,True,0.6406127808,i-0e8cef2324a062177
2026-06-08T00:00:00Z,2026-06-09T00:00:00Z,True,1.5101508023,i-0e9b676b56410fc45
2026-06-08T00:00:00Z,2026-06-09T00:00:00Z,True,0.8813710914,i-0eb55c053f9dd16d6
2026-06-08T00:00:00Z,2026-06-09T00:00:00Z,True,0.8803235931,i-0edd54fb9eaef3327
2026-06-08T00:00:00Z,2026-06-09T00:00:00Z,True,0.9626318023,i-0ee9136b5c714cdef
2026-06-08T00:00:00Z,2026-06-09T00:00:00Z,True,0.2511456853,i-0f03dcaf59f26554f
2026-06-08T00:00:00Z,2026-06-09T00:00:00Z,True,0.7118423172,i-0fbdc11f2b18ef2cc
2026-06-08T00:00:00Z,2026-06-09T00:00:00Z,True,0.2016,i-0fec5d1a28b6d27aa
2026-06-08T00:00:00Z,2026-06-09T00:00:00Z,True,0.1223746531,i-0ff825cb50708c4bc
2026-06-09T00:00:00Z,2026-06-10T00:00:00Z,True,0.0,arn:aws:ec2:ap-south-1:108782052779:natgateway/nat-01dc061291fc51e75
2026-06-09T00:00:00Z,2026-06-10T00:00:00Z,True,0.0,arn:aws:ec2:ap-south-1:108782052779:natgateway/nat-05f85018216cac061
2026-06-09T00:00:00Z,2026-06-10T00:00:00Z,True,1.211e-07,arn:aws:ec2:eu-central-1:108782052779:natgateway/nat-0a2bfbfedf38f8e87
2026-06-09T00:00:00Z,2026-06-10T00:00:00Z,True,7.75e-08,arn:aws:ec2:eu-central-1:108782052779:natgateway/nat-0ec6ae9605269bef4
2026-06-09T00:00:00Z,2026-06-10T00:00:00Z,True,3.03e-08,arn:aws:ec2:us-east-1:108782052779:natgateway/nat-089a96601cfd34f9d
2026-06-09T00:00:00Z,2026-06-10T00:00:00Z,True,7.42e-08,arn:aws:ec2:us-west-2:108782052779:natgateway/nat-00246c8ef3b9087f1
2026-06-09T00:00:00Z,2026-06-10T00:00:00Z,True,0.0009247966,arn:aws:ec2:us-west-2:108782052779:natgateway/nat-00ac08b685fea726f
2026-06-09T00:00:00Z,2026-06-10T00:00:00Z,True,0.000146069,arn:aws:ec2:us-west-2:108782052779:natgateway/nat-00f3c26e43ede9b10
2026-06-09T00:00:00Z,2026-06-10T00:00:00Z,True,0.0002558375,arn:aws:ec2:us-west-2:108782052779:natgateway/nat-0234e77781575cced
2026-06-09T00:00:00Z,2026-06-10T00:00:00Z,True,0.0030737305,arn:aws:ec2:us-west-2:171675361862:natgateway/nat-01432c586ef9dbf51
2026-06-09T00:00:00Z,2026-06-10T00:00:00Z,True,0.3638838678,i-0086ffc6caea966a3
2026-06-09T00:00:00Z,2026-06-10T00:00:00Z,True,0.2433906575,i-010250800c6a59269
2026-06-09T00:00:00Z,2026-06-10T00:00:00Z,True,1.3721872339,i-01d39bf5d637a0f45
2026-06-09T00:00:00Z,2026-06-10T00:00:00Z,True,3.9936,i-01db42c813d037c0e
2026-06-09T00:00:00Z,2026-06-10T00:00:00Z,True,8.4618257936,i-02a232eb7ac297f5b
2026-06-09T00:00:00Z,2026-06-10T00:00:00Z,True,0.6062907087,i-03a885b673b72f89d
2026-06-09T00:00:00Z,2026-06-10T00:00:00Z,True,0.7109005152,i-043ad00ae9ed027b1
2026-06-09T00:00:00Z,2026-06-10T00:00:00Z,True,0.12532663,i-04d3a8c6aae87f818
2026-06-09T00:00:00Z,2026-06-10T00:00:00Z,True,0.859358214,i-0503a9927d947e75d
2026-06-09T00:00:00Z,2026-06-10T00:00:00Z,True,1.4376590167,i-05374380b57fad901
2026-06-09T00:00:00Z,2026-06-10T00:00:00Z,True,3.0000412158,i-056d33971ea8b4dfa
2026-06-09T00:00:00Z,2026-06-10T00:00:00Z,True,38.6565170017,i-05815cdeec4a6dad8
2026-06-09T00:00:00Z,2026-06-10T00:00:00Z,True,1.4255604758,i-05d2f91400f87bdb2
2026-06-09T00:00:00Z,2026-06-10T00:00:00Z,True,8.0031358902,i-05de16a24310099c5
2026-06-09T00:00:00Z,2026-06-10T00:00:00Z,True,4.9978627862,i-063a50c2a8952b078
2026-06-09T00:00:00Z,2026-06-10T00:00:00Z,True,7.2192171023,i-068f3aad2bedb9fa6
2026-06-09T00:00:00Z,2026-06-10T00:00:00Z,True,9.4775227679,i-06d14f8b8a97f5730
2026-06-09T00:00:00Z,2026-06-10T00:00:00Z,True,0.378423214,i-077fc2dd7f074ed7f
2026-06-09T00:00:00Z,2026-06-10T00:00:00Z,True,8.0118418405,i-07df3a933e4839f52
2026-06-09T00:00:00Z,2026-06-10T00:00:00Z,True,12.7008203636,i-07f808f18aff905e7
2026-06-09T00:00:00Z,2026-06-10T00:00:00Z,True,7.2195043418,i-09126000eb19643b0
2026-06-09T00:00:00Z,2026-06-10T00:00:00Z,True,0.3882114391,i-09253dde439fbb2f9
2026-06-09T00:00:00Z,2026-06-10T00:00:00Z,True,0.4992,i-09f66b3f11ea42c60
2026-06-09T00:00:00Z,2026-06-10T00:00:00Z,True,0.13083,i-09f781852d9b63f79
2026-06-09T00:00:00Z,2026-06-10T00:00:00Z,True,2.7714625344,i-0a05109d03b0c73cb
2026-06-09T00:00:00Z,2026-06-10T00:00:00Z,True,7.220452176,i-0a70e6af119b993f3
2026-06-09T00:00:00Z,2026-06-10T00:00:00Z,True,1.250265,i-0aa82a10cdc9dfc24
2026-06-09T00:00:00Z,2026-06-10T00:00:00Z,True,0.2496,i-0ab7116abc8229a16
2026-06-09T00:00:00Z,2026-06-10T00:00:00Z,True,1.2091905,i-0abbd7a2e2f46761a
2026-06-09T00:00:00Z,2026-06-10T00:00:00Z,True,10.2290439248,i-0aeefb9374d079f10
2026-06-09T00:00:00Z,2026-06-10T00:00:00Z,True,7.8417227122,i-0b6713cc15f74d360
2026-06-09T00:00:00Z,2026-06-10T00:00:00Z,True,0.2496,i-0c0d07d66b039cebe
2026-06-09T00:00:00Z,2026-06-10T00:00:00Z,True,6.3508458968,i-0c1cd3ae81df3c27d
2026-06-09T00:00:00Z,2026-06-10T00:00:00Z,True,0.2496,i-0cc9dcb0db2f9d205
2026-06-09T00:00:00Z,2026-06-10T00:00:00Z,True,0.893710714,i-0cea0c306de87a04b
2026-06-09T00:00:00Z,2026-06-10T00:00:00Z,True,3.9288897774,i-0cf3d8c9675292436
2026-06-09T00:00:00Z,2026-06-10T00:00:00Z,True,14.4871294821,i-0dcebdc379d247898
2026-06-09T00:00:00Z,2026-06-10T00:00:00Z,True,8.0031105947,i-0de9e3f8d3208cf03
2026-06-09T00:00:00Z,2026-06-10T00:00:00Z,True,1.4342549833,i-0e275a07e9390e8a0
2026-06-09T00:00:00Z,2026-06-10T00:00:00Z,True,3.9875379808,i-0e5e3df7a4f2941a0
2026-06-09T00:00:00Z,2026-06-10T00:00:00Z,True,8.0031358459,i-0e70fab85d559c615
2026-06-09T00:00:00Z,2026-06-10T00:00:00Z,True,0.633995617,i-0eb2daf686884b78f
2026-06-09T00:00:00Z,2026-06-10T00:00:00Z,True,2.9260992672,i-0f4241b9fb9004f8f
2026-06-09T00:00:00Z,2026-06-10T00:00:00Z,True,0.2016,i-0fec5d1a28b6d27aa
2026-06-10T00:00:00Z,2026-06-11T00:00:00Z,True,0.0,arn:aws:ec2:ap-south-1:108782052779:natgateway/nat-01dc061291fc51e75
2026-06-10T00:00:00Z,2026-06-11T00:00:00Z,True,0.0,arn:aws:ec2:ap-south-1:108782052779:natgateway/nat-05f85018216cac061
2026-06-10T00:00:00Z,2026-06-11T00:00:00Z,True,1.113e-07,arn:aws:ec2:eu-central-1:108782052779:natgateway/nat-0a2bfbfedf38f8e87
2026-06-10T00:00:00Z,2026-06-11T00:00:00Z,True,1.347e-07,arn:aws:ec2:eu-central-1:108782052779:natgateway/nat-0ec6ae9605269bef4
2026-06-10T00:00:00Z,2026-06-11T00:00:00Z,True,1.213e-07,arn:aws:ec2:us-east-1:108782052779:natgateway/nat-089a96601cfd34f9d
2026-06-10T00:00:00Z,2026-06-11T00:00:00Z,True,1.178e-07,arn:aws:ec2:us-west-2:108782052779:natgateway/nat-00246c8ef3b9087f1
2026-06-10T00:00:00Z,2026-06-11T00:00:00Z,True,0.0003826988,arn:aws:ec2:us-west-2:108782052779:natgateway/nat-00ac08b685fea726f
2026-06-10T00:00:00Z,2026-06-11T00:00:00Z,True,0.0002620161,arn:aws:ec2:us-west-2:108782052779:natgateway/nat-00f3c26e43ede9b10
2026-06-10T00:00:00Z,2026-06-11T00:00:00Z,True,5.59384e-05,arn:aws:ec2:us-west-2:108782052779:natgateway/nat-0234e77781575cced
2026-06-10T00:00:00Z,2026-06-11T00:00:00Z,True,0.0025781463,arn:aws:ec2:us-west-2:171675361862:natgateway/nat-01432c586ef9dbf51
2026-06-10T00:00:00Z,2026-06-11T00:00:00Z,True,0.9017745447,i-0039a4faba0c4ff8a
2026-06-10T00:00:00Z,2026-06-11T00:00:00Z,True,3.2285386518,i-003f21b885a03f1c3
2026-06-10T00:00:00Z,2026-06-11T00:00:00Z,True,0.4244489956,i-007deaacfbb28910f
2026-06-10T00:00:00Z,2026-06-11T00:00:00Z,True,0.3958956235,i-00d66192258f047ef
2026-06-10T00:00:00Z,2026-06-11T00:00:00Z,True,3.9936,i-01db42c813d037c0e
2026-06-10T00:00:00Z,2026-06-11T00:00:00Z,True,4.0982411568,i-0234861b8a8a33e67
2026-06-10T00:00:00Z,2026-06-11T00:00:00Z,True,0.8801541084,i-02b74bf216713afac
2026-06-10T00:00:00Z,2026-06-11T00:00:00Z,True,1.08609375,i-02e04e3e7ddecd645
2026-06-10T00:00:00Z,2026-06-11T00:00:00Z,True,0.8699360033,i-03aaa1051cbb8893e
2026-06-10T00:00:00Z,2026-06-11T00:00:00Z,True,2.982189243,i-03f85b832cab45fab
2026-06-10T00:00:00Z,2026-06-11T00:00:00Z,True,1.7778895846,i-0495ea4a74255506e
2026-06-10T00:00:00Z,2026-06-11T00:00:00Z,True,2.7899880268,i-04ca49be7a7022eda
2026-06-10T00:00:00Z,2026-06-11T00:00:00Z,True,0.1250073771,i-04d3a8c6aae87f818
2026-06-10T00:00:00Z,2026-06-11T00:00:00Z,True,6.0951742265,i-0568323b18063533a
2026-06-10T00:00:00Z,2026-06-11T00:00:00Z,True,50.8040779903,i-05815cdeec4a6dad8
2026-06-10T00:00:00Z,2026-06-11T00:00:00Z,True,7.6017924418,i-05de16a24310099c5
2026-06-10T00:00:00Z,2026-06-11T00:00:00Z,True,3.84146025,i-06221d0b730861475
2026-06-10T00:00:00Z,2026-06-11T00:00:00Z,True,7.2192197749,i-068f3aad2bedb9fa6
2026-06-10T00:00:00Z,2026-06-11T00:00:00Z,True,0.4842499458,i-07baa73601353b32d
2026-06-10T00:00:00Z,2026-06-11T00:00:00Z,True,7.9880473527,i-07df3a933e4839f52
2026-06-10T00:00:00Z,2026-06-11T00:00:00Z,True,12.7008255592,i-07f808f18aff905e7
2026-06-10T00:00:00Z,2026-06-11T00:00:00Z,True,1.4252250417,i-0843395fc6d86787e
2026-06-10T00:00:00Z,2026-06-11T00:00:00Z,True,0.3409718697,i-084a99847aaf0d367
2026-06-10T00:00:00Z,2026-06-11T00:00:00Z,True,5.0272171716,i-08f1c02a7cc96ad42
2026-06-10T00:00:00Z,2026-06-11T00:00:00Z,True,1.026015,i-08f245297d53842f0
2026-06-10T00:00:00Z,2026-06-11T00:00:00Z,True,7.2195085257,i-09126000eb19643b0
2026-06-10T00:00:00Z,2026-06-11T00:00:00Z,True,0.8861517723,i-097ed626320ea5ace
2026-06-10T00:00:00Z,2026-06-11T00:00:00Z,True,0.4992,i-09f66b3f11ea42c60
2026-06-10T00:00:00Z,2026-06-11T00:00:00Z,True,7.2194265116,i-0a70e6af119b993f3
2026-06-10T00:00:00Z,2026-06-11T00:00:00Z,True,0.2496,i-0ab7116abc8229a16
2026-06-10T00:00:00Z,2026-06-11T00:00:00Z,True,0.6743251647,i-0b538f6cb0045aa23
2026-06-10T00:00:00Z,2026-06-11T00:00:00Z,True,0.422772,i-0b539656eb171738e
2026-06-10T00:00:00Z,2026-06-11T00:00:00Z,True,8.0037170639,i-0b6713cc15f74d360
2026-06-10T00:00:00Z,2026-06-11T00:00:00Z,True,2.5122490954,i-0bfb56c624f542175
2026-06-10T00:00:00Z,2026-06-11T00:00:00Z,True,0.2496,i-0c0d07d66b039cebe
2026-06-10T00:00:00Z,2026-06-11T00:00:00Z,True,1.88890075,i-0c3e8789af1fd0867
2026-06-10T00:00:00Z,2026-06-11T00:00:00Z,True,0.4201990542,i-0c3ecbdf8d2ed28d3
2026-06-10T00:00:00Z,2026-06-11T00:00:00Z,True,7.9065466572,i-0c768ba13954bc817
2026-06-10T00:00:00Z,2026-06-11T00:00:00Z,True,0.2496,i-0cc9dcb0db2f9d205
2026-06-10T00:00:00Z,2026-06-11T00:00:00Z,True,8.0037061308,i-0de9e3f8d3208cf03
2026-06-10T00:00:00Z,2026-06-11T00:00:00Z,True,0.3392128803,i-0dfa63f3d3b18c6dc
2026-06-10T00:00:00Z,2026-06-11T00:00:00Z,True,5.919786547,i-0e11fd77bb044e2cc
2026-06-10T00:00:00Z,2026-06-11T00:00:00Z,True,7.866355996,i-0e5e3df7a4f2941a0
2026-06-10T00:00:00Z,2026-06-11T00:00:00Z,True,8.0037271183,i-0e70fab85d559c615
2026-06-10T00:00:00Z,2026-06-11T00:00:00Z,True,7.9713571419,i-0f0d6d4010b096fdd
2026-06-10T00:00:00Z,2026-06-11T00:00:00Z,True,0.3500733348,i-0f3a56d642391b542
2026-06-10T00:00:00Z,2026-06-11T00:00:00Z,True,0.91677309,i-0fb62931499b33c41
2026-06-10T00:00:00Z,2026-06-11T00:00:00Z,True,0.2016,i-0fec5d1a28b6d27aa
2026-06-11T00:00:00Z,2026-06-12T00:00:00Z,True,0.0,arn:aws:ec2:ap-south-1:108782052779:natgateway/nat-01dc061291fc51e75
2026-06-11T00:00:00Z,2026-06-12T00:00:00Z,True,0.0,arn:aws:ec2:ap-south-1:108782052779:natgateway/nat-05f85018216cac061
2026-06-11T00:00:00Z,2026-06-12T00:00:00Z,True,8.75e-08,arn:aws:ec2:eu-central-1:108782052779:natgateway/nat-0a2bfbfedf38f8e87
2026-06-11T00:00:00Z,2026-06-12T00:00:00Z,True,1.312e-07,arn:aws:ec2:eu-central-1:108782052779:natgateway/nat-0ec6ae9605269bef4
2026-06-11T00:00:00Z,2026-06-12T00:00:00Z,True,1.211e-07,arn:aws:ec2:us-east-1:108782052779:natgateway/nat-089a96601cfd34f9d
2026-06-11T00:00:00Z,2026-06-12T00:00:00Z,True,1.379e-07,arn:aws:ec2:us-west-2:108782052779:natgateway/nat-00246c8ef3b9087f1
2026-06-11T00:00:00Z,2026-06-12T00:00:00Z,True,0.0002482173,arn:aws:ec2:us-west-2:108782052779:natgateway/nat-00ac08b685fea726f
2026-06-11T00:00:00Z,2026-06-12T00:00:00Z,True,6.90695e-05,arn:aws:ec2:us-west-2:108782052779:natgateway/nat-00f3c26e43ede9b10
2026-06-11T00:00:00Z,2026-06-12T00:00:00Z,True,5.45671e-05,arn:aws:ec2:us-west-2:108782052779:natgateway/nat-0234e77781575cced
2026-06-11T00:00:00Z,2026-06-12T00:00:00Z,True,0.0020540602,arn:aws:ec2:us-west-2:171675361862:natgateway/nat-01432c586ef9dbf51
2026-06-11T00:00:00Z,2026-06-12T00:00:00Z,True,0.8552858587,i-0148fd5bdcb69d66e
2026-06-11T00:00:00Z,2026-06-12T00:00:00Z,True,1.8617231087,i-01a8c86ef5f1deb80
2026-06-11T00:00:00Z,2026-06-12T00:00:00Z,True,3.9936,i-01db42c813d037c0e
2026-06-11T00:00:00Z,2026-06-12T00:00:00Z,True,0.9548236087,i-03631d2aedef89c09
2026-06-11T00:00:00Z,2026-06-12T00:00:00Z,True,0.124980794,i-04d3a8c6aae87f818
2026-06-11T00:00:00Z,2026-06-12T00:00:00Z,True,2.3689641492,i-0548aa4ae635d5f80
2026-06-11T00:00:00Z,2026-06-12T00:00:00Z,True,50.8037934296,i-05815cdeec4a6dad8
2026-06-11T00:00:00Z,2026-06-12T00:00:00Z,True,8.0043071141,i-05de16a24310099c5
2026-06-11T00:00:00Z,2026-06-12T00:00:00Z,True,7.2192162576,i-068f3aad2bedb9fa6
2026-06-11T00:00:00Z,2026-06-12T00:00:00Z,True,7.9880569012,i-07df3a933e4839f52
2026-06-11T00:00:00Z,2026-06-12T00:00:00Z,True,12.7008181949,i-07f808f18aff905e7
2026-06-11T00:00:00Z,2026-06-12T00:00:00Z,True,7.2195394426,i-09126000eb19643b0
2026-06-11T00:00:00Z,2026-06-12T00:00:00Z,True,0.4992,i-09f66b3f11ea42c60
2026-06-11T00:00:00Z,2026-06-12T00:00:00Z,True,7.2195648559,i-0a70e6af119b993f3
2026-06-11T00:00:00Z,2026-06-12T00:00:00Z,True,0.2496,i-0ab7116abc8229a16
2026-06-11T00:00:00Z,2026-06-12T00:00:00Z,True,8.004310995,i-0b6713cc15f74d360
2026-06-11T00:00:00Z,2026-06-12T00:00:00Z,True,0.8528305942,i-0bf4f80941ff546bf
2026-06-11T00:00:00Z,2026-06-12T00:00:00Z,True,0.2496,i-0c0d07d66b039cebe
2026-06-11T00:00:00Z,2026-06-12T00:00:00Z,True,1.1661887029,i-0c7737740b1e51c0d
2026-06-11T00:00:00Z,2026-06-12T00:00:00Z,True,1.9833803587,i-0cbd29e15a6d1f0b2
2026-06-11T00:00:00Z,2026-06-12T00:00:00Z,True,0.2496,i-0cc9dcb0db2f9d205
2026-06-11T00:00:00Z,2026-06-12T00:00:00Z,True,8.004372222,i-0de9e3f8d3208cf03
2026-06-11T00:00:00Z,2026-06-12T00:00:00Z,True,8.0609099307,i-0e5e3df7a4f2941a0
2026-06-11T00:00:00Z,2026-06-12T00:00:00Z,True,8.004346155,i-0e70fab85d559c615
2026-06-11T00:00:00Z,2026-06-12T00:00:00Z,True,0.2016,i-0fec5d1a28b6d27aa
2026-06-12T00:00:00Z,2026-06-13T00:00:00Z,True,0.0,arn:aws:ec2:ap-south-1:108782052779:natgateway/nat-01dc061291fc51e75
2026-06-12T00:00:00Z,2026-06-13T00:00:00Z,True,0.0,arn:aws:ec2:ap-south-1:108782052779:natgateway/nat-05f85018216cac061
2026-06-12T00:00:00Z,2026-06-13T00:00:00Z,True,2.888e-07,arn:aws:ec2:eu-central-1:108782052779:natgateway/nat-0a2bfbfedf38f8e87
2026-06-12T00:00:00Z,2026-06-13T00:00:00Z,True,1.717e-07,arn:aws:ec2:eu-central-1:108782052779:natgateway/nat-0ec6ae9605269bef4
2026-06-12T00:00:00Z,2026-06-13T00:00:00Z,True,1.747e-07,arn:aws:ec2:us-east-1:108782052779:natgateway/nat-089a96601cfd34f9d
2026-06-12T00:00:00Z,2026-06-13T00:00:00Z,True,3.394e-07,arn:aws:ec2:us-west-2:108782052779:natgateway/nat-00246c8ef3b9087f1
2026-06-12T00:00:00Z,2026-06-13T00:00:00Z,True,3.61302e-05,arn:aws:ec2:us-west-2:108782052779:natgateway/nat-00ac08b685fea726f
2026-06-12T00:00:00Z,2026-06-13T00:00:00Z,True,0.0012507363,arn:aws:ec2:us-west-2:108782052779:natgateway/nat-00f3c26e43ede9b10
2026-06-12T00:00:00Z,2026-06-13T00:00:00Z,True,5.47365e-05,arn:aws:ec2:us-west-2:108782052779:natgateway/nat-0234e77781575cced
2026-06-12T00:00:00Z,2026-06-13T00:00:00Z,True,0.0038933493,arn:aws:ec2:us-west-2:171675361862:natgateway/nat-01432c586ef9dbf51
2026-06-12T00:00:00Z,2026-06-13T00:00:00Z,True,1.1464311131,i-001564707bb1e23bb
2026-06-12T00:00:00Z,2026-06-13T00:00:00Z,True,4.6382012578,i-003c41b0f4e21fa08
2026-06-12T00:00:00Z,2026-06-13T00:00:00Z,True,3.5760557525,i-003df34f6fe9fdaaf
2026-06-12T00:00:00Z,2026-06-13T00:00:00Z,True,0.7861888928,i-00503f91fbbd76317
2026-06-12T00:00:00Z,2026-06-13T00:00:00Z,True,0.4575805,i-009990559cd4b8292
2026-06-12T00:00:00Z,2026-06-13T00:00:00Z,True,37.8224066358,i-00a87b8f94eff1e2c
2026-06-12T00:00:00Z,2026-06-13T00:00:00Z,True,0.4518738923,i-00c1ecb7cd23fa512
2026-06-12T00:00:00Z,2026-06-13T00:00:00Z,True,0.9399115268,i-00c5104df1c2d09d2
2026-06-12T00:00:00Z,2026-06-13T00:00:00Z,True,0.9769431087,i-010f8de065149bf0e
2026-06-12T00:00:00Z,2026-06-13T00:00:00Z,True,1.9124514196,i-013d7dd4fef9fa4ce
2026-06-12T00:00:00Z,2026-06-13T00:00:00Z,True,0.4523879464,i-01460da95693c7577
2026-06-12T00:00:00Z,2026-06-13T00:00:00Z,True,3.9936,i-01db42c813d037c0e
2026-06-12T00:00:00Z,2026-06-13T00:00:00Z,True,50.8257221031,i-020a7f2f723e6b316
2026-06-12T00:00:00Z,2026-06-13T00:00:00Z,True,6.0410917776,i-029c81b4febdeee71
2026-06-12T00:00:00Z,2026-06-13T00:00:00Z,True,0.2620899358,i-02efb01cdf28f7c43
2026-06-12T00:00:00Z,2026-06-13T00:00:00Z,True,0.8344055,i-02fdda9bd04037cac
2026-06-12T00:00:00Z,2026-06-13T00:00:00Z,True,0.5722285804,i-0334beb9942013222
2026-06-12T00:00:00Z,2026-06-13T00:00:00Z,True,1.8750542419,i-038558cdb335ec451
2026-06-12T00:00:00Z,2026-06-13T00:00:00Z,True,0.4315295692,i-03a4723a0460f3ab7
2026-06-12T00:00:00Z,2026-06-13T00:00:00Z,True,0.7662754654,i-03ae1048e4dafafa7
2026-06-12T00:00:00Z,2026-06-13T00:00:00Z,True,0.4439401369,i-03f951c97686bba6c
2026-06-12T00:00:00Z,2026-06-13T00:00:00Z,True,0.4222839654,i-04c58d5b320aa9731
2026-06-12T00:00:00Z,2026-06-13T00:00:00Z,True,0.1249923863,i-04d3a8c6aae87f818
2026-06-12T00:00:00Z,2026-06-13T00:00:00Z,True,2.0510521369,i-0523761798e5f7658
2026-06-12T00:00:00Z,2026-06-13T00:00:00Z,True,50.8082969061,i-05815cdeec4a6dad8
2026-06-12T00:00:00Z,2026-06-13T00:00:00Z,True,35.7254827716,i-059012a0fd81efc97
2026-06-12T00:00:00Z,2026-06-13T00:00:00Z,True,8.0048747332,i-05de16a24310099c5
2026-06-12T00:00:00Z,2026-06-13T00:00:00Z,True,4.9149731366,i-05edcb15042474b6c
2026-06-12T00:00:00Z,2026-06-13T00:00:00Z,True,0.4442314196,i-0688d0dbe1ee79ee8
2026-06-12T00:00:00Z,2026-06-13T00:00:00Z,True,7.2192155969,i-068f3aad2bedb9fa6
2026-06-12T00:00:00Z,2026-06-13T00:00:00Z,True,0.4259813192,i-06a63dbec67038307
2026-06-12T00:00:00Z,2026-06-13T00:00:00Z,True,2.2693024107,i-06b08fdba98ccd85d
2026-06-12T00:00:00Z,2026-06-13T00:00:00Z,True,0.7529675232,i-07a2fd655693d6c87
2026-06-12T00:00:00Z,2026-06-13T00:00:00Z,True,8.0073594801,i-07df3a933e4839f52
2026-06-12T00:00:00Z,2026-06-13T00:00:00Z,True,1.1710036261,i-07f808f18aff905e7
2026-06-12T00:00:00Z,2026-06-13T00:00:00Z,True,1.5400944048,i-0829862e58fd19e86
2026-06-12T00:00:00Z,2026-06-13T00:00:00Z,True,0.3166216281,i-08322ad47164d07ec
2026-06-12T00:00:00Z,2026-06-13T00:00:00Z,True,0.4185843923,i-08367ead2de27b6bf
2026-06-12T00:00:00Z,2026-06-13T00:00:00Z,True,0.4561511072,i-083e01497d59e48e9
2026-06-12T00:00:00Z,2026-06-13T00:00:00Z,True,0.7427937738,i-08f7179a1df017ab8
2026-06-12T00:00:00Z,2026-06-13T00:00:00Z,True,7.2195420405,i-09126000eb19643b0
2026-06-12T00:00:00Z,2026-06-13T00:00:00Z,True,6.0157292154,i-097d07168c3862648
2026-06-12T00:00:00Z,2026-06-13T00:00:00Z,True,0.7661104196,i-09b911b36a0789615
2026-06-12T00:00:00Z,2026-06-13T00:00:00Z,True,0.4992,i-09f66b3f11ea42c60
2026-06-12T00:00:00Z,2026-06-13T00:00:00Z,True,1.089871,i-0a1a7296554381f8b
2026-06-12T00:00:00Z,2026-06-13T00:00:00Z,True,0.3502455096,i-0a1b9d88d89e93bf3
2026-06-12T00:00:00Z,2026-06-13T00:00:00Z,True,1.6356131558,i-0a38543a225eecfb7
2026-06-12T00:00:00Z,2026-06-13T00:00:00Z,True,0.9864632024,i-0a3d1153cedfe0ab6
2026-06-12T00:00:00Z,2026-06-13T00:00:00Z,True,1.5830582238,i-0a4c99c4a85868776
2026-06-12T00:00:00Z,2026-06-13T00:00:00Z,True,1.9566835731,i-0a5dee8581e5cba22
2026-06-12T00:00:00Z,2026-06-13T00:00:00Z,True,7.2193551301,i-0a70e6af119b993f3
2026-06-12T00:00:00Z,2026-06-13T00:00:00Z,True,0.2496,i-0ab7116abc8229a16
2026-06-12T00:00:00Z,2026-06-13T00:00:00Z,True,0.4414602738,i-0ac11645fc12ef7f1
2026-06-12T00:00:00Z,2026-06-13T00:00:00Z,True,0.98099025,i-0b079824b466bccb1
2026-06-12T00:00:00Z,2026-06-13T00:00:00Z,True,2.4981369464,i-0b0fc0cb81afb7c03
2026-06-12T00:00:00Z,2026-06-13T00:00:00Z,True,35.9219029074,i-0b39091c79f334f9b
2026-06-12T00:00:00Z,2026-06-13T00:00:00Z,True,8.004904483,i-0b6713cc15f74d360
2026-06-12T00:00:00Z,2026-06-13T00:00:00Z,True,3.2870608988,i-0b88027b108e80c1d
2026-06-12T00:00:00Z,2026-06-13T00:00:00Z,True,1.4896528634,i-0b9d3630f1faa56ec
2026-06-12T00:00:00Z,2026-06-13T00:00:00Z,True,2.5658600567,i-0ba8993480956c094
2026-06-12T00:00:00Z,2026-06-13T00:00:00Z,True,0.89583975,i-0bb48b448e4f8fa74
2026-06-12T00:00:00Z,2026-06-13T00:00:00Z,True,2.2265891976,i-0bc3182300607aba7
2026-06-12T00:00:00Z,2026-06-13T00:00:00Z,True,0.2496,i-0c0d07d66b039cebe
2026-06-12T00:00:00Z,2026-06-13T00:00:00Z,True,0.8882765232,i-0c46f3ed6ea1ce6fc
2026-06-12T00:00:00Z,2026-06-13T00:00:00Z,True,3.8412736701,i-0c5aa19b873b1e98a
2026-06-12T00:00:00Z,2026-06-13T00:00:00Z,True,0.5333275268,i-0c5d5b10de55a56bf
2026-06-12T00:00:00Z,2026-06-13T00:00:00Z,True,6.2035985,i-0c834b4df5b12a2ee
2026-06-12T00:00:00Z,2026-06-13T00:00:00Z,True,0.3927804732,i-0c8f560e52be2f9a2
2026-06-12T00:00:00Z,2026-06-13T00:00:00Z,True,0.2496,i-0cc9dcb0db2f9d205
2026-06-12T00:00:00Z,2026-06-13T00:00:00Z,True,0.3914601077,i-0cff087f0ac68b741
2026-06-12T00:00:00Z,2026-06-13T00:00:00Z,True,44.8229376469,i-0d1df0b62e0138c4b
2026-06-12T00:00:00Z,2026-06-13T00:00:00Z,True,0.8394164433,i-0d34fd6789a32e005
2026-06-12T00:00:00Z,2026-06-13T00:00:00Z,True,0.4699568928,i-0d3a7152ad7abede4
2026-06-12T00:00:00Z,2026-06-13T00:00:00Z,True,0.89078425,i-0d88cd375b7c199cb
2026-06-12T00:00:00Z,2026-06-13T00:00:00Z,True,0.8318977732,i-0de6a550487ae9493
2026-06-12T00:00:00Z,2026-06-13T00:00:00Z,True,7.7011419537,i-0de9e3f8d3208cf03
2026-06-12T00:00:00Z,2026-06-13T00:00:00Z,True,0.513877,i-0e1a44fa904344de4
2026-06-12T00:00:00Z,2026-06-13T00:00:00Z,True,8.0701125964,i-0e5e3df7a4f2941a0
2026-06-12T00:00:00Z,2026-06-13T00:00:00Z,True,8.0049073138,i-0e70fab85d559c615
2026-06-12T00:00:00Z,2026-06-13T00:00:00Z,True,0.4067377262,i-0e76befe7d9caef53
2026-06-12T00:00:00Z,2026-06-13T00:00:00Z,True,0.9355204196,i-0e78c9a90146161c4
2026-06-12T00:00:00Z,2026-06-13T00:00:00Z,True,19.1771187007,i-0e840d4124c213c14
2026-06-12T00:00:00Z,2026-06-13T00:00:00Z,True,2.0497388587,i-0e8aedc1642898633
2026-06-12T00:00:00Z,2026-06-13T00:00:00Z,True,1.01646,i-0e90724cb81efdc40
2026-06-12T00:00:00Z,2026-06-13T00:00:00Z,True,37.1747519568,i-0ef58acecafc52883
2026-06-12T00:00:00Z,2026-06-13T00:00:00Z,True,0.3711157846,i-0f2f273468395100d
2026-06-12T00:00:00Z,2026-06-13T00:00:00Z,True,4.5328515,i-0f639355f24aca71c
2026-06-12T00:00:00Z,2026-06-13T00:00:00Z,True,2.4041549676,i-0fb7fa7964ab0db7e
2026-06-12T00:00:00Z,2026-06-13T00:00:00Z,True,0.5214055804,i-0fdd919309e9bba4d
2026-06-12T00:00:00Z,2026-06-13T00:00:00Z,True,0.2016,i-0fec5d1a28b6d27aa
2026-06-12T00:00:00Z,2026-06-13T00:00:00Z,True,0.3674184308,i-0ff24636f093f5477
2026-06-12T00:00:00Z,2026-06-13T00:00:00Z,True,4.83729675,i-0ff671e48b5fa9db3
2026-06-12T00:00:00Z,2026-06-13T00:00:00Z,True,0.257107851,i-0ff7c7657463a70c3
2026-06-13T00:00:00Z,2026-06-14T00:00:00Z,True,0.0,arn:aws:ec2:ap-south-1:108782052779:natgateway/nat-01dc061291fc51e75
2026-06-13T00:00:00Z,2026-06-14T00:00:00Z,True,0.0,arn:aws:ec2:ap-south-1:108782052779:natgateway/nat-05f85018216cac061
2026-06-13T00:00:00Z,2026-06-14T00:00:00Z,True,7.11e-07,arn:aws:ec2:eu-central-1:108782052779:natgateway/nat-0a2bfbfedf38f8e87
2026-06-13T00:00:00Z,2026-06-14T00:00:00Z,True,6.4e-08,arn:aws:ec2:eu-central-1:108782052779:natgateway/nat-0ec6ae9605269bef4
2026-06-13T00:00:00Z,2026-06-14T00:00:00Z,True,5.41e-08,arn:aws:ec2:us-east-1:108782052779:natgateway/nat-089a96601cfd34f9d
2026-06-13T00:00:00Z,2026-06-14T00:00:00Z,True,3.559e-07,arn:aws:ec2:us-west-2:108782052779:natgateway/nat-00246c8ef3b9087f1
2026-06-13T00:00:00Z,2026-06-14T00:00:00Z,True,3.63303e-05,arn:aws:ec2:us-west-2:108782052779:natgateway/nat-00ac08b685fea726f
2026-06-13T00:00:00Z,2026-06-14T00:00:00Z,True,8.7072e-06,arn:aws:ec2:us-west-2:108782052779:natgateway/nat-00f3c26e43ede9b10
2026-06-13T00:00:00Z,2026-06-14T00:00:00Z,True,5.46334e-05,arn:aws:ec2:us-west-2:108782052779:natgateway/nat-0234e77781575cced
2026-06-13T00:00:00Z,2026-06-14T00:00:00Z,True,0.001276739,arn:aws:ec2:us-west-2:171675361862:natgateway/nat-01432c586ef9dbf51
2026-06-13T00:00:00Z,2026-06-14T00:00:00Z,True,5.4697648381,i-012011bcb57d118cc
2026-06-13T00:00:00Z,2026-06-14T00:00:00Z,True,3.9936,i-01db42c813d037c0e
2026-06-13T00:00:00Z,2026-06-14T00:00:00Z,True,0.1248678475,i-04d3a8c6aae87f818
2026-06-13T00:00:00Z,2026-06-14T00:00:00Z,True,50.8032275351,i-05815cdeec4a6dad8
2026-06-13T00:00:00Z,2026-06-14T00:00:00Z,True,8.0054548599,i-05de16a24310099c5
2026-06-13T00:00:00Z,2026-06-14T00:00:00Z,True,7.2192196662,i-068f3aad2bedb9fa6
2026-06-13T00:00:00Z,2026-06-14T00:00:00Z,True,7.9880380402,i-07df3a933e4839f52
2026-06-13T00:00:00Z,2026-06-14T00:00:00Z,True,7.2195445484,i-09126000eb19643b0
2026-06-13T00:00:00Z,2026-06-14T00:00:00Z,True,0.4992,i-09f66b3f11ea42c60
2026-06-13T00:00:00Z,2026-06-14T00:00:00Z,True,7.2201706165,i-0a70e6af119b993f3
2026-06-13T00:00:00Z,2026-06-14T00:00:00Z,True,0.2496,i-0ab7116abc8229a16
2026-06-13T00:00:00Z,2026-06-14T00:00:00Z,True,8.0054977853,i-0b6713cc15f74d360
2026-06-13T00:00:00Z,2026-06-14T00:00:00Z,True,0.2496,i-0c0d07d66b039cebe
2026-06-13T00:00:00Z,2026-06-14T00:00:00Z,True,0.2496,i-0cc9dcb0db2f9d205
2026-06-13T00:00:00Z,2026-06-14T00:00:00Z,True,8.0055007401,i-0de9e3f8d3208cf03
2026-06-13T00:00:00Z,2026-06-14T00:00:00Z,True,8.0603888075,i-0e5e3df7a4f2941a0
2026-06-13T00:00:00Z,2026-06-14T00:00:00Z,True,8.0055280724,i-0e70fab85d559c615
2026-06-13T00:00:00Z,2026-06-14T00:00:00Z,True,0.2016,i-0fec5d1a28b6d27aa
2026-06-14T00:00:00Z,2026-06-15T00:00:00Z,True,0.0,arn:aws:ec2:ap-south-1:108782052779:natgateway/nat-01dc061291fc51e75
2026-06-14T00:00:00Z,2026-06-15T00:00:00Z,True,0.0,arn:aws:ec2:ap-south-1:108782052779:natgateway/nat-05f85018216cac061
2026-06-14T00:00:00Z,2026-06-15T00:00:00Z,True,1.2075e-06,arn:aws:ec2:eu-central-1:108782052779:natgateway/nat-0a2bfbfedf38f8e87
2026-06-14T00:00:00Z,2026-06-15T00:00:00Z,True,1.1974e-06,arn:aws:ec2:eu-central-1:108782052779:natgateway/nat-0ec6ae9605269bef4
2026-06-14T00:00:00Z,2026-06-15T00:00:00Z,True,7.75e-08,arn:aws:ec2:us-east-1:108782052779:natgateway/nat-089a96601cfd34f9d
2026-06-14T00:00:00Z,2026-06-15T00:00:00Z,True,8.75e-08,arn:aws:ec2:us-west-2:108782052779:natgateway/nat-00246c8ef3b9087f1
2026-06-14T00:00:00Z,2026-06-15T00:00:00Z,True,3.59531e-05,arn:aws:ec2:us-west-2:108782052779:natgateway/nat-00ac08b685fea726f
2026-06-14T00:00:00Z,2026-06-15T00:00:00Z,True,0.0001422043,arn:aws:ec2:us-west-2:108782052779:natgateway/nat-00f3c26e43ede9b10
2026-06-14T00:00:00Z,2026-06-15T00:00:00Z,True,5.55283e-05,arn:aws:ec2:us-west-2:108782052779:natgateway/nat-0234e77781575cced
2026-06-14T00:00:00Z,2026-06-15T00:00:00Z,True,0.00124089,arn:aws:ec2:us-west-2:171675361862:natgateway/nat-01432c586ef9dbf51
2026-06-14T00:00:00Z,2026-06-15T00:00:00Z,True,4.078752313,i-012011bcb57d118cc
2026-06-14T00:00:00Z,2026-06-15T00:00:00Z,True,5.0630184773,i-017536f33be78c67b
2026-06-14T00:00:00Z,2026-06-15T00:00:00Z,True,3.9936,i-01db42c813d037c0e
2026-06-14T00:00:00Z,2026-06-15T00:00:00Z,True,1.0712616584,i-0413c24c3a9683586
2026-06-14T00:00:00Z,2026-06-15T00:00:00Z,True,0.1248688645,i-04d3a8c6aae87f818
2026-06-14T00:00:00Z,2026-06-15T00:00:00Z,True,1.5716533168,i-05358d80de1d15f92
2026-06-14T00:00:00Z,2026-06-15T00:00:00Z,True,50.8033419503,i-05815cdeec4a6dad8
2026-06-14T00:00:00Z,2026-06-15T00:00:00Z,True,2.1129951979,i-05b2743c3c3fffa93
2026-06-14T00:00:00Z,2026-06-15T00:00:00Z,True,8.006123339,i-05de16a24310099c5
2026-06-14T00:00:00Z,2026-06-15T00:00:00Z,True,1.4913103416,i-0646572571e6a95f2
2026-06-14T00:00:00Z,2026-06-15T00:00:00Z,True,1.04383125,i-06662b0328450d80c
2026-06-14T00:00:00Z,2026-06-15T00:00:00Z,True,7.2192189406,i-068f3aad2bedb9fa6
2026-06-14T00:00:00Z,2026-06-15T00:00:00Z,True,5.6208,i-07898a68be38bdddf
2026-06-14T00:00:00Z,2026-06-15T00:00:00Z,True,7.9880399956,i-07df3a933e4839f52
2026-06-14T00:00:00Z,2026-06-15T00:00:00Z,True,0.5951862763,i-080bc0b19ece613f1
2026-06-14T00:00:00Z,2026-06-15T00:00:00Z,True,1.3996869752,i-08629b744b32d38dc
2026-06-14T00:00:00Z,2026-06-15T00:00:00Z,True,0.8964790248,i-0882bbbb7a99d50da
2026-06-14T00:00:00Z,2026-06-15T00:00:00Z,True,0.5475723645,i-089845b46e5d9ff4f
2026-06-14T00:00:00Z,2026-06-15T00:00:00Z,True,0.447756792,i-089f0b61fd121f398
2026-06-14T00:00:00Z,2026-06-15T00:00:00Z,True,7.2195447861,i-09126000eb19643b0
2026-06-14T00:00:00Z,2026-06-15T00:00:00Z,True,3.7226356584,i-0977cbed32a36aeab
2026-06-14T00:00:00Z,2026-06-15T00:00:00Z,True,6.4270673475,i-09dc591470dd79f5c
2026-06-14T00:00:00Z,2026-06-15T00:00:00Z,True,0.4992,i-09f66b3f11ea42c60
2026-06-14T00:00:00Z,2026-06-15T00:00:00Z,True,7.2196269227,i-0a70e6af119b993f3
2026-06-14T00:00:00Z,2026-06-15T00:00:00Z,True,0.9937349752,i-0a764944b76f6f037
2026-06-14T00:00:00Z,2026-06-15T00:00:00Z,True,0.2496,i-0ab7116abc8229a16
2026-06-14T00:00:00Z,2026-06-15T00:00:00Z,True,8.006162944,i-0b6713cc15f74d360
2026-06-14T00:00:00Z,2026-06-15T00:00:00Z,True,0.2496,i-0c0d07d66b039cebe
2026-06-14T00:00:00Z,2026-06-15T00:00:00Z,True,0.2496,i-0cc9dcb0db2f9d205
2026-06-14T00:00:00Z,2026-06-15T00:00:00Z,True,8.0061559235,i-0de9e3f8d3208cf03
2026-06-14T00:00:00Z,2026-06-15T00:00:00Z,True,8.0628223782,i-0e5e3df7a4f2941a0
2026-06-14T00:00:00Z,2026-06-15T00:00:00Z,True,8.0061611717,i-0e70fab85d559c615
2026-06-14T00:00:00Z,2026-06-15T00:00:00Z,True,0.9063436584,i-0f363b7a5689fb1ce
2026-06-14T00:00:00Z,2026-06-15T00:00:00Z,True,3.8009460909,i-0f3f29573d62d278f
2026-06-14T00:00:00Z,2026-06-15T00:00:00Z,True,0.2016,i-0fec5d1a28b6d27aa
2026-06-15T00:00:00Z,2026-06-16T00:00:00Z,True,0.0,arn:aws:ec2:ap-south-1:108782052779:natgateway/nat-01dc061291fc51e75
2026-06-15T00:00:00Z,2026-06-16T00:00:00Z,True,0.0,arn:aws:ec2:ap-south-1:108782052779:natgateway/nat-05f85018216cac061
2026-06-15T00:00:00Z,2026-06-16T00:00:00Z,True,3.964e-07,arn:aws:ec2:eu-central-1:108782052779:natgateway/nat-0a2bfbfedf38f8e87
2026-06-15T00:00:00Z,2026-06-16T00:00:00Z,True,5.804e-07,arn:aws:ec2:eu-central-1:108782052779:natgateway/nat-0ec6ae9605269bef4
2026-06-15T00:00:00Z,2026-06-16T00:00:00Z,True,8.78e-08,arn:aws:ec2:us-east-1:108782052779:natgateway/nat-089a96601cfd34f9d
2026-06-15T00:00:00Z,2026-06-16T00:00:00Z,True,1.584e-07,arn:aws:ec2:us-west-2:108782052779:natgateway/nat-00246c8ef3b9087f1
2026-06-15T00:00:00Z,2026-06-16T00:00:00Z,True,0.0003616758,arn:aws:ec2:us-west-2:108782052779:natgateway/nat-00ac08b685fea726f
2026-06-15T00:00:00Z,2026-06-16T00:00:00Z,True,0.0010100247,arn:aws:ec2:us-west-2:108782052779:natgateway/nat-00f3c26e43ede9b10
2026-06-15T00:00:00Z,2026-06-16T00:00:00Z,True,5.45549e-05,arn:aws:ec2:us-west-2:108782052779:natgateway/nat-0234e77781575cced
2026-06-15T00:00:00Z,2026-06-16T00:00:00Z,True,0.0012315307,arn:aws:ec2:us-west-2:171675361862:natgateway/nat-01432c586ef9dbf51
2026-06-15T00:00:00Z,2026-06-16T00:00:00Z,True,2.2654971648,i-0012c0091be997d8a
2026-06-15T00:00:00Z,2026-06-16T00:00:00Z,True,19.8694313324,i-002f10a9398f9672a
2026-06-15T00:00:00Z,2026-06-16T00:00:00Z,True,1.4546615566,i-003bc446fb9634592
2026-06-15T00:00:00Z,2026-06-16T00:00:00Z,True,0.4676703046,i-004ae51580ca3f55d
2026-06-15T00:00:00Z,2026-06-16T00:00:00Z,True,0.0802473693,i-00746615138b8e1c1
2026-06-15T00:00:00Z,2026-06-16T00:00:00Z,True,7.5665532852,i-00769b335cc8f0394
2026-06-15T00:00:00Z,2026-06-16T00:00:00Z,True,0.556033,i-007fd2553f2c74f39
2026-06-15T00:00:00Z,2026-06-16T00:00:00Z,True,1.9961002158,i-008f422def10dcc61
2026-06-15T00:00:00Z,2026-06-16T00:00:00Z,True,0.4322334144,i-0098d1289290bee5c
2026-06-15T00:00:00Z,2026-06-16T00:00:00Z,True,21.7777452442,i-00ee6fd39e0e354b7
2026-06-15T00:00:00Z,2026-06-16T00:00:00Z,True,0.505396521,i-01277b6e33dfc27aa
2026-06-15T00:00:00Z,2026-06-16T00:00:00Z,True,1.4228718613,i-012d5d6631b0f55e3
2026-06-15T00:00:00Z,2026-06-16T00:00:00Z,True,8.8026934071,i-012f0fde16533a638
2026-06-15T00:00:00Z,2026-06-16T00:00:00Z,True,1.8748082226,i-01344e4fe7cd3571c
2026-06-15T00:00:00Z,2026-06-16T00:00:00Z,True,0.8699692318,i-014bd6af395c63780
2026-06-15T00:00:00Z,2026-06-16T00:00:00Z,True,1.933186,i-01599df967a7e93e3
2026-06-15T00:00:00Z,2026-06-16T00:00:00Z,True,0.585551094,i-01613f3d57175c54b
2026-06-15T00:00:00Z,2026-06-16T00:00:00Z,True,0.0660317024,i-01a6dca561f78f3f3
2026-06-15T00:00:00Z,2026-06-16T00:00:00Z,True,1.1181818048,i-01a7e81df6929ac84
2026-06-15T00:00:00Z,2026-06-16T00:00:00Z,True,1.6131911627,i-01b13ba57e6137fe9
2026-06-15T00:00:00Z,2026-06-16T00:00:00Z,True,0.9111626113,i-01b54e5cdc0d553d5
2026-06-15T00:00:00Z,2026-06-16T00:00:00Z,True,3.9936,i-01db42c813d037c0e
2026-06-15T00:00:00Z,2026-06-16T00:00:00Z,True,4.6336752098,i-01de032e40fbf77a5
2026-06-15T00:00:00Z,2026-06-16T00:00:00Z,True,0.0379964447,i-02063a9d4162bf41e
2026-06-15T00:00:00Z,2026-06-16T00:00:00Z,True,1.5322096952,i-021715533daf023df
2026-06-15T00:00:00Z,2026-06-16T00:00:00Z,True,9.2006289904,i-0252f6b42b50af91f
2026-06-15T00:00:00Z,2026-06-16T00:00:00Z,True,2.531186094,i-02673e702769e5c33
2026-06-15T00:00:00Z,2026-06-16T00:00:00Z,True,9.5416148632,i-027327b758026d2d6
2026-06-15T00:00:00Z,2026-06-16T00:00:00Z,True,1.0532944799,i-02d2b8bfeb0b0998c
2026-06-15T00:00:00Z,2026-06-16T00:00:00Z,True,2.0120314284,i-02d86b4dd39aece94
2026-06-15T00:00:00Z,2026-06-16T00:00:00Z,True,0.3827881939,i-02e01e3606edd217f
2026-06-15T00:00:00Z,2026-06-16T00:00:00Z,True,5.0241174116,i-02f1033d7dabb1f76
2026-06-15T00:00:00Z,2026-06-16T00:00:00Z,True,1.0379982774,i-02f165fe6a035e7f7
2026-06-15T00:00:00Z,2026-06-16T00:00:00Z,True,0.5589062682,i-02fe2c606d409b92e
2026-06-15T00:00:00Z,2026-06-16T00:00:00Z,True,0.5790217318,i-0324bb810b59edf48
2026-06-15T00:00:00Z,2026-06-16T00:00:00Z,True,3.1094869418,i-032fa360c385cd6f1
2026-06-15T00:00:00Z,2026-06-16T00:00:00Z,True,0.9960124284,i-039bb537971d9e109
2026-06-15T00:00:00Z,2026-06-16T00:00:00Z,True,1.1231922852,i-03b93b44b68c02998
2026-06-15T00:00:00Z,2026-06-16T00:00:00Z,True,0.265112089,i-03d21e94f519612aa
2026-06-15T00:00:00Z,2026-06-16T00:00:00Z,True,0.4777280364,i-04249ed7bf816807b
2026-06-15T00:00:00Z,2026-06-16T00:00:00Z,True,1.3523545,i-046d8f70861a5ee8f
2026-06-15T00:00:00Z,2026-06-16T00:00:00Z,True,0.1238271906,i-04d3a8c6aae87f818
2026-06-15T00:00:00Z,2026-06-16T00:00:00Z,True,7.6594405716,i-05244a49157eb75e5
2026-06-15T00:00:00Z,2026-06-16T00:00:00Z,True,1.0948531113,i-0563408d6061d11a9
2026-06-15T00:00:00Z,2026-06-16T00:00:00Z,True,1.79571925,i-057562c2c761235bf
2026-06-15T00:00:00Z,2026-06-16T00:00:00Z,True,50.8035966027,i-05815cdeec4a6dad8
2026-06-15T00:00:00Z,2026-06-16T00:00:00Z,True,1.0080368156,i-058fdb0b6c5f748a3
2026-06-15T00:00:00Z,2026-06-16T00:00:00Z,True,7.0621191432,i-0595ca83c60c2d6b9
2026-06-15T00:00:00Z,2026-06-16T00:00:00Z,True,25.4026005407,i-05b2743c3c3fffa93
2026-06-15T00:00:00Z,2026-06-16T00:00:00Z,True,0.8139340364,i-05cb1a8c630b7262f
2026-06-15T00:00:00Z,2026-06-16T00:00:00Z,True,8.006843547,i-05de16a24310099c5
2026-06-15T00:00:00Z,2026-06-16T00:00:00Z,True,8.7352606312,i-05e6fdea7e564b78e
2026-06-15T00:00:00Z,2026-06-16T00:00:00Z,True,2.0620452852,i-05ef96f8a74eaebcf
2026-06-15T00:00:00Z,2026-06-16T00:00:00Z,True,8.6086710274,i-05f0c300e8b8451ba
2026-06-15T00:00:00Z,2026-06-16T00:00:00Z,True,0.5746704676,i-05fef7c3710f7b09e
2026-06-15T00:00:00Z,2026-06-16T00:00:00Z,True,2.2608094176,i-066b17984187e1b39
2026-06-15T00:00:00Z,2026-06-16T00:00:00Z,True,20.4670551736,i-066ffd638791a41e3
2026-06-15T00:00:00Z,2026-06-16T00:00:00Z,True,7.2192182481,i-068f3aad2bedb9fa6
2026-06-15T00:00:00Z,2026-06-16T00:00:00Z,True,0.2975748066,i-06b758278fd47184f
2026-06-15T00:00:00Z,2026-06-16T00:00:00Z,True,0.5725562318,i-06ffc81dd1c231dee
2026-06-15T00:00:00Z,2026-06-16T00:00:00Z,True,3.2414662234,i-0727776dc6c953aac
2026-06-15T00:00:00Z,2026-06-16T00:00:00Z,True,19.5388063066,i-077086e3e8b86f72c
2026-06-15T00:00:00Z,2026-06-16T00:00:00Z,True,0.7026,i-07898a68be38bdddf
2026-06-15T00:00:00Z,2026-06-16T00:00:00Z,True,6.526287504,i-0799d9e17d273df37
2026-06-15T00:00:00Z,2026-06-16T00:00:00Z,True,0.549680271,i-07aee3f164edc4257
2026-06-15T00:00:00Z,2026-06-16T00:00:00Z,True,2.025747204,i-07bafc63941e20dd1
2026-06-15T00:00:00Z,2026-06-16T00:00:00Z,True,1.0345954284,i-07c0b7ecbcc03d681
2026-06-15T00:00:00Z,2026-06-16T00:00:00Z,True,5.1117863082,i-07c46c4c76bdaae01
2026-06-15T00:00:00Z,2026-06-16T00:00:00Z,True,0.3122026889,i-07de677ca36c15f86
2026-06-15T00:00:00Z,2026-06-16T00:00:00Z,True,7.9881619273,i-07df3a933e4839f52
2026-06-15T00:00:00Z,2026-06-16T00:00:00Z,True,8.6028401661,i-08144a66ea37c754d
2026-06-15T00:00:00Z,2026-06-16T00:00:00Z,True,8.5999221113,i-081d24967267577d2
2026-06-15T00:00:00Z,2026-06-16T00:00:00Z,True,7.5708437148,i-082da0e7b484d1ae5
2026-06-15T00:00:00Z,2026-06-16T00:00:00Z,True,0.1515235051,i-084ab6fba20698371
2026-06-15T00:00:00Z,2026-06-16T00:00:00Z,True,0.1749242093,i-08a67eb18c3e3942c
2026-06-15T00:00:00Z,2026-06-16T00:00:00Z,True,2.811323752,i-08c1a66a4ae19b243
2026-06-15T00:00:00Z,2026-06-16T00:00:00Z,True,0.9680174452,i-08cee82e3842db402
2026-06-15T00:00:00Z,2026-06-16T00:00:00Z,True,1.350405,i-08d6b8737adfcd7dc
2026-06-15T00:00:00Z,2026-06-16T00:00:00Z,True,0.5157327942,i-08d893a521f6d5187
2026-06-15T00:00:00Z,2026-06-16T00:00:00Z,True,0.1087941167,i-08def75e4be42068d
2026-06-15T00:00:00Z,2026-06-16T00:00:00Z,True,0.8931244284,i-08fda21948237ac54
2026-06-15T00:00:00Z,2026-06-16T00:00:00Z,True,18.2802526852,i-090164c90f35d15ce
2026-06-15T00:00:00Z,2026-06-16T00:00:00Z,True,7.219545193,i-09126000eb19643b0
2026-06-15T00:00:00Z,2026-06-16T00:00:00Z,True,19.6074364015,i-093595c62860b0dac
2026-06-15T00:00:00Z,2026-06-16T00:00:00Z,True,22.3040509186,i-094399dbfb938c926
2026-06-15T00:00:00Z,2026-06-16T00:00:00Z,True,1.2071258628,i-0985d99ae9b93dc24
2026-06-15T00:00:00Z,2026-06-16T00:00:00Z,True,1.57684725,i-098a068965549388a
2026-06-15T00:00:00Z,2026-06-16T00:00:00Z,True,2.1806545716,i-09c41a92f19c684e8
2026-06-15T00:00:00Z,2026-06-16T00:00:00Z,True,0.4992,i-09f66b3f11ea42c60
2026-06-15T00:00:00Z,2026-06-16T00:00:00Z,True,0.1594600699,i-0a1121a3657431d6b
2026-06-15T00:00:00Z,2026-06-16T00:00:00Z,True,0.0886587972,i-0a2be4b5d328185b1
2026-06-15T00:00:00Z,2026-06-16T00:00:00Z,True,0.3857756954,i-0a3eb6388e0541947
2026-06-15T00:00:00Z,2026-06-16T00:00:00Z,True,17.3928555648,i-0a65120b515ec5b29
2026-06-15T00:00:00Z,2026-06-16T00:00:00Z,True,7.2198654815,i-0a70e6af119b993f3
2026-06-15T00:00:00Z,2026-06-16T00:00:00Z,True,1.8660645548,i-0a7256c70af6ac982
2026-06-15T00:00:00Z,2026-06-16T00:00:00Z,True,9.9597163373,i-0a86650974adbbec8
2026-06-15T00:00:00Z,2026-06-16T00:00:00Z,True,0.2496,i-0ab7116abc8229a16
2026-06-15T00:00:00Z,2026-06-16T00:00:00Z,True,0.2647144896,i-0ac6494e67e87c56d
2026-06-15T00:00:00Z,2026-06-16T00:00:00Z,True,0.0841720354,i-0ad8c4d5f4c2f76f2
2026-06-15T00:00:00Z,2026-06-16T00:00:00Z,True,5.4020416065,i-0af5d35d0a2ae976d
2026-06-15T00:00:00Z,2026-06-16T00:00:00Z,True,1.0411110922,i-0b1b68bc92a36e99b
2026-06-15T00:00:00Z,2026-06-16T00:00:00Z,True,8.006872112,i-0b6713cc15f74d360
2026-06-15T00:00:00Z,2026-06-16T00:00:00Z,True,1.3557301008,i-0b74b790c67416b80
2026-06-15T00:00:00Z,2026-06-16T00:00:00Z,True,0.518979453,i-0bd629733fee126d2
2026-06-15T00:00:00Z,2026-06-16T00:00:00Z,True,19.9619789015,i-0c081053c34e29411
2026-06-15T00:00:00Z,2026-06-16T00:00:00Z,True,7.2689700603,i-0c0b3cb5e2b6aac5c
2026-06-15T00:00:00Z,2026-06-16T00:00:00Z,True,0.2496,i-0c0d07d66b039cebe
2026-06-15T00:00:00Z,2026-06-16T00:00:00Z,True,21.6261362074,i-0c1f2bea9e7b4d3f2
2026-06-15T00:00:00Z,2026-06-16T00:00:00Z,True,1.0074432852,i-0c370ba559ab561e6
2026-06-15T00:00:00Z,2026-06-16T00:00:00Z,True,0.2249830793,i-0c63992c04cb86e7d
2026-06-15T00:00:00Z,2026-06-16T00:00:00Z,True,1.0893659118,i-0ca6cf00ac4acb437
2026-06-15T00:00:00Z,2026-06-16T00:00:00Z,True,0.4417830984,i-0cac951545cbc90f4
2026-06-15T00:00:00Z,2026-06-16T00:00:00Z,True,0.2496,i-0cc9dcb0db2f9d205
2026-06-15T00:00:00Z,2026-06-16T00:00:00Z,True,7.3093332852,i-0cdb9be3ce3364ef5
2026-06-15T00:00:00Z,2026-06-16T00:00:00Z,True,4.1058971616,i-0d33eecbe6fe58e6d
2026-06-15T00:00:00Z,2026-06-16T00:00:00Z,True,2.060331273,i-0d657c574ba475099
2026-06-15T00:00:00Z,2026-06-16T00:00:00Z,True,0.1453974707,i-0d738ff2f4a56a767
2026-06-15T00:00:00Z,2026-06-16T00:00:00Z,True,3.7112180712,i-0d9c78d5f4c044cc1
2026-06-15T00:00:00Z,2026-06-16T00:00:00Z,True,0.5696829636,i-0db16fbb723f51514
2026-06-15T00:00:00Z,2026-06-16T00:00:00Z,True,0.473881953,i-0dcd142fbef50962b
2026-06-15T00:00:00Z,2026-06-16T00:00:00Z,True,1.0956825,i-0dcde89e9189fb604
2026-06-15T00:00:00Z,2026-06-16T00:00:00Z,True,5.2377104598,i-0dcf2a2076f65c572
2026-06-15T00:00:00Z,2026-06-16T00:00:00Z,True,8.0068872236,i-0de9e3f8d3208cf03
2026-06-15T00:00:00Z,2026-06-16T00:00:00Z,True,0.5768674272,i-0e014f9929f3c0b5c
2026-06-15T00:00:00Z,2026-06-16T00:00:00Z,True,18.37655075,i-0e1b34fc27ccf7d07
2026-06-15T00:00:00Z,2026-06-16T00:00:00Z,True,0.4211579784,i-0e22fda058e6a9d41
2026-06-15T00:00:00Z,2026-06-16T00:00:00Z,True,4.70446725,i-0e4599b5da9c7d9c0
2026-06-15T00:00:00Z,2026-06-16T00:00:00Z,True,1.9102132655,i-0e5e3df7a4f2941a0
2026-06-15T00:00:00Z,2026-06-16T00:00:00Z,True,1.1167118688,i-0e6e2329fc0d9ba4d
2026-06-15T00:00:00Z,2026-06-16T00:00:00Z,True,8.0068882263,i-0e70fab85d559c615
2026-06-15T00:00:00Z,2026-06-16T00:00:00Z,True,3.869693435,i-0e82cf08f9cbe8b4a
2026-06-15T00:00:00Z,2026-06-16T00:00:00Z,True,3.9288527072,i-0ead6aad44a1bb259
2026-06-15T00:00:00Z,2026-06-16T00:00:00Z,True,22.0624781184,i-0f0a26802bf9f9195
2026-06-15T00:00:00Z,2026-06-16T00:00:00Z,True,6.2513078613,i-0f226c647b16d492e
2026-06-15T00:00:00Z,2026-06-16T00:00:00Z,True,8.3540927766,i-0f3320e4c6aa1e406
2026-06-15T00:00:00Z,2026-06-16T00:00:00Z,True,0.43953,i-0f5aea265ecff6440
2026-06-15T00:00:00Z,2026-06-16T00:00:00Z,True,20.9665123485,i-0f7af754b28169848
2026-06-15T00:00:00Z,2026-06-16T00:00:00Z,True,0.487483359,i-0f82273b6f73e4d56
2026-06-15T00:00:00Z,2026-06-16T00:00:00Z,True,7.575129,i-0f99c416cb3b84cd2
2026-06-15T00:00:00Z,2026-06-16T00:00:00Z,True,3.5775929161,i-0fa7f56548d12f957
2026-06-15T00:00:00Z,2026-06-16T00:00:00Z,True,0.6357733046,i-0fc800f10bd51be36
2026-06-15T00:00:00Z,2026-06-16T00:00:00Z,True,0.47296,i-0fe39fb50ee205478
2026-06-15T00:00:00Z,2026-06-16T00:00:00Z,True,0.2016,i-0fec5d1a28b6d27aa
2026-06-15T00:00:00Z,2026-06-16T00:00:00Z,True,0.2877402948,i-0ff6ac15009a78760
2026-06-16T00:00:00Z,2026-06-17T00:00:00Z,True,0.0,arn:aws:ec2:ap-south-1:108782052779:natgateway/nat-01dc061291fc51e75
2026-06-16T00:00:00Z,2026-06-17T00:00:00Z,True,0.0,arn:aws:ec2:ap-south-1:108782052779:natgateway/nat-05f85018216cac061
2026-06-16T00:00:00Z,2026-06-17T00:00:00Z,True,4.06e-08,arn:aws:ec2:eu-central-1:108782052779:natgateway/nat-0a2bfbfedf38f8e87
2026-06-16T00:00:00Z,2026-06-17T00:00:00Z,True,7.09e-08,arn:aws:ec2:eu-central-1:108782052779:natgateway/nat-0ec6ae9605269bef4
2026-06-16T00:00:00Z,2026-06-17T00:00:00Z,True,4.05e-08,arn:aws:ec2:us-east-1:108782052779:natgateway/nat-089a96601cfd34f9d
2026-06-16T00:00:00Z,2026-06-17T00:00:00Z,True,5.38e-08,arn:aws:ec2:us-west-2:108782052779:natgateway/nat-00246c8ef3b9087f1
2026-06-16T00:00:00Z,2026-06-17T00:00:00Z,True,0.0006185235,arn:aws:ec2:us-west-2:108782052779:natgateway/nat-00ac08b685fea726f
2026-06-16T00:00:00Z,2026-06-17T00:00:00Z,True,0.0023399096,arn:aws:ec2:us-west-2:108782052779:natgateway/nat-00f3c26e43ede9b10
2026-06-16T00:00:00Z,2026-06-17T00:00:00Z,True,0.0004249667,arn:aws:ec2:us-west-2:108782052779:natgateway/nat-0234e77781575cced
2026-06-16T00:00:00Z,2026-06-17T00:00:00Z,True,0.0012333485,arn:aws:ec2:us-west-2:171675361862:natgateway/nat-01432c586ef9dbf51
2026-06-16T00:00:00Z,2026-06-17T00:00:00Z,True,2.2220857127,i-0011259678ac7c480
2026-06-16T00:00:00Z,2026-06-17T00:00:00Z,True,0.5968115451,i-002242db30fd919c3
2026-06-16T00:00:00Z,2026-06-17T00:00:00Z,True,9.8789251868,i-0025444316ee76e53
2026-06-16T00:00:00Z,2026-06-17T00:00:00Z,True,1.9544238472,i-002ce49aff4b7055e
2026-06-16T00:00:00Z,2026-06-17T00:00:00Z,True,0.536615691,i-0046bfc6b94285946
2026-06-16T00:00:00Z,2026-06-17T00:00:00Z,True,16.1482976148,i-008877d7ca0e3d41a
2026-06-16T00:00:00Z,2026-06-17T00:00:00Z,True,2.3542459941,i-008faf736aba2da4c
2026-06-16T00:00:00Z,2026-06-17T00:00:00Z,True,3.1049552464,i-009036d88a6f81fe6
2026-06-16T00:00:00Z,2026-06-17T00:00:00Z,True,15.650221,i-00964264839d3bbab
2026-06-16T00:00:00Z,2026-06-17T00:00:00Z,True,13.2867265043,i-0097c9076ebb22701
2026-06-16T00:00:00Z,2026-06-17T00:00:00Z,True,1.0695084912,i-009868fda4edcfdf7
2026-06-16T00:00:00Z,2026-06-17T00:00:00Z,True,7.4301577552,i-00989ef39046b7903
2026-06-16T00:00:00Z,2026-06-17T00:00:00Z,True,0.2357275648,i-00b5a6fc84a62c580
2026-06-16T00:00:00Z,2026-06-17T00:00:00Z,True,10.4834643648,i-00d03abd0779734c7
2026-06-16T00:00:00Z,2026-06-17T00:00:00Z,True,7.4238123426,i-00ec93c4a655252ca
2026-06-16T00:00:00Z,2026-06-17T00:00:00Z,True,1.8123395106,i-00fd73cfef41c9674
2026-06-16T00:00:00Z,2026-06-17T00:00:00Z,True,1.1616907601,i-0112e34371179b978
2026-06-16T00:00:00Z,2026-06-17T00:00:00Z,True,4.5596484549,i-0124175596b5c243e
2026-06-16T00:00:00Z,2026-06-17T00:00:00Z,True,0.5737363866,i-012aa6a783d5b69c1
2026-06-16T00:00:00Z,2026-06-17T00:00:00Z,True,1.9696140984,i-012c29ef68ff9c737
2026-06-16T00:00:00Z,2026-06-17T00:00:00Z,True,14.3442873648,i-012d75d418e316ae8
2026-06-16T00:00:00Z,2026-06-17T00:00:00Z,True,14.3459183074,i-01466a3162e8c65f7
2026-06-16T00:00:00Z,2026-06-17T00:00:00Z,True,14.3442873648,i-014c4ee2ecb6aca15
2026-06-16T00:00:00Z,2026-06-17T00:00:00Z,True,0.6563655849,i-016ea45876143da48
2026-06-16T00:00:00Z,2026-06-17T00:00:00Z,True,7.2035304813,i-0192af6059fd90159
2026-06-16T00:00:00Z,2026-06-17T00:00:00Z,True,1.0429701926,i-01b0bcaeef886540f
2026-06-16T00:00:00Z,2026-06-17T00:00:00Z,True,0.6310292608,i-01bb6cc4aa2fc3133
2026-06-16T00:00:00Z,2026-06-17T00:00:00Z,True,28.2329403162,i-01c7305b659b3a1cf
2026-06-16T00:00:00Z,2026-06-17T00:00:00Z,True,3.1164,i-01c8d35572c65fee3
2026-06-16T00:00:00Z,2026-06-17T00:00:00Z,True,3.9936,i-01db42c813d037c0e
2026-06-16T00:00:00Z,2026-06-17T00:00:00Z,True,2.4211129788,i-01ef77edf6ec37001
2026-06-16T00:00:00Z,2026-06-17T00:00:00Z,True,12.2517142095,i-01f1fee6724fc7848
2026-06-16T00:00:00Z,2026-06-17T00:00:00Z,True,4.5221012712,i-02077d97d553b05c9
2026-06-16T00:00:00Z,2026-06-17T00:00:00Z,True,1.2629714426,i-021648db90817ed80
2026-06-16T00:00:00Z,2026-06-17T00:00:00Z,True,14.483823419,i-0224ddfac5ac1a2a0
2026-06-16T00:00:00Z,2026-06-17T00:00:00Z,True,5.3495514626,i-023c8079c1d371faa
2026-06-16T00:00:00Z,2026-06-17T00:00:00Z,True,25.5875044392,i-02618010ed1727cdd
2026-06-16T00:00:00Z,2026-06-17T00:00:00Z,True,0.3948512667,i-026277aaa96b11d9f
2026-06-16T00:00:00Z,2026-06-17T00:00:00Z,True,0.5104225,i-02665b8a7775549ec
2026-06-16T00:00:00Z,2026-06-17T00:00:00Z,True,6.1773389306,i-0271ee691debea627
2026-06-16T00:00:00Z,2026-06-17T00:00:00Z,True,14.5213118718,i-027779aac82acdcfa
2026-06-16T00:00:00Z,2026-06-17T00:00:00Z,True,0.81687,i-027cd661f4b399bd7
2026-06-16T00:00:00Z,2026-06-17T00:00:00Z,True,14.5196866282,i-02899379aa5777f8f
2026-06-16T00:00:00Z,2026-06-17T00:00:00Z,True,10.6840315943,i-028bbe9646fe85904
2026-06-16T00:00:00Z,2026-06-17T00:00:00Z,True,0.1213946778,i-02a65e63659cb5838
2026-06-16T00:00:00Z,2026-06-17T00:00:00Z,True,1.4904577659,i-02ae59f445877c95b
2026-06-16T00:00:00Z,2026-06-17T00:00:00Z,True,1.64228625,i-02c49f50aeb5a71bc
2026-06-16T00:00:00Z,2026-06-17T00:00:00Z,True,1.7860969947,i-02ceb7000d5e888fb
2026-06-16T00:00:00Z,2026-06-17T00:00:00Z,True,17.2271192111,i-02e48d7230bdb45ba
2026-06-16T00:00:00Z,2026-06-17T00:00:00Z,True,16.9354151537,i-02ecf31d7be0aa633
2026-06-16T00:00:00Z,2026-06-17T00:00:00Z,True,9.5452306328,i-02f484ea255c9cd1a
2026-06-16T00:00:00Z,2026-06-17T00:00:00Z,True,0.5480263306,i-02fb87dc8d921d89e
2026-06-16T00:00:00Z,2026-06-17T00:00:00Z,True,0.3430990167,i-02fd2a3079848c538
2026-06-16T00:00:00Z,2026-06-17T00:00:00Z,True,16.5861841418,i-03220d12033c3571d
2026-06-16T00:00:00Z,2026-06-17T00:00:00Z,True,5.83220725,i-0346bfef37ecb2fa5
2026-06-16T00:00:00Z,2026-06-17T00:00:00Z,True,8.9913349618,i-034dd2cef28ea15a4
2026-06-16T00:00:00Z,2026-06-17T00:00:00Z,True,2.8214817904,i-0365f65d4a7864522
2026-06-16T00:00:00Z,2026-06-17T00:00:00Z,True,9.0321266139,i-037224c8c98b6d1ea
2026-06-16T00:00:00Z,2026-06-17T00:00:00Z,True,0.6859294812,i-038242705a718aa5e
2026-06-16T00:00:00Z,2026-06-17T00:00:00Z,True,0.5347449549,i-0387c98d585ca76a9
2026-06-16T00:00:00Z,2026-06-17T00:00:00Z,True,1.0082510438,i-038905bad129ef9d6
2026-06-16T00:00:00Z,2026-06-17T00:00:00Z,True,0.5536903428,i-0393f4a7634385645
2026-06-16T00:00:00Z,2026-06-17T00:00:00Z,True,8.7251064627,i-039a509921f9b12e0
2026-06-16T00:00:00Z,2026-06-17T00:00:00Z,True,0.39227875,i-03b34fcc86e0dc8e9
2026-06-16T00:00:00Z,2026-06-17T00:00:00Z,True,11.5109205859,i-03b96b280be4bfd95
2026-06-16T00:00:00Z,2026-06-17T00:00:00Z,True,0.9962005404,i-03c45d1bc79263a77
2026-06-16T00:00:00Z,2026-06-17T00:00:00Z,True,10.2376287423,i-03d92f990496ea739
2026-06-16T00:00:00Z,2026-06-17T00:00:00Z,True,14.3459183074,i-03e6e3a7e2852ce09
2026-06-16T00:00:00Z,2026-06-17T00:00:00Z,True,11.0070967436,i-03eef0708cf3491fc
2026-06-16T00:00:00Z,2026-06-17T00:00:00Z,True,11.3326722924,i-03f3f71d8db3ca1fe
2026-06-16T00:00:00Z,2026-06-17T00:00:00Z,True,1.1876477197,i-04091fc4af04e4f46
2026-06-16T00:00:00Z,2026-06-17T00:00:00Z,True,11.6097299957,i-04180e38e5e8882ca
2026-06-16T00:00:00Z,2026-06-17T00:00:00Z,True,15.9266712889,i-04211a8b15083ae36
2026-06-16T00:00:00Z,2026-06-17T00:00:00Z,True,9.0210512938,i-042e9c5fbeabe3990
2026-06-16T00:00:00Z,2026-06-17T00:00:00Z,True,14.9289206282,i-0437d781d3dcfcb38
2026-06-16T00:00:00Z,2026-06-17T00:00:00Z,True,7.2740978863,i-044aca90e15a83dc0
2026-06-16T00:00:00Z,2026-06-17T00:00:00Z,True,10.6898026038,i-0479d8953ba5fd162
2026-06-16T00:00:00Z,2026-06-17T00:00:00Z,True,0.5211256934,i-047da7ccdc4a9c2d9
2026-06-16T00:00:00Z,2026-06-17T00:00:00Z,True,5.8901123148,i-0481f91277a74f712
2026-06-16T00:00:00Z,2026-06-17T00:00:00Z,True,1.65573665,i-0490a74993b9478cd
2026-06-16T00:00:00Z,2026-06-17T00:00:00Z,True,0.5148496134,i-049afa014367f7589
2026-06-16T00:00:00Z,2026-06-17T00:00:00Z,True,1.4677167712,i-04b8c959aac390f28
2026-06-16T00:00:00Z,2026-06-17T00:00:00Z,True,0.7993064718,i-04ba53fa4d906620e
2026-06-16T00:00:00Z,2026-06-17T00:00:00Z,True,0.1249985269,i-04d3a8c6aae87f818
2026-06-16T00:00:00Z,2026-06-17T00:00:00Z,True,22.7530830128,i-04e4b72f8634fd223
2026-06-16T00:00:00Z,2026-06-17T00:00:00Z,True,12.600144,i-05060c7058c44b25c
2026-06-16T00:00:00Z,2026-06-17T00:00:00Z,True,10.0674771389,i-050e81d2de0db8bed
2026-06-16T00:00:00Z,2026-06-17T00:00:00Z,True,1.3767464947,i-051f845e0648b7e8d
2026-06-16T00:00:00Z,2026-06-17T00:00:00Z,True,6.881826339,i-0531a33ed44258026
2026-06-16T00:00:00Z,2026-06-17T00:00:00Z,True,1.0361907585,i-0548db718c12adc8a
2026-06-16T00:00:00Z,2026-06-17T00:00:00Z,True,14.5196866282,i-056526d95b570cad3
2026-06-16T00:00:00Z,2026-06-17T00:00:00Z,True,28.9834315238,i-05662171221fe31d9
2026-06-16T00:00:00Z,2026-06-17T00:00:00Z,True,7.7392578199,i-05815cdeec4a6dad8
2026-06-16T00:00:00Z,2026-06-17T00:00:00Z,True,9.8256904798,i-05a83bf558e552899
2026-06-16T00:00:00Z,2026-06-17T00:00:00Z,True,25.4023921589,i-05b2743c3c3fffa93
2026-06-16T00:00:00Z,2026-06-17T00:00:00Z,True,1.9303651465,i-05b98333cb589d819
2026-06-16T00:00:00Z,2026-06-17T00:00:00Z,True,2.17639975,i-05d692c456aebd9a8
2026-06-16T00:00:00Z,2026-06-17T00:00:00Z,True,8.0074925691,i-05de16a24310099c5
2026-06-16T00:00:00Z,2026-06-17T00:00:00Z,True,1.6776349798,i-05f1baae1e78bb35b
2026-06-16T00:00:00Z,2026-06-17T00:00:00Z,True,3.5971861528,i-05f7278fb5a3a1014
2026-06-16T00:00:00Z,2026-06-17T00:00:00Z,True,18.3769703806,i-05fc8cdbc11d2914d
2026-06-16T00:00:00Z,2026-06-17T00:00:00Z,True,0.22947634,i-0606c4051987da720
2026-06-16T00:00:00Z,2026-06-17T00:00:00Z,True,3.8305760388,i-06079741c573277bb
2026-06-16T00:00:00Z,2026-06-17T00:00:00Z,True,15.6168268648,i-060b1cbcb944d22fd
2026-06-16T00:00:00Z,2026-06-17T00:00:00Z,True,15.6484699892,i-0627e7b8bac550143
2026-06-16T00:00:00Z,2026-06-17T00:00:00Z,True,0.177447921,i-064a806a8c7d5850e
2026-06-16T00:00:00Z,2026-06-17T00:00:00Z,True,0.5240727392,i-0681bf5b07b6dfead
2026-06-16T00:00:00Z,2026-06-17T00:00:00Z,True,7.2192174181,i-068f3aad2bedb9fa6
2026-06-16T00:00:00Z,2026-06-17T00:00:00Z,True,1.0256862264,i-06931914acf1f7aab
2026-06-16T00:00:00Z,2026-06-17T00:00:00Z,True,0.5222615444,i-06a5f4d8680e975b0
2026-06-16T00:00:00Z,2026-06-17T00:00:00Z,True,5.720034,i-06b0a19cf7ffe7ca1
2026-06-16T00:00:00Z,2026-06-17T00:00:00Z,True,0.7102235094,i-06b538b741c0ce7c1
2026-06-16T00:00:00Z,2026-06-17T00:00:00Z,True,16.2460779037,i-06c5aa112938217de
2026-06-16T00:00:00Z,2026-06-17T00:00:00Z,True,0.477812634,i-06c76e0d92a996cd6
2026-06-16T00:00:00Z,2026-06-17T00:00:00Z,True,27.6953114486,i-06de72b8b04104b08
2026-06-16T00:00:00Z,2026-06-17T00:00:00Z,True,20.8497837717,i-06f1246865e2aba92
2026-06-16T00:00:00Z,2026-06-17T00:00:00Z,True,17.2092867066,i-070c00466dbf20c5a
2026-06-16T00:00:00Z,2026-06-17T00:00:00Z,True,10.6921351111,i-071cd9a6a85f635d0
2026-06-16T00:00:00Z,2026-06-17T00:00:00Z,True,17.2092867066,i-073aec7ee76a8bb3c
2026-06-16T00:00:00Z,2026-06-17T00:00:00Z,True,1.16818,i-073b4374daf26a239
2026-06-16T00:00:00Z,2026-06-17T00:00:00Z,True,0.488704866,i-073c39273bfb35487
2026-06-16T00:00:00Z,2026-06-17T00:00:00Z,True,26.7293347352,i-0769eaf4c4eb27b28
2026-06-16T00:00:00Z,2026-06-17T00:00:00Z,True,1.025098794,i-07824f66bebd8d2d9
2026-06-16T00:00:00Z,2026-06-17T00:00:00Z,True,1.3819924788,i-0788903f95f8d8383
2026-06-16T00:00:00Z,2026-06-17T00:00:00Z,True,0.6689449833,i-0788a29393605a1a5
2026-06-16T00:00:00Z,2026-06-17T00:00:00Z,True,5.3956187629,i-078a57a588a223c54
2026-06-16T00:00:00Z,2026-06-17T00:00:00Z,True,0.6334027344,i-07ba8ace87fabe61a
2026-06-16T00:00:00Z,2026-06-17T00:00:00Z,True,7.9927628254,i-07df3a933e4839f52
2026-06-16T00:00:00Z,2026-06-17T00:00:00Z,True,11.6631745943,i-07e25cfc988bcc064
2026-06-16T00:00:00Z,2026-06-17T00:00:00Z,True,0.566699397,i-07e75d794044a6339
2026-06-16T00:00:00Z,2026-06-17T00:00:00Z,True,2.445358572,i-07ee6bcb0cb84eaae
2026-06-16T00:00:00Z,2026-06-17T00:00:00Z,True,14.577,i-07ff99b08211bdb0e
2026-06-16T00:00:00Z,2026-06-17T00:00:00Z,True,1.2613481943,i-081e746e9bd36884f
2026-06-16T00:00:00Z,2026-06-17T00:00:00Z,True,16.4865997098,i-0836a648ac65aeab6
2026-06-16T00:00:00Z,2026-06-17T00:00:00Z,True,10.5399544627,i-083d9425ac0f252af
2026-06-16T00:00:00Z,2026-06-17T00:00:00Z,True,11.19349125,i-084f0aa04ef97565a
2026-06-16T00:00:00Z,2026-06-17T00:00:00Z,True,0.5079928889,i-08595d35cbfb2087e
2026-06-16T00:00:00Z,2026-06-17T00:00:00Z,True,0.4871500335,i-0866790753da06bb2
2026-06-16T00:00:00Z,2026-06-17T00:00:00Z,True,0.6270513183,i-086ca32abdcc00bdb
2026-06-16T00:00:00Z,2026-06-17T00:00:00Z,True,0.3795165,i-086e67926168fa324
2026-06-16T00:00:00Z,2026-06-17T00:00:00Z,True,9.110282,i-0884afc792d712dac
2026-06-16T00:00:00Z,2026-06-17T00:00:00Z,True,14.2391052624,i-0894e37596823e835
2026-06-16T00:00:00Z,2026-06-17T00:00:00Z,True,0.5757915,i-08c0c7404c0f3e392
2026-06-16T00:00:00Z,2026-06-17T00:00:00Z,True,11.4665854556,i-08cab2247f26d8a57
2026-06-16T00:00:00Z,2026-06-17T00:00:00Z,True,1.2159847608,i-08d65b5881532e8bb
2026-06-16T00:00:00Z,2026-06-17T00:00:00Z,True,14.5213118718,i-08df9d02d86f3aabb
2026-06-16T00:00:00Z,2026-06-17T00:00:00Z,True,12.3099855508,i-08e03a1e105381511
2026-06-16T00:00:00Z,2026-06-17T00:00:00Z,True,1.18278225,i-08ec71e3d2cbde90f
2026-06-16T00:00:00Z,2026-06-17T00:00:00Z,True,7.1013536574,i-0905085e3b32a1b25
2026-06-16T00:00:00Z,2026-06-17T00:00:00Z,True,7.2195443434,i-09126000eb19643b0
2026-06-16T00:00:00Z,2026-06-17T00:00:00Z,True,0.469506675,i-09429d67ab4f05818
2026-06-16T00:00:00Z,2026-06-17T00:00:00Z,True,0.5305228417,i-0951bef41d1990bc5
2026-06-16T00:00:00Z,2026-06-17T00:00:00Z,True,3.5491516409,i-096754acd1994f0e3
2026-06-16T00:00:00Z,2026-06-17T00:00:00Z,True,19.0682690224,i-098ce8095dc64d6f7
2026-06-16T00:00:00Z,2026-06-17T00:00:00Z,True,25.5002603581,i-09985bd0774b2c86e
2026-06-16T00:00:00Z,2026-06-17T00:00:00Z,True,8.8859027712,i-09a2e1c7538131cf6
2026-06-16T00:00:00Z,2026-06-17T00:00:00Z,True,0.5229476005,i-09b6ddd97c0c27f35
2026-06-16T00:00:00Z,2026-06-17T00:00:00Z,True,12.3910046624,i-09da1169c02681e21
2026-06-16T00:00:00Z,2026-06-17T00:00:00Z,True,0.9737351624,i-09f2d80cf48c0d3a6
2026-06-16T00:00:00Z,2026-06-17T00:00:00Z,True,0.4992,i-09f66b3f11ea42c60
2026-06-16T00:00:00Z,2026-06-17T00:00:00Z,True,0.963627678,i-09fdb7c171e98b0cc
2026-06-16T00:00:00Z,2026-06-17T00:00:00Z,True,2.4708015,i-0a165e390f7c1c736
2026-06-16T00:00:00Z,2026-06-17T00:00:00Z,True,1.860803,i-0a18b840ca6606e32
2026-06-16T00:00:00Z,2026-06-17T00:00:00Z,True,0.5002124784,i-0a255f040e6e40f48
2026-06-16T00:00:00Z,2026-06-17T00:00:00Z,True,10.9983886111,i-0a25ec6838dd6346f
2026-06-16T00:00:00Z,2026-06-17T00:00:00Z,True,0.1553552278,i-0a3c60bb9023392d3
2026-06-16T00:00:00Z,2026-06-17T00:00:00Z,True,4.7475275088,i-0a418e1bc5aedd1cd
2026-06-16T00:00:00Z,2026-06-17T00:00:00Z,True,0.8370579906,i-0a429eaaf6839cecb
2026-06-16T00:00:00Z,2026-06-17T00:00:00Z,True,1.024096608,i-0a43f371f3d49ee9c
2026-06-16T00:00:00Z,2026-06-17T00:00:00Z,True,1.24379575,i-0a64b9fd09c759c9c
2026-06-16T00:00:00Z,2026-06-17T00:00:00Z,True,0.2357275648,i-0a67ca1ffe7163162
2026-06-16T00:00:00Z,2026-06-17T00:00:00Z,True,0.6818802441,i-0a6d8ea1213b3b9b2
2026-06-16T00:00:00Z,2026-06-17T00:00:00Z,True,10.8638740536,i-0a704412a459dd791
2026-06-16T00:00:00Z,2026-06-17T00:00:00Z,True,7.219458729,i-0a70e6af119b993f3
2026-06-16T00:00:00Z,2026-06-17T00:00:00Z,True,3.9490612317,i-0a740dd8d13294061
2026-06-16T00:00:00Z,2026-06-17T00:00:00Z,True,0.6108853148,i-0a81ece7c29b44e83
2026-06-16T00:00:00Z,2026-06-17T00:00:00Z,True,1.7904760382,i-0a8504334e2352350
2026-06-16T00:00:00Z,2026-06-17T00:00:00Z,True,0.4894106778,i-0a94a0876bdf09abc
2026-06-16T00:00:00Z,2026-06-17T00:00:00Z,True,0.6689166232,i-0aa62c0e832af5507
2026-06-16T00:00:00Z,2026-06-17T00:00:00Z,True,14.5949632366,i-0aa6913ea64192018
2026-06-16T00:00:00Z,2026-06-17T00:00:00Z,True,5.80849225,i-0aa869c28a8d18329
2026-06-16T00:00:00Z,2026-06-17T00:00:00Z,True,0.7283641574,i-0ab34940f40590793
2026-06-16T00:00:00Z,2026-06-17T00:00:00Z,True,0.2496,i-0ab7116abc8229a16
2026-06-16T00:00:00Z,2026-06-17T00:00:00Z,True,4.4147449697,i-0abca5c949dacd7db
2026-06-16T00:00:00Z,2026-06-17T00:00:00Z,True,11.1078827873,i-0ac716fdb2dcce1af
2026-06-16T00:00:00Z,2026-06-17T00:00:00Z,True,12.5374622457,i-0ace2431a84ae7ab9
2026-06-16T00:00:00Z,2026-06-17T00:00:00Z,True,28.9815152976,i-0ae3688e0a889cafd
2026-06-16T00:00:00Z,2026-06-17T00:00:00Z,True,3.6481725561,i-0b04ed5b92d312c8b
2026-06-16T00:00:00Z,2026-06-17T00:00:00Z,True,2.9371780053,i-0b073cefba2983cc4
2026-06-16T00:00:00Z,2026-06-17T00:00:00Z,True,20.1117272338,i-0b3c0f648472e89f1
2026-06-16T00:00:00Z,2026-06-17T00:00:00Z,True,11.8555746574,i-0b5eb47608f95a3cf
2026-06-16T00:00:00Z,2026-06-17T00:00:00Z,True,8.0075103693,i-0b6713cc15f74d360
2026-06-16T00:00:00Z,2026-06-17T00:00:00Z,True,7.1972384439,i-0b78b4902176c28df
2026-06-16T00:00:00Z,2026-06-17T00:00:00Z,True,9.6758542873,i-0b8fa7eabbb691ce6
2026-06-16T00:00:00Z,2026-06-17T00:00:00Z,True,17.1309698648,i-0bc1f2889a86bf8e1
2026-06-16T00:00:00Z,2026-06-17T00:00:00Z,True,0.406347068,i-0bc5dca8d2d4aed17
2026-06-16T00:00:00Z,2026-06-17T00:00:00Z,True,0.2496,i-0c0d07d66b039cebe
2026-06-16T00:00:00Z,2026-06-17T00:00:00Z,True,16.0792306194,i-0c101db7e4d87de71
2026-06-16T00:00:00Z,2026-06-17T00:00:00Z,True,0.3803048189,i-0c1f322cc7db5eea8
2026-06-16T00:00:00Z,2026-06-17T00:00:00Z,True,0.9855730236,i-0c1f741ebe3da7503
2026-06-16T00:00:00Z,2026-06-17T00:00:00Z,True,0.5104992754,i-0c27f46c4bc93690f
2026-06-16T00:00:00Z,2026-06-17T00:00:00Z,True,1.89937125,i-0c50ecf9d37d4a6e7
2026-06-16T00:00:00Z,2026-06-17T00:00:00Z,True,1.5559515101,i-0c52e510d7f9e8f32
2026-06-16T00:00:00Z,2026-06-17T00:00:00Z,True,17.2917617436,i-0c6708d6d0d075af4
2026-06-16T00:00:00Z,2026-06-17T00:00:00Z,True,0.4627995652,i-0c685f2fbbd4e3336
2026-06-16T00:00:00Z,2026-06-17T00:00:00Z,True,1.3122432608,i-0c6ada5821e9d0c0f
2026-06-16T00:00:00Z,2026-06-17T00:00:00Z,True,10.3044353992,i-0c8f06f4c3da93ba4
2026-06-16T00:00:00Z,2026-06-17T00:00:00Z,True,0.6991429492,i-0ca66a21f1e9e99e5
2026-06-16T00:00:00Z,2026-06-17T00:00:00Z,True,0.44276925,i-0cac88ea3f543815e
2026-06-16T00:00:00Z,2026-06-17T00:00:00Z,True,1.1665562298,i-0cc066fbdf958c84c
2026-06-16T00:00:00Z,2026-06-17T00:00:00Z,True,0.2496,i-0cc9dcb0db2f9d205
2026-06-16T00:00:00Z,2026-06-17T00:00:00Z,True,0.4248790722,i-0cf072507a5863d1a
2026-06-16T00:00:00Z,2026-06-17T00:00:00Z,True,1.3672696352,i-0cf581600ebd22616
2026-06-16T00:00:00Z,2026-06-17T00:00:00Z,True,0.9857716232,i-0cfcdf595ad83c8c2
2026-06-16T00:00:00Z,2026-06-17T00:00:00Z,True,2.7448820557,i-0d002c558194ecbc3
2026-06-16T00:00:00Z,2026-06-17T00:00:00Z,True,7.8422903637,i-0d2210532b6325121
2026-06-16T00:00:00Z,2026-06-17T00:00:00Z,True,1.1523089794,i-0d3ba8637fcab8871
2026-06-16T00:00:00Z,2026-06-17T00:00:00Z,True,14.3459183074,i-0d417d3df0a49fc70
2026-06-16T00:00:00Z,2026-06-17T00:00:00Z,True,5.9221862313,i-0d640be3199d0b64c
2026-06-16T00:00:00Z,2026-06-17T00:00:00Z,True,8.2289856363,i-0d65cbb2dca4a7ac8
2026-06-16T00:00:00Z,2026-06-17T00:00:00Z,True,10.0378654576,i-0d67fc064c95f1c5a
2026-06-16T00:00:00Z,2026-06-17T00:00:00Z,True,0.42910625,i-0d7056554c069850e
2026-06-16T00:00:00Z,2026-06-17T00:00:00Z,True,29.67463775,i-0da37acbe4fdc1324
2026-06-16T00:00:00Z,2026-06-17T00:00:00Z,True,6.866025,i-0db7ba163161f8e33
2026-06-16T00:00:00Z,2026-06-17T00:00:00Z,True,1.27528425,i-0dbc96471835fd3dc
2026-06-16T00:00:00Z,2026-06-17T00:00:00Z,True,23.4849345,i-0dbe27f0e2495a6f3
2026-06-16T00:00:00Z,2026-06-17T00:00:00Z,True,0.4886080676,i-0dc03ccee57671d8d
2026-06-16T00:00:00Z,2026-06-17T00:00:00Z,True,8.007502753,i-0de9e3f8d3208cf03
2026-06-16T00:00:00Z,2026-06-17T00:00:00Z,True,0.535482,i-0df29f3c8e01473ce
2026-06-16T00:00:00Z,2026-06-17T00:00:00Z,True,0.4962256774,i-0e227e8a586222d1d
2026-06-16T00:00:00Z,2026-06-17T00:00:00Z,True,10.2801766462,i-0e24c1df8d2c799d7
2026-06-16T00:00:00Z,2026-06-17T00:00:00Z,True,2.3241360508,i-0e2b8f3b7411c3d62
2026-06-16T00:00:00Z,2026-06-17T00:00:00Z,True,19.34689725,i-0e33819a0ce9afe15
2026-06-16T00:00:00Z,2026-06-17T00:00:00Z,True,1.1908952601,i-0e371680d77c76676
2026-06-16T00:00:00Z,2026-06-17T00:00:00Z,True,14.3459183074,i-0e459c7391d86e4f9
2026-06-16T00:00:00Z,2026-06-17T00:00:00Z,True,1.0129233854,i-0e542c342cb689d1f
2026-06-16T00:00:00Z,2026-06-17T00:00:00Z,True,15.6432232554,i-0e6d6674b29ce5c45
2026-06-16T00:00:00Z,2026-06-17T00:00:00Z,True,8.0075210259,i-0e70fab85d559c615
2026-06-16T00:00:00Z,2026-06-17T00:00:00Z,True,2.32885125,i-0e7816df972420777
2026-06-16T00:00:00Z,2026-06-17T00:00:00Z,True,0.1156444278,i-0e8084b7f4a6232ae
2026-06-16T00:00:00Z,2026-06-17T00:00:00Z,True,1.2362131233,i-0e82cf08f9cbe8b4a
2026-06-16T00:00:00Z,2026-06-17T00:00:00Z,True,6.6606646072,i-0e96c4f61317f9b3c
2026-06-16T00:00:00Z,2026-06-17T00:00:00Z,True,3.0548067027,i-0e96d319ca725f160
2026-06-16T00:00:00Z,2026-06-17T00:00:00Z,True,6.7152298863,i-0eb84e210161e7f8c
2026-06-16T00:00:00Z,2026-06-17T00:00:00Z,True,1.2639065101,i-0ec22afe7e4f45cc6
2026-06-16T00:00:00Z,2026-06-17T00:00:00Z,True,1.0490655128,i-0ed4539fe679da006
2026-06-16T00:00:00Z,2026-06-17T00:00:00Z,True,1.1895662553,i-0ee8cfc5ca401495a
2026-06-16T00:00:00Z,2026-06-17T00:00:00Z,True,0.5594477944,i-0eeefb7ebc6bb1529
2026-06-16T00:00:00Z,2026-06-17T00:00:00Z,True,0.5340752079,i-0ef6c4b1706481a0c
2026-06-16T00:00:00Z,2026-06-17T00:00:00Z,True,8.4027315379,i-0f06efce6360eb278
2026-06-16T00:00:00Z,2026-06-17T00:00:00Z,True,0.1630863697,i-0f0a725f694d67961
2026-06-16T00:00:00Z,2026-06-17T00:00:00Z,True,13.6556622338,i-0f1632a2e7eb09818
2026-06-16T00:00:00Z,2026-06-17T00:00:00Z,True,0.5584875,i-0f28b8846419d660f
2026-06-16T00:00:00Z,2026-06-17T00:00:00Z,True,1.1730454697,i-0f2b4e8494e714288
2026-06-16T00:00:00Z,2026-06-17T00:00:00Z,True,1.2655302803,i-0f51884c35db71e5d
2026-06-16T00:00:00Z,2026-06-17T00:00:00Z,True,1.7860969947,i-0f53cc74f574e82e1
2026-06-16T00:00:00Z,2026-06-17T00:00:00Z,True,12.7450655693,i-0f5927e876f1aedd3
2026-06-16T00:00:00Z,2026-06-17T00:00:00Z,True,5.6924271389,i-0f5c11091a5f0942d
2026-06-16T00:00:00Z,2026-06-17T00:00:00Z,True,0.5734952722,i-0f5f728faa0574044
2026-06-16T00:00:00Z,2026-06-17T00:00:00Z,True,0.5076199402,i-0f6b1013ba2a8fb53
2026-06-16T00:00:00Z,2026-06-17T00:00:00Z,True,16.4448945,i-0f7c2c08cde0543ef
2026-06-16T00:00:00Z,2026-06-17T00:00:00Z,True,3.7223652816,i-0f7d21b00292169ee
2026-06-16T00:00:00Z,2026-06-17T00:00:00Z,True,0.5232941856,i-0f87d703cbef1881a
2026-06-16T00:00:00Z,2026-06-17T00:00:00Z,True,10.3648172037,i-0f94b57e9a15112f5
2026-06-16T00:00:00Z,2026-06-17T00:00:00Z,True,8.3183656906,i-0fbb46f5e13eb55bc
2026-06-16T00:00:00Z,2026-06-17T00:00:00Z,True,0.5888562732,i-0fc4bab7191d8dc2a
2026-06-16T00:00:00Z,2026-06-17T00:00:00Z,True,2.0032398036,i-0fcac5310f740d21f
2026-06-16T00:00:00Z,2026-06-17T00:00:00Z,True,34.0027798098,i-0fd49ae30fc10b04e
2026-06-16T00:00:00Z,2026-06-17T00:00:00Z,True,13.2929273094,i-0fdef56268effba5f
2026-06-16T00:00:00Z,2026-06-17T00:00:00Z,True,0.2016,i-0fec5d1a28b6d27aa
2026-06-16T00:00:00Z,2026-06-17T00:00:00Z,True,0.8440591256,i-0ff4afc382d89ce73
2026-06-16T00:00:00Z,2026-06-17T00:00:00Z,True,8.8393227873,i-0ff9b898a3d83fabf
2026-06-17T00:00:00Z,2026-06-18T00:00:00Z,True,0.0,arn:aws:ec2:ap-south-1:108782052779:natgateway/nat-01dc061291fc51e75
2026-06-17T00:00:00Z,2026-06-18T00:00:00Z,True,0.0,arn:aws:ec2:ap-south-1:108782052779:natgateway/nat-05f85018216cac061
2026-06-17T00:00:00Z,2026-06-18T00:00:00Z,True,1.646e-07,arn:aws:ec2:eu-central-1:108782052779:natgateway/nat-0a2bfbfedf38f8e87
2026-06-17T00:00:00Z,2026-06-18T00:00:00Z,True,8.76e-08,arn:aws:ec2:eu-central-1:108782052779:natgateway/nat-0ec6ae9605269bef4
2026-06-17T00:00:00Z,2026-06-18T00:00:00Z,True,1.68e-07,arn:aws:ec2:us-east-1:108782052779:natgateway/nat-089a96601cfd34f9d
2026-06-17T00:00:00Z,2026-06-18T00:00:00Z,True,6.08e-08,arn:aws:ec2:us-west-2:108782052779:natgateway/nat-00246c8ef3b9087f1
2026-06-17T00:00:00Z,2026-06-18T00:00:00Z,True,0.0016132133,arn:aws:ec2:us-west-2:108782052779:natgateway/nat-00ac08b685fea726f
2026-06-17T00:00:00Z,2026-06-18T00:00:00Z,True,0.0027839709,arn:aws:ec2:us-west-2:108782052779:natgateway/nat-00f3c26e43ede9b10
2026-06-17T00:00:00Z,2026-06-18T00:00:00Z,True,0.000892079,arn:aws:ec2:us-west-2:108782052779:natgateway/nat-0234e77781575cced
2026-06-17T00:00:00Z,2026-06-18T00:00:00Z,True,0.0014301608,arn:aws:ec2:us-west-2:171675361862:natgateway/nat-01432c586ef9dbf51
2026-06-17T00:00:00Z,2026-06-18T00:00:00Z,True,0.2725694688,i-00344bca867e0fe88
2026-06-17T00:00:00Z,2026-06-18T00:00:00Z,True,5.36027092,i-00355c58f30640d2d
2026-06-17T00:00:00Z,2026-06-18T00:00:00Z,True,20.8235043228,i-003bc9495982802e5
2026-06-17T00:00:00Z,2026-06-18T00:00:00Z,True,0.8615634216,i-0055ba814fa833e19
2026-06-17T00:00:00Z,2026-06-18T00:00:00Z,True,3.4774843887,i-005936065c89b00da
2026-06-17T00:00:00Z,2026-06-18T00:00:00Z,True,7.6890738752,i-005e77a7137dd6191
2026-06-17T00:00:00Z,2026-06-18T00:00:00Z,True,2.311338843,i-008864ebcd745163e
2026-06-17T00:00:00Z,2026-06-18T00:00:00Z,True,1.0694347389,i-008e27c00814af913
2026-06-17T00:00:00Z,2026-06-18T00:00:00Z,True,1.1012892706,i-008f53c7927ef2ca7
2026-06-17T00:00:00Z,2026-06-18T00:00:00Z,True,4.7668778682,i-0091081cfb978d436
2026-06-17T00:00:00Z,2026-06-18T00:00:00Z,True,2.0918926781,i-00acdf2800a0e40f1
2026-06-17T00:00:00Z,2026-06-18T00:00:00Z,True,9.3636090436,i-00c0ecb5b1d670351
2026-06-17T00:00:00Z,2026-06-18T00:00:00Z,True,8.7418270569,i-00c8c935d7405aa48
2026-06-17T00:00:00Z,2026-06-18T00:00:00Z,True,8.5514676376,i-00d1f9ba6974e795c
2026-06-17T00:00:00Z,2026-06-18T00:00:00Z,True,7.3757019546,i-00d39974f16721564
2026-06-17T00:00:00Z,2026-06-18T00:00:00Z,True,2.5147065072,i-00eeaffbdaf8821c5
2026-06-17T00:00:00Z,2026-06-18T00:00:00Z,True,0.41805525,i-00f1b2ad2cc65b1ee
2026-06-17T00:00:00Z,2026-06-18T00:00:00Z,True,0.2594180703,i-00f621b41d356c9f5
2026-06-17T00:00:00Z,2026-06-18T00:00:00Z,True,1.3369263516,i-010c211f1d3492ebc
2026-06-17T00:00:00Z,2026-06-18T00:00:00Z,True,2.8970710296,i-011a6e574417d2f8a
2026-06-17T00:00:00Z,2026-06-18T00:00:00Z,True,1.518411,i-011ba33a55fc7d087
2026-06-17T00:00:00Z,2026-06-18T00:00:00Z,True,11.0144956184,i-013b553812aab129e
2026-06-17T00:00:00Z,2026-06-18T00:00:00Z,True,11.4255677641,i-017d67e9525adfa5f
2026-06-17T00:00:00Z,2026-06-18T00:00:00Z,True,0.40715325,i-01899e402c4b318d2
2026-06-17T00:00:00Z,2026-06-18T00:00:00Z,True,1.3701069778,i-0189f835a212333ab
2026-06-17T00:00:00Z,2026-06-18T00:00:00Z,True,10.4610519546,i-018aa3c78bfc2cae4
2026-06-17T00:00:00Z,2026-06-18T00:00:00Z,True,6.152650987,i-0198c67d100e0ec8d
2026-06-17T00:00:00Z,2026-06-18T00:00:00Z,True,7.6869755312,i-01b09122cc716924c
2026-06-17T00:00:00Z,2026-06-18T00:00:00Z,True,10.9324255569,i-01b21373821641c54
2026-06-17T00:00:00Z,2026-06-18T00:00:00Z,True,33.9128362611,i-01bde407796a04101
2026-06-17T00:00:00Z,2026-06-18T00:00:00Z,True,22.5265046423,i-01be047221a78ae84
2026-06-17T00:00:00Z,2026-06-18T00:00:00Z,True,6.9876713478,i-01bfad10686ac54c0
2026-06-17T00:00:00Z,2026-06-18T00:00:00Z,True,0.1921790388,i-01c8d35572c65fee3
2026-06-17T00:00:00Z,2026-06-18T00:00:00Z,True,7.6959285072,i-01d318c0ec75f4bd1
2026-06-17T00:00:00Z,2026-06-18T00:00:00Z,True,3.9936,i-01db42c813d037c0e
2026-06-17T00:00:00Z,2026-06-18T00:00:00Z,True,3.1328094281,i-01fadec043d91b8e4
2026-06-17T00:00:00Z,2026-06-18T00:00:00Z,True,0.5403487944,i-01fba1fd32f60afd1
2026-06-17T00:00:00Z,2026-06-18T00:00:00Z,True,2.9643634216,i-01ff016717d30daa1
2026-06-17T00:00:00Z,2026-06-18T00:00:00Z,True,4.02629325,i-02143e24c7e0a3a4a
2026-06-17T00:00:00Z,2026-06-18T00:00:00Z,True,2.0665423218,i-021668ba1d775aa46
2026-06-17T00:00:00Z,2026-06-18T00:00:00Z,True,1.820937,i-0216eeefae2e1de47
2026-06-17T00:00:00Z,2026-06-18T00:00:00Z,True,1.3808510324,i-021af9cb8fec91476
2026-06-17T00:00:00Z,2026-06-18T00:00:00Z,True,10.8460454436,i-0222404093d9148a7
2026-06-17T00:00:00Z,2026-06-18T00:00:00Z,True,9.6979632565,i-023799a370379d6f5
2026-06-17T00:00:00Z,2026-06-18T00:00:00Z,True,0.3720291651,i-0241ff231f7e21d06
2026-06-17T00:00:00Z,2026-06-18T00:00:00Z,True,30.7110292502,i-024d6bc95975dff25
2026-06-17T00:00:00Z,2026-06-18T00:00:00Z,True,2.2683271758,i-024fbb3d1c5edbeff
2026-06-17T00:00:00Z,2026-06-18T00:00:00Z,True,5.5899426324,i-026b63dede05dd3bd
2026-06-17T00:00:00Z,2026-06-18T00:00:00Z,True,1.0943536387,i-028d0c44fbcd723cf
2026-06-17T00:00:00Z,2026-06-18T00:00:00Z,True,18.7434770065,i-029ac24c5380b9aff
2026-06-17T00:00:00Z,2026-06-18T00:00:00Z,True,1.0900149939,i-02a5626e894a04a0e
2026-06-17T00:00:00Z,2026-06-18T00:00:00Z,True,0.4503037248,i-02b9634663d29bf2e
2026-06-17T00:00:00Z,2026-06-18T00:00:00Z,True,21.3000785359,i-02bf8b853fc512463
2026-06-17T00:00:00Z,2026-06-18T00:00:00Z,True,29.2797629778,i-02c5596a5ce9dcdb6
2026-06-17T00:00:00Z,2026-06-18T00:00:00Z,True,7.6838261248,i-02cd5b168d4d13603
2026-06-17T00:00:00Z,2026-06-18T00:00:00Z,True,9.4051773069,i-02d80aa9c9721d5f6
2026-06-17T00:00:00Z,2026-06-18T00:00:00Z,True,7.6890738752,i-02d914ca2403d3d1c
2026-06-17T00:00:00Z,2026-06-18T00:00:00Z,True,31.7962565162,i-02e0e7a23bd3bcfa0
2026-06-17T00:00:00Z,2026-06-18T00:00:00Z,True,0.2444061928,i-02ef1a9bdee03c2f8
2026-06-17T00:00:00Z,2026-06-18T00:00:00Z,True,1.0603580768,i-02f049ba43c724e53
2026-06-17T00:00:00Z,2026-06-18T00:00:00Z,True,8.2036000908,i-02f9886d73f6f1e1a
2026-06-17T00:00:00Z,2026-06-18T00:00:00Z,True,10.1251941248,i-030dd6234a978afe9
2026-06-17T00:00:00Z,2026-06-18T00:00:00Z,True,21.2901307506,i-031e3e9906cd30109
2026-06-17T00:00:00Z,2026-06-18T00:00:00Z,True,7.3713357464,i-03420c5e2d8ced5a0
2026-06-17T00:00:00Z,2026-06-18T00:00:00Z,True,17.282388,i-0358e83667c2a2c16
2026-06-17T00:00:00Z,2026-06-18T00:00:00Z,True,0.8544525,i-037261ecc8335ce95
2026-06-17T00:00:00Z,2026-06-18T00:00:00Z,True,2.0817250718,i-037fc4e52dcdaaf73
2026-06-17T00:00:00Z,2026-06-18T00:00:00Z,True,2.1540939768,i-03853c6a000117ef0
2026-06-17T00:00:00Z,2026-06-18T00:00:00Z,True,10.4875625141,i-0389c3703ec8dc8a3
2026-06-17T00:00:00Z,2026-06-18T00:00:00Z,True,1.168519,i-0389f64816b79883e
2026-06-17T00:00:00Z,2026-06-18T00:00:00Z,True,14.9518562847,i-038f55bcffe88a6e3
2026-06-17T00:00:00Z,2026-06-18T00:00:00Z,True,2.400507,i-03a18e25cdadc5bd7
2026-06-17T00:00:00Z,2026-06-18T00:00:00Z,True,2.2296315,i-03b30262d2d8ddc8d
2026-06-17T00:00:00Z,2026-06-18T00:00:00Z,True,9.0606424431,i-03c6d520cedc9a4c7
2026-06-17T00:00:00Z,2026-06-18T00:00:00Z,True,10.9926422641,i-03ddc5f9fe196d96d
2026-06-17T00:00:00Z,2026-06-18T00:00:00Z,True,35.9221884676,i-03dfc111870ce5fd0
2026-06-17T00:00:00Z,2026-06-18T00:00:00Z,True,0.3387842108,i-0419fe62b4d3eb422
2026-06-17T00:00:00Z,2026-06-18T00:00:00Z,True,22.2293690296,i-041d51efd72351624
2026-06-17T00:00:00Z,2026-06-18T00:00:00Z,True,12.0801341198,i-04423cc92a14a2430
2026-06-17T00:00:00Z,2026-06-18T00:00:00Z,True,3.2134795,i-04553b0be510ca0ce
2026-06-17T00:00:00Z,2026-06-18T00:00:00Z,True,18.8266379704,i-047e7cd61da87fa6c
2026-06-17T00:00:00Z,2026-06-18T00:00:00Z,True,9.3431213544,i-04915a55059b73854
2026-06-17T00:00:00Z,2026-06-18T00:00:00Z,True,7.7569425936,i-0497f9a341fbc246c
2026-06-17T00:00:00Z,2026-06-18T00:00:00Z,True,14.5671486352,i-04b82b496e3ef93e3
2026-06-17T00:00:00Z,2026-06-18T00:00:00Z,True,36.6975340162,i-04b9f454fc13fdb56
2026-06-17T00:00:00Z,2026-06-18T00:00:00Z,True,0.9612302388,i-04c28f045e1cc53ad
2026-06-17T00:00:00Z,2026-06-18T00:00:00Z,True,1.9419340136,i-04c71be2ce982fad5
2026-06-17T00:00:00Z,2026-06-18T00:00:00Z,True,0.1249060826,i-04d3a8c6aae87f818
2026-06-17T00:00:00Z,2026-06-18T00:00:00Z,True,1.7868086916,i-04dfa6ab09b193d00
2026-06-17T00:00:00Z,2026-06-18T00:00:00Z,True,7.6890738752,i-04e30b19aa2f7d375
2026-06-17T00:00:00Z,2026-06-18T00:00:00Z,True,0.8462183088,i-04f54a13d3fc3a6a8
2026-06-17T00:00:00Z,2026-06-18T00:00:00Z,True,9.8143254064,i-04f77ad5bfb42c800
2026-06-17T00:00:00Z,2026-06-18T00:00:00Z,True,2.0759809273,i-04fa26dde7c011b41
2026-06-17T00:00:00Z,2026-06-18T00:00:00Z,True,3.0454578972,i-04fd1aff0dfc334f3
2026-06-17T00:00:00Z,2026-06-18T00:00:00Z,True,0.0929468608,i-0508dc424801276f0
2026-06-17T00:00:00Z,2026-06-18T00:00:00Z,True,3.2237318834,i-0514be50d808eb561
2026-06-17T00:00:00Z,2026-06-18T00:00:00Z,True,1.0004152683,i-051c2e0e351777aa3
2026-06-17T00:00:00Z,2026-06-18T00:00:00Z,True,23.7630546064,i-052b8efb06f2e7a5c
2026-06-17T00:00:00Z,2026-06-18T00:00:00Z,True,10.4610519546,i-052ea3319c9d55673
2026-06-17T00:00:00Z,2026-06-18T00:00:00Z,True,0.3729917088,i-05394b802415af947
2026-06-17T00:00:00Z,2026-06-18T00:00:00Z,True,0.3132420792,i-055875c4d7e194d4d
2026-06-17T00:00:00Z,2026-06-18T00:00:00Z,True,1.2437057444,i-057c813e48cc3df00
2026-06-17T00:00:00Z,2026-06-18T00:00:00Z,True,3.4811840742,i-058aa9e30992d7e63
2026-06-17T00:00:00Z,2026-06-18T00:00:00Z,True,10.6418840724,i-058e3f654767b1f24
2026-06-17T00:00:00Z,2026-06-18T00:00:00Z,True,22.0726857818,i-058ef46381af02e8c
2026-06-17T00:00:00Z,2026-06-18T00:00:00Z,True,11.0773967077,i-0591c9fe589f28fc0
2026-06-17T00:00:00Z,2026-06-18T00:00:00Z,True,25.4018304521,i-05b2743c3c3fffa93
2026-06-17T00:00:00Z,2026-06-18T00:00:00Z,True,1.4699054392,i-05b89999bcd2ae20c
2026-06-17T00:00:00Z,2026-06-18T00:00:00Z,True,12.69704,i-05c5754d54704e0e1
2026-06-17T00:00:00Z,2026-06-18T00:00:00Z,True,1.0320091418,i-05d02df10ad351d76
2026-06-17T00:00:00Z,2026-06-18T00:00:00Z,True,0.6846226812,i-05d41a3ef4bdea79b
2026-06-17T00:00:00Z,2026-06-18T00:00:00Z,True,1.5548961366,i-05d7f729f4df51970
2026-06-17T00:00:00Z,2026-06-18T00:00:00Z,True,8.0082140105,i-05de16a24310099c5
2026-06-17T00:00:00Z,2026-06-18T00:00:00Z,True,0.4690409878,i-05f997113eed54151
2026-06-17T00:00:00Z,2026-06-18T00:00:00Z,True,4.0571287696,i-0602eb480554745af
2026-06-17T00:00:00Z,2026-06-18T00:00:00Z,True,1.0303618806,i-060901a537d58d98c
2026-06-17T00:00:00Z,2026-06-18T00:00:00Z,True,31.76884375,i-060a11a2ecc986d63
2026-06-17T00:00:00Z,2026-06-18T00:00:00Z,True,1.3850689258,i-061bc37155755d208
2026-06-17T00:00:00Z,2026-06-18T00:00:00Z,True,19.1563745065,i-061df83bfd0b2b3ff
2026-06-17T00:00:00Z,2026-06-18T00:00:00Z,True,82.1701640112,i-06448da2f38d9bf92
2026-06-17T00:00:00Z,2026-06-18T00:00:00Z,True,2.1912466456,i-06512f3f69dc59fce
2026-06-17T00:00:00Z,2026-06-18T00:00:00Z,True,7.681724,i-065af222a2523ee1d
2026-06-17T00:00:00Z,2026-06-18T00:00:00Z,True,7.2192148492,i-068f3aad2bedb9fa6
2026-06-17T00:00:00Z,2026-06-18T00:00:00Z,True,0.7786693188,i-0699922fdff19b027
2026-06-17T00:00:00Z,2026-06-18T00:00:00Z,True,1.5508759373,i-06b9fa2bded2eccc9
2026-06-17T00:00:00Z,2026-06-18T00:00:00Z,True,1.0774451817,i-06bc1da635a7006a8
2026-06-17T00:00:00Z,2026-06-18T00:00:00Z,True,77.8412308797,i-06bd2e4fc1dea06c1
2026-06-17T00:00:00Z,2026-06-18T00:00:00Z,True,7.6880265936,i-06e6b3e40616b1e0e
2026-06-17T00:00:00Z,2026-06-18T00:00:00Z,True,0.1373205888,i-06f273ba35ab95167
2026-06-17T00:00:00Z,2026-06-18T00:00:00Z,True,0.9727551418,i-0707102c13df9b00a
2026-06-17T00:00:00Z,2026-06-18T00:00:00Z,True,2.0817250718,i-071743ffad7550edf
2026-06-17T00:00:00Z,2026-06-18T00:00:00Z,True,0.8265181568,i-071dff9448bb7aa63
2026-06-17T00:00:00Z,2026-06-18T00:00:00Z,True,2.6595472392,i-072b902b48498b537
2026-06-17T00:00:00Z,2026-06-18T00:00:00Z,True,9.3479643228,i-0755a674c5c15db88
2026-06-17T00:00:00Z,2026-06-18T00:00:00Z,True,13.7955029935,i-079b5f72994bd45ae
2026-06-17T00:00:00Z,2026-06-18T00:00:00Z,True,8.6307270624,i-07a79d01157216cf8
2026-06-17T00:00:00Z,2026-06-18T00:00:00Z,True,2.0692794864,i-07ac55694afd18fc4
2026-06-17T00:00:00Z,2026-06-18T00:00:00Z,True,29.6145990222,i-07cfd2f559f0adb3f
2026-06-17T00:00:00Z,2026-06-18T00:00:00Z,True,0.9727551418,i-07d11ec93a7f4aa05
2026-06-17T00:00:00Z,2026-06-18T00:00:00Z,True,3.9860785727,i-07d813b36c694cbf8
2026-06-17T00:00:00Z,2026-06-18T00:00:00Z,True,8.0074416307,i-07df3a933e4839f52
2026-06-17T00:00:00Z,2026-06-18T00:00:00Z,True,11.9145911931,i-07e07bd023d808183
2026-06-17T00:00:00Z,2026-06-18T00:00:00Z,True,1.0846069317,i-07ecd5be4345b7791
2026-06-17T00:00:00Z,2026-06-18T00:00:00Z,True,30.1288150333,i-07f2b834a99bc90bb
2026-06-17T00:00:00Z,2026-06-18T00:00:00Z,True,7.6890738752,i-07f9c6234bc106132
2026-06-17T00:00:00Z,2026-06-18T00:00:00Z,True,0.0540723994,i-07ff99b08211bdb0e
2026-06-17T00:00:00Z,2026-06-18T00:00:00Z,True,3.753458487,i-081af24537716b6f2
2026-06-17T00:00:00Z,2026-06-18T00:00:00Z,True,1.107018,i-08209d81faf226533
2026-06-17T00:00:00Z,2026-06-18T00:00:00Z,True,0.9993980148,i-08262fcedd852559b
2026-06-17T00:00:00Z,2026-06-18T00:00:00Z,True,83.2544564291,i-082b8d1897d26223b
2026-06-17T00:00:00Z,2026-06-18T00:00:00Z,True,21.7515709408,i-0836efaea24589d6a
2026-06-17T00:00:00Z,2026-06-18T00:00:00Z,True,31.6799550162,i-0858d13f71189bcd9
2026-06-17T00:00:00Z,2026-06-18T00:00:00Z,True,1.3536155152,i-08690be489a31d380
2026-06-17T00:00:00Z,2026-06-18T00:00:00Z,True,2.2116781194,i-087ae4af0028be6d7
2026-06-17T00:00:00Z,2026-06-18T00:00:00Z,True,2.042188411,i-087f52c706aa136ec
2026-06-17T00:00:00Z,2026-06-18T00:00:00Z,True,3.6284149151,i-088258cd2deb36096
2026-06-17T00:00:00Z,2026-06-18T00:00:00Z,True,2.5258364291,i-0883f59842f09704f
2026-06-17T00:00:00Z,2026-06-18T00:00:00Z,True,0.9084384112,i-0897d56824486a7da
2026-06-17T00:00:00Z,2026-06-18T00:00:00Z,True,1.5785412973,i-08d684ba275cef1d9
2026-06-17T00:00:00Z,2026-06-18T00:00:00Z,True,1.3564635112,i-08dab4fd90820351a
2026-06-17T00:00:00Z,2026-06-18T00:00:00Z,True,1.3943409856,i-08db555a15a033866
2026-06-17T00:00:00Z,2026-06-18T00:00:00Z,True,0.5184097944,i-08df8af6aa99f4794
2026-06-17T00:00:00Z,2026-06-18T00:00:00Z,True,8.4290818752,i-08e0e5f1b38f20c27
2026-06-17T00:00:00Z,2026-06-18T00:00:00Z,True,32.2098052604,i-08fe57718c9d574d7
2026-06-17T00:00:00Z,2026-06-18T00:00:00Z,True,21.1781157818,i-09051b42a3f03c344
2026-06-17T00:00:00Z,2026-06-18T00:00:00Z,True,2.5234327608,i-090dad9714eb40f32
2026-06-17T00:00:00Z,2026-06-18T00:00:00Z,True,7.2195447849,i-09126000eb19643b0
2026-06-17T00:00:00Z,2026-06-18T00:00:00Z,True,3.2100599888,i-091efdeb02fc8c229
2026-06-17T00:00:00Z,2026-06-18T00:00:00Z,True,24.1725549684,i-092d558005a6cdaeb
2026-06-17T00:00:00Z,2026-06-18T00:00:00Z,True,77.9358533609,i-0932c40fbcba8c311
2026-06-17T00:00:00Z,2026-06-18T00:00:00Z,True,0.7527304935,i-093a0522958e2ee95
2026-06-17T00:00:00Z,2026-06-18T00:00:00Z,True,1.4715468581,i-093f0287d7e6f8d71
2026-06-17T00:00:00Z,2026-06-18T00:00:00Z,True,10.5700245141,i-093f863138e9a7d0d
2026-06-17T00:00:00Z,2026-06-18T00:00:00Z,True,1.2332285,i-0941f547acb1ef311
2026-06-17T00:00:00Z,2026-06-18T00:00:00Z,True,8.93673625,i-0942f403e1177308f
2026-06-17T00:00:00Z,2026-06-18T00:00:00Z,True,2.60688546,i-094ed2f6234f6f004
2026-06-17T00:00:00Z,2026-06-18T00:00:00Z,True,9.776123224,i-095c73ef76ceb3f96
2026-06-17T00:00:00Z,2026-06-18T00:00:00Z,True,1.250523,i-09631700469df5a0f
2026-06-17T00:00:00Z,2026-06-18T00:00:00Z,True,10.5310859577,i-09631a957fd620be9
2026-06-17T00:00:00Z,2026-06-18T00:00:00Z,True,5.9072417568,i-0985c959f73f20eae
2026-06-17T00:00:00Z,2026-06-18T00:00:00Z,True,0.3244066281,i-098e953558fb4d0cb
2026-06-17T00:00:00Z,2026-06-18T00:00:00Z,True,10.9238544546,i-09aed8b8140c35bc7
2026-06-17T00:00:00Z,2026-06-18T00:00:00Z,True,1.0596329352,i-09bf235b157b81b6b
2026-06-17T00:00:00Z,2026-06-18T00:00:00Z,True,10.6948637359,i-09d74ad3ebf600f1e
2026-06-17T00:00:00Z,2026-06-18T00:00:00Z,True,1.7695447608,i-09d7a3547e7220b05
2026-06-17T00:00:00Z,2026-06-18T00:00:00Z,True,1.3547537556,i-09e50c1ed62a8c6b6
2026-06-17T00:00:00Z,2026-06-18T00:00:00Z,True,2.2681862706,i-09e740f47efe52ab9
2026-06-17T00:00:00Z,2026-06-18T00:00:00Z,True,10.7618292912,i-09efb26f527701080
2026-06-17T00:00:00Z,2026-06-18T00:00:00Z,True,0.4992,i-09f66b3f11ea42c60
2026-06-17T00:00:00Z,2026-06-18T00:00:00Z,True,18.4778430148,i-09f6df655ed9300af
2026-06-17T00:00:00Z,2026-06-18T00:00:00Z,True,21.6563292912,i-09f75f2b128be7738
2026-06-17T00:00:00Z,2026-06-18T00:00:00Z,True,6.1568992435,i-0a1dc19ea2e9536d8
2026-06-17T00:00:00Z,2026-06-18T00:00:00Z,True,9.4814718672,i-0a2a7951ac827b5c5
2026-06-17T00:00:00Z,2026-06-18T00:00:00Z,True,9.4154576931,i-0a561927f28f9d8fc
2026-06-17T00:00:00Z,2026-06-18T00:00:00Z,True,7.219592372,i-0a70e6af119b993f3
2026-06-17T00:00:00Z,2026-06-18T00:00:00Z,True,2.7363370144,i-0a72f6a143f20a881
2026-06-17T00:00:00Z,2026-06-18T00:00:00Z,True,3.1282096909,i-0a81dc341a64d99d5
2026-06-17T00:00:00Z,2026-06-18T00:00:00Z,True,7.3757019546,i-0a8df7601ec11411c
2026-06-17T00:00:00Z,2026-06-18T00:00:00Z,True,2.7481157088,i-0a98b29692567c244
2026-06-17T00:00:00Z,2026-06-18T00:00:00Z,True,17.4656215,i-0a9f15e6d3221bb12
2026-06-17T00:00:00Z,2026-06-18T00:00:00Z,True,1.0715010144,i-0a9f8366b7655713c
2026-06-17T00:00:00Z,2026-06-18T00:00:00Z,True,21.2205492912,i-0ab222e42777d5a46
2026-06-17T00:00:00Z,2026-06-18T00:00:00Z,True,0.2496,i-0ab7116abc8229a16
2026-06-17T00:00:00Z,2026-06-18T00:00:00Z,True,2.7565995636,i-0ababae960a7c5555
2026-06-17T00:00:00Z,2026-06-18T00:00:00Z,True,2.9530919888,i-0ae9d7e8571fea062
2026-06-17T00:00:00Z,2026-06-18T00:00:00Z,True,12.6415187129,i-0aef856ff77cefa50
2026-06-17T00:00:00Z,2026-06-18T00:00:00Z,True,0.4121632256,i-0afc8801b9be86b73
2026-06-17T00:00:00Z,2026-06-18T00:00:00Z,True,0.3158014557,i-0b0dfa6eb7e33d22f
2026-06-17T00:00:00Z,2026-06-18T00:00:00Z,True,4.4556697388,i-0b1168ab0f92421be
2026-06-17T00:00:00Z,2026-06-18T00:00:00Z,True,21.4029811423,i-0b14a72210653f8a2
2026-06-17T00:00:00Z,2026-06-18T00:00:00Z,True,38.32936,i-0b1616dc4079f2665
2026-06-17T00:00:00Z,2026-06-18T00:00:00Z,True,0.9612302388,i-0b2aea25ca30d644c
2026-06-17T00:00:00Z,2026-06-18T00:00:00Z,True,78.6505706109,i-0b3a8cc0e48ba1f40
2026-06-17T00:00:00Z,2026-06-18T00:00:00Z,True,1.0198809546,i-0b61165925b7da03d
2026-06-17T00:00:00Z,2026-06-18T00:00:00Z,True,8.0082472122,i-0b6713cc15f74d360
2026-06-17T00:00:00Z,2026-06-18T00:00:00Z,True,0.6863307892,i-0b6d455830ce30ace
2026-06-17T00:00:00Z,2026-06-18T00:00:00Z,True,3.3155099292,i-0b7718bdcddc5d761
2026-06-17T00:00:00Z,2026-06-18T00:00:00Z,True,0.9643637088,i-0b7d0c1b28905366e
2026-06-17T00:00:00Z,2026-06-18T00:00:00Z,True,2.6157549564,i-0b912117d3a3767e4
2026-06-17T00:00:00Z,2026-06-18T00:00:00Z,True,1.1505025,i-0b951647d68581b5f
2026-06-17T00:00:00Z,2026-06-18T00:00:00Z,True,0.3761677892,i-0ba1977ea6b99c632
2026-06-17T00:00:00Z,2026-06-18T00:00:00Z,True,38.0041074792,i-0ba42599d16332712
2026-06-17T00:00:00Z,2026-06-18T00:00:00Z,True,1.5564370065,i-0bb152357deebebd5
2026-06-17T00:00:00Z,2026-06-18T00:00:00Z,True,2.0749778577,i-0bb7d8e6c8a36b9d1
2026-06-17T00:00:00Z,2026-06-18T00:00:00Z,True,33.9196690222,i-0be3e58b4de151ef8
2026-06-17T00:00:00Z,2026-06-18T00:00:00Z,True,22.0710278454,i-0be74254bd4233857
2026-06-17T00:00:00Z,2026-06-18T00:00:00Z,True,10.8721882556,i-0bfc3ee3c42e72609
2026-06-17T00:00:00Z,2026-06-18T00:00:00Z,True,2.0332558835,i-0c0aba11560597f2f
2026-06-17T00:00:00Z,2026-06-18T00:00:00Z,True,0.2496,i-0c0d07d66b039cebe
2026-06-17T00:00:00Z,2026-06-18T00:00:00Z,True,2.9942547088,i-0c42d5a7ab8289ada
2026-06-17T00:00:00Z,2026-06-18T00:00:00Z,True,17.8887910254,i-0c5e5e71c902eed29
2026-06-17T00:00:00Z,2026-06-18T00:00:00Z,True,1.4522424768,i-0c6e501a7b4b6d701
2026-06-17T00:00:00Z,2026-06-18T00:00:00Z,True,12.5415179935,i-0c76387ef253af814
2026-06-17T00:00:00Z,2026-06-18T00:00:00Z,True,7.6880265936,i-0c7743ad48bde3a26
2026-06-17T00:00:00Z,2026-06-18T00:00:00Z,True,22.6260366782,i-0c7843d191483cfe4
2026-06-17T00:00:00Z,2026-06-18T00:00:00Z,True,22.1843415,i-0c82cee0243913a11
2026-06-17T00:00:00Z,2026-06-18T00:00:00Z,True,0.7540522056,i-0c9ec2a5a17ac1b1a
2026-06-17T00:00:00Z,2026-06-18T00:00:00Z,True,36.8082995648,i-0ca12eb1063341966
2026-06-17T00:00:00Z,2026-06-18T00:00:00Z,True,1.1275346166,i-0ca338fe043bb3fd5
2026-06-17T00:00:00Z,2026-06-18T00:00:00Z,True,1.089637,i-0ca6726595c08f211
2026-06-17T00:00:00Z,2026-06-18T00:00:00Z,True,22.8217241064,i-0cb4ca02fe45c952d
2026-06-17T00:00:00Z,2026-06-18T00:00:00Z,True,1.5785412973,i-0cc4ab1fffc7e3e0a
2026-06-17T00:00:00Z,2026-06-18T00:00:00Z,True,0.2496,i-0cc9dcb0db2f9d205
2026-06-17T00:00:00Z,2026-06-18T00:00:00Z,True,0.1959539494,i-0cce1c2d935e86786
2026-06-17T00:00:00Z,2026-06-18T00:00:00Z,True,2.2553616113,i-0cd2beb9eda6cd2ca
2026-06-17T00:00:00Z,2026-06-18T00:00:00Z,True,0.34766766,i-0cd687cbdbcc8bf6a
2026-06-17T00:00:00Z,2026-06-18T00:00:00Z,True,2.2757332129,i-0cd763eaa5fde66fa
2026-06-17T00:00:00Z,2026-06-18T00:00:00Z,True,0.2811351928,i-0cd77f8fca26f09e5
2026-06-17T00:00:00Z,2026-06-18T00:00:00Z,True,0.4172084273,i-0d19ab5a183a8de0a
2026-06-17T00:00:00Z,2026-06-18T00:00:00Z,True,1.4731942027,i-0d2475198c17b488c
2026-06-17T00:00:00Z,2026-06-18T00:00:00Z,True,23.2282877859,i-0d28d780dc8c7ed0c
2026-06-17T00:00:00Z,2026-06-18T00:00:00Z,True,1.0882232944,i-0d3169a0673b7482a
2026-06-17T00:00:00Z,2026-06-18T00:00:00Z,True,3.5256953676,i-0d45325c96128a687
2026-06-17T00:00:00Z,2026-06-18T00:00:00Z,True,22.7105816306,i-0d4bf7f90ef23021c
2026-06-17T00:00:00Z,2026-06-18T00:00:00Z,True,0.9727551418,i-0d4e72040e6f7eada
2026-06-17T00:00:00Z,2026-06-18T00:00:00Z,True,18.2313216306,i-0d58ed753a332b15f
2026-06-17T00:00:00Z,2026-06-18T00:00:00Z,True,7.6922270624,i-0d6e8688f4a87d0be
2026-06-17T00:00:00Z,2026-06-18T00:00:00Z,True,1.2295221484,i-0d75d1f7b991431c7
2026-06-17T00:00:00Z,2026-06-18T00:00:00Z,True,16.9433080444,i-0d876de71affd9d99
2026-06-17T00:00:00Z,2026-06-18T00:00:00Z,True,11.9128819092,i-0da8eaf3615af1fdf
2026-06-17T00:00:00Z,2026-06-18T00:00:00Z,True,7.6890738752,i-0da99f18d710ecaee
2026-06-17T00:00:00Z,2026-06-18T00:00:00Z,True,21.556468,i-0dab024e168918e75
2026-06-17T00:00:00Z,2026-06-18T00:00:00Z,True,1.9912511076,i-0db17ff1f62d07435
2026-06-17T00:00:00Z,2026-06-18T00:00:00Z,True,5.9803037262,i-0dd282b4a71ed4bef
2026-06-17T00:00:00Z,2026-06-18T00:00:00Z,True,7.681724,i-0de5ef049ad0d75a6
2026-06-17T00:00:00Z,2026-06-18T00:00:00Z,True,8.0081633126,i-0de9e3f8d3208cf03
2026-06-17T00:00:00Z,2026-06-18T00:00:00Z,True,1.0438072722,i-0dfc434be8c1ddf33
2026-06-17T00:00:00Z,2026-06-18T00:00:00Z,True,1.129786,i-0e073657b273525d2
2026-06-17T00:00:00Z,2026-06-18T00:00:00Z,True,0.9702789856,i-0e17cda09f0754610
2026-06-17T00:00:00Z,2026-06-18T00:00:00Z,True,0.5435986916,i-0e33014f582aecaee
2026-06-17T00:00:00Z,2026-06-18T00:00:00Z,True,3.4516644576,i-0e3872a17514babba
2026-06-17T00:00:00Z,2026-06-18T00:00:00Z,True,10.0993810569,i-0e445d145c33d91ae
2026-06-17T00:00:00Z,2026-06-18T00:00:00Z,True,9.7803714805,i-0e4821fd5efce99f4
2026-06-17T00:00:00Z,2026-06-18T00:00:00Z,True,30.1271114556,i-0e5f499857fafbd43
2026-06-17T00:00:00Z,2026-06-18T00:00:00Z,True,3.0972476456,i-0e70b7ec67eb0c028
2026-06-17T00:00:00Z,2026-06-18T00:00:00Z,True,8.0082477959,i-0e70fab85d559c615
2026-06-17T00:00:00Z,2026-06-18T00:00:00Z,True,8.1037375707,i-0e96d319ca725f160
2026-06-17T00:00:00Z,2026-06-18T00:00:00Z,True,4.4477685742,i-0e9d89fa038d2bfa7
2026-06-17T00:00:00Z,2026-06-18T00:00:00Z,True,1.8995286324,i-0ea0f299043a7b9a9
2026-06-17T00:00:00Z,2026-06-18T00:00:00Z,True,1.0297435434,i-0ea2b5bef9c6f428c
2026-06-17T00:00:00Z,2026-06-18T00:00:00Z,True,8.6328254064,i-0eade49988d476a5d
2026-06-17T00:00:00Z,2026-06-18T00:00:00Z,True,3.4719248613,i-0ebd37dd04937a6b3
2026-06-17T00:00:00Z,2026-06-18T00:00:00Z,True,8.5604825047,i-0edfe551230e3fd1c
2026-06-17T00:00:00Z,2026-06-18T00:00:00Z,True,9.7803714805,i-0eef8c067c868e4f0
2026-06-17T00:00:00Z,2026-06-18T00:00:00Z,True,0.2444061928,i-0ef18c73149f87104
2026-06-17T00:00:00Z,2026-06-18T00:00:00Z,True,1.2603529688,i-0ef77c998273d5f27
2026-06-17T00:00:00Z,2026-06-18T00:00:00Z,True,18.3321149704,i-0ef82319fa1da7daa
2026-06-17T00:00:00Z,2026-06-18T00:00:00Z,True,9.2472486376,i-0f19ed3230d5860b4
2026-06-17T00:00:00Z,2026-06-18T00:00:00Z,True,2.8524639564,i-0f25a5ea70aa80600
2026-06-17T00:00:00Z,2026-06-18T00:00:00Z,True,31.7671340222,i-0f4e26aea68004f73
2026-06-17T00:00:00Z,2026-06-18T00:00:00Z,True,2.2260200436,i-0f57b700fad2f7d2a
2026-06-17T00:00:00Z,2026-06-18T00:00:00Z,True,0.65498016,i-0f6216045bf025a77
2026-06-17T00:00:00Z,2026-06-18T00:00:00Z,True,0.854679474,i-0f64f0fc5222e7787
2026-06-17T00:00:00Z,2026-06-18T00:00:00Z,True,0.4105069864,i-0f96b72a67a74d484
2026-06-17T00:00:00Z,2026-06-18T00:00:00Z,True,1.0924434409,i-0faccf1b6066d5e65
2026-06-17T00:00:00Z,2026-06-18T00:00:00Z,True,82.7105168209,i-0fb0bba98a0a101aa
2026-06-17T00:00:00Z,2026-06-18T00:00:00Z,True,0.8615634216,i-0fb115660909c6d59
2026-06-17T00:00:00Z,2026-06-18T00:00:00Z,True,50.8033113514,i-0fd49ae30fc10b04e
2026-06-17T00:00:00Z,2026-06-18T00:00:00Z,True,9.4154576931,i-0fe3e70a7660b9c90
2026-06-17T00:00:00Z,2026-06-18T00:00:00Z,True,9.4198851204,i-0fe5fc54f51335081
2026-06-17T00:00:00Z,2026-06-18T00:00:00Z,True,0.2016,i-0fec5d1a28b6d27aa
2026-06-17T00:00:00Z,2026-06-18T00:00:00Z,True,3.6792454646,i-0ffedb934d7d34c73
2026-06-18T00:00:00Z,2026-06-19T00:00:00Z,True,0.0,arn:aws:ec2:ap-south-1:108782052779:natgateway/nat-01dc061291fc51e75
2026-06-18T00:00:00Z,2026-06-19T00:00:00Z,True,0.0,arn:aws:ec2:ap-south-1:108782052779:natgateway/nat-05f85018216cac061
2026-06-18T00:00:00Z,2026-06-19T00:00:00Z,True,1.143e-07,arn:aws:ec2:eu-central-1:108782052779:natgateway/nat-0a2bfbfedf38f8e87
2026-06-18T00:00:00Z,2026-06-19T00:00:00Z,True,3.119e-07,arn:aws:ec2:eu-central-1:108782052779:natgateway/nat-0ec6ae9605269bef4
2026-06-18T00:00:00Z,2026-06-19T00:00:00Z,True,7.72e-08,arn:aws:ec2:us-east-1:108782052779:natgateway/nat-089a96601cfd34f9d
2026-06-18T00:00:00Z,2026-06-19T00:00:00Z,True,1.143e-07,arn:aws:ec2:us-west-2:108782052779:natgateway/nat-00246c8ef3b9087f1
2026-06-18T00:00:00Z,2026-06-19T00:00:00Z,True,0.0012034222,arn:aws:ec2:us-west-2:108782052779:natgateway/nat-00ac08b685fea726f
2026-06-18T00:00:00Z,2026-06-19T00:00:00Z,True,0.0073620849,arn:aws:ec2:us-west-2:108782052779:natgateway/nat-00f3c26e43ede9b10
2026-06-18T00:00:00Z,2026-06-19T00:00:00Z,True,3.36817e-05,arn:aws:ec2:us-west-2:108782052779:natgateway/nat-0234e77781575cced
2026-06-18T00:00:00Z,2026-06-19T00:00:00Z,True,0.0018377381,arn:aws:ec2:us-west-2:171675361862:natgateway/nat-01432c586ef9dbf51
2026-06-18T00:00:00Z,2026-06-19T00:00:00Z,True,4.8032243787,i-000c6a0fea38b2049
2026-06-18T00:00:00Z,2026-06-19T00:00:00Z,True,2.5479463176,i-000e9396f2ea76e95
2026-06-18T00:00:00Z,2026-06-19T00:00:00Z,True,3.5778459676,i-001aec6aeb56d206a
2026-06-18T00:00:00Z,2026-06-19T00:00:00Z,True,3.1885676328,i-001fb213f83410105
2026-06-18T00:00:00Z,2026-06-19T00:00:00Z,True,1.378208073,i-00207170fdb878219
2026-06-18T00:00:00Z,2026-06-19T00:00:00Z,True,2.682102,i-0037e5f24888d019f
2026-06-18T00:00:00Z,2026-06-19T00:00:00Z,True,4.6642047489,i-003831bdba6ab9693
2026-06-18T00:00:00Z,2026-06-19T00:00:00Z,True,0.5506729344,i-003b7619dad696525
2026-06-18T00:00:00Z,2026-06-19T00:00:00Z,True,2.5050703176,i-003e8b61a51b5d4e7
2026-06-18T00:00:00Z,2026-06-19T00:00:00Z,True,6.3222025722,i-0044875632cb82909
2026-06-18T00:00:00Z,2026-06-19T00:00:00Z,True,2.0693734968,i-0060d2eb8d750999e
2026-06-18T00:00:00Z,2026-06-19T00:00:00Z,True,1.6574782653,i-006a20ba62a4b9ea4
2026-06-18T00:00:00Z,2026-06-19T00:00:00Z,True,1.6800855,i-006eb1c9f2e37c868
2026-06-18T00:00:00Z,2026-06-19T00:00:00Z,True,3.0187899154,i-0083aa7e51ea36a0b
2026-06-18T00:00:00Z,2026-06-19T00:00:00Z,True,3.7363399008,i-008423176c47956ba
2026-06-18T00:00:00Z,2026-06-19T00:00:00Z,True,3.9578487516,i-0089c5ba98b90822c
2026-06-18T00:00:00Z,2026-06-19T00:00:00Z,True,2.431597875,i-008cca9f2822dcf80
2026-06-18T00:00:00Z,2026-06-19T00:00:00Z,True,1.5976652744,i-009131a2f1303c8b5
2026-06-18T00:00:00Z,2026-06-19T00:00:00Z,True,3.1730725,i-0099199fa735820eb
2026-06-18T00:00:00Z,2026-06-19T00:00:00Z,True,2.9845107058,i-009edcbd225912029
2026-06-18T00:00:00Z,2026-06-19T00:00:00Z,True,0.4994253648,i-009ee2df0d243090f
2026-06-18T00:00:00Z,2026-06-19T00:00:00Z,True,2.5788651174,i-00bd2f08c7e1f4af1
2026-06-18T00:00:00Z,2026-06-19T00:00:00Z,True,6.0251639888,i-00c6179e2badf9602
2026-06-18T00:00:00Z,2026-06-19T00:00:00Z,True,1.20816038,i-00cf06e17c29a86b5
2026-06-18T00:00:00Z,2026-06-19T00:00:00Z,True,1.5950966328,i-00d4d94557e06b003
2026-06-18T00:00:00Z,2026-06-19T00:00:00Z,True,1.5570333648,i-00f3ea20f0ed100fd
2026-06-18T00:00:00Z,2026-06-19T00:00:00Z,True,1.7339771328,i-010f179805b56f9a7
2026-06-18T00:00:00Z,2026-06-19T00:00:00Z,True,3.1152569556,i-01217aed056ca20bb
2026-06-18T00:00:00Z,2026-06-19T00:00:00Z,True,6.8720014778,i-0121966aa9df5e211
2026-06-18T00:00:00Z,2026-06-19T00:00:00Z,True,2.7600278769,i-0135688263557a1f6
2026-06-18T00:00:00Z,2026-06-19T00:00:00Z,True,5.8703736231,i-01361c08a13732efa
2026-06-18T00:00:00Z,2026-06-19T00:00:00Z,True,0.5192769528,i-013c3b4ce557057ae
2026-06-18T00:00:00Z,2026-06-19T00:00:00Z,True,3.0268620444,i-015ac6f5aa2d235be
2026-06-18T00:00:00Z,2026-06-19T00:00:00Z,True,2.9217,i-015dc22ce31dce158
2026-06-18T00:00:00Z,2026-06-19T00:00:00Z,True,3.1294965884,i-016241392019dc9a7
2026-06-18T00:00:00Z,2026-06-19T00:00:00Z,True,3.8174102872,i-017436ab3121e0fa1
2026-06-18T00:00:00Z,2026-06-19T00:00:00Z,True,0.73772925,i-01793bec2aeb32d9e
2026-06-18T00:00:00Z,2026-06-19T00:00:00Z,True,5.7725300889,i-017d3ec4476f4e06b
2026-06-18T00:00:00Z,2026-06-19T00:00:00Z,True,7.48345125,i-017fc032c2af7203e
2026-06-18T00:00:00Z,2026-06-19T00:00:00Z,True,3.9557557452,i-018008c15a2b915dc
2026-06-18T00:00:00Z,2026-06-19T00:00:00Z,True,3.65641125,i-01801eec420fcc88e
2026-06-18T00:00:00Z,2026-06-19T00:00:00Z,True,1.617146124,i-018f3b65a9035fea4
2026-06-18T00:00:00Z,2026-06-19T00:00:00Z,True,0.4283844375,i-0199f2158297a172c
2026-06-18T00:00:00Z,2026-06-19T00:00:00Z,True,2.7943718769,i-01a37101a45f886e5
2026-06-18T00:00:00Z,2026-06-19T00:00:00Z,True,0.65443925,i-01a843ccf4bdf4354
2026-06-18T00:00:00Z,2026-06-19T00:00:00Z,True,4.74125848,i-01b20a5727818ef0d
2026-06-18T00:00:00Z,2026-06-19T00:00:00Z,True,1.5252736824,i-01c41751c5dcfbb22
2026-06-18T00:00:00Z,2026-06-19T00:00:00Z,True,2.0232050274,i-01c65c81974169226
2026-06-18T00:00:00Z,2026-06-19T00:00:00Z,True,1.6062049704,i-01c8169a3a100c5f6
2026-06-18T00:00:00Z,2026-06-19T00:00:00Z,True,7.6979177865,i-01cbd3b92b0319609
2026-06-18T00:00:00Z,2026-06-19T00:00:00Z,True,5.2456240365,i-01d14742984e0fe34
2026-06-18T00:00:00Z,2026-06-19T00:00:00Z,True,0.5224526352,i-01d4ff46ac13baced
2026-06-18T00:00:00Z,2026-06-19T00:00:00Z,True,1.579612584,i-01d769f0231e07116
2026-06-18T00:00:00Z,2026-06-19T00:00:00Z,True,0.4797906875,i-01d8a5ef7539a0984
2026-06-18T00:00:00Z,2026-06-19T00:00:00Z,True,2.133664,i-01db42c813d037c0e
2026-06-18T00:00:00Z,2026-06-19T00:00:00Z,True,0.4890375204,i-01e2de54a4f379670
2026-06-18T00:00:00Z,2026-06-19T00:00:00Z,True,3.6039960848,i-01e959bc7087bc2f3
2026-06-18T00:00:00Z,2026-06-19T00:00:00Z,True,1.6712296012,i-01f0bb6a3d900f68e
2026-06-18T00:00:00Z,2026-06-19T00:00:00Z,True,0.1484767296,i-01f9210405dc33cb9
2026-06-18T00:00:00Z,2026-06-19T00:00:00Z,True,3.0124359628,i-01fdad56e152bddb7
2026-06-18T00:00:00Z,2026-06-19T00:00:00Z,True,6.4082227923,i-01fdcdf6740fdbf2c
2026-06-18T00:00:00Z,2026-06-19T00:00:00Z,True,3.3887732077,i-0200510a177f4d76f
2026-06-18T00:00:00Z,2026-06-19T00:00:00Z,True,1.7312115,i-0202ca5aa46a80dc9
2026-06-18T00:00:00Z,2026-06-19T00:00:00Z,True,3.3983026692,i-020622c157c2f7556
2026-06-18T00:00:00Z,2026-06-19T00:00:00Z,True,1.3447770826,i-021fb99e904131393
2026-06-18T00:00:00Z,2026-06-19T00:00:00Z,True,2.7528975,i-0220bf922d6d4a97b
2026-06-18T00:00:00Z,2026-06-19T00:00:00Z,True,3.9578487516,i-0226f755b2abab71e
2026-06-18T00:00:00Z,2026-06-19T00:00:00Z,True,1.4728706352,i-0227d55038796bb4e
2026-06-18T00:00:00Z,2026-06-19T00:00:00Z,True,3.2475795,i-022cfbe1863a31347
2026-06-18T00:00:00Z,2026-06-19T00:00:00Z,True,0.4887822702,i-022d047c0bec88603
2026-06-18T00:00:00Z,2026-06-19T00:00:00Z,True,3.0292529556,i-0237466018d838690
2026-06-18T00:00:00Z,2026-06-19T00:00:00Z,True,1.6961909556,i-0237536806cd77e68
2026-06-18T00:00:00Z,2026-06-19T00:00:00Z,True,1.1782620444,i-0245a0771fa3b3187
2026-06-18T00:00:00Z,2026-06-19T00:00:00Z,True,2.4734119704,i-0246f89f47f116bad
2026-06-18T00:00:00Z,2026-06-19T00:00:00Z,True,6.4323644174,i-02528fa45c9325ffc
2026-06-18T00:00:00Z,2026-06-19T00:00:00Z,True,3.1885676328,i-0256b1165be479177
2026-06-18T00:00:00Z,2026-06-19T00:00:00Z,True,1.8180488214,i-025a1eb0a42eb4f1a
2026-06-18T00:00:00Z,2026-06-19T00:00:00Z,True,1.2734252344,i-025af0b0450e7161c
2026-06-18T00:00:00Z,2026-06-19T00:00:00Z,True,2.9369730884,i-025b37ec3afc38741
2026-06-18T00:00:00Z,2026-06-19T00:00:00Z,True,1.98475438,i-02679bf38f791ea83
2026-06-18T00:00:00Z,2026-06-19T00:00:00Z,True,0.50022,i-026879565a104e89c
2026-06-18T00:00:00Z,2026-06-19T00:00:00Z,True,5.886210609,i-026b769cf789bd6ce
2026-06-18T00:00:00Z,2026-06-19T00:00:00Z,True,3.8174102872,i-0272c0fa0f52ecb19
2026-06-18T00:00:00Z,2026-06-19T00:00:00Z,True,3.2908615,i-027ac4dc7f68fd0d0
2026-06-18T00:00:00Z,2026-06-19T00:00:00Z,True,2.7599284635,i-0289982acf157d63f
2026-06-18T00:00:00Z,2026-06-19T00:00:00Z,True,7.05510375,i-02a0044760e78f543
2026-06-18T00:00:00Z,2026-06-19T00:00:00Z,True,3.1294965884,i-02a98e59a9ff96a98
2026-06-18T00:00:00Z,2026-06-19T00:00:00Z,True,0.478782,i-02aded6abeaacac02
2026-06-18T00:00:00Z,2026-06-19T00:00:00Z,True,2.5330089369,i-02b185cb091653f1d
2026-06-18T00:00:00Z,2026-06-19T00:00:00Z,True,0.4255843176,i-02b41ca6f8dae98b7
2026-06-18T00:00:00Z,2026-06-19T00:00:00Z,True,1.357048755,i-02b7ac5f60d79e9ce
2026-06-18T00:00:00Z,2026-06-19T00:00:00Z,True,2.2739459904,i-02c5cd3331c3d604a
2026-06-18T00:00:00Z,2026-06-19T00:00:00Z,True,2.9668129778,i-02c650b734e1b7f42
2026-06-18T00:00:00Z,2026-06-19T00:00:00Z,True,2.8763030625,i-02c6d679056822bb2
2026-06-18T00:00:00Z,2026-06-19T00:00:00Z,True,1.650611292,i-02c6f18a695f57644
2026-06-18T00:00:00Z,2026-06-19T00:00:00Z,True,2.9353901174,i-02d2b2355729f1b91
2026-06-18T00:00:00Z,2026-06-19T00:00:00Z,True,2.5050703176,i-02f8abba23d07385a
2026-06-18T00:00:00Z,2026-06-19T00:00:00Z,True,1.3585346352,i-0305c78f9b108566d
2026-06-18T00:00:00Z,2026-06-19T00:00:00Z,True,1.6049997096,i-03067294484e3eb61
2026-06-18T00:00:00Z,2026-06-19T00:00:00Z,True,3.9568022484,i-03148d57bb7cbc029
2026-06-18T00:00:00Z,2026-06-19T00:00:00Z,True,6.3285,i-032d1b3dc4a56579f
2026-06-18T00:00:00Z,2026-06-19T00:00:00Z,True,1.6041214798,i-033b77385b370b2cb
2026-06-18T00:00:00Z,2026-06-19T00:00:00Z,True,3.00516,i-03423419459a82fff
2026-06-18T00:00:00Z,2026-06-19T00:00:00Z,True,6.0176522511,i-0343f88e134159b06
2026-06-18T00:00:00Z,2026-06-19T00:00:00Z,True,0.4645596582,i-035e4f0a1ca2862cf
2026-06-18T00:00:00Z,2026-06-19T00:00:00Z,True,2.7744426692,i-035f1c0079d08c6ca
2026-06-18T00:00:00Z,2026-06-19T00:00:00Z,True,2.754656823,i-03629bafc454457a0
2026-06-18T00:00:00Z,2026-06-19T00:00:00Z,True,0.5710835,i-0366beaace591ba47
2026-06-18T00:00:00Z,2026-06-19T00:00:00Z,True,3.1184419704,i-0369563db9aa442c8
2026-06-18T00:00:00Z,2026-06-19T00:00:00Z,True,2.5451250087,i-0375f7dac21f10228
2026-06-18T00:00:00Z,2026-06-19T00:00:00Z,True,1.2857618684,i-03788e04e32f0972b
2026-06-18T00:00:00Z,2026-06-19T00:00:00Z,True,1.5081925254,i-037db536164f55667
2026-06-18T00:00:00Z,2026-06-19T00:00:00Z,True,0.4708413648,i-0391f6391f794edd0
2026-06-18T00:00:00Z,2026-06-19T00:00:00Z,True,1.7312115,i-03a9d509165dcd285
2026-06-18T00:00:00Z,2026-06-19T00:00:00Z,True,0.50022,i-03afb8ea875c60a82
2026-06-18T00:00:00Z,2026-06-19T00:00:00Z,True,3.2261047944,i-03b89cc9cb15168eb
2026-06-18T00:00:00Z,2026-06-19T00:00:00Z,True,4.7735219989,i-03b947e2492be77f3
2026-06-18T00:00:00Z,2026-06-19T00:00:00Z,True,1.6183550024,i-03c0c215e19d1f386
2026-06-18T00:00:00Z,2026-06-19T00:00:00Z,True,3.5850503711,i-03c64cd5137cc9211
2026-06-18T00:00:00Z,2026-06-19T00:00:00Z,True,3.4391581652,i-03cbb13e33fda9878
2026-06-18T00:00:00Z,2026-06-19T00:00:00Z,True,0.5730259899,i-03d02a87070127af5
2026-06-18T00:00:00Z,2026-06-19T00:00:00Z,True,1.6049997096,i-03d9ebdcefed5e8b4
2026-06-18T00:00:00Z,2026-06-19T00:00:00Z,True,2.8894383232,i-03de86eeba999af8b
2026-06-18T00:00:00Z,2026-06-19T00:00:00Z,True,2.9379329652,i-03e30219091ca2cbd
2026-06-18T00:00:00Z,2026-06-19T00:00:00Z,True,2.7302546654,i-03ecab65d984bcb61
2026-06-18T00:00:00Z,2026-06-19T00:00:00Z,True,3.1992465631,i-03f38eefe6f01adee
2026-06-18T00:00:00Z,2026-06-19T00:00:00Z,True,2.7600278769,i-0401e478e7acef936
2026-06-18T00:00:00Z,2026-06-19T00:00:00Z,True,0.50022,i-0403026bd1fa7c291
2026-06-18T00:00:00Z,2026-06-19T00:00:00Z,True,5.0849651778,i-04044ba261bc30e34
2026-06-18T00:00:00Z,2026-06-19T00:00:00Z,True,1.5919605,i-041b06f63cf6c705b
2026-06-18T00:00:00Z,2026-06-19T00:00:00Z,True,3.1272000444,i-043c7cec8ce78bbe6
2026-06-18T00:00:00Z,2026-06-19T00:00:00Z,True,5.8784740365,i-044087db6e32843ed
2026-06-18T00:00:00Z,2026-06-19T00:00:00Z,True,5.0838928905,i-0445b43cd22cae680
2026-06-18T00:00:00Z,2026-06-19T00:00:00Z,True,1.226878708,i-04474c884bf183921
2026-06-18T00:00:00Z,2026-06-19T00:00:00Z,True,5.4891929944,i-045f17742477d73f8
2026-06-18T00:00:00Z,2026-06-19T00:00:00Z,True,3.3461337516,i-045fe93c7b9fbdd43
2026-06-18T00:00:00Z,2026-06-19T00:00:00Z,True,2.4742089408,i-046f6db8cd46ffe1e
2026-06-18T00:00:00Z,2026-06-19T00:00:00Z,True,1.617598708,i-0470a6e073c84683f
2026-06-18T00:00:00Z,2026-06-19T00:00:00Z,True,1.754469927,i-0472a14f3197884e1
2026-06-18T00:00:00Z,2026-06-19T00:00:00Z,True,0.0042134657,i-0480e324a09f19448
2026-06-18T00:00:00Z,2026-06-19T00:00:00Z,True,3.9588952548,i-048addf9f857f201e
2026-06-18T00:00:00Z,2026-06-19T00:00:00Z,True,1.8240012,i-048cb84bc23328955
2026-06-18T00:00:00Z,2026-06-19T00:00:00Z,True,3.1943587524,i-048e9daec2b9ba1a7
2026-06-18T00:00:00Z,2026-06-19T00:00:00Z,True,0.4319356824,i-04944f30d3ef77c98
2026-06-18T00:00:00Z,2026-06-19T00:00:00Z,True,3.4408885011,i-04a14d3dfa4de3ac6
2026-06-18T00:00:00Z,2026-06-19T00:00:00Z,True,1.7320786654,i-04a29da9a826f49fa
2026-06-18T00:00:00Z,2026-06-19T00:00:00Z,True,0.4263789528,i-04a3519bbf6a92b47
2026-06-18T00:00:00Z,2026-06-19T00:00:00Z,True,1.5919605,i-04ac6e3a738e874ca
2026-06-18T00:00:00Z,2026-06-19T00:00:00Z,True,0.6667908586,i-04bef39d0612d803f
2026-06-18T00:00:00Z,2026-06-19T00:00:00Z,True,1.718896124,i-04c3beb77d9fda157
2026-06-18T00:00:00Z,2026-06-19T00:00:00Z,True,2.2015174393,i-04cd72e53f493bb6f
2026-06-18T00:00:00Z,2026-06-19T00:00:00Z,True,0.0633608965,i-04d3a8c6aae87f818
2026-06-18T00:00:00Z,2026-06-19T00:00:00Z,True,2.7464013107,i-04d86c94ff88a0622
2026-06-18T00:00:00Z,2026-06-19T00:00:00Z,True,0.5663560656,i-04d9a0f6c8810ba7a
2026-06-18T00:00:00Z,2026-06-19T00:00:00Z,True,3.1224239556,i-04e3b5d9ca40a1391
2026-06-18T00:00:00Z,2026-06-19T00:00:00Z,True,0.4879040404,i-04e6e150c11df2f77
2026-06-18T00:00:00Z,2026-06-19T00:00:00Z,True,3.4443616663,i-04efbd066536db7cf
2026-06-18T00:00:00Z,2026-06-19T00:00:00Z,True,3.4270083337,i-04f509b3eca42dabb
2026-06-18T00:00:00Z,2026-06-19T00:00:00Z,True,1.2857618684,i-04f67d8dd4cf0d01f
2026-06-18T00:00:00Z,2026-06-19T00:00:00Z,True,0.6411292776,i-0507660c99744f4c1
2026-06-18T00:00:00Z,2026-06-19T00:00:00Z,True,0.334645168,i-0509a7dafd94d9cb4
2026-06-18T00:00:00Z,2026-06-19T00:00:00Z,True,0.4808013672,i-050d61de796a9c34d
2026-06-18T00:00:00Z,2026-06-19T00:00:00Z,True,7.83711525,i-05165ab27023a055f
2026-06-18T00:00:00Z,2026-06-19T00:00:00Z,True,2.8013812398,i-051a71d78d7f90f74
2026-06-18T00:00:00Z,2026-06-19T00:00:00Z,True,5.250895677,i-0522432523f4ca1ff
2026-06-18T00:00:00Z,2026-06-19T00:00:00Z,True,2.6812387602,i-052e6f6363ab14819
2026-06-18T00:00:00Z,2026-06-19T00:00:00Z,True,1.718896124,i-052eb101f9424a0b4
2026-06-18T00:00:00Z,2026-06-19T00:00:00Z,True,0.4247896824,i-0531464f3bd870880
2026-06-18T00:00:00Z,2026-06-19T00:00:00Z,True,3.1992465631,i-053ba79bc1bab0c07
2026-06-18T00:00:00Z,2026-06-19T00:00:00Z,True,2.5172109408,i-05439ba56ffa7043f
2026-06-18T00:00:00Z,2026-06-19T00:00:00Z,True,3.0292529556,i-05459e6307f1a8a41
2026-06-18T00:00:00Z,2026-06-19T00:00:00Z,True,1.3083357221,i-0549fbc4f3e64ead3
2026-06-18T00:00:00Z,2026-06-19T00:00:00Z,True,1.6022229852,i-0553c5522f52d73ea
2026-06-18T00:00:00Z,2026-06-19T00:00:00Z,True,3.8116490093,i-055f59b787a69eece
2026-06-18T00:00:00Z,2026-06-19T00:00:00Z,True,0.288393,i-056178aedca809aa8
2026-06-18T00:00:00Z,2026-06-19T00:00:00Z,True,3.2943270423,i-0563fef583cd178cc
2026-06-18T00:00:00Z,2026-06-19T00:00:00Z,True,6.6818015,i-056cbdb7754f5780b
2026-06-18T00:00:00Z,2026-06-19T00:00:00Z,True,2.0714665032,i-057d3ae8b7ea88a67
2026-06-18T00:00:00Z,2026-06-19T00:00:00Z,True,1.20633114,i-0585de222480ebcb9
2026-06-18T00:00:00Z,2026-06-19T00:00:00Z,True,3.4589988,i-05927dbdcf1906356
2026-06-18T00:00:00Z,2026-06-19T00:00:00Z,True,1.3395673348,i-0595667ec02bdea23
2026-06-18T00:00:00Z,2026-06-19T00:00:00Z,True,0.73772925,i-0596d8ce94e09f86e
2026-06-18T00:00:00Z,2026-06-19T00:00:00Z,True,0.7001941128,i-05a85159e24d744af
2026-06-18T00:00:00Z,2026-06-19T00:00:00Z,True,12.7052486053,i-05b2743c3c3fffa93
2026-06-18T00:00:00Z,2026-06-19T00:00:00Z,True,2.0955031758,i-05c352a72263be2e0
2026-06-18T00:00:00Z,2026-06-19T00:00:00Z,True,3.7414825344,i-05c9326bb1ab4cfa3
2026-06-18T00:00:00Z,2026-06-19T00:00:00Z,True,2.5050703176,i-05d741a71ac79c42f
2026-06-18T00:00:00Z,2026-06-19T00:00:00Z,True,3.8391204333,i-05de16a24310099c5
2026-06-18T00:00:00Z,2026-06-19T00:00:00Z,True,3.6126727511,i-05e4429513cc1677b
2026-06-18T00:00:00Z,2026-06-19T00:00:00Z,True,4.19292076,i-05f3df895c514bb40
2026-06-18T00:00:00Z,2026-06-19T00:00:00Z,True,1.5728692551,i-05fa32d0cbf31ad1d
2026-06-18T00:00:00Z,2026-06-19T00:00:00Z,True,6.9981775084,i-0601529c75a1e0a29
2026-06-18T00:00:00Z,2026-06-19T00:00:00Z,True,3.7150499174,i-06036bc5bc72d4f7b
2026-06-18T00:00:00Z,2026-06-19T00:00:00Z,True,3.0726467611,i-06054667b4d801f39
2026-06-18T00:00:00Z,2026-06-19T00:00:00Z,True,1.5926679408,i-06068c0f94fffe470
2026-06-18T00:00:00Z,2026-06-19T00:00:00Z,True,3.9005549836,i-0607287b88b2bced4
2026-06-18T00:00:00Z,2026-06-19T00:00:00Z,True,0.50022,i-060bcb60d098b1324
2026-06-18T00:00:00Z,2026-06-19T00:00:00Z,True,2.1319416758,i-0613b75156ed66ad5
2026-06-18T00:00:00Z,2026-06-19T00:00:00Z,True,1.4922411444,i-06161ebd622c48696
2026-06-18T00:00:00Z,2026-06-19T00:00:00Z,True,1.5538576824,i-06177ee4016a293a6
2026-06-18T00:00:00Z,2026-06-19T00:00:00Z,True,1.3102515372,i-061f72acae8bb64f8
2026-06-18T00:00:00Z,2026-06-19T00:00:00Z,True,1.5894800592,i-0621c24d22dbe6fe0
2026-06-18T00:00:00Z,2026-06-19T00:00:00Z,True,2.7582635808,i-062303a5a0f96bc0b
2026-06-18T00:00:00Z,2026-06-19T00:00:00Z,True,2.6812387602,i-062462f120f6b8eae
2026-06-18T00:00:00Z,2026-06-19T00:00:00Z,True,0.5206001328,i-062692828c7c07288
2026-06-18T00:00:00Z,2026-06-19T00:00:00Z,True,5.8703736231,i-062a54847f191b7b6
2026-06-18T00:00:00Z,2026-06-19T00:00:00Z,True,3.0143517779,i-062dfd7a71d1155ae
2026-06-18T00:00:00Z,2026-06-19T00:00:00Z,True,3.65641125,i-063082a2b33d97c2b
2026-06-18T00:00:00Z,2026-06-19T00:00:00Z,True,1.7136713418,i-0640b8454a9d43c46
2026-06-18T00:00:00Z,2026-06-19T00:00:00Z,True,3.7023472944,i-0640f60777645bb62
2026-06-18T00:00:00Z,2026-06-19T00:00:00Z,True,2.7246439116,i-0648390dab6f58a7d
2026-06-18T00:00:00Z,2026-06-19T00:00:00Z,True,3.6284026518,i-064947d81fa63816c
2026-06-18T00:00:00Z,2026-06-19T00:00:00Z,True,9.0834050279,i-06539ef37ebae1ed5
2026-06-18T00:00:00Z,2026-06-19T00:00:00Z,True,4.6994690164,i-06571288939bd9fc8
2026-06-18T00:00:00Z,2026-06-19T00:00:00Z,True,4.1165787256,i-0659638e7d0e65dcc
2026-06-18T00:00:00Z,2026-06-19T00:00:00Z,True,3.2175154968,i-065a03734aa0c419f
2026-06-18T00:00:00Z,2026-06-19T00:00:00Z,True,0.7320656174,i-0660d6f74b0bb6617
2026-06-18T00:00:00Z,2026-06-19T00:00:00Z,True,2.6678686654,i-06661fb67bdcf0ee7
2026-06-18T00:00:00Z,2026-06-19T00:00:00Z,True,0.3538480893,i-06662d677e24ac479
2026-06-18T00:00:00Z,2026-06-19T00:00:00Z,True,0.4218573125,i-066f661ca4c2ae635
2026-06-18T00:00:00Z,2026-06-19T00:00:00Z,True,0.6402255552,i-067ca6b97193e2d16
2026-06-18T00:00:00Z,2026-06-19T00:00:00Z,True,1.9129,i-067cade0d11719de5
2026-06-18T00:00:00Z,2026-06-19T00:00:00Z,True,2.756416146,i-0681877ff7283919a
2026-06-18T00:00:00Z,2026-06-19T00:00:00Z,True,2.8917489528,i-068571fbf6114ac9c
2026-06-18T00:00:00Z,2026-06-19T00:00:00Z,True,0.4991895051,i-068c3eae531559cda
2026-06-18T00:00:00Z,2026-06-19T00:00:00Z,True,3.6429466757,i-068f3aad2bedb9fa6
2026-06-18T00:00:00Z,2026-06-19T00:00:00Z,True,0.4636953648,i-069682a7c1d743286
2026-06-18T00:00:00Z,2026-06-19T00:00:00Z,True,8.7395127593,i-06a0bab9608e3985d
2026-06-18T00:00:00Z,2026-06-19T00:00:00Z,True,6.4263977221,i-06a485fc677a8606f
2026-06-18T00:00:00Z,2026-06-19T00:00:00Z,True,7.687368177,i-06a834f30ae82b46a
2026-06-18T00:00:00Z,2026-06-19T00:00:00Z,True,5.7642165,i-06a8e7d9772a320ba
2026-06-18T00:00:00Z,2026-06-19T00:00:00Z,True,2.0714665032,i-06afcb3d90d911111
2026-06-18T00:00:00Z,2026-06-19T00:00:00Z,True,1.20816038,i-06b7b9753eeab6974
2026-06-18T00:00:00Z,2026-06-19T00:00:00Z,True,0.6066153648,i-06b921a43b3287b44
2026-06-18T00:00:00Z,2026-06-19T00:00:00Z,True,0.5730259899,i-06c13bbccea2abfec
2026-06-18T00:00:00Z,2026-06-19T00:00:00Z,True,3.5877448767,i-06da2514bf0a2ccbe
2026-06-18T00:00:00Z,2026-06-19T00:00:00Z,True,5.7105269989,i-06e4638f2828e06c8
2026-06-18T00:00:00Z,2026-06-19T00:00:00Z,True,1.6062049704,i-06e86b15420e7938c
2026-06-18T00:00:00Z,2026-06-19T00:00:00Z,True,0.1481546768,i-06ec1069dda71ee6b
2026-06-18T00:00:00Z,2026-06-19T00:00:00Z,True,4.63158962,i-06eff9e86b4259a0e
2026-06-18T00:00:00Z,2026-06-19T00:00:00Z,True,1.800296124,i-06fb4b1dc8b4f6799
2026-06-18T00:00:00Z,2026-06-19T00:00:00Z,True,4.6676716674,i-070c1bc9dba452762
2026-06-18T00:00:00Z,2026-06-19T00:00:00Z,True,1.6049997096,i-070d4c6b70804134b
2026-06-18T00:00:00Z,2026-06-19T00:00:00Z,True,0.393192,i-071cd7199f8e320c1
2026-06-18T00:00:00Z,2026-06-19T00:00:00Z,True,1.4337338865,i-07226062d55168f24
2026-06-18T00:00:00Z,2026-06-19T00:00:00Z,True,1.4766478905,i-07273873445003611
2026-06-18T00:00:00Z,2026-06-19T00:00:00Z,True,1.5791280444,i-0731cbfb875e60a62
2026-06-18T00:00:00Z,2026-06-19T00:00:00Z,True,1.800296124,i-074854aa5ea0d7054
2026-06-18T00:00:00Z,2026-06-19T00:00:00Z,True,1.9917625,i-074ce7b150a6e2432
2026-06-18T00:00:00Z,2026-06-19T00:00:00Z,True,0.7410428872,i-0754a8d255090e13d
2026-06-18T00:00:00Z,2026-06-19T00:00:00Z,True,8.5035426289,i-0758495956d1109cf
2026-06-18T00:00:00Z,2026-06-19T00:00:00Z,True,6.0107121674,i-075f13ab983030384
2026-06-18T00:00:00Z,2026-06-19T00:00:00Z,True,0.4319356824,i-075fbcb53ebceec68
2026-06-18T00:00:00Z,2026-06-19T00:00:00Z,True,0.50022,i-07627db7762d3d06f
2026-06-18T00:00:00Z,2026-06-19T00:00:00Z,True,0.4740170472,i-0766359fb2603465d
2026-06-18T00:00:00Z,2026-06-19T00:00:00Z,True,0.5224526352,i-0766c2147561e6f83
2026-06-18T00:00:00Z,2026-06-19T00:00:00Z,True,3.0982533107,i-076f446d9fa395cfa
2026-06-18T00:00:00Z,2026-06-19T00:00:00Z,True,15.3381331213,i-0776a865498709924
2026-06-18T00:00:00Z,2026-06-19T00:00:00Z,True,2.6170252704,i-07782266b9626f112
2026-06-18T00:00:00Z,2026-06-19T00:00:00Z,True,0.6469992,i-0782f6cef85d01f2e
2026-06-18T00:00:00Z,2026-06-19T00:00:00Z,True,1.60324325,i-07871875db3eaa033
2026-06-18T00:00:00Z,2026-06-19T00:00:00Z,True,2.4526672704,i-078cd7ccab0d0dd26
2026-06-18T00:00:00Z,2026-06-19T00:00:00Z,True,1.5312413224,i-07978aab21ced2160
2026-06-18T00:00:00Z,2026-06-19T00:00:00Z,True,1.60324325,i-07abe26f32349c96d
2026-06-18T00:00:00Z,2026-06-19T00:00:00Z,True,1.729075,i-07be9faa05609f3e5
2026-06-18T00:00:00Z,2026-06-19T00:00:00Z,True,10.20384475,i-07cf6fa20ca8d23e5
2026-06-18T00:00:00Z,2026-06-19T00:00:00Z,True,1.20998962,i-07d710a0b39fe8e05
2026-06-18T00:00:00Z,2026-06-19T00:00:00Z,True,1.6922089704,i-07d9654d368b23f08
2026-06-18T00:00:00Z,2026-06-19T00:00:00Z,True,3.9888633002,i-07df3a933e4839f52
2026-06-18T00:00:00Z,2026-06-19T00:00:00Z,True,3.1208300148,i-07ef737b87818078c
2026-06-18T00:00:00Z,2026-06-19T00:00:00Z,True,2.7530747128,i-07f025c080b2c2e9d
2026-06-18T00:00:00Z,2026-06-19T00:00:00Z,True,3.2856616269,i-080563153eacb3c22
2026-06-18T00:00:00Z,2026-06-19T00:00:00Z,True,3.2856616269,i-0806ea45b3dd7a2a3
2026-06-18T00:00:00Z,2026-06-19T00:00:00Z,True,2.7532407516,i-0824a5f68428acb82
2026-06-18T00:00:00Z,2026-06-19T00:00:00Z,True,1.8249984,i-08253447d82e0261f
2026-06-18T00:00:00Z,2026-06-19T00:00:00Z,True,1.5821003418,i-08282eb25749e69ae
2026-06-18T00:00:00Z,2026-06-19T00:00:00Z,True,3.7063732511,i-0837cbe42df92d4a0
2026-06-18T00:00:00Z,2026-06-19T00:00:00Z,True,1.5155020254,i-083fbb4758137f68d
2026-06-18T00:00:00Z,2026-06-19T00:00:00Z,True,0.74267825,i-0848cf544ad1f5699
2026-06-18T00:00:00Z,2026-06-19T00:00:00Z,True,0.5240390472,i-084c04511aef0a562
2026-06-18T00:00:00Z,2026-06-19T00:00:00Z,True,3.8967373767,i-084c35e5b4a686d99
2026-06-18T00:00:00Z,2026-06-19T00:00:00Z,True,1.5181244596,i-084da691bc1788a5d
2026-06-18T00:00:00Z,2026-06-19T00:00:00Z,True,1.7312115,i-0854b951bb35e2a70
2026-06-18T00:00:00Z,2026-06-19T00:00:00Z,True,4.553001354,i-085c7de6dcc06d9fa
2026-06-18T00:00:00Z,2026-06-19T00:00:00Z,True,3.2943270423,i-0860f4fb10883da88
2026-06-18T00:00:00Z,2026-06-19T00:00:00Z,True,0.438255,i-086172489326ccc8d
2026-06-18T00:00:00Z,2026-06-19T00:00:00Z,True,1.9520625,i-0874a1b0dbade9750
2026-06-18T00:00:00Z,2026-06-19T00:00:00Z,True,3.7081098337,i-0875c60210802661a
2026-06-18T00:00:00Z,2026-06-19T00:00:00Z,True,6.05908114,i-0878a8a093cef7a27
2026-06-18T00:00:00Z,2026-06-19T00:00:00Z,True,2.5605218125,i-0879208d036d1ca57
2026-06-18T00:00:00Z,2026-06-19T00:00:00Z,True,1.3413039174,i-087f6215b017a028e
2026-06-18T00:00:00Z,2026-06-19T00:00:00Z,True,0.47734375,i-088bb666c3caccb31
2026-06-18T00:00:00Z,2026-06-19T00:00:00Z,True,0.4994253648,i-088ec684965c7ae2d
2026-06-18T00:00:00Z,2026-06-19T00:00:00Z,True,1.5894800592,i-089ace663198a1710
2026-06-18T00:00:00Z,2026-06-19T00:00:00Z,True,1.6716280893,i-089c0d43d16675f37
2026-06-18T00:00:00Z,2026-06-19T00:00:00Z,True,4.0482114152,i-089dcb17b31b0df49
2026-06-18T00:00:00Z,2026-06-19T00:00:00Z,True,1.5894800592,i-08a895dffde9d204f
2026-06-18T00:00:00Z,2026-06-19T00:00:00Z,True,1.4946885093,i-08a925f8bfe6a6f52
2026-06-18T00:00:00Z,2026-06-19T00:00:00Z,True,1.8335270304,i-08ab5fcd9d84ec71e
2026-06-18T00:00:00Z,2026-06-19T00:00:00Z,True,2.7581691405,i-08ad09d44938b89ac
2026-06-18T00:00:00Z,2026-06-19T00:00:00Z,True,2.1030608804,i-08ad9dfbdaf3bbf17
2026-06-18T00:00:00Z,2026-06-19T00:00:00Z,True,1.1782620444,i-08b43a643bf425b43
2026-06-18T00:00:00Z,2026-06-19T00:00:00Z,True,6.2995942779,i-08b927a227ed308a4
2026-06-18T00:00:00Z,2026-06-19T00:00:00Z,True,2.0214684726,i-08ba01ce8bae975a0
2026-06-18T00:00:00Z,2026-06-19T00:00:00Z,True,0.4870289697,i-08c23f0438cad2019
2026-06-18T00:00:00Z,2026-06-19T00:00:00Z,True,5.0226286611,i-08c77df0491f63fbd
2026-06-18T00:00:00Z,2026-06-19T00:00:00Z,True,2.8817169672,i-08d70d1d3eaa124fb
2026-06-18T00:00:00Z,2026-06-19T00:00:00Z,True,0.4367006352,i-08e1372c3a453c0bc
2026-06-18T00:00:00Z,2026-06-19T00:00:00Z,True,4.3302403322,i-08e199aaa3fb7a8b3
2026-06-18T00:00:00Z,2026-06-19T00:00:00Z,True,7.6961584635,i-08e753d922205b455
2026-06-18T00:00:00Z,2026-06-19T00:00:00Z,True,0.4861507399,i-08edcdb9ba77dde8e
2026-06-18T00:00:00Z,2026-06-19T00:00:00Z,True,0.4279534242,i-08f11203a09176201
2026-06-18T00:00:00Z,2026-06-19T00:00:00Z,True,2.5003053648,i-08f70010513a7bfed
2026-06-18T00:00:00Z,2026-06-19T00:00:00Z,True,2.5964769672,i-08fbd17b01fd56420
2026-06-18T00:00:00Z,2026-06-19T00:00:00Z,True,2.9829248826,i-0909194ebf2c9db2a
2026-06-18T00:00:00Z,2026-06-19T00:00:00Z,True,3.4233248397,i-090a30b4c0319733b
2026-06-18T00:00:00Z,2026-06-19T00:00:00Z,True,3.8319062256,i-09126000eb19643b0
2026-06-18T00:00:00Z,2026-06-19T00:00:00Z,True,1.5198777601,i-091328b7a480d9bca
2026-06-18T00:00:00Z,2026-06-19T00:00:00Z,True,2.9393518232,i-0918278f4d1a95f0f
2026-06-18T00:00:00Z,2026-06-19T00:00:00Z,True,2.07042,i-0919540479d1f81ea
2026-06-18T00:00:00Z,2026-06-19T00:00:00Z,True,3.2198172058,i-092186ddc36a1a058
2026-06-18T00:00:00Z,2026-06-19T00:00:00Z,True,0.4615530144,i-095902432a39e388f
2026-06-18T00:00:00Z,2026-06-19T00:00:00Z,True,3.7081098337,i-0964b169aa8ab56f0
2026-06-18T00:00:00Z,2026-06-19T00:00:00Z,True,6.16875,i-096aa05093f70775c
2026-06-18T00:00:00Z,2026-06-19T00:00:00Z,True,2.5003053648,i-097034c6fff29ed88
2026-06-18T00:00:00Z,2026-06-19T00:00:00Z,True,1.6397635254,i-09732dedcdcb58874
2026-06-18T00:00:00Z,2026-06-19T00:00:00Z,True,4.66940825,i-0975c75350c2fb13b
2026-06-18T00:00:00Z,2026-06-19T00:00:00Z,True,0.4994253648,i-0976994f81fc38318
2026-06-18T00:00:00Z,2026-06-19T00:00:00Z,True,1.5926679408,i-097b1c760d70c3cc3
2026-06-18T00:00:00Z,2026-06-19T00:00:00Z,True,3.512343,i-097f21be76008fd29
2026-06-18T00:00:00Z,2026-06-19T00:00:00Z,True,3.665376,i-098538e7b1588a837
2026-06-18T00:00:00Z,2026-06-19T00:00:00Z,True,2.3008657511,i-098c1bcb181fc1ad9
2026-06-18T00:00:00Z,2026-06-19T00:00:00Z,True,2.2926855,i-098cf8ebebdfe851b
2026-06-18T00:00:00Z,2026-06-19T00:00:00Z,True,5.0774102667,i-09940b60a897ac439
2026-06-18T00:00:00Z,2026-06-19T00:00:00Z,True,0.4861507399,i-09984d2bd289413e7
2026-06-18T00:00:00Z,2026-06-19T00:00:00Z,True,0.4911390048,i-09a74a7426b562188
2026-06-18T00:00:00Z,2026-06-19T00:00:00Z,True,3.0933655,i-09a999fd5614967cb
2026-06-18T00:00:00Z,2026-06-19T00:00:00Z,True,16.9087208346,i-09bb2d4cf0572df4c
2026-06-18T00:00:00Z,2026-06-19T00:00:00Z,True,1.800296124,i-09bc95e45026e5519
2026-06-18T00:00:00Z,2026-06-19T00:00:00Z,True,2.7468283232,i-09c1811e3ebde001f
2026-06-18T00:00:00Z,2026-06-19T00:00:00Z,True,1.4677910186,i-09c48bdbfea487963
2026-06-18T00:00:00Z,2026-06-19T00:00:00Z,True,3.6399007121,i-09dddf45f32d64f5b
2026-06-18T00:00:00Z,2026-06-19T00:00:00Z,True,12.476131115,i-09e135639ea8c7d04
2026-06-18T00:00:00Z,2026-06-19T00:00:00Z,True,4.5606090976,i-09e1961a2d057696f
2026-06-18T00:00:00Z,2026-06-19T00:00:00Z,True,4.7412607833,i-09e9ef7a270929be9
2026-06-18T00:00:00Z,2026-06-19T00:00:00Z,True,5.4510571269,i-09f450ca096d23d6b
2026-06-18T00:00:00Z,2026-06-19T00:00:00Z,True,0.253812,i-09f66b3f11ea42c60
2026-06-18T00:00:00Z,2026-06-19T00:00:00Z,True,2.7616877865,i-09f894c822a091d14
2026-06-18T00:00:00Z,2026-06-19T00:00:00Z,True,8.8518369852,i-0a005e8e8deff6f40
2026-06-18T00:00:00Z,2026-06-19T00:00:00Z,True,1.8864781414,i-0a037a377d3137d18
2026-06-18T00:00:00Z,2026-06-19T00:00:00Z,True,2.6315094375,i-0a09b5f1c7abd80a4
2026-06-18T00:00:00Z,2026-06-19T00:00:00Z,True,0.4808013672,i-0a0ecd04a338179e6
2026-06-18T00:00:00Z,2026-06-19T00:00:00Z,True,7.1661525,i-0a117a81554c7e634
2026-06-18T00:00:00Z,2026-06-19T00:00:00Z,True,0.7844700096,i-0a1195203d360ef0e
2026-06-18T00:00:00Z,2026-06-19T00:00:00Z,True,3.8494667328,i-0a13b3ae1ce5c0b73
2026-06-18T00:00:00Z,2026-06-19T00:00:00Z,True,5.2006702872,i-0a155dfe1b54afc9b
2026-06-18T00:00:00Z,2026-06-19T00:00:00Z,True,8.3968583769,i-0a216bfd290ebe2e1
2026-06-18T00:00:00Z,2026-06-19T00:00:00Z,True,0.4991895051,i-0a2aae7fe1fd6af01
2026-06-18T00:00:00Z,2026-06-19T00:00:00Z,True,3.284439,i-0a2fbd589dbee926b
2026-06-18T00:00:00Z,2026-06-19T00:00:00Z,True,1.6284933648,i-0a3133fa0f0736a20
2026-06-18T00:00:00Z,2026-06-19T00:00:00Z,True,4.95510848,i-0a356b1aec425f75a
2026-06-18T00:00:00Z,2026-06-19T00:00:00Z,True,15.757965,i-0a3a9496b8e06a438
2026-06-18T00:00:00Z,2026-06-19T00:00:00Z,True,6.8469975,i-0a4a668c1b3925841
2026-06-18T00:00:00Z,2026-06-19T00:00:00Z,True,2.2066561836,i-0a4db8f92e4d8bffd
2026-06-18T00:00:00Z,2026-06-19T00:00:00Z,True,3.7352549662,i-0a70e6af119b993f3
2026-06-18T00:00:00Z,2026-06-19T00:00:00Z,True,1.5894800592,i-0a7b6522958634cab
2026-06-18T00:00:00Z,2026-06-19T00:00:00Z,True,3.8933055,i-0a7c93c252874a952
2026-06-18T00:00:00Z,2026-06-19T00:00:00Z,True,0.5041903176,i-0a868abbaa6de01ad
2026-06-18T00:00:00Z,2026-06-19T00:00:00Z,True,6.2183106444,i-0a9da01db0f906d4a
2026-06-18T00:00:00Z,2026-06-19T00:00:00Z,True,0.69855875,i-0aa75118f70aee3fd
2026-06-18T00:00:00Z,2026-06-19T00:00:00Z,True,0.1279662176,i-0ab7116abc8229a16
2026-06-18T00:00:00Z,2026-06-19T00:00:00Z,True,6.3851800444,i-0ab87697cae7dcedc
2026-06-18T00:00:00Z,2026-06-19T00:00:00Z,True,0.47477625,i-0abb8f7f0841ea373
2026-06-18T00:00:00Z,2026-06-19T00:00:00Z,True,3.1992465631,i-0acbff1ca3b707795
2026-06-18T00:00:00Z,2026-06-19T00:00:00Z,True,0.4887822702,i-0ad1f2a0fda2af3d6
2026-06-18T00:00:00Z,2026-06-19T00:00:00Z,True,6.2126461611,i-0ae286212dabcdd69
2026-06-18T00:00:00Z,2026-06-19T00:00:00Z,True,3.7023472944,i-0ae2d9f98fe0bdccb
2026-06-18T00:00:00Z,2026-06-19T00:00:00Z,True,0.5772367296,i-0ae753c8ad09e72f5
2026-06-18T00:00:00Z,2026-06-19T00:00:00Z,True,1.7130166231,i-0af8988c19389e500
2026-06-18T00:00:00Z,2026-06-19T00:00:00Z,True,7.163282564,i-0af9f4b5a34e8af74
2026-06-18T00:00:00Z,2026-06-19T00:00:00Z,True,0.438255,i-0afb0feedcfa9d0e6
2026-06-18T00:00:00Z,2026-06-19T00:00:00Z,True,2.07042,i-0b1726a3175804c9c
2026-06-18T00:00:00Z,2026-06-19T00:00:00Z,True,0.441441625,i-0b1d5f0efd41cc36d
2026-06-18T00:00:00Z,2026-06-19T00:00:00Z,True,0.5730259899,i-0b22dbdb225829b8c
2026-06-18T00:00:00Z,2026-06-19T00:00:00Z,True,1.3823536824,i-0b263d99ca983005b
2026-06-18T00:00:00Z,2026-06-19T00:00:00Z,True,2.0676345,i-0b2cfa05d858b1e67
2026-06-18T00:00:00Z,2026-06-19T00:00:00Z,True,1.5926679408,i-0b2f363c5757f7b8f
2026-06-18T00:00:00Z,2026-06-19T00:00:00Z,True,3.7081098337,i-0b304aa3d3f2d509d
2026-06-18T00:00:00Z,2026-06-19T00:00:00Z,True,3.035592,i-0b371cf1d0fa12714
2026-06-18T00:00:00Z,2026-06-19T00:00:00Z,True,1.7266676328,i-0b38b3345255b8ca5
2026-06-18T00:00:00Z,2026-06-19T00:00:00Z,True,2.6170252704,i-0b396f8dd7d3025a6
2026-06-18T00:00:00Z,2026-06-19T00:00:00Z,True,4.6711448326,i-0b3f07909911622ac
2026-06-18T00:00:00Z,2026-06-19T00:00:00Z,True,0.4724306352,i-0b3fc88590c33d40d
2026-06-18T00:00:00Z,2026-06-19T00:00:00Z,True,1.98496886,i-0b427dacd7061dedb
2026-06-18T00:00:00Z,2026-06-19T00:00:00Z,True,2.7528975,i-0b4c3402e5c58f21d
2026-06-18T00:00:00Z,2026-06-19T00:00:00Z,True,2.5818782476,i-0b4de277991d0f4a5
2026-06-18T00:00:00Z,2026-06-19T00:00:00Z,True,3.5486535038,i-0b4df73b03b33bbde
2026-06-18T00:00:00Z,2026-06-19T00:00:00Z,True,2.6170252704,i-0b4f259f6897606e8
2026-06-18T00:00:00Z,2026-06-19T00:00:00Z,True,0.7954472058,i-0b536dbb431becb8c
2026-06-18T00:00:00Z,2026-06-19T00:00:00Z,True,4.1401062765,i-0b6713cc15f74d360
2026-06-18T00:00:00Z,2026-06-19T00:00:00Z,True,0.5304952653,i-0b7531e4ffe04e069
2026-06-18T00:00:00Z,2026-06-19T00:00:00Z,True,1.5198777601,i-0b7d3b0b683a4bf94
2026-06-18T00:00:00Z,2026-06-19T00:00:00Z,True,2.8803844889,i-0b89d9540eb52d0f1
2026-06-18T00:00:00Z,2026-06-19T00:00:00Z,True,0.4708413648,i-0ba99d40bdbde31be
2026-06-18T00:00:00Z,2026-06-19T00:00:00Z,True,2.5527112704,i-0bacaa1fb10cee4dc
2026-06-18T00:00:00Z,2026-06-19T00:00:00Z,True,1.8844094344,i-0bb04766183a8db7d
2026-06-18T00:00:00Z,2026-06-19T00:00:00Z,True,1.4919508164,i-0bb5b897373d1ded3
2026-06-18T00:00:00Z,2026-06-19T00:00:00Z,True,2.97379152,i-0bb8e1f9cd17c782a
2026-06-18T00:00:00Z,2026-06-19T00:00:00Z,True,3.1224239556,i-0bb9c29decb5e7596
2026-06-18T00:00:00Z,2026-06-19T00:00:00Z,True,3.6057326674,i-0bbb259a3de67863e
2026-06-18T00:00:00Z,2026-06-19T00:00:00Z,True,0.7377751029,i-0bc64364dffaae47b
2026-06-18T00:00:00Z,2026-06-19T00:00:00Z,True,4.8453292944,i-0bc734af8baef82ec
2026-06-18T00:00:00Z,2026-06-19T00:00:00Z,True,3.9547130064,i-0bc8db11f7a7619b1
2026-06-18T00:00:00Z,2026-06-19T00:00:00Z,True,0.7034618971,i-0bc98d57054cea3c5
2026-06-18T00:00:00Z,2026-06-19T00:00:00Z,True,3.0292529556,i-0bc9cf9e966e7af40
2026-06-18T00:00:00Z,2026-06-19T00:00:00Z,True,0.4565493648,i-0bd590df04b901e2f
2026-06-18T00:00:00Z,2026-06-19T00:00:00Z,True,2.6400802587,i-0bdef17f099d99e32
2026-06-18T00:00:00Z,2026-06-19T00:00:00Z,True,2.97379152,i-0be4fe79635efee80
2026-06-18T00:00:00Z,2026-06-19T00:00:00Z,True,6.683969,i-0bf55689c4f51a4d4
2026-06-18T00:00:00Z,2026-06-19T00:00:00Z,True,2.8468929408,i-0bf7663d00e735158
2026-06-18T00:00:00Z,2026-06-19T00:00:00Z,True,0.4247896824,i-0bfa53eee502a03fc
2026-06-18T00:00:00Z,2026-06-19T00:00:00Z,True,3.9194013664,i-0bfbce30852fa3e02
2026-06-18T00:00:00Z,2026-06-19T00:00:00Z,True,2.9369730884,i-0bfd1d7440d2f02ca
2026-06-18T00:00:00Z,2026-06-19T00:00:00Z,True,1.5980602833,i-0c0167f500538ce1f
2026-06-18T00:00:00Z,2026-06-19T00:00:00Z,True,0.9924993648,i-0c0205bda16dceb5c
2026-06-18T00:00:00Z,2026-06-19T00:00:00Z,True,2.0714665032,i-0c085e9d994b010e0
2026-06-18T00:00:00Z,2026-06-19T00:00:00Z,True,1.704877416,i-0c08672e5ee34091f
2026-06-18T00:00:00Z,2026-06-19T00:00:00Z,True,0.130468,i-0c0d07d66b039cebe
2026-06-18T00:00:00Z,2026-06-19T00:00:00Z,True,1.920336,i-0c11a8a5d11f3e6ab
2026-06-18T00:00:00Z,2026-06-19T00:00:00Z,True,4.1641707328,i-0c15ea3feb87853e2
2026-06-18T00:00:00Z,2026-06-19T00:00:00Z,True,2.0735557452,i-0c29f7978dd95e30e
2026-06-18T00:00:00Z,2026-06-19T00:00:00Z,True,6.87376675,i-0c2b9a547f3b50354
2026-06-18T00:00:00Z,2026-06-19T00:00:00Z,True,1.457784,i-0c381cf0436ad9997
2026-06-18T00:00:00Z,2026-06-19T00:00:00Z,True,2.0579069726,i-0c4114eb5759ea635
2026-06-18T00:00:00Z,2026-06-19T00:00:00Z,True,2.8434836768,i-0c4a5b7abd8239263
2026-06-18T00:00:00Z,2026-06-19T00:00:00Z,True,3.9578487516,i-0c5d54dd6e89576ab
2026-06-18T00:00:00Z,2026-06-19T00:00:00Z,True,1.7642451444,i-0c670061a949ad6b7
2026-06-18T00:00:00Z,2026-06-19T00:00:00Z,True,0.6402255552,i-0c7bd3659035b52e8
2026-06-18T00:00:00Z,2026-06-19T00:00:00Z,True,0.7844700096,i-0c7fe52450ab374ea
2026-06-18T00:00:00Z,2026-06-19T00:00:00Z,True,0.4463355,i-0c828a3eaf641ce03
2026-06-18T00:00:00Z,2026-06-19T00:00:00Z,True,0.4223149344,i-0c964152bb988ec8e
2026-06-18T00:00:00Z,2026-06-19T00:00:00Z,True,2.5003053648,i-0c9644e9c789ce0fe
2026-06-18T00:00:00Z,2026-06-19T00:00:00Z,True,3.4329219936,i-0c9696b176ade607a
2026-06-18T00:00:00Z,2026-06-19T00:00:00Z,True,0.6889470048,i-0ca0a687f604731b0
2026-06-18T00:00:00Z,2026-06-19T00:00:00Z,True,0.4589332704,i-0cb9faa965f6e1b6f
2026-06-18T00:00:00Z,2026-06-19T00:00:00Z,True,1.6774340333,i-0cbca6874630e514f
2026-06-18T00:00:00Z,2026-06-19T00:00:00Z,True,1.7312115,i-0cc057b84fe8cd890
2026-06-18T00:00:00Z,2026-06-19T00:00:00Z,True,0.1452727674,i-0cc5579092582da28
2026-06-18T00:00:00Z,2026-06-19T00:00:00Z,True,0.1326173368,i-0cc9dcb0db2f9d205
2026-06-18T00:00:00Z,2026-06-19T00:00:00Z,True,0.4088750328,i-0cce1c2d935e86786
2026-06-18T00:00:00Z,2026-06-19T00:00:00Z,True,3.340905,i-0cd2e675856bb583c
2026-06-18T00:00:00Z,2026-06-19T00:00:00Z,True,1.7410147601,i-0cd652014fa6b5151
2026-06-18T00:00:00Z,2026-06-19T00:00:00Z,True,0.7320656174,i-0ce2226bc0c8840b7
2026-06-18T00:00:00Z,2026-06-19T00:00:00Z,True,3.7041062167,i-0ceb74d5309cd1ecb
2026-06-18T00:00:00Z,2026-06-19T00:00:00Z,True,1.5894800592,i-0cf3b00b7f2c010f9
2026-06-18T00:00:00Z,2026-06-19T00:00:00Z,True,2.9876795,i-0cf6091636b7bdafa
2026-06-18T00:00:00Z,2026-06-19T00:00:00Z,True,2.7971504847,i-0cfb209a9da264725
2026-06-18T00:00:00Z,2026-06-19T00:00:00Z,True,3.9568022484,i-0d0045fd24687feee
2026-06-18T00:00:00Z,2026-06-19T00:00:00Z,True,1.7364541262,i-0d12f67b6247234b5
2026-06-18T00:00:00Z,2026-06-19T00:00:00Z,True,0.5246583672,i-0d1dcaa2da1d31f2d
2026-06-18T00:00:00Z,2026-06-19T00:00:00Z,True,0.7138429116,i-0d25243f42377df03
2026-06-18T00:00:00Z,2026-06-19T00:00:00Z,True,6.2995942779,i-0d27a8d401c357045
2026-06-18T00:00:00Z,2026-06-19T00:00:00Z,True,0.7768620096,i-0d2b7fca690c250df
2026-06-18T00:00:00Z,2026-06-19T00:00:00Z,True,1.457784,i-0d3455534efd5275b
2026-06-18T00:00:00Z,2026-06-19T00:00:00Z,True,3.12087252,i-0d3a1a2c87cd5f078
2026-06-18T00:00:00Z,2026-06-19T00:00:00Z,True,3.9557557452,i-0d4a84a9a85626ce6
2026-06-18T00:00:00Z,2026-06-19T00:00:00Z,True,2.7115096824,i-0d5743b0cc11cd30a
2026-06-18T00:00:00Z,2026-06-19T00:00:00Z,True,1.5675547923,i-0d64b4c776938ed9e
2026-06-18T00:00:00Z,2026-06-19T00:00:00Z,True,1.3447770826,i-0d67b86935a2da81a
2026-06-18T00:00:00Z,2026-06-19T00:00:00Z,True,3.2865287923,i-0d6b1cd092a13a7cb
2026-06-18T00:00:00Z,2026-06-19T00:00:00Z,True,6.05908114,i-0d7f8c8b4572f34a6
2026-06-18T00:00:00Z,2026-06-19T00:00:00Z,True,2.9087909856,i-0d9177967d1a86fab
2026-06-18T00:00:00Z,2026-06-19T00:00:00Z,True,0.4952948125,i-0dae1eb17f35faeb2
2026-06-18T00:00:00Z,2026-06-19T00:00:00Z,True,2.97196886,i-0dbd4ad584a97b31d
2026-06-18T00:00:00Z,2026-06-19T00:00:00Z,True,3.2154262548,i-0dc09debff5c98f57
2026-06-18T00:00:00Z,2026-06-19T00:00:00Z,True,2.07042,i-0dc80052101186017
2026-06-18T00:00:00Z,2026-06-19T00:00:00Z,True,6.1348843787,i-0dc9be12a3b8ce407
2026-06-18T00:00:00Z,2026-06-19T00:00:00Z,True,0.4319356824,i-0dceab1cbc4dfe88e
2026-06-18T00:00:00Z,2026-06-19T00:00:00Z,True,2.164434,i-0dd6a5cf93ac3b265
2026-06-18T00:00:00Z,2026-06-19T00:00:00Z,True,2.7582635808,i-0ddb42b2e504a83bb
2026-06-18T00:00:00Z,2026-06-19T00:00:00Z,True,2.7252337398,i-0ddf438c6f1d6b2c9
2026-06-18T00:00:00Z,2026-06-19T00:00:00Z,True,1.7364541262,i-0de170d8d80da6b29
2026-06-18T00:00:00Z,2026-06-19T00:00:00Z,True,4.2972823944,i-0de3524ec768e0038
2026-06-18T00:00:00Z,2026-06-19T00:00:00Z,True,4.0773503732,i-0de9e3f8d3208cf03
2026-06-18T00:00:00Z,2026-06-19T00:00:00Z,True,5.08307475,i-0def6c3e0424573c9
2026-06-18T00:00:00Z,2026-06-19T00:00:00Z,True,6.0183641287,i-0df062b2299e932b6
2026-06-18T00:00:00Z,2026-06-19T00:00:00Z,True,7.7198780011,i-0df3be6884d5bbf8a
2026-06-18T00:00:00Z,2026-06-19T00:00:00Z,True,2.5471743232,i-0df7cf3c074f4ee96
2026-06-18T00:00:00Z,2026-06-19T00:00:00Z,True,8.1345901674,i-0df873e2d1736a891
2026-06-18T00:00:00Z,2026-06-19T00:00:00Z,True,6.16875,i-0dfb7dbc64ebee6ad
2026-06-18T00:00:00Z,2026-06-19T00:00:00Z,True,0.5730259899,i-0e05f0e7301db3a5c
2026-06-18T00:00:00Z,2026-06-19T00:00:00Z,True,3.0268620444,i-0e1191a6bf9fe3a37
2026-06-18T00:00:00Z,2026-06-19T00:00:00Z,True,0.5510016,i-0e19d0696e87940ba
2026-06-18T00:00:00Z,2026-06-19T00:00:00Z,True,1.281144832,i-0e22816b6cb84165d
2026-06-18T00:00:00Z,2026-06-19T00:00:00Z,True,2.2881402779,i-0e233d2a9fe39e129
2026-06-18T00:00:00Z,2026-06-19T00:00:00Z,True,1.725042,i-0e277efd198b933a3
2026-06-18T00:00:00Z,2026-06-19T00:00:00Z,True,1.800296124,i-0e28bb5350d199915
2026-06-18T00:00:00Z,2026-06-19T00:00:00Z,True,1.5082550148,i-0e2aa9179d493e2aa
2026-06-18T00:00:00Z,2026-06-19T00:00:00Z,True,7.7233511663,i-0e342e857c18fd3f4
2026-06-18T00:00:00Z,2026-06-19T00:00:00Z,True,1.6014260148,i-0e34eb9509cbaaf78
2026-06-18T00:00:00Z,2026-06-19T00:00:00Z,True,1.7260116269,i-0e3593e486fe95f80
2026-06-18T00:00:00Z,2026-06-19T00:00:00Z,True,2.9305060296,i-0e3f4c4245c99b099
2026-06-18T00:00:00Z,2026-06-19T00:00:00Z,True,3.5923220856,i-0e4024b84c87a5d61
2026-06-18T00:00:00Z,2026-06-19T00:00:00Z,True,1.8473736484,i-0e44f13b28f116341
2026-06-18T00:00:00Z,2026-06-19T00:00:00Z,True,2.0714665032,i-0e540735bd6f773d4
2026-06-18T00:00:00Z,2026-06-19T00:00:00Z,True,1.7323814393,i-0e5774bf51fed70aa
2026-06-18T00:00:00Z,2026-06-19T00:00:00Z,True,1.5078846663,i-0e5a2ea372c94d193
2026-06-18T00:00:00Z,2026-06-19T00:00:00Z,True,1.5467116824,i-0e607a7331ef22a1a
2026-06-18T00:00:00Z,2026-06-19T00:00:00Z,True,4.2916179111,i-0e628e76c939030d1
2026-06-18T00:00:00Z,2026-06-19T00:00:00Z,True,1.2923468484,i-0e6629a3d8ef359b9
2026-06-18T00:00:00Z,2026-06-19T00:00:00Z,True,0.7458457326,i-0e6a3290bbeb81812
2026-06-18T00:00:00Z,2026-06-19T00:00:00Z,True,0.438255,i-0e6ebbe8a0aa50ae4
2026-06-18T00:00:00Z,2026-06-19T00:00:00Z,True,6.87376675,i-0e70b4aca32a6f283
2026-06-18T00:00:00Z,2026-06-19T00:00:00Z,True,4.0710319552,i-0e70fab85d559c615
2026-06-18T00:00:00Z,2026-06-19T00:00:00Z,True,3.0938109778,i-0e860a78bd4bbdd22
2026-06-18T00:00:00Z,2026-06-19T00:00:00Z,True,4.0157648744,i-0e96d319ca725f160
2026-06-18T00:00:00Z,2026-06-19T00:00:00Z,True,0.438255,i-0e96d6f1d65019ca1
2026-06-18T00:00:00Z,2026-06-19T00:00:00Z,True,1.5469054889,i-0ea1967f40dab151d
2026-06-18T00:00:00Z,2026-06-19T00:00:00Z,True,0.4887822702,i-0ea63adc7fef5a192
2026-06-18T00:00:00Z,2026-06-19T00:00:00Z,True,5.7556406663,i-0ea6b0cf4e6a05e53
2026-06-18T00:00:00Z,2026-06-19T00:00:00Z,True,3.4371080064,i-0eaa1d66ebb2b4cd7
2026-06-18T00:00:00Z,2026-06-19T00:00:00Z,True,2.4574293648,i-0eba22626eb3b7362
2026-06-18T00:00:00Z,2026-06-19T00:00:00Z,True,3.7098464163,i-0eba9a21344e40c9c
2026-06-18T00:00:00Z,2026-06-19T00:00:00Z,True,0.4797906875,i-0ebf703ef6b971879
2026-06-18T00:00:00Z,2026-06-19T00:00:00Z,True,2.0714665032,i-0ec67ae4923406581
2026-06-18T00:00:00Z,2026-06-19T00:00:00Z,True,1.5610036824,i-0ec8e4de7c3ae9bbd
2026-06-18T00:00:00Z,2026-06-19T00:00:00Z,True,0.3538480893,i-0ecdd228211f2b40a
2026-06-18T00:00:00Z,2026-06-19T00:00:00Z,True,1.3413039174,i-0ecf455890a8fdfd7
2026-06-18T00:00:00Z,2026-06-19T00:00:00Z,True,2.8723173787,i-0ed8b2da53be7d579
2026-06-18T00:00:00Z,2026-06-19T00:00:00Z,True,1.6049997096,i-0ee7cb6ba06c1042b
2026-06-18T00:00:00Z,2026-06-19T00:00:00Z,True,3.1272000444,i-0eef43f4d13f994b2
2026-06-18T00:00:00Z,2026-06-19T00:00:00Z,True,4.3605464152,i-0ef26aaf93ba8056e
2026-06-18T00:00:00Z,2026-06-19T00:00:00Z,True,1.3447770826,i-0ef4e6bb1b11b20bf
2026-06-18T00:00:00Z,2026-06-19T00:00:00Z,True,3.0066677686,i-0f090a5e1980acf93
2026-06-18T00:00:00Z,2026-06-19T00:00:00Z,True,6.6329189577,i-0f1bc6f9a2c52f71d
2026-06-18T00:00:00Z,2026-06-19T00:00:00Z,True,0.4497824667,i-0f258aa3bb5d88ab0
2026-06-18T00:00:00Z,2026-06-19T00:00:00Z,True,0.7515255174,i-0f29a2c4ba92fa149
2026-06-18T00:00:00Z,2026-06-19T00:00:00Z,True,1.7312115,i-0f37f4d74913be697
2026-06-18T00:00:00Z,2026-06-19T00:00:00Z,True,3.3991698346,i-0f3d612615aac9bd3
2026-06-18T00:00:00Z,2026-06-19T00:00:00Z,True,1.5130881674,i-0f4026fba52fe06e0
2026-06-18T00:00:00Z,2026-06-19T00:00:00Z,True,0.5703944596,i-0f40ffdca7832553c
2026-06-18T00:00:00Z,2026-06-19T00:00:00Z,True,14.2283092077,i-0f4eb43e7cd6292e8
2026-06-18T00:00:00Z,2026-06-19T00:00:00Z,True,1.5800606352,i-0f4ff6204af17f614
2026-06-18T00:00:00Z,2026-06-19T00:00:00Z,True,2.863266,i-0f599eb5b346bd322
2026-06-18T00:00:00Z,2026-06-19T00:00:00Z,True,2.0232050274,i-0f636e0fd5d175b68
2026-06-18T00:00:00Z,2026-06-19T00:00:00Z,True,1.6549379847,i-0f66d5c4402697c04
2026-06-18T00:00:00Z,2026-06-19T00:00:00Z,True,0.5341194274,i-0f756ecc717bc8dee
2026-06-18T00:00:00Z,2026-06-19T00:00:00Z,True,0.4767690144,i-0f77d973d6248b843
2026-06-18T00:00:00Z,2026-06-19T00:00:00Z,True,1.6681936824,i-0f7c8b2cce9590e94
2026-06-18T00:00:00Z,2026-06-19T00:00:00Z,True,2.0693734968,i-0f7e787711f812faf
2026-06-18T00:00:00Z,2026-06-19T00:00:00Z,True,3.4443616663,i-0f876cda37ef73440
2026-06-18T00:00:00Z,2026-06-19T00:00:00Z,True,3.1193,i-0f8be064721c07776
2026-06-18T00:00:00Z,2026-06-19T00:00:00Z,True,0.393192,i-0f94c587c2ea2f620
2026-06-18T00:00:00Z,2026-06-19T00:00:00Z,True,0.7844700096,i-0f9ab94219d1fda44
2026-06-18T00:00:00Z,2026-06-19T00:00:00Z,True,1.1782620444,i-0f9c99d90433347a3
2026-06-18T00:00:00Z,2026-06-19T00:00:00Z,True,6.6926456663,i-0fa3f4d761e4388c5
2026-06-18T00:00:00Z,2026-06-19T00:00:00Z,True,5.1315072872,i-0fa9e3700638d7b06
2026-06-18T00:00:00Z,2026-06-19T00:00:00Z,True,1.3807672704,i-0fb01f6f523bf0b48
2026-06-18T00:00:00Z,2026-06-19T00:00:00Z,True,3.2943270423,i-0fc48259b1cfc7324
2026-06-18T00:00:00Z,2026-06-19T00:00:00Z,True,0.7425997239,i-0fc698dcf4d236846
2026-06-18T00:00:00Z,2026-06-19T00:00:00Z,True,2.0735557452,i-0fc9e3675af064b12
2026-06-18T00:00:00Z,2026-06-19T00:00:00Z,True,6.87376675,i-0fd1eea22dc6e4fc5
2026-06-18T00:00:00Z,2026-06-19T00:00:00Z,True,5.6278723176,i-0fd28ffb0936fe88d
2026-06-18T00:00:00Z,2026-06-19T00:00:00Z,True,25.2689328626,i-0fd49ae30fc10b04e
2026-06-18T00:00:00Z,2026-06-19T00:00:00Z,True,0.47477625,i-0fd85412c1c0b7be1
2026-06-18T00:00:00Z,2026-06-19T00:00:00Z,True,1.7450736692,i-0fdcbb3c91eede3a6
2026-06-18T00:00:00Z,2026-06-19T00:00:00Z,True,4.1688421056,i-0fe68ef420fe53fb6
2026-06-18T00:00:00Z,2026-06-19T00:00:00Z,True,1.674375,i-0fe6c758a32b8c26a
2026-06-18T00:00:00Z,2026-06-19T00:00:00Z,True,0.1035813324,i-0fec5d1a28b6d27aa
2026-06-18T00:00:00Z,2026-06-19T00:00:00Z,True,2.9028652704,i-0feff6dedde7f04b0
2026-06-18T00:00:00Z,2026-06-19T00:00:00Z,True,1.6574782653,i-0ff139bdead9dfd4f
2026-06-18T00:00:00Z,2026-06-19T00:00:00Z,True,4.0056927221,i-0ff514456c1b82b3b
