time_start,time_end,estimated,amount_usd,usage_type
2026-03-21,2026-04-01,False,0.0,AFS1-Catalog-Request
2026-03-21,2026-04-01,False,0.0,AFS1-EC2-free-metering
2026-03-21,2026-04-01,False,0.0,AFS1-ECR-free-metering
2026-03-21,2026-04-01,False,0.024505,AFS1-EventsAnalyzed
2026-03-21,2026-04-01,False,0.0,AFS1-Lambda-Standard-free-metering
2026-03-21,2026-04-01,False,0.0,AFS1-OtherProduct:PaidFindingsIngestion
2026-03-21,2026-04-01,False,0.0,AFS1-Requests-Tier1
2026-03-21,2026-04-01,False,0.00099,AFS1-Requests-Tier8
2026-03-21,2026-04-01,False,0.0,AFS1-SecurityHubProduct:FreeFindingsIngestion
2026-03-21,2026-04-01,False,0.000132,AFS1-Tables-Requests-Tier1
2026-03-21,2026-04-01,False,0.0,APE1-Catalog-Request
2026-03-21,2026-04-01,False,0.0,APE1-EC2-free-metering
2026-03-21,2026-04-01,False,0.0,APE1-ECR-free-metering
2026-03-21,2026-04-01,False,0.02589312,APE1-EventsAnalyzed
2026-03-21,2026-04-01,False,0.0,APE1-Lambda-Standard-free-metering
2026-03-21,2026-04-01,False,0.0,APE1-OtherProduct:PaidFindingsIngestion
2026-03-21,2026-04-01,False,0.0,APE1-Requests-Tier1
2026-03-21,2026-04-01,False,0.00099,APE1-Requests-Tier8
2026-03-21,2026-04-01,False,0.0,APE1-SecurityHubProduct:FreeFindingsIngestion
2026-03-21,2026-04-01,False,0.00011,APE1-Tables-Requests-Tier1
2026-03-21,2026-04-01,False,0.000115,APN1-AWSSecretsManagerAPIRequest
2026-03-21,2026-04-01,False,0.0,APN1-Catalog-Request
2026-03-21,2026-04-01,False,0.0,APN1-DataTransfer-In-Bytes
2026-03-21,2026-04-01,False,0.0,APN1-DataTransfer-Out-Bytes
2026-03-21,2026-04-01,False,0.0,APN1-EC2-free-metering
2026-03-21,2026-04-01,False,0.0,APN1-ECR-free-metering
2026-03-21,2026-04-01,False,0.02325072,APN1-EventsAnalyzed
2026-03-21,2026-04-01,False,0.0,APN1-Lambda-Code-free-metering
2026-03-21,2026-04-01,False,0.0,APN1-Lambda-Standard-free-metering
2026-03-21,2026-04-01,False,0.0,APN1-OtherProduct:PaidFindingsIngestion
2026-03-21,2026-04-01,False,0.352,APN1-PaidComplianceCheck
2026-03-21,2026-04-01,False,0.00391288,APN1-PaidEventsAnalyzed
2026-03-21,2026-04-01,False,0.0001034,APN1-Requests-Tier1
2026-03-21,2026-04-01,False,0.00099,APN1-Requests-Tier8
2026-03-21,2026-04-01,False,0.0,APN1-SC-API-Calls
2026-03-21,2026-04-01,False,0.0,APN1-SecurityHubProduct:FreeFindingsIngestion
2026-03-21,2026-04-01,False,0.0001034,APN1-Tables-Requests-Tier1
2026-03-21,2026-04-01,False,0.0,APN1-USW2-AWS-In-Bytes
2026-03-21,2026-04-01,False,4.2e-08,APN1-USW2-AWS-Out-Bytes
2026-03-21,2026-04-01,False,0.000115,APN2-AWSSecretsManagerAPIRequest
2026-03-21,2026-04-01,False,0.0,APN2-Catalog-Request
2026-03-21,2026-04-01,False,0.0,APN2-DataTransfer-In-Bytes
2026-03-21,2026-04-01,False,0.0,APN2-DataTransfer-Out-Bytes
2026-03-21,2026-04-01,False,0.0,APN2-EC2-free-metering
2026-03-21,2026-04-01,False,0.0,APN2-ECR-free-metering
2026-03-21,2026-04-01,False,0.0226596,APN2-EventsAnalyzed
2026-03-21,2026-04-01,False,0.0,APN2-Lambda-Standard-free-metering
2026-03-21,2026-04-01,False,0.0,APN2-OtherProduct:PaidFindingsIngestion
2026-03-21,2026-04-01,False,0.352,APN2-PaidComplianceCheck
2026-03-21,2026-04-01,False,0.003818,APN2-PaidEventsAnalyzed
2026-03-21,2026-04-01,False,0.0,APN2-Requests-Tier1
2026-03-21,2026-04-01,False,0.00099,APN2-Requests-Tier8
2026-03-21,2026-04-01,False,0.0,APN2-SC-API-Calls
2026-03-21,2026-04-01,False,0.0,APN2-SecurityHubProduct:FreeFindingsIngestion
2026-03-21,2026-04-01,False,9.9e-05,APN2-Tables-Requests-Tier1
2026-03-21,2026-04-01,False,0.0,APN2-USW2-AWS-In-Bytes
2026-03-21,2026-04-01,False,3.7e-08,APN2-USW2-AWS-Out-Bytes
2026-03-21,2026-04-01,False,0.000115,APN3-AWSSecretsManagerAPIRequest
2026-03-21,2026-04-01,False,0.0,APN3-Catalog-Request
2026-03-21,2026-04-01,False,0.0,APN3-DataTransfer-In-Bytes
2026-03-21,2026-04-01,False,0.0,APN3-DataTransfer-Out-Bytes
2026-03-21,2026-04-01,False,0.0,APN3-EC2-free-metering
2026-03-21,2026-04-01,False,0.0,APN3-ECR-free-metering
2026-03-21,2026-04-01,False,0.024635,APN3-EventsAnalyzed
2026-03-21,2026-04-01,False,0.0,APN3-Lambda-Standard-free-metering
2026-03-21,2026-04-01,False,0.0,APN3-OtherProduct:PaidFindingsIngestion
2026-03-21,2026-04-01,False,0.352,APN3-PaidComplianceCheck
2026-03-21,2026-04-01,False,0.00409,APN3-PaidEventsAnalyzed
2026-03-21,2026-04-01,False,0.0,APN3-Requests-Tier1
2026-03-21,2026-04-01,False,0.00099,APN3-Requests-Tier8
2026-03-21,2026-04-01,False,0.0,APN3-SC-API-Calls
2026-03-21,2026-04-01,False,0.0,APN3-SecurityHubProduct:FreeFindingsIngestion
2026-03-21,2026-04-01,False,0.0001034,APN3-Tables-Requests-Tier1
2026-03-21,2026-04-01,False,0.0,APN3-USW2-AWS-In-Bytes
2026-03-21,2026-04-01,False,4.2e-08,APN3-USW2-AWS-Out-Bytes
2026-03-21,2026-04-01,False,0.000115,APS1-AWSSecretsManagerAPIRequest
2026-03-21,2026-04-01,False,0.0,APS1-Catalog-Request
2026-03-21,2026-04-01,False,0.0,APS1-DataTransfer-In-Bytes
2026-03-21,2026-04-01,False,0.0,APS1-DataTransfer-Out-Bytes
2026-03-21,2026-04-01,False,0.0,APS1-EC2-free-metering
2026-03-21,2026-04-01,False,0.0,APS1-ECR-free-metering
2026-03-21,2026-04-01,False,0.0226688,APS1-EventsAnalyzed
2026-03-21,2026-04-01,False,0.0,APS1-Lambda-Code-free-metering
2026-03-21,2026-04-01,False,0.0,APS1-Lambda-Standard-free-metering
2026-03-21,2026-04-01,False,0.0,APS1-OtherProduct:PaidFindingsIngestion
2026-03-21,2026-04-01,False,0.352,APS1-PaidComplianceCheck
2026-03-21,2026-04-01,False,0.0038272,APS1-PaidEventsAnalyzed
2026-03-21,2026-04-01,False,0.0,APS1-Requests-Tier1
2026-03-21,2026-04-01,False,0.00099,APS1-Requests-Tier8
2026-03-21,2026-04-01,False,0.0,APS1-SC-API-Calls
2026-03-21,2026-04-01,False,0.0,APS1-SecurityHubProduct:FreeFindingsIngestion
2026-03-21,2026-04-01,False,0.00011,APS1-Tables-Requests-Tier1
2026-03-21,2026-04-01,False,0.0,APS1-USW2-AWS-In-Bytes
2026-03-21,2026-04-01,False,4.2e-08,APS1-USW2-AWS-Out-Bytes
2026-03-21,2026-04-01,False,0.000115,APS2-AWSSecretsManagerAPIRequest
2026-03-21,2026-04-01,False,0.0,APS2-Catalog-Request
2026-03-21,2026-04-01,False,0.0,APS2-DataTransfer-In-Bytes
2026-03-21,2026-04-01,False,0.0,APS2-DataTransfer-Out-Bytes
2026-03-21,2026-04-01,False,0.0,APS2-EC2-free-metering
2026-03-21,2026-04-01,False,0.0,APS2-ECR-free-metering
2026-03-21,2026-04-01,False,0.0226596,APS2-EventsAnalyzed
2026-03-21,2026-04-01,False,0.0,APS2-Lambda-Code-free-metering
2026-03-21,2026-04-01,False,0.0,APS2-Lambda-Standard-free-metering
2026-03-21,2026-04-01,False,0.0,APS2-OtherProduct:PaidFindingsIngestion
2026-03-21,2026-04-01,False,0.352,APS2-PaidComplianceCheck
2026-03-21,2026-04-01,False,0.003818,APS2-PaidEventsAnalyzed
2026-03-21,2026-04-01,False,0.0,APS2-Requests-Tier1
2026-03-21,2026-04-01,False,0.00099,APS2-Requests-Tier8
2026-03-21,2026-04-01,False,0.0,APS2-SC-API-Calls
2026-03-21,2026-04-01,False,0.0,APS2-SecurityHubProduct:FreeFindingsIngestion
2026-03-21,2026-04-01,False,0.000121,APS2-Tables-Requests-Tier1
2026-03-21,2026-04-01,False,0.0,APS2-USW2-AWS-In-Bytes
2026-03-21,2026-04-01,False,4.5e-08,APS2-USW2-AWS-Out-Bytes
2026-03-21,2026-04-01,False,0.0,APS3-APN1-AWS-In-Bytes
2026-03-21,2026-04-01,False,0.0,APS3-APN2-AWS-In-Bytes
2026-03-21,2026-04-01,False,1.6e-08,APS3-APN2-AWS-Out-Bytes
2026-03-21,2026-04-01,False,0.0,APS3-APS1-AWS-In-Bytes
2026-03-21,2026-04-01,False,0.0,APS3-APS2-AWS-In-Bytes
2026-03-21,2026-04-01,False,0.0,APS3-APS5-AWS-In-Bytes
2026-03-21,2026-04-01,False,0.0,APS3-APS6-AWS-In-Bytes
2026-03-21,2026-04-01,False,0.0,APS3-APS9-AWS-In-Bytes
2026-03-21,2026-04-01,False,0.000115,APS3-AWSSecretsManagerAPIRequest
2026-03-21,2026-04-01,False,0.0,APS3-CAN1-AWS-In-Bytes
2026-03-21,2026-04-01,False,0.0,APS3-Catalog-Request
2026-03-21,2026-04-01,False,0.0,APS3-DataTransfer-In-Bytes
2026-03-21,2026-04-01,False,0.0,APS3-DataTransfer-Out-Bytes
2026-03-21,2026-04-01,False,1.54e-08,APS3-DataTransfer-Regional-Bytes
2026-03-21,2026-04-01,False,0.8546189828,APS3-EBS:SnapshotUsage
2026-03-21,2026-04-01,False,0.0,APS3-EC2-free-metering
2026-03-21,2026-04-01,False,0.0,APS3-ECR-free-metering
2026-03-21,2026-04-01,False,0.0,APS3-ESC1-AWS-In-Bytes
2026-03-21,2026-04-01,False,0.0,APS3-EU-AWS-In-Bytes
2026-03-21,2026-04-01,False,0.0,APS3-EUC1-AWS-In-Bytes
2026-03-21,2026-04-01,False,0.0,APS3-EUN1-AWS-In-Bytes
2026-03-21,2026-04-01,False,0.0,APS3-EUW2-AWS-In-Bytes
2026-03-21,2026-04-01,False,0.0,APS3-EUW3-AWS-In-Bytes
2026-03-21,2026-04-01,False,0.02189,APS3-EventsAnalyzed
2026-03-21,2026-04-01,False,0.0,APS3-Lambda-Standard-free-metering
2026-03-21,2026-04-01,False,1.29227e-05,APS3-NatGateway-Bytes
2026-03-21,2026-04-01,False,29.568,APS3-NatGateway-Hours
2026-03-21,2026-04-01,False,0.0,APS3-OtherProduct:PaidFindingsIngestion
2026-03-21,2026-04-01,False,0.352,APS3-PaidComplianceCheck
2026-03-21,2026-04-01,False,0.003652,APS3-PaidEventsAnalyzed
2026-03-21,2026-04-01,False,2.64,APS3-PublicIPv4:InUseAddress
2026-03-21,2026-04-01,False,0.00011,APS3-Requests-Tier1
2026-03-21,2026-04-01,False,2.16e-05,APS3-Requests-Tier2
2026-03-21,2026-04-01,False,0.00099,APS3-Requests-Tier8
2026-03-21,2026-04-01,False,0.0,APS3-SC-API-Calls
2026-03-21,2026-04-01,False,0.0,APS3-SecurityHubProduct:FreeFindingsIngestion
2026-03-21,2026-04-01,False,0.00011,APS3-Tables-Requests-Tier1
2026-03-21,2026-04-01,False,5.6211344376,APS3-TimedStorage-ByteHrs
2026-03-21,2026-04-01,False,0.0,APS3-USE1-AWS-In-Bytes
2026-03-21,2026-04-01,False,0.0,APS3-USE2-AWS-In-Bytes
2026-03-21,2026-04-01,False,0.0,APS3-USW1-AWS-In-Bytes
2026-03-21,2026-04-01,False,0.0,APS3-USW2-AWS-In-Bytes
2026-03-21,2026-04-01,False,4e-08,APS3-USW2-AWS-Out-Bytes
2026-03-21,2026-04-01,False,0.0,APS4-Catalog-Request
2026-03-21,2026-04-01,False,0.0,APS4-EC2-free-metering
2026-03-21,2026-04-01,False,0.0,APS4-ECR-free-metering
2026-03-21,2026-04-01,False,0.0225124,APS4-EventsAnalyzed
2026-03-21,2026-04-01,False,0.0,APS4-Lambda-Standard-free-metering
2026-03-21,2026-04-01,False,0.0,APS4-OtherProduct:PaidFindingsIngestion
2026-03-21,2026-04-01,False,0.0,APS4-Requests-Tier1
2026-03-21,2026-04-01,False,0.00099,APS4-Requests-Tier8
2026-03-21,2026-04-01,False,0.0,APS4-SecurityHubProduct:FreeFindingsIngestion
2026-03-21,2026-04-01,False,0.00011,APS4-Tables-Requests-Tier1
2026-03-21,2026-04-01,False,0.0,APS5-Catalog-Request
2026-03-21,2026-04-01,False,0.0,APS5-EC2-free-metering
2026-03-21,2026-04-01,False,0.0,APS5-ECR-free-metering
2026-03-21,2026-04-01,False,0.0215556,APS5-EventsAnalyzed
2026-03-21,2026-04-01,False,0.0,APS5-Lambda-Standard-free-metering
2026-03-21,2026-04-01,False,0.0,APS5-OtherProduct:PaidFindingsIngestion
2026-03-21,2026-04-01,False,0.0,APS5-Requests-Tier1
2026-03-21,2026-04-01,False,0.00099,APS5-Requests-Tier8
2026-03-21,2026-04-01,False,0.0,APS5-SecurityHubProduct:FreeFindingsIngestion
2026-03-21,2026-04-01,False,0.00011,APS5-Tables-Requests-Tier1
2026-03-21,2026-04-01,False,0.000194642,Aurora:BackupUsage
2026-03-21,2026-04-01,False,7.2221666666,Aurora:ServerlessV2Usage
2026-03-21,2026-04-01,False,0.8840918,Aurora:StorageIOUsage
2026-03-21,2026-04-01,False,0.0026360508,Aurora:StorageUsage
2026-03-21,2026-04-01,False,90.4557403776,BoxUsage:t3a.2xlarge
2026-03-21,2026-04-01,False,0.0,CA-DataTransfer-Out-Bytes
2026-03-21,2026-04-01,False,0.0,CA-Requests-Tier2-HTTPS
2026-03-21,2026-04-01,False,0.000115,CAN1-AWSSecretsManagerAPIRequest
2026-03-21,2026-04-01,False,0.0,CAN1-Catalog-Request
2026-03-21,2026-04-01,False,0.0,CAN1-DataTransfer-In-Bytes
2026-03-21,2026-04-01,False,0.0,CAN1-DataTransfer-Out-Bytes
2026-03-21,2026-04-01,False,0.0,CAN1-EC2-free-metering
2026-03-21,2026-04-01,False,0.0,CAN1-ECR-free-metering
2026-03-21,2026-04-01,False,0.0226596,CAN1-EventsAnalyzed
2026-03-21,2026-04-01,False,0.0,CAN1-Lambda-Standard-free-metering
2026-03-21,2026-04-01,False,0.0,CAN1-OtherProduct:PaidFindingsIngestion
2026-03-21,2026-04-01,False,0.352,CAN1-PaidComplianceCheck
2026-03-21,2026-04-01,False,0.0038134,CAN1-PaidEventsAnalyzed
2026-03-21,2026-04-01,False,0.0,CAN1-Requests-Tier1
2026-03-21,2026-04-01,False,0.00099,CAN1-Requests-Tier8
2026-03-21,2026-04-01,False,0.0,CAN1-SC-API-Calls
2026-03-21,2026-04-01,False,0.0,CAN1-SecurityHubProduct:FreeFindingsIngestion
2026-03-21,2026-04-01,False,0.000121,CAN1-Tables-Requests-Tier1
2026-03-21,2026-04-01,False,0.0,CAN1-USW2-AWS-In-Bytes
2026-03-21,2026-04-01,False,1e-08,CAN1-USW2-AWS-Out-Bytes
2026-03-21,2026-04-01,False,0.032101254,CW:AlarmMonitorUsage
2026-03-21,2026-04-01,False,0.0,CW:Requests
2026-03-21,2026-04-01,False,0.0609576,DNS-Queries
2026-03-21,2026-04-01,False,0.0,DashboardsUsageHour-Basic
2026-03-21,2026-04-01,False,0.0,DataTransfer-In-Bytes
2026-03-21,2026-04-01,False,0.0,DataTransfer-Out-Bytes
2026-03-21,2026-04-01,False,0.0126420318,DataTransfer-Regional-Bytes
2026-03-21,2026-04-01,False,10.8493677544,EBS:VolumeUsage.gp3
2026-03-21,2026-04-01,False,0.000115,EU-AWSSecretsManager-APIRequests
2026-03-21,2026-04-01,False,0.0,EU-Catalog-Request
2026-03-21,2026-04-01,False,0.0,EU-DataTransfer-In-Bytes
2026-03-21,2026-04-01,False,0.0,EU-DataTransfer-Out-Bytes
2026-03-21,2026-04-01,False,2.13635e-05,EU-DataTransfer-Out-OBytes
2026-03-21,2026-04-01,False,0.0,EU-EC2-free-metering
2026-03-21,2026-04-01,False,0.0,EU-ECR-free-metering
2026-03-21,2026-04-01,False,0.0216788,EU-EventsAnalyzed
2026-03-21,2026-04-01,False,0.0,EU-Lambda-Code-free-metering
2026-03-21,2026-04-01,False,0.0,EU-Lambda-Standard-free-metering
2026-03-21,2026-04-01,False,0.0,EU-OtherProduct:PaidFindingsIngestion
2026-03-21,2026-04-01,False,0.352,EU-PaidComplianceCheck
2026-03-21,2026-04-01,False,0.003652,EU-PaidEventsAnalyzed
2026-03-21,2026-04-01,False,0.0,EU-Requests-HTTP-Proxy
2026-03-21,2026-04-01,False,0.0,EU-Requests-HTTPS-Proxy
2026-03-21,2026-04-01,False,0.00011,EU-Requests-Tier1
2026-03-21,2026-04-01,False,0.0,EU-Requests-Tier2-HTTPS
2026-03-21,2026-04-01,False,0.00099,EU-Requests-Tier8
2026-03-21,2026-04-01,False,0.0,EU-SC-API-Calls
2026-03-21,2026-04-01,False,0.0,EU-SecurityHubProduct:FreeFindingsIngestion
2026-03-21,2026-04-01,False,0.00011,EU-Tables-Requests-Tier1
2026-03-21,2026-04-01,False,0.0,EU-USW2-AWS-In-Bytes
2026-03-21,2026-04-01,False,1e-08,EU-USW2-AWS-Out-Bytes
2026-03-21,2026-04-01,False,0.0,EUC1-APE1-AWS-In-Bytes
2026-03-21,2026-04-01,False,0.0,EUC1-APE2-AWS-In-Bytes
2026-03-21,2026-04-01,False,0.0,EUC1-APN1-AWS-In-Bytes
2026-03-21,2026-04-01,False,0.0,EUC1-APN2-AWS-In-Bytes
2026-03-21,2026-04-01,False,2.1e-09,EUC1-APN2-AWS-Out-Bytes
2026-03-21,2026-04-01,False,0.0,EUC1-APS1-AWS-In-Bytes
2026-03-21,2026-04-01,False,0.0,EUC1-APS2-AWS-In-Bytes
2026-03-21,2026-04-01,False,0.0,EUC1-APS3-AWS-In-Bytes
2026-03-21,2026-04-01,False,0.000115,EUC1-AWSSecretsManagerAPIRequest
2026-03-21,2026-04-01,False,0.0,EUC1-CAN1-AWS-In-Bytes
2026-03-21,2026-04-01,False,0.0,EUC1-Catalog-Request
2026-03-21,2026-04-01,False,0.0,EUC1-DataTransfer-In-Bytes
2026-03-21,2026-04-01,False,0.0,EUC1-DataTransfer-Out-Bytes
2026-03-21,2026-04-01,False,3.06e-08,EUC1-DataTransfer-Regional-Bytes
2026-03-21,2026-04-01,False,0.0,EUC1-EC2-free-metering
2026-03-21,2026-04-01,False,0.0,EUC1-ECR-free-metering
2026-03-21,2026-04-01,False,0.0,EUC1-ESC1-AWS-In-Bytes
2026-03-21,2026-04-01,False,0.0,EUC1-EU-AWS-In-Bytes
2026-03-21,2026-04-01,False,0.0,EUC1-EUN1-AWS-In-Bytes
2026-03-21,2026-04-01,False,0.0,EUC1-EUS1-AWS-In-Bytes
2026-03-21,2026-04-01,False,0.0,EUC1-EUS2-AWS-In-Bytes
2026-03-21,2026-04-01,False,0.0,EUC1-EUW2-AWS-In-Bytes
2026-03-21,2026-04-01,False,0.0,EUC1-EUW3-AWS-In-Bytes
2026-03-21,2026-04-01,False,0.0229908,EUC1-EventsAnalyzed
2026-03-21,2026-04-01,False,0.0,EUC1-Lambda-Code-free-metering
2026-03-21,2026-04-01,False,0.0,EUC1-Lambda-Standard-free-metering
2026-03-21,2026-04-01,False,1.24149e-05,EUC1-NatGateway-Bytes
2026-03-21,2026-04-01,False,27.456,EUC1-NatGateway-Hours
2026-03-21,2026-04-01,False,0.0,EUC1-OtherProduct:PaidFindingsIngestion
2026-03-21,2026-04-01,False,0.352,EUC1-PaidComplianceCheck
2026-03-21,2026-04-01,False,0.0038042,EUC1-PaidEventsAnalyzed
2026-03-21,2026-04-01,False,2.64,EUC1-PublicIPv4:InUseAddress
2026-03-21,2026-04-01,False,0.0,EUC1-Requests-Tier1
2026-03-21,2026-04-01,False,2.408e-05,EUC1-Requests-Tier2
2026-03-21,2026-04-01,False,0.00099,EUC1-Requests-Tier8
2026-03-21,2026-04-01,False,0.0,EUC1-SAE1-AWS-In-Bytes
2026-03-21,2026-04-01,False,0.0,EUC1-SC-API-Calls
2026-03-21,2026-04-01,False,0.0,EUC1-SecurityHubProduct:FreeFindingsIngestion
2026-03-21,2026-04-01,False,0.0001188,EUC1-Tables-Requests-Tier1
2026-03-21,2026-04-01,False,6.4581e-06,EUC1-TagStorage-TagHrs
2026-03-21,2026-04-01,False,15.1015680101,EUC1-TimedStorage-ByteHrs
2026-03-21,2026-04-01,False,0.0,EUC1-USE1-AWS-In-Bytes
2026-03-21,2026-04-01,False,0.0,EUC1-USE2-AWS-In-Bytes
2026-03-21,2026-04-01,False,0.0,EUC1-USW1-AWS-In-Bytes
2026-03-21,2026-04-01,False,0.0,EUC1-USW2-AWS-In-Bytes
2026-03-21,2026-04-01,False,1e-08,EUC1-USW2-AWS-Out-Bytes
2026-03-21,2026-04-01,False,0.000115,EUN1-AWSSecretsManagerAPIRequest
2026-03-21,2026-04-01,False,0.0,EUN1-Catalog-Request
2026-03-21,2026-04-01,False,0.0,EUN1-DataTransfer-In-Bytes
2026-03-21,2026-04-01,False,0.0,EUN1-DataTransfer-Out-Bytes
2026-03-21,2026-04-01,False,0.0,EUN1-EC2-free-metering
2026-03-21,2026-04-01,False,0.0,EUN1-ECR-free-metering
2026-03-21,2026-04-01,False,0.0206892,EUN1-EventsAnalyzed
2026-03-21,2026-04-01,False,0.0,EUN1-Lambda-Code-free-metering
2026-03-21,2026-04-01,False,0.0,EUN1-Lambda-Standard-free-metering
2026-03-21,2026-04-01,False,0.0,EUN1-OtherProduct:PaidFindingsIngestion
2026-03-21,2026-04-01,False,0.352,EUN1-PaidComplianceCheck
2026-03-21,2026-04-01,False,0.0034734,EUN1-PaidEventsAnalyzed
2026-03-21,2026-04-01,False,0.00011,EUN1-Requests-Tier1
2026-03-21,2026-04-01,False,0.00099,EUN1-Requests-Tier8
2026-03-21,2026-04-01,False,0.0,EUN1-SC-API-Calls
2026-03-21,2026-04-01,False,0.0,EUN1-SecurityHubProduct:FreeFindingsIngestion
2026-03-21,2026-04-01,False,0.00011,EUN1-Tables-Requests-Tier1
2026-03-21,2026-04-01,False,0.0,EUN1-USW2-AWS-In-Bytes
2026-03-21,2026-04-01,False,1e-08,EUN1-USW2-AWS-Out-Bytes
2026-03-21,2026-04-01,False,0.000115,EUW2-AWSSecretsManagerAPIRequest
2026-03-21,2026-04-01,False,0.0,EUW2-Catalog-Request
2026-03-21,2026-04-01,False,0.0,EUW2-DataTransfer-In-Bytes
2026-03-21,2026-04-01,False,0.0,EUW2-DataTransfer-Out-Bytes
2026-03-21,2026-04-01,False,0.0,EUW2-EC2-free-metering
2026-03-21,2026-04-01,False,0.0,EUW2-ECR-free-metering
2026-03-21,2026-04-01,False,0.02167,EUW2-EventsAnalyzed
2026-03-21,2026-04-01,False,0.0,EUW2-Lambda-Code-free-metering
2026-03-21,2026-04-01,False,0.0,EUW2-Lambda-Standard-free-metering
2026-03-21,2026-04-01,False,0.0,EUW2-OtherProduct:PaidFindingsIngestion
2026-03-21,2026-04-01,False,0.352,EUW2-PaidComplianceCheck
2026-03-21,2026-04-01,False,0.0036476,EUW2-PaidEventsAnalyzed
2026-03-21,2026-04-01,False,0.0,EUW2-Requests-Tier1
2026-03-21,2026-04-01,False,0.00099,EUW2-Requests-Tier8
2026-03-21,2026-04-01,False,0.0,EUW2-SC-API-Calls
2026-03-21,2026-04-01,False,0.0,EUW2-SecurityHubProduct:FreeFindingsIngestion
2026-03-21,2026-04-01,False,0.0001166,EUW2-Tables-Requests-Tier1
2026-03-21,2026-04-01,False,0.0,EUW2-USW2-AWS-In-Bytes
2026-03-21,2026-04-01,False,1e-08,EUW2-USW2-AWS-Out-Bytes
2026-03-21,2026-04-01,False,0.000115,EUW3-AWSSecretsManagerAPIRequest
2026-03-21,2026-04-01,False,0.0,EUW3-Catalog-Request
2026-03-21,2026-04-01,False,0.0,EUW3-DataTransfer-In-Bytes
2026-03-21,2026-04-01,False,0.0,EUW3-DataTransfer-Out-Bytes
2026-03-21,2026-04-01,False,0.0,EUW3-EC2-free-metering
2026-03-21,2026-04-01,False,0.0,EUW3-ECR-free-metering
2026-03-21,2026-04-01,False,0.0216744,EUW3-EventsAnalyzed
2026-03-21,2026-04-01,False,0.0,EUW3-Lambda-Standard-free-metering
2026-03-21,2026-04-01,False,0.0,EUW3-OtherProduct:PaidFindingsIngestion
2026-03-21,2026-04-01,False,0.352,EUW3-PaidComplianceCheck
2026-03-21,2026-04-01,False,0.0036564,EUW3-PaidEventsAnalyzed
2026-03-21,2026-04-01,False,0.0,EUW3-Requests-Tier1
2026-03-21,2026-04-01,False,0.00099,EUW3-Requests-Tier8
2026-03-21,2026-04-01,False,0.0,EUW3-SC-API-Calls
2026-03-21,2026-04-01,False,0.0,EUW3-SecurityHubProduct:FreeFindingsIngestion
2026-03-21,2026-04-01,False,0.0001166,EUW3-Tables-Requests-Tier1
2026-03-21,2026-04-01,False,0.0,EUW3-USW2-AWS-In-Bytes
2026-03-21,2026-04-01,False,1e-08,EUW3-USW2-AWS-Out-Bytes
2026-03-21,2026-04-01,False,0.0,Global-Bucket-Hrs-FreeTier
2026-03-21,2026-04-01,False,0.87807024,Global-MonitoredIAMRole
2026-03-21,2026-04-01,False,0.12100968,Global-MonitoredIAMUser
2026-03-21,2026-04-01,False,0.709677408,Global-RuleV2
2026-03-21,2026-04-01,False,1.77419352,Global-WebACLV2
2026-03-21,2026-04-01,False,2.0,HostedZone
2026-03-21,2026-04-01,False,29.150079912,InstanceUsage:db.t3.medium
2026-03-21,2026-04-01,False,19.272,InstanceUsage:db.t4g.medium
2026-03-21,2026-04-01,False,0.0,Intra-AWS-DNS-Queries
2026-03-21,2026-04-01,False,0.0,Lambda-GB-Second
2026-03-21,2026-04-01,False,5.895,LoadBalancerUsage
2026-03-21,2026-04-01,False,3.0347e-06,NatGateway-Bytes
2026-03-21,2026-04-01,False,18.27,NatGateway-Hours
2026-03-21,2026-04-01,False,6.2579510368,RDS:GP2-Storage
2026-03-21,2026-04-01,False,0.0,Request
2026-03-21,2026-04-01,False,0.0,Requests-RBP
2026-03-21,2026-04-01,False,0.00596,Requests-Tier1
2026-03-21,2026-04-01,False,0.0003716,Requests-Tier2
2026-03-21,2026-04-01,False,0.00099,Requests-Tier8
2026-03-21,2026-04-01,False,0.000115,SAE1-AWSSecretsManagerAPIRequest
2026-03-21,2026-04-01,False,0.0,SAE1-Catalog-Request
2026-03-21,2026-04-01,False,0.0,SAE1-DataTransfer-In-Bytes
2026-03-21,2026-04-01,False,0.0,SAE1-DataTransfer-Out-Bytes
2026-03-21,2026-04-01,False,0.0,SAE1-EC2-free-metering
2026-03-21,2026-04-01,False,0.0,SAE1-ECR-free-metering
2026-03-21,2026-04-01,False,0.034489,SAE1-EventsAnalyzed
2026-03-21,2026-04-01,False,0.0,SAE1-Lambda-Standard-free-metering
2026-03-21,2026-04-01,False,0.0,SAE1-OtherProduct:PaidFindingsIngestion
2026-03-21,2026-04-01,False,0.352,SAE1-PaidComplianceCheck
2026-03-21,2026-04-01,False,0.005782,SAE1-PaidEventsAnalyzed
2026-03-21,2026-04-01,False,0.0,SAE1-Requests-Tier1
2026-03-21,2026-04-01,False,0.00099,SAE1-Requests-Tier8
2026-03-21,2026-04-01,False,0.0,SAE1-SC-API-Calls
2026-03-21,2026-04-01,False,0.0,SAE1-SecurityHubProduct:FreeFindingsIngestion
2026-03-21,2026-04-01,False,0.000154,SAE1-Tables-Requests-Tier1
2026-03-21,2026-04-01,False,0.0,SAE1-USW2-AWS-In-Bytes
2026-03-21,2026-04-01,False,6.5e-08,SAE1-USW2-AWS-Out-Bytes
2026-03-21,2026-04-01,False,0.00011,Tables-Requests-Tier1
2026-03-21,2026-04-01,False,0.0030296283,TimedStorage-ByteHrs
2026-03-21,2026-04-01,False,0.0,US-DataTransfer-Out-Bytes
2026-03-21,2026-04-01,False,0.0,US-Requests-Tier1
2026-03-21,2026-04-01,False,0.0,US-Requests-Tier2-HTTPS
2026-03-21,2026-04-01,False,0.0,USE1-APE1-AWS-In-Bytes
2026-03-21,2026-04-01,False,0.0,USE1-APN1-AWS-In-Bytes
2026-03-21,2026-04-01,False,1.76e-08,USE1-APN1-AWS-Out-Bytes
2026-03-21,2026-04-01,False,0.0,USE1-APN2-AWS-In-Bytes
2026-03-21,2026-04-01,False,2.04e-08,USE1-APN2-AWS-Out-Bytes
2026-03-21,2026-04-01,False,0.0,USE1-APS1-AWS-In-Bytes
2026-03-21,2026-04-01,False,1.843e-07,USE1-APS1-AWS-Out-Bytes
2026-03-21,2026-04-01,False,0.0,USE1-APS2-AWS-In-Bytes
2026-03-21,2026-04-01,False,1.511e-07,USE1-APS2-AWS-Out-Bytes
2026-03-21,2026-04-01,False,0.0,USE1-APS3-AWS-In-Bytes
2026-03-21,2026-04-01,False,2.26e-08,USE1-APS3-AWS-Out-Bytes
2026-03-21,2026-04-01,False,0.744848706,USE1-AWSSecretsManager-Secrets
2026-03-21,2026-04-01,False,0.019495,USE1-AWSSecretsManagerAPIRequest
2026-03-21,2026-04-01,False,0.0,USE1-CAN1-AWS-In-Bytes
2026-03-21,2026-04-01,False,1.9e-08,USE1-CAN1-AWS-Out-Bytes
2026-03-21,2026-04-01,False,0.0,USE1-Catalog-Request
2026-03-21,2026-04-01,False,0.0,USE1-CloudFront-In-Bytes
2026-03-21,2026-04-01,False,0.0,USE1-CloudFront-Out-Bytes
2026-03-21,2026-04-01,False,0.0,USE1-CognitoEssentialsMAU
2026-03-21,2026-04-01,False,0.2686503011,USE1-CostDataStorage
2026-03-21,2026-04-01,False,0.0,USE1-EC2-free-metering
2026-03-21,2026-04-01,False,0.0,USE1-ECR-free-metering
2026-03-21,2026-04-01,False,0.0,USE1-ESC1-AWS-In-Bytes
2026-03-21,2026-04-01,False,0.0,USE1-EU-AWS-In-Bytes
2026-03-21,2026-04-01,False,8.564e-07,USE1-EU-AWS-Out-Bytes
2026-03-21,2026-04-01,False,0.0,USE1-EUC1-AWS-In-Bytes
2026-03-21,2026-04-01,False,1.75834e-05,USE1-EUC1-AWS-Out-Bytes
2026-03-21,2026-04-01,False,0.0,USE1-EUN1-AWS-In-Bytes
2026-03-21,2026-04-01,False,5.42e-08,USE1-EUN1-AWS-Out-Bytes
2026-03-21,2026-04-01,False,0.0,USE1-EUW2-AWS-In-Bytes
2026-03-21,2026-04-01,False,1.9e-08,USE1-EUW2-AWS-Out-Bytes
2026-03-21,2026-04-01,False,0.0,USE1-EUW3-AWS-In-Bytes
2026-03-21,2026-04-01,False,1.76e-08,USE1-EUW3-AWS-Out-Bytes
2026-03-21,2026-04-01,False,0.100532,USE1-EventsAnalyzed
2026-03-21,2026-04-01,False,0.0,USE1-Lambda-Code-free-metering
2026-03-21,2026-04-01,False,0.0,USE1-Lambda-Standard-free-metering
2026-03-21,2026-04-01,False,0.0123864768,USE1-LogsAnalyzedBytes
2026-03-21,2026-04-01,False,1.5781149,USE1-MonitoredEC2
2026-03-21,2026-04-01,False,0.479136,USE1-MonitoredFunction
2026-03-21,2026-04-01,False,0.525,USE1-MonitoredFunctionCode
2026-03-21,2026-04-01,False,0.0,USE1-OtherProduct:PaidFindingsIngestion
2026-03-21,2026-04-01,False,0.352,USE1-PaidComplianceCheck
2026-03-21,2026-04-01,False,0.004116,USE1-PaidEventsAnalyzed
2026-03-21,2026-04-01,False,0.0200546516,USE1-PaidRDSACUMonitored
2026-03-21,2026-04-01,False,1.7983870821,USE1-PaidRDSvCPUMonitored
2026-03-21,2026-04-01,False,0.000477775,USE1-PublicIPv4:IdleAddress
2026-03-21,2026-04-01,False,4.84894305,USE1-PublicIPv4:InUseAddress
2026-03-21,2026-04-01,False,0.0,USE1-RDS:Data-API-Usage
2026-03-21,2026-04-01,False,0.0,USE1-Resource-Operation-Count
2026-03-21,2026-04-01,False,1.76e-08,USE1-SAE1-AWS-Out-Bytes
2026-03-21,2026-04-01,False,0.0,USE1-SC-API-Calls
2026-03-21,2026-04-01,False,0.0,USE1-SecurityHubProduct:FreeFindingsIngestion
2026-03-21,2026-04-01,False,0.0,USE1-TimedStorage-ByteHrs
2026-03-21,2026-04-01,False,0.0,USE1-USE2-AWS-In-Bytes
2026-03-21,2026-04-01,False,6.338e-07,USE1-USE2-AWS-Out-Bytes
2026-03-21,2026-04-01,False,1.76e-08,USE1-USW1-AWS-Out-Bytes
2026-03-21,2026-04-01,False,0.0,USE1-USW2-AWS-In-Bytes
2026-03-21,2026-04-01,False,5.8653e-06,USE1-USW2-AWS-Out-Bytes
2026-03-21,2026-04-01,False,0.0,USE1-VendedLog-Bytes
2026-03-21,2026-04-01,False,0.0,USE1-XRay-TracesStored
2026-03-21,2026-04-01,False,0.00013,USE2-AWSSecretsManagerAPIRequest
2026-03-21,2026-04-01,False,0.0,USE2-Catalog-Request
2026-03-21,2026-04-01,False,0.0,USE2-DataTransfer-In-Bytes
2026-03-21,2026-04-01,False,0.0,USE2-DataTransfer-Out-Bytes
2026-03-21,2026-04-01,False,0.0,USE2-EC2-free-metering
2026-03-21,2026-04-01,False,0.0,USE2-ECR-free-metering
2026-03-21,2026-04-01,False,0.020764,USE2-EventsAnalyzed
2026-03-21,2026-04-01,False,0.0,USE2-Lambda-Code-free-metering
2026-03-21,2026-04-01,False,0.0,USE2-Lambda-Standard-free-metering
2026-03-21,2026-04-01,False,0.0,USE2-OtherProduct:PaidFindingsIngestion
2026-03-21,2026-04-01,False,0.352,USE2-PaidComplianceCheck
2026-03-21,2026-04-01,False,0.011028,USE2-PaidEventsAnalyzed
2026-03-21,2026-04-01,False,0.00013,USE2-Requests-Tier1
2026-03-21,2026-04-01,False,9.6e-06,USE2-Requests-Tier2
2026-03-21,2026-04-01,False,0.00099,USE2-Requests-Tier8
2026-03-21,2026-04-01,False,0.0,USE2-SC-API-Calls
2026-03-21,2026-04-01,False,0.0,USE2-SecurityHubProduct:FreeFindingsIngestion
2026-03-21,2026-04-01,False,0.00011,USE2-Tables-Requests-Tier1
2026-03-21,2026-04-01,False,1.43e-08,USE2-TimedStorage-ByteHrs
2026-03-21,2026-04-01,False,0.0,USE2-USW2-AWS-In-Bytes
2026-03-21,2026-04-01,False,1e-08,USE2-USW2-AWS-Out-Bytes
2026-03-21,2026-04-01,False,0.000115,USW1-AWSSecretsManagerAPIRequest
2026-03-21,2026-04-01,False,0.0,USW1-Catalog-Request
2026-03-21,2026-04-01,False,0.0,USW1-DataTransfer-In-Bytes
2026-03-21,2026-04-01,False,0.0,USW1-DataTransfer-Out-Bytes
2026-03-21,2026-04-01,False,0.0,USW1-EC2-free-metering
2026-03-21,2026-04-01,False,0.0,USW1-ECR-free-metering
2026-03-21,2026-04-01,False,0.0217184,USW1-EventsAnalyzed
2026-03-21,2026-04-01,False,0.0,USW1-Lambda-Standard-free-metering
2026-03-21,2026-04-01,False,0.0,USW1-OtherProduct:PaidFindingsIngestion
2026-03-21,2026-04-01,False,0.352,USW1-PaidComplianceCheck
2026-03-21,2026-04-01,False,0.00363,USW1-PaidEventsAnalyzed
2026-03-21,2026-04-01,False,0.0,USW1-Requests-Tier1
2026-03-21,2026-04-01,False,0.00099,USW1-Requests-Tier8
2026-03-21,2026-04-01,False,0.0,USW1-SC-API-Calls
2026-03-21,2026-04-01,False,0.0,USW1-SecurityHubProduct:FreeFindingsIngestion
2026-03-21,2026-04-01,False,0.000121,USW1-Tables-Requests-Tier1
2026-03-21,2026-04-01,False,0.0,USW1-USW2-AWS-In-Bytes
2026-03-21,2026-04-01,False,1e-08,USW1-USW2-AWS-Out-Bytes
2026-03-21,2026-04-01,False,0.0,USW2-AFS1-AWS-In-Bytes
2026-03-21,2026-04-01,False,0.0,USW2-AKL1-AWS-In-Bytes
2026-03-21,2026-04-01,False,0.0,USW2-APE1-AWS-In-Bytes
2026-03-21,2026-04-01,False,0.0,USW2-APE2-AWS-In-Bytes
2026-03-21,2026-04-01,False,0.0,USW2-APN1-AWS-In-Bytes
2026-03-21,2026-04-01,False,0.0001684353,USW2-APN1-AWS-Out-Bytes
2026-03-21,2026-04-01,False,0.0,USW2-APN2-AWS-In-Bytes
2026-03-21,2026-04-01,False,0.0001638095,USW2-APN2-AWS-Out-Bytes
2026-03-21,2026-04-01,False,0.0,USW2-APN3-AWS-In-Bytes
2026-03-21,2026-04-01,False,0.0001607658,USW2-APN3-AWS-Out-Bytes
2026-03-21,2026-04-01,False,0.0,USW2-APS1-AWS-In-Bytes
2026-03-21,2026-04-01,False,0.0001730137,USW2-APS1-AWS-Out-Bytes
2026-03-21,2026-04-01,False,0.0,USW2-APS2-AWS-In-Bytes
2026-03-21,2026-04-01,False,0.0001698515,USW2-APS2-AWS-Out-Bytes
2026-03-21,2026-04-01,False,0.0,USW2-APS3-AWS-In-Bytes
2026-03-21,2026-04-01,False,0.0001686299,USW2-APS3-AWS-Out-Bytes
2026-03-21,2026-04-01,False,0.0,USW2-APS6-AWS-In-Bytes
2026-03-21,2026-04-01,False,0.0,USW2-APS7-AWS-In-Bytes
2026-03-21,2026-04-01,False,0.0,USW2-APS8-AWS-In-Bytes
2026-03-21,2026-04-01,False,0.0,USW2-APS9-AWS-In-Bytes
2026-03-21,2026-04-01,False,1.1863289727,USW2-AWSSecretsManager-Secrets
2026-03-21,2026-04-01,False,0.000415,USW2-AWSSecretsManagerAPIRequest
2026-03-21,2026-04-01,False,0.6138116,USW2-Aurora:StorageIOUsage
2026-03-21,2026-04-01,False,0.0018728424,USW2-Aurora:StorageUsage
2026-03-21,2026-04-01,False,25.89946656,USW2-BoxUsage:m5.xlarge
2026-03-21,2026-04-01,False,0.1851358723,USW2-BoxUsage:m7i-flex.2xlarge
2026-03-21,2026-04-01,False,90.3019529412,USW2-BoxUsage:r7i.2xlarge
2026-03-21,2026-04-01,False,1.054144,USW2-BoxUsage:t3.large
2026-03-21,2026-04-01,False,5.4912,USW2-BoxUsage:t3.micro
2026-03-21,2026-04-01,False,37.303136,USW2-BoxUsage:t3.xlarge
2026-03-21,2026-04-01,False,0.6427927552,USW2-BoxUsage:t3a.2xlarge
2026-03-21,2026-04-01,False,0.0,USW2-CAN1-AWS-In-Bytes
2026-03-21,2026-04-01,False,0.0001749023,USW2-CAN1-AWS-Out-Bytes
2026-03-21,2026-04-01,False,0.0,USW2-CAN2-AWS-In-Bytes
2026-03-21,2026-04-01,False,0.0,USW2-CPH1-AWS-In-Bytes
2026-03-21,2026-04-01,False,0.30893535,USW2-CPUCredits:t3
2026-03-21,2026-04-01,False,0.6610663019,USW2-CW:AlarmMonitorUsage
2026-03-21,2026-04-01,False,0.2057571656,USW2-CW:CompositeAlarmMonitorUsage
2026-03-21,2026-04-01,False,0.0,USW2-CW:MetricMonitorUsage
2026-03-21,2026-04-01,False,0.0,USW2-CW:Requests
2026-03-21,2026-04-01,False,0.0,USW2-Catalog-Request
2026-03-21,2026-04-01,False,0.0,USW2-CloudFront-In-Bytes
2026-03-21,2026-04-01,False,0.0,USW2-CloudFront-Out-Bytes
2026-03-21,2026-04-01,False,0.0,USW2-CognitoEssentialsMAU
2026-03-21,2026-04-01,False,0.0,USW2-DataProcessing-Bytes
2026-03-21,2026-04-01,False,0.0,USW2-DataTransfer-In-Bytes
2026-03-21,2026-04-01,False,0.0,USW2-DataTransfer-Out-Bytes
2026-03-21,2026-04-01,False,0.5957785859,USW2-DataTransfer-Regional-Bytes
2026-03-21,2026-04-01,False,0.0,USW2-DataTransfer-xAZ-In-Bytes
2026-03-21,2026-04-01,False,0.0,USW2-DataTransfer-xAZ-Out-Bytes
2026-03-21,2026-04-01,False,0.1075590734,USW2-EBS:SnapshotUsage
2026-03-21,2026-04-01,False,137.7302795367,USW2-EBS:VolumeUsage.gp3
2026-03-21,2026-04-01,False,0.0,USW2-EBSOptimized:c6i.metal
2026-03-21,2026-04-01,False,0.0,USW2-EBSOptimized:c7i.metal-48xl
2026-03-21,2026-04-01,False,0.0,USW2-EBSOptimized:m7i-flex.2xlarge
2026-03-21,2026-04-01,False,0.0,USW2-EBSOptimized:m7i.48xlarge
2026-03-21,2026-04-01,False,0.0,USW2-EBSOptimized:m7i.metal-48xl
2026-03-21,2026-04-01,False,0.0,USW2-EBSOptimized:r7i.48xlarge
2026-03-21,2026-04-01,False,0.0,USW2-EBSOptimized:r7i.metal-48xl
2026-03-21,2026-04-01,False,0.0,USW2-EC2-free-metering
2026-03-21,2026-04-01,False,0.0,USW2-ECR-free-metering
2026-03-21,2026-04-01,False,0.0,USW2-ESC1-AWS-In-Bytes
2026-03-21,2026-04-01,False,0.0,USW2-EU-AWS-In-Bytes
2026-03-21,2026-04-01,False,0.0001726857,USW2-EU-AWS-Out-Bytes
2026-03-21,2026-04-01,False,0.0,USW2-EUC1-AWS-In-Bytes
2026-03-21,2026-04-01,False,0.000276898,USW2-EUC1-AWS-Out-Bytes
2026-03-21,2026-04-01,False,0.0,USW2-EUC2-AWS-In-Bytes
2026-03-21,2026-04-01,False,9.93e-08,USW2-EUC2-AWS-Out-Bytes
2026-03-21,2026-04-01,False,0.0,USW2-EUN1-AWS-In-Bytes
2026-03-21,2026-04-01,False,0.0001635435,USW2-EUN1-AWS-Out-Bytes
2026-03-21,2026-04-01,False,0.0,USW2-EUW2-AWS-In-Bytes
2026-03-21,2026-04-01,False,0.0001709178,USW2-EUW2-AWS-Out-Bytes
2026-03-21,2026-04-01,False,0.0,USW2-EUW3-AWS-In-Bytes
2026-03-21,2026-04-01,False,0.0001654262,USW2-EUW3-AWS-Out-Bytes
2026-03-21,2026-04-01,False,5.474836,USW2-EventsAnalyzed
2026-03-21,2026-04-01,False,1.17348,USW2-Fargate-GB-Hours
2026-03-21,2026-04-01,False,5.34336,USW2-Fargate-vCPU-Hours:perCPU
2026-03-21,2026-04-01,False,68.64,USW2-InstanceUsage:db.r6g.large
2026-03-21,2026-04-01,False,0.163819944,USW2-InstanceUsage:db.t3.medium
2026-03-21,2026-04-01,False,8.448,USW2-InstanceUsage:db.t4g.micro
2026-03-21,2026-04-01,False,0.0032399949,USW2-LCUUsage
2026-03-21,2026-04-01,False,0.0,USW2-Lambda-Code-free-metering
2026-03-21,2026-04-01,False,0.0,USW2-Lambda-GB-Second
2026-03-21,2026-04-01,False,0.0,USW2-Lambda-Standard-free-metering
2026-03-21,2026-04-01,False,11.925,USW2-LoadBalancerUsage
2026-03-21,2026-04-01,False,0.1197447462,USW2-LogsAnalyzedBytes
2026-03-21,2026-04-01,False,0.6042672,USW2-MonitoredContainerImage
2026-03-21,2026-04-01,False,5.4582984,USW2-MonitoredEC2
2026-03-21,2026-04-01,False,1.072848,USW2-MonitoredFunction
2026-03-21,2026-04-01,False,1.215,USW2-MonitoredFunctionCode
2026-03-21,2026-04-01,False,3.9738856484,USW2-NatGateway-Bytes
2026-03-21,2026-04-01,False,59.22,USW2-NatGateway-Hours
2026-03-21,2026-04-01,False,63.45711,USW2-OtherProduct:PaidFindingsIngestion
2026-03-21,2026-04-01,False,1.056,USW2-PaidComplianceCheck
2026-03-21,2026-04-01,False,0.006516,USW2-PaidEventsAnalyzed
2026-03-21,2026-04-01,False,0.0165412602,USW2-PaidEventsAnalyzed-Bytes
2026-03-21,2026-04-01,False,2.1370967664,USW2-PaidRDSvCPUMonitored
2026-03-21,2026-04-01,False,0.00644724,USW2-PublicIPv4:IdleAddress
2026-03-21,2026-04-01,False,14.728095835,USW2-PublicIPv4:InUseAddress
2026-03-21,2026-04-01,False,0.263727072,USW2-RDS:ChargedBackupUsage
2026-03-21,2026-04-01,False,1.6674269826,USW2-RDS:GP2-Storage
2026-03-21,2026-04-01,False,0.0046145,USW2-ReadRequestUnits
2026-03-21,2026-04-01,False,0.0,USW2-Request
2026-03-21,2026-04-01,False,0.0197256,USW2-RequestV2-Tier0
2026-03-21,2026-04-01,False,0.199935,USW2-Requests-Tier1
2026-03-21,2026-04-01,False,0.0963556,USW2-Requests-Tier2
2026-03-21,2026-04-01,False,0.00099,USW2-Requests-Tier8
2026-03-21,2026-04-01,False,0.0,USW2-Resource-Operation-Count
2026-03-21,2026-04-01,False,1.419354816,USW2-RuleV2
2026-03-21,2026-04-01,False,0.0,USW2-SAE1-AWS-In-Bytes
2026-03-21,2026-04-01,False,0.0001643967,USW2-SAE1-AWS-Out-Bytes
2026-03-21,2026-04-01,False,0.0,USW2-SC-API-Calls
2026-03-21,2026-04-01,False,0.0,USW2-ScheduledInvocation
2026-03-21,2026-04-01,False,0.0,USW2-SecurityHubProduct:FreeFindingsIngestion
2026-03-21,2026-04-01,False,0.183001,USW2-SpotUsage:c6i.metal
2026-03-21,2026-04-01,False,7.1659681524,USW2-SpotUsage:c7i.metal-48xl
2026-03-21,2026-04-01,False,293.8584937186,USW2-SpotUsage:m7i.48xlarge
2026-03-21,2026-04-01,False,34.4457889246,USW2-SpotUsage:m7i.metal-48xl
2026-03-21,2026-04-01,False,72.1841059247,USW2-SpotUsage:r7i.48xlarge
2026-03-21,2026-04-01,False,2.370140522,USW2-SpotUsage:r7i.metal-48xl
2026-03-21,2026-04-01,False,738.7570127741,USW2-Storage
2026-03-21,2026-04-01,False,0.00011,USW2-Tables-Requests-Tier1
2026-03-21,2026-04-01,False,0.0001040204,USW2-TagStorage-TagHrs
2026-03-21,2026-04-01,False,4.113e-07,USW2-TimedPITRStorage-ByteHrs
2026-03-21,2026-04-01,False,309.3148967929,USW2-TimedStorage-ByteHrs
2026-03-21,2026-04-01,False,0.0,USW2-USE1-AWS-In-Bytes
2026-03-21,2026-04-01,False,3.7480312844,USW2-USE1-AWS-Out-Bytes
2026-03-21,2026-04-01,False,0.0,USW2-USE2-AWS-In-Bytes
2026-03-21,2026-04-01,False,0.0002359307,USW2-USE2-AWS-Out-Bytes
2026-03-21,2026-04-01,False,0.0,USW2-USW1-AWS-In-Bytes
2026-03-21,2026-04-01,False,0.0001676274,USW2-USW1-AWS-Out-Bytes
2026-03-21,2026-04-01,False,0.0,USW2-VendedLog-Bytes
2026-03-21,2026-04-01,False,0.007171013,USW2-VpcEndpoint-Bytes
2026-03-21,2026-04-01,False,18.13,USW2-VpcEndpoint-Hours
2026-03-21,2026-04-01,False,3.54838704,USW2-WebACLV2
2026-03-21,2026-04-01,False,0.00030625,USW2-WriteRequestUnits
2026-03-21,2026-04-01,False,0.0,af-south-1-KMS-Requests
2026-03-21,2026-04-01,False,0.0,ap-east-1-KMS-Requests
2026-03-21,2026-04-01,False,0.0,ap-northeast-1-KMS-Requests
2026-03-21,2026-04-01,False,0.0,ap-northeast-2-KMS-Requests
2026-03-21,2026-04-01,False,0.0,ap-northeast-3-KMS-Requests
2026-03-21,2026-04-01,False,0.0,ap-south-1-KMS-Requests
2026-03-21,2026-04-01,False,0.0,ap-south-2-KMS-Requests
2026-03-21,2026-04-01,False,0.0,ap-southeast-1-KMS-Requests
2026-03-21,2026-04-01,False,0.0,ap-southeast-2-KMS-Requests
2026-03-21,2026-04-01,False,0.0,ap-southeast-3-KMS-Requests
2026-03-21,2026-04-01,False,0.0,ca-central-1-KMS-Requests
2026-03-21,2026-04-01,False,0.0,eu-central-1-KMS-Requests
2026-03-21,2026-04-01,False,0.0,eu-north-1-KMS-Requests
2026-03-21,2026-04-01,False,0.0,eu-west-1-KMS-Requests
2026-03-21,2026-04-01,False,0.0,eu-west-2-KMS-Requests
2026-03-21,2026-04-01,False,0.0,eu-west-3-KMS-Requests
2026-03-21,2026-04-01,False,0.0,sa-east-1-KMS-Requests
2026-03-21,2026-04-01,False,0.0,us-east-1-KMS-Requests
2026-03-21,2026-04-01,False,0.0,us-east-2-KMS-Requests
2026-03-21,2026-04-01,False,0.0,us-west-1-KMS-Requests
2026-03-21,2026-04-01,False,1.064516112,us-west-2-KMS-Keys
2026-03-21,2026-04-01,False,0.0,us-west-2-KMS-Requests
2026-04-01,2026-05-01,False,0.00025,AFS1-AWSSecretsManagerAPIRequest
2026-04-01,2026-05-01,False,0.0,AFS1-Catalog-Request
2026-04-01,2026-05-01,False,0.0,AFS1-DataTransfer-Out-Bytes
2026-04-01,2026-05-01,False,0.0,AFS1-EC2-free-metering
2026-04-01,2026-05-01,False,0.0,AFS1-ECR-free-metering
2026-04-01,2026-05-01,False,0.654265,AFS1-EventsAnalyzed
2026-04-01,2026-05-01,False,0.0,AFS1-Lambda-Standard-free-metering
2026-04-01,2026-05-01,False,0.0,AFS1-Requests-Tier1
2026-04-01,2026-05-01,False,0.0027,AFS1-Requests-Tier8
2026-04-01,2026-05-01,False,0.0,AFS1-SC-API-Calls
2026-04-01,2026-05-01,False,0.0,AFS1-SecurityHubProduct:FreeFindingsIngestion
2026-04-01,2026-05-01,False,0.00036,AFS1-Tables-Requests-Tier1
2026-04-01,2026-05-01,False,0.0,AFS1-USW2-AWS-In-Bytes
2026-04-01,2026-05-01,False,1.7e-07,AFS1-USW2-AWS-Out-Bytes
2026-04-01,2026-05-01,False,0.00025,APE1-AWSSecretsManagerAPIRequest
2026-04-01,2026-05-01,False,0.0,APE1-Catalog-Request
2026-04-01,2026-05-01,False,0.0,APE1-DataTransfer-Out-Bytes
2026-04-01,2026-05-01,False,0.0,APE1-EC2-free-metering
2026-04-01,2026-05-01,False,0.0,APE1-ECR-free-metering
2026-04-01,2026-05-01,False,0.6902016,APE1-EventsAnalyzed
2026-04-01,2026-05-01,False,0.0,APE1-Lambda-Standard-free-metering
2026-04-01,2026-05-01,False,0.0,APE1-OtherProduct:PaidFindingsIngestion
2026-04-01,2026-05-01,False,0.0,APE1-Requests-Tier1
2026-04-01,2026-05-01,False,0.0027,APE1-Requests-Tier8
2026-04-01,2026-05-01,False,0.0,APE1-SC-API-Calls
2026-04-01,2026-05-01,False,0.0,APE1-SecurityHubProduct:FreeFindingsIngestion
2026-04-01,2026-05-01,False,0.0003,APE1-Tables-Requests-Tier1
2026-04-01,2026-05-01,False,0.0,APE1-USW2-AWS-In-Bytes
2026-04-01,2026-05-01,False,1.05e-07,APE1-USW2-AWS-Out-Bytes
2026-04-01,2026-05-01,False,0.00104,APN1-AWSSecretsManagerAPIRequest
2026-04-01,2026-05-01,False,0.0,APN1-Catalog-Request
2026-04-01,2026-05-01,False,0.0,APN1-DataTransfer-Out-Bytes
2026-04-01,2026-05-01,False,0.0,APN1-EC2-free-metering
2026-04-01,2026-05-01,False,0.0,APN1-ECR-free-metering
2026-04-01,2026-05-01,False,0.61805096,APN1-EventsAnalyzed
2026-04-01,2026-05-01,False,0.0,APN1-Lambda-Code-free-metering
2026-04-01,2026-05-01,False,0.0,APN1-Lambda-Standard-free-metering
2026-04-01,2026-05-01,False,0.0,APN1-OtherProduct:PaidFindingsIngestion
2026-04-01,2026-05-01,False,0.96,APN1-PaidComplianceCheck
2026-04-01,2026-05-01,False,0.10868272,APN1-PaidEventsAnalyzed
2026-04-01,2026-05-01,False,0.000282,APN1-Requests-Tier1
2026-04-01,2026-05-01,False,0.0027,APN1-Requests-Tier8
2026-04-01,2026-05-01,False,0.0,APN1-SC-API-Calls
2026-04-01,2026-05-01,False,0.0,APN1-SecurityHubProduct:FreeFindingsIngestion
2026-04-01,2026-05-01,False,0.000282,APN1-Tables-Requests-Tier1
2026-04-01,2026-05-01,False,0.0,APN1-USW2-AWS-In-Bytes
2026-04-01,2026-05-01,False,4.368e-07,APN1-USW2-AWS-Out-Bytes
2026-04-01,2026-05-01,False,0.00104,APN2-AWSSecretsManagerAPIRequest
2026-04-01,2026-05-01,False,0.0,APN2-Catalog-Request
2026-04-01,2026-05-01,False,0.0,APN2-DataTransfer-Out-Bytes
2026-04-01,2026-05-01,False,0.0,APN2-EC2-free-metering
2026-04-01,2026-05-01,False,0.0,APN2-ECR-free-metering
2026-04-01,2026-05-01,False,0.6023562,APN2-EventsAnalyzed
2026-04-01,2026-05-01,False,0.0,APN2-Lambda-Standard-free-metering
2026-04-01,2026-05-01,False,0.0,APN2-OtherProduct:PaidFindingsIngestion
2026-04-01,2026-05-01,False,0.96,APN2-PaidComplianceCheck
2026-04-01,2026-05-01,False,0.1060254,APN2-PaidEventsAnalyzed
2026-04-01,2026-05-01,False,0.0,APN2-Requests-Tier1
2026-04-01,2026-05-01,False,0.0027,APN2-Requests-Tier8
2026-04-01,2026-05-01,False,0.0,APN2-SC-API-Calls
2026-04-01,2026-05-01,False,0.0,APN2-SecurityHubProduct:FreeFindingsIngestion
2026-04-01,2026-05-01,False,0.00027,APN2-Tables-Requests-Tier1
2026-04-01,2026-05-01,False,0.0,APN2-USW2-AWS-In-Bytes
2026-04-01,2026-05-01,False,3.848e-07,APN2-USW2-AWS-Out-Bytes
2026-04-01,2026-05-01,False,0.00104,APN3-AWSSecretsManagerAPIRequest
2026-04-01,2026-05-01,False,0.0,APN3-Catalog-Request
2026-04-01,2026-05-01,False,0.0,APN3-DataTransfer-Out-Bytes
2026-04-01,2026-05-01,False,0.0,APN3-EC2-free-metering
2026-04-01,2026-05-01,False,0.0,APN3-ECR-free-metering
2026-04-01,2026-05-01,False,0.65322,APN3-EventsAnalyzed
2026-04-01,2026-05-01,False,0.0,APN3-Lambda-Standard-free-metering
2026-04-01,2026-05-01,False,0.0,APN3-OtherProduct:PaidFindingsIngestion
2026-04-01,2026-05-01,False,0.96,APN3-PaidComplianceCheck
2026-04-01,2026-05-01,False,0.113705,APN3-PaidEventsAnalyzed
2026-04-01,2026-05-01,False,0.0,APN3-Requests-Tier1
2026-04-01,2026-05-01,False,0.0027,APN3-Requests-Tier8
2026-04-01,2026-05-01,False,0.0,APN3-SC-API-Calls
2026-04-01,2026-05-01,False,0.0,APN3-SecurityHubProduct:FreeFindingsIngestion
2026-04-01,2026-05-01,False,0.000282,APN3-Tables-Requests-Tier1
2026-04-01,2026-05-01,False,0.0,APN3-USW2-AWS-In-Bytes
2026-04-01,2026-05-01,False,4.368e-07,APN3-USW2-AWS-Out-Bytes
2026-04-01,2026-05-01,False,0.00104,APS1-AWSSecretsManagerAPIRequest
2026-04-01,2026-05-01,False,0.0,APS1-Catalog-Request
2026-04-01,2026-05-01,False,0.0,APS1-DataTransfer-Out-Bytes
2026-04-01,2026-05-01,False,0.0,APS1-EC2-free-metering
2026-04-01,2026-05-01,False,0.0,APS1-ECR-free-metering
2026-04-01,2026-05-01,False,0.6023194,APS1-EventsAnalyzed
2026-04-01,2026-05-01,False,0.0,APS1-Lambda-Code-free-metering
2026-04-01,2026-05-01,False,0.0,APS1-Lambda-Standard-free-metering
2026-04-01,2026-05-01,False,0.96,APS1-PaidComplianceCheck
2026-04-01,2026-05-01,False,0.1059288,APS1-PaidEventsAnalyzed
2026-04-01,2026-05-01,False,0.0,APS1-Requests-Tier1
2026-04-01,2026-05-01,False,0.0027,APS1-Requests-Tier8
2026-04-01,2026-05-01,False,0.0,APS1-SC-API-Calls
2026-04-01,2026-05-01,False,0.0,APS1-SecurityHubProduct:FreeFindingsIngestion
2026-04-01,2026-05-01,False,0.0003,APS1-Tables-Requests-Tier1
2026-04-01,2026-05-01,False,0.0,APS1-USW2-AWS-In-Bytes
2026-04-01,2026-05-01,False,4.368e-07,APS1-USW2-AWS-Out-Bytes
2026-04-01,2026-05-01,False,0.00104,APS2-AWSSecretsManagerAPIRequest
2026-04-01,2026-05-01,False,0.0,APS2-Catalog-Request
2026-04-01,2026-05-01,False,0.0,APS2-DataTransfer-Out-Bytes
2026-04-01,2026-05-01,False,0.0,APS2-EC2-free-metering
2026-04-01,2026-05-01,False,0.0,APS2-ECR-free-metering
2026-04-01,2026-05-01,False,0.602347,APS2-EventsAnalyzed
2026-04-01,2026-05-01,False,0.0,APS2-Lambda-Code-free-metering
2026-04-01,2026-05-01,False,0.0,APS2-Lambda-Standard-free-metering
2026-04-01,2026-05-01,False,0.96,APS2-PaidComplianceCheck
2026-04-01,2026-05-01,False,0.1059104,APS2-PaidEventsAnalyzed
2026-04-01,2026-05-01,False,0.0,APS2-Requests-Tier1
2026-04-01,2026-05-01,False,0.0027,APS2-Requests-Tier8
2026-04-01,2026-05-01,False,0.0,APS2-SC-API-Calls
2026-04-01,2026-05-01,False,0.0,APS2-SecurityHubProduct:FreeFindingsIngestion
2026-04-01,2026-05-01,False,0.00033,APS2-Tables-Requests-Tier1
2026-04-01,2026-05-01,False,0.0,APS2-USW2-AWS-In-Bytes
2026-04-01,2026-05-01,False,4.68e-07,APS2-USW2-AWS-Out-Bytes
2026-04-01,2026-05-01,False,0.0,APS3-AFS1-AWS-In-Bytes
2026-04-01,2026-05-01,False,0.0,APS3-APE1-AWS-In-Bytes
2026-04-01,2026-05-01,False,0.0,APS3-APN1-AWS-In-Bytes
2026-04-01,2026-05-01,False,0.0,APS3-APN2-AWS-In-Bytes
2026-04-01,2026-05-01,False,0.0,APS3-APS1-AWS-In-Bytes
2026-04-01,2026-05-01,False,0.0,APS3-APS2-AWS-In-Bytes
2026-04-01,2026-05-01,False,0.0,APS3-APS5-AWS-In-Bytes
2026-04-01,2026-05-01,False,0.0,APS3-APS8-AWS-In-Bytes
2026-04-01,2026-05-01,False,0.0,APS3-APS9-AWS-In-Bytes
2026-04-01,2026-05-01,False,0.00104,APS3-AWSSecretsManagerAPIRequest
2026-04-01,2026-05-01,False,0.0,APS3-CAN1-AWS-In-Bytes
2026-04-01,2026-05-01,False,0.0,APS3-Catalog-Request
2026-04-01,2026-05-01,False,0.0,APS3-DataTransfer-In-Bytes
2026-04-01,2026-05-01,False,0.0,APS3-DataTransfer-Out-Bytes
2026-04-01,2026-05-01,False,5.827e-07,APS3-DataTransfer-Regional-Bytes
2026-04-01,2026-05-01,False,2.408471679,APS3-EBS:SnapshotUsage
2026-04-01,2026-05-01,False,0.0,APS3-EC2-free-metering
2026-04-01,2026-05-01,False,0.0,APS3-ECR-free-metering
2026-04-01,2026-05-01,False,0.0,APS3-ESC1-AWS-In-Bytes
2026-04-01,2026-05-01,False,0.0,APS3-EU-AWS-In-Bytes
2026-04-01,2026-05-01,False,0.0,APS3-EUC1-AWS-In-Bytes
2026-04-01,2026-05-01,False,0.0,APS3-EUC2-AWS-In-Bytes
2026-04-01,2026-05-01,False,0.0,APS3-EUN1-AWS-In-Bytes
2026-04-01,2026-05-01,False,0.0,APS3-EUW2-AWS-In-Bytes
2026-04-01,2026-05-01,False,0.0,APS3-EUW3-AWS-In-Bytes
2026-04-01,2026-05-01,False,3.2e-09,APS3-EUW3-AWS-Out-Bytes
2026-04-01,2026-05-01,False,0.5871184,APS3-EventsAnalyzed
2026-04-01,2026-05-01,False,0.0,APS3-ILC1-AWS-In-Bytes
2026-04-01,2026-05-01,False,0.0,APS3-Lambda-Standard-free-metering
2026-04-01,2026-05-01,False,5.67282e-05,APS3-NatGateway-Bytes
2026-04-01,2026-05-01,False,80.64,APS3-NatGateway-Hours
2026-04-01,2026-05-01,False,0.96,APS3-PaidComplianceCheck
2026-04-01,2026-05-01,False,0.1013012,APS3-PaidEventsAnalyzed
2026-04-01,2026-05-01,False,7.2,APS3-PublicIPv4:InUseAddress
2026-04-01,2026-05-01,False,0.0003,APS3-Requests-Tier1
2026-04-01,2026-05-01,False,0.000498,APS3-Requests-Tier2
2026-04-01,2026-05-01,False,0.0027,APS3-Requests-Tier8
2026-04-01,2026-05-01,False,0.0,APS3-SC-API-Calls
2026-04-01,2026-05-01,False,0.0,APS3-SecurityHubProduct:FreeFindingsIngestion
2026-04-01,2026-05-01,False,0.0003,APS3-Tables-Requests-Tier1
2026-04-01,2026-05-01,False,15.841378869,APS3-TimedStorage-ByteHrs
2026-04-01,2026-05-01,False,0.0,APS3-UGW1-AWS-In-Bytes
2026-04-01,2026-05-01,False,0.0,APS3-USE1-AWS-In-Bytes
2026-04-01,2026-05-01,False,0.0,APS3-USE2-AWS-In-Bytes
2026-04-01,2026-05-01,False,3.2e-08,APS3-USE2-AWS-Out-Bytes
2026-04-01,2026-05-01,False,0.0,APS3-USW1-AWS-In-Bytes
2026-04-01,2026-05-01,False,0.0,APS3-USW2-AWS-In-Bytes
2026-04-01,2026-05-01,False,2.85407e-05,APS3-USW2-AWS-Out-Bytes
2026-04-01,2026-05-01,False,0.00025,APS4-AWSSecretsManagerAPIRequest
2026-04-01,2026-05-01,False,0.0,APS4-Catalog-Request
2026-04-01,2026-05-01,False,0.0,APS4-DataTransfer-Out-Bytes
2026-04-01,2026-05-01,False,0.0,APS4-EC2-free-metering
2026-04-01,2026-05-01,False,0.0,APS4-ECR-free-metering
2026-04-01,2026-05-01,False,0.6002954,APS4-EventsAnalyzed
2026-04-01,2026-05-01,False,0.0,APS4-Lambda-Standard-free-metering
2026-04-01,2026-05-01,False,0.0,APS4-Requests-Tier1
2026-04-01,2026-05-01,False,0.0027,APS4-Requests-Tier8
2026-04-01,2026-05-01,False,0.0,APS4-SC-API-Calls
2026-04-01,2026-05-01,False,0.0,APS4-SecurityHubProduct:FreeFindingsIngestion
2026-04-01,2026-05-01,False,0.0003,APS4-Tables-Requests-Tier1
2026-04-01,2026-05-01,False,0.0,APS4-USW2-AWS-In-Bytes
2026-04-01,2026-05-01,False,4.75e-08,APS4-USW2-AWS-Out-Bytes
2026-04-01,2026-05-01,False,0.00025,APS5-AWSSecretsManagerAPIRequest
2026-04-01,2026-05-01,False,0.0,APS5-Catalog-Request
2026-04-01,2026-05-01,False,0.0,APS5-DataTransfer-Out-Bytes
2026-04-01,2026-05-01,False,0.0,APS5-EC2-free-metering
2026-04-01,2026-05-01,False,0.0,APS5-ECR-free-metering
2026-04-01,2026-05-01,False,0.5730472,APS5-EventsAnalyzed
2026-04-01,2026-05-01,False,0.0,APS5-Lambda-Standard-free-metering
2026-04-01,2026-05-01,False,0.0,APS5-Requests-Tier1
2026-04-01,2026-05-01,False,0.0027,APS5-Requests-Tier8
2026-04-01,2026-05-01,False,0.0,APS5-SC-API-Calls
2026-04-01,2026-05-01,False,0.0,APS5-SecurityHubProduct:FreeFindingsIngestion
2026-04-01,2026-05-01,False,0.0003,APS5-Tables-Requests-Tier1
2026-04-01,2026-05-01,False,0.0,APS5-USW2-AWS-In-Bytes
2026-04-01,2026-05-01,False,4e-08,APS5-USW2-AWS-Out-Bytes
2026-04-01,2026-05-01,False,0.001034352,Aurora:BackupUsage
2026-04-01,2026-05-01,False,2.4900304,Aurora:StorageIOUsage
2026-04-01,2026-05-01,False,0.0078466451,Aurora:StorageUsage
2026-04-01,2026-05-01,False,264.2969174336,BoxUsage:t3a.2xlarge
2026-04-01,2026-05-01,False,0.00104,CAN1-AWSSecretsManagerAPIRequest
2026-04-01,2026-05-01,False,0.0,CAN1-Catalog-Request
2026-04-01,2026-05-01,False,0.0,CAN1-DataTransfer-Out-Bytes
2026-04-01,2026-05-01,False,0.0,CAN1-EC2-free-metering
2026-04-01,2026-05-01,False,0.0,CAN1-ECR-free-metering
2026-04-01,2026-05-01,False,0.6020296,CAN1-EventsAnalyzed
2026-04-01,2026-05-01,False,0.0,CAN1-Lambda-Standard-free-metering
2026-04-01,2026-05-01,False,0.96,CAN1-PaidComplianceCheck
2026-04-01,2026-05-01,False,0.1056988,CAN1-PaidEventsAnalyzed
2026-04-01,2026-05-01,False,0.0,CAN1-Requests-Tier1
2026-04-01,2026-05-01,False,0.0027,CAN1-Requests-Tier8
2026-04-01,2026-05-01,False,0.0,CAN1-SC-API-Calls
2026-04-01,2026-05-01,False,0.0,CAN1-SecurityHubProduct:FreeFindingsIngestion
2026-04-01,2026-05-01,False,0.00033,CAN1-Tables-Requests-Tier1
2026-04-01,2026-05-01,False,0.0,CAN1-USW2-AWS-In-Bytes
2026-04-01,2026-05-01,False,1.04e-07,CAN1-USW2-AWS-Out-Bytes
2026-04-01,2026-05-01,False,0.2503452,DNS-Queries
2026-04-01,2026-05-01,False,0.9500032443,DashboardsUsageHour-Basic
2026-04-01,2026-05-01,False,0.0,DataTransfer-In-Bytes
2026-04-01,2026-05-01,False,0.0,DataTransfer-Out-Bytes
2026-04-01,2026-05-01,False,0.0088788278,DataTransfer-Regional-Bytes
2026-04-01,2026-05-01,False,261.0595463814,Dollar
2026-04-01,2026-05-01,False,32.8030888596,EBS:VolumeUsage.gp3
2026-04-01,2026-05-01,False,0.00104,EU-AWSSecretsManager-APIRequests
2026-04-01,2026-05-01,False,0.0,EU-Catalog-Request
2026-04-01,2026-05-01,False,0.0,EU-DataTransfer-Out-Bytes
2026-04-01,2026-05-01,False,1.282e-07,EU-DataTransfer-Out-OBytes
2026-04-01,2026-05-01,False,0.0,EU-EC2-free-metering
2026-04-01,2026-05-01,False,0.0,EU-ECR-free-metering
2026-04-01,2026-05-01,False,0.5761624,EU-EventsAnalyzed
2026-04-01,2026-05-01,False,0.0,EU-Lambda-Code-free-metering
2026-04-01,2026-05-01,False,0.0,EU-Lambda-Standard-free-metering
2026-04-01,2026-05-01,False,0.96,EU-PaidComplianceCheck
2026-04-01,2026-05-01,False,0.1013144,EU-PaidEventsAnalyzed
2026-04-01,2026-05-01,False,0.0,EU-Requests-HTTPS-Proxy
2026-04-01,2026-05-01,False,0.0003,EU-Requests-Tier1
2026-04-01,2026-05-01,False,0.0,EU-Requests-Tier2-HTTPS
2026-04-01,2026-05-01,False,0.0027,EU-Requests-Tier8
2026-04-01,2026-05-01,False,0.0,EU-SC-API-Calls
2026-04-01,2026-05-01,False,0.0,EU-SecurityHubProduct:FreeFindingsIngestion
2026-04-01,2026-05-01,False,0.0003,EU-Tables-Requests-Tier1
2026-04-01,2026-05-01,False,0.0,EU-USW2-AWS-In-Bytes
2026-04-01,2026-05-01,False,1.04e-07,EU-USW2-AWS-Out-Bytes
2026-04-01,2026-05-01,False,0.0,EUC1-APE1-AWS-In-Bytes
2026-04-01,2026-05-01,False,0.0,EUC1-APN1-AWS-In-Bytes
2026-04-01,2026-05-01,False,0.0,EUC1-APN2-AWS-In-Bytes
2026-04-01,2026-05-01,False,0.0,EUC1-APN3-AWS-In-Bytes
2026-04-01,2026-05-01,False,0.0,EUC1-APS1-AWS-In-Bytes
2026-04-01,2026-05-01,False,0.0,EUC1-APS2-AWS-In-Bytes
2026-04-01,2026-05-01,False,0.0,EUC1-APS3-AWS-In-Bytes
2026-04-01,2026-05-01,False,0.0,EUC1-APS8-AWS-In-Bytes
2026-04-01,2026-05-01,False,0.0,EUC1-APS9-AWS-In-Bytes
2026-04-01,2026-05-01,False,0.00104,EUC1-AWSSecretsManagerAPIRequest
2026-04-01,2026-05-01,False,0.0,EUC1-CAN1-AWS-In-Bytes
2026-04-01,2026-05-01,False,0.0,EUC1-Catalog-Request
2026-04-01,2026-05-01,False,0.0,EUC1-DataTransfer-In-Bytes
2026-04-01,2026-05-01,False,0.0,EUC1-DataTransfer-Out-Bytes
2026-04-01,2026-05-01,False,1.28e-07,EUC1-DataTransfer-Regional-Bytes
2026-04-01,2026-05-01,False,0.0,EUC1-EC2-free-metering
2026-04-01,2026-05-01,False,0.0,EUC1-ECR-free-metering
2026-04-01,2026-05-01,False,0.0,EUC1-ESC1-AWS-In-Bytes
2026-04-01,2026-05-01,False,0.0,EUC1-EU-AWS-In-Bytes
2026-04-01,2026-05-01,False,0.0,EUC1-EUN1-AWS-In-Bytes
2026-04-01,2026-05-01,False,0.0,EUC1-EUW2-AWS-In-Bytes
2026-04-01,2026-05-01,False,0.0,EUC1-EUW3-AWS-In-Bytes
2026-04-01,2026-05-01,False,7e-10,EUC1-EUW3-AWS-Out-Bytes
2026-04-01,2026-05-01,False,0.6145508,EUC1-EventsAnalyzed
2026-04-01,2026-05-01,False,0.0,EUC1-Lambda-Code-free-metering
2026-04-01,2026-05-01,False,0.0,EUC1-Lambda-Standard-free-metering
2026-04-01,2026-05-01,False,0.0,EUC1-MXC1-AWS-In-Bytes
2026-04-01,2026-05-01,False,2.43027e-05,EUC1-NatGateway-Bytes
2026-04-01,2026-05-01,False,74.88,EUC1-NatGateway-Hours
2026-04-01,2026-05-01,False,0.96,EUC1-PaidComplianceCheck
2026-04-01,2026-05-01,False,0.105915,EUC1-PaidEventsAnalyzed
2026-04-01,2026-05-01,False,7.2,EUC1-PublicIPv4:InUseAddress
2026-04-01,2026-05-01,False,0.0,EUC1-Requests-Tier1
2026-04-01,2026-05-01,False,0.00053535,EUC1-Requests-Tier2
2026-04-01,2026-05-01,False,0.0027,EUC1-Requests-Tier8
2026-04-01,2026-05-01,False,0.0,EUC1-SC-API-Calls
2026-04-01,2026-05-01,False,0.0,EUC1-SecurityHubProduct:FreeFindingsIngestion
2026-04-01,2026-05-01,False,0.000324,EUC1-Tables-Requests-Tier1
2026-04-01,2026-05-01,False,1.8201e-05,EUC1-TagStorage-TagHrs
2026-04-01,2026-05-01,False,42.558964392,EUC1-TimedStorage-ByteHrs
2026-04-01,2026-05-01,False,0.0,EUC1-USE1-AWS-In-Bytes
2026-04-01,2026-05-01,False,0.0,EUC1-USE2-AWS-In-Bytes
2026-04-01,2026-05-01,False,4.4e-09,EUC1-USE2-AWS-Out-Bytes
2026-04-01,2026-05-01,False,0.0,EUC1-USW1-AWS-In-Bytes
2026-04-01,2026-05-01,False,0.0,EUC1-USW2-AWS-In-Bytes
2026-04-01,2026-05-01,False,6.6745e-06,EUC1-USW2-AWS-Out-Bytes
2026-04-01,2026-05-01,False,5.9e-05,EUC1-Vectors-Request-Tier1
2026-04-01,2026-05-01,False,0.00104,EUN1-AWSSecretsManagerAPIRequest
2026-04-01,2026-05-01,False,0.0,EUN1-Catalog-Request
2026-04-01,2026-05-01,False,0.0,EUN1-DataTransfer-Out-Bytes
2026-04-01,2026-05-01,False,0.0,EUN1-EC2-free-metering
2026-04-01,2026-05-01,False,0.0,EUN1-ECR-free-metering
2026-04-01,2026-05-01,False,0.5496414,EUN1-EventsAnalyzed
2026-04-01,2026-05-01,False,0.0,EUN1-Lambda-Code-free-metering
2026-04-01,2026-05-01,False,0.0,EUN1-Lambda-Standard-free-metering
2026-04-01,2026-05-01,False,0.96,EUN1-PaidComplianceCheck
2026-04-01,2026-05-01,False,0.0963816,EUN1-PaidEventsAnalyzed
2026-04-01,2026-05-01,False,0.0003,EUN1-Requests-Tier1
2026-04-01,2026-05-01,False,0.0027,EUN1-Requests-Tier8
2026-04-01,2026-05-01,False,0.0,EUN1-SC-API-Calls
2026-04-01,2026-05-01,False,0.0,EUN1-SecurityHubProduct:FreeFindingsIngestion
2026-04-01,2026-05-01,False,0.0003,EUN1-Tables-Requests-Tier1
2026-04-01,2026-05-01,False,0.0,EUN1-USW2-AWS-In-Bytes
2026-04-01,2026-05-01,False,1.04e-07,EUN1-USW2-AWS-Out-Bytes
2026-04-01,2026-05-01,False,0.00104,EUW2-AWSSecretsManagerAPIRequest
2026-04-01,2026-05-01,False,0.0,EUW2-Catalog-Request
2026-04-01,2026-05-01,False,0.0,EUW2-DataTransfer-Out-Bytes
2026-04-01,2026-05-01,False,0.0,EUW2-EC2-free-metering
2026-04-01,2026-05-01,False,0.0,EUW2-ECR-free-metering
2026-04-01,2026-05-01,False,0.5761624,EUW2-EventsAnalyzed
2026-04-01,2026-05-01,False,0.0,EUW2-Lambda-Code-free-metering
2026-04-01,2026-05-01,False,0.0,EUW2-Lambda-Standard-free-metering
2026-04-01,2026-05-01,False,0.96,EUW2-PaidComplianceCheck
2026-04-01,2026-05-01,False,0.1013056,EUW2-PaidEventsAnalyzed
2026-04-01,2026-05-01,False,0.0,EUW2-Requests-Tier1
2026-04-01,2026-05-01,False,0.0027,EUW2-Requests-Tier8
2026-04-01,2026-05-01,False,0.0,EUW2-SC-API-Calls
2026-04-01,2026-05-01,False,0.0,EUW2-SecurityHubProduct:FreeFindingsIngestion
2026-04-01,2026-05-01,False,0.000318,EUW2-Tables-Requests-Tier1
2026-04-01,2026-05-01,False,0.0,EUW2-USW2-AWS-In-Bytes
2026-04-01,2026-05-01,False,1.04e-07,EUW2-USW2-AWS-Out-Bytes
2026-04-01,2026-05-01,False,0.00104,EUW3-AWSSecretsManagerAPIRequest
2026-04-01,2026-05-01,False,0.0,EUW3-Catalog-Request
2026-04-01,2026-05-01,False,0.0,EUW3-DataTransfer-Out-Bytes
2026-04-01,2026-05-01,False,0.0,EUW3-EC2-free-metering
2026-04-01,2026-05-01,False,0.0,EUW3-ECR-free-metering
2026-04-01,2026-05-01,False,0.5760656,EUW3-EventsAnalyzed
2026-04-01,2026-05-01,False,0.0,EUW3-Lambda-Standard-free-metering
2026-04-01,2026-05-01,False,0.96,EUW3-PaidComplianceCheck
2026-04-01,2026-05-01,False,0.1012968,EUW3-PaidEventsAnalyzed
2026-04-01,2026-05-01,False,0.0,EUW3-Requests-Tier1
2026-04-01,2026-05-01,False,0.0027,EUW3-Requests-Tier8
2026-04-01,2026-05-01,False,0.0,EUW3-SC-API-Calls
2026-04-01,2026-05-01,False,0.0,EUW3-SecurityHubProduct:FreeFindingsIngestion
2026-04-01,2026-05-01,False,0.000318,EUW3-Tables-Requests-Tier1
2026-04-01,2026-05-01,False,0.0,EUW3-USW2-AWS-In-Bytes
2026-04-01,2026-05-01,False,1.04e-07,EUW3-USW2-AWS-Out-Bytes
2026-04-01,2026-05-01,False,0.0,Global-Bucket-Hrs-FreeTier
2026-04-01,2026-05-01,False,1.90715256,Global-MonitoredIAMRole
2026-04-01,2026-05-01,False,0.37603008,Global-MonitoredIAMUser
2026-04-01,2026-05-01,False,2.000000016,Global-RuleV2
2026-04-01,2026-05-01,False,5.00000004,Global-WebACLV2
2026-04-01,2026-05-01,False,14.1,HostedZone
2026-04-01,2026-05-01,False,92.20611088,InstanceUsage:db.r6g.large
2026-04-01,2026-05-01,False,103.68,InstanceUsage:db.t3.medium
2026-04-01,2026-05-01,False,52.56,InstanceUsage:db.t4g.medium
2026-04-01,2026-05-01,False,0.0,Intra-AWS-DNS-Queries
2026-04-01,2026-05-01,False,0.0,Invalidations
2026-04-01,2026-05-01,False,16.2,LoadBalancerUsage
2026-04-01,2026-05-01,False,1.61929e-05,NatGateway-Bytes
2026-04-01,2026-05-01,False,71.955,NatGateway-Hours
2026-04-01,2026-05-01,False,22.999999968,RDS:GP2-Storage
2026-04-01,2026-05-01,False,0.0,Requests-RBP
2026-04-01,2026-05-01,False,0.396625,Requests-Tier1
2026-04-01,2026-05-01,False,0.0017148,Requests-Tier2
2026-04-01,2026-05-01,False,0.0027,Requests-Tier8
2026-04-01,2026-05-01,False,130.0,Route53-Domains
2026-04-01,2026-05-01,False,0.00104,SAE1-AWSSecretsManagerAPIRequest
2026-04-01,2026-05-01,False,0.0,SAE1-Catalog-Request
2026-04-01,2026-05-01,False,0.0,SAE1-DataTransfer-Out-Bytes
2026-04-01,2026-05-01,False,0.0,SAE1-EC2-free-metering
2026-04-01,2026-05-01,False,0.0,SAE1-ECR-free-metering
2026-04-01,2026-05-01,False,0.91574,SAE1-EventsAnalyzed
2026-04-01,2026-05-01,False,0.0,SAE1-Lambda-Standard-free-metering
2026-04-01,2026-05-01,False,0.96,SAE1-PaidComplianceCheck
2026-04-01,2026-05-01,False,0.160475,SAE1-PaidEventsAnalyzed
2026-04-01,2026-05-01,False,0.0,SAE1-Requests-Tier1
2026-04-01,2026-05-01,False,0.0027,SAE1-Requests-Tier8
2026-04-01,2026-05-01,False,0.0,SAE1-SC-API-Calls
2026-04-01,2026-05-01,False,0.0,SAE1-SecurityHubProduct:FreeFindingsIngestion
2026-04-01,2026-05-01,False,0.00042,SAE1-Tables-Requests-Tier1
2026-04-01,2026-05-01,False,0.0,SAE1-USW2-AWS-In-Bytes
2026-04-01,2026-05-01,False,6.76e-07,SAE1-USW2-AWS-Out-Bytes
2026-04-01,2026-05-01,False,0.0003,Tables-Requests-Tier1
2026-04-01,2026-05-01,False,0.0111672141,TimedStorage-ByteHrs
2026-04-01,2026-05-01,False,0.0,US-DataTransfer-Out-Bytes
2026-04-01,2026-05-01,False,0.0,US-Requests-Tier1
2026-04-01,2026-05-01,False,0.0,US-Requests-Tier2-HTTPS
2026-04-01,2026-05-01,False,0.0,USE1-AFS1-AWS-In-Bytes
2026-04-01,2026-05-01,False,0.0,USE1-APE1-AWS-In-Bytes
2026-04-01,2026-05-01,False,0.0,USE1-APE2-AWS-In-Bytes
2026-04-01,2026-05-01,False,0.0,USE1-APN1-AWS-In-Bytes
2026-04-01,2026-05-01,False,4.8e-08,USE1-APN1-AWS-Out-Bytes
2026-04-01,2026-05-01,False,0.0,USE1-APN2-AWS-In-Bytes
2026-04-01,2026-05-01,False,1.69217e-05,USE1-APN2-AWS-Out-Bytes
2026-04-01,2026-05-01,False,0.0,USE1-APN3-AWS-In-Bytes
2026-04-01,2026-05-01,False,0.0,USE1-APS1-AWS-In-Bytes
2026-04-01,2026-05-01,False,7.424e-07,USE1-APS1-AWS-Out-Bytes
2026-04-01,2026-05-01,False,0.0,USE1-APS2-AWS-In-Bytes
2026-04-01,2026-05-01,False,3.44688e-05,USE1-APS2-AWS-Out-Bytes
2026-04-01,2026-05-01,False,0.0,USE1-APS3-AWS-In-Bytes
2026-04-01,2026-05-01,False,6.089e-07,USE1-APS3-AWS-Out-Bytes
2026-04-01,2026-05-01,False,0.0,USE1-APS5-AWS-In-Bytes
2026-04-01,2026-05-01,False,0.0,USE1-APS8-AWS-In-Bytes
2026-04-01,2026-05-01,False,0.0,USE1-APS9-AWS-In-Bytes
2026-04-01,2026-05-01,False,1.3970637003,USE1-AWSSecretsManager-Secrets
2026-04-01,2026-05-01,False,0.002445,USE1-AWSSecretsManagerAPIRequest
2026-04-01,2026-05-01,False,0.0,USE1-CAN1-AWS-In-Bytes
2026-04-01,2026-05-01,False,4.603e-07,USE1-CAN1-AWS-Out-Bytes
2026-04-01,2026-05-01,False,0.0,USE1-CUPM2MAppClientsFull
2026-04-01,2026-05-01,False,0.03375,USE1-CUPM2MTokenRequestsFull
2026-04-01,2026-05-01,False,0.0,USE1-Catalog-Request
2026-04-01,2026-05-01,False,0.0,USE1-CloudFront-In-Bytes
2026-04-01,2026-05-01,False,0.0,USE1-CloudFront-Out-Bytes
2026-04-01,2026-05-01,False,0.0,USE1-CognitoEssentialsMAU
2026-04-01,2026-05-01,False,0.9391166236,USE1-CostDataStorage
2026-04-01,2026-05-01,False,0.0,USE1-EC2-free-metering
2026-04-01,2026-05-01,False,0.0,USE1-ECR-free-metering
2026-04-01,2026-05-01,False,0.0,USE1-ESC1-AWS-In-Bytes
2026-04-01,2026-05-01,False,0.0,USE1-EU-AWS-In-Bytes
2026-04-01,2026-05-01,False,2.5099e-06,USE1-EU-AWS-Out-Bytes
2026-04-01,2026-05-01,False,0.0,USE1-EUC1-AWS-In-Bytes
2026-04-01,2026-05-01,False,0.0001066374,USE1-EUC1-AWS-Out-Bytes
2026-04-01,2026-05-01,False,0.0,USE1-EUC2-AWS-In-Bytes
2026-04-01,2026-05-01,False,0.0,USE1-EUN1-AWS-In-Bytes
2026-04-01,2026-05-01,False,8.3e-08,USE1-EUN1-AWS-Out-Bytes
2026-04-01,2026-05-01,False,0.0,USE1-EUW2-AWS-In-Bytes
2026-04-01,2026-05-01,False,4.602e-07,USE1-EUW2-AWS-Out-Bytes
2026-04-01,2026-05-01,False,0.0,USE1-EUW3-AWS-In-Bytes
2026-04-01,2026-05-01,False,4.87e-08,USE1-EUW3-AWS-Out-Bytes
2026-04-01,2026-05-01,False,0.714744,USE1-EventsAnalyzed
2026-04-01,2026-05-01,False,0.0,USE1-IssuePublicCertificateDomain
2026-04-01,2026-05-01,False,0.0,USE1-Lambda-Code-free-metering
2026-04-01,2026-05-01,False,0.0,USE1-Lambda-Standard-free-metering
2026-04-01,2026-05-01,False,0.0258609406,USE1-LogsAnalyzedBytes
2026-04-01,2026-05-01,False,4.5780957,USE1-MonitoredEC2
2026-04-01,2026-05-01,False,0.31248,USE1-MonitoredFunction
2026-04-01,2026-05-01,False,0.0,USE1-OtherProduct:PaidFindingsIngestion
2026-04-01,2026-05-01,False,0.96,USE1-PaidComplianceCheck
2026-04-01,2026-05-01,False,0.096848,USE1-PaidEventsAnalyzed
2026-04-01,2026-05-01,False,6.986111167,USE1-PaidRDSvCPUMonitored
2026-04-01,2026-05-01,False,0.00033056,USE1-PublicIPv4:IdleAddress
2026-04-01,2026-05-01,False,17.759648615,USE1-PublicIPv4:InUseAddress
2026-04-01,2026-05-01,False,0.0,USE1-Resource-Operation-Count
2026-04-01,2026-05-01,False,0.0,USE1-SAE1-AWS-In-Bytes
2026-04-01,2026-05-01,False,4.8e-08,USE1-SAE1-AWS-Out-Bytes
2026-04-01,2026-05-01,False,0.0,USE1-SC-API-Calls
2026-04-01,2026-05-01,False,0.0,USE1-SecurityHubProduct:FreeFindingsIngestion
2026-04-01,2026-05-01,False,0.0,USE1-TimedStorage-ByteHrs
2026-04-01,2026-05-01,False,0.0,USE1-USE2-AWS-In-Bytes
2026-04-01,2026-05-01,False,0.0002380865,USE1-USE2-AWS-Out-Bytes
2026-04-01,2026-05-01,False,0.0,USE1-USW1-AWS-In-Bytes
2026-04-01,2026-05-01,False,5.62e-08,USE1-USW1-AWS-Out-Bytes
2026-04-01,2026-05-01,False,0.0,USE1-USW2-AWS-In-Bytes
2026-04-01,2026-05-01,False,3.36911e-05,USE1-USW2-AWS-Out-Bytes
2026-04-01,2026-05-01,False,0.0,USE1-VendedLog-Bytes
2026-04-01,2026-05-01,False,0.001045,USE2-AWSSecretsManagerAPIRequest
2026-04-01,2026-05-01,False,0.0,USE2-Catalog-Request
2026-04-01,2026-05-01,False,0.0,USE2-DataTransfer-Out-Bytes
2026-04-01,2026-05-01,False,0.0,USE2-EC2-free-metering
2026-04-01,2026-05-01,False,0.0,USE2-ECR-free-metering
2026-04-01,2026-05-01,False,0.529336,USE2-EventsAnalyzed
2026-04-01,2026-05-01,False,0.0,USE2-Lambda-Code-free-metering
2026-04-01,2026-05-01,False,0.0,USE2-Lambda-Standard-free-metering
2026-04-01,2026-05-01,False,0.96,USE2-PaidComplianceCheck
2026-04-01,2026-05-01,False,0.095572,USE2-PaidEventsAnalyzed
2026-04-01,2026-05-01,False,0.00031,USE2-Requests-Tier1
2026-04-01,2026-05-01,False,0.0002444,USE2-Requests-Tier2
2026-04-01,2026-05-01,False,0.0027,USE2-Requests-Tier8
2026-04-01,2026-05-01,False,0.0,USE2-SC-API-Calls
2026-04-01,2026-05-01,False,0.0,USE2-SecurityHubProduct:FreeFindingsIngestion
2026-04-01,2026-05-01,False,0.0003,USE2-Tables-Requests-Tier1
2026-04-01,2026-05-01,False,3.9e-08,USE2-TimedStorage-ByteHrs
2026-04-01,2026-05-01,False,0.0,USE2-USW2-AWS-In-Bytes
2026-04-01,2026-05-01,False,2.8158e-06,USE2-USW2-AWS-Out-Bytes
2026-04-01,2026-05-01,False,0.00104,USW1-AWSSecretsManagerAPIRequest
2026-04-01,2026-05-01,False,0.0,USW1-Catalog-Request
2026-04-01,2026-05-01,False,0.0,USW1-DataTransfer-Out-Bytes
2026-04-01,2026-05-01,False,0.0,USW1-EC2-free-metering
2026-04-01,2026-05-01,False,0.0,USW1-ECR-free-metering
2026-04-01,2026-05-01,False,0.5746576,USW1-EventsAnalyzed
2026-04-01,2026-05-01,False,0.0,USW1-Lambda-Standard-free-metering
2026-04-01,2026-05-01,False,0.96,USW1-PaidComplianceCheck
2026-04-01,2026-05-01,False,0.09988,USW1-PaidEventsAnalyzed
2026-04-01,2026-05-01,False,0.0,USW1-Requests-Tier1
2026-04-01,2026-05-01,False,0.0027,USW1-Requests-Tier8
2026-04-01,2026-05-01,False,0.0,USW1-SC-API-Calls
2026-04-01,2026-05-01,False,0.0,USW1-SecurityHubProduct:FreeFindingsIngestion
2026-04-01,2026-05-01,False,0.00033,USW1-Tables-Requests-Tier1
2026-04-01,2026-05-01,False,0.0,USW1-USW2-AWS-In-Bytes
2026-04-01,2026-05-01,False,1.04e-07,USW1-USW2-AWS-Out-Bytes
2026-04-01,2026-05-01,False,0.0,USW2-AFS1-AWS-In-Bytes
2026-04-01,2026-05-01,False,0.0004112067,USW2-AFS1-AWS-Out-Bytes
2026-04-01,2026-05-01,False,0.0,USW2-APE1-AWS-In-Bytes
2026-04-01,2026-05-01,False,0.0004048285,USW2-APE1-AWS-Out-Bytes
2026-04-01,2026-05-01,False,0.0,USW2-APE2-AWS-In-Bytes
2026-04-01,2026-05-01,False,0.0,USW2-APN1-AWS-In-Bytes
2026-04-01,2026-05-01,False,0.0017160194,USW2-APN1-AWS-Out-Bytes
2026-04-01,2026-05-01,False,0.0,USW2-APN2-AWS-In-Bytes
2026-04-01,2026-05-01,False,0.001729903,USW2-APN2-AWS-Out-Bytes
2026-04-01,2026-05-01,False,0.0,USW2-APN3-AWS-In-Bytes
2026-04-01,2026-05-01,False,0.0016625166,USW2-APN3-AWS-Out-Bytes
2026-04-01,2026-05-01,False,0.0,USW2-APS1-AWS-In-Bytes
2026-04-01,2026-05-01,False,0.001727664,USW2-APS1-AWS-Out-Bytes
2026-04-01,2026-05-01,False,0.0,USW2-APS2-AWS-In-Bytes
2026-04-01,2026-05-01,False,0.0017403922,USW2-APS2-AWS-Out-Bytes
2026-04-01,2026-05-01,False,0.0,USW2-APS3-AWS-In-Bytes
2026-04-01,2026-05-01,False,0.0018428008,USW2-APS3-AWS-Out-Bytes
2026-04-01,2026-05-01,False,0.0,USW2-APS4-AWS-In-Bytes
2026-04-01,2026-05-01,False,0.0004020855,USW2-APS4-AWS-Out-Bytes
2026-04-01,2026-05-01,False,0.0,USW2-APS5-AWS-In-Bytes
2026-04-01,2026-05-01,False,0.0003816783,USW2-APS5-AWS-Out-Bytes
2026-04-01,2026-05-01,False,0.0,USW2-APS8-AWS-In-Bytes
2026-04-01,2026-05-01,False,0.0,USW2-APS9-AWS-In-Bytes
2026-04-01,2026-05-01,False,3.0103323305,USW2-AWSSecretsManager-Secrets
2026-04-01,2026-05-01,False,0.008795,USW2-AWSSecretsManagerAPIRequest
2026-04-01,2026-05-01,False,1.6599168,USW2-Aurora:StorageIOUsage
2026-04-01,2026-05-01,False,0.005278032,USW2-Aurora:StorageUsage
2026-04-01,2026-05-01,False,0.0,USW2-BKK1-AWS-In-Bytes
2026-04-01,2026-05-01,False,25.419786624,USW2-BoxUsage:m5.xlarge
2026-04-01,2026-05-01,False,777.502550412,USW2-BoxUsage:r7i.2xlarge
2026-04-01,2026-05-01,False,14.9751651296,USW2-BoxUsage:t3.micro
2026-04-01,2026-05-01,False,119.808,USW2-BoxUsage:t3.xlarge
2026-04-01,2026-05-01,False,161.2255411328,USW2-BoxUsage:t3a.2xlarge
2026-04-01,2026-05-01,False,0.0,USW2-CAN1-AWS-In-Bytes
2026-04-01,2026-05-01,False,0.0017167892,USW2-CAN1-AWS-Out-Bytes
2026-04-01,2026-05-01,False,0.0,USW2-CUPM2MAppClientsFull
2026-04-01,2026-05-01,False,0.108,USW2-CUPM2MTokenRequestsFull
2026-04-01,2026-05-01,False,1.3255093138,USW2-CW:AlarmMonitorUsage
2026-04-01,2026-05-01,False,1.1574074265,USW2-CW:CompositeAlarmMonitorUsage
2026-04-01,2026-05-01,False,1.4495831235,USW2-CW:MetricMonitorUsage
2026-04-01,2026-05-01,False,0.0,USW2-CW:Requests
2026-04-01,2026-05-01,False,0.0,USW2-Catalog-Request
2026-04-01,2026-05-01,False,0.0,USW2-CloudFront-In-Bytes
2026-04-01,2026-05-01,False,0.0,USW2-CloudFront-Out-Bytes
2026-04-01,2026-05-01,False,0.0,USW2-CognitoEssentialsMAU
2026-04-01,2026-05-01,False,0.0,USW2-DataProcessing-Bytes
2026-04-01,2026-05-01,False,0.0,USW2-DataTransfer-In-Bytes
2026-04-01,2026-05-01,False,0.0,USW2-DataTransfer-Out-Bytes
2026-04-01,2026-05-01,False,2.5507026166,USW2-DataTransfer-Regional-Bytes
2026-04-01,2026-05-01,False,0.0,USW2-DataTransfer-xAZ-In-Bytes
2026-04-01,2026-05-01,False,0.0,USW2-DataTransfer-xAZ-Out-Bytes
2026-04-01,2026-05-01,False,0.0,USW2-DeliveryAttempts-SMTP
2026-04-01,2026-05-01,False,1.5697203564,USW2-EBS:SnapshotUsage
2026-04-01,2026-05-01,False,243.939741055,USW2-EBS:VolumeUsage.gp3
2026-04-01,2026-05-01,False,0.0,USW2-EBSOptimized:c6i.32xlarge
2026-04-01,2026-05-01,False,0.0,USW2-EBSOptimized:c6i.metal
2026-04-01,2026-05-01,False,0.0,USW2-EBSOptimized:c7i.48xlarge
2026-04-01,2026-05-01,False,0.0,USW2-EBSOptimized:c7i.metal-48xl
2026-04-01,2026-05-01,False,0.0,USW2-EBSOptimized:m7i.48xlarge
2026-04-01,2026-05-01,False,0.0,USW2-EBSOptimized:m7i.metal-48xl
2026-04-01,2026-05-01,False,0.0,USW2-EBSOptimized:r7i.48xlarge
2026-04-01,2026-05-01,False,0.0,USW2-EBSOptimized:r7i.metal-48xl
2026-04-01,2026-05-01,False,0.0,USW2-EC2-free-metering
2026-04-01,2026-05-01,False,0.0,USW2-ECR-free-metering
2026-04-01,2026-05-01,False,0.0,USW2-ESC1-AWS-In-Bytes
2026-04-01,2026-05-01,False,0.0,USW2-EU-AWS-In-Bytes
2026-04-01,2026-05-01,False,0.0017782648,USW2-EU-AWS-Out-Bytes
2026-04-01,2026-05-01,False,0.0,USW2-EUC1-AWS-In-Bytes
2026-04-01,2026-05-01,False,0.0024284174,USW2-EUC1-AWS-Out-Bytes
2026-04-01,2026-05-01,False,0.0,USW2-EUC2-AWS-In-Bytes
2026-04-01,2026-05-01,False,0.0,USW2-EUN1-AWS-In-Bytes
2026-04-01,2026-05-01,False,0.0016941511,USW2-EUN1-AWS-Out-Bytes
2026-04-01,2026-05-01,False,0.0,USW2-EUW2-AWS-In-Bytes
2026-04-01,2026-05-01,False,0.0017079546,USW2-EUW2-AWS-Out-Bytes
2026-04-01,2026-05-01,False,0.0,USW2-EUW3-AWS-In-Bytes
2026-04-01,2026-05-01,False,0.0017050225,USW2-EUW3-AWS-Out-Bytes
2026-04-01,2026-05-01,False,6.655968,USW2-EventsAnalyzed
2026-04-01,2026-05-01,False,6.3860468483,USW2-Fargate-GB-Hours
2026-04-01,2026-05-01,False,29.0784225476,USW2-Fargate-vCPU-Hours:perCPU
2026-04-01,2026-05-01,False,0.0,USW2-HAM1-AWS-In-Bytes
2026-04-01,2026-05-01,False,187.2,USW2-InstanceUsage:db.r6g.large
2026-04-01,2026-05-01,False,4.882879872,USW2-InstanceUsage:db.t3.medium
2026-04-01,2026-05-01,False,23.823733328,USW2-InstanceUsage:db.t4g.micro
2026-04-01,2026-05-01,False,0.0,USW2-IssuePublicCertificateDomain
2026-04-01,2026-05-01,False,0.0006359394,USW2-LCUUsage
2026-04-01,2026-05-01,False,0.0,USW2-Lambda-Code-free-metering
2026-04-01,2026-05-01,False,0.0,USW2-Lambda-GB-Second
2026-04-01,2026-05-01,False,0.0,USW2-Lambda-Standard-free-metering
2026-04-01,2026-05-01,False,2.7675,USW2-LoadBalancerUsage
2026-04-01,2026-05-01,False,5.7545171031,USW2-LogsAnalyzedBytes
2026-04-01,2026-05-01,False,11.80752,USW2-MonitoredContainerImage
2026-04-01,2026-05-01,False,21.6352782,USW2-MonitoredEC2
2026-04-01,2026-05-01,False,3.624768,USW2-MonitoredFunction
2026-04-01,2026-05-01,False,4.32,USW2-MonitoredFunctionCode
2026-04-01,2026-05-01,False,20.2761636027,USW2-NatGateway-Bytes
2026-04-01,2026-05-01,False,155.115,USW2-NatGateway-Hours
2026-04-01,2026-05-01,False,2.896,USW2-PaidComplianceCheck
2026-04-01,2026-05-01,False,0.104436,USW2-PaidEventsAnalyzed
2026-04-01,2026-05-01,False,0.1491319608,USW2-PaidEventsAnalyzed-Bytes
2026-04-01,2026-05-01,False,6.3222222612,USW2-PaidRDSvCPUMonitored
2026-04-01,2026-05-01,False,3.87415284,USW2-PublicIPv4:IdleAddress
2026-04-01,2026-05-01,False,32.704093085,USW2-PublicIPv4:InUseAddress
2026-04-01,2026-05-01,False,0.6310107488,USW2-RDS:ChargedBackupUsage
2026-04-01,2026-05-01,False,5.8396750867,USW2-RDS:GP2-Storage
2026-04-01,2026-05-01,False,0.0243793125,USW2-ReadRequestUnits
2026-04-01,2026-05-01,False,0.0,USW2-Request
2026-04-01,2026-05-01,False,0.0040314,USW2-RequestV2-Tier0
2026-04-01,2026-05-01,False,21.867165,USW2-Requests-Tier1
2026-04-01,2026-05-01,False,0.8646584,USW2-Requests-Tier2
2026-04-01,2026-05-01,False,0.0027,USW2-Requests-Tier8
2026-04-01,2026-05-01,False,0.0,USW2-Resource-Operation-Count
2026-04-01,2026-05-01,False,0.2906279699,USW2-RuleV2
2026-04-01,2026-05-01,False,0.0,USW2-SAE1-AWS-In-Bytes
2026-04-01,2026-05-01,False,0.0016699838,USW2-SAE1-AWS-Out-Bytes
2026-04-01,2026-05-01,False,0.0,USW2-SC-API-Calls
2026-04-01,2026-05-01,False,0.0,USW2-ScheduledInvocation
2026-04-01,2026-05-01,False,0.0,USW2-SecurityHubProduct:FreeFindingsIngestion
2026-04-01,2026-05-01,False,13.3121390584,USW2-SpotUsage:c6i.32xlarge
2026-04-01,2026-05-01,False,5.5881731023,USW2-SpotUsage:c6i.metal
2026-04-01,2026-05-01,False,34.8159683901,USW2-SpotUsage:c7i.48xlarge
2026-04-01,2026-05-01,False,28.0015542324,USW2-SpotUsage:c7i.metal-48xl
2026-04-01,2026-05-01,False,148.5815415447,USW2-SpotUsage:m7i.48xlarge
2026-04-01,2026-05-01,False,397.559395171,USW2-SpotUsage:m7i.metal-48xl
2026-04-01,2026-05-01,False,30.9328465885,USW2-SpotUsage:r7i.48xlarge
2026-04-01,2026-05-01,False,16.2772692771,USW2-SpotUsage:r7i.metal-48xl
2026-04-01,2026-05-01,False,3924.5751676762,USW2-Storage
2026-04-01,2026-05-01,False,0.000305,USW2-Tables-Requests-Tier1
2026-04-01,2026-05-01,False,0.000300366,USW2-TagStorage-TagHrs
2026-04-01,2026-05-01,False,1.1521e-06,USW2-TimedPITRStorage-ByteHrs
2026-04-01,2026-05-01,False,1398.4608772281,USW2-TimedStorage-ByteHrs
2026-04-01,2026-05-01,False,0.0,USW2-USE1-AWS-In-Bytes
2026-04-01,2026-05-01,False,0.0120230833,USW2-USE1-AWS-Out-Bytes
2026-04-01,2026-05-01,False,0.0,USW2-USE2-AWS-In-Bytes
2026-04-01,2026-05-01,False,0.0018023131,USW2-USE2-AWS-Out-Bytes
2026-04-01,2026-05-01,False,0.0,USW2-USW1-AWS-In-Bytes
2026-04-01,2026-05-01,False,0.0041515265,USW2-USW1-AWS-Out-Bytes
2026-04-01,2026-05-01,False,5.5e-05,USW2-Vectors-Request-Tier1
2026-04-01,2026-05-01,False,0.0,USW2-VendedLog-Bytes
2026-04-01,2026-05-01,False,0.0686252224,USW2-VpcEndpoint-Bytes
2026-04-01,2026-05-01,False,50.4,USW2-VpcEndpoint-Hours
2026-04-01,2026-05-01,False,0.726569924,USW2-WebACLV2
2026-04-01,2026-05-01,False,0.0012675,USW2-WriteRequestUnits
2026-04-01,2026-05-01,False,5.5e-05,Vectors-Request-Tier1
2026-04-01,2026-05-01,False,0.0,af-south-1-KMS-Requests
2026-04-01,2026-05-01,False,0.0,ap-east-1-KMS-Requests
2026-04-01,2026-05-01,False,0.0,ap-northeast-1-KMS-Requests
2026-04-01,2026-05-01,False,0.0,ap-northeast-2-KMS-Requests
2026-04-01,2026-05-01,False,0.0,ap-northeast-3-KMS-Requests
2026-04-01,2026-05-01,False,0.0,ap-south-1-KMS-Requests
2026-04-01,2026-05-01,False,0.0,ap-south-2-KMS-Requests
2026-04-01,2026-05-01,False,0.0,ap-southeast-1-KMS-Requests
2026-04-01,2026-05-01,False,0.0,ap-southeast-2-KMS-Requests
2026-04-01,2026-05-01,False,0.0,ap-southeast-3-KMS-Requests
2026-04-01,2026-05-01,False,0.0,ca-central-1-KMS-Requests
2026-04-01,2026-05-01,False,0.0,eu-central-1-KMS-Requests
2026-04-01,2026-05-01,False,0.0,eu-north-1-KMS-Requests
2026-04-01,2026-05-01,False,0.0,eu-west-1-KMS-Requests
2026-04-01,2026-05-01,False,0.0,eu-west-2-KMS-Requests
2026-04-01,2026-05-01,False,0.0,eu-west-3-KMS-Requests
2026-04-01,2026-05-01,False,0.0,sa-east-1-KMS-Requests
2026-04-01,2026-05-01,False,0.0,us-east-1-KMS-Requests
2026-04-01,2026-05-01,False,0.0,us-east-2-KMS-Requests
2026-04-01,2026-05-01,False,0.0,us-west-1-KMS-Requests
2026-04-01,2026-05-01,False,3.000000024,us-west-2-KMS-Keys
2026-04-01,2026-05-01,False,0.0,us-west-2-KMS-Requests
2026-05-01,2026-06-01,False,0.00031,AFS1-AWSSecretsManagerAPIRequest
2026-05-01,2026-06-01,False,0.0,AFS1-Catalog-Request
2026-05-01,2026-06-01,False,0.0,AFS1-DataTransfer-Out-Bytes
2026-05-01,2026-06-01,False,0.0,AFS1-EC2-free-metering
2026-05-01,2026-06-01,False,0.0,AFS1-ECR-free-metering
2026-05-01,2026-06-01,False,0.9213,AFS1-EventsAnalyzed
2026-05-01,2026-06-01,False,0.0,AFS1-FreeEventsRecorded
2026-05-01,2026-06-01,False,0.0,AFS1-Lambda-Standard-free-metering
2026-05-01,2026-06-01,False,0.0,AFS1-Requests-Tier1
2026-05-01,2026-06-01,False,0.00288,AFS1-Requests-Tier8
2026-05-01,2026-06-01,False,0.0,AFS1-SC-API-Calls
2026-05-01,2026-06-01,False,0.0,AFS1-SecurityHubProduct:FreeFindingsIngestion
2026-05-01,2026-06-01,False,0.000318,AFS1-Tables-Requests-Tier1
2026-05-01,2026-06-01,False,0.0,AFS1-USW2-AWS-In-Bytes
2026-05-01,2026-06-01,False,2.108e-07,AFS1-USW2-AWS-Out-Bytes
2026-05-01,2026-06-01,False,0.00031,APE1-AWSSecretsManagerAPIRequest
2026-05-01,2026-06-01,False,0.0,APE1-Catalog-Request
2026-05-01,2026-06-01,False,0.0,APE1-DataTransfer-Out-Bytes
2026-05-01,2026-06-01,False,0.0,APE1-EC2-free-metering
2026-05-01,2026-06-01,False,0.0,APE1-ECR-free-metering
2026-05-01,2026-06-01,False,0.97172592,APE1-EventsAnalyzed
2026-05-01,2026-06-01,False,0.0,APE1-FreeEventsRecorded
2026-05-01,2026-06-01,False,0.0,APE1-Lambda-Standard-free-metering
2026-05-01,2026-06-01,False,0.0,APE1-OtherProduct:PaidFindingsIngestion
2026-05-01,2026-06-01,False,0.0,APE1-Requests-Tier1
2026-05-01,2026-06-01,False,0.00276,APE1-Requests-Tier8
2026-05-01,2026-06-01,False,0.0,APE1-SC-API-Calls
2026-05-01,2026-06-01,False,0.0,APE1-SecurityHubProduct:FreeFindingsIngestion
2026-05-01,2026-06-01,False,0.000215,APE1-Tables-Requests-Tier1
2026-05-01,2026-06-01,False,0.0,APE1-USW2-AWS-In-Bytes
2026-05-01,2026-06-01,False,1.302e-07,APE1-USW2-AWS-Out-Bytes
2026-05-01,2026-06-01,False,0.00125,APN1-AWSSecretsManagerAPIRequest
2026-05-01,2026-06-01,False,0.0,APN1-Catalog-Request
2026-05-01,2026-06-01,False,0.0,APN1-DataTransfer-Out-Bytes
2026-05-01,2026-06-01,False,0.0,APN1-EC2-free-metering
2026-05-01,2026-06-01,False,0.0,APN1-ECR-free-metering
2026-05-01,2026-06-01,False,0.8698488,APN1-EventsAnalyzed
2026-05-01,2026-06-01,False,0.0,APN1-FreeEventsRecorded
2026-05-01,2026-06-01,False,0.0,APN1-Lambda-Code-free-metering
2026-05-01,2026-06-01,False,0.0,APN1-Lambda-Standard-free-metering
2026-05-01,2026-06-01,False,0.0,APN1-OtherProduct:PaidFindingsIngestion
2026-05-01,2026-06-01,False,0.658,APN1-PaidComplianceCheck
2026-05-01,2026-06-01,False,0.08958088,APN1-PaidEventsAnalyzed
2026-05-01,2026-06-01,False,0.0003008,APN1-Requests-Tier1
2026-05-01,2026-06-01,False,0.00237,APN1-Requests-Tier8
2026-05-01,2026-06-01,False,0.0,APN1-SC-API-Calls
2026-05-01,2026-06-01,False,0.0,APN1-SecurityHubProduct:FreeFindingsIngestion
2026-05-01,2026-06-01,False,0.0002068,APN1-Tables-Requests-Tier1
2026-05-01,2026-06-01,False,0.0,APN1-USW2-AWS-In-Bytes
2026-05-01,2026-06-01,False,5.275e-07,APN1-USW2-AWS-Out-Bytes
2026-05-01,2026-06-01,False,0.00125,APN2-AWSSecretsManagerAPIRequest
2026-05-01,2026-06-01,False,0.0,APN2-Catalog-Request
2026-05-01,2026-06-01,False,0.0,APN2-DataTransfer-Out-Bytes
2026-05-01,2026-06-01,False,0.0,APN2-EC2-free-metering
2026-05-01,2026-06-01,False,0.0,APN2-ECR-free-metering
2026-05-01,2026-06-01,False,0.8477202,APN2-EventsAnalyzed
2026-05-01,2026-06-01,False,0.0,APN2-FreeEventsRecorded
2026-05-01,2026-06-01,False,0.0,APN2-Lambda-Standard-free-metering
2026-05-01,2026-06-01,False,0.0,APN2-OtherProduct:PaidFindingsIngestion
2026-05-01,2026-06-01,False,0.656,APN2-PaidComplianceCheck
2026-05-01,2026-06-01,False,0.087354,APN2-PaidEventsAnalyzed
2026-05-01,2026-06-01,False,0.0,APN2-Requests-Tier1
2026-05-01,2026-06-01,False,0.00288,APN2-Requests-Tier8
2026-05-01,2026-06-01,False,0.0,APN2-SC-API-Calls
2026-05-01,2026-06-01,False,0.0,APN2-SecurityHubProduct:FreeFindingsIngestion
2026-05-01,2026-06-01,False,0.000216,APN2-Tables-Requests-Tier1
2026-05-01,2026-06-01,False,0.0,APN2-USW2-AWS-In-Bytes
2026-05-01,2026-06-01,False,4.647e-07,APN2-USW2-AWS-Out-Bytes
2026-05-01,2026-06-01,False,0.00125,APN3-AWSSecretsManagerAPIRequest
2026-05-01,2026-06-01,False,0.0,APN3-Catalog-Request
2026-05-01,2026-06-01,False,0.0,APN3-DataTransfer-Out-Bytes
2026-05-01,2026-06-01,False,0.0,APN3-EC2-free-metering
2026-05-01,2026-06-01,False,0.0,APN3-ECR-free-metering
2026-05-01,2026-06-01,False,0.919525,APN3-EventsAnalyzed
2026-05-01,2026-06-01,False,0.0,APN3-FreeEventsRecorded
2026-05-01,2026-06-01,False,0.0,APN3-Lambda-Standard-free-metering
2026-05-01,2026-06-01,False,0.0,APN3-OtherProduct:PaidFindingsIngestion
2026-05-01,2026-06-01,False,0.656,APN3-PaidComplianceCheck
2026-05-01,2026-06-01,False,0.09374,APN3-PaidEventsAnalyzed
2026-05-01,2026-06-01,False,0.0,APN3-Requests-Tier1
2026-05-01,2026-06-01,False,0.00288,APN3-Requests-Tier8
2026-05-01,2026-06-01,False,0.0,APN3-SC-API-Calls
2026-05-01,2026-06-01,False,0.0,APN3-SecurityHubProduct:FreeFindingsIngestion
2026-05-01,2026-06-01,False,0.0002397,APN3-Tables-Requests-Tier1
2026-05-01,2026-06-01,False,0.0,APN3-USW2-AWS-In-Bytes
2026-05-01,2026-06-01,False,5.275e-07,APN3-USW2-AWS-Out-Bytes
2026-05-01,2026-06-01,False,0.00125,APS1-AWSSecretsManagerAPIRequest
2026-05-01,2026-06-01,False,0.0,APS1-Catalog-Request
2026-05-01,2026-06-01,False,0.0,APS1-DataTransfer-Out-Bytes
2026-05-01,2026-06-01,False,0.0,APS1-EC2-free-metering
2026-05-01,2026-06-01,False,0.0,APS1-ECR-free-metering
2026-05-01,2026-06-01,False,0.8476328,APS1-EventsAnalyzed
2026-05-01,2026-06-01,False,0.0,APS1-FreeEventsRecorded
2026-05-01,2026-06-01,False,0.0,APS1-Lambda-Code-free-metering
2026-05-01,2026-06-01,False,0.0,APS1-Lambda-Standard-free-metering
2026-05-01,2026-06-01,False,0.656,APS1-PaidComplianceCheck
2026-05-01,2026-06-01,False,0.0872942,APS1-PaidEventsAnalyzed
2026-05-01,2026-06-01,False,0.0,APS1-Requests-Tier1
2026-05-01,2026-06-01,False,0.00288,APS1-Requests-Tier8
2026-05-01,2026-06-01,False,0.0,APS1-SC-API-Calls
2026-05-01,2026-06-01,False,0.0,APS1-SecurityHubProduct:FreeFindingsIngestion
2026-05-01,2026-06-01,False,0.00023,APS1-Tables-Requests-Tier1
2026-05-01,2026-06-01,False,0.0,APS1-USW2-AWS-In-Bytes
2026-05-01,2026-06-01,False,5.275e-07,APS1-USW2-AWS-Out-Bytes
2026-05-01,2026-06-01,False,0.00125,APS2-AWSSecretsManagerAPIRequest
2026-05-01,2026-06-01,False,0.0,APS2-Catalog-Request
2026-05-01,2026-06-01,False,0.0,APS2-DataTransfer-Out-Bytes
2026-05-01,2026-06-01,False,0.0,APS2-EC2-free-metering
2026-05-01,2026-06-01,False,0.0,APS2-ECR-free-metering
2026-05-01,2026-06-01,False,0.8475178,APS2-EventsAnalyzed
2026-05-01,2026-06-01,False,0.0,APS2-FreeEventsRecorded
2026-05-01,2026-06-01,False,0.0,APS2-Lambda-Code-free-metering
2026-05-01,2026-06-01,False,0.0,APS2-Lambda-Standard-free-metering
2026-05-01,2026-06-01,False,0.656,APS2-PaidComplianceCheck
2026-05-01,2026-06-01,False,0.0872482,APS2-PaidEventsAnalyzed
2026-05-01,2026-06-01,False,0.0,APS2-Requests-Tier1
2026-05-01,2026-06-01,False,0.00285,APS2-Requests-Tier8
2026-05-01,2026-06-01,False,0.0,APS2-SC-API-Calls
2026-05-01,2026-06-01,False,0.0,APS2-SecurityHubProduct:FreeFindingsIngestion
2026-05-01,2026-06-01,False,0.0002695,APS2-Tables-Requests-Tier1
2026-05-01,2026-06-01,False,0.0,APS2-USW2-AWS-In-Bytes
2026-05-01,2026-06-01,False,5.652e-07,APS2-USW2-AWS-Out-Bytes
2026-05-01,2026-06-01,False,0.0,APS3-AFS1-AWS-In-Bytes
2026-05-01,2026-06-01,False,0.0,APS3-APE1-AWS-In-Bytes
2026-05-01,2026-06-01,False,0.0,APS3-APE2-AWS-In-Bytes
2026-05-01,2026-06-01,False,0.0,APS3-APN1-AWS-In-Bytes
2026-05-01,2026-06-01,False,0.0,APS3-APN2-AWS-In-Bytes
2026-05-01,2026-06-01,False,0.0,APS3-APS1-AWS-In-Bytes
2026-05-01,2026-06-01,False,0.0,APS3-APS2-AWS-In-Bytes
2026-05-01,2026-06-01,False,0.0,APS3-APS4-AWS-In-Bytes
2026-05-01,2026-06-01,False,0.0,APS3-APS5-AWS-In-Bytes
2026-05-01,2026-06-01,False,0.0,APS3-APS7-AWS-In-Bytes
2026-05-01,2026-06-01,False,0.0,APS3-APS8-AWS-In-Bytes
2026-05-01,2026-06-01,False,0.00125,APS3-AWSSecretsManagerAPIRequest
2026-05-01,2026-06-01,False,0.0,APS3-CAN1-AWS-In-Bytes
2026-05-01,2026-06-01,False,0.0,APS3-CW:Requests
2026-05-01,2026-06-01,False,0.0,APS3-Catalog-Request
2026-05-01,2026-06-01,False,0.0,APS3-DataTransfer-In-Bytes
2026-05-01,2026-06-01,False,1.591e-07,APS3-DataTransfer-Out-ABytes-T1
2026-05-01,2026-06-01,False,0.0,APS3-DataTransfer-Out-Bytes
2026-05-01,2026-06-01,False,8.754e-07,APS3-DataTransfer-Regional-Bytes
2026-05-01,2026-06-01,False,2.4084716788,APS3-EBS:SnapshotUsage
2026-05-01,2026-06-01,False,0.0,APS3-EC2-free-metering
2026-05-01,2026-06-01,False,0.0,APS3-ECR-free-metering
2026-05-01,2026-06-01,False,0.0,APS3-EU-AWS-In-Bytes
2026-05-01,2026-06-01,False,0.0,APS3-EUC1-AWS-In-Bytes
2026-05-01,2026-06-01,False,0.0,APS3-EUN1-AWS-In-Bytes
2026-05-01,2026-06-01,False,0.0,APS3-EUS1-AWS-In-Bytes
2026-05-01,2026-06-01,False,0.0,APS3-EUW2-AWS-In-Bytes
2026-05-01,2026-06-01,False,0.0,APS3-EUW3-AWS-In-Bytes
2026-05-01,2026-06-01,False,0.952226,APS3-EventsAnalyzed
2026-05-01,2026-06-01,False,0.0,APS3-FreeEventsRecorded
2026-05-01,2026-06-01,False,0.0,APS3-ILC1-AWS-In-Bytes
2026-05-01,2026-06-01,False,0.0,APS3-Lambda-Standard-free-metering
2026-05-01,2026-06-01,False,0.02066317,APS3-LogsAnalyzedBytes
2026-05-01,2026-06-01,False,0.0,APS3-MXC1-AWS-In-Bytes
2026-05-01,2026-06-01,False,1.18193e-05,APS3-NatGateway-Bytes
2026-05-01,2026-06-01,False,83.328,APS3-NatGateway-Hours
2026-05-01,2026-06-01,False,0.656,APS3-PaidComplianceCheck
2026-05-01,2026-06-01,False,0.0834724,APS3-PaidEventsAnalyzed
2026-05-01,2026-06-01,False,7.44,APS3-PublicIPv4:InUseAddress
2026-05-01,2026-06-01,False,0.08548,APS3-Requests-Tier1
2026-05-01,2026-06-01,False,0.0122596,APS3-Requests-Tier2
2026-05-01,2026-06-01,False,0.00288,APS3-Requests-Tier8
2026-05-01,2026-06-01,False,0.0,APS3-SAE1-AWS-In-Bytes
2026-05-01,2026-06-01,False,0.0,APS3-SC-API-Calls
2026-05-01,2026-06-01,False,0.0,APS3-SecurityHubProduct:FreeFindingsIngestion
2026-05-01,2026-06-01,False,0.000245,APS3-Tables-Requests-Tier1
2026-05-01,2026-06-01,False,16.3329906642,APS3-TimedStorage-ByteHrs
2026-05-01,2026-06-01,False,0.0,APS3-USE1-AWS-In-Bytes
2026-05-01,2026-06-01,False,0.0006358003,APS3-USE1-AWS-Out-Bytes
2026-05-01,2026-06-01,False,0.0,APS3-USE2-AWS-In-Bytes
2026-05-01,2026-06-01,False,0.0,APS3-USW1-AWS-In-Bytes
2026-05-01,2026-06-01,False,0.0,APS3-USW2-AWS-In-Bytes
2026-05-01,2026-06-01,False,0.0003458886,APS3-USW2-AWS-Out-Bytes
2026-05-01,2026-06-01,False,0.00031,APS4-AWSSecretsManagerAPIRequest
2026-05-01,2026-06-01,False,0.0,APS4-Catalog-Request
2026-05-01,2026-06-01,False,0.0,APS4-DataTransfer-Out-Bytes
2026-05-01,2026-06-01,False,0.0,APS4-EC2-free-metering
2026-05-01,2026-06-01,False,0.0,APS4-ECR-free-metering
2026-05-01,2026-06-01,False,0.8453236,APS4-EventsAnalyzed
2026-05-01,2026-06-01,False,0.0,APS4-FreeEventsRecorded
2026-05-01,2026-06-01,False,0.0,APS4-Lambda-Standard-free-metering
2026-05-01,2026-06-01,False,0.0,APS4-Requests-Tier1
2026-05-01,2026-06-01,False,0.00288,APS4-Requests-Tier8
2026-05-01,2026-06-01,False,0.0,APS4-SC-API-Calls
2026-05-01,2026-06-01,False,0.0,APS4-SecurityHubProduct:FreeFindingsIngestion
2026-05-01,2026-06-01,False,0.00023,APS4-Tables-Requests-Tier1
2026-05-01,2026-06-01,False,0.0,APS4-USW2-AWS-In-Bytes
2026-05-01,2026-06-01,False,5.89e-08,APS4-USW2-AWS-Out-Bytes
2026-05-01,2026-06-01,False,0.00031,APS5-AWSSecretsManagerAPIRequest
2026-05-01,2026-06-01,False,0.0,APS5-Catalog-Request
2026-05-01,2026-06-01,False,0.0,APS5-DataTransfer-Out-Bytes
2026-05-01,2026-06-01,False,0.0,APS5-EC2-free-metering
2026-05-01,2026-06-01,False,0.0,APS5-ECR-free-metering
2026-05-01,2026-06-01,False,0.8073032,APS5-EventsAnalyzed
2026-05-01,2026-06-01,False,0.0,APS5-FreeEventsRecorded
2026-05-01,2026-06-01,False,0.0,APS5-Lambda-Standard-free-metering
2026-05-01,2026-06-01,False,0.0,APS5-Requests-Tier1
2026-05-01,2026-06-01,False,0.00288,APS5-Requests-Tier8
2026-05-01,2026-06-01,False,0.0,APS5-SC-API-Calls
2026-05-01,2026-06-01,False,0.0,APS5-SecurityHubProduct:FreeFindingsIngestion
2026-05-01,2026-06-01,False,0.000265,APS5-Tables-Requests-Tier1
2026-05-01,2026-06-01,False,0.0,APS5-USW2-AWS-In-Bytes
2026-05-01,2026-06-01,False,4.96e-08,APS5-USW2-AWS-Out-Bytes
2026-05-01,2026-06-01,False,0.0023922302,Aurora:BackupUsage
2026-05-01,2026-06-01,False,4.1687378,Aurora:StorageIOUsage
2026-05-01,2026-06-01,False,0.013564198,Aurora:StorageUsage
2026-05-01,2026-06-01,False,29.5200991488,BoxUsage:t3.2xlarge
2026-05-01,2026-06-01,False,2.2640337824,BoxUsage:t3.micro
2026-05-01,2026-06-01,False,232.464422944,BoxUsage:t3a.2xlarge
2026-05-01,2026-06-01,False,0.00125,CAN1-AWSSecretsManagerAPIRequest
2026-05-01,2026-06-01,False,0.0,CAN1-Catalog-Request
2026-05-01,2026-06-01,False,3.72e-07,CAN1-DataTransfer-Out-Bytes
2026-05-01,2026-06-01,False,0.0,CAN1-EC2-free-metering
2026-05-01,2026-06-01,False,0.0,CAN1-ECR-free-metering
2026-05-01,2026-06-01,False,0.8472602,CAN1-EventsAnalyzed
2026-05-01,2026-06-01,False,0.0,CAN1-FreeEventsRecorded
2026-05-01,2026-06-01,False,0.0,CAN1-Lambda-Standard-free-metering
2026-05-01,2026-06-01,False,0.656,CAN1-PaidComplianceCheck
2026-05-01,2026-06-01,False,0.0870826,CAN1-PaidEventsAnalyzed
2026-05-01,2026-06-01,False,0.0,CAN1-Requests-Tier1
2026-05-01,2026-06-01,False,0.00207,CAN1-Requests-Tier8
2026-05-01,2026-06-01,False,0.0,CAN1-SC-API-Calls
2026-05-01,2026-06-01,False,0.0,CAN1-SecurityHubProduct:FreeFindingsIngestion
2026-05-01,2026-06-01,False,0.000264,CAN1-Tables-Requests-Tier1
2026-05-01,2026-06-01,False,0.0,CAN1-USW2-AWS-In-Bytes
2026-05-01,2026-06-01,False,1.256e-07,CAN1-USW2-AWS-Out-Bytes
2026-05-01,2026-06-01,False,0.0332885299,CW:AlarmMonitorUsage
2026-05-01,2026-06-01,False,0.00014,CW:GMD-Metrics
2026-05-01,2026-06-01,False,0.0,CW:Requests
2026-05-01,2026-06-01,False,0.252048,DNS-Queries
2026-05-01,2026-06-01,False,1.7701599624,DashboardsUsageHour-Basic
2026-05-01,2026-06-01,False,0.0,DataTransfer-In-Bytes
2026-05-01,2026-06-01,False,0.0943470904,DataTransfer-Out-Bytes
2026-05-01,2026-06-01,False,0.065839621,DataTransfer-Regional-Bytes
2026-05-01,2026-06-01,False,680.902151147,Dollar
2026-05-01,2026-06-01,False,31.3560831999,EBS:VolumeUsage.gp3
2026-05-01,2026-06-01,False,0.0,EBSOptimized:t3.micro
2026-05-01,2026-06-01,False,0.00125,EU-AWSSecretsManager-APIRequests
2026-05-01,2026-06-01,False,0.0,EU-Catalog-Request
2026-05-01,2026-06-01,False,3.72e-07,EU-DataTransfer-Out-Bytes
2026-05-01,2026-06-01,False,0.0,EU-EC2-free-metering
2026-05-01,2026-06-01,False,0.0,EU-ECR-free-metering
2026-05-01,2026-06-01,False,0.8108496,EU-EventsAnalyzed
2026-05-01,2026-06-01,False,0.0,EU-FreeEventsRecorded
2026-05-01,2026-06-01,False,0.0,EU-Lambda-Code-free-metering
2026-05-01,2026-06-01,False,0.0,EU-Lambda-Standard-free-metering
2026-05-01,2026-06-01,False,0.671,EU-PaidComplianceCheck
2026-05-01,2026-06-01,False,0.0834944,EU-PaidEventsAnalyzed
2026-05-01,2026-06-01,False,0.00032,EU-Requests-Tier1
2026-05-01,2026-06-01,False,0.0,EU-Requests-Tier2-HTTPS
2026-05-01,2026-06-01,False,0.00228,EU-Requests-Tier8
2026-05-01,2026-06-01,False,0.0,EU-SC-API-Calls
2026-05-01,2026-06-01,False,0.0,EU-SecurityHubProduct:FreeFindingsIngestion
2026-05-01,2026-06-01,False,0.00024,EU-Tables-Requests-Tier1
2026-05-01,2026-06-01,False,0.0,EU-USW2-AWS-In-Bytes
2026-05-01,2026-06-01,False,1.256e-07,EU-USW2-AWS-Out-Bytes
2026-05-01,2026-06-01,False,0.0,EUC1-AFS1-AWS-In-Bytes
2026-05-01,2026-06-01,False,0.0,EUC1-APE1-AWS-In-Bytes
2026-05-01,2026-06-01,False,0.0,EUC1-APE2-AWS-In-Bytes
2026-05-01,2026-06-01,False,0.0,EUC1-APN1-AWS-In-Bytes
2026-05-01,2026-06-01,False,0.0,EUC1-APN2-AWS-In-Bytes
2026-05-01,2026-06-01,False,0.0,EUC1-APS1-AWS-In-Bytes
2026-05-01,2026-06-01,False,0.0,EUC1-APS2-AWS-In-Bytes
2026-05-01,2026-06-01,False,0.0,EUC1-APS3-AWS-In-Bytes
2026-05-01,2026-06-01,False,0.000109716,EUC1-APS3-AWS-Out-Bytes
2026-05-01,2026-06-01,False,0.0,EUC1-APS8-AWS-In-Bytes
2026-05-01,2026-06-01,False,0.0,EUC1-APS9-AWS-In-Bytes
2026-05-01,2026-06-01,False,0.00125,EUC1-AWSSecretsManagerAPIRequest
2026-05-01,2026-06-01,False,0.0,EUC1-CAN1-AWS-In-Bytes
2026-05-01,2026-06-01,False,0.0,EUC1-CAN2-AWS-In-Bytes
2026-05-01,2026-06-01,False,0.0,EUC1-CW:Requests
2026-05-01,2026-06-01,False,0.0,EUC1-Catalog-Request
2026-05-01,2026-06-01,False,0.0,EUC1-DataTransfer-In-Bytes
2026-05-01,2026-06-01,False,1.598e-07,EUC1-DataTransfer-Out-ABytes-T1
2026-05-01,2026-06-01,False,0.0024984323,EUC1-DataTransfer-Out-Bytes
2026-05-01,2026-06-01,False,9.61e-08,EUC1-DataTransfer-Regional-Bytes
2026-05-01,2026-06-01,False,0.0,EUC1-EC2-free-metering
2026-05-01,2026-06-01,False,0.0,EUC1-ECR-free-metering
2026-05-01,2026-06-01,False,0.0,EUC1-EU-AWS-In-Bytes
2026-05-01,2026-06-01,False,0.0,EUC1-EUN1-AWS-In-Bytes
2026-05-01,2026-06-01,False,0.0,EUC1-EUW2-AWS-In-Bytes
2026-05-01,2026-06-01,False,0.0,EUC1-EUW3-AWS-In-Bytes
2026-05-01,2026-06-01,False,0.9954722,EUC1-EventsAnalyzed
2026-05-01,2026-06-01,False,0.0,EUC1-FreeEventsRecorded
2026-05-01,2026-06-01,False,0.0,EUC1-Lambda-Code-free-metering
2026-05-01,2026-06-01,False,0.0,EUC1-Lambda-Standard-free-metering
2026-05-01,2026-06-01,False,0.00042504,EUC1-LogsAnalyzedBytes
2026-05-01,2026-06-01,False,0.0,EUC1-MXC1-AWS-In-Bytes
2026-05-01,2026-06-01,False,1.04737e-05,EUC1-NatGateway-Bytes
2026-05-01,2026-06-01,False,77.376,EUC1-NatGateway-Hours
2026-05-01,2026-06-01,False,0.657,EUC1-PaidComplianceCheck
2026-05-01,2026-06-01,False,0.0873264,EUC1-PaidEventsAnalyzed
2026-05-01,2026-06-01,False,7.44,EUC1-PublicIPv4:InUseAddress
2026-05-01,2026-06-01,False,0.0917676,EUC1-Requests-Tier1
2026-05-01,2026-06-01,False,0.01324013,EUC1-Requests-Tier2
2026-05-01,2026-06-01,False,0.00228,EUC1-Requests-Tier8
2026-05-01,2026-06-01,False,0.0,EUC1-SAE1-AWS-In-Bytes
2026-05-01,2026-06-01,False,0.0,EUC1-SC-API-Calls
2026-05-01,2026-06-01,False,0.0,EUC1-SecurityHubProduct:FreeFindingsIngestion
2026-05-01,2026-06-01,False,0.0002592,EUC1-Tables-Requests-Tier1
2026-05-01,2026-06-01,False,1.82001e-05,EUC1-TagStorage-TagHrs
2026-05-01,2026-06-01,False,43.0382031345,EUC1-TimedStorage-ByteHrs
2026-05-01,2026-06-01,False,0.0,EUC1-USE1-AWS-In-Bytes
2026-05-01,2026-06-01,False,0.000149363,EUC1-USE1-AWS-Out-Bytes
2026-05-01,2026-06-01,False,0.0,EUC1-USE2-AWS-In-Bytes
2026-05-01,2026-06-01,False,0.0,EUC1-USW2-AWS-In-Bytes
2026-05-01,2026-06-01,False,0.0001906117,EUC1-USW2-AWS-Out-Bytes
2026-05-01,2026-06-01,False,0.00125,EUN1-AWSSecretsManagerAPIRequest
2026-05-01,2026-06-01,False,0.0,EUN1-Catalog-Request
2026-05-01,2026-06-01,False,3.72e-07,EUN1-DataTransfer-Out-Bytes
2026-05-01,2026-06-01,False,0.0,EUN1-EC2-free-metering
2026-05-01,2026-06-01,False,0.0,EUN1-ECR-free-metering
2026-05-01,2026-06-01,False,0.7731108,EUN1-EventsAnalyzed
2026-05-01,2026-06-01,False,0.0,EUN1-FreeEventsRecorded
2026-05-01,2026-06-01,False,0.0,EUN1-Lambda-Code-free-metering
2026-05-01,2026-06-01,False,0.0,EUN1-Lambda-Standard-free-metering
2026-05-01,2026-06-01,False,0.656,EUN1-PaidComplianceCheck
2026-05-01,2026-06-01,False,0.0790356,EUN1-PaidEventsAnalyzed
2026-05-01,2026-06-01,False,0.00032,EUN1-Requests-Tier1
2026-05-01,2026-06-01,False,0.00288,EUN1-Requests-Tier8
2026-05-01,2026-06-01,False,0.0,EUN1-SC-API-Calls
2026-05-01,2026-06-01,False,0.0,EUN1-SecurityHubProduct:FreeFindingsIngestion
2026-05-01,2026-06-01,False,0.000235,EUN1-Tables-Requests-Tier1
2026-05-01,2026-06-01,False,0.0,EUN1-USW2-AWS-In-Bytes
2026-05-01,2026-06-01,False,1.256e-07,EUN1-USW2-AWS-Out-Bytes
2026-05-01,2026-06-01,False,0.00125,EUW2-AWSSecretsManagerAPIRequest
2026-05-01,2026-06-01,False,0.0,EUW2-Catalog-Request
2026-05-01,2026-06-01,False,3.72e-07,EUW2-DataTransfer-Out-Bytes
2026-05-01,2026-06-01,False,0.0,EUW2-EC2-free-metering
2026-05-01,2026-06-01,False,0.0,EUW2-ECR-free-metering
2026-05-01,2026-06-01,False,0.8106912,EUW2-EventsAnalyzed
2026-05-01,2026-06-01,False,0.0,EUW2-FreeEventsRecorded
2026-05-01,2026-06-01,False,0.0,EUW2-Lambda-Code-free-metering
2026-05-01,2026-06-01,False,0.0,EUW2-Lambda-Standard-free-metering
2026-05-01,2026-06-01,False,0.659,EUW2-PaidComplianceCheck
2026-05-01,2026-06-01,False,0.0835076,EUW2-PaidEventsAnalyzed
2026-05-01,2026-06-01,False,0.0,EUW2-Requests-Tier1
2026-05-01,2026-06-01,False,0.00285,EUW2-Requests-Tier8
2026-05-01,2026-06-01,False,0.0,EUW2-SC-API-Calls
2026-05-01,2026-06-01,False,0.0,EUW2-SecurityHubProduct:FreeFindingsIngestion
2026-05-01,2026-06-01,False,0.0002438,EUW2-Tables-Requests-Tier1
2026-05-01,2026-06-01,False,0.0,EUW2-USW2-AWS-In-Bytes
2026-05-01,2026-06-01,False,1.256e-07,EUW2-USW2-AWS-Out-Bytes
2026-05-01,2026-06-01,False,0.00125,EUW3-AWSSecretsManagerAPIRequest
2026-05-01,2026-06-01,False,0.0,EUW3-Catalog-Request
2026-05-01,2026-06-01,False,3.72e-07,EUW3-DataTransfer-Out-Bytes
2026-05-01,2026-06-01,False,0.0,EUW3-EC2-free-metering
2026-05-01,2026-06-01,False,0.0,EUW3-ECR-free-metering
2026-05-01,2026-06-01,False,0.8109684,EUW3-EventsAnalyzed
2026-05-01,2026-06-01,False,0.0,EUW3-FreeEventsRecorded
2026-05-01,2026-06-01,False,0.0,EUW3-Lambda-Standard-free-metering
2026-05-01,2026-06-01,False,0.656,EUW3-PaidComplianceCheck
2026-05-01,2026-06-01,False,0.0834812,EUW3-PaidEventsAnalyzed
2026-05-01,2026-06-01,False,0.0,EUW3-Requests-Tier1
2026-05-01,2026-06-01,False,0.00288,EUW3-Requests-Tier8
2026-05-01,2026-06-01,False,0.0,EUW3-SC-API-Calls
2026-05-01,2026-06-01,False,0.0,EUW3-SecurityHubProduct:FreeFindingsIngestion
2026-05-01,2026-06-01,False,0.0002491,EUW3-Tables-Requests-Tier1
2026-05-01,2026-06-01,False,0.0,EUW3-USW2-AWS-In-Bytes
2026-05-01,2026-06-01,False,1.256e-07,EUW3-USW2-AWS-Out-Bytes
2026-05-01,2026-06-01,False,0.0,Executions-CloudFrontFunctions
2026-05-01,2026-06-01,False,0.0,Global-Bucket-Hrs-FreeTier
2026-05-01,2026-06-01,False,2.26118088,Global-MonitoredIAMRole
2026-05-01,2026-06-01,False,0.44103528,Global-MonitoredIAMUser
2026-05-01,2026-06-01,False,1.999999968,Global-RuleV2
2026-05-01,2026-06-01,False,4.99999992,Global-WebACLV2
2026-05-01,2026-06-01,False,14.5,HostedZone
2026-05-01,2026-06-01,False,105.68816376,InstanceUsage:db.r5.large
2026-05-01,2026-06-01,False,193.44,InstanceUsage:db.r6g.large
2026-05-01,2026-06-01,False,105.370359984,InstanceUsage:db.t3.medium
2026-05-01,2026-06-01,False,68.372181269,InstanceUsage:db.t4g.medium
2026-05-01,2026-06-01,False,0.0,Intra-AWS-DNS-Queries
2026-05-01,2026-06-01,False,0.0,Invalidations
2026-05-01,2026-06-01,False,19.5525,LoadBalancerUsage
2026-05-01,2026-06-01,False,6.3899e-06,NatGateway-Bytes
2026-05-01,2026-06-01,False,70.02,NatGateway-Hours
2026-05-01,2026-06-01,False,22.6209517646,RDS:GP2-Storage
2026-05-01,2026-06-01,False,0.3733163396,RDS:GP3-Storage
2026-05-01,2026-06-01,False,0.0,Requests-RBP
2026-05-01,2026-06-01,False,2.695625,Requests-Tier1
2026-05-01,2026-06-01,False,0.0135192,Requests-Tier2
2026-05-01,2026-06-01,False,0.00261,Requests-Tier8
2026-05-01,2026-06-01,False,0.00125,SAE1-AWSSecretsManagerAPIRequest
2026-05-01,2026-06-01,False,0.0,SAE1-Catalog-Request
2026-05-01,2026-06-01,False,0.0,SAE1-DataTransfer-Out-Bytes
2026-05-01,2026-06-01,False,0.0,SAE1-EC2-free-metering
2026-05-01,2026-06-01,False,0.0,SAE1-ECR-free-metering
2026-05-01,2026-06-01,False,1.288742,SAE1-EventsAnalyzed
2026-05-01,2026-06-01,False,0.0,SAE1-FreeEventsRecorded
2026-05-01,2026-06-01,False,0.0,SAE1-Lambda-Standard-free-metering
2026-05-01,2026-06-01,False,0.687,SAE1-PaidComplianceCheck
2026-05-01,2026-06-01,False,0.132286,SAE1-PaidEventsAnalyzed
2026-05-01,2026-06-01,False,0.0,SAE1-Requests-Tier1
2026-05-01,2026-06-01,False,0.00228,SAE1-Requests-Tier8
2026-05-01,2026-06-01,False,0.0,SAE1-SC-API-Calls
2026-05-01,2026-06-01,False,0.0,SAE1-SecurityHubProduct:FreeFindingsIngestion
2026-05-01,2026-06-01,False,0.000329,SAE1-Tables-Requests-Tier1
2026-05-01,2026-06-01,False,0.0,SAE1-USW2-AWS-In-Bytes
2026-05-01,2026-06-01,False,8.164e-07,SAE1-USW2-AWS-Out-Bytes
2026-05-01,2026-06-01,False,0.00021,Tables-Requests-Tier1
2026-05-01,2026-06-01,False,0.0506485629,TimedStorage-ByteHrs
2026-05-01,2026-06-01,False,0.0,US-DataTransfer-Out-Bytes
2026-05-01,2026-06-01,False,0.0,US-Requests-Tier1
2026-05-01,2026-06-01,False,0.0,US-Requests-Tier2-HTTPS
2026-05-01,2026-06-01,False,0.0,USE1-APE1-AWS-In-Bytes
2026-05-01,2026-06-01,False,59.68,USE1-APIRequest
2026-05-01,2026-06-01,False,0.0,USE1-APN1-AWS-In-Bytes
2026-05-01,2026-06-01,False,5.12e-08,USE1-APN1-AWS-Out-Bytes
2026-05-01,2026-06-01,False,0.0,USE1-APN2-AWS-In-Bytes
2026-05-01,2026-06-01,False,6.01e-08,USE1-APN2-AWS-Out-Bytes
2026-05-01,2026-06-01,False,0.0,USE1-APS1-AWS-In-Bytes
2026-05-01,2026-06-01,False,6.68e-08,USE1-APS1-AWS-Out-Bytes
2026-05-01,2026-06-01,False,0.0,USE1-APS2-AWS-In-Bytes
2026-05-01,2026-06-01,False,5.12e-08,USE1-APS2-AWS-Out-Bytes
2026-05-01,2026-06-01,False,0.0,USE1-APS3-AWS-In-Bytes
2026-05-01,2026-06-01,False,0.0007267827,USE1-APS3-AWS-Out-Bytes
2026-05-01,2026-06-01,False,0.0,USE1-APS4-AWS-In-Bytes
2026-05-01,2026-06-01,False,0.0,USE1-APS7-AWS-In-Bytes
2026-05-01,2026-06-01,False,0.0,USE1-APS9-AWS-In-Bytes
2026-05-01,2026-06-01,False,1.6513081543,USE1-AWSSecretsManager-Secrets
2026-05-01,2026-06-01,False,0.00939,USE1-AWSSecretsManagerAPIRequest
2026-05-01,2026-06-01,False,0.0,USE1-CAN1-AWS-In-Bytes
2026-05-01,2026-06-01,False,5.12e-08,USE1-CAN1-AWS-Out-Bytes
2026-05-01,2026-06-01,False,0.0,USE1-CUPM2MAppClientsFull
2026-05-01,2026-06-01,False,0.0,USE1-Catalog-Request
2026-05-01,2026-06-01,False,0.0,USE1-CloudFront-In-Bytes
2026-05-01,2026-06-01,False,0.0,USE1-CloudFront-Out-Bytes
2026-05-01,2026-06-01,False,0.0,USE1-CognitoEssentialsMAU
2026-05-01,2026-06-01,False,1.1957636451,USE1-CostDataStorage
2026-05-01,2026-06-01,False,0.0002475884,USE1-DataProcessing-Bytes
2026-05-01,2026-06-01,False,0.0,USE1-EC2-free-metering
2026-05-01,2026-06-01,False,0.0,USE1-ECR-free-metering
2026-05-01,2026-06-01,False,0.0,USE1-EU-AWS-In-Bytes
2026-05-01,2026-06-01,False,2.6262e-06,USE1-EU-AWS-Out-Bytes
2026-05-01,2026-06-01,False,0.0,USE1-EUC1-AWS-In-Bytes
2026-05-01,2026-06-01,False,0.0008346351,USE1-EUC1-AWS-Out-Bytes
2026-05-01,2026-06-01,False,0.0,USE1-EUN1-AWS-In-Bytes
2026-05-01,2026-06-01,False,5.19e-08,USE1-EUN1-AWS-Out-Bytes
2026-05-01,2026-06-01,False,0.0,USE1-EUW2-AWS-In-Bytes
2026-05-01,2026-06-01,False,5.12e-08,USE1-EUW2-AWS-Out-Bytes
2026-05-01,2026-06-01,False,0.0,USE1-EUW3-AWS-In-Bytes
2026-05-01,2026-06-01,False,6.07e-08,USE1-EUW3-AWS-Out-Bytes
2026-05-01,2026-06-01,False,1.352936,USE1-EventsAnalyzed
2026-05-01,2026-06-01,False,0.0,USE1-FreeEventsRecorded
2026-05-01,2026-06-01,False,0.0,USE1-IssuePublicCertificateDomain
2026-05-01,2026-06-01,False,0.0,USE1-Lambda-Code-free-metering
2026-05-01,2026-06-01,False,0.0,USE1-Lambda-Standard-free-metering
2026-05-01,2026-06-01,False,0.0454483608,USE1-LogsAnalyzedBytes
2026-05-01,2026-06-01,False,0.0,USE1-MXC1-AWS-In-Bytes
2026-05-01,2026-06-01,False,0.2569872,USE1-MonitoredContainerImage
2026-05-01,2026-06-01,False,5.6367231904,USE1-MonitoredEC2
2026-05-01,2026-06-01,False,0.05208,USE1-MonitoredFunction
2026-05-01,2026-06-01,False,0.075,USE1-MonitoredFunctionCode
2026-05-01,2026-06-01,False,0.0,USE1-OtherProduct:PaidFindingsIngestion
2026-05-01,2026-06-01,False,0.0,USE1-PHX1-AWS-In-Bytes
2026-05-01,2026-06-01,False,0.656,USE1-PaidComplianceCheck
2026-05-01,2026-06-01,False,0.079944,USE1-PaidEventsAnalyzed
2026-05-01,2026-06-01,False,9.4677419522,USE1-PaidRDSvCPUMonitored
2026-05-01,2026-06-01,False,0.00522641,USE1-PublicIPv4:IdleAddress
2026-05-01,2026-06-01,False,20.60009305,USE1-PublicIPv4:InUseAddress
2026-05-01,2026-06-01,False,0.0,USE1-Resource-Operation-Count
2026-05-01,2026-06-01,False,0.0,USE1-SAE1-AWS-In-Bytes
2026-05-01,2026-06-01,False,5.12e-08,USE1-SAE1-AWS-Out-Bytes
2026-05-01,2026-06-01,False,0.0,USE1-SC-API-Calls
2026-05-01,2026-06-01,False,0.0,USE1-SecurityHubProduct:FreeFindingsIngestion
2026-05-01,2026-06-01,False,0.0,USE1-TimedStorage-ByteHrs
2026-05-01,2026-06-01,False,0.0,USE1-USE2-AWS-In-Bytes
2026-05-01,2026-06-01,False,0.0001860141,USE1-USE2-AWS-Out-Bytes
2026-05-01,2026-06-01,False,0.0,USE1-USW1-AWS-In-Bytes
2026-05-01,2026-06-01,False,5.12e-08,USE1-USW1-AWS-Out-Bytes
2026-05-01,2026-06-01,False,0.0,USE1-USW2-AWS-In-Bytes
2026-05-01,2026-06-01,False,0.0359485245,USE1-USW2-AWS-Out-Bytes
2026-05-01,2026-06-01,False,0.0137858706,USE1-VendedLog-Bytes
2026-05-01,2026-06-01,False,0.001255,USE2-AWSSecretsManagerAPIRequest
2026-05-01,2026-06-01,False,0.0,USE2-CW:Requests
2026-05-01,2026-06-01,False,0.0,USE2-Catalog-Request
2026-05-01,2026-06-01,False,1.1808e-06,USE2-DataTransfer-Out-Bytes
2026-05-01,2026-06-01,False,0.0,USE2-EC2-free-metering
2026-05-01,2026-06-01,False,0.0,USE2-ECR-free-metering
2026-05-01,2026-06-01,False,0.80162,USE2-EventsAnalyzed
2026-05-01,2026-06-01,False,0.0,USE2-FreeEventsRecorded
2026-05-01,2026-06-01,False,0.0,USE2-Lambda-Code-free-metering
2026-05-01,2026-06-01,False,0.0,USE2-Lambda-Standard-free-metering
2026-05-01,2026-06-01,False,1.1e-06,USE2-LogsAnalyzedBytes
2026-05-01,2026-06-01,False,0.656,USE2-PaidComplianceCheck
2026-05-01,2026-06-01,False,0.078328,USE2-PaidEventsAnalyzed
2026-05-01,2026-06-01,False,0.000335,USE2-Requests-Tier1
2026-05-01,2026-06-01,False,0.0060444,USE2-Requests-Tier2
2026-05-01,2026-06-01,False,0.00228,USE2-Requests-Tier8
2026-05-01,2026-06-01,False,0.0,USE2-Resource-Operation-Count
2026-05-01,2026-06-01,False,0.0,USE2-SC-API-Calls
2026-05-01,2026-06-01,False,0.0,USE2-SecurityHubProduct:FreeFindingsIngestion
2026-05-01,2026-06-01,False,0.000195,USE2-Tables-Requests-Tier1
2026-05-01,2026-06-01,False,4.03e-08,USE2-TimedStorage-ByteHrs
2026-05-01,2026-06-01,False,3.6702e-05,USE2-USE1-AWS-Out-Bytes
2026-05-01,2026-06-01,False,0.0,USE2-USW2-AWS-In-Bytes
2026-05-01,2026-06-01,False,4.08042e-05,USE2-USW2-AWS-Out-Bytes
2026-05-01,2026-06-01,False,0.00125,USW1-AWSSecretsManagerAPIRequest
2026-05-01,2026-06-01,False,0.0,USW1-CUPM2MAppClientsFull
2026-05-01,2026-06-01,False,0.0,USW1-Catalog-Request
2026-05-01,2026-06-01,False,3.72e-07,USW1-DataTransfer-Out-Bytes
2026-05-01,2026-06-01,False,0.0,USW1-EC2-free-metering
2026-05-01,2026-06-01,False,0.0,USW1-ECR-free-metering
2026-05-01,2026-06-01,False,0.8090588,USW1-EventsAnalyzed
2026-05-01,2026-06-01,False,0.0,USW1-FreeEventsRecorded
2026-05-01,2026-06-01,False,0.0,USW1-Lambda-Standard-free-metering
2026-05-01,2026-06-01,False,0.657,USW1-PaidComplianceCheck
2026-05-01,2026-06-01,False,0.0823284,USW1-PaidEventsAnalyzed
2026-05-01,2026-06-01,False,0.0,USW1-Requests-Tier1
2026-05-01,2026-06-01,False,0.00288,USW1-Requests-Tier8
2026-05-01,2026-06-01,False,0.0,USW1-SC-API-Calls
2026-05-01,2026-06-01,False,0.0,USW1-SecurityHubProduct:FreeFindingsIngestion
2026-05-01,2026-06-01,False,0.0002365,USW1-Tables-Requests-Tier1
2026-05-01,2026-06-01,False,0.0,USW1-USW2-AWS-In-Bytes
2026-05-01,2026-06-01,False,1.256e-07,USW1-USW2-AWS-Out-Bytes
2026-05-01,2026-06-01,False,0.0,USW2-AFS1-AWS-In-Bytes
2026-05-01,2026-06-01,False,0.0005024971,USW2-AFS1-AWS-Out-Bytes
2026-05-01,2026-06-01,False,0.0,USW2-APE1-AWS-In-Bytes
2026-05-01,2026-06-01,False,0.0004949241,USW2-APE1-AWS-Out-Bytes
2026-05-01,2026-06-01,False,0.0,USW2-APE2-AWS-In-Bytes
2026-05-01,2026-06-01,False,0.0,USW2-APN1-AWS-In-Bytes
2026-05-01,2026-06-01,False,0.0020619199,USW2-APN1-AWS-Out-Bytes
2026-05-01,2026-06-01,False,0.0,USW2-APN2-AWS-In-Bytes
2026-05-01,2026-06-01,False,0.0020279413,USW2-APN2-AWS-Out-Bytes
2026-05-01,2026-06-01,False,0.0,USW2-APN3-AWS-In-Bytes
2026-05-01,2026-06-01,False,0.0019722559,USW2-APN3-AWS-Out-Bytes
2026-05-01,2026-06-01,False,0.0,USW2-APS1-AWS-In-Bytes
2026-05-01,2026-06-01,False,0.002073553,USW2-APS1-AWS-Out-Bytes
2026-05-01,2026-06-01,False,0.0,USW2-APS2-AWS-In-Bytes
2026-05-01,2026-06-01,False,0.0020555449,USW2-APS2-AWS-Out-Bytes
2026-05-01,2026-06-01,False,0.0,USW2-APS3-AWS-In-Bytes
2026-05-01,2026-06-01,False,0.0245495208,USW2-APS3-AWS-Out-Bytes
2026-05-01,2026-06-01,False,0.0,USW2-APS4-AWS-In-Bytes
2026-05-01,2026-06-01,False,0.0004999126,USW2-APS4-AWS-Out-Bytes
2026-05-01,2026-06-01,False,0.0,USW2-APS5-AWS-In-Bytes
2026-05-01,2026-06-01,False,0.0004711708,USW2-APS5-AWS-Out-Bytes
2026-05-01,2026-06-01,False,0.0,USW2-APS7-AWS-In-Bytes
2026-05-01,2026-06-01,False,7e-10,USW2-APS7-AWS-Out-Bytes
2026-05-01,2026-06-01,False,0.0,USW2-APS8-AWS-In-Bytes
2026-05-01,2026-06-01,False,0.0,USW2-APS9-AWS-In-Bytes
2026-05-01,2026-06-01,False,4.3557721493,USW2-AWSSecretsManager-Secrets
2026-05-01,2026-06-01,False,0.01853,USW2-AWSSecretsManagerAPIRequest
2026-05-01,2026-06-01,False,0.0133507037,USW2-Aurora:BackupUsage
2026-05-01,2026-06-01,False,0.0165685645,USW2-Aurora:IO-OptimizedStorageUsage
2026-05-01,2026-06-01,False,84.4829555558,USW2-Aurora:ServerlessV2IOOptimizedUsage
2026-05-01,2026-06-01,False,0.4442833334,USW2-Aurora:ServerlessV2Usage
2026-05-01,2026-06-01,False,4.1055018,USW2-Aurora:StorageIOUsage
2026-05-01,2026-06-01,False,0.0194517664,USW2-Aurora:StorageUsage
2026-05-01,2026-06-01,False,398.6075505888,USW2-BoxUsage:r7i.16xlarge
2026-05-01,2026-06-01,False,807.8618748816,USW2-BoxUsage:r7i.2xlarge
2026-05-01,2026-06-01,False,134.3244852936,USW2-BoxUsage:r7i.4xlarge
2026-05-01,2026-06-01,False,369.6309124704,USW2-BoxUsage:r7i.8xlarge
2026-05-01,2026-06-01,False,15.474607772,USW2-BoxUsage:t3.micro
2026-05-01,2026-06-01,False,6.630988,USW2-BoxUsage:t3.small
2026-05-01,2026-06-01,False,123.8016,USW2-BoxUsage:t3.xlarge
2026-05-01,2026-06-01,False,354.9688996224,USW2-BoxUsage:t3a.2xlarge
2026-05-01,2026-06-01,False,0.0812186676,USW2-BoxUsage:t4g.micro
2026-05-01,2026-06-01,False,0.0,USW2-CAN1-AWS-In-Bytes
2026-05-01,2026-06-01,False,0.0020710752,USW2-CAN1-AWS-Out-Bytes
2026-05-01,2026-06-01,False,0.0,USW2-CHI1-AWS-In-Bytes
2026-05-01,2026-06-01,False,0.0,USW2-CUPM2MAppClientsFull
2026-05-01,2026-06-01,False,0.02925,USW2-CUPM2MTokenRequestsFull
2026-05-01,2026-06-01,False,1.4355063117,USW2-CW:AlarmMonitorUsage
2026-05-01,2026-06-01,False,1.2941308437,USW2-CW:CompositeAlarmMonitorUsage
2026-05-01,2026-06-01,False,0.0004,USW2-CW:GMD-Metrics
2026-05-01,2026-06-01,False,1.8754033473,USW2-CW:MetricMonitorUsage
2026-05-01,2026-06-01,False,0.0,USW2-CW:Requests
2026-05-01,2026-06-01,False,0.0,USW2-Catalog-Request
2026-05-01,2026-06-01,False,0.0,USW2-CloudFront-In-Bytes
2026-05-01,2026-06-01,False,0.0,USW2-CloudFront-Out-Bytes
2026-05-01,2026-06-01,False,0.0,USW2-CognitoEssentialsMAU
2026-05-01,2026-06-01,False,32.533505,USW2-DataEventsRecorded
2026-05-01,2026-06-01,False,75.4971356315,USW2-DataProcessing-Bytes
2026-05-01,2026-06-01,False,0.0,USW2-DataTransfer-In-ABytes
2026-05-01,2026-06-01,False,0.0,USW2-DataTransfer-In-Bytes
2026-05-01,2026-06-01,False,6.8328842766,USW2-DataTransfer-Out-ABytes
2026-05-01,2026-06-01,False,46.1061538403,USW2-DataTransfer-Out-Bytes
2026-05-01,2026-06-01,False,12.6522615435,USW2-DataTransfer-Regional-Bytes
2026-05-01,2026-06-01,False,0.0,USW2-DataTransfer-xAZ-In-Bytes
2026-05-01,2026-06-01,False,0.0,USW2-DataTransfer-xAZ-Out-Bytes
2026-05-01,2026-06-01,False,0.0,USW2-DeliveryAttempts-SMTP
2026-05-01,2026-06-01,False,4.6994329631,USW2-EBS:SnapshotUsage
2026-05-01,2026-06-01,False,306.7613168972,USW2-EBS:VolumeUsage.gp3
2026-05-01,2026-06-01,False,0.0,USW2-EBSOptimized:c6i.32xlarge
2026-05-01,2026-06-01,False,0.0,USW2-EBSOptimized:c6i.metal
2026-05-01,2026-06-01,False,0.0,USW2-EBSOptimized:c7i.48xlarge
2026-05-01,2026-06-01,False,0.0,USW2-EBSOptimized:c7i.metal-48xl
2026-05-01,2026-06-01,False,0.0,USW2-EBSOptimized:m6i.metal
2026-05-01,2026-06-01,False,0.0,USW2-EBSOptimized:m7i.48xlarge
2026-05-01,2026-06-01,False,0.0,USW2-EBSOptimized:m7i.metal-48xl
2026-05-01,2026-06-01,False,0.0,USW2-EBSOptimized:r6i.2xlarge
2026-05-01,2026-06-01,False,0.0,USW2-EBSOptimized:r6i.32xlarge
2026-05-01,2026-06-01,False,0.0,USW2-EBSOptimized:r6i.metal
2026-05-01,2026-06-01,False,0.0,USW2-EBSOptimized:r7i.2xlarge
2026-05-01,2026-06-01,False,0.0,USW2-EBSOptimized:r7i.48xlarge
2026-05-01,2026-06-01,False,0.0,USW2-EBSOptimized:r7i.metal-48xl
2026-05-01,2026-06-01,False,0.0,USW2-EBSOptimized:t3.small
2026-05-01,2026-06-01,False,0.0,USW2-EC2-free-metering
2026-05-01,2026-06-01,False,0.0,USW2-ECR-free-metering
2026-05-01,2026-06-01,False,0.0,USW2-EU-AWS-In-Bytes
2026-05-01,2026-06-01,False,0.0021572655,USW2-EU-AWS-Out-Bytes
2026-05-01,2026-06-01,False,0.0,USW2-EUC1-AWS-In-Bytes
2026-05-01,2026-06-01,False,0.0228464341,USW2-EUC1-AWS-Out-Bytes
2026-05-01,2026-06-01,False,0.0,USW2-EUN1-AWS-In-Bytes
2026-05-01,2026-06-01,False,0.0019999693,USW2-EUN1-AWS-Out-Bytes
2026-05-01,2026-06-01,False,0.0,USW2-EUS1-AWS-In-Bytes
2026-05-01,2026-06-01,False,0.0,USW2-EUW2-AWS-In-Bytes
2026-05-01,2026-06-01,False,0.0020876843,USW2-EUW2-AWS-Out-Bytes
2026-05-01,2026-06-01,False,0.0,USW2-EUW3-AWS-In-Bytes
2026-05-01,2026-06-01,False,0.0020390701,USW2-EUW3-AWS-Out-Bytes
2026-05-01,2026-06-01,False,63.649208,USW2-EventsAnalyzed
2026-05-01,2026-06-01,False,9.9207593561,USW2-Fargate-GB-Hours
2026-05-01,2026-06-01,False,45.1734914206,USW2-Fargate-vCPU-Hours:perCPU
2026-05-01,2026-06-01,False,0.0,USW2-FreeComplianceCheck
2026-05-01,2026-06-01,False,0.0,USW2-FreeEventsAnalyzed
2026-05-01,2026-06-01,False,0.0,USW2-FreeEventsRecorded
2026-05-01,2026-06-01,False,0.0,USW2-FreeS3DataEventsAnalyzed
2026-05-01,2026-06-01,False,0.0,USW2-IAH1-AWS-In-Bytes
2026-05-01,2026-06-01,False,64.58742917,USW2-InstanceUsage:db.r5.large
2026-05-01,2026-06-01,False,193.44,USW2-InstanceUsage:db.r6g.large
2026-05-01,2026-06-01,False,0.255835992,USW2-InstanceUsage:db.r7g.large
2026-05-01,2026-06-01,False,84.05787,USW2-InstanceUsage:db.r8g.large
2026-05-01,2026-06-01,False,50.714348015,USW2-InstanceUsage:db.t4g.medium
2026-05-01,2026-06-01,False,35.712,USW2-InstanceUsage:db.t4g.micro
2026-05-01,2026-06-01,False,498.415655396,USW2-InstanceUsageIOOptimized:db.r8g.2xl
2026-05-01,2026-06-01,False,498.287811188,USW2-InstanceUsageIOOptimized:db.r8g.xl
2026-05-01,2026-06-01,False,0.0,USW2-IssuePublicCertificateDomain
2026-05-01,2026-06-01,False,0.0029811674,USW2-LCUUsage
2026-05-01,2026-06-01,False,0.0,USW2-Lambda-Code-free-metering
2026-05-01,2026-06-01,False,0.0,USW2-Lambda-GB-Second
2026-05-01,2026-06-01,False,0.0,USW2-Lambda-Standard-free-metering
2026-05-01,2026-06-01,False,5.6475,USW2-LoadBalancerUsage
2026-05-01,2026-06-01,False,26.4148795694,USW2-LogsAnalyzedBytes
2026-05-01,2026-06-01,False,0.0,USW2-MXC1-AWS-In-Bytes
2026-05-01,2026-06-01,False,10.8490272,USW2-MonitoredContainerImage
2026-05-01,2026-06-01,False,47.1579748534,USW2-MonitoredEC2
2026-05-01,2026-06-01,False,1.624896,USW2-MonitoredFunction
2026-05-01,2026-06-01,False,2.415,USW2-MonitoredFunctionCode
2026-05-01,2026-06-01,False,400.5940281164,USW2-NatGateway-Bytes
2026-05-01,2026-06-01,False,167.445,USW2-NatGateway-Hours
2026-05-01,2026-06-01,False,1.971,USW2-PaidComplianceCheck
2026-05-01,2026-06-01,False,0.0879,USW2-PaidEventsAnalyzed
2026-05-01,2026-06-01,False,0.2509396964,USW2-PaidEventsAnalyzed-Bytes
2026-05-01,2026-06-01,False,0.0342754532,USW2-PaidRDSACUMonitored
2026-05-01,2026-06-01,False,9.6236558917,USW2-PaidRDSvCPUMonitored
2026-05-01,2026-06-01,False,3.777095895,USW2-PublicIPv4:IdleAddress
2026-05-01,2026-06-01,False,44.349697255,USW2-PublicIPv4:InUseAddress
2026-05-01,2026-06-01,False,0.0756548005,USW2-RDS:ChargedBackupUsage
2026-05-01,2026-06-01,False,6.8999998896,USW2-RDS:GP2-Storage
2026-05-01,2026-06-01,False,7.4784778239,USW2-RDS:GP3-Storage
2026-05-01,2026-06-01,False,0.0307691875,USW2-ReadRequestUnits
2026-05-01,2026-06-01,False,0.0,USW2-Request
2026-05-01,2026-06-01,False,100.15579,USW2-Requests-Tier1
2026-05-01,2026-06-01,False,15.0081744,USW2-Requests-Tier2
2026-05-01,2026-06-01,False,0.00288,USW2-Requests-Tier8
2026-05-01,2026-06-01,False,0.0,USW2-Resource-Operation-Count
2026-05-01,2026-06-01,False,0.0,USW2-SAE1-AWS-In-Bytes
2026-05-01,2026-06-01,False,0.0020324114,USW2-SAE1-AWS-Out-Bytes
2026-05-01,2026-06-01,False,0.0,USW2-SC-API-Calls
2026-05-01,2026-06-01,False,0.0,USW2-ScheduledInvocation
2026-05-01,2026-06-01,False,0.0,USW2-SecurityHubProduct:FreeFindingsIngestion
2026-05-01,2026-06-01,False,46.5606810893,USW2-SpotUsage:c6i.32xlarge
2026-05-01,2026-06-01,False,75.7823637709,USW2-SpotUsage:c6i.metal
2026-05-01,2026-06-01,False,547.3558285364,USW2-SpotUsage:c7i.48xlarge
2026-05-01,2026-06-01,False,280.1800422225,USW2-SpotUsage:c7i.metal-48xl
2026-05-01,2026-06-01,False,0.529441634,USW2-SpotUsage:m6i.metal
2026-05-01,2026-06-01,False,346.4753413212,USW2-SpotUsage:m7i.48xlarge
2026-05-01,2026-06-01,False,4881.7419697275,USW2-SpotUsage:m7i.metal-48xl
2026-05-01,2026-06-01,False,0.1033944911,USW2-SpotUsage:r6i.2xlarge
2026-05-01,2026-06-01,False,1.15961979,USW2-SpotUsage:r6i.32xlarge
2026-05-01,2026-06-01,False,1.0828157284,USW2-SpotUsage:r6i.metal
2026-05-01,2026-06-01,False,0.124611971,USW2-SpotUsage:r7i.2xlarge
2026-05-01,2026-06-01,False,2062.5926062941,USW2-SpotUsage:r7i.48xlarge
2026-05-01,2026-06-01,False,244.9548081501,USW2-SpotUsage:r7i.metal-48xl
2026-05-01,2026-06-01,False,4675.2773740911,USW2-Storage
2026-05-01,2026-06-01,False,0.00028,USW2-Tables-Requests-Tier1
2026-05-01,2026-06-01,False,0.0005528544,USW2-TagStorage-TagHrs
2026-05-01,2026-06-01,False,1.1564e-06,USW2-TimedPITRStorage-ByteHrs
2026-05-01,2026-06-01,False,3408.7760286786,USW2-TimedStorage-ByteHrs
2026-05-01,2026-06-01,False,0.0,USW2-UGW1-AWS-In-Bytes
2026-05-01,2026-06-01,False,0.0,USW2-USE1-AWS-In-Bytes
2026-05-01,2026-06-01,False,245.7709081434,USW2-USE1-AWS-Out-Bytes
2026-05-01,2026-06-01,False,0.0,USW2-USE2-AWS-In-Bytes
2026-05-01,2026-06-01,False,0.0025906566,USW2-USE2-AWS-Out-Bytes
2026-05-01,2026-06-01,False,0.0,USW2-USW1-AWS-In-Bytes
2026-05-01,2026-06-01,False,0.0160359868,USW2-USW1-AWS-Out-Bytes
2026-05-01,2026-06-01,False,0.00011,USW2-Vectors-Request-Tier1
2026-05-01,2026-06-01,False,9.59431e-05,USW2-VendedLog-Bytes
2026-05-01,2026-06-01,False,0.1750249524,USW2-VpcEndpoint-Bytes
2026-05-01,2026-06-01,False,52.08,USW2-VpcEndpoint-Hours
2026-05-01,2026-06-01,False,0.007296875,USW2-WriteRequestUnits
2026-05-01,2026-06-01,False,2.4e-05,af-south-1-KMS-Requests
2026-05-01,2026-06-01,False,2.4e-05,ap-east-1-KMS-Requests
2026-05-01,2026-06-01,False,5.4e-05,ap-northeast-1-KMS-Requests
2026-05-01,2026-06-01,False,5.4e-05,ap-northeast-2-KMS-Requests
2026-05-01,2026-06-01,False,5.4e-05,ap-northeast-3-KMS-Requests
2026-05-01,2026-06-01,False,0.000156,ap-south-1-KMS-Requests
2026-05-01,2026-06-01,False,2.4e-05,ap-south-2-KMS-Requests
2026-05-01,2026-06-01,False,6e-05,ap-southeast-1-KMS-Requests
2026-05-01,2026-06-01,False,5.4e-05,ap-southeast-2-KMS-Requests
2026-05-01,2026-06-01,False,2.1e-05,ap-southeast-3-KMS-Requests
2026-05-01,2026-06-01,False,5.7e-05,ca-central-1-KMS-Requests
2026-05-01,2026-06-01,False,0.000156,eu-central-1-KMS-Requests
2026-05-01,2026-06-01,False,5.4e-05,eu-north-1-KMS-Requests
2026-05-01,2026-06-01,False,6e-05,eu-west-1-KMS-Requests
2026-05-01,2026-06-01,False,6e-05,eu-west-2-KMS-Requests
2026-05-01,2026-06-01,False,5.4e-05,eu-west-3-KMS-Requests
2026-05-01,2026-06-01,False,6e-05,sa-east-1-KMS-Requests
2026-05-01,2026-06-01,False,0.418010746,us-east-1-KMS-Keys
2026-05-01,2026-06-01,False,0.000549,us-east-1-KMS-Requests
2026-05-01,2026-06-01,False,0.000285,us-east-1-KMS-Requests-Asymmetric
2026-05-01,2026-06-01,False,6e-05,us-east-2-KMS-Requests
2026-05-01,2026-06-01,False,5.4e-05,us-west-1-KMS-Requests
2026-05-01,2026-06-01,False,2.51344082,us-west-2-KMS-Keys
2026-05-01,2026-06-01,False,0.001572,us-west-2-KMS-Requests
2026-06-01,2026-06-19,True,0.00036,AFS1-AWSSecretsManagerAPIRequest
2026-06-01,2026-06-19,True,0.0,AFS1-Catalog-Request
2026-06-01,2026-06-19,True,0.0,AFS1-DataTransfer-Out-Bytes
2026-06-01,2026-06-19,True,0.0,AFS1-EC2-free-metering
2026-06-01,2026-06-19,True,0.0,AFS1-ECR-free-metering
2026-06-01,2026-06-19,True,0.673085,AFS1-EventsAnalyzed
2026-06-01,2026-06-19,True,0.0,AFS1-FreeEventsRecorded
2026-06-01,2026-06-19,True,0.0,AFS1-Lambda-Standard-free-metering
2026-06-01,2026-06-19,True,0.0,AFS1-Requests-Tier1
2026-06-01,2026-06-19,True,0.00024,AFS1-Requests-Tier8
2026-06-01,2026-06-19,True,0.0,AFS1-SC-API-Calls
2026-06-01,2026-06-19,True,0.0,AFS1-SecurityHubProduct:FreeFindingsIngestion
2026-06-01,2026-06-19,True,0.0,AFS1-USW2-AWS-In-Bytes
2026-06-01,2026-06-19,True,1.224e-07,AFS1-USW2-AWS-Out-Bytes
2026-06-01,2026-06-19,True,0.00036,APE1-AWSSecretsManagerAPIRequest
2026-06-01,2026-06-19,True,0.0,APE1-Catalog-Request
2026-06-01,2026-06-19,True,0.0,APE1-DataTransfer-Out-Bytes
2026-06-01,2026-06-19,True,0.0,APE1-EC2-free-metering
2026-06-01,2026-06-19,True,0.0,APE1-ECR-free-metering
2026-06-01,2026-06-19,True,0.7049856,APE1-EventsAnalyzed
2026-06-01,2026-06-19,True,0.0,APE1-FreeEventsRecorded
2026-06-01,2026-06-19,True,0.0,APE1-Lambda-Standard-free-metering
2026-06-01,2026-06-19,True,0.0,APE1-Requests-Tier1
2026-06-01,2026-06-19,True,0.00015,APE1-Requests-Tier8
2026-06-01,2026-06-19,True,0.0,APE1-SC-API-Calls
2026-06-01,2026-06-19,True,0.0,APE1-SecurityHubProduct:FreeFindingsIngestion
2026-06-01,2026-06-19,True,0.0,APE1-USW2-AWS-In-Bytes
2026-06-01,2026-06-19,True,7.56e-08,APE1-USW2-AWS-Out-Bytes
2026-06-01,2026-06-19,True,0.0007,APN1-AWSSecretsManagerAPIRequest
2026-06-01,2026-06-19,True,0.0,APN1-Catalog-Request
2026-06-01,2026-06-19,True,0.0,APN1-DataTransfer-Out-Bytes
2026-06-01,2026-06-19,True,0.0,APN1-EC2-free-metering
2026-06-01,2026-06-19,True,0.0,APN1-ECR-free-metering
2026-06-01,2026-06-19,True,0.581268,APN1-EventsAnalyzed
2026-06-01,2026-06-19,True,0.0,APN1-FreeEventsRecorded
2026-06-01,2026-06-19,True,0.0,APN1-Lambda-Code-free-metering
2026-06-01,2026-06-19,True,0.0,APN1-Lambda-Standard-free-metering
2026-06-01,2026-06-19,True,0.07,APN1-PaidComplianceCheck
2026-06-01,2026-06-19,True,0.00276592,APN1-PaidEventsAnalyzed
2026-06-01,2026-06-19,True,0.0001645,APN1-Requests-Tier1
2026-06-01,2026-06-19,True,0.0,APN1-SC-API-Calls
2026-06-01,2026-06-19,True,0.0,APN1-SecurityHubProduct:FreeFindingsIngestion
2026-06-01,2026-06-19,True,0.0,APN1-USW2-AWS-In-Bytes
2026-06-01,2026-06-19,True,2.94e-07,APN1-USW2-AWS-Out-Bytes
2026-06-01,2026-06-19,True,0.0007,APN2-AWSSecretsManagerAPIRequest
2026-06-01,2026-06-19,True,0.0,APN2-Catalog-Request
2026-06-01,2026-06-19,True,0.0,APN2-DataTransfer-Out-Bytes
2026-06-01,2026-06-19,True,0.0,APN2-EC2-free-metering
2026-06-01,2026-06-19,True,0.0,APN2-ECR-free-metering
2026-06-01,2026-06-19,True,0.5665452,APN2-EventsAnalyzed
2026-06-01,2026-06-19,True,0.0,APN2-FreeEventsRecorded
2026-06-01,2026-06-19,True,0.0,APN2-Lambda-Standard-free-metering
2026-06-01,2026-06-19,True,0.07,APN2-PaidComplianceCheck
2026-06-01,2026-06-19,True,0.0027002,APN2-PaidEventsAnalyzed
2026-06-01,2026-06-19,True,0.0,APN2-Requests-Tier1
2026-06-01,2026-06-19,True,0.0003,APN2-Requests-Tier8
2026-06-01,2026-06-19,True,0.0,APN2-SC-API-Calls
2026-06-01,2026-06-19,True,0.0,APN2-SecurityHubProduct:FreeFindingsIngestion
2026-06-01,2026-06-19,True,0.0,APN2-USW2-AWS-In-Bytes
2026-06-01,2026-06-19,True,2.59e-07,APN2-USW2-AWS-Out-Bytes
2026-06-01,2026-06-19,True,0.0007,APN3-AWSSecretsManagerAPIRequest
2026-06-01,2026-06-19,True,0.0,APN3-Catalog-Request
2026-06-01,2026-06-19,True,0.0,APN3-DataTransfer-Out-Bytes
2026-06-01,2026-06-19,True,0.0,APN3-EC2-free-metering
2026-06-01,2026-06-19,True,0.0,APN3-ECR-free-metering
2026-06-01,2026-06-19,True,0.6146,APN3-EventsAnalyzed
2026-06-01,2026-06-19,True,0.0,APN3-FreeEventsRecorded
2026-06-01,2026-06-19,True,0.0,APN3-Lambda-Standard-free-metering
2026-06-01,2026-06-19,True,0.07,APN3-PaidComplianceCheck
2026-06-01,2026-06-19,True,0.002895,APN3-PaidEventsAnalyzed
2026-06-01,2026-06-19,True,0.0,APN3-Requests-Tier1
2026-06-01,2026-06-19,True,0.00027,APN3-Requests-Tier8
2026-06-01,2026-06-19,True,0.0,APN3-SC-API-Calls
2026-06-01,2026-06-19,True,0.0,APN3-SecurityHubProduct:FreeFindingsIngestion
2026-06-01,2026-06-19,True,0.0,APN3-USW2-AWS-In-Bytes
2026-06-01,2026-06-19,True,2.94e-07,APN3-USW2-AWS-Out-Bytes
2026-06-01,2026-06-19,True,0.0007,APS1-AWSSecretsManagerAPIRequest
2026-06-01,2026-06-19,True,0.0,APS1-Catalog-Request
2026-06-01,2026-06-19,True,0.0,APS1-DataTransfer-Out-Bytes
2026-06-01,2026-06-19,True,0.0,APS1-EC2-free-metering
2026-06-01,2026-06-19,True,0.0,APS1-ECR-free-metering
2026-06-01,2026-06-19,True,0.5664762,APS1-EventsAnalyzed
2026-06-01,2026-06-19,True,0.0,APS1-FreeEventsRecorded
2026-06-01,2026-06-19,True,0.0,APS1-Lambda-Code-free-metering
2026-06-01,2026-06-19,True,0.0,APS1-Lambda-Standard-free-metering
2026-06-01,2026-06-19,True,0.07,APS1-PaidComplianceCheck
2026-06-01,2026-06-19,True,0.0027094,APS1-PaidEventsAnalyzed
2026-06-01,2026-06-19,True,0.0,APS1-Requests-Tier1
2026-06-01,2026-06-19,True,0.00012,APS1-Requests-Tier8
2026-06-01,2026-06-19,True,0.0,APS1-SC-API-Calls
2026-06-01,2026-06-19,True,0.0,APS1-SecurityHubProduct:FreeFindingsIngestion
2026-06-01,2026-06-19,True,0.0,APS1-USW2-AWS-In-Bytes
2026-06-01,2026-06-19,True,2.94e-07,APS1-USW2-AWS-Out-Bytes
2026-06-01,2026-06-19,True,0.0007,APS2-AWSSecretsManagerAPIRequest
2026-06-01,2026-06-19,True,0.0,APS2-Catalog-Request
2026-06-01,2026-06-19,True,0.0,APS2-DataTransfer-Out-Bytes
2026-06-01,2026-06-19,True,0.0,APS2-EC2-free-metering
2026-06-01,2026-06-19,True,0.0,APS2-ECR-free-metering
2026-06-01,2026-06-19,True,0.5664808,APS2-EventsAnalyzed
2026-06-01,2026-06-19,True,0.0,APS2-FreeEventsRecorded
2026-06-01,2026-06-19,True,0.0,APS2-Lambda-Code-free-metering
2026-06-01,2026-06-19,True,0.0,APS2-Lambda-Standard-free-metering
2026-06-01,2026-06-19,True,0.071,APS2-PaidComplianceCheck
2026-06-01,2026-06-19,True,0.0027186,APS2-PaidEventsAnalyzed
2026-06-01,2026-06-19,True,0.0,APS2-Requests-Tier1
2026-06-01,2026-06-19,True,0.00027,APS2-Requests-Tier8
2026-06-01,2026-06-19,True,0.0,APS2-SC-API-Calls
2026-06-01,2026-06-19,True,0.0,APS2-SecurityHubProduct:FreeFindingsIngestion
2026-06-01,2026-06-19,True,0.0,APS2-USW2-AWS-In-Bytes
2026-06-01,2026-06-19,True,3.15e-07,APS2-USW2-AWS-Out-Bytes
2026-06-01,2026-06-19,True,0.0,APS3-AFS1-AWS-In-Bytes
2026-06-01,2026-06-19,True,0.0,APS3-APE1-AWS-In-Bytes
2026-06-01,2026-06-19,True,0.0,APS3-APE2-AWS-In-Bytes
2026-06-01,2026-06-19,True,0.0,APS3-APN1-AWS-In-Bytes
2026-06-01,2026-06-19,True,0.0,APS3-APN2-AWS-In-Bytes
2026-06-01,2026-06-19,True,0.0,APS3-APS1-AWS-In-Bytes
2026-06-01,2026-06-19,True,0.0,APS3-APS2-AWS-In-Bytes
2026-06-01,2026-06-19,True,0.0,APS3-APS9-AWS-In-Bytes
2026-06-01,2026-06-19,True,0.0007,APS3-AWSSecretsManagerAPIRequest
2026-06-01,2026-06-19,True,0.0,APS3-CAN1-AWS-In-Bytes
2026-06-01,2026-06-19,True,0.0,APS3-CW:Requests
2026-06-01,2026-06-19,True,0.0,APS3-Catalog-Request
2026-06-01,2026-06-19,True,0.0,APS3-CloudFront-In-Bytes
2026-06-01,2026-06-19,True,0.0,APS3-CloudFront-Out-Bytes
2026-06-01,2026-06-19,True,0.0,APS3-DataTransfer-In-Bytes
2026-06-01,2026-06-19,True,0.0,APS3-DataTransfer-Out-Bytes
2026-06-01,2026-06-19,True,5.741e-07,APS3-DataTransfer-Regional-Bytes
2026-06-01,2026-06-19,True,1.3648006181,APS3-EBS:SnapshotUsage
2026-06-01,2026-06-19,True,0.0,APS3-EC2-free-metering
2026-06-01,2026-06-19,True,0.0,APS3-ECR-free-metering
2026-06-01,2026-06-19,True,0.0,APS3-EU-AWS-In-Bytes
2026-06-01,2026-06-19,True,0.0,APS3-EUC1-AWS-In-Bytes
2026-06-01,2026-06-19,True,0.0,APS3-EUN1-AWS-In-Bytes
2026-06-01,2026-06-19,True,0.0,APS3-EUS1-AWS-In-Bytes
2026-06-01,2026-06-19,True,0.0,APS3-EUW2-AWS-In-Bytes
2026-06-01,2026-06-19,True,0.0,APS3-EUW3-AWS-In-Bytes
2026-06-01,2026-06-19,True,1.6954344,APS3-EventsAnalyzed
2026-06-01,2026-06-19,True,0.0,APS3-FreeEventsRecorded
2026-06-01,2026-06-19,True,0.0,APS3-Lambda-Standard-free-metering
2026-06-01,2026-06-19,True,0.00031581,APS3-LogsAnalyzedBytes
2026-06-01,2026-06-19,True,0.0,APS3-NYC1-AWS-In-Bytes
2026-06-01,2026-06-19,True,9.2706e-06,APS3-NatGateway-Bytes
2026-06-01,2026-06-19,True,47.264,APS3-NatGateway-Hours
2026-06-01,2026-06-19,True,0.07,APS3-PaidComplianceCheck
2026-06-01,2026-06-19,True,0.0025784,APS3-PaidEventsAnalyzed
2026-06-01,2026-06-19,True,4.22,APS3-PublicIPv4:InUseAddress
2026-06-01,2026-06-19,True,0.001065,APS3-Requests-Tier1
2026-06-01,2026-06-19,True,0.110374,APS3-Requests-Tier2
2026-06-01,2026-06-19,True,0.00027,APS3-Requests-Tier8
2026-06-01,2026-06-19,True,0.0,APS3-SAE1-AWS-In-Bytes
2026-06-01,2026-06-19,True,0.0,APS3-SC-API-Calls
2026-06-01,2026-06-19,True,0.0,APS3-SecurityHubProduct:FreeFindingsIngestion
2026-06-01,2026-06-19,True,1.099727564,APS3-TimedStorage-ByteHrs
2026-06-01,2026-06-19,True,0.0,APS3-USE1-AWS-In-Bytes
2026-06-01,2026-06-19,True,0.009037916,APS3-USE1-AWS-Out-Bytes
2026-06-01,2026-06-19,True,0.0,APS3-USE2-AWS-In-Bytes
2026-06-01,2026-06-19,True,0.0,APS3-USW1-AWS-In-Bytes
2026-06-01,2026-06-19,True,0.0,APS3-USW2-AWS-In-Bytes
2026-06-01,2026-06-19,True,0.002137703,APS3-USW2-AWS-Out-Bytes
2026-06-01,2026-06-19,True,0.00036,APS4-AWSSecretsManagerAPIRequest
2026-06-01,2026-06-19,True,0.0,APS4-Catalog-Request
2026-06-01,2026-06-19,True,0.0,APS4-DataTransfer-Out-Bytes
2026-06-01,2026-06-19,True,0.0,APS4-EC2-free-metering
2026-06-01,2026-06-19,True,0.0,APS4-ECR-free-metering
2026-06-01,2026-06-19,True,0.6118322,APS4-EventsAnalyzed
2026-06-01,2026-06-19,True,0.0,APS4-FreeEventsRecorded
2026-06-01,2026-06-19,True,0.0,APS4-Lambda-Standard-free-metering
2026-06-01,2026-06-19,True,0.0,APS4-Requests-Tier1
2026-06-01,2026-06-19,True,0.00024,APS4-Requests-Tier8
2026-06-01,2026-06-19,True,0.0,APS4-SC-API-Calls
2026-06-01,2026-06-19,True,0.0,APS4-SecurityHubProduct:FreeFindingsIngestion
2026-06-01,2026-06-19,True,0.0,APS4-USW2-AWS-In-Bytes
2026-06-01,2026-06-19,True,3.42e-08,APS4-USW2-AWS-Out-Bytes
2026-06-01,2026-06-19,True,0.00035,APS5-AWSSecretsManagerAPIRequest
2026-06-01,2026-06-19,True,0.0,APS5-Catalog-Request
2026-06-01,2026-06-19,True,0.0,APS5-DataTransfer-Out-Bytes
2026-06-01,2026-06-19,True,0.0,APS5-EC2-free-metering
2026-06-01,2026-06-19,True,0.0,APS5-ECR-free-metering
2026-06-01,2026-06-19,True,0.55385,APS5-EventsAnalyzed
2026-06-01,2026-06-19,True,0.0,APS5-FreeEventsRecorded
2026-06-01,2026-06-19,True,0.0,APS5-Lambda-Standard-free-metering
2026-06-01,2026-06-19,True,0.0,APS5-Requests-Tier1
2026-06-01,2026-06-19,True,0.00027,APS5-Requests-Tier8
2026-06-01,2026-06-19,True,0.0,APS5-SC-API-Calls
2026-06-01,2026-06-19,True,0.0,APS5-SecurityHubProduct:FreeFindingsIngestion
2026-06-01,2026-06-19,True,0.0,APS5-USW2-AWS-In-Bytes
2026-06-01,2026-06-19,True,2.88e-08,APS5-USW2-AWS-Out-Bytes
2026-06-01,2026-06-19,True,0.0191630687,Aurora:BackupUsage
2026-06-01,2026-06-19,True,4.0094566,Aurora:StorageIOUsage
2026-06-01,2026-06-19,True,0.0658151491,Aurora:StorageUsage
2026-06-01,2026-06-19,True,581.7456782592,BoxUsage:t3.2xlarge
2026-06-01,2026-06-19,True,4.3711662176,BoxUsage:t3.micro
2026-06-01,2026-06-19,True,1.898,BoxUsage:t3.nano
2026-06-01,2026-06-19,True,90.5615218112,BoxUsage:t3a.2xlarge
2026-06-01,2026-06-19,True,0.0,CA-DataTransfer-Out-Bytes
2026-06-01,2026-06-19,True,0.0,CA-Requests-Tier1
2026-06-01,2026-06-19,True,0.0,CA-Requests-Tier2-HTTPS
2026-06-01,2026-06-19,True,0.0007,CAN1-AWSSecretsManagerAPIRequest
2026-06-01,2026-06-19,True,0.0,CAN1-Catalog-Request
2026-06-01,2026-06-19,True,1.84e-07,CAN1-DataTransfer-Out-Bytes
2026-06-01,2026-06-19,True,0.0,CAN1-EC2-free-metering
2026-06-01,2026-06-19,True,0.0,CAN1-ECR-free-metering
2026-06-01,2026-06-19,True,0.566007,CAN1-EventsAnalyzed
2026-06-01,2026-06-19,True,0.0,CAN1-FreeEventsRecorded
2026-06-01,2026-06-19,True,0.0,CAN1-Lambda-Standard-free-metering
2026-06-01,2026-06-19,True,0.07,CAN1-PaidComplianceCheck
2026-06-01,2026-06-19,True,0.0026956,CAN1-PaidEventsAnalyzed
2026-06-01,2026-06-19,True,0.0,CAN1-Requests-Tier1
2026-06-01,2026-06-19,True,0.0,CAN1-SC-API-Calls
2026-06-01,2026-06-19,True,0.0,CAN1-SecurityHubProduct:FreeFindingsIngestion
2026-06-01,2026-06-19,True,0.0,CAN1-USW2-AWS-In-Bytes
2026-06-01,2026-06-19,True,7e-08,CAN1-USW2-AWS-Out-Bytes
2026-06-01,2026-06-19,True,0.0,CW:Requests
2026-06-01,2026-06-19,True,0.2373672,DNS-Queries
2026-06-01,2026-06-19,True,0.0,DashboardsUsageHour-Basic
2026-06-01,2026-06-19,True,0.0,DataTransfer-In-Bytes
2026-06-01,2026-06-19,True,0.0969597393,DataTransfer-Out-Bytes
2026-06-01,2026-06-19,True,1.4206762356,DataTransfer-Regional-Bytes
2026-06-01,2026-06-19,True,614.906181015,Dollar
2026-06-01,2026-06-19,True,0.0005555556,EBS:SnapshotUsage
2026-06-01,2026-06-19,True,76.7048769786,EBS:VolumeUsage.gp3
2026-06-01,2026-06-19,True,0.0,EBSOptimized:t3.micro
2026-06-01,2026-06-19,True,0.0007,EU-AWSSecretsManager-APIRequests
2026-06-01,2026-06-19,True,0.0,EU-Catalog-Request
2026-06-01,2026-06-19,True,1.84e-07,EU-DataTransfer-Out-Bytes
2026-06-01,2026-06-19,True,3.4e-09,EU-DataTransfer-Out-OBytes
2026-06-01,2026-06-19,True,0.0,EU-EC2-free-metering
2026-06-01,2026-06-19,True,0.0,EU-ECR-free-metering
2026-06-01,2026-06-19,True,0.5417984,EU-EventsAnalyzed
2026-06-01,2026-06-19,True,0.0,EU-FreeEventsRecorded
2026-06-01,2026-06-19,True,0.0,EU-Lambda-Code-free-metering
2026-06-01,2026-06-19,True,0.0,EU-Lambda-Standard-free-metering
2026-06-01,2026-06-19,True,0.07,EU-PaidComplianceCheck
2026-06-01,2026-06-19,True,0.0025784,EU-PaidEventsAnalyzed
2026-06-01,2026-06-19,True,0.0,EU-Requests-HTTP-Proxy
2026-06-01,2026-06-19,True,0.0,EU-Requests-HTTPS-Proxy
2026-06-01,2026-06-19,True,0.00018,EU-Requests-Tier1
2026-06-01,2026-06-19,True,0.0,EU-Requests-Tier2-HTTPS
2026-06-01,2026-06-19,True,0.0,EU-SC-API-Calls
2026-06-01,2026-06-19,True,0.0,EU-SecurityHubProduct:FreeFindingsIngestion
2026-06-01,2026-06-19,True,0.0,EU-USW2-AWS-In-Bytes
2026-06-01,2026-06-19,True,7e-08,EU-USW2-AWS-Out-Bytes
2026-06-01,2026-06-19,True,0.0,EUC1-APE1-AWS-In-Bytes
2026-06-01,2026-06-19,True,0.0,EUC1-APE2-AWS-In-Bytes
2026-06-01,2026-06-19,True,0.0,EUC1-APN1-AWS-In-Bytes
2026-06-01,2026-06-19,True,0.0,EUC1-APN2-AWS-In-Bytes
2026-06-01,2026-06-19,True,0.0,EUC1-APS1-AWS-In-Bytes
2026-06-01,2026-06-19,True,0.0,EUC1-APS2-AWS-In-Bytes
2026-06-01,2026-06-19,True,0.0,EUC1-APS3-AWS-In-Bytes
2026-06-01,2026-06-19,True,0.0,EUC1-APS5-AWS-In-Bytes
2026-06-01,2026-06-19,True,0.0,EUC1-APS8-AWS-In-Bytes
2026-06-01,2026-06-19,True,0.0,EUC1-APS9-AWS-In-Bytes
2026-06-01,2026-06-19,True,0.0007,EUC1-AWSSecretsManagerAPIRequest
2026-06-01,2026-06-19,True,0.0,EUC1-CAN1-AWS-In-Bytes
2026-06-01,2026-06-19,True,0.0,EUC1-CW:Requests
2026-06-01,2026-06-19,True,0.0,EUC1-Catalog-Request
2026-06-01,2026-06-19,True,0.0,EUC1-CloudFront-In-Bytes
2026-06-01,2026-06-19,True,0.0,EUC1-CloudFront-Out-Bytes
2026-06-01,2026-06-19,True,0.0,EUC1-DataTransfer-In-Bytes
2026-06-01,2026-06-19,True,7.8882e-06,EUC1-DataTransfer-Out-Bytes
2026-06-01,2026-06-19,True,1.96e-07,EUC1-DataTransfer-Regional-Bytes
2026-06-01,2026-06-19,True,0.0,EUC1-EC2-free-metering
2026-06-01,2026-06-19,True,0.0,EUC1-ECR-free-metering
2026-06-01,2026-06-19,True,0.0,EUC1-EU-AWS-In-Bytes
2026-06-01,2026-06-19,True,0.0,EUC1-EUN1-AWS-In-Bytes
2026-06-01,2026-06-19,True,0.0,EUC1-EUW2-AWS-In-Bytes
2026-06-01,2026-06-19,True,0.0,EUC1-EUW3-AWS-In-Bytes
2026-06-01,2026-06-19,True,1.7554612,EUC1-EventsAnalyzed
2026-06-01,2026-06-19,True,0.0,EUC1-FreeEventsRecorded
2026-06-01,2026-06-19,True,0.0,EUC1-Lambda-Code-free-metering
2026-06-01,2026-06-19,True,0.0,EUC1-Lambda-Standard-free-metering
2026-06-01,2026-06-19,True,0.00054516,EUC1-LogsAnalyzedBytes
2026-06-01,2026-06-19,True,0.0,EUC1-MXC1-AWS-In-Bytes
2026-06-01,2026-06-19,True,5.6826e-06,EUC1-NatGateway-Bytes
2026-06-01,2026-06-19,True,43.888,EUC1-NatGateway-Hours
2026-06-01,2026-06-19,True,0.07,EUC1-PaidComplianceCheck
2026-06-01,2026-06-19,True,0.0026634,EUC1-PaidEventsAnalyzed
2026-06-01,2026-06-19,True,4.22,EUC1-PublicIPv4:InUseAddress
2026-06-01,2026-06-19,True,0.0016524,EUC1-Requests-Tier1
2026-06-01,2026-06-19,True,0.11864302,EUC1-Requests-Tier2
2026-06-01,2026-06-19,True,0.0,EUC1-SAE1-AWS-In-Bytes
2026-06-01,2026-06-19,True,0.0,EUC1-SC-API-Calls
2026-06-01,2026-06-19,True,0.0,EUC1-SecurityHubProduct:FreeFindingsIngestion
2026-06-01,2026-06-19,True,1.2134e-06,EUC1-TagStorage-TagHrs
2026-06-01,2026-06-19,True,2.879761424,EUC1-TimedStorage-ByteHrs
2026-06-01,2026-06-19,True,0.0,EUC1-USE1-AWS-In-Bytes
2026-06-01,2026-06-19,True,0.0021189581,EUC1-USE1-AWS-Out-Bytes
2026-06-01,2026-06-19,True,0.0,EUC1-USE2-AWS-In-Bytes
2026-06-01,2026-06-19,True,7e-10,EUC1-USE2-AWS-Out-Bytes
2026-06-01,2026-06-19,True,0.0,EUC1-USW1-AWS-In-Bytes
2026-06-01,2026-06-19,True,0.0,EUC1-USW2-AWS-In-Bytes
2026-06-01,2026-06-19,True,0.0005001849,EUC1-USW2-AWS-Out-Bytes
2026-06-01,2026-06-19,True,0.0007,EUN1-AWSSecretsManagerAPIRequest
2026-06-01,2026-06-19,True,0.0,EUN1-Catalog-Request
2026-06-01,2026-06-19,True,1.84e-07,EUN1-DataTransfer-Out-Bytes
2026-06-01,2026-06-19,True,0.0,EUN1-EC2-free-metering
2026-06-01,2026-06-19,True,0.0,EUN1-ECR-free-metering
2026-06-01,2026-06-19,True,0.5166168,EUN1-EventsAnalyzed
2026-06-01,2026-06-19,True,0.0,EUN1-FreeEventsRecorded
2026-06-01,2026-06-19,True,0.0,EUN1-Lambda-Code-free-metering
2026-06-01,2026-06-19,True,0.0,EUN1-Lambda-Standard-free-metering
2026-06-01,2026-06-19,True,0.07,EUN1-PaidComplianceCheck
2026-06-01,2026-06-19,True,0.0021462,EUN1-PaidEventsAnalyzed
2026-06-01,2026-06-19,True,0.000175,EUN1-Requests-Tier1
2026-06-01,2026-06-19,True,0.00021,EUN1-Requests-Tier8
2026-06-01,2026-06-19,True,0.0,EUN1-SC-API-Calls
2026-06-01,2026-06-19,True,0.0,EUN1-SecurityHubProduct:FreeFindingsIngestion
2026-06-01,2026-06-19,True,0.0,EUN1-USW2-AWS-In-Bytes
2026-06-01,2026-06-19,True,7e-08,EUN1-USW2-AWS-Out-Bytes
2026-06-01,2026-06-19,True,0.0007,EUW2-AWSSecretsManagerAPIRequest
2026-06-01,2026-06-19,True,0.0,EUW2-Catalog-Request
2026-06-01,2026-06-19,True,1.84e-07,EUW2-DataTransfer-Out-Bytes
2026-06-01,2026-06-19,True,0.0,EUW2-EC2-free-metering
2026-06-01,2026-06-19,True,0.0,EUW2-ECR-free-metering
2026-06-01,2026-06-19,True,0.5418028,EUW2-EventsAnalyzed
2026-06-01,2026-06-19,True,0.0,EUW2-FreeEventsRecorded
2026-06-01,2026-06-19,True,0.0,EUW2-Lambda-Code-free-metering
2026-06-01,2026-06-19,True,0.0,EUW2-Lambda-Standard-free-metering
2026-06-01,2026-06-19,True,0.07,EUW2-PaidComplianceCheck
2026-06-01,2026-06-19,True,0.0025828,EUW2-PaidEventsAnalyzed
2026-06-01,2026-06-19,True,0.0,EUW2-Requests-Tier1
2026-06-01,2026-06-19,True,0.00024,EUW2-Requests-Tier8
2026-06-01,2026-06-19,True,0.0,EUW2-SC-API-Calls
2026-06-01,2026-06-19,True,0.0,EUW2-SecurityHubProduct:FreeFindingsIngestion
2026-06-01,2026-06-19,True,0.0,EUW2-USW2-AWS-In-Bytes
2026-06-01,2026-06-19,True,7e-08,EUW2-USW2-AWS-Out-Bytes
2026-06-01,2026-06-19,True,0.0007,EUW3-AWSSecretsManagerAPIRequest
2026-06-01,2026-06-19,True,0.0,EUW3-Catalog-Request
2026-06-01,2026-06-19,True,1.84e-07,EUW3-DataTransfer-Out-Bytes
2026-06-01,2026-06-19,True,0.0,EUW3-EC2-free-metering
2026-06-01,2026-06-19,True,0.0,EUW3-ECR-free-metering
2026-06-01,2026-06-19,True,0.54175,EUW3-EventsAnalyzed
2026-06-01,2026-06-19,True,0.0,EUW3-FreeEventsRecorded
2026-06-01,2026-06-19,True,0.0,EUW3-Lambda-Standard-free-metering
2026-06-01,2026-06-19,True,0.07,EUW3-PaidComplianceCheck
2026-06-01,2026-06-19,True,0.0025916,EUW3-PaidEventsAnalyzed
2026-06-01,2026-06-19,True,0.0,EUW3-Requests-Tier1
2026-06-01,2026-06-19,True,0.00027,EUW3-Requests-Tier8
2026-06-01,2026-06-19,True,0.0,EUW3-SC-API-Calls
2026-06-01,2026-06-19,True,0.0,EUW3-SecurityHubProduct:FreeFindingsIngestion
2026-06-01,2026-06-19,True,0.0,EUW3-USW2-AWS-In-Bytes
2026-06-01,2026-06-19,True,7e-08,EUW3-USW2-AWS-Out-Bytes
2026-06-01,2026-06-19,True,0.0,Executions-CloudFrontFunctions
2026-06-01,2026-06-19,True,0.0,Global-Bucket-Hrs-FreeTier
2026-06-01,2026-06-19,True,1.45811664,Global-MonitoredIAMRole
2026-06-01,2026-06-19,True,0.27702216,Global-MonitoredIAMUser
2026-06-01,2026-06-19,True,1.1722222316,Global-RuleV2
2026-06-01,2026-06-19,True,2.930555579,Global-WebACLV2
2026-06-01,2026-06-19,True,12.9,HostedZone
2026-06-01,2026-06-19,True,366.85,InstanceUsage:db.r5.large
2026-06-01,2026-06-19,True,109.72,InstanceUsage:db.r6g.large
2026-06-01,2026-06-19,True,0.160759944,InstanceUsage:db.t3.medium
2026-06-01,2026-06-19,True,58.163,InstanceUsage:db.t4g.medium
2026-06-01,2026-06-19,True,0.0,Intra-AWS-DNS-Queries
2026-06-01,2026-06-19,True,0.0,Invalidations
2026-06-01,2026-06-19,True,9.495,LoadBalancerUsage
2026-06-01,2026-06-19,True,5.747e-07,NatGateway-Bytes
2026-06-01,2026-06-19,True,13.68,NatGateway-Hours
2026-06-01,2026-06-19,True,0.0597262506,RDS:ChargedBackupUsage
2026-06-01,2026-06-19,True,0.0356624229,RDS:GP2-Storage
2026-06-01,2026-06-19,True,1.3480555368,RDS:GP3-Storage
2026-06-01,2026-06-19,True,0.0,Requests-RBP
2026-06-01,2026-06-19,True,0.41643,Requests-Tier1
2026-06-01,2026-06-19,True,0.37589,Requests-Tier2
2026-06-01,2026-06-19,True,6e-05,Requests-Tier8
2026-06-01,2026-06-19,True,0.0007,SAE1-AWSSecretsManagerAPIRequest
2026-06-01,2026-06-19,True,0.0,SAE1-Catalog-Request
2026-06-01,2026-06-19,True,0.0,SAE1-DataTransfer-Out-Bytes
2026-06-01,2026-06-19,True,0.0,SAE1-EC2-free-metering
2026-06-01,2026-06-19,True,0.0,SAE1-ECR-free-metering
2026-06-01,2026-06-19,True,0.86135,SAE1-EventsAnalyzed
2026-06-01,2026-06-19,True,0.0,SAE1-FreeEventsRecorded
2026-06-01,2026-06-19,True,0.0,SAE1-Lambda-Standard-free-metering
2026-06-01,2026-06-19,True,0.07,SAE1-PaidComplianceCheck
2026-06-01,2026-06-19,True,0.004123,SAE1-PaidEventsAnalyzed
2026-06-01,2026-06-19,True,0.0,SAE1-Requests-Tier1
2026-06-01,2026-06-19,True,0.0,SAE1-SC-API-Calls
2026-06-01,2026-06-19,True,0.0,SAE1-SecurityHubProduct:FreeFindingsIngestion
2026-06-01,2026-06-19,True,0.0,SAE1-USW2-AWS-In-Bytes
2026-06-01,2026-06-19,True,4.55e-07,SAE1-USW2-AWS-Out-Bytes
2026-06-01,2026-06-19,True,2.8523575359,TimedStorage-ByteHrs
2026-06-01,2026-06-19,True,0.0,US-DataTransfer-Out-Bytes
2026-06-01,2026-06-19,True,0.0,US-Requests-HTTPS-Proxy
2026-06-01,2026-06-19,True,0.0,US-Requests-Tier1
2026-06-01,2026-06-19,True,0.0,US-Requests-Tier2-HTTPS
2026-06-01,2026-06-19,True,1.302e-07,USE1-AFS1-AWS-Out-Bytes
2026-06-01,2026-06-19,True,0.0,USE1-APE1-AWS-In-Bytes
2026-06-01,2026-06-19,True,1.298e-07,USE1-APE1-AWS-Out-Bytes
2026-06-01,2026-06-19,True,242.82,USE1-APIRequest
2026-06-01,2026-06-19,True,0.0,USE1-APN1-AWS-In-Bytes
2026-06-01,2026-06-19,True,2.88e-08,USE1-APN1-AWS-Out-Bytes
2026-06-01,2026-06-19,True,0.0,USE1-APN2-AWS-In-Bytes
2026-06-01,2026-06-19,True,2.72e-08,USE1-APN2-AWS-Out-Bytes
2026-06-01,2026-06-19,True,0.0,USE1-APS1-AWS-In-Bytes
2026-06-01,2026-06-19,True,2.72e-08,USE1-APS1-AWS-Out-Bytes
2026-06-01,2026-06-19,True,0.0,USE1-APS2-AWS-In-Bytes
2026-06-01,2026-06-19,True,2.88e-08,USE1-APS2-AWS-Out-Bytes
2026-06-01,2026-06-19,True,0.0,USE1-APS3-AWS-In-Bytes
2026-06-01,2026-06-19,True,0.0104637764,USE1-APS3-AWS-Out-Bytes
2026-06-01,2026-06-19,True,1.262e-07,USE1-APS4-AWS-Out-Bytes
2026-06-01,2026-06-19,True,1.229e-07,USE1-APS5-AWS-Out-Bytes
2026-06-01,2026-06-19,True,1.5286469926,USE1-AWSSecretsManager-Secrets
2026-06-01,2026-06-19,True,0.013285,USE1-AWSSecretsManagerAPIRequest
2026-06-01,2026-06-19,True,0.0,USE1-CAN1-AWS-In-Bytes
2026-06-01,2026-06-19,True,2.88e-08,USE1-CAN1-AWS-Out-Bytes
2026-06-01,2026-06-19,True,0.0,USE1-CUPM2MAppClientsFull
2026-06-01,2026-06-19,True,0.0,USE1-Catalog-Request
2026-06-01,2026-06-19,True,0.0,USE1-CloudFront-In-Bytes
2026-06-01,2026-06-19,True,0.0,USE1-CloudFront-Out-Bytes
2026-06-01,2026-06-19,True,0.0,USE1-CognitoEssentialsMAU
2026-06-01,2026-06-19,True,1.7172646666,USE1-CostDataStorage
2026-06-01,2026-06-19,True,0.0,USE1-EC2-free-metering
2026-06-01,2026-06-19,True,0.0,USE1-ECR-free-metering
2026-06-01,2026-06-19,True,0.0,USE1-EU-AWS-In-Bytes
2026-06-01,2026-06-19,True,7.8636e-06,USE1-EU-AWS-Out-Bytes
2026-06-01,2026-06-19,True,0.0,USE1-EUC1-AWS-In-Bytes
2026-06-01,2026-06-19,True,0.0107083747,USE1-EUC1-AWS-Out-Bytes
2026-06-01,2026-06-19,True,0.0,USE1-EUN1-AWS-In-Bytes
2026-06-01,2026-06-19,True,2.88e-08,USE1-EUN1-AWS-Out-Bytes
2026-06-01,2026-06-19,True,0.0,USE1-EUS1-AWS-In-Bytes
2026-06-01,2026-06-19,True,0.0,USE1-EUW2-AWS-In-Bytes
2026-06-01,2026-06-19,True,2.72e-08,USE1-EUW2-AWS-Out-Bytes
2026-06-01,2026-06-19,True,0.0,USE1-EUW3-AWS-In-Bytes
2026-06-01,2026-06-19,True,2.72e-08,USE1-EUW3-AWS-Out-Bytes
2026-06-01,2026-06-19,True,4.840472,USE1-EventsAnalyzed
2026-06-01,2026-06-19,True,0.0,USE1-FreeEventsRecorded
2026-06-01,2026-06-19,True,0.0,USE1-Lambda-Code-free-metering
2026-06-01,2026-06-19,True,0.0,USE1-Lambda-Standard-free-metering
2026-06-01,2026-06-19,True,0.3703073154,USE1-LogsAnalyzedBytes
2026-06-01,2026-06-19,True,9.6266016,USE1-MonitoredContainerImage
2026-06-01,2026-06-19,True,14.8116341425,USE1-MonitoredEC2
2026-06-01,2026-06-19,True,0.0,USE1-OtherProduct:PaidFindingsIngestion
2026-06-01,2026-06-19,True,0.07,USE1-PaidComplianceCheck
2026-06-01,2026-06-19,True,0.0027,USE1-PaidEventsAnalyzed
2026-06-01,2026-06-19,True,6.872222236,USE1-PaidRDSvCPUMonitored
2026-06-01,2026-06-19,True,0.005168115,USE1-PublicIPv4:IdleAddress
2026-06-01,2026-06-19,True,20.02854445,USE1-PublicIPv4:InUseAddress
2026-06-01,2026-06-19,True,0.0,USE1-Resource-Operation-Count
2026-06-01,2026-06-19,True,0.0,USE1-SAE1-AWS-In-Bytes
2026-06-01,2026-06-19,True,2.88e-08,USE1-SAE1-AWS-Out-Bytes
2026-06-01,2026-06-19,True,0.0,USE1-SC-API-Calls
2026-06-01,2026-06-19,True,0.0,USE1-SecurityHubProduct:FreeFindingsIngestion
2026-06-01,2026-06-19,True,0.0014585185,USE1-TimedStorage-ByteHrs
2026-06-01,2026-06-19,True,0.0,USE1-USE2-AWS-In-Bytes
2026-06-01,2026-06-19,True,0.0051697131,USE1-USE2-AWS-Out-Bytes
2026-06-01,2026-06-19,True,0.0,USE1-USW1-AWS-In-Bytes
2026-06-01,2026-06-19,True,1.09576e-05,USE1-USW1-AWS-Out-Bytes
2026-06-01,2026-06-19,True,0.0,USE1-USW2-AWS-In-Bytes
2026-06-01,2026-06-19,True,1.758547064,USE1-USW2-AWS-Out-Bytes
2026-06-01,2026-06-19,True,0.0250151973,USE1-VendedLog-Bytes
2026-06-01,2026-06-19,True,0.0007,USE2-AWSSecretsManagerAPIRequest
2026-06-01,2026-06-19,True,0.0,USE2-CW:Requests
2026-06-01,2026-06-19,True,0.0,USE2-Catalog-Request
2026-06-01,2026-06-19,True,1.2265e-06,USE2-DataTransfer-Out-Bytes
2026-06-01,2026-06-19,True,0.0,USE2-EC2-free-metering
2026-06-01,2026-06-19,True,0.0,USE2-ECR-free-metering
2026-06-01,2026-06-19,True,1.51932,USE2-EventsAnalyzed
2026-06-01,2026-06-19,True,0.0,USE2-FreeEventsRecorded
2026-06-01,2026-06-19,True,0.0,USE2-Lambda-Code-free-metering
2026-06-01,2026-06-19,True,0.0,USE2-Lambda-Standard-free-metering
2026-06-01,2026-06-19,True,6.6e-06,USE2-LogsAnalyzedBytes
2026-06-01,2026-06-19,True,0.071,USE2-PaidComplianceCheck
2026-06-01,2026-06-19,True,0.003648,USE2-PaidEventsAnalyzed
2026-06-01,2026-06-19,True,0.00022,USE2-Requests-Tier1
2026-06-01,2026-06-19,True,0.1083516,USE2-Requests-Tier2
2026-06-01,2026-06-19,True,0.0,USE2-SC-API-Calls
2026-06-01,2026-06-19,True,0.0,USE2-SecurityHubProduct:FreeFindingsIngestion
2026-06-01,2026-06-19,True,2.21e-08,USE2-TimedStorage-ByteHrs
2026-06-01,2026-06-19,True,0.0010189721,USE2-USE1-AWS-Out-Bytes
2026-06-01,2026-06-19,True,0.0,USE2-USW2-AWS-In-Bytes
2026-06-01,2026-06-19,True,0.0004832866,USE2-USW2-AWS-Out-Bytes
2026-06-01,2026-06-19,True,0.0007,USW1-AWSSecretsManagerAPIRequest
2026-06-01,2026-06-19,True,0.0,USW1-CUPM2MAppClientsFull
2026-06-01,2026-06-19,True,0.0,USW1-Catalog-Request
2026-06-01,2026-06-19,True,1.84e-07,USW1-DataTransfer-Out-Bytes
2026-06-01,2026-06-19,True,0.0,USW1-EC2-free-metering
2026-06-01,2026-06-19,True,0.0,USW1-ECR-free-metering
2026-06-01,2026-06-19,True,0.5417412,USW1-EventsAnalyzed
2026-06-01,2026-06-19,True,0.0,USW1-FreeEventsRecorded
2026-06-01,2026-06-19,True,0.0,USW1-Lambda-Standard-free-metering
2026-06-01,2026-06-19,True,0.07,USW1-PaidComplianceCheck
2026-06-01,2026-06-19,True,0.0025388,USW1-PaidEventsAnalyzed
2026-06-01,2026-06-19,True,0.0,USW1-Requests-Tier1
2026-06-01,2026-06-19,True,0.00024,USW1-Requests-Tier8
2026-06-01,2026-06-19,True,0.0,USW1-SC-API-Calls
2026-06-01,2026-06-19,True,0.0,USW1-SecurityHubProduct:FreeFindingsIngestion
2026-06-01,2026-06-19,True,0.0,USW1-USW2-AWS-In-Bytes
2026-06-01,2026-06-19,True,7e-08,USW1-USW2-AWS-Out-Bytes
2026-06-01,2026-06-19,True,0.0,USW2-AFS1-AWS-In-Bytes
2026-06-01,2026-06-19,True,0.0003015106,USW2-AFS1-AWS-Out-Bytes
2026-06-01,2026-06-19,True,0.0,USW2-APE1-AWS-In-Bytes
2026-06-01,2026-06-19,True,0.0002956861,USW2-APE1-AWS-Out-Bytes
2026-06-01,2026-06-19,True,0.0,USW2-APE2-AWS-In-Bytes
2026-06-01,2026-06-19,True,0.0,USW2-APN1-AWS-In-Bytes
2026-06-01,2026-06-19,True,0.0011494241,USW2-APN1-AWS-Out-Bytes
2026-06-01,2026-06-19,True,0.0,USW2-APN2-AWS-In-Bytes
2026-06-01,2026-06-19,True,0.0011409933,USW2-APN2-AWS-Out-Bytes
2026-06-01,2026-06-19,True,0.0,USW2-APN3-AWS-In-Bytes
2026-06-01,2026-06-19,True,0.0010873186,USW2-APN3-AWS-Out-Bytes
2026-06-01,2026-06-19,True,0.0,USW2-APS1-AWS-In-Bytes
2026-06-01,2026-06-19,True,0.0011824739,USW2-APS1-AWS-Out-Bytes
2026-06-01,2026-06-19,True,0.0,USW2-APS2-AWS-In-Bytes
2026-06-01,2026-06-19,True,0.0011710519,USW2-APS2-AWS-Out-Bytes
2026-06-01,2026-06-19,True,0.0,USW2-APS3-AWS-In-Bytes
2026-06-01,2026-06-19,True,0.0038541618,USW2-APS3-AWS-Out-Bytes
2026-06-01,2026-06-19,True,0.0,USW2-APS4-AWS-In-Bytes
2026-06-01,2026-06-19,True,0.0002938578,USW2-APS4-AWS-Out-Bytes
2026-06-01,2026-06-19,True,0.0,USW2-APS5-AWS-In-Bytes
2026-06-01,2026-06-19,True,0.0002775521,USW2-APS5-AWS-Out-Bytes
2026-06-01,2026-06-19,True,0.0,USW2-APS6-AWS-In-Bytes
2026-06-01,2026-06-19,True,2.863e-07,USW2-APS6-AWS-Out-Bytes
2026-06-01,2026-06-19,True,0.0,USW2-APS9-AWS-In-Bytes
2026-06-01,2026-06-19,True,3.2822224848,USW2-AWSSecretsManager-Secrets
2026-06-01,2026-06-19,True,0.00572,USW2-AWSSecretsManagerAPIRequest
2026-06-01,2026-06-19,True,0.0498544934,USW2-Aurora:BackupUsage
2026-06-01,2026-06-19,True,0.0220669818,USW2-Aurora:IO-OptimizedStorageUsage
2026-06-01,2026-06-19,True,135.0452000002,USW2-Aurora:ServerlessV2IOOptimizedUsage
2026-06-01,2026-06-19,True,4.3049958,USW2-Aurora:StorageIOUsage
2026-06-01,2026-06-19,True,0.0254654119,USW2-Aurora:StorageUsage
2026-06-01,2026-06-19,True,69.390320706,USW2-BoxUsage:r7i.2xlarge
2026-06-01,2026-06-19,True,115.730748,USW2-BoxUsage:r7i.4xlarge
2026-06-01,2026-06-19,True,1139.1494489424,USW2-BoxUsage:r7i.8xlarge
2026-06-01,2026-06-19,True,127.1351467776,USW2-BoxUsage:t3.2xlarge
2026-06-01,2026-06-19,True,8.7493871088,USW2-BoxUsage:t3.micro
2026-06-01,2026-06-19,True,8.740212,USW2-BoxUsage:t3.small
2026-06-01,2026-06-19,True,70.024864,USW2-BoxUsage:t3.xlarge
2026-06-01,2026-06-19,True,253.0193403776,USW2-BoxUsage:t3a.2xlarge
2026-06-01,2026-06-19,True,0.6048,USW2-BoxUsage:t4g.medium
2026-06-01,2026-06-19,True,3.5307813324,USW2-BoxUsage:t4g.micro
2026-06-01,2026-06-19,True,0.0,USW2-CAN1-AWS-In-Bytes
2026-06-01,2026-06-19,True,0.0011701221,USW2-CAN1-AWS-Out-Bytes
2026-06-01,2026-06-19,True,0.0,USW2-CUPM2MAppClientsFull
2026-06-01,2026-06-19,True,0.3200231746,USW2-CW:AlarmMonitorUsage
2026-06-01,2026-06-19,True,0.5434606585,USW2-CW:CompositeAlarmMonitorUsage
2026-06-01,2026-06-19,True,0.00034,USW2-CW:GMD-Metrics
2026-06-01,2026-06-19,True,0.0,USW2-CW:MetricMonitorUsage
2026-06-01,2026-06-19,True,0.0,USW2-CW:Requests
2026-06-01,2026-06-19,True,0.0,USW2-Catalog-Request
2026-06-01,2026-06-19,True,0.0,USW2-CloudFront-In-Bytes
2026-06-01,2026-06-19,True,0.0,USW2-CloudFront-Out-Bytes
2026-06-01,2026-06-19,True,0.0,USW2-CognitoEssentialsMAU
2026-06-01,2026-06-19,True,124.86978,USW2-DataEventsRecorded
2026-06-01,2026-06-19,True,128.3164143493,USW2-DataProcessing-Bytes
2026-06-01,2026-06-19,True,0.0,USW2-DataTransfer-In-ABytes
2026-06-01,2026-06-19,True,0.0,USW2-DataTransfer-In-Bytes
2026-06-01,2026-06-19,True,9.7808532558,USW2-DataTransfer-Out-ABytes
2026-06-01,2026-06-19,True,41.9981924883,USW2-DataTransfer-Out-Bytes
2026-06-01,2026-06-19,True,9.8451782701,USW2-DataTransfer-Regional-Bytes
2026-06-01,2026-06-19,True,0.0,USW2-DataTransfer-xAZ-In-Bytes
2026-06-01,2026-06-19,True,0.0,USW2-DataTransfer-xAZ-Out-Bytes
2026-06-01,2026-06-19,True,0.0,USW2-DeliveryAttempts-SMTP
2026-06-01,2026-06-19,True,3.3349983428,USW2-EBS:SnapshotUsage
2026-06-01,2026-06-19,True,191.3534656033,USW2-EBS:VolumeUsage.gp3
2026-06-01,2026-06-19,True,0.0,USW2-EBSOptimized:c6i.metal
2026-06-01,2026-06-19,True,0.0,USW2-EBSOptimized:c7i.48xlarge
2026-06-01,2026-06-19,True,0.0,USW2-EBSOptimized:c7i.metal-48xl
2026-06-01,2026-06-19,True,0.0,USW2-EBSOptimized:c8i.32xlarge
2026-06-01,2026-06-19,True,0.0,USW2-EBSOptimized:c8i.metal-48xl
2026-06-01,2026-06-19,True,0.0,USW2-EBSOptimized:c8id.96xlarge
2026-06-01,2026-06-19,True,0.0,USW2-EBSOptimized:c8id.metal-48xl
2026-06-01,2026-06-19,True,0.0,USW2-EBSOptimized:c8id.metal-96xl
2026-06-01,2026-06-19,True,0.0,USW2-EBSOptimized:i4i.metal
2026-06-01,2026-06-19,True,0.0,USW2-EBSOptimized:i7ie.48xlarge
2026-06-01,2026-06-19,True,0.0,USW2-EBSOptimized:i7ie.metal-48xl
2026-06-01,2026-06-19,True,0.0,USW2-EBSOptimized:m6id.32xlarge
2026-06-01,2026-06-19,True,0.0,USW2-EBSOptimized:m6id.metal
2026-06-01,2026-06-19,True,0.0,USW2-EBSOptimized:m7i.48xlarge
2026-06-01,2026-06-19,True,0.0,USW2-EBSOptimized:m7i.metal-48xl
2026-06-01,2026-06-19,True,0.0,USW2-EBSOptimized:m8i.32xlarge
2026-06-01,2026-06-19,True,0.0,USW2-EBSOptimized:m8i.48xlarge
2026-06-01,2026-06-19,True,0.0,USW2-EBSOptimized:m8i.metal-48xl
2026-06-01,2026-06-19,True,0.0,USW2-EBSOptimized:m8id.96xlarge
2026-06-01,2026-06-19,True,0.0,USW2-EBSOptimized:m8id.metal-96xl
2026-06-01,2026-06-19,True,0.0,USW2-EBSOptimized:m8idb.96xlarge
2026-06-01,2026-06-19,True,0.0,USW2-EBSOptimized:m8idn.96xlarge
2026-06-01,2026-06-19,True,0.0,USW2-EBSOptimized:r5.2xlarge
2026-06-01,2026-06-19,True,0.0,USW2-EBSOptimized:r6i.metal
2026-06-01,2026-06-19,True,0.0,USW2-EBSOptimized:r7i.48xlarge
2026-06-01,2026-06-19,True,0.0,USW2-EBSOptimized:r7i.metal-48xl
2026-06-01,2026-06-19,True,0.0,USW2-EBSOptimized:r8i.32xlarge
2026-06-01,2026-06-19,True,0.0,USW2-EBSOptimized:r8i.48xlarge
2026-06-01,2026-06-19,True,0.0,USW2-EBSOptimized:r8i.metal-48xl
2026-06-01,2026-06-19,True,0.0,USW2-EBSOptimized:r8id.96xlarge
2026-06-01,2026-06-19,True,0.0,USW2-EBSOptimized:r8id.metal-96xl
2026-06-01,2026-06-19,True,0.0,USW2-EBSOptimized:t3.small
2026-06-01,2026-06-19,True,0.0,USW2-EBSOptimized:t4g.medium
2026-06-01,2026-06-19,True,0.0,USW2-EBSOptimized:x8i.32xlarge
2026-06-01,2026-06-19,True,0.0,USW2-EC2-free-metering
2026-06-01,2026-06-19,True,0.0,USW2-ECR-free-metering
2026-06-01,2026-06-19,True,0.0,USW2-EU-AWS-In-Bytes
2026-06-01,2026-06-19,True,0.0012508261,USW2-EU-AWS-Out-Bytes
2026-06-01,2026-06-19,True,0.0,USW2-EUC1-AWS-In-Bytes
2026-06-01,2026-06-19,True,0.0043985751,USW2-EUC1-AWS-Out-Bytes
2026-06-01,2026-06-19,True,0.0,USW2-EUC2-AWS-In-Bytes
2026-06-01,2026-06-19,True,0.0,USW2-EUN1-AWS-In-Bytes
2026-06-01,2026-06-19,True,0.0011231009,USW2-EUN1-AWS-Out-Bytes
2026-06-01,2026-06-19,True,0.0,USW2-EUS1-AWS-In-Bytes
2026-06-01,2026-06-19,True,0.0,USW2-EUW2-AWS-In-Bytes
2026-06-01,2026-06-19,True,0.0011780872,USW2-EUW2-AWS-Out-Bytes
2026-06-01,2026-06-19,True,0.0,USW2-EUW3-AWS-In-Bytes
2026-06-01,2026-06-19,True,0.0011405958,USW2-EUW3-AWS-Out-Bytes
2026-06-01,2026-06-19,True,56.043536,USW2-EventsAnalyzed
2026-06-01,2026-06-19,True,5.6271967351,USW2-Fargate-GB-Hours
2026-06-01,2026-06-19,True,25.6230510502,USW2-Fargate-vCPU-Hours:perCPU
2026-06-01,2026-06-19,True,0.0,USW2-FreeComplianceCheck
2026-06-01,2026-06-19,True,0.0,USW2-FreeEventsAnalyzed
2026-06-01,2026-06-19,True,0.0,USW2-FreeEventsRecorded
2026-06-01,2026-06-19,True,0.0,USW2-FreeS3DataEventsAnalyzed
2026-06-01,2026-06-19,True,366.56,USW2-InstanceUsage:db.r5.large
2026-06-01,2026-06-19,True,109.46,USW2-InstanceUsage:db.r6g.large
2026-06-01,2026-06-19,True,116.196,USW2-InstanceUsage:db.r8g.large
2026-06-01,2026-06-19,True,58.098,USW2-InstanceUsage:db.t4g.medium
2026-06-01,2026-06-19,True,20.208,USW2-InstanceUsage:db.t4g.micro
2026-06-01,2026-06-19,True,604.556,USW2-InstanceUsageIOOptimized:db.r8g.2xl
2026-06-01,2026-06-19,True,604.556,USW2-InstanceUsageIOOptimized:db.r8g.xl
2026-06-01,2026-06-19,True,0.0049088583,USW2-LCUUsage
2026-06-01,2026-06-19,True,0.0,USW2-Lambda-Code-free-metering
2026-06-01,2026-06-19,True,0.0,USW2-Lambda-GB-Second
2026-06-01,2026-06-19,True,0.0,USW2-Lambda-Standard-free-metering
2026-06-01,2026-06-19,True,9.495,USW2-LoadBalancerUsage
2026-06-01,2026-06-19,True,52.6009917979,USW2-LogsAnalyzedBytes
2026-06-01,2026-06-19,True,7.362336,USW2-MonitoredContainerImage
2026-06-01,2026-06-19,True,33.9011264433,USW2-MonitoredEC2
2026-06-01,2026-06-19,True,0.666624,USW2-MonitoredFunction
2026-06-01,2026-06-19,True,0.96,USW2-MonitoredFunctionCode
2026-06-01,2026-06-19,True,74.6284807957,USW2-NatGateway-Bytes
2026-06-01,2026-06-19,True,95.04,USW2-NatGateway-Hours
2026-06-01,2026-06-19,True,0.211,USW2-PaidComplianceCheck
2026-06-01,2026-06-19,True,0.00342,USW2-PaidEventsAnalyzed
2026-06-01,2026-06-19,True,0.1457536033,USW2-PaidEventsAnalyzed-Bytes
2026-06-01,2026-06-19,True,2.13218755,USW2-PublicIPv4:IdleAddress
2026-06-01,2026-06-19,True,31.262938925,USW2-PublicIPv4:InUseAddress
2026-06-01,2026-06-19,True,4.0441666104,USW2-RDS:GP2-Storage
2026-06-01,2026-06-19,True,13.4805555368,USW2-RDS:GP3-Storage
2026-06-01,2026-06-19,True,0.012762,USW2-ReadRequestUnits
2026-06-01,2026-06-19,True,0.0,USW2-Request
2026-06-01,2026-06-19,True,0.027845,USW2-Requests-INT-Tier1
2026-06-01,2026-06-19,True,0.0018208,USW2-Requests-INT-Tier2
2026-06-01,2026-06-19,True,52.174265,USW2-Requests-Tier1
2026-06-01,2026-06-19,True,52.6437464,USW2-Requests-Tier2
2026-06-01,2026-06-19,True,0.00057,USW2-Requests-Tier8
2026-06-01,2026-06-19,True,0.0,USW2-Resource-Operation-Count
2026-06-01,2026-06-19,True,0.0,USW2-SAE1-AWS-In-Bytes
2026-06-01,2026-06-19,True,0.0011433636,USW2-SAE1-AWS-Out-Bytes
2026-06-01,2026-06-19,True,0.0,USW2-SC-API-Calls
2026-06-01,2026-06-19,True,0.0,USW2-ScheduledInvocation
2026-06-01,2026-06-19,True,0.0,USW2-SecurityHubProduct:FreeFindingsIngestion
2026-06-01,2026-06-19,True,55.5798297472,USW2-SpotUsage:c6i.metal
2026-06-01,2026-06-19,True,172.1985179185,USW2-SpotUsage:c7i.48xlarge
2026-06-01,2026-06-19,True,31.5720535873,USW2-SpotUsage:c7i.metal-48xl
2026-06-01,2026-06-19,True,1.1269556281,USW2-SpotUsage:c8i.32xlarge
2026-06-01,2026-06-19,True,88.6353217397,USW2-SpotUsage:c8i.metal-48xl
2026-06-01,2026-06-19,True,128.8542551292,USW2-SpotUsage:c8id.96xlarge
2026-06-01,2026-06-19,True,1.6222684668,USW2-SpotUsage:c8id.metal-48xl
2026-06-01,2026-06-19,True,62.4690381441,USW2-SpotUsage:c8id.metal-96xl
2026-06-01,2026-06-19,True,54.8640474804,USW2-SpotUsage:i4i.metal
2026-06-01,2026-06-19,True,495.7254455053,USW2-SpotUsage:i7ie.48xlarge
2026-06-01,2026-06-19,True,1407.6056008156,USW2-SpotUsage:i7ie.metal-48xl
2026-06-01,2026-06-19,True,0.5480263306,USW2-SpotUsage:m6id.32xlarge
2026-06-01,2026-06-19,True,8.0148700017,USW2-SpotUsage:m6id.metal
2026-06-01,2026-06-19,True,4.43621925,USW2-SpotUsage:m7i.48xlarge
2026-06-01,2026-06-19,True,2342.7725357562,USW2-SpotUsage:m7i.metal-48xl
2026-06-01,2026-06-19,True,65.6922414111,USW2-SpotUsage:m8i.32xlarge
2026-06-01,2026-06-19,True,285.1822837288,USW2-SpotUsage:m8i.48xlarge
2026-06-01,2026-06-19,True,176.790416037,USW2-SpotUsage:m8i.metal-48xl
2026-06-01,2026-06-19,True,39.1934412844,USW2-SpotUsage:m8id.96xlarge
2026-06-01,2026-06-19,True,36.9867804236,USW2-SpotUsage:m8id.metal-96xl
2026-06-01,2026-06-19,True,1180.1194158114,USW2-SpotUsage:m8idb.96xlarge
2026-06-01,2026-06-19,True,1059.829720477,USW2-SpotUsage:m8idn.96xlarge
2026-06-01,2026-06-19,True,0.27783,USW2-SpotUsage:r5.2xlarge
2026-06-01,2026-06-19,True,0.265112089,USW2-SpotUsage:r6i.metal
2026-06-01,2026-06-19,True,757.1384079676,USW2-SpotUsage:r7i.48xlarge
2026-06-01,2026-06-19,True,142.2728156149,USW2-SpotUsage:r7i.metal-48xl
2026-06-01,2026-06-19,True,16.7057839608,USW2-SpotUsage:r8i.32xlarge
2026-06-01,2026-06-19,True,266.7030404403,USW2-SpotUsage:r8i.48xlarge
2026-06-01,2026-06-19,True,423.2240773986,USW2-SpotUsage:r8i.metal-48xl
2026-06-01,2026-06-19,True,59.0915999181,USW2-SpotUsage:r8id.96xlarge
2026-06-01,2026-06-19,True,293.2610621343,USW2-SpotUsage:r8id.metal-96xl
2026-06-01,2026-06-19,True,22.562738164,USW2-SpotUsage:x8i.32xlarge
2026-06-01,2026-06-19,True,1134.5716548663,USW2-Storage
2026-06-01,2026-06-19,True,8.5e-05,USW2-Tables-Requests-Tier1
2026-06-01,2026-06-19,True,0.0004416328,USW2-TagStorage-TagHrs
2026-06-01,2026-06-19,True,6.772e-07,USW2-TimedPITRStorage-ByteHrs
2026-06-01,2026-06-19,True,3690.4197103693,USW2-TimedStorage-ByteHrs
2026-06-01,2026-06-19,True,0.0,USW2-UGW1-AWS-In-Bytes
2026-06-01,2026-06-19,True,0.0,USW2-USE1-AWS-In-Bytes
2026-06-01,2026-06-19,True,40.222641449,USW2-USE1-AWS-Out-Bytes
2026-06-01,2026-06-19,True,0.0,USW2-USE2-AWS-In-Bytes
2026-06-01,2026-06-19,True,0.0036829438,USW2-USE2-AWS-Out-Bytes
2026-06-01,2026-06-19,True,0.0,USW2-USW1-AWS-In-Bytes
2026-06-01,2026-06-19,True,0.0012092277,USW2-USW1-AWS-Out-Bytes
2026-06-01,2026-06-19,True,6.32349e-05,USW2-VendedLog-Bytes
2026-06-01,2026-06-19,True,0.0985113123,USW2-VpcEndpoint-Bytes
2026-06-01,2026-06-19,True,29.61,USW2-VpcEndpoint-Hours
2026-06-01,2026-06-19,True,0.00700125,USW2-WriteRequestUnits
2026-06-01,2026-06-19,True,0.000195,af-south-1-KMS-Requests
2026-06-01,2026-06-19,True,0.000198,ap-east-1-KMS-Requests
2026-06-01,2026-06-19,True,0.00036,ap-northeast-1-KMS-Requests
2026-06-01,2026-06-19,True,0.000363,ap-northeast-2-KMS-Requests
2026-06-01,2026-06-19,True,0.000357,ap-northeast-3-KMS-Requests
2026-06-01,2026-06-19,True,0.000936,ap-south-1-KMS-Requests
2026-06-01,2026-06-19,True,0.000195,ap-south-2-KMS-Requests
2026-06-01,2026-06-19,True,0.00036,ap-southeast-1-KMS-Requests
2026-06-01,2026-06-19,True,0.000357,ap-southeast-2-KMS-Requests
2026-06-01,2026-06-19,True,0.000195,ap-southeast-3-KMS-Requests
2026-06-01,2026-06-19,True,0.000357,ca-central-1-KMS-Requests
2026-06-01,2026-06-19,True,0.000927,eu-central-1-KMS-Requests
2026-06-01,2026-06-19,True,0.00036,eu-north-1-KMS-Requests
2026-06-01,2026-06-19,True,0.00036,eu-west-1-KMS-Requests
2026-06-01,2026-06-19,True,0.000363,eu-west-2-KMS-Requests
2026-06-01,2026-06-19,True,0.00036,eu-west-3-KMS-Requests
2026-06-01,2026-06-19,True,0.00036,sa-east-1-KMS-Requests
2026-06-01,2026-06-19,True,0.583333338,us-east-1-KMS-Keys
2026-06-01,2026-06-19,True,0.006543,us-east-1-KMS-Requests
2026-06-01,2026-06-19,True,0.000357,us-east-2-KMS-Requests
2026-06-01,2026-06-19,True,0.000363,us-west-1-KMS-Requests
2026-06-01,2026-06-19,True,1.7583333474,us-west-2-KMS-Keys
2026-06-01,2026-06-19,True,3.114363,us-west-2-KMS-Requests
