start,end,estimated,cost_usd,service,resource_id
2026-07-01T00:00:00Z,2026-07-02T00:00:00Z,True,1.3440000865,EC2 - Other,arn:aws:ec2:ap-south-1:108782052779:natgateway/nat-01dc061291fc51e75
2026-07-01T00:00:00Z,2026-07-02T00:00:00Z,True,1.3440000825,EC2 - Other,arn:aws:ec2:ap-south-1:108782052779:natgateway/nat-05f85018216cac061
2026-07-01T00:00:00Z,2026-07-02T00:00:00Z,True,0.0776926348,EC2 - Other,arn:aws:ec2:ap-south-1:108782052779:snapshot/snap-053909bfd492a6457
2026-07-01T00:00:00Z,2026-07-02T00:00:00Z,True,1.2480001701,EC2 - Other,arn:aws:ec2:eu-central-1:108782052779:natgateway/nat-0a2bfbfedf38f8e87
2026-07-01T00:00:00Z,2026-07-02T00:00:00Z,True,1.2480000989,EC2 - Other,arn:aws:ec2:eu-central-1:108782052779:natgateway/nat-0ec6ae9605269bef4
2026-07-01T00:00:00Z,2026-07-02T00:00:00Z,True,1.0800000639,EC2 - Other,arn:aws:ec2:us-east-1:108782052779:natgateway/nat-089a96601cfd34f9d
2026-07-01T00:00:00Z,2026-07-02T00:00:00Z,True,0.0432491179,EC2 - Other,arn:aws:ec2:us-east-1:108782052779:snapshot/snap-07690eaa1400bc7f6
2026-07-01T00:00:00Z,2026-07-02T00:00:00Z,True,1.0939683596,EC2 - Other,arn:aws:ec2:us-west-2:108782052779:natgateway/nat-00246c8ef3b9087f1
2026-07-01T00:00:00Z,2026-07-02T00:00:00Z,True,1.0842470788,EC2 - Other,arn:aws:ec2:us-west-2:108782052779:natgateway/nat-00ac08b685fea726f
2026-07-01T00:00:00Z,2026-07-02T00:00:00Z,True,3.8550093439,EC2 - Other,arn:aws:ec2:us-west-2:108782052779:natgateway/nat-00f3c26e43ede9b10
2026-07-01T00:00:00Z,2026-07-02T00:00:00Z,True,1.0869832924,EC2 - Other,arn:aws:ec2:us-west-2:108782052779:natgateway/nat-0234e77781575cced
2026-07-01T00:00:00Z,2026-07-02T00:00:00Z,True,0.0003555462,EC2 - Other,arn:aws:ec2:us-west-2:108782052779:snapshot/snap-01a644dc0db7d2316
2026-07-01T00:00:00Z,2026-07-02T00:00:00Z,True,0.0432491179,EC2 - Other,arn:aws:ec2:us-west-2:108782052779:snapshot/snap-0356dd0198dfe4b00
2026-07-01T00:00:00Z,2026-07-02T00:00:00Z,True,9.7886e-05,EC2 - Other,arn:aws:ec2:us-west-2:108782052779:snapshot/snap-03a557813894c371c
2026-07-01T00:00:00Z,2026-07-02T00:00:00Z,True,9.82469e-05,EC2 - Other,arn:aws:ec2:us-west-2:108782052779:snapshot/snap-091fccd838e171241
2026-07-01T00:00:00Z,2026-07-02T00:00:00Z,True,0.0055687689,EC2 - Other,arn:aws:ec2:us-west-2:108782052779:snapshot/snap-0ad64693143631bb2
2026-07-01T00:00:00Z,2026-07-02T00:00:00Z,True,1.3074211791,EC2 - Other,arn:aws:ec2:us-west-2:171675361862:natgateway/nat-01432c586ef9dbf51
2026-07-01T00:00:00Z,2026-07-02T00:00:00Z,True,0.0056349231,EC2 - Other,arn:aws:ec2:us-west-2:171675361862:snapshot/snap-002695a204188d63e
2026-07-01T00:00:00Z,2026-07-02T00:00:00Z,True,0.0053868448,EC2 - Other,arn:aws:ec2:us-west-2:171675361862:snapshot/snap-010eb6cbb466b71fd
2026-07-01T00:00:00Z,2026-07-02T00:00:00Z,True,0.0066185736,EC2 - Other,arn:aws:ec2:us-west-2:171675361862:snapshot/snap-01511ff7171eb9225
2026-07-01T00:00:00Z,2026-07-02T00:00:00Z,True,0.0275556011,EC2 - Other,arn:aws:ec2:us-west-2:171675361862:snapshot/snap-01617e5cf1a7141a9
2026-07-01T00:00:00Z,2026-07-02T00:00:00Z,True,0.005452999,EC2 - Other,arn:aws:ec2:us-west-2:171675361862:snapshot/snap-016bea26228ab194d
2026-07-01T00:00:00Z,2026-07-02T00:00:00Z,True,0.0072431011,EC2 - Other,arn:aws:ec2:us-west-2:171675361862:snapshot/snap-0225be64252283430
2026-07-01T00:00:00Z,2026-07-02T00:00:00Z,True,0.0053167528,EC2 - Other,arn:aws:ec2:us-west-2:171675361862:snapshot/snap-031f9c5ef8426bd1c
2026-07-01T00:00:00Z,2026-07-02T00:00:00Z,True,0.0059971963,EC2 - Other,arn:aws:ec2:us-west-2:171675361862:snapshot/snap-0338d1716afca4e43
2026-07-01T00:00:00Z,2026-07-02T00:00:00Z,True,0.0074620401,EC2 - Other,arn:aws:ec2:us-west-2:171675361862:snapshot/snap-04835772777dad20e
2026-07-01T00:00:00Z,2026-07-02T00:00:00Z,True,0.0051915323,EC2 - Other,arn:aws:ec2:us-west-2:171675361862:snapshot/snap-050a336ac34adee25
2026-07-01T00:00:00Z,2026-07-02T00:00:00Z,True,0.0057711694,EC2 - Other,arn:aws:ec2:us-west-2:171675361862:snapshot/snap-06c0c905738f06aaf
2026-07-01T00:00:00Z,2026-07-02T00:00:00Z,True,0.0055081275,EC2 - Other,arn:aws:ec2:us-west-2:171675361862:snapshot/snap-07c960f2e8ecd2246
2026-07-01T00:00:00Z,2026-07-02T00:00:00Z,True,0.0058514995,EC2 - Other,arn:aws:ec2:us-west-2:171675361862:snapshot/snap-0818ddb9763ebade7
2026-07-01T00:00:00Z,2026-07-02T00:00:00Z,True,0.0060846144,EC2 - Other,arn:aws:ec2:us-west-2:171675361862:snapshot/snap-081d1157989f4430b
2026-07-01T00:00:00Z,2026-07-02T00:00:00Z,True,0.0067713584,EC2 - Other,arn:aws:ec2:us-west-2:171675361862:snapshot/snap-09a81377b032dbfba
2026-07-01T00:00:00Z,2026-07-02T00:00:00Z,True,0.0054207094,EC2 - Other,arn:aws:ec2:us-west-2:171675361862:snapshot/snap-0a1b0a3f89ddb1991
2026-07-01T00:00:00Z,2026-07-02T00:00:00Z,True,0.0055750693,EC2 - Other,arn:aws:ec2:us-west-2:171675361862:snapshot/snap-0a263ead2c9955ffe
2026-07-01T00:00:00Z,2026-07-02T00:00:00Z,True,0.0060412991,EC2 - Other,arn:aws:ec2:us-west-2:171675361862:snapshot/snap-0aa6b361bd48001c2
2026-07-01T00:00:00Z,2026-07-02T00:00:00Z,True,0.006195659,EC2 - Other,arn:aws:ec2:us-west-2:171675361862:snapshot/snap-0aaadd230c3f34822
2026-07-01T00:00:00Z,2026-07-02T00:00:00Z,True,0.0077203566,EC2 - Other,arn:aws:ec2:us-west-2:171675361862:snapshot/snap-0ad2c3c6333d7af72
2026-07-01T00:00:00Z,2026-07-02T00:00:00Z,True,0.0050450479,EC2 - Other,arn:aws:ec2:us-west-2:171675361862:snapshot/snap-0bace1a1137e22c44
2026-07-01T00:00:00Z,2026-07-02T00:00:00Z,True,0.0054260254,EC2 - Other,arn:aws:ec2:us-west-2:171675361862:snapshot/snap-0bed9cd5c78dd7a9e
2026-07-01T00:00:00Z,2026-07-02T00:00:00Z,True,0.0059940461,EC2 - Other,arn:aws:ec2:us-west-2:171675361862:snapshot/snap-0cd392bfda857c555
2026-07-01T00:00:00Z,2026-07-02T00:00:00Z,True,0.0047489289,EC2 - Other,arn:aws:ec2:us-west-2:171675361862:snapshot/snap-0d2a28c3feb1b3215
2026-07-01T00:00:00Z,2026-07-02T00:00:00Z,True,0.012139827,EC2 - Other,arn:aws:ec2:us-west-2:171675361862:snapshot/snap-0daf5245a270f593f
2026-07-01T00:00:00Z,2026-07-02T00:00:00Z,True,0.0051781439,EC2 - Other,arn:aws:ec2:us-west-2:171675361862:snapshot/snap-0dd884c697c716097
2026-07-01T00:00:00Z,2026-07-02T00:00:00Z,True,0.0059397051,EC2 - Other,arn:aws:ec2:us-west-2:171675361862:snapshot/snap-0dec4b2eb2d9b764b
2026-07-01T00:00:00Z,2026-07-02T00:00:00Z,True,0.0056955645,EC2 - Other,arn:aws:ec2:us-west-2:171675361862:snapshot/snap-0e339244a4847882d
2026-07-01T00:00:00Z,2026-07-02T00:00:00Z,True,0.0055805822,EC2 - Other,arn:aws:ec2:us-west-2:171675361862:snapshot/snap-0e996b7ad4dda2005
2026-07-01T00:00:00Z,2026-07-02T00:00:00Z,True,0.0066957535,EC2 - Other,arn:aws:ec2:us-west-2:171675361862:snapshot/snap-0ee50102fc86b318a
2026-07-01T00:00:00Z,2026-07-02T00:00:00Z,True,0.0088008758,EC2 - Other,arn:aws:ec2:us-west-2:171675361862:snapshot/snap-0ff83cfed371294d7
2026-07-01T00:00:00Z,2026-07-02T00:00:00Z,True,0.0,EC2 - Other,i-00152cba4d018693c
2026-07-01T00:00:00Z,2026-07-02T00:00:00Z,True,0.0,EC2 - Other,i-011702c927edd041e
2026-07-01T00:00:00Z,2026-07-02T00:00:00Z,True,0.0,EC2 - Other,i-01231968f6c5e3896
2026-07-01T00:00:00Z,2026-07-02T00:00:00Z,True,0.0,EC2 - Other,i-0143aebc62d373341
2026-07-01T00:00:00Z,2026-07-02T00:00:00Z,True,4.1481e-06,EC2 - Other,i-018a4be07f5bdfa49
2026-07-01T00:00:00Z,2026-07-02T00:00:00Z,True,0.0,EC2 - Other,i-01a3abe5ac8f6b4ad
2026-07-01T00:00:00Z,2026-07-02T00:00:00Z,True,0.0,EC2 - Other,i-01aaf78fc2cf31e81
2026-07-01T00:00:00Z,2026-07-02T00:00:00Z,True,0.0,EC2 - Other,i-01ca8ad27877dac21
2026-07-01T00:00:00Z,2026-07-02T00:00:00Z,True,0.0,EC2 - Other,i-01cb8ac3f1d698ff1
2026-07-01T00:00:00Z,2026-07-02T00:00:00Z,True,4.1278e-06,EC2 - Other,i-02876b4893e5654c2
2026-07-01T00:00:00Z,2026-07-02T00:00:00Z,True,0.0,EC2 - Other,i-028db1a33e65cbccf
2026-07-01T00:00:00Z,2026-07-02T00:00:00Z,True,0.0,EC2 - Other,i-03261a93d1967cdcd
2026-07-01T00:00:00Z,2026-07-02T00:00:00Z,True,0.0,EC2 - Other,i-032b460ced1805540
2026-07-01T00:00:00Z,2026-07-02T00:00:00Z,True,0.0,EC2 - Other,i-03685d721dfcc17bf
2026-07-01T00:00:00Z,2026-07-02T00:00:00Z,True,0.0,EC2 - Other,i-03bb8a115af1c1a11
2026-07-01T00:00:00Z,2026-07-02T00:00:00Z,True,0.0,EC2 - Other,i-03c2407b6469f2cc9
2026-07-01T00:00:00Z,2026-07-02T00:00:00Z,True,0.0,EC2 - Other,i-03cd31a7321876f06
2026-07-01T00:00:00Z,2026-07-02T00:00:00Z,True,0.0,EC2 - Other,i-03d7243b25c11e7fc
2026-07-01T00:00:00Z,2026-07-02T00:00:00Z,True,0.0,EC2 - Other,i-040e6b146eb03d7a5
2026-07-01T00:00:00Z,2026-07-02T00:00:00Z,True,0.0,EC2 - Other,i-0420cc296bbb3ede3
2026-07-01T00:00:00Z,2026-07-02T00:00:00Z,True,0.0,EC2 - Other,i-043958ce0f94bc552
2026-07-01T00:00:00Z,2026-07-02T00:00:00Z,True,0.0007577899,EC2 - Other,i-0453760b2165bcf38
2026-07-01T00:00:00Z,2026-07-02T00:00:00Z,True,0.0,EC2 - Other,i-045716ec182c22625
2026-07-01T00:00:00Z,2026-07-02T00:00:00Z,True,0.0,EC2 - Other,i-04736bcc5923da545
2026-07-01T00:00:00Z,2026-07-02T00:00:00Z,True,0.0,EC2 - Other,i-047bc30f89963d894
2026-07-01T00:00:00Z,2026-07-02T00:00:00Z,True,0.0,EC2 - Other,i-04bed4a39e890d73e
2026-07-01T00:00:00Z,2026-07-02T00:00:00Z,True,4.141e-06,EC2 - Other,i-04d3a8c6aae87f818
2026-07-01T00:00:00Z,2026-07-02T00:00:00Z,True,0.0,EC2 - Other,i-0504cae8310bae312
2026-07-01T00:00:00Z,2026-07-02T00:00:00Z,True,0.0,EC2 - Other,i-053f105e715852211
2026-07-01T00:00:00Z,2026-07-02T00:00:00Z,True,0.0,EC2 - Other,i-05700a0f5a4e2e20c
2026-07-01T00:00:00Z,2026-07-02T00:00:00Z,True,0.0,EC2 - Other,i-05aa6cb4b17a03009
2026-07-01T00:00:00Z,2026-07-02T00:00:00Z,True,4.92e-08,EC2 - Other,i-05de16a24310099c5
2026-07-01T00:00:00Z,2026-07-02T00:00:00Z,True,0.0,EC2 - Other,i-05de2b02daac7a9fc
2026-07-01T00:00:00Z,2026-07-02T00:00:00Z,True,0.0,EC2 - Other,i-05fd0dbb02233c2fa
2026-07-01T00:00:00Z,2026-07-02T00:00:00Z,True,0.0,EC2 - Other,i-05fe8b336c2a21516
2026-07-01T00:00:00Z,2026-07-02T00:00:00Z,True,0.0,EC2 - Other,i-062b70471b26d629b
2026-07-01T00:00:00Z,2026-07-02T00:00:00Z,True,0.0,EC2 - Other,i-063c11686a45ca8c6
2026-07-01T00:00:00Z,2026-07-02T00:00:00Z,True,0.0,EC2 - Other,i-0652bcb5430cf8981
2026-07-01T00:00:00Z,2026-07-02T00:00:00Z,True,0.0,EC2 - Other,i-0655e1a29634ade1d
2026-07-01T00:00:00Z,2026-07-02T00:00:00Z,True,0.0,EC2 - Other,i-068f2ca46f5ba3e9b
2026-07-01T00:00:00Z,2026-07-02T00:00:00Z,True,7.17e-08,EC2 - Other,i-068f3aad2bedb9fa6
2026-07-01T00:00:00Z,2026-07-02T00:00:00Z,True,0.0,EC2 - Other,i-069608a57415d8d66
2026-07-01T00:00:00Z,2026-07-02T00:00:00Z,True,0.0,EC2 - Other,i-06ab916c655723580
2026-07-01T00:00:00Z,2026-07-02T00:00:00Z,True,0.0,EC2 - Other,i-06b8bf78a9f073be0
2026-07-01T00:00:00Z,2026-07-02T00:00:00Z,True,0.0,EC2 - Other,i-06f1f8aa1f487f879
2026-07-01T00:00:00Z,2026-07-02T00:00:00Z,True,0.0,EC2 - Other,i-070e89c353b79aad5
2026-07-01T00:00:00Z,2026-07-02T00:00:00Z,True,0.0,EC2 - Other,i-0747d94b7dcf907d3
2026-07-01T00:00:00Z,2026-07-02T00:00:00Z,True,0.0,EC2 - Other,i-076be6733237ee05e
2026-07-01T00:00:00Z,2026-07-02T00:00:00Z,True,0.0,EC2 - Other,i-0777b84d85b44b53f
2026-07-01T00:00:00Z,2026-07-02T00:00:00Z,True,8.20359e-05,EC2 - Other,i-07df3a933e4839f52
2026-07-01T00:00:00Z,2026-07-02T00:00:00Z,True,0.0,EC2 - Other,i-082e2f22d4f27cbed
2026-07-01T00:00:00Z,2026-07-02T00:00:00Z,True,0.0,EC2 - Other,i-084c1f60540cff04e
2026-07-01T00:00:00Z,2026-07-02T00:00:00Z,True,0.0,EC2 - Other,i-084e85751a8a0b40e
2026-07-01T00:00:00Z,2026-07-02T00:00:00Z,True,0.0,EC2 - Other,i-085567eb2fdd045d2
2026-07-01T00:00:00Z,2026-07-02T00:00:00Z,True,0.0,EC2 - Other,i-085d3123e32fd8511
2026-07-01T00:00:00Z,2026-07-02T00:00:00Z,True,0.0,EC2 - Other,i-08728324bf341a2f9
2026-07-01T00:00:00Z,2026-07-02T00:00:00Z,True,0.0,EC2 - Other,i-08dbebe21d443d38f
2026-07-01T00:00:00Z,2026-07-02T00:00:00Z,True,0.0,EC2 - Other,i-08f6a48c657a55a48
2026-07-01T00:00:00Z,2026-07-02T00:00:00Z,True,0.0,EC2 - Other,i-08fe81ebc71b03171
2026-07-01T00:00:00Z,2026-07-02T00:00:00Z,True,6.4639e-05,EC2 - Other,i-09126000eb19643b0
2026-07-01T00:00:00Z,2026-07-02T00:00:00Z,True,0.0,EC2 - Other,i-09177a03a83aa1621
2026-07-01T00:00:00Z,2026-07-02T00:00:00Z,True,0.0,EC2 - Other,i-096ac5a7f491c81a0
2026-07-01T00:00:00Z,2026-07-02T00:00:00Z,True,0.0,EC2 - Other,i-0972556ef159eea26
2026-07-01T00:00:00Z,2026-07-02T00:00:00Z,True,0.0,EC2 - Other,i-0998995839c4f248f
2026-07-01T00:00:00Z,2026-07-02T00:00:00Z,True,0.0,EC2 - Other,i-099900db610a9f171
2026-07-01T00:00:00Z,2026-07-02T00:00:00Z,True,0.0,EC2 - Other,i-09af591513e4c2535
2026-07-01T00:00:00Z,2026-07-02T00:00:00Z,True,0.0,EC2 - Other,i-09bc06431f47c8a5e
2026-07-01T00:00:00Z,2026-07-02T00:00:00Z,True,0.0,EC2 - Other,i-09c47be8660e56806
2026-07-01T00:00:00Z,2026-07-02T00:00:00Z,True,0.0,EC2 - Other,i-09df26af9b6b76d73
2026-07-01T00:00:00Z,2026-07-02T00:00:00Z,True,1.9856e-06,EC2 - Other,i-09f66b3f11ea42c60
2026-07-01T00:00:00Z,2026-07-02T00:00:00Z,True,0.0,EC2 - Other,i-0a0f1f64193df9d30
2026-07-01T00:00:00Z,2026-07-02T00:00:00Z,True,0.0,EC2 - Other,i-0a53c814ea6a1c89d
2026-07-01T00:00:00Z,2026-07-02T00:00:00Z,True,0.0,EC2 - Other,i-0a6ae478eb4d8fc0d
2026-07-01T00:00:00Z,2026-07-02T00:00:00Z,True,5.78872e-05,EC2 - Other,i-0a70e6af119b993f3
2026-07-01T00:00:00Z,2026-07-02T00:00:00Z,True,0.0,EC2 - Other,i-0a8fcca0fd1b2e66f
2026-07-01T00:00:00Z,2026-07-02T00:00:00Z,True,0.0,EC2 - Other,i-0aa1a9f2b1f53f543
2026-07-01T00:00:00Z,2026-07-02T00:00:00Z,True,0.0,EC2 - Other,i-0ab4ff28f3933edb5
2026-07-01T00:00:00Z,2026-07-02T00:00:00Z,True,0.0,EC2 - Other,i-0ab7116abc8229a16
2026-07-01T00:00:00Z,2026-07-02T00:00:00Z,True,0.0,EC2 - Other,i-0ab9bc7c044e95236
2026-07-01T00:00:00Z,2026-07-02T00:00:00Z,True,0.0,EC2 - Other,i-0abc75fa76db188b9
2026-07-01T00:00:00Z,2026-07-02T00:00:00Z,True,0.0,EC2 - Other,i-0abd3c11993ec5e96
2026-07-01T00:00:00Z,2026-07-02T00:00:00Z,True,0.0,EC2 - Other,i-0af29429692217690
2026-07-01T00:00:00Z,2026-07-02T00:00:00Z,True,0.0002866332,EC2 - Other,i-0b13373722116c733
2026-07-01T00:00:00Z,2026-07-02T00:00:00Z,True,0.0,EC2 - Other,i-0b2396f22dba6d521
2026-07-01T00:00:00Z,2026-07-02T00:00:00Z,True,0.0,EC2 - Other,i-0b3bd4b1dbfb372d3
2026-07-01T00:00:00Z,2026-07-02T00:00:00Z,True,0.0,EC2 - Other,i-0b4e8cbe40ce3ba2a
2026-07-01T00:00:00Z,2026-07-02T00:00:00Z,True,7.65e-08,EC2 - Other,i-0b6713cc15f74d360
2026-07-01T00:00:00Z,2026-07-02T00:00:00Z,True,0.0,EC2 - Other,i-0b6cde14f34ae3c39
2026-07-01T00:00:00Z,2026-07-02T00:00:00Z,True,0.0,EC2 - Other,i-0b8b56f542736a810
2026-07-01T00:00:00Z,2026-07-02T00:00:00Z,True,0.0,EC2 - Other,i-0bbfcf9f67ebd2fb4
2026-07-01T00:00:00Z,2026-07-02T00:00:00Z,True,0.0,EC2 - Other,i-0c2758b0b70d5f155
2026-07-01T00:00:00Z,2026-07-02T00:00:00Z,True,0.0,EC2 - Other,i-0c5e00b4a6c4111a0
2026-07-01T00:00:00Z,2026-07-02T00:00:00Z,True,0.0,EC2 - Other,i-0c8652f8198ada386
2026-07-01T00:00:00Z,2026-07-02T00:00:00Z,True,0.0,EC2 - Other,i-0ca14937740579b00
2026-07-01T00:00:00Z,2026-07-02T00:00:00Z,True,0.0002012555,EC2 - Other,i-0cce1c2d935e86786
2026-07-01T00:00:00Z,2026-07-02T00:00:00Z,True,0.0,EC2 - Other,i-0ce8ae71217f6acac
2026-07-01T00:00:00Z,2026-07-02T00:00:00Z,True,0.0,EC2 - Other,i-0cfb3124a6e14bde1
2026-07-01T00:00:00Z,2026-07-02T00:00:00Z,True,0.0,EC2 - Other,i-0d17b76901e6cd923
2026-07-01T00:00:00Z,2026-07-02T00:00:00Z,True,0.0,EC2 - Other,i-0d1ee529b1f0e3954
2026-07-01T00:00:00Z,2026-07-02T00:00:00Z,True,0.0,EC2 - Other,i-0d480671d0e0908b5
2026-07-01T00:00:00Z,2026-07-02T00:00:00Z,True,0.0,EC2 - Other,i-0d5bfae5da8a88f21
2026-07-01T00:00:00Z,2026-07-02T00:00:00Z,True,0.0,EC2 - Other,i-0d5f088776a174414
2026-07-01T00:00:00Z,2026-07-02T00:00:00Z,True,1.742e-07,EC2 - Other,i-0da4185030bbccc2b
2026-07-01T00:00:00Z,2026-07-02T00:00:00Z,True,0.0,EC2 - Other,i-0dc3eaeea53e815e2
2026-07-01T00:00:00Z,2026-07-02T00:00:00Z,True,0.0,EC2 - Other,i-0dcf9c2a0c60a96b7
2026-07-01T00:00:00Z,2026-07-02T00:00:00Z,True,4.0933e-06,EC2 - Other,i-0de9e3f8d3208cf03
2026-07-01T00:00:00Z,2026-07-02T00:00:00Z,True,0.0,EC2 - Other,i-0e1eebb1b5a512e8e
2026-07-01T00:00:00Z,2026-07-02T00:00:00Z,True,0.0,EC2 - Other,i-0e276912ed83d9fd3
2026-07-01T00:00:00Z,2026-07-02T00:00:00Z,True,0.0,EC2 - Other,i-0e2c2746b229983cb
2026-07-01T00:00:00Z,2026-07-02T00:00:00Z,True,0.0,EC2 - Other,i-0e48d56db7f28d8a5
2026-07-01T00:00:00Z,2026-07-02T00:00:00Z,True,0.0,EC2 - Other,i-0e4a772d775ad2da4
2026-07-01T00:00:00Z,2026-07-02T00:00:00Z,True,0.0,EC2 - Other,i-0e5a48086f7d157ac
2026-07-01T00:00:00Z,2026-07-02T00:00:00Z,True,0.0,EC2 - Other,i-0e64da9f9dcfd0ddc
2026-07-01T00:00:00Z,2026-07-02T00:00:00Z,True,4.0291e-06,EC2 - Other,i-0e70fab85d559c615
2026-07-01T00:00:00Z,2026-07-02T00:00:00Z,True,0.0,EC2 - Other,i-0e8b731f287ffb505
2026-07-01T00:00:00Z,2026-07-02T00:00:00Z,True,0.0,EC2 - Other,i-0ea5458d67e3f648a
2026-07-01T00:00:00Z,2026-07-02T00:00:00Z,True,0.0,EC2 - Other,i-0ee3b05ff74876b6b
2026-07-01T00:00:00Z,2026-07-02T00:00:00Z,True,0.0,EC2 - Other,i-0f0a622447ec0879a
2026-07-01T00:00:00Z,2026-07-02T00:00:00Z,True,0.0,EC2 - Other,i-0f1c035cff7a345dc
2026-07-01T00:00:00Z,2026-07-02T00:00:00Z,True,0.0,EC2 - Other,i-0f4ad554fb35f152e
2026-07-01T00:00:00Z,2026-07-02T00:00:00Z,True,0.0,EC2 - Other,i-0f4f1f7f87f4e6ae8
2026-07-01T00:00:00Z,2026-07-02T00:00:00Z,True,0.0,EC2 - Other,i-0f6b18589da8b738c
2026-07-01T00:00:00Z,2026-07-02T00:00:00Z,True,0.0,EC2 - Other,i-0faea82bb0dd57be4
2026-07-01T00:00:00Z,2026-07-02T00:00:00Z,True,0.0,EC2 - Other,i-0fbb10708b89185cb
2026-07-01T00:00:00Z,2026-07-02T00:00:00Z,True,6.43e-08,EC2 - Other,i-0fbe4995bfd329971
2026-07-01T00:00:00Z,2026-07-02T00:00:00Z,True,0.0,EC2 - Other,i-0fe08fde87b120cbd
2026-07-01T00:00:00Z,2026-07-02T00:00:00Z,True,0.0774193536,EC2 - Other,vol-0054217b60d3a15d8
2026-07-01T00:00:00Z,2026-07-02T00:00:00Z,True,0.0094341398,EC2 - Other,vol-005ce2d6f9cb27370
2026-07-01T00:00:00Z,2026-07-02T00:00:00Z,True,0.0013561828,EC2 - Other,vol-0060aff2f018e1c92
2026-07-01T00:00:00Z,2026-07-02T00:00:00Z,True,0.0014327957,EC2 - Other,vol-00632cced7ab94b09
2026-07-01T00:00:00Z,2026-07-02T00:00:00Z,True,0.0512755379,EC2 - Other,vol-0072eff02f2539a55
2026-07-01T00:00:00Z,2026-07-02T00:00:00Z,True,0.0048387097,EC2 - Other,vol-0090badc140886367
2026-07-01T00:00:00Z,2026-07-02T00:00:00Z,True,0.8670967752,EC2 - Other,vol-00cbb7ba932dbd3a4
2026-07-01T00:00:00Z,2026-07-02T00:00:00Z,True,0.0014569892,EC2 - Other,vol-00ebc6e5e9c8d797d
2026-07-01T00:00:00Z,2026-07-02T00:00:00Z,True,0.0033360215,EC2 - Other,vol-012764dd465f7ef4d
2026-07-01T00:00:00Z,2026-07-02T00:00:00Z,True,0.8670967752,EC2 - Other,vol-014b3f723fb89dc63
2026-07-01T00:00:00Z,2026-07-02T00:00:00Z,True,0.0030645161,EC2 - Other,vol-014e8c15e697f9852
2026-07-01T00:00:00Z,2026-07-02T00:00:00Z,True,0.0012271505,EC2 - Other,vol-0159da207befa8f9b
2026-07-01T00:00:00Z,2026-07-02T00:00:00Z,True,0.0053145161,EC2 - Other,vol-015f45d1a088a6d75
2026-07-01T00:00:00Z,2026-07-02T00:00:00Z,True,0.7754674133,EC2 - Other,vol-016ca8b53c29857d9
2026-07-01T00:00:00Z,2026-07-02T00:00:00Z,True,0.0014462366,EC2 - Other,vol-019b4fa850499aa5d
2026-07-01T00:00:00Z,2026-07-02T00:00:00Z,True,0.001516129,EC2 - Other,vol-01f94729d23fc0931
2026-07-01T00:00:00Z,2026-07-02T00:00:00Z,True,0.0013333333,EC2 - Other,vol-01f9ab88002832d33
2026-07-01T00:00:00Z,2026-07-02T00:00:00Z,True,0.0048387097,EC2 - Other,vol-022e2119f34825822
2026-07-01T00:00:00Z,2026-07-02T00:00:00Z,True,0.0085658602,EC2 - Other,vol-026a8607624fc49ce
2026-07-01T00:00:00Z,2026-07-02T00:00:00Z,True,0.0190013442,EC2 - Other,vol-02be887f9fbc1569d
2026-07-01T00:00:00Z,2026-07-02T00:00:00Z,True,0.0516129024,EC2 - Other,vol-02caa6b741e86c280
2026-07-01T00:00:00Z,2026-07-02T00:00:00Z,True,0.002844086,EC2 - Other,vol-02f8f24171da30e50
2026-07-01T00:00:00Z,2026-07-02T00:00:00Z,True,0.0008037634,EC2 - Other,vol-030b7e32e32e02530
2026-07-01T00:00:00Z,2026-07-02T00:00:00Z,True,0.0126061828,EC2 - Other,vol-0310e68b61a3dfe17
2026-07-01T00:00:00Z,2026-07-02T00:00:00Z,True,0.0136276882,EC2 - Other,vol-0364bf688df04f45c
2026-07-01T00:00:00Z,2026-07-02T00:00:00Z,True,0.0022862903,EC2 - Other,vol-038bc9fade46d6d41
2026-07-01T00:00:00Z,2026-07-02T00:00:00Z,True,0.0143884409,EC2 - Other,vol-0390a079dc4e57d93
2026-07-01T00:00:00Z,2026-07-02T00:00:00Z,True,0.8670967752,EC2 - Other,vol-0392bc7824a1e81e8
2026-07-01T00:00:00Z,2026-07-02T00:00:00Z,True,0.0027365591,EC2 - Other,vol-03da9b712dab6dbd0
2026-07-01T00:00:00Z,2026-07-02T00:00:00Z,True,0.0015147849,EC2 - Other,vol-03e91bf02096ef1fe
2026-07-01T00:00:00Z,2026-07-02T00:00:00Z,True,0.0125564517,EC2 - Other,vol-04034e79a94abf863
2026-07-01T00:00:00Z,2026-07-02T00:00:00Z,True,1.0864516128,EC2 - Other,vol-042a5f5daead20490
2026-07-01T00:00:00Z,2026-07-02T00:00:00Z,True,0.0031518817,EC2 - Other,vol-043373f13ac029b35
2026-07-01T00:00:00Z,2026-07-02T00:00:00Z,True,0.0153252689,EC2 - Other,vol-04417164e6c1601db
2026-07-01T00:00:00Z,2026-07-02T00:00:00Z,True,0.8670967752,EC2 - Other,vol-04646998d6f1fd325
2026-07-01T00:00:00Z,2026-07-02T00:00:00Z,True,0.0022553763,EC2 - Other,vol-048626ad2e094615a
2026-07-01T00:00:00Z,2026-07-02T00:00:00Z,True,0.0079650538,EC2 - Other,vol-04a503b2b591a2d58
2026-07-01T00:00:00Z,2026-07-02T00:00:00Z,True,0.0009274194,EC2 - Other,vol-04e4bb3e4689d7092
2026-07-01T00:00:00Z,2026-07-02T00:00:00Z,True,0.0126115592,EC2 - Other,vol-050df673f29fb1e93
2026-07-01T00:00:00Z,2026-07-02T00:00:00Z,True,0.0116048388,EC2 - Other,vol-051bf79dd45618692
2026-07-01T00:00:00Z,2026-07-02T00:00:00Z,True,0.0014852151,EC2 - Other,vol-052a6748f7d016877
2026-07-01T00:00:00Z,2026-07-02T00:00:00Z,True,0.0051612912,EC2 - Other,vol-0542fd77a5e4a4f63
2026-07-01T00:00:00Z,2026-07-02T00:00:00Z,True,0.0025322581,EC2 - Other,vol-05487cdc4c0b0b194
2026-07-01T00:00:00Z,2026-07-02T00:00:00Z,True,0.0009206989,EC2 - Other,vol-05587137f54d725f6
2026-07-01T00:00:00Z,2026-07-02T00:00:00Z,True,0.0018575269,EC2 - Other,vol-058bd76bd0c608a44
2026-07-01T00:00:00Z,2026-07-02T00:00:00Z,True,0.0151572581,EC2 - Other,vol-059068426cc52298e
2026-07-01T00:00:00Z,2026-07-02T00:00:00Z,True,0.0080013441,EC2 - Other,vol-05c0c8d680abed84d
2026-07-01T00:00:00Z,2026-07-02T00:00:00Z,True,0.0027795699,EC2 - Other,vol-05c9f5d824b7a6c24
2026-07-01T00:00:00Z,2026-07-02T00:00:00Z,True,0.0009677419,EC2 - Other,vol-05e5dbc93e8e30c4e
2026-07-01T00:00:00Z,2026-07-02T00:00:00Z,True,0.0061303764,EC2 - Other,vol-05e85ef5318b381b7
2026-07-01T00:00:00Z,2026-07-02T00:00:00Z,True,0.0028051075,EC2 - Other,vol-05ede4b430007858e
2026-07-01T00:00:00Z,2026-07-02T00:00:00Z,True,0.1161290328,EC2 - Other,vol-060f53d030d83f9a4
2026-07-01T00:00:00Z,2026-07-02T00:00:00Z,True,0.0008185484,EC2 - Other,vol-0649a71b110173526
2026-07-01T00:00:00Z,2026-07-02T00:00:00Z,True,0.0014395161,EC2 - Other,vol-0666b476d43aadde2
2026-07-01T00:00:00Z,2026-07-02T00:00:00Z,True,0.0033225806,EC2 - Other,vol-066cb10f2eccfa8c6
2026-07-01T00:00:00Z,2026-07-02T00:00:00Z,True,1.0864516128,EC2 - Other,vol-067169329e7a92af1
2026-07-01T00:00:00Z,2026-07-02T00:00:00Z,True,0.0014448925,EC2 - Other,vol-06c3997a8c3234cad
2026-07-01T00:00:00Z,2026-07-02T00:00:00Z,True,0.0124811828,EC2 - Other,vol-06daba51dc0eaa2c5
2026-07-01T00:00:00Z,2026-07-02T00:00:00Z,True,0.0952150542,EC2 - Other,vol-07024a910acd88f69
2026-07-01T00:00:00Z,2026-07-02T00:00:00Z,True,0.0138844086,EC2 - Other,vol-073042418947ba5de
2026-07-01T00:00:00Z,2026-07-02T00:00:00Z,True,0.0034556452,EC2 - Other,vol-07640aea9d2c1348a
2026-07-01T00:00:00Z,2026-07-02T00:00:00Z,True,1.0864516128,EC2 - Other,vol-076c411f48eb914a2
2026-07-01T00:00:00Z,2026-07-02T00:00:00Z,True,0.0092983871,EC2 - Other,vol-0773fd190735c14ff
2026-07-01T00:00:00Z,2026-07-02T00:00:00Z,True,0.0126303764,EC2 - Other,vol-07d0f839d83b60f2a
2026-07-01T00:00:00Z,2026-07-02T00:00:00Z,True,0.0131948925,EC2 - Other,vol-07faf64727e607483
2026-07-01T00:00:00Z,2026-07-02T00:00:00Z,True,0.0014596774,EC2 - Other,vol-083907f255fe7b5ba
2026-07-01T00:00:00Z,2026-07-02T00:00:00Z,True,0.0015120968,EC2 - Other,vol-0868ce3bbdedd223c
2026-07-01T00:00:00Z,2026-07-02T00:00:00Z,True,0.051840054,EC2 - Other,vol-08ba64451ebcd72cf
2026-07-01T00:00:00Z,2026-07-02T00:00:00Z,True,0.0033158602,EC2 - Other,vol-08ca02bec51fce70c
2026-07-01T00:00:00Z,2026-07-02T00:00:00Z,True,0.1290322584,EC2 - Other,vol-08dee3ee1394063cb
2026-07-01T00:00:00Z,2026-07-02T00:00:00Z,True,0.0010282258,EC2 - Other,vol-08e5fadaad5ece1e2
2026-07-01T00:00:00Z,2026-07-02T00:00:00Z,True,0.0064717742,EC2 - Other,vol-092054ad1ad996917
2026-07-01T00:00:00Z,2026-07-02T00:00:00Z,True,0.0055443549,EC2 - Other,vol-092a0953a92d7a3de
2026-07-01T00:00:00Z,2026-07-02T00:00:00Z,True,0.0045672043,EC2 - Other,vol-092dff0b46b9e7bca
2026-07-01T00:00:00Z,2026-07-02T00:00:00Z,True,0.0025,EC2 - Other,vol-0938e9c417281322d
2026-07-01T00:00:00Z,2026-07-02T00:00:00Z,True,1.0864516128,EC2 - Other,vol-093a32ab8711e4a4b
2026-07-01T00:00:00Z,2026-07-02T00:00:00Z,True,0.0034180108,EC2 - Other,vol-093c342f26a2b2814
2026-07-01T00:00:00Z,2026-07-02T00:00:00Z,True,0.0014798387,EC2 - Other,vol-0940e26a245c285a9
2026-07-01T00:00:00Z,2026-07-02T00:00:00Z,True,0.0206451624,EC2 - Other,vol-0941af554a7184c73
2026-07-01T00:00:00Z,2026-07-02T00:00:00Z,True,0.0206451624,EC2 - Other,vol-09454929e2c583ae7
2026-07-01T00:00:00Z,2026-07-02T00:00:00Z,True,0.0008064516,EC2 - Other,vol-09565b3508e3eb74b
2026-07-01T00:00:00Z,2026-07-02T00:00:00Z,True,0.0008010753,EC2 - Other,vol-09dcfd234d88e7fbf
2026-07-01T00:00:00Z,2026-07-02T00:00:00Z,True,0.0143938172,EC2 - Other,vol-09e15c8d6704b0024
2026-07-01T00:00:00Z,2026-07-02T00:00:00Z,True,0.0031491936,EC2 - Other,vol-0a31987163895376a
2026-07-01T00:00:00Z,2026-07-02T00:00:00Z,True,0.0508279572,EC2 - Other,vol-0a7da83921bacd42c
2026-07-01T00:00:00Z,2026-07-02T00:00:00Z,True,0.8670967752,EC2 - Other,vol-0aa3f5a0f5cdca9a0
2026-07-01T00:00:00Z,2026-07-02T00:00:00Z,True,0.0035443548,EC2 - Other,vol-0aac50d681981903b
2026-07-01T00:00:00Z,2026-07-02T00:00:00Z,True,0.0014489247,EC2 - Other,vol-0ac98e3707de6a117
2026-07-01T00:00:00Z,2026-07-02T00:00:00Z,True,0.0027379032,EC2 - Other,vol-0ad250378c26264c1
2026-07-01T00:00:00Z,2026-07-02T00:00:00Z,True,0.0133696237,EC2 - Other,vol-0ae03e436ab34b15c
2026-07-01T00:00:00Z,2026-07-02T00:00:00Z,True,0.0017903226,EC2 - Other,vol-0ae54446adbd48229
2026-07-01T00:00:00Z,2026-07-02T00:00:00Z,True,0.0206451624,EC2 - Other,vol-0af8f94e0cd058ddf
2026-07-01T00:00:00Z,2026-07-02T00:00:00Z,True,0.0016155914,EC2 - Other,vol-0afcf1fe526588b56
2026-07-01T00:00:00Z,2026-07-02T00:00:00Z,True,0.0020282258,EC2 - Other,vol-0b2cad2c3ff7b128f
2026-07-01T00:00:00Z,2026-07-02T00:00:00Z,True,0.012358871,EC2 - Other,vol-0b2fff18112469994
2026-07-01T00:00:00Z,2026-07-02T00:00:00Z,True,0.0020215054,EC2 - Other,vol-0b46c73139dda6ecb
2026-07-01T00:00:00Z,2026-07-02T00:00:00Z,True,0.012076613,EC2 - Other,vol-0b602f41ec74b1417
2026-07-01T00:00:00Z,2026-07-02T00:00:00Z,True,0.0206451624,EC2 - Other,vol-0b6a14b3d2c01264d
2026-07-01T00:00:00Z,2026-07-02T00:00:00Z,True,0.0145551076,EC2 - Other,vol-0b70a0d5e0cbe67a0
2026-07-01T00:00:00Z,2026-07-02T00:00:00Z,True,0.0051612912,EC2 - Other,vol-0b98b1e8d330cca41
2026-07-01T00:00:00Z,2026-07-02T00:00:00Z,True,0.8670967752,EC2 - Other,vol-0b99a6dcae2700982
2026-07-01T00:00:00Z,2026-07-02T00:00:00Z,True,0.0507661293,EC2 - Other,vol-0ba50256d3d9014db
2026-07-01T00:00:00Z,2026-07-02T00:00:00Z,True,0.0009475806,EC2 - Other,vol-0ba910c413b8f9c32
2026-07-01T00:00:00Z,2026-07-02T00:00:00Z,True,0.0422365593,EC2 - Other,vol-0bb015bc01e79d113
2026-07-01T00:00:00Z,2026-07-02T00:00:00Z,True,0.000813172,EC2 - Other,vol-0bd6ec3fdba241587
2026-07-01T00:00:00Z,2026-07-02T00:00:00Z,True,0.1161290328,EC2 - Other,vol-0c057094a4bd8ab5f
2026-07-01T00:00:00Z,2026-07-02T00:00:00Z,True,0.6038709672,EC2 - Other,vol-0c26833469cf6995a
2026-07-01T00:00:00Z,2026-07-02T00:00:00Z,True,0.0496344088,EC2 - Other,vol-0c5aad475c31afe3f
2026-07-01T00:00:00Z,2026-07-02T00:00:00Z,True,0.000922043,EC2 - Other,vol-0c5b4daa8622aeb43
2026-07-01T00:00:00Z,2026-07-02T00:00:00Z,True,0.0014637097,EC2 - Other,vol-0c68202783178fb21
2026-07-01T00:00:00Z,2026-07-02T00:00:00Z,True,0.8670967752,EC2 - Other,vol-0c69ba6b467620e14
2026-07-01T00:00:00Z,2026-07-02T00:00:00Z,True,0.0127204302,EC2 - Other,vol-0c8e73725b75ab25f
2026-07-01T00:00:00Z,2026-07-02T00:00:00Z,True,1.0864516128,EC2 - Other,vol-0c90d4fbaada3820a
2026-07-01T00:00:00Z,2026-07-02T00:00:00Z,True,0.0022271505,EC2 - Other,vol-0ca51cb0d02f93fe8
2026-07-01T00:00:00Z,2026-07-02T00:00:00Z,True,0.0110537635,EC2 - Other,vol-0cb3a70edb078c369
2026-07-01T00:00:00Z,2026-07-02T00:00:00Z,True,0.0009180108,EC2 - Other,vol-0cb6405bfb183d9e9
2026-07-01T00:00:00Z,2026-07-02T00:00:00Z,True,0.0009704301,EC2 - Other,vol-0cc3dadddfc3ac9de
2026-07-01T00:00:00Z,2026-07-02T00:00:00Z,True,0.001436828,EC2 - Other,vol-0cc5e3c61650a9654
2026-07-01T00:00:00Z,2026-07-02T00:00:00Z,True,0.0123239248,EC2 - Other,vol-0cf10ce4e1a9ad493
2026-07-01T00:00:00Z,2026-07-02T00:00:00Z,True,0.0051008065,EC2 - Other,vol-0d1048605a66c9a02
2026-07-01T00:00:00Z,2026-07-02T00:00:00Z,True,0.0095188172,EC2 - Other,vol-0d215a5d8f10174ff
2026-07-01T00:00:00Z,2026-07-02T00:00:00Z,True,0.001688172,EC2 - Other,vol-0d8ac2dec3ae52056
2026-07-01T00:00:00Z,2026-07-02T00:00:00Z,True,0.0012526882,EC2 - Other,vol-0d9e47da49812a72b
2026-07-01T00:00:00Z,2026-07-02T00:00:00Z,True,0.8670967752,EC2 - Other,vol-0dba752186e34e08c
2026-07-01T00:00:00Z,2026-07-02T00:00:00Z,True,0.0013830645,EC2 - Other,vol-0e4ba3b0cf9397a9a
2026-07-01T00:00:00Z,2026-07-02T00:00:00Z,True,0.0085631721,EC2 - Other,vol-0e7d56a072aacbe17
2026-07-01T00:00:00Z,2026-07-02T00:00:00Z,True,0.0154784947,EC2 - Other,vol-0e9cc006a1fe236c1
2026-07-01T00:00:00Z,2026-07-02T00:00:00Z,True,0.8670967752,EC2 - Other,vol-0ea36895cc2b979ac
2026-07-01T00:00:00Z,2026-07-02T00:00:00Z,True,0.0122513441,EC2 - Other,vol-0ea8554088c6daa10
2026-07-01T00:00:00Z,2026-07-02T00:00:00Z,True,0.0014758064,EC2 - Other,vol-0ec328925344d9aaf
2026-07-01T00:00:00Z,2026-07-02T00:00:00Z,True,0.002297043,EC2 - Other,vol-0eff3073c994676bb
2026-07-01T00:00:00Z,2026-07-02T00:00:00Z,True,0.0135228495,EC2 - Other,vol-0f202b6e67e7e8320
2026-07-01T00:00:00Z,2026-07-02T00:00:00Z,True,0.0156102151,EC2 - Other,vol-0f2047685116cd6b5
2026-07-01T00:00:00Z,2026-07-02T00:00:00Z,True,0.8670967752,EC2 - Other,vol-0f2da5c82d0de1378
2026-07-01T00:00:00Z,2026-07-02T00:00:00Z,True,1.0864516128,EC2 - Other,vol-0f5e5d7eec5982fa8
2026-07-01T00:00:00Z,2026-07-02T00:00:00Z,True,0.8670967752,EC2 - Other,vol-0f9efeb41e207d738
2026-07-01T00:00:00Z,2026-07-02T00:00:00Z,True,0.0008965054,EC2 - Other,vol-0ffbf1367fd854efa
2026-07-01T00:00:00Z,2026-07-02T00:00:00Z,True,0.0,Amazon Elastic Compute Cloud - Compute,arn:aws:ec2:ap-south-1:108782052779:natgateway/nat-01dc061291fc51e75
2026-07-01T00:00:00Z,2026-07-02T00:00:00Z,True,0.0,Amazon Elastic Compute Cloud - Compute,arn:aws:ec2:ap-south-1:108782052779:natgateway/nat-05f85018216cac061
2026-07-01T00:00:00Z,2026-07-02T00:00:00Z,True,0.0,Amazon Elastic Compute Cloud - Compute,arn:aws:ec2:eu-central-1:108782052779:natgateway/nat-0a2bfbfedf38f8e87
2026-07-01T00:00:00Z,2026-07-02T00:00:00Z,True,0.0,Amazon Elastic Compute Cloud - Compute,arn:aws:ec2:eu-central-1:108782052779:natgateway/nat-0ec6ae9605269bef4
2026-07-01T00:00:00Z,2026-07-02T00:00:00Z,True,0.0,Amazon Elastic Compute Cloud - Compute,arn:aws:ec2:us-east-1:108782052779:natgateway/nat-089a96601cfd34f9d
2026-07-01T00:00:00Z,2026-07-02T00:00:00Z,True,0.0,Amazon Elastic Compute Cloud - Compute,arn:aws:ec2:us-west-2:108782052779:natgateway/nat-00246c8ef3b9087f1
2026-07-01T00:00:00Z,2026-07-02T00:00:00Z,True,0.0,Amazon Elastic Compute Cloud - Compute,arn:aws:ec2:us-west-2:108782052779:natgateway/nat-00ac08b685fea726f
2026-07-01T00:00:00Z,2026-07-02T00:00:00Z,True,4.7047e-06,Amazon Elastic Compute Cloud - Compute,arn:aws:ec2:us-west-2:108782052779:natgateway/nat-00f3c26e43ede9b10
2026-07-01T00:00:00Z,2026-07-02T00:00:00Z,True,0.0,Amazon Elastic Compute Cloud - Compute,arn:aws:ec2:us-west-2:108782052779:natgateway/nat-0234e77781575cced
2026-07-01T00:00:00Z,2026-07-02T00:00:00Z,True,0.0012222567,Amazon Elastic Compute Cloud - Compute,arn:aws:ec2:us-west-2:171675361862:natgateway/nat-01432c586ef9dbf51
2026-07-01T00:00:00Z,2026-07-02T00:00:00Z,True,1.3988198132,Amazon Elastic Compute Cloud - Compute,i-00152cba4d018693c
2026-07-01T00:00:00Z,2026-07-02T00:00:00Z,True,1.3013785632,Amazon Elastic Compute Cloud - Compute,i-011702c927edd041e
2026-07-01T00:00:00Z,2026-07-02T00:00:00Z,True,1.4394571344,Amazon Elastic Compute Cloud - Compute,i-01231968f6c5e3896
2026-07-01T00:00:00Z,2026-07-02T00:00:00Z,True,15.6803239446,Amazon Elastic Compute Cloud - Compute,i-0143aebc62d373341
2026-07-01T00:00:00Z,2026-07-02T00:00:00Z,True,8.1071325427,Amazon Elastic Compute Cloud - Compute,i-018a4be07f5bdfa49
2026-07-01T00:00:00Z,2026-07-02T00:00:00Z,True,30.0705530364,Amazon Elastic Compute Cloud - Compute,i-01a3abe5ac8f6b4ad
2026-07-01T00:00:00Z,2026-07-02T00:00:00Z,True,1.3807054422,Amazon Elastic Compute Cloud - Compute,i-01aaf78fc2cf31e81
2026-07-01T00:00:00Z,2026-07-02T00:00:00Z,True,1.2071325651,Amazon Elastic Compute Cloud - Compute,i-01ca8ad27877dac21
2026-07-01T00:00:00Z,2026-07-02T00:00:00Z,True,19.18542759,Amazon Elastic Compute Cloud - Compute,i-01cb8ac3f1d698ff1
2026-07-01T00:00:00Z,2026-07-02T00:00:00Z,True,3.9936,Amazon Elastic Compute Cloud - Compute,i-01db42c813d037c0e
2026-07-01T00:00:00Z,2026-07-02T00:00:00Z,True,8.1080091147,Amazon Elastic Compute Cloud - Compute,i-02876b4893e5654c2
2026-07-01T00:00:00Z,2026-07-02T00:00:00Z,True,0.4639593513,Amazon Elastic Compute Cloud - Compute,i-028db1a33e65cbccf
2026-07-01T00:00:00Z,2026-07-02T00:00:00Z,True,0.2496,Amazon Elastic Compute Cloud - Compute,i-02ffc986b48f04b81
2026-07-01T00:00:00Z,2026-07-02T00:00:00Z,True,12.67373247,Amazon Elastic Compute Cloud - Compute,i-03261a93d1967cdcd
2026-07-01T00:00:00Z,2026-07-02T00:00:00Z,True,1.3316944849,Amazon Elastic Compute Cloud - Compute,i-032b460ced1805540
2026-07-01T00:00:00Z,2026-07-02T00:00:00Z,True,31.3401952671,Amazon Elastic Compute Cloud - Compute,i-03685d721dfcc17bf
2026-07-01T00:00:00Z,2026-07-02T00:00:00Z,True,18.2288097099,Amazon Elastic Compute Cloud - Compute,i-03bb8a115af1c1a11
2026-07-01T00:00:00Z,2026-07-02T00:00:00Z,True,15.2784633072,Amazon Elastic Compute Cloud - Compute,i-03c2407b6469f2cc9
2026-07-01T00:00:00Z,2026-07-02T00:00:00Z,True,1.3858328434,Amazon Elastic Compute Cloud - Compute,i-03cd31a7321876f06
2026-07-01T00:00:00Z,2026-07-02T00:00:00Z,True,0.2496,Amazon Elastic Compute Cloud - Compute,i-03cd726ad5d7f3f3d
2026-07-01T00:00:00Z,2026-07-02T00:00:00Z,True,9.45781494,Amazon Elastic Compute Cloud - Compute,i-03d7243b25c11e7fc
2026-07-01T00:00:00Z,2026-07-02T00:00:00Z,True,1.792919,Amazon Elastic Compute Cloud - Compute,i-040e6b146eb03d7a5
2026-07-01T00:00:00Z,2026-07-02T00:00:00Z,True,11.93774253,Amazon Elastic Compute Cloud - Compute,i-0420cc296bbb3ede3
2026-07-01T00:00:00Z,2026-07-02T00:00:00Z,True,34.5051484092,Amazon Elastic Compute Cloud - Compute,i-043958ce0f94bc552
2026-07-01T00:00:00Z,2026-07-02T00:00:00Z,True,12.7008011791,Amazon Elastic Compute Cloud - Compute,i-0453760b2165bcf38
2026-07-01T00:00:00Z,2026-07-02T00:00:00Z,True,1.2009292344,Amazon Elastic Compute Cloud - Compute,i-045716ec182c22625
2026-07-01T00:00:00Z,2026-07-02T00:00:00Z,True,6.0691788835,Amazon Elastic Compute Cloud - Compute,i-04736bcc5923da545
2026-07-01T00:00:00Z,2026-07-02T00:00:00Z,True,0.4405447014,Amazon Elastic Compute Cloud - Compute,i-047bc30f89963d894
2026-07-01T00:00:00Z,2026-07-02T00:00:00Z,True,20.22789741,Amazon Elastic Compute Cloud - Compute,i-04bed4a39e890d73e
2026-07-01T00:00:00Z,2026-07-02T00:00:00Z,True,0.1248,Amazon Elastic Compute Cloud - Compute,i-04d3a8c6aae87f818
2026-07-01T00:00:00Z,2026-07-02T00:00:00Z,True,32.1276128516,Amazon Elastic Compute Cloud - Compute,i-0504cae8310bae312
2026-07-01T00:00:00Z,2026-07-02T00:00:00Z,True,1.3316944849,Amazon Elastic Compute Cloud - Compute,i-053f105e715852211
2026-07-01T00:00:00Z,2026-07-02T00:00:00Z,True,1.2102144453,Amazon Elastic Compute Cloud - Compute,i-05700a0f5a4e2e20c
2026-07-01T00:00:00Z,2026-07-02T00:00:00Z,True,1.3618705792,Amazon Elastic Compute Cloud - Compute,i-05aa6cb4b17a03009
2026-07-01T00:00:00Z,2026-07-02T00:00:00Z,True,8.0172173299,Amazon Elastic Compute Cloud - Compute,i-05de16a24310099c5
2026-07-01T00:00:00Z,2026-07-02T00:00:00Z,True,80.2601013338,Amazon Elastic Compute Cloud - Compute,i-05de2b02daac7a9fc
2026-07-01T00:00:00Z,2026-07-02T00:00:00Z,True,1.1124338487,Amazon Elastic Compute Cloud - Compute,i-05fd0dbb02233c2fa
2026-07-01T00:00:00Z,2026-07-02T00:00:00Z,True,0.4856328672,Amazon Elastic Compute Cloud - Compute,i-05fe8b336c2a21516
2026-07-01T00:00:00Z,2026-07-02T00:00:00Z,True,114.509856,Amazon Elastic Compute Cloud - Compute,i-062b70471b26d629b
2026-07-01T00:00:00Z,2026-07-02T00:00:00Z,True,1.3879999368,Amazon Elastic Compute Cloud - Compute,i-063c11686a45ca8c6
2026-07-01T00:00:00Z,2026-07-02T00:00:00Z,True,4.131509,Amazon Elastic Compute Cloud - Compute,i-0652bcb5430cf8981
2026-07-01T00:00:00Z,2026-07-02T00:00:00Z,True,65.7959695824,Amazon Elastic Compute Cloud - Compute,i-0655e1a29634ade1d
2026-07-01T00:00:00Z,2026-07-02T00:00:00Z,True,1.9397302344,Amazon Elastic Compute Cloud - Compute,i-068f2ca46f5ba3e9b
2026-07-01T00:00:00Z,2026-07-02T00:00:00Z,True,7.2192,Amazon Elastic Compute Cloud - Compute,i-068f3aad2bedb9fa6
2026-07-01T00:00:00Z,2026-07-02T00:00:00Z,True,19.22858994,Amazon Elastic Compute Cloud - Compute,i-069608a57415d8d66
2026-07-01T00:00:00Z,2026-07-02T00:00:00Z,True,5.3536990344,Amazon Elastic Compute Cloud - Compute,i-06ab916c655723580
2026-07-01T00:00:00Z,2026-07-02T00:00:00Z,True,30.6652205454,Amazon Elastic Compute Cloud - Compute,i-06b8bf78a9f073be0
2026-07-01T00:00:00Z,2026-07-02T00:00:00Z,True,0.4579042986,Amazon Elastic Compute Cloud - Compute,i-06f1f8aa1f487f879
2026-07-01T00:00:00Z,2026-07-02T00:00:00Z,True,6.9031746868,Amazon Elastic Compute Cloud - Compute,i-070e89c353b79aad5
2026-07-01T00:00:00Z,2026-07-02T00:00:00Z,True,8.92470747,Amazon Elastic Compute Cloud - Compute,i-0747d94b7dcf907d3
2026-07-01T00:00:00Z,2026-07-02T00:00:00Z,True,4.7811147349,Amazon Elastic Compute Cloud - Compute,i-076be6733237ee05e
2026-07-01T00:00:00Z,2026-07-02T00:00:00Z,True,4.6511982651,Amazon Elastic Compute Cloud - Compute,i-0777b84d85b44b53f
2026-07-01T00:00:00Z,2026-07-02T00:00:00Z,True,7.9878926369,Amazon Elastic Compute Cloud - Compute,i-07df3a933e4839f52
2026-07-01T00:00:00Z,2026-07-02T00:00:00Z,True,1.55183994,Amazon Elastic Compute Cloud - Compute,i-082e2f22d4f27cbed
2026-07-01T00:00:00Z,2026-07-02T00:00:00Z,True,1.2009292344,Amazon Elastic Compute Cloud - Compute,i-084c1f60540cff04e
2026-07-01T00:00:00Z,2026-07-02T00:00:00Z,True,18.69548247,Amazon Elastic Compute Cloud - Compute,i-084e85751a8a0b40e
2026-07-01T00:00:00Z,2026-07-02T00:00:00Z,True,6.081289339,Amazon Elastic Compute Cloud - Compute,i-085567eb2fdd045d2
2026-07-01T00:00:00Z,2026-07-02T00:00:00Z,True,4.5390552396,Amazon Elastic Compute Cloud - Compute,i-085d3123e32fd8511
2026-07-01T00:00:00Z,2026-07-02T00:00:00Z,True,5.4053183844,Amazon Elastic Compute Cloud - Compute,i-08728324bf341a2f9
2026-07-01T00:00:00Z,2026-07-02T00:00:00Z,True,1.3879999368,Amazon Elastic Compute Cloud - Compute,i-08dbebe21d443d38f
2026-07-01T00:00:00Z,2026-07-02T00:00:00Z,True,2.3957838828,Amazon Elastic Compute Cloud - Compute,i-08f6a48c657a55a48
2026-07-01T00:00:00Z,2026-07-02T00:00:00Z,True,1.4417186922,Amazon Elastic Compute Cloud - Compute,i-08fe81ebc71b03171
2026-07-01T00:00:00Z,2026-07-02T00:00:00Z,True,7.2195164869,Amazon Elastic Compute Cloud - Compute,i-09126000eb19643b0
2026-07-01T00:00:00Z,2026-07-02T00:00:00Z,True,5.535599339,Amazon Elastic Compute Cloud - Compute,i-09177a03a83aa1621
2026-07-01T00:00:00Z,2026-07-02T00:00:00Z,True,13.9191988313,Amazon Elastic Compute Cloud - Compute,i-096ac5a7f491c81a0
2026-07-01T00:00:00Z,2026-07-02T00:00:00Z,True,34.8699847608,Amazon Elastic Compute Cloud - Compute,i-0972556ef159eea26
2026-07-01T00:00:00Z,2026-07-02T00:00:00Z,True,0.3927992986,Amazon Elastic Compute Cloud - Compute,i-0998995839c4f248f
2026-07-01T00:00:00Z,2026-07-02T00:00:00Z,True,4.9384880033,Amazon Elastic Compute Cloud - Compute,i-099900db610a9f171
2026-07-01T00:00:00Z,2026-07-02T00:00:00Z,True,18.61778247,Amazon Elastic Compute Cloud - Compute,i-09af591513e4c2535
2026-07-01T00:00:00Z,2026-07-02T00:00:00Z,True,19.35809253,Amazon Elastic Compute Cloud - Compute,i-09bc06431f47c8a5e
2026-07-01T00:00:00Z,2026-07-02T00:00:00Z,True,1.2992192651,Amazon Elastic Compute Cloud - Compute,i-09c47be8660e56806
2026-07-01T00:00:00Z,2026-07-02T00:00:00Z,True,1.4193184896,Amazon Elastic Compute Cloud - Compute,i-09df26af9b6b76d73
2026-07-01T00:00:00Z,2026-07-02T00:00:00Z,True,0.4992,Amazon Elastic Compute Cloud - Compute,i-09f66b3f11ea42c60
2026-07-01T00:00:00Z,2026-07-02T00:00:00Z,True,27.1571686954,Amazon Elastic Compute Cloud - Compute,i-0a0f1f64193df9d30
2026-07-01T00:00:00Z,2026-07-02T00:00:00Z,True,0.38648925,Amazon Elastic Compute Cloud - Compute,i-0a53c814ea6a1c89d
2026-07-01T00:00:00Z,2026-07-02T00:00:00Z,True,77.7277460831,Amazon Elastic Compute Cloud - Compute,i-0a6ae478eb4d8fc0d
2026-07-01T00:00:00Z,2026-07-02T00:00:00Z,True,7.2192,Amazon Elastic Compute Cloud - Compute,i-0a70e6af119b993f3
2026-07-01T00:00:00Z,2026-07-02T00:00:00Z,True,113.1113363856,Amazon Elastic Compute Cloud - Compute,i-0a8fcca0fd1b2e66f
2026-07-01T00:00:00Z,2026-07-02T00:00:00Z,True,1.3013785632,Amazon Elastic Compute Cloud - Compute,i-0aa1a9f2b1f53f543
2026-07-01T00:00:00Z,2026-07-02T00:00:00Z,True,1.1083456513,Amazon Elastic Compute Cloud - Compute,i-0ab4ff28f3933edb5
2026-07-01T00:00:00Z,2026-07-02T00:00:00Z,True,0.2496,Amazon Elastic Compute Cloud - Compute,i-0ab7116abc8229a16
2026-07-01T00:00:00Z,2026-07-02T00:00:00Z,True,62.7587,Amazon Elastic Compute Cloud - Compute,i-0ab9bc7c044e95236
2026-07-01T00:00:00Z,2026-07-02T00:00:00Z,True,7.534492223,Amazon Elastic Compute Cloud - Compute,i-0abc75fa76db188b9
2026-07-01T00:00:00Z,2026-07-02T00:00:00Z,True,1.1346526868,Amazon Elastic Compute Cloud - Compute,i-0abd3c11993ec5e96
2026-07-01T00:00:00Z,2026-07-02T00:00:00Z,True,1.1812937662,Amazon Elastic Compute Cloud - Compute,i-0af29429692217690
2026-07-01T00:00:00Z,2026-07-02T00:00:00Z,True,8.0173946792,Amazon Elastic Compute Cloud - Compute,i-0b13373722116c733
2026-07-01T00:00:00Z,2026-07-02T00:00:00Z,True,27.5363135915,Amazon Elastic Compute Cloud - Compute,i-0b2396f22dba6d521
2026-07-01T00:00:00Z,2026-07-02T00:00:00Z,True,1.3013785632,Amazon Elastic Compute Cloud - Compute,i-0b3bd4b1dbfb372d3
2026-07-01T00:00:00Z,2026-07-02T00:00:00Z,True,2.1401995104,Amazon Elastic Compute Cloud - Compute,i-0b4e8cbe40ce3ba2a
2026-07-01T00:00:00Z,2026-07-02T00:00:00Z,True,8.0174455367,Amazon Elastic Compute Cloud - Compute,i-0b6713cc15f74d360
2026-07-01T00:00:00Z,2026-07-02T00:00:00Z,True,150.85935259,Amazon Elastic Compute Cloud - Compute,i-0b6cde14f34ae3c39
2026-07-01T00:00:00Z,2026-07-02T00:00:00Z,True,7.1592,Amazon Elastic Compute Cloud - Compute,i-0b8b56f542736a810
2026-07-01T00:00:00Z,2026-07-02T00:00:00Z,True,62.7587,Amazon Elastic Compute Cloud - Compute,i-0bbfcf9f67ebd2fb4
2026-07-01T00:00:00Z,2026-07-02T00:00:00Z,True,20.8469833124,Amazon Elastic Compute Cloud - Compute,i-0c2758b0b70d5f155
2026-07-01T00:00:00Z,2026-07-02T00:00:00Z,True,20.6682,Amazon Elastic Compute Cloud - Compute,i-0c5e00b4a6c4111a0
2026-07-01T00:00:00Z,2026-07-02T00:00:00Z,True,1.3879999368,Amazon Elastic Compute Cloud - Compute,i-0c8652f8198ada386
2026-07-01T00:00:00Z,2026-07-02T00:00:00Z,True,1.3295351868,Amazon Elastic Compute Cloud - Compute,i-0ca14937740579b00
2026-07-01T00:00:00Z,2026-07-02T00:00:00Z,True,0.8064,Amazon Elastic Compute Cloud - Compute,i-0cce1c2d935e86786
2026-07-01T00:00:00Z,2026-07-02T00:00:00Z,True,1.5750448461,Amazon Elastic Compute Cloud - Compute,i-0ce8ae71217f6acac
2026-07-01T00:00:00Z,2026-07-02T00:00:00Z,True,7.24984512,Amazon Elastic Compute Cloud - Compute,i-0cfb3124a6e14bde1
2026-07-01T00:00:00Z,2026-07-02T00:00:00Z,True,1.1820177338,Amazon Elastic Compute Cloud - Compute,i-0d17b76901e6cd923
2026-07-01T00:00:00Z,2026-07-02T00:00:00Z,True,1.2102144453,Amazon Elastic Compute Cloud - Compute,i-0d1ee529b1f0e3954
2026-07-01T00:00:00Z,2026-07-02T00:00:00Z,True,4.1257274688,Amazon Elastic Compute Cloud - Compute,i-0d480671d0e0908b5
2026-07-01T00:00:00Z,2026-07-02T00:00:00Z,True,7.6450564885,Amazon Elastic Compute Cloud - Compute,i-0d5bfae5da8a88f21
2026-07-01T00:00:00Z,2026-07-02T00:00:00Z,True,7.85633247,Amazon Elastic Compute Cloud - Compute,i-0d5f088776a174414
2026-07-01T00:00:00Z,2026-07-02T00:00:00Z,True,25.4016028008,Amazon Elastic Compute Cloud - Compute,i-0da4185030bbccc2b
2026-07-01T00:00:00Z,2026-07-02T00:00:00Z,True,1.4042176953,Amazon Elastic Compute Cloud - Compute,i-0dc3eaeea53e815e2
2026-07-01T00:00:00Z,2026-07-02T00:00:00Z,True,19.49837988,Amazon Elastic Compute Cloud - Compute,i-0dcf9c2a0c60a96b7
2026-07-01T00:00:00Z,2026-07-02T00:00:00Z,True,8.0173413073,Amazon Elastic Compute Cloud - Compute,i-0de9e3f8d3208cf03
2026-07-01T00:00:00Z,2026-07-02T00:00:00Z,True,1.1887691172,Amazon Elastic Compute Cloud - Compute,i-0e1eebb1b5a512e8e
2026-07-01T00:00:00Z,2026-07-02T00:00:00Z,True,26.0688227318,Amazon Elastic Compute Cloud - Compute,i-0e276912ed83d9fd3
2026-07-01T00:00:00Z,2026-07-02T00:00:00Z,True,5.2087255578,Amazon Elastic Compute Cloud - Compute,i-0e2c2746b229983cb
2026-07-01T00:00:00Z,2026-07-02T00:00:00Z,True,82.9742888313,Amazon Elastic Compute Cloud - Compute,i-0e48d56db7f28d8a5
2026-07-01T00:00:00Z,2026-07-02T00:00:00Z,True,4.3913497349,Amazon Elastic Compute Cloud - Compute,i-0e4a772d775ad2da4
2026-07-01T00:00:00Z,2026-07-02T00:00:00Z,True,28.0987424438,Amazon Elastic Compute Cloud - Compute,i-0e5a48086f7d157ac
2026-07-01T00:00:00Z,2026-07-02T00:00:00Z,True,1.29284253,Amazon Elastic Compute Cloud - Compute,i-0e64da9f9dcfd0ddc
2026-07-01T00:00:00Z,2026-07-02T00:00:00Z,True,8.017328213,Amazon Elastic Compute Cloud - Compute,i-0e70fab85d559c615
2026-07-01T00:00:00Z,2026-07-02T00:00:00Z,True,1.7491111302,Amazon Elastic Compute Cloud - Compute,i-0e8b731f287ffb505
2026-07-01T00:00:00Z,2026-07-02T00:00:00Z,True,1.1978864688,Amazon Elastic Compute Cloud - Compute,i-0ea5458d67e3f648a
2026-07-01T00:00:00Z,2026-07-02T00:00:00Z,True,22.047375,Amazon Elastic Compute Cloud - Compute,i-0ee3b05ff74876b6b
2026-07-01T00:00:00Z,2026-07-02T00:00:00Z,True,1.3013785632,Amazon Elastic Compute Cloud - Compute,i-0f0a622447ec0879a
2026-07-01T00:00:00Z,2026-07-02T00:00:00Z,True,11.868675,Amazon Elastic Compute Cloud - Compute,i-0f1c035cff7a345dc
2026-07-01T00:00:00Z,2026-07-02T00:00:00Z,True,1.3784438844,Amazon Elastic Compute Cloud - Compute,i-0f4ad554fb35f152e
2026-07-01T00:00:00Z,2026-07-02T00:00:00Z,True,28.0605912318,Amazon Elastic Compute Cloud - Compute,i-0f4f1f7f87f4e6ae8
2026-07-01T00:00:00Z,2026-07-02T00:00:00Z,True,0.5647596384,Amazon Elastic Compute Cloud - Compute,i-0f6b18589da8b738c
2026-07-01T00:00:00Z,2026-07-02T00:00:00Z,True,34.8639128516,Amazon Elastic Compute Cloud - Compute,i-0faea82bb0dd57be4
2026-07-01T00:00:00Z,2026-07-02T00:00:00Z,True,1.3879999368,Amazon Elastic Compute Cloud - Compute,i-0fbb10708b89185cb
2026-07-01T00:00:00Z,2026-07-02T00:00:00Z,True,9.1153228824,Amazon Elastic Compute Cloud - Compute,i-0fbe4995bfd329971
2026-07-01T00:00:00Z,2026-07-02T00:00:00Z,True,1.3535911539,Amazon Elastic Compute Cloud - Compute,i-0fe08fde87b120cbd
2026-07-01T00:00:00Z,2026-07-02T00:00:00Z,True,0.2016,Amazon Elastic Compute Cloud - Compute,i-0fec5d1a28b6d27aa
2026-07-01T00:00:00Z,2026-07-02T00:00:00Z,True,0.54,Amazon Elastic Load Balancing,arn:aws:elasticloadbalancing:us-east-1:108782052779:loadbalancer/net/lsmc-privatelink-nlb/4ead0a65121bd679
2026-07-01T00:00:00Z,2026-07-02T00:00:00Z,True,0.5402023898,Amazon Elastic Load Balancing,arn:aws:elasticloadbalancing:us-west-2:108782052779:loadbalancer/app/lsmc-mvp-dev-alb/e86b7b9ac25ed9d8
2026-07-01T00:00:00Z,2026-07-02T00:00:00Z,True,0.54,Amazon Elastic Load Balancing,arn:aws:elasticloadbalancing:us-west-2:108782052779:loadbalancer/app/terrarium-dev-internal-api/dd105d658089a82a
2026-07-01T00:00:00Z,2026-07-02T00:00:00Z,True,0.54,Amazon Elastic Load Balancing,arn:aws:elasticloadbalancing:us-west-2:108782052779:loadbalancer/app/terrarium-prod-internal-api/1a28c6e51ad0f2bf
2026-07-01T00:00:00Z,2026-07-02T00:00:00Z,True,32.5180998577,Amazon FSx,arn:aws:fsx:us-west-2:108782052779:file-system/fs-02cac31094f973e29
2026-07-01T00:00:00Z,2026-07-02T00:00:00Z,True,43.3573237548,Amazon FSx,arn:aws:fsx:us-west-2:108782052779:file-system/fs-07fb3448c1cb30c1c
2026-07-01T00:00:00Z,2026-07-02T00:00:00Z,True,23.3801090603,Amazon FSx,arn:aws:fsx:us-west-2:108782052779:file-system/fs-0dd06f7c3c3e0c1ef
2026-07-01T00:00:00Z,2026-07-02T00:00:00Z,True,0.0001327992,Amazon Relational Database Service,arn:aws:rds:us-east-1:108782052779:cluster-snapshot:day-dr-drill-snap-use1-20260619
2026-07-01T00:00:00Z,2026-07-02T00:00:00Z,True,9.03264e-05,Amazon Relational Database Service,arn:aws:rds:us-east-1:108782052779:cluster-snapshot:dayhoff-dr-drill-use1-20260522-snap
2026-07-01T00:00:00Z,2026-07-02T00:00:00Z,True,4.21368e-05,Amazon Relational Database Service,arn:aws:rds:us-east-1:108782052779:cluster-snapshot:dayhoff-inx-inf5-precleanup-20260528t174313z
2026-07-01T00:00:00Z,2026-07-02T00:00:00Z,True,3.19769e-05,Amazon Relational Database Service,arn:aws:rds:us-east-1:108782052779:cluster-snapshot:marvain-john-major-dev-snapshot-auroracluster-ctvfy1tkxd1i
2026-07-01T00:00:00Z,2026-07-02T00:00:00Z,True,0.0687998992,Amazon Relational Database Service,arn:aws:rds:us-east-1:108782052779:cluster:cluster-bhclwskm5mcqb7l7keks2bcha4
2026-07-01T00:00:00Z,2026-07-02T00:00:00Z,True,0.0671361926,Amazon Relational Database Service,arn:aws:rds:us-east-1:108782052779:cluster:cluster-dxfa6cony33dulps7brbbihkji
2026-07-01T00:00:00Z,2026-07-02T00:00:00Z,True,0.0830820229,Amazon Relational Database Service,arn:aws:rds:us-east-1:108782052779:cluster:cluster-kym7xbonz4xygugh5dp33j3dci
2026-07-01T00:00:00Z,2026-07-02T00:00:00Z,True,0.0522686136,Amazon Relational Database Service,arn:aws:rds:us-east-1:108782052779:cluster:cluster-pqpacrqo2fxszto7u4maw3velu
2026-07-01T00:00:00Z,2026-07-02T00:00:00Z,True,6.24,Amazon Relational Database Service,arn:aws:rds:us-east-1:108782052779:db:auruse1-writer
2026-07-01T00:00:00Z,2026-07-02T00:00:00Z,True,6.32353033,Amazon Relational Database Service,arn:aws:rds:us-east-1:108782052779:db:dayhoff-dr-drill-use1-20260522-instance-1
2026-07-01T00:00:00Z,2026-07-02T00:00:00Z,True,6.32401376,Amazon Relational Database Service,arn:aws:rds:us-east-1:108782052779:db:dayhoff-dr-drill-use1-20260522-reader-api
2026-07-01T00:00:00Z,2026-07-02T00:00:00Z,True,6.32457752,Amazon Relational Database Service,arn:aws:rds:us-east-1:108782052779:db:dayhoff-dr-drill-use1-20260522-reader-ha
2026-07-01T00:00:00Z,2026-07-02T00:00:00Z,True,1.752,Amazon Relational Database Service,arn:aws:rds:us-east-1:108782052779:db:dev-writer
2026-07-01T00:00:00Z,2026-07-02T00:00:00Z,True,6.004226544,Amazon Relational Database Service,arn:aws:rds:us-east-1:108782052779:db:dr-drill-5-dayhoff-day-dr-drill-use1-20260619
2026-07-01T00:00:00Z,2026-07-02T00:00:00Z,True,1.6395337558,Amazon Relational Database Service,arn:aws:rds:us-east-1:108782052779:db:dr-drill-standalone-use1-20260526
2026-07-01T00:00:00Z,2026-07-02T00:00:00Z,True,9.02952e-05,Amazon Relational Database Service,arn:aws:rds:us-west-2:108782052779:cluster-snapshot:backup-recovery-east1
2026-07-01T00:00:00Z,2026-07-02T00:00:00Z,True,2.7672e-05,Amazon Relational Database Service,arn:aws:rds:us-west-2:108782052779:cluster-snapshot:labcoredb-final-snapshot
2026-07-01T00:00:00Z,2026-07-02T00:00:00Z,True,0.0,Amazon Relational Database Service,arn:aws:rds:us-west-2:108782052779:cluster-snapshot:tapdb-dev-snapshot-auroracluster-9vwkztxfug25
2026-07-01T00:00:00Z,2026-07-02T00:00:00Z,True,0.0,Amazon Relational Database Service,arn:aws:rds:us-west-2:108782052779:cluster-snapshot:tapdb-dev-snapshot-auroracluster-elgxviyi30sp
2026-07-01T00:00:00Z,2026-07-02T00:00:00Z,True,0.0,Amazon Relational Database Service,arn:aws:rds:us-west-2:108782052779:cluster-snapshot:tapdb-dev-snapshot-auroracluster-serncerfuorz
2026-07-01T00:00:00Z,2026-07-02T00:00:00Z,True,0.0624280808,Amazon Relational Database Service,arn:aws:rds:us-west-2:108782052779:cluster:cluster-4lrvijmaljrxw3emlp7ao4tioe
2026-07-01T00:00:00Z,2026-07-02T00:00:00Z,True,0.06161196,Amazon Relational Database Service,arn:aws:rds:us-west-2:108782052779:cluster:cluster-aa24mjp2wjnsfofgxghaxwhvku
2026-07-01T00:00:00Z,2026-07-02T00:00:00Z,True,0.05972693,Amazon Relational Database Service,arn:aws:rds:us-west-2:108782052779:cluster:cluster-axxvxcfqcs53p4uqziwtcjft7m
2026-07-01T00:00:00Z,2026-07-02T00:00:00Z,True,0.0585863584,Amazon Relational Database Service,arn:aws:rds:us-west-2:108782052779:cluster:cluster-f5lzubv26w3xt5cgdvgfoyhjei
2026-07-01T00:00:00Z,2026-07-02T00:00:00Z,True,0.0020165208,Amazon Relational Database Service,arn:aws:rds:us-west-2:108782052779:cluster:cluster-o6yhev2r7ksumoenusvgvwrrae
2026-07-01T00:00:00Z,2026-07-02T00:00:00Z,True,0.00046302,Amazon Relational Database Service,arn:aws:rds:us-west-2:108782052779:cluster:cluster-rit4q5trwzhy6wvk7wvbpfmqam
2026-07-01T00:00:00Z,2026-07-02T00:00:00Z,True,0.4581935472,Amazon Relational Database Service,arn:aws:rds:us-west-2:108782052779:db:aquarium-dev-db
2026-07-01T00:00:00Z,2026-07-02T00:00:00Z,True,6.27954719,Amazon Relational Database Service,arn:aws:rds:us-west-2:108782052779:db:dayhoff-dr-drill-20260521-instance-1
2026-07-01T00:00:00Z,2026-07-02T00:00:00Z,True,6.28019157,Amazon Relational Database Service,arn:aws:rds:us-west-2:108782052779:db:dayhoff-dr-drill-20260521-reader-api
2026-07-01T00:00:00Z,2026-07-02T00:00:00Z,True,6.28123876,Amazon Relational Database Service,arn:aws:rds:us-west-2:108782052779:db:dayhoff-dr-drill-20260521-reader-ha
2026-07-01T00:00:00Z,2026-07-02T00:00:00Z,True,6.624,Amazon Relational Database Service,arn:aws:rds:us-west-2:108782052779:db:dayhoff-lsmcok1-tapdb-writer
2026-07-01T00:00:00Z,2026-07-02T00:00:00Z,True,17.232,Amazon Relational Database Service,arn:aws:rds:us-west-2:108782052779:db:dayhoff-lsmcq7-tapdb-reader-api
2026-07-01T00:00:00Z,2026-07-02T00:00:00Z,True,17.232,Amazon Relational Database Service,arn:aws:rds:us-west-2:108782052779:db:dayhoff-lsmcq7-tapdb-reader-ha
2026-07-01T00:00:00Z,2026-07-02T00:00:00Z,True,34.464,Amazon Relational Database Service,arn:aws:rds:us-west-2:108782052779:db:dayhoff-lsmcq7-tapdb-writer
2026-07-01T00:00:00Z,2026-07-02T00:00:00Z,True,6.24,Amazon Relational Database Service,arn:aws:rds:us-west-2:108782052779:db:dev-writer
2026-07-01T00:00:00Z,2026-07-02T00:00:00Z,True,2.301935484,Amazon Relational Database Service,arn:aws:rds:us-west-2:108782052779:db:dr-drill-standalone-20260521
2026-07-01T00:00:00Z,2026-07-02T00:00:00Z,True,7.6803777778,Amazon Relational Database Service,arn:aws:rds:us-west-2:108782052779:db:labcore-dev-instance-1
2026-07-01T00:00:00Z,2026-07-02T00:00:00Z,True,0.091628096,Amazon Relational Database Service,arn:aws:rds:us-west-2:108782052779:db:lsmc-mvp-v1-event-sink-db
2026-07-01T00:00:00Z,2026-07-02T00:00:00Z,True,1.752,Amazon Relational Database Service,arn:aws:rds:us-west-2:108782052779:db:staging-writer
2026-07-01T00:00:00Z,2026-07-02T00:00:00Z,True,0.4581935472,Amazon Relational Database Service,arn:aws:rds:us-west-2:108782052779:db:terrarium-dev-db
2026-07-01T00:00:00Z,2026-07-02T00:00:00Z,True,0.4581935472,Amazon Relational Database Service,arn:aws:rds:us-west-2:108782052779:db:terrarium-prod-db
2026-07-01T00:00:00Z,2026-07-02T00:00:00Z,True,0.0112683036,Amazon Simple Storage Service,NoResourceId
2026-07-01T00:00:00Z,2026-07-02T00:00:00Z,True,0.0122404845,Amazon Simple Storage Service,aquarium-tfstate-dev
2026-07-01T00:00:00Z,2026-07-02T00:00:00Z,True,0.0122397105,Amazon Simple Storage Service,aquarium-tfstate-prod
2026-07-01T00:00:00Z,2026-07-02T00:00:00Z,True,0.0,Amazon Simple Storage Service,arn:aws:s3:::aquarium-tfstate-dev
2026-07-01T00:00:00Z,2026-07-02T00:00:00Z,True,0.0,Amazon Simple Storage Service,arn:aws:s3:::aquarium-tfstate-prod
2026-07-01T00:00:00Z,2026-07-02T00:00:00Z,True,0.0,Amazon Simple Storage Service,arn:aws:s3:::asterism-note-screenshots-dev
2026-07-01T00:00:00Z,2026-07-02T00:00:00Z,True,0.0,Amazon Simple Storage Service,arn:aws:s3:::aws-sam-cli-managed-default-samclisourcebucket-wyvracmmocbp
2026-07-01T00:00:00Z,2026-07-02T00:00:00Z,True,0.0,Amazon Simple Storage Service,arn:aws:s3:::cdk-hnb659fds-assets-108782052779-us-east-1
2026-07-01T00:00:00Z,2026-07-02T00:00:00Z,True,0.0,Amazon Simple Storage Service,arn:aws:s3:::cdk-hnb659fds-assets-108782052779-us-west-2
2026-07-01T00:00:00Z,2026-07-02T00:00:00Z,True,0.0,Amazon Simple Storage Service,arn:aws:s3:::cf-templates-pfrobpqqun1c-us-east-2
2026-07-01T00:00:00Z,2026-07-02T00:00:00Z,True,0.0,Amazon Simple Storage Service,arn:aws:s3:::daylily-customer-lsmc-a0477268
2026-07-01T00:00:00Z,2026-07-02T00:00:00Z,True,0.0,Amazon Simple Storage Service,arn:aws:s3:::ironwood-cobalt-seq
2026-07-01T00:00:00Z,2026-07-02T00:00:00Z,True,0.0,Amazon Simple Storage Service,arn:aws:s3:::ironwood-cobalt-seq-logs
2026-07-01T00:00:00Z,2026-07-02T00:00:00Z,True,0.0,Amazon Simple Storage Service,arn:aws:s3:::ironwood-meridian-seq
2026-07-01T00:00:00Z,2026-07-02T00:00:00Z,True,0.0,Amazon Simple Storage Service,arn:aws:s3:::ironwood-meridian-seq-logs
2026-07-01T00:00:00Z,2026-07-02T00:00:00Z,True,0.0,Amazon Simple Storage Service,arn:aws:s3:::lsmc-atlas-demo
2026-07-01T00:00:00Z,2026-07-02T00:00:00Z,True,0.0,Amazon Simple Storage Service,arn:aws:s3:::lsmc-atlas-dev
2026-07-01T00:00:00Z,2026-07-02T00:00:00Z,True,0.0,Amazon Simple Storage Service,arn:aws:s3:::lsmc-bio-oauth-static-site-108782052779-us-east-1
2026-07-01T00:00:00Z,2026-07-02T00:00:00Z,True,0.0,Amazon Simple Storage Service,arn:aws:s3:::lsmc-cloudtrail-archive
2026-07-01T00:00:00Z,2026-07-02T00:00:00Z,True,0.0,Amazon Simple Storage Service,arn:aws:s3:::lsmc-copy-ultimagen-lsmc-cro-316
2026-07-01T00:00:00Z,2026-07-02T00:00:00Z,True,0.0,Amazon Simple Storage Service,arn:aws:s3:::lsmc-datalake-raw-dev
2026-07-01T00:00:00Z,2026-07-02T00:00:00Z,True,0.0,Amazon Simple Storage Service,arn:aws:s3:::lsmc-dayoa-analysis-results-usw2
2026-07-01T00:00:00Z,2026-07-02T00:00:00Z,True,0.0,Amazon Simple Storage Service,arn:aws:s3:::lsmc-dayoa-control-data-usw2
2026-07-01T00:00:00Z,2026-07-02T00:00:00Z,True,0.0,Amazon Simple Storage Service,arn:aws:s3:::lsmc-dayoa-omics-analysis-us-west-2
2026-07-01T00:00:00Z,2026-07-02T00:00:00Z,True,0.0,Amazon Simple Storage Service,arn:aws:s3:::lsmc-dayoa-references-usw2
2026-07-01T00:00:00Z,2026-07-02T00:00:00Z,True,0.0,Amazon Simple Storage Service,arn:aws:s3:::lsmc-dayoa-runtime-assets-usw2
2026-07-01T00:00:00Z,2026-07-02T00:00:00Z,True,0.0,Amazon Simple Storage Service,arn:aws:s3:::lsmc-dayoa-staging-usw2
2026-07-01T00:00:00Z,2026-07-02T00:00:00Z,True,0.0,Amazon Simple Storage Service,arn:aws:s3:::lsmc-dewey-0
2026-07-01T00:00:00Z,2026-07-02T00:00:00Z,True,0.0,Amazon Simple Storage Service,arn:aws:s3:::lsmc-healthomics-failiover
2026-07-01T00:00:00Z,2026-07-02T00:00:00Z,True,0.0,Amazon Simple Storage Service,arn:aws:s3:::lsmc-healthomics-results
2026-07-01T00:00:00Z,2026-07-02T00:00:00Z,True,0.0,Amazon Simple Storage Service,arn:aws:s3:::lsmc-illumina-public-data
2026-07-01T00:00:00Z,2026-07-02T00:00:00Z,True,0.0,Amazon Simple Storage Service,arn:aws:s3:::lsmc-meridian-governance-registry
2026-07-01T00:00:00Z,2026-07-02T00:00:00Z,True,0.0,Amazon Simple Storage Service,arn:aws:s3:::lsmc-mvp-v1-event-sink-raw-108782052779-us-west-2
2026-07-01T00:00:00Z,2026-07-02T00:00:00Z,True,0.0,Amazon Simple Storage Service,arn:aws:s3:::lsmc-public-ont-data
2026-07-01T00:00:00Z,2026-07-02T00:00:00Z,True,0.0,Amazon Simple Storage Service,arn:aws:s3:::lsmc-ssf-sequencing-data
2026-07-01T00:00:00Z,2026-07-02T00:00:00Z,True,0.0,Amazon Simple Storage Service,arn:aws:s3:::lsmc-terraform-state
2026-07-01T00:00:00Z,2026-07-02T00:00:00Z,True,0.0,Amazon Simple Storage Service,arn:aws:s3:::lsmc-twenty-prod-storage
2026-07-01T00:00:00Z,2026-07-02T00:00:00Z,True,0.0,Amazon Simple Storage Service,arn:aws:s3:::lsmc-ursa-customers-usw2
2026-07-01T00:00:00Z,2026-07-02T00:00:00Z,True,0.0,Amazon Simple Storage Service,arn:aws:s3:::parallelcluster-4da281c1dc024f1c-v1-do-not-delete
2026-07-01T00:00:00Z,2026-07-02T00:00:00Z,True,0.0,Amazon Simple Storage Service,arn:aws:s3:::parallelcluster-730cb6d53cf2deec-v1-do-not-delete
2026-07-01T00:00:00Z,2026-07-02T00:00:00Z,True,0.0,Amazon Simple Storage Service,arn:aws:s3:::parallelcluster-e781c59d26140bab-v1-do-not-delete
2026-07-01T00:00:00Z,2026-07-02T00:00:00Z,True,0.0,Amazon Simple Storage Service,arn:aws:s3:::terrarium-dev-media
2026-07-01T00:00:00Z,2026-07-02T00:00:00Z,True,0.0,Amazon Simple Storage Service,arn:aws:s3:::terrarium-dev-web
2026-07-01T00:00:00Z,2026-07-02T00:00:00Z,True,0.0,Amazon Simple Storage Service,arn:aws:s3:::terrarium-prod-media
2026-07-01T00:00:00Z,2026-07-02T00:00:00Z,True,0.0,Amazon Simple Storage Service,arn:aws:s3:::terrarium-prod-web
2026-07-01T00:00:00Z,2026-07-02T00:00:00Z,True,0.0,Amazon Simple Storage Service,arn:aws:s3:::terrarium-tfstate-dev
2026-07-01T00:00:00Z,2026-07-02T00:00:00Z,True,0.0,Amazon Simple Storage Service,arn:aws:s3:::terrarium-tfstate-prod
2026-07-01T00:00:00Z,2026-07-02T00:00:00Z,True,0.0,Amazon Simple Storage Service,arn:aws:s3:::ursa-us-west-2-052779-default-customer-1d8c14
2026-07-01T00:00:00Z,2026-07-02T00:00:00Z,True,0.0,Amazon Simple Storage Service,arn:aws:s3:::zebra-day-cfg-us-west-2
2026-07-01T00:00:00Z,2026-07-02T00:00:00Z,True,0.0122453179,Amazon Simple Storage Service,asterism-note-screenshots-dev
2026-07-01T00:00:00Z,2026-07-02T00:00:00Z,True,0.0120471389,Amazon Simple Storage Service,aws-sam-cli-managed-default-samclisourcebucket-wyvracmmocbp
2026-07-01T00:00:00Z,2026-07-02T00:00:00Z,True,0.0122125243,Amazon Simple Storage Service,cdk-hnb659fds-assets-108782052779-us-east-1
2026-07-01T00:00:00Z,2026-07-02T00:00:00Z,True,0.0120150186,Amazon Simple Storage Service,cdk-hnb659fds-assets-108782052779-us-west-2
2026-07-01T00:00:00Z,2026-07-02T00:00:00Z,True,0.0121478742,Amazon Simple Storage Service,cf-templates-pfrobpqqun1c-us-east-2
2026-07-01T00:00:00Z,2026-07-02T00:00:00Z,True,0.0122442059,Amazon Simple Storage Service,daylily-customer-lsmc-a0477268
2026-07-01T00:00:00Z,2026-07-02T00:00:00Z,True,21.1731950215,Amazon Simple Storage Service,ironwood-cobalt-seq
2026-07-01T00:00:00Z,2026-07-02T00:00:00Z,True,0.0009984506,Amazon Simple Storage Service,ironwood-cobalt-seq-logs
2026-07-01T00:00:00Z,2026-07-02T00:00:00Z,True,15.449987353,Amazon Simple Storage Service,ironwood-meridian-seq
2026-07-01T00:00:00Z,2026-07-02T00:00:00Z,True,0.004020434,Amazon Simple Storage Service,ironwood-meridian-seq-logs
2026-07-01T00:00:00Z,2026-07-02T00:00:00Z,True,0.0122374008,Amazon Simple Storage Service,lsmc-atlas-demo
2026-07-01T00:00:00Z,2026-07-02T00:00:00Z,True,0.0122390079,Amazon Simple Storage Service,lsmc-atlas-dev
2026-07-01T00:00:00Z,2026-07-02T00:00:00Z,True,0.0120467076,Amazon Simple Storage Service,lsmc-bio-oauth-static-site-108782052779-us-east-1
2026-07-01T00:00:00Z,2026-07-02T00:00:00Z,True,0.1051748692,Amazon Simple Storage Service,lsmc-cloudtrail-archive
2026-07-01T00:00:00Z,2026-07-02T00:00:00Z,True,1.5496130844,Amazon Simple Storage Service,lsmc-copy-ultimagen-lsmc-cro-316
2026-07-01T00:00:00Z,2026-07-02T00:00:00Z,True,0.0122399839,Amazon Simple Storage Service,lsmc-datalake-raw-dev
2026-07-01T00:00:00Z,2026-07-02T00:00:00Z,True,0.1145609956,Amazon Simple Storage Service,lsmc-dayoa-analysis-results-usw2
2026-07-01T00:00:00Z,2026-07-02T00:00:00Z,True,7.8271217643,Amazon Simple Storage Service,lsmc-dayoa-control-data-usw2
2026-07-01T00:00:00Z,2026-07-02T00:00:00Z,True,46.6816822125,Amazon Simple Storage Service,lsmc-dayoa-omics-analysis-us-west-2
2026-07-01T00:00:00Z,2026-07-02T00:00:00Z,True,0.4260716586,Amazon Simple Storage Service,lsmc-dayoa-references-usw2
2026-07-01T00:00:00Z,2026-07-02T00:00:00Z,True,0.0417611622,Amazon Simple Storage Service,lsmc-dayoa-runtime-assets-usw2
2026-07-01T00:00:00Z,2026-07-02T00:00:00Z,True,8.4051110666,Amazon Simple Storage Service,lsmc-dayoa-staging-usw2
2026-07-01T00:00:00Z,2026-07-02T00:00:00Z,True,0.0130829466,Amazon Simple Storage Service,lsmc-dewey-0
2026-07-01T00:00:00Z,2026-07-02T00:00:00Z,True,0.0122421716,Amazon Simple Storage Service,lsmc-healthomics-failiover
2026-07-01T00:00:00Z,2026-07-02T00:00:00Z,True,0.0122410524,Amazon Simple Storage Service,lsmc-healthomics-results
2026-07-01T00:00:00Z,2026-07-02T00:00:00Z,True,0.1060857093,Amazon Simple Storage Service,lsmc-illumina-public-data
2026-07-01T00:00:00Z,2026-07-02T00:00:00Z,True,0.0122452728,Amazon Simple Storage Service,lsmc-meridian-governance-registry
2026-07-01T00:00:00Z,2026-07-02T00:00:00Z,True,0.0027450263,Amazon Simple Storage Service,lsmc-mvp-v1-event-sink-raw-108782052779-us-west-2
2026-07-01T00:00:00Z,2026-07-02T00:00:00Z,True,4.2698774277,Amazon Simple Storage Service,lsmc-public-ont-data
2026-07-01T00:00:00Z,2026-07-02T00:00:00Z,True,168.922698809,Amazon Simple Storage Service,lsmc-ssf-sequencing-data
2026-07-01T00:00:00Z,2026-07-02T00:00:00Z,True,0.0122436267,Amazon Simple Storage Service,lsmc-terraform-state
2026-07-01T00:00:00Z,2026-07-02T00:00:00Z,True,0.0120427478,Amazon Simple Storage Service,lsmc-twenty-prod-storage
2026-07-01T00:00:00Z,2026-07-02T00:00:00Z,True,0.0122411918,Amazon Simple Storage Service,lsmc-ursa-customers-usw2
2026-07-01T00:00:00Z,2026-07-02T00:00:00Z,True,0.0123368209,Amazon Simple Storage Service,parallelcluster-4da281c1dc024f1c-v1-do-not-delete
2026-07-01T00:00:00Z,2026-07-02T00:00:00Z,True,0.0131829021,Amazon Simple Storage Service,parallelcluster-730cb6d53cf2deec-v1-do-not-delete
2026-07-01T00:00:00Z,2026-07-02T00:00:00Z,True,0.0132454659,Amazon Simple Storage Service,parallelcluster-e781c59d26140bab-v1-do-not-delete
2026-07-01T00:00:00Z,2026-07-02T00:00:00Z,True,0.0122442712,Amazon Simple Storage Service,terrarium-dev-media
2026-07-01T00:00:00Z,2026-07-02T00:00:00Z,True,0.012241566,Amazon Simple Storage Service,terrarium-dev-web
2026-07-01T00:00:00Z,2026-07-02T00:00:00Z,True,0.0122642122,Amazon Simple Storage Service,terrarium-prod-media
2026-07-01T00:00:00Z,2026-07-02T00:00:00Z,True,0.0122417816,Amazon Simple Storage Service,terrarium-prod-web
2026-07-01T00:00:00Z,2026-07-02T00:00:00Z,True,0.0122491194,Amazon Simple Storage Service,terrarium-tfstate-dev
2026-07-01T00:00:00Z,2026-07-02T00:00:00Z,True,0.0122458388,Amazon Simple Storage Service,terrarium-tfstate-prod
2026-07-01T00:00:00Z,2026-07-02T00:00:00Z,True,0.0122710352,Amazon Simple Storage Service,ursa-us-west-2-052779-default-customer-1d8c14
2026-07-01T00:00:00Z,2026-07-02T00:00:00Z,True,0.0122407535,Amazon Simple Storage Service,zebra-day-cfg-us-west-2
2026-07-01T00:00:00Z,2026-07-02T00:00:00Z,True,0.12,Amazon Virtual Private Cloud,arn:aws:ec2:ap-south-1:108782052779:network-interface/eni-02d1c980266b3afc3
2026-07-01T00:00:00Z,2026-07-02T00:00:00Z,True,0.12,Amazon Virtual Private Cloud,arn:aws:ec2:ap-south-1:108782052779:network-interface/eni-0b311a0dcb595e613
2026-07-01T00:00:00Z,2026-07-02T00:00:00Z,True,0.12,Amazon Virtual Private Cloud,arn:aws:ec2:eu-central-1:108782052779:network-interface/eni-016caa7d86d41fa17
2026-07-01T00:00:00Z,2026-07-02T00:00:00Z,True,0.12,Amazon Virtual Private Cloud,arn:aws:ec2:eu-central-1:108782052779:network-interface/eni-0b8150cde6a5fc7ae
2026-07-01T00:00:00Z,2026-07-02T00:00:00Z,True,0.12,Amazon Virtual Private Cloud,arn:aws:ec2:us-east-1:108782052779:network-interface/eni-000a1e5904276b377
2026-07-01T00:00:00Z,2026-07-02T00:00:00Z,True,0.12,Amazon Virtual Private Cloud,arn:aws:ec2:us-east-1:108782052779:network-interface/eni-042ba53ad6a8384a3
2026-07-01T00:00:00Z,2026-07-02T00:00:00Z,True,0.12,Amazon Virtual Private Cloud,arn:aws:ec2:us-east-1:108782052779:network-interface/eni-05395958a77582f2b
2026-07-01T00:00:00Z,2026-07-02T00:00:00Z,True,0.12,Amazon Virtual Private Cloud,arn:aws:ec2:us-east-1:108782052779:network-interface/eni-06841ef05b5e324ab
2026-07-01T00:00:00Z,2026-07-02T00:00:00Z,True,0.12,Amazon Virtual Private Cloud,arn:aws:ec2:us-east-1:108782052779:network-interface/eni-06e73bf21a00d71ee
2026-07-01T00:00:00Z,2026-07-02T00:00:00Z,True,0.12,Amazon Virtual Private Cloud,arn:aws:ec2:us-east-1:108782052779:network-interface/eni-0839ef0196ea9da07
2026-07-01T00:00:00Z,2026-07-02T00:00:00Z,True,0.12,Amazon Virtual Private Cloud,arn:aws:ec2:us-east-1:108782052779:network-interface/eni-085448ce53cb8a8b8
2026-07-01T00:00:00Z,2026-07-02T00:00:00Z,True,0.12,Amazon Virtual Private Cloud,arn:aws:ec2:us-east-1:108782052779:network-interface/eni-08997318714e9b90d
2026-07-01T00:00:00Z,2026-07-02T00:00:00Z,True,0.12,Amazon Virtual Private Cloud,arn:aws:ec2:us-east-1:108782052779:network-interface/eni-09fc345b72c77f5e5
2026-07-01T00:00:00Z,2026-07-02T00:00:00Z,True,0.12,Amazon Virtual Private Cloud,arn:aws:ec2:us-east-1:108782052779:network-interface/eni-0a791bd426232def7
2026-07-01T00:00:00Z,2026-07-02T00:00:00Z,True,0.12,Amazon Virtual Private Cloud,arn:aws:ec2:us-east-1:108782052779:network-interface/eni-0b7b49dac37ac7562
2026-07-01T00:00:00Z,2026-07-02T00:00:00Z,True,0.12,Amazon Virtual Private Cloud,arn:aws:ec2:us-east-1:108782052779:network-interface/eni-0bd3433d9edaf167c
2026-07-01T00:00:00Z,2026-07-02T00:00:00Z,True,0.12,Amazon Virtual Private Cloud,arn:aws:ec2:us-east-1:108782052779:network-interface/eni-0d366fd4150dd6012
2026-07-01T00:00:00Z,2026-07-02T00:00:00Z,True,8.3335e-05,Amazon Virtual Private Cloud,arn:aws:ec2:us-west-2:108782052779:elastic-ip/eipalloc-067f0cbee9744a997
2026-07-01T00:00:00Z,2026-07-02T00:00:00Z,True,8.3335e-05,Amazon Virtual Private Cloud,arn:aws:ec2:us-west-2:108782052779:elastic-ip/eipalloc-07eb1481e63ef72b6
2026-07-01T00:00:00Z,2026-07-02T00:00:00Z,True,0.000108335,Amazon Virtual Private Cloud,arn:aws:ec2:us-west-2:108782052779:elastic-ip/eipalloc-0899c0fbf143cfeed
2026-07-01T00:00:00Z,2026-07-02T00:00:00Z,True,0.12,Amazon Virtual Private Cloud,arn:aws:ec2:us-west-2:108782052779:network-interface/eni-0053a0c36ed8792d5
2026-07-01T00:00:00Z,2026-07-02T00:00:00Z,True,0.12,Amazon Virtual Private Cloud,arn:aws:ec2:us-west-2:108782052779:network-interface/eni-00d0d767fe52379a8
2026-07-01T00:00:00Z,2026-07-02T00:00:00Z,True,0.12,Amazon Virtual Private Cloud,arn:aws:ec2:us-west-2:108782052779:network-interface/eni-026f98f985a93c4bc
2026-07-01T00:00:00Z,2026-07-02T00:00:00Z,True,0.12,Amazon Virtual Private Cloud,arn:aws:ec2:us-west-2:108782052779:network-interface/eni-0365f5bd1308e7491
2026-07-01T00:00:00Z,2026-07-02T00:00:00Z,True,0.12,Amazon Virtual Private Cloud,arn:aws:ec2:us-west-2:108782052779:network-interface/eni-0402df7ad1483cc9d
2026-07-01T00:00:00Z,2026-07-02T00:00:00Z,True,0.12,Amazon Virtual Private Cloud,arn:aws:ec2:us-west-2:108782052779:network-interface/eni-04757de5bbd309eda
2026-07-01T00:00:00Z,2026-07-02T00:00:00Z,True,0.12,Amazon Virtual Private Cloud,arn:aws:ec2:us-west-2:108782052779:network-interface/eni-04e9a24108db62c0a
2026-07-01T00:00:00Z,2026-07-02T00:00:00Z,True,0.12,Amazon Virtual Private Cloud,arn:aws:ec2:us-west-2:108782052779:network-interface/eni-05e347bdf6eb85bdb
2026-07-01T00:00:00Z,2026-07-02T00:00:00Z,True,0.12,Amazon Virtual Private Cloud,arn:aws:ec2:us-west-2:108782052779:network-interface/eni-064218f01cc92ddaa
2026-07-01T00:00:00Z,2026-07-02T00:00:00Z,True,0.12,Amazon Virtual Private Cloud,arn:aws:ec2:us-west-2:108782052779:network-interface/eni-0725a15da78e40c9d
2026-07-01T00:00:00Z,2026-07-02T00:00:00Z,True,0.12,Amazon Virtual Private Cloud,arn:aws:ec2:us-west-2:108782052779:network-interface/eni-099e96a4f6c1d02b6
2026-07-01T00:00:00Z,2026-07-02T00:00:00Z,True,0.02379861,Amazon Virtual Private Cloud,arn:aws:ec2:us-west-2:108782052779:network-interface/eni-0a04ca315480fbaa0
2026-07-01T00:00:00Z,2026-07-02T00:00:00Z,True,0.0973875,Amazon Virtual Private Cloud,arn:aws:ec2:us-west-2:108782052779:network-interface/eni-0a2b78a4d3d361b96
2026-07-01T00:00:00Z,2026-07-02T00:00:00Z,True,0.12,Amazon Virtual Private Cloud,arn:aws:ec2:us-west-2:108782052779:network-interface/eni-0b7cb679115d71f09
2026-07-01T00:00:00Z,2026-07-02T00:00:00Z,True,0.12,Amazon Virtual Private Cloud,arn:aws:ec2:us-west-2:108782052779:network-interface/eni-0c5fcb42718642f57
2026-07-01T00:00:00Z,2026-07-02T00:00:00Z,True,0.12,Amazon Virtual Private Cloud,arn:aws:ec2:us-west-2:108782052779:network-interface/eni-0e8383492c016f0dc
2026-07-01T00:00:00Z,2026-07-02T00:00:00Z,True,0.0862,Amazon Virtual Private Cloud,arn:aws:ec2:us-west-2:108782052779:network-interface/eni-0f95d4ab4dabe1aa9
2026-07-01T00:00:00Z,2026-07-02T00:00:00Z,True,0.12,Amazon Virtual Private Cloud,arn:aws:ec2:us-west-2:171675361862:network-interface/eni-09dec6f627819db8b
2026-07-01T00:00:00Z,2026-07-02T00:00:00Z,True,0.2400031195,Amazon Virtual Private Cloud,arn:aws:ec2:us-west-2:171675361862:vpc-endpoint/vpce-02ac48bf0c4efb877
2026-07-01T00:00:00Z,2026-07-02T00:00:00Z,True,0.2400007366,Amazon Virtual Private Cloud,arn:aws:ec2:us-west-2:171675361862:vpc-endpoint/vpce-036891e26dd789978
2026-07-01T00:00:00Z,2026-07-02T00:00:00Z,True,0.2400102939,Amazon Virtual Private Cloud,arn:aws:ec2:us-west-2:171675361862:vpc-endpoint/vpce-0384b7109c7362817
2026-07-01T00:00:00Z,2026-07-02T00:00:00Z,True,0.24,Amazon Virtual Private Cloud,arn:aws:ec2:us-west-2:171675361862:vpc-endpoint/vpce-0766e7a15cf8b1a9f
2026-07-01T00:00:00Z,2026-07-02T00:00:00Z,True,0.2430816709,Amazon Virtual Private Cloud,arn:aws:ec2:us-west-2:171675361862:vpc-endpoint/vpce-07f1e154c6ff3a42f
2026-07-01T00:00:00Z,2026-07-02T00:00:00Z,True,0.2427628917,Amazon Virtual Private Cloud,arn:aws:ec2:us-west-2:171675361862:vpc-endpoint/vpce-096eaa1400b8861cb
2026-07-01T00:00:00Z,2026-07-02T00:00:00Z,True,0.24,Amazon Virtual Private Cloud,arn:aws:ec2:us-west-2:171675361862:vpc-endpoint/vpce-0f12344d88ada019d
2026-07-02T00:00:00Z,2026-07-03T00:00:00Z,True,1.3440000535,EC2 - Other,arn:aws:ec2:ap-south-1:108782052779:natgateway/nat-01dc061291fc51e75
2026-07-02T00:00:00Z,2026-07-03T00:00:00Z,True,1.3440000618,EC2 - Other,arn:aws:ec2:ap-south-1:108782052779:natgateway/nat-05f85018216cac061
2026-07-02T00:00:00Z,2026-07-03T00:00:00Z,True,0.0776926348,EC2 - Other,arn:aws:ec2:ap-south-1:108782052779:snapshot/snap-053909bfd492a6457
2026-07-02T00:00:00Z,2026-07-03T00:00:00Z,True,1.248000051,EC2 - Other,arn:aws:ec2:eu-central-1:108782052779:natgateway/nat-0a2bfbfedf38f8e87
2026-07-02T00:00:00Z,2026-07-03T00:00:00Z,True,1.2480000496,EC2 - Other,arn:aws:ec2:eu-central-1:108782052779:natgateway/nat-0ec6ae9605269bef4
2026-07-02T00:00:00Z,2026-07-03T00:00:00Z,True,1.0800001852,EC2 - Other,arn:aws:ec2:us-east-1:108782052779:natgateway/nat-089a96601cfd34f9d
2026-07-02T00:00:00Z,2026-07-03T00:00:00Z,True,0.0432491179,EC2 - Other,arn:aws:ec2:us-east-1:108782052779:snapshot/snap-07690eaa1400bc7f6
2026-07-02T00:00:00Z,2026-07-03T00:00:00Z,True,1.4311182198,EC2 - Other,arn:aws:ec2:us-west-2:108782052779:natgateway/nat-00246c8ef3b9087f1
2026-07-02T00:00:00Z,2026-07-03T00:00:00Z,True,1.0851181712,EC2 - Other,arn:aws:ec2:us-west-2:108782052779:natgateway/nat-00ac08b685fea726f
2026-07-02T00:00:00Z,2026-07-03T00:00:00Z,True,12.8275748746,EC2 - Other,arn:aws:ec2:us-west-2:108782052779:natgateway/nat-00f3c26e43ede9b10
2026-07-02T00:00:00Z,2026-07-03T00:00:00Z,True,1.0878503257,EC2 - Other,arn:aws:ec2:us-west-2:108782052779:natgateway/nat-0234e77781575cced
2026-07-02T00:00:00Z,2026-07-03T00:00:00Z,True,9.86079e-05,EC2 - Other,arn:aws:ec2:us-west-2:108782052779:snapshot/snap-0197d1db7451f9201
2026-07-02T00:00:00Z,2026-07-03T00:00:00Z,True,0.0432491179,EC2 - Other,arn:aws:ec2:us-west-2:108782052779:snapshot/snap-0356dd0198dfe4b00
2026-07-02T00:00:00Z,2026-07-03T00:00:00Z,True,0.0003728067,EC2 - Other,arn:aws:ec2:us-west-2:108782052779:snapshot/snap-0453b67c5a52eb79c
2026-07-02T00:00:00Z,2026-07-03T00:00:00Z,True,9.85094e-05,EC2 - Other,arn:aws:ec2:us-west-2:108782052779:snapshot/snap-065393c7ac0015ad7
2026-07-02T00:00:00Z,2026-07-03T00:00:00Z,True,0.005568572,EC2 - Other,arn:aws:ec2:us-west-2:108782052779:snapshot/snap-099b770ba201ccb29
2026-07-02T00:00:00Z,2026-07-03T00:00:00Z,True,0.0055681126,EC2 - Other,arn:aws:ec2:us-west-2:108782052779:snapshot/snap-0a05a94348ed29c4b
2026-07-02T00:00:00Z,2026-07-03T00:00:00Z,True,0.0055688345,EC2 - Other,arn:aws:ec2:us-west-2:108782052779:snapshot/snap-0b237e362700381aa
2026-07-02T00:00:00Z,2026-07-03T00:00:00Z,True,0.005569097,EC2 - Other,arn:aws:ec2:us-west-2:108782052779:snapshot/snap-0f090042175b5c41b
2026-07-02T00:00:00Z,2026-07-03T00:00:00Z,True,1.3114474486,EC2 - Other,arn:aws:ec2:us-west-2:171675361862:natgateway/nat-01432c586ef9dbf51
2026-07-02T00:00:00Z,2026-07-03T00:00:00Z,True,0.0056349231,EC2 - Other,arn:aws:ec2:us-west-2:171675361862:snapshot/snap-002695a204188d63e
2026-07-02T00:00:00Z,2026-07-03T00:00:00Z,True,0.0053868448,EC2 - Other,arn:aws:ec2:us-west-2:171675361862:snapshot/snap-010eb6cbb466b71fd
2026-07-02T00:00:00Z,2026-07-03T00:00:00Z,True,0.0066185736,EC2 - Other,arn:aws:ec2:us-west-2:171675361862:snapshot/snap-01511ff7171eb9225
2026-07-02T00:00:00Z,2026-07-03T00:00:00Z,True,0.0122750231,EC2 - Other,arn:aws:ec2:us-west-2:171675361862:snapshot/snap-01617e5cf1a7141a9
2026-07-02T00:00:00Z,2026-07-03T00:00:00Z,True,0.005452999,EC2 - Other,arn:aws:ec2:us-west-2:171675361862:snapshot/snap-016bea26228ab194d
2026-07-02T00:00:00Z,2026-07-03T00:00:00Z,True,0.0072431011,EC2 - Other,arn:aws:ec2:us-west-2:171675361862:snapshot/snap-0225be64252283430
2026-07-02T00:00:00Z,2026-07-03T00:00:00Z,True,0.0053167528,EC2 - Other,arn:aws:ec2:us-west-2:171675361862:snapshot/snap-031f9c5ef8426bd1c
2026-07-02T00:00:00Z,2026-07-03T00:00:00Z,True,0.0059971963,EC2 - Other,arn:aws:ec2:us-west-2:171675361862:snapshot/snap-0338d1716afca4e43
2026-07-02T00:00:00Z,2026-07-03T00:00:00Z,True,0.0074620401,EC2 - Other,arn:aws:ec2:us-west-2:171675361862:snapshot/snap-04835772777dad20e
2026-07-02T00:00:00Z,2026-07-03T00:00:00Z,True,0.0051915323,EC2 - Other,arn:aws:ec2:us-west-2:171675361862:snapshot/snap-050a336ac34adee25
2026-07-02T00:00:00Z,2026-07-03T00:00:00Z,True,0.0057711694,EC2 - Other,arn:aws:ec2:us-west-2:171675361862:snapshot/snap-06c0c905738f06aaf
2026-07-02T00:00:00Z,2026-07-03T00:00:00Z,True,0.0055081275,EC2 - Other,arn:aws:ec2:us-west-2:171675361862:snapshot/snap-07c960f2e8ecd2246
2026-07-02T00:00:00Z,2026-07-03T00:00:00Z,True,0.0058514995,EC2 - Other,arn:aws:ec2:us-west-2:171675361862:snapshot/snap-0818ddb9763ebade7
2026-07-02T00:00:00Z,2026-07-03T00:00:00Z,True,0.0060846144,EC2 - Other,arn:aws:ec2:us-west-2:171675361862:snapshot/snap-081d1157989f4430b
2026-07-02T00:00:00Z,2026-07-03T00:00:00Z,True,0.0067713584,EC2 - Other,arn:aws:ec2:us-west-2:171675361862:snapshot/snap-09a81377b032dbfba
2026-07-02T00:00:00Z,2026-07-03T00:00:00Z,True,0.0054207094,EC2 - Other,arn:aws:ec2:us-west-2:171675361862:snapshot/snap-0a1b0a3f89ddb1991
2026-07-02T00:00:00Z,2026-07-03T00:00:00Z,True,0.0055750693,EC2 - Other,arn:aws:ec2:us-west-2:171675361862:snapshot/snap-0a263ead2c9955ffe
2026-07-02T00:00:00Z,2026-07-03T00:00:00Z,True,0.0060412991,EC2 - Other,arn:aws:ec2:us-west-2:171675361862:snapshot/snap-0aa6b361bd48001c2
2026-07-02T00:00:00Z,2026-07-03T00:00:00Z,True,0.006195659,EC2 - Other,arn:aws:ec2:us-west-2:171675361862:snapshot/snap-0aaadd230c3f34822
2026-07-02T00:00:00Z,2026-07-03T00:00:00Z,True,0.0077203566,EC2 - Other,arn:aws:ec2:us-west-2:171675361862:snapshot/snap-0ad2c3c6333d7af72
2026-07-02T00:00:00Z,2026-07-03T00:00:00Z,True,0.0050450479,EC2 - Other,arn:aws:ec2:us-west-2:171675361862:snapshot/snap-0bace1a1137e22c44
2026-07-02T00:00:00Z,2026-07-03T00:00:00Z,True,0.0062011719,EC2 - Other,arn:aws:ec2:us-west-2:171675361862:snapshot/snap-0bed9cd5c78dd7a9e
2026-07-02T00:00:00Z,2026-07-03T00:00:00Z,True,0.0059940461,EC2 - Other,arn:aws:ec2:us-west-2:171675361862:snapshot/snap-0cd392bfda857c555
2026-07-02T00:00:00Z,2026-07-03T00:00:00Z,True,0.0278519825,EC2 - Other,arn:aws:ec2:us-west-2:171675361862:snapshot/snap-0d2a28c3feb1b3215
2026-07-02T00:00:00Z,2026-07-03T00:00:00Z,True,0.005436362,EC2 - Other,arn:aws:ec2:us-west-2:171675361862:snapshot/snap-0da5e421575091cdf
2026-07-02T00:00:00Z,2026-07-03T00:00:00Z,True,0.0051781439,EC2 - Other,arn:aws:ec2:us-west-2:171675361862:snapshot/snap-0dd884c697c716097
2026-07-02T00:00:00Z,2026-07-03T00:00:00Z,True,0.0059397051,EC2 - Other,arn:aws:ec2:us-west-2:171675361862:snapshot/snap-0dec4b2eb2d9b764b
2026-07-02T00:00:00Z,2026-07-03T00:00:00Z,True,0.0056955645,EC2 - Other,arn:aws:ec2:us-west-2:171675361862:snapshot/snap-0e339244a4847882d
2026-07-02T00:00:00Z,2026-07-03T00:00:00Z,True,0.0055805822,EC2 - Other,arn:aws:ec2:us-west-2:171675361862:snapshot/snap-0e996b7ad4dda2005
2026-07-02T00:00:00Z,2026-07-03T00:00:00Z,True,0.0066957535,EC2 - Other,arn:aws:ec2:us-west-2:171675361862:snapshot/snap-0ee50102fc86b318a
2026-07-02T00:00:00Z,2026-07-03T00:00:00Z,True,0.0088008758,EC2 - Other,arn:aws:ec2:us-west-2:171675361862:snapshot/snap-0ff83cfed371294d7
2026-07-02T00:00:00Z,2026-07-03T00:00:00Z,True,0.0,EC2 - Other,i-00030ac958e405a89
2026-07-02T00:00:00Z,2026-07-03T00:00:00Z,True,0.0,EC2 - Other,i-000ded0cbf188ee4b
2026-07-02T00:00:00Z,2026-07-03T00:00:00Z,True,0.0,EC2 - Other,i-00107e7c07b58a4ea
2026-07-02T00:00:00Z,2026-07-03T00:00:00Z,True,0.0,EC2 - Other,i-001b38cb26d57a846
2026-07-02T00:00:00Z,2026-07-03T00:00:00Z,True,0.0,EC2 - Other,i-001fcb9068790685c
2026-07-02T00:00:00Z,2026-07-03T00:00:00Z,True,0.0,EC2 - Other,i-002870949ccbd60c2
2026-07-02T00:00:00Z,2026-07-03T00:00:00Z,True,0.0,EC2 - Other,i-003048e755a4516c1
2026-07-02T00:00:00Z,2026-07-03T00:00:00Z,True,0.0,EC2 - Other,i-0034bc550aa82a585
2026-07-02T00:00:00Z,2026-07-03T00:00:00Z,True,0.0,EC2 - Other,i-003593df6e54a426a
2026-07-02T00:00:00Z,2026-07-03T00:00:00Z,True,0.0,EC2 - Other,i-0039a2c1991fa0660
2026-07-02T00:00:00Z,2026-07-03T00:00:00Z,True,0.0,EC2 - Other,i-003ae7e389554bbdb
2026-07-02T00:00:00Z,2026-07-03T00:00:00Z,True,0.0,EC2 - Other,i-004bbcce3fa872439
2026-07-02T00:00:00Z,2026-07-03T00:00:00Z,True,0.0,EC2 - Other,i-005ac59e58d8932d1
2026-07-02T00:00:00Z,2026-07-03T00:00:00Z,True,0.0,EC2 - Other,i-006007511ccbc6a8c
2026-07-02T00:00:00Z,2026-07-03T00:00:00Z,True,0.0,EC2 - Other,i-00617932448c73aa1
2026-07-02T00:00:00Z,2026-07-03T00:00:00Z,True,0.0,EC2 - Other,i-00642c60e72f3c5de
2026-07-02T00:00:00Z,2026-07-03T00:00:00Z,True,0.0,EC2 - Other,i-007dd2158f91ec143
2026-07-02T00:00:00Z,2026-07-03T00:00:00Z,True,0.0,EC2 - Other,i-00847e3ecc80784fb
2026-07-02T00:00:00Z,2026-07-03T00:00:00Z,True,0.0,EC2 - Other,i-00891a0203fdc9f3a
2026-07-02T00:00:00Z,2026-07-03T00:00:00Z,True,0.0,EC2 - Other,i-00904e288aca85695
2026-07-02T00:00:00Z,2026-07-03T00:00:00Z,True,0.0,EC2 - Other,i-009b0fa53e5dc4243
2026-07-02T00:00:00Z,2026-07-03T00:00:00Z,True,0.0,EC2 - Other,i-00b200e859877d28a
2026-07-02T00:00:00Z,2026-07-03T00:00:00Z,True,0.0,EC2 - Other,i-00bce63171dfeb130
2026-07-02T00:00:00Z,2026-07-03T00:00:00Z,True,0.0,EC2 - Other,i-00c7b8c86a44529ac
2026-07-02T00:00:00Z,2026-07-03T00:00:00Z,True,0.0,EC2 - Other,i-00d26b289aaf30572
2026-07-02T00:00:00Z,2026-07-03T00:00:00Z,True,0.0,EC2 - Other,i-00d3aaa49c5b8bd08
2026-07-02T00:00:00Z,2026-07-03T00:00:00Z,True,0.0,EC2 - Other,i-00e30657d443a0db6
2026-07-02T00:00:00Z,2026-07-03T00:00:00Z,True,0.0,EC2 - Other,i-00f2b809e7564f994
2026-07-02T00:00:00Z,2026-07-03T00:00:00Z,True,0.0,EC2 - Other,i-00f9db66fa734b937
2026-07-02T00:00:00Z,2026-07-03T00:00:00Z,True,0.0,EC2 - Other,i-0122f7923ad6a8e1b
2026-07-02T00:00:00Z,2026-07-03T00:00:00Z,True,0.0,EC2 - Other,i-013067aaaa68f628d
2026-07-02T00:00:00Z,2026-07-03T00:00:00Z,True,0.0,EC2 - Other,i-013a213a7dbd06d21
2026-07-02T00:00:00Z,2026-07-03T00:00:00Z,True,0.0,EC2 - Other,i-013f01a2b0b6e07fa
2026-07-02T00:00:00Z,2026-07-03T00:00:00Z,True,0.0,EC2 - Other,i-0147607ed312be9ce
2026-07-02T00:00:00Z,2026-07-03T00:00:00Z,True,0.0,EC2 - Other,i-0152663da3c23e586
2026-07-02T00:00:00Z,2026-07-03T00:00:00Z,True,0.0,EC2 - Other,i-016f997d4469071a7
2026-07-02T00:00:00Z,2026-07-03T00:00:00Z,True,0.0,EC2 - Other,i-0188b6f183d1c2b7f
2026-07-02T00:00:00Z,2026-07-03T00:00:00Z,True,4.33958e-05,EC2 - Other,i-018a4be07f5bdfa49
2026-07-02T00:00:00Z,2026-07-03T00:00:00Z,True,0.0,EC2 - Other,i-018ba0cbdc779e6ef
2026-07-02T00:00:00Z,2026-07-03T00:00:00Z,True,0.0,EC2 - Other,i-018f392ffa2587038
2026-07-02T00:00:00Z,2026-07-03T00:00:00Z,True,0.0,EC2 - Other,i-01940344acb1d7661
2026-07-02T00:00:00Z,2026-07-03T00:00:00Z,True,0.0,EC2 - Other,i-01b342184ad4479c7
2026-07-02T00:00:00Z,2026-07-03T00:00:00Z,True,0.0,EC2 - Other,i-01b508a5c2c485385
2026-07-02T00:00:00Z,2026-07-03T00:00:00Z,True,0.0,EC2 - Other,i-01c4becd7e4272030
2026-07-02T00:00:00Z,2026-07-03T00:00:00Z,True,0.0,EC2 - Other,i-01c75bc23fd04f993
2026-07-02T00:00:00Z,2026-07-03T00:00:00Z,True,0.0,EC2 - Other,i-01d4ace4cf4d70d04
2026-07-02T00:00:00Z,2026-07-03T00:00:00Z,True,0.0,EC2 - Other,i-01d93ceb53a69676c
2026-07-02T00:00:00Z,2026-07-03T00:00:00Z,True,0.0,EC2 - Other,i-01e3ccdcc2af05834
2026-07-02T00:00:00Z,2026-07-03T00:00:00Z,True,0.0,EC2 - Other,i-02036ee8a105ced80
2026-07-02T00:00:00Z,2026-07-03T00:00:00Z,True,0.0,EC2 - Other,i-021f1f7b85bd54f54
2026-07-02T00:00:00Z,2026-07-03T00:00:00Z,True,0.0,EC2 - Other,i-022e811543339a898
2026-07-02T00:00:00Z,2026-07-03T00:00:00Z,True,0.0,EC2 - Other,i-0243da1242a9ec47a
2026-07-02T00:00:00Z,2026-07-03T00:00:00Z,True,0.0,EC2 - Other,i-0249bde3bab1d9667
2026-07-02T00:00:00Z,2026-07-03T00:00:00Z,True,0.0,EC2 - Other,i-026b407883f90090e
2026-07-02T00:00:00Z,2026-07-03T00:00:00Z,True,0.0,EC2 - Other,i-0272f787cea27774b
2026-07-02T00:00:00Z,2026-07-03T00:00:00Z,True,0.0,EC2 - Other,i-027740d884e924506
2026-07-02T00:00:00Z,2026-07-03T00:00:00Z,True,0.0,EC2 - Other,i-02784bd389a53f23f
2026-07-02T00:00:00Z,2026-07-03T00:00:00Z,True,0.0,EC2 - Other,i-0279d0dc4ced29579
2026-07-02T00:00:00Z,2026-07-03T00:00:00Z,True,0.0,EC2 - Other,i-027a7334aec0f2c53
2026-07-02T00:00:00Z,2026-07-03T00:00:00Z,True,0.0,EC2 - Other,i-027c5ea71f703c296
2026-07-02T00:00:00Z,2026-07-03T00:00:00Z,True,0.0,EC2 - Other,i-027c9c12731b79e87
2026-07-02T00:00:00Z,2026-07-03T00:00:00Z,True,0.0,EC2 - Other,i-027d636e3967575ac
2026-07-02T00:00:00Z,2026-07-03T00:00:00Z,True,0.0001107994,EC2 - Other,i-02876b4893e5654c2
2026-07-02T00:00:00Z,2026-07-03T00:00:00Z,True,0.0,EC2 - Other,i-028a606e90e6a5da3
2026-07-02T00:00:00Z,2026-07-03T00:00:00Z,True,0.0,EC2 - Other,i-02951299aadc09b55
2026-07-02T00:00:00Z,2026-07-03T00:00:00Z,True,0.0,EC2 - Other,i-02ae3111ba01e0097
2026-07-02T00:00:00Z,2026-07-03T00:00:00Z,True,0.0,EC2 - Other,i-02b12d34531536bac
2026-07-02T00:00:00Z,2026-07-03T00:00:00Z,True,0.0,EC2 - Other,i-02b36e496358701cf
2026-07-02T00:00:00Z,2026-07-03T00:00:00Z,True,0.0,EC2 - Other,i-02b75e4c488ce5bdf
2026-07-02T00:00:00Z,2026-07-03T00:00:00Z,True,0.0,EC2 - Other,i-02ca12737f57cf1f2
2026-07-02T00:00:00Z,2026-07-03T00:00:00Z,True,0.0,EC2 - Other,i-02dbdff9396fb67d0
2026-07-02T00:00:00Z,2026-07-03T00:00:00Z,True,0.0,EC2 - Other,i-02ef86125f2b6bdfd
2026-07-02T00:00:00Z,2026-07-03T00:00:00Z,True,0.0,EC2 - Other,i-02f1daa37819c5c40
2026-07-02T00:00:00Z,2026-07-03T00:00:00Z,True,0.0,EC2 - Other,i-02f3670ca979e10ef
2026-07-02T00:00:00Z,2026-07-03T00:00:00Z,True,0.0,EC2 - Other,i-02f5a60e6dbd69851
2026-07-02T00:00:00Z,2026-07-03T00:00:00Z,True,0.0,EC2 - Other,i-02f5ff65374a32b35
2026-07-02T00:00:00Z,2026-07-03T00:00:00Z,True,0.0,EC2 - Other,i-03088e61e0b26511f
2026-07-02T00:00:00Z,2026-07-03T00:00:00Z,True,0.0,EC2 - Other,i-031a25ce949372fce
2026-07-02T00:00:00Z,2026-07-03T00:00:00Z,True,0.0,EC2 - Other,i-031e688ba4cbe20d8
2026-07-02T00:00:00Z,2026-07-03T00:00:00Z,True,0.0,EC2 - Other,i-031ed137d1b282bf3
2026-07-02T00:00:00Z,2026-07-03T00:00:00Z,True,0.0,EC2 - Other,i-031ff75a5ad8c2654
2026-07-02T00:00:00Z,2026-07-03T00:00:00Z,True,0.0,EC2 - Other,i-0320df4f9a2646d72
2026-07-02T00:00:00Z,2026-07-03T00:00:00Z,True,0.0,EC2 - Other,i-03274466d0b931054
2026-07-02T00:00:00Z,2026-07-03T00:00:00Z,True,0.0,EC2 - Other,i-032f2fe8749f2ac4e
2026-07-02T00:00:00Z,2026-07-03T00:00:00Z,True,0.0,EC2 - Other,i-0336eeb8259c60344
2026-07-02T00:00:00Z,2026-07-03T00:00:00Z,True,0.0,EC2 - Other,i-03377a18f468a3065
2026-07-02T00:00:00Z,2026-07-03T00:00:00Z,True,0.0,EC2 - Other,i-033f13c2cbe6fa386
2026-07-02T00:00:00Z,2026-07-03T00:00:00Z,True,0.0,EC2 - Other,i-0340332f64c788feb
2026-07-02T00:00:00Z,2026-07-03T00:00:00Z,True,0.0,EC2 - Other,i-035a24f859e7229c9
2026-07-02T00:00:00Z,2026-07-03T00:00:00Z,True,0.0,EC2 - Other,i-0363a397b898f4ad7
2026-07-02T00:00:00Z,2026-07-03T00:00:00Z,True,0.0,EC2 - Other,i-036a1c479a7da7295
2026-07-02T00:00:00Z,2026-07-03T00:00:00Z,True,0.0,EC2 - Other,i-0390e5dac2badcba8
2026-07-02T00:00:00Z,2026-07-03T00:00:00Z,True,0.0,EC2 - Other,i-039abbfda262f319b
2026-07-02T00:00:00Z,2026-07-03T00:00:00Z,True,0.0,EC2 - Other,i-03c27885ccc4d990d
2026-07-02T00:00:00Z,2026-07-03T00:00:00Z,True,0.0,EC2 - Other,i-03d667ab2cf0ae4b9
2026-07-02T00:00:00Z,2026-07-03T00:00:00Z,True,0.0,EC2 - Other,i-03e8893e6a8154cf5
2026-07-02T00:00:00Z,2026-07-03T00:00:00Z,True,0.0,EC2 - Other,i-03fc2241b58190df9
2026-07-02T00:00:00Z,2026-07-03T00:00:00Z,True,0.0,EC2 - Other,i-042119ab472dbe9ce
2026-07-02T00:00:00Z,2026-07-03T00:00:00Z,True,0.0,EC2 - Other,i-042dcdc69a5331860
2026-07-02T00:00:00Z,2026-07-03T00:00:00Z,True,0.0,EC2 - Other,i-044a813f393ae1f83
2026-07-02T00:00:00Z,2026-07-03T00:00:00Z,True,0.0,EC2 - Other,i-044af7f7971658b36
2026-07-02T00:00:00Z,2026-07-03T00:00:00Z,True,0.0,EC2 - Other,i-04510f2c1b910563c
2026-07-02T00:00:00Z,2026-07-03T00:00:00Z,True,9.666e-07,EC2 - Other,i-0453760b2165bcf38
2026-07-02T00:00:00Z,2026-07-03T00:00:00Z,True,0.0,EC2 - Other,i-045b945e1a28865e1
2026-07-02T00:00:00Z,2026-07-03T00:00:00Z,True,0.0,EC2 - Other,i-045ef3bc664b95cb9
2026-07-02T00:00:00Z,2026-07-03T00:00:00Z,True,0.0,EC2 - Other,i-046bfe8159d6f33ba
2026-07-02T00:00:00Z,2026-07-03T00:00:00Z,True,0.0,EC2 - Other,i-0474664f6f0b38adc
2026-07-02T00:00:00Z,2026-07-03T00:00:00Z,True,0.0,EC2 - Other,i-04747a4313896396a
2026-07-02T00:00:00Z,2026-07-03T00:00:00Z,True,0.0,EC2 - Other,i-047a24921286d46a0
2026-07-02T00:00:00Z,2026-07-03T00:00:00Z,True,0.0,EC2 - Other,i-047d4941243d041da
2026-07-02T00:00:00Z,2026-07-03T00:00:00Z,True,0.0,EC2 - Other,i-047edc7fdf0a50fc5
2026-07-02T00:00:00Z,2026-07-03T00:00:00Z,True,0.0,EC2 - Other,i-048b253d525360a0a
2026-07-02T00:00:00Z,2026-07-03T00:00:00Z,True,0.0,EC2 - Other,i-048e57465aebeacfc
2026-07-02T00:00:00Z,2026-07-03T00:00:00Z,True,0.0,EC2 - Other,i-0492aeda57e0ee7d4
2026-07-02T00:00:00Z,2026-07-03T00:00:00Z,True,0.0,EC2 - Other,i-049554ca1437eb568
2026-07-02T00:00:00Z,2026-07-03T00:00:00Z,True,0.0,EC2 - Other,i-049b2df5e0e758aab
2026-07-02T00:00:00Z,2026-07-03T00:00:00Z,True,0.0,EC2 - Other,i-049b343f23e6db928
2026-07-02T00:00:00Z,2026-07-03T00:00:00Z,True,0.0,EC2 - Other,i-04abbd4510d4c8db7
2026-07-02T00:00:00Z,2026-07-03T00:00:00Z,True,0.0,EC2 - Other,i-04c54c46ce49c74df
2026-07-02T00:00:00Z,2026-07-03T00:00:00Z,True,0.0,EC2 - Other,i-04c56ba689e793140
2026-07-02T00:00:00Z,2026-07-03T00:00:00Z,True,0.0,EC2 - Other,i-04c9be4225bf15ae1
2026-07-02T00:00:00Z,2026-07-03T00:00:00Z,True,6.57807e-05,EC2 - Other,i-04d3a8c6aae87f818
2026-07-02T00:00:00Z,2026-07-03T00:00:00Z,True,0.0,EC2 - Other,i-04d48754986526a1b
2026-07-02T00:00:00Z,2026-07-03T00:00:00Z,True,0.0,EC2 - Other,i-04e01e4b7562df4a0
2026-07-02T00:00:00Z,2026-07-03T00:00:00Z,True,0.0,EC2 - Other,i-04e89cc8c854495d6
2026-07-02T00:00:00Z,2026-07-03T00:00:00Z,True,0.0,EC2 - Other,i-04f17c75a37b12480
2026-07-02T00:00:00Z,2026-07-03T00:00:00Z,True,0.0,EC2 - Other,i-04f90b65b1215163a
2026-07-02T00:00:00Z,2026-07-03T00:00:00Z,True,0.0,EC2 - Other,i-04ffc9bd493212bf3
2026-07-02T00:00:00Z,2026-07-03T00:00:00Z,True,0.0,EC2 - Other,i-0505f0943a6e606d5
2026-07-02T00:00:00Z,2026-07-03T00:00:00Z,True,0.0,EC2 - Other,i-050a09b3a5a4b2966
2026-07-02T00:00:00Z,2026-07-03T00:00:00Z,True,0.0,EC2 - Other,i-05155e80419cf1e7c
2026-07-02T00:00:00Z,2026-07-03T00:00:00Z,True,0.0,EC2 - Other,i-0515a3e826948ad8d
2026-07-02T00:00:00Z,2026-07-03T00:00:00Z,True,0.0,EC2 - Other,i-051b26eadb694893b
2026-07-02T00:00:00Z,2026-07-03T00:00:00Z,True,0.0,EC2 - Other,i-051bcf8280290db1c
2026-07-02T00:00:00Z,2026-07-03T00:00:00Z,True,0.0,EC2 - Other,i-051f5d8981c15ff1b
2026-07-02T00:00:00Z,2026-07-03T00:00:00Z,True,0.0,EC2 - Other,i-052cae8ed5c878462
2026-07-02T00:00:00Z,2026-07-03T00:00:00Z,True,0.0,EC2 - Other,i-0535e8aacfbf2f67e
2026-07-02T00:00:00Z,2026-07-03T00:00:00Z,True,0.0,EC2 - Other,i-053f105e715852211
2026-07-02T00:00:00Z,2026-07-03T00:00:00Z,True,0.0,EC2 - Other,i-054a57e22c3723cbe
2026-07-02T00:00:00Z,2026-07-03T00:00:00Z,True,0.0,EC2 - Other,i-055005f7710dbcbeb
2026-07-02T00:00:00Z,2026-07-03T00:00:00Z,True,0.0,EC2 - Other,i-0570578c91d115936
2026-07-02T00:00:00Z,2026-07-03T00:00:00Z,True,0.0,EC2 - Other,i-058d7838758f0ae3a
2026-07-02T00:00:00Z,2026-07-03T00:00:00Z,True,0.0,EC2 - Other,i-05a7d5139a569a414
2026-07-02T00:00:00Z,2026-07-03T00:00:00Z,True,0.0,EC2 - Other,i-05ab3eb94677ee2b6
2026-07-02T00:00:00Z,2026-07-03T00:00:00Z,True,0.0,EC2 - Other,i-05b688b01230089dd
2026-07-02T00:00:00Z,2026-07-03T00:00:00Z,True,0.0,EC2 - Other,i-05bde178c9d93c1c5
2026-07-02T00:00:00Z,2026-07-03T00:00:00Z,True,0.0,EC2 - Other,i-05c4ae617a27b3a44
2026-07-02T00:00:00Z,2026-07-03T00:00:00Z,True,0.0,EC2 - Other,i-05d1e6be0bf2699c7
2026-07-02T00:00:00Z,2026-07-03T00:00:00Z,True,0.0,EC2 - Other,i-05d820226a328d3df
2026-07-02T00:00:00Z,2026-07-03T00:00:00Z,True,0.0,EC2 - Other,i-05da124fe7ec6b097
2026-07-02T00:00:00Z,2026-07-03T00:00:00Z,True,1.9436e-06,EC2 - Other,i-05de16a24310099c5
2026-07-02T00:00:00Z,2026-07-03T00:00:00Z,True,0.0,EC2 - Other,i-05e418016b4d8cce9
2026-07-02T00:00:00Z,2026-07-03T00:00:00Z,True,0.0,EC2 - Other,i-05fce31479ce74a68
2026-07-02T00:00:00Z,2026-07-03T00:00:00Z,True,0.0,EC2 - Other,i-060aea58056ae5719
2026-07-02T00:00:00Z,2026-07-03T00:00:00Z,True,0.0,EC2 - Other,i-06307c9879246e972
2026-07-02T00:00:00Z,2026-07-03T00:00:00Z,True,0.0,EC2 - Other,i-063ccf9a8b0e843e4
2026-07-02T00:00:00Z,2026-07-03T00:00:00Z,True,0.0,EC2 - Other,i-064646a9f7729101b
2026-07-02T00:00:00Z,2026-07-03T00:00:00Z,True,0.0,EC2 - Other,i-066149f4ec95bb249
2026-07-02T00:00:00Z,2026-07-03T00:00:00Z,True,0.0,EC2 - Other,i-0666c139c3accd5a1
2026-07-02T00:00:00Z,2026-07-03T00:00:00Z,True,0.0,EC2 - Other,i-0668be733fffd77ab
2026-07-02T00:00:00Z,2026-07-03T00:00:00Z,True,0.0,EC2 - Other,i-0669b60a3e3686e70
2026-07-02T00:00:00Z,2026-07-03T00:00:00Z,True,0.0,EC2 - Other,i-0669b69b5ddfed2cc
2026-07-02T00:00:00Z,2026-07-03T00:00:00Z,True,0.0,EC2 - Other,i-066a7fb40eef06c21
2026-07-02T00:00:00Z,2026-07-03T00:00:00Z,True,0.0,EC2 - Other,i-066f8b2f85f456744
2026-07-02T00:00:00Z,2026-07-03T00:00:00Z,True,0.0,EC2 - Other,i-068cfd3529217e30b
2026-07-02T00:00:00Z,2026-07-03T00:00:00Z,True,6.86514e-05,EC2 - Other,i-068f3aad2bedb9fa6
2026-07-02T00:00:00Z,2026-07-03T00:00:00Z,True,0.0,EC2 - Other,i-0691eb4ccf22b2cf6
2026-07-02T00:00:00Z,2026-07-03T00:00:00Z,True,0.0,EC2 - Other,i-069713d04784e8fe6
2026-07-02T00:00:00Z,2026-07-03T00:00:00Z,True,0.0,EC2 - Other,i-069729290b5786044
2026-07-02T00:00:00Z,2026-07-03T00:00:00Z,True,0.0,EC2 - Other,i-06a253165b3804f50
2026-07-02T00:00:00Z,2026-07-03T00:00:00Z,True,0.0,EC2 - Other,i-06a36da240d3afbc5
2026-07-02T00:00:00Z,2026-07-03T00:00:00Z,True,0.0,EC2 - Other,i-06acadf13f64d9478
2026-07-02T00:00:00Z,2026-07-03T00:00:00Z,True,0.0,EC2 - Other,i-06c7556fc270e6af7
2026-07-02T00:00:00Z,2026-07-03T00:00:00Z,True,0.0,EC2 - Other,i-06ce320b692f885e2
2026-07-02T00:00:00Z,2026-07-03T00:00:00Z,True,0.0,EC2 - Other,i-06e28a3e5b78ee530
2026-07-02T00:00:00Z,2026-07-03T00:00:00Z,True,0.0,EC2 - Other,i-06e3c826839734305
2026-07-02T00:00:00Z,2026-07-03T00:00:00Z,True,0.0,EC2 - Other,i-06f467a2ae6bd7751
2026-07-02T00:00:00Z,2026-07-03T00:00:00Z,True,0.0,EC2 - Other,i-06f645da24150876c
2026-07-02T00:00:00Z,2026-07-03T00:00:00Z,True,0.0,EC2 - Other,i-06f87d888d74d1682
2026-07-02T00:00:00Z,2026-07-03T00:00:00Z,True,0.0,EC2 - Other,i-06fdc96ae484680f8
2026-07-02T00:00:00Z,2026-07-03T00:00:00Z,True,0.0,EC2 - Other,i-070cd6f6f3d7a8a9f
2026-07-02T00:00:00Z,2026-07-03T00:00:00Z,True,0.0,EC2 - Other,i-070e89c353b79aad5
2026-07-02T00:00:00Z,2026-07-03T00:00:00Z,True,0.0,EC2 - Other,i-0718af8dfc929a9ed
2026-07-02T00:00:00Z,2026-07-03T00:00:00Z,True,0.0,EC2 - Other,i-071dae8c1b85582ea
2026-07-02T00:00:00Z,2026-07-03T00:00:00Z,True,0.0,EC2 - Other,i-07242fb58d5e977a8
2026-07-02T00:00:00Z,2026-07-03T00:00:00Z,True,0.0,EC2 - Other,i-07309e9bc2bf4c9fa
2026-07-02T00:00:00Z,2026-07-03T00:00:00Z,True,0.0,EC2 - Other,i-07318da1fe15c40b8
2026-07-02T00:00:00Z,2026-07-03T00:00:00Z,True,0.0,EC2 - Other,i-073a972a9e5a01739
2026-07-02T00:00:00Z,2026-07-03T00:00:00Z,True,0.0,EC2 - Other,i-073d79e09d74ea384
2026-07-02T00:00:00Z,2026-07-03T00:00:00Z,True,0.0,EC2 - Other,i-074dfc13aebd3fb2c
2026-07-02T00:00:00Z,2026-07-03T00:00:00Z,True,0.0,EC2 - Other,i-0753678d4a15dd002
2026-07-02T00:00:00Z,2026-07-03T00:00:00Z,True,0.0,EC2 - Other,i-078e2caa8dd5f3dbc
2026-07-02T00:00:00Z,2026-07-03T00:00:00Z,True,0.0,EC2 - Other,i-079f0f464b547d2bf
2026-07-02T00:00:00Z,2026-07-03T00:00:00Z,True,0.0,EC2 - Other,i-07b7846bf58e8277f
2026-07-02T00:00:00Z,2026-07-03T00:00:00Z,True,0.0,EC2 - Other,i-07bca6c3f134610d7
2026-07-02T00:00:00Z,2026-07-03T00:00:00Z,True,0.0,EC2 - Other,i-07c7be012dd1fbd4b
2026-07-02T00:00:00Z,2026-07-03T00:00:00Z,True,0.0,EC2 - Other,i-07d2c56d6acdf531f
2026-07-02T00:00:00Z,2026-07-03T00:00:00Z,True,0.0793854752,EC2 - Other,i-07df3a933e4839f52
2026-07-02T00:00:00Z,2026-07-03T00:00:00Z,True,0.0,EC2 - Other,i-07e6cca2d1731afd6
2026-07-02T00:00:00Z,2026-07-03T00:00:00Z,True,0.0,EC2 - Other,i-07e7b176642695ca1
2026-07-02T00:00:00Z,2026-07-03T00:00:00Z,True,0.0,EC2 - Other,i-07e8695c208530221
2026-07-02T00:00:00Z,2026-07-03T00:00:00Z,True,0.0,EC2 - Other,i-07f0806a9f0dd7085
2026-07-02T00:00:00Z,2026-07-03T00:00:00Z,True,0.0,EC2 - Other,i-081049757cf8f774a
2026-07-02T00:00:00Z,2026-07-03T00:00:00Z,True,0.0,EC2 - Other,i-0811bd6081217286d
2026-07-02T00:00:00Z,2026-07-03T00:00:00Z,True,0.0,EC2 - Other,i-0815578c1cb61217c
2026-07-02T00:00:00Z,2026-07-03T00:00:00Z,True,0.0,EC2 - Other,i-08156e148cbda3e10
2026-07-02T00:00:00Z,2026-07-03T00:00:00Z,True,0.0,EC2 - Other,i-0817603a99a11e0fb
2026-07-02T00:00:00Z,2026-07-03T00:00:00Z,True,0.0,EC2 - Other,i-08228fbaf572a6db8
2026-07-02T00:00:00Z,2026-07-03T00:00:00Z,True,0.0,EC2 - Other,i-0825ebfda2d908776
2026-07-02T00:00:00Z,2026-07-03T00:00:00Z,True,0.0,EC2 - Other,i-0829ac41218c507fa
2026-07-02T00:00:00Z,2026-07-03T00:00:00Z,True,0.0,EC2 - Other,i-082a324deb78b0433
2026-07-02T00:00:00Z,2026-07-03T00:00:00Z,True,0.0,EC2 - Other,i-08468ad8f8868c457
2026-07-02T00:00:00Z,2026-07-03T00:00:00Z,True,0.0,EC2 - Other,i-084969057a9751085
2026-07-02T00:00:00Z,2026-07-03T00:00:00Z,True,0.0,EC2 - Other,i-08579e5873d557da0
2026-07-02T00:00:00Z,2026-07-03T00:00:00Z,True,0.0,EC2 - Other,i-08730a179d94d3f93
2026-07-02T00:00:00Z,2026-07-03T00:00:00Z,True,0.0,EC2 - Other,i-0873affb86ec13745
2026-07-02T00:00:00Z,2026-07-03T00:00:00Z,True,0.0,EC2 - Other,i-0875cfe5615ae9354
2026-07-02T00:00:00Z,2026-07-03T00:00:00Z,True,0.0,EC2 - Other,i-087bf2b7a5493a6e5
2026-07-02T00:00:00Z,2026-07-03T00:00:00Z,True,0.0,EC2 - Other,i-089d0edd4208bcf19
2026-07-02T00:00:00Z,2026-07-03T00:00:00Z,True,0.0,EC2 - Other,i-08ab4b66a85bcb82c
2026-07-02T00:00:00Z,2026-07-03T00:00:00Z,True,0.0,EC2 - Other,i-08b38b02a7296e93e
2026-07-02T00:00:00Z,2026-07-03T00:00:00Z,True,0.0,EC2 - Other,i-08b52a92ef5cf97f4
2026-07-02T00:00:00Z,2026-07-03T00:00:00Z,True,0.0,EC2 - Other,i-08babf177787d0c11
2026-07-02T00:00:00Z,2026-07-03T00:00:00Z,True,0.0,EC2 - Other,i-08beb5607cae408f4
2026-07-02T00:00:00Z,2026-07-03T00:00:00Z,True,0.0,EC2 - Other,i-08c06943b60c2f623
2026-07-02T00:00:00Z,2026-07-03T00:00:00Z,True,0.0,EC2 - Other,i-08c0cfd9cd3c6d6cb
2026-07-02T00:00:00Z,2026-07-03T00:00:00Z,True,0.0,EC2 - Other,i-08c9bd2386a37ad5c
2026-07-02T00:00:00Z,2026-07-03T00:00:00Z,True,0.0,EC2 - Other,i-08e69e50701b8a934
2026-07-02T00:00:00Z,2026-07-03T00:00:00Z,True,0.0,EC2 - Other,i-08ea9832568858171
2026-07-02T00:00:00Z,2026-07-03T00:00:00Z,True,0.0,EC2 - Other,i-08f3a88c58589cebe
2026-07-02T00:00:00Z,2026-07-03T00:00:00Z,True,7.23323e-05,EC2 - Other,i-09126000eb19643b0
2026-07-02T00:00:00Z,2026-07-03T00:00:00Z,True,0.0,EC2 - Other,i-0913084f02393fdcc
2026-07-02T00:00:00Z,2026-07-03T00:00:00Z,True,0.0,EC2 - Other,i-091d9162d091b2bf2
2026-07-02T00:00:00Z,2026-07-03T00:00:00Z,True,0.0,EC2 - Other,i-091e5b3de4cb2b33b
2026-07-02T00:00:00Z,2026-07-03T00:00:00Z,True,0.0,EC2 - Other,i-0927a60142ab3330a
2026-07-02T00:00:00Z,2026-07-03T00:00:00Z,True,0.0,EC2 - Other,i-0927ac2d69ca23dd7
2026-07-02T00:00:00Z,2026-07-03T00:00:00Z,True,0.0,EC2 - Other,i-092df4ada30eeb6a5
2026-07-02T00:00:00Z,2026-07-03T00:00:00Z,True,0.0,EC2 - Other,i-093176d3c23a81f64
2026-07-02T00:00:00Z,2026-07-03T00:00:00Z,True,0.0,EC2 - Other,i-094006396ff2fff92
2026-07-02T00:00:00Z,2026-07-03T00:00:00Z,True,0.0,EC2 - Other,i-09523cf040f09cb62
2026-07-02T00:00:00Z,2026-07-03T00:00:00Z,True,0.0,EC2 - Other,i-095d02a36e3da32d1
2026-07-02T00:00:00Z,2026-07-03T00:00:00Z,True,0.0,EC2 - Other,i-0963b4d54f0850d83
2026-07-02T00:00:00Z,2026-07-03T00:00:00Z,True,0.0035364968,EC2 - Other,i-096f4e33895abd919
2026-07-02T00:00:00Z,2026-07-03T00:00:00Z,True,0.0,EC2 - Other,i-096fbe1eda7cadb86
2026-07-02T00:00:00Z,2026-07-03T00:00:00Z,True,0.0,EC2 - Other,i-097356a6373e666a6
2026-07-02T00:00:00Z,2026-07-03T00:00:00Z,True,0.0,EC2 - Other,i-097ae087d643b18f3
2026-07-02T00:00:00Z,2026-07-03T00:00:00Z,True,0.0,EC2 - Other,i-097edd03b9c1756c3
2026-07-02T00:00:00Z,2026-07-03T00:00:00Z,True,0.0,EC2 - Other,i-09806c623b05b9f01
2026-07-02T00:00:00Z,2026-07-03T00:00:00Z,True,0.0,EC2 - Other,i-0980bb7952e5c1045
2026-07-02T00:00:00Z,2026-07-03T00:00:00Z,True,0.0,EC2 - Other,i-099dab83e9d6a6372
2026-07-02T00:00:00Z,2026-07-03T00:00:00Z,True,0.0,EC2 - Other,i-09a6eeee474c099cd
2026-07-02T00:00:00Z,2026-07-03T00:00:00Z,True,0.0,EC2 - Other,i-09ace129a0d5de955
2026-07-02T00:00:00Z,2026-07-03T00:00:00Z,True,0.0,EC2 - Other,i-09c4d568fb26b5053
2026-07-02T00:00:00Z,2026-07-03T00:00:00Z,True,0.0,EC2 - Other,i-09d0a84379eaa81f8
2026-07-02T00:00:00Z,2026-07-03T00:00:00Z,True,0.0,EC2 - Other,i-09d31cd7d5b72602c
2026-07-02T00:00:00Z,2026-07-03T00:00:00Z,True,0.0,EC2 - Other,i-09de30f5460783bce
2026-07-02T00:00:00Z,2026-07-03T00:00:00Z,True,0.0,EC2 - Other,i-09e6488f2936505a4
2026-07-02T00:00:00Z,2026-07-03T00:00:00Z,True,0.0,EC2 - Other,i-09f0f6d63c1dc55ff
2026-07-02T00:00:00Z,2026-07-03T00:00:00Z,True,9.5031e-06,EC2 - Other,i-09f66b3f11ea42c60
2026-07-02T00:00:00Z,2026-07-03T00:00:00Z,True,0.0,EC2 - Other,i-0a0377f5f9339a429
2026-07-02T00:00:00Z,2026-07-03T00:00:00Z,True,0.0,EC2 - Other,i-0a0ca306bc4a9cf5a
2026-07-02T00:00:00Z,2026-07-03T00:00:00Z,True,0.0,EC2 - Other,i-0a0df31bd0eadc7c9
2026-07-02T00:00:00Z,2026-07-03T00:00:00Z,True,0.0,EC2 - Other,i-0a19f127be7f2aae1
2026-07-02T00:00:00Z,2026-07-03T00:00:00Z,True,0.0,EC2 - Other,i-0a2659b019b5349e4
2026-07-02T00:00:00Z,2026-07-03T00:00:00Z,True,0.0,EC2 - Other,i-0a352fe8fd9191cb8
2026-07-02T00:00:00Z,2026-07-03T00:00:00Z,True,0.0,EC2 - Other,i-0a359478fd82fefd5
2026-07-02T00:00:00Z,2026-07-03T00:00:00Z,True,0.0,EC2 - Other,i-0a5a8bf767090f99a
2026-07-02T00:00:00Z,2026-07-03T00:00:00Z,True,0.0,EC2 - Other,i-0a6748e10eb8b375c
2026-07-02T00:00:00Z,2026-07-03T00:00:00Z,True,7.33289e-05,EC2 - Other,i-0a70e6af119b993f3
2026-07-02T00:00:00Z,2026-07-03T00:00:00Z,True,0.0,EC2 - Other,i-0a792d15876cc857c
2026-07-02T00:00:00Z,2026-07-03T00:00:00Z,True,0.0,EC2 - Other,i-0a87297c89a24bf31
2026-07-02T00:00:00Z,2026-07-03T00:00:00Z,True,0.0,EC2 - Other,i-0a96b0224c36a3721
2026-07-02T00:00:00Z,2026-07-03T00:00:00Z,True,0.0,EC2 - Other,i-0a98af7bfb28a2ef2
2026-07-02T00:00:00Z,2026-07-03T00:00:00Z,True,0.0,EC2 - Other,i-0aa501b1a4dc2d73a
2026-07-02T00:00:00Z,2026-07-03T00:00:00Z,True,0.0,EC2 - Other,i-0aaaa55a12ee38fec
2026-07-02T00:00:00Z,2026-07-03T00:00:00Z,True,0.0,EC2 - Other,i-0ab1a79664b752c79
2026-07-02T00:00:00Z,2026-07-03T00:00:00Z,True,6.57e-07,EC2 - Other,i-0ab7116abc8229a16
2026-07-02T00:00:00Z,2026-07-03T00:00:00Z,True,0.0,EC2 - Other,i-0ab750fbd94830cf4
2026-07-02T00:00:00Z,2026-07-03T00:00:00Z,True,0.0,EC2 - Other,i-0ab7ce8e349dc2b7a
2026-07-02T00:00:00Z,2026-07-03T00:00:00Z,True,0.0,EC2 - Other,i-0ab9bc7c044e95236
2026-07-02T00:00:00Z,2026-07-03T00:00:00Z,True,0.0,EC2 - Other,i-0aba9d29ce291f679
2026-07-02T00:00:00Z,2026-07-03T00:00:00Z,True,0.0,EC2 - Other,i-0acf61dcca95dfe5b
2026-07-02T00:00:00Z,2026-07-03T00:00:00Z,True,0.0,EC2 - Other,i-0acfc9cb9658d9a06
2026-07-02T00:00:00Z,2026-07-03T00:00:00Z,True,0.0,EC2 - Other,i-0ad65129295bb5bef
2026-07-02T00:00:00Z,2026-07-03T00:00:00Z,True,0.0,EC2 - Other,i-0ae6b7c2472962b0b
2026-07-02T00:00:00Z,2026-07-03T00:00:00Z,True,0.0,EC2 - Other,i-0aeae3d0a20bb4279
2026-07-02T00:00:00Z,2026-07-03T00:00:00Z,True,0.0,EC2 - Other,i-0af15f01e7583035c
2026-07-02T00:00:00Z,2026-07-03T00:00:00Z,True,0.0,EC2 - Other,i-0b0410c7885e8e129
2026-07-02T00:00:00Z,2026-07-03T00:00:00Z,True,0.0,EC2 - Other,i-0b0b8cee8c450c9b9
2026-07-02T00:00:00Z,2026-07-03T00:00:00Z,True,0.0,EC2 - Other,i-0b0bdaa9f2f0d10ab
2026-07-02T00:00:00Z,2026-07-03T00:00:00Z,True,0.0,EC2 - Other,i-0b12141afc25420f8
2026-07-02T00:00:00Z,2026-07-03T00:00:00Z,True,8.07584e-05,EC2 - Other,i-0b13373722116c733
2026-07-02T00:00:00Z,2026-07-03T00:00:00Z,True,0.0,EC2 - Other,i-0b243321d4872efd2
2026-07-02T00:00:00Z,2026-07-03T00:00:00Z,True,0.0,EC2 - Other,i-0b3a25b980e351ede
2026-07-02T00:00:00Z,2026-07-03T00:00:00Z,True,0.0,EC2 - Other,i-0b419f8a324f9cc46
2026-07-02T00:00:00Z,2026-07-03T00:00:00Z,True,0.0,EC2 - Other,i-0b4321f49c0b8a556
2026-07-02T00:00:00Z,2026-07-03T00:00:00Z,True,0.0,EC2 - Other,i-0b586963447bd8867
2026-07-02T00:00:00Z,2026-07-03T00:00:00Z,True,0.0,EC2 - Other,i-0b5f0f4f018e3a3fd
2026-07-02T00:00:00Z,2026-07-03T00:00:00Z,True,0.0,EC2 - Other,i-0b64195eee6302374
2026-07-02T00:00:00Z,2026-07-03T00:00:00Z,True,0.0,EC2 - Other,i-0b64954f200bf6a11
2026-07-02T00:00:00Z,2026-07-03T00:00:00Z,True,7.746e-07,EC2 - Other,i-0b6713cc15f74d360
2026-07-02T00:00:00Z,2026-07-03T00:00:00Z,True,0.0,EC2 - Other,i-0b73534aec6a095da
2026-07-02T00:00:00Z,2026-07-03T00:00:00Z,True,0.0,EC2 - Other,i-0b7f0e6dc1214f64c
2026-07-02T00:00:00Z,2026-07-03T00:00:00Z,True,0.0,EC2 - Other,i-0b923a87775864b3c
2026-07-02T00:00:00Z,2026-07-03T00:00:00Z,True,0.0,EC2 - Other,i-0b982f0c1f8dc7a2a
2026-07-02T00:00:00Z,2026-07-03T00:00:00Z,True,0.0,EC2 - Other,i-0ba0737287b33e754
2026-07-02T00:00:00Z,2026-07-03T00:00:00Z,True,0.0,EC2 - Other,i-0ba3a035445b626d9
2026-07-02T00:00:00Z,2026-07-03T00:00:00Z,True,0.0,EC2 - Other,i-0bb172e1d4f28818c
2026-07-02T00:00:00Z,2026-07-03T00:00:00Z,True,0.0,EC2 - Other,i-0bb9d94c51f922116
2026-07-02T00:00:00Z,2026-07-03T00:00:00Z,True,0.0,EC2 - Other,i-0bbfcf9f67ebd2fb4
2026-07-02T00:00:00Z,2026-07-03T00:00:00Z,True,0.0,EC2 - Other,i-0bc1813820369c6b3
2026-07-02T00:00:00Z,2026-07-03T00:00:00Z,True,0.0,EC2 - Other,i-0bcf407dcbbc2a4a5
2026-07-02T00:00:00Z,2026-07-03T00:00:00Z,True,0.0,EC2 - Other,i-0bd9ea509e306a36c
2026-07-02T00:00:00Z,2026-07-03T00:00:00Z,True,0.0,EC2 - Other,i-0be5adfeee4cdb3e8
2026-07-02T00:00:00Z,2026-07-03T00:00:00Z,True,0.0,EC2 - Other,i-0bf22498291b1aaea
2026-07-02T00:00:00Z,2026-07-03T00:00:00Z,True,0.0,EC2 - Other,i-0c04d2d4b15f83f91
2026-07-02T00:00:00Z,2026-07-03T00:00:00Z,True,0.0,EC2 - Other,i-0c1761a9fb984a744
2026-07-02T00:00:00Z,2026-07-03T00:00:00Z,True,0.0,EC2 - Other,i-0c18d7d00db23c136
2026-07-02T00:00:00Z,2026-07-03T00:00:00Z,True,0.0,EC2 - Other,i-0c1ffe6ddec272b52
2026-07-02T00:00:00Z,2026-07-03T00:00:00Z,True,0.0,EC2 - Other,i-0c241e7c0d4439cc1
2026-07-02T00:00:00Z,2026-07-03T00:00:00Z,True,0.0,EC2 - Other,i-0c2fbf9d19d26c58c
2026-07-02T00:00:00Z,2026-07-03T00:00:00Z,True,0.0,EC2 - Other,i-0c3273ce8578889ac
2026-07-02T00:00:00Z,2026-07-03T00:00:00Z,True,0.0,EC2 - Other,i-0c39bb0b92666c678
2026-07-02T00:00:00Z,2026-07-03T00:00:00Z,True,0.0,EC2 - Other,i-0c4928654732e2d7a
2026-07-02T00:00:00Z,2026-07-03T00:00:00Z,True,0.0,EC2 - Other,i-0c4c61ddfe6c596cb
2026-07-02T00:00:00Z,2026-07-03T00:00:00Z,True,0.0,EC2 - Other,i-0c4f06378a9dfb52d
2026-07-02T00:00:00Z,2026-07-03T00:00:00Z,True,0.0,EC2 - Other,i-0c5583c913f53d435
2026-07-02T00:00:00Z,2026-07-03T00:00:00Z,True,0.0,EC2 - Other,i-0c55a989f12eeff2c
2026-07-02T00:00:00Z,2026-07-03T00:00:00Z,True,0.0,EC2 - Other,i-0c5b15107b97de53d
2026-07-02T00:00:00Z,2026-07-03T00:00:00Z,True,0.0,EC2 - Other,i-0c674187dd5b19374
2026-07-02T00:00:00Z,2026-07-03T00:00:00Z,True,0.0,EC2 - Other,i-0c6bcb7ec8050b96a
2026-07-02T00:00:00Z,2026-07-03T00:00:00Z,True,0.0,EC2 - Other,i-0c72791eaf3b15288
2026-07-02T00:00:00Z,2026-07-03T00:00:00Z,True,0.0,EC2 - Other,i-0c7b22b5cfa20a768
2026-07-02T00:00:00Z,2026-07-03T00:00:00Z,True,0.0,EC2 - Other,i-0c82a63e8d17d8308
2026-07-02T00:00:00Z,2026-07-03T00:00:00Z,True,0.0,EC2 - Other,i-0c8331fb33bb752a3
2026-07-02T00:00:00Z,2026-07-03T00:00:00Z,True,0.0,EC2 - Other,i-0c8e97e999fe42abd
2026-07-02T00:00:00Z,2026-07-03T00:00:00Z,True,0.0,EC2 - Other,i-0c8f2e8da562e6137
2026-07-02T00:00:00Z,2026-07-03T00:00:00Z,True,0.0,EC2 - Other,i-0c90143b793f78d5b
2026-07-02T00:00:00Z,2026-07-03T00:00:00Z,True,0.0,EC2 - Other,i-0c965aa3527c63925
2026-07-02T00:00:00Z,2026-07-03T00:00:00Z,True,0.0,EC2 - Other,i-0c9f9e2adf5501b3a
2026-07-02T00:00:00Z,2026-07-03T00:00:00Z,True,0.0,EC2 - Other,i-0ca30eb607c4246e3
2026-07-02T00:00:00Z,2026-07-03T00:00:00Z,True,0.0,EC2 - Other,i-0cb30f73964a70e6e
2026-07-02T00:00:00Z,2026-07-03T00:00:00Z,True,0.0,EC2 - Other,i-0cbcd2f726df58094
2026-07-02T00:00:00Z,2026-07-03T00:00:00Z,True,0.0,EC2 - Other,i-0cc384dc7503a5506
2026-07-02T00:00:00Z,2026-07-03T00:00:00Z,True,0.0,EC2 - Other,i-0cc72d8d027c169f2
2026-07-02T00:00:00Z,2026-07-03T00:00:00Z,True,0.0,EC2 - Other,i-0cc8ef68b62d58ff5
2026-07-02T00:00:00Z,2026-07-03T00:00:00Z,True,0.000205563,EC2 - Other,i-0cce1c2d935e86786
2026-07-02T00:00:00Z,2026-07-03T00:00:00Z,True,0.0,EC2 - Other,i-0cced51faa6672fad
2026-07-02T00:00:00Z,2026-07-03T00:00:00Z,True,0.0,EC2 - Other,i-0cd362bfe3ca6ab5b
2026-07-02T00:00:00Z,2026-07-03T00:00:00Z,True,0.0,EC2 - Other,i-0cddb74c57757292e
2026-07-02T00:00:00Z,2026-07-03T00:00:00Z,True,0.0,EC2 - Other,i-0ce12f31059cf5ce7
2026-07-02T00:00:00Z,2026-07-03T00:00:00Z,True,0.0,EC2 - Other,i-0ce28d60bf8695381
2026-07-02T00:00:00Z,2026-07-03T00:00:00Z,True,0.0,EC2 - Other,i-0ce2e00896fb555ae
2026-07-02T00:00:00Z,2026-07-03T00:00:00Z,True,0.0,EC2 - Other,i-0cfa4b21b84cd9b4d
2026-07-02T00:00:00Z,2026-07-03T00:00:00Z,True,0.0,EC2 - Other,i-0cff10482e4dd3240
2026-07-02T00:00:00Z,2026-07-03T00:00:00Z,True,0.0,EC2 - Other,i-0d0b4abaa827e0eaa
2026-07-02T00:00:00Z,2026-07-03T00:00:00Z,True,0.0,EC2 - Other,i-0d104455aede37bb3
2026-07-02T00:00:00Z,2026-07-03T00:00:00Z,True,0.0,EC2 - Other,i-0d247e1cc35410507
2026-07-02T00:00:00Z,2026-07-03T00:00:00Z,True,0.0,EC2 - Other,i-0d359c24b23e54430
2026-07-02T00:00:00Z,2026-07-03T00:00:00Z,True,0.0,EC2 - Other,i-0d375c35ed46b67c2
2026-07-02T00:00:00Z,2026-07-03T00:00:00Z,True,0.0,EC2 - Other,i-0d4f466f93cc144e5
2026-07-02T00:00:00Z,2026-07-03T00:00:00Z,True,0.0,EC2 - Other,i-0d752a880a67c2b4c
2026-07-02T00:00:00Z,2026-07-03T00:00:00Z,True,1.9851e-06,EC2 - Other,i-0d75af02251c65b84
2026-07-02T00:00:00Z,2026-07-03T00:00:00Z,True,0.0,EC2 - Other,i-0d7a686dd3aaeb64f
2026-07-02T00:00:00Z,2026-07-03T00:00:00Z,True,0.0,EC2 - Other,i-0d832443d960935ea
2026-07-02T00:00:00Z,2026-07-03T00:00:00Z,True,3.533e-07,EC2 - Other,i-0da4185030bbccc2b
2026-07-02T00:00:00Z,2026-07-03T00:00:00Z,True,0.0,EC2 - Other,i-0da4649d297a2d819
2026-07-02T00:00:00Z,2026-07-03T00:00:00Z,True,0.0,EC2 - Other,i-0da55e75932047378
2026-07-02T00:00:00Z,2026-07-03T00:00:00Z,True,0.0,EC2 - Other,i-0dac2c0a5178cd0c5
2026-07-02T00:00:00Z,2026-07-03T00:00:00Z,True,0.0,EC2 - Other,i-0dcb2d9e9433359dd
2026-07-02T00:00:00Z,2026-07-03T00:00:00Z,True,0.0,EC2 - Other,i-0de06614bace633f3
2026-07-02T00:00:00Z,2026-07-03T00:00:00Z,True,0.0,EC2 - Other,i-0de4c8ae389b58c89
2026-07-02T00:00:00Z,2026-07-03T00:00:00Z,True,7.79485e-05,EC2 - Other,i-0de9e3f8d3208cf03
2026-07-02T00:00:00Z,2026-07-03T00:00:00Z,True,0.0,EC2 - Other,i-0dec42eb84e2a8131
2026-07-02T00:00:00Z,2026-07-03T00:00:00Z,True,0.0,EC2 - Other,i-0deff2f8e904f66b4
2026-07-02T00:00:00Z,2026-07-03T00:00:00Z,True,0.0,EC2 - Other,i-0df6d96ee1851e6d1
2026-07-02T00:00:00Z,2026-07-03T00:00:00Z,True,0.0,EC2 - Other,i-0df783aa2007abe8a
2026-07-02T00:00:00Z,2026-07-03T00:00:00Z,True,0.0,EC2 - Other,i-0dfe76805fcf97723
2026-07-02T00:00:00Z,2026-07-03T00:00:00Z,True,0.0,EC2 - Other,i-0e06b98baf22feb8c
2026-07-02T00:00:00Z,2026-07-03T00:00:00Z,True,0.0,EC2 - Other,i-0e075e0559cdd43b2
2026-07-02T00:00:00Z,2026-07-03T00:00:00Z,True,0.0,EC2 - Other,i-0e0998bd4efa09bf6
2026-07-02T00:00:00Z,2026-07-03T00:00:00Z,True,0.0,EC2 - Other,i-0e0df81fbfecd2aa6
2026-07-02T00:00:00Z,2026-07-03T00:00:00Z,True,0.0,EC2 - Other,i-0e23483c3ad59c9fd
2026-07-02T00:00:00Z,2026-07-03T00:00:00Z,True,0.0,EC2 - Other,i-0e242ad4027532e93
2026-07-02T00:00:00Z,2026-07-03T00:00:00Z,True,0.0,EC2 - Other,i-0e4732a0dd94221cd
2026-07-02T00:00:00Z,2026-07-03T00:00:00Z,True,0.0,EC2 - Other,i-0e47d6b8837f09fa6
2026-07-02T00:00:00Z,2026-07-03T00:00:00Z,True,0.0,EC2 - Other,i-0e55fd5e6a35a2067
2026-07-02T00:00:00Z,2026-07-03T00:00:00Z,True,0.0,EC2 - Other,i-0e5805dbbdda612a5
2026-07-02T00:00:00Z,2026-07-03T00:00:00Z,True,0.0,EC2 - Other,i-0e5b6fc1313c34577
2026-07-02T00:00:00Z,2026-07-03T00:00:00Z,True,0.0,EC2 - Other,i-0e6a97520b72fb35b
2026-07-02T00:00:00Z,2026-07-03T00:00:00Z,True,7.25476e-05,EC2 - Other,i-0e70fab85d559c615
2026-07-02T00:00:00Z,2026-07-03T00:00:00Z,True,0.0,EC2 - Other,i-0e7244c8c52583703
2026-07-02T00:00:00Z,2026-07-03T00:00:00Z,True,0.0,EC2 - Other,i-0e777e5feb58e7982
2026-07-02T00:00:00Z,2026-07-03T00:00:00Z,True,0.0,EC2 - Other,i-0e79c98be7c233434
2026-07-02T00:00:00Z,2026-07-03T00:00:00Z,True,0.0,EC2 - Other,i-0e7b66f8d52908a36
2026-07-02T00:00:00Z,2026-07-03T00:00:00Z,True,0.0,EC2 - Other,i-0e7cbc41b3f077faa
2026-07-02T00:00:00Z,2026-07-03T00:00:00Z,True,0.0,EC2 - Other,i-0e810610e6dfa4242
2026-07-02T00:00:00Z,2026-07-03T00:00:00Z,True,0.0,EC2 - Other,i-0e851e4dc6ad5ee5a
2026-07-02T00:00:00Z,2026-07-03T00:00:00Z,True,0.0,EC2 - Other,i-0e8b005f14949141e
2026-07-02T00:00:00Z,2026-07-03T00:00:00Z,True,0.0,EC2 - Other,i-0e956c116cfbd4bf6
2026-07-02T00:00:00Z,2026-07-03T00:00:00Z,True,0.0,EC2 - Other,i-0e9ff93edf5d8173e
2026-07-02T00:00:00Z,2026-07-03T00:00:00Z,True,0.0,EC2 - Other,i-0eb9d279bf52d4d11
2026-07-02T00:00:00Z,2026-07-03T00:00:00Z,True,0.0,EC2 - Other,i-0ebbbf0d015a231a2
2026-07-02T00:00:00Z,2026-07-03T00:00:00Z,True,0.0,EC2 - Other,i-0ec05d6c06a115a4e
2026-07-02T00:00:00Z,2026-07-03T00:00:00Z,True,0.0,EC2 - Other,i-0ec2d4aed6e9829e0
2026-07-02T00:00:00Z,2026-07-03T00:00:00Z,True,0.0,EC2 - Other,i-0ec6ad1cc30f14943
2026-07-02T00:00:00Z,2026-07-03T00:00:00Z,True,0.0,EC2 - Other,i-0ec6ed5fc17bd5ae1
2026-07-02T00:00:00Z,2026-07-03T00:00:00Z,True,0.0,EC2 - Other,i-0ee9cc40d86e899b9
2026-07-02T00:00:00Z,2026-07-03T00:00:00Z,True,0.0,EC2 - Other,i-0eec51771662045ae
2026-07-02T00:00:00Z,2026-07-03T00:00:00Z,True,0.0,EC2 - Other,i-0ef067066018edbd1
2026-07-02T00:00:00Z,2026-07-03T00:00:00Z,True,0.0,EC2 - Other,i-0ef329789618563fc
2026-07-02T00:00:00Z,2026-07-03T00:00:00Z,True,0.0,EC2 - Other,i-0ef5ae11ee1d2ea8b
2026-07-02T00:00:00Z,2026-07-03T00:00:00Z,True,0.0,EC2 - Other,i-0f04b630117532f43
2026-07-02T00:00:00Z,2026-07-03T00:00:00Z,True,0.0,EC2 - Other,i-0f15917e35df0d668
2026-07-02T00:00:00Z,2026-07-03T00:00:00Z,True,0.0,EC2 - Other,i-0f1a853475d1a23b5
2026-07-02T00:00:00Z,2026-07-03T00:00:00Z,True,0.0,EC2 - Other,i-0f33577b057d1dafa
2026-07-02T00:00:00Z,2026-07-03T00:00:00Z,True,0.0,EC2 - Other,i-0f3d925245c954243
2026-07-02T00:00:00Z,2026-07-03T00:00:00Z,True,0.0,EC2 - Other,i-0f4bde41e4f5d12bd
2026-07-02T00:00:00Z,2026-07-03T00:00:00Z,True,0.0,EC2 - Other,i-0f5803fa1bb0c1fa3
2026-07-02T00:00:00Z,2026-07-03T00:00:00Z,True,0.0,EC2 - Other,i-0f6006cc338b6a903
2026-07-02T00:00:00Z,2026-07-03T00:00:00Z,True,0.0,EC2 - Other,i-0f67fb0e01aa972f5
2026-07-02T00:00:00Z,2026-07-03T00:00:00Z,True,0.0,EC2 - Other,i-0f6b4578556f9389d
2026-07-02T00:00:00Z,2026-07-03T00:00:00Z,True,0.0,EC2 - Other,i-0f74d3f895e7de1f5
2026-07-02T00:00:00Z,2026-07-03T00:00:00Z,True,0.0,EC2 - Other,i-0f806002c947c4b0a
2026-07-02T00:00:00Z,2026-07-03T00:00:00Z,True,0.0,EC2 - Other,i-0f828e35fe0c70617
2026-07-02T00:00:00Z,2026-07-03T00:00:00Z,True,0.0,EC2 - Other,i-0f8e1fba8d1490171
2026-07-02T00:00:00Z,2026-07-03T00:00:00Z,True,0.0,EC2 - Other,i-0f990d7a37609ef06
2026-07-02T00:00:00Z,2026-07-03T00:00:00Z,True,0.0,EC2 - Other,i-0f9afa9df499e2bf9
2026-07-02T00:00:00Z,2026-07-03T00:00:00Z,True,0.0,EC2 - Other,i-0fa1b3faaab2be908
2026-07-02T00:00:00Z,2026-07-03T00:00:00Z,True,0.0,EC2 - Other,i-0fa345052b09dfa12
2026-07-02T00:00:00Z,2026-07-03T00:00:00Z,True,0.0,EC2 - Other,i-0fa6aff948ac9213f
2026-07-02T00:00:00Z,2026-07-03T00:00:00Z,True,0.0,EC2 - Other,i-0fa80ac97d2e564c7
2026-07-02T00:00:00Z,2026-07-03T00:00:00Z,True,0.0,EC2 - Other,i-0fa9e3b1837ba8fd7
2026-07-02T00:00:00Z,2026-07-03T00:00:00Z,True,0.0,EC2 - Other,i-0fb1a201637a3209b
2026-07-02T00:00:00Z,2026-07-03T00:00:00Z,True,0.0,EC2 - Other,i-0fcca0c71de6fe202
2026-07-02T00:00:00Z,2026-07-03T00:00:00Z,True,0.0,EC2 - Other,i-0fd299414047d9bd8
2026-07-02T00:00:00Z,2026-07-03T00:00:00Z,True,0.0,EC2 - Other,i-0fd4866ef3d20efd8
2026-07-02T00:00:00Z,2026-07-03T00:00:00Z,True,0.0,EC2 - Other,i-0fdaf7b7bf9b76102
2026-07-02T00:00:00Z,2026-07-03T00:00:00Z,True,0.0,EC2 - Other,i-0fefd1c8a95fa78ed
2026-07-02T00:00:00Z,2026-07-03T00:00:00Z,True,0.0017043011,EC2 - Other,vol-0007cd81b82dafec4
2026-07-02T00:00:00Z,2026-07-03T00:00:00Z,True,0.0013427419,EC2 - Other,vol-0011a92c4d8db067d
2026-07-02T00:00:00Z,2026-07-03T00:00:00Z,True,0.0016491936,EC2 - Other,vol-0021d66f7a8d63f36
2026-07-02T00:00:00Z,2026-07-03T00:00:00Z,True,0.0026895161,EC2 - Other,vol-0021f445b2494b505
2026-07-02T00:00:00Z,2026-07-03T00:00:00Z,True,0.0057231183,EC2 - Other,vol-002ec7df164300567
2026-07-02T00:00:00Z,2026-07-03T00:00:00Z,True,0.0014892473,EC2 - Other,vol-002ef552d9c9eb52c
2026-07-02T00:00:00Z,2026-07-03T00:00:00Z,True,0.0014865591,EC2 - Other,vol-00316fa858365a02d
2026-07-02T00:00:00Z,2026-07-03T00:00:00Z,True,0.0008776882,EC2 - Other,vol-00329aa90f940f507
2026-07-02T00:00:00Z,2026-07-03T00:00:00Z,True,0.0016182796,EC2 - Other,vol-0033609bbe8e8c6de
2026-07-02T00:00:00Z,2026-07-03T00:00:00Z,True,0.0009153226,EC2 - Other,vol-0035323c7c006acfa
2026-07-02T00:00:00Z,2026-07-03T00:00:00Z,True,0.0015201613,EC2 - Other,vol-003897e35af16899c
2026-07-02T00:00:00Z,2026-07-03T00:00:00Z,True,0.012764785,EC2 - Other,vol-003a7bc73828ae87f
2026-07-02T00:00:00Z,2026-07-03T00:00:00Z,True,0.0133467742,EC2 - Other,vol-004031871694a38a8
2026-07-02T00:00:00Z,2026-07-03T00:00:00Z,True,0.0025873656,EC2 - Other,vol-00468ed2caed8ae0a
2026-07-02T00:00:00Z,2026-07-03T00:00:00Z,True,0.001547043,EC2 - Other,vol-00511632023e6d8bc
2026-07-02T00:00:00Z,2026-07-03T00:00:00Z,True,0.0774193536,EC2 - Other,vol-0054217b60d3a15d8
2026-07-02T00:00:00Z,2026-07-03T00:00:00Z,True,0.0012701613,EC2 - Other,vol-006130ccda5034c83
2026-07-02T00:00:00Z,2026-07-03T00:00:00Z,True,0.001422043,EC2 - Other,vol-0065574ddb3f900ae
2026-07-02T00:00:00Z,2026-07-03T00:00:00Z,True,0.0013817204,EC2 - Other,vol-0068e74e42357d106
2026-07-02T00:00:00Z,2026-07-03T00:00:00Z,True,0.0054166667,EC2 - Other,vol-007b3e8358f7714db
2026-07-02T00:00:00Z,2026-07-03T00:00:00Z,True,0.0008776882,EC2 - Other,vol-0087a5a8c4dc7d1c7
2026-07-02T00:00:00Z,2026-07-03T00:00:00Z,True,0.0050685484,EC2 - Other,vol-008fffe7151be2afe
2026-07-02T00:00:00Z,2026-07-03T00:00:00Z,True,0.0006747312,EC2 - Other,vol-0090badc140886367
2026-07-02T00:00:00Z,2026-07-03T00:00:00Z,True,0.0008360215,EC2 - Other,vol-0096e0639bf56907b
2026-07-02T00:00:00Z,2026-07-03T00:00:00Z,True,0.0026895161,EC2 - Other,vol-00b4f5f983882ad04
2026-07-02T00:00:00Z,2026-07-03T00:00:00Z,True,0.8670967752,EC2 - Other,vol-00cbb7ba932dbd3a4
2026-07-02T00:00:00Z,2026-07-03T00:00:00Z,True,0.0025268817,EC2 - Other,vol-00cc80d53c5bdb1f4
2026-07-02T00:00:00Z,2026-07-03T00:00:00Z,True,0.0011599462,EC2 - Other,vol-00e85babefe6bff2e
2026-07-02T00:00:00Z,2026-07-03T00:00:00Z,True,0.0086787635,EC2 - Other,vol-00ec497fe9bc9c77d
2026-07-02T00:00:00Z,2026-07-03T00:00:00Z,True,0.0019744624,EC2 - Other,vol-00f2cd9f409679ff4
2026-07-02T00:00:00Z,2026-07-03T00:00:00Z,True,0.0008077957,EC2 - Other,vol-00f5bf66cd9818574
2026-07-02T00:00:00Z,2026-07-03T00:00:00Z,True,0.0015107527,EC2 - Other,vol-00f76928725e4c2ce
2026-07-02T00:00:00Z,2026-07-03T00:00:00Z,True,0.0008629032,EC2 - Other,vol-00fd2415b74bc9081
2026-07-02T00:00:00Z,2026-07-03T00:00:00Z,True,0.0013857527,EC2 - Other,vol-0107b965ce49822f8
2026-07-02T00:00:00Z,2026-07-03T00:00:00Z,True,0.0015954301,EC2 - Other,vol-010a5626d8157ef88
2026-07-02T00:00:00Z,2026-07-03T00:00:00Z,True,0.0008172043,EC2 - Other,vol-011056a5d7f98af22
2026-07-02T00:00:00Z,2026-07-03T00:00:00Z,True,0.0127755377,EC2 - Other,vol-011d3db780500d31f
2026-07-02T00:00:00Z,2026-07-03T00:00:00Z,True,0.0022365591,EC2 - Other,vol-011f863a1cda0f3fa
2026-07-02T00:00:00Z,2026-07-03T00:00:00Z,True,0.0014126344,EC2 - Other,vol-01213dec44db6971f
2026-07-02T00:00:00Z,2026-07-03T00:00:00Z,True,0.00225,EC2 - Other,vol-012e3a18602db750c
2026-07-02T00:00:00Z,2026-07-03T00:00:00Z,True,0.0054865592,EC2 - Other,vol-0138693249b5cd269
2026-07-02T00:00:00Z,2026-07-03T00:00:00Z,True,0.0064448925,EC2 - Other,vol-013d60bf7def03f48
2026-07-02T00:00:00Z,2026-07-03T00:00:00Z,True,0.0055174731,EC2 - Other,vol-013e8856da49f5d69
2026-07-02T00:00:00Z,2026-07-03T00:00:00Z,True,0.0015026882,EC2 - Other,vol-01473dd8be14dd80b
2026-07-02T00:00:00Z,2026-07-03T00:00:00Z,True,0.8670967752,EC2 - Other,vol-014b3f723fb89dc63
2026-07-02T00:00:00Z,2026-07-03T00:00:00Z,True,0.0014233871,EC2 - Other,vol-014e9159f44a133b6
2026-07-02T00:00:00Z,2026-07-03T00:00:00Z,True,0.0014180108,EC2 - Other,vol-01686bdf4bfa86935
2026-07-02T00:00:00Z,2026-07-03T00:00:00Z,True,0.0015040323,EC2 - Other,vol-016efc0e97209b6e1
2026-07-02T00:00:00Z,2026-07-03T00:00:00Z,True,0.0024637097,EC2 - Other,vol-0174ec1369e5a44ee
2026-07-02T00:00:00Z,2026-07-03T00:00:00Z,True,0.0052432796,EC2 - Other,vol-01863652362556293
2026-07-02T00:00:00Z,2026-07-03T00:00:00Z,True,0.0013454301,EC2 - Other,vol-01922a68be8c727f4
2026-07-02T00:00:00Z,2026-07-03T00:00:00Z,True,0.0059112903,EC2 - Other,vol-019756818fe9b234d
2026-07-02T00:00:00Z,2026-07-03T00:00:00Z,True,0.0024758064,EC2 - Other,vol-019c92232c6b0b1f7
2026-07-02T00:00:00Z,2026-07-03T00:00:00Z,True,0.0013521505,EC2 - Other,vol-01a2f52498fe2146a
2026-07-02T00:00:00Z,2026-07-03T00:00:00Z,True,0.0015819892,EC2 - Other,vol-01a3923fa351df1d6
2026-07-02T00:00:00Z,2026-07-03T00:00:00Z,True,0.0028521505,EC2 - Other,vol-01abcedf68f96b9a0
2026-07-02T00:00:00Z,2026-07-03T00:00:00Z,True,0.0007997312,EC2 - Other,vol-01d7297922196649e
2026-07-02T00:00:00Z,2026-07-03T00:00:00Z,True,0.001483871,EC2 - Other,vol-01dd26bfc70225b87
2026-07-02T00:00:00Z,2026-07-03T00:00:00Z,True,0.0008077957,EC2 - Other,vol-01ea447e608605e02
2026-07-02T00:00:00Z,2026-07-03T00:00:00Z,True,0.0015887097,EC2 - Other,vol-01eca09d7328675a0
2026-07-02T00:00:00Z,2026-07-03T00:00:00Z,True,0.0024811828,EC2 - Other,vol-01ee2084f1e275afd
2026-07-02T00:00:00Z,2026-07-03T00:00:00Z,True,0.0014287634,EC2 - Other,vol-01f01032c28e1f3b3
2026-07-02T00:00:00Z,2026-07-03T00:00:00Z,True,0.0052795699,EC2 - Other,vol-01fb75c569bc64d05
2026-07-02T00:00:00Z,2026-07-03T00:00:00Z,True,0.0014986559,EC2 - Other,vol-01fc8d07684431e88
2026-07-02T00:00:00Z,2026-07-03T00:00:00Z,True,0.0026317204,EC2 - Other,vol-02037618f4b9f2fbb
2026-07-02T00:00:00Z,2026-07-03T00:00:00Z,True,0.0007822581,EC2 - Other,vol-02098c72e60ca1dac
2026-07-02T00:00:00Z,2026-07-03T00:00:00Z,True,0.0014462366,EC2 - Other,vol-020d92a8637b8b3ba
2026-07-02T00:00:00Z,2026-07-03T00:00:00Z,True,0.0009193548,EC2 - Other,vol-021452345511d7c29
2026-07-02T00:00:00Z,2026-07-03T00:00:00Z,True,0.0015201613,EC2 - Other,vol-0219d045f2f9c9d95
2026-07-02T00:00:00Z,2026-07-03T00:00:00Z,True,0.0015537634,EC2 - Other,vol-021b3b8c7f377c2ad
2026-07-02T00:00:00Z,2026-07-03T00:00:00Z,True,0.0106572581,EC2 - Other,vol-021b74db626121c83
2026-07-02T00:00:00Z,2026-07-03T00:00:00Z,True,0.0013266129,EC2 - Other,vol-022987ef247be3bcd
2026-07-02T00:00:00Z,2026-07-03T00:00:00Z,True,0.0015846774,EC2 - Other,vol-022e2119f34825822
2026-07-02T00:00:00Z,2026-07-03T00:00:00Z,True,0.029826613,EC2 - Other,vol-024b12361245be8b6
2026-07-02T00:00:00Z,2026-07-03T00:00:00Z,True,0.0057244624,EC2 - Other,vol-024ccab259ec1c507
2026-07-02T00:00:00Z,2026-07-03T00:00:00Z,True,0.0022822581,EC2 - Other,vol-025374553430f5a80
2026-07-02T00:00:00Z,2026-07-03T00:00:00Z,True,0.0014919355,EC2 - Other,vol-02576292edee61232
2026-07-02T00:00:00Z,2026-07-03T00:00:00Z,True,0.001358871,EC2 - Other,vol-025c16739d22646bd
2026-07-02T00:00:00Z,2026-07-03T00:00:00Z,True,0.001313172,EC2 - Other,vol-025cc8002a77f0aad
2026-07-02T00:00:00Z,2026-07-03T00:00:00Z,True,0.013326613,EC2 - Other,vol-0265ff9f6eea2bd33
2026-07-02T00:00:00Z,2026-07-03T00:00:00Z,True,0.0048225806,EC2 - Other,vol-02766e42170ccdbf4
2026-07-02T00:00:00Z,2026-07-03T00:00:00Z,True,0.0055067205,EC2 - Other,vol-027d7e19e386a3170
2026-07-02T00:00:00Z,2026-07-03T00:00:00Z,True,0.0013857527,EC2 - Other,vol-0283b74967ef0d39e
2026-07-02T00:00:00Z,2026-07-03T00:00:00Z,True,0.0120819893,EC2 - Other,vol-028961bc2ee6e4c38
2026-07-02T00:00:00Z,2026-07-03T00:00:00Z,True,0.0092473119,EC2 - Other,vol-02899e2ee46952159
2026-07-02T00:00:00Z,2026-07-03T00:00:00Z,True,0.0055645161,EC2 - Other,vol-028f0435f0c396a34
2026-07-02T00:00:00Z,2026-07-03T00:00:00Z,True,0.0024448925,EC2 - Other,vol-02929b461c1265041
2026-07-02T00:00:00Z,2026-07-03T00:00:00Z,True,0.0086008065,EC2 - Other,vol-029a5763685d28f1d
2026-07-02T00:00:00Z,2026-07-03T00:00:00Z,True,0.0132594086,EC2 - Other,vol-029c4417872ca3773
2026-07-02T00:00:00Z,2026-07-03T00:00:00Z,True,0.000844086,EC2 - Other,vol-02a02bc8873b3e274
2026-07-02T00:00:00Z,2026-07-03T00:00:00Z,True,0.0015752688,EC2 - Other,vol-02b08377a97f8d3a2
2026-07-02T00:00:00Z,2026-07-03T00:00:00Z,True,0.0080793011,EC2 - Other,vol-02b6ce58fcbf14456
2026-07-02T00:00:00Z,2026-07-03T00:00:00Z,True,0.0208521506,EC2 - Other,vol-02ba54109b4b6bad5
2026-07-02T00:00:00Z,2026-07-03T00:00:00Z,True,0.0078104839,EC2 - Other,vol-02c6f36466532044f
2026-07-02T00:00:00Z,2026-07-03T00:00:00Z,True,0.0516129024,EC2 - Other,vol-02caa6b741e86c280
2026-07-02T00:00:00Z,2026-07-03T00:00:00Z,True,0.0085954301,EC2 - Other,vol-02d70e99d1231529d
2026-07-02T00:00:00Z,2026-07-03T00:00:00Z,True,0.0015174731,EC2 - Other,vol-02db1b3ec4834f24c
2026-07-02T00:00:00Z,2026-07-03T00:00:00Z,True,0.0014314516,EC2 - Other,vol-02dbc0bb7fb111052
2026-07-02T00:00:00Z,2026-07-03T00:00:00Z,True,0.005452957,EC2 - Other,vol-02e2da2565e5c7915
2026-07-02T00:00:00Z,2026-07-03T00:00:00Z,True,0.0010443548,EC2 - Other,vol-02e3adf5d4774fd80
2026-07-02T00:00:00Z,2026-07-03T00:00:00Z,True,0.0015793011,EC2 - Other,vol-02e4130c8719c8d06
2026-07-02T00:00:00Z,2026-07-03T00:00:00Z,True,0.0613897852,EC2 - Other,vol-02e8efa0d1b618175
2026-07-02T00:00:00Z,2026-07-03T00:00:00Z,True,0.0042634409,EC2 - Other,vol-02fb2b9f2a6a76eb9
2026-07-02T00:00:00Z,2026-07-03T00:00:00Z,True,0.032982527,EC2 - Other,vol-0306b76d531380884
2026-07-02T00:00:00Z,2026-07-03T00:00:00Z,True,0.0013346774,EC2 - Other,vol-0324763e8e8b5f4bf
2026-07-02T00:00:00Z,2026-07-03T00:00:00Z,True,0.0022163978,EC2 - Other,vol-0324f1cdca76a1c0f
2026-07-02T00:00:00Z,2026-07-03T00:00:00Z,True,0.0008602151,EC2 - Other,vol-032648184a132ed17
2026-07-02T00:00:00Z,2026-07-03T00:00:00Z,True,0.0014153226,EC2 - Other,vol-032c126293b144a6a
2026-07-02T00:00:00Z,2026-07-03T00:00:00Z,True,0.0014569892,EC2 - Other,vol-0354b9a3bb6d06972
2026-07-02T00:00:00Z,2026-07-03T00:00:00Z,True,0.0022311828,EC2 - Other,vol-036853f7f6bce1467
2026-07-02T00:00:00Z,2026-07-03T00:00:00Z,True,0.0263333334,EC2 - Other,vol-0368f27dcf60dfa41
2026-07-02T00:00:00Z,2026-07-03T00:00:00Z,True,0.0025456989,EC2 - Other,vol-037351fa7e1ef8837
2026-07-02T00:00:00Z,2026-07-03T00:00:00Z,True,0.0007956989,EC2 - Other,vol-0375ced904b1642ea
2026-07-02T00:00:00Z,2026-07-03T00:00:00Z,True,0.0015591398,EC2 - Other,vol-0377a90efb370a16a
2026-07-02T00:00:00Z,2026-07-03T00:00:00Z,True,0.001469086,EC2 - Other,vol-0378e06b5e945d0d7
2026-07-02T00:00:00Z,2026-07-03T00:00:00Z,True,0.0016048387,EC2 - Other,vol-037a588ebfd006ded
2026-07-02T00:00:00Z,2026-07-03T00:00:00Z,True,0.0025147849,EC2 - Other,vol-03804b8aff8e77df8
2026-07-02T00:00:00Z,2026-07-03T00:00:00Z,True,0.0021653226,EC2 - Other,vol-03818b0b703b0cb1d
2026-07-02T00:00:00Z,2026-07-03T00:00:00Z,True,0.0028293011,EC2 - Other,vol-03897d3ea9dcc4141
2026-07-02T00:00:00Z,2026-07-03T00:00:00Z,True,0.8670967752,EC2 - Other,vol-0392bc7824a1e81e8
2026-07-02T00:00:00Z,2026-07-03T00:00:00Z,True,0.0132688172,EC2 - Other,vol-0394104932294dab5
2026-07-02T00:00:00Z,2026-07-03T00:00:00Z,True,0.0007486559,EC2 - Other,vol-0394cb3199b2a6dec
2026-07-02T00:00:00Z,2026-07-03T00:00:00Z,True,0.0013293011,EC2 - Other,vol-039d9b35d780c305d
2026-07-02T00:00:00Z,2026-07-03T00:00:00Z,True,0.0008534946,EC2 - Other,vol-03a94bf061c9151e4
2026-07-02T00:00:00Z,2026-07-03T00:00:00Z,True,0.0063239248,EC2 - Other,vol-03aac2c954958be14
2026-07-02T00:00:00Z,2026-07-03T00:00:00Z,True,0.0023494624,EC2 - Other,vol-03ba116a068d72d73
2026-07-02T00:00:00Z,2026-07-03T00:00:00Z,True,0.0101411291,EC2 - Other,vol-03bb15f473b2a72b1
2026-07-02T00:00:00Z,2026-07-03T00:00:00Z,True,0.0016922043,EC2 - Other,vol-03c6f1bcb63600533
2026-07-02T00:00:00Z,2026-07-03T00:00:00Z,True,0.0010846774,EC2 - Other,vol-03cb8b1bcec98a3ff
2026-07-02T00:00:00Z,2026-07-03T00:00:00Z,True,0.0009852151,EC2 - Other,vol-03d07abd1dba9e298
2026-07-02T00:00:00Z,2026-07-03T00:00:00Z,True,0.0035913978,EC2 - Other,vol-03d4ca26d04aee93a
2026-07-02T00:00:00Z,2026-07-03T00:00:00Z,True,0.0025900538,EC2 - Other,vol-03dec2fcb694235c7
2026-07-02T00:00:00Z,2026-07-03T00:00:00Z,True,0.0308588711,EC2 - Other,vol-03e659c6d7616088c
2026-07-02T00:00:00Z,2026-07-03T00:00:00Z,True,0.0012782258,EC2 - Other,vol-03eca6b20df3790e9
2026-07-02T00:00:00Z,2026-07-03T00:00:00Z,True,0.0008158602,EC2 - Other,vol-03ed68c4d25d42b7f
2026-07-02T00:00:00Z,2026-07-03T00:00:00Z,True,0.0013602151,EC2 - Other,vol-03f7f4f678ff1ba31
2026-07-02T00:00:00Z,2026-07-03T00:00:00Z,True,0.0057392473,EC2 - Other,vol-04074b2c6c52e2c94
2026-07-02T00:00:00Z,2026-07-03T00:00:00Z,True,0.0059865592,EC2 - Other,vol-041079d7e11d5f3fa
2026-07-02T00:00:00Z,2026-07-03T00:00:00Z,True,1.0864516128,EC2 - Other,vol-042a5f5daead20490
2026-07-02T00:00:00Z,2026-07-03T00:00:00Z,True,0.0091653226,EC2 - Other,vol-042ce9a0400dcef22
2026-07-02T00:00:00Z,2026-07-03T00:00:00Z,True,0.0012768817,EC2 - Other,vol-042dc82d478957ffb
2026-07-02T00:00:00Z,2026-07-03T00:00:00Z,True,0.0291155915,EC2 - Other,vol-0432d1f2eb5b9bc47
2026-07-02T00:00:00Z,2026-07-03T00:00:00Z,True,0.0017822581,EC2 - Other,vol-04360e1156b63cb46
2026-07-02T00:00:00Z,2026-07-03T00:00:00Z,True,0.0016787634,EC2 - Other,vol-043b92df7ed0a6e3c
2026-07-02T00:00:00Z,2026-07-03T00:00:00Z,True,0.0013602151,EC2 - Other,vol-0459f4943e576ab63
2026-07-02T00:00:00Z,2026-07-03T00:00:00Z,True,0.8670967752,EC2 - Other,vol-04646998d6f1fd325
2026-07-02T00:00:00Z,2026-07-03T00:00:00Z,True,0.0079166667,EC2 - Other,vol-047baa95369625ac4
2026-07-02T00:00:00Z,2026-07-03T00:00:00Z,True,0.0054825269,EC2 - Other,vol-0487594d6afbe9dcc
2026-07-02T00:00:00Z,2026-07-03T00:00:00Z,True,0.0058736559,EC2 - Other,vol-0488635b33ed751c6
2026-07-02T00:00:00Z,2026-07-03T00:00:00Z,True,0.0032258064,EC2 - Other,vol-048bb7b5b617224a4
2026-07-02T00:00:00Z,2026-07-03T00:00:00Z,True,0.0012620968,EC2 - Other,vol-049065b656e86c849
2026-07-02T00:00:00Z,2026-07-03T00:00:00Z,True,0.0093534946,EC2 - Other,vol-04922dfdc16307edc
2026-07-02T00:00:00Z,2026-07-03T00:00:00Z,True,0.0056075269,EC2 - Other,vol-0495402137eede490
2026-07-02T00:00:00Z,2026-07-03T00:00:00Z,True,0.0030712366,EC2 - Other,vol-0496edb7aacc31c0b
2026-07-02T00:00:00Z,2026-07-03T00:00:00Z,True,0.000813172,EC2 - Other,vol-04a115c9bc8c66bd7
2026-07-02T00:00:00Z,2026-07-03T00:00:00Z,True,0.0055887097,EC2 - Other,vol-04a13505930388555
2026-07-02T00:00:00Z,2026-07-03T00:00:00Z,True,0.0127446237,EC2 - Other,vol-04ab83e7b8d20f243
2026-07-02T00:00:00Z,2026-07-03T00:00:00Z,True,0.0015134409,EC2 - Other,vol-04b33474f81a27083
2026-07-02T00:00:00Z,2026-07-03T00:00:00Z,True,0.0055134409,EC2 - Other,vol-04b5d7d28a4f268a1
2026-07-02T00:00:00Z,2026-07-03T00:00:00Z,True,0.0015913978,EC2 - Other,vol-04b770e27248b6fc2
2026-07-02T00:00:00Z,2026-07-03T00:00:00Z,True,0.0002607527,EC2 - Other,vol-04be5dc0231aa7ac7
2026-07-02T00:00:00Z,2026-07-03T00:00:00Z,True,0.0019112903,EC2 - Other,vol-04c142a427e8fb7f5
2026-07-02T00:00:00Z,2026-07-03T00:00:00Z,True,0.0029663978,EC2 - Other,vol-04c280a310705eb23
2026-07-02T00:00:00Z,2026-07-03T00:00:00Z,True,0.0023534946,EC2 - Other,vol-04ca0b881b517016c
2026-07-02T00:00:00Z,2026-07-03T00:00:00Z,True,0.0007405914,EC2 - Other,vol-04ca18f07eb8c558d
2026-07-02T00:00:00Z,2026-07-03T00:00:00Z,True,0.0014072581,EC2 - Other,vol-04e8ccde720a5862f
2026-07-02T00:00:00Z,2026-07-03T00:00:00Z,True,0.0149663979,EC2 - Other,vol-04ff4a54cd1d18ba7
2026-07-02T00:00:00Z,2026-07-03T00:00:00Z,True,0.0133333334,EC2 - Other,vol-0510c05779dfa5660
2026-07-02T00:00:00Z,2026-07-03T00:00:00Z,True,0.0013212366,EC2 - Other,vol-051ac5365a5650c3c
2026-07-02T00:00:00Z,2026-07-03T00:00:00Z,True,0.0007876344,EC2 - Other,vol-051ec1f2bfc00a2ae
2026-07-02T00:00:00Z,2026-07-03T00:00:00Z,True,0.0011545699,EC2 - Other,vol-05295822af7c17752
2026-07-02T00:00:00Z,2026-07-03T00:00:00Z,True,0.0012204301,EC2 - Other,vol-052e949379b37fecd
2026-07-02T00:00:00Z,2026-07-03T00:00:00Z,True,0.0015389785,EC2 - Other,vol-0533c8646581b1286
2026-07-02T00:00:00Z,2026-07-03T00:00:00Z,True,0.0056626344,EC2 - Other,vol-054024692d92b9906
2026-07-02T00:00:00Z,2026-07-03T00:00:00Z,True,0.0051612912,EC2 - Other,vol-0542fd77a5e4a4f63
2026-07-02T00:00:00Z,2026-07-03T00:00:00Z,True,0.001030914,EC2 - Other,vol-05436b7c78322d3c5
2026-07-02T00:00:00Z,2026-07-03T00:00:00Z,True,0.0015255376,EC2 - Other,vol-05465cf8cf703b24f
2026-07-02T00:00:00Z,2026-07-03T00:00:00Z,True,0.0019126344,EC2 - Other,vol-0547c85d0f4f5070f
2026-07-02T00:00:00Z,2026-07-03T00:00:00Z,True,0.0132473119,EC2 - Other,vol-0558b7c1d8f4a06bc
2026-07-02T00:00:00Z,2026-07-03T00:00:00Z,True,0.0013965054,EC2 - Other,vol-05632634d558a5f2b
2026-07-02T00:00:00Z,2026-07-03T00:00:00Z,True,0.0013346774,EC2 - Other,vol-057116cef606461be
2026-07-02T00:00:00Z,2026-07-03T00:00:00Z,True,0.0132661291,EC2 - Other,vol-057af4631b47e5f9f
2026-07-02T00:00:00Z,2026-07-03T00:00:00Z,True,0.0019462366,EC2 - Other,vol-0584fb005df2807bd
2026-07-02T00:00:00Z,2026-07-03T00:00:00Z,True,0.0008454301,EC2 - Other,vol-058b062a7930006a9
2026-07-02T00:00:00Z,2026-07-03T00:00:00Z,True,0.0009556452,EC2 - Other,vol-05975c8acf1ca5b70
2026-07-02T00:00:00Z,2026-07-03T00:00:00Z,True,0.0026948925,EC2 - Other,vol-05a57b3183f82fe82
2026-07-02T00:00:00Z,2026-07-03T00:00:00Z,True,0.0007715054,EC2 - Other,vol-05ae76e7d08bd0676
2026-07-02T00:00:00Z,2026-07-03T00:00:00Z,True,0.0084569893,EC2 - Other,vol-05b3c822790a33796
2026-07-02T00:00:00Z,2026-07-03T00:00:00Z,True,0.001047043,EC2 - Other,vol-05c11f341c376614f
2026-07-02T00:00:00Z,2026-07-03T00:00:00Z,True,0.0009462366,EC2 - Other,vol-05cb0cd72ef821006
2026-07-02T00:00:00Z,2026-07-03T00:00:00Z,True,0.0007379032,EC2 - Other,vol-05cc05c05a6668e1e
2026-07-02T00:00:00Z,2026-07-03T00:00:00Z,True,0.0022352151,EC2 - Other,vol-05d55443a1219dcd9
2026-07-02T00:00:00Z,2026-07-03T00:00:00Z,True,0.0054475807,EC2 - Other,vol-05df4a6ef88575394
2026-07-02T00:00:00Z,2026-07-03T00:00:00Z,True,0.0015981183,EC2 - Other,vol-05ee45c7700756166
2026-07-02T00:00:00Z,2026-07-03T00:00:00Z,True,0.0014825269,EC2 - Other,vol-05f7e7890b5295dd4
2026-07-02T00:00:00Z,2026-07-03T00:00:00Z,True,0.001452957,EC2 - Other,vol-05f860e9aa7eef4c1
2026-07-02T00:00:00Z,2026-07-03T00:00:00Z,True,0.021014785,EC2 - Other,vol-05fb46ac7b83279a2
2026-07-02T00:00:00Z,2026-07-03T00:00:00Z,True,0.0059543011,EC2 - Other,vol-05fd7afd946e1fa65
2026-07-02T00:00:00Z,2026-07-03T00:00:00Z,True,0.0009502688,EC2 - Other,vol-060f50e8062adda18
2026-07-02T00:00:00Z,2026-07-03T00:00:00Z,True,0.041669355,EC2 - Other,vol-060f53d030d83f9a4
2026-07-02T00:00:00Z,2026-07-03T00:00:00Z,True,0.0014193548,EC2 - Other,vol-061a1bce301209fcd
2026-07-02T00:00:00Z,2026-07-03T00:00:00Z,True,0.0086827957,EC2 - Other,vol-061d1785215b5f679
2026-07-02T00:00:00Z,2026-07-03T00:00:00Z,True,0.0074153226,EC2 - Other,vol-0631c7d1520d3167c
2026-07-02T00:00:00Z,2026-07-03T00:00:00Z,True,0.0164825269,EC2 - Other,vol-0636769a1f7821c91
2026-07-02T00:00:00Z,2026-07-03T00:00:00Z,True,0.0013508064,EC2 - Other,vol-064af33371201cc09
2026-07-02T00:00:00Z,2026-07-03T00:00:00Z,True,0.0014180108,EC2 - Other,vol-064cfc298d31ced8d
2026-07-02T00:00:00Z,2026-07-03T00:00:00Z,True,0.001672043,EC2 - Other,vol-066a2f0435564835a
2026-07-02T00:00:00Z,2026-07-03T00:00:00Z,True,0.0017540323,EC2 - Other,vol-066d0d8681a1f9158
2026-07-02T00:00:00Z,2026-07-03T00:00:00Z,True,1.0864516128,EC2 - Other,vol-067169329e7a92af1
2026-07-02T00:00:00Z,2026-07-03T00:00:00Z,True,0.0027459677,EC2 - Other,vol-06977e4db3a36804a
2026-07-02T00:00:00Z,2026-07-03T00:00:00Z,True,0.0009166667,EC2 - Other,vol-069e750e5c1fd8a5e
2026-07-02T00:00:00Z,2026-07-03T00:00:00Z,True,0.0127634409,EC2 - Other,vol-06a3dff3c8c06f7ec
2026-07-02T00:00:00Z,2026-07-03T00:00:00Z,True,0.0007956989,EC2 - Other,vol-06af99400325e17da
2026-07-02T00:00:00Z,2026-07-03T00:00:00Z,True,0.0020403226,EC2 - Other,vol-06b0ed636b8cf43d6
2026-07-02T00:00:00Z,2026-07-03T00:00:00Z,True,0.0059771506,EC2 - Other,vol-06ba8bc39500ea38b
2026-07-02T00:00:00Z,2026-07-03T00:00:00Z,True,0.0007715054,EC2 - Other,vol-06d269865cbd09979
2026-07-02T00:00:00Z,2026-07-03T00:00:00Z,True,0.0033508064,EC2 - Other,vol-06d4426c32fa45018
2026-07-02T00:00:00Z,2026-07-03T00:00:00Z,True,0.0007795699,EC2 - Other,vol-06e0a0927b696d2cf
2026-07-02T00:00:00Z,2026-07-03T00:00:00Z,True,0.0015793011,EC2 - Other,vol-06ed68d0372eb0c95
2026-07-02T00:00:00Z,2026-07-03T00:00:00Z,True,0.0014274194,EC2 - Other,vol-06f18e5755361a87f
2026-07-02T00:00:00Z,2026-07-03T00:00:00Z,True,0.0307607528,EC2 - Other,vol-070e2bc8a40f84060
2026-07-02T00:00:00Z,2026-07-03T00:00:00Z,True,0.0017258064,EC2 - Other,vol-07330f55da921d0e3
2026-07-02T00:00:00Z,2026-07-03T00:00:00Z,True,0.0012379032,EC2 - Other,vol-073a3f4c8c4b3f278
2026-07-02T00:00:00Z,2026-07-03T00:00:00Z,True,0.0027795699,EC2 - Other,vol-07541042e0b48ce0d
2026-07-02T00:00:00Z,2026-07-03T00:00:00Z,True,0.0008427419,EC2 - Other,vol-07631fe364f341911
2026-07-02T00:00:00Z,2026-07-03T00:00:00Z,True,1.0864516128,EC2 - Other,vol-076c411f48eb914a2
2026-07-02T00:00:00Z,2026-07-03T00:00:00Z,True,0.0147755377,EC2 - Other,vol-076f48717111d9aba
2026-07-02T00:00:00Z,2026-07-03T00:00:00Z,True,0.0024153226,EC2 - Other,vol-0787aed855b530df8
2026-07-02T00:00:00Z,2026-07-03T00:00:00Z,True,0.0015900538,EC2 - Other,vol-0788bdb82dd95e10d
2026-07-02T00:00:00Z,2026-07-03T00:00:00Z,True,0.0020913978,EC2 - Other,vol-079c2b56984ea3da9
2026-07-02T00:00:00Z,2026-07-03T00:00:00Z,True,0.009920699,EC2 - Other,vol-07a23d3f4399ed7ab
2026-07-02T00:00:00Z,2026-07-03T00:00:00Z,True,0.0014327957,EC2 - Other,vol-07bdd57778f8f2058
2026-07-02T00:00:00Z,2026-07-03T00:00:00Z,True,0.0012836022,EC2 - Other,vol-07c007c1f36b1f3cb
2026-07-02T00:00:00Z,2026-07-03T00:00:00Z,True,0.0014986559,EC2 - Other,vol-07d53db84a79ec0c2
2026-07-02T00:00:00Z,2026-07-03T00:00:00Z,True,0.0055887097,EC2 - Other,vol-07e3e6b6af2888def
2026-07-02T00:00:00Z,2026-07-03T00:00:00Z,True,0.001688172,EC2 - Other,vol-07e9acc3fa9b03bbe
2026-07-02T00:00:00Z,2026-07-03T00:00:00Z,True,0.0029717742,EC2 - Other,vol-07faf2d107f95b038
2026-07-02T00:00:00Z,2026-07-03T00:00:00Z,True,0.0008427419,EC2 - Other,vol-07fb05c2ee23d8735
2026-07-02T00:00:00Z,2026-07-03T00:00:00Z,True,0.0027486559,EC2 - Other,vol-080535948e95d7dff
2026-07-02T00:00:00Z,2026-07-03T00:00:00Z,True,0.0060577957,EC2 - Other,vol-08081bb3774a2386b
2026-07-02T00:00:00Z,2026-07-03T00:00:00Z,True,0.0009973118,EC2 - Other,vol-080d16e256a60c97e
2026-07-02T00:00:00Z,2026-07-03T00:00:00Z,True,0.0008629032,EC2 - Other,vol-08204a0fe096a18df
2026-07-02T00:00:00Z,2026-07-03T00:00:00Z,True,0.000905914,EC2 - Other,vol-08270ad07ee8ccc41
2026-07-02T00:00:00Z,2026-07-03T00:00:00Z,True,0.0007862903,EC2 - Other,vol-082b8ce964a38e82c
2026-07-02T00:00:00Z,2026-07-03T00:00:00Z,True,0.0012688172,EC2 - Other,vol-082ce6e05fd9ca988
2026-07-02T00:00:00Z,2026-07-03T00:00:00Z,True,9.6774193545,EC2 - Other,vol-0840104f024bda559
2026-07-02T00:00:00Z,2026-07-03T00:00:00Z,True,0.0017352151,EC2 - Other,vol-0855b81f8d8b5d3e8
2026-07-02T00:00:00Z,2026-07-03T00:00:00Z,True,0.0122137097,EC2 - Other,vol-085e26343b04d6a3b
2026-07-02T00:00:00Z,2026-07-03T00:00:00Z,True,0.0075873656,EC2 - Other,vol-085f0db5e7cf81cd9
2026-07-02T00:00:00Z,2026-07-03T00:00:00Z,True,0.0123413979,EC2 - Other,vol-08672ec38ee675b8d
2026-07-02T00:00:00Z,2026-07-03T00:00:00Z,True,0.9506451612,EC2 - Other,vol-08714faf7962b9134
2026-07-02T00:00:00Z,2026-07-03T00:00:00Z,True,0.0014408602,EC2 - Other,vol-087367e47e52bb84d
2026-07-02T00:00:00Z,2026-07-03T00:00:00Z,True,0.0094327957,EC2 - Other,vol-0877eaa8b7f4c5003
2026-07-02T00:00:00Z,2026-07-03T00:00:00Z,True,0.000811828,EC2 - Other,vol-087eadc5d352ad7ae
2026-07-02T00:00:00Z,2026-07-03T00:00:00Z,True,0.0031276882,EC2 - Other,vol-0888befe3439e86ed
2026-07-02T00:00:00Z,2026-07-03T00:00:00Z,True,0.0107620968,EC2 - Other,vol-08986e62ef77e44d6
2026-07-02T00:00:00Z,2026-07-03T00:00:00Z,True,0.0015456989,EC2 - Other,vol-089eadec7e0691996
2026-07-02T00:00:00Z,2026-07-03T00:00:00Z,True,0.0008830645,EC2 - Other,vol-08a196d9bd620413e
2026-07-02T00:00:00Z,2026-07-03T00:00:00Z,True,0.0009879032,EC2 - Other,vol-08a241bd147d4456e
2026-07-02T00:00:00Z,2026-07-03T00:00:00Z,True,0.0088077957,EC2 - Other,vol-08a54aae57aafab68
2026-07-02T00:00:00Z,2026-07-03T00:00:00Z,True,0.0015013441,EC2 - Other,vol-08b29c9cc23eafd2b
2026-07-02T00:00:00Z,2026-07-03T00:00:00Z,True,0.0028346774,EC2 - Other,vol-08b399eeffe99c4fa
2026-07-02T00:00:00Z,2026-07-03T00:00:00Z,True,0.0008534946,EC2 - Other,vol-08cfbdf64f8c35575
2026-07-02T00:00:00Z,2026-07-03T00:00:00Z,True,0.0028669355,EC2 - Other,vol-08d462a37654f2526
2026-07-02T00:00:00Z,2026-07-03T00:00:00Z,True,0.1290322584,EC2 - Other,vol-08dee3ee1394063cb
2026-07-02T00:00:00Z,2026-07-03T00:00:00Z,True,0.0013400538,EC2 - Other,vol-08e311ae2c8e9ba7e
2026-07-02T00:00:00Z,2026-07-03T00:00:00Z,True,0.0014247312,EC2 - Other,vol-08e3954763c263bde
2026-07-02T00:00:00Z,2026-07-03T00:00:00Z,True,0.0021680108,EC2 - Other,vol-08ed6f15a1e605df6
2026-07-02T00:00:00Z,2026-07-03T00:00:00Z,True,0.0083736559,EC2 - Other,vol-08fa11ac63bf28a5f
2026-07-02T00:00:00Z,2026-07-03T00:00:00Z,True,0.0007701613,EC2 - Other,vol-08fac7d84f5817bd8
2026-07-02T00:00:00Z,2026-07-03T00:00:00Z,True,0.0008454301,EC2 - Other,vol-090789de4433c3f45
2026-07-02T00:00:00Z,2026-07-03T00:00:00Z,True,0.0007889785,EC2 - Other,vol-090d5ba60a1c90cbd
2026-07-02T00:00:00Z,2026-07-03T00:00:00Z,True,0.000844086,EC2 - Other,vol-090f2e9daa86cbc1b
2026-07-02T00:00:00Z,2026-07-03T00:00:00Z,True,0.0019233871,EC2 - Other,vol-091a544c841894a9a
2026-07-02T00:00:00Z,2026-07-03T00:00:00Z,True,1.0864516128,EC2 - Other,vol-093a32ab8711e4a4b
2026-07-02T00:00:00Z,2026-07-03T00:00:00Z,True,0.0206451624,EC2 - Other,vol-0941af554a7184c73
2026-07-02T00:00:00Z,2026-07-03T00:00:00Z,True,0.0206451624,EC2 - Other,vol-09454929e2c583ae7
2026-07-02T00:00:00Z,2026-07-03T00:00:00Z,True,0.0017836022,EC2 - Other,vol-09572b2ce61cb6602
2026-07-02T00:00:00Z,2026-07-03T00:00:00Z,True,0.0015107527,EC2 - Other,vol-095e9bcff77d53917
2026-07-02T00:00:00Z,2026-07-03T00:00:00Z,True,0.0014892473,EC2 - Other,vol-09640b6d765ca8c53
2026-07-02T00:00:00Z,2026-07-03T00:00:00Z,True,0.0014341398,EC2 - Other,vol-0967c3810b9e2ccb8
2026-07-02T00:00:00Z,2026-07-03T00:00:00Z,True,0.0101370968,EC2 - Other,vol-0975c453e5611c4cf
2026-07-02T00:00:00Z,2026-07-03T00:00:00Z,True,0.0021653226,EC2 - Other,vol-097c72f89d675d7cd
2026-07-02T00:00:00Z,2026-07-03T00:00:00Z,True,0.0007459677,EC2 - Other,vol-0982014f808382639
2026-07-02T00:00:00Z,2026-07-03T00:00:00Z,True,0.0014247312,EC2 - Other,vol-0982047894c1484c0
2026-07-02T00:00:00Z,2026-07-03T00:00:00Z,True,0.006608871,EC2 - Other,vol-099edaaaac8098827
2026-07-02T00:00:00Z,2026-07-03T00:00:00Z,True,0.0054489248,EC2 - Other,vol-09b5f38d5a389f731
2026-07-02T00:00:00Z,2026-07-03T00:00:00Z,True,0.0028198925,EC2 - Other,vol-09c547f14905aebf4
2026-07-02T00:00:00Z,2026-07-03T00:00:00Z,True,0.0007567204,EC2 - Other,vol-09e63a44f5a7b026d
2026-07-02T00:00:00Z,2026-07-03T00:00:00Z,True,0.0019623656,EC2 - Other,vol-09e74bbbd2da9b2d1
2026-07-02T00:00:00Z,2026-07-03T00:00:00Z,True,0.0013924731,EC2 - Other,vol-09fca790c4fe330b4
2026-07-02T00:00:00Z,2026-07-03T00:00:00Z,True,0.0022876344,EC2 - Other,vol-09fcf81a86a6401c6
2026-07-02T00:00:00Z,2026-07-03T00:00:00Z,True,0.0007768817,EC2 - Other,vol-0a03c41869f44c5e8
2026-07-02T00:00:00Z,2026-07-03T00:00:00Z,True,0.0061465054,EC2 - Other,vol-0a04948d057c6c024
2026-07-02T00:00:00Z,2026-07-03T00:00:00Z,True,0.0026733871,EC2 - Other,vol-0a0671235ff53f02b
2026-07-02T00:00:00Z,2026-07-03T00:00:00Z,True,0.0063252688,EC2 - Other,vol-0a0cbc3a80ed63a9f
2026-07-02T00:00:00Z,2026-07-03T00:00:00Z,True,0.002344086,EC2 - Other,vol-0a1240ea4f1bd7fae
2026-07-02T00:00:00Z,2026-07-03T00:00:00Z,True,0.0007446237,EC2 - Other,vol-0a140aa7094ec308a
2026-07-02T00:00:00Z,2026-07-03T00:00:00Z,True,0.0011317204,EC2 - Other,vol-0a18e611e2da38bbc
2026-07-02T00:00:00Z,2026-07-03T00:00:00Z,True,0.0011102151,EC2 - Other,vol-0a2d7781043e6a7e7
2026-07-02T00:00:00Z,2026-07-03T00:00:00Z,True,0.0076572581,EC2 - Other,vol-0a3033086470f006e
2026-07-02T00:00:00Z,2026-07-03T00:00:00Z,True,0.0108655914,EC2 - Other,vol-0a417390c062e4d2f
2026-07-02T00:00:00Z,2026-07-03T00:00:00Z,True,0.0007741936,EC2 - Other,vol-0a42e298fbcfd57f7
2026-07-02T00:00:00Z,2026-07-03T00:00:00Z,True,0.0009005376,EC2 - Other,vol-0a590be556feb4aeb
2026-07-02T00:00:00Z,2026-07-03T00:00:00Z,True,0.0025013441,EC2 - Other,vol-0a5ae38f17ff18542
2026-07-02T00:00:00Z,2026-07-03T00:00:00Z,True,0.0008319892,EC2 - Other,vol-0a61bca0cc3d26a1c
2026-07-02T00:00:00Z,2026-07-03T00:00:00Z,True,0.0017620968,EC2 - Other,vol-0a6301d873e69d0ac
2026-07-02T00:00:00Z,2026-07-03T00:00:00Z,True,0.0008077957,EC2 - Other,vol-0a65a8db827d82106
2026-07-02T00:00:00Z,2026-07-03T00:00:00Z,True,0.0019448925,EC2 - Other,vol-0a68e69bdd198f1d3
2026-07-02T00:00:00Z,2026-07-03T00:00:00Z,True,0.0055456989,EC2 - Other,vol-0a72f3d0048052d3d
2026-07-02T00:00:00Z,2026-07-03T00:00:00Z,True,0.0108467742,EC2 - Other,vol-0a7decc363a96f4d3
2026-07-02T00:00:00Z,2026-07-03T00:00:00Z,True,0.0040053763,EC2 - Other,vol-0a86f1f71f3e810ba
2026-07-02T00:00:00Z,2026-07-03T00:00:00Z,True,0.0010766129,EC2 - Other,vol-0a87c917ee4896656
2026-07-02T00:00:00Z,2026-07-03T00:00:00Z,True,0.0010524194,EC2 - Other,vol-0a8bc949acc2fdc22
2026-07-02T00:00:00Z,2026-07-03T00:00:00Z,True,0.0007916667,EC2 - Other,vol-0a8f8bbf2b46d62fa
2026-07-02T00:00:00Z,2026-07-03T00:00:00Z,True,0.0008978495,EC2 - Other,vol-0a939524b1f9852f8
2026-07-02T00:00:00Z,2026-07-03T00:00:00Z,True,0.0047916667,EC2 - Other,vol-0a9669323c8490dd3
2026-07-02T00:00:00Z,2026-07-03T00:00:00Z,True,0.0015013441,EC2 - Other,vol-0a983aa0744c2f42d
2026-07-02T00:00:00Z,2026-07-03T00:00:00Z,True,0.8670967752,EC2 - Other,vol-0aa3f5a0f5cdca9a0
2026-07-02T00:00:00Z,2026-07-03T00:00:00Z,True,0.0015994624,EC2 - Other,vol-0ab03fbde229364be
2026-07-02T00:00:00Z,2026-07-03T00:00:00Z,True,0.000813172,EC2 - Other,vol-0ab5e73f6acfe9d57
2026-07-02T00:00:00Z,2026-07-03T00:00:00Z,True,0.0132459678,EC2 - Other,vol-0ab77bef8a0298246
2026-07-02T00:00:00Z,2026-07-03T00:00:00Z,True,0.0086639785,EC2 - Other,vol-0ad5a3a79b5527334
2026-07-02T00:00:00Z,2026-07-03T00:00:00Z,True,0.0133346775,EC2 - Other,vol-0ad6a4cfc60a8addc
2026-07-02T00:00:00Z,2026-07-03T00:00:00Z,True,0.0007432796,EC2 - Other,vol-0adaf85b01dd3f7f4
2026-07-02T00:00:00Z,2026-07-03T00:00:00Z,True,0.0034153226,EC2 - Other,vol-0ae0729402156779a
2026-07-02T00:00:00Z,2026-07-03T00:00:00Z,True,0.000766129,EC2 - Other,vol-0ae86d5de99eb23dc
2026-07-02T00:00:00Z,2026-07-03T00:00:00Z,True,0.0012849462,EC2 - Other,vol-0af4ed89ec09ceebb
2026-07-02T00:00:00Z,2026-07-03T00:00:00Z,True,0.0206451624,EC2 - Other,vol-0af8f94e0cd058ddf
2026-07-02T00:00:00Z,2026-07-03T00:00:00Z,True,0.002344086,EC2 - Other,vol-0b02b7920b7599c5f
2026-07-02T00:00:00Z,2026-07-03T00:00:00Z,True,0.000891129,EC2 - Other,vol-0b0b54ec3a1ecefd7
2026-07-02T00:00:00Z,2026-07-03T00:00:00Z,True,0.0009905914,EC2 - Other,vol-0b0e7c59c8b507c33
2026-07-02T00:00:00Z,2026-07-03T00:00:00Z,True,0.0014973118,EC2 - Other,vol-0b142ae7f4b5b1786
2026-07-02T00:00:00Z,2026-07-03T00:00:00Z,True,0.0013198925,EC2 - Other,vol-0b39f9736f9d58c24
2026-07-02T00:00:00Z,2026-07-03T00:00:00Z,True,0.0019475806,EC2 - Other,vol-0b3d7d465d42df964
2026-07-02T00:00:00Z,2026-07-03T00:00:00Z,True,0.0017311828,EC2 - Other,vol-0b458d97023a3a981
2026-07-02T00:00:00Z,2026-07-03T00:00:00Z,True,0.0133333334,EC2 - Other,vol-0b46720b5ddaaa4cc
2026-07-02T00:00:00Z,2026-07-03T00:00:00Z,True,0.000938172,EC2 - Other,vol-0b4c86c0e710dc535
2026-07-02T00:00:00Z,2026-07-03T00:00:00Z,True,0.001516129,EC2 - Other,vol-0b5be3150fc9b6859
2026-07-02T00:00:00Z,2026-07-03T00:00:00Z,True,0.0024301075,EC2 - Other,vol-0b63c2e5b01dd6b58
2026-07-02T00:00:00Z,2026-07-03T00:00:00Z,True,0.0206451624,EC2 - Other,vol-0b6a14b3d2c01264d
2026-07-02T00:00:00Z,2026-07-03T00:00:00Z,True,0.0013629032,EC2 - Other,vol-0b8475776327cf2d3
2026-07-02T00:00:00Z,2026-07-03T00:00:00Z,True,0.0055228495,EC2 - Other,vol-0b84b1c664036e3d6
2026-07-02T00:00:00Z,2026-07-03T00:00:00Z,True,0.0014193548,EC2 - Other,vol-0b85b5c07449b3865
2026-07-02T00:00:00Z,2026-07-03T00:00:00Z,True,0.0022284946,EC2 - Other,vol-0b96fc84a15fcd650
2026-07-02T00:00:00Z,2026-07-03T00:00:00Z,True,0.0051612912,EC2 - Other,vol-0b98b1e8d330cca41
2026-07-02T00:00:00Z,2026-07-03T00:00:00Z,True,0.8670967752,EC2 - Other,vol-0b99a6dcae2700982
2026-07-02T00:00:00Z,2026-07-03T00:00:00Z,True,0.027935484,EC2 - Other,vol-0ba0e4ba031c75620
2026-07-02T00:00:00Z,2026-07-03T00:00:00Z,True,0.0055134409,EC2 - Other,vol-0ba77d3d42698c291
2026-07-02T00:00:00Z,2026-07-03T00:00:00Z,True,0.0057715054,EC2 - Other,vol-0badcfbd67430632c
2026-07-02T00:00:00Z,2026-07-03T00:00:00Z,True,0.005469086,EC2 - Other,vol-0bc9ad1cbefdf324e
2026-07-02T00:00:00Z,2026-07-03T00:00:00Z,True,0.0014946237,EC2 - Other,vol-0bd9c915ac4bc03c4
2026-07-02T00:00:00Z,2026-07-03T00:00:00Z,True,0.0005295699,EC2 - Other,vol-0bf56715cd7b8ba99
2026-07-02T00:00:00Z,2026-07-03T00:00:00Z,True,0.0133346775,EC2 - Other,vol-0bf804571d27c261e
2026-07-02T00:00:00Z,2026-07-03T00:00:00Z,True,0.0022459677,EC2 - Other,vol-0c02f6d6b2f16ebb5
2026-07-02T00:00:00Z,2026-07-03T00:00:00Z,True,0.0093534946,EC2 - Other,vol-0c0430a0364007236
2026-07-02T00:00:00Z,2026-07-03T00:00:00Z,True,0.0402459679,EC2 - Other,vol-0c057094a4bd8ab5f
2026-07-02T00:00:00Z,2026-07-03T00:00:00Z,True,0.005733871,EC2 - Other,vol-0c0fd83bfb11af04d
2026-07-02T00:00:00Z,2026-07-03T00:00:00Z,True,0.0014166667,EC2 - Other,vol-0c1699829cc60f78f
2026-07-02T00:00:00Z,2026-07-03T00:00:00Z,True,0.0007755376,EC2 - Other,vol-0c1eebcec1d669b62
2026-07-02T00:00:00Z,2026-07-03T00:00:00Z,True,0.0057379033,EC2 - Other,vol-0c238c4a153f2aa00
2026-07-02T00:00:00Z,2026-07-03T00:00:00Z,True,0.6038709672,EC2 - Other,vol-0c26833469cf6995a
2026-07-02T00:00:00Z,2026-07-03T00:00:00Z,True,0.0012231183,EC2 - Other,vol-0c3e18a486d791afd
2026-07-02T00:00:00Z,2026-07-03T00:00:00Z,True,0.0009018817,EC2 - Other,vol-0c461387a748546d1
2026-07-02T00:00:00Z,2026-07-03T00:00:00Z,True,0.0007647849,EC2 - Other,vol-0c647a556f37c561a
2026-07-02T00:00:00Z,2026-07-03T00:00:00Z,True,0.8670967752,EC2 - Other,vol-0c69ba6b467620e14
2026-07-02T00:00:00Z,2026-07-03T00:00:00Z,True,0.0009905914,EC2 - Other,vol-0c7e077656c03cf79
2026-07-02T00:00:00Z,2026-07-03T00:00:00Z,True,0.0009287634,EC2 - Other,vol-0c7e39e6f3158856d
2026-07-02T00:00:00Z,2026-07-03T00:00:00Z,True,0.0015362903,EC2 - Other,vol-0c9022403f250f1c3
2026-07-02T00:00:00Z,2026-07-03T00:00:00Z,True,1.0864516128,EC2 - Other,vol-0c90d4fbaada3820a
2026-07-02T00:00:00Z,2026-07-03T00:00:00Z,True,0.009483871,EC2 - Other,vol-0c95afdf530ff12e4
2026-07-02T00:00:00Z,2026-07-03T00:00:00Z,True,0.0014126344,EC2 - Other,vol-0cae9f34369d732fa
2026-07-02T00:00:00Z,2026-07-03T00:00:00Z,True,0.002547043,EC2 - Other,vol-0caeb0c97faa90ae7
2026-07-02T00:00:00Z,2026-07-03T00:00:00Z,True,0.0065981183,EC2 - Other,vol-0caf5bdfb0d9cbc5e
2026-07-02T00:00:00Z,2026-07-03T00:00:00Z,True,0.0013844086,EC2 - Other,vol-0cd33b6dcd67a3398
2026-07-02T00:00:00Z,2026-07-03T00:00:00Z,True,0.00225,EC2 - Other,vol-0cd4643e849d4a91f
2026-07-02T00:00:00Z,2026-07-03T00:00:00Z,True,0.0014623656,EC2 - Other,vol-0ce3852afc21624f2
2026-07-02T00:00:00Z,2026-07-03T00:00:00Z,True,0.0013024194,EC2 - Other,vol-0cf7e052024abc1ac
2026-07-02T00:00:00Z,2026-07-03T00:00:00Z,True,0.0546290325,EC2 - Other,vol-0d0cf44ae08fdcad6
2026-07-02T00:00:00Z,2026-07-03T00:00:00Z,True,0.0024314516,EC2 - Other,vol-0d0f2abd39468461b
2026-07-02T00:00:00Z,2026-07-03T00:00:00Z,True,0.0060443549,EC2 - Other,vol-0d2e538b86f048ea0
2026-07-02T00:00:00Z,2026-07-03T00:00:00Z,True,0.0016276882,EC2 - Other,vol-0d30bf634f1f921f9
2026-07-02T00:00:00Z,2026-07-03T00:00:00Z,True,0.0008965054,EC2 - Other,vol-0d4e98402a7da77e6
2026-07-02T00:00:00Z,2026-07-03T00:00:00Z,True,0.0094395161,EC2 - Other,vol-0d52120c663daa1d0
2026-07-02T00:00:00Z,2026-07-03T00:00:00Z,True,0.0013870968,EC2 - Other,vol-0d5b95481f81752e3
2026-07-02T00:00:00Z,2026-07-03T00:00:00Z,True,0.0024045699,EC2 - Other,vol-0d63ebcbd8c237a53
2026-07-02T00:00:00Z,2026-07-03T00:00:00Z,True,0.0025389785,EC2 - Other,vol-0d64df783a456eee2
2026-07-02T00:00:00Z,2026-07-03T00:00:00Z,True,0.001280914,EC2 - Other,vol-0d923cec2110b7e35
2026-07-02T00:00:00Z,2026-07-03T00:00:00Z,True,0.0014341398,EC2 - Other,vol-0d97b577c8e368229
2026-07-02T00:00:00Z,2026-07-03T00:00:00Z,True,0.0014959677,EC2 - Other,vol-0d9ee61a26bca84fe
2026-07-02T00:00:00Z,2026-07-03T00:00:00Z,True,0.0024341398,EC2 - Other,vol-0da18d8010bec87d4
2026-07-02T00:00:00Z,2026-07-03T00:00:00Z,True,0.001608871,EC2 - Other,vol-0da18fc67bd359a16
2026-07-02T00:00:00Z,2026-07-03T00:00:00Z,True,0.0008857527,EC2 - Other,vol-0db07fcd4d6dae6af
2026-07-02T00:00:00Z,2026-07-03T00:00:00Z,True,0.0083360215,EC2 - Other,vol-0db3a0612465ab9c5
2026-07-02T00:00:00Z,2026-07-03T00:00:00Z,True,0.0014072581,EC2 - Other,vol-0db81c7ef831e1358
2026-07-02T00:00:00Z,2026-07-03T00:00:00Z,True,0.8670967752,EC2 - Other,vol-0dba752186e34e08c
2026-07-02T00:00:00Z,2026-07-03T00:00:00Z,True,0.0022567204,EC2 - Other,vol-0dbba102e70523631
2026-07-02T00:00:00Z,2026-07-03T00:00:00Z,True,0.0016801075,EC2 - Other,vol-0dd36f7c262420de6
2026-07-02T00:00:00Z,2026-07-03T00:00:00Z,True,0.013342742,EC2 - Other,vol-0dd6ce768749b72a8
2026-07-02T00:00:00Z,2026-07-03T00:00:00Z,True,0.0021155914,EC2 - Other,vol-0dd71971fa93d5ca7
2026-07-02T00:00:00Z,2026-07-03T00:00:00Z,True,0.0009005376,EC2 - Other,vol-0ddc99af4f2cf79f8
2026-07-02T00:00:00Z,2026-07-03T00:00:00Z,True,0.0010577957,EC2 - Other,vol-0df06566c51536593
2026-07-02T00:00:00Z,2026-07-03T00:00:00Z,True,0.0021209677,EC2 - Other,vol-0df14674acdc42520
2026-07-02T00:00:00Z,2026-07-03T00:00:00Z,True,0.0013938172,EC2 - Other,vol-0dfd998359673a5a6
2026-07-02T00:00:00Z,2026-07-03T00:00:00Z,True,0.0014072581,EC2 - Other,vol-0e0579db833d59008
2026-07-02T00:00:00Z,2026-07-03T00:00:00Z,True,0.0014086022,EC2 - Other,vol-0e0dc0290a708a16a
2026-07-02T00:00:00Z,2026-07-03T00:00:00Z,True,0.0015,EC2 - Other,vol-0e1c4fec37582e746
2026-07-02T00:00:00Z,2026-07-03T00:00:00Z,True,0.0023669355,EC2 - Other,vol-0e1e9ddb5ce345fa1
2026-07-02T00:00:00Z,2026-07-03T00:00:00Z,True,0.0014193548,EC2 - Other,vol-0e202093a62e5a47c
2026-07-02T00:00:00Z,2026-07-03T00:00:00Z,True,0.0007728495,EC2 - Other,vol-0e3c0eb203c844b28
2026-07-02T00:00:00Z,2026-07-03T00:00:00Z,True,0.0024798387,EC2 - Other,vol-0e532c57df3e67641
2026-07-02T00:00:00Z,2026-07-03T00:00:00Z,True,0.0012177419,EC2 - Other,vol-0e53f1a2ee2f854f9
2026-07-02T00:00:00Z,2026-07-03T00:00:00Z,True,0.0008682796,EC2 - Other,vol-0e544ab4246280d38
2026-07-02T00:00:00Z,2026-07-03T00:00:00Z,True,0.0019153226,EC2 - Other,vol-0e58d83f8f6f607b2
2026-07-02T00:00:00Z,2026-07-03T00:00:00Z,True,0.0153051076,EC2 - Other,vol-0e65497b8a075fdc1
2026-07-02T00:00:00Z,2026-07-03T00:00:00Z,True,0.0017889785,EC2 - Other,vol-0e7d88b06e3c856f2
2026-07-02T00:00:00Z,2026-07-03T00:00:00Z,True,0.0018642473,EC2 - Other,vol-0e86c3307c085e603
2026-07-02T00:00:00Z,2026-07-03T00:00:00Z,True,0.0015712366,EC2 - Other,vol-0e89771c3cf680e40
2026-07-02T00:00:00Z,2026-07-03T00:00:00Z,True,0.0010591398,EC2 - Other,vol-0e8f5952fe66ab63b
2026-07-02T00:00:00Z,2026-07-03T00:00:00Z,True,0.0007782258,EC2 - Other,vol-0e8fdf1ae1c4be9b2
2026-07-02T00:00:00Z,2026-07-03T00:00:00Z,True,0.0110026882,EC2 - Other,vol-0e91388feddb1a29d
2026-07-02T00:00:00Z,2026-07-03T00:00:00Z,True,0.0014650538,EC2 - Other,vol-0e998e7d32512dc99
2026-07-02T00:00:00Z,2026-07-03T00:00:00Z,True,0.8670967752,EC2 - Other,vol-0ea36895cc2b979ac
2026-07-02T00:00:00Z,2026-07-03T00:00:00Z,True,0.0013548387,EC2 - Other,vol-0eb9367bbb6a09457
2026-07-02T00:00:00Z,2026-07-03T00:00:00Z,True,0.0106733871,EC2 - Other,vol-0eb9fd413f2afc1e1
2026-07-02T00:00:00Z,2026-07-03T00:00:00Z,True,0.0013360215,EC2 - Other,vol-0ec0ec2ffc1f6cad4
2026-07-02T00:00:00Z,2026-07-03T00:00:00Z,True,0.001530914,EC2 - Other,vol-0ec1b611da0f3083e
2026-07-02T00:00:00Z,2026-07-03T00:00:00Z,True,0.0208239248,EC2 - Other,vol-0ece378b42195e74a
2026-07-02T00:00:00Z,2026-07-03T00:00:00Z,True,0.0007889785,EC2 - Other,vol-0eed25dcb082e42ab
2026-07-02T00:00:00Z,2026-07-03T00:00:00Z,True,0.0025376344,EC2 - Other,vol-0ef1e907434ec77b0
2026-07-02T00:00:00Z,2026-07-03T00:00:00Z,True,0.0140228495,EC2 - Other,vol-0ef46fb7749269623
2026-07-02T00:00:00Z,2026-07-03T00:00:00Z,True,0.0023548387,EC2 - Other,vol-0ef50c080704e49f9
2026-07-02T00:00:00Z,2026-07-03T00:00:00Z,True,0.0023602151,EC2 - Other,vol-0f07afe5edd4b1777
2026-07-02T00:00:00Z,2026-07-03T00:00:00Z,True,0.0025819892,EC2 - Other,vol-0f12b31c326b96c3b
2026-07-02T00:00:00Z,2026-07-03T00:00:00Z,True,0.8670967752,EC2 - Other,vol-0f2da5c82d0de1378
2026-07-02T00:00:00Z,2026-07-03T00:00:00Z,True,0.0132540323,EC2 - Other,vol-0f2e6a172f3526218
2026-07-02T00:00:00Z,2026-07-03T00:00:00Z,True,0.0133010753,EC2 - Other,vol-0f361ccf7b174ad92
2026-07-02T00:00:00Z,2026-07-03T00:00:00Z,True,0.0008494624,EC2 - Other,vol-0f53056aefef5cf27
2026-07-02T00:00:00Z,2026-07-03T00:00:00Z,True,1.0864516128,EC2 - Other,vol-0f5e5d7eec5982fa8
2026-07-02T00:00:00Z,2026-07-03T00:00:00Z,True,0.0018615591,EC2 - Other,vol-0f5e6d5ca9e2de987
2026-07-02T00:00:00Z,2026-07-03T00:00:00Z,True,0.0024233871,EC2 - Other,vol-0f65500ace069181e
2026-07-02T00:00:00Z,2026-07-03T00:00:00Z,True,0.0035013441,EC2 - Other,vol-0f8c73ed9a228e6fa
2026-07-02T00:00:00Z,2026-07-03T00:00:00Z,True,0.0007580645,EC2 - Other,vol-0f9372acfe5b2c41b
2026-07-02T00:00:00Z,2026-07-03T00:00:00Z,True,0.8670967752,EC2 - Other,vol-0f9efeb41e207d738
2026-07-02T00:00:00Z,2026-07-03T00:00:00Z,True,0.0015094086,EC2 - Other,vol-0fa7fc0f5dfb155f1
2026-07-02T00:00:00Z,2026-07-03T00:00:00Z,True,0.0133548388,EC2 - Other,vol-0fab0b7bb1217d519
2026-07-02T00:00:00Z,2026-07-03T00:00:00Z,True,0.0008817204,EC2 - Other,vol-0fc3ec96811cce52e
2026-07-02T00:00:00Z,2026-07-03T00:00:00Z,True,0.0016908602,EC2 - Other,vol-0fc40b28629813888
2026-07-02T00:00:00Z,2026-07-03T00:00:00Z,True,0.0092311828,EC2 - Other,vol-0fc5b8fb8a39c1b13
2026-07-02T00:00:00Z,2026-07-03T00:00:00Z,True,0.0011169355,EC2 - Other,vol-0fd506d556a63b7e5
2026-07-02T00:00:00Z,2026-07-03T00:00:00Z,True,0.000969086,EC2 - Other,vol-0fe91bcdcaa717bcd
2026-07-02T00:00:00Z,2026-07-03T00:00:00Z,True,0.0054139785,EC2 - Other,vol-0ff3d8fc9fd6dbb89
2026-07-02T00:00:00Z,2026-07-03T00:00:00Z,True,0.0133400538,EC2 - Other,vol-0ff9cc1710a154630
2026-07-02T00:00:00Z,2026-07-03T00:00:00Z,True,0.0007956989,EC2 - Other,vol-0ffef988f26a90e2b
2026-07-02T00:00:00Z,2026-07-03T00:00:00Z,True,0.0,Amazon Elastic Compute Cloud - Compute,arn:aws:ec2:ap-south-1:108782052779:natgateway/nat-01dc061291fc51e75
2026-07-02T00:00:00Z,2026-07-03T00:00:00Z,True,0.0,Amazon Elastic Compute Cloud - Compute,arn:aws:ec2:ap-south-1:108782052779:natgateway/nat-05f85018216cac061
2026-07-02T00:00:00Z,2026-07-03T00:00:00Z,True,0.0,Amazon Elastic Compute Cloud - Compute,arn:aws:ec2:eu-central-1:108782052779:natgateway/nat-0a2bfbfedf38f8e87
2026-07-02T00:00:00Z,2026-07-03T00:00:00Z,True,0.0,Amazon Elastic Compute Cloud - Compute,arn:aws:ec2:eu-central-1:108782052779:natgateway/nat-0ec6ae9605269bef4
2026-07-02T00:00:00Z,2026-07-03T00:00:00Z,True,0.0,Amazon Elastic Compute Cloud - Compute,arn:aws:ec2:us-east-1:108782052779:natgateway/nat-089a96601cfd34f9d
2026-07-02T00:00:00Z,2026-07-03T00:00:00Z,True,0.0,Amazon Elastic Compute Cloud - Compute,arn:aws:ec2:us-west-2:108782052779:natgateway/nat-00246c8ef3b9087f1
2026-07-02T00:00:00Z,2026-07-03T00:00:00Z,True,0.0,Amazon Elastic Compute Cloud - Compute,arn:aws:ec2:us-west-2:108782052779:natgateway/nat-00ac08b685fea726f
2026-07-02T00:00:00Z,2026-07-03T00:00:00Z,True,2.01725e-05,Amazon Elastic Compute Cloud - Compute,arn:aws:ec2:us-west-2:108782052779:natgateway/nat-00f3c26e43ede9b10
2026-07-02T00:00:00Z,2026-07-03T00:00:00Z,True,0.0,Amazon Elastic Compute Cloud - Compute,arn:aws:ec2:us-west-2:108782052779:natgateway/nat-0234e77781575cced
2026-07-02T00:00:00Z,2026-07-03T00:00:00Z,True,0.0012114176,Amazon Elastic Compute Cloud - Compute,arn:aws:ec2:us-west-2:171675361862:natgateway/nat-01432c586ef9dbf51
2026-07-02T00:00:00Z,2026-07-03T00:00:00Z,True,1.355520524,Amazon Elastic Compute Cloud - Compute,i-00030ac958e405a89
2026-07-02T00:00:00Z,2026-07-03T00:00:00Z,True,34.1941597396,Amazon Elastic Compute Cloud - Compute,i-000ded0cbf188ee4b
2026-07-02T00:00:00Z,2026-07-03T00:00:00Z,True,1.6472782536,Amazon Elastic Compute Cloud - Compute,i-00107e7c07b58a4ea
2026-07-02T00:00:00Z,2026-07-03T00:00:00Z,True,1.380816549,Amazon Elastic Compute Cloud - Compute,i-001b38cb26d57a846
2026-07-02T00:00:00Z,2026-07-03T00:00:00Z,True,0.3866789518,Amazon Elastic Compute Cloud - Compute,i-001fcb9068790685c
2026-07-02T00:00:00Z,2026-07-03T00:00:00Z,True,8.6960936868,Amazon Elastic Compute Cloud - Compute,i-002870949ccbd60c2
2026-07-02T00:00:00Z,2026-07-03T00:00:00Z,True,3.1158578906,Amazon Elastic Compute Cloud - Compute,i-003048e755a4516c1
2026-07-02T00:00:00Z,2026-07-03T00:00:00Z,True,1.3772811094,Amazon Elastic Compute Cloud - Compute,i-0034bc550aa82a585
2026-07-02T00:00:00Z,2026-07-03T00:00:00Z,True,2.8947008594,Amazon Elastic Compute Cloud - Compute,i-003593df6e54a426a
2026-07-02T00:00:00Z,2026-07-03T00:00:00Z,True,16.9482117615,Amazon Elastic Compute Cloud - Compute,i-0039a2c1991fa0660
2026-07-02T00:00:00Z,2026-07-03T00:00:00Z,True,21.8949521388,Amazon Elastic Compute Cloud - Compute,i-003ae7e389554bbdb
2026-07-02T00:00:00Z,2026-07-03T00:00:00Z,True,19.8108870661,Amazon Elastic Compute Cloud - Compute,i-004bbcce3fa872439
2026-07-02T00:00:00Z,2026-07-03T00:00:00Z,True,1.365550317,Amazon Elastic Compute Cloud - Compute,i-005ac59e58d8932d1
2026-07-02T00:00:00Z,2026-07-03T00:00:00Z,True,3.1136665,Amazon Elastic Compute Cloud - Compute,i-006007511ccbc6a8c
2026-07-02T00:00:00Z,2026-07-03T00:00:00Z,True,0.425128066,Amazon Elastic Compute Cloud - Compute,i-00617932448c73aa1
2026-07-02T00:00:00Z,2026-07-03T00:00:00Z,True,0.343463043,Amazon Elastic Compute Cloud - Compute,i-00642c60e72f3c5de
2026-07-02T00:00:00Z,2026-07-03T00:00:00Z,True,1.363367183,Amazon Elastic Compute Cloud - Compute,i-007dd2158f91ec143
2026-07-02T00:00:00Z,2026-07-03T00:00:00Z,True,1.3078798434,Amazon Elastic Compute Cloud - Compute,i-00847e3ecc80784fb
2026-07-02T00:00:00Z,2026-07-03T00:00:00Z,True,17.8021439792,Amazon Elastic Compute Cloud - Compute,i-00891a0203fdc9f3a
2026-07-02T00:00:00Z,2026-07-03T00:00:00Z,True,3.3194916797,Amazon Elastic Compute Cloud - Compute,i-00904e288aca85695
2026-07-02T00:00:00Z,2026-07-03T00:00:00Z,True,1.4210773906,Amazon Elastic Compute Cloud - Compute,i-009b0fa53e5dc4243
2026-07-02T00:00:00Z,2026-07-03T00:00:00Z,True,0.399909198,Amazon Elastic Compute Cloud - Compute,i-00b200e859877d28a
2026-07-02T00:00:00Z,2026-07-03T00:00:00Z,True,8.8464069216,Amazon Elastic Compute Cloud - Compute,i-00bce63171dfeb130
2026-07-02T00:00:00Z,2026-07-03T00:00:00Z,True,20.5279969678,Amazon Elastic Compute Cloud - Compute,i-00c7b8c86a44529ac
2026-07-02T00:00:00Z,2026-07-03T00:00:00Z,True,0.344787828,Amazon Elastic Compute Cloud - Compute,i-00d26b289aaf30572
2026-07-02T00:00:00Z,2026-07-03T00:00:00Z,True,2.442695871,Amazon Elastic Compute Cloud - Compute,i-00d3aaa49c5b8bd08
2026-07-02T00:00:00Z,2026-07-03T00:00:00Z,True,7.9728613434,Amazon Elastic Compute Cloud - Compute,i-00e30657d443a0db6
2026-07-02T00:00:00Z,2026-07-03T00:00:00Z,True,8.7004200783,Amazon Elastic Compute Cloud - Compute,i-00f2b809e7564f994
2026-07-02T00:00:00Z,2026-07-03T00:00:00Z,True,1.5309111717,Amazon Elastic Compute Cloud - Compute,i-00f9db66fa734b937
2026-07-02T00:00:00Z,2026-07-03T00:00:00Z,True,14.3136667891,Amazon Elastic Compute Cloud - Compute,i-0122f7923ad6a8e1b
2026-07-02T00:00:00Z,2026-07-03T00:00:00Z,True,3.4311658906,Amazon Elastic Compute Cloud - Compute,i-013067aaaa68f628d
2026-07-02T00:00:00Z,2026-07-03T00:00:00Z,True,8.1742373283,Amazon Elastic Compute Cloud - Compute,i-013a213a7dbd06d21
2026-07-02T00:00:00Z,2026-07-03T00:00:00Z,True,32.8994132073,Amazon Elastic Compute Cloud - Compute,i-013f01a2b0b6e07fa
2026-07-02T00:00:00Z,2026-07-03T00:00:00Z,True,4.5361724688,Amazon Elastic Compute Cloud - Compute,i-0147607ed312be9ce
2026-07-02T00:00:00Z,2026-07-03T00:00:00Z,True,2.9822855391,Amazon Elastic Compute Cloud - Compute,i-0152663da3c23e586
2026-07-02T00:00:00Z,2026-07-03T00:00:00Z,True,8.4405793434,Amazon Elastic Compute Cloud - Compute,i-016f997d4469071a7
2026-07-02T00:00:00Z,2026-07-03T00:00:00Z,True,0.401810871,Amazon Elastic Compute Cloud - Compute,i-0188b6f183d1c2b7f
2026-07-02T00:00:00Z,2026-07-03T00:00:00Z,True,3.0141684951,Amazon Elastic Compute Cloud - Compute,i-018a4be07f5bdfa49
2026-07-02T00:00:00Z,2026-07-03T00:00:00Z,True,0.370648586,Amazon Elastic Compute Cloud - Compute,i-018ba0cbdc779e6ef
2026-07-02T00:00:00Z,2026-07-03T00:00:00Z,True,1.2860745072,Amazon Elastic Compute Cloud - Compute,i-018f392ffa2587038
2026-07-02T00:00:00Z,2026-07-03T00:00:00Z,True,1.5239910196,Amazon Elastic Compute Cloud - Compute,i-01940344acb1d7661
2026-07-02T00:00:00Z,2026-07-03T00:00:00Z,True,3.266022098,Amazon Elastic Compute Cloud - Compute,i-01aaf78fc2cf31e81
2026-07-02T00:00:00Z,2026-07-03T00:00:00Z,True,7.947009476,Amazon Elastic Compute Cloud - Compute,i-01b342184ad4479c7
2026-07-02T00:00:00Z,2026-07-03T00:00:00Z,True,0.3640175,Amazon Elastic Compute Cloud - Compute,i-01b508a5c2c485385
2026-07-02T00:00:00Z,2026-07-03T00:00:00Z,True,30.6303056994,Amazon Elastic Compute Cloud - Compute,i-01c4becd7e4272030
2026-07-02T00:00:00Z,2026-07-03T00:00:00Z,True,3.6651303888,Amazon Elastic Compute Cloud - Compute,i-01c75bc23fd04f993
2026-07-02T00:00:00Z,2026-07-03T00:00:00Z,True,0.5481312396,Amazon Elastic Compute Cloud - Compute,i-01ca8ad27877dac21
2026-07-02T00:00:00Z,2026-07-03T00:00:00Z,True,2.625646976,Amazon Elastic Compute Cloud - Compute,i-01d4ace4cf4d70d04
2026-07-02T00:00:00Z,2026-07-03T00:00:00Z,True,20.5258377274,Amazon Elastic Compute Cloud - Compute,i-01d93ceb53a69676c
2026-07-02T00:00:00Z,2026-07-03T00:00:00Z,True,3.9936,Amazon Elastic Compute Cloud - Compute,i-01db42c813d037c0e
2026-07-02T00:00:00Z,2026-07-03T00:00:00Z,True,7.958870634,Amazon Elastic Compute Cloud - Compute,i-01e3ccdcc2af05834
2026-07-02T00:00:00Z,2026-07-03T00:00:00Z,True,2.8925094688,Amazon Elastic Compute Cloud - Compute,i-02036ee8a105ced80
2026-07-02T00:00:00Z,2026-07-03T00:00:00Z,True,0.362029129,Amazon Elastic Compute Cloud - Compute,i-021f1f7b85bd54f54
2026-07-02T00:00:00Z,2026-07-03T00:00:00Z,True,12.471003768,Amazon Elastic Compute Cloud - Compute,i-022e811543339a898
2026-07-02T00:00:00Z,2026-07-03T00:00:00Z,True,0.810252828,Amazon Elastic Compute Cloud - Compute,i-0243da1242a9ec47a
2026-07-02T00:00:00Z,2026-07-03T00:00:00Z,True,1.5200835,Amazon Elastic Compute Cloud - Compute,i-0249bde3bab1d9667
2026-07-02T00:00:00Z,2026-07-03T00:00:00Z,True,5.8505962536,Amazon Elastic Compute Cloud - Compute,i-026b407883f90090e
2026-07-02T00:00:00Z,2026-07-03T00:00:00Z,True,6.7949057651,Amazon Elastic Compute Cloud - Compute,i-0272f787cea27774b
2026-07-02T00:00:00Z,2026-07-03T00:00:00Z,True,19.7133162891,Amazon Elastic Compute Cloud - Compute,i-027740d884e924506
2026-07-02T00:00:00Z,2026-07-03T00:00:00Z,True,8.2998274066,Amazon Elastic Compute Cloud - Compute,i-02784bd389a53f23f
2026-07-02T00:00:00Z,2026-07-03T00:00:00Z,True,1.4670571797,Amazon Elastic Compute Cloud - Compute,i-0279d0dc4ced29579
2026-07-02T00:00:00Z,2026-07-03T00:00:00Z,True,49.2904519301,Amazon Elastic Compute Cloud - Compute,i-027a7334aec0f2c53
2026-07-02T00:00:00Z,2026-07-03T00:00:00Z,True,14.4319072891,Amazon Elastic Compute Cloud - Compute,i-027c5ea71f703c296
2026-07-02T00:00:00Z,2026-07-03T00:00:00Z,True,0.871150802,Amazon Elastic Compute Cloud - Compute,i-027c9c12731b79e87
2026-07-02T00:00:00Z,2026-07-03T00:00:00Z,True,0.373964129,Amazon Elastic Compute Cloud - Compute,i-027d636e3967575ac
2026-07-02T00:00:00Z,2026-07-03T00:00:00Z,True,3.0145769211,Amazon Elastic Compute Cloud - Compute,i-02876b4893e5654c2
2026-07-02T00:00:00Z,2026-07-03T00:00:00Z,True,0.403512264,Amazon Elastic Compute Cloud - Compute,i-028a606e90e6a5da3
2026-07-02T00:00:00Z,2026-07-03T00:00:00Z,True,8.0529814368,Amazon Elastic Compute Cloud - Compute,i-02951299aadc09b55
2026-07-02T00:00:00Z,2026-07-03T00:00:00Z,True,14.1012753203,Amazon Elastic Compute Cloud - Compute,i-02ae3111ba01e0097
2026-07-02T00:00:00Z,2026-07-03T00:00:00Z,True,0.773157264,Amazon Elastic Compute Cloud - Compute,i-02b12d34531536bac
2026-07-02T00:00:00Z,2026-07-03T00:00:00Z,True,2.4041985072,Amazon Elastic Compute Cloud - Compute,i-02b36e496358701cf
2026-07-02T00:00:00Z,2026-07-03T00:00:00Z,True,14.4472391406,Amazon Elastic Compute Cloud - Compute,i-02b75e4c488ce5bdf
2026-07-02T00:00:00Z,2026-07-03T00:00:00Z,True,47.9548316499,Amazon Elastic Compute Cloud - Compute,i-02ca12737f57cf1f2
2026-07-02T00:00:00Z,2026-07-03T00:00:00Z,True,3.7158180703,Amazon Elastic Compute Cloud - Compute,i-02dbdff9396fb67d0
2026-07-02T00:00:00Z,2026-07-03T00:00:00Z,True,1.6608354368,Amazon Elastic Compute Cloud - Compute,i-02ef86125f2b6bdfd
2026-07-02T00:00:00Z,2026-07-03T00:00:00Z,True,2.0061794928,Amazon Elastic Compute Cloud - Compute,i-02f1daa37819c5c40
2026-07-02T00:00:00Z,2026-07-03T00:00:00Z,True,1.5160912494,Amazon Elastic Compute Cloud - Compute,i-02f3670ca979e10ef
2026-07-02T00:00:00Z,2026-07-03T00:00:00Z,True,2.835804683,Amazon Elastic Compute Cloud - Compute,i-02f5a60e6dbd69851
2026-07-02T00:00:00Z,2026-07-03T00:00:00Z,True,14.1209820703,Amazon Elastic Compute Cloud - Compute,i-02f5ff65374a32b35
2026-07-02T00:00:00Z,2026-07-03T00:00:00Z,True,0.2496,Amazon Elastic Compute Cloud - Compute,i-02ffc986b48f04b81
2026-07-02T00:00:00Z,2026-07-03T00:00:00Z,True,0.362029129,Amazon Elastic Compute Cloud - Compute,i-03088e61e0b26511f
2026-07-02T00:00:00Z,2026-07-03T00:00:00Z,True,1.382999683,Amazon Elastic Compute Cloud - Compute,i-031a25ce949372fce
2026-07-02T00:00:00Z,2026-07-03T00:00:00Z,True,4.1941162536,Amazon Elastic Compute Cloud - Compute,i-031e688ba4cbe20d8
2026-07-02T00:00:00Z,2026-07-03T00:00:00Z,True,20.5279969678,Amazon Elastic Compute Cloud - Compute,i-031ed137d1b282bf3
2026-07-02T00:00:00Z,2026-07-03T00:00:00Z,True,6.7492917084,Amazon Elastic Compute Cloud - Compute,i-031ff75a5ad8c2654
2026-07-02T00:00:00Z,2026-07-03T00:00:00Z,True,19.1899917188,Amazon Elastic Compute Cloud - Compute,i-0320df4f9a2646d72
2026-07-02T00:00:00Z,2026-07-03T00:00:00Z,True,20.5171692961,Amazon Elastic Compute Cloud - Compute,i-03274466d0b931054
2026-07-02T00:00:00Z,2026-07-03T00:00:00Z,True,0.0996083434,Amazon Elastic Compute Cloud - Compute,i-032b460ced1805540
2026-07-02T00:00:00Z,2026-07-03T00:00:00Z,True,8.0447367812,Amazon Elastic Compute Cloud - Compute,i-032f2fe8749f2ac4e
2026-07-02T00:00:00Z,2026-07-03T00:00:00Z,True,1.2320939368,Amazon Elastic Compute Cloud - Compute,i-0336eeb8259c60344
2026-07-02T00:00:00Z,2026-07-03T00:00:00Z,True,2.1942603988,Amazon Elastic Compute Cloud - Compute,i-03377a18f468a3065
2026-07-02T00:00:00Z,2026-07-03T00:00:00Z,True,7.357218,Amazon Elastic Compute Cloud - Compute,i-033f13c2cbe6fa386
2026-07-02T00:00:00Z,2026-07-03T00:00:00Z,True,1.6886902536,Amazon Elastic Compute Cloud - Compute,i-0340332f64c788feb
2026-07-02T00:00:00Z,2026-07-03T00:00:00Z,True,21.562862,Amazon Elastic Compute Cloud - Compute,i-035a24f859e7229c9
2026-07-02T00:00:00Z,2026-07-03T00:00:00Z,True,11.2966915151,Amazon Elastic Compute Cloud - Compute,i-0363a397b898f4ad7
2026-07-02T00:00:00Z,2026-07-03T00:00:00Z,True,13.9808434297,Amazon Elastic Compute Cloud - Compute,i-036a1c479a7da7295
2026-07-02T00:00:00Z,2026-07-03T00:00:00Z,True,0.366005871,Amazon Elastic Compute Cloud - Compute,i-0390e5dac2badcba8
2026-07-02T00:00:00Z,2026-07-03T00:00:00Z,True,0.40207,Amazon Elastic Compute Cloud - Compute,i-039abbfda262f319b
2026-07-02T00:00:00Z,2026-07-03T00:00:00Z,True,3.5039190144,Amazon Elastic Compute Cloud - Compute,i-03c27885ccc4d990d
2026-07-02T00:00:00Z,2026-07-03T00:00:00Z,True,0.2496,Amazon Elastic Compute Cloud - Compute,i-03cd726ad5d7f3f3d
2026-07-02T00:00:00Z,2026-07-03T00:00:00Z,True,8.6960936868,Amazon Elastic Compute Cloud - Compute,i-03d667ab2cf0ae4b9
2026-07-02T00:00:00Z,2026-07-03T00:00:00Z,True,6.2152583255,Amazon Elastic Compute Cloud - Compute,i-03e8893e6a8154cf5
2026-07-02T00:00:00Z,2026-07-03T00:00:00Z,True,1.5309111717,Amazon Elastic Compute Cloud - Compute,i-03fc2241b58190df9
2026-07-02T00:00:00Z,2026-07-03T00:00:00Z,True,23.9884637536,Amazon Elastic Compute Cloud - Compute,i-042119ab472dbe9ce
2026-07-02T00:00:00Z,2026-07-03T00:00:00Z,True,1.382999683,Amazon Elastic Compute Cloud - Compute,i-042dcdc69a5331860
2026-07-02T00:00:00Z,2026-07-03T00:00:00Z,True,0.2383552246,Amazon Elastic Compute Cloud - Compute,i-044a813f393ae1f83
2026-07-02T00:00:00Z,2026-07-03T00:00:00Z,True,1.4967390784,Amazon Elastic Compute Cloud - Compute,i-044af7f7971658b36
2026-07-02T00:00:00Z,2026-07-03T00:00:00Z,True,0.407833868,Amazon Elastic Compute Cloud - Compute,i-04510f2c1b910563c
2026-07-02T00:00:00Z,2026-07-03T00:00:00Z,True,12.7008005063,Amazon Elastic Compute Cloud - Compute,i-0453760b2165bcf38
2026-07-02T00:00:00Z,2026-07-03T00:00:00Z,True,0.541185414,Amazon Elastic Compute Cloud - Compute,i-045716ec182c22625
2026-07-02T00:00:00Z,2026-07-03T00:00:00Z,True,0.346115,Amazon Elastic Compute Cloud - Compute,i-045b945e1a28865e1
2026-07-02T00:00:00Z,2026-07-03T00:00:00Z,True,24.6214457019,Amazon Elastic Compute Cloud - Compute,i-045ef3bc664b95cb9
2026-07-02T00:00:00Z,2026-07-03T00:00:00Z,True,0.806276086,Amazon Elastic Compute Cloud - Compute,i-046bfe8159d6f33ba
2026-07-02T00:00:00Z,2026-07-03T00:00:00Z,True,0.600065543,Amazon Elastic Compute Cloud - Compute,i-0474664f6f0b38adc
2026-07-02T00:00:00Z,2026-07-03T00:00:00Z,True,1.5042792891,Amazon Elastic Compute Cloud - Compute,i-04747a4313896396a
2026-07-02T00:00:00Z,2026-07-03T00:00:00Z,True,1.3772811094,Amazon Elastic Compute Cloud - Compute,i-047a24921286d46a0
2026-07-02T00:00:00Z,2026-07-03T00:00:00Z,True,0.343463043,Amazon Elastic Compute Cloud - Compute,i-047d4941243d041da
2026-07-02T00:00:00Z,2026-07-03T00:00:00Z,True,2.653086132,Amazon Elastic Compute Cloud - Compute,i-047edc7fdf0a50fc5
2026-07-02T00:00:00Z,2026-07-03T00:00:00Z,True,2.1771488151,Amazon Elastic Compute Cloud - Compute,i-048b253d525360a0a
2026-07-02T00:00:00Z,2026-07-03T00:00:00Z,True,0.362029129,Amazon Elastic Compute Cloud - Compute,i-048e57465aebeacfc
2026-07-02T00:00:00Z,2026-07-03T00:00:00Z,True,1.3849994928,Amazon Elastic Compute Cloud - Compute,i-0492aeda57e0ee7d4
2026-07-02T00:00:00Z,2026-07-03T00:00:00Z,True,52.4484759377,Amazon Elastic Compute Cloud - Compute,i-049554ca1437eb568
2026-07-02T00:00:00Z,2026-07-03T00:00:00Z,True,16.4354295,Amazon Elastic Compute Cloud - Compute,i-049b2df5e0e758aab
2026-07-02T00:00:00Z,2026-07-03T00:00:00Z,True,20.5193364472,Amazon Elastic Compute Cloud - Compute,i-049b343f23e6db928
2026-07-02T00:00:00Z,2026-07-03T00:00:00Z,True,1.3772811094,Amazon Elastic Compute Cloud - Compute,i-04abbd4510d4c8db7
2026-07-02T00:00:00Z,2026-07-03T00:00:00Z,True,0.367333043,Amazon Elastic Compute Cloud - Compute,i-04c54c46ce49c74df
2026-07-02T00:00:00Z,2026-07-03T00:00:00Z,True,1.5345465072,Amazon Elastic Compute Cloud - Compute,i-04c56ba689e793140
2026-07-02T00:00:00Z,2026-07-03T00:00:00Z,True,0.363353914,Amazon Elastic Compute Cloud - Compute,i-04c9be4225bf15ae1
2026-07-02T00:00:00Z,2026-07-03T00:00:00Z,True,0.1242178912,Amazon Elastic Compute Cloud - Compute,i-04d3a8c6aae87f818
2026-07-02T00:00:00Z,2026-07-03T00:00:00Z,True,1.3078798434,Amazon Elastic Compute Cloud - Compute,i-04d48754986526a1b
2026-07-02T00:00:00Z,2026-07-03T00:00:00Z,True,1.3685234297,Amazon Elastic Compute Cloud - Compute,i-04e01e4b7562df4a0
2026-07-02T00:00:00Z,2026-07-03T00:00:00Z,True,1.3663320391,Amazon Elastic Compute Cloud - Compute,i-04e89cc8c854495d6
2026-07-02T00:00:00Z,2026-07-03T00:00:00Z,True,0.370648586,Amazon Elastic Compute Cloud - Compute,i-04f17c75a37b12480
2026-07-02T00:00:00Z,2026-07-03T00:00:00Z,True,1.252113732,Amazon Elastic Compute Cloud - Compute,i-04f90b65b1215163a
2026-07-02T00:00:00Z,2026-07-03T00:00:00Z,True,2.3380151172,Amazon Elastic Compute Cloud - Compute,i-04ffc9bd493212bf3
2026-07-02T00:00:00Z,2026-07-03T00:00:00Z,True,8.5704958132,Amazon Elastic Compute Cloud - Compute,i-0505f0943a6e606d5
2026-07-02T00:00:00Z,2026-07-03T00:00:00Z,True,21.562862,Amazon Elastic Compute Cloud - Compute,i-050a09b3a5a4b2966
2026-07-02T00:00:00Z,2026-07-03T00:00:00Z,True,1.3923263283,Amazon Elastic Compute Cloud - Compute,i-05155e80419cf1e7c
2026-07-02T00:00:00Z,2026-07-03T00:00:00Z,True,8.5009950943,Amazon Elastic Compute Cloud - Compute,i-0515a3e826948ad8d
2026-07-02T00:00:00Z,2026-07-03T00:00:00Z,True,1.5283688203,Amazon Elastic Compute Cloud - Compute,i-051b26eadb694893b
2026-07-02T00:00:00Z,2026-07-03T00:00:00Z,True,0.403138043,Amazon Elastic Compute Cloud - Compute,i-051bcf8280290db1c
2026-07-02T00:00:00Z,2026-07-03T00:00:00Z,True,0.373964129,Amazon Elastic Compute Cloud - Compute,i-051f5d8981c15ff1b
2026-07-02T00:00:00Z,2026-07-03T00:00:00Z,True,1.2255926566,Amazon Elastic Compute Cloud - Compute,i-052cae8ed5c878462
2026-07-02T00:00:00Z,2026-07-03T00:00:00Z,True,0.425128066,Amazon Elastic Compute Cloud - Compute,i-0535e8aacfbf2f67e
2026-07-02T00:00:00Z,2026-07-03T00:00:00Z,True,7.9208900783,Amazon Elastic Compute Cloud - Compute,i-053f105e715852211
2026-07-02T00:00:00Z,2026-07-03T00:00:00Z,True,2.630028066,Amazon Elastic Compute Cloud - Compute,i-054a57e22c3723cbe
2026-07-02T00:00:00Z,2026-07-03T00:00:00Z,True,1.3882301797,Amazon Elastic Compute Cloud - Compute,i-055005f7710dbcbeb
2026-07-02T00:00:00Z,2026-07-03T00:00:00Z,True,3.3196062396,Amazon Elastic Compute Cloud - Compute,i-05700a0f5a4e2e20c
2026-07-02T00:00:00Z,2026-07-03T00:00:00Z,True,20.5279969678,Amazon Elastic Compute Cloud - Compute,i-0570578c91d115936
2026-07-02T00:00:00Z,2026-07-03T00:00:00Z,True,0.425128066,Amazon Elastic Compute Cloud - Compute,i-058d7838758f0ae3a
2026-07-02T00:00:00Z,2026-07-03T00:00:00Z,True,3.3523388906,Amazon Elastic Compute Cloud - Compute,i-05a7d5139a569a414
2026-07-02T00:00:00Z,2026-07-03T00:00:00Z,True,0.402791132,Amazon Elastic Compute Cloud - Compute,i-05ab3eb94677ee2b6
2026-07-02T00:00:00Z,2026-07-03T00:00:00Z,True,22.3597720416,Amazon Elastic Compute Cloud - Compute,i-05b688b01230089dd
2026-07-02T00:00:00Z,2026-07-03T00:00:00Z,True,19.1148940416,Amazon Elastic Compute Cloud - Compute,i-05bde178c9d93c1c5
2026-07-02T00:00:00Z,2026-07-03T00:00:00Z,True,8.3106550783,Amazon Elastic Compute Cloud - Compute,i-05c4ae617a27b3a44
2026-07-02T00:00:00Z,2026-07-03T00:00:00Z,True,1.3334927109,Amazon Elastic Compute Cloud - Compute,i-05d1e6be0bf2699c7
2026-07-02T00:00:00Z,2026-07-03T00:00:00Z,True,3.4508726406,Amazon Elastic Compute Cloud - Compute,i-05d820226a328d3df
2026-07-02T00:00:00Z,2026-07-03T00:00:00Z,True,2.0061794928,Amazon Elastic Compute Cloud - Compute,i-05da124fe7ec6b097
2026-07-02T00:00:00Z,2026-07-03T00:00:00Z,True,2.9805950864,Amazon Elastic Compute Cloud - Compute,i-05de16a24310099c5
2026-07-02T00:00:00Z,2026-07-03T00:00:00Z,True,0.343463043,Amazon Elastic Compute Cloud - Compute,i-05e418016b4d8cce9
2026-07-02T00:00:00Z,2026-07-03T00:00:00Z,True,1.4356915644,Amazon Elastic Compute Cloud - Compute,i-05fce31479ce74a68
2026-07-02T00:00:00Z,2026-07-03T00:00:00Z,True,0.362029129,Amazon Elastic Compute Cloud - Compute,i-060aea58056ae5719
2026-07-02T00:00:00Z,2026-07-03T00:00:00Z,True,1.338003387,Amazon Elastic Compute Cloud - Compute,i-06307c9879246e972
2026-07-02T00:00:00Z,2026-07-03T00:00:00Z,True,0.403512264,Amazon Elastic Compute Cloud - Compute,i-063ccf9a8b0e843e4
2026-07-02T00:00:00Z,2026-07-03T00:00:00Z,True,3.1158578906,Amazon Elastic Compute Cloud - Compute,i-064646a9f7729101b
2026-07-02T00:00:00Z,2026-07-03T00:00:00Z,True,5.7780134509,Amazon Elastic Compute Cloud - Compute,i-066149f4ec95bb249
2026-07-02T00:00:00Z,2026-07-03T00:00:00Z,True,28.0509430997,Amazon Elastic Compute Cloud - Compute,i-0666c139c3accd5a1
2026-07-02T00:00:00Z,2026-07-03T00:00:00Z,True,1.4425207608,Amazon Elastic Compute Cloud - Compute,i-0668be733fffd77ab
2026-07-02T00:00:00Z,2026-07-03T00:00:00Z,True,0.407833868,Amazon Elastic Compute Cloud - Compute,i-0669b60a3e3686e70
2026-07-02T00:00:00Z,2026-07-03T00:00:00Z,True,20.5279969678,Amazon Elastic Compute Cloud - Compute,i-0669b69b5ddfed2cc
2026-07-02T00:00:00Z,2026-07-03T00:00:00Z,True,49.0325398955,Amazon Elastic Compute Cloud - Compute,i-066a7fb40eef06c21
2026-07-02T00:00:00Z,2026-07-03T00:00:00Z,True,0.348103371,Amazon Elastic Compute Cloud - Compute,i-066f8b2f85f456744
2026-07-02T00:00:00Z,2026-07-03T00:00:00Z,True,8.1764044217,Amazon Elastic Compute Cloud - Compute,i-068cfd3529217e30b
2026-07-02T00:00:00Z,2026-07-03T00:00:00Z,True,2.683888,Amazon Elastic Compute Cloud - Compute,i-068f3aad2bedb9fa6
2026-07-02T00:00:00Z,2026-07-03T00:00:00Z,True,0.383908371,Amazon Elastic Compute Cloud - Compute,i-0691eb4ccf22b2cf6
2026-07-02T00:00:00Z,2026-07-03T00:00:00Z,True,0.343463043,Amazon Elastic Compute Cloud - Compute,i-069713d04784e8fe6
2026-07-02T00:00:00Z,2026-07-03T00:00:00Z,True,1.3642934928,Amazon Elastic Compute Cloud - Compute,i-069729290b5786044
2026-07-02T00:00:00Z,2026-07-03T00:00:00Z,True,66.5463102136,Amazon Elastic Compute Cloud - Compute,i-06a253165b3804f50
2026-07-02T00:00:00Z,2026-07-03T00:00:00Z,True,1.4582995,Amazon Elastic Compute Cloud - Compute,i-06a36da240d3afbc5
2026-07-02T00:00:00Z,2026-07-03T00:00:00Z,True,1.246034476,Amazon Elastic Compute Cloud - Compute,i-06acadf13f64d9478
2026-07-02T00:00:00Z,2026-07-03T00:00:00Z,True,0.371312172,Amazon Elastic Compute Cloud - Compute,i-06c7556fc270e6af7
2026-07-02T00:00:00Z,2026-07-03T00:00:00Z,True,8.7004200783,Amazon Elastic Compute Cloud - Compute,i-06ce320b692f885e2
2026-07-02T00:00:00Z,2026-07-03T00:00:00Z,True,1.234664366,Amazon Elastic Compute Cloud - Compute,i-06e28a3e5b78ee530
2026-07-02T00:00:00Z,2026-07-03T00:00:00Z,True,20.0531625651,Amazon Elastic Compute Cloud - Compute,i-06e3c826839734305
2026-07-02T00:00:00Z,2026-07-03T00:00:00Z,True,3.1946848906,Amazon Elastic Compute Cloud - Compute,i-06f467a2ae6bd7751
2026-07-02T00:00:00Z,2026-07-03T00:00:00Z,True,2.73923825,Amazon Elastic Compute Cloud - Compute,i-06f645da24150876c
2026-07-02T00:00:00Z,2026-07-03T00:00:00Z,True,2.8947008594,Amazon Elastic Compute Cloud - Compute,i-06f87d888d74d1682
2026-07-02T00:00:00Z,2026-07-03T00:00:00Z,True,8.9972741047,Amazon Elastic Compute Cloud - Compute,i-06fdc96ae484680f8
2026-07-02T00:00:00Z,2026-07-03T00:00:00Z,True,0.362690328,Amazon Elastic Compute Cloud - Compute,i-070cd6f6f3d7a8a9f
2026-07-02T00:00:00Z,2026-07-03T00:00:00Z,True,1.0350365481,Amazon Elastic Compute Cloud - Compute,i-070e89c353b79aad5
2026-07-02T00:00:00Z,2026-07-03T00:00:00Z,True,1.3794725,Amazon Elastic Compute Cloud - Compute,i-0718af8dfc929a9ed
2026-07-02T00:00:00Z,2026-07-03T00:00:00Z,True,1.5265769849,Amazon Elastic Compute Cloud - Compute,i-071dae8c1b85582ea
2026-07-02T00:00:00Z,2026-07-03T00:00:00Z,True,1.434355524,Amazon Elastic Compute Cloud - Compute,i-07242fb58d5e977a8
2026-07-02T00:00:00Z,2026-07-03T00:00:00Z,True,23.1609740208,Amazon Elastic Compute Cloud - Compute,i-07309e9bc2bf4c9fa
2026-07-02T00:00:00Z,2026-07-03T00:00:00Z,True,0.864665802,Amazon Elastic Compute Cloud - Compute,i-07318da1fe15c40b8
2026-07-02T00:00:00Z,2026-07-03T00:00:00Z,True,7.9513848185,Amazon Elastic Compute Cloud - Compute,i-073a972a9e5a01739
2026-07-02T00:00:00Z,2026-07-03T00:00:00Z,True,2.8947008594,Amazon Elastic Compute Cloud - Compute,i-073d79e09d74ea384
2026-07-02T00:00:00Z,2026-07-03T00:00:00Z,True,1.5287440783,Amazon Elastic Compute Cloud - Compute,i-074dfc13aebd3fb2c
2026-07-02T00:00:00Z,2026-07-03T00:00:00Z,True,5.6142323594,Amazon Elastic Compute Cloud - Compute,i-0753678d4a15dd002
2026-07-02T00:00:00Z,2026-07-03T00:00:00Z,True,2.8827390144,Amazon Elastic Compute Cloud - Compute,i-078e2caa8dd5f3dbc
2026-07-02T00:00:00Z,2026-07-03T00:00:00Z,True,1.5200835,Amazon Elastic Compute Cloud - Compute,i-079f0f464b547d2bf
2026-07-02T00:00:00Z,2026-07-03T00:00:00Z,True,1.8059137651,Amazon Elastic Compute Cloud - Compute,i-07b7846bf58e8277f
2026-07-02T00:00:00Z,2026-07-03T00:00:00Z,True,1.2634233906,Amazon Elastic Compute Cloud - Compute,i-07bca6c3f134610d7
2026-07-02T00:00:00Z,2026-07-03T00:00:00Z,True,1.5677823203,Amazon Elastic Compute Cloud - Compute,i-07c7be012dd1fbd4b
2026-07-02T00:00:00Z,2026-07-03T00:00:00Z,True,3.3194916797,Amazon Elastic Compute Cloud - Compute,i-07d2c56d6acdf531f
2026-07-02T00:00:00Z,2026-07-03T00:00:00Z,True,7.9878779456,Amazon Elastic Compute Cloud - Compute,i-07df3a933e4839f52
2026-07-02T00:00:00Z,2026-07-03T00:00:00Z,True,1.5066235685,Amazon Elastic Compute Cloud - Compute,i-07e6cca2d1731afd6
2026-07-02T00:00:00Z,2026-07-03T00:00:00Z,True,99.0468274311,Amazon Elastic Compute Cloud - Compute,i-07e7b176642695ca1
2026-07-02T00:00:00Z,2026-07-03T00:00:00Z,True,1.2480915391,Amazon Elastic Compute Cloud - Compute,i-07e8695c208530221
2026-07-02T00:00:00Z,2026-07-03T00:00:00Z,True,17.5199553612,Amazon Elastic Compute Cloud - Compute,i-07f0806a9f0dd7085
2026-07-02T00:00:00Z,2026-07-03T00:00:00Z,True,1.3182847608,Amazon Elastic Compute Cloud - Compute,i-081049757cf8f774a
2026-07-02T00:00:00Z,2026-07-03T00:00:00Z,True,4.6378339608,Amazon Elastic Compute Cloud - Compute,i-0811bd6081217286d
2026-07-02T00:00:00Z,2026-07-03T00:00:00Z,True,1.0826688528,Amazon Elastic Compute Cloud - Compute,i-0815578c1cb61217c
2026-07-02T00:00:00Z,2026-07-03T00:00:00Z,True,8.3799475,Amazon Elastic Compute Cloud - Compute,i-08156e148cbda3e10
2026-07-02T00:00:00Z,2026-07-03T00:00:00Z,True,2.1799213988,Amazon Elastic Compute Cloud - Compute,i-0817603a99a11e0fb
2026-07-02T00:00:00Z,2026-07-03T00:00:00Z,True,0.351418914,Amazon Elastic Compute Cloud - Compute,i-08228fbaf572a6db8
2026-07-02T00:00:00Z,2026-07-03T00:00:00Z,True,8.0280282055,Amazon Elastic Compute Cloud - Compute,i-0825ebfda2d908776
2026-07-02T00:00:00Z,2026-07-03T00:00:00Z,True,2.0538847812,Amazon Elastic Compute Cloud - Compute,i-0829ac41218c507fa
2026-07-02T00:00:00Z,2026-07-03T00:00:00Z,True,0.3520825,Amazon Elastic Compute Cloud - Compute,i-082a324deb78b0433
2026-07-02T00:00:00Z,2026-07-03T00:00:00Z,True,1.9708291302,Amazon Elastic Compute Cloud - Compute,i-08468ad8f8868c457
2026-07-02T00:00:00Z,2026-07-03T00:00:00Z,True,1.854814113,Amazon Elastic Compute Cloud - Compute,i-084969057a9751085
2026-07-02T00:00:00Z,2026-07-03T00:00:00Z,True,3.6423217656,Amazon Elastic Compute Cloud - Compute,i-084c1f60540cff04e
2026-07-02T00:00:00Z,2026-07-03T00:00:00Z,True,0.884159712,Amazon Elastic Compute Cloud - Compute,i-08579e5873d557da0
2026-07-02T00:00:00Z,2026-07-03T00:00:00Z,True,0.5881797405,Amazon Elastic Compute Cloud - Compute,i-08730a179d94d3f93
2026-07-02T00:00:00Z,2026-07-03T00:00:00Z,True,1.3334927109,Amazon Elastic Compute Cloud - Compute,i-0873affb86ec13745
2026-07-02T00:00:00Z,2026-07-03T00:00:00Z,True,0.369321414,Amazon Elastic Compute Cloud - Compute,i-0875cfe5615ae9354
2026-07-02T00:00:00Z,2026-07-03T00:00:00Z,True,0.4016827595,Amazon Elastic Compute Cloud - Compute,i-087bf2b7a5493a6e5
2026-07-02T00:00:00Z,2026-07-03T00:00:00Z,True,16.6105988594,Amazon Elastic Compute Cloud - Compute,i-089d0edd4208bcf19
2026-07-02T00:00:00Z,2026-07-03T00:00:00Z,True,1.6320883698,Amazon Elastic Compute Cloud - Compute,i-08ab4b66a85bcb82c
2026-07-02T00:00:00Z,2026-07-03T00:00:00Z,True,1.252113732,Amazon Elastic Compute Cloud - Compute,i-08b38b02a7296e93e
2026-07-02T00:00:00Z,2026-07-03T00:00:00Z,True,6.9763482009,Amazon Elastic Compute Cloud - Compute,i-08b52a92ef5cf97f4
2026-07-02T00:00:00Z,2026-07-03T00:00:00Z,True,0.348103371,Amazon Elastic Compute Cloud - Compute,i-08babf177787d0c11
2026-07-02T00:00:00Z,2026-07-03T00:00:00Z,True,16.9959761797,Amazon Elastic Compute Cloud - Compute,i-08beb5607cae408f4
2026-07-02T00:00:00Z,2026-07-03T00:00:00Z,True,0.45395,Amazon Elastic Compute Cloud - Compute,i-08c06943b60c2f623
2026-07-02T00:00:00Z,2026-07-03T00:00:00Z,True,1.5044319555,Amazon Elastic Compute Cloud - Compute,i-08c0cfd9cd3c6d6cb
2026-07-02T00:00:00Z,2026-07-03T00:00:00Z,True,41.908182577,Amazon Elastic Compute Cloud - Compute,i-08c9bd2386a37ad5c
2026-07-02T00:00:00Z,2026-07-03T00:00:00Z,True,0.342135871,Amazon Elastic Compute Cloud - Compute,i-08e69e50701b8a934
2026-07-02T00:00:00Z,2026-07-03T00:00:00Z,True,1.3947964688,Amazon Elastic Compute Cloud - Compute,i-08ea9832568858171
2026-07-02T00:00:00Z,2026-07-03T00:00:00Z,True,4.783836,Amazon Elastic Compute Cloud - Compute,i-08f3a88c58589cebe
2026-07-02T00:00:00Z,2026-07-03T00:00:00Z,True,2.7760893905,Amazon Elastic Compute Cloud - Compute,i-09126000eb19643b0
2026-07-02T00:00:00Z,2026-07-03T00:00:00Z,True,0.2446488008,Amazon Elastic Compute Cloud - Compute,i-0913084f02393fdcc
2026-07-02T00:00:00Z,2026-07-03T00:00:00Z,True,1.959912264,Amazon Elastic Compute Cloud - Compute,i-091d9162d091b2bf2
2026-07-02T00:00:00Z,2026-07-03T00:00:00Z,True,14.3828761008,Amazon Elastic Compute Cloud - Compute,i-091e5b3de4cb2b33b
2026-07-02T00:00:00Z,2026-07-03T00:00:00Z,True,8.6942359412,Amazon Elastic Compute Cloud - Compute,i-0927a60142ab3330a
2026-07-02T00:00:00Z,2026-07-03T00:00:00Z,True,7.935896268,Amazon Elastic Compute Cloud - Compute,i-0927ac2d69ca23dd7
2026-07-02T00:00:00Z,2026-07-03T00:00:00Z,True,3.1772197464,Amazon Elastic Compute Cloud - Compute,i-092df4ada30eeb6a5
2026-07-02T00:00:00Z,2026-07-03T00:00:00Z,True,0.344126629,Amazon Elastic Compute Cloud - Compute,i-093176d3c23a81f64
2026-07-02T00:00:00Z,2026-07-03T00:00:00Z,True,5.0834324688,Amazon Elastic Compute Cloud - Compute,i-094006396ff2fff92
2026-07-02T00:00:00Z,2026-07-03T00:00:00Z,True,20.5171692961,Amazon Elastic Compute Cloud - Compute,i-09523cf040f09cb62
2026-07-02T00:00:00Z,2026-07-03T00:00:00Z,True,3.043782,Amazon Elastic Compute Cloud - Compute,i-095d02a36e3da32d1
2026-07-02T00:00:00Z,2026-07-03T00:00:00Z,True,1.252113732,Amazon Elastic Compute Cloud - Compute,i-0963b4d54f0850d83
2026-07-02T00:00:00Z,2026-07-03T00:00:00Z,True,11.00971367,Amazon Elastic Compute Cloud - Compute,i-096f4e33895abd919
2026-07-02T00:00:00Z,2026-07-03T00:00:00Z,True,1.9800636849,Amazon Elastic Compute Cloud - Compute,i-096fbe1eda7cadb86
2026-07-02T00:00:00Z,2026-07-03T00:00:00Z,True,8.1807308132,Amazon Elastic Compute Cloud - Compute,i-097356a6373e666a6
2026-07-02T00:00:00Z,2026-07-03T00:00:00Z,True,36.9829580547,Amazon Elastic Compute Cloud - Compute,i-097ae087d643b18f3
2026-07-02T00:00:00Z,2026-07-03T00:00:00Z,True,0.5994114264,Amazon Elastic Compute Cloud - Compute,i-097edd03b9c1756c3
2026-07-02T00:00:00Z,2026-07-03T00:00:00Z,True,0.6100263477,Amazon Elastic Compute Cloud - Compute,i-09806c623b05b9f01
2026-07-02T00:00:00Z,2026-07-03T00:00:00Z,True,1.3772811094,Amazon Elastic Compute Cloud - Compute,i-0980bb7952e5c1045
2026-07-02T00:00:00Z,2026-07-03T00:00:00Z,True,7.9491932055,Amazon Elastic Compute Cloud - Compute,i-099dab83e9d6a6372
2026-07-02T00:00:00Z,2026-07-03T00:00:00Z,True,0.3886182069,Amazon Elastic Compute Cloud - Compute,i-09a6eeee474c099cd
2026-07-02T00:00:00Z,2026-07-03T00:00:00Z,True,14.3889629664,Amazon Elastic Compute Cloud - Compute,i-09ace129a0d5de955
2026-07-02T00:00:00Z,2026-07-03T00:00:00Z,True,3.1158578906,Amazon Elastic Compute Cloud - Compute,i-09c4d568fb26b5053
2026-07-02T00:00:00Z,2026-07-03T00:00:00Z,True,44.4970891257,Amazon Elastic Compute Cloud - Compute,i-09d0a84379eaa81f8
2026-07-02T00:00:00Z,2026-07-03T00:00:00Z,True,4.6858405783,Amazon Elastic Compute Cloud - Compute,i-09d31cd7d5b72602c
2026-07-02T00:00:00Z,2026-07-03T00:00:00Z,True,0.369321414,Amazon Elastic Compute Cloud - Compute,i-09de30f5460783bce
2026-07-02T00:00:00Z,2026-07-03T00:00:00Z,True,33.5623189664,Amazon Elastic Compute Cloud - Compute,i-09e6488f2936505a4
2026-07-02T00:00:00Z,2026-07-03T00:00:00Z,True,1.319743768,Amazon Elastic Compute Cloud - Compute,i-09f0f6d63c1dc55ff
2026-07-02T00:00:00Z,2026-07-03T00:00:00Z,True,0.4992,Amazon Elastic Compute Cloud - Compute,i-09f66b3f11ea42c60
2026-07-02T00:00:00Z,2026-07-03T00:00:00Z,True,1.434355524,Amazon Elastic Compute Cloud - Compute,i-0a0377f5f9339a429
2026-07-02T00:00:00Z,2026-07-03T00:00:00Z,True,8.1807308132,Amazon Elastic Compute Cloud - Compute,i-0a0ca306bc4a9cf5a
2026-07-02T00:00:00Z,2026-07-03T00:00:00Z,True,0.407112736,Amazon Elastic Compute Cloud - Compute,i-0a0df31bd0eadc7c9
2026-07-02T00:00:00Z,2026-07-03T00:00:00Z,True,1.7284010196,Amazon Elastic Compute Cloud - Compute,i-0a19f127be7f2aae1
2026-07-02T00:00:00Z,2026-07-03T00:00:00Z,True,0.346778586,Amazon Elastic Compute Cloud - Compute,i-0a2659b019b5349e4
2026-07-02T00:00:00Z,2026-07-03T00:00:00Z,True,0.346778586,Amazon Elastic Compute Cloud - Compute,i-0a352fe8fd9191cb8
2026-07-02T00:00:00Z,2026-07-03T00:00:00Z,True,1.30571275,Amazon Elastic Compute Cloud - Compute,i-0a359478fd82fefd5
2026-07-02T00:00:00Z,2026-07-03T00:00:00Z,True,2.5325988828,Amazon Elastic Compute Cloud - Compute,i-0a5a8bf767090f99a
2026-07-02T00:00:00Z,2026-07-03T00:00:00Z,True,1.3730455445,Amazon Elastic Compute Cloud - Compute,i-0a6748e10eb8b375c
2026-07-02T00:00:00Z,2026-07-03T00:00:00Z,True,2.7759661888,Amazon Elastic Compute Cloud - Compute,i-0a70e6af119b993f3
2026-07-02T00:00:00Z,2026-07-03T00:00:00Z,True,1.4681122349,Amazon Elastic Compute Cloud - Compute,i-0a792d15876cc857c
2026-07-02T00:00:00Z,2026-07-03T00:00:00Z,True,0.395585,Amazon Elastic Compute Cloud - Compute,i-0a87297c89a24bf31
2026-07-02T00:00:00Z,2026-07-03T00:00:00Z,True,0.877635802,Amazon Elastic Compute Cloud - Compute,i-0a96b0224c36a3721
2026-07-02T00:00:00Z,2026-07-03T00:00:00Z,True,0.362029129,Amazon Elastic Compute Cloud - Compute,i-0a98af7bfb28a2ef2
2026-07-02T00:00:00Z,2026-07-03T00:00:00Z,True,1.5309111717,Amazon Elastic Compute Cloud - Compute,i-0aa501b1a4dc2d73a
2026-07-02T00:00:00Z,2026-07-03T00:00:00Z,True,0.4932957132,Amazon Elastic Compute Cloud - Compute,i-0aaaa55a12ee38fec
2026-07-02T00:00:00Z,2026-07-03T00:00:00Z,True,3.4215968512,Amazon Elastic Compute Cloud - Compute,i-0ab1a79664b752c79
2026-07-02T00:00:00Z,2026-07-03T00:00:00Z,True,0.2496,Amazon Elastic Compute Cloud - Compute,i-0ab7116abc8229a16
2026-07-02T00:00:00Z,2026-07-03T00:00:00Z,True,0.98555875,Amazon Elastic Compute Cloud - Compute,i-0ab750fbd94830cf4
2026-07-02T00:00:00Z,2026-07-03T00:00:00Z,True,20.5215035406,Amazon Elastic Compute Cloud - Compute,i-0ab7ce8e349dc2b7a
2026-07-02T00:00:00Z,2026-07-03T00:00:00Z,True,22.13961,Amazon Elastic Compute Cloud - Compute,i-0ab9bc7c044e95236
2026-07-02T00:00:00Z,2026-07-03T00:00:00Z,True,3.0173241406,Amazon Elastic Compute Cloud - Compute,i-0aba9d29ce291f679
2026-07-02T00:00:00Z,2026-07-03T00:00:00Z,True,0.2555065481,Amazon Elastic Compute Cloud - Compute,i-0abd3c11993ec5e96
2026-07-02T00:00:00Z,2026-07-03T00:00:00Z,True,19.6097265651,Amazon Elastic Compute Cloud - Compute,i-0acf61dcca95dfe5b
2026-07-02T00:00:00Z,2026-07-03T00:00:00Z,True,0.367333043,Amazon Elastic Compute Cloud - Compute,i-0acfc9cb9658d9a06
2026-07-02T00:00:00Z,2026-07-03T00:00:00Z,True,20.5279969678,Amazon Elastic Compute Cloud - Compute,i-0ad65129295bb5bef
2026-07-02T00:00:00Z,2026-07-03T00:00:00Z,True,3.5713045312,Amazon Elastic Compute Cloud - Compute,i-0ae6b7c2472962b0b
2026-07-02T00:00:00Z,2026-07-03T00:00:00Z,True,0.348103371,Amazon Elastic Compute Cloud - Compute,i-0aeae3d0a20bb4279
2026-07-02T00:00:00Z,2026-07-03T00:00:00Z,True,1.4009869066,Amazon Elastic Compute Cloud - Compute,i-0af15f01e7583035c
2026-07-02T00:00:00Z,2026-07-03T00:00:00Z,True,1.4377963132,Amazon Elastic Compute Cloud - Compute,i-0b0410c7885e8e129
2026-07-02T00:00:00Z,2026-07-03T00:00:00Z,True,1.5287440783,Amazon Elastic Compute Cloud - Compute,i-0b0b8cee8c450c9b9
2026-07-02T00:00:00Z,2026-07-03T00:00:00Z,True,0.47692725,Amazon Elastic Compute Cloud - Compute,i-0b0bdaa9f2f0d10ab
2026-07-02T00:00:00Z,2026-07-03T00:00:00Z,True,13.8062969856,Amazon Elastic Compute Cloud - Compute,i-0b12141afc25420f8
2026-07-02T00:00:00Z,2026-07-03T00:00:00Z,True,4.8995494664,Amazon Elastic Compute Cloud - Compute,i-0b13373722116c733
2026-07-02T00:00:00Z,2026-07-03T00:00:00Z,True,0.81158,Amazon Elastic Compute Cloud - Compute,i-0b243321d4872efd2
2026-07-02T00:00:00Z,2026-07-03T00:00:00Z,True,4.1222710588,Amazon Elastic Compute Cloud - Compute,i-0b3a25b980e351ede
2026-07-02T00:00:00Z,2026-07-03T00:00:00Z,True,13.97208575,Amazon Elastic Compute Cloud - Compute,i-0b419f8a324f9cc46
2026-07-02T00:00:00Z,2026-07-03T00:00:00Z,True,0.403512264,Amazon Elastic Compute Cloud - Compute,i-0b4321f49c0b8a556
2026-07-02T00:00:00Z,2026-07-03T00:00:00Z,True,0.657866934,Amazon Elastic Compute Cloud - Compute,i-0b586963447bd8867
2026-07-02T00:00:00Z,2026-07-03T00:00:00Z,True,1.3990719804,Amazon Elastic Compute Cloud - Compute,i-0b5f0f4f018e3a3fd
2026-07-02T00:00:00Z,2026-07-03T00:00:00Z,True,1.3136797464,Amazon Elastic Compute Cloud - Compute,i-0b64195eee6302374
2026-07-02T00:00:00Z,2026-07-03T00:00:00Z,True,0.669599136,Amazon Elastic Compute Cloud - Compute,i-0b64954f200bf6a11
2026-07-02T00:00:00Z,2026-07-03T00:00:00Z,True,2.9806785571,Amazon Elastic Compute Cloud - Compute,i-0b6713cc15f74d360
2026-07-02T00:00:00Z,2026-07-03T00:00:00Z,True,0.362690328,Amazon Elastic Compute Cloud - Compute,i-0b73534aec6a095da
2026-07-02T00:00:00Z,2026-07-03T00:00:00Z,True,20.5279969678,Amazon Elastic Compute Cloud - Compute,i-0b7f0e6dc1214f64c
2026-07-02T00:00:00Z,2026-07-03T00:00:00Z,True,22.8585049896,Amazon Elastic Compute Cloud - Compute,i-0b923a87775864b3c
2026-07-02T00:00:00Z,2026-07-03T00:00:00Z,True,0.379268043,Amazon Elastic Compute Cloud - Compute,i-0b982f0c1f8dc7a2a
2026-07-02T00:00:00Z,2026-07-03T00:00:00Z,True,1.7830185072,Amazon Elastic Compute Cloud - Compute,i-0ba0737287b33e754
2026-07-02T00:00:00Z,2026-07-03T00:00:00Z,True,0.362029129,Amazon Elastic Compute Cloud - Compute,i-0ba3a035445b626d9
2026-07-02T00:00:00Z,2026-07-03T00:00:00Z,True,1.302969113,Amazon Elastic Compute Cloud - Compute,i-0bb172e1d4f28818c
2026-07-02T00:00:00Z,2026-07-03T00:00:00Z,True,1.2580756717,Amazon Elastic Compute Cloud - Compute,i-0bb9d94c51f922116
2026-07-02T00:00:00Z,2026-07-03T00:00:00Z,True,21.343832534,Amazon Elastic Compute Cloud - Compute,i-0bbfcf9f67ebd2fb4
2026-07-02T00:00:00Z,2026-07-03T00:00:00Z,True,1.35976575,Amazon Elastic Compute Cloud - Compute,i-0bc1813820369c6b3
2026-07-02T00:00:00Z,2026-07-03T00:00:00Z,True,1.7261279804,Amazon Elastic Compute Cloud - Compute,i-0bcf407dcbbc2a4a5
2026-07-02T00:00:00Z,2026-07-03T00:00:00Z,True,4.6197405072,Amazon Elastic Compute Cloud - Compute,i-0bd9ea509e306a36c
2026-07-02T00:00:00Z,2026-07-03T00:00:00Z,True,1.3381957651,Amazon Elastic Compute Cloud - Compute,i-0be5adfeee4cdb3e8
2026-07-02T00:00:00Z,2026-07-03T00:00:00Z,True,1.3685234297,Amazon Elastic Compute Cloud - Compute,i-0bf22498291b1aaea
2026-07-02T00:00:00Z,2026-07-03T00:00:00Z,True,1.4377963132,Amazon Elastic Compute Cloud - Compute,i-0c04d2d4b15f83f91
2026-07-02T00:00:00Z,2026-07-03T00:00:00Z,True,0.401348868,Amazon Elastic Compute Cloud - Compute,i-0c1761a9fb984a744
2026-07-02T00:00:00Z,2026-07-03T00:00:00Z,True,2.172345726,Amazon Elastic Compute Cloud - Compute,i-0c18d7d00db23c136
2026-07-02T00:00:00Z,2026-07-03T00:00:00Z,True,0.536812736,Amazon Elastic Compute Cloud - Compute,i-0c1ffe6ddec272b52
2026-07-02T00:00:00Z,2026-07-03T00:00:00Z,True,15.1138772009,Amazon Elastic Compute Cloud - Compute,i-0c241e7c0d4439cc1
2026-07-02T00:00:00Z,2026-07-03T00:00:00Z,True,0.4745371092,Amazon Elastic Compute Cloud - Compute,i-0c2fbf9d19d26c58c
2026-07-02T00:00:00Z,2026-07-03T00:00:00Z,True,0.474847264,Amazon Elastic Compute Cloud - Compute,i-0c3273ce8578889ac
2026-07-02T00:00:00Z,2026-07-03T00:00:00Z,True,20.5279969678,Amazon Elastic Compute Cloud - Compute,i-0c39bb0b92666c678
2026-07-02T00:00:00Z,2026-07-03T00:00:00Z,True,14.3993535651,Amazon Elastic Compute Cloud - Compute,i-0c4928654732e2d7a
2026-07-02T00:00:00Z,2026-07-03T00:00:00Z,True,3.3627193047,Amazon Elastic Compute Cloud - Compute,i-0c4c61ddfe6c596cb
2026-07-02T00:00:00Z,2026-07-03T00:00:00Z,True,1.6608354368,Amazon Elastic Compute Cloud - Compute,i-0c4f06378a9dfb52d
2026-07-02T00:00:00Z,2026-07-03T00:00:00Z,True,0.362690328,Amazon Elastic Compute Cloud - Compute,i-0c5583c913f53d435
2026-07-02T00:00:00Z,2026-07-03T00:00:00Z,True,1.9840167945,Amazon Elastic Compute Cloud - Compute,i-0c55a989f12eeff2c
2026-07-02T00:00:00Z,2026-07-03T00:00:00Z,True,0.406394198,Amazon Elastic Compute Cloud - Compute,i-0c5b15107b97de53d
2026-07-02T00:00:00Z,2026-07-03T00:00:00Z,True,7.9208900783,Amazon Elastic Compute Cloud - Compute,i-0c674187dd5b19374
2026-07-02T00:00:00Z,2026-07-03T00:00:00Z,True,1.5200835,Amazon Elastic Compute Cloud - Compute,i-0c6bcb7ec8050b96a
2026-07-02T00:00:00Z,2026-07-03T00:00:00Z,True,0.383336132,Amazon Elastic Compute Cloud - Compute,i-0c72791eaf3b15288
2026-07-02T00:00:00Z,2026-07-03T00:00:00Z,True,1.63566025,Amazon Elastic Compute Cloud - Compute,i-0c7b22b5cfa20a768
2026-07-02T00:00:00Z,2026-07-03T00:00:00Z,True,0.351418914,Amazon Elastic Compute Cloud - Compute,i-0c82a63e8d17d8308
2026-07-02T00:00:00Z,2026-07-03T00:00:00Z,True,8.0242290196,Amazon Elastic Compute Cloud - Compute,i-0c8331fb33bb752a3
2026-07-02T00:00:00Z,2026-07-03T00:00:00Z,True,3.1837358203,Amazon Elastic Compute Cloud - Compute,i-0c8e97e999fe42abd
2026-07-02T00:00:00Z,2026-07-03T00:00:00Z,True,1.389988,Amazon Elastic Compute Cloud - Compute,i-0c8f2e8da562e6137
2026-07-02T00:00:00Z,2026-07-03T00:00:00Z,True,0.344126629,Amazon Elastic Compute Cloud - Compute,i-0c90143b793f78d5b
2026-07-02T00:00:00Z,2026-07-03T00:00:00Z,True,32.77232525,Amazon Elastic Compute Cloud - Compute,i-0c965aa3527c63925
2026-07-02T00:00:00Z,2026-07-03T00:00:00Z,True,1.5157493132,Amazon Elastic Compute Cloud - Compute,i-0c9f9e2adf5501b3a
2026-07-02T00:00:00Z,2026-07-03T00:00:00Z,True,2.9838615481,Amazon Elastic Compute Cloud - Compute,i-0ca14937740579b00
2026-07-02T00:00:00Z,2026-07-03T00:00:00Z,True,3.1749781406,Amazon Elastic Compute Cloud - Compute,i-0ca30eb607c4246e3
2026-07-02T00:00:00Z,2026-07-03T00:00:00Z,True,2.3834685,Amazon Elastic Compute Cloud - Compute,i-0cb30f73964a70e6e
2026-07-02T00:00:00Z,2026-07-03T00:00:00Z,True,6.2362901012,Amazon Elastic Compute Cloud - Compute,i-0cbcd2f726df58094
2026-07-02T00:00:00Z,2026-07-03T00:00:00Z,True,2.1679142604,Amazon Elastic Compute Cloud - Compute,i-0cc384dc7503a5506
2026-07-02T00:00:00Z,2026-07-03T00:00:00Z,True,88.0504609311,Amazon Elastic Compute Cloud - Compute,i-0cc72d8d027c169f2
2026-07-02T00:00:00Z,2026-07-03T00:00:00Z,True,1.5066235685,Amazon Elastic Compute Cloud - Compute,i-0cc8ef68b62d58ff5
2026-07-02T00:00:00Z,2026-07-03T00:00:00Z,True,0.8064,Amazon Elastic Compute Cloud - Compute,i-0cce1c2d935e86786
2026-07-02T00:00:00Z,2026-07-03T00:00:00Z,True,1.252113732,Amazon Elastic Compute Cloud - Compute,i-0cced51faa6672fad
2026-07-02T00:00:00Z,2026-07-03T00:00:00Z,True,0.806276086,Amazon Elastic Compute Cloud - Compute,i-0cd362bfe3ca6ab5b
2026-07-02T00:00:00Z,2026-07-03T00:00:00Z,True,18.0453841302,Amazon Elastic Compute Cloud - Compute,i-0cddb74c57757292e
2026-07-02T00:00:00Z,2026-07-03T00:00:00Z,True,0.347442172,Amazon Elastic Compute Cloud - Compute,i-0ce12f31059cf5ce7
2026-07-02T00:00:00Z,2026-07-03T00:00:00Z,True,2.8947008594,Amazon Elastic Compute Cloud - Compute,i-0ce28d60bf8695381
2026-07-02T00:00:00Z,2026-07-03T00:00:00Z,True,1.5728626411,Amazon Elastic Compute Cloud - Compute,i-0ce2e00896fb555ae
2026-07-02T00:00:00Z,2026-07-03T00:00:00Z,True,0.367996629,Amazon Elastic Compute Cloud - Compute,i-0cfa4b21b84cd9b4d
2026-07-02T00:00:00Z,2026-07-03T00:00:00Z,True,0.3352908008,Amazon Elastic Compute Cloud - Compute,i-0cff10482e4dd3240
2026-07-02T00:00:00Z,2026-07-03T00:00:00Z,True,0.344126629,Amazon Elastic Compute Cloud - Compute,i-0d0b4abaa827e0eaa
2026-07-02T00:00:00Z,2026-07-03T00:00:00Z,True,7.7909658132,Amazon Elastic Compute Cloud - Compute,i-0d104455aede37bb3
2026-07-02T00:00:00Z,2026-07-03T00:00:00Z,True,0.9176575443,Amazon Elastic Compute Cloud - Compute,i-0d1ee529b1f0e3954
2026-07-02T00:00:00Z,2026-07-03T00:00:00Z,True,1.4517225072,Amazon Elastic Compute Cloud - Compute,i-0d247e1cc35410507
2026-07-02T00:00:00Z,2026-07-03T00:00:00Z,True,1.363367183,Amazon Elastic Compute Cloud - Compute,i-0d359c24b23e54430
2026-07-02T00:00:00Z,2026-07-03T00:00:00Z,True,1.4377963132,Amazon Elastic Compute Cloud - Compute,i-0d375c35ed46b67c2
2026-07-02T00:00:00Z,2026-07-03T00:00:00Z,True,0.878356934,Amazon Elastic Compute Cloud - Compute,i-0d4f466f93cc144e5
2026-07-02T00:00:00Z,2026-07-03T00:00:00Z,True,1.513885634,Amazon Elastic Compute Cloud - Compute,i-0d752a880a67c2b4c
2026-07-02T00:00:00Z,2026-07-03T00:00:00Z,True,28.8028374595,Amazon Elastic Compute Cloud - Compute,i-0d75af02251c65b84
2026-07-02T00:00:00Z,2026-07-03T00:00:00Z,True,16.4376208906,Amazon Elastic Compute Cloud - Compute,i-0d7a686dd3aaeb64f
2026-07-02T00:00:00Z,2026-07-03T00:00:00Z,True,3.0326481094,Amazon Elastic Compute Cloud - Compute,i-0d832443d960935ea
2026-07-02T00:00:00Z,2026-07-03T00:00:00Z,True,25.4016096079,Amazon Elastic Compute Cloud - Compute,i-0da4185030bbccc2b
2026-07-02T00:00:00Z,2026-07-03T00:00:00Z,True,0.080893043,Amazon Elastic Compute Cloud - Compute,i-0da4649d297a2d819
2026-07-02T00:00:00Z,2026-07-03T00:00:00Z,True,0.552667264,Amazon Elastic Compute Cloud - Compute,i-0da55e75932047378
2026-07-02T00:00:00Z,2026-07-03T00:00:00Z,True,2.7304805703,Amazon Elastic Compute Cloud - Compute,i-0dac2c0a5178cd0c5
2026-07-02T00:00:00Z,2026-07-03T00:00:00Z,True,0.3633625443,Amazon Elastic Compute Cloud - Compute,i-0dc3eaeea53e815e2
2026-07-02T00:00:00Z,2026-07-03T00:00:00Z,True,2.8947008594,Amazon Elastic Compute Cloud - Compute,i-0dcb2d9e9433359dd
2026-07-02T00:00:00Z,2026-07-03T00:00:00Z,True,2.1925471302,Amazon Elastic Compute Cloud - Compute,i-0de06614bace633f3
2026-07-02T00:00:00Z,2026-07-03T00:00:00Z,True,8.0534944609,Amazon Elastic Compute Cloud - Compute,i-0de4c8ae389b58c89
2026-07-02T00:00:00Z,2026-07-03T00:00:00Z,True,2.9806622622,Amazon Elastic Compute Cloud - Compute,i-0de9e3f8d3208cf03
2026-07-02T00:00:00Z,2026-07-03T00:00:00Z,True,0.342799457,Amazon Elastic Compute Cloud - Compute,i-0dec42eb84e2a8131
2026-07-02T00:00:00Z,2026-07-03T00:00:00Z,True,0.350755328,Amazon Elastic Compute Cloud - Compute,i-0deff2f8e904f66b4
2026-07-02T00:00:00Z,2026-07-03T00:00:00Z,True,19.6190192987,Amazon Elastic Compute Cloud - Compute,i-0df6d96ee1851e6d1
2026-07-02T00:00:00Z,2026-07-03T00:00:00Z,True,1.4581219412,Amazon Elastic Compute Cloud - Compute,i-0df783aa2007abe8a
2026-07-02T00:00:00Z,2026-07-03T00:00:00Z,True,2.64588,Amazon Elastic Compute Cloud - Compute,i-0dfe76805fcf97723
2026-07-02T00:00:00Z,2026-07-03T00:00:00Z,True,0.351418914,Amazon Elastic Compute Cloud - Compute,i-0e06b98baf22feb8c
2026-07-02T00:00:00Z,2026-07-03T00:00:00Z,True,19.7975660547,Amazon Elastic Compute Cloud - Compute,i-0e075e0559cdd43b2
2026-07-02T00:00:00Z,2026-07-03T00:00:00Z,True,2.9144076094,Amazon Elastic Compute Cloud - Compute,i-0e0998bd4efa09bf6
2026-07-02T00:00:00Z,2026-07-03T00:00:00Z,True,2.9034585391,Amazon Elastic Compute Cloud - Compute,i-0e0df81fbfecd2aa6
2026-07-02T00:00:00Z,2026-07-03T00:00:00Z,True,3.824745414,Amazon Elastic Compute Cloud - Compute,i-0e1eebb1b5a512e8e
2026-07-02T00:00:00Z,2026-07-03T00:00:00Z,True,0.4558745052,Amazon Elastic Compute Cloud - Compute,i-0e23483c3ad59c9fd
2026-07-02T00:00:00Z,2026-07-03T00:00:00Z,True,0.362029129,Amazon Elastic Compute Cloud - Compute,i-0e242ad4027532e93
2026-07-02T00:00:00Z,2026-07-03T00:00:00Z,True,1.6608354368,Amazon Elastic Compute Cloud - Compute,i-0e4732a0dd94221cd
2026-07-02T00:00:00Z,2026-07-03T00:00:00Z,True,4.0192258988,Amazon Elastic Compute Cloud - Compute,i-0e47d6b8837f09fa6
2026-07-02T00:00:00Z,2026-07-03T00:00:00Z,True,11.5857613988,Amazon Elastic Compute Cloud - Compute,i-0e55fd5e6a35a2067
2026-07-02T00:00:00Z,2026-07-03T00:00:00Z,True,1.4264114928,Amazon Elastic Compute Cloud - Compute,i-0e5805dbbdda612a5
2026-07-02T00:00:00Z,2026-07-03T00:00:00Z,True,3.6120457464,Amazon Elastic Compute Cloud - Compute,i-0e5b6fc1313c34577
2026-07-02T00:00:00Z,2026-07-03T00:00:00Z,True,2.9582600644,Amazon Elastic Compute Cloud - Compute,i-0e6a97520b72fb35b
2026-07-02T00:00:00Z,2026-07-03T00:00:00Z,True,2.9807534944,Amazon Elastic Compute Cloud - Compute,i-0e70fab85d559c615
2026-07-02T00:00:00Z,2026-07-03T00:00:00Z,True,2.7479959297,Amazon Elastic Compute Cloud - Compute,i-0e7244c8c52583703
2026-07-02T00:00:00Z,2026-07-03T00:00:00Z,True,2.640837264,Amazon Elastic Compute Cloud - Compute,i-0e777e5feb58e7982
2026-07-02T00:00:00Z,2026-07-03T00:00:00Z,True,4.2631334928,Amazon Elastic Compute Cloud - Compute,i-0e79c98be7c233434
2026-07-02T00:00:00Z,2026-07-03T00:00:00Z,True,2.0911068906,Amazon Elastic Compute Cloud - Compute,i-0e7b66f8d52908a36
2026-07-02T00:00:00Z,2026-07-03T00:00:00Z,True,0.418643066,Amazon Elastic Compute Cloud - Compute,i-0e7cbc41b3f077faa
2026-07-02T00:00:00Z,2026-07-03T00:00:00Z,True,0.378290802,Amazon Elastic Compute Cloud - Compute,i-0e810610e6dfa4242
2026-07-02T00:00:00Z,2026-07-03T00:00:00Z,True,68.2052502136,Amazon Elastic Compute Cloud - Compute,i-0e851e4dc6ad5ee5a
2026-07-02T00:00:00Z,2026-07-03T00:00:00Z,True,0.375288914,Amazon Elastic Compute Cloud - Compute,i-0e8b005f14949141e
2026-07-02T00:00:00Z,2026-07-03T00:00:00Z,True,3.5844371094,Amazon Elastic Compute Cloud - Compute,i-0e956c116cfbd4bf6
2026-07-02T00:00:00Z,2026-07-03T00:00:00Z,True,2.9034585391,Amazon Elastic Compute Cloud - Compute,i-0e9ff93edf5d8173e
2026-07-02T00:00:00Z,2026-07-03T00:00:00Z,True,0.541185414,Amazon Elastic Compute Cloud - Compute,i-0ea5458d67e3f648a
2026-07-02T00:00:00Z,2026-07-03T00:00:00Z,True,1.3896045072,Amazon Elastic Compute Cloud - Compute,i-0eb9d279bf52d4d11
2026-07-02T00:00:00Z,2026-07-03T00:00:00Z,True,20.5279969678,Amazon Elastic Compute Cloud - Compute,i-0ebbbf0d015a231a2
2026-07-02T00:00:00Z,2026-07-03T00:00:00Z,True,0.351418914,Amazon Elastic Compute Cloud - Compute,i-0ec05d6c06a115a4e
2026-07-02T00:00:00Z,2026-07-03T00:00:00Z,True,9.6055401566,Amazon Elastic Compute Cloud - Compute,i-0ec2d4aed6e9829e0
2026-07-02T00:00:00Z,2026-07-03T00:00:00Z,True,1.246034476,Amazon Elastic Compute Cloud - Compute,i-0ec6ad1cc30f14943
2026-07-02T00:00:00Z,2026-07-03T00:00:00Z,True,1.4681122349,Amazon Elastic Compute Cloud - Compute,i-0ec6ed5fc17bd5ae1
2026-07-02T00:00:00Z,2026-07-03T00:00:00Z,True,0.378290802,Amazon Elastic Compute Cloud - Compute,i-0ee9cc40d86e899b9
2026-07-02T00:00:00Z,2026-07-03T00:00:00Z,True,1.252113732,Amazon Elastic Compute Cloud - Compute,i-0eec51771662045ae
2026-07-02T00:00:00Z,2026-07-03T00:00:00Z,True,1.382999683,Amazon Elastic Compute Cloud - Compute,i-0ef067066018edbd1
2026-07-02T00:00:00Z,2026-07-03T00:00:00Z,True,3.9732494928,Amazon Elastic Compute Cloud - Compute,i-0ef329789618563fc
2026-07-02T00:00:00Z,2026-07-03T00:00:00Z,True,1.63566025,Amazon Elastic Compute Cloud - Compute,i-0ef5ae11ee1d2ea8b
2026-07-02T00:00:00Z,2026-07-03T00:00:00Z,True,20.5279969678,Amazon Elastic Compute Cloud - Compute,i-0f04b630117532f43
2026-07-02T00:00:00Z,2026-07-03T00:00:00Z,True,3.2395438698,Amazon Elastic Compute Cloud - Compute,i-0f15917e35df0d668
2026-07-02T00:00:00Z,2026-07-03T00:00:00Z,True,1.5503994217,Amazon Elastic Compute Cloud - Compute,i-0f1a853475d1a23b5
2026-07-02T00:00:00Z,2026-07-03T00:00:00Z,True,3.1924935,Amazon Elastic Compute Cloud - Compute,i-0f33577b057d1dafa
2026-07-02T00:00:00Z,2026-07-03T00:00:00Z,True,2.3816066244,Amazon Elastic Compute Cloud - Compute,i-0f3d925245c954243
2026-07-02T00:00:00Z,2026-07-03T00:00:00Z,True,3.4022981568,Amazon Elastic Compute Cloud - Compute,i-0f4ad554fb35f152e
2026-07-02T00:00:00Z,2026-07-03T00:00:00Z,True,3.8694819555,Amazon Elastic Compute Cloud - Compute,i-0f4bde41e4f5d12bd
2026-07-02T00:00:00Z,2026-07-03T00:00:00Z,True,1.2590406094,Amazon Elastic Compute Cloud - Compute,i-0f5803fa1bb0c1fa3
2026-07-02T00:00:00Z,2026-07-03T00:00:00Z,True,3.6121520547,Amazon Elastic Compute Cloud - Compute,i-0f6006cc338b6a903
2026-07-02T00:00:00Z,2026-07-03T00:00:00Z,True,0.367333043,Amazon Elastic Compute Cloud - Compute,i-0f67fb0e01aa972f5
2026-07-02T00:00:00Z,2026-07-03T00:00:00Z,True,20.5279969678,Amazon Elastic Compute Cloud - Compute,i-0f6b4578556f9389d
2026-07-02T00:00:00Z,2026-07-03T00:00:00Z,True,14.3049091094,Amazon Elastic Compute Cloud - Compute,i-0f74d3f895e7de1f5
2026-07-02T00:00:00Z,2026-07-03T00:00:00Z,True,1.4009869066,Amazon Elastic Compute Cloud - Compute,i-0f806002c947c4b0a
2026-07-02T00:00:00Z,2026-07-03T00:00:00Z,True,2.835804683,Amazon Elastic Compute Cloud - Compute,i-0f828e35fe0c70617
2026-07-02T00:00:00Z,2026-07-03T00:00:00Z,True,0.3640175,Amazon Elastic Compute Cloud - Compute,i-0f8e1fba8d1490171
2026-07-02T00:00:00Z,2026-07-03T00:00:00Z,True,27.6783292525,Amazon Elastic Compute Cloud - Compute,i-0f990d7a37609ef06
2026-07-02T00:00:00Z,2026-07-03T00:00:00Z,True,0.362029129,Amazon Elastic Compute Cloud - Compute,i-0f9afa9df499e2bf9
2026-07-02T00:00:00Z,2026-07-03T00:00:00Z,True,1.283772,Amazon Elastic Compute Cloud - Compute,i-0fa1b3faaab2be908
2026-07-02T00:00:00Z,2026-07-03T00:00:00Z,True,21.562862,Amazon Elastic Compute Cloud - Compute,i-0fa345052b09dfa12
2026-07-02T00:00:00Z,2026-07-03T00:00:00Z,True,3.4740029856,Amazon Elastic Compute Cloud - Compute,i-0fa6aff948ac9213f
2026-07-02T00:00:00Z,2026-07-03T00:00:00Z,True,4.003067863,Amazon Elastic Compute Cloud - Compute,i-0fa80ac97d2e564c7
2026-07-02T00:00:00Z,2026-07-03T00:00:00Z,True,8.0118895703,Amazon Elastic Compute Cloud - Compute,i-0fa9e3b1837ba8fd7
2026-07-02T00:00:00Z,2026-07-03T00:00:00Z,True,0.384057264,Amazon Elastic Compute Cloud - Compute,i-0fb1a201637a3209b
2026-07-02T00:00:00Z,2026-07-03T00:00:00Z,True,0.369985,Amazon Elastic Compute Cloud - Compute,i-0fcca0c71de6fe202
2026-07-02T00:00:00Z,2026-07-03T00:00:00Z,True,12.198324049,Amazon Elastic Compute Cloud - Compute,i-0fd299414047d9bd8
2026-07-02T00:00:00Z,2026-07-03T00:00:00Z,True,16.4354295,Amazon Elastic Compute Cloud - Compute,i-0fd4866ef3d20efd8
2026-07-02T00:00:00Z,2026-07-03T00:00:00Z,True,4.5559163132,Amazon Elastic Compute Cloud - Compute,i-0fdaf7b7bf9b76102
2026-07-02T00:00:00Z,2026-07-03T00:00:00Z,True,0.2016,Amazon Elastic Compute Cloud - Compute,i-0fec5d1a28b6d27aa
2026-07-02T00:00:00Z,2026-07-03T00:00:00Z,True,1.363367183,Amazon Elastic Compute Cloud - Compute,i-0fefd1c8a95fa78ed
2026-07-02T00:00:00Z,2026-07-03T00:00:00Z,True,0.54,Amazon Elastic Load Balancing,arn:aws:elasticloadbalancing:us-east-1:108782052779:loadbalancer/net/lsmc-privatelink-nlb/4ead0a65121bd679
2026-07-02T00:00:00Z,2026-07-03T00:00:00Z,True,0.5402604992,Amazon Elastic Load Balancing,arn:aws:elasticloadbalancing:us-west-2:108782052779:loadbalancer/app/lsmc-mvp-dev-alb/e86b7b9ac25ed9d8
2026-07-02T00:00:00Z,2026-07-03T00:00:00Z,True,0.54,Amazon Elastic Load Balancing,arn:aws:elasticloadbalancing:us-west-2:108782052779:loadbalancer/app/terrarium-dev-internal-api/dd105d658089a82a
2026-07-02T00:00:00Z,2026-07-03T00:00:00Z,True,0.54,Amazon Elastic Load Balancing,arn:aws:elasticloadbalancing:us-west-2:108782052779:loadbalancer/app/terrarium-prod-internal-api/1a28c6e51ad0f2bf
2026-07-02T00:00:00Z,2026-07-03T00:00:00Z,True,32.5181017524,Amazon FSx,arn:aws:fsx:us-west-2:108782052779:file-system/fs-02cac31094f973e29
2026-07-02T00:00:00Z,2026-07-03T00:00:00Z,True,43.357317684,Amazon FSx,arn:aws:fsx:us-west-2:108782052779:file-system/fs-07fb3448c1cb30c1c
2026-07-02T00:00:00Z,2026-07-03T00:00:00Z,True,56.5491448794,Amazon FSx,arn:aws:fsx:us-west-2:108782052779:file-system/fs-0b9e294bd75a9ad9d
2026-07-02T00:00:00Z,2026-07-03T00:00:00Z,True,0.0001327992,Amazon Relational Database Service,arn:aws:rds:us-east-1:108782052779:cluster-snapshot:day-dr-drill-snap-use1-20260619
2026-07-02T00:00:00Z,2026-07-03T00:00:00Z,True,9.03264e-05,Amazon Relational Database Service,arn:aws:rds:us-east-1:108782052779:cluster-snapshot:dayhoff-dr-drill-use1-20260522-snap
2026-07-02T00:00:00Z,2026-07-03T00:00:00Z,True,4.21368e-05,Amazon Relational Database Service,arn:aws:rds:us-east-1:108782052779:cluster-snapshot:dayhoff-inx-inf5-precleanup-20260528t174313z
2026-07-02T00:00:00Z,2026-07-03T00:00:00Z,True,3.33672e-05,Amazon Relational Database Service,arn:aws:rds:us-east-1:108782052779:cluster-snapshot:marvain-john-major-dev-snapshot-auroracluster-ctvfy1tkxd1i
2026-07-02T00:00:00Z,2026-07-03T00:00:00Z,True,0.0644483032,Amazon Relational Database Service,arn:aws:rds:us-east-1:108782052779:cluster:cluster-bhclwskm5mcqb7l7keks2bcha4
2026-07-02T00:00:00Z,2026-07-03T00:00:00Z,True,0.0010102952,Amazon Relational Database Service,arn:aws:rds:us-east-1:108782052779:cluster:cluster-dxfa6cony33dulps7brbbihkji
2026-07-02T00:00:00Z,2026-07-03T00:00:00Z,True,0.0278890538,Amazon Relational Database Service,arn:aws:rds:us-east-1:108782052779:cluster:cluster-kym7xbonz4xygugh5dp33j3dci
2026-07-02T00:00:00Z,2026-07-03T00:00:00Z,True,0.0663252136,Amazon Relational Database Service,arn:aws:rds:us-east-1:108782052779:cluster:cluster-pqpacrqo2fxszto7u4maw3velu
2026-07-02T00:00:00Z,2026-07-03T00:00:00Z,True,6.24,Amazon Relational Database Service,arn:aws:rds:us-east-1:108782052779:db:auruse1-writer
2026-07-02T00:00:00Z,2026-07-03T00:00:00Z,True,1.752,Amazon Relational Database Service,arn:aws:rds:us-east-1:108782052779:db:dev-writer
2026-07-02T00:00:00Z,2026-07-03T00:00:00Z,True,1.639724914,Amazon Relational Database Service,arn:aws:rds:us-east-1:108782052779:db:dr-drill-standalone-use1-20260526
2026-07-02T00:00:00Z,2026-07-03T00:00:00Z,True,9.02952e-05,Amazon Relational Database Service,arn:aws:rds:us-west-2:108782052779:cluster-snapshot:backup-recovery-east1
2026-07-02T00:00:00Z,2026-07-03T00:00:00Z,True,2.7672e-05,Amazon Relational Database Service,arn:aws:rds:us-west-2:108782052779:cluster-snapshot:labcoredb-final-snapshot
2026-07-02T00:00:00Z,2026-07-03T00:00:00Z,True,0.0,Amazon Relational Database Service,arn:aws:rds:us-west-2:108782052779:cluster-snapshot:tapdb-dev-snapshot-auroracluster-9vwkztxfug25
2026-07-02T00:00:00Z,2026-07-03T00:00:00Z,True,0.0,Amazon Relational Database Service,arn:aws:rds:us-west-2:108782052779:cluster-snapshot:tapdb-dev-snapshot-auroracluster-elgxviyi30sp
2026-07-02T00:00:00Z,2026-07-03T00:00:00Z,True,0.0,Amazon Relational Database Service,arn:aws:rds:us-west-2:108782052779:cluster-snapshot:tapdb-dev-snapshot-auroracluster-serncerfuorz
2026-07-02T00:00:00Z,2026-07-03T00:00:00Z,True,0.0331973606,Amazon Relational Database Service,arn:aws:rds:us-west-2:108782052779:cluster:cluster-4aucm556ktddnrdqnubknrsj7a
2026-07-02T00:00:00Z,2026-07-03T00:00:00Z,True,0.0014528555,Amazon Relational Database Service,arn:aws:rds:us-west-2:108782052779:cluster:cluster-4lrvijmaljrxw3emlp7ao4tioe
2026-07-02T00:00:00Z,2026-07-03T00:00:00Z,True,0.0243074424,Amazon Relational Database Service,arn:aws:rds:us-west-2:108782052779:cluster:cluster-66gsnocslwc6tx7ds6n3dxt2pq
2026-07-02T00:00:00Z,2026-07-03T00:00:00Z,True,0.0841299896,Amazon Relational Database Service,arn:aws:rds:us-west-2:108782052779:cluster:cluster-aa24mjp2wjnsfofgxghaxwhvku
2026-07-02T00:00:00Z,2026-07-03T00:00:00Z,True,0.0617582942,Amazon Relational Database Service,arn:aws:rds:us-west-2:108782052779:cluster:cluster-axxvxcfqcs53p4uqziwtcjft7m
2026-07-02T00:00:00Z,2026-07-03T00:00:00Z,True,0.0297267119,Amazon Relational Database Service,arn:aws:rds:us-west-2:108782052779:cluster:cluster-b44f3gkh6ztqssbbsuzrc4qppu
2026-07-02T00:00:00Z,2026-07-03T00:00:00Z,True,0.0589329584,Amazon Relational Database Service,arn:aws:rds:us-west-2:108782052779:cluster:cluster-f5lzubv26w3xt5cgdvgfoyhjei
2026-07-02T00:00:00Z,2026-07-03T00:00:00Z,True,0.0357259696,Amazon Relational Database Service,arn:aws:rds:us-west-2:108782052779:cluster:cluster-mp6pqnt24dgthiintbnje4ai7m
2026-07-02T00:00:00Z,2026-07-03T00:00:00Z,True,0.0020165208,Amazon Relational Database Service,arn:aws:rds:us-west-2:108782052779:cluster:cluster-o6yhev2r7ksumoenusvgvwrrae
2026-07-02T00:00:00Z,2026-07-03T00:00:00Z,True,0.00046302,Amazon Relational Database Service,arn:aws:rds:us-west-2:108782052779:cluster:cluster-rit4q5trwzhy6wvk7wvbpfmqam
2026-07-02T00:00:00Z,2026-07-03T00:00:00Z,True,0.0286781824,Amazon Relational Database Service,arn:aws:rds:us-west-2:108782052779:cluster:cluster-wgdxpkibad4gvohcmpu6wjnz7q
2026-07-02T00:00:00Z,2026-07-03T00:00:00Z,True,0.4581935472,Amazon Relational Database Service,arn:aws:rds:us-west-2:108782052779:db:aquarium-dev-db
2026-07-02T00:00:00Z,2026-07-03T00:00:00Z,True,0.954231618,Amazon Relational Database Service,arn:aws:rds:us-west-2:108782052779:db:dayhoff-lsmcok1-tapdb-rehearsal-20260702t104009z-writer
2026-07-02T00:00:00Z,2026-07-03T00:00:00Z,True,0.915075221,Amazon Relational Database Service,arn:aws:rds:us-west-2:108782052779:db:dayhoff-lsmcok1-tapdb-rehearsal-20260702t111435z-writer
2026-07-02T00:00:00Z,2026-07-03T00:00:00Z,True,0.896176324,Amazon Relational Database Service,arn:aws:rds:us-west-2:108782052779:db:dayhoff-lsmcok1-tapdb-rehearsal-20260702t113340z-writer
2026-07-02T00:00:00Z,2026-07-03T00:00:00Z,True,0.8444275,Amazon Relational Database Service,arn:aws:rds:us-west-2:108782052779:db:dayhoff-lsmcok1-tapdb-rehearsal-20260702t121558z-writer
2026-07-02T00:00:00Z,2026-07-03T00:00:00Z,True,0.815633015,Amazon Relational Database Service,arn:aws:rds:us-west-2:108782052779:db:dayhoff-lsmcok1-tapdb-rehearsal-20260702t124007z-writer
2026-07-02T00:00:00Z,2026-07-03T00:00:00Z,True,0.012166618,Amazon Relational Database Service,arn:aws:rds:us-west-2:108782052779:db:dayhoff-lsmcok1-tapdb-rehearsal-20260702t125305z-writer
2026-07-02T00:00:00Z,2026-07-03T00:00:00Z,True,6.624,Amazon Relational Database Service,arn:aws:rds:us-west-2:108782052779:db:dayhoff-lsmcok1-tapdb-writer
2026-07-02T00:00:00Z,2026-07-03T00:00:00Z,True,17.232,Amazon Relational Database Service,arn:aws:rds:us-west-2:108782052779:db:dayhoff-lsmcq7-tapdb-reader-api
2026-07-02T00:00:00Z,2026-07-03T00:00:00Z,True,17.232,Amazon Relational Database Service,arn:aws:rds:us-west-2:108782052779:db:dayhoff-lsmcq7-tapdb-reader-ha
2026-07-02T00:00:00Z,2026-07-03T00:00:00Z,True,34.464,Amazon Relational Database Service,arn:aws:rds:us-west-2:108782052779:db:dayhoff-lsmcq7-tapdb-writer
2026-07-02T00:00:00Z,2026-07-03T00:00:00Z,True,6.24,Amazon Relational Database Service,arn:aws:rds:us-west-2:108782052779:db:dev-writer
2026-07-02T00:00:00Z,2026-07-03T00:00:00Z,True,2.301935484,Amazon Relational Database Service,arn:aws:rds:us-west-2:108782052779:db:dr-drill-standalone-20260521
2026-07-02T00:00:00Z,2026-07-03T00:00:00Z,True,7.6802444444,Amazon Relational Database Service,arn:aws:rds:us-west-2:108782052779:db:labcore-dev-instance-1
2026-07-02T00:00:00Z,2026-07-03T00:00:00Z,True,0.4581935472,Amazon Relational Database Service,arn:aws:rds:us-west-2:108782052779:db:lsmc-mvp-v1-event-sink-db
2026-07-02T00:00:00Z,2026-07-03T00:00:00Z,True,1.752,Amazon Relational Database Service,arn:aws:rds:us-west-2:108782052779:db:staging-writer
2026-07-02T00:00:00Z,2026-07-03T00:00:00Z,True,0.4581935472,Amazon Relational Database Service,arn:aws:rds:us-west-2:108782052779:db:terrarium-dev-db
2026-07-02T00:00:00Z,2026-07-03T00:00:00Z,True,0.4581935472,Amazon Relational Database Service,arn:aws:rds:us-west-2:108782052779:db:terrarium-prod-db
2026-07-02T00:00:00Z,2026-07-03T00:00:00Z,True,0.0062161013,Amazon Simple Storage Service,NoResourceId
2026-07-02T00:00:00Z,2026-07-03T00:00:00Z,True,0.0052653834,Amazon Simple Storage Service,aquarium-tfstate-dev
2026-07-02T00:00:00Z,2026-07-03T00:00:00Z,True,0.0052645824,Amazon Simple Storage Service,aquarium-tfstate-prod
2026-07-02T00:00:00Z,2026-07-03T00:00:00Z,True,0.0,Amazon Simple Storage Service,arn:aws:s3:::aquarium-tfstate-dev
2026-07-02T00:00:00Z,2026-07-03T00:00:00Z,True,0.0,Amazon Simple Storage Service,arn:aws:s3:::aquarium-tfstate-prod
2026-07-02T00:00:00Z,2026-07-03T00:00:00Z,True,0.0,Amazon Simple Storage Service,arn:aws:s3:::asterism-note-screenshots-dev
2026-07-02T00:00:00Z,2026-07-03T00:00:00Z,True,0.0,Amazon Simple Storage Service,arn:aws:s3:::aws-sam-cli-managed-default-samclisourcebucket-wyvracmmocbp
2026-07-02T00:00:00Z,2026-07-03T00:00:00Z,True,0.0,Amazon Simple Storage Service,arn:aws:s3:::cdk-hnb659fds-assets-108782052779-us-east-1
2026-07-02T00:00:00Z,2026-07-03T00:00:00Z,True,0.0,Amazon Simple Storage Service,arn:aws:s3:::cdk-hnb659fds-assets-108782052779-us-west-2
2026-07-02T00:00:00Z,2026-07-03T00:00:00Z,True,0.0,Amazon Simple Storage Service,arn:aws:s3:::cf-templates-pfrobpqqun1c-us-east-2
2026-07-02T00:00:00Z,2026-07-03T00:00:00Z,True,0.0,Amazon Simple Storage Service,arn:aws:s3:::daylily-customer-lsmc-a0477268
2026-07-02T00:00:00Z,2026-07-03T00:00:00Z,True,0.0,Amazon Simple Storage Service,arn:aws:s3:::ironwood-cobalt-seq
2026-07-02T00:00:00Z,2026-07-03T00:00:00Z,True,0.0,Amazon Simple Storage Service,arn:aws:s3:::ironwood-cobalt-seq-logs
2026-07-02T00:00:00Z,2026-07-03T00:00:00Z,True,0.0,Amazon Simple Storage Service,arn:aws:s3:::ironwood-meridian-seq
2026-07-02T00:00:00Z,2026-07-03T00:00:00Z,True,0.0,Amazon Simple Storage Service,arn:aws:s3:::ironwood-meridian-seq-logs
2026-07-02T00:00:00Z,2026-07-03T00:00:00Z,True,0.0,Amazon Simple Storage Service,arn:aws:s3:::lsmc-atlas-demo
2026-07-02T00:00:00Z,2026-07-03T00:00:00Z,True,0.0,Amazon Simple Storage Service,arn:aws:s3:::lsmc-atlas-dev
2026-07-02T00:00:00Z,2026-07-03T00:00:00Z,True,0.0,Amazon Simple Storage Service,arn:aws:s3:::lsmc-aws-config-108782052779
2026-07-02T00:00:00Z,2026-07-03T00:00:00Z,True,0.0,Amazon Simple Storage Service,arn:aws:s3:::lsmc-bio-oauth-static-site-108782052779-us-east-1
2026-07-02T00:00:00Z,2026-07-03T00:00:00Z,True,0.0,Amazon Simple Storage Service,arn:aws:s3:::lsmc-cloudtrail-archive
2026-07-02T00:00:00Z,2026-07-03T00:00:00Z,True,0.0,Amazon Simple Storage Service,arn:aws:s3:::lsmc-copy-ultimagen-lsmc-cro-316
2026-07-02T00:00:00Z,2026-07-03T00:00:00Z,True,0.0,Amazon Simple Storage Service,arn:aws:s3:::lsmc-datalake-raw-dev
2026-07-02T00:00:00Z,2026-07-03T00:00:00Z,True,0.0,Amazon Simple Storage Service,arn:aws:s3:::lsmc-dayoa-analysis-results-usw2
2026-07-02T00:00:00Z,2026-07-03T00:00:00Z,True,0.0,Amazon Simple Storage Service,arn:aws:s3:::lsmc-dayoa-control-data-usw2
2026-07-02T00:00:00Z,2026-07-03T00:00:00Z,True,0.0,Amazon Simple Storage Service,arn:aws:s3:::lsmc-dayoa-omics-analysis-us-west-2
2026-07-02T00:00:00Z,2026-07-03T00:00:00Z,True,0.0,Amazon Simple Storage Service,arn:aws:s3:::lsmc-dayoa-references-usw2
2026-07-02T00:00:00Z,2026-07-03T00:00:00Z,True,0.0,Amazon Simple Storage Service,arn:aws:s3:::lsmc-dayoa-runtime-assets-usw2
2026-07-02T00:00:00Z,2026-07-03T00:00:00Z,True,0.0,Amazon Simple Storage Service,arn:aws:s3:::lsmc-dayoa-staging-usw2
2026-07-02T00:00:00Z,2026-07-03T00:00:00Z,True,0.0,Amazon Simple Storage Service,arn:aws:s3:::lsmc-dewey-0
2026-07-02T00:00:00Z,2026-07-03T00:00:00Z,True,0.0,Amazon Simple Storage Service,arn:aws:s3:::lsmc-healthomics-failiover
2026-07-02T00:00:00Z,2026-07-03T00:00:00Z,True,0.0,Amazon Simple Storage Service,arn:aws:s3:::lsmc-healthomics-results
2026-07-02T00:00:00Z,2026-07-03T00:00:00Z,True,0.0,Amazon Simple Storage Service,arn:aws:s3:::lsmc-illumina-public-data
2026-07-02T00:00:00Z,2026-07-03T00:00:00Z,True,0.0,Amazon Simple Storage Service,arn:aws:s3:::lsmc-meridian-governance-registry
2026-07-02T00:00:00Z,2026-07-03T00:00:00Z,True,0.0,Amazon Simple Storage Service,arn:aws:s3:::lsmc-mvp-v1-event-sink-raw-108782052779-us-west-2
2026-07-02T00:00:00Z,2026-07-03T00:00:00Z,True,0.0,Amazon Simple Storage Service,arn:aws:s3:::lsmc-public-ont-data
2026-07-02T00:00:00Z,2026-07-03T00:00:00Z,True,0.0,Amazon Simple Storage Service,arn:aws:s3:::lsmc-ssf-sequencing-data
2026-07-02T00:00:00Z,2026-07-03T00:00:00Z,True,0.0,Amazon Simple Storage Service,arn:aws:s3:::lsmc-terraform-state
2026-07-02T00:00:00Z,2026-07-03T00:00:00Z,True,0.0,Amazon Simple Storage Service,arn:aws:s3:::lsmc-twenty-prod-storage
2026-07-02T00:00:00Z,2026-07-03T00:00:00Z,True,0.0,Amazon Simple Storage Service,arn:aws:s3:::lsmc-ursa-customers-usw2
2026-07-02T00:00:00Z,2026-07-03T00:00:00Z,True,0.0,Amazon Simple Storage Service,arn:aws:s3:::parallelcluster-4da281c1dc024f1c-v1-do-not-delete
2026-07-02T00:00:00Z,2026-07-03T00:00:00Z,True,0.0,Amazon Simple Storage Service,arn:aws:s3:::parallelcluster-730cb6d53cf2deec-v1-do-not-delete
2026-07-02T00:00:00Z,2026-07-03T00:00:00Z,True,0.0,Amazon Simple Storage Service,arn:aws:s3:::parallelcluster-e781c59d26140bab-v1-do-not-delete
2026-07-02T00:00:00Z,2026-07-03T00:00:00Z,True,0.0,Amazon Simple Storage Service,arn:aws:s3:::terrarium-dev-media
2026-07-02T00:00:00Z,2026-07-03T00:00:00Z,True,0.0,Amazon Simple Storage Service,arn:aws:s3:::terrarium-dev-web
2026-07-02T00:00:00Z,2026-07-03T00:00:00Z,True,0.0,Amazon Simple Storage Service,arn:aws:s3:::terrarium-prod-media
2026-07-02T00:00:00Z,2026-07-03T00:00:00Z,True,0.0,Amazon Simple Storage Service,arn:aws:s3:::terrarium-prod-web
2026-07-02T00:00:00Z,2026-07-03T00:00:00Z,True,0.0,Amazon Simple Storage Service,arn:aws:s3:::terrarium-tfstate-dev
2026-07-02T00:00:00Z,2026-07-03T00:00:00Z,True,0.0,Amazon Simple Storage Service,arn:aws:s3:::terrarium-tfstate-prod
2026-07-02T00:00:00Z,2026-07-03T00:00:00Z,True,0.0,Amazon Simple Storage Service,arn:aws:s3:::ursa-us-west-2-052779-default-customer-1d8c14
2026-07-02T00:00:00Z,2026-07-03T00:00:00Z,True,0.0,Amazon Simple Storage Service,arn:aws:s3:::zebra-day-cfg-us-west-2
2026-07-02T00:00:00Z,2026-07-03T00:00:00Z,True,0.0052677143,Amazon Simple Storage Service,asterism-note-screenshots-dev
2026-07-02T00:00:00Z,2026-07-03T00:00:00Z,True,0.0052180768,Amazon Simple Storage Service,aws-sam-cli-managed-default-samclisourcebucket-wyvracmmocbp
2026-07-02T00:00:00Z,2026-07-03T00:00:00Z,True,0.0062497325,Amazon Simple Storage Service,cdk-hnb659fds-assets-108782052779-us-east-1
2026-07-02T00:00:00Z,2026-07-03T00:00:00Z,True,0.0050854882,Amazon Simple Storage Service,cdk-hnb659fds-assets-108782052779-us-west-2
2026-07-02T00:00:00Z,2026-07-03T00:00:00Z,True,0.0052413588,Amazon Simple Storage Service,cf-templates-pfrobpqqun1c-us-east-2
2026-07-02T00:00:00Z,2026-07-03T00:00:00Z,True,0.005266158,Amazon Simple Storage Service,daylily-customer-lsmc-a0477268
2026-07-02T00:00:00Z,2026-07-03T00:00:00Z,True,21.1731950215,Amazon Simple Storage Service,ironwood-cobalt-seq
2026-07-02T00:00:00Z,2026-07-03T00:00:00Z,True,0.0009984613,Amazon Simple Storage Service,ironwood-cobalt-seq-logs
2026-07-02T00:00:00Z,2026-07-03T00:00:00Z,True,15.449987353,Amazon Simple Storage Service,ironwood-meridian-seq
2026-07-02T00:00:00Z,2026-07-03T00:00:00Z,True,0.0040204446,Amazon Simple Storage Service,ironwood-meridian-seq-logs
2026-07-02T00:00:00Z,2026-07-03T00:00:00Z,True,0.0052637074,Amazon Simple Storage Service,lsmc-atlas-demo
2026-07-02T00:00:00Z,2026-07-03T00:00:00Z,True,0.0052657859,Amazon Simple Storage Service,lsmc-atlas-dev
2026-07-02T00:00:00Z,2026-07-03T00:00:00Z,True,0.0123043927,Amazon Simple Storage Service,lsmc-aws-config-108782052779
2026-07-02T00:00:00Z,2026-07-03T00:00:00Z,True,0.0052092269,Amazon Simple Storage Service,lsmc-bio-oauth-static-site-108782052779-us-east-1
2026-07-02T00:00:00Z,2026-07-03T00:00:00Z,True,0.1071081944,Amazon Simple Storage Service,lsmc-cloudtrail-archive
2026-07-02T00:00:00Z,2026-07-03T00:00:00Z,True,1.5426347332,Amazon Simple Storage Service,lsmc-copy-ultimagen-lsmc-cro-316
2026-07-02T00:00:00Z,2026-07-03T00:00:00Z,True,0.0052646029,Amazon Simple Storage Service,lsmc-datalake-raw-dev
2026-07-02T00:00:00Z,2026-07-03T00:00:00Z,True,0.1075828396,Amazon Simple Storage Service,lsmc-dayoa-analysis-results-usw2
2026-07-02T00:00:00Z,2026-07-03T00:00:00Z,True,7.8201502119,Amazon Simple Storage Service,lsmc-dayoa-control-data-usw2
2026-07-02T00:00:00Z,2026-07-03T00:00:00Z,True,46.6747030325,Amazon Simple Storage Service,lsmc-dayoa-omics-analysis-us-west-2
2026-07-02T00:00:00Z,2026-07-03T00:00:00Z,True,0.5972201668,Amazon Simple Storage Service,lsmc-dayoa-references-usw2
2026-07-02T00:00:00Z,2026-07-03T00:00:00Z,True,0.0347833247,Amazon Simple Storage Service,lsmc-dayoa-runtime-assets-usw2
2026-07-02T00:00:00Z,2026-07-03T00:00:00Z,True,8.3983876639,Amazon Simple Storage Service,lsmc-dayoa-staging-usw2
2026-07-02T00:00:00Z,2026-07-03T00:00:00Z,True,0.0062223504,Amazon Simple Storage Service,lsmc-dewey-0
2026-07-02T00:00:00Z,2026-07-03T00:00:00Z,True,0.0052655305,Amazon Simple Storage Service,lsmc-healthomics-failiover
2026-07-02T00:00:00Z,2026-07-03T00:00:00Z,True,0.0052650978,Amazon Simple Storage Service,lsmc-healthomics-results
2026-07-02T00:00:00Z,2026-07-03T00:00:00Z,True,0.0991091867,Amazon Simple Storage Service,lsmc-illumina-public-data
2026-07-02T00:00:00Z,2026-07-03T00:00:00Z,True,0.0052667709,Amazon Simple Storage Service,lsmc-meridian-governance-registry
2026-07-02T00:00:00Z,2026-07-03T00:00:00Z,True,0.0065335,Amazon Simple Storage Service,lsmc-mvp-v1-event-sink-raw-108782052779-us-west-2
2026-07-02T00:00:00Z,2026-07-03T00:00:00Z,True,4.2629026464,Amazon Simple Storage Service,lsmc-public-ont-data
2026-07-02T00:00:00Z,2026-07-03T00:00:00Z,True,158.4180832914,Amazon Simple Storage Service,lsmc-ssf-sequencing-data
2026-07-02T00:00:00Z,2026-07-03T00:00:00Z,True,0.0052688577,Amazon Simple Storage Service,lsmc-terraform-state
2026-07-02T00:00:00Z,2026-07-03T00:00:00Z,True,0.0053595655,Amazon Simple Storage Service,lsmc-twenty-prod-storage
2026-07-02T00:00:00Z,2026-07-03T00:00:00Z,True,0.0052651361,Amazon Simple Storage Service,lsmc-ursa-customers-usw2
2026-07-02T00:00:00Z,2026-07-03T00:00:00Z,True,0.0056003221,Amazon Simple Storage Service,parallelcluster-4da281c1dc024f1c-v1-do-not-delete
2026-07-02T00:00:00Z,2026-07-03T00:00:00Z,True,0.0056809609,Amazon Simple Storage Service,parallelcluster-730cb6d53cf2deec-v1-do-not-delete
2026-07-02T00:00:00Z,2026-07-03T00:00:00Z,True,0.0057092397,Amazon Simple Storage Service,parallelcluster-e781c59d26140bab-v1-do-not-delete
2026-07-02T00:00:00Z,2026-07-03T00:00:00Z,True,0.0052695183,Amazon Simple Storage Service,terrarium-dev-media
2026-07-02T00:00:00Z,2026-07-03T00:00:00Z,True,0.0052672122,Amazon Simple Storage Service,terrarium-dev-web
2026-07-02T00:00:00Z,2026-07-03T00:00:00Z,True,0.0052891624,Amazon Simple Storage Service,terrarium-prod-media
2026-07-02T00:00:00Z,2026-07-03T00:00:00Z,True,0.0052674169,Amazon Simple Storage Service,terrarium-prod-web
2026-07-02T00:00:00Z,2026-07-03T00:00:00Z,True,0.0052737972,Amazon Simple Storage Service,terrarium-tfstate-dev
2026-07-02T00:00:00Z,2026-07-03T00:00:00Z,True,0.0052703188,Amazon Simple Storage Service,terrarium-tfstate-prod
2026-07-02T00:00:00Z,2026-07-03T00:00:00Z,True,0.005289175,Amazon Simple Storage Service,ursa-us-west-2-052779-default-customer-1d8c14
2026-07-02T00:00:00Z,2026-07-03T00:00:00Z,True,0.005265262,Amazon Simple Storage Service,zebra-day-cfg-us-west-2
2026-07-02T00:00:00Z,2026-07-03T00:00:00Z,True,0.12,Amazon Virtual Private Cloud,arn:aws:ec2:ap-south-1:108782052779:network-interface/eni-02d1c980266b3afc3
2026-07-02T00:00:00Z,2026-07-03T00:00:00Z,True,0.12,Amazon Virtual Private Cloud,arn:aws:ec2:ap-south-1:108782052779:network-interface/eni-0b311a0dcb595e613
2026-07-02T00:00:00Z,2026-07-03T00:00:00Z,True,0.12,Amazon Virtual Private Cloud,arn:aws:ec2:eu-central-1:108782052779:network-interface/eni-016caa7d86d41fa17
2026-07-02T00:00:00Z,2026-07-03T00:00:00Z,True,0.12,Amazon Virtual Private Cloud,arn:aws:ec2:eu-central-1:108782052779:network-interface/eni-0b8150cde6a5fc7ae
2026-07-02T00:00:00Z,2026-07-03T00:00:00Z,True,0.075344445,Amazon Virtual Private Cloud,arn:aws:ec2:us-east-1:108782052779:elastic-ip/eipalloc-0004f38c8ac45ff0f
2026-07-02T00:00:00Z,2026-07-03T00:00:00Z,True,0.07535,Amazon Virtual Private Cloud,arn:aws:ec2:us-east-1:108782052779:elastic-ip/eipalloc-0279920cf8bf8ec52
2026-07-02T00:00:00Z,2026-07-03T00:00:00Z,True,0.075345835,Amazon Virtual Private Cloud,arn:aws:ec2:us-east-1:108782052779:elastic-ip/eipalloc-05f03362c35e913dc
2026-07-02T00:00:00Z,2026-07-03T00:00:00Z,True,0.07535139,Amazon Virtual Private Cloud,arn:aws:ec2:us-east-1:108782052779:elastic-ip/eipalloc-0b6cc46ecf8c48bd3
2026-07-02T00:00:00Z,2026-07-03T00:00:00Z,True,0.07534028,Amazon Virtual Private Cloud,arn:aws:ec2:us-east-1:108782052779:elastic-ip/eipalloc-0e5344572ea8cc7d0
2026-07-02T00:00:00Z,2026-07-03T00:00:00Z,True,0.075316665,Amazon Virtual Private Cloud,arn:aws:ec2:us-east-1:108782052779:elastic-ip/eipalloc-0ecefed5b63745717
2026-07-02T00:00:00Z,2026-07-03T00:00:00Z,True,0.044683335,Amazon Virtual Private Cloud,arn:aws:ec2:us-east-1:108782052779:network-interface/eni-000a1e5904276b377
2026-07-02T00:00:00Z,2026-07-03T00:00:00Z,True,0.119469445,Amazon Virtual Private Cloud,arn:aws:ec2:us-east-1:108782052779:network-interface/eni-042ba53ad6a8384a3
2026-07-02T00:00:00Z,2026-07-03T00:00:00Z,True,0.044654165,Amazon Virtual Private Cloud,arn:aws:ec2:us-east-1:108782052779:network-interface/eni-05395958a77582f2b
2026-07-02T00:00:00Z,2026-07-03T00:00:00Z,True,0.07339722,Amazon Virtual Private Cloud,arn:aws:ec2:us-east-1:108782052779:network-interface/eni-06841ef05b5e324ab
2026-07-02T00:00:00Z,2026-07-03T00:00:00Z,True,0.04465,Amazon Virtual Private Cloud,arn:aws:ec2:us-east-1:108782052779:network-interface/eni-06e73bf21a00d71ee
2026-07-02T00:00:00Z,2026-07-03T00:00:00Z,True,0.04465972,Amazon Virtual Private Cloud,arn:aws:ec2:us-east-1:108782052779:network-interface/eni-0839ef0196ea9da07
2026-07-02T00:00:00Z,2026-07-03T00:00:00Z,True,0.12,Amazon Virtual Private Cloud,arn:aws:ec2:us-east-1:108782052779:network-interface/eni-085448ce53cb8a8b8
2026-07-02T00:00:00Z,2026-07-03T00:00:00Z,True,0.12,Amazon Virtual Private Cloud,arn:aws:ec2:us-east-1:108782052779:network-interface/eni-08997318714e9b90d
2026-07-02T00:00:00Z,2026-07-03T00:00:00Z,True,0.04464861,Amazon Virtual Private Cloud,arn:aws:ec2:us-east-1:108782052779:network-interface/eni-09fc345b72c77f5e5
2026-07-02T00:00:00Z,2026-07-03T00:00:00Z,True,0.044654165,Amazon Virtual Private Cloud,arn:aws:ec2:us-east-1:108782052779:network-interface/eni-0a791bd426232def7
2026-07-02T00:00:00Z,2026-07-03T00:00:00Z,True,0.12,Amazon Virtual Private Cloud,arn:aws:ec2:us-east-1:108782052779:network-interface/eni-0b7b49dac37ac7562
2026-07-02T00:00:00Z,2026-07-03T00:00:00Z,True,0.044655555,Amazon Virtual Private Cloud,arn:aws:ec2:us-east-1:108782052779:network-interface/eni-0bd3433d9edaf167c
2026-07-02T00:00:00Z,2026-07-03T00:00:00Z,True,0.12,Amazon Virtual Private Cloud,arn:aws:ec2:us-east-1:108782052779:network-interface/eni-0d366fd4150dd6012
2026-07-02T00:00:00Z,2026-07-03T00:00:00Z,True,0.00112222,Amazon Virtual Private Cloud,arn:aws:ec2:us-west-2:108782052779:elastic-ip/eipalloc-0fc3caf4af7fab3e4
2026-07-02T00:00:00Z,2026-07-03T00:00:00Z,True,0.12,Amazon Virtual Private Cloud,arn:aws:ec2:us-west-2:108782052779:network-interface/eni-0053a0c36ed8792d5
2026-07-02T00:00:00Z,2026-07-03T00:00:00Z,True,0.12,Amazon Virtual Private Cloud,arn:aws:ec2:us-west-2:108782052779:network-interface/eni-00d0d767fe52379a8
2026-07-02T00:00:00Z,2026-07-03T00:00:00Z,True,0.072733335,Amazon Virtual Private Cloud,arn:aws:ec2:us-west-2:108782052779:network-interface/eni-018bad1a3df82005f
2026-07-02T00:00:00Z,2026-07-03T00:00:00Z,True,0.12,Amazon Virtual Private Cloud,arn:aws:ec2:us-west-2:108782052779:network-interface/eni-026f98f985a93c4bc
2026-07-02T00:00:00Z,2026-07-03T00:00:00Z,True,0.12,Amazon Virtual Private Cloud,arn:aws:ec2:us-west-2:108782052779:network-interface/eni-0365f5bd1308e7491
2026-07-02T00:00:00Z,2026-07-03T00:00:00Z,True,0.12,Amazon Virtual Private Cloud,arn:aws:ec2:us-west-2:108782052779:network-interface/eni-0402df7ad1483cc9d
2026-07-02T00:00:00Z,2026-07-03T00:00:00Z,True,0.12,Amazon Virtual Private Cloud,arn:aws:ec2:us-west-2:108782052779:network-interface/eni-04757de5bbd309eda
2026-07-02T00:00:00Z,2026-07-03T00:00:00Z,True,0.046241665,Amazon Virtual Private Cloud,arn:aws:ec2:us-west-2:108782052779:network-interface/eni-04e9a24108db62c0a
2026-07-02T00:00:00Z,2026-07-03T00:00:00Z,True,0.12,Amazon Virtual Private Cloud,arn:aws:ec2:us-west-2:108782052779:network-interface/eni-05e347bdf6eb85bdb
2026-07-02T00:00:00Z,2026-07-03T00:00:00Z,True,0.12,Amazon Virtual Private Cloud,arn:aws:ec2:us-west-2:108782052779:network-interface/eni-064218f01cc92ddaa
2026-07-02T00:00:00Z,2026-07-03T00:00:00Z,True,0.12,Amazon Virtual Private Cloud,arn:aws:ec2:us-west-2:108782052779:network-interface/eni-0725a15da78e40c9d
2026-07-02T00:00:00Z,2026-07-03T00:00:00Z,True,0.12,Amazon Virtual Private Cloud,arn:aws:ec2:us-west-2:108782052779:network-interface/eni-099e96a4f6c1d02b6
2026-07-02T00:00:00Z,2026-07-03T00:00:00Z,True,0.12,Amazon Virtual Private Cloud,arn:aws:ec2:us-west-2:108782052779:network-interface/eni-0a2b78a4d3d361b96
2026-07-02T00:00:00Z,2026-07-03T00:00:00Z,True,0.046225,Amazon Virtual Private Cloud,arn:aws:ec2:us-west-2:108782052779:network-interface/eni-0b7cb679115d71f09
2026-07-02T00:00:00Z,2026-07-03T00:00:00Z,True,0.12,Amazon Virtual Private Cloud,arn:aws:ec2:us-west-2:108782052779:network-interface/eni-0c5fcb42718642f57
2026-07-02T00:00:00Z,2026-07-03T00:00:00Z,True,0.10402639,Amazon Virtual Private Cloud,arn:aws:ec2:us-west-2:108782052779:network-interface/eni-0d4ee51e28356ec00
2026-07-02T00:00:00Z,2026-07-03T00:00:00Z,True,0.12,Amazon Virtual Private Cloud,arn:aws:ec2:us-west-2:108782052779:network-interface/eni-0e8383492c016f0dc
2026-07-02T00:00:00Z,2026-07-03T00:00:00Z,True,0.12,Amazon Virtual Private Cloud,arn:aws:ec2:us-west-2:171675361862:network-interface/eni-09dec6f627819db8b
2026-07-02T00:00:00Z,2026-07-03T00:00:00Z,True,0.2400036206,Amazon Virtual Private Cloud,arn:aws:ec2:us-west-2:171675361862:vpc-endpoint/vpce-02ac48bf0c4efb877
2026-07-02T00:00:00Z,2026-07-03T00:00:00Z,True,0.2400007389,Amazon Virtual Private Cloud,arn:aws:ec2:us-west-2:171675361862:vpc-endpoint/vpce-036891e26dd789978
2026-07-02T00:00:00Z,2026-07-03T00:00:00Z,True,0.2400107444,Amazon Virtual Private Cloud,arn:aws:ec2:us-west-2:171675361862:vpc-endpoint/vpce-0384b7109c7362817
2026-07-02T00:00:00Z,2026-07-03T00:00:00Z,True,0.24,Amazon Virtual Private Cloud,arn:aws:ec2:us-west-2:171675361862:vpc-endpoint/vpce-0766e7a15cf8b1a9f
2026-07-02T00:00:00Z,2026-07-03T00:00:00Z,True,0.2430849366,Amazon Virtual Private Cloud,arn:aws:ec2:us-west-2:171675361862:vpc-endpoint/vpce-07f1e154c6ff3a42f
2026-07-02T00:00:00Z,2026-07-03T00:00:00Z,True,0.2427600983,Amazon Virtual Private Cloud,arn:aws:ec2:us-west-2:171675361862:vpc-endpoint/vpce-096eaa1400b8861cb
2026-07-02T00:00:00Z,2026-07-03T00:00:00Z,True,0.24,Amazon Virtual Private Cloud,arn:aws:ec2:us-west-2:171675361862:vpc-endpoint/vpce-0f12344d88ada019d
2026-07-03T00:00:00Z,2026-07-04T00:00:00Z,True,1.3440000665,EC2 - Other,arn:aws:ec2:ap-south-1:108782052779:natgateway/nat-01dc061291fc51e75
2026-07-03T00:00:00Z,2026-07-04T00:00:00Z,True,1.3440000982,EC2 - Other,arn:aws:ec2:ap-south-1:108782052779:natgateway/nat-05f85018216cac061
2026-07-03T00:00:00Z,2026-07-04T00:00:00Z,True,0.0776926348,EC2 - Other,arn:aws:ec2:ap-south-1:108782052779:snapshot/snap-053909bfd492a6457
2026-07-03T00:00:00Z,2026-07-04T00:00:00Z,True,1.2480000491,EC2 - Other,arn:aws:ec2:eu-central-1:108782052779:natgateway/nat-0a2bfbfedf38f8e87
2026-07-03T00:00:00Z,2026-07-04T00:00:00Z,True,1.2480001512,EC2 - Other,arn:aws:ec2:eu-central-1:108782052779:natgateway/nat-0ec6ae9605269bef4
2026-07-03T00:00:00Z,2026-07-04T00:00:00Z,True,1.0800001519,EC2 - Other,arn:aws:ec2:us-east-1:108782052779:natgateway/nat-089a96601cfd34f9d
2026-07-03T00:00:00Z,2026-07-04T00:00:00Z,True,0.0432491179,EC2 - Other,arn:aws:ec2:us-east-1:108782052779:snapshot/snap-07690eaa1400bc7f6
2026-07-03T00:00:00Z,2026-07-04T00:00:00Z,True,1.084638298,EC2 - Other,arn:aws:ec2:us-west-2:108782052779:natgateway/nat-00246c8ef3b9087f1
2026-07-03T00:00:00Z,2026-07-04T00:00:00Z,True,1.0850110134,EC2 - Other,arn:aws:ec2:us-west-2:108782052779:natgateway/nat-00ac08b685fea726f
2026-07-03T00:00:00Z,2026-07-04T00:00:00Z,True,3.7678152164,EC2 - Other,arn:aws:ec2:us-west-2:108782052779:natgateway/nat-00f3c26e43ede9b10
2026-07-03T00:00:00Z,2026-07-04T00:00:00Z,True,1.0878615595,EC2 - Other,arn:aws:ec2:us-west-2:108782052779:natgateway/nat-0234e77781575cced
2026-07-03T00:00:00Z,2026-07-04T00:00:00Z,True,0.0432491179,EC2 - Other,arn:aws:ec2:us-west-2:108782052779:snapshot/snap-0356dd0198dfe4b00
2026-07-03T00:00:00Z,2026-07-04T00:00:00Z,True,0.0003730364,EC2 - Other,arn:aws:ec2:us-west-2:108782052779:snapshot/snap-062239ecce861ccaf
2026-07-03T00:00:00Z,2026-07-04T00:00:00Z,True,0.0329425114,EC2 - Other,arn:aws:ec2:us-west-2:108782052779:snapshot/snap-098065aeca5894b60
2026-07-03T00:00:00Z,2026-07-04T00:00:00Z,True,9.8936e-05,EC2 - Other,arn:aws:ec2:us-west-2:108782052779:snapshot/snap-09aa3ea16ee1f773d
2026-07-03T00:00:00Z,2026-07-04T00:00:00Z,True,0.0055689658,EC2 - Other,arn:aws:ec2:us-west-2:108782052779:snapshot/snap-0b12c3191ae412284
2026-07-03T00:00:00Z,2026-07-04T00:00:00Z,True,9.91329e-05,EC2 - Other,arn:aws:ec2:us-west-2:108782052779:snapshot/snap-0c74e2a72a591d7b5
2026-07-03T00:00:00Z,2026-07-04T00:00:00Z,True,1.3100162278,EC2 - Other,arn:aws:ec2:us-west-2:171675361862:natgateway/nat-01432c586ef9dbf51
2026-07-03T00:00:00Z,2026-07-04T00:00:00Z,True,0.0056349231,EC2 - Other,arn:aws:ec2:us-west-2:171675361862:snapshot/snap-002695a204188d63e
2026-07-03T00:00:00Z,2026-07-04T00:00:00Z,True,0.0053868448,EC2 - Other,arn:aws:ec2:us-west-2:171675361862:snapshot/snap-010eb6cbb466b71fd
2026-07-03T00:00:00Z,2026-07-04T00:00:00Z,True,0.0066185736,EC2 - Other,arn:aws:ec2:us-west-2:171675361862:snapshot/snap-01511ff7171eb9225
2026-07-03T00:00:00Z,2026-07-04T00:00:00Z,True,0.005452999,EC2 - Other,arn:aws:ec2:us-west-2:171675361862:snapshot/snap-016bea26228ab194d
2026-07-03T00:00:00Z,2026-07-04T00:00:00Z,True,0.0072431011,EC2 - Other,arn:aws:ec2:us-west-2:171675361862:snapshot/snap-0225be64252283430
2026-07-03T00:00:00Z,2026-07-04T00:00:00Z,True,0.0053167528,EC2 - Other,arn:aws:ec2:us-west-2:171675361862:snapshot/snap-031f9c5ef8426bd1c
2026-07-03T00:00:00Z,2026-07-04T00:00:00Z,True,0.0059971963,EC2 - Other,arn:aws:ec2:us-west-2:171675361862:snapshot/snap-0338d1716afca4e43
2026-07-03T00:00:00Z,2026-07-04T00:00:00Z,True,0.0291002499,EC2 - Other,arn:aws:ec2:us-west-2:171675361862:snapshot/snap-04835772777dad20e
2026-07-03T00:00:00Z,2026-07-04T00:00:00Z,True,0.0052937169,EC2 - Other,arn:aws:ec2:us-west-2:171675361862:snapshot/snap-0501d7cd23efcc020
2026-07-03T00:00:00Z,2026-07-04T00:00:00Z,True,0.0051915323,EC2 - Other,arn:aws:ec2:us-west-2:171675361862:snapshot/snap-050a336ac34adee25
2026-07-03T00:00:00Z,2026-07-04T00:00:00Z,True,0.0057711694,EC2 - Other,arn:aws:ec2:us-west-2:171675361862:snapshot/snap-06c0c905738f06aaf
2026-07-03T00:00:00Z,2026-07-04T00:00:00Z,True,0.0055081275,EC2 - Other,arn:aws:ec2:us-west-2:171675361862:snapshot/snap-07c960f2e8ecd2246
2026-07-03T00:00:00Z,2026-07-04T00:00:00Z,True,0.0058514995,EC2 - Other,arn:aws:ec2:us-west-2:171675361862:snapshot/snap-0818ddb9763ebade7
2026-07-03T00:00:00Z,2026-07-04T00:00:00Z,True,0.0060846144,EC2 - Other,arn:aws:ec2:us-west-2:171675361862:snapshot/snap-081d1157989f4430b
2026-07-03T00:00:00Z,2026-07-04T00:00:00Z,True,0.0067713584,EC2 - Other,arn:aws:ec2:us-west-2:171675361862:snapshot/snap-09a81377b032dbfba
2026-07-03T00:00:00Z,2026-07-04T00:00:00Z,True,0.0054207094,EC2 - Other,arn:aws:ec2:us-west-2:171675361862:snapshot/snap-0a1b0a3f89ddb1991
2026-07-03T00:00:00Z,2026-07-04T00:00:00Z,True,0.0055750693,EC2 - Other,arn:aws:ec2:us-west-2:171675361862:snapshot/snap-0a263ead2c9955ffe
2026-07-03T00:00:00Z,2026-07-04T00:00:00Z,True,0.0060412991,EC2 - Other,arn:aws:ec2:us-west-2:171675361862:snapshot/snap-0aa6b361bd48001c2
2026-07-03T00:00:00Z,2026-07-04T00:00:00Z,True,0.006195659,EC2 - Other,arn:aws:ec2:us-west-2:171675361862:snapshot/snap-0aaadd230c3f34822
2026-07-03T00:00:00Z,2026-07-04T00:00:00Z,True,0.0077203566,EC2 - Other,arn:aws:ec2:us-west-2:171675361862:snapshot/snap-0ad2c3c6333d7af72
2026-07-03T00:00:00Z,2026-07-04T00:00:00Z,True,0.0050450479,EC2 - Other,arn:aws:ec2:us-west-2:171675361862:snapshot/snap-0bace1a1137e22c44
2026-07-03T00:00:00Z,2026-07-04T00:00:00Z,True,0.0062011719,EC2 - Other,arn:aws:ec2:us-west-2:171675361862:snapshot/snap-0bed9cd5c78dd7a9e
2026-07-03T00:00:00Z,2026-07-04T00:00:00Z,True,0.0059940461,EC2 - Other,arn:aws:ec2:us-west-2:171675361862:snapshot/snap-0cd392bfda857c555
2026-07-03T00:00:00Z,2026-07-04T00:00:00Z,True,0.011976804,EC2 - Other,arn:aws:ec2:us-west-2:171675361862:snapshot/snap-0d2a28c3feb1b3215
2026-07-03T00:00:00Z,2026-07-04T00:00:00Z,True,0.0062129851,EC2 - Other,arn:aws:ec2:us-west-2:171675361862:snapshot/snap-0da5e421575091cdf
2026-07-03T00:00:00Z,2026-07-04T00:00:00Z,True,0.0051781439,EC2 - Other,arn:aws:ec2:us-west-2:171675361862:snapshot/snap-0dd884c697c716097
2026-07-03T00:00:00Z,2026-07-04T00:00:00Z,True,0.0059397051,EC2 - Other,arn:aws:ec2:us-west-2:171675361862:snapshot/snap-0dec4b2eb2d9b764b
2026-07-03T00:00:00Z,2026-07-04T00:00:00Z,True,0.0056955645,EC2 - Other,arn:aws:ec2:us-west-2:171675361862:snapshot/snap-0e339244a4847882d
2026-07-03T00:00:00Z,2026-07-04T00:00:00Z,True,0.0055805822,EC2 - Other,arn:aws:ec2:us-west-2:171675361862:snapshot/snap-0e996b7ad4dda2005
2026-07-03T00:00:00Z,2026-07-04T00:00:00Z,True,0.0066957535,EC2 - Other,arn:aws:ec2:us-west-2:171675361862:snapshot/snap-0ee50102fc86b318a
2026-07-03T00:00:00Z,2026-07-04T00:00:00Z,True,0.0088008758,EC2 - Other,arn:aws:ec2:us-west-2:171675361862:snapshot/snap-0ff83cfed371294d7
2026-07-03T00:00:00Z,2026-07-04T00:00:00Z,True,0.0,EC2 - Other,i-0005defc9d36b2e03
2026-07-03T00:00:00Z,2026-07-04T00:00:00Z,True,0.0,EC2 - Other,i-0007a1f15373d1f63
2026-07-03T00:00:00Z,2026-07-04T00:00:00Z,True,0.0,EC2 - Other,i-000ddb9025c5d91f6
2026-07-03T00:00:00Z,2026-07-04T00:00:00Z,True,0.0,EC2 - Other,i-0023cc3a9c4909d8c
2026-07-03T00:00:00Z,2026-07-04T00:00:00Z,True,0.002445562,EC2 - Other,i-0041679e64d5ec87b
2026-07-03T00:00:00Z,2026-07-04T00:00:00Z,True,0.0,EC2 - Other,i-00a5983b9551e31d3
2026-07-03T00:00:00Z,2026-07-04T00:00:00Z,True,0.0,EC2 - Other,i-00d7430f51b51c46d
2026-07-03T00:00:00Z,2026-07-04T00:00:00Z,True,0.0,EC2 - Other,i-00e4b29c7e77199f3
2026-07-03T00:00:00Z,2026-07-04T00:00:00Z,True,0.0,EC2 - Other,i-00f0a3636d06c3cf1
2026-07-03T00:00:00Z,2026-07-04T00:00:00Z,True,0.0,EC2 - Other,i-00f2485f3b0568df4
2026-07-03T00:00:00Z,2026-07-04T00:00:00Z,True,0.0,EC2 - Other,i-0113aa8a0eaf8b8a1
2026-07-03T00:00:00Z,2026-07-04T00:00:00Z,True,0.0,EC2 - Other,i-013cd8ca9cc0c3a47
2026-07-03T00:00:00Z,2026-07-04T00:00:00Z,True,0.0,EC2 - Other,i-013ceabf53a67dc6a
2026-07-03T00:00:00Z,2026-07-04T00:00:00Z,True,0.0,EC2 - Other,i-01688c63af66a319e
2026-07-03T00:00:00Z,2026-07-04T00:00:00Z,True,0.0034265391,EC2 - Other,i-01a4c46317267aa0b
2026-07-03T00:00:00Z,2026-07-04T00:00:00Z,True,0.0,EC2 - Other,i-01ee2fe063d054a9c
2026-07-03T00:00:00Z,2026-07-04T00:00:00Z,True,0.0,EC2 - Other,i-0218359b61d125d75
2026-07-03T00:00:00Z,2026-07-04T00:00:00Z,True,0.0,EC2 - Other,i-023c17f9273595eaa
2026-07-03T00:00:00Z,2026-07-04T00:00:00Z,True,0.0024328349,EC2 - Other,i-02a5aa2a1dc9343dd
2026-07-03T00:00:00Z,2026-07-04T00:00:00Z,True,0.0,EC2 - Other,i-02bbf402a4b3853c9
2026-07-03T00:00:00Z,2026-07-04T00:00:00Z,True,0.0,EC2 - Other,i-02cc164c50fea58a5
2026-07-03T00:00:00Z,2026-07-04T00:00:00Z,True,0.0,EC2 - Other,i-02dc78196d49ca749
2026-07-03T00:00:00Z,2026-07-04T00:00:00Z,True,0.0,EC2 - Other,i-02e660caf8ad282d5
2026-07-03T00:00:00Z,2026-07-04T00:00:00Z,True,0.0,EC2 - Other,i-02e7c0958fa1e4094
2026-07-03T00:00:00Z,2026-07-04T00:00:00Z,True,0.0,EC2 - Other,i-02f34ee7068e6ee96
2026-07-03T00:00:00Z,2026-07-04T00:00:00Z,True,0.0,EC2 - Other,i-033e50295a2cf57e3
2026-07-03T00:00:00Z,2026-07-04T00:00:00Z,True,0.0,EC2 - Other,i-033edba19c2aaddf8
2026-07-03T00:00:00Z,2026-07-04T00:00:00Z,True,0.0,EC2 - Other,i-03654d4275442a251
2026-07-03T00:00:00Z,2026-07-04T00:00:00Z,True,0.0,EC2 - Other,i-03a46236843dd0ca0
2026-07-03T00:00:00Z,2026-07-04T00:00:00Z,True,0.0,EC2 - Other,i-03a4c258d4d579af2
2026-07-03T00:00:00Z,2026-07-04T00:00:00Z,True,0.0,EC2 - Other,i-03c1f3c9c961809df
2026-07-03T00:00:00Z,2026-07-04T00:00:00Z,True,0.0034256232,EC2 - Other,i-03dadb54f182e1dbe
2026-07-03T00:00:00Z,2026-07-04T00:00:00Z,True,0.0,EC2 - Other,i-040da88dc27fec684
2026-07-03T00:00:00Z,2026-07-04T00:00:00Z,True,0.0,EC2 - Other,i-044b7841ee9a73999
2026-07-03T00:00:00Z,2026-07-04T00:00:00Z,True,6.771e-07,EC2 - Other,i-0453760b2165bcf38
2026-07-03T00:00:00Z,2026-07-04T00:00:00Z,True,0.0,EC2 - Other,i-0469ee01b66593587
2026-07-03T00:00:00Z,2026-07-04T00:00:00Z,True,0.0,EC2 - Other,i-047f2b4701912e41e
2026-07-03T00:00:00Z,2026-07-04T00:00:00Z,True,0.0,EC2 - Other,i-04c034b919de5e3f3
2026-07-03T00:00:00Z,2026-07-04T00:00:00Z,True,5.11078e-05,EC2 - Other,i-04d3a8c6aae87f818
2026-07-03T00:00:00Z,2026-07-04T00:00:00Z,True,0.0,EC2 - Other,i-04dcb498a54a37d63
2026-07-03T00:00:00Z,2026-07-04T00:00:00Z,True,0.0,EC2 - Other,i-051656c8231c3dc86
2026-07-03T00:00:00Z,2026-07-04T00:00:00Z,True,0.0,EC2 - Other,i-056247101e07a23f4
2026-07-03T00:00:00Z,2026-07-04T00:00:00Z,True,0.0,EC2 - Other,i-058fc8200bdfaaad2
2026-07-03T00:00:00Z,2026-07-04T00:00:00Z,True,0.0,EC2 - Other,i-05900320e0e08332e
2026-07-03T00:00:00Z,2026-07-04T00:00:00Z,True,0.0,EC2 - Other,i-0593432c115df74e2
2026-07-03T00:00:00Z,2026-07-04T00:00:00Z,True,0.0,EC2 - Other,i-059399af7aafa1097
2026-07-03T00:00:00Z,2026-07-04T00:00:00Z,True,0.0,EC2 - Other,i-059b7e5e875b2ba80
2026-07-03T00:00:00Z,2026-07-04T00:00:00Z,True,0.0,EC2 - Other,i-059fa7db556c3076f
2026-07-03T00:00:00Z,2026-07-04T00:00:00Z,True,0.0,EC2 - Other,i-05ac26d9af5908d2e
2026-07-03T00:00:00Z,2026-07-04T00:00:00Z,True,0.0,EC2 - Other,i-05bd2253dfc79ee37
2026-07-03T00:00:00Z,2026-07-04T00:00:00Z,True,0.0,EC2 - Other,i-06096dd41808f5c33
2026-07-03T00:00:00Z,2026-07-04T00:00:00Z,True,0.0,EC2 - Other,i-0636ef4f7745dddfe
2026-07-03T00:00:00Z,2026-07-04T00:00:00Z,True,0.0,EC2 - Other,i-0677c9690a273dc14
2026-07-03T00:00:00Z,2026-07-04T00:00:00Z,True,0.0,EC2 - Other,i-06c84e798b98c954a
2026-07-03T00:00:00Z,2026-07-04T00:00:00Z,True,0.0,EC2 - Other,i-06f62819050aa90ea
2026-07-03T00:00:00Z,2026-07-04T00:00:00Z,True,0.0,EC2 - Other,i-071b0c3400e6a13f8
2026-07-03T00:00:00Z,2026-07-04T00:00:00Z,True,6.177e-07,EC2 - Other,i-0769396c225f429df
2026-07-03T00:00:00Z,2026-07-04T00:00:00Z,True,0.0,EC2 - Other,i-077b9582389964ff5
2026-07-03T00:00:00Z,2026-07-04T00:00:00Z,True,0.0024351751,EC2 - Other,i-078f561a7f2039ceb
2026-07-03T00:00:00Z,2026-07-04T00:00:00Z,True,0.1573448574,EC2 - Other,i-07df3a933e4839f52
2026-07-03T00:00:00Z,2026-07-04T00:00:00Z,True,0.0,EC2 - Other,i-07e354fe91bef309e
2026-07-03T00:00:00Z,2026-07-04T00:00:00Z,True,0.0,EC2 - Other,i-07fb5e1c3f5788f42
2026-07-03T00:00:00Z,2026-07-04T00:00:00Z,True,0.0,EC2 - Other,i-083d2633194be325e
2026-07-03T00:00:00Z,2026-07-04T00:00:00Z,True,0.0,EC2 - Other,i-084ca978e44711bdc
2026-07-03T00:00:00Z,2026-07-04T00:00:00Z,True,0.0,EC2 - Other,i-087712afa79105842
2026-07-03T00:00:00Z,2026-07-04T00:00:00Z,True,0.0034253825,EC2 - Other,i-088719d2c53a8f2bd
2026-07-03T00:00:00Z,2026-07-04T00:00:00Z,True,0.0024321527,EC2 - Other,i-088a7bd0e4f42695d
2026-07-03T00:00:00Z,2026-07-04T00:00:00Z,True,0.0,EC2 - Other,i-08970c4887d7d0736
2026-07-03T00:00:00Z,2026-07-04T00:00:00Z,True,0.0,EC2 - Other,i-091ed2397045ad7ac
2026-07-03T00:00:00Z,2026-07-04T00:00:00Z,True,0.0,EC2 - Other,i-092b9b7207e1fa7f1
2026-07-03T00:00:00Z,2026-07-04T00:00:00Z,True,0.0,EC2 - Other,i-0938f56af89c44bf3
2026-07-03T00:00:00Z,2026-07-04T00:00:00Z,True,0.0,EC2 - Other,i-09437ea16fb4ad23b
2026-07-03T00:00:00Z,2026-07-04T00:00:00Z,True,0.0,EC2 - Other,i-094c2e5a283854e46
2026-07-03T00:00:00Z,2026-07-04T00:00:00Z,True,0.0,EC2 - Other,i-09573aee707567bd6
2026-07-03T00:00:00Z,2026-07-04T00:00:00Z,True,2.43e-08,EC2 - Other,i-096f4e33895abd919
2026-07-03T00:00:00Z,2026-07-04T00:00:00Z,True,0.0,EC2 - Other,i-097b8c5523fdac282
2026-07-03T00:00:00Z,2026-07-04T00:00:00Z,True,0.0,EC2 - Other,i-0987e3aa5a7a85412
2026-07-03T00:00:00Z,2026-07-04T00:00:00Z,True,0.0,EC2 - Other,i-0990196941efd241d
2026-07-03T00:00:00Z,2026-07-04T00:00:00Z,True,0.0,EC2 - Other,i-09c90c1df2ce9acf7
2026-07-03T00:00:00Z,2026-07-04T00:00:00Z,True,2.362e-06,EC2 - Other,i-09f66b3f11ea42c60
2026-07-03T00:00:00Z,2026-07-04T00:00:00Z,True,0.0,EC2 - Other,i-09f8fcc17ae78945d
2026-07-03T00:00:00Z,2026-07-04T00:00:00Z,True,0.0,EC2 - Other,i-0a07ec7440927a40a
2026-07-03T00:00:00Z,2026-07-04T00:00:00Z,True,0.0,EC2 - Other,i-0a5baf10297ffb0da
2026-07-03T00:00:00Z,2026-07-04T00:00:00Z,True,0.0,EC2 - Other,i-0a602e1bad36bff1b
2026-07-03T00:00:00Z,2026-07-04T00:00:00Z,True,0.0,EC2 - Other,i-0a80b4e95a687bdb8
2026-07-03T00:00:00Z,2026-07-04T00:00:00Z,True,0.0,EC2 - Other,i-0aa83e98f4bdb265d
2026-07-03T00:00:00Z,2026-07-04T00:00:00Z,True,7.043e-07,EC2 - Other,i-0ab7116abc8229a16
2026-07-03T00:00:00Z,2026-07-04T00:00:00Z,True,0.0,EC2 - Other,i-0b01e612e4ef981e2
2026-07-03T00:00:00Z,2026-07-04T00:00:00Z,True,0.0,EC2 - Other,i-0b266a47d8697b5e3
2026-07-03T00:00:00Z,2026-07-04T00:00:00Z,True,0.0,EC2 - Other,i-0b2be0cc69cde7b0a
2026-07-03T00:00:00Z,2026-07-04T00:00:00Z,True,0.0,EC2 - Other,i-0bc4c8b2c79d58152
2026-07-03T00:00:00Z,2026-07-04T00:00:00Z,True,0.0,EC2 - Other,i-0be9b57292264ce38
2026-07-03T00:00:00Z,2026-07-04T00:00:00Z,True,0.0,EC2 - Other,i-0c2d323b7dd387cc5
2026-07-03T00:00:00Z,2026-07-04T00:00:00Z,True,0.0,EC2 - Other,i-0c347a9e77ecd54e0
2026-07-03T00:00:00Z,2026-07-04T00:00:00Z,True,0.0,EC2 - Other,i-0c5734d008f3cc7a8
2026-07-03T00:00:00Z,2026-07-04T00:00:00Z,True,0.0,EC2 - Other,i-0c73a04634d3dc0e6
2026-07-03T00:00:00Z,2026-07-04T00:00:00Z,True,0.0,EC2 - Other,i-0cb86741a627af73a
2026-07-03T00:00:00Z,2026-07-04T00:00:00Z,True,0.0002044071,EC2 - Other,i-0cce1c2d935e86786
2026-07-03T00:00:00Z,2026-07-04T00:00:00Z,True,0.0,EC2 - Other,i-0d0dc6cdf73c048ef
2026-07-03T00:00:00Z,2026-07-04T00:00:00Z,True,0.0,EC2 - Other,i-0d31f1899c8bb40d1
2026-07-03T00:00:00Z,2026-07-04T00:00:00Z,True,0.0,EC2 - Other,i-0d435f68093bf1a04
2026-07-03T00:00:00Z,2026-07-04T00:00:00Z,True,0.0,EC2 - Other,i-0d5b2e6968758cf2f
2026-07-03T00:00:00Z,2026-07-04T00:00:00Z,True,0.0,EC2 - Other,i-0d5d265d082cd2c01
2026-07-03T00:00:00Z,2026-07-04T00:00:00Z,True,0.0,EC2 - Other,i-0d5ec78c56db02dca
2026-07-03T00:00:00Z,2026-07-04T00:00:00Z,True,3.178e-07,EC2 - Other,i-0d75af02251c65b84
2026-07-03T00:00:00Z,2026-07-04T00:00:00Z,True,2.7515e-06,EC2 - Other,i-0da4185030bbccc2b
2026-07-03T00:00:00Z,2026-07-04T00:00:00Z,True,0.0,EC2 - Other,i-0dc9410ed613db4e2
2026-07-03T00:00:00Z,2026-07-04T00:00:00Z,True,0.0,EC2 - Other,i-0e26766ef86b67fa0
2026-07-03T00:00:00Z,2026-07-04T00:00:00Z,True,0.0,EC2 - Other,i-0e29d8db17486ad4d
2026-07-03T00:00:00Z,2026-07-04T00:00:00Z,True,0.0,EC2 - Other,i-0e3313262e665151c
2026-07-03T00:00:00Z,2026-07-04T00:00:00Z,True,0.0,EC2 - Other,i-0e4a8868b5d6f2377
2026-07-03T00:00:00Z,2026-07-04T00:00:00Z,True,0.0,EC2 - Other,i-0e671890a2e420222
2026-07-03T00:00:00Z,2026-07-04T00:00:00Z,True,0.0,EC2 - Other,i-0e68f3455df39c50d
2026-07-03T00:00:00Z,2026-07-04T00:00:00Z,True,0.0,EC2 - Other,i-0e8266cdc3b8383df
2026-07-03T00:00:00Z,2026-07-04T00:00:00Z,True,0.0,EC2 - Other,i-0e94b91ceca703962
2026-07-03T00:00:00Z,2026-07-04T00:00:00Z,True,0.0,EC2 - Other,i-0ead3f634f6d66b58
2026-07-03T00:00:00Z,2026-07-04T00:00:00Z,True,0.0,EC2 - Other,i-0ed1fff4c3979bf88
2026-07-03T00:00:00Z,2026-07-04T00:00:00Z,True,0.0,EC2 - Other,i-0ee8a347bd2e8fb9b
2026-07-03T00:00:00Z,2026-07-04T00:00:00Z,True,0.0032883409,EC2 - Other,i-0f5bc3a853f3405fa
2026-07-03T00:00:00Z,2026-07-04T00:00:00Z,True,0.0,EC2 - Other,i-0f87678e0051fc983
2026-07-03T00:00:00Z,2026-07-04T00:00:00Z,True,0.0,EC2 - Other,i-0fdf39443cf6ad021
2026-07-03T00:00:00Z,2026-07-04T00:00:00Z,True,0.0013158602,EC2 - Other,vol-0007a2a2efd8451ce
2026-07-03T00:00:00Z,2026-07-04T00:00:00Z,True,0.0012244624,EC2 - Other,vol-000843e92ff23b024
2026-07-03T00:00:00Z,2026-07-04T00:00:00Z,True,0.0015752688,EC2 - Other,vol-003a98af1d6f6a695
2026-07-03T00:00:00Z,2026-07-04T00:00:00Z,True,0.0774193536,EC2 - Other,vol-0054217b60d3a15d8
2026-07-03T00:00:00Z,2026-07-04T00:00:00Z,True,0.001688172,EC2 - Other,vol-00b3d5522fa482f00
2026-07-03T00:00:00Z,2026-07-04T00:00:00Z,True,0.0010497312,EC2 - Other,vol-00beb1a713e89db26
2026-07-03T00:00:00Z,2026-07-04T00:00:00Z,True,0.8670967752,EC2 - Other,vol-00cbb7ba932dbd3a4
2026-07-03T00:00:00Z,2026-07-04T00:00:00Z,True,0.0205120969,EC2 - Other,vol-0149a426dc254f37c
2026-07-03T00:00:00Z,2026-07-04T00:00:00Z,True,0.8670967752,EC2 - Other,vol-014b3f723fb89dc63
2026-07-03T00:00:00Z,2026-07-04T00:00:00Z,True,0.0008924731,EC2 - Other,vol-018e2089162b506ba
2026-07-03T00:00:00Z,2026-07-04T00:00:00Z,True,0.0008575269,EC2 - Other,vol-01a7ab467c8c9e655
2026-07-03T00:00:00Z,2026-07-04T00:00:00Z,True,0.0044919355,EC2 - Other,vol-01a7b9e07b858b845
2026-07-03T00:00:00Z,2026-07-04T00:00:00Z,True,0.0010698925,EC2 - Other,vol-01e3bf394e7ba53d5
2026-07-03T00:00:00Z,2026-07-04T00:00:00Z,True,0.0054699821,EC2 - Other,vol-022123c2f9af420e6
2026-07-03T00:00:00Z,2026-07-04T00:00:00Z,True,0.0689973121,EC2 - Other,vol-025fe6a34c49b116e
2026-07-03T00:00:00Z,2026-07-04T00:00:00Z,True,0.0014811828,EC2 - Other,vol-02aca60759f071916
2026-07-03T00:00:00Z,2026-07-04T00:00:00Z,True,0.0053602151,EC2 - Other,vol-02b66684ecaa6fa04
2026-07-03T00:00:00Z,2026-07-04T00:00:00Z,True,0.0516129024,EC2 - Other,vol-02caa6b741e86c280
2026-07-03T00:00:00Z,2026-07-04T00:00:00Z,True,0.0045026882,EC2 - Other,vol-02d29346477d79eb0
2026-07-03T00:00:00Z,2026-07-04T00:00:00Z,True,0.0014717742,EC2 - Other,vol-02e714bfce475b8dd
2026-07-03T00:00:00Z,2026-07-04T00:00:00Z,True,0.0016612903,EC2 - Other,vol-02fb5ab357812e6b3
2026-07-03T00:00:00Z,2026-07-04T00:00:00Z,True,0.0014032258,EC2 - Other,vol-032e33ca32d0a81bf
2026-07-03T00:00:00Z,2026-07-04T00:00:00Z,True,0.000281362,EC2 - Other,vol-03345042720e22266
2026-07-03T00:00:00Z,2026-07-04T00:00:00Z,True,0.0044448925,EC2 - Other,vol-03713ff6b1c6bf279
2026-07-03T00:00:00Z,2026-07-04T00:00:00Z,True,0.0008696237,EC2 - Other,vol-037d90971ca7dbf0d
2026-07-03T00:00:00Z,2026-07-04T00:00:00Z,True,0.0015887097,EC2 - Other,vol-037feb367bd5c5472
2026-07-03T00:00:00Z,2026-07-04T00:00:00Z,True,0.8670967752,EC2 - Other,vol-0392bc7824a1e81e8
2026-07-03T00:00:00Z,2026-07-04T00:00:00Z,True,0.0009139785,EC2 - Other,vol-03aa4fb403af3309c
2026-07-03T00:00:00Z,2026-07-04T00:00:00Z,True,0.0014986559,EC2 - Other,vol-03b16eafe5e153728
2026-07-03T00:00:00Z,2026-07-04T00:00:00Z,True,0.0016599462,EC2 - Other,vol-03d8333db4f7bfc5f
2026-07-03T00:00:00Z,2026-07-04T00:00:00Z,True,0.0018790323,EC2 - Other,vol-03e49322c6f97e49f
2026-07-03T00:00:00Z,2026-07-04T00:00:00Z,True,0.0015241936,EC2 - Other,vol-0418931d550cd11de
2026-07-03T00:00:00Z,2026-07-04T00:00:00Z,True,0.0018924731,EC2 - Other,vol-0420642382346587c
2026-07-03T00:00:00Z,2026-07-04T00:00:00Z,True,0.0033561828,EC2 - Other,vol-042538a49b4f42025
2026-07-03T00:00:00Z,2026-07-04T00:00:00Z,True,1.0410696236,EC2 - Other,vol-042a5f5daead20490
2026-07-03T00:00:00Z,2026-07-04T00:00:00Z,True,0.002780914,EC2 - Other,vol-044a17c0e7213526b
2026-07-03T00:00:00Z,2026-07-04T00:00:00Z,True,0.0008091398,EC2 - Other,vol-044b386603c81944c
2026-07-03T00:00:00Z,2026-07-04T00:00:00Z,True,0.0010887097,EC2 - Other,vol-04508749f32bd571d
2026-07-03T00:00:00Z,2026-07-04T00:00:00Z,True,0.8670967752,EC2 - Other,vol-04646998d6f1fd325
2026-07-03T00:00:00Z,2026-07-04T00:00:00Z,True,0.0015215054,EC2 - Other,vol-047357d43b4807b1c
2026-07-03T00:00:00Z,2026-07-04T00:00:00Z,True,0.0014583333,EC2 - Other,vol-04f1e962412b07fb6
2026-07-03T00:00:00Z,2026-07-04T00:00:00Z,True,0.0018172043,EC2 - Other,vol-0518d60b90c7035b7
2026-07-03T00:00:00Z,2026-07-04T00:00:00Z,True,0.0002643369,EC2 - Other,vol-051a39bff4a52ab85
2026-07-03T00:00:00Z,2026-07-04T00:00:00Z,True,0.0051612912,EC2 - Other,vol-0542fd77a5e4a4f63
2026-07-03T00:00:00Z,2026-07-04T00:00:00Z,True,0.0009811828,EC2 - Other,vol-05679449b5270f8fb
2026-07-03T00:00:00Z,2026-07-04T00:00:00Z,True,0.0017473118,EC2 - Other,vol-057405b095466d308
2026-07-03T00:00:00Z,2026-07-04T00:00:00Z,True,0.0015981183,EC2 - Other,vol-0575273f9e4c0924a
2026-07-03T00:00:00Z,2026-07-04T00:00:00Z,True,0.0013696237,EC2 - Other,vol-059d08f1c5f7011c2
2026-07-03T00:00:00Z,2026-07-04T00:00:00Z,True,0.0008494624,EC2 - Other,vol-05b6affc1bc8e668b
2026-07-03T00:00:00Z,2026-07-04T00:00:00Z,True,0.0010403226,EC2 - Other,vol-05f922852e8849c25
2026-07-03T00:00:00Z,2026-07-04T00:00:00Z,True,0.0014650538,EC2 - Other,vol-06003a7ac76ed6878
2026-07-03T00:00:00Z,2026-07-04T00:00:00Z,True,0.0111303764,EC2 - Other,vol-0612e7816ea76b156
2026-07-03T00:00:00Z,2026-07-04T00:00:00Z,True,0.0018024194,EC2 - Other,vol-063e8801694e73312
2026-07-03T00:00:00Z,2026-07-04T00:00:00Z,True,0.0018145161,EC2 - Other,vol-063fc47d249fa2a47
2026-07-03T00:00:00Z,2026-07-04T00:00:00Z,True,0.0015295699,EC2 - Other,vol-065d40b0b902a2975
2026-07-03T00:00:00Z,2026-07-04T00:00:00Z,True,1.0640812723,EC2 - Other,vol-067169329e7a92af1
2026-07-03T00:00:00Z,2026-07-04T00:00:00Z,True,0.0014314516,EC2 - Other,vol-0684c006e255c321a
2026-07-03T00:00:00Z,2026-07-04T00:00:00Z,True,0.000952957,EC2 - Other,vol-06a63b069bffa2ab4
2026-07-03T00:00:00Z,2026-07-04T00:00:00Z,True,0.0424143668,EC2 - Other,vol-06dac799ce50f8172
2026-07-03T00:00:00Z,2026-07-04T00:00:00Z,True,0.0018037634,EC2 - Other,vol-07063f4d94ee07993
2026-07-03T00:00:00Z,2026-07-04T00:00:00Z,True,0.0066169355,EC2 - Other,vol-074cbbd4753fb8303
2026-07-03T00:00:00Z,2026-07-04T00:00:00Z,True,0.0013198925,EC2 - Other,vol-074cfe01fc26c92ea
2026-07-03T00:00:00Z,2026-07-04T00:00:00Z,True,1.0864516128,EC2 - Other,vol-076c411f48eb914a2
2026-07-03T00:00:00Z,2026-07-04T00:00:00Z,True,0.0018091398,EC2 - Other,vol-076f1fe3285a14fb0
2026-07-03T00:00:00Z,2026-07-04T00:00:00Z,True,0.5432258064,EC2 - Other,vol-077b3ad123c39d931
2026-07-03T00:00:00Z,2026-07-04T00:00:00Z,True,0.0575039725,EC2 - Other,vol-077f1ea6eaeecf0c0
2026-07-03T00:00:00Z,2026-07-04T00:00:00Z,True,0.4979569892,EC2 - Other,vol-078b57f242d98deb7
2026-07-03T00:00:00Z,2026-07-04T00:00:00Z,True,0.0015107527,EC2 - Other,vol-07cdb65a611ce98fd
2026-07-03T00:00:00Z,2026-07-04T00:00:00Z,True,0.0015228495,EC2 - Other,vol-07d37a946bae02079
2026-07-03T00:00:00Z,2026-07-04T00:00:00Z,True,0.0456335118,EC2 - Other,vol-07db542c500d14c0f
2026-07-03T00:00:00Z,2026-07-04T00:00:00Z,True,0.0147634409,EC2 - Other,vol-07e43fb66d24afa12
2026-07-03T00:00:00Z,2026-07-04T00:00:00Z,True,0.0061867384,EC2 - Other,vol-07f062febed4e458d
2026-07-03T00:00:00Z,2026-07-04T00:00:00Z,True,0.0015188172,EC2 - Other,vol-080a9cadc8fd74460
2026-07-03T00:00:00Z,2026-07-04T00:00:00Z,True,15.4838709672,EC2 - Other,vol-0840104f024bda559
2026-07-03T00:00:00Z,2026-07-04T00:00:00Z,True,0.0097795699,EC2 - Other,vol-085540c468ff8eaa8
2026-07-03T00:00:00Z,2026-07-04T00:00:00Z,True,0.2554293011,EC2 - Other,vol-08714faf7962b9134
2026-07-03T00:00:00Z,2026-07-04T00:00:00Z,True,0.1290322584,EC2 - Other,vol-08dee3ee1394063cb
2026-07-03T00:00:00Z,2026-07-04T00:00:00Z,True,0.0015524194,EC2 - Other,vol-08e2be5be363bc974
2026-07-03T00:00:00Z,2026-07-04T00:00:00Z,True,0.0022486559,EC2 - Other,vol-08f97e3456d678365
2026-07-03T00:00:00Z,2026-07-04T00:00:00Z,True,0.0009637097,EC2 - Other,vol-08fec653498518e72
2026-07-03T00:00:00Z,2026-07-04T00:00:00Z,True,0.0012607527,EC2 - Other,vol-09219e9dc87118591
2026-07-03T00:00:00Z,2026-07-04T00:00:00Z,True,0.0100994624,EC2 - Other,vol-092d0cb3c2ab656e3
2026-07-03T00:00:00Z,2026-07-04T00:00:00Z,True,0.2949514934,EC2 - Other,vol-093a32ab8711e4a4b
2026-07-03T00:00:00Z,2026-07-04T00:00:00Z,True,0.0206451624,EC2 - Other,vol-0941af554a7184c73
2026-07-03T00:00:00Z,2026-07-04T00:00:00Z,True,0.0206451624,EC2 - Other,vol-09454929e2c583ae7
2026-07-03T00:00:00Z,2026-07-04T00:00:00Z,True,0.0014354839,EC2 - Other,vol-09551b1d4c4a0a72f
2026-07-03T00:00:00Z,2026-07-04T00:00:00Z,True,0.0013360215,EC2 - Other,vol-095873b2955e96a2e
2026-07-03T00:00:00Z,2026-07-04T00:00:00Z,True,0.0017728495,EC2 - Other,vol-099468dba99242e3e
2026-07-03T00:00:00Z,2026-07-04T00:00:00Z,True,0.0010053763,EC2 - Other,vol-09af40b685afaa06d
2026-07-03T00:00:00Z,2026-07-04T00:00:00Z,True,0.0018991936,EC2 - Other,vol-09b1480f087f88b56
2026-07-03T00:00:00Z,2026-07-04T00:00:00Z,True,0.0144314517,EC2 - Other,vol-09b3e9af669dbe5a6
2026-07-03T00:00:00Z,2026-07-04T00:00:00Z,True,0.0014637097,EC2 - Other,vol-09bef14dd1bc8abe0
2026-07-03T00:00:00Z,2026-07-04T00:00:00Z,True,0.0024677419,EC2 - Other,vol-09c0df3a6d1ec857b
2026-07-03T00:00:00Z,2026-07-04T00:00:00Z,True,0.0074260753,EC2 - Other,vol-09dbbfa23dc25344b
2026-07-03T00:00:00Z,2026-07-04T00:00:00Z,True,0.0016290323,EC2 - Other,vol-0a5185af7b862ca22
2026-07-03T00:00:00Z,2026-07-04T00:00:00Z,True,0.0014032258,EC2 - Other,vol-0a69f0c48323f35d7
2026-07-03T00:00:00Z,2026-07-04T00:00:00Z,True,0.8670967752,EC2 - Other,vol-0aa3f5a0f5cdca9a0
2026-07-03T00:00:00Z,2026-07-04T00:00:00Z,True,0.0017997312,EC2 - Other,vol-0aa80588b20c8c466
2026-07-03T00:00:00Z,2026-07-04T00:00:00Z,True,0.0012862903,EC2 - Other,vol-0ae95e441c0664983
2026-07-03T00:00:00Z,2026-07-04T00:00:00Z,True,0.0206451624,EC2 - Other,vol-0af8f94e0cd058ddf
2026-07-03T00:00:00Z,2026-07-04T00:00:00Z,True,0.0019099462,EC2 - Other,vol-0b21d0567da0c5475
2026-07-03T00:00:00Z,2026-07-04T00:00:00Z,True,0.0014865591,EC2 - Other,vol-0b3cfcc625e4922cb
2026-07-03T00:00:00Z,2026-07-04T00:00:00Z,True,0.002186828,EC2 - Other,vol-0b4d04d174ea8b46d
2026-07-03T00:00:00Z,2026-07-04T00:00:00Z,True,0.0013373656,EC2 - Other,vol-0b52eb130e5ae7abe
2026-07-03T00:00:00Z,2026-07-04T00:00:00Z,True,0.0206451624,EC2 - Other,vol-0b6a14b3d2c01264d
2026-07-03T00:00:00Z,2026-07-04T00:00:00Z,True,0.0018803763,EC2 - Other,vol-0b8b3bafee88a1723
2026-07-03T00:00:00Z,2026-07-04T00:00:00Z,True,0.0051612912,EC2 - Other,vol-0b98b1e8d330cca41
2026-07-03T00:00:00Z,2026-07-04T00:00:00Z,True,0.8670967752,EC2 - Other,vol-0b99a6dcae2700982
2026-07-03T00:00:00Z,2026-07-04T00:00:00Z,True,0.0019422043,EC2 - Other,vol-0bad94760efc77df3
2026-07-03T00:00:00Z,2026-07-04T00:00:00Z,True,0.0014892473,EC2 - Other,vol-0baf47d6dd4ab4cff
2026-07-03T00:00:00Z,2026-07-04T00:00:00Z,True,0.0106357527,EC2 - Other,vol-0bbb63ea6c985202b
2026-07-03T00:00:00Z,2026-07-04T00:00:00Z,True,0.0015416667,EC2 - Other,vol-0bd2b953cb401962e
2026-07-03T00:00:00Z,2026-07-04T00:00:00Z,True,0.0014623656,EC2 - Other,vol-0bff7a35f73184276
2026-07-03T00:00:00Z,2026-07-04T00:00:00Z,True,0.0008938172,EC2 - Other,vol-0bff9daaf26b8ae0d
2026-07-03T00:00:00Z,2026-07-04T00:00:00Z,True,0.0054811828,EC2 - Other,vol-0c1eb884596b1653c
2026-07-03T00:00:00Z,2026-07-04T00:00:00Z,True,0.6038709672,EC2 - Other,vol-0c26833469cf6995a
2026-07-03T00:00:00Z,2026-07-04T00:00:00Z,True,0.0037083333,EC2 - Other,vol-0c3c2b6575c834adc
2026-07-03T00:00:00Z,2026-07-04T00:00:00Z,True,0.0007715054,EC2 - Other,vol-0c4a379f2993a7632
2026-07-03T00:00:00Z,2026-07-04T00:00:00Z,True,0.8670967752,EC2 - Other,vol-0c69ba6b467620e14
2026-07-03T00:00:00Z,2026-07-04T00:00:00Z,True,1.0731350357,EC2 - Other,vol-0c90d4fbaada3820a
2026-07-03T00:00:00Z,2026-07-04T00:00:00Z,True,0.0007701613,EC2 - Other,vol-0cc4c52a5725e3191
2026-07-03T00:00:00Z,2026-07-04T00:00:00Z,True,0.0173293011,EC2 - Other,vol-0d1791bb2593919ae
2026-07-03T00:00:00Z,2026-07-04T00:00:00Z,True,0.0015752688,EC2 - Other,vol-0d3b1122793f40c15
2026-07-03T00:00:00Z,2026-07-04T00:00:00Z,True,0.0002580645,EC2 - Other,vol-0d4a2d0809425cfbb
2026-07-03T00:00:00Z,2026-07-04T00:00:00Z,True,0.8670967752,EC2 - Other,vol-0dba752186e34e08c
2026-07-03T00:00:00Z,2026-07-04T00:00:00Z,True,0.0014314516,EC2 - Other,vol-0dcb5f16d4204c0f2
2026-07-03T00:00:00Z,2026-07-04T00:00:00Z,True,0.0014354839,EC2 - Other,vol-0dccf0189f1388a77
2026-07-03T00:00:00Z,2026-07-04T00:00:00Z,True,0.001797043,EC2 - Other,vol-0dd06393a0d5bc4dd
2026-07-03T00:00:00Z,2026-07-04T00:00:00Z,True,0.0010860215,EC2 - Other,vol-0dd15269558db1b7e
2026-07-03T00:00:00Z,2026-07-04T00:00:00Z,True,0.0070215054,EC2 - Other,vol-0e67772334f0c67f2
2026-07-03T00:00:00Z,2026-07-04T00:00:00Z,True,0.0011693548,EC2 - Other,vol-0e69ee754a6eef7de
2026-07-03T00:00:00Z,2026-07-04T00:00:00Z,True,0.8670967752,EC2 - Other,vol-0ea36895cc2b979ac
2026-07-03T00:00:00Z,2026-07-04T00:00:00Z,True,0.0016801075,EC2 - Other,vol-0f2290d1cef42be9a
2026-07-03T00:00:00Z,2026-07-04T00:00:00Z,True,0.8670967752,EC2 - Other,vol-0f2da5c82d0de1378
2026-07-03T00:00:00Z,2026-07-04T00:00:00Z,True,0.0009811828,EC2 - Other,vol-0f33fe0d9002f0ff8
2026-07-03T00:00:00Z,2026-07-04T00:00:00Z,True,1.0836097371,EC2 - Other,vol-0f5e5d7eec5982fa8
2026-07-03T00:00:00Z,2026-07-04T00:00:00Z,True,0.0013346774,EC2 - Other,vol-0f7001666363ae76c
2026-07-03T00:00:00Z,2026-07-04T00:00:00Z,True,0.0329456392,EC2 - Other,vol-0f7a41536afce77e4
2026-07-03T00:00:00Z,2026-07-04T00:00:00Z,True,0.0011384409,EC2 - Other,vol-0f7c3edf6476f7d37
2026-07-03T00:00:00Z,2026-07-04T00:00:00Z,True,0.0017956989,EC2 - Other,vol-0f8eaf1b24987d405
2026-07-03T00:00:00Z,2026-07-04T00:00:00Z,True,0.8670967752,EC2 - Other,vol-0f9efeb41e207d738
2026-07-03T00:00:00Z,2026-07-04T00:00:00Z,True,0.006660693,EC2 - Other,vol-0fb0df10e588e25fc
2026-07-03T00:00:00Z,2026-07-04T00:00:00Z,True,0.0,Amazon Elastic Compute Cloud - Compute,arn:aws:ec2:ap-south-1:108782052779:natgateway/nat-01dc061291fc51e75
2026-07-03T00:00:00Z,2026-07-04T00:00:00Z,True,0.0,Amazon Elastic Compute Cloud - Compute,arn:aws:ec2:ap-south-1:108782052779:natgateway/nat-05f85018216cac061
2026-07-03T00:00:00Z,2026-07-04T00:00:00Z,True,0.0,Amazon Elastic Compute Cloud - Compute,arn:aws:ec2:eu-central-1:108782052779:natgateway/nat-0a2bfbfedf38f8e87
2026-07-03T00:00:00Z,2026-07-04T00:00:00Z,True,0.0,Amazon Elastic Compute Cloud - Compute,arn:aws:ec2:eu-central-1:108782052779:natgateway/nat-0ec6ae9605269bef4
2026-07-03T00:00:00Z,2026-07-04T00:00:00Z,True,0.0,Amazon Elastic Compute Cloud - Compute,arn:aws:ec2:us-east-1:108782052779:natgateway/nat-089a96601cfd34f9d
2026-07-03T00:00:00Z,2026-07-04T00:00:00Z,True,0.0,Amazon Elastic Compute Cloud - Compute,arn:aws:ec2:us-west-2:108782052779:natgateway/nat-00246c8ef3b9087f1
2026-07-03T00:00:00Z,2026-07-04T00:00:00Z,True,0.0,Amazon Elastic Compute Cloud - Compute,arn:aws:ec2:us-west-2:108782052779:natgateway/nat-00ac08b685fea726f
2026-07-03T00:00:00Z,2026-07-04T00:00:00Z,True,4.6622e-06,Amazon Elastic Compute Cloud - Compute,arn:aws:ec2:us-west-2:108782052779:natgateway/nat-00f3c26e43ede9b10
2026-07-03T00:00:00Z,2026-07-04T00:00:00Z,True,0.0,Amazon Elastic Compute Cloud - Compute,arn:aws:ec2:us-west-2:108782052779:natgateway/nat-0234e77781575cced
2026-07-03T00:00:00Z,2026-07-04T00:00:00Z,True,0.001236806,Amazon Elastic Compute Cloud - Compute,arn:aws:ec2:us-west-2:171675361862:natgateway/nat-01432c586ef9dbf51
2026-07-03T00:00:00Z,2026-07-04T00:00:00Z,True,25.384795359,Amazon Elastic Compute Cloud - Compute,i-0005defc9d36b2e03
2026-07-03T00:00:00Z,2026-07-04T00:00:00Z,True,1.3693749867,Amazon Elastic Compute Cloud - Compute,i-0007a1f15373d1f63
2026-07-03T00:00:00Z,2026-07-04T00:00:00Z,True,7.98730875,Amazon Elastic Compute Cloud - Compute,i-000ddb9025c5d91f6
2026-07-03T00:00:00Z,2026-07-04T00:00:00Z,True,1.6824875311,Amazon Elastic Compute Cloud - Compute,i-0023cc3a9c4909d8c
2026-07-03T00:00:00Z,2026-07-04T00:00:00Z,True,0.8072904768,Amazon Elastic Compute Cloud - Compute,i-0041679e64d5ec87b
2026-07-03T00:00:00Z,2026-07-04T00:00:00Z,True,1.3235213551,Amazon Elastic Compute Cloud - Compute,i-00a5983b9551e31d3
2026-07-03T00:00:00Z,2026-07-04T00:00:00Z,True,4.0284910872,Amazon Elastic Compute Cloud - Compute,i-00d7430f51b51c46d
2026-07-03T00:00:00Z,2026-07-04T00:00:00Z,True,1.4656746528,Amazon Elastic Compute Cloud - Compute,i-00e4b29c7e77199f3
2026-07-03T00:00:00Z,2026-07-04T00:00:00Z,True,33.7647946326,Amazon Elastic Compute Cloud - Compute,i-00f0a3636d06c3cf1
2026-07-03T00:00:00Z,2026-07-04T00:00:00Z,True,5.5822615152,Amazon Elastic Compute Cloud - Compute,i-00f2485f3b0568df4
2026-07-03T00:00:00Z,2026-07-04T00:00:00Z,True,0.012900258,Amazon Elastic Compute Cloud - Compute,i-0113aa8a0eaf8b8a1
2026-07-03T00:00:00Z,2026-07-04T00:00:00Z,True,2.0138115586,Amazon Elastic Compute Cloud - Compute,i-013cd8ca9cc0c3a47
2026-07-03T00:00:00Z,2026-07-04T00:00:00Z,True,22.3413523011,Amazon Elastic Compute Cloud - Compute,i-013ceabf53a67dc6a
2026-07-03T00:00:00Z,2026-07-04T00:00:00Z,True,1.68931575,Amazon Elastic Compute Cloud - Compute,i-01688c63af66a319e
2026-07-03T00:00:00Z,2026-07-04T00:00:00Z,True,10.7489336927,Amazon Elastic Compute Cloud - Compute,i-01a4c46317267aa0b
2026-07-03T00:00:00Z,2026-07-04T00:00:00Z,True,3.9936,Amazon Elastic Compute Cloud - Compute,i-01db42c813d037c0e
2026-07-03T00:00:00Z,2026-07-04T00:00:00Z,True,0.012900258,Amazon Elastic Compute Cloud - Compute,i-01ee2fe063d054a9c
2026-07-03T00:00:00Z,2026-07-04T00:00:00Z,True,1.3980511914,Amazon Elastic Compute Cloud - Compute,i-0218359b61d125d75
2026-07-03T00:00:00Z,2026-07-04T00:00:00Z,True,2.7237945586,Amazon Elastic Compute Cloud - Compute,i-023c17f9273595eaa
2026-07-03T00:00:00Z,2026-07-04T00:00:00Z,True,0.068914885,Amazon Elastic Compute Cloud - Compute,i-02a5aa2a1dc9343dd
2026-07-03T00:00:00Z,2026-07-04T00:00:00Z,True,1.52246975,Amazon Elastic Compute Cloud - Compute,i-02bbf402a4b3853c9
2026-07-03T00:00:00Z,2026-07-04T00:00:00Z,True,1.3629938086,Amazon Elastic Compute Cloud - Compute,i-02cc164c50fea58a5
2026-07-03T00:00:00Z,2026-07-04T00:00:00Z,True,2.1111632017,Amazon Elastic Compute Cloud - Compute,i-02dc78196d49ca749
2026-07-03T00:00:00Z,2026-07-04T00:00:00Z,True,2.803101312,Amazon Elastic Compute Cloud - Compute,i-02e660caf8ad282d5
2026-07-03T00:00:00Z,2026-07-04T00:00:00Z,True,2.0161253472,Amazon Elastic Compute Cloud - Compute,i-02e7c0958fa1e4094
2026-07-03T00:00:00Z,2026-07-04T00:00:00Z,True,1.6204177824,Amazon Elastic Compute Cloud - Compute,i-02f34ee7068e6ee96
2026-07-03T00:00:00Z,2026-07-04T00:00:00Z,True,0.2496,Amazon Elastic Compute Cloud - Compute,i-02ffc986b48f04b81
2026-07-03T00:00:00Z,2026-07-04T00:00:00Z,True,1.5201505906,Amazon Elastic Compute Cloud - Compute,i-033e50295a2cf57e3
2026-07-03T00:00:00Z,2026-07-04T00:00:00Z,True,1.9650788188,Amazon Elastic Compute Cloud - Compute,i-033edba19c2aaddf8
2026-07-03T00:00:00Z,2026-07-04T00:00:00Z,True,2.4068136932,Amazon Elastic Compute Cloud - Compute,i-03654d4275442a251
2026-07-03T00:00:00Z,2026-07-04T00:00:00Z,True,1.3629938086,Amazon Elastic Compute Cloud - Compute,i-03a46236843dd0ca0
2026-07-03T00:00:00Z,2026-07-04T00:00:00Z,True,15.091512,Amazon Elastic Compute Cloud - Compute,i-03a4c258d4d579af2
2026-07-03T00:00:00Z,2026-07-04T00:00:00Z,True,0.012900258,Amazon Elastic Compute Cloud - Compute,i-03c1f3c9c961809df
2026-07-03T00:00:00Z,2026-07-04T00:00:00Z,True,0.2496,Amazon Elastic Compute Cloud - Compute,i-03cd726ad5d7f3f3d
2026-07-03T00:00:00Z,2026-07-04T00:00:00Z,True,12.4535461631,Amazon Elastic Compute Cloud - Compute,i-03dadb54f182e1dbe
2026-07-03T00:00:00Z,2026-07-04T00:00:00Z,True,1.68931575,Amazon Elastic Compute Cloud - Compute,i-040da88dc27fec684
2026-07-03T00:00:00Z,2026-07-04T00:00:00Z,True,1.5404895586,Amazon Elastic Compute Cloud - Compute,i-044b7841ee9a73999
2026-07-03T00:00:00Z,2026-07-04T00:00:00Z,True,3.6358767372,Amazon Elastic Compute Cloud - Compute,i-0453760b2165bcf38
2026-07-03T00:00:00Z,2026-07-04T00:00:00Z,True,1.2271346172,Amazon Elastic Compute Cloud - Compute,i-0469ee01b66593587
2026-07-03T00:00:00Z,2026-07-04T00:00:00Z,True,1.2337059043,Amazon Elastic Compute Cloud - Compute,i-047f2b4701912e41e
2026-07-03T00:00:00Z,2026-07-04T00:00:00Z,True,1.3542294629,Amazon Elastic Compute Cloud - Compute,i-04c034b919de5e3f3
2026-07-03T00:00:00Z,2026-07-04T00:00:00Z,True,0.1210025544,Amazon Elastic Compute Cloud - Compute,i-04d3a8c6aae87f818
2026-07-03T00:00:00Z,2026-07-04T00:00:00Z,True,0.17304425,Amazon Elastic Compute Cloud - Compute,i-04dcb498a54a37d63
2026-07-03T00:00:00Z,2026-07-04T00:00:00Z,True,1.8812782176,Amazon Elastic Compute Cloud - Compute,i-051656c8231c3dc86
2026-07-03T00:00:00Z,2026-07-04T00:00:00Z,True,23.0558693474,Amazon Elastic Compute Cloud - Compute,i-056247101e07a23f4
2026-07-03T00:00:00Z,2026-07-04T00:00:00Z,True,4.3804215586,Amazon Elastic Compute Cloud - Compute,i-058fc8200bdfaaad2
2026-07-03T00:00:00Z,2026-07-04T00:00:00Z,True,4.1969189727,Amazon Elastic Compute Cloud - Compute,i-05900320e0e08332e
2026-07-03T00:00:00Z,2026-07-04T00:00:00Z,True,15.9915764337,Amazon Elastic Compute Cloud - Compute,i-0593432c115df74e2
2026-07-03T00:00:00Z,2026-07-04T00:00:00Z,True,16.880118453,Amazon Elastic Compute Cloud - Compute,i-059399af7aafa1097
2026-07-03T00:00:00Z,2026-07-04T00:00:00Z,True,1.8122079414,Amazon Elastic Compute Cloud - Compute,i-059b7e5e875b2ba80
2026-07-03T00:00:00Z,2026-07-04T00:00:00Z,True,1.4517805248,Amazon Elastic Compute Cloud - Compute,i-059fa7db556c3076f
2026-07-03T00:00:00Z,2026-07-04T00:00:00Z,True,36.048955392,Amazon Elastic Compute Cloud - Compute,i-05ac26d9af5908d2e
2026-07-03T00:00:00Z,2026-07-04T00:00:00Z,True,1.4298209601,Amazon Elastic Compute Cloud - Compute,i-05bd2253dfc79ee37
2026-07-03T00:00:00Z,2026-07-04T00:00:00Z,True,1.3870937871,Amazon Elastic Compute Cloud - Compute,i-06096dd41808f5c33
2026-07-03T00:00:00Z,2026-07-04T00:00:00Z,True,4.0043437227,Amazon Elastic Compute Cloud - Compute,i-0636ef4f7745dddfe
2026-07-03T00:00:00Z,2026-07-04T00:00:00Z,True,3.1182375,Amazon Elastic Compute Cloud - Compute,i-0677c9690a273dc14
2026-07-03T00:00:00Z,2026-07-04T00:00:00Z,True,2.6339501543,Amazon Elastic Compute Cloud - Compute,i-06c84e798b98c954a
2026-07-03T00:00:00Z,2026-07-04T00:00:00Z,True,1.3050364432,Amazon Elastic Compute Cloud - Compute,i-06f62819050aa90ea
2026-07-03T00:00:00Z,2026-07-04T00:00:00Z,True,1.5201505906,Amazon Elastic Compute Cloud - Compute,i-071b0c3400e6a13f8
2026-07-03T00:00:00Z,2026-07-04T00:00:00Z,True,1.07745066,Amazon Elastic Compute Cloud - Compute,i-0769396c225f429df
2026-07-03T00:00:00Z,2026-07-04T00:00:00Z,True,4.0192832718,Amazon Elastic Compute Cloud - Compute,i-077b9582389964ff5
2026-07-03T00:00:00Z,2026-07-04T00:00:00Z,True,0.465400278,Amazon Elastic Compute Cloud - Compute,i-078f561a7f2039ceb
2026-07-03T00:00:00Z,2026-07-04T00:00:00Z,True,7.9879209329,Amazon Elastic Compute Cloud - Compute,i-07df3a933e4839f52
2026-07-03T00:00:00Z,2026-07-04T00:00:00Z,True,2.0161253472,Amazon Elastic Compute Cloud - Compute,i-07e354fe91bef309e
2026-07-03T00:00:00Z,2026-07-04T00:00:00Z,True,1.5141886328,Amazon Elastic Compute Cloud - Compute,i-07fb5e1c3f5788f42
2026-07-03T00:00:00Z,2026-07-04T00:00:00Z,True,1.5163816914,Amazon Elastic Compute Cloud - Compute,i-083d2633194be325e
2026-07-03T00:00:00Z,2026-07-04T00:00:00Z,True,2.0663976328,Amazon Elastic Compute Cloud - Compute,i-084ca978e44711bdc
2026-07-03T00:00:00Z,2026-07-04T00:00:00Z,True,1.3498433457,Amazon Elastic Compute Cloud - Compute,i-087712afa79105842
2026-07-03T00:00:00Z,2026-07-04T00:00:00Z,True,0.4898042811,Amazon Elastic Compute Cloud - Compute,i-088719d2c53a8f2bd
2026-07-03T00:00:00Z,2026-07-04T00:00:00Z,True,31.7711379389,Amazon Elastic Compute Cloud - Compute,i-088a7bd0e4f42695d
2026-07-03T00:00:00Z,2026-07-04T00:00:00Z,True,1.5775953466,Amazon Elastic Compute Cloud - Compute,i-08970c4887d7d0736
2026-07-03T00:00:00Z,2026-07-04T00:00:00Z,True,6.2881336989,Amazon Elastic Compute Cloud - Compute,i-091ed2397045ad7ac
2026-07-03T00:00:00Z,2026-07-04T00:00:00Z,True,1.9295940663,Amazon Elastic Compute Cloud - Compute,i-092b9b7207e1fa7f1
2026-07-03T00:00:00Z,2026-07-04T00:00:00Z,True,1.5036246848,Amazon Elastic Compute Cloud - Compute,i-0938f56af89c44bf3
2026-07-03T00:00:00Z,2026-07-04T00:00:00Z,True,1.6478626543,Amazon Elastic Compute Cloud - Compute,i-09437ea16fb4ad23b
2026-07-03T00:00:00Z,2026-07-04T00:00:00Z,True,32.954075,Amazon Elastic Compute Cloud - Compute,i-094c2e5a283854e46
2026-07-03T00:00:00Z,2026-07-04T00:00:00Z,True,1.6599877101,Amazon Elastic Compute Cloud - Compute,i-09573aee707567bd6
2026-07-03T00:00:00Z,2026-07-04T00:00:00Z,True,3.0725944704,Amazon Elastic Compute Cloud - Compute,i-096f4e33895abd919
2026-07-03T00:00:00Z,2026-07-04T00:00:00Z,True,1.5536321328,Amazon Elastic Compute Cloud - Compute,i-097b8c5523fdac282
2026-07-03T00:00:00Z,2026-07-04T00:00:00Z,True,1.6610131172,Amazon Elastic Compute Cloud - Compute,i-0987e3aa5a7a85412
2026-07-03T00:00:00Z,2026-07-04T00:00:00Z,True,1.2315128457,Amazon Elastic Compute Cloud - Compute,i-0990196941efd241d
2026-07-03T00:00:00Z,2026-07-04T00:00:00Z,True,1.6588200586,Amazon Elastic Compute Cloud - Compute,i-09c90c1df2ce9acf7
2026-07-03T00:00:00Z,2026-07-04T00:00:00Z,True,0.4992,Amazon Elastic Compute Cloud - Compute,i-09f66b3f11ea42c60
2026-07-03T00:00:00Z,2026-07-04T00:00:00Z,True,1.6182053472,Amazon Elastic Compute Cloud - Compute,i-09f8fcc17ae78945d
2026-07-03T00:00:00Z,2026-07-04T00:00:00Z,True,1.229274,Amazon Elastic Compute Cloud - Compute,i-0a07ec7440927a40a
2026-07-03T00:00:00Z,2026-07-04T00:00:00Z,True,1.8099626702,Amazon Elastic Compute Cloud - Compute,i-0a5baf10297ffb0da
2026-07-03T00:00:00Z,2026-07-04T00:00:00Z,True,1.4297659432,Amazon Elastic Compute Cloud - Compute,i-0a602e1bad36bff1b
2026-07-03T00:00:00Z,2026-07-04T00:00:00Z,True,0.1865324036,Amazon Elastic Compute Cloud - Compute,i-0a80b4e95a687bdb8
2026-07-03T00:00:00Z,2026-07-04T00:00:00Z,True,1.2972493828,Amazon Elastic Compute Cloud - Compute,i-0aa83e98f4bdb265d
2026-07-03T00:00:00Z,2026-07-04T00:00:00Z,True,0.2496,Amazon Elastic Compute Cloud - Compute,i-0ab7116abc8229a16
2026-07-03T00:00:00Z,2026-07-04T00:00:00Z,True,1.5163816914,Amazon Elastic Compute Cloud - Compute,i-0b01e612e4ef981e2
2026-07-03T00:00:00Z,2026-07-04T00:00:00Z,True,1.2880047633,Amazon Elastic Compute Cloud - Compute,i-0b266a47d8697b5e3
2026-07-03T00:00:00Z,2026-07-04T00:00:00Z,True,1.656627,Amazon Elastic Compute Cloud - Compute,i-0b2be0cc69cde7b0a
2026-07-03T00:00:00Z,2026-07-04T00:00:00Z,True,1.682258,Amazon Elastic Compute Cloud - Compute,i-0bc4c8b2c79d58152
2026-07-03T00:00:00Z,2026-07-04T00:00:00Z,True,4.0162103154,Amazon Elastic Compute Cloud - Compute,i-0be9b57292264ce38
2026-07-03T00:00:00Z,2026-07-04T00:00:00Z,True,1.6204177824,Amazon Elastic Compute Cloud - Compute,i-0c2d323b7dd387cc5
2026-07-03T00:00:00Z,2026-07-04T00:00:00Z,True,2.1088515483,Amazon Elastic Compute Cloud - Compute,i-0c347a9e77ecd54e0
2026-07-03T00:00:00Z,2026-07-04T00:00:00Z,True,8.1406611837,Amazon Elastic Compute Cloud - Compute,i-0c5734d008f3cc7a8
2026-07-03T00:00:00Z,2026-07-04T00:00:00Z,True,1.36080075,Amazon Elastic Compute Cloud - Compute,i-0c73a04634d3dc0e6
2026-07-03T00:00:00Z,2026-07-04T00:00:00Z,True,1.5822186534,Amazon Elastic Compute Cloud - Compute,i-0cb86741a627af73a
2026-07-03T00:00:00Z,2026-07-04T00:00:00Z,True,0.8064,Amazon Elastic Compute Cloud - Compute,i-0cce1c2d935e86786
2026-07-03T00:00:00Z,2026-07-04T00:00:00Z,True,1.5163816914,Amazon Elastic Compute Cloud - Compute,i-0d0dc6cdf73c048ef
2026-07-03T00:00:00Z,2026-07-04T00:00:00Z,True,1.8812782176,Amazon Elastic Compute Cloud - Compute,i-0d31f1899c8bb40d1
2026-07-03T00:00:00Z,2026-07-04T00:00:00Z,True,1.3581628949,Amazon Elastic Compute Cloud - Compute,i-0d435f68093bf1a04
2026-07-03T00:00:00Z,2026-07-04T00:00:00Z,True,1.2972493828,Amazon Elastic Compute Cloud - Compute,i-0d5b2e6968758cf2f
2026-07-03T00:00:00Z,2026-07-04T00:00:00Z,True,1.36080075,Amazon Elastic Compute Cloud - Compute,i-0d5d265d082cd2c01
2026-07-03T00:00:00Z,2026-07-04T00:00:00Z,True,1.579907,Amazon Elastic Compute Cloud - Compute,i-0d5ec78c56db02dca
2026-07-03T00:00:00Z,2026-07-04T00:00:00Z,True,6.10279956,Amazon Elastic Compute Cloud - Compute,i-0d75af02251c65b84
2026-07-03T00:00:00Z,2026-07-04T00:00:00Z,True,25.4016038916,Amazon Elastic Compute Cloud - Compute,i-0da4185030bbccc2b
2026-07-03T00:00:00Z,2026-07-04T00:00:00Z,True,3.6372541326,Amazon Elastic Compute Cloud - Compute,i-0dc9410ed613db4e2
2026-07-03T00:00:00Z,2026-07-04T00:00:00Z,True,10.1670930104,Amazon Elastic Compute Cloud - Compute,i-0e26766ef86b67fa0
2026-07-03T00:00:00Z,2026-07-04T00:00:00Z,True,1.4634622176,Amazon Elastic Compute Cloud - Compute,i-0e29d8db17486ad4d
2026-07-03T00:00:00Z,2026-07-04T00:00:00Z,True,1.229274,Amazon Elastic Compute Cloud - Compute,i-0e3313262e665151c
2026-07-03T00:00:00Z,2026-07-04T00:00:00Z,True,10.2243285311,Amazon Elastic Compute Cloud - Compute,i-0e4a8868b5d6f2377
2026-07-03T00:00:00Z,2026-07-04T00:00:00Z,True,1.3235213551,Amazon Elastic Compute Cloud - Compute,i-0e671890a2e420222
2026-07-03T00:00:00Z,2026-07-04T00:00:00Z,True,24.3110165511,Amazon Elastic Compute Cloud - Compute,i-0e68f3455df39c50d
2026-07-03T00:00:00Z,2026-07-04T00:00:00Z,True,11.892389047,Amazon Elastic Compute Cloud - Compute,i-0e8266cdc3b8383df
2026-07-03T00:00:00Z,2026-07-04T00:00:00Z,True,7.6227827386,Amazon Elastic Compute Cloud - Compute,i-0e94b91ceca703962
2026-07-03T00:00:00Z,2026-07-04T00:00:00Z,True,1.3151883564,Amazon Elastic Compute Cloud - Compute,i-0ead3f634f6d66b58
2026-07-03T00:00:00Z,2026-07-04T00:00:00Z,True,4.0100754564,Amazon Elastic Compute Cloud - Compute,i-0ed1fff4c3979bf88
2026-07-03T00:00:00Z,2026-07-04T00:00:00Z,True,4.1969189727,Amazon Elastic Compute Cloud - Compute,i-0ee8a347bd2e8fb9b
2026-07-03T00:00:00Z,2026-07-04T00:00:00Z,True,0.0687364095,Amazon Elastic Compute Cloud - Compute,i-0f5bc3a853f3405fa
2026-07-03T00:00:00Z,2026-07-04T00:00:00Z,True,1.6347121914,Amazon Elastic Compute Cloud - Compute,i-0f87678e0051fc983
2026-07-03T00:00:00Z,2026-07-04T00:00:00Z,True,1.3629938086,Amazon Elastic Compute Cloud - Compute,i-0fdf39443cf6ad021
2026-07-03T00:00:00Z,2026-07-04T00:00:00Z,True,0.2016,Amazon Elastic Compute Cloud - Compute,i-0fec5d1a28b6d27aa
2026-07-03T00:00:00Z,2026-07-04T00:00:00Z,True,0.54,Amazon Elastic Load Balancing,arn:aws:elasticloadbalancing:us-east-1:108782052779:loadbalancer/net/lsmc-privatelink-nlb/4ead0a65121bd679
2026-07-03T00:00:00Z,2026-07-04T00:00:00Z,True,0.5401933076,Amazon Elastic Load Balancing,arn:aws:elasticloadbalancing:us-west-2:108782052779:loadbalancer/app/lsmc-mvp-dev-alb/e86b7b9ac25ed9d8
2026-07-03T00:00:00Z,2026-07-04T00:00:00Z,True,0.54,Amazon Elastic Load Balancing,arn:aws:elasticloadbalancing:us-west-2:108782052779:loadbalancer/app/terrarium-dev-internal-api/dd105d658089a82a
2026-07-03T00:00:00Z,2026-07-04T00:00:00Z,True,0.54,Amazon Elastic Load Balancing,arn:aws:elasticloadbalancing:us-west-2:108782052779:loadbalancer/app/terrarium-prod-internal-api/1a28c6e51ad0f2bf
2026-07-03T00:00:00Z,2026-07-04T00:00:00Z,True,1.3839904525,Amazon FSx,arn:aws:fsx:us-west-2:108782052779:file-system/fs-02a355e1f118e1c71
2026-07-03T00:00:00Z,2026-07-04T00:00:00Z,True,9.3619134269,Amazon FSx,arn:aws:fsx:us-west-2:108782052779:file-system/fs-02cac31094f973e29
2026-07-03T00:00:00Z,2026-07-04T00:00:00Z,True,9.230172334,Amazon FSx,arn:aws:fsx:us-west-2:108782052779:file-system/fs-03e6f0d7589e629c8
2026-07-03T00:00:00Z,2026-07-04T00:00:00Z,True,9.0989565399,Amazon FSx,arn:aws:fsx:us-west-2:108782052779:file-system/fs-05627d04a7ce25fe5
2026-07-03T00:00:00Z,2026-07-04T00:00:00Z,True,2.3806668632,Amazon FSx,arn:aws:fsx:us-west-2:108782052779:file-system/fs-077be392aeb39e79e
2026-07-03T00:00:00Z,2026-07-04T00:00:00Z,True,43.3573127929,Amazon FSx,arn:aws:fsx:us-west-2:108782052779:file-system/fs-07fb3448c1cb30c1c
2026-07-03T00:00:00Z,2026-07-04T00:00:00Z,True,21.3826011948,Amazon FSx,arn:aws:fsx:us-west-2:108782052779:file-system/fs-0b57687e1517a9181
2026-07-03T00:00:00Z,2026-07-04T00:00:00Z,True,15.8617882696,Amazon FSx,arn:aws:fsx:us-west-2:108782052779:file-system/fs-0b9e294bd75a9ad9d
2026-07-03T00:00:00Z,2026-07-04T00:00:00Z,True,0.0001327992,Amazon Relational Database Service,arn:aws:rds:us-east-1:108782052779:cluster-snapshot:day-dr-drill-snap-use1-20260619
2026-07-03T00:00:00Z,2026-07-04T00:00:00Z,True,9.03264e-05,Amazon Relational Database Service,arn:aws:rds:us-east-1:108782052779:cluster-snapshot:dayhoff-dr-drill-use1-20260522-snap
2026-07-03T00:00:00Z,2026-07-04T00:00:00Z,True,4.21368e-05,Amazon Relational Database Service,arn:aws:rds:us-east-1:108782052779:cluster-snapshot:dayhoff-inx-inf5-precleanup-20260528t174313z
2026-07-03T00:00:00Z,2026-07-04T00:00:00Z,True,3.33672e-05,Amazon Relational Database Service,arn:aws:rds:us-east-1:108782052779:cluster-snapshot:marvain-john-major-dev-snapshot-auroracluster-ctvfy1tkxd1i
2026-07-03T00:00:00Z,2026-07-04T00:00:00Z,True,0.0694735032,Amazon Relational Database Service,arn:aws:rds:us-east-1:108782052779:cluster:cluster-bhclwskm5mcqb7l7keks2bcha4
2026-07-03T00:00:00Z,2026-07-04T00:00:00Z,True,0.0006566952,Amazon Relational Database Service,arn:aws:rds:us-east-1:108782052779:cluster:cluster-dxfa6cony33dulps7brbbihkji
2026-07-03T00:00:00Z,2026-07-04T00:00:00Z,True,0.0243333991,Amazon Relational Database Service,arn:aws:rds:us-east-1:108782052779:cluster:cluster-kym7xbonz4xygugh5dp33j3dci
2026-07-03T00:00:00Z,2026-07-04T00:00:00Z,True,0.0516886136,Amazon Relational Database Service,arn:aws:rds:us-east-1:108782052779:cluster:cluster-pqpacrqo2fxszto7u4maw3velu
2026-07-03T00:00:00Z,2026-07-04T00:00:00Z,True,6.24,Amazon Relational Database Service,arn:aws:rds:us-east-1:108782052779:db:auruse1-writer
2026-07-03T00:00:00Z,2026-07-04T00:00:00Z,True,1.752,Amazon Relational Database Service,arn:aws:rds:us-east-1:108782052779:db:dev-writer
2026-07-03T00:00:00Z,2026-07-04T00:00:00Z,True,1.6399195013,Amazon Relational Database Service,arn:aws:rds:us-east-1:108782052779:db:dr-drill-standalone-use1-20260526
2026-07-03T00:00:00Z,2026-07-04T00:00:00Z,True,9.02952e-05,Amazon Relational Database Service,arn:aws:rds:us-west-2:108782052779:cluster-snapshot:backup-recovery-east1
2026-07-03T00:00:00Z,2026-07-04T00:00:00Z,True,2.7672e-05,Amazon Relational Database Service,arn:aws:rds:us-west-2:108782052779:cluster-snapshot:labcoredb-final-snapshot
2026-07-03T00:00:00Z,2026-07-04T00:00:00Z,True,0.0,Amazon Relational Database Service,arn:aws:rds:us-west-2:108782052779:cluster-snapshot:tapdb-dev-snapshot-auroracluster-9vwkztxfug25
2026-07-03T00:00:00Z,2026-07-04T00:00:00Z,True,0.0,Amazon Relational Database Service,arn:aws:rds:us-west-2:108782052779:cluster-snapshot:tapdb-dev-snapshot-auroracluster-elgxviyi30sp
2026-07-03T00:00:00Z,2026-07-04T00:00:00Z,True,0.0,Amazon Relational Database Service,arn:aws:rds:us-west-2:108782052779:cluster-snapshot:tapdb-dev-snapshot-auroracluster-serncerfuorz
2026-07-03T00:00:00Z,2026-07-04T00:00:00Z,True,0.059468592,Amazon Relational Database Service,arn:aws:rds:us-west-2:108782052779:cluster:cluster-4aucm556ktddnrdqnubknrsj7a
2026-07-03T00:00:00Z,2026-07-04T00:00:00Z,True,0.001349508,Amazon Relational Database Service,arn:aws:rds:us-west-2:108782052779:cluster:cluster-4lrvijmaljrxw3emlp7ao4tioe
2026-07-03T00:00:00Z,2026-07-04T00:00:00Z,True,0.0627499232,Amazon Relational Database Service,arn:aws:rds:us-west-2:108782052779:cluster:cluster-66gsnocslwc6tx7ds6n3dxt2pq
2026-07-03T00:00:00Z,2026-07-04T00:00:00Z,True,0.0957717975,Amazon Relational Database Service,arn:aws:rds:us-west-2:108782052779:cluster:cluster-aa24mjp2wjnsfofgxghaxwhvku
2026-07-03T00:00:00Z,2026-07-04T00:00:00Z,True,0.0617528494,Amazon Relational Database Service,arn:aws:rds:us-west-2:108782052779:cluster:cluster-axxvxcfqcs53p4uqziwtcjft7m
2026-07-03T00:00:00Z,2026-07-04T00:00:00Z,True,0.0642263896,Amazon Relational Database Service,arn:aws:rds:us-west-2:108782052779:cluster:cluster-b44f3gkh6ztqssbbsuzrc4qppu
2026-07-03T00:00:00Z,2026-07-04T00:00:00Z,True,0.0588179584,Amazon Relational Database Service,arn:aws:rds:us-west-2:108782052779:cluster:cluster-f5lzubv26w3xt5cgdvgfoyhjei
2026-07-03T00:00:00Z,2026-07-04T00:00:00Z,True,0.0597760912,Amazon Relational Database Service,arn:aws:rds:us-west-2:108782052779:cluster:cluster-mp6pqnt24dgthiintbnje4ai7m
2026-07-03T00:00:00Z,2026-07-04T00:00:00Z,True,0.0020165208,Amazon Relational Database Service,arn:aws:rds:us-west-2:108782052779:cluster:cluster-o6yhev2r7ksumoenusvgvwrrae
2026-07-03T00:00:00Z,2026-07-04T00:00:00Z,True,0.00046302,Amazon Relational Database Service,arn:aws:rds:us-west-2:108782052779:cluster:cluster-rit4q5trwzhy6wvk7wvbpfmqam
2026-07-03T00:00:00Z,2026-07-04T00:00:00Z,True,0.0602803174,Amazon Relational Database Service,arn:aws:rds:us-west-2:108782052779:cluster:cluster-wgdxpkibad4gvohcmpu6wjnz7q
2026-07-03T00:00:00Z,2026-07-04T00:00:00Z,True,0.4581935472,Amazon Relational Database Service,arn:aws:rds:us-west-2:108782052779:db:aquarium-dev-db
2026-07-03T00:00:00Z,2026-07-04T00:00:00Z,True,1.752,Amazon Relational Database Service,arn:aws:rds:us-west-2:108782052779:db:dayhoff-lsmcok1-tapdb-rehearsal-20260702t104009z-writer
2026-07-03T00:00:00Z,2026-07-04T00:00:00Z,True,1.752,Amazon Relational Database Service,arn:aws:rds:us-west-2:108782052779:db:dayhoff-lsmcok1-tapdb-rehearsal-20260702t111435z-writer
2026-07-03T00:00:00Z,2026-07-04T00:00:00Z,True,1.752,Amazon Relational Database Service,arn:aws:rds:us-west-2:108782052779:db:dayhoff-lsmcok1-tapdb-rehearsal-20260702t113340z-writer
2026-07-03T00:00:00Z,2026-07-04T00:00:00Z,True,1.752,Amazon Relational Database Service,arn:aws:rds:us-west-2:108782052779:db:dayhoff-lsmcok1-tapdb-rehearsal-20260702t121558z-writer
2026-07-03T00:00:00Z,2026-07-04T00:00:00Z,True,1.752,Amazon Relational Database Service,arn:aws:rds:us-west-2:108782052779:db:dayhoff-lsmcok1-tapdb-rehearsal-20260702t124007z-writer
2026-07-03T00:00:00Z,2026-07-04T00:00:00Z,True,6.624,Amazon Relational Database Service,arn:aws:rds:us-west-2:108782052779:db:dayhoff-lsmcok1-tapdb-writer
2026-07-03T00:00:00Z,2026-07-04T00:00:00Z,True,17.232,Amazon Relational Database Service,arn:aws:rds:us-west-2:108782052779:db:dayhoff-lsmcq7-tapdb-reader-api
2026-07-03T00:00:00Z,2026-07-04T00:00:00Z,True,17.232,Amazon Relational Database Service,arn:aws:rds:us-west-2:108782052779:db:dayhoff-lsmcq7-tapdb-reader-ha
2026-07-03T00:00:00Z,2026-07-04T00:00:00Z,True,34.464,Amazon Relational Database Service,arn:aws:rds:us-west-2:108782052779:db:dayhoff-lsmcq7-tapdb-writer
2026-07-03T00:00:00Z,2026-07-04T00:00:00Z,True,6.24,Amazon Relational Database Service,arn:aws:rds:us-west-2:108782052779:db:dev-writer
2026-07-03T00:00:00Z,2026-07-04T00:00:00Z,True,2.301935484,Amazon Relational Database Service,arn:aws:rds:us-west-2:108782052779:db:dr-drill-standalone-20260521
2026-07-03T00:00:00Z,2026-07-04T00:00:00Z,True,7.6801555556,Amazon Relational Database Service,arn:aws:rds:us-west-2:108782052779:db:labcore-dev-instance-1
2026-07-03T00:00:00Z,2026-07-04T00:00:00Z,True,0.4581935472,Amazon Relational Database Service,arn:aws:rds:us-west-2:108782052779:db:lsmc-mvp-v1-event-sink-db
2026-07-03T00:00:00Z,2026-07-04T00:00:00Z,True,1.752,Amazon Relational Database Service,arn:aws:rds:us-west-2:108782052779:db:staging-writer
2026-07-03T00:00:00Z,2026-07-04T00:00:00Z,True,0.4581935472,Amazon Relational Database Service,arn:aws:rds:us-west-2:108782052779:db:terrarium-dev-db
2026-07-03T00:00:00Z,2026-07-04T00:00:00Z,True,0.4581935472,Amazon Relational Database Service,arn:aws:rds:us-west-2:108782052779:db:terrarium-prod-db
2026-07-03T00:00:00Z,2026-07-04T00:00:00Z,True,0.0220346293,Amazon Simple Storage Service,NoResourceId
2026-07-03T00:00:00Z,2026-07-04T00:00:00Z,True,0.0009406108,Amazon Simple Storage Service,aquarium-tfstate-dev
2026-07-03T00:00:00Z,2026-07-04T00:00:00Z,True,0.0009376,Amazon Simple Storage Service,aquarium-tfstate-prod
2026-07-03T00:00:00Z,2026-07-04T00:00:00Z,True,0.0,Amazon Simple Storage Service,arn:aws:s3:::aquarium-tfstate-dev
2026-07-03T00:00:00Z,2026-07-04T00:00:00Z,True,0.0,Amazon Simple Storage Service,arn:aws:s3:::aquarium-tfstate-prod
2026-07-03T00:00:00Z,2026-07-04T00:00:00Z,True,0.0,Amazon Simple Storage Service,arn:aws:s3:::asterism-note-screenshots-dev
2026-07-03T00:00:00Z,2026-07-04T00:00:00Z,True,0.0,Amazon Simple Storage Service,arn:aws:s3:::aws-sam-cli-managed-default-samclisourcebucket-wyvracmmocbp
2026-07-03T00:00:00Z,2026-07-04T00:00:00Z,True,0.0,Amazon Simple Storage Service,arn:aws:s3:::cdk-hnb659fds-assets-108782052779-us-east-1
2026-07-03T00:00:00Z,2026-07-04T00:00:00Z,True,0.0,Amazon Simple Storage Service,arn:aws:s3:::cdk-hnb659fds-assets-108782052779-us-west-2
2026-07-03T00:00:00Z,2026-07-04T00:00:00Z,True,0.0,Amazon Simple Storage Service,arn:aws:s3:::cf-templates-pfrobpqqun1c-us-east-2
2026-07-03T00:00:00Z,2026-07-04T00:00:00Z,True,0.0,Amazon Simple Storage Service,arn:aws:s3:::daylily-customer-lsmc-a0477268
2026-07-03T00:00:00Z,2026-07-04T00:00:00Z,True,0.0,Amazon Simple Storage Service,arn:aws:s3:::ironwood-cobalt-seq
2026-07-03T00:00:00Z,2026-07-04T00:00:00Z,True,0.0,Amazon Simple Storage Service,arn:aws:s3:::ironwood-cobalt-seq-logs
2026-07-03T00:00:00Z,2026-07-04T00:00:00Z,True,0.0,Amazon Simple Storage Service,arn:aws:s3:::ironwood-meridian-seq
2026-07-03T00:00:00Z,2026-07-04T00:00:00Z,True,0.0,Amazon Simple Storage Service,arn:aws:s3:::ironwood-meridian-seq-logs
2026-07-03T00:00:00Z,2026-07-04T00:00:00Z,True,0.0,Amazon Simple Storage Service,arn:aws:s3:::lsmc-atlas-demo
2026-07-03T00:00:00Z,2026-07-04T00:00:00Z,True,0.0,Amazon Simple Storage Service,arn:aws:s3:::lsmc-atlas-dev
2026-07-03T00:00:00Z,2026-07-04T00:00:00Z,True,0.0,Amazon Simple Storage Service,arn:aws:s3:::lsmc-aws-config-108782052779
2026-07-03T00:00:00Z,2026-07-04T00:00:00Z,True,0.0,Amazon Simple Storage Service,arn:aws:s3:::lsmc-bio-oauth-static-site-108782052779-us-east-1
2026-07-03T00:00:00Z,2026-07-04T00:00:00Z,True,0.0,Amazon Simple Storage Service,arn:aws:s3:::lsmc-cloudtrail-archive
2026-07-03T00:00:00Z,2026-07-04T00:00:00Z,True,0.0,Amazon Simple Storage Service,arn:aws:s3:::lsmc-copy-ultimagen-lsmc-cro-316
2026-07-03T00:00:00Z,2026-07-04T00:00:00Z,True,0.0,Amazon Simple Storage Service,arn:aws:s3:::lsmc-datalake-raw-dev
2026-07-03T00:00:00Z,2026-07-04T00:00:00Z,True,0.0,Amazon Simple Storage Service,arn:aws:s3:::lsmc-dayoa-analysis-results-usw2
2026-07-03T00:00:00Z,2026-07-04T00:00:00Z,True,0.0,Amazon Simple Storage Service,arn:aws:s3:::lsmc-dayoa-control-data-usw2
2026-07-03T00:00:00Z,2026-07-04T00:00:00Z,True,0.0,Amazon Simple Storage Service,arn:aws:s3:::lsmc-dayoa-omics-analysis-us-west-2
2026-07-03T00:00:00Z,2026-07-04T00:00:00Z,True,0.0,Amazon Simple Storage Service,arn:aws:s3:::lsmc-dayoa-references-usw2
2026-07-03T00:00:00Z,2026-07-04T00:00:00Z,True,0.0,Amazon Simple Storage Service,arn:aws:s3:::lsmc-dayoa-runtime-assets-usw2
2026-07-03T00:00:00Z,2026-07-04T00:00:00Z,True,0.0,Amazon Simple Storage Service,arn:aws:s3:::lsmc-dayoa-staging-usw2
2026-07-03T00:00:00Z,2026-07-04T00:00:00Z,True,0.0,Amazon Simple Storage Service,arn:aws:s3:::lsmc-dewey-0
2026-07-03T00:00:00Z,2026-07-04T00:00:00Z,True,0.0,Amazon Simple Storage Service,arn:aws:s3:::lsmc-healthomics-failiover
2026-07-03T00:00:00Z,2026-07-04T00:00:00Z,True,0.0,Amazon Simple Storage Service,arn:aws:s3:::lsmc-healthomics-results
2026-07-03T00:00:00Z,2026-07-04T00:00:00Z,True,0.0,Amazon Simple Storage Service,arn:aws:s3:::lsmc-illumina-public-data
2026-07-03T00:00:00Z,2026-07-04T00:00:00Z,True,0.0,Amazon Simple Storage Service,arn:aws:s3:::lsmc-meridian-governance-registry
2026-07-03T00:00:00Z,2026-07-04T00:00:00Z,True,0.0,Amazon Simple Storage Service,arn:aws:s3:::lsmc-mvp-v1-event-sink-raw-108782052779-us-west-2
2026-07-03T00:00:00Z,2026-07-04T00:00:00Z,True,0.0,Amazon Simple Storage Service,arn:aws:s3:::lsmc-public-ont-data
2026-07-03T00:00:00Z,2026-07-04T00:00:00Z,True,0.0,Amazon Simple Storage Service,arn:aws:s3:::lsmc-ssf-sequencing-data
2026-07-03T00:00:00Z,2026-07-04T00:00:00Z,True,0.0,Amazon Simple Storage Service,arn:aws:s3:::lsmc-terraform-state
2026-07-03T00:00:00Z,2026-07-04T00:00:00Z,True,0.0,Amazon Simple Storage Service,arn:aws:s3:::lsmc-twenty-prod-storage
2026-07-03T00:00:00Z,2026-07-04T00:00:00Z,True,0.0,Amazon Simple Storage Service,arn:aws:s3:::lsmc-ursa-customers-usw2
2026-07-03T00:00:00Z,2026-07-04T00:00:00Z,True,0.0,Amazon Simple Storage Service,arn:aws:s3:::parallelcluster-4da281c1dc024f1c-v1-do-not-delete
2026-07-03T00:00:00Z,2026-07-04T00:00:00Z,True,0.0,Amazon Simple Storage Service,arn:aws:s3:::parallelcluster-730cb6d53cf2deec-v1-do-not-delete
2026-07-03T00:00:00Z,2026-07-04T00:00:00Z,True,0.0,Amazon Simple Storage Service,arn:aws:s3:::parallelcluster-e781c59d26140bab-v1-do-not-delete
2026-07-03T00:00:00Z,2026-07-04T00:00:00Z,True,0.0,Amazon Simple Storage Service,arn:aws:s3:::terrarium-dev-media
2026-07-03T00:00:00Z,2026-07-04T00:00:00Z,True,0.0,Amazon Simple Storage Service,arn:aws:s3:::terrarium-dev-web
2026-07-03T00:00:00Z,2026-07-04T00:00:00Z,True,0.0,Amazon Simple Storage Service,arn:aws:s3:::terrarium-prod-media
2026-07-03T00:00:00Z,2026-07-04T00:00:00Z,True,0.0,Amazon Simple Storage Service,arn:aws:s3:::terrarium-prod-web
2026-07-03T00:00:00Z,2026-07-04T00:00:00Z,True,0.0,Amazon Simple Storage Service,arn:aws:s3:::terrarium-tfstate-dev
2026-07-03T00:00:00Z,2026-07-04T00:00:00Z,True,0.0,Amazon Simple Storage Service,arn:aws:s3:::terrarium-tfstate-prod
2026-07-03T00:00:00Z,2026-07-04T00:00:00Z,True,0.0,Amazon Simple Storage Service,arn:aws:s3:::ursa-us-west-2-052779-default-customer-1d8c14
2026-07-03T00:00:00Z,2026-07-04T00:00:00Z,True,0.0,Amazon Simple Storage Service,arn:aws:s3:::zebra-day-cfg-us-west-2
2026-07-03T00:00:00Z,2026-07-04T00:00:00Z,True,0.0009392228,Amazon Simple Storage Service,asterism-note-screenshots-dev
2026-07-03T00:00:00Z,2026-07-04T00:00:00Z,True,0.0008672547,Amazon Simple Storage Service,aws-sam-cli-managed-default-samclisourcebucket-wyvracmmocbp
2026-07-03T00:00:00Z,2026-07-04T00:00:00Z,True,0.0024147664,Amazon Simple Storage Service,cdk-hnb659fds-assets-108782052779-us-east-1
2026-07-03T00:00:00Z,2026-07-04T00:00:00Z,True,0.0008271338,Amazon Simple Storage Service,cdk-hnb659fds-assets-108782052779-us-west-2
2026-07-03T00:00:00Z,2026-07-04T00:00:00Z,True,0.000838614,Amazon Simple Storage Service,cf-templates-pfrobpqqun1c-us-east-2
2026-07-03T00:00:00Z,2026-07-04T00:00:00Z,True,0.0009376,Amazon Simple Storage Service,daylily-customer-lsmc-a0477268
2026-07-03T00:00:00Z,2026-07-04T00:00:00Z,True,21.1731950215,Amazon Simple Storage Service,ironwood-cobalt-seq
2026-07-03T00:00:00Z,2026-07-04T00:00:00Z,True,0.00099847,Amazon Simple Storage Service,ironwood-cobalt-seq-logs
2026-07-03T00:00:00Z,2026-07-04T00:00:00Z,True,15.449987353,Amazon Simple Storage Service,ironwood-meridian-seq
2026-07-03T00:00:00Z,2026-07-04T00:00:00Z,True,0.0040204461,Amazon Simple Storage Service,ironwood-meridian-seq-logs
2026-07-03T00:00:00Z,2026-07-04T00:00:00Z,True,0.0009397591,Amazon Simple Storage Service,lsmc-atlas-demo
2026-07-03T00:00:00Z,2026-07-04T00:00:00Z,True,0.0009419098,Amazon Simple Storage Service,lsmc-atlas-dev
2026-07-03T00:00:00Z,2026-07-04T00:00:00Z,True,0.0066906542,Amazon Simple Storage Service,lsmc-aws-config-108782052779
2026-07-03T00:00:00Z,2026-07-04T00:00:00Z,True,0.0008582049,Amazon Simple Storage Service,lsmc-bio-oauth-static-site-108782052779-us-east-1
2026-07-03T00:00:00Z,2026-07-04T00:00:00Z,True,0.0992125862,Amazon Simple Storage Service,lsmc-cloudtrail-archive
2026-07-03T00:00:00Z,2026-07-04T00:00:00Z,True,1.5383128364,Amazon Simple Storage Service,lsmc-copy-ultimagen-lsmc-cro-316
2026-07-03T00:00:00Z,2026-07-04T00:00:00Z,True,0.0009376,Amazon Simple Storage Service,lsmc-datalake-raw-dev
2026-07-03T00:00:00Z,2026-07-04T00:00:00Z,True,0.1032588038,Amazon Simple Storage Service,lsmc-dayoa-analysis-results-usw2
2026-07-03T00:00:00Z,2026-07-04T00:00:00Z,True,7.8159838084,Amazon Simple Storage Service,lsmc-dayoa-control-data-usw2
2026-07-03T00:00:00Z,2026-07-04T00:00:00Z,True,46.6704764978,Amazon Simple Storage Service,lsmc-dayoa-omics-analysis-us-west-2
2026-07-03T00:00:00Z,2026-07-04T00:00:00Z,True,1.3763337924,Amazon Simple Storage Service,lsmc-dayoa-references-usw2
2026-07-03T00:00:00Z,2026-07-04T00:00:00Z,True,0.0311983942,Amazon Simple Storage Service,lsmc-dayoa-runtime-assets-usw2
2026-07-03T00:00:00Z,2026-07-04T00:00:00Z,True,8.3938236503,Amazon Simple Storage Service,lsmc-dayoa-staging-usw2
2026-07-03T00:00:00Z,2026-07-04T00:00:00Z,True,0.0017437792,Amazon Simple Storage Service,lsmc-dewey-0
2026-07-03T00:00:00Z,2026-07-04T00:00:00Z,True,0.0009376,Amazon Simple Storage Service,lsmc-healthomics-failiover
2026-07-03T00:00:00Z,2026-07-04T00:00:00Z,True,0.0009376,Amazon Simple Storage Service,lsmc-healthomics-results
2026-07-03T00:00:00Z,2026-07-04T00:00:00Z,True,0.0948200766,Amazon Simple Storage Service,lsmc-illumina-public-data
2026-07-03T00:00:00Z,2026-07-04T00:00:00Z,True,0.0009376001,Amazon Simple Storage Service,lsmc-meridian-governance-registry
2026-07-03T00:00:00Z,2026-07-04T00:00:00Z,True,0.0020904283,Amazon Simple Storage Service,lsmc-mvp-v1-event-sink-raw-108782052779-us-west-2
2026-07-03T00:00:00Z,2026-07-04T00:00:00Z,True,4.25858069,Amazon Simple Storage Service,lsmc-public-ont-data
2026-07-03T00:00:00Z,2026-07-04T00:00:00Z,True,150.9825863504,Amazon Simple Storage Service,lsmc-ssf-sequencing-data
2026-07-03T00:00:00Z,2026-07-04T00:00:00Z,True,0.000941999,Amazon Simple Storage Service,lsmc-terraform-state
2026-07-03T00:00:00Z,2026-07-04T00:00:00Z,True,0.0008522393,Amazon Simple Storage Service,lsmc-twenty-prod-storage
2026-07-03T00:00:00Z,2026-07-04T00:00:00Z,True,0.0009376,Amazon Simple Storage Service,lsmc-ursa-customers-usw2
2026-07-03T00:00:00Z,2026-07-04T00:00:00Z,True,0.0038064461,Amazon Simple Storage Service,parallelcluster-4da281c1dc024f1c-v1-do-not-delete
2026-07-03T00:00:00Z,2026-07-04T00:00:00Z,True,0.0009005753,Amazon Simple Storage Service,parallelcluster-730cb6d53cf2deec-v1-do-not-delete
2026-07-03T00:00:00Z,2026-07-04T00:00:00Z,True,0.0009061449,Amazon Simple Storage Service,parallelcluster-e781c59d26140bab-v1-do-not-delete
2026-07-03T00:00:00Z,2026-07-04T00:00:00Z,True,0.0009428454,Amazon Simple Storage Service,terrarium-dev-media
2026-07-03T00:00:00Z,2026-07-04T00:00:00Z,True,0.0009409685,Amazon Simple Storage Service,terrarium-dev-web
2026-07-03T00:00:00Z,2026-07-04T00:00:00Z,True,0.0009621464,Amazon Simple Storage Service,terrarium-prod-media
2026-07-03T00:00:00Z,2026-07-04T00:00:00Z,True,0.0009409685,Amazon Simple Storage Service,terrarium-prod-web
2026-07-03T00:00:00Z,2026-07-04T00:00:00Z,True,0.0009507738,Amazon Simple Storage Service,terrarium-tfstate-dev
2026-07-03T00:00:00Z,2026-07-04T00:00:00Z,True,0.0009430952,Amazon Simple Storage Service,terrarium-tfstate-prod
2026-07-03T00:00:00Z,2026-07-04T00:00:00Z,True,0.0009578386,Amazon Simple Storage Service,ursa-us-west-2-052779-default-customer-1d8c14
2026-07-03T00:00:00Z,2026-07-04T00:00:00Z,True,0.0009376908,Amazon Simple Storage Service,zebra-day-cfg-us-west-2
2026-07-03T00:00:00Z,2026-07-04T00:00:00Z,True,0.12,Amazon Virtual Private Cloud,arn:aws:ec2:ap-south-1:108782052779:network-interface/eni-02d1c980266b3afc3
2026-07-03T00:00:00Z,2026-07-04T00:00:00Z,True,0.12,Amazon Virtual Private Cloud,arn:aws:ec2:ap-south-1:108782052779:network-interface/eni-0b311a0dcb595e613
2026-07-03T00:00:00Z,2026-07-04T00:00:00Z,True,0.12,Amazon Virtual Private Cloud,arn:aws:ec2:eu-central-1:108782052779:network-interface/eni-016caa7d86d41fa17
2026-07-03T00:00:00Z,2026-07-04T00:00:00Z,True,0.12,Amazon Virtual Private Cloud,arn:aws:ec2:eu-central-1:108782052779:network-interface/eni-0b8150cde6a5fc7ae
2026-07-03T00:00:00Z,2026-07-04T00:00:00Z,True,0.12,Amazon Virtual Private Cloud,arn:aws:ec2:us-east-1:108782052779:elastic-ip/eipalloc-0004f38c8ac45ff0f
2026-07-03T00:00:00Z,2026-07-04T00:00:00Z,True,0.12,Amazon Virtual Private Cloud,arn:aws:ec2:us-east-1:108782052779:elastic-ip/eipalloc-0279920cf8bf8ec52
2026-07-03T00:00:00Z,2026-07-04T00:00:00Z,True,0.12,Amazon Virtual Private Cloud,arn:aws:ec2:us-east-1:108782052779:elastic-ip/eipalloc-05f03362c35e913dc
2026-07-03T00:00:00Z,2026-07-04T00:00:00Z,True,0.12,Amazon Virtual Private Cloud,arn:aws:ec2:us-east-1:108782052779:elastic-ip/eipalloc-0b6cc46ecf8c48bd3
2026-07-03T00:00:00Z,2026-07-04T00:00:00Z,True,0.12,Amazon Virtual Private Cloud,arn:aws:ec2:us-east-1:108782052779:elastic-ip/eipalloc-0e5344572ea8cc7d0
2026-07-03T00:00:00Z,2026-07-04T00:00:00Z,True,0.12,Amazon Virtual Private Cloud,arn:aws:ec2:us-east-1:108782052779:elastic-ip/eipalloc-0ecefed5b63745717
2026-07-03T00:00:00Z,2026-07-04T00:00:00Z,True,0.12,Amazon Virtual Private Cloud,arn:aws:ec2:us-east-1:108782052779:network-interface/eni-042ba53ad6a8384a3
2026-07-03T00:00:00Z,2026-07-04T00:00:00Z,True,0.12,Amazon Virtual Private Cloud,arn:aws:ec2:us-east-1:108782052779:network-interface/eni-085448ce53cb8a8b8
2026-07-03T00:00:00Z,2026-07-04T00:00:00Z,True,0.12,Amazon Virtual Private Cloud,arn:aws:ec2:us-east-1:108782052779:network-interface/eni-08997318714e9b90d
2026-07-03T00:00:00Z,2026-07-04T00:00:00Z,True,0.12,Amazon Virtual Private Cloud,arn:aws:ec2:us-east-1:108782052779:network-interface/eni-0b7b49dac37ac7562
2026-07-03T00:00:00Z,2026-07-04T00:00:00Z,True,0.12,Amazon Virtual Private Cloud,arn:aws:ec2:us-east-1:108782052779:network-interface/eni-0d366fd4150dd6012
2026-07-03T00:00:00Z,2026-07-04T00:00:00Z,True,0.000956945,Amazon Virtual Private Cloud,arn:aws:ec2:us-west-2:108782052779:elastic-ip/eipalloc-02d3e442132d3ed1f
2026-07-03T00:00:00Z,2026-07-04T00:00:00Z,True,0.000955555,Amazon Virtual Private Cloud,arn:aws:ec2:us-west-2:108782052779:elastic-ip/eipalloc-03f7f73c27e1f5d3e
2026-07-03T00:00:00Z,2026-07-04T00:00:00Z,True,0.0010375,Amazon Virtual Private Cloud,arn:aws:ec2:us-west-2:108782052779:elastic-ip/eipalloc-06d0520027763f4af
2026-07-03T00:00:00Z,2026-07-04T00:00:00Z,True,0.00050417,Amazon Virtual Private Cloud,arn:aws:ec2:us-west-2:108782052779:elastic-ip/eipalloc-0721b423657bf65fe
2026-07-03T00:00:00Z,2026-07-04T00:00:00Z,True,0.00050417,Amazon Virtual Private Cloud,arn:aws:ec2:us-west-2:108782052779:elastic-ip/eipalloc-080ee73274fd81127
2026-07-03T00:00:00Z,2026-07-04T00:00:00Z,True,0.000955555,Amazon Virtual Private Cloud,arn:aws:ec2:us-west-2:108782052779:elastic-ip/eipalloc-09753116e3133f98c
2026-07-03T00:00:00Z,2026-07-04T00:00:00Z,True,0.001120835,Amazon Virtual Private Cloud,arn:aws:ec2:us-west-2:108782052779:elastic-ip/eipalloc-0da5908738540a949
2026-07-03T00:00:00Z,2026-07-04T00:00:00Z,True,8.3335e-05,Amazon Virtual Private Cloud,arn:aws:ec2:us-west-2:108782052779:elastic-ip/eipalloc-0f1d4b16c019a7b9e
2026-07-03T00:00:00Z,2026-07-04T00:00:00Z,True,8.3335e-05,Amazon Virtual Private Cloud,arn:aws:ec2:us-west-2:108782052779:elastic-ip/eipalloc-0fc3caf4af7fab3e4
2026-07-03T00:00:00Z,2026-07-04T00:00:00Z,True,0.006345835,Amazon Virtual Private Cloud,arn:aws:ec2:us-west-2:108782052779:network-interface/eni-004c005a71e1f3003
2026-07-03T00:00:00Z,2026-07-04T00:00:00Z,True,0.12,Amazon Virtual Private Cloud,arn:aws:ec2:us-west-2:108782052779:network-interface/eni-0053a0c36ed8792d5
2026-07-03T00:00:00Z,2026-07-04T00:00:00Z,True,0.12,Amazon Virtual Private Cloud,arn:aws:ec2:us-west-2:108782052779:network-interface/eni-00d0d767fe52379a8
2026-07-03T00:00:00Z,2026-07-04T00:00:00Z,True,0.015819445,Amazon Virtual Private Cloud,arn:aws:ec2:us-west-2:108782052779:network-interface/eni-018bad1a3df82005f
2026-07-03T00:00:00Z,2026-07-04T00:00:00Z,True,0.000622225,Amazon Virtual Private Cloud,arn:aws:ec2:us-west-2:108782052779:network-interface/eni-01c931cd3f7373aaf
2026-07-03T00:00:00Z,2026-07-04T00:00:00Z,True,0.12,Amazon Virtual Private Cloud,arn:aws:ec2:us-west-2:108782052779:network-interface/eni-026f98f985a93c4bc
2026-07-03T00:00:00Z,2026-07-04T00:00:00Z,True,0.12,Amazon Virtual Private Cloud,arn:aws:ec2:us-west-2:108782052779:network-interface/eni-0365f5bd1308e7491
2026-07-03T00:00:00Z,2026-07-04T00:00:00Z,True,0.12,Amazon Virtual Private Cloud,arn:aws:ec2:us-west-2:108782052779:network-interface/eni-0402df7ad1483cc9d
2026-07-03T00:00:00Z,2026-07-04T00:00:00Z,True,0.003691665,Amazon Virtual Private Cloud,arn:aws:ec2:us-west-2:108782052779:network-interface/eni-040e56bebbb339eb8
2026-07-03T00:00:00Z,2026-07-04T00:00:00Z,True,0.00120278,Amazon Virtual Private Cloud,arn:aws:ec2:us-west-2:108782052779:network-interface/eni-04549c4973b4b6789
2026-07-03T00:00:00Z,2026-07-04T00:00:00Z,True,0.12,Amazon Virtual Private Cloud,arn:aws:ec2:us-west-2:108782052779:network-interface/eni-04757de5bbd309eda
2026-07-03T00:00:00Z,2026-07-04T00:00:00Z,True,0.000395835,Amazon Virtual Private Cloud,arn:aws:ec2:us-west-2:108782052779:network-interface/eni-0569dec1689461292
2026-07-03T00:00:00Z,2026-07-04T00:00:00Z,True,0.034468055,Amazon Virtual Private Cloud,arn:aws:ec2:us-west-2:108782052779:network-interface/eni-05e347bdf6eb85bdb
2026-07-03T00:00:00Z,2026-07-04T00:00:00Z,True,0.12,Amazon Virtual Private Cloud,arn:aws:ec2:us-west-2:108782052779:network-interface/eni-064218f01cc92ddaa
2026-07-03T00:00:00Z,2026-07-04T00:00:00Z,True,0.00067917,Amazon Virtual Private Cloud,arn:aws:ec2:us-west-2:108782052779:network-interface/eni-06b5e33b1773ecdd0
2026-07-03T00:00:00Z,2026-07-04T00:00:00Z,True,0.12,Amazon Virtual Private Cloud,arn:aws:ec2:us-west-2:108782052779:network-interface/eni-0725a15da78e40c9d
2026-07-03T00:00:00Z,2026-07-04T00:00:00Z,True,0.07110278,Amazon Virtual Private Cloud,arn:aws:ec2:us-west-2:108782052779:network-interface/eni-08be8efe7e4fd9ab0
2026-07-03T00:00:00Z,2026-07-04T00:00:00Z,True,0.000405555,Amazon Virtual Private Cloud,arn:aws:ec2:us-west-2:108782052779:network-interface/eni-08d02b684a049924c
2026-07-03T00:00:00Z,2026-07-04T00:00:00Z,True,0.12,Amazon Virtual Private Cloud,arn:aws:ec2:us-west-2:108782052779:network-interface/eni-099e96a4f6c1d02b6
2026-07-03T00:00:00Z,2026-07-04T00:00:00Z,True,0.12,Amazon Virtual Private Cloud,arn:aws:ec2:us-west-2:108782052779:network-interface/eni-0a2b78a4d3d361b96
2026-07-03T00:00:00Z,2026-07-04T00:00:00Z,True,0.004706945,Amazon Virtual Private Cloud,arn:aws:ec2:us-west-2:108782052779:network-interface/eni-0ab7663e5f1139821
2026-07-03T00:00:00Z,2026-07-04T00:00:00Z,True,0.00125972,Amazon Virtual Private Cloud,arn:aws:ec2:us-west-2:108782052779:network-interface/eni-0acd55d1cd821d12e
2026-07-03T00:00:00Z,2026-07-04T00:00:00Z,True,0.000431945,Amazon Virtual Private Cloud,arn:aws:ec2:us-west-2:108782052779:network-interface/eni-0b675f6f58038e08b
2026-07-03T00:00:00Z,2026-07-04T00:00:00Z,True,0.050781945,Amazon Virtual Private Cloud,arn:aws:ec2:us-west-2:108782052779:network-interface/eni-0ba5368c6c27fb834
2026-07-03T00:00:00Z,2026-07-04T00:00:00Z,True,0.12,Amazon Virtual Private Cloud,arn:aws:ec2:us-west-2:108782052779:network-interface/eni-0c5fcb42718642f57
2026-07-03T00:00:00Z,2026-07-04T00:00:00Z,True,0.00309167,Amazon Virtual Private Cloud,arn:aws:ec2:us-west-2:108782052779:network-interface/eni-0c780e7cc8e196d1f
2026-07-03T00:00:00Z,2026-07-04T00:00:00Z,True,0.05883611,Amazon Virtual Private Cloud,arn:aws:ec2:us-west-2:108782052779:network-interface/eni-0d010e7c9a08bcae1
2026-07-03T00:00:00Z,2026-07-04T00:00:00Z,True,0.02918194,Amazon Virtual Private Cloud,arn:aws:ec2:us-west-2:108782052779:network-interface/eni-0d4ee51e28356ec00
2026-07-03T00:00:00Z,2026-07-04T00:00:00Z,True,0.12,Amazon Virtual Private Cloud,arn:aws:ec2:us-west-2:108782052779:network-interface/eni-0e8383492c016f0dc
2026-07-03T00:00:00Z,2026-07-04T00:00:00Z,True,0.12,Amazon Virtual Private Cloud,arn:aws:ec2:us-west-2:171675361862:network-interface/eni-09dec6f627819db8b
2026-07-03T00:00:00Z,2026-07-04T00:00:00Z,True,0.2400055915,Amazon Virtual Private Cloud,arn:aws:ec2:us-west-2:171675361862:vpc-endpoint/vpce-02ac48bf0c4efb877
2026-07-03T00:00:00Z,2026-07-04T00:00:00Z,True,0.2400007349,Amazon Virtual Private Cloud,arn:aws:ec2:us-west-2:171675361862:vpc-endpoint/vpce-036891e26dd789978
2026-07-03T00:00:00Z,2026-07-04T00:00:00Z,True,0.2400102918,Amazon Virtual Private Cloud,arn:aws:ec2:us-west-2:171675361862:vpc-endpoint/vpce-0384b7109c7362817
2026-07-03T00:00:00Z,2026-07-04T00:00:00Z,True,0.24,Amazon Virtual Private Cloud,arn:aws:ec2:us-west-2:171675361862:vpc-endpoint/vpce-0766e7a15cf8b1a9f
2026-07-03T00:00:00Z,2026-07-04T00:00:00Z,True,0.2430860971,Amazon Virtual Private Cloud,arn:aws:ec2:us-west-2:171675361862:vpc-endpoint/vpce-07f1e154c6ff3a42f
2026-07-03T00:00:00Z,2026-07-04T00:00:00Z,True,0.2427597013,Amazon Virtual Private Cloud,arn:aws:ec2:us-west-2:171675361862:vpc-endpoint/vpce-096eaa1400b8861cb
2026-07-03T00:00:00Z,2026-07-04T00:00:00Z,True,0.24,Amazon Virtual Private Cloud,arn:aws:ec2:us-west-2:171675361862:vpc-endpoint/vpce-0f12344d88ada019d
2026-07-04T00:00:00Z,2026-07-05T00:00:00Z,True,1.3440000662,EC2 - Other,arn:aws:ec2:ap-south-1:108782052779:natgateway/nat-01dc061291fc51e75
2026-07-04T00:00:00Z,2026-07-05T00:00:00Z,True,1.3440000556,EC2 - Other,arn:aws:ec2:ap-south-1:108782052779:natgateway/nat-05f85018216cac061
2026-07-04T00:00:00Z,2026-07-05T00:00:00Z,True,0.0776926348,EC2 - Other,arn:aws:ec2:ap-south-1:108782052779:snapshot/snap-053909bfd492a6457
2026-07-04T00:00:00Z,2026-07-05T00:00:00Z,True,1.2480000387,EC2 - Other,arn:aws:ec2:eu-central-1:108782052779:natgateway/nat-0a2bfbfedf38f8e87
2026-07-04T00:00:00Z,2026-07-05T00:00:00Z,True,1.2480001094,EC2 - Other,arn:aws:ec2:eu-central-1:108782052779:natgateway/nat-0ec6ae9605269bef4
2026-07-04T00:00:00Z,2026-07-05T00:00:00Z,True,1.080000156,EC2 - Other,arn:aws:ec2:us-east-1:108782052779:natgateway/nat-089a96601cfd34f9d
2026-07-04T00:00:00Z,2026-07-05T00:00:00Z,True,0.0432491179,EC2 - Other,arn:aws:ec2:us-east-1:108782052779:snapshot/snap-07690eaa1400bc7f6
2026-07-04T00:00:00Z,2026-07-05T00:00:00Z,True,1.0837716478,EC2 - Other,arn:aws:ec2:us-west-2:108782052779:natgateway/nat-00246c8ef3b9087f1
2026-07-04T00:00:00Z,2026-07-05T00:00:00Z,True,1.0851574573,EC2 - Other,arn:aws:ec2:us-west-2:108782052779:natgateway/nat-00ac08b685fea726f
2026-07-04T00:00:00Z,2026-07-05T00:00:00Z,True,3.8539734968,EC2 - Other,arn:aws:ec2:us-west-2:108782052779:natgateway/nat-00f3c26e43ede9b10
2026-07-04T00:00:00Z,2026-07-05T00:00:00Z,True,1.0879005284,EC2 - Other,arn:aws:ec2:us-west-2:108782052779:natgateway/nat-0234e77781575cced
2026-07-04T00:00:00Z,2026-07-05T00:00:00Z,True,9.95267e-05,EC2 - Other,arn:aws:ec2:us-west-2:108782052779:snapshot/snap-0323e3d1551e8c88e
2026-07-04T00:00:00Z,2026-07-05T00:00:00Z,True,0.0432491179,EC2 - Other,arn:aws:ec2:us-west-2:108782052779:snapshot/snap-0356dd0198dfe4b00
2026-07-04T00:00:00Z,2026-07-05T00:00:00Z,True,0.0003732333,EC2 - Other,arn:aws:ec2:us-west-2:108782052779:snapshot/snap-0634221d8cc35f321
2026-07-04T00:00:00Z,2026-07-05T00:00:00Z,True,9.98548e-05,EC2 - Other,arn:aws:ec2:us-west-2:108782052779:snapshot/snap-079317c3729c8fc3c
2026-07-04T00:00:00Z,2026-07-05T00:00:00Z,True,0.0564728768,EC2 - Other,arn:aws:ec2:us-west-2:108782052779:snapshot/snap-098065aeca5894b60
2026-07-04T00:00:00Z,2026-07-05T00:00:00Z,True,1.3100708964,EC2 - Other,arn:aws:ec2:us-west-2:171675361862:natgateway/nat-01432c586ef9dbf51
2026-07-04T00:00:00Z,2026-07-05T00:00:00Z,True,0.0056349231,EC2 - Other,arn:aws:ec2:us-west-2:171675361862:snapshot/snap-002695a204188d63e
2026-07-04T00:00:00Z,2026-07-05T00:00:00Z,True,0.0053868448,EC2 - Other,arn:aws:ec2:us-west-2:171675361862:snapshot/snap-010eb6cbb466b71fd
2026-07-04T00:00:00Z,2026-07-05T00:00:00Z,True,0.0066185736,EC2 - Other,arn:aws:ec2:us-west-2:171675361862:snapshot/snap-01511ff7171eb9225
2026-07-04T00:00:00Z,2026-07-05T00:00:00Z,True,0.005452999,EC2 - Other,arn:aws:ec2:us-west-2:171675361862:snapshot/snap-016bea26228ab194d
2026-07-04T00:00:00Z,2026-07-05T00:00:00Z,True,0.0072431011,EC2 - Other,arn:aws:ec2:us-west-2:171675361862:snapshot/snap-0225be64252283430
2026-07-04T00:00:00Z,2026-07-05T00:00:00Z,True,0.0053167528,EC2 - Other,arn:aws:ec2:us-west-2:171675361862:snapshot/snap-031f9c5ef8426bd1c
2026-07-04T00:00:00Z,2026-07-05T00:00:00Z,True,0.0059971963,EC2 - Other,arn:aws:ec2:us-west-2:171675361862:snapshot/snap-0338d1716afca4e43
2026-07-04T00:00:00Z,2026-07-05T00:00:00Z,True,0.0053116337,EC2 - Other,arn:aws:ec2:us-west-2:171675361862:snapshot/snap-033ab1e381b5342f6
2026-07-04T00:00:00Z,2026-07-05T00:00:00Z,True,0.0125455467,EC2 - Other,arn:aws:ec2:us-west-2:171675361862:snapshot/snap-04835772777dad20e
2026-07-04T00:00:00Z,2026-07-05T00:00:00Z,True,0.0060499622,EC2 - Other,arn:aws:ec2:us-west-2:171675361862:snapshot/snap-0501d7cd23efcc020
2026-07-04T00:00:00Z,2026-07-05T00:00:00Z,True,0.0051915323,EC2 - Other,arn:aws:ec2:us-west-2:171675361862:snapshot/snap-050a336ac34adee25
2026-07-04T00:00:00Z,2026-07-05T00:00:00Z,True,0.0057711694,EC2 - Other,arn:aws:ec2:us-west-2:171675361862:snapshot/snap-06c0c905738f06aaf
2026-07-04T00:00:00Z,2026-07-05T00:00:00Z,True,0.0055081275,EC2 - Other,arn:aws:ec2:us-west-2:171675361862:snapshot/snap-07c960f2e8ecd2246
2026-07-04T00:00:00Z,2026-07-05T00:00:00Z,True,0.0058514995,EC2 - Other,arn:aws:ec2:us-west-2:171675361862:snapshot/snap-0818ddb9763ebade7
2026-07-04T00:00:00Z,2026-07-05T00:00:00Z,True,0.0060846144,EC2 - Other,arn:aws:ec2:us-west-2:171675361862:snapshot/snap-081d1157989f4430b
2026-07-04T00:00:00Z,2026-07-05T00:00:00Z,True,0.0067713584,EC2 - Other,arn:aws:ec2:us-west-2:171675361862:snapshot/snap-09a81377b032dbfba
2026-07-04T00:00:00Z,2026-07-05T00:00:00Z,True,0.0054207094,EC2 - Other,arn:aws:ec2:us-west-2:171675361862:snapshot/snap-0a1b0a3f89ddb1991
2026-07-04T00:00:00Z,2026-07-05T00:00:00Z,True,0.0055750693,EC2 - Other,arn:aws:ec2:us-west-2:171675361862:snapshot/snap-0a263ead2c9955ffe
2026-07-04T00:00:00Z,2026-07-05T00:00:00Z,True,0.0060412991,EC2 - Other,arn:aws:ec2:us-west-2:171675361862:snapshot/snap-0aa6b361bd48001c2
2026-07-04T00:00:00Z,2026-07-05T00:00:00Z,True,0.006195659,EC2 - Other,arn:aws:ec2:us-west-2:171675361862:snapshot/snap-0aaadd230c3f34822
2026-07-04T00:00:00Z,2026-07-05T00:00:00Z,True,0.0077203566,EC2 - Other,arn:aws:ec2:us-west-2:171675361862:snapshot/snap-0ad2c3c6333d7af72
2026-07-04T00:00:00Z,2026-07-05T00:00:00Z,True,0.0286143313,EC2 - Other,arn:aws:ec2:us-west-2:171675361862:snapshot/snap-0bace1a1137e22c44
2026-07-04T00:00:00Z,2026-07-05T00:00:00Z,True,0.0062011719,EC2 - Other,arn:aws:ec2:us-west-2:171675361862:snapshot/snap-0bed9cd5c78dd7a9e
2026-07-04T00:00:00Z,2026-07-05T00:00:00Z,True,0.0059940461,EC2 - Other,arn:aws:ec2:us-west-2:171675361862:snapshot/snap-0cd392bfda857c555
2026-07-04T00:00:00Z,2026-07-05T00:00:00Z,True,0.0062129851,EC2 - Other,arn:aws:ec2:us-west-2:171675361862:snapshot/snap-0da5e421575091cdf
2026-07-04T00:00:00Z,2026-07-05T00:00:00Z,True,0.0051781439,EC2 - Other,arn:aws:ec2:us-west-2:171675361862:snapshot/snap-0dd884c697c716097
2026-07-04T00:00:00Z,2026-07-05T00:00:00Z,True,0.0059397051,EC2 - Other,arn:aws:ec2:us-west-2:171675361862:snapshot/snap-0dec4b2eb2d9b764b
2026-07-04T00:00:00Z,2026-07-05T00:00:00Z,True,0.0056955645,EC2 - Other,arn:aws:ec2:us-west-2:171675361862:snapshot/snap-0e339244a4847882d
2026-07-04T00:00:00Z,2026-07-05T00:00:00Z,True,0.0055805822,EC2 - Other,arn:aws:ec2:us-west-2:171675361862:snapshot/snap-0e996b7ad4dda2005
2026-07-04T00:00:00Z,2026-07-05T00:00:00Z,True,0.0066957535,EC2 - Other,arn:aws:ec2:us-west-2:171675361862:snapshot/snap-0ee50102fc86b318a
2026-07-04T00:00:00Z,2026-07-05T00:00:00Z,True,0.0088008758,EC2 - Other,arn:aws:ec2:us-west-2:171675361862:snapshot/snap-0ff83cfed371294d7
2026-07-04T00:00:00Z,2026-07-05T00:00:00Z,True,0.0,EC2 - Other,i-0009c707869491d27
2026-07-04T00:00:00Z,2026-07-05T00:00:00Z,True,0.0,EC2 - Other,i-0096847f9045929c0
2026-07-04T00:00:00Z,2026-07-05T00:00:00Z,True,0.0,EC2 - Other,i-009af123651b8e1b7
2026-07-04T00:00:00Z,2026-07-05T00:00:00Z,True,0.0,EC2 - Other,i-00da88087c6f3ae19
2026-07-04T00:00:00Z,2026-07-05T00:00:00Z,True,0.0,EC2 - Other,i-01a1ca1925efdf348
2026-07-04T00:00:00Z,2026-07-05T00:00:00Z,True,3.8819e-06,EC2 - Other,i-01a4c46317267aa0b
2026-07-04T00:00:00Z,2026-07-05T00:00:00Z,True,0.0,EC2 - Other,i-01b80b08791821a70
2026-07-04T00:00:00Z,2026-07-05T00:00:00Z,True,0.0,EC2 - Other,i-01bac1315085a9e5e
2026-07-04T00:00:00Z,2026-07-05T00:00:00Z,True,0.0,EC2 - Other,i-01bd25115bd5c183c
2026-07-04T00:00:00Z,2026-07-05T00:00:00Z,True,0.0,EC2 - Other,i-01cebba824e9b3258
2026-07-04T00:00:00Z,2026-07-05T00:00:00Z,True,0.0,EC2 - Other,i-01d9f5767afcfe110
2026-07-04T00:00:00Z,2026-07-05T00:00:00Z,True,0.0,EC2 - Other,i-01e0545aa9553ad23
2026-07-04T00:00:00Z,2026-07-05T00:00:00Z,True,0.0,EC2 - Other,i-022189c7c713d3da8
2026-07-04T00:00:00Z,2026-07-05T00:00:00Z,True,0.0,EC2 - Other,i-022d9a923f1081028
2026-07-04T00:00:00Z,2026-07-05T00:00:00Z,True,0.0,EC2 - Other,i-02522894cc1ac120a
2026-07-04T00:00:00Z,2026-07-05T00:00:00Z,True,0.0,EC2 - Other,i-02a62d6d961e5db42
2026-07-04T00:00:00Z,2026-07-05T00:00:00Z,True,0.0,EC2 - Other,i-02b600977c6c8e308
2026-07-04T00:00:00Z,2026-07-05T00:00:00Z,True,0.0,EC2 - Other,i-02d569cc096510b4d
2026-07-04T00:00:00Z,2026-07-05T00:00:00Z,True,0.0,EC2 - Other,i-032665b40c416ea35
2026-07-04T00:00:00Z,2026-07-05T00:00:00Z,True,0.0,EC2 - Other,i-03267b2dcefee69e5
2026-07-04T00:00:00Z,2026-07-05T00:00:00Z,True,0.0,EC2 - Other,i-034909280d0cda315
2026-07-04T00:00:00Z,2026-07-05T00:00:00Z,True,0.0,EC2 - Other,i-037164692e43ab31a
2026-07-04T00:00:00Z,2026-07-05T00:00:00Z,True,0.0,EC2 - Other,i-0378a1d2efa83f9a1
2026-07-04T00:00:00Z,2026-07-05T00:00:00Z,True,0.0,EC2 - Other,i-03a6dd1dc33393890
2026-07-04T00:00:00Z,2026-07-05T00:00:00Z,True,1.745e-07,EC2 - Other,i-03dadb54f182e1dbe
2026-07-04T00:00:00Z,2026-07-05T00:00:00Z,True,0.0,EC2 - Other,i-03eb9a131bf9f77bf
2026-07-04T00:00:00Z,2026-07-05T00:00:00Z,True,0.0,EC2 - Other,i-0407566ad0f2fbff9
2026-07-04T00:00:00Z,2026-07-05T00:00:00Z,True,0.0,EC2 - Other,i-049ce5e1c0bc53726
2026-07-04T00:00:00Z,2026-07-05T00:00:00Z,True,5.72174e-05,EC2 - Other,i-04d3a8c6aae87f818
2026-07-04T00:00:00Z,2026-07-05T00:00:00Z,True,0.0,EC2 - Other,i-0504a29b49ef09c09
2026-07-04T00:00:00Z,2026-07-05T00:00:00Z,True,0.0,EC2 - Other,i-0509581bac04b5e1e
2026-07-04T00:00:00Z,2026-07-05T00:00:00Z,True,0.0,EC2 - Other,i-054f04c4e73ff7b9b
2026-07-04T00:00:00Z,2026-07-05T00:00:00Z,True,0.0,EC2 - Other,i-057ce28425f801814
2026-07-04T00:00:00Z,2026-07-05T00:00:00Z,True,0.0,EC2 - Other,i-0581a632a96e2b147
2026-07-04T00:00:00Z,2026-07-05T00:00:00Z,True,0.0,EC2 - Other,i-05bc7d57c39bd67bb
2026-07-04T00:00:00Z,2026-07-05T00:00:00Z,True,0.0,EC2 - Other,i-05d7fe106a4f58e6f
2026-07-04T00:00:00Z,2026-07-05T00:00:00Z,True,0.0,EC2 - Other,i-05f324b916f38ba40
2026-07-04T00:00:00Z,2026-07-05T00:00:00Z,True,0.0,EC2 - Other,i-0622c7b9924b3ee92
2026-07-04T00:00:00Z,2026-07-05T00:00:00Z,True,0.0,EC2 - Other,i-06268c8037ed7e2da
2026-07-04T00:00:00Z,2026-07-05T00:00:00Z,True,0.0,EC2 - Other,i-063368919cca07795
2026-07-04T00:00:00Z,2026-07-05T00:00:00Z,True,0.0,EC2 - Other,i-0687942b2a6c1b94b
2026-07-04T00:00:00Z,2026-07-05T00:00:00Z,True,0.0,EC2 - Other,i-0694ac4bc75524fc7
2026-07-04T00:00:00Z,2026-07-05T00:00:00Z,True,0.0,EC2 - Other,i-069f6b683fac1a2ac
2026-07-04T00:00:00Z,2026-07-05T00:00:00Z,True,0.0,EC2 - Other,i-071f217be7acf52ad
2026-07-04T00:00:00Z,2026-07-05T00:00:00Z,True,0.0,EC2 - Other,i-072a86b1ab7d73c22
2026-07-04T00:00:00Z,2026-07-05T00:00:00Z,True,0.0,EC2 - Other,i-073151f731d323a6f
2026-07-04T00:00:00Z,2026-07-05T00:00:00Z,True,0.0,EC2 - Other,i-074164b7b7407b1a1
2026-07-04T00:00:00Z,2026-07-05T00:00:00Z,True,0.0,EC2 - Other,i-0760db635c0115434
2026-07-04T00:00:00Z,2026-07-05T00:00:00Z,True,0.0,EC2 - Other,i-07632bf0063c1a99c
2026-07-04T00:00:00Z,2026-07-05T00:00:00Z,True,0.0,EC2 - Other,i-07a96573177a8d9b3
2026-07-04T00:00:00Z,2026-07-05T00:00:00Z,True,0.0,EC2 - Other,i-07b1d47e3285f7d02
2026-07-04T00:00:00Z,2026-07-05T00:00:00Z,True,0.0183051577,EC2 - Other,i-07df3a933e4839f52
2026-07-04T00:00:00Z,2026-07-05T00:00:00Z,True,0.0,EC2 - Other,i-0834e5fc26a70913a
2026-07-04T00:00:00Z,2026-07-05T00:00:00Z,True,0.0,EC2 - Other,i-084e358bf9ec6ea44
2026-07-04T00:00:00Z,2026-07-05T00:00:00Z,True,0.0,EC2 - Other,i-086c59186ea1279f7
2026-07-04T00:00:00Z,2026-07-05T00:00:00Z,True,0.0,EC2 - Other,i-08c4de4929ef7999d
2026-07-04T00:00:00Z,2026-07-05T00:00:00Z,True,0.0,EC2 - Other,i-08d4f18f7bf85d7fa
2026-07-04T00:00:00Z,2026-07-05T00:00:00Z,True,0.0,EC2 - Other,i-0902a32d2e3a27564
2026-07-04T00:00:00Z,2026-07-05T00:00:00Z,True,0.0,EC2 - Other,i-094d359cfaba0e029
2026-07-04T00:00:00Z,2026-07-05T00:00:00Z,True,0.0,EC2 - Other,i-099a1aea99e387d6f
2026-07-04T00:00:00Z,2026-07-05T00:00:00Z,True,0.0,EC2 - Other,i-09d5053cbe9387001
2026-07-04T00:00:00Z,2026-07-05T00:00:00Z,True,0.0,EC2 - Other,i-09d7ad63e3024d2c0
2026-07-04T00:00:00Z,2026-07-05T00:00:00Z,True,0.0,EC2 - Other,i-09e3e2455798a5111
2026-07-04T00:00:00Z,2026-07-05T00:00:00Z,True,0.0,EC2 - Other,i-09e73a4140c62b895
2026-07-04T00:00:00Z,2026-07-05T00:00:00Z,True,0.0,EC2 - Other,i-09e8463a348b97afc
2026-07-04T00:00:00Z,2026-07-05T00:00:00Z,True,0.0,EC2 - Other,i-09f0e9d7e1f3de045
2026-07-04T00:00:00Z,2026-07-05T00:00:00Z,True,3.4752e-06,EC2 - Other,i-09f66b3f11ea42c60
2026-07-04T00:00:00Z,2026-07-05T00:00:00Z,True,0.0,EC2 - Other,i-09fa5edcd0a446e13
2026-07-04T00:00:00Z,2026-07-05T00:00:00Z,True,0.0,EC2 - Other,i-0a22baf96951c6101
2026-07-04T00:00:00Z,2026-07-05T00:00:00Z,True,0.0,EC2 - Other,i-0a4667505de33dce5
2026-07-04T00:00:00Z,2026-07-05T00:00:00Z,True,0.0,EC2 - Other,i-0a4ff05abb273d28d
2026-07-04T00:00:00Z,2026-07-05T00:00:00Z,True,0.0,EC2 - Other,i-0a7e3e768715685fa
2026-07-04T00:00:00Z,2026-07-05T00:00:00Z,True,0.0,EC2 - Other,i-0a92e80b8f113c123
2026-07-04T00:00:00Z,2026-07-05T00:00:00Z,True,1.1254e-06,EC2 - Other,i-0ab7116abc8229a16
2026-07-04T00:00:00Z,2026-07-05T00:00:00Z,True,0.0,EC2 - Other,i-0aeee2c3d7faab2cb
2026-07-04T00:00:00Z,2026-07-05T00:00:00Z,True,0.0,EC2 - Other,i-0b421d0c3bafb9ed5
2026-07-04T00:00:00Z,2026-07-05T00:00:00Z,True,0.0,EC2 - Other,i-0c935e85d25848fee
2026-07-04T00:00:00Z,2026-07-05T00:00:00Z,True,0.0,EC2 - Other,i-0ca295adc8b043fb5
2026-07-04T00:00:00Z,2026-07-05T00:00:00Z,True,0.0,EC2 - Other,i-0ca7ae5afdd2c3c25
2026-07-04T00:00:00Z,2026-07-05T00:00:00Z,True,0.0,EC2 - Other,i-0cc03b5a901bd1424
2026-07-04T00:00:00Z,2026-07-05T00:00:00Z,True,0.0002038173,EC2 - Other,i-0cce1c2d935e86786
2026-07-04T00:00:00Z,2026-07-05T00:00:00Z,True,0.0,EC2 - Other,i-0cfbe40739e4970ef
2026-07-04T00:00:00Z,2026-07-05T00:00:00Z,True,2.0472e-06,EC2 - Other,i-0da4185030bbccc2b
2026-07-04T00:00:00Z,2026-07-05T00:00:00Z,True,0.0,EC2 - Other,i-0dae98739fe90893a
2026-07-04T00:00:00Z,2026-07-05T00:00:00Z,True,0.0,EC2 - Other,i-0db2262bee1f7265c
2026-07-04T00:00:00Z,2026-07-05T00:00:00Z,True,0.0,EC2 - Other,i-0dfb75eb0727a84e4
2026-07-04T00:00:00Z,2026-07-05T00:00:00Z,True,0.0,EC2 - Other,i-0e3f62e745a58be00
2026-07-04T00:00:00Z,2026-07-05T00:00:00Z,True,0.0,EC2 - Other,i-0e44516d42e09ad7d
2026-07-04T00:00:00Z,2026-07-05T00:00:00Z,True,0.0,EC2 - Other,i-0e4edb43d9df07bc5
2026-07-04T00:00:00Z,2026-07-05T00:00:00Z,True,0.0,EC2 - Other,i-0e5bdf91602a2a228
2026-07-04T00:00:00Z,2026-07-05T00:00:00Z,True,0.0,EC2 - Other,i-0e63071b1eec5cad1
2026-07-04T00:00:00Z,2026-07-05T00:00:00Z,True,0.0,EC2 - Other,i-0e91d5a2189f83a12
2026-07-04T00:00:00Z,2026-07-05T00:00:00Z,True,0.0,EC2 - Other,i-0e989d51c2c0530f7
2026-07-04T00:00:00Z,2026-07-05T00:00:00Z,True,0.0,EC2 - Other,i-0e9be0e77ed9aa169
2026-07-04T00:00:00Z,2026-07-05T00:00:00Z,True,0.0,EC2 - Other,i-0eb434ec4e066c793
2026-07-04T00:00:00Z,2026-07-05T00:00:00Z,True,0.0,EC2 - Other,i-0f08bbacdffb161bd
2026-07-04T00:00:00Z,2026-07-05T00:00:00Z,True,0.0,EC2 - Other,i-0f4c0616edd60e689
2026-07-04T00:00:00Z,2026-07-05T00:00:00Z,True,0.0,EC2 - Other,i-0f871031a5226eae3
2026-07-04T00:00:00Z,2026-07-05T00:00:00Z,True,0.0,EC2 - Other,i-0f8f6ca3bf6749946
2026-07-04T00:00:00Z,2026-07-05T00:00:00Z,True,0.0,EC2 - Other,i-0fdb619f2de47bb93
2026-07-04T00:00:00Z,2026-07-05T00:00:00Z,True,0.0,EC2 - Other,i-0fea08aba0b2ea91d
2026-07-04T00:00:00Z,2026-07-05T00:00:00Z,True,0.0036330645,EC2 - Other,vol-0006d6d3432ee287e
2026-07-04T00:00:00Z,2026-07-05T00:00:00Z,True,0.0022069892,EC2 - Other,vol-002ffe6d1be5e3279
2026-07-04T00:00:00Z,2026-07-05T00:00:00Z,True,0.0043870968,EC2 - Other,vol-003181f4b6e07b1a0
2026-07-04T00:00:00Z,2026-07-05T00:00:00Z,True,0.0774193536,EC2 - Other,vol-0054217b60d3a15d8
2026-07-04T00:00:00Z,2026-07-05T00:00:00Z,True,0.0031801075,EC2 - Other,vol-00824aabfbe630b03
2026-07-04T00:00:00Z,2026-07-05T00:00:00Z,True,0.8670967752,EC2 - Other,vol-00cbb7ba932dbd3a4
2026-07-04T00:00:00Z,2026-07-05T00:00:00Z,True,0.0089180108,EC2 - Other,vol-00d7a759a8e0bd2cd
2026-07-04T00:00:00Z,2026-07-05T00:00:00Z,True,0.006483871,EC2 - Other,vol-00e543ffabb2e4be4
2026-07-04T00:00:00Z,2026-07-05T00:00:00Z,True,0.0014758064,EC2 - Other,vol-011c8093edb0a0035
2026-07-04T00:00:00Z,2026-07-05T00:00:00Z,True,0.0012768817,EC2 - Other,vol-011dc0c9c30211ac0
2026-07-04T00:00:00Z,2026-07-05T00:00:00Z,True,0.8670967752,EC2 - Other,vol-014b3f723fb89dc63
2026-07-04T00:00:00Z,2026-07-05T00:00:00Z,True,0.0012755376,EC2 - Other,vol-014e0f6c0a1fe5525
2026-07-04T00:00:00Z,2026-07-05T00:00:00Z,True,0.0082096774,EC2 - Other,vol-017ff6726f6d16d3a
2026-07-04T00:00:00Z,2026-07-05T00:00:00Z,True,0.0008508064,EC2 - Other,vol-01bfe8ac483af35fc
2026-07-04T00:00:00Z,2026-07-05T00:00:00Z,True,0.0014032258,EC2 - Other,vol-01c6270859f1b9770
2026-07-04T00:00:00Z,2026-07-05T00:00:00Z,True,0.0035483871,EC2 - Other,vol-01cad871768d9b64d
2026-07-04T00:00:00Z,2026-07-05T00:00:00Z,True,0.0075120968,EC2 - Other,vol-01ef3d9867f80bb1c
2026-07-04T00:00:00Z,2026-07-05T00:00:00Z,True,0.0018534946,EC2 - Other,vol-022b87256bc9c4a41
2026-07-04T00:00:00Z,2026-07-05T00:00:00Z,True,0.0516129024,EC2 - Other,vol-02caa6b741e86c280
2026-07-04T00:00:00Z,2026-07-05T00:00:00Z,True,0.0007795699,EC2 - Other,vol-02e07b417cb7ff3a9
2026-07-04T00:00:00Z,2026-07-05T00:00:00Z,True,0.0079112903,EC2 - Other,vol-02e2de31faeee0a74
2026-07-04T00:00:00Z,2026-07-05T00:00:00Z,True,0.0012526882,EC2 - Other,vol-03487fde8bb969465
2026-07-04T00:00:00Z,2026-07-05T00:00:00Z,True,0.0079811828,EC2 - Other,vol-0349878b4cc700af8
2026-07-04T00:00:00Z,2026-07-05T00:00:00Z,True,0.0014583333,EC2 - Other,vol-0353f0c0ad91fecd6
2026-07-04T00:00:00Z,2026-07-05T00:00:00Z,True,0.0034516129,EC2 - Other,vol-0387e7522684c5c84
2026-07-04T00:00:00Z,2026-07-05T00:00:00Z,True,0.8670967752,EC2 - Other,vol-0392bc7824a1e81e8
2026-07-04T00:00:00Z,2026-07-05T00:00:00Z,True,0.0070604839,EC2 - Other,vol-03eb0ca3d1225cab7
2026-07-04T00:00:00Z,2026-07-05T00:00:00Z,True,0.003125,EC2 - Other,vol-04060f92bcc4ba648
2026-07-04T00:00:00Z,2026-07-05T00:00:00Z,True,0.0026895161,EC2 - Other,vol-0407fafca02994ae0
2026-07-04T00:00:00Z,2026-07-05T00:00:00Z,True,0.0009193548,EC2 - Other,vol-042702c760b3e87ce
2026-07-04T00:00:00Z,2026-07-05T00:00:00Z,True,0.0015551075,EC2 - Other,vol-042c1ae474a57045b
2026-07-04T00:00:00Z,2026-07-05T00:00:00Z,True,0.8670967752,EC2 - Other,vol-04646998d6f1fd325
2026-07-04T00:00:00Z,2026-07-05T00:00:00Z,True,0.0008978495,EC2 - Other,vol-04c7cba6b3b676d0d
2026-07-04T00:00:00Z,2026-07-05T00:00:00Z,True,0.0008548387,EC2 - Other,vol-04f2d9a362ea7af5a
2026-07-04T00:00:00Z,2026-07-05T00:00:00Z,True,0.0074072581,EC2 - Other,vol-04f8213d35f6f6093
2026-07-04T00:00:00Z,2026-07-05T00:00:00Z,True,0.0018400538,EC2 - Other,vol-050467d0c380ea378
2026-07-04T00:00:00Z,2026-07-05T00:00:00Z,True,0.0080295699,EC2 - Other,vol-053d65f9cd7a1e289
2026-07-04T00:00:00Z,2026-07-05T00:00:00Z,True,0.0051612912,EC2 - Other,vol-0542fd77a5e4a4f63
2026-07-04T00:00:00Z,2026-07-05T00:00:00Z,True,0.0012755376,EC2 - Other,vol-0548030bdaa49f3a7
2026-07-04T00:00:00Z,2026-07-05T00:00:00Z,True,0.0111747312,EC2 - Other,vol-05680872cd3fb88fb
2026-07-04T00:00:00Z,2026-07-05T00:00:00Z,True,0.0009959677,EC2 - Other,vol-05b5e9133d9d16449
2026-07-04T00:00:00Z,2026-07-05T00:00:00Z,True,0.0029663978,EC2 - Other,vol-05be9b7d39516e5dd
2026-07-04T00:00:00Z,2026-07-05T00:00:00Z,True,0.0015752688,EC2 - Other,vol-05c37f66b338a2916
2026-07-04T00:00:00Z,2026-07-05T00:00:00Z,True,0.0034704301,EC2 - Other,vol-05f3c6e13e2d00bb0
2026-07-04T00:00:00Z,2026-07-05T00:00:00Z,True,0.0013938172,EC2 - Other,vol-062c82a20f449c154
2026-07-04T00:00:00Z,2026-07-05T00:00:00Z,True,0.0032741936,EC2 - Other,vol-06915ee63e9c59eae
2026-07-04T00:00:00Z,2026-07-05T00:00:00Z,True,0.0012526882,EC2 - Other,vol-06acc2c7072883e47
2026-07-04T00:00:00Z,2026-07-05T00:00:00Z,True,0.0014233871,EC2 - Other,vol-06e17282e32822503
2026-07-04T00:00:00Z,2026-07-05T00:00:00Z,True,0.0008965054,EC2 - Other,vol-0720e523e2c3893ef
2026-07-04T00:00:00Z,2026-07-05T00:00:00Z,True,1.0864516128,EC2 - Other,vol-076c411f48eb914a2
2026-07-04T00:00:00Z,2026-07-05T00:00:00Z,True,1.0864516128,EC2 - Other,vol-077b3ad123c39d931
2026-07-04T00:00:00Z,2026-07-05T00:00:00Z,True,1.0297649939,EC2 - Other,vol-078b57f242d98deb7
2026-07-04T00:00:00Z,2026-07-05T00:00:00Z,True,0.0010013441,EC2 - Other,vol-078c1a03edfece659
2026-07-04T00:00:00Z,2026-07-05T00:00:00Z,True,0.0035819892,EC2 - Other,vol-07930439455598058
2026-07-04T00:00:00Z,2026-07-05T00:00:00Z,True,0.0024583333,EC2 - Other,vol-0796703910ce028f4
2026-07-04T00:00:00Z,2026-07-05T00:00:00Z,True,0.0053924731,EC2 - Other,vol-07a68b33c51a8c881
2026-07-04T00:00:00Z,2026-07-05T00:00:00Z,True,0.0014314516,EC2 - Other,vol-07acb590a5f82f933
2026-07-04T00:00:00Z,2026-07-05T00:00:00Z,True,0.000875,EC2 - Other,vol-07e6482200ebe1cc3
2026-07-04T00:00:00Z,2026-07-05T00:00:00Z,True,15.4838709672,EC2 - Other,vol-0840104f024bda559
2026-07-04T00:00:00Z,2026-07-05T00:00:00Z,True,0.0021129032,EC2 - Other,vol-0858d6b3643c09b56
2026-07-04T00:00:00Z,2026-07-05T00:00:00Z,True,0.0069502688,EC2 - Other,vol-088374a8cbcf8f678
2026-07-04T00:00:00Z,2026-07-05T00:00:00Z,True,0.0008965054,EC2 - Other,vol-089113389ea24d54d
2026-07-04T00:00:00Z,2026-07-05T00:00:00Z,True,0.1290322584,EC2 - Other,vol-08dee3ee1394063cb
2026-07-04T00:00:00Z,2026-07-05T00:00:00Z,True,0.0108373656,EC2 - Other,vol-09060f0bbd29d03ea
2026-07-04T00:00:00Z,2026-07-05T00:00:00Z,True,0.0206451624,EC2 - Other,vol-0941af554a7184c73
2026-07-04T00:00:00Z,2026-07-05T00:00:00Z,True,0.0206451624,EC2 - Other,vol-09454929e2c583ae7
2026-07-04T00:00:00Z,2026-07-05T00:00:00Z,True,0.0008991936,EC2 - Other,vol-094f80a057e677f7f
2026-07-04T00:00:00Z,2026-07-05T00:00:00Z,True,0.0042594086,EC2 - Other,vol-096cf950053eca385
2026-07-04T00:00:00Z,2026-07-05T00:00:00Z,True,0.003563172,EC2 - Other,vol-099a35849c654962d
2026-07-04T00:00:00Z,2026-07-05T00:00:00Z,True,0.0031680108,EC2 - Other,vol-09de7d9de6b6c300c
2026-07-04T00:00:00Z,2026-07-05T00:00:00Z,True,0.0072983871,EC2 - Other,vol-09e671cd7e1ac3af6
2026-07-04T00:00:00Z,2026-07-05T00:00:00Z,True,0.0009354839,EC2 - Other,vol-0a0153f19409ca3cd
2026-07-04T00:00:00Z,2026-07-05T00:00:00Z,True,0.0069327957,EC2 - Other,vol-0a07f11aaee73c8c7
2026-07-04T00:00:00Z,2026-07-05T00:00:00Z,True,0.0009704301,EC2 - Other,vol-0a3a6691a2bcbf348
2026-07-04T00:00:00Z,2026-07-05T00:00:00Z,True,0.0124784947,EC2 - Other,vol-0a40a670ce7883a23
2026-07-04T00:00:00Z,2026-07-05T00:00:00Z,True,0.0079623656,EC2 - Other,vol-0a4203f178f14b825
2026-07-04T00:00:00Z,2026-07-05T00:00:00Z,True,0.0014341398,EC2 - Other,vol-0a5348bd736bee37b
2026-07-04T00:00:00Z,2026-07-05T00:00:00Z,True,0.0008494624,EC2 - Other,vol-0a61300d5fa06bd90
2026-07-04T00:00:00Z,2026-07-05T00:00:00Z,True,0.8670967752,EC2 - Other,vol-0aa3f5a0f5cdca9a0
2026-07-04T00:00:00Z,2026-07-05T00:00:00Z,True,0.0008051075,EC2 - Other,vol-0aace71e6e647e3a2
2026-07-04T00:00:00Z,2026-07-05T00:00:00Z,True,0.0033938172,EC2 - Other,vol-0abb7120540f903e2
2026-07-04T00:00:00Z,2026-07-05T00:00:00Z,True,0.0008965054,EC2 - Other,vol-0ac55449a388d27bb
2026-07-04T00:00:00Z,2026-07-05T00:00:00Z,True,0.0206451624,EC2 - Other,vol-0af8f94e0cd058ddf
2026-07-04T00:00:00Z,2026-07-05T00:00:00Z,True,0.011155914,EC2 - Other,vol-0afb85408ec04d005
2026-07-04T00:00:00Z,2026-07-05T00:00:00Z,True,0.0018467742,EC2 - Other,vol-0b168cd7253b3f6ba
2026-07-04T00:00:00Z,2026-07-05T00:00:00Z,True,0.0008723118,EC2 - Other,vol-0b2b0413102c28e63
2026-07-04T00:00:00Z,2026-07-05T00:00:00Z,True,0.0206451624,EC2 - Other,vol-0b6a14b3d2c01264d
2026-07-04T00:00:00Z,2026-07-05T00:00:00Z,True,0.0051612912,EC2 - Other,vol-0b98b1e8d330cca41
2026-07-04T00:00:00Z,2026-07-05T00:00:00Z,True,0.8670967752,EC2 - Other,vol-0b99a6dcae2700982
2026-07-04T00:00:00Z,2026-07-05T00:00:00Z,True,0.0079314516,EC2 - Other,vol-0b9e310c6ef7a315c
2026-07-04T00:00:00Z,2026-07-05T00:00:00Z,True,0.0035322581,EC2 - Other,vol-0ba440211108d4f03
2026-07-04T00:00:00Z,2026-07-05T00:00:00Z,True,0.0008145161,EC2 - Other,vol-0be9c7d2f3335bee1
2026-07-04T00:00:00Z,2026-07-05T00:00:00Z,True,0.0035860215,EC2 - Other,vol-0c00c240cb887a323
2026-07-04T00:00:00Z,2026-07-05T00:00:00Z,True,0.6038709672,EC2 - Other,vol-0c26833469cf6995a
2026-07-04T00:00:00Z,2026-07-05T00:00:00Z,True,0.0014905914,EC2 - Other,vol-0c3f0c433f9d0b5a4
2026-07-04T00:00:00Z,2026-07-05T00:00:00Z,True,0.8670967752,EC2 - Other,vol-0c69ba6b467620e14
2026-07-04T00:00:00Z,2026-07-05T00:00:00Z,True,0.0035497312,EC2 - Other,vol-0cce4243eb5f73a8c
2026-07-04T00:00:00Z,2026-07-05T00:00:00Z,True,0.0009435484,EC2 - Other,vol-0cde3feadf59bbd94
2026-07-04T00:00:00Z,2026-07-05T00:00:00Z,True,0.0008346774,EC2 - Other,vol-0cf98b4dea3ed1b33
2026-07-04T00:00:00Z,2026-07-05T00:00:00Z,True,0.0008037634,EC2 - Other,vol-0d4772a3a01626804
2026-07-04T00:00:00Z,2026-07-05T00:00:00Z,True,0.0027540323,EC2 - Other,vol-0d6d20a82bf67c775
2026-07-04T00:00:00Z,2026-07-05T00:00:00Z,True,0.0030793011,EC2 - Other,vol-0dacad66012e259ae
2026-07-04T00:00:00Z,2026-07-05T00:00:00Z,True,0.001280914,EC2 - Other,vol-0db19f14b362456ff
2026-07-04T00:00:00Z,2026-07-05T00:00:00Z,True,0.8670967752,EC2 - Other,vol-0dba752186e34e08c
2026-07-04T00:00:00Z,2026-07-05T00:00:00Z,True,0.0008669355,EC2 - Other,vol-0dc9e3d64e701ffb7
2026-07-04T00:00:00Z,2026-07-05T00:00:00Z,True,0.0014112903,EC2 - Other,vol-0e008ae5845c5a659
2026-07-04T00:00:00Z,2026-07-05T00:00:00Z,True,0.0035349462,EC2 - Other,vol-0e2ca85a7909dd0cc
2026-07-04T00:00:00Z,2026-07-05T00:00:00Z,True,0.0035510753,EC2 - Other,vol-0e85666d4c79cc461
2026-07-04T00:00:00Z,2026-07-05T00:00:00Z,True,0.8670967752,EC2 - Other,vol-0ea36895cc2b979ac
2026-07-04T00:00:00Z,2026-07-05T00:00:00Z,True,0.010795699,EC2 - Other,vol-0efa258e65ada9828
2026-07-04T00:00:00Z,2026-07-05T00:00:00Z,True,0.008905914,EC2 - Other,vol-0f12be572c22facf1
2026-07-04T00:00:00Z,2026-07-05T00:00:00Z,True,0.8670967752,EC2 - Other,vol-0f2da5c82d0de1378
2026-07-04T00:00:00Z,2026-07-05T00:00:00Z,True,0.0071276882,EC2 - Other,vol-0f3f44a19486c5b79
2026-07-04T00:00:00Z,2026-07-05T00:00:00Z,True,0.0035322581,EC2 - Other,vol-0f67220cce59111eb
2026-07-04T00:00:00Z,2026-07-05T00:00:00Z,True,0.0008870968,EC2 - Other,vol-0f7adfb0067440df0
2026-07-04T00:00:00Z,2026-07-05T00:00:00Z,True,0.8670967752,EC2 - Other,vol-0f9efeb41e207d738
2026-07-04T00:00:00Z,2026-07-05T00:00:00Z,True,0.0017634409,EC2 - Other,vol-0fe49ac53c3901731
2026-07-04T00:00:00Z,2026-07-05T00:00:00Z,True,0.0081962366,EC2 - Other,vol-0ff2358ab7ff8d21f
2026-07-04T00:00:00Z,2026-07-05T00:00:00Z,True,0.0,Amazon Elastic Compute Cloud - Compute,arn:aws:ec2:ap-south-1:108782052779:natgateway/nat-01dc061291fc51e75
2026-07-04T00:00:00Z,2026-07-05T00:00:00Z,True,0.0,Amazon Elastic Compute Cloud - Compute,arn:aws:ec2:ap-south-1:108782052779:natgateway/nat-05f85018216cac061
2026-07-04T00:00:00Z,2026-07-05T00:00:00Z,True,0.0,Amazon Elastic Compute Cloud - Compute,arn:aws:ec2:eu-central-1:108782052779:natgateway/nat-0a2bfbfedf38f8e87
2026-07-04T00:00:00Z,2026-07-05T00:00:00Z,True,0.0,Amazon Elastic Compute Cloud - Compute,arn:aws:ec2:eu-central-1:108782052779:natgateway/nat-0ec6ae9605269bef4
2026-07-04T00:00:00Z,2026-07-05T00:00:00Z,True,0.0,Amazon Elastic Compute Cloud - Compute,arn:aws:ec2:us-east-1:108782052779:natgateway/nat-089a96601cfd34f9d
2026-07-04T00:00:00Z,2026-07-05T00:00:00Z,True,0.0,Amazon Elastic Compute Cloud - Compute,arn:aws:ec2:us-west-2:108782052779:natgateway/nat-00246c8ef3b9087f1
2026-07-04T00:00:00Z,2026-07-05T00:00:00Z,True,0.0,Amazon Elastic Compute Cloud - Compute,arn:aws:ec2:us-west-2:108782052779:natgateway/nat-00ac08b685fea726f
2026-07-04T00:00:00Z,2026-07-05T00:00:00Z,True,4.4459e-06,Amazon Elastic Compute Cloud - Compute,arn:aws:ec2:us-west-2:108782052779:natgateway/nat-00f3c26e43ede9b10
2026-07-04T00:00:00Z,2026-07-05T00:00:00Z,True,0.0,Amazon Elastic Compute Cloud - Compute,arn:aws:ec2:us-west-2:108782052779:natgateway/nat-0234e77781575cced
2026-07-04T00:00:00Z,2026-07-05T00:00:00Z,True,0.0012906653,Amazon Elastic Compute Cloud - Compute,arn:aws:ec2:us-west-2:171675361862:natgateway/nat-01432c586ef9dbf51
2026-07-04T00:00:00Z,2026-07-05T00:00:00Z,True,22.3422820735,Amazon Elastic Compute Cloud - Compute,i-0009c707869491d27
2026-07-04T00:00:00Z,2026-07-05T00:00:00Z,True,1.9783210168,Amazon Elastic Compute Cloud - Compute,i-0096847f9045929c0
2026-07-04T00:00:00Z,2026-07-05T00:00:00Z,True,1.9586497824,Amazon Elastic Compute Cloud - Compute,i-009af123651b8e1b7
2026-07-04T00:00:00Z,2026-07-05T00:00:00Z,True,1.2826914249,Amazon Elastic Compute Cloud - Compute,i-00da88087c6f3ae19
2026-07-04T00:00:00Z,2026-07-05T00:00:00Z,True,7.9837054076,Amazon Elastic Compute Cloud - Compute,i-01a1ca1925efdf348
2026-07-04T00:00:00Z,2026-07-05T00:00:00Z,True,24.9461948232,Amazon Elastic Compute Cloud - Compute,i-01a4c46317267aa0b
2026-07-04T00:00:00Z,2026-07-05T00:00:00Z,True,14.6479758908,Amazon Elastic Compute Cloud - Compute,i-01b80b08791821a70
2026-07-04T00:00:00Z,2026-07-05T00:00:00Z,True,1.9156243161,Amazon Elastic Compute Cloud - Compute,i-01bac1315085a9e5e
2026-07-04T00:00:00Z,2026-07-05T00:00:00Z,True,6.9072719592,Amazon Elastic Compute Cloud - Compute,i-01bd25115bd5c183c
2026-07-04T00:00:00Z,2026-07-05T00:00:00Z,True,1.8095250564,Amazon Elastic Compute Cloud - Compute,i-01cebba824e9b3258
2026-07-04T00:00:00Z,2026-07-05T00:00:00Z,True,5.1015234816,Amazon Elastic Compute Cloud - Compute,i-01d9f5767afcfe110
2026-07-04T00:00:00Z,2026-07-05T00:00:00Z,True,3.9936,Amazon Elastic Compute Cloud - Compute,i-01db42c813d037c0e
2026-07-04T00:00:00Z,2026-07-05T00:00:00Z,True,1.0315774365,Amazon Elastic Compute Cloud - Compute,i-01e0545aa9553ad23
2026-07-04T00:00:00Z,2026-07-05T00:00:00Z,True,1.3934274816,Amazon Elastic Compute Cloud - Compute,i-022189c7c713d3da8
2026-07-04T00:00:00Z,2026-07-05T00:00:00Z,True,1.7395986848,Amazon Elastic Compute Cloud - Compute,i-022d9a923f1081028
2026-07-04T00:00:00Z,2026-07-05T00:00:00Z,True,15.6719294952,Amazon Elastic Compute Cloud - Compute,i-02522894cc1ac120a
2026-07-04T00:00:00Z,2026-07-05T00:00:00Z,True,7.9261551954,Amazon Elastic Compute Cloud - Compute,i-02a62d6d961e5db42
2026-07-04T00:00:00Z,2026-07-05T00:00:00Z,True,16.8998949339,Amazon Elastic Compute Cloud - Compute,i-02b600977c6c8e308
2026-07-04T00:00:00Z,2026-07-05T00:00:00Z,True,7.7549723046,Amazon Elastic Compute Cloud - Compute,i-02d569cc096510b4d
2026-07-04T00:00:00Z,2026-07-05T00:00:00Z,True,0.2496,Amazon Elastic Compute Cloud - Compute,i-02ffc986b48f04b81
2026-07-04T00:00:00Z,2026-07-05T00:00:00Z,True,1.68538425,Amazon Elastic Compute Cloud - Compute,i-032665b40c416ea35
2026-07-04T00:00:00Z,2026-07-05T00:00:00Z,True,1.2782651334,Amazon Elastic Compute Cloud - Compute,i-03267b2dcefee69e5
2026-07-04T00:00:00Z,2026-07-05T00:00:00Z,True,2.0508740682,Amazon Elastic Compute Cloud - Compute,i-034909280d0cda315
2026-07-04T00:00:00Z,2026-07-05T00:00:00Z,True,3.5321822592,Amazon Elastic Compute Cloud - Compute,i-037164692e43ab31a
2026-07-04T00:00:00Z,2026-07-05T00:00:00Z,True,4.7529315648,Amazon Elastic Compute Cloud - Compute,i-0378a1d2efa83f9a1
2026-07-04T00:00:00Z,2026-07-05T00:00:00Z,True,1.8358089387,Amazon Elastic Compute Cloud - Compute,i-03a6dd1dc33393890
2026-07-04T00:00:00Z,2026-07-05T00:00:00Z,True,0.2496,Amazon Elastic Compute Cloud - Compute,i-03cd726ad5d7f3f3d
2026-07-04T00:00:00Z,2026-07-05T00:00:00Z,True,25.4016,Amazon Elastic Compute Cloud - Compute,i-03dadb54f182e1dbe
2026-07-04T00:00:00Z,2026-07-05T00:00:00Z,True,11.7330490368,Amazon Elastic Compute Cloud - Compute,i-03eb9a131bf9f77bf
2026-07-04T00:00:00Z,2026-07-05T00:00:00Z,True,7.9867868152,Amazon Elastic Compute Cloud - Compute,i-0407566ad0f2fbff9
2026-07-04T00:00:00Z,2026-07-05T00:00:00Z,True,1.4111814832,Amazon Elastic Compute Cloud - Compute,i-049ce5e1c0bc53726
2026-07-04T00:00:00Z,2026-07-05T00:00:00Z,True,0.1248,Amazon Elastic Compute Cloud - Compute,i-04d3a8c6aae87f818
2026-07-04T00:00:00Z,2026-07-05T00:00:00Z,True,7.3708650048,Amazon Elastic Compute Cloud - Compute,i-0504a29b49ef09c09
2026-07-04T00:00:00Z,2026-07-05T00:00:00Z,True,1.129017841,Amazon Elastic Compute Cloud - Compute,i-0509581bac04b5e1e
2026-07-04T00:00:00Z,2026-07-05T00:00:00Z,True,1.3513667332,Amazon Elastic Compute Cloud - Compute,i-054f04c4e73ff7b9b
2026-07-04T00:00:00Z,2026-07-05T00:00:00Z,True,17.9748813614,Amazon Elastic Compute Cloud - Compute,i-057ce28425f801814
2026-07-04T00:00:00Z,2026-07-05T00:00:00Z,True,1.3980605184,Amazon Elastic Compute Cloud - Compute,i-0581a632a96e2b147
2026-07-04T00:00:00Z,2026-07-05T00:00:00Z,True,18.235305,Amazon Elastic Compute Cloud - Compute,i-05bc7d57c39bd67bb
2026-07-04T00:00:00Z,2026-07-05T00:00:00Z,True,2.1134545,Amazon Elastic Compute Cloud - Compute,i-05d7fe106a4f58e6f
2026-07-04T00:00:00Z,2026-07-05T00:00:00Z,True,9.928928496,Amazon Elastic Compute Cloud - Compute,i-05f324b916f38ba40
2026-07-04T00:00:00Z,2026-07-05T00:00:00Z,True,1.8296752452,Amazon Elastic Compute Cloud - Compute,i-0622c7b9924b3ee92
2026-07-04T00:00:00Z,2026-07-05T00:00:00Z,True,11.241571013,Amazon Elastic Compute Cloud - Compute,i-06268c8037ed7e2da
2026-07-04T00:00:00Z,2026-07-05T00:00:00Z,True,1.2565855098,Amazon Elastic Compute Cloud - Compute,i-063368919cca07795
2026-07-04T00:00:00Z,2026-07-05T00:00:00Z,True,18.1370664387,Amazon Elastic Compute Cloud - Compute,i-0687942b2a6c1b94b
2026-07-04T00:00:00Z,2026-07-05T00:00:00Z,True,12.9152421456,Amazon Elastic Compute Cloud - Compute,i-0694ac4bc75524fc7
2026-07-04T00:00:00Z,2026-07-05T00:00:00Z,True,1.9156243161,Amazon Elastic Compute Cloud - Compute,i-069f6b683fac1a2ac
2026-07-04T00:00:00Z,2026-07-05T00:00:00Z,True,1.7283643113,Amazon Elastic Compute Cloud - Compute,i-071f217be7acf52ad
2026-07-04T00:00:00Z,2026-07-05T00:00:00Z,True,1.5355698694,Amazon Elastic Compute Cloud - Compute,i-072a86b1ab7d73c22
2026-07-04T00:00:00Z,2026-07-05T00:00:00Z,True,5.5289223726,Amazon Elastic Compute Cloud - Compute,i-073151f731d323a6f
2026-07-04T00:00:00Z,2026-07-05T00:00:00Z,True,1.5607891194,Amazon Elastic Compute Cloud - Compute,i-074164b7b7407b1a1
2026-07-04T00:00:00Z,2026-07-05T00:00:00Z,True,11.0033726705,Amazon Elastic Compute Cloud - Compute,i-0760db635c0115434
2026-07-04T00:00:00Z,2026-07-05T00:00:00Z,True,1.7457615,Amazon Elastic Compute Cloud - Compute,i-07632bf0063c1a99c
2026-07-04T00:00:00Z,2026-07-05T00:00:00Z,True,0.67896,Amazon Elastic Compute Cloud - Compute,i-07a96573177a8d9b3
2026-07-04T00:00:00Z,2026-07-05T00:00:00Z,True,5.9003810613,Amazon Elastic Compute Cloud - Compute,i-07b1d47e3285f7d02
2026-07-04T00:00:00Z,2026-07-05T00:00:00Z,True,7.9878883863,Amazon Elastic Compute Cloud - Compute,i-07df3a933e4839f52
2026-07-04T00:00:00Z,2026-07-05T00:00:00Z,True,1.8095250564,Amazon Elastic Compute Cloud - Compute,i-0834e5fc26a70913a
2026-07-04T00:00:00Z,2026-07-05T00:00:00Z,True,1.5108727332,Amazon Elastic Compute Cloud - Compute,i-084e358bf9ec6ea44
2026-07-04T00:00:00Z,2026-07-05T00:00:00Z,True,7.9867868152,Amazon Elastic Compute Cloud - Compute,i-086c59186ea1279f7
2026-07-04T00:00:00Z,2026-07-05T00:00:00Z,True,1.092712159,Amazon Elastic Compute Cloud - Compute,i-08c4de4929ef7999d
2026-07-04T00:00:00Z,2026-07-05T00:00:00Z,True,24.5163508161,Amazon Elastic Compute Cloud - Compute,i-08d4f18f7bf85d7fa
2026-07-04T00:00:00Z,2026-07-05T00:00:00Z,True,1.7547862077,Amazon Elastic Compute Cloud - Compute,i-0902a32d2e3a27564
2026-07-04T00:00:00Z,2026-07-05T00:00:00Z,True,17.9375279952,Amazon Elastic Compute Cloud - Compute,i-094d359cfaba0e029
2026-07-04T00:00:00Z,2026-07-05T00:00:00Z,True,1.6976626887,Amazon Elastic Compute Cloud - Compute,i-099a1aea99e387d6f
2026-07-04T00:00:00Z,2026-07-05T00:00:00Z,True,7.2632904796,Amazon Elastic Compute Cloud - Compute,i-09d5053cbe9387001
2026-07-04T00:00:00Z,2026-07-05T00:00:00Z,True,1.8473703614,Amazon Elastic Compute Cloud - Compute,i-09d7ad63e3024d2c0
2026-07-04T00:00:00Z,2026-07-05T00:00:00Z,True,1.7547862077,Amazon Elastic Compute Cloud - Compute,i-09e3e2455798a5111
2026-07-04T00:00:00Z,2026-07-05T00:00:00Z,True,1.7426800924,Amazon Elastic Compute Cloud - Compute,i-09e73a4140c62b895
2026-07-04T00:00:00Z,2026-07-05T00:00:00Z,True,7.980624,Amazon Elastic Compute Cloud - Compute,i-09e8463a348b97afc
2026-07-04T00:00:00Z,2026-07-05T00:00:00Z,True,28.4956271386,Amazon Elastic Compute Cloud - Compute,i-09f0e9d7e1f3de045
2026-07-04T00:00:00Z,2026-07-05T00:00:00Z,True,0.4992,Amazon Elastic Compute Cloud - Compute,i-09f66b3f11ea42c60
2026-07-04T00:00:00Z,2026-07-05T00:00:00Z,True,9.5077829076,Amazon Elastic Compute Cloud - Compute,i-09fa5edcd0a446e13
2026-07-04T00:00:00Z,2026-07-05T00:00:00Z,True,17.9964290462,Amazon Elastic Compute Cloud - Compute,i-0a22baf96951c6101
2026-07-04T00:00:00Z,2026-07-05T00:00:00Z,True,1.9156243161,Amazon Elastic Compute Cloud - Compute,i-0a4667505de33dce5
2026-07-04T00:00:00Z,2026-07-05T00:00:00Z,True,1.6616661194,Amazon Elastic Compute Cloud - Compute,i-0a4ff05abb273d28d
2026-07-04T00:00:00Z,2026-07-05T00:00:00Z,True,1.7395986848,Amazon Elastic Compute Cloud - Compute,i-0a7e3e768715685fa
2026-07-04T00:00:00Z,2026-07-05T00:00:00Z,True,2.0600514816,Amazon Elastic Compute Cloud - Compute,i-0a92e80b8f113c123
2026-07-04T00:00:00Z,2026-07-05T00:00:00Z,True,0.2496,Amazon Elastic Compute Cloud - Compute,i-0ab7116abc8229a16
2026-07-04T00:00:00Z,2026-07-05T00:00:00Z,True,1.5108727332,Amazon Elastic Compute Cloud - Compute,i-0aeee2c3d7faab2cb
2026-07-04T00:00:00Z,2026-07-05T00:00:00Z,True,17.2744838834,Amazon Elastic Compute Cloud - Compute,i-0b421d0c3bafb9ed5
2026-07-04T00:00:00Z,2026-07-05T00:00:00Z,True,14.2496980898,Amazon Elastic Compute Cloud - Compute,i-0c935e85d25848fee
2026-07-04T00:00:00Z,2026-07-05T00:00:00Z,True,7.923096,Amazon Elastic Compute Cloud - Compute,i-0ca295adc8b043fb5
2026-07-04T00:00:00Z,2026-07-05T00:00:00Z,True,1.4842910583,Amazon Elastic Compute Cloud - Compute,i-0ca7ae5afdd2c3c25
2026-07-04T00:00:00Z,2026-07-05T00:00:00Z,True,6.6289723152,Amazon Elastic Compute Cloud - Compute,i-0cc03b5a901bd1424
2026-07-04T00:00:00Z,2026-07-05T00:00:00Z,True,0.8064,Amazon Elastic Compute Cloud - Compute,i-0cce1c2d935e86786
2026-07-04T00:00:00Z,2026-07-05T00:00:00Z,True,3.4338132668,Amazon Elastic Compute Cloud - Compute,i-0cfbe40739e4970ef
2026-07-04T00:00:00Z,2026-07-05T00:00:00Z,True,25.401602668,Amazon Elastic Compute Cloud - Compute,i-0da4185030bbccc2b
2026-07-04T00:00:00Z,2026-07-05T00:00:00Z,True,1.1724000721,Amazon Elastic Compute Cloud - Compute,i-0dae98739fe90893a
2026-07-04T00:00:00Z,2026-07-05T00:00:00Z,True,5.2380897408,Amazon Elastic Compute Cloud - Compute,i-0db2262bee1f7265c
2026-07-04T00:00:00Z,2026-07-05T00:00:00Z,True,1.7314366839,Amazon Elastic Compute Cloud - Compute,i-0dfb75eb0727a84e4
2026-07-04T00:00:00Z,2026-07-05T00:00:00Z,True,1.3513667332,Amazon Elastic Compute Cloud - Compute,i-0e3f62e745a58be00
2026-07-04T00:00:00Z,2026-07-05T00:00:00Z,True,1.3469404417,Amazon Elastic Compute Cloud - Compute,i-0e44516d42e09ad7d
2026-07-04T00:00:00Z,2026-07-05T00:00:00Z,True,1.9266856317,Amazon Elastic Compute Cloud - Compute,i-0e4edb43d9df07bc5
2026-07-04T00:00:00Z,2026-07-05T00:00:00Z,True,10.781925,Amazon Elastic Compute Cloud - Compute,i-0e5bdf91602a2a228
2026-07-04T00:00:00Z,2026-07-05T00:00:00Z,True,1.4842910583,Amazon Elastic Compute Cloud - Compute,i-0e63071b1eec5cad1
2026-07-04T00:00:00Z,2026-07-05T00:00:00Z,True,19.9391124339,Amazon Elastic Compute Cloud - Compute,i-0e91d5a2189f83a12
2026-07-04T00:00:00Z,2026-07-05T00:00:00Z,True,0.4110541996,Amazon Elastic Compute Cloud - Compute,i-0e989d51c2c0530f7
2026-07-04T00:00:00Z,2026-07-05T00:00:00Z,True,19.9360400613,Amazon Elastic Compute Cloud - Compute,i-0e9be0e77ed9aa169
2026-07-04T00:00:00Z,2026-07-05T00:00:00Z,True,4.1494075,Amazon Elastic Compute Cloud - Compute,i-0eb434ec4e066c793
2026-07-04T00:00:00Z,2026-07-05T00:00:00Z,True,7.9467506848,Amazon Elastic Compute Cloud - Compute,i-0f08bbacdffb161bd
2026-07-04T00:00:00Z,2026-07-05T00:00:00Z,True,1.125384659,Amazon Elastic Compute Cloud - Compute,i-0f4c0616edd60e689
2026-07-04T00:00:00Z,2026-07-05T00:00:00Z,True,15.9114159804,Amazon Elastic Compute Cloud - Compute,i-0f871031a5226eae3
2026-07-04T00:00:00Z,2026-07-05T00:00:00Z,True,7.923096,Amazon Elastic Compute Cloud - Compute,i-0f8f6ca3bf6749946
2026-07-04T00:00:00Z,2026-07-05T00:00:00Z,True,7.0169193152,Amazon Elastic Compute Cloud - Compute,i-0fdb619f2de47bb93
2026-07-04T00:00:00Z,2026-07-05T00:00:00Z,True,1.9650261917,Amazon Elastic Compute Cloud - Compute,i-0fea08aba0b2ea91d
2026-07-04T00:00:00Z,2026-07-05T00:00:00Z,True,0.2016,Amazon Elastic Compute Cloud - Compute,i-0fec5d1a28b6d27aa
2026-07-04T00:00:00Z,2026-07-05T00:00:00Z,True,0.54,Amazon Elastic Load Balancing,arn:aws:elasticloadbalancing:us-east-1:108782052779:loadbalancer/net/lsmc-privatelink-nlb/4ead0a65121bd679
2026-07-04T00:00:00Z,2026-07-05T00:00:00Z,True,0.5401494806,Amazon Elastic Load Balancing,arn:aws:elasticloadbalancing:us-west-2:108782052779:loadbalancer/app/lsmc-mvp-dev-alb/e86b7b9ac25ed9d8
2026-07-04T00:00:00Z,2026-07-05T00:00:00Z,True,0.54,Amazon Elastic Load Balancing,arn:aws:elasticloadbalancing:us-west-2:108782052779:loadbalancer/app/terrarium-dev-internal-api/dd105d658089a82a
2026-07-04T00:00:00Z,2026-07-05T00:00:00Z,True,0.54,Amazon Elastic Load Balancing,arn:aws:elasticloadbalancing:us-west-2:108782052779:loadbalancer/app/terrarium-prod-internal-api/1a28c6e51ad0f2bf
2026-07-04T00:00:00Z,2026-07-05T00:00:00Z,True,21.3288967537,Amazon FSx,arn:aws:fsx:us-west-2:108782052779:file-system/fs-03e6f0d7589e629c8
2026-07-04T00:00:00Z,2026-07-05T00:00:00Z,True,43.357490691,Amazon FSx,arn:aws:fsx:us-west-2:108782052779:file-system/fs-07fb3448c1cb30c1c
2026-07-04T00:00:00Z,2026-07-05T00:00:00Z,True,43.3572501177,Amazon FSx,arn:aws:fsx:us-west-2:108782052779:file-system/fs-0b57687e1517a9181
2026-07-04T00:00:00Z,2026-07-05T00:00:00Z,True,0.0001327992,Amazon Relational Database Service,arn:aws:rds:us-east-1:108782052779:cluster-snapshot:day-dr-drill-snap-use1-20260619
2026-07-04T00:00:00Z,2026-07-05T00:00:00Z,True,9.03264e-05,Amazon Relational Database Service,arn:aws:rds:us-east-1:108782052779:cluster-snapshot:dayhoff-dr-drill-use1-20260522-snap
2026-07-04T00:00:00Z,2026-07-05T00:00:00Z,True,4.21368e-05,Amazon Relational Database Service,arn:aws:rds:us-east-1:108782052779:cluster-snapshot:dayhoff-inx-inf5-precleanup-20260528t174313z
2026-07-04T00:00:00Z,2026-07-05T00:00:00Z,True,3.33672e-05,Amazon Relational Database Service,arn:aws:rds:us-east-1:108782052779:cluster-snapshot:marvain-john-major-dev-snapshot-auroracluster-ctvfy1tkxd1i
2026-07-04T00:00:00Z,2026-07-05T00:00:00Z,True,0.064811511,Amazon Relational Database Service,arn:aws:rds:us-east-1:108782052779:cluster:cluster-bhclwskm5mcqb7l7keks2bcha4
2026-07-04T00:00:00Z,2026-07-05T00:00:00Z,True,0.0006566952,Amazon Relational Database Service,arn:aws:rds:us-east-1:108782052779:cluster:cluster-dxfa6cony33dulps7brbbihkji
2026-07-04T00:00:00Z,2026-07-05T00:00:00Z,True,0.0180268118,Amazon Relational Database Service,arn:aws:rds:us-east-1:108782052779:cluster:cluster-kym7xbonz4xygugh5dp33j3dci
2026-07-04T00:00:00Z,2026-07-05T00:00:00Z,True,0.0648336136,Amazon Relational Database Service,arn:aws:rds:us-east-1:108782052779:cluster:cluster-pqpacrqo2fxszto7u4maw3velu
2026-07-04T00:00:00Z,2026-07-05T00:00:00Z,True,6.24,Amazon Relational Database Service,arn:aws:rds:us-east-1:108782052779:db:auruse1-writer
2026-07-04T00:00:00Z,2026-07-05T00:00:00Z,True,1.752,Amazon Relational Database Service,arn:aws:rds:us-east-1:108782052779:db:dev-writer
2026-07-04T00:00:00Z,2026-07-05T00:00:00Z,True,1.6401129664,Amazon Relational Database Service,arn:aws:rds:us-east-1:108782052779:db:dr-drill-standalone-use1-20260526
2026-07-04T00:00:00Z,2026-07-05T00:00:00Z,True,9.02952e-05,Amazon Relational Database Service,arn:aws:rds:us-west-2:108782052779:cluster-snapshot:backup-recovery-east1
2026-07-04T00:00:00Z,2026-07-05T00:00:00Z,True,2.7672e-05,Amazon Relational Database Service,arn:aws:rds:us-west-2:108782052779:cluster-snapshot:labcoredb-final-snapshot
2026-07-04T00:00:00Z,2026-07-05T00:00:00Z,True,0.0,Amazon Relational Database Service,arn:aws:rds:us-west-2:108782052779:cluster-snapshot:tapdb-dev-snapshot-auroracluster-9vwkztxfug25
2026-07-04T00:00:00Z,2026-07-05T00:00:00Z,True,0.0,Amazon Relational Database Service,arn:aws:rds:us-west-2:108782052779:cluster-snapshot:tapdb-dev-snapshot-auroracluster-elgxviyi30sp
2026-07-04T00:00:00Z,2026-07-05T00:00:00Z,True,0.0,Amazon Relational Database Service,arn:aws:rds:us-west-2:108782052779:cluster-snapshot:tapdb-dev-snapshot-auroracluster-serncerfuorz
2026-07-04T00:00:00Z,2026-07-05T00:00:00Z,True,0.062685589,Amazon Relational Database Service,arn:aws:rds:us-west-2:108782052779:cluster:cluster-4aucm556ktddnrdqnubknrsj7a
2026-07-04T00:00:00Z,2026-07-05T00:00:00Z,True,0.00129246,Amazon Relational Database Service,arn:aws:rds:us-west-2:108782052779:cluster:cluster-4lrvijmaljrxw3emlp7ao4tioe
2026-07-04T00:00:00Z,2026-07-05T00:00:00Z,True,0.064047756,Amazon Relational Database Service,arn:aws:rds:us-west-2:108782052779:cluster:cluster-66gsnocslwc6tx7ds6n3dxt2pq
2026-07-04T00:00:00Z,2026-07-05T00:00:00Z,True,0.0882427569,Amazon Relational Database Service,arn:aws:rds:us-west-2:108782052779:cluster:cluster-aa24mjp2wjnsfofgxghaxwhvku
2026-07-04T00:00:00Z,2026-07-05T00:00:00Z,True,0.063838933,Amazon Relational Database Service,arn:aws:rds:us-west-2:108782052779:cluster:cluster-axxvxcfqcs53p4uqziwtcjft7m
2026-07-04T00:00:00Z,2026-07-05T00:00:00Z,True,0.0585288653,Amazon Relational Database Service,arn:aws:rds:us-west-2:108782052779:cluster:cluster-b44f3gkh6ztqssbbsuzrc4qppu
2026-07-04T00:00:00Z,2026-07-05T00:00:00Z,True,0.0641999584,Amazon Relational Database Service,arn:aws:rds:us-west-2:108782052779:cluster:cluster-f5lzubv26w3xt5cgdvgfoyhjei
2026-07-04T00:00:00Z,2026-07-05T00:00:00Z,True,0.0643640032,Amazon Relational Database Service,arn:aws:rds:us-west-2:108782052779:cluster:cluster-mp6pqnt24dgthiintbnje4ai7m
2026-07-04T00:00:00Z,2026-07-05T00:00:00Z,True,0.0020165139,Amazon Relational Database Service,arn:aws:rds:us-west-2:108782052779:cluster:cluster-o6yhev2r7ksumoenusvgvwrrae
2026-07-04T00:00:00Z,2026-07-05T00:00:00Z,True,0.00046302,Amazon Relational Database Service,arn:aws:rds:us-west-2:108782052779:cluster:cluster-rit4q5trwzhy6wvk7wvbpfmqam
2026-07-04T00:00:00Z,2026-07-05T00:00:00Z,True,0.0589066893,Amazon Relational Database Service,arn:aws:rds:us-west-2:108782052779:cluster:cluster-wgdxpkibad4gvohcmpu6wjnz7q
2026-07-04T00:00:00Z,2026-07-05T00:00:00Z,True,0.4581935472,Amazon Relational Database Service,arn:aws:rds:us-west-2:108782052779:db:aquarium-dev-db
2026-07-04T00:00:00Z,2026-07-05T00:00:00Z,True,1.752,Amazon Relational Database Service,arn:aws:rds:us-west-2:108782052779:db:dayhoff-lsmcok1-tapdb-rehearsal-20260702t104009z-writer
2026-07-04T00:00:00Z,2026-07-05T00:00:00Z,True,1.752,Amazon Relational Database Service,arn:aws:rds:us-west-2:108782052779:db:dayhoff-lsmcok1-tapdb-rehearsal-20260702t111435z-writer
2026-07-04T00:00:00Z,2026-07-05T00:00:00Z,True,1.752,Amazon Relational Database Service,arn:aws:rds:us-west-2:108782052779:db:dayhoff-lsmcok1-tapdb-rehearsal-20260702t113340z-writer
2026-07-04T00:00:00Z,2026-07-05T00:00:00Z,True,1.752,Amazon Relational Database Service,arn:aws:rds:us-west-2:108782052779:db:dayhoff-lsmcok1-tapdb-rehearsal-20260702t121558z-writer
2026-07-04T00:00:00Z,2026-07-05T00:00:00Z,True,1.752,Amazon Relational Database Service,arn:aws:rds:us-west-2:108782052779:db:dayhoff-lsmcok1-tapdb-rehearsal-20260702t124007z-writer
2026-07-04T00:00:00Z,2026-07-05T00:00:00Z,True,6.624,Amazon Relational Database Service,arn:aws:rds:us-west-2:108782052779:db:dayhoff-lsmcok1-tapdb-writer
2026-07-04T00:00:00Z,2026-07-05T00:00:00Z,True,17.232,Amazon Relational Database Service,arn:aws:rds:us-west-2:108782052779:db:dayhoff-lsmcq7-tapdb-reader-api
2026-07-04T00:00:00Z,2026-07-05T00:00:00Z,True,17.232,Amazon Relational Database Service,arn:aws:rds:us-west-2:108782052779:db:dayhoff-lsmcq7-tapdb-reader-ha
2026-07-04T00:00:00Z,2026-07-05T00:00:00Z,True,34.464,Amazon Relational Database Service,arn:aws:rds:us-west-2:108782052779:db:dayhoff-lsmcq7-tapdb-writer
2026-07-04T00:00:00Z,2026-07-05T00:00:00Z,True,6.24,Amazon Relational Database Service,arn:aws:rds:us-west-2:108782052779:db:dev-writer
2026-07-04T00:00:00Z,2026-07-05T00:00:00Z,True,2.301935484,Amazon Relational Database Service,arn:aws:rds:us-west-2:108782052779:db:dr-drill-standalone-20260521
2026-07-04T00:00:00Z,2026-07-05T00:00:00Z,True,7.6802444445,Amazon Relational Database Service,arn:aws:rds:us-west-2:108782052779:db:labcore-dev-instance-1
2026-07-04T00:00:00Z,2026-07-05T00:00:00Z,True,0.4581935472,Amazon Relational Database Service,arn:aws:rds:us-west-2:108782052779:db:lsmc-mvp-v1-event-sink-db
2026-07-04T00:00:00Z,2026-07-05T00:00:00Z,True,1.752,Amazon Relational Database Service,arn:aws:rds:us-west-2:108782052779:db:staging-writer
2026-07-04T00:00:00Z,2026-07-05T00:00:00Z,True,0.4581935472,Amazon Relational Database Service,arn:aws:rds:us-west-2:108782052779:db:terrarium-dev-db
2026-07-04T00:00:00Z,2026-07-05T00:00:00Z,True,0.4581935472,Amazon Relational Database Service,arn:aws:rds:us-west-2:108782052779:db:terrarium-prod-db
2026-07-04T00:00:00Z,2026-07-05T00:00:00Z,True,0.0036579512,Amazon Simple Storage Service,NoResourceId
2026-07-04T00:00:00Z,2026-07-05T00:00:00Z,True,0.0008166108,Amazon Simple Storage Service,aquarium-tfstate-dev
2026-07-04T00:00:00Z,2026-07-05T00:00:00Z,True,0.0008156,Amazon Simple Storage Service,aquarium-tfstate-prod
2026-07-04T00:00:00Z,2026-07-05T00:00:00Z,True,0.0,Amazon Simple Storage Service,arn:aws:s3:::aquarium-tfstate-dev
2026-07-04T00:00:00Z,2026-07-05T00:00:00Z,True,0.0,Amazon Simple Storage Service,arn:aws:s3:::aquarium-tfstate-prod
2026-07-04T00:00:00Z,2026-07-05T00:00:00Z,True,0.0,Amazon Simple Storage Service,arn:aws:s3:::asterism-note-screenshots-dev
2026-07-04T00:00:00Z,2026-07-05T00:00:00Z,True,0.0,Amazon Simple Storage Service,arn:aws:s3:::aws-sam-cli-managed-default-samclisourcebucket-wyvracmmocbp
2026-07-04T00:00:00Z,2026-07-05T00:00:00Z,True,0.0,Amazon Simple Storage Service,arn:aws:s3:::cdk-hnb659fds-assets-108782052779-us-east-1
2026-07-04T00:00:00Z,2026-07-05T00:00:00Z,True,0.0,Amazon Simple Storage Service,arn:aws:s3:::cdk-hnb659fds-assets-108782052779-us-west-2
2026-07-04T00:00:00Z,2026-07-05T00:00:00Z,True,0.0,Amazon Simple Storage Service,arn:aws:s3:::cf-templates-pfrobpqqun1c-us-east-2
2026-07-04T00:00:00Z,2026-07-05T00:00:00Z,True,0.0,Amazon Simple Storage Service,arn:aws:s3:::daylily-customer-lsmc-a0477268
2026-07-04T00:00:00Z,2026-07-05T00:00:00Z,True,0.0,Amazon Simple Storage Service,arn:aws:s3:::ironwood-cobalt-seq
2026-07-04T00:00:00Z,2026-07-05T00:00:00Z,True,0.0,Amazon Simple Storage Service,arn:aws:s3:::ironwood-cobalt-seq-logs
2026-07-04T00:00:00Z,2026-07-05T00:00:00Z,True,0.0,Amazon Simple Storage Service,arn:aws:s3:::ironwood-meridian-seq
2026-07-04T00:00:00Z,2026-07-05T00:00:00Z,True,0.0,Amazon Simple Storage Service,arn:aws:s3:::ironwood-meridian-seq-logs
2026-07-04T00:00:00Z,2026-07-05T00:00:00Z,True,0.0,Amazon Simple Storage Service,arn:aws:s3:::lsmc-atlas-demo
2026-07-04T00:00:00Z,2026-07-05T00:00:00Z,True,0.0,Amazon Simple Storage Service,arn:aws:s3:::lsmc-atlas-dev
2026-07-04T00:00:00Z,2026-07-05T00:00:00Z,True,0.0,Amazon Simple Storage Service,arn:aws:s3:::lsmc-aws-config-108782052779
2026-07-04T00:00:00Z,2026-07-05T00:00:00Z,True,0.0,Amazon Simple Storage Service,arn:aws:s3:::lsmc-bio-oauth-static-site-108782052779-us-east-1
2026-07-04T00:00:00Z,2026-07-05T00:00:00Z,True,0.0,Amazon Simple Storage Service,arn:aws:s3:::lsmc-cloudtrail-archive
2026-07-04T00:00:00Z,2026-07-05T00:00:00Z,True,0.0,Amazon Simple Storage Service,arn:aws:s3:::lsmc-copy-ultimagen-lsmc-cro-316
2026-07-04T00:00:00Z,2026-07-05T00:00:00Z,True,0.0,Amazon Simple Storage Service,arn:aws:s3:::lsmc-datalake-raw-dev
2026-07-04T00:00:00Z,2026-07-05T00:00:00Z,True,0.0,Amazon Simple Storage Service,arn:aws:s3:::lsmc-dayoa-analysis-results-usw2
2026-07-04T00:00:00Z,2026-07-05T00:00:00Z,True,0.0,Amazon Simple Storage Service,arn:aws:s3:::lsmc-dayoa-control-data-usw2
2026-07-04T00:00:00Z,2026-07-05T00:00:00Z,True,0.0,Amazon Simple Storage Service,arn:aws:s3:::lsmc-dayoa-omics-analysis-us-west-2
2026-07-04T00:00:00Z,2026-07-05T00:00:00Z,True,0.0,Amazon Simple Storage Service,arn:aws:s3:::lsmc-dayoa-references-usw2
2026-07-04T00:00:00Z,2026-07-05T00:00:00Z,True,0.0,Amazon Simple Storage Service,arn:aws:s3:::lsmc-dayoa-runtime-assets-usw2
2026-07-04T00:00:00Z,2026-07-05T00:00:00Z,True,0.0,Amazon Simple Storage Service,arn:aws:s3:::lsmc-dayoa-staging-usw2
2026-07-04T00:00:00Z,2026-07-05T00:00:00Z,True,0.0,Amazon Simple Storage Service,arn:aws:s3:::lsmc-dewey-0
2026-07-04T00:00:00Z,2026-07-05T00:00:00Z,True,0.0,Amazon Simple Storage Service,arn:aws:s3:::lsmc-healthomics-failiover
2026-07-04T00:00:00Z,2026-07-05T00:00:00Z,True,0.0,Amazon Simple Storage Service,arn:aws:s3:::lsmc-healthomics-results
2026-07-04T00:00:00Z,2026-07-05T00:00:00Z,True,0.0,Amazon Simple Storage Service,arn:aws:s3:::lsmc-illumina-public-data
2026-07-04T00:00:00Z,2026-07-05T00:00:00Z,True,0.0,Amazon Simple Storage Service,arn:aws:s3:::lsmc-meridian-governance-registry
2026-07-04T00:00:00Z,2026-07-05T00:00:00Z,True,0.0,Amazon Simple Storage Service,arn:aws:s3:::lsmc-mvp-v1-event-sink-raw-108782052779-us-west-2
2026-07-04T00:00:00Z,2026-07-05T00:00:00Z,True,0.0,Amazon Simple Storage Service,arn:aws:s3:::lsmc-public-ont-data
2026-07-04T00:00:00Z,2026-07-05T00:00:00Z,True,0.0,Amazon Simple Storage Service,arn:aws:s3:::lsmc-ssf-sequencing-data
2026-07-04T00:00:00Z,2026-07-05T00:00:00Z,True,0.0,Amazon Simple Storage Service,arn:aws:s3:::lsmc-terraform-state
2026-07-04T00:00:00Z,2026-07-05T00:00:00Z,True,0.0,Amazon Simple Storage Service,arn:aws:s3:::lsmc-twenty-prod-storage
2026-07-04T00:00:00Z,2026-07-05T00:00:00Z,True,0.0,Amazon Simple Storage Service,arn:aws:s3:::lsmc-ursa-customers-usw2
2026-07-04T00:00:00Z,2026-07-05T00:00:00Z,True,0.0,Amazon Simple Storage Service,arn:aws:s3:::parallelcluster-4da281c1dc024f1c-v1-do-not-delete
2026-07-04T00:00:00Z,2026-07-05T00:00:00Z,True,0.0,Amazon Simple Storage Service,arn:aws:s3:::parallelcluster-730cb6d53cf2deec-v1-do-not-delete
2026-07-04T00:00:00Z,2026-07-05T00:00:00Z,True,0.0,Amazon Simple Storage Service,arn:aws:s3:::parallelcluster-e781c59d26140bab-v1-do-not-delete
2026-07-04T00:00:00Z,2026-07-05T00:00:00Z,True,0.0,Amazon Simple Storage Service,arn:aws:s3:::terrarium-dev-media
2026-07-04T00:00:00Z,2026-07-05T00:00:00Z,True,0.0,Amazon Simple Storage Service,arn:aws:s3:::terrarium-dev-web
2026-07-04T00:00:00Z,2026-07-05T00:00:00Z,True,0.0,Amazon Simple Storage Service,arn:aws:s3:::terrarium-prod-media
2026-07-04T00:00:00Z,2026-07-05T00:00:00Z,True,0.0,Amazon Simple Storage Service,arn:aws:s3:::terrarium-prod-web
2026-07-04T00:00:00Z,2026-07-05T00:00:00Z,True,0.0,Amazon Simple Storage Service,arn:aws:s3:::terrarium-tfstate-dev
2026-07-04T00:00:00Z,2026-07-05T00:00:00Z,True,0.0,Amazon Simple Storage Service,arn:aws:s3:::terrarium-tfstate-prod
2026-07-04T00:00:00Z,2026-07-05T00:00:00Z,True,0.0,Amazon Simple Storage Service,arn:aws:s3:::ursa-us-west-2-052779-default-customer-1d8c14
2026-07-04T00:00:00Z,2026-07-05T00:00:00Z,True,0.0,Amazon Simple Storage Service,arn:aws:s3:::zebra-day-cfg-us-west-2
2026-07-04T00:00:00Z,2026-07-05T00:00:00Z,True,0.0008172228,Amazon Simple Storage Service,asterism-note-screenshots-dev
2026-07-04T00:00:00Z,2026-07-05T00:00:00Z,True,0.0008632455,Amazon Simple Storage Service,aws-sam-cli-managed-default-samclisourcebucket-wyvracmmocbp
2026-07-04T00:00:00Z,2026-07-05T00:00:00Z,True,0.0024104894,Amazon Simple Storage Service,cdk-hnb659fds-assets-108782052779-us-east-1
2026-07-04T00:00:00Z,2026-07-05T00:00:00Z,True,0.0007051338,Amazon Simple Storage Service,cdk-hnb659fds-assets-108782052779-us-west-2
2026-07-04T00:00:00Z,2026-07-05T00:00:00Z,True,0.0008354279,Amazon Simple Storage Service,cf-templates-pfrobpqqun1c-us-east-2
2026-07-04T00:00:00Z,2026-07-05T00:00:00Z,True,0.0008156,Amazon Simple Storage Service,daylily-customer-lsmc-a0477268
2026-07-04T00:00:00Z,2026-07-05T00:00:00Z,True,21.1731950215,Amazon Simple Storage Service,ironwood-cobalt-seq
2026-07-04T00:00:00Z,2026-07-05T00:00:00Z,True,0.0009984799,Amazon Simple Storage Service,ironwood-cobalt-seq-logs
2026-07-04T00:00:00Z,2026-07-05T00:00:00Z,True,15.449987353,Amazon Simple Storage Service,ironwood-meridian-seq
2026-07-04T00:00:00Z,2026-07-05T00:00:00Z,True,0.0040204632,Amazon Simple Storage Service,ironwood-meridian-seq-logs
2026-07-04T00:00:00Z,2026-07-05T00:00:00Z,True,0.0008157591,Amazon Simple Storage Service,lsmc-atlas-demo
2026-07-04T00:00:00Z,2026-07-05T00:00:00Z,True,0.0008179098,Amazon Simple Storage Service,lsmc-atlas-dev
2026-07-04T00:00:00Z,2026-07-05T00:00:00Z,True,0.0061521873,Amazon Simple Storage Service,lsmc-aws-config-108782052779
2026-07-04T00:00:00Z,2026-07-05T00:00:00Z,True,0.0008489369,Amazon Simple Storage Service,lsmc-bio-oauth-static-site-108782052779-us-east-1
2026-07-04T00:00:00Z,2026-07-05T00:00:00Z,True,0.0939786933,Amazon Simple Storage Service,lsmc-cloudtrail-archive
2026-07-04T00:00:00Z,2026-07-05T00:00:00Z,True,1.5381838364,Amazon Simple Storage Service,lsmc-copy-ultimagen-lsmc-cro-316
2026-07-04T00:00:00Z,2026-07-05T00:00:00Z,True,0.0008156,Amazon Simple Storage Service,lsmc-datalake-raw-dev
2026-07-04T00:00:00Z,2026-07-05T00:00:00Z,True,0.1031318038,Amazon Simple Storage Service,lsmc-dayoa-analysis-results-usw2
2026-07-04T00:00:00Z,2026-07-05T00:00:00Z,True,7.8156944084,Amazon Simple Storage Service,lsmc-dayoa-control-data-usw2
2026-07-04T00:00:00Z,2026-07-05T00:00:00Z,True,46.6702554978,Amazon Simple Storage Service,lsmc-dayoa-omics-analysis-us-west-2
2026-07-04T00:00:00Z,2026-07-05T00:00:00Z,True,0.517150395,Amazon Simple Storage Service,lsmc-dayoa-references-usw2
2026-07-04T00:00:00Z,2026-07-05T00:00:00Z,True,0.0306578375,Amazon Simple Storage Service,lsmc-dayoa-runtime-assets-usw2
2026-07-04T00:00:00Z,2026-07-05T00:00:00Z,True,8.3936866503,Amazon Simple Storage Service,lsmc-dayoa-staging-usw2
2026-07-04T00:00:00Z,2026-07-05T00:00:00Z,True,0.0016197792,Amazon Simple Storage Service,lsmc-dewey-0
2026-07-04T00:00:00Z,2026-07-05T00:00:00Z,True,0.0008156,Amazon Simple Storage Service,lsmc-healthomics-failiover
2026-07-04T00:00:00Z,2026-07-05T00:00:00Z,True,0.0008156,Amazon Simple Storage Service,lsmc-healthomics-results
2026-07-04T00:00:00Z,2026-07-05T00:00:00Z,True,0.0946594766,Amazon Simple Storage Service,lsmc-illumina-public-data
2026-07-04T00:00:00Z,2026-07-05T00:00:00Z,True,0.0008156001,Amazon Simple Storage Service,lsmc-meridian-governance-registry
2026-07-04T00:00:00Z,2026-07-05T00:00:00Z,True,0.0019676283,Amazon Simple Storage Service,lsmc-mvp-v1-event-sink-raw-108782052779-us-west-2
2026-07-04T00:00:00Z,2026-07-05T00:00:00Z,True,4.25845369,Amazon Simple Storage Service,lsmc-public-ont-data
2026-07-04T00:00:00Z,2026-07-05T00:00:00Z,True,159.937813936,Amazon Simple Storage Service,lsmc-ssf-sequencing-data
2026-07-04T00:00:00Z,2026-07-05T00:00:00Z,True,0.000819999,Amazon Simple Storage Service,lsmc-terraform-state
2026-07-04T00:00:00Z,2026-07-05T00:00:00Z,True,0.0008540967,Amazon Simple Storage Service,lsmc-twenty-prod-storage
2026-07-04T00:00:00Z,2026-07-05T00:00:00Z,True,0.0008156,Amazon Simple Storage Service,lsmc-ursa-customers-usw2
2026-07-04T00:00:00Z,2026-07-05T00:00:00Z,True,0.0027359409,Amazon Simple Storage Service,parallelcluster-4da281c1dc024f1c-v1-do-not-delete
2026-07-04T00:00:00Z,2026-07-05T00:00:00Z,True,0.0008971822,Amazon Simple Storage Service,parallelcluster-730cb6d53cf2deec-v1-do-not-delete
2026-07-04T00:00:00Z,2026-07-05T00:00:00Z,True,0.000903049,Amazon Simple Storage Service,parallelcluster-e781c59d26140bab-v1-do-not-delete
2026-07-04T00:00:00Z,2026-07-05T00:00:00Z,True,0.0008208454,Amazon Simple Storage Service,terrarium-dev-media
2026-07-04T00:00:00Z,2026-07-05T00:00:00Z,True,0.0008189685,Amazon Simple Storage Service,terrarium-dev-web
2026-07-04T00:00:00Z,2026-07-05T00:00:00Z,True,0.0008401464,Amazon Simple Storage Service,terrarium-prod-media
2026-07-04T00:00:00Z,2026-07-05T00:00:00Z,True,0.0008189685,Amazon Simple Storage Service,terrarium-prod-web
2026-07-04T00:00:00Z,2026-07-05T00:00:00Z,True,0.0008247738,Amazon Simple Storage Service,terrarium-tfstate-dev
2026-07-04T00:00:00Z,2026-07-05T00:00:00Z,True,0.0008210952,Amazon Simple Storage Service,terrarium-tfstate-prod
2026-07-04T00:00:00Z,2026-07-05T00:00:00Z,True,0.0008358386,Amazon Simple Storage Service,ursa-us-west-2-052779-default-customer-1d8c14
2026-07-04T00:00:00Z,2026-07-05T00:00:00Z,True,0.0008156908,Amazon Simple Storage Service,zebra-day-cfg-us-west-2
2026-07-04T00:00:00Z,2026-07-05T00:00:00Z,True,0.12,Amazon Virtual Private Cloud,arn:aws:ec2:ap-south-1:108782052779:network-interface/eni-02d1c980266b3afc3
2026-07-04T00:00:00Z,2026-07-05T00:00:00Z,True,0.12,Amazon Virtual Private Cloud,arn:aws:ec2:ap-south-1:108782052779:network-interface/eni-0b311a0dcb595e613
2026-07-04T00:00:00Z,2026-07-05T00:00:00Z,True,0.12,Amazon Virtual Private Cloud,arn:aws:ec2:eu-central-1:108782052779:network-interface/eni-016caa7d86d41fa17
2026-07-04T00:00:00Z,2026-07-05T00:00:00Z,True,0.12,Amazon Virtual Private Cloud,arn:aws:ec2:eu-central-1:108782052779:network-interface/eni-0b8150cde6a5fc7ae
2026-07-04T00:00:00Z,2026-07-05T00:00:00Z,True,0.12,Amazon Virtual Private Cloud,arn:aws:ec2:us-east-1:108782052779:elastic-ip/eipalloc-0004f38c8ac45ff0f
2026-07-04T00:00:00Z,2026-07-05T00:00:00Z,True,0.12,Amazon Virtual Private Cloud,arn:aws:ec2:us-east-1:108782052779:elastic-ip/eipalloc-0279920cf8bf8ec52
2026-07-04T00:00:00Z,2026-07-05T00:00:00Z,True,0.12,Amazon Virtual Private Cloud,arn:aws:ec2:us-east-1:108782052779:elastic-ip/eipalloc-05f03362c35e913dc
2026-07-04T00:00:00Z,2026-07-05T00:00:00Z,True,0.12,Amazon Virtual Private Cloud,arn:aws:ec2:us-east-1:108782052779:elastic-ip/eipalloc-0b6cc46ecf8c48bd3
2026-07-04T00:00:00Z,2026-07-05T00:00:00Z,True,0.12,Amazon Virtual Private Cloud,arn:aws:ec2:us-east-1:108782052779:elastic-ip/eipalloc-0e5344572ea8cc7d0
2026-07-04T00:00:00Z,2026-07-05T00:00:00Z,True,0.12,Amazon Virtual Private Cloud,arn:aws:ec2:us-east-1:108782052779:elastic-ip/eipalloc-0ecefed5b63745717
2026-07-04T00:00:00Z,2026-07-05T00:00:00Z,True,0.12,Amazon Virtual Private Cloud,arn:aws:ec2:us-east-1:108782052779:network-interface/eni-042ba53ad6a8384a3
2026-07-04T00:00:00Z,2026-07-05T00:00:00Z,True,0.12,Amazon Virtual Private Cloud,arn:aws:ec2:us-east-1:108782052779:network-interface/eni-085448ce53cb8a8b8
2026-07-04T00:00:00Z,2026-07-05T00:00:00Z,True,0.12,Amazon Virtual Private Cloud,arn:aws:ec2:us-east-1:108782052779:network-interface/eni-08997318714e9b90d
2026-07-04T00:00:00Z,2026-07-05T00:00:00Z,True,0.12,Amazon Virtual Private Cloud,arn:aws:ec2:us-east-1:108782052779:network-interface/eni-0b7b49dac37ac7562
2026-07-04T00:00:00Z,2026-07-05T00:00:00Z,True,0.12,Amazon Virtual Private Cloud,arn:aws:ec2:us-east-1:108782052779:network-interface/eni-0d366fd4150dd6012
2026-07-04T00:00:00Z,2026-07-05T00:00:00Z,True,0.00012361,Amazon Virtual Private Cloud,arn:aws:ec2:us-west-2:108782052779:elastic-ip/eipalloc-04c4c36f9f5f92dfd
2026-07-04T00:00:00Z,2026-07-05T00:00:00Z,True,8.3335e-05,Amazon Virtual Private Cloud,arn:aws:ec2:us-west-2:108782052779:elastic-ip/eipalloc-09753116e3133f98c
2026-07-04T00:00:00Z,2026-07-05T00:00:00Z,True,8.3335e-05,Amazon Virtual Private Cloud,arn:aws:ec2:us-west-2:108782052779:elastic-ip/eipalloc-0f785eb568c6c415f
2026-07-04T00:00:00Z,2026-07-05T00:00:00Z,True,0.12,Amazon Virtual Private Cloud,arn:aws:ec2:us-west-2:108782052779:network-interface/eni-0053a0c36ed8792d5
2026-07-04T00:00:00Z,2026-07-05T00:00:00Z,True,0.12,Amazon Virtual Private Cloud,arn:aws:ec2:us-west-2:108782052779:network-interface/eni-00d0d767fe52379a8
2026-07-04T00:00:00Z,2026-07-05T00:00:00Z,True,0.11832778,Amazon Virtual Private Cloud,arn:aws:ec2:us-west-2:108782052779:network-interface/eni-00d1b5b86b9358b5d
2026-07-04T00:00:00Z,2026-07-05T00:00:00Z,True,0.12,Amazon Virtual Private Cloud,arn:aws:ec2:us-west-2:108782052779:network-interface/eni-026f98f985a93c4bc
2026-07-04T00:00:00Z,2026-07-05T00:00:00Z,True,0.12,Amazon Virtual Private Cloud,arn:aws:ec2:us-west-2:108782052779:network-interface/eni-0365f5bd1308e7491
2026-07-04T00:00:00Z,2026-07-05T00:00:00Z,True,0.002420835,Amazon Virtual Private Cloud,arn:aws:ec2:us-west-2:108782052779:network-interface/eni-0402df7ad1483cc9d
2026-07-04T00:00:00Z,2026-07-05T00:00:00Z,True,0.12,Amazon Virtual Private Cloud,arn:aws:ec2:us-west-2:108782052779:network-interface/eni-04757de5bbd309eda
2026-07-04T00:00:00Z,2026-07-05T00:00:00Z,True,0.12,Amazon Virtual Private Cloud,arn:aws:ec2:us-west-2:108782052779:network-interface/eni-064218f01cc92ddaa
2026-07-04T00:00:00Z,2026-07-05T00:00:00Z,True,0.12,Amazon Virtual Private Cloud,arn:aws:ec2:us-west-2:108782052779:network-interface/eni-0725a15da78e40c9d
2026-07-04T00:00:00Z,2026-07-05T00:00:00Z,True,0.00019028,Amazon Virtual Private Cloud,arn:aws:ec2:us-west-2:108782052779:network-interface/eni-08be8efe7e4fd9ab0
2026-07-04T00:00:00Z,2026-07-05T00:00:00Z,True,0.12,Amazon Virtual Private Cloud,arn:aws:ec2:us-west-2:108782052779:network-interface/eni-099e96a4f6c1d02b6
2026-07-04T00:00:00Z,2026-07-05T00:00:00Z,True,0.12,Amazon Virtual Private Cloud,arn:aws:ec2:us-west-2:108782052779:network-interface/eni-0a2b78a4d3d361b96
2026-07-04T00:00:00Z,2026-07-05T00:00:00Z,True,0.117951385,Amazon Virtual Private Cloud,arn:aws:ec2:us-west-2:108782052779:network-interface/eni-0ba5368c6c27fb834
2026-07-04T00:00:00Z,2026-07-05T00:00:00Z,True,0.12,Amazon Virtual Private Cloud,arn:aws:ec2:us-west-2:108782052779:network-interface/eni-0c5fcb42718642f57
2026-07-04T00:00:00Z,2026-07-05T00:00:00Z,True,0.12,Amazon Virtual Private Cloud,arn:aws:ec2:us-west-2:108782052779:network-interface/eni-0d010e7c9a08bcae1
2026-07-04T00:00:00Z,2026-07-05T00:00:00Z,True,0.12,Amazon Virtual Private Cloud,arn:aws:ec2:us-west-2:108782052779:network-interface/eni-0e8383492c016f0dc
2026-07-04T00:00:00Z,2026-07-05T00:00:00Z,True,0.12,Amazon Virtual Private Cloud,arn:aws:ec2:us-west-2:171675361862:network-interface/eni-09dec6f627819db8b
2026-07-04T00:00:00Z,2026-07-05T00:00:00Z,True,0.2400055955,Amazon Virtual Private Cloud,arn:aws:ec2:us-west-2:171675361862:vpc-endpoint/vpce-02ac48bf0c4efb877
2026-07-04T00:00:00Z,2026-07-05T00:00:00Z,True,0.2400007319,Amazon Virtual Private Cloud,arn:aws:ec2:us-west-2:171675361862:vpc-endpoint/vpce-036891e26dd789978
2026-07-04T00:00:00Z,2026-07-05T00:00:00Z,True,0.2400100711,Amazon Virtual Private Cloud,arn:aws:ec2:us-west-2:171675361862:vpc-endpoint/vpce-0384b7109c7362817
2026-07-04T00:00:00Z,2026-07-05T00:00:00Z,True,0.24,Amazon Virtual Private Cloud,arn:aws:ec2:us-west-2:171675361862:vpc-endpoint/vpce-0766e7a15cf8b1a9f
2026-07-04T00:00:00Z,2026-07-05T00:00:00Z,True,0.2430859071,Amazon Virtual Private Cloud,arn:aws:ec2:us-west-2:171675361862:vpc-endpoint/vpce-07f1e154c6ff3a42f
2026-07-04T00:00:00Z,2026-07-05T00:00:00Z,True,0.2427677461,Amazon Virtual Private Cloud,arn:aws:ec2:us-west-2:171675361862:vpc-endpoint/vpce-096eaa1400b8861cb
2026-07-04T00:00:00Z,2026-07-05T00:00:00Z,True,0.24,Amazon Virtual Private Cloud,arn:aws:ec2:us-west-2:171675361862:vpc-endpoint/vpce-0f12344d88ada019d
2026-07-05T00:00:00Z,2026-07-06T00:00:00Z,True,1.3440006622,EC2 - Other,arn:aws:ec2:ap-south-1:108782052779:natgateway/nat-01dc061291fc51e75
2026-07-05T00:00:00Z,2026-07-06T00:00:00Z,True,1.3440003861,EC2 - Other,arn:aws:ec2:ap-south-1:108782052779:natgateway/nat-05f85018216cac061
2026-07-05T00:00:00Z,2026-07-06T00:00:00Z,True,0.0776926348,EC2 - Other,arn:aws:ec2:ap-south-1:108782052779:snapshot/snap-053909bfd492a6457
2026-07-05T00:00:00Z,2026-07-06T00:00:00Z,True,1.248000416,EC2 - Other,arn:aws:ec2:eu-central-1:108782052779:natgateway/nat-0a2bfbfedf38f8e87
2026-07-05T00:00:00Z,2026-07-06T00:00:00Z,True,1.2480005841,EC2 - Other,arn:aws:ec2:eu-central-1:108782052779:natgateway/nat-0ec6ae9605269bef4
2026-07-05T00:00:00Z,2026-07-06T00:00:00Z,True,1.0800002555,EC2 - Other,arn:aws:ec2:us-east-1:108782052779:natgateway/nat-089a96601cfd34f9d
2026-07-05T00:00:00Z,2026-07-06T00:00:00Z,True,0.0432491179,EC2 - Other,arn:aws:ec2:us-east-1:108782052779:snapshot/snap-07690eaa1400bc7f6
2026-07-05T00:00:00Z,2026-07-06T00:00:00Z,True,1.0846037953,EC2 - Other,arn:aws:ec2:us-west-2:108782052779:natgateway/nat-00246c8ef3b9087f1
2026-07-05T00:00:00Z,2026-07-06T00:00:00Z,True,1.0851850649,EC2 - Other,arn:aws:ec2:us-west-2:108782052779:natgateway/nat-00ac08b685fea726f
2026-07-05T00:00:00Z,2026-07-06T00:00:00Z,True,1.3460574355,EC2 - Other,arn:aws:ec2:us-west-2:108782052779:natgateway/nat-00f3c26e43ede9b10
2026-07-05T00:00:00Z,2026-07-06T00:00:00Z,True,1.0879104944,EC2 - Other,arn:aws:ec2:us-west-2:108782052779:natgateway/nat-0234e77781575cced
2026-07-05T00:00:00Z,2026-07-06T00:00:00Z,True,0.0432491179,EC2 - Other,arn:aws:ec2:us-west-2:108782052779:snapshot/snap-0356dd0198dfe4b00
2026-07-05T00:00:00Z,2026-07-06T00:00:00Z,True,9.99205e-05,EC2 - Other,arn:aws:ec2:us-west-2:108782052779:snapshot/snap-07d3fcc2a3a39c3ab
2026-07-05T00:00:00Z,2026-07-06T00:00:00Z,True,0.0564728768,EC2 - Other,arn:aws:ec2:us-west-2:108782052779:snapshot/snap-098065aeca5894b60
2026-07-05T00:00:00Z,2026-07-06T00:00:00Z,True,1.3112827867,EC2 - Other,arn:aws:ec2:us-west-2:171675361862:natgateway/nat-01432c586ef9dbf51
2026-07-05T00:00:00Z,2026-07-06T00:00:00Z,True,0.0056349231,EC2 - Other,arn:aws:ec2:us-west-2:171675361862:snapshot/snap-002695a204188d63e
2026-07-05T00:00:00Z,2026-07-06T00:00:00Z,True,0.0053868448,EC2 - Other,arn:aws:ec2:us-west-2:171675361862:snapshot/snap-010eb6cbb466b71fd
2026-07-05T00:00:00Z,2026-07-06T00:00:00Z,True,0.0066185736,EC2 - Other,arn:aws:ec2:us-west-2:171675361862:snapshot/snap-01511ff7171eb9225
2026-07-05T00:00:00Z,2026-07-06T00:00:00Z,True,0.005452999,EC2 - Other,arn:aws:ec2:us-west-2:171675361862:snapshot/snap-016bea26228ab194d
2026-07-05T00:00:00Z,2026-07-06T00:00:00Z,True,0.0072431011,EC2 - Other,arn:aws:ec2:us-west-2:171675361862:snapshot/snap-0225be64252283430
2026-07-05T00:00:00Z,2026-07-06T00:00:00Z,True,0.0053167528,EC2 - Other,arn:aws:ec2:us-west-2:171675361862:snapshot/snap-031f9c5ef8426bd1c
2026-07-05T00:00:00Z,2026-07-06T00:00:00Z,True,0.0059971963,EC2 - Other,arn:aws:ec2:us-west-2:171675361862:snapshot/snap-0338d1716afca4e43
2026-07-05T00:00:00Z,2026-07-06T00:00:00Z,True,0.0060704385,EC2 - Other,arn:aws:ec2:us-west-2:171675361862:snapshot/snap-033ab1e381b5342f6
2026-07-05T00:00:00Z,2026-07-06T00:00:00Z,True,0.0060499622,EC2 - Other,arn:aws:ec2:us-west-2:171675361862:snapshot/snap-0501d7cd23efcc020
2026-07-05T00:00:00Z,2026-07-06T00:00:00Z,True,0.0051915323,EC2 - Other,arn:aws:ec2:us-west-2:171675361862:snapshot/snap-050a336ac34adee25
2026-07-05T00:00:00Z,2026-07-06T00:00:00Z,True,0.0054460095,EC2 - Other,arn:aws:ec2:us-west-2:171675361862:snapshot/snap-056b6078f26feecb6
2026-07-05T00:00:00Z,2026-07-06T00:00:00Z,True,0.0057711694,EC2 - Other,arn:aws:ec2:us-west-2:171675361862:snapshot/snap-06c0c905738f06aaf
2026-07-05T00:00:00Z,2026-07-06T00:00:00Z,True,0.0055081275,EC2 - Other,arn:aws:ec2:us-west-2:171675361862:snapshot/snap-07c960f2e8ecd2246
2026-07-05T00:00:00Z,2026-07-06T00:00:00Z,True,0.0058514995,EC2 - Other,arn:aws:ec2:us-west-2:171675361862:snapshot/snap-0818ddb9763ebade7
2026-07-05T00:00:00Z,2026-07-06T00:00:00Z,True,0.0060846144,EC2 - Other,arn:aws:ec2:us-west-2:171675361862:snapshot/snap-081d1157989f4430b
2026-07-05T00:00:00Z,2026-07-06T00:00:00Z,True,0.0067713584,EC2 - Other,arn:aws:ec2:us-west-2:171675361862:snapshot/snap-09a81377b032dbfba
2026-07-05T00:00:00Z,2026-07-06T00:00:00Z,True,0.0054207094,EC2 - Other,arn:aws:ec2:us-west-2:171675361862:snapshot/snap-0a1b0a3f89ddb1991
2026-07-05T00:00:00Z,2026-07-06T00:00:00Z,True,0.0055750693,EC2 - Other,arn:aws:ec2:us-west-2:171675361862:snapshot/snap-0a263ead2c9955ffe
2026-07-05T00:00:00Z,2026-07-06T00:00:00Z,True,0.0060412991,EC2 - Other,arn:aws:ec2:us-west-2:171675361862:snapshot/snap-0aa6b361bd48001c2
2026-07-05T00:00:00Z,2026-07-06T00:00:00Z,True,0.006195659,EC2 - Other,arn:aws:ec2:us-west-2:171675361862:snapshot/snap-0aaadd230c3f34822
2026-07-05T00:00:00Z,2026-07-06T00:00:00Z,True,0.0077203566,EC2 - Other,arn:aws:ec2:us-west-2:171675361862:snapshot/snap-0ad2c3c6333d7af72
2026-07-05T00:00:00Z,2026-07-06T00:00:00Z,True,0.0127130324,EC2 - Other,arn:aws:ec2:us-west-2:171675361862:snapshot/snap-0bace1a1137e22c44
2026-07-05T00:00:00Z,2026-07-06T00:00:00Z,True,0.0062011719,EC2 - Other,arn:aws:ec2:us-west-2:171675361862:snapshot/snap-0bed9cd5c78dd7a9e
2026-07-05T00:00:00Z,2026-07-06T00:00:00Z,True,0.0059940461,EC2 - Other,arn:aws:ec2:us-west-2:171675361862:snapshot/snap-0cd392bfda857c555
2026-07-05T00:00:00Z,2026-07-06T00:00:00Z,True,0.0062129851,EC2 - Other,arn:aws:ec2:us-west-2:171675361862:snapshot/snap-0da5e421575091cdf
2026-07-05T00:00:00Z,2026-07-06T00:00:00Z,True,0.0290976248,EC2 - Other,arn:aws:ec2:us-west-2:171675361862:snapshot/snap-0dd884c697c716097
2026-07-05T00:00:00Z,2026-07-06T00:00:00Z,True,0.0059397051,EC2 - Other,arn:aws:ec2:us-west-2:171675361862:snapshot/snap-0dec4b2eb2d9b764b
2026-07-05T00:00:00Z,2026-07-06T00:00:00Z,True,0.0056955645,EC2 - Other,arn:aws:ec2:us-west-2:171675361862:snapshot/snap-0e339244a4847882d
2026-07-05T00:00:00Z,2026-07-06T00:00:00Z,True,0.0055805822,EC2 - Other,arn:aws:ec2:us-west-2:171675361862:snapshot/snap-0e996b7ad4dda2005
2026-07-05T00:00:00Z,2026-07-06T00:00:00Z,True,0.0066957535,EC2 - Other,arn:aws:ec2:us-west-2:171675361862:snapshot/snap-0ee50102fc86b318a
2026-07-05T00:00:00Z,2026-07-06T00:00:00Z,True,0.0088008758,EC2 - Other,arn:aws:ec2:us-west-2:171675361862:snapshot/snap-0ff83cfed371294d7
2026-07-05T00:00:00Z,2026-07-06T00:00:00Z,True,0.0034260838,EC2 - Other,i-005099e85867081aa
2026-07-05T00:00:00Z,2026-07-06T00:00:00Z,True,0.0,EC2 - Other,i-0139bf07d061b0170
2026-07-05T00:00:00Z,2026-07-06T00:00:00Z,True,0.0,EC2 - Other,i-02c5d7c39a26ed78a
2026-07-05T00:00:00Z,2026-07-06T00:00:00Z,True,1.588e-07,EC2 - Other,i-03dadb54f182e1dbe
2026-07-05T00:00:00Z,2026-07-06T00:00:00Z,True,0.0,EC2 - Other,i-04a9e2395094af75c
2026-07-05T00:00:00Z,2026-07-06T00:00:00Z,True,5.4185e-05,EC2 - Other,i-04d3a8c6aae87f818
2026-07-05T00:00:00Z,2026-07-06T00:00:00Z,True,0.0,EC2 - Other,i-057250debc5bcd67b
2026-07-05T00:00:00Z,2026-07-06T00:00:00Z,True,0.0,EC2 - Other,i-05f973096abc7ce3a
2026-07-05T00:00:00Z,2026-07-06T00:00:00Z,True,0.0,EC2 - Other,i-060d747221376afb7
2026-07-05T00:00:00Z,2026-07-06T00:00:00Z,True,0.0,EC2 - Other,i-071f6ad087f8d3adb
2026-07-05T00:00:00Z,2026-07-06T00:00:00Z,True,0.0175159057,EC2 - Other,i-07df3a933e4839f52
2026-07-05T00:00:00Z,2026-07-06T00:00:00Z,True,0.0,EC2 - Other,i-07e9b1b4e552ffeb0
2026-07-05T00:00:00Z,2026-07-06T00:00:00Z,True,0.0,EC2 - Other,i-09e2ec3956b279203
2026-07-05T00:00:00Z,2026-07-06T00:00:00Z,True,2.714e-06,EC2 - Other,i-09f66b3f11ea42c60
2026-07-05T00:00:00Z,2026-07-06T00:00:00Z,True,1.4654e-06,EC2 - Other,i-0ab7116abc8229a16
2026-07-05T00:00:00Z,2026-07-06T00:00:00Z,True,0.000203926,EC2 - Other,i-0cce1c2d935e86786
2026-07-05T00:00:00Z,2026-07-06T00:00:00Z,True,1.0188e-06,EC2 - Other,i-0da4185030bbccc2b
2026-07-05T00:00:00Z,2026-07-06T00:00:00Z,True,0.0065349463,EC2 - Other,vol-00059f8b3d710ae04
2026-07-05T00:00:00Z,2026-07-06T00:00:00Z,True,0.0029099462,EC2 - Other,vol-0032c20e65f02f856
2026-07-05T00:00:00Z,2026-07-06T00:00:00Z,True,0.0774193536,EC2 - Other,vol-0054217b60d3a15d8
2026-07-05T00:00:00Z,2026-07-06T00:00:00Z,True,0.8670967752,EC2 - Other,vol-00cbb7ba932dbd3a4
2026-07-05T00:00:00Z,2026-07-06T00:00:00Z,True,0.8670967752,EC2 - Other,vol-014b3f723fb89dc63
2026-07-05T00:00:00Z,2026-07-06T00:00:00Z,True,0.0516129024,EC2 - Other,vol-02caa6b741e86c280
2026-07-05T00:00:00Z,2026-07-06T00:00:00Z,True,0.8670967752,EC2 - Other,vol-0392bc7824a1e81e8
2026-07-05T00:00:00Z,2026-07-06T00:00:00Z,True,0.8670967752,EC2 - Other,vol-04646998d6f1fd325
2026-07-05T00:00:00Z,2026-07-06T00:00:00Z,True,0.0051612912,EC2 - Other,vol-0542fd77a5e4a4f63
2026-07-05T00:00:00Z,2026-07-06T00:00:00Z,True,0.0061424731,EC2 - Other,vol-056f9f5853fea4611
2026-07-05T00:00:00Z,2026-07-06T00:00:00Z,True,0.001077957,EC2 - Other,vol-064d595c549f46e88
2026-07-05T00:00:00Z,2026-07-06T00:00:00Z,True,0.4239550478,EC2 - Other,vol-076c411f48eb914a2
2026-07-05T00:00:00Z,2026-07-06T00:00:00Z,True,1.0864516128,EC2 - Other,vol-077b3ad123c39d931
2026-07-05T00:00:00Z,2026-07-06T00:00:00Z,True,1.0411827956,EC2 - Other,vol-079fabcfc89769853
2026-07-05T00:00:00Z,2026-07-06T00:00:00Z,True,15.4838709672,EC2 - Other,vol-0840104f024bda559
2026-07-05T00:00:00Z,2026-07-06T00:00:00Z,True,0.1290322584,EC2 - Other,vol-08dee3ee1394063cb
2026-07-05T00:00:00Z,2026-07-06T00:00:00Z,True,0.0206451624,EC2 - Other,vol-0941af554a7184c73
2026-07-05T00:00:00Z,2026-07-06T00:00:00Z,True,0.0206451624,EC2 - Other,vol-09454929e2c583ae7
2026-07-05T00:00:00Z,2026-07-06T00:00:00Z,True,0.0494623648,EC2 - Other,vol-0958a841ed26fc81a
2026-07-05T00:00:00Z,2026-07-06T00:00:00Z,True,0.0033360215,EC2 - Other,vol-0a3f6ec4d7527eb64
2026-07-05T00:00:00Z,2026-07-06T00:00:00Z,True,0.8670967752,EC2 - Other,vol-0aa3f5a0f5cdca9a0
2026-07-05T00:00:00Z,2026-07-06T00:00:00Z,True,0.0206451624,EC2 - Other,vol-0af8f94e0cd058ddf
2026-07-05T00:00:00Z,2026-07-06T00:00:00Z,True,0.0029852151,EC2 - Other,vol-0b2fd871f3248776c
2026-07-05T00:00:00Z,2026-07-06T00:00:00Z,True,0.0206451624,EC2 - Other,vol-0b6a14b3d2c01264d
2026-07-05T00:00:00Z,2026-07-06T00:00:00Z,True,0.0051612912,EC2 - Other,vol-0b98b1e8d330cca41
2026-07-05T00:00:00Z,2026-07-06T00:00:00Z,True,0.8670967752,EC2 - Other,vol-0b99a6dcae2700982
2026-07-05T00:00:00Z,2026-07-06T00:00:00Z,True,0.6038709672,EC2 - Other,vol-0c26833469cf6995a
2026-07-05T00:00:00Z,2026-07-06T00:00:00Z,True,0.8670967752,EC2 - Other,vol-0c69ba6b467620e14
2026-07-05T00:00:00Z,2026-07-06T00:00:00Z,True,0.008233871,EC2 - Other,vol-0c734b479dd2cb0a3
2026-07-05T00:00:00Z,2026-07-06T00:00:00Z,True,0.0029153226,EC2 - Other,vol-0cdee5355cc9bb03e
2026-07-05T00:00:00Z,2026-07-06T00:00:00Z,True,0.0033413978,EC2 - Other,vol-0da1d494fd7225f7e
2026-07-05T00:00:00Z,2026-07-06T00:00:00Z,True,0.8670967752,EC2 - Other,vol-0dba752186e34e08c
2026-07-05T00:00:00Z,2026-07-06T00:00:00Z,True,0.8670967752,EC2 - Other,vol-0ea36895cc2b979ac
2026-07-05T00:00:00Z,2026-07-06T00:00:00Z,True,0.8670967752,EC2 - Other,vol-0f2da5c82d0de1378
2026-07-05T00:00:00Z,2026-07-06T00:00:00Z,True,0.8670967752,EC2 - Other,vol-0f9efeb41e207d738
2026-07-05T00:00:00Z,2026-07-06T00:00:00Z,True,0.0,Amazon Elastic Compute Cloud - Compute,arn:aws:ec2:ap-south-1:108782052779:natgateway/nat-01dc061291fc51e75
2026-07-05T00:00:00Z,2026-07-06T00:00:00Z,True,0.0,Amazon Elastic Compute Cloud - Compute,arn:aws:ec2:ap-south-1:108782052779:natgateway/nat-05f85018216cac061
2026-07-05T00:00:00Z,2026-07-06T00:00:00Z,True,0.0,Amazon Elastic Compute Cloud - Compute,arn:aws:ec2:eu-central-1:108782052779:natgateway/nat-0a2bfbfedf38f8e87
2026-07-05T00:00:00Z,2026-07-06T00:00:00Z,True,0.0,Amazon Elastic Compute Cloud - Compute,arn:aws:ec2:eu-central-1:108782052779:natgateway/nat-0ec6ae9605269bef4
2026-07-05T00:00:00Z,2026-07-06T00:00:00Z,True,0.0,Amazon Elastic Compute Cloud - Compute,arn:aws:ec2:us-east-1:108782052779:natgateway/nat-089a96601cfd34f9d
2026-07-05T00:00:00Z,2026-07-06T00:00:00Z,True,0.0,Amazon Elastic Compute Cloud - Compute,arn:aws:ec2:us-west-2:108782052779:natgateway/nat-00246c8ef3b9087f1
2026-07-05T00:00:00Z,2026-07-06T00:00:00Z,True,0.0,Amazon Elastic Compute Cloud - Compute,arn:aws:ec2:us-west-2:108782052779:natgateway/nat-00ac08b685fea726f
2026-07-05T00:00:00Z,2026-07-06T00:00:00Z,True,4.175e-07,Amazon Elastic Compute Cloud - Compute,arn:aws:ec2:us-west-2:108782052779:natgateway/nat-00f3c26e43ede9b10
2026-07-05T00:00:00Z,2026-07-06T00:00:00Z,True,0.0,Amazon Elastic Compute Cloud - Compute,arn:aws:ec2:us-west-2:108782052779:natgateway/nat-0234e77781575cced
2026-07-05T00:00:00Z,2026-07-06T00:00:00Z,True,0.0012396644,Amazon Elastic Compute Cloud - Compute,arn:aws:ec2:us-west-2:171675361862:natgateway/nat-01432c586ef9dbf51
2026-07-05T00:00:00Z,2026-07-06T00:00:00Z,True,11.9578620676,Amazon Elastic Compute Cloud - Compute,i-005099e85867081aa
2026-07-05T00:00:00Z,2026-07-06T00:00:00Z,True,3.80952,Amazon Elastic Compute Cloud - Compute,i-0139bf07d061b0170
2026-07-05T00:00:00Z,2026-07-06T00:00:00Z,True,3.9936,Amazon Elastic Compute Cloud - Compute,i-01db42c813d037c0e
2026-07-05T00:00:00Z,2026-07-06T00:00:00Z,True,16.9913809632,Amazon Elastic Compute Cloud - Compute,i-02c5d7c39a26ed78a
2026-07-05T00:00:00Z,2026-07-06T00:00:00Z,True,0.2496,Amazon Elastic Compute Cloud - Compute,i-02ffc986b48f04b81
2026-07-05T00:00:00Z,2026-07-06T00:00:00Z,True,0.2496,Amazon Elastic Compute Cloud - Compute,i-03cd726ad5d7f3f3d
2026-07-05T00:00:00Z,2026-07-06T00:00:00Z,True,25.4016,Amazon Elastic Compute Cloud - Compute,i-03dadb54f182e1dbe
2026-07-05T00:00:00Z,2026-07-06T00:00:00Z,True,3.813140672,Amazon Elastic Compute Cloud - Compute,i-04a9e2395094af75c
2026-07-05T00:00:00Z,2026-07-06T00:00:00Z,True,0.1248,Amazon Elastic Compute Cloud - Compute,i-04d3a8c6aae87f818
2026-07-05T00:00:00Z,2026-07-06T00:00:00Z,True,5.8427153136,Amazon Elastic Compute Cloud - Compute,i-057250debc5bcd67b
2026-07-05T00:00:00Z,2026-07-06T00:00:00Z,True,0.0195240153,Amazon Elastic Compute Cloud - Compute,i-05f973096abc7ce3a
2026-07-05T00:00:00Z,2026-07-06T00:00:00Z,True,4.2062850566,Amazon Elastic Compute Cloud - Compute,i-060d747221376afb7
2026-07-05T00:00:00Z,2026-07-06T00:00:00Z,True,13.439867976,Amazon Elastic Compute Cloud - Compute,i-071f6ad087f8d3adb
2026-07-05T00:00:00Z,2026-07-06T00:00:00Z,True,7.9879463208,Amazon Elastic Compute Cloud - Compute,i-07df3a933e4839f52
2026-07-05T00:00:00Z,2026-07-06T00:00:00Z,True,12.1842273946,Amazon Elastic Compute Cloud - Compute,i-07e9b1b4e552ffeb0
2026-07-05T00:00:00Z,2026-07-06T00:00:00Z,True,0.1920939972,Amazon Elastic Compute Cloud - Compute,i-089b87fc6d966ec03
2026-07-05T00:00:00Z,2026-07-06T00:00:00Z,True,6.1211346838,Amazon Elastic Compute Cloud - Compute,i-09e2ec3956b279203
2026-07-05T00:00:00Z,2026-07-06T00:00:00Z,True,0.4992,Amazon Elastic Compute Cloud - Compute,i-09f66b3f11ea42c60
2026-07-05T00:00:00Z,2026-07-06T00:00:00Z,True,0.2496,Amazon Elastic Compute Cloud - Compute,i-0ab7116abc8229a16
2026-07-05T00:00:00Z,2026-07-06T00:00:00Z,True,0.8064,Amazon Elastic Compute Cloud - Compute,i-0cce1c2d935e86786
2026-07-05T00:00:00Z,2026-07-06T00:00:00Z,True,9.9227944331,Amazon Elastic Compute Cloud - Compute,i-0da4185030bbccc2b
2026-07-05T00:00:00Z,2026-07-06T00:00:00Z,True,0.2016,Amazon Elastic Compute Cloud - Compute,i-0fec5d1a28b6d27aa
2026-07-05T00:00:00Z,2026-07-06T00:00:00Z,True,0.54,Amazon Elastic Load Balancing,arn:aws:elasticloadbalancing:us-east-1:108782052779:loadbalancer/net/lsmc-privatelink-nlb/4ead0a65121bd679
2026-07-05T00:00:00Z,2026-07-06T00:00:00Z,True,0.5401771405,Amazon Elastic Load Balancing,arn:aws:elasticloadbalancing:us-west-2:108782052779:loadbalancer/app/lsmc-mvp-dev-alb/e86b7b9ac25ed9d8
2026-07-05T00:00:00Z,2026-07-06T00:00:00Z,True,0.54,Amazon Elastic Load Balancing,arn:aws:elasticloadbalancing:us-west-2:108782052779:loadbalancer/app/terrarium-dev-internal-api/dd105d658089a82a
2026-07-05T00:00:00Z,2026-07-06T00:00:00Z,True,0.54,Amazon Elastic Load Balancing,arn:aws:elasticloadbalancing:us-west-2:108782052779:loadbalancer/app/terrarium-prod-internal-api/1a28c6e51ad0f2bf
2026-07-05T00:00:00Z,2026-07-06T00:00:00Z,True,5.1171592112,Amazon FSx,arn:aws:fsx:us-west-2:108782052779:file-system/fs-072fc57baf4bc48b5
2026-07-05T00:00:00Z,2026-07-06T00:00:00Z,True,17.0040735281,Amazon FSx,arn:aws:fsx:us-west-2:108782052779:file-system/fs-07fb3448c1cb30c1c
2026-07-05T00:00:00Z,2026-07-06T00:00:00Z,True,43.3572500914,Amazon FSx,arn:aws:fsx:us-west-2:108782052779:file-system/fs-0b57687e1517a9181
2026-07-05T00:00:00Z,2026-07-06T00:00:00Z,True,0.0001327992,Amazon Relational Database Service,arn:aws:rds:us-east-1:108782052779:cluster-snapshot:day-dr-drill-snap-use1-20260619
2026-07-05T00:00:00Z,2026-07-06T00:00:00Z,True,9.03264e-05,Amazon Relational Database Service,arn:aws:rds:us-east-1:108782052779:cluster-snapshot:dayhoff-dr-drill-use1-20260522-snap
2026-07-05T00:00:00Z,2026-07-06T00:00:00Z,True,4.21368e-05,Amazon Relational Database Service,arn:aws:rds:us-east-1:108782052779:cluster-snapshot:dayhoff-inx-inf5-precleanup-20260528t174313z
2026-07-05T00:00:00Z,2026-07-06T00:00:00Z,True,3.33672e-05,Amazon Relational Database Service,arn:aws:rds:us-east-1:108782052779:cluster-snapshot:marvain-john-major-dev-snapshot-auroracluster-ctvfy1tkxd1i
2026-07-05T00:00:00Z,2026-07-06T00:00:00Z,True,0.0661652032,Amazon Relational Database Service,arn:aws:rds:us-east-1:108782052779:cluster:cluster-bhclwskm5mcqb7l7keks2bcha4
2026-07-05T00:00:00Z,2026-07-06T00:00:00Z,True,0.0006566952,Amazon Relational Database Service,arn:aws:rds:us-east-1:108782052779:cluster:cluster-dxfa6cony33dulps7brbbihkji
2026-07-05T00:00:00Z,2026-07-06T00:00:00Z,True,0.0115292307,Amazon Relational Database Service,arn:aws:rds:us-east-1:108782052779:cluster:cluster-kym7xbonz4xygugh5dp33j3dci
2026-07-05T00:00:00Z,2026-07-06T00:00:00Z,True,0.0619570136,Amazon Relational Database Service,arn:aws:rds:us-east-1:108782052779:cluster:cluster-pqpacrqo2fxszto7u4maw3velu
2026-07-05T00:00:00Z,2026-07-06T00:00:00Z,True,6.24,Amazon Relational Database Service,arn:aws:rds:us-east-1:108782052779:db:auruse1-writer
2026-07-05T00:00:00Z,2026-07-06T00:00:00Z,True,1.752,Amazon Relational Database Service,arn:aws:rds:us-east-1:108782052779:db:dev-writer
2026-07-05T00:00:00Z,2026-07-06T00:00:00Z,True,1.6401899035,Amazon Relational Database Service,arn:aws:rds:us-east-1:108782052779:db:dr-drill-standalone-use1-20260526
2026-07-05T00:00:00Z,2026-07-06T00:00:00Z,True,9.02952e-05,Amazon Relational Database Service,arn:aws:rds:us-west-2:108782052779:cluster-snapshot:backup-recovery-east1
2026-07-05T00:00:00Z,2026-07-06T00:00:00Z,True,2.7672e-05,Amazon Relational Database Service,arn:aws:rds:us-west-2:108782052779:cluster-snapshot:labcoredb-final-snapshot
2026-07-05T00:00:00Z,2026-07-06T00:00:00Z,True,0.0,Amazon Relational Database Service,arn:aws:rds:us-west-2:108782052779:cluster-snapshot:tapdb-dev-snapshot-auroracluster-9vwkztxfug25
2026-07-05T00:00:00Z,2026-07-06T00:00:00Z,True,0.0,Amazon Relational Database Service,arn:aws:rds:us-west-2:108782052779:cluster-snapshot:tapdb-dev-snapshot-auroracluster-elgxviyi30sp
2026-07-05T00:00:00Z,2026-07-06T00:00:00Z,True,0.0,Amazon Relational Database Service,arn:aws:rds:us-west-2:108782052779:cluster-snapshot:tapdb-dev-snapshot-auroracluster-serncerfuorz
2026-07-05T00:00:00Z,2026-07-06T00:00:00Z,True,0.0627504208,Amazon Relational Database Service,arn:aws:rds:us-west-2:108782052779:cluster:cluster-4aucm556ktddnrdqnubknrsj7a
2026-07-05T00:00:00Z,2026-07-06T00:00:00Z,True,0.001199757,Amazon Relational Database Service,arn:aws:rds:us-west-2:108782052779:cluster:cluster-4lrvijmaljrxw3emlp7ao4tioe
2026-07-05T00:00:00Z,2026-07-06T00:00:00Z,True,0.0621110544,Amazon Relational Database Service,arn:aws:rds:us-west-2:108782052779:cluster:cluster-66gsnocslwc6tx7ds6n3dxt2pq
2026-07-05T00:00:00Z,2026-07-06T00:00:00Z,True,0.0888085332,Amazon Relational Database Service,arn:aws:rds:us-west-2:108782052779:cluster:cluster-aa24mjp2wjnsfofgxghaxwhvku
2026-07-05T00:00:00Z,2026-07-06T00:00:00Z,True,0.0606226524,Amazon Relational Database Service,arn:aws:rds:us-west-2:108782052779:cluster:cluster-axxvxcfqcs53p4uqziwtcjft7m
2026-07-05T00:00:00Z,2026-07-06T00:00:00Z,True,0.0617253988,Amazon Relational Database Service,arn:aws:rds:us-west-2:108782052779:cluster:cluster-b44f3gkh6ztqssbbsuzrc4qppu
2026-07-05T00:00:00Z,2026-07-06T00:00:00Z,True,0.0579075584,Amazon Relational Database Service,arn:aws:rds:us-west-2:108782052779:cluster:cluster-f5lzubv26w3xt5cgdvgfoyhjei
2026-07-05T00:00:00Z,2026-07-06T00:00:00Z,True,0.0547969794,Amazon Relational Database Service,arn:aws:rds:us-west-2:108782052779:cluster:cluster-mp6pqnt24dgthiintbnje4ai7m
2026-07-05T00:00:00Z,2026-07-06T00:00:00Z,True,0.0020165208,Amazon Relational Database Service,arn:aws:rds:us-west-2:108782052779:cluster:cluster-o6yhev2r7ksumoenusvgvwrrae
2026-07-05T00:00:00Z,2026-07-06T00:00:00Z,True,0.00046302,Amazon Relational Database Service,arn:aws:rds:us-west-2:108782052779:cluster:cluster-rit4q5trwzhy6wvk7wvbpfmqam
2026-07-05T00:00:00Z,2026-07-06T00:00:00Z,True,0.0621854245,Amazon Relational Database Service,arn:aws:rds:us-west-2:108782052779:cluster:cluster-wgdxpkibad4gvohcmpu6wjnz7q
2026-07-05T00:00:00Z,2026-07-06T00:00:00Z,True,0.4581935472,Amazon Relational Database Service,arn:aws:rds:us-west-2:108782052779:db:aquarium-dev-db
2026-07-05T00:00:00Z,2026-07-06T00:00:00Z,True,1.752,Amazon Relational Database Service,arn:aws:rds:us-west-2:108782052779:db:dayhoff-lsmcok1-tapdb-rehearsal-20260702t104009z-writer
2026-07-05T00:00:00Z,2026-07-06T00:00:00Z,True,1.752,Amazon Relational Database Service,arn:aws:rds:us-west-2:108782052779:db:dayhoff-lsmcok1-tapdb-rehearsal-20260702t111435z-writer
2026-07-05T00:00:00Z,2026-07-06T00:00:00Z,True,1.752,Amazon Relational Database Service,arn:aws:rds:us-west-2:108782052779:db:dayhoff-lsmcok1-tapdb-rehearsal-20260702t113340z-writer
2026-07-05T00:00:00Z,2026-07-06T00:00:00Z,True,1.752,Amazon Relational Database Service,arn:aws:rds:us-west-2:108782052779:db:dayhoff-lsmcok1-tapdb-rehearsal-20260702t121558z-writer
2026-07-05T00:00:00Z,2026-07-06T00:00:00Z,True,1.752,Amazon Relational Database Service,arn:aws:rds:us-west-2:108782052779:db:dayhoff-lsmcok1-tapdb-rehearsal-20260702t124007z-writer
2026-07-05T00:00:00Z,2026-07-06T00:00:00Z,True,6.624,Amazon Relational Database Service,arn:aws:rds:us-west-2:108782052779:db:dayhoff-lsmcok1-tapdb-writer
2026-07-05T00:00:00Z,2026-07-06T00:00:00Z,True,17.232,Amazon Relational Database Service,arn:aws:rds:us-west-2:108782052779:db:dayhoff-lsmcq7-tapdb-reader-api
2026-07-05T00:00:00Z,2026-07-06T00:00:00Z,True,17.232,Amazon Relational Database Service,arn:aws:rds:us-west-2:108782052779:db:dayhoff-lsmcq7-tapdb-reader-ha
2026-07-05T00:00:00Z,2026-07-06T00:00:00Z,True,34.464,Amazon Relational Database Service,arn:aws:rds:us-west-2:108782052779:db:dayhoff-lsmcq7-tapdb-writer
2026-07-05T00:00:00Z,2026-07-06T00:00:00Z,True,6.24,Amazon Relational Database Service,arn:aws:rds:us-west-2:108782052779:db:dev-writer
2026-07-05T00:00:00Z,2026-07-06T00:00:00Z,True,2.301935484,Amazon Relational Database Service,arn:aws:rds:us-west-2:108782052779:db:dr-drill-standalone-20260521
2026-07-05T00:00:00Z,2026-07-06T00:00:00Z,True,7.6802666666,Amazon Relational Database Service,arn:aws:rds:us-west-2:108782052779:db:labcore-dev-instance-1
2026-07-05T00:00:00Z,2026-07-06T00:00:00Z,True,0.4581935472,Amazon Relational Database Service,arn:aws:rds:us-west-2:108782052779:db:lsmc-mvp-v1-event-sink-db
2026-07-05T00:00:00Z,2026-07-06T00:00:00Z,True,1.752,Amazon Relational Database Service,arn:aws:rds:us-west-2:108782052779:db:staging-writer
2026-07-05T00:00:00Z,2026-07-06T00:00:00Z,True,0.4581935472,Amazon Relational Database Service,arn:aws:rds:us-west-2:108782052779:db:terrarium-dev-db
2026-07-05T00:00:00Z,2026-07-06T00:00:00Z,True,0.4581935472,Amazon Relational Database Service,arn:aws:rds:us-west-2:108782052779:db:terrarium-prod-db
2026-07-05T00:00:00Z,2026-07-06T00:00:00Z,True,0.0073548365,Amazon Simple Storage Service,NoResourceId
2026-07-05T00:00:00Z,2026-07-06T00:00:00Z,True,0.0008165669,Amazon Simple Storage Service,aquarium-tfstate-dev
2026-07-05T00:00:00Z,2026-07-06T00:00:00Z,True,0.0008156,Amazon Simple Storage Service,aquarium-tfstate-prod
2026-07-05T00:00:00Z,2026-07-06T00:00:00Z,True,0.0,Amazon Simple Storage Service,arn:aws:s3:::aquarium-tfstate-dev
2026-07-05T00:00:00Z,2026-07-06T00:00:00Z,True,0.0,Amazon Simple Storage Service,arn:aws:s3:::aquarium-tfstate-prod
2026-07-05T00:00:00Z,2026-07-06T00:00:00Z,True,0.0,Amazon Simple Storage Service,arn:aws:s3:::asterism-note-screenshots-dev
2026-07-05T00:00:00Z,2026-07-06T00:00:00Z,True,0.0,Amazon Simple Storage Service,arn:aws:s3:::aws-sam-cli-managed-default-samclisourcebucket-wyvracmmocbp
2026-07-05T00:00:00Z,2026-07-06T00:00:00Z,True,0.0,Amazon Simple Storage Service,arn:aws:s3:::cdk-hnb659fds-assets-108782052779-us-east-1
2026-07-05T00:00:00Z,2026-07-06T00:00:00Z,True,0.0,Amazon Simple Storage Service,arn:aws:s3:::cdk-hnb659fds-assets-108782052779-us-west-2
2026-07-05T00:00:00Z,2026-07-06T00:00:00Z,True,0.0,Amazon Simple Storage Service,arn:aws:s3:::cf-templates-pfrobpqqun1c-us-east-2
2026-07-05T00:00:00Z,2026-07-06T00:00:00Z,True,0.0,Amazon Simple Storage Service,arn:aws:s3:::dayec-cur-108782052779-us-east-1
2026-07-05T00:00:00Z,2026-07-06T00:00:00Z,True,0.0,Amazon Simple Storage Service,arn:aws:s3:::daylily-customer-lsmc-a0477268
2026-07-05T00:00:00Z,2026-07-06T00:00:00Z,True,0.0,Amazon Simple Storage Service,arn:aws:s3:::ironwood-cobalt-seq
2026-07-05T00:00:00Z,2026-07-06T00:00:00Z,True,0.0,Amazon Simple Storage Service,arn:aws:s3:::ironwood-cobalt-seq-logs
2026-07-05T00:00:00Z,2026-07-06T00:00:00Z,True,0.0,Amazon Simple Storage Service,arn:aws:s3:::ironwood-meridian-seq
2026-07-05T00:00:00Z,2026-07-06T00:00:00Z,True,0.0,Amazon Simple Storage Service,arn:aws:s3:::ironwood-meridian-seq-logs
2026-07-05T00:00:00Z,2026-07-06T00:00:00Z,True,0.0,Amazon Simple Storage Service,arn:aws:s3:::lsmc-atlas-demo
2026-07-05T00:00:00Z,2026-07-06T00:00:00Z,True,0.0,Amazon Simple Storage Service,arn:aws:s3:::lsmc-atlas-dev
2026-07-05T00:00:00Z,2026-07-06T00:00:00Z,True,0.0,Amazon Simple Storage Service,arn:aws:s3:::lsmc-aws-config-108782052779
2026-07-05T00:00:00Z,2026-07-06T00:00:00Z,True,0.0,Amazon Simple Storage Service,arn:aws:s3:::lsmc-bio-oauth-static-site-108782052779-us-east-1
2026-07-05T00:00:00Z,2026-07-06T00:00:00Z,True,0.0,Amazon Simple Storage Service,arn:aws:s3:::lsmc-cloudtrail-archive
2026-07-05T00:00:00Z,2026-07-06T00:00:00Z,True,0.0,Amazon Simple Storage Service,arn:aws:s3:::lsmc-copy-ultimagen-lsmc-cro-316
2026-07-05T00:00:00Z,2026-07-06T00:00:00Z,True,0.0,Amazon Simple Storage Service,arn:aws:s3:::lsmc-datalake-raw-dev
2026-07-05T00:00:00Z,2026-07-06T00:00:00Z,True,0.0,Amazon Simple Storage Service,arn:aws:s3:::lsmc-dayoa-analysis-results-usw2
2026-07-05T00:00:00Z,2026-07-06T00:00:00Z,True,0.0,Amazon Simple Storage Service,arn:aws:s3:::lsmc-dayoa-control-data-usw2
2026-07-05T00:00:00Z,2026-07-06T00:00:00Z,True,0.0,Amazon Simple Storage Service,arn:aws:s3:::lsmc-dayoa-omics-analysis-us-west-2
2026-07-05T00:00:00Z,2026-07-06T00:00:00Z,True,0.0,Amazon Simple Storage Service,arn:aws:s3:::lsmc-dayoa-references-usw2
2026-07-05T00:00:00Z,2026-07-06T00:00:00Z,True,0.0,Amazon Simple Storage Service,arn:aws:s3:::lsmc-dayoa-runtime-assets-usw2
2026-07-05T00:00:00Z,2026-07-06T00:00:00Z,True,0.0,Amazon Simple Storage Service,arn:aws:s3:::lsmc-dayoa-staging-usw2
2026-07-05T00:00:00Z,2026-07-06T00:00:00Z,True,0.0,Amazon Simple Storage Service,arn:aws:s3:::lsmc-dewey-0
2026-07-05T00:00:00Z,2026-07-06T00:00:00Z,True,0.0,Amazon Simple Storage Service,arn:aws:s3:::lsmc-healthomics-failiover
2026-07-05T00:00:00Z,2026-07-06T00:00:00Z,True,0.0,Amazon Simple Storage Service,arn:aws:s3:::lsmc-healthomics-results
2026-07-05T00:00:00Z,2026-07-06T00:00:00Z,True,0.0,Amazon Simple Storage Service,arn:aws:s3:::lsmc-illumina-public-data
2026-07-05T00:00:00Z,2026-07-06T00:00:00Z,True,0.0,Amazon Simple Storage Service,arn:aws:s3:::lsmc-meridian-governance-registry
2026-07-05T00:00:00Z,2026-07-06T00:00:00Z,True,0.0,Amazon Simple Storage Service,arn:aws:s3:::lsmc-mvp-v1-event-sink-raw-108782052779-us-west-2
2026-07-05T00:00:00Z,2026-07-06T00:00:00Z,True,0.0,Amazon Simple Storage Service,arn:aws:s3:::lsmc-public-ont-data
2026-07-05T00:00:00Z,2026-07-06T00:00:00Z,True,0.0,Amazon Simple Storage Service,arn:aws:s3:::lsmc-ssf-sequencing-data
2026-07-05T00:00:00Z,2026-07-06T00:00:00Z,True,0.0,Amazon Simple Storage Service,arn:aws:s3:::lsmc-terraform-state
2026-07-05T00:00:00Z,2026-07-06T00:00:00Z,True,0.0,Amazon Simple Storage Service,arn:aws:s3:::lsmc-twenty-prod-storage
2026-07-05T00:00:00Z,2026-07-06T00:00:00Z,True,0.0,Amazon Simple Storage Service,arn:aws:s3:::lsmc-ursa-customers-usw2
2026-07-05T00:00:00Z,2026-07-06T00:00:00Z,True,0.0,Amazon Simple Storage Service,arn:aws:s3:::parallelcluster-4da281c1dc024f1c-v1-do-not-delete
2026-07-05T00:00:00Z,2026-07-06T00:00:00Z,True,0.0,Amazon Simple Storage Service,arn:aws:s3:::parallelcluster-730cb6d53cf2deec-v1-do-not-delete
2026-07-05T00:00:00Z,2026-07-06T00:00:00Z,True,0.0,Amazon Simple Storage Service,arn:aws:s3:::parallelcluster-e781c59d26140bab-v1-do-not-delete
2026-07-05T00:00:00Z,2026-07-06T00:00:00Z,True,0.0,Amazon Simple Storage Service,arn:aws:s3:::terrarium-dev-media
2026-07-05T00:00:00Z,2026-07-06T00:00:00Z,True,0.0,Amazon Simple Storage Service,arn:aws:s3:::terrarium-dev-web
2026-07-05T00:00:00Z,2026-07-06T00:00:00Z,True,0.0,Amazon Simple Storage Service,arn:aws:s3:::terrarium-prod-media
2026-07-05T00:00:00Z,2026-07-06T00:00:00Z,True,0.0,Amazon Simple Storage Service,arn:aws:s3:::terrarium-prod-web
2026-07-05T00:00:00Z,2026-07-06T00:00:00Z,True,0.0,Amazon Simple Storage Service,arn:aws:s3:::terrarium-tfstate-dev
2026-07-05T00:00:00Z,2026-07-06T00:00:00Z,True,0.0,Amazon Simple Storage Service,arn:aws:s3:::terrarium-tfstate-prod
2026-07-05T00:00:00Z,2026-07-06T00:00:00Z,True,0.0,Amazon Simple Storage Service,arn:aws:s3:::ursa-us-west-2-052779-default-customer-1d8c14
2026-07-05T00:00:00Z,2026-07-06T00:00:00Z,True,0.0,Amazon Simple Storage Service,arn:aws:s3:::zebra-day-cfg-us-west-2
2026-07-05T00:00:00Z,2026-07-06T00:00:00Z,True,0.0008172228,Amazon Simple Storage Service,asterism-note-screenshots-dev
2026-07-05T00:00:00Z,2026-07-06T00:00:00Z,True,0.0008631829,Amazon Simple Storage Service,aws-sam-cli-managed-default-samclisourcebucket-wyvracmmocbp
2026-07-05T00:00:00Z,2026-07-06T00:00:00Z,True,0.002410475,Amazon Simple Storage Service,cdk-hnb659fds-assets-108782052779-us-east-1
2026-07-05T00:00:00Z,2026-07-06T00:00:00Z,True,0.0007051281,Amazon Simple Storage Service,cdk-hnb659fds-assets-108782052779-us-west-2
2026-07-05T00:00:00Z,2026-07-06T00:00:00Z,True,0.0008354192,Amazon Simple Storage Service,cf-templates-pfrobpqqun1c-us-east-2
2026-07-05T00:00:00Z,2026-07-06T00:00:00Z,True,0.0006155412,Amazon Simple Storage Service,dayec-cur-108782052779-us-east-1
2026-07-05T00:00:00Z,2026-07-06T00:00:00Z,True,0.0008156,Amazon Simple Storage Service,daylily-customer-lsmc-a0477268
2026-07-05T00:00:00Z,2026-07-06T00:00:00Z,True,20.2526217075,Amazon Simple Storage Service,ironwood-cobalt-seq
2026-07-05T00:00:00Z,2026-07-06T00:00:00Z,True,0.000955446,Amazon Simple Storage Service,ironwood-cobalt-seq-logs
2026-07-05T00:00:00Z,2026-07-06T00:00:00Z,True,14.778249155,Amazon Simple Storage Service,ironwood-meridian-seq
2026-07-05T00:00:00Z,2026-07-06T00:00:00Z,True,0.0038460388,Amazon Simple Storage Service,ironwood-meridian-seq-logs
2026-07-05T00:00:00Z,2026-07-06T00:00:00Z,True,0.0008157591,Amazon Simple Storage Service,lsmc-atlas-demo
2026-07-05T00:00:00Z,2026-07-06T00:00:00Z,True,0.0008179098,Amazon Simple Storage Service,lsmc-atlas-dev
2026-07-05T00:00:00Z,2026-07-06T00:00:00Z,True,0.0022770245,Amazon Simple Storage Service,lsmc-aws-config-108782052779
2026-07-05T00:00:00Z,2026-07-06T00:00:00Z,True,0.0008793531,Amazon Simple Storage Service,lsmc-bio-oauth-static-site-108782052779-us-east-1
2026-07-05T00:00:00Z,2026-07-06T00:00:00Z,True,0.0895615791,Amazon Simple Storage Service,lsmc-cloudtrail-archive
2026-07-05T00:00:00Z,2026-07-06T00:00:00Z,True,1.4713417392,Amazon Simple Storage Service,lsmc-copy-ultimagen-lsmc-cro-316
2026-07-05T00:00:00Z,2026-07-06T00:00:00Z,True,0.0008156,Amazon Simple Storage Service,lsmc-datalake-raw-dev
2026-07-05T00:00:00Z,2026-07-06T00:00:00Z,True,0.1031318038,Amazon Simple Storage Service,lsmc-dayoa-analysis-results-usw2
2026-07-05T00:00:00Z,2026-07-06T00:00:00Z,True,7.8157018084,Amazon Simple Storage Service,lsmc-dayoa-control-data-usw2
2026-07-05T00:00:00Z,2026-07-06T00:00:00Z,True,46.6702554978,Amazon Simple Storage Service,lsmc-dayoa-omics-analysis-us-west-2
2026-07-05T00:00:00Z,2026-07-06T00:00:00Z,True,0.6881725984,Amazon Simple Storage Service,lsmc-dayoa-references-usw2
2026-07-05T00:00:00Z,2026-07-06T00:00:00Z,True,0.0306578375,Amazon Simple Storage Service,lsmc-dayoa-runtime-assets-usw2
2026-07-05T00:00:00Z,2026-07-06T00:00:00Z,True,8.3936866503,Amazon Simple Storage Service,lsmc-dayoa-staging-usw2
2026-07-05T00:00:00Z,2026-07-06T00:00:00Z,True,0.0015853386,Amazon Simple Storage Service,lsmc-dewey-0
2026-07-05T00:00:00Z,2026-07-06T00:00:00Z,True,0.0008156,Amazon Simple Storage Service,lsmc-healthomics-failiover
2026-07-05T00:00:00Z,2026-07-06T00:00:00Z,True,0.0008156,Amazon Simple Storage Service,lsmc-healthomics-results
2026-07-05T00:00:00Z,2026-07-06T00:00:00Z,True,0.0946594766,Amazon Simple Storage Service,lsmc-illumina-public-data
2026-07-05T00:00:00Z,2026-07-06T00:00:00Z,True,0.0008156001,Amazon Simple Storage Service,lsmc-meridian-governance-registry
2026-07-05T00:00:00Z,2026-07-06T00:00:00Z,True,0.0019676283,Amazon Simple Storage Service,lsmc-mvp-v1-event-sink-raw-108782052779-us-west-2
2026-07-05T00:00:00Z,2026-07-06T00:00:00Z,True,4.25845369,Amazon Simple Storage Service,lsmc-public-ont-data
2026-07-05T00:00:00Z,2026-07-06T00:00:00Z,True,158.3964150646,Amazon Simple Storage Service,lsmc-ssf-sequencing-data
2026-07-05T00:00:00Z,2026-07-06T00:00:00Z,True,0.000819999,Amazon Simple Storage Service,lsmc-terraform-state
2026-07-05T00:00:00Z,2026-07-06T00:00:00Z,True,0.0008467548,Amazon Simple Storage Service,lsmc-twenty-prod-storage
2026-07-05T00:00:00Z,2026-07-06T00:00:00Z,True,0.0008156,Amazon Simple Storage Service,lsmc-ursa-customers-usw2
2026-07-05T00:00:00Z,2026-07-06T00:00:00Z,True,0.0021335494,Amazon Simple Storage Service,parallelcluster-4da281c1dc024f1c-v1-do-not-delete
2026-07-05T00:00:00Z,2026-07-06T00:00:00Z,True,0.0008971254,Amazon Simple Storage Service,parallelcluster-730cb6d53cf2deec-v1-do-not-delete
2026-07-05T00:00:00Z,2026-07-06T00:00:00Z,True,0.0009029819,Amazon Simple Storage Service,parallelcluster-e781c59d26140bab-v1-do-not-delete
2026-07-05T00:00:00Z,2026-07-06T00:00:00Z,True,0.0008208454,Amazon Simple Storage Service,terrarium-dev-media
2026-07-05T00:00:00Z,2026-07-06T00:00:00Z,True,0.0008189685,Amazon Simple Storage Service,terrarium-dev-web
2026-07-05T00:00:00Z,2026-07-06T00:00:00Z,True,0.0008401464,Amazon Simple Storage Service,terrarium-prod-media
2026-07-05T00:00:00Z,2026-07-06T00:00:00Z,True,0.0008189685,Amazon Simple Storage Service,terrarium-prod-web
2026-07-05T00:00:00Z,2026-07-06T00:00:00Z,True,0.0008247738,Amazon Simple Storage Service,terrarium-tfstate-dev
2026-07-05T00:00:00Z,2026-07-06T00:00:00Z,True,0.0008210952,Amazon Simple Storage Service,terrarium-tfstate-prod
2026-07-05T00:00:00Z,2026-07-06T00:00:00Z,True,0.0008358386,Amazon Simple Storage Service,ursa-us-west-2-052779-default-customer-1d8c14
2026-07-05T00:00:00Z,2026-07-06T00:00:00Z,True,0.0008156869,Amazon Simple Storage Service,zebra-day-cfg-us-west-2
2026-07-05T00:00:00Z,2026-07-06T00:00:00Z,True,0.12,Amazon Virtual Private Cloud,arn:aws:ec2:ap-south-1:108782052779:network-interface/eni-02d1c980266b3afc3
2026-07-05T00:00:00Z,2026-07-06T00:00:00Z,True,0.12,Amazon Virtual Private Cloud,arn:aws:ec2:ap-south-1:108782052779:network-interface/eni-0b311a0dcb595e613
2026-07-05T00:00:00Z,2026-07-06T00:00:00Z,True,0.12,Amazon Virtual Private Cloud,arn:aws:ec2:eu-central-1:108782052779:network-interface/eni-016caa7d86d41fa17
2026-07-05T00:00:00Z,2026-07-06T00:00:00Z,True,0.12,Amazon Virtual Private Cloud,arn:aws:ec2:eu-central-1:108782052779:network-interface/eni-0b8150cde6a5fc7ae
2026-07-05T00:00:00Z,2026-07-06T00:00:00Z,True,0.12,Amazon Virtual Private Cloud,arn:aws:ec2:us-east-1:108782052779:elastic-ip/eipalloc-0004f38c8ac45ff0f
2026-07-05T00:00:00Z,2026-07-06T00:00:00Z,True,0.12,Amazon Virtual Private Cloud,arn:aws:ec2:us-east-1:108782052779:elastic-ip/eipalloc-0279920cf8bf8ec52
2026-07-05T00:00:00Z,2026-07-06T00:00:00Z,True,0.12,Amazon Virtual Private Cloud,arn:aws:ec2:us-east-1:108782052779:elastic-ip/eipalloc-05f03362c35e913dc
2026-07-05T00:00:00Z,2026-07-06T00:00:00Z,True,0.12,Amazon Virtual Private Cloud,arn:aws:ec2:us-east-1:108782052779:elastic-ip/eipalloc-0b6cc46ecf8c48bd3
2026-07-05T00:00:00Z,2026-07-06T00:00:00Z,True,0.12,Amazon Virtual Private Cloud,arn:aws:ec2:us-east-1:108782052779:elastic-ip/eipalloc-0e5344572ea8cc7d0
2026-07-05T00:00:00Z,2026-07-06T00:00:00Z,True,0.12,Amazon Virtual Private Cloud,arn:aws:ec2:us-east-1:108782052779:elastic-ip/eipalloc-0ecefed5b63745717
2026-07-05T00:00:00Z,2026-07-06T00:00:00Z,True,0.12,Amazon Virtual Private Cloud,arn:aws:ec2:us-east-1:108782052779:network-interface/eni-042ba53ad6a8384a3
2026-07-05T00:00:00Z,2026-07-06T00:00:00Z,True,0.12,Amazon Virtual Private Cloud,arn:aws:ec2:us-east-1:108782052779:network-interface/eni-085448ce53cb8a8b8
2026-07-05T00:00:00Z,2026-07-06T00:00:00Z,True,0.12,Amazon Virtual Private Cloud,arn:aws:ec2:us-east-1:108782052779:network-interface/eni-08997318714e9b90d
2026-07-05T00:00:00Z,2026-07-06T00:00:00Z,True,0.12,Amazon Virtual Private Cloud,arn:aws:ec2:us-east-1:108782052779:network-interface/eni-0b7b49dac37ac7562
2026-07-05T00:00:00Z,2026-07-06T00:00:00Z,True,0.12,Amazon Virtual Private Cloud,arn:aws:ec2:us-east-1:108782052779:network-interface/eni-0d366fd4150dd6012
2026-07-05T00:00:00Z,2026-07-06T00:00:00Z,True,0.00103889,Amazon Virtual Private Cloud,arn:aws:ec2:us-west-2:108782052779:elastic-ip/eipalloc-09f805cd9e095eb27
2026-07-05T00:00:00Z,2026-07-06T00:00:00Z,True,8.3335e-05,Amazon Virtual Private Cloud,arn:aws:ec2:us-west-2:108782052779:elastic-ip/eipalloc-0a41c16076be93c9b
2026-07-05T00:00:00Z,2026-07-06T00:00:00Z,True,0.12,Amazon Virtual Private Cloud,arn:aws:ec2:us-west-2:108782052779:network-interface/eni-0053a0c36ed8792d5
2026-07-05T00:00:00Z,2026-07-06T00:00:00Z,True,0.12,Amazon Virtual Private Cloud,arn:aws:ec2:us-west-2:108782052779:network-interface/eni-00d0d767fe52379a8
2026-07-05T00:00:00Z,2026-07-06T00:00:00Z,True,0.12,Amazon Virtual Private Cloud,arn:aws:ec2:us-west-2:108782052779:network-interface/eni-00d1b5b86b9358b5d
2026-07-05T00:00:00Z,2026-07-06T00:00:00Z,True,0.12,Amazon Virtual Private Cloud,arn:aws:ec2:us-west-2:108782052779:network-interface/eni-026f98f985a93c4bc
2026-07-05T00:00:00Z,2026-07-06T00:00:00Z,True,0.12,Amazon Virtual Private Cloud,arn:aws:ec2:us-west-2:108782052779:network-interface/eni-0365f5bd1308e7491
2026-07-05T00:00:00Z,2026-07-06T00:00:00Z,True,0.12,Amazon Virtual Private Cloud,arn:aws:ec2:us-west-2:108782052779:network-interface/eni-04757de5bbd309eda
2026-07-05T00:00:00Z,2026-07-06T00:00:00Z,True,0.12,Amazon Virtual Private Cloud,arn:aws:ec2:us-west-2:108782052779:network-interface/eni-064218f01cc92ddaa
2026-07-05T00:00:00Z,2026-07-06T00:00:00Z,True,0.12,Amazon Virtual Private Cloud,arn:aws:ec2:us-west-2:108782052779:network-interface/eni-0725a15da78e40c9d
2026-07-05T00:00:00Z,2026-07-06T00:00:00Z,True,0.11298472,Amazon Virtual Private Cloud,arn:aws:ec2:us-west-2:108782052779:network-interface/eni-0970514410e9e2f7f
2026-07-05T00:00:00Z,2026-07-06T00:00:00Z,True,0.12,Amazon Virtual Private Cloud,arn:aws:ec2:us-west-2:108782052779:network-interface/eni-099e96a4f6c1d02b6
2026-07-05T00:00:00Z,2026-07-06T00:00:00Z,True,0.12,Amazon Virtual Private Cloud,arn:aws:ec2:us-west-2:108782052779:network-interface/eni-0a2b78a4d3d361b96
2026-07-05T00:00:00Z,2026-07-06T00:00:00Z,True,0.04698611,Amazon Virtual Private Cloud,arn:aws:ec2:us-west-2:108782052779:network-interface/eni-0c5fcb42718642f57
2026-07-05T00:00:00Z,2026-07-06T00:00:00Z,True,0.12,Amazon Virtual Private Cloud,arn:aws:ec2:us-west-2:108782052779:network-interface/eni-0d010e7c9a08bcae1
2026-07-05T00:00:00Z,2026-07-06T00:00:00Z,True,0.12,Amazon Virtual Private Cloud,arn:aws:ec2:us-west-2:108782052779:network-interface/eni-0e8383492c016f0dc
2026-07-05T00:00:00Z,2026-07-06T00:00:00Z,True,0.12,Amazon Virtual Private Cloud,arn:aws:ec2:us-west-2:171675361862:network-interface/eni-09dec6f627819db8b
2026-07-05T00:00:00Z,2026-07-06T00:00:00Z,True,0.2400057185,Amazon Virtual Private Cloud,arn:aws:ec2:us-west-2:171675361862:vpc-endpoint/vpce-02ac48bf0c4efb877
2026-07-05T00:00:00Z,2026-07-06T00:00:00Z,True,0.2400007368,Amazon Virtual Private Cloud,arn:aws:ec2:us-west-2:171675361862:vpc-endpoint/vpce-036891e26dd789978
2026-07-05T00:00:00Z,2026-07-06T00:00:00Z,True,0.2400103031,Amazon Virtual Private Cloud,arn:aws:ec2:us-west-2:171675361862:vpc-endpoint/vpce-0384b7109c7362817
2026-07-05T00:00:00Z,2026-07-06T00:00:00Z,True,0.24,Amazon Virtual Private Cloud,arn:aws:ec2:us-west-2:171675361862:vpc-endpoint/vpce-0766e7a15cf8b1a9f
2026-07-05T00:00:00Z,2026-07-06T00:00:00Z,True,0.2430856464,Amazon Virtual Private Cloud,arn:aws:ec2:us-west-2:171675361862:vpc-endpoint/vpce-07f1e154c6ff3a42f
2026-07-05T00:00:00Z,2026-07-06T00:00:00Z,True,0.2427621202,Amazon Virtual Private Cloud,arn:aws:ec2:us-west-2:171675361862:vpc-endpoint/vpce-096eaa1400b8861cb
2026-07-05T00:00:00Z,2026-07-06T00:00:00Z,True,0.24,Amazon Virtual Private Cloud,arn:aws:ec2:us-west-2:171675361862:vpc-endpoint/vpce-0f12344d88ada019d
2026-07-06T00:00:00Z,2026-07-07T00:00:00Z,True,1.3440004022,EC2 - Other,arn:aws:ec2:ap-south-1:108782052779:natgateway/nat-01dc061291fc51e75
2026-07-06T00:00:00Z,2026-07-07T00:00:00Z,True,1.3440006526,EC2 - Other,arn:aws:ec2:ap-south-1:108782052779:natgateway/nat-05f85018216cac061
2026-07-06T00:00:00Z,2026-07-07T00:00:00Z,True,0.0776926348,EC2 - Other,arn:aws:ec2:ap-south-1:108782052779:snapshot/snap-053909bfd492a6457
2026-07-06T00:00:00Z,2026-07-07T00:00:00Z,True,1.2480001139,EC2 - Other,arn:aws:ec2:eu-central-1:108782052779:natgateway/nat-0a2bfbfedf38f8e87
2026-07-06T00:00:00Z,2026-07-07T00:00:00Z,True,1.2480003975,EC2 - Other,arn:aws:ec2:eu-central-1:108782052779:natgateway/nat-0ec6ae9605269bef4
2026-07-06T00:00:00Z,2026-07-07T00:00:00Z,True,1.0800002095,EC2 - Other,arn:aws:ec2:us-east-1:108782052779:natgateway/nat-089a96601cfd34f9d
2026-07-06T00:00:00Z,2026-07-07T00:00:00Z,True,0.0432491179,EC2 - Other,arn:aws:ec2:us-east-1:108782052779:snapshot/snap-07690eaa1400bc7f6
2026-07-06T00:00:00Z,2026-07-07T00:00:00Z,True,1.0913976178,EC2 - Other,arn:aws:ec2:us-west-2:108782052779:natgateway/nat-00246c8ef3b9087f1
2026-07-06T00:00:00Z,2026-07-07T00:00:00Z,True,1.0852838786,EC2 - Other,arn:aws:ec2:us-west-2:108782052779:natgateway/nat-00ac08b685fea726f
2026-07-06T00:00:00Z,2026-07-07T00:00:00Z,True,1.0814360904,EC2 - Other,arn:aws:ec2:us-west-2:108782052779:natgateway/nat-00f3c26e43ede9b10
2026-07-06T00:00:00Z,2026-07-07T00:00:00Z,True,1.0878428249,EC2 - Other,arn:aws:ec2:us-west-2:108782052779:natgateway/nat-0234e77781575cced
2026-07-06T00:00:00Z,2026-07-07T00:00:00Z,True,0.0003735286,EC2 - Other,arn:aws:ec2:us-west-2:108782052779:snapshot/snap-007de6865a5f79955
2026-07-06T00:00:00Z,2026-07-07T00:00:00Z,True,3.01894e-05,EC2 - Other,arn:aws:ec2:us-west-2:108782052779:snapshot/snap-028ca48665052fa98
2026-07-06T00:00:00Z,2026-07-07T00:00:00Z,True,0.0432491179,EC2 - Other,arn:aws:ec2:us-west-2:108782052779:snapshot/snap-0356dd0198dfe4b00
2026-07-06T00:00:00Z,2026-07-07T00:00:00Z,True,0.000170439,EC2 - Other,arn:aws:ec2:us-west-2:108782052779:snapshot/snap-06393fa09a8fa90fc
2026-07-06T00:00:00Z,2026-07-07T00:00:00Z,True,0.0564728768,EC2 - Other,arn:aws:ec2:us-west-2:108782052779:snapshot/snap-098065aeca5894b60
2026-07-06T00:00:00Z,2026-07-07T00:00:00Z,True,1.3103183659,EC2 - Other,arn:aws:ec2:us-west-2:171675361862:natgateway/nat-01432c586ef9dbf51
2026-07-06T00:00:00Z,2026-07-07T00:00:00Z,True,0.0056349231,EC2 - Other,arn:aws:ec2:us-west-2:171675361862:snapshot/snap-002695a204188d63e
2026-07-06T00:00:00Z,2026-07-07T00:00:00Z,True,0.0053868448,EC2 - Other,arn:aws:ec2:us-west-2:171675361862:snapshot/snap-010eb6cbb466b71fd
2026-07-06T00:00:00Z,2026-07-07T00:00:00Z,True,0.0066185736,EC2 - Other,arn:aws:ec2:us-west-2:171675361862:snapshot/snap-01511ff7171eb9225
2026-07-06T00:00:00Z,2026-07-07T00:00:00Z,True,0.005452999,EC2 - Other,arn:aws:ec2:us-west-2:171675361862:snapshot/snap-016bea26228ab194d
2026-07-06T00:00:00Z,2026-07-07T00:00:00Z,True,0.0314345493,EC2 - Other,arn:aws:ec2:us-west-2:171675361862:snapshot/snap-0225be64252283430
2026-07-06T00:00:00Z,2026-07-07T00:00:00Z,True,0.0053167528,EC2 - Other,arn:aws:ec2:us-west-2:171675361862:snapshot/snap-031f9c5ef8426bd1c
2026-07-06T00:00:00Z,2026-07-07T00:00:00Z,True,0.0059971963,EC2 - Other,arn:aws:ec2:us-west-2:171675361862:snapshot/snap-0338d1716afca4e43
2026-07-06T00:00:00Z,2026-07-07T00:00:00Z,True,0.0060704385,EC2 - Other,arn:aws:ec2:us-west-2:171675361862:snapshot/snap-033ab1e381b5342f6
2026-07-06T00:00:00Z,2026-07-07T00:00:00Z,True,0.0060499622,EC2 - Other,arn:aws:ec2:us-west-2:171675361862:snapshot/snap-0501d7cd23efcc020
2026-07-06T00:00:00Z,2026-07-07T00:00:00Z,True,0.0051915323,EC2 - Other,arn:aws:ec2:us-west-2:171675361862:snapshot/snap-050a336ac34adee25
2026-07-06T00:00:00Z,2026-07-07T00:00:00Z,True,0.0062240108,EC2 - Other,arn:aws:ec2:us-west-2:171675361862:snapshot/snap-056b6078f26feecb6
2026-07-06T00:00:00Z,2026-07-07T00:00:00Z,True,0.0057711694,EC2 - Other,arn:aws:ec2:us-west-2:171675361862:snapshot/snap-06c0c905738f06aaf
2026-07-06T00:00:00Z,2026-07-07T00:00:00Z,True,0.0055081275,EC2 - Other,arn:aws:ec2:us-west-2:171675361862:snapshot/snap-07c960f2e8ecd2246
2026-07-06T00:00:00Z,2026-07-07T00:00:00Z,True,0.0058514995,EC2 - Other,arn:aws:ec2:us-west-2:171675361862:snapshot/snap-0818ddb9763ebade7
2026-07-06T00:00:00Z,2026-07-07T00:00:00Z,True,0.0060846144,EC2 - Other,arn:aws:ec2:us-west-2:171675361862:snapshot/snap-081d1157989f4430b
2026-07-06T00:00:00Z,2026-07-07T00:00:00Z,True,0.0067713584,EC2 - Other,arn:aws:ec2:us-west-2:171675361862:snapshot/snap-09a81377b032dbfba
2026-07-06T00:00:00Z,2026-07-07T00:00:00Z,True,0.0054207094,EC2 - Other,arn:aws:ec2:us-west-2:171675361862:snapshot/snap-0a1b0a3f89ddb1991
2026-07-06T00:00:00Z,2026-07-07T00:00:00Z,True,0.0055750693,EC2 - Other,arn:aws:ec2:us-west-2:171675361862:snapshot/snap-0a263ead2c9955ffe
2026-07-06T00:00:00Z,2026-07-07T00:00:00Z,True,0.0060412991,EC2 - Other,arn:aws:ec2:us-west-2:171675361862:snapshot/snap-0aa6b361bd48001c2
2026-07-06T00:00:00Z,2026-07-07T00:00:00Z,True,0.006195659,EC2 - Other,arn:aws:ec2:us-west-2:171675361862:snapshot/snap-0aaadd230c3f34822
2026-07-06T00:00:00Z,2026-07-07T00:00:00Z,True,0.0077203566,EC2 - Other,arn:aws:ec2:us-west-2:171675361862:snapshot/snap-0ad2c3c6333d7af72
2026-07-06T00:00:00Z,2026-07-07T00:00:00Z,True,0.0062011719,EC2 - Other,arn:aws:ec2:us-west-2:171675361862:snapshot/snap-0bed9cd5c78dd7a9e
2026-07-06T00:00:00Z,2026-07-07T00:00:00Z,True,0.0059940461,EC2 - Other,arn:aws:ec2:us-west-2:171675361862:snapshot/snap-0cd392bfda857c555
2026-07-06T00:00:00Z,2026-07-07T00:00:00Z,True,0.0062129851,EC2 - Other,arn:aws:ec2:us-west-2:171675361862:snapshot/snap-0da5e421575091cdf
2026-07-06T00:00:00Z,2026-07-07T00:00:00Z,True,0.0128907563,EC2 - Other,arn:aws:ec2:us-west-2:171675361862:snapshot/snap-0dd884c697c716097
2026-07-06T00:00:00Z,2026-07-07T00:00:00Z,True,0.0059397051,EC2 - Other,arn:aws:ec2:us-west-2:171675361862:snapshot/snap-0dec4b2eb2d9b764b
2026-07-06T00:00:00Z,2026-07-07T00:00:00Z,True,0.0056955645,EC2 - Other,arn:aws:ec2:us-west-2:171675361862:snapshot/snap-0e339244a4847882d
2026-07-06T00:00:00Z,2026-07-07T00:00:00Z,True,0.0088143626,EC2 - Other,arn:aws:ec2:us-west-2:171675361862:snapshot/snap-0e63a995f8f773413
2026-07-06T00:00:00Z,2026-07-07T00:00:00Z,True,0.0055805822,EC2 - Other,arn:aws:ec2:us-west-2:171675361862:snapshot/snap-0e996b7ad4dda2005
2026-07-06T00:00:00Z,2026-07-07T00:00:00Z,True,0.0066957535,EC2 - Other,arn:aws:ec2:us-west-2:171675361862:snapshot/snap-0ee50102fc86b318a
2026-07-06T00:00:00Z,2026-07-07T00:00:00Z,True,0.0088008758,EC2 - Other,arn:aws:ec2:us-west-2:171675361862:snapshot/snap-0ff83cfed371294d7
2026-07-06T00:00:00Z,2026-07-07T00:00:00Z,True,1.552e-07,EC2 - Other,i-005099e85867081aa
2026-07-06T00:00:00Z,2026-07-07T00:00:00Z,True,1.882e-07,EC2 - Other,i-03dadb54f182e1dbe
2026-07-06T00:00:00Z,2026-07-07T00:00:00Z,True,1.63247e-05,EC2 - Other,i-04d3a8c6aae87f818
2026-07-06T00:00:00Z,2026-07-07T00:00:00Z,True,0.0155743173,EC2 - Other,i-07df3a933e4839f52
2026-07-06T00:00:00Z,2026-07-07T00:00:00Z,True,3.08e-06,EC2 - Other,i-09f66b3f11ea42c60
2026-07-06T00:00:00Z,2026-07-07T00:00:00Z,True,1.2684e-06,EC2 - Other,i-0ab7116abc8229a16
2026-07-06T00:00:00Z,2026-07-07T00:00:00Z,True,0.0002050174,EC2 - Other,i-0cce1c2d935e86786
2026-07-06T00:00:00Z,2026-07-07T00:00:00Z,True,0.0774193536,EC2 - Other,vol-0054217b60d3a15d8
2026-07-06T00:00:00Z,2026-07-07T00:00:00Z,True,0.8670967752,EC2 - Other,vol-00cbb7ba932dbd3a4
2026-07-06T00:00:00Z,2026-07-07T00:00:00Z,True,0.8670967752,EC2 - Other,vol-014b3f723fb89dc63
2026-07-06T00:00:00Z,2026-07-07T00:00:00Z,True,0.0516129024,EC2 - Other,vol-02caa6b741e86c280
2026-07-06T00:00:00Z,2026-07-07T00:00:00Z,True,0.8670967752,EC2 - Other,vol-0392bc7824a1e81e8
2026-07-06T00:00:00Z,2026-07-07T00:00:00Z,True,0.8670967752,EC2 - Other,vol-04646998d6f1fd325
2026-07-06T00:00:00Z,2026-07-07T00:00:00Z,True,0.0051612912,EC2 - Other,vol-0542fd77a5e4a4f63
2026-07-06T00:00:00Z,2026-07-07T00:00:00Z,True,1.0864516128,EC2 - Other,vol-077b3ad123c39d931
2026-07-06T00:00:00Z,2026-07-07T00:00:00Z,True,1.0864516128,EC2 - Other,vol-079fabcfc89769853
2026-07-06T00:00:00Z,2026-07-07T00:00:00Z,True,15.4838709672,EC2 - Other,vol-0840104f024bda559
2026-07-06T00:00:00Z,2026-07-07T00:00:00Z,True,0.1290322584,EC2 - Other,vol-08dee3ee1394063cb
2026-07-06T00:00:00Z,2026-07-07T00:00:00Z,True,0.0206451624,EC2 - Other,vol-0941af554a7184c73
2026-07-06T00:00:00Z,2026-07-07T00:00:00Z,True,0.0206451624,EC2 - Other,vol-09454929e2c583ae7
2026-07-06T00:00:00Z,2026-07-07T00:00:00Z,True,0.0516129024,EC2 - Other,vol-0958a841ed26fc81a
2026-07-06T00:00:00Z,2026-07-07T00:00:00Z,True,0.8670967752,EC2 - Other,vol-0aa3f5a0f5cdca9a0
2026-07-06T00:00:00Z,2026-07-07T00:00:00Z,True,0.0206451624,EC2 - Other,vol-0af8f94e0cd058ddf
2026-07-06T00:00:00Z,2026-07-07T00:00:00Z,True,0.0206451624,EC2 - Other,vol-0b6a14b3d2c01264d
2026-07-06T00:00:00Z,2026-07-07T00:00:00Z,True,0.0051612912,EC2 - Other,vol-0b98b1e8d330cca41
2026-07-06T00:00:00Z,2026-07-07T00:00:00Z,True,0.8670967752,EC2 - Other,vol-0b99a6dcae2700982
2026-07-06T00:00:00Z,2026-07-07T00:00:00Z,True,0.6038709672,EC2 - Other,vol-0c26833469cf6995a
2026-07-06T00:00:00Z,2026-07-07T00:00:00Z,True,0.8670967752,EC2 - Other,vol-0c69ba6b467620e14
2026-07-06T00:00:00Z,2026-07-07T00:00:00Z,True,0.8670967752,EC2 - Other,vol-0dba752186e34e08c
2026-07-06T00:00:00Z,2026-07-07T00:00:00Z,True,0.8670967752,EC2 - Other,vol-0ea36895cc2b979ac
2026-07-06T00:00:00Z,2026-07-07T00:00:00Z,True,0.8670967752,EC2 - Other,vol-0f2da5c82d0de1378
2026-07-06T00:00:00Z,2026-07-07T00:00:00Z,True,0.8670967752,EC2 - Other,vol-0f9efeb41e207d738
2026-07-06T00:00:00Z,2026-07-07T00:00:00Z,True,0.0,Amazon Elastic Compute Cloud - Compute,arn:aws:ec2:ap-south-1:108782052779:natgateway/nat-01dc061291fc51e75
2026-07-06T00:00:00Z,2026-07-07T00:00:00Z,True,0.0,Amazon Elastic Compute Cloud - Compute,arn:aws:ec2:ap-south-1:108782052779:natgateway/nat-05f85018216cac061
2026-07-06T00:00:00Z,2026-07-07T00:00:00Z,True,6.71e-08,Amazon Elastic Compute Cloud - Compute,arn:aws:ec2:eu-central-1:108782052779:natgateway/nat-0a2bfbfedf38f8e87
2026-07-06T00:00:00Z,2026-07-07T00:00:00Z,True,3.4e-09,Amazon Elastic Compute Cloud - Compute,arn:aws:ec2:eu-central-1:108782052779:natgateway/nat-0ec6ae9605269bef4
2026-07-06T00:00:00Z,2026-07-07T00:00:00Z,True,1.69e-08,Amazon Elastic Compute Cloud - Compute,arn:aws:ec2:us-east-1:108782052779:natgateway/nat-089a96601cfd34f9d
2026-07-06T00:00:00Z,2026-07-07T00:00:00Z,True,3.03e-08,Amazon Elastic Compute Cloud - Compute,arn:aws:ec2:us-west-2:108782052779:natgateway/nat-00246c8ef3b9087f1
2026-07-06T00:00:00Z,2026-07-07T00:00:00Z,True,7.22e-08,Amazon Elastic Compute Cloud - Compute,arn:aws:ec2:us-west-2:108782052779:natgateway/nat-00ac08b685fea726f
2026-07-06T00:00:00Z,2026-07-07T00:00:00Z,True,2.69e-08,Amazon Elastic Compute Cloud - Compute,arn:aws:ec2:us-west-2:108782052779:natgateway/nat-00f3c26e43ede9b10
2026-07-06T00:00:00Z,2026-07-07T00:00:00Z,True,5.7e-08,Amazon Elastic Compute Cloud - Compute,arn:aws:ec2:us-west-2:108782052779:natgateway/nat-0234e77781575cced
2026-07-06T00:00:00Z,2026-07-07T00:00:00Z,True,0.0019848285,Amazon Elastic Compute Cloud - Compute,arn:aws:ec2:us-west-2:171675361862:natgateway/nat-01432c586ef9dbf51
2026-07-06T00:00:00Z,2026-07-07T00:00:00Z,True,12.7008012814,Amazon Elastic Compute Cloud - Compute,i-005099e85867081aa
2026-07-06T00:00:00Z,2026-07-07T00:00:00Z,True,3.9936,Amazon Elastic Compute Cloud - Compute,i-01db42c813d037c0e
2026-07-06T00:00:00Z,2026-07-07T00:00:00Z,True,0.2496,Amazon Elastic Compute Cloud - Compute,i-02ffc986b48f04b81
2026-07-06T00:00:00Z,2026-07-07T00:00:00Z,True,0.2496,Amazon Elastic Compute Cloud - Compute,i-03cd726ad5d7f3f3d
2026-07-06T00:00:00Z,2026-07-07T00:00:00Z,True,25.4016071706,Amazon Elastic Compute Cloud - Compute,i-03dadb54f182e1dbe
2026-07-06T00:00:00Z,2026-07-07T00:00:00Z,True,0.1248014643,Amazon Elastic Compute Cloud - Compute,i-04d3a8c6aae87f818
2026-07-06T00:00:00Z,2026-07-07T00:00:00Z,True,7.987990573,Amazon Elastic Compute Cloud - Compute,i-07df3a933e4839f52
2026-07-06T00:00:00Z,2026-07-07T00:00:00Z,True,0.2016,Amazon Elastic Compute Cloud - Compute,i-089b87fc6d966ec03
2026-07-06T00:00:00Z,2026-07-07T00:00:00Z,True,0.4992019337,Amazon Elastic Compute Cloud - Compute,i-09f66b3f11ea42c60
2026-07-06T00:00:00Z,2026-07-07T00:00:00Z,True,0.2496,Amazon Elastic Compute Cloud - Compute,i-0ab7116abc8229a16
2026-07-06T00:00:00Z,2026-07-07T00:00:00Z,True,0.8064,Amazon Elastic Compute Cloud - Compute,i-0cce1c2d935e86786
2026-07-06T00:00:00Z,2026-07-07T00:00:00Z,True,0.2016,Amazon Elastic Compute Cloud - Compute,i-0fec5d1a28b6d27aa
2026-07-06T00:00:00Z,2026-07-07T00:00:00Z,True,0.54,Amazon Elastic Load Balancing,arn:aws:elasticloadbalancing:us-east-1:108782052779:loadbalancer/net/lsmc-privatelink-nlb/4ead0a65121bd679
2026-07-06T00:00:00Z,2026-07-07T00:00:00Z,True,0.5403774524,Amazon Elastic Load Balancing,arn:aws:elasticloadbalancing:us-west-2:108782052779:loadbalancer/app/lsmc-mvp-dev-alb/e86b7b9ac25ed9d8
2026-07-06T00:00:00Z,2026-07-07T00:00:00Z,True,0.1801387885,Amazon Elastic Load Balancing,arn:aws:elasticloadbalancing:us-west-2:108782052779:loadbalancer/app/lsmc-mvp-v1-labcore-alb/b4cb84436abceb38
2026-07-06T00:00:00Z,2026-07-07T00:00:00Z,True,0.54,Amazon Elastic Load Balancing,arn:aws:elasticloadbalancing:us-west-2:108782052779:loadbalancer/app/terrarium-dev-internal-api/dd105d658089a82a
2026-07-06T00:00:00Z,2026-07-07T00:00:00Z,True,0.54,Amazon Elastic Load Balancing,arn:aws:elasticloadbalancing:us-west-2:108782052779:loadbalancer/app/terrarium-prod-internal-api/1a28c6e51ad0f2bf
2026-07-06T00:00:00Z,2026-07-07T00:00:00Z,True,5.4203328705,Amazon FSx,arn:aws:fsx:us-west-2:108782052779:file-system/fs-072fc57baf4bc48b5
2026-07-06T00:00:00Z,2026-07-07T00:00:00Z,True,43.3572520245,Amazon FSx,arn:aws:fsx:us-west-2:108782052779:file-system/fs-0b57687e1517a9181
2026-07-06T00:00:00Z,2026-07-07T00:00:00Z,True,0.0001327992,Amazon Relational Database Service,arn:aws:rds:us-east-1:108782052779:cluster-snapshot:day-dr-drill-snap-use1-20260619
2026-07-06T00:00:00Z,2026-07-07T00:00:00Z,True,9.03264e-05,Amazon Relational Database Service,arn:aws:rds:us-east-1:108782052779:cluster-snapshot:dayhoff-dr-drill-use1-20260522-snap
2026-07-06T00:00:00Z,2026-07-07T00:00:00Z,True,4.21368e-05,Amazon Relational Database Service,arn:aws:rds:us-east-1:108782052779:cluster-snapshot:dayhoff-inx-inf5-precleanup-20260528t174313z
2026-07-06T00:00:00Z,2026-07-07T00:00:00Z,True,3.33672e-05,Amazon Relational Database Service,arn:aws:rds:us-east-1:108782052779:cluster-snapshot:marvain-john-major-dev-snapshot-auroracluster-ctvfy1tkxd1i
2026-07-06T00:00:00Z,2026-07-07T00:00:00Z,True,0.0639667977,Amazon Relational Database Service,arn:aws:rds:us-east-1:108782052779:cluster:cluster-bhclwskm5mcqb7l7keks2bcha4
2026-07-06T00:00:00Z,2026-07-07T00:00:00Z,True,0.0003830722,Amazon Relational Database Service,arn:aws:rds:us-east-1:108782052779:cluster:cluster-dxfa6cony33dulps7brbbihkji
2026-07-06T00:00:00Z,2026-07-07T00:00:00Z,True,0.0054644813,Amazon Relational Database Service,arn:aws:rds:us-east-1:108782052779:cluster:cluster-kym7xbonz4xygugh5dp33j3dci
2026-07-06T00:00:00Z,2026-07-07T00:00:00Z,True,0.0610154136,Amazon Relational Database Service,arn:aws:rds:us-east-1:108782052779:cluster:cluster-pqpacrqo2fxszto7u4maw3velu
2026-07-06T00:00:00Z,2026-07-07T00:00:00Z,True,6.24,Amazon Relational Database Service,arn:aws:rds:us-east-1:108782052779:db:auruse1-writer
2026-07-06T00:00:00Z,2026-07-07T00:00:00Z,True,1.752,Amazon Relational Database Service,arn:aws:rds:us-east-1:108782052779:db:dev-writer
2026-07-06T00:00:00Z,2026-07-07T00:00:00Z,True,1.1901310348,Amazon Relational Database Service,arn:aws:rds:us-east-1:108782052779:db:dr-drill-standalone-use1-20260526
2026-07-06T00:00:00Z,2026-07-07T00:00:00Z,True,9.02952e-05,Amazon Relational Database Service,arn:aws:rds:us-west-2:108782052779:cluster-snapshot:backup-recovery-east1
2026-07-06T00:00:00Z,2026-07-07T00:00:00Z,True,2.7672e-05,Amazon Relational Database Service,arn:aws:rds:us-west-2:108782052779:cluster-snapshot:labcoredb-final-snapshot
2026-07-06T00:00:00Z,2026-07-07T00:00:00Z,True,0.0,Amazon Relational Database Service,arn:aws:rds:us-west-2:108782052779:cluster-snapshot:tapdb-dev-snapshot-auroracluster-9vwkztxfug25
2026-07-06T00:00:00Z,2026-07-07T00:00:00Z,True,0.0,Amazon Relational Database Service,arn:aws:rds:us-west-2:108782052779:cluster-snapshot:tapdb-dev-snapshot-auroracluster-elgxviyi30sp
2026-07-06T00:00:00Z,2026-07-07T00:00:00Z,True,0.0,Amazon Relational Database Service,arn:aws:rds:us-west-2:108782052779:cluster-snapshot:tapdb-dev-snapshot-auroracluster-serncerfuorz
2026-07-06T00:00:00Z,2026-07-07T00:00:00Z,True,0.0611599507,Amazon Relational Database Service,arn:aws:rds:us-west-2:108782052779:cluster:cluster-4aucm556ktddnrdqnubknrsj7a
2026-07-06T00:00:00Z,2026-07-07T00:00:00Z,True,0.0007463555,Amazon Relational Database Service,arn:aws:rds:us-west-2:108782052779:cluster:cluster-4lrvijmaljrxw3emlp7ao4tioe
2026-07-06T00:00:00Z,2026-07-07T00:00:00Z,True,0.061273973,Amazon Relational Database Service,arn:aws:rds:us-west-2:108782052779:cluster:cluster-66gsnocslwc6tx7ds6n3dxt2pq
2026-07-06T00:00:00Z,2026-07-07T00:00:00Z,True,0.08790727,Amazon Relational Database Service,arn:aws:rds:us-west-2:108782052779:cluster:cluster-aa24mjp2wjnsfofgxghaxwhvku
2026-07-06T00:00:00Z,2026-07-07T00:00:00Z,True,0.060562733,Amazon Relational Database Service,arn:aws:rds:us-west-2:108782052779:cluster:cluster-axxvxcfqcs53p4uqziwtcjft7m
2026-07-06T00:00:00Z,2026-07-07T00:00:00Z,True,0.0610509635,Amazon Relational Database Service,arn:aws:rds:us-west-2:108782052779:cluster:cluster-b44f3gkh6ztqssbbsuzrc4qppu
2026-07-06T00:00:00Z,2026-07-07T00:00:00Z,True,0.0252479972,Amazon Relational Database Service,arn:aws:rds:us-west-2:108782052779:cluster:cluster-chrdxrfhnes5uimlnssesyo5me
2026-07-06T00:00:00Z,2026-07-07T00:00:00Z,True,0.0600825584,Amazon Relational Database Service,arn:aws:rds:us-west-2:108782052779:cluster:cluster-f5lzubv26w3xt5cgdvgfoyhjei
2026-07-06T00:00:00Z,2026-07-07T00:00:00Z,True,0.0600758056,Amazon Relational Database Service,arn:aws:rds:us-west-2:108782052779:cluster:cluster-mp6pqnt24dgthiintbnje4ai7m
2026-07-06T00:00:00Z,2026-07-07T00:00:00Z,True,0.0020165208,Amazon Relational Database Service,arn:aws:rds:us-west-2:108782052779:cluster:cluster-o6yhev2r7ksumoenusvgvwrrae
2026-07-06T00:00:00Z,2026-07-07T00:00:00Z,True,0.00046302,Amazon Relational Database Service,arn:aws:rds:us-west-2:108782052779:cluster:cluster-rit4q5trwzhy6wvk7wvbpfmqam
2026-07-06T00:00:00Z,2026-07-07T00:00:00Z,True,0.064968447,Amazon Relational Database Service,arn:aws:rds:us-west-2:108782052779:cluster:cluster-wgdxpkibad4gvohcmpu6wjnz7q
2026-07-06T00:00:00Z,2026-07-07T00:00:00Z,True,0.0,Amazon Relational Database Service,arn:aws:rds:us-west-2:108782052779:cluster:lsmc-mvpv1-db
2026-07-06T00:00:00Z,2026-07-07T00:00:00Z,True,0.4581944327,Amazon Relational Database Service,arn:aws:rds:us-west-2:108782052779:db:aquarium-dev-db
2026-07-06T00:00:00Z,2026-07-07T00:00:00Z,True,1.752,Amazon Relational Database Service,arn:aws:rds:us-west-2:108782052779:db:dayhoff-lsmcok1-tapdb-rehearsal-20260702t104009z-writer
2026-07-06T00:00:00Z,2026-07-07T00:00:00Z,True,1.752,Amazon Relational Database Service,arn:aws:rds:us-west-2:108782052779:db:dayhoff-lsmcok1-tapdb-rehearsal-20260702t111435z-writer
2026-07-06T00:00:00Z,2026-07-07T00:00:00Z,True,1.752,Amazon Relational Database Service,arn:aws:rds:us-west-2:108782052779:db:dayhoff-lsmcok1-tapdb-rehearsal-20260702t113340z-writer
2026-07-06T00:00:00Z,2026-07-07T00:00:00Z,True,1.752,Amazon Relational Database Service,arn:aws:rds:us-west-2:108782052779:db:dayhoff-lsmcok1-tapdb-rehearsal-20260702t121558z-writer
2026-07-06T00:00:00Z,2026-07-07T00:00:00Z,True,1.752,Amazon Relational Database Service,arn:aws:rds:us-west-2:108782052779:db:dayhoff-lsmcok1-tapdb-rehearsal-20260702t124007z-writer
2026-07-06T00:00:00Z,2026-07-07T00:00:00Z,True,6.624,Amazon Relational Database Service,arn:aws:rds:us-west-2:108782052779:db:dayhoff-lsmcok1-tapdb-writer
2026-07-06T00:00:00Z,2026-07-07T00:00:00Z,True,17.232,Amazon Relational Database Service,arn:aws:rds:us-west-2:108782052779:db:dayhoff-lsmcq7-tapdb-reader-api
2026-07-06T00:00:00Z,2026-07-07T00:00:00Z,True,17.232,Amazon Relational Database Service,arn:aws:rds:us-west-2:108782052779:db:dayhoff-lsmcq7-tapdb-reader-ha
2026-07-06T00:00:00Z,2026-07-07T00:00:00Z,True,34.4640084031,Amazon Relational Database Service,arn:aws:rds:us-west-2:108782052779:db:dayhoff-lsmcq7-tapdb-writer
2026-07-06T00:00:00Z,2026-07-07T00:00:00Z,True,6.24,Amazon Relational Database Service,arn:aws:rds:us-west-2:108782052779:db:dev-writer
2026-07-06T00:00:00Z,2026-07-07T00:00:00Z,True,1.6290722676,Amazon Relational Database Service,arn:aws:rds:us-west-2:108782052779:db:dr-drill-standalone-20260521
2026-07-06T00:00:00Z,2026-07-07T00:00:00Z,True,7.6804,Amazon Relational Database Service,arn:aws:rds:us-west-2:108782052779:db:labcore-dev-instance-1
2026-07-06T00:00:00Z,2026-07-07T00:00:00Z,True,0.3019145361,Amazon Relational Database Service,arn:aws:rds:us-west-2:108782052779:db:lsmc-mvp-v1-event-sink-db
2026-07-06T00:00:00Z,2026-07-07T00:00:00Z,True,1.1134000701,Amazon Relational Database Service,arn:aws:rds:us-west-2:108782052779:db:lsmc-mvpv1-db-writer-1
2026-07-06T00:00:00Z,2026-07-07T00:00:00Z,True,1.752,Amazon Relational Database Service,arn:aws:rds:us-west-2:108782052779:db:staging-writer
2026-07-06T00:00:00Z,2026-07-07T00:00:00Z,True,0.4581935472,Amazon Relational Database Service,arn:aws:rds:us-west-2:108782052779:db:terrarium-dev-db
2026-07-06T00:00:00Z,2026-07-07T00:00:00Z,True,0.4581935472,Amazon Relational Database Service,arn:aws:rds:us-west-2:108782052779:db:terrarium-prod-db
2026-07-06T00:00:00Z,2026-07-07T00:00:00Z,True,0.0012678004,Amazon Simple Storage Service,NoResourceId
2026-07-06T00:00:00Z,2026-07-07T00:00:00Z,True,0.0008193669,Amazon Simple Storage Service,aquarium-tfstate-dev
2026-07-06T00:00:00Z,2026-07-07T00:00:00Z,True,0.0008184,Amazon Simple Storage Service,aquarium-tfstate-prod
2026-07-06T00:00:00Z,2026-07-07T00:00:00Z,True,0.0,Amazon Simple Storage Service,arn:aws:s3:::aquarium-tfstate-dev
2026-07-06T00:00:00Z,2026-07-07T00:00:00Z,True,0.0,Amazon Simple Storage Service,arn:aws:s3:::aquarium-tfstate-prod
2026-07-06T00:00:00Z,2026-07-07T00:00:00Z,True,0.0,Amazon Simple Storage Service,arn:aws:s3:::asterism-note-screenshots-dev
2026-07-06T00:00:00Z,2026-07-07T00:00:00Z,True,0.0,Amazon Simple Storage Service,arn:aws:s3:::aws-sam-cli-managed-default-samclisourcebucket-wyvracmmocbp
2026-07-06T00:00:00Z,2026-07-07T00:00:00Z,True,0.0,Amazon Simple Storage Service,arn:aws:s3:::cdk-hnb659fds-assets-108782052779-us-east-1
2026-07-06T00:00:00Z,2026-07-07T00:00:00Z,True,0.0,Amazon Simple Storage Service,arn:aws:s3:::cdk-hnb659fds-assets-108782052779-us-west-2
2026-07-06T00:00:00Z,2026-07-07T00:00:00Z,True,0.0,Amazon Simple Storage Service,arn:aws:s3:::cf-templates-pfrobpqqun1c-us-east-2
2026-07-06T00:00:00Z,2026-07-07T00:00:00Z,True,0.0,Amazon Simple Storage Service,arn:aws:s3:::dayec-cur-108782052779-us-east-1
2026-07-06T00:00:00Z,2026-07-07T00:00:00Z,True,0.0,Amazon Simple Storage Service,arn:aws:s3:::daylily-customer-lsmc-a0477268
2026-07-06T00:00:00Z,2026-07-07T00:00:00Z,True,0.0,Amazon Simple Storage Service,arn:aws:s3:::ironwood-cobalt-seq
2026-07-06T00:00:00Z,2026-07-07T00:00:00Z,True,0.0,Amazon Simple Storage Service,arn:aws:s3:::ironwood-cobalt-seq-logs
2026-07-06T00:00:00Z,2026-07-07T00:00:00Z,True,0.0,Amazon Simple Storage Service,arn:aws:s3:::ironwood-meridian-seq
2026-07-06T00:00:00Z,2026-07-07T00:00:00Z,True,0.0,Amazon Simple Storage Service,arn:aws:s3:::ironwood-meridian-seq-logs
2026-07-06T00:00:00Z,2026-07-07T00:00:00Z,True,0.0,Amazon Simple Storage Service,arn:aws:s3:::lsmc-atlas-demo
2026-07-06T00:00:00Z,2026-07-07T00:00:00Z,True,0.0,Amazon Simple Storage Service,arn:aws:s3:::lsmc-atlas-dev
2026-07-06T00:00:00Z,2026-07-07T00:00:00Z,True,0.0,Amazon Simple Storage Service,arn:aws:s3:::lsmc-aws-config-108782052779
2026-07-06T00:00:00Z,2026-07-07T00:00:00Z,True,0.0,Amazon Simple Storage Service,arn:aws:s3:::lsmc-bio-oauth-static-site-108782052779-us-east-1
2026-07-06T00:00:00Z,2026-07-07T00:00:00Z,True,0.0,Amazon Simple Storage Service,arn:aws:s3:::lsmc-cloudtrail-archive
2026-07-06T00:00:00Z,2026-07-07T00:00:00Z,True,0.0,Amazon Simple Storage Service,arn:aws:s3:::lsmc-copy-ultimagen-lsmc-cro-316
2026-07-06T00:00:00Z,2026-07-07T00:00:00Z,True,0.0,Amazon Simple Storage Service,arn:aws:s3:::lsmc-datalake-raw-dev
2026-07-06T00:00:00Z,2026-07-07T00:00:00Z,True,0.0,Amazon Simple Storage Service,arn:aws:s3:::lsmc-dayoa-analysis-results-usw2
2026-07-06T00:00:00Z,2026-07-07T00:00:00Z,True,0.0,Amazon Simple Storage Service,arn:aws:s3:::lsmc-dayoa-control-data-usw2
2026-07-06T00:00:00Z,2026-07-07T00:00:00Z,True,0.0,Amazon Simple Storage Service,arn:aws:s3:::lsmc-dayoa-omics-analysis-us-west-2
2026-07-06T00:00:00Z,2026-07-07T00:00:00Z,True,0.0,Amazon Simple Storage Service,arn:aws:s3:::lsmc-dayoa-references-usw2
2026-07-06T00:00:00Z,2026-07-07T00:00:00Z,True,0.0,Amazon Simple Storage Service,arn:aws:s3:::lsmc-dayoa-runtime-assets-usw2
2026-07-06T00:00:00Z,2026-07-07T00:00:00Z,True,0.0,Amazon Simple Storage Service,arn:aws:s3:::lsmc-dayoa-staging-usw2
2026-07-06T00:00:00Z,2026-07-07T00:00:00Z,True,0.0,Amazon Simple Storage Service,arn:aws:s3:::lsmc-dewey-0
2026-07-06T00:00:00Z,2026-07-07T00:00:00Z,True,0.0,Amazon Simple Storage Service,arn:aws:s3:::lsmc-healthomics-failiover
2026-07-06T00:00:00Z,2026-07-07T00:00:00Z,True,0.0,Amazon Simple Storage Service,arn:aws:s3:::lsmc-healthomics-results
2026-07-06T00:00:00Z,2026-07-07T00:00:00Z,True,0.0,Amazon Simple Storage Service,arn:aws:s3:::lsmc-illumina-public-data
2026-07-06T00:00:00Z,2026-07-07T00:00:00Z,True,0.0,Amazon Simple Storage Service,arn:aws:s3:::lsmc-meridian-governance-registry
2026-07-06T00:00:00Z,2026-07-07T00:00:00Z,True,0.0,Amazon Simple Storage Service,arn:aws:s3:::lsmc-mvp-v1-event-sink-raw-108782052779-us-west-2
2026-07-06T00:00:00Z,2026-07-07T00:00:00Z,True,0.0,Amazon Simple Storage Service,arn:aws:s3:::lsmc-mvp-v1-labcore-ui-108782052779-us-west-2
2026-07-06T00:00:00Z,2026-07-07T00:00:00Z,True,0.0,Amazon Simple Storage Service,arn:aws:s3:::lsmc-public-ont-data
2026-07-06T00:00:00Z,2026-07-07T00:00:00Z,True,0.0,Amazon Simple Storage Service,arn:aws:s3:::lsmc-ssf-sequencing-data
2026-07-06T00:00:00Z,2026-07-07T00:00:00Z,True,0.0,Amazon Simple Storage Service,arn:aws:s3:::lsmc-terraform-state
2026-07-06T00:00:00Z,2026-07-07T00:00:00Z,True,0.0,Amazon Simple Storage Service,arn:aws:s3:::lsmc-twenty-prod-storage
2026-07-06T00:00:00Z,2026-07-07T00:00:00Z,True,0.0,Amazon Simple Storage Service,arn:aws:s3:::lsmc-ursa-customers-usw2
2026-07-06T00:00:00Z,2026-07-07T00:00:00Z,True,0.0,Amazon Simple Storage Service,arn:aws:s3:::parallelcluster-4da281c1dc024f1c-v1-do-not-delete
2026-07-06T00:00:00Z,2026-07-07T00:00:00Z,True,0.0,Amazon Simple Storage Service,arn:aws:s3:::parallelcluster-730cb6d53cf2deec-v1-do-not-delete
2026-07-06T00:00:00Z,2026-07-07T00:00:00Z,True,0.0,Amazon Simple Storage Service,arn:aws:s3:::parallelcluster-e781c59d26140bab-v1-do-not-delete
2026-07-06T00:00:00Z,2026-07-07T00:00:00Z,True,0.0,Amazon Simple Storage Service,arn:aws:s3:::terrarium-dev-media
2026-07-06T00:00:00Z,2026-07-07T00:00:00Z,True,0.0,Amazon Simple Storage Service,arn:aws:s3:::terrarium-dev-web
2026-07-06T00:00:00Z,2026-07-07T00:00:00Z,True,0.0,Amazon Simple Storage Service,arn:aws:s3:::terrarium-prod-media
2026-07-06T00:00:00Z,2026-07-07T00:00:00Z,True,0.0,Amazon Simple Storage Service,arn:aws:s3:::terrarium-prod-web
2026-07-06T00:00:00Z,2026-07-07T00:00:00Z,True,0.0,Amazon Simple Storage Service,arn:aws:s3:::terrarium-tfstate-dev
2026-07-06T00:00:00Z,2026-07-07T00:00:00Z,True,0.0,Amazon Simple Storage Service,arn:aws:s3:::terrarium-tfstate-prod
2026-07-06T00:00:00Z,2026-07-07T00:00:00Z,True,0.0,Amazon Simple Storage Service,arn:aws:s3:::ursa-us-west-2-052779-default-customer-1d8c14
2026-07-06T00:00:00Z,2026-07-07T00:00:00Z,True,0.0,Amazon Simple Storage Service,arn:aws:s3:::zebra-day-cfg-us-west-2
2026-07-06T00:00:00Z,2026-07-07T00:00:00Z,True,0.0008199522,Amazon Simple Storage Service,asterism-note-screenshots-dev
2026-07-06T00:00:00Z,2026-07-07T00:00:00Z,True,0.0008636266,Amazon Simple Storage Service,aws-sam-cli-managed-default-samclisourcebucket-wyvracmmocbp
2026-07-06T00:00:00Z,2026-07-07T00:00:00Z,True,0.0024107676,Amazon Simple Storage Service,cdk-hnb659fds-assets-108782052779-us-east-1
2026-07-06T00:00:00Z,2026-07-07T00:00:00Z,True,0.0007077226,Amazon Simple Storage Service,cdk-hnb659fds-assets-108782052779-us-west-2
2026-07-06T00:00:00Z,2026-07-07T00:00:00Z,True,0.0008353753,Amazon Simple Storage Service,cf-templates-pfrobpqqun1c-us-east-2
2026-07-06T00:00:00Z,2026-07-07T00:00:00Z,True,0.0009851681,Amazon Simple Storage Service,dayec-cur-108782052779-us-east-1
2026-07-06T00:00:00Z,2026-07-07T00:00:00Z,True,0.0008184,Amazon Simple Storage Service,daylily-customer-lsmc-a0477268
2026-07-06T00:00:00Z,2026-07-07T00:00:00Z,True,20.2526221075,Amazon Simple Storage Service,ironwood-cobalt-seq
2026-07-06T00:00:00Z,2026-07-07T00:00:00Z,True,0.000955846,Amazon Simple Storage Service,ironwood-cobalt-seq-logs
2026-07-06T00:00:00Z,2026-07-07T00:00:00Z,True,14.7782770969,Amazon Simple Storage Service,ironwood-meridian-seq
2026-07-06T00:00:00Z,2026-07-07T00:00:00Z,True,0.0038464388,Amazon Simple Storage Service,ironwood-meridian-seq-logs
2026-07-06T00:00:00Z,2026-07-07T00:00:00Z,True,0.0008185522,Amazon Simple Storage Service,lsmc-atlas-demo
2026-07-06T00:00:00Z,2026-07-07T00:00:00Z,True,0.0008206094,Amazon Simple Storage Service,lsmc-atlas-dev
2026-07-06T00:00:00Z,2026-07-07T00:00:00Z,True,0.0014604839,Amazon Simple Storage Service,lsmc-aws-config-108782052779
2026-07-06T00:00:00Z,2026-07-07T00:00:00Z,True,0.0008759295,Amazon Simple Storage Service,lsmc-bio-oauth-static-site-108782052779-us-east-1
2026-07-06T00:00:00Z,2026-07-07T00:00:00Z,True,0.0948779709,Amazon Simple Storage Service,lsmc-cloudtrail-archive
2026-07-06T00:00:00Z,2026-07-07T00:00:00Z,True,1.4713445392,Amazon Simple Storage Service,lsmc-copy-ultimagen-lsmc-cro-316
2026-07-06T00:00:00Z,2026-07-07T00:00:00Z,True,0.0008184,Amazon Simple Storage Service,lsmc-datalake-raw-dev
2026-07-06T00:00:00Z,2026-07-07T00:00:00Z,True,0.0986860732,Amazon Simple Storage Service,lsmc-dayoa-analysis-results-usw2
2026-07-06T00:00:00Z,2026-07-07T00:00:00Z,True,7.4759198945,Amazon Simple Storage Service,lsmc-dayoa-control-data-usw2
2026-07-06T00:00:00Z,2026-07-07T00:00:00Z,True,44.6411530917,Amazon Simple Storage Service,lsmc-dayoa-omics-analysis-us-west-2
2026-07-06T00:00:00Z,2026-07-07T00:00:00Z,True,0.763368256,Amazon Simple Storage Service,lsmc-dayoa-references-usw2
2026-07-06T00:00:00Z,2026-07-07T00:00:00Z,True,0.0293631489,Amazon Simple Storage Service,lsmc-dayoa-runtime-assets-usw2
2026-07-06T00:00:00Z,2026-07-07T00:00:00Z,True,8.0287820516,Amazon Simple Storage Service,lsmc-dayoa-staging-usw2
2026-07-06T00:00:00Z,2026-07-07T00:00:00Z,True,0.0015881386,Amazon Simple Storage Service,lsmc-dewey-0
2026-07-06T00:00:00Z,2026-07-07T00:00:00Z,True,0.0008184,Amazon Simple Storage Service,lsmc-healthomics-failiover
2026-07-06T00:00:00Z,2026-07-07T00:00:00Z,True,0.0008184,Amazon Simple Storage Service,lsmc-healthomics-results
2026-07-06T00:00:00Z,2026-07-07T00:00:00Z,True,0.0905821081,Amazon Simple Storage Service,lsmc-illumina-public-data
2026-07-06T00:00:00Z,2026-07-07T00:00:00Z,True,6.28844e-05,Amazon Simple Storage Service,lsmc-labcore-ui-prod-108782052779-usw2
2026-07-06T00:00:00Z,2026-07-07T00:00:00Z,True,0.0008184001,Amazon Simple Storage Service,lsmc-meridian-governance-registry
2026-07-06T00:00:00Z,2026-07-07T00:00:00Z,True,0.0019712271,Amazon Simple Storage Service,lsmc-mvp-v1-event-sink-raw-108782052779-us-west-2
2026-07-06T00:00:00Z,2026-07-07T00:00:00Z,True,0.001003372,Amazon Simple Storage Service,lsmc-mvp-v1-labcore-ui-108782052779-us-west-2
2026-07-06T00:00:00Z,2026-07-07T00:00:00Z,True,4.0733418032,Amazon Simple Storage Service,lsmc-public-ont-data
2026-07-06T00:00:00Z,2026-07-07T00:00:00Z,True,157.033533246,Amazon Simple Storage Service,lsmc-ssf-sequencing-data
2026-07-06T00:00:00Z,2026-07-07T00:00:00Z,True,0.0008226077,Amazon Simple Storage Service,lsmc-terraform-state
2026-07-06T00:00:00Z,2026-07-07T00:00:00Z,True,0.0023674276,Amazon Simple Storage Service,lsmc-twenty-prod-storage
2026-07-06T00:00:00Z,2026-07-07T00:00:00Z,True,0.0008184,Amazon Simple Storage Service,lsmc-ursa-customers-usw2
2026-07-06T00:00:00Z,2026-07-07T00:00:00Z,True,0.0017533234,Amazon Simple Storage Service,parallelcluster-4da281c1dc024f1c-v1-do-not-delete
2026-07-06T00:00:00Z,2026-07-07T00:00:00Z,True,0.0008971297,Amazon Simple Storage Service,parallelcluster-730cb6d53cf2deec-v1-do-not-delete
2026-07-06T00:00:00Z,2026-07-07T00:00:00Z,True,0.0009029449,Amazon Simple Storage Service,parallelcluster-e781c59d26140bab-v1-do-not-delete
2026-07-06T00:00:00Z,2026-07-07T00:00:00Z,True,0.0008234173,Amazon Simple Storage Service,terrarium-dev-media
2026-07-06T00:00:00Z,2026-07-07T00:00:00Z,True,0.0008216221,Amazon Simple Storage Service,terrarium-dev-web
2026-07-06T00:00:00Z,2026-07-07T00:00:00Z,True,0.0008418791,Amazon Simple Storage Service,terrarium-prod-media
2026-07-06T00:00:00Z,2026-07-07T00:00:00Z,True,0.0008216221,Amazon Simple Storage Service,terrarium-prod-web
2026-07-06T00:00:00Z,2026-07-07T00:00:00Z,True,0.0008271749,Amazon Simple Storage Service,terrarium-tfstate-dev
2026-07-06T00:00:00Z,2026-07-07T00:00:00Z,True,0.0008236563,Amazon Simple Storage Service,terrarium-tfstate-prod
2026-07-06T00:00:00Z,2026-07-07T00:00:00Z,True,0.0008377587,Amazon Simple Storage Service,ursa-us-west-2-052779-default-customer-1d8c14
2026-07-06T00:00:00Z,2026-07-07T00:00:00Z,True,0.0008184869,Amazon Simple Storage Service,zebra-day-cfg-us-west-2
2026-07-06T00:00:00Z,2026-07-07T00:00:00Z,True,0.12,Amazon Virtual Private Cloud,arn:aws:ec2:ap-south-1:108782052779:network-interface/eni-02d1c980266b3afc3
2026-07-06T00:00:00Z,2026-07-07T00:00:00Z,True,0.12,Amazon Virtual Private Cloud,arn:aws:ec2:ap-south-1:108782052779:network-interface/eni-0b311a0dcb595e613
2026-07-06T00:00:00Z,2026-07-07T00:00:00Z,True,0.12,Amazon Virtual Private Cloud,arn:aws:ec2:eu-central-1:108782052779:network-interface/eni-016caa7d86d41fa17
2026-07-06T00:00:00Z,2026-07-07T00:00:00Z,True,0.12,Amazon Virtual Private Cloud,arn:aws:ec2:eu-central-1:108782052779:network-interface/eni-0b8150cde6a5fc7ae
2026-07-06T00:00:00Z,2026-07-07T00:00:00Z,True,0.12,Amazon Virtual Private Cloud,arn:aws:ec2:us-east-1:108782052779:elastic-ip/eipalloc-0004f38c8ac45ff0f
2026-07-06T00:00:00Z,2026-07-07T00:00:00Z,True,0.12,Amazon Virtual Private Cloud,arn:aws:ec2:us-east-1:108782052779:elastic-ip/eipalloc-0279920cf8bf8ec52
2026-07-06T00:00:00Z,2026-07-07T00:00:00Z,True,0.12,Amazon Virtual Private Cloud,arn:aws:ec2:us-east-1:108782052779:elastic-ip/eipalloc-05f03362c35e913dc
2026-07-06T00:00:00Z,2026-07-07T00:00:00Z,True,0.12,Amazon Virtual Private Cloud,arn:aws:ec2:us-east-1:108782052779:elastic-ip/eipalloc-0b6cc46ecf8c48bd3
2026-07-06T00:00:00Z,2026-07-07T00:00:00Z,True,0.12,Amazon Virtual Private Cloud,arn:aws:ec2:us-east-1:108782052779:elastic-ip/eipalloc-0e5344572ea8cc7d0
2026-07-06T00:00:00Z,2026-07-07T00:00:00Z,True,0.12,Amazon Virtual Private Cloud,arn:aws:ec2:us-east-1:108782052779:elastic-ip/eipalloc-0ecefed5b63745717
2026-07-06T00:00:00Z,2026-07-07T00:00:00Z,True,0.12,Amazon Virtual Private Cloud,arn:aws:ec2:us-east-1:108782052779:network-interface/eni-042ba53ad6a8384a3
2026-07-06T00:00:00Z,2026-07-07T00:00:00Z,True,0.12,Amazon Virtual Private Cloud,arn:aws:ec2:us-east-1:108782052779:network-interface/eni-085448ce53cb8a8b8
2026-07-06T00:00:00Z,2026-07-07T00:00:00Z,True,0.12,Amazon Virtual Private Cloud,arn:aws:ec2:us-east-1:108782052779:network-interface/eni-08997318714e9b90d
2026-07-06T00:00:00Z,2026-07-07T00:00:00Z,True,0.12,Amazon Virtual Private Cloud,arn:aws:ec2:us-east-1:108782052779:network-interface/eni-0b7b49dac37ac7562
2026-07-06T00:00:00Z,2026-07-07T00:00:00Z,True,0.12,Amazon Virtual Private Cloud,arn:aws:ec2:us-east-1:108782052779:network-interface/eni-0d366fd4150dd6012
2026-07-06T00:00:00Z,2026-07-07T00:00:00Z,True,0.000104165,Amazon Virtual Private Cloud,arn:aws:ec2:us-west-2:108782052779:elastic-ip/eipalloc-017afa0d5effc0617
2026-07-06T00:00:00Z,2026-07-07T00:00:00Z,True,0.000105555,Amazon Virtual Private Cloud,arn:aws:ec2:us-west-2:108782052779:elastic-ip/eipalloc-085b72285b8a97786
2026-07-06T00:00:00Z,2026-07-07T00:00:00Z,True,0.12,Amazon Virtual Private Cloud,arn:aws:ec2:us-west-2:108782052779:network-interface/eni-0053a0c36ed8792d5
2026-07-06T00:00:00Z,2026-07-07T00:00:00Z,True,0.12,Amazon Virtual Private Cloud,arn:aws:ec2:us-west-2:108782052779:network-interface/eni-00d0d767fe52379a8
2026-07-06T00:00:00Z,2026-07-07T00:00:00Z,True,0.12,Amazon Virtual Private Cloud,arn:aws:ec2:us-west-2:108782052779:network-interface/eni-00d1b5b86b9358b5d
2026-07-06T00:00:00Z,2026-07-07T00:00:00Z,True,0.12,Amazon Virtual Private Cloud,arn:aws:ec2:us-west-2:108782052779:network-interface/eni-026f98f985a93c4bc
2026-07-06T00:00:00Z,2026-07-07T00:00:00Z,True,0.12,Amazon Virtual Private Cloud,arn:aws:ec2:us-west-2:108782052779:network-interface/eni-0365f5bd1308e7491
2026-07-06T00:00:00Z,2026-07-07T00:00:00Z,True,0.12,Amazon Virtual Private Cloud,arn:aws:ec2:us-west-2:108782052779:network-interface/eni-04757de5bbd309eda
2026-07-06T00:00:00Z,2026-07-07T00:00:00Z,True,0.12,Amazon Virtual Private Cloud,arn:aws:ec2:us-west-2:108782052779:network-interface/eni-064218f01cc92ddaa
2026-07-06T00:00:00Z,2026-07-07T00:00:00Z,True,0.039229165,Amazon Virtual Private Cloud,arn:aws:ec2:us-west-2:108782052779:network-interface/eni-071c48726109ff4d5
2026-07-06T00:00:00Z,2026-07-07T00:00:00Z,True,0.12,Amazon Virtual Private Cloud,arn:aws:ec2:us-west-2:108782052779:network-interface/eni-0725a15da78e40c9d
2026-07-06T00:00:00Z,2026-07-07T00:00:00Z,True,0.12,Amazon Virtual Private Cloud,arn:aws:ec2:us-west-2:108782052779:network-interface/eni-0970514410e9e2f7f
2026-07-06T00:00:00Z,2026-07-07T00:00:00Z,True,0.12,Amazon Virtual Private Cloud,arn:aws:ec2:us-west-2:108782052779:network-interface/eni-099e96a4f6c1d02b6
2026-07-06T00:00:00Z,2026-07-07T00:00:00Z,True,0.12,Amazon Virtual Private Cloud,arn:aws:ec2:us-west-2:108782052779:network-interface/eni-0a2b78a4d3d361b96
2026-07-06T00:00:00Z,2026-07-07T00:00:00Z,True,0.039045835,Amazon Virtual Private Cloud,arn:aws:ec2:us-west-2:108782052779:network-interface/eni-0a7b70e377eed945f
2026-07-06T00:00:00Z,2026-07-07T00:00:00Z,True,0.12,Amazon Virtual Private Cloud,arn:aws:ec2:us-west-2:108782052779:network-interface/eni-0d010e7c9a08bcae1
2026-07-06T00:00:00Z,2026-07-07T00:00:00Z,True,0.12,Amazon Virtual Private Cloud,arn:aws:ec2:us-west-2:108782052779:network-interface/eni-0e8383492c016f0dc
2026-07-06T00:00:00Z,2026-07-07T00:00:00Z,True,0.12,Amazon Virtual Private Cloud,arn:aws:ec2:us-west-2:171675361862:network-interface/eni-09dec6f627819db8b
2026-07-06T00:00:00Z,2026-07-07T00:00:00Z,True,0.240005745,Amazon Virtual Private Cloud,arn:aws:ec2:us-west-2:171675361862:vpc-endpoint/vpce-02ac48bf0c4efb877
2026-07-06T00:00:00Z,2026-07-07T00:00:00Z,True,0.2400007386,Amazon Virtual Private Cloud,arn:aws:ec2:us-west-2:171675361862:vpc-endpoint/vpce-036891e26dd789978
2026-07-06T00:00:00Z,2026-07-07T00:00:00Z,True,0.2400103043,Amazon Virtual Private Cloud,arn:aws:ec2:us-west-2:171675361862:vpc-endpoint/vpce-0384b7109c7362817
2026-07-06T00:00:00Z,2026-07-07T00:00:00Z,True,0.24,Amazon Virtual Private Cloud,arn:aws:ec2:us-west-2:171675361862:vpc-endpoint/vpce-0766e7a15cf8b1a9f
2026-07-06T00:00:00Z,2026-07-07T00:00:00Z,True,0.2430847398,Amazon Virtual Private Cloud,arn:aws:ec2:us-west-2:171675361862:vpc-endpoint/vpce-07f1e154c6ff3a42f
2026-07-06T00:00:00Z,2026-07-07T00:00:00Z,True,0.242755674,Amazon Virtual Private Cloud,arn:aws:ec2:us-west-2:171675361862:vpc-endpoint/vpce-096eaa1400b8861cb
2026-07-06T00:00:00Z,2026-07-07T00:00:00Z,True,0.24,Amazon Virtual Private Cloud,arn:aws:ec2:us-west-2:171675361862:vpc-endpoint/vpce-0f12344d88ada019d
2026-07-07T00:00:00Z,2026-07-08T00:00:00Z,True,1.3440002935,EC2 - Other,arn:aws:ec2:ap-south-1:108782052779:natgateway/nat-01dc061291fc51e75
2026-07-07T00:00:00Z,2026-07-08T00:00:00Z,True,1.3440002293,EC2 - Other,arn:aws:ec2:ap-south-1:108782052779:natgateway/nat-05f85018216cac061
2026-07-07T00:00:00Z,2026-07-08T00:00:00Z,True,0.0776926348,EC2 - Other,arn:aws:ec2:ap-south-1:108782052779:snapshot/snap-053909bfd492a6457
2026-07-07T00:00:00Z,2026-07-08T00:00:00Z,True,1.2480000835,EC2 - Other,arn:aws:ec2:eu-central-1:108782052779:natgateway/nat-0a2bfbfedf38f8e87
2026-07-07T00:00:00Z,2026-07-08T00:00:00Z,True,1.248000139,EC2 - Other,arn:aws:ec2:eu-central-1:108782052779:natgateway/nat-0ec6ae9605269bef4
2026-07-07T00:00:00Z,2026-07-08T00:00:00Z,True,1.08000015,EC2 - Other,arn:aws:ec2:us-east-1:108782052779:natgateway/nat-089a96601cfd34f9d
2026-07-07T00:00:00Z,2026-07-08T00:00:00Z,True,0.0432491179,EC2 - Other,arn:aws:ec2:us-east-1:108782052779:snapshot/snap-07690eaa1400bc7f6
2026-07-07T00:00:00Z,2026-07-08T00:00:00Z,True,1.0906269535,EC2 - Other,arn:aws:ec2:us-west-2:108782052779:natgateway/nat-00246c8ef3b9087f1
2026-07-07T00:00:00Z,2026-07-08T00:00:00Z,True,1.0852984944,EC2 - Other,arn:aws:ec2:us-west-2:108782052779:natgateway/nat-00ac08b685fea726f
2026-07-07T00:00:00Z,2026-07-08T00:00:00Z,True,6.2644055095,EC2 - Other,arn:aws:ec2:us-west-2:108782052779:natgateway/nat-00f3c26e43ede9b10
2026-07-07T00:00:00Z,2026-07-08T00:00:00Z,True,1.0976604178,EC2 - Other,arn:aws:ec2:us-west-2:108782052779:natgateway/nat-0234e77781575cced
2026-07-07T00:00:00Z,2026-07-08T00:00:00Z,True,0.0432491179,EC2 - Other,arn:aws:ec2:us-west-2:108782052779:snapshot/snap-0356dd0198dfe4b00
2026-07-07T00:00:00Z,2026-07-08T00:00:00Z,True,3.05176e-05,EC2 - Other,arn:aws:ec2:us-west-2:108782052779:snapshot/snap-05bd125cd96b9d513
2026-07-07T00:00:00Z,2026-07-08T00:00:00Z,True,0.0005628688,EC2 - Other,arn:aws:ec2:us-west-2:108782052779:snapshot/snap-074c8b3c70e70fcc2
2026-07-07T00:00:00Z,2026-07-08T00:00:00Z,True,0.0003883936,EC2 - Other,arn:aws:ec2:us-west-2:108782052779:snapshot/snap-079a81ebb5de0bcc9
2026-07-07T00:00:00Z,2026-07-08T00:00:00Z,True,0.0564728768,EC2 - Other,arn:aws:ec2:us-west-2:108782052779:snapshot/snap-098065aeca5894b60
2026-07-07T00:00:00Z,2026-07-08T00:00:00Z,True,0.0001708,EC2 - Other,arn:aws:ec2:us-west-2:108782052779:snapshot/snap-0d2dbd5668cac7abd
2026-07-07T00:00:00Z,2026-07-08T00:00:00Z,True,1.3108242148,EC2 - Other,arn:aws:ec2:us-west-2:171675361862:natgateway/nat-01432c586ef9dbf51
2026-07-07T00:00:00Z,2026-07-08T00:00:00Z,True,0.0056349231,EC2 - Other,arn:aws:ec2:us-west-2:171675361862:snapshot/snap-002695a204188d63e
2026-07-07T00:00:00Z,2026-07-08T00:00:00Z,True,0.0053868448,EC2 - Other,arn:aws:ec2:us-west-2:171675361862:snapshot/snap-010eb6cbb466b71fd
2026-07-07T00:00:00Z,2026-07-08T00:00:00Z,True,0.0066185736,EC2 - Other,arn:aws:ec2:us-west-2:171675361862:snapshot/snap-01511ff7171eb9225
2026-07-07T00:00:00Z,2026-07-08T00:00:00Z,True,0.005452999,EC2 - Other,arn:aws:ec2:us-west-2:171675361862:snapshot/snap-016bea26228ab194d
2026-07-07T00:00:00Z,2026-07-08T00:00:00Z,True,0.013648511,EC2 - Other,arn:aws:ec2:us-west-2:171675361862:snapshot/snap-0225be64252283430
2026-07-07T00:00:00Z,2026-07-08T00:00:00Z,True,0.0308906145,EC2 - Other,arn:aws:ec2:us-west-2:171675361862:snapshot/snap-031f9c5ef8426bd1c
2026-07-07T00:00:00Z,2026-07-08T00:00:00Z,True,0.0059971963,EC2 - Other,arn:aws:ec2:us-west-2:171675361862:snapshot/snap-0338d1716afca4e43
2026-07-07T00:00:00Z,2026-07-08T00:00:00Z,True,0.0060704385,EC2 - Other,arn:aws:ec2:us-west-2:171675361862:snapshot/snap-033ab1e381b5342f6
2026-07-07T00:00:00Z,2026-07-08T00:00:00Z,True,0.0060499622,EC2 - Other,arn:aws:ec2:us-west-2:171675361862:snapshot/snap-0501d7cd23efcc020
2026-07-07T00:00:00Z,2026-07-08T00:00:00Z,True,0.0051915323,EC2 - Other,arn:aws:ec2:us-west-2:171675361862:snapshot/snap-050a336ac34adee25
2026-07-07T00:00:00Z,2026-07-08T00:00:00Z,True,0.0062240108,EC2 - Other,arn:aws:ec2:us-west-2:171675361862:snapshot/snap-056b6078f26feecb6
2026-07-07T00:00:00Z,2026-07-08T00:00:00Z,True,0.0057711694,EC2 - Other,arn:aws:ec2:us-west-2:171675361862:snapshot/snap-06c0c905738f06aaf
2026-07-07T00:00:00Z,2026-07-08T00:00:00Z,True,0.0055081275,EC2 - Other,arn:aws:ec2:us-west-2:171675361862:snapshot/snap-07c960f2e8ecd2246
2026-07-07T00:00:00Z,2026-07-08T00:00:00Z,True,0.0058514995,EC2 - Other,arn:aws:ec2:us-west-2:171675361862:snapshot/snap-0818ddb9763ebade7
2026-07-07T00:00:00Z,2026-07-08T00:00:00Z,True,0.0060846144,EC2 - Other,arn:aws:ec2:us-west-2:171675361862:snapshot/snap-081d1157989f4430b
2026-07-07T00:00:00Z,2026-07-08T00:00:00Z,True,0.0067713584,EC2 - Other,arn:aws:ec2:us-west-2:171675361862:snapshot/snap-09a81377b032dbfba
2026-07-07T00:00:00Z,2026-07-08T00:00:00Z,True,0.0055486864,EC2 - Other,arn:aws:ec2:us-west-2:171675361862:snapshot/snap-09b6051a58a039b1a
2026-07-07T00:00:00Z,2026-07-08T00:00:00Z,True,0.0054207094,EC2 - Other,arn:aws:ec2:us-west-2:171675361862:snapshot/snap-0a1b0a3f89ddb1991
2026-07-07T00:00:00Z,2026-07-08T00:00:00Z,True,0.0055750693,EC2 - Other,arn:aws:ec2:us-west-2:171675361862:snapshot/snap-0a263ead2c9955ffe
2026-07-07T00:00:00Z,2026-07-08T00:00:00Z,True,0.0060412991,EC2 - Other,arn:aws:ec2:us-west-2:171675361862:snapshot/snap-0aa6b361bd48001c2
2026-07-07T00:00:00Z,2026-07-08T00:00:00Z,True,0.006195659,EC2 - Other,arn:aws:ec2:us-west-2:171675361862:snapshot/snap-0aaadd230c3f34822
2026-07-07T00:00:00Z,2026-07-08T00:00:00Z,True,0.0077203566,EC2 - Other,arn:aws:ec2:us-west-2:171675361862:snapshot/snap-0ad2c3c6333d7af72
2026-07-07T00:00:00Z,2026-07-08T00:00:00Z,True,0.0062011719,EC2 - Other,arn:aws:ec2:us-west-2:171675361862:snapshot/snap-0bed9cd5c78dd7a9e
2026-07-07T00:00:00Z,2026-07-08T00:00:00Z,True,0.0059940461,EC2 - Other,arn:aws:ec2:us-west-2:171675361862:snapshot/snap-0cd392bfda857c555
2026-07-07T00:00:00Z,2026-07-08T00:00:00Z,True,0.0062129851,EC2 - Other,arn:aws:ec2:us-west-2:171675361862:snapshot/snap-0da5e421575091cdf
2026-07-07T00:00:00Z,2026-07-08T00:00:00Z,True,0.0059397051,EC2 - Other,arn:aws:ec2:us-west-2:171675361862:snapshot/snap-0dec4b2eb2d9b764b
2026-07-07T00:00:00Z,2026-07-08T00:00:00Z,True,0.0056955645,EC2 - Other,arn:aws:ec2:us-west-2:171675361862:snapshot/snap-0e339244a4847882d
2026-07-07T00:00:00Z,2026-07-08T00:00:00Z,True,0.0100735572,EC2 - Other,arn:aws:ec2:us-west-2:171675361862:snapshot/snap-0e63a995f8f773413
2026-07-07T00:00:00Z,2026-07-08T00:00:00Z,True,0.0055805822,EC2 - Other,arn:aws:ec2:us-west-2:171675361862:snapshot/snap-0e996b7ad4dda2005
2026-07-07T00:00:00Z,2026-07-08T00:00:00Z,True,0.0066957535,EC2 - Other,arn:aws:ec2:us-west-2:171675361862:snapshot/snap-0ee50102fc86b318a
2026-07-07T00:00:00Z,2026-07-08T00:00:00Z,True,0.0088008758,EC2 - Other,arn:aws:ec2:us-west-2:171675361862:snapshot/snap-0ff83cfed371294d7
2026-07-07T00:00:00Z,2026-07-08T00:00:00Z,True,0.0,EC2 - Other,i-00008b53a6b2b5446
2026-07-07T00:00:00Z,2026-07-08T00:00:00Z,True,0.0034173587,EC2 - Other,i-0012e19395a394448
2026-07-07T00:00:00Z,2026-07-08T00:00:00Z,True,0.0,EC2 - Other,i-002a5f43d1208bec6
2026-07-07T00:00:00Z,2026-07-08T00:00:00Z,True,0.0,EC2 - Other,i-0042cf6870647ec40
2026-07-07T00:00:00Z,2026-07-08T00:00:00Z,True,2.53e-08,EC2 - Other,i-005099e85867081aa
2026-07-07T00:00:00Z,2026-07-08T00:00:00Z,True,0.0,EC2 - Other,i-006e11a9387374216
2026-07-07T00:00:00Z,2026-07-08T00:00:00Z,True,0.0,EC2 - Other,i-00841b412456254a0
2026-07-07T00:00:00Z,2026-07-08T00:00:00Z,True,0.0,EC2 - Other,i-00a9b9b9a582c0b99
2026-07-07T00:00:00Z,2026-07-08T00:00:00Z,True,0.0034179227,EC2 - Other,i-00afe0bdddec80e2a
2026-07-07T00:00:00Z,2026-07-08T00:00:00Z,True,0.0,EC2 - Other,i-00b4ba6895524e03c
2026-07-07T00:00:00Z,2026-07-08T00:00:00Z,True,0.0034228143,EC2 - Other,i-00bccda1e474644f9
2026-07-07T00:00:00Z,2026-07-08T00:00:00Z,True,0.0,EC2 - Other,i-00c44546f578105ef
2026-07-07T00:00:00Z,2026-07-08T00:00:00Z,True,0.0034188031,EC2 - Other,i-00e46d9e62274757e
2026-07-07T00:00:00Z,2026-07-08T00:00:00Z,True,0.0035228343,EC2 - Other,i-00e48ee087d537f91
2026-07-07T00:00:00Z,2026-07-08T00:00:00Z,True,0.0034235881,EC2 - Other,i-01007a462d748b38d
2026-07-07T00:00:00Z,2026-07-08T00:00:00Z,True,0.0,EC2 - Other,i-0106649a9db48f1db
2026-07-07T00:00:00Z,2026-07-08T00:00:00Z,True,0.0,EC2 - Other,i-0111e5426ec983352
2026-07-07T00:00:00Z,2026-07-08T00:00:00Z,True,0.0034170609,EC2 - Other,i-011658daf72cb08f1
2026-07-07T00:00:00Z,2026-07-08T00:00:00Z,True,0.0034196516,EC2 - Other,i-0132f1a3211d86a52
2026-07-07T00:00:00Z,2026-07-08T00:00:00Z,True,0.0034269833,EC2 - Other,i-01457bbfd6e333a43
2026-07-07T00:00:00Z,2026-07-08T00:00:00Z,True,0.0,EC2 - Other,i-01478f27213a9902a
2026-07-07T00:00:00Z,2026-07-08T00:00:00Z,True,0.0,EC2 - Other,i-014c3496cde1e6ad1
2026-07-07T00:00:00Z,2026-07-08T00:00:00Z,True,0.0,EC2 - Other,i-01550a03f82f2debc
2026-07-07T00:00:00Z,2026-07-08T00:00:00Z,True,0.0,EC2 - Other,i-015897ce2b834bd3d
2026-07-07T00:00:00Z,2026-07-08T00:00:00Z,True,0.0,EC2 - Other,i-016309432570d40a6
2026-07-07T00:00:00Z,2026-07-08T00:00:00Z,True,0.0034405982,EC2 - Other,i-01829d668dc261978
2026-07-07T00:00:00Z,2026-07-08T00:00:00Z,True,0.0034247949,EC2 - Other,i-018daca42cbddf326
2026-07-07T00:00:00Z,2026-07-08T00:00:00Z,True,0.0034275612,EC2 - Other,i-0191e1296029b327b
2026-07-07T00:00:00Z,2026-07-08T00:00:00Z,True,0.0,EC2 - Other,i-01a22e950f3627e00
2026-07-07T00:00:00Z,2026-07-08T00:00:00Z,True,0.0,EC2 - Other,i-01a2a8e025dac3853
2026-07-07T00:00:00Z,2026-07-08T00:00:00Z,True,0.0034213178,EC2 - Other,i-01a6f18d26834d606
2026-07-07T00:00:00Z,2026-07-08T00:00:00Z,True,0.0034283242,EC2 - Other,i-01abe18f24e71a5a1
2026-07-07T00:00:00Z,2026-07-08T00:00:00Z,True,0.0,EC2 - Other,i-01af4e25ef13cc9b3
2026-07-07T00:00:00Z,2026-07-08T00:00:00Z,True,0.0034258462,EC2 - Other,i-01af85fcd553b3fd2
2026-07-07T00:00:00Z,2026-07-08T00:00:00Z,True,0.003526199,EC2 - Other,i-01bcd3eed23582b61
2026-07-07T00:00:00Z,2026-07-08T00:00:00Z,True,0.0,EC2 - Other,i-01cb6b3cad0934271
2026-07-07T00:00:00Z,2026-07-08T00:00:00Z,True,0.0,EC2 - Other,i-01d47107128cba60d
2026-07-07T00:00:00Z,2026-07-08T00:00:00Z,True,0.0034240079,EC2 - Other,i-01d9346b8b0ced8c7
2026-07-07T00:00:00Z,2026-07-08T00:00:00Z,True,0.003431602,EC2 - Other,i-01e63dbf7f0dd5518
2026-07-07T00:00:00Z,2026-07-08T00:00:00Z,True,0.0,EC2 - Other,i-01f589fdd431a2d27
2026-07-07T00:00:00Z,2026-07-08T00:00:00Z,True,0.0034294286,EC2 - Other,i-01fcb2142255d71d6
2026-07-07T00:00:00Z,2026-07-08T00:00:00Z,True,0.003424861,EC2 - Other,i-0200df2cf6831fd31
2026-07-07T00:00:00Z,2026-07-08T00:00:00Z,True,0.0,EC2 - Other,i-0208eb62c8385662e
2026-07-07T00:00:00Z,2026-07-08T00:00:00Z,True,0.0,EC2 - Other,i-021ad0f82f14d8814
2026-07-07T00:00:00Z,2026-07-08T00:00:00Z,True,0.0,EC2 - Other,i-022c5dd9a4db2a9d3
2026-07-07T00:00:00Z,2026-07-08T00:00:00Z,True,0.0034183854,EC2 - Other,i-02324dfdf73feb158
2026-07-07T00:00:00Z,2026-07-08T00:00:00Z,True,0.0,EC2 - Other,i-02426e22a91db7262
2026-07-07T00:00:00Z,2026-07-08T00:00:00Z,True,0.0,EC2 - Other,i-0246745291ccf7893
2026-07-07T00:00:00Z,2026-07-08T00:00:00Z,True,0.0,EC2 - Other,i-02599e9ae3077b80c
2026-07-07T00:00:00Z,2026-07-08T00:00:00Z,True,0.0,EC2 - Other,i-025cfe19dd7a54af6
2026-07-07T00:00:00Z,2026-07-08T00:00:00Z,True,0.0034264591,EC2 - Other,i-028581fdb5de596b5
2026-07-07T00:00:00Z,2026-07-08T00:00:00Z,True,0.0,EC2 - Other,i-028cc140615a17f18
2026-07-07T00:00:00Z,2026-07-08T00:00:00Z,True,0.0,EC2 - Other,i-029e8be0897143dcd
2026-07-07T00:00:00Z,2026-07-08T00:00:00Z,True,0.0034180538,EC2 - Other,i-029f88155d131847c
2026-07-07T00:00:00Z,2026-07-08T00:00:00Z,True,0.0,EC2 - Other,i-02b66e23a0f9fc4bc
2026-07-07T00:00:00Z,2026-07-08T00:00:00Z,True,0.0,EC2 - Other,i-02bb191118b0513cd
2026-07-07T00:00:00Z,2026-07-08T00:00:00Z,True,0.0034255577,EC2 - Other,i-02ca73e7790e95dad
2026-07-07T00:00:00Z,2026-07-08T00:00:00Z,True,0.0034297202,EC2 - Other,i-02def46e77adb8b7b
2026-07-07T00:00:00Z,2026-07-08T00:00:00Z,True,0.0,EC2 - Other,i-02eac1f0a5746b4ab
2026-07-07T00:00:00Z,2026-07-08T00:00:00Z,True,0.0034162076,EC2 - Other,i-02eb5719fd4b3c5c5
2026-07-07T00:00:00Z,2026-07-08T00:00:00Z,True,0.0,EC2 - Other,i-02ecfc90596611140
2026-07-07T00:00:00Z,2026-07-08T00:00:00Z,True,0.0034330853,EC2 - Other,i-02ee7816362c8518a
2026-07-07T00:00:00Z,2026-07-08T00:00:00Z,True,0.0034281505,EC2 - Other,i-02eef5af4a3eb6eb4
2026-07-07T00:00:00Z,2026-07-08T00:00:00Z,True,0.0034180031,EC2 - Other,i-02f3094bb81abf275
2026-07-07T00:00:00Z,2026-07-08T00:00:00Z,True,0.0,EC2 - Other,i-02f4caa170e70cc8f
2026-07-07T00:00:00Z,2026-07-08T00:00:00Z,True,0.0,EC2 - Other,i-03383016be5913c31
2026-07-07T00:00:00Z,2026-07-08T00:00:00Z,True,0.003433118,EC2 - Other,i-03418a7f1eda90a4c
2026-07-07T00:00:00Z,2026-07-08T00:00:00Z,True,0.0,EC2 - Other,i-0349efe49a5bcfaf6
2026-07-07T00:00:00Z,2026-07-08T00:00:00Z,True,0.003420162,EC2 - Other,i-0358931e8817b49a5
2026-07-07T00:00:00Z,2026-07-08T00:00:00Z,True,0.0034244575,EC2 - Other,i-0360cf10ac5b3d165
2026-07-07T00:00:00Z,2026-07-08T00:00:00Z,True,0.0,EC2 - Other,i-036cbc6d726bfff1a
2026-07-07T00:00:00Z,2026-07-08T00:00:00Z,True,0.0,EC2 - Other,i-038dcf01891e8523f
2026-07-07T00:00:00Z,2026-07-08T00:00:00Z,True,0.0034260498,EC2 - Other,i-0392e6e178a053d4e
2026-07-07T00:00:00Z,2026-07-08T00:00:00Z,True,0.0,EC2 - Other,i-03974a42674fe031b
2026-07-07T00:00:00Z,2026-07-08T00:00:00Z,True,0.0034227496,EC2 - Other,i-039d04722eeb3efc7
2026-07-07T00:00:00Z,2026-07-08T00:00:00Z,True,0.0034168795,EC2 - Other,i-039d420ddcfb0ad46
2026-07-07T00:00:00Z,2026-07-08T00:00:00Z,True,0.0034250255,EC2 - Other,i-039e30ec40f6ae27b
2026-07-07T00:00:00Z,2026-07-08T00:00:00Z,True,0.0034326153,EC2 - Other,i-03b15dd7610d4aeb0
2026-07-07T00:00:00Z,2026-07-08T00:00:00Z,True,2.53e-08,EC2 - Other,i-03dadb54f182e1dbe
2026-07-07T00:00:00Z,2026-07-08T00:00:00Z,True,0.0,EC2 - Other,i-03e55e9b3775ff5f3
2026-07-07T00:00:00Z,2026-07-08T00:00:00Z,True,0.0034205925,EC2 - Other,i-03efdc1ab16550e5a
2026-07-07T00:00:00Z,2026-07-08T00:00:00Z,True,0.0,EC2 - Other,i-0419a8088905aad63
2026-07-07T00:00:00Z,2026-07-08T00:00:00Z,True,0.0034179143,EC2 - Other,i-0422a32e1d8f1df1a
2026-07-07T00:00:00Z,2026-07-08T00:00:00Z,True,0.0034257512,EC2 - Other,i-043558f33585a6d67
2026-07-07T00:00:00Z,2026-07-08T00:00:00Z,True,0.0034424592,EC2 - Other,i-04364e9e9c38b0c89
2026-07-07T00:00:00Z,2026-07-08T00:00:00Z,True,0.0034187635,EC2 - Other,i-044df0387846ef1e1
2026-07-07T00:00:00Z,2026-07-08T00:00:00Z,True,0.003425542,EC2 - Other,i-044e8cea314e182e0
2026-07-07T00:00:00Z,2026-07-08T00:00:00Z,True,0.0034284047,EC2 - Other,i-04607d769b9cd1137
2026-07-07T00:00:00Z,2026-07-08T00:00:00Z,True,0.0034190147,EC2 - Other,i-04618182d785f8d9a
2026-07-07T00:00:00Z,2026-07-08T00:00:00Z,True,0.0,EC2 - Other,i-04711133459e23182
2026-07-07T00:00:00Z,2026-07-08T00:00:00Z,True,0.0034263612,EC2 - Other,i-047634d9ca578e010
2026-07-07T00:00:00Z,2026-07-08T00:00:00Z,True,0.0,EC2 - Other,i-04838c78a081498b6
2026-07-07T00:00:00Z,2026-07-08T00:00:00Z,True,0.0,EC2 - Other,i-0484836c93b447c7c
2026-07-07T00:00:00Z,2026-07-08T00:00:00Z,True,0.0,EC2 - Other,i-049024afb473a5519
2026-07-07T00:00:00Z,2026-07-08T00:00:00Z,True,0.003419801,EC2 - Other,i-049de127469ba0ba5
2026-07-07T00:00:00Z,2026-07-08T00:00:00Z,True,0.0034211274,EC2 - Other,i-04a63ac3e44a8b827
2026-07-07T00:00:00Z,2026-07-08T00:00:00Z,True,0.0034156742,EC2 - Other,i-04a843ebd963c7564
2026-07-07T00:00:00Z,2026-07-08T00:00:00Z,True,0.0034188382,EC2 - Other,i-04ab159652235ed69
2026-07-07T00:00:00Z,2026-07-08T00:00:00Z,True,0.0,EC2 - Other,i-04b32a14abebcec5b
2026-07-07T00:00:00Z,2026-07-08T00:00:00Z,True,0.0,EC2 - Other,i-04bffe7763ddd7161
2026-07-07T00:00:00Z,2026-07-08T00:00:00Z,True,0.0001280657,EC2 - Other,i-04d3a8c6aae87f818
2026-07-07T00:00:00Z,2026-07-08T00:00:00Z,True,0.0,EC2 - Other,i-04e790a3d1eaa8a07
2026-07-07T00:00:00Z,2026-07-08T00:00:00Z,True,0.0,EC2 - Other,i-04f95055dc616cd15
2026-07-07T00:00:00Z,2026-07-08T00:00:00Z,True,0.0,EC2 - Other,i-04fe5317536cd3c1d
2026-07-07T00:00:00Z,2026-07-08T00:00:00Z,True,0.0034173185,EC2 - Other,i-05020f82e81ee35f8
2026-07-07T00:00:00Z,2026-07-08T00:00:00Z,True,0.0,EC2 - Other,i-0508094760636cb9c
2026-07-07T00:00:00Z,2026-07-08T00:00:00Z,True,0.0009376045,EC2 - Other,i-052339da98d06719b
2026-07-07T00:00:00Z,2026-07-08T00:00:00Z,True,0.0005162054,EC2 - Other,i-052c00ff21b97d442
2026-07-07T00:00:00Z,2026-07-08T00:00:00Z,True,0.0034241176,EC2 - Other,i-05408260b368d5c6e
2026-07-07T00:00:00Z,2026-07-08T00:00:00Z,True,0.0034173493,EC2 - Other,i-054285d3e0fb10ff7
2026-07-07T00:00:00Z,2026-07-08T00:00:00Z,True,0.0,EC2 - Other,i-055255e20e6f2e0ff
2026-07-07T00:00:00Z,2026-07-08T00:00:00Z,True,0.003427463,EC2 - Other,i-055596ed4400db6cf
2026-07-07T00:00:00Z,2026-07-08T00:00:00Z,True,0.0,EC2 - Other,i-057d0c85a513a6fcf
2026-07-07T00:00:00Z,2026-07-08T00:00:00Z,True,0.0,EC2 - Other,i-057fa99da5b3ffceb
2026-07-07T00:00:00Z,2026-07-08T00:00:00Z,True,0.0,EC2 - Other,i-05a02eaa77c219cf9
2026-07-07T00:00:00Z,2026-07-08T00:00:00Z,True,0.0,EC2 - Other,i-05b17f73fdf083551
2026-07-07T00:00:00Z,2026-07-08T00:00:00Z,True,0.0,EC2 - Other,i-05e319f0f621a218c
2026-07-07T00:00:00Z,2026-07-08T00:00:00Z,True,0.0,EC2 - Other,i-05e35e716f55eabb1
2026-07-07T00:00:00Z,2026-07-08T00:00:00Z,True,0.0,EC2 - Other,i-05e624c178104adee
2026-07-07T00:00:00Z,2026-07-08T00:00:00Z,True,0.0,EC2 - Other,i-05ea1550c7b0a7db3
2026-07-07T00:00:00Z,2026-07-08T00:00:00Z,True,0.0034172534,EC2 - Other,i-05f1863c3adfa16a7
2026-07-07T00:00:00Z,2026-07-08T00:00:00Z,True,0.0034244123,EC2 - Other,i-05f38a1eca3f932cf
2026-07-07T00:00:00Z,2026-07-08T00:00:00Z,True,0.0,EC2 - Other,i-05ff4ff1b59266b4a
2026-07-07T00:00:00Z,2026-07-08T00:00:00Z,True,0.0,EC2 - Other,i-0619a9913f535d75b
2026-07-07T00:00:00Z,2026-07-08T00:00:00Z,True,0.0,EC2 - Other,i-063b95e1113f24f73
2026-07-07T00:00:00Z,2026-07-08T00:00:00Z,True,0.003427631,EC2 - Other,i-063d5bb537300f47d
2026-07-07T00:00:00Z,2026-07-08T00:00:00Z,True,0.0,EC2 - Other,i-063fba8956c0bb8f7
2026-07-07T00:00:00Z,2026-07-08T00:00:00Z,True,0.0034167829,EC2 - Other,i-06607ef8cad037e34
2026-07-07T00:00:00Z,2026-07-08T00:00:00Z,True,0.0,EC2 - Other,i-066459ac1bdf2a1e1
2026-07-07T00:00:00Z,2026-07-08T00:00:00Z,True,0.0034300998,EC2 - Other,i-06766e188f9d33106
2026-07-07T00:00:00Z,2026-07-08T00:00:00Z,True,0.0,EC2 - Other,i-0677e379eb5776a2b
2026-07-07T00:00:00Z,2026-07-08T00:00:00Z,True,0.0,EC2 - Other,i-068b15229576bd8ca
2026-07-07T00:00:00Z,2026-07-08T00:00:00Z,True,0.0034205499,EC2 - Other,i-06930cf4f2bce21b9
2026-07-07T00:00:00Z,2026-07-08T00:00:00Z,True,6.54e-08,EC2 - Other,i-06940617dae9625d9
2026-07-07T00:00:00Z,2026-07-08T00:00:00Z,True,0.0,EC2 - Other,i-06a168c4bad7c2690
2026-07-07T00:00:00Z,2026-07-08T00:00:00Z,True,0.0,EC2 - Other,i-06a430e47ed67130d
2026-07-07T00:00:00Z,2026-07-08T00:00:00Z,True,0.0034759465,EC2 - Other,i-06a86585113536834
2026-07-07T00:00:00Z,2026-07-08T00:00:00Z,True,0.0034192654,EC2 - Other,i-06aa720bf59b39a0e
2026-07-07T00:00:00Z,2026-07-08T00:00:00Z,True,0.0,EC2 - Other,i-06cd684803da24e31
2026-07-07T00:00:00Z,2026-07-08T00:00:00Z,True,0.0,EC2 - Other,i-06d393a9d74e67aa2
2026-07-07T00:00:00Z,2026-07-08T00:00:00Z,True,0.0,EC2 - Other,i-06ddde484d6982d3b
2026-07-07T00:00:00Z,2026-07-08T00:00:00Z,True,0.0039307843,EC2 - Other,i-06e429d2a68a0b1ec
2026-07-07T00:00:00Z,2026-07-08T00:00:00Z,True,0.0034269148,EC2 - Other,i-0704484784ac28c87
2026-07-07T00:00:00Z,2026-07-08T00:00:00Z,True,0.003417411,EC2 - Other,i-07050a26b6332d3ee
2026-07-07T00:00:00Z,2026-07-08T00:00:00Z,True,0.0,EC2 - Other,i-07085e1d046dc1aff
2026-07-07T00:00:00Z,2026-07-08T00:00:00Z,True,0.003416187,EC2 - Other,i-07089d6a3a7eec154
2026-07-07T00:00:00Z,2026-07-08T00:00:00Z,True,0.0034268102,EC2 - Other,i-070b5a382d4c5c0c1
2026-07-07T00:00:00Z,2026-07-08T00:00:00Z,True,0.0,EC2 - Other,i-0712d841cf7345477
2026-07-07T00:00:00Z,2026-07-08T00:00:00Z,True,0.0,EC2 - Other,i-071c8db3aa9a521a5
2026-07-07T00:00:00Z,2026-07-08T00:00:00Z,True,0.0,EC2 - Other,i-0723a67102cf5a2f8
2026-07-07T00:00:00Z,2026-07-08T00:00:00Z,True,0.0,EC2 - Other,i-0724b5763c94f12fa
2026-07-07T00:00:00Z,2026-07-08T00:00:00Z,True,0.0,EC2 - Other,i-07377c966ec3a1fbc
2026-07-07T00:00:00Z,2026-07-08T00:00:00Z,True,0.0,EC2 - Other,i-074238076bc0ebcef
2026-07-07T00:00:00Z,2026-07-08T00:00:00Z,True,0.0,EC2 - Other,i-075a6f4bb3797c051
2026-07-07T00:00:00Z,2026-07-08T00:00:00Z,True,0.0,EC2 - Other,i-075f97b0fb5f0063d
2026-07-07T00:00:00Z,2026-07-08T00:00:00Z,True,0.0,EC2 - Other,i-076ca0c42f764c030
2026-07-07T00:00:00Z,2026-07-08T00:00:00Z,True,0.0,EC2 - Other,i-07988cbba52741799
2026-07-07T00:00:00Z,2026-07-08T00:00:00Z,True,0.0034159403,EC2 - Other,i-07b7d8622cdd37f36
2026-07-07T00:00:00Z,2026-07-08T00:00:00Z,True,0.0034228717,EC2 - Other,i-07bb1e78bd46754b0
2026-07-07T00:00:00Z,2026-07-08T00:00:00Z,True,0.0034182347,EC2 - Other,i-07cdccfd96e09fa81
2026-07-07T00:00:00Z,2026-07-08T00:00:00Z,True,0.0,EC2 - Other,i-07da935fb15557038
2026-07-07T00:00:00Z,2026-07-08T00:00:00Z,True,0.0195282778,EC2 - Other,i-07df3a933e4839f52
2026-07-07T00:00:00Z,2026-07-08T00:00:00Z,True,0.0,EC2 - Other,i-07e4318c5751e7f14
2026-07-07T00:00:00Z,2026-07-08T00:00:00Z,True,0.0,EC2 - Other,i-0800c49bd62788bed
2026-07-07T00:00:00Z,2026-07-08T00:00:00Z,True,0.0,EC2 - Other,i-0807306a0a3027d46
2026-07-07T00:00:00Z,2026-07-08T00:00:00Z,True,0.003417782,EC2 - Other,i-080eb169fc595d8d5
2026-07-07T00:00:00Z,2026-07-08T00:00:00Z,True,0.0,EC2 - Other,i-0819eaa93908fea47
2026-07-07T00:00:00Z,2026-07-08T00:00:00Z,True,0.0,EC2 - Other,i-0838b62f74641bf08
2026-07-07T00:00:00Z,2026-07-08T00:00:00Z,True,0.0034295565,EC2 - Other,i-0850649aaa3fc369c
2026-07-07T00:00:00Z,2026-07-08T00:00:00Z,True,0.0,EC2 - Other,i-0873f5b831c9a5c09
2026-07-07T00:00:00Z,2026-07-08T00:00:00Z,True,0.0034191322,EC2 - Other,i-0875d74a342509650
2026-07-07T00:00:00Z,2026-07-08T00:00:00Z,True,0.0,EC2 - Other,i-08947c710c89d9c83
2026-07-07T00:00:00Z,2026-07-08T00:00:00Z,True,0.0034168733,EC2 - Other,i-08a928523b75bf605
2026-07-07T00:00:00Z,2026-07-08T00:00:00Z,True,0.0,EC2 - Other,i-08c6c36bc885fd8da
2026-07-07T00:00:00Z,2026-07-08T00:00:00Z,True,0.0,EC2 - Other,i-08caafc17155dc0cd
2026-07-07T00:00:00Z,2026-07-08T00:00:00Z,True,0.0034162558,EC2 - Other,i-08cf09c64c8c4b668
2026-07-07T00:00:00Z,2026-07-08T00:00:00Z,True,0.0034658517,EC2 - Other,i-08cf1a3afaa8c3cd1
2026-07-07T00:00:00Z,2026-07-08T00:00:00Z,True,0.0,EC2 - Other,i-08d1e57dcb657d542
2026-07-07T00:00:00Z,2026-07-08T00:00:00Z,True,0.0034402139,EC2 - Other,i-08d326f7a242e4118
2026-07-07T00:00:00Z,2026-07-08T00:00:00Z,True,0.0,EC2 - Other,i-08f3a111eba2c1dfa
2026-07-07T00:00:00Z,2026-07-08T00:00:00Z,True,0.0,EC2 - Other,i-090f97c23a4599817
2026-07-07T00:00:00Z,2026-07-08T00:00:00Z,True,0.0,EC2 - Other,i-091bcf94b200d79d3
2026-07-07T00:00:00Z,2026-07-08T00:00:00Z,True,0.0,EC2 - Other,i-0921f4daf54ddb77b
2026-07-07T00:00:00Z,2026-07-08T00:00:00Z,True,0.0034200661,EC2 - Other,i-09437008ef6e1997f
2026-07-07T00:00:00Z,2026-07-08T00:00:00Z,True,0.0,EC2 - Other,i-0953dd4942ba1a084
2026-07-07T00:00:00Z,2026-07-08T00:00:00Z,True,0.0,EC2 - Other,i-0955a6555fe710e27
2026-07-07T00:00:00Z,2026-07-08T00:00:00Z,True,0.0,EC2 - Other,i-095d444bbf1f31436
2026-07-07T00:00:00Z,2026-07-08T00:00:00Z,True,0.0034201177,EC2 - Other,i-095f825daaaee5078
2026-07-07T00:00:00Z,2026-07-08T00:00:00Z,True,0.003427415,EC2 - Other,i-0968db5d847fd8d7c
2026-07-07T00:00:00Z,2026-07-08T00:00:00Z,True,0.0,EC2 - Other,i-096cebc9143d61418
2026-07-07T00:00:00Z,2026-07-08T00:00:00Z,True,0.0,EC2 - Other,i-097a3ea319554f9c4
2026-07-07T00:00:00Z,2026-07-08T00:00:00Z,True,0.0,EC2 - Other,i-09950dec7826cf988
2026-07-07T00:00:00Z,2026-07-08T00:00:00Z,True,0.0,EC2 - Other,i-0997e703ff9e2e780
2026-07-07T00:00:00Z,2026-07-08T00:00:00Z,True,0.0034304506,EC2 - Other,i-09a76f370d76f6c58
2026-07-07T00:00:00Z,2026-07-08T00:00:00Z,True,0.0034289238,EC2 - Other,i-09acf5ca63f63a834
2026-07-07T00:00:00Z,2026-07-08T00:00:00Z,True,0.0034278188,EC2 - Other,i-09b1f4a10d9a394eb
2026-07-07T00:00:00Z,2026-07-08T00:00:00Z,True,0.0034447316,EC2 - Other,i-09b733b2144baa525
2026-07-07T00:00:00Z,2026-07-08T00:00:00Z,True,0.003424799,EC2 - Other,i-09b755fb97e674b27
2026-07-07T00:00:00Z,2026-07-08T00:00:00Z,True,0.0,EC2 - Other,i-09d67dba0830a7110
2026-07-07T00:00:00Z,2026-07-08T00:00:00Z,True,0.0034279265,EC2 - Other,i-09e82af1df926824f
2026-07-07T00:00:00Z,2026-07-08T00:00:00Z,True,2.5428e-06,EC2 - Other,i-09f66b3f11ea42c60
2026-07-07T00:00:00Z,2026-07-08T00:00:00Z,True,0.0,EC2 - Other,i-09fbf7c3e6149bb09
2026-07-07T00:00:00Z,2026-07-08T00:00:00Z,True,0.0034187807,EC2 - Other,i-0a05928614a463d8f
2026-07-07T00:00:00Z,2026-07-08T00:00:00Z,True,0.0034168848,EC2 - Other,i-0a0b5d10a37ba5460
2026-07-07T00:00:00Z,2026-07-08T00:00:00Z,True,0.0,EC2 - Other,i-0a0daab97296aafbe
2026-07-07T00:00:00Z,2026-07-08T00:00:00Z,True,0.0,EC2 - Other,i-0a0f54e02be178d4c
2026-07-07T00:00:00Z,2026-07-08T00:00:00Z,True,0.0,EC2 - Other,i-0a17086d33ada7b59
2026-07-07T00:00:00Z,2026-07-08T00:00:00Z,True,0.0034165543,EC2 - Other,i-0a19a3154a937ec64
2026-07-07T00:00:00Z,2026-07-08T00:00:00Z,True,0.0034202132,EC2 - Other,i-0a1aaad2b3c7cb5d6
2026-07-07T00:00:00Z,2026-07-08T00:00:00Z,True,0.0,EC2 - Other,i-0a22b49c5bf627fee
2026-07-07T00:00:00Z,2026-07-08T00:00:00Z,True,0.0,EC2 - Other,i-0a313c3194c043c2a
2026-07-07T00:00:00Z,2026-07-08T00:00:00Z,True,0.0,EC2 - Other,i-0a34c587e411c3523
2026-07-07T00:00:00Z,2026-07-08T00:00:00Z,True,0.0,EC2 - Other,i-0a470b769849df68c
2026-07-07T00:00:00Z,2026-07-08T00:00:00Z,True,0.0,EC2 - Other,i-0a662d3c8068a1b16
2026-07-07T00:00:00Z,2026-07-08T00:00:00Z,True,0.0034213933,EC2 - Other,i-0a662ec1195f54067
2026-07-07T00:00:00Z,2026-07-08T00:00:00Z,True,0.0034291099,EC2 - Other,i-0a6cf3ac9e901d8ad
2026-07-07T00:00:00Z,2026-07-08T00:00:00Z,True,0.0034235943,EC2 - Other,i-0a733b9efcbd8155e
2026-07-07T00:00:00Z,2026-07-08T00:00:00Z,True,0.0,EC2 - Other,i-0a80113c3498fa09f
2026-07-07T00:00:00Z,2026-07-08T00:00:00Z,True,1.2314e-06,EC2 - Other,i-0ab7116abc8229a16
2026-07-07T00:00:00Z,2026-07-08T00:00:00Z,True,0.0,EC2 - Other,i-0ac2207b3d2195879
2026-07-07T00:00:00Z,2026-07-08T00:00:00Z,True,0.0,EC2 - Other,i-0ac654ab06f7604ab
2026-07-07T00:00:00Z,2026-07-08T00:00:00Z,True,0.0034193168,EC2 - Other,i-0acf3626a338f76a2
2026-07-07T00:00:00Z,2026-07-08T00:00:00Z,True,0.0034163751,EC2 - Other,i-0ad0b553d9a9a43a6
2026-07-07T00:00:00Z,2026-07-08T00:00:00Z,True,0.0034239663,EC2 - Other,i-0ae0521c67e5c7f39
2026-07-07T00:00:00Z,2026-07-08T00:00:00Z,True,0.0034233893,EC2 - Other,i-0aed6cb69fd24786b
2026-07-07T00:00:00Z,2026-07-08T00:00:00Z,True,0.0,EC2 - Other,i-0b090d986a816c043
2026-07-07T00:00:00Z,2026-07-08T00:00:00Z,True,0.0034235299,EC2 - Other,i-0b180b770f92c0970
2026-07-07T00:00:00Z,2026-07-08T00:00:00Z,True,0.0,EC2 - Other,i-0b23a5181306d19f0
2026-07-07T00:00:00Z,2026-07-08T00:00:00Z,True,0.0034195522,EC2 - Other,i-0b26b59c30e9335db
2026-07-07T00:00:00Z,2026-07-08T00:00:00Z,True,0.0034180548,EC2 - Other,i-0b2786ee7a5d16162
2026-07-07T00:00:00Z,2026-07-08T00:00:00Z,True,0.0,EC2 - Other,i-0b3ca9a7069c591ee
2026-07-07T00:00:00Z,2026-07-08T00:00:00Z,True,0.0034163684,EC2 - Other,i-0b40dd19f588506d9
2026-07-07T00:00:00Z,2026-07-08T00:00:00Z,True,0.0,EC2 - Other,i-0b7a4ea6cff8df2ff
2026-07-07T00:00:00Z,2026-07-08T00:00:00Z,True,0.0,EC2 - Other,i-0b802b7b53b6d824c
2026-07-07T00:00:00Z,2026-07-08T00:00:00Z,True,0.003419664,EC2 - Other,i-0b82640c89eb5c03f
2026-07-07T00:00:00Z,2026-07-08T00:00:00Z,True,0.0034162587,EC2 - Other,i-0b9bb19e84b2a9b30
2026-07-07T00:00:00Z,2026-07-08T00:00:00Z,True,0.0,EC2 - Other,i-0ba38feb564ccf84b
2026-07-07T00:00:00Z,2026-07-08T00:00:00Z,True,0.003417733,EC2 - Other,i-0be59a2eea6668765
2026-07-07T00:00:00Z,2026-07-08T00:00:00Z,True,0.0034203326,EC2 - Other,i-0bfdaf809fba3046f
2026-07-07T00:00:00Z,2026-07-08T00:00:00Z,True,0.0,EC2 - Other,i-0c04ff5fbc2e278c6
2026-07-07T00:00:00Z,2026-07-08T00:00:00Z,True,0.0034170594,EC2 - Other,i-0c5febb9869e85358
2026-07-07T00:00:00Z,2026-07-08T00:00:00Z,True,0.0034193786,EC2 - Other,i-0c7abd0cdb9f03d9c
2026-07-07T00:00:00Z,2026-07-08T00:00:00Z,True,0.0,EC2 - Other,i-0c7f8df94db8cbba8
2026-07-07T00:00:00Z,2026-07-08T00:00:00Z,True,0.0,EC2 - Other,i-0ca577471a63fa0d8
2026-07-07T00:00:00Z,2026-07-08T00:00:00Z,True,0.0,EC2 - Other,i-0cc0df1ae673e1e8f
2026-07-07T00:00:00Z,2026-07-08T00:00:00Z,True,0.0002049257,EC2 - Other,i-0cce1c2d935e86786
2026-07-07T00:00:00Z,2026-07-08T00:00:00Z,True,0.0,EC2 - Other,i-0cda16bfc62b9a3d9
2026-07-07T00:00:00Z,2026-07-08T00:00:00Z,True,0.0,EC2 - Other,i-0ce92261be6a1885a
2026-07-07T00:00:00Z,2026-07-08T00:00:00Z,True,0.0,EC2 - Other,i-0cf73db0827a6ffa7
2026-07-07T00:00:00Z,2026-07-08T00:00:00Z,True,0.0034173432,EC2 - Other,i-0d0afd1d61ea8d4e4
2026-07-07T00:00:00Z,2026-07-08T00:00:00Z,True,0.0,EC2 - Other,i-0d1661a4e9d81ef49
2026-07-07T00:00:00Z,2026-07-08T00:00:00Z,True,0.003419564,EC2 - Other,i-0d1e4ae8dad9061a6
2026-07-07T00:00:00Z,2026-07-08T00:00:00Z,True,0.0,EC2 - Other,i-0d33e9371de429854
2026-07-07T00:00:00Z,2026-07-08T00:00:00Z,True,0.0,EC2 - Other,i-0d3fac3292135187b
2026-07-07T00:00:00Z,2026-07-08T00:00:00Z,True,0.0034269996,EC2 - Other,i-0d502cecb624b6f52
2026-07-07T00:00:00Z,2026-07-08T00:00:00Z,True,0.0,EC2 - Other,i-0d5ac664056fa5edd
2026-07-07T00:00:00Z,2026-07-08T00:00:00Z,True,0.0,EC2 - Other,i-0d6b31efdc1fc15dd
2026-07-07T00:00:00Z,2026-07-08T00:00:00Z,True,0.0034256376,EC2 - Other,i-0d6b32728826d7b65
2026-07-07T00:00:00Z,2026-07-08T00:00:00Z,True,0.003419204,EC2 - Other,i-0d6e0c48406a13c7c
2026-07-07T00:00:00Z,2026-07-08T00:00:00Z,True,2.09e-06,EC2 - Other,i-0d75af02251c65b84
2026-07-07T00:00:00Z,2026-07-08T00:00:00Z,True,0.0,EC2 - Other,i-0d935aeb1107c18ef
2026-07-07T00:00:00Z,2026-07-08T00:00:00Z,True,0.0,EC2 - Other,i-0d9b6e77b77308374
2026-07-07T00:00:00Z,2026-07-08T00:00:00Z,True,0.0,EC2 - Other,i-0dab7216f3715fd7a
2026-07-07T00:00:00Z,2026-07-08T00:00:00Z,True,0.0,EC2 - Other,i-0daba777e83420d7e
2026-07-07T00:00:00Z,2026-07-08T00:00:00Z,True,0.0034279974,EC2 - Other,i-0dbd906f387d216bb
2026-07-07T00:00:00Z,2026-07-08T00:00:00Z,True,0.00341767,EC2 - Other,i-0dc297ac1c1f26adf
2026-07-07T00:00:00Z,2026-07-08T00:00:00Z,True,0.0,EC2 - Other,i-0df5077fce737fd8d
2026-07-07T00:00:00Z,2026-07-08T00:00:00Z,True,0.0034246494,EC2 - Other,i-0df5a589641991866
2026-07-07T00:00:00Z,2026-07-08T00:00:00Z,True,0.0,EC2 - Other,i-0e03eca861452a859
2026-07-07T00:00:00Z,2026-07-08T00:00:00Z,True,0.0034305792,EC2 - Other,i-0e06758f08326acfe
2026-07-07T00:00:00Z,2026-07-08T00:00:00Z,True,0.0,EC2 - Other,i-0e08fc1a10e24dbb8
2026-07-07T00:00:00Z,2026-07-08T00:00:00Z,True,0.0034177512,EC2 - Other,i-0e15150dfed2748e9
2026-07-07T00:00:00Z,2026-07-08T00:00:00Z,True,0.0034242148,EC2 - Other,i-0e26e604e777da27a
2026-07-07T00:00:00Z,2026-07-08T00:00:00Z,True,0.0034185932,EC2 - Other,i-0e2d466fa7482e994
2026-07-07T00:00:00Z,2026-07-08T00:00:00Z,True,0.0034229899,EC2 - Other,i-0e3d41112eecb79ef
2026-07-07T00:00:00Z,2026-07-08T00:00:00Z,True,0.00342667,EC2 - Other,i-0e3d8520e764e412e
2026-07-07T00:00:00Z,2026-07-08T00:00:00Z,True,0.0034256966,EC2 - Other,i-0e42b459a7fa57ff0
2026-07-07T00:00:00Z,2026-07-08T00:00:00Z,True,0.0,EC2 - Other,i-0e47bc6a8b03f8c43
2026-07-07T00:00:00Z,2026-07-08T00:00:00Z,True,0.0,EC2 - Other,i-0e47d0baf94df8d0d
2026-07-07T00:00:00Z,2026-07-08T00:00:00Z,True,0.003418062,EC2 - Other,i-0e588899601f2004f
2026-07-07T00:00:00Z,2026-07-08T00:00:00Z,True,0.0034198598,EC2 - Other,i-0e6a869fa4f68cd7f
2026-07-07T00:00:00Z,2026-07-08T00:00:00Z,True,0.0,EC2 - Other,i-0e70b04e4c0862b1f
2026-07-07T00:00:00Z,2026-07-08T00:00:00Z,True,0.0,EC2 - Other,i-0e82108330877cd34
2026-07-07T00:00:00Z,2026-07-08T00:00:00Z,True,0.0,EC2 - Other,i-0e83b7277089df91f
2026-07-07T00:00:00Z,2026-07-08T00:00:00Z,True,0.0,EC2 - Other,i-0e858252e0eddf597
2026-07-07T00:00:00Z,2026-07-08T00:00:00Z,True,0.0034176778,EC2 - Other,i-0e8cfbb72eb83d319
2026-07-07T00:00:00Z,2026-07-08T00:00:00Z,True,0.0,EC2 - Other,i-0e918d7360371871f
2026-07-07T00:00:00Z,2026-07-08T00:00:00Z,True,0.0,EC2 - Other,i-0ee733114bb82dbfa
2026-07-07T00:00:00Z,2026-07-08T00:00:00Z,True,0.0,EC2 - Other,i-0efbdfb32696c700f
2026-07-07T00:00:00Z,2026-07-08T00:00:00Z,True,0.0,EC2 - Other,i-0f01dfe7e1e5a451d
2026-07-07T00:00:00Z,2026-07-08T00:00:00Z,True,0.0034182905,EC2 - Other,i-0f0de6aaf6fb92514
2026-07-07T00:00:00Z,2026-07-08T00:00:00Z,True,0.0,EC2 - Other,i-0f0fff97ca2161190
2026-07-07T00:00:00Z,2026-07-08T00:00:00Z,True,0.0,EC2 - Other,i-0f185d6de50f3fbec
2026-07-07T00:00:00Z,2026-07-08T00:00:00Z,True,0.0034411126,EC2 - Other,i-0f2a37d77f396b913
2026-07-07T00:00:00Z,2026-07-08T00:00:00Z,True,0.0,EC2 - Other,i-0f3bc22eef27fc56a
2026-07-07T00:00:00Z,2026-07-08T00:00:00Z,True,0.0,EC2 - Other,i-0f3f2848191ea6982
2026-07-07T00:00:00Z,2026-07-08T00:00:00Z,True,0.0034349779,EC2 - Other,i-0f4453fe2d814dce2
2026-07-07T00:00:00Z,2026-07-08T00:00:00Z,True,0.0,EC2 - Other,i-0f4e916502f3438ac
2026-07-07T00:00:00Z,2026-07-08T00:00:00Z,True,0.0034172157,EC2 - Other,i-0f5b325bd4fecdd22
2026-07-07T00:00:00Z,2026-07-08T00:00:00Z,True,0.0,EC2 - Other,i-0f69004804901e37f
2026-07-07T00:00:00Z,2026-07-08T00:00:00Z,True,0.003447236,EC2 - Other,i-0f9d2030990bf0b44
2026-07-07T00:00:00Z,2026-07-08T00:00:00Z,True,0.0,EC2 - Other,i-0fb0a1cc8933da77f
2026-07-07T00:00:00Z,2026-07-08T00:00:00Z,True,0.0034188717,EC2 - Other,i-0fb1a3c0c0e660bef
2026-07-07T00:00:00Z,2026-07-08T00:00:00Z,True,0.0,EC2 - Other,i-0fb77d07cd18df63b
2026-07-07T00:00:00Z,2026-07-08T00:00:00Z,True,0.0034164507,EC2 - Other,i-0fb844f5520938abe
2026-07-07T00:00:00Z,2026-07-08T00:00:00Z,True,0.0,EC2 - Other,i-0fc50ecb59d2269d8
2026-07-07T00:00:00Z,2026-07-08T00:00:00Z,True,0.0034179222,EC2 - Other,i-0fdeaf29de92716fb
2026-07-07T00:00:00Z,2026-07-08T00:00:00Z,True,0.0033038275,EC2 - Other,i-0fe2125eb9b70d8c0
2026-07-07T00:00:00Z,2026-07-08T00:00:00Z,True,0.0,EC2 - Other,i-0ff421149b5cd6b7e
2026-07-07T00:00:00Z,2026-07-08T00:00:00Z,True,0.0054408602,EC2 - Other,vol-0008a704f3ba8a42f
2026-07-07T00:00:00Z,2026-07-08T00:00:00Z,True,0.0045295699,EC2 - Other,vol-001b223593a570cb3
2026-07-07T00:00:00Z,2026-07-08T00:00:00Z,True,0.0035698925,EC2 - Other,vol-002753f3415f45800
2026-07-07T00:00:00Z,2026-07-08T00:00:00Z,True,0.0062163979,EC2 - Other,vol-0027dfd7025695728
2026-07-07T00:00:00Z,2026-07-08T00:00:00Z,True,0.0045026882,EC2 - Other,vol-002896bf8467b50b8
2026-07-07T00:00:00Z,2026-07-08T00:00:00Z,True,0.0031115591,EC2 - Other,vol-002a284e499729fd3
2026-07-07T00:00:00Z,2026-07-08T00:00:00Z,True,0.008827957,EC2 - Other,vol-00359ae401739a2e4
2026-07-07T00:00:00Z,2026-07-08T00:00:00Z,True,0.0021021505,EC2 - Other,vol-00364f7d852ef70e3
2026-07-07T00:00:00Z,2026-07-08T00:00:00Z,True,0.003811828,EC2 - Other,vol-0038e66b9276ba86d
2026-07-07T00:00:00Z,2026-07-08T00:00:00Z,True,0.0193548384,EC2 - Other,vol-00445793f93ce7a51
2026-07-07T00:00:00Z,2026-07-08T00:00:00Z,True,0.0774193536,EC2 - Other,vol-0054217b60d3a15d8
2026-07-07T00:00:00Z,2026-07-08T00:00:00Z,True,0.0584623659,EC2 - Other,vol-005e291cb78646b71
2026-07-07T00:00:00Z,2026-07-08T00:00:00Z,True,0.0017553763,EC2 - Other,vol-008d74694fff383de
2026-07-07T00:00:00Z,2026-07-08T00:00:00Z,True,0.0216303764,EC2 - Other,vol-0099eff08a3f9a81f
2026-07-07T00:00:00Z,2026-07-08T00:00:00Z,True,0.0017419355,EC2 - Other,vol-009a2430b07ff1328
2026-07-07T00:00:00Z,2026-07-08T00:00:00Z,True,0.0619112906,EC2 - Other,vol-00b803caaea3f33a2
2026-07-07T00:00:00Z,2026-07-08T00:00:00Z,True,0.0039892473,EC2 - Other,vol-00b9c787d30c2dde5
2026-07-07T00:00:00Z,2026-07-08T00:00:00Z,True,0.8670967752,EC2 - Other,vol-00cbb7ba932dbd3a4
2026-07-07T00:00:00Z,2026-07-08T00:00:00Z,True,0.0032043011,EC2 - Other,vol-00d90a31b626ec86e
2026-07-07T00:00:00Z,2026-07-08T00:00:00Z,True,0.0011612903,EC2 - Other,vol-00e42d9bbfd677d79
2026-07-07T00:00:00Z,2026-07-08T00:00:00Z,True,0.0011962366,EC2 - Other,vol-00e703740ae65c034
2026-07-07T00:00:00Z,2026-07-08T00:00:00Z,True,0.0017513441,EC2 - Other,vol-00f399ac0ba4dfbcb
2026-07-07T00:00:00Z,2026-07-08T00:00:00Z,True,0.0014462366,EC2 - Other,vol-00f49b2e611b95cb9
2026-07-07T00:00:00Z,2026-07-08T00:00:00Z,True,0.0017473118,EC2 - Other,vol-0102d08ae9119583a
2026-07-07T00:00:00Z,2026-07-08T00:00:00Z,True,0.0040053763,EC2 - Other,vol-010a0446456fb5af2
2026-07-07T00:00:00Z,2026-07-08T00:00:00Z,True,0.0062567205,EC2 - Other,vol-010c0a823cbb3cc28
2026-07-07T00:00:00Z,2026-07-08T00:00:00Z,True,0.0012553763,EC2 - Other,vol-011b292f93c3a48db
2026-07-07T00:00:00Z,2026-07-08T00:00:00Z,True,0.0035201613,EC2 - Other,vol-0135ecb349c1df3d9
2026-07-07T00:00:00Z,2026-07-08T00:00:00Z,True,0.0214448926,EC2 - Other,vol-013b2e46e512cf320
2026-07-07T00:00:00Z,2026-07-08T00:00:00Z,True,0.001125,EC2 - Other,vol-0142dcbf836355ed2
2026-07-07T00:00:00Z,2026-07-08T00:00:00Z,True,0.0077594086,EC2 - Other,vol-014a771f338ecd476
2026-07-07T00:00:00Z,2026-07-08T00:00:00Z,True,0.8670967752,EC2 - Other,vol-014b3f723fb89dc63
2026-07-07T00:00:00Z,2026-07-08T00:00:00Z,True,0.0013978495,EC2 - Other,vol-014c5d2acdabd5721
2026-07-07T00:00:00Z,2026-07-08T00:00:00Z,True,0.0008803763,EC2 - Other,vol-014e6b4f55fb0a990
2026-07-07T00:00:00Z,2026-07-08T00:00:00Z,True,0.0034516129,EC2 - Other,vol-0152a088c525e45dc
2026-07-07T00:00:00Z,2026-07-08T00:00:00Z,True,0.0017244624,EC2 - Other,vol-0154fc75f89e3636f
2026-07-07T00:00:00Z,2026-07-08T00:00:00Z,True,0.0015416667,EC2 - Other,vol-01633ffc5a29e82d4
2026-07-07T00:00:00Z,2026-07-08T00:00:00Z,True,0.0050752688,EC2 - Other,vol-018b2d367828e0b2a
2026-07-07T00:00:00Z,2026-07-08T00:00:00Z,True,0.0015295699,EC2 - Other,vol-0190935bd2935717d
2026-07-07T00:00:00Z,2026-07-08T00:00:00Z,True,0.0020672043,EC2 - Other,vol-0198c6fed7660a766
2026-07-07T00:00:00Z,2026-07-08T00:00:00Z,True,0.0012473118,EC2 - Other,vol-01add6eb9b81a4370
2026-07-07T00:00:00Z,2026-07-08T00:00:00Z,True,0.9506451612,EC2 - Other,vol-01cc440d9652c43eb
2026-07-07T00:00:00Z,2026-07-08T00:00:00Z,True,0.0020645161,EC2 - Other,vol-01cdb7bb395421a05
2026-07-07T00:00:00Z,2026-07-08T00:00:00Z,True,0.0018790323,EC2 - Other,vol-01d7037a206da1cf6
2026-07-07T00:00:00Z,2026-07-08T00:00:00Z,True,0.0022701613,EC2 - Other,vol-01eb220cadf62335d
2026-07-07T00:00:00Z,2026-07-08T00:00:00Z,True,0.0019247312,EC2 - Other,vol-01eb33c710c8327de
2026-07-07T00:00:00Z,2026-07-08T00:00:00Z,True,0.0015604839,EC2 - Other,vol-01f03ccb8c342014d
2026-07-07T00:00:00Z,2026-07-08T00:00:00Z,True,0.0010188172,EC2 - Other,vol-01f41a77c7bd8582b
2026-07-07T00:00:00Z,2026-07-08T00:00:00Z,True,0.0010282258,EC2 - Other,vol-01f8e4fb2cb11a5c3
2026-07-07T00:00:00Z,2026-07-08T00:00:00Z,True,0.0054341398,EC2 - Other,vol-01fbdc0ee23311d60
2026-07-07T00:00:00Z,2026-07-08T00:00:00Z,True,0.0052688172,EC2 - Other,vol-0201e55865d467ea8
2026-07-07T00:00:00Z,2026-07-08T00:00:00Z,True,0.0030739247,EC2 - Other,vol-021481827b3beba0a
2026-07-07T00:00:00Z,2026-07-08T00:00:00Z,True,0.0221209678,EC2 - Other,vol-0234128bd1923ffaa
2026-07-07T00:00:00Z,2026-07-08T00:00:00Z,True,0.0059543011,EC2 - Other,vol-024b401f269653eda
2026-07-07T00:00:00Z,2026-07-08T00:00:00Z,True,0.0008884409,EC2 - Other,vol-024d0ec3bdde4c561
2026-07-07T00:00:00Z,2026-07-08T00:00:00Z,True,0.0033629032,EC2 - Other,vol-02544c2b54d66c400
2026-07-07T00:00:00Z,2026-07-08T00:00:00Z,True,0.0061948925,EC2 - Other,vol-02564537329bb1ec9
2026-07-07T00:00:00Z,2026-07-08T00:00:00Z,True,0.0052056452,EC2 - Other,vol-02606bfd786a68082
2026-07-07T00:00:00Z,2026-07-08T00:00:00Z,True,0.0011733871,EC2 - Other,vol-02780988ffe04db87
2026-07-07T00:00:00Z,2026-07-08T00:00:00Z,True,0.0029946237,EC2 - Other,vol-027a91a0ef648e761
2026-07-07T00:00:00Z,2026-07-08T00:00:00Z,True,0.0032755376,EC2 - Other,vol-0280bb8b15c1c9d50
2026-07-07T00:00:00Z,2026-07-08T00:00:00Z,True,0.0024260753,EC2 - Other,vol-028a169adf4e7e1ff
2026-07-07T00:00:00Z,2026-07-08T00:00:00Z,True,0.003313172,EC2 - Other,vol-02a70fd679d79689b
2026-07-07T00:00:00Z,2026-07-08T00:00:00Z,True,0.0012163978,EC2 - Other,vol-02b4695353aa8d23f
2026-07-07T00:00:00Z,2026-07-08T00:00:00Z,True,0.0634865594,EC2 - Other,vol-02c0d8db5c74d903c
2026-07-07T00:00:00Z,2026-07-08T00:00:00Z,True,0.0516129024,EC2 - Other,vol-02caa6b741e86c280
2026-07-07T00:00:00Z,2026-07-08T00:00:00Z,True,0.0009663978,EC2 - Other,vol-02cae015ffd24415d
2026-07-07T00:00:00Z,2026-07-08T00:00:00Z,True,0.0140672043,EC2 - Other,vol-02cd8accd26b809ab
2026-07-07T00:00:00Z,2026-07-08T00:00:00Z,True,0.0175725807,EC2 - Other,vol-02dcba056843f1c4a
2026-07-07T00:00:00Z,2026-07-08T00:00:00Z,True,0.0017177419,EC2 - Other,vol-02e359ef057f35eaf
2026-07-07T00:00:00Z,2026-07-08T00:00:00Z,True,0.0050497312,EC2 - Other,vol-02f04068f10024a32
2026-07-07T00:00:00Z,2026-07-08T00:00:00Z,True,0.0014408602,EC2 - Other,vol-032193c85c309fa24
2026-07-07T00:00:00Z,2026-07-08T00:00:00Z,True,0.0033655914,EC2 - Other,vol-0323689fe53ccfdd0
2026-07-07T00:00:00Z,2026-07-08T00:00:00Z,True,0.0015725806,EC2 - Other,vol-032702efd87510b83
2026-07-07T00:00:00Z,2026-07-08T00:00:00Z,True,0.0014637097,EC2 - Other,vol-032f23dbb931732d1
2026-07-07T00:00:00Z,2026-07-08T00:00:00Z,True,0.0012594086,EC2 - Other,vol-0330cc272c056be1a
2026-07-07T00:00:00Z,2026-07-08T00:00:00Z,True,0.0044072581,EC2 - Other,vol-033f366c8ddad6562
2026-07-07T00:00:00Z,2026-07-08T00:00:00Z,True,0.0042486559,EC2 - Other,vol-034ff641969112072
2026-07-07T00:00:00Z,2026-07-08T00:00:00Z,True,0.0035766129,EC2 - Other,vol-0354187d84ddc1a61
2026-07-07T00:00:00Z,2026-07-08T00:00:00Z,True,0.0022647849,EC2 - Other,vol-038399e879fb58546
2026-07-07T00:00:00Z,2026-07-08T00:00:00Z,True,0.0058655914,EC2 - Other,vol-0385529117defc726
2026-07-07T00:00:00Z,2026-07-08T00:00:00Z,True,0.8670967752,EC2 - Other,vol-0392bc7824a1e81e8
2026-07-07T00:00:00Z,2026-07-08T00:00:00Z,True,0.0019556452,EC2 - Other,vol-039d4802a892324de
2026-07-07T00:00:00Z,2026-07-08T00:00:00Z,True,0.0171182796,EC2 - Other,vol-03a336f28ca1a2912
2026-07-07T00:00:00Z,2026-07-08T00:00:00Z,True,0.0058561828,EC2 - Other,vol-03aaabc3d648e0d33
2026-07-07T00:00:00Z,2026-07-08T00:00:00Z,True,0.0022755376,EC2 - Other,vol-03dd4c8031c895cec
2026-07-07T00:00:00Z,2026-07-08T00:00:00Z,True,0.0014260753,EC2 - Other,vol-03f61169afa779592
2026-07-07T00:00:00Z,2026-07-08T00:00:00Z,True,0.006123865,EC2 - Other,vol-03f66fcaccf9b7c7f
2026-07-07T00:00:00Z,2026-07-08T00:00:00Z,True,0.0621639788,EC2 - Other,vol-03ffa3f216e2fc60a
2026-07-07T00:00:00Z,2026-07-08T00:00:00Z,True,0.0011747312,EC2 - Other,vol-0426360391838b9da
2026-07-07T00:00:00Z,2026-07-08T00:00:00Z,True,0.0166935485,EC2 - Other,vol-042b26063ceeeb9dc
2026-07-07T00:00:00Z,2026-07-08T00:00:00Z,True,0.0010134409,EC2 - Other,vol-04324c77f55033d0d
2026-07-07T00:00:00Z,2026-07-08T00:00:00Z,True,0.0021451613,EC2 - Other,vol-043395b426abcd46d
2026-07-07T00:00:00Z,2026-07-08T00:00:00Z,True,0.0031048387,EC2 - Other,vol-044196d57f3b2aa69
2026-07-07T00:00:00Z,2026-07-08T00:00:00Z,True,0.8670967752,EC2 - Other,vol-04646998d6f1fd325
2026-07-07T00:00:00Z,2026-07-08T00:00:00Z,True,0.0016733871,EC2 - Other,vol-04676847f1b7b247b
2026-07-07T00:00:00Z,2026-07-08T00:00:00Z,True,0.0011223118,EC2 - Other,vol-04684e28108d92760
2026-07-07T00:00:00Z,2026-07-08T00:00:00Z,True,0.001141129,EC2 - Other,vol-0469ab364d502b6ae
2026-07-07T00:00:00Z,2026-07-08T00:00:00Z,True,0.0018185484,EC2 - Other,vol-047929439e30cc493
2026-07-07T00:00:00Z,2026-07-08T00:00:00Z,True,0.0011975806,EC2 - Other,vol-047dc0acc286082a1
2026-07-07T00:00:00Z,2026-07-08T00:00:00Z,True,0.0018172043,EC2 - Other,vol-048d3b7103d0f829d
2026-07-07T00:00:00Z,2026-07-08T00:00:00Z,True,0.0218723119,EC2 - Other,vol-04bbab109aa50aa6c
2026-07-07T00:00:00Z,2026-07-08T00:00:00Z,True,0.0033346774,EC2 - Other,vol-04d34cee907b40f8f
2026-07-07T00:00:00Z,2026-07-08T00:00:00Z,True,0.0013561828,EC2 - Other,vol-04eda60ea28b04e84
2026-07-07T00:00:00Z,2026-07-08T00:00:00Z,True,0.0058975209,EC2 - Other,vol-0502192b13b4f384c
2026-07-07T00:00:00Z,2026-07-08T00:00:00Z,True,0.0020577957,EC2 - Other,vol-050ae970cabf161fc
2026-07-07T00:00:00Z,2026-07-08T00:00:00Z,True,0.0011290323,EC2 - Other,vol-050b0865283b2feee
2026-07-07T00:00:00Z,2026-07-08T00:00:00Z,True,0.0182137097,EC2 - Other,vol-051bbdc30edc0a16e
2026-07-07T00:00:00Z,2026-07-08T00:00:00Z,True,0.0022137097,EC2 - Other,vol-052a77c963b3af52c
2026-07-07T00:00:00Z,2026-07-08T00:00:00Z,True,0.0012083333,EC2 - Other,vol-053bcb159d01a5858
2026-07-07T00:00:00Z,2026-07-08T00:00:00Z,True,0.0051612912,EC2 - Other,vol-0542fd77a5e4a4f63
2026-07-07T00:00:00Z,2026-07-08T00:00:00Z,True,0.0027634409,EC2 - Other,vol-05438c9b2789c534b
2026-07-07T00:00:00Z,2026-07-08T00:00:00Z,True,0.0011895161,EC2 - Other,vol-05479f93b934c431d
2026-07-07T00:00:00Z,2026-07-08T00:00:00Z,True,0.0018817204,EC2 - Other,vol-05a7a3d0077ad8e7b
2026-07-07T00:00:00Z,2026-07-08T00:00:00Z,True,0.0010712366,EC2 - Other,vol-05c66f62655ff7da7
2026-07-07T00:00:00Z,2026-07-08T00:00:00Z,True,0.0076478495,EC2 - Other,vol-05ce33d41fdaa8bce
2026-07-07T00:00:00Z,2026-07-08T00:00:00Z,True,0.0009005376,EC2 - Other,vol-05cfdf13b16c81a12
2026-07-07T00:00:00Z,2026-07-08T00:00:00Z,True,0.0007459677,EC2 - Other,vol-05eab3f51fe4bca09
2026-07-07T00:00:00Z,2026-07-08T00:00:00Z,True,0.0014704301,EC2 - Other,vol-05fbaf95d2ab46bea
2026-07-07T00:00:00Z,2026-07-08T00:00:00Z,True,0.0038091398,EC2 - Other,vol-06156b2904a6823ff
2026-07-07T00:00:00Z,2026-07-08T00:00:00Z,True,0.0016666667,EC2 - Other,vol-06244963eee22054c
2026-07-07T00:00:00Z,2026-07-08T00:00:00Z,True,0.0031303763,EC2 - Other,vol-062549d1be0808add
2026-07-07T00:00:00Z,2026-07-08T00:00:00Z,True,0.0009086022,EC2 - Other,vol-06335c6837422e761
2026-07-07T00:00:00Z,2026-07-08T00:00:00Z,True,0.0010228495,EC2 - Other,vol-063a05f572cd1cc22
2026-07-07T00:00:00Z,2026-07-08T00:00:00Z,True,0.0036760753,EC2 - Other,vol-0643eb54fc98d0832
2026-07-07T00:00:00Z,2026-07-08T00:00:00Z,True,0.0019919355,EC2 - Other,vol-06656a1a71c4d2d0a
2026-07-07T00:00:00Z,2026-07-08T00:00:00Z,True,0.0033212366,EC2 - Other,vol-06695e9a6ba1efbae
2026-07-07T00:00:00Z,2026-07-08T00:00:00Z,True,0.0011115591,EC2 - Other,vol-0682b7fc9fb9dfa78
2026-07-07T00:00:00Z,2026-07-08T00:00:00Z,True,0.0010107527,EC2 - Other,vol-06a264c48fcb5bace
2026-07-07T00:00:00Z,2026-07-08T00:00:00Z,True,0.0036747312,EC2 - Other,vol-06ae9cbfc0a7de552
2026-07-07T00:00:00Z,2026-07-08T00:00:00Z,True,0.0052728495,EC2 - Other,vol-06b051593e27179eb
2026-07-07T00:00:00Z,2026-07-08T00:00:00Z,True,0.0010120968,EC2 - Other,vol-06d6d1a6a18a4abd9
2026-07-07T00:00:00Z,2026-07-08T00:00:00Z,True,0.0008306452,EC2 - Other,vol-06e7b36f484fbf28c
2026-07-07T00:00:00Z,2026-07-08T00:00:00Z,True,0.0014986559,EC2 - Other,vol-06ec639c32f2238d7
2026-07-07T00:00:00Z,2026-07-08T00:00:00Z,True,0.002280914,EC2 - Other,vol-06eca37d9fd2187fc
2026-07-07T00:00:00Z,2026-07-08T00:00:00Z,True,0.0620134411,EC2 - Other,vol-06f39e7181ea82905
2026-07-07T00:00:00Z,2026-07-08T00:00:00Z,True,0.0015685484,EC2 - Other,vol-06fb44606037f2ac6
2026-07-07T00:00:00Z,2026-07-08T00:00:00Z,True,0.0019274194,EC2 - Other,vol-06fc7f4515addcce5
2026-07-07T00:00:00Z,2026-07-08T00:00:00Z,True,0.0228387098,EC2 - Other,vol-07036b5224623ec0e
2026-07-07T00:00:00Z,2026-07-08T00:00:00Z,True,0.061776882,EC2 - Other,vol-07085a1f6b5186b92
2026-07-07T00:00:00Z,2026-07-08T00:00:00Z,True,0.0012594086,EC2 - Other,vol-072f3faa9981a6940
2026-07-07T00:00:00Z,2026-07-08T00:00:00Z,True,0.9506451612,EC2 - Other,vol-074543c22474e0ce6
2026-07-07T00:00:00Z,2026-07-08T00:00:00Z,True,0.0016814516,EC2 - Other,vol-0753f0ef5fea20b0f
2026-07-07T00:00:00Z,2026-07-08T00:00:00Z,True,0.0015040323,EC2 - Other,vol-07706aef5e16a3e73
2026-07-07T00:00:00Z,2026-07-08T00:00:00Z,True,0.4830937276,EC2 - Other,vol-077b3ad123c39d931
2026-07-07T00:00:00Z,2026-07-08T00:00:00Z,True,0.0210053764,EC2 - Other,vol-077e21c697a94c8a2
2026-07-07T00:00:00Z,2026-07-08T00:00:00Z,True,0.0032795699,EC2 - Other,vol-079496ec266c7b8e9
2026-07-07T00:00:00Z,2026-07-08T00:00:00Z,True,0.4673250896,EC2 - Other,vol-079fabcfc89769853
2026-07-07T00:00:00Z,2026-07-08T00:00:00Z,True,0.0213158603,EC2 - Other,vol-07b33d13d4a794843
2026-07-07T00:00:00Z,2026-07-08T00:00:00Z,True,0.0035107527,EC2 - Other,vol-07b7aa6913e63bcfa
2026-07-07T00:00:00Z,2026-07-08T00:00:00Z,True,0.0051034946,EC2 - Other,vol-07bb814d2f67cc876
2026-07-07T00:00:00Z,2026-07-08T00:00:00Z,True,0.0027647849,EC2 - Other,vol-07c4bd7d47c4035e3
2026-07-07T00:00:00Z,2026-07-08T00:00:00Z,True,0.0047715054,EC2 - Other,vol-07e398aa07ec7e3a9
2026-07-07T00:00:00Z,2026-07-08T00:00:00Z,True,0.0018104839,EC2 - Other,vol-07f9db20969d946bd
2026-07-07T00:00:00Z,2026-07-08T00:00:00Z,True,0.0011962366,EC2 - Other,vol-080065528d0c3d55a
2026-07-07T00:00:00Z,2026-07-08T00:00:00Z,True,0.0062862903,EC2 - Other,vol-0802425415d06e312
2026-07-07T00:00:00Z,2026-07-08T00:00:00Z,True,0.0007392473,EC2 - Other,vol-08099fc854f714637
2026-07-07T00:00:00Z,2026-07-08T00:00:00Z,True,0.0213870969,EC2 - Other,vol-0828867eb9372c0af
2026-07-07T00:00:00Z,2026-07-08T00:00:00Z,True,0.0036438172,EC2 - Other,vol-082ca1629d06243f1
2026-07-07T00:00:00Z,2026-07-08T00:00:00Z,True,0.0015900538,EC2 - Other,vol-08396497d3db7ba8d
2026-07-07T00:00:00Z,2026-07-08T00:00:00Z,True,15.4838709672,EC2 - Other,vol-0840104f024bda559
2026-07-07T00:00:00Z,2026-07-08T00:00:00Z,True,0.001436828,EC2 - Other,vol-0861f5e8b9a356e04
2026-07-07T00:00:00Z,2026-07-08T00:00:00Z,True,0.0039153226,EC2 - Other,vol-08748c6b62cc92df6
2026-07-07T00:00:00Z,2026-07-08T00:00:00Z,True,0.0173669355,EC2 - Other,vol-0880c457b457e1f71
2026-07-07T00:00:00Z,2026-07-08T00:00:00Z,True,0.0034502688,EC2 - Other,vol-0883e5bc1ecc547ce
2026-07-07T00:00:00Z,2026-07-08T00:00:00Z,True,0.0015053763,EC2 - Other,vol-0884ade46f45a1140
2026-07-07T00:00:00Z,2026-07-08T00:00:00Z,True,0.0013333333,EC2 - Other,vol-08a65848c5b6149af
2026-07-07T00:00:00Z,2026-07-08T00:00:00Z,True,0.002655914,EC2 - Other,vol-08a955a6ab27322f8
2026-07-07T00:00:00Z,2026-07-08T00:00:00Z,True,0.0150188173,EC2 - Other,vol-08a99ae426dd1f1a5
2026-07-07T00:00:00Z,2026-07-08T00:00:00Z,True,0.0060551075,EC2 - Other,vol-08bd4117ceb3d8da7
2026-07-07T00:00:00Z,2026-07-08T00:00:00Z,True,0.0221061829,EC2 - Other,vol-08cb23ec099b7ad17
2026-07-07T00:00:00Z,2026-07-08T00:00:00Z,True,0.0018104839,EC2 - Other,vol-08d3ef677ba8c2e46
2026-07-07T00:00:00Z,2026-07-08T00:00:00Z,True,0.001047043,EC2 - Other,vol-08d61d1158b2086c9
2026-07-07T00:00:00Z,2026-07-08T00:00:00Z,True,0.1290322584,EC2 - Other,vol-08dee3ee1394063cb
2026-07-07T00:00:00Z,2026-07-08T00:00:00Z,True,0.0036169355,EC2 - Other,vol-08dfb1a40cdd36807
2026-07-07T00:00:00Z,2026-07-08T00:00:00Z,True,0.0009475806,EC2 - Other,vol-08ea40bf72877aba4
2026-07-07T00:00:00Z,2026-07-08T00:00:00Z,True,0.0016465054,EC2 - Other,vol-08ecb235a522f5fea
2026-07-07T00:00:00Z,2026-07-08T00:00:00Z,True,0.0008239247,EC2 - Other,vol-08f68509892c0f4c5
2026-07-07T00:00:00Z,2026-07-08T00:00:00Z,True,0.0013037634,EC2 - Other,vol-09094d2f8414b1d70
2026-07-07T00:00:00Z,2026-07-08T00:00:00Z,True,0.0013521505,EC2 - Other,vol-091cdbf4b78aebcc6
2026-07-07T00:00:00Z,2026-07-08T00:00:00Z,True,0.0016626344,EC2 - Other,vol-093186f82f1b40d76
2026-07-07T00:00:00Z,2026-07-08T00:00:00Z,True,0.0206451624,EC2 - Other,vol-0941af554a7184c73
2026-07-07T00:00:00Z,2026-07-08T00:00:00Z,True,0.0206451624,EC2 - Other,vol-09454929e2c583ae7
2026-07-07T00:00:00Z,2026-07-08T00:00:00Z,True,0.0516129024,EC2 - Other,vol-0958a841ed26fc81a
2026-07-07T00:00:00Z,2026-07-08T00:00:00Z,True,0.0028225806,EC2 - Other,vol-096557781fb1ce65f
2026-07-07T00:00:00Z,2026-07-08T00:00:00Z,True,0.0015134409,EC2 - Other,vol-097cd19dc31e7a48d
2026-07-07T00:00:00Z,2026-07-08T00:00:00Z,True,0.0061881721,EC2 - Other,vol-0987344320b184cfc
2026-07-07T00:00:00Z,2026-07-08T00:00:00Z,True,0.0053131721,EC2 - Other,vol-099660c06df8c533a
2026-07-07T00:00:00Z,2026-07-08T00:00:00Z,True,0.0019153226,EC2 - Other,vol-09afcce08738d4ee3
2026-07-07T00:00:00Z,2026-07-08T00:00:00Z,True,0.0009462366,EC2 - Other,vol-09b1c2fb384592801
2026-07-07T00:00:00Z,2026-07-08T00:00:00Z,True,0.0021209677,EC2 - Other,vol-09b60e1fb37f759ca
2026-07-07T00:00:00Z,2026-07-08T00:00:00Z,True,0.0032311828,EC2 - Other,vol-09bc43f1f7c2debd1
2026-07-07T00:00:00Z,2026-07-08T00:00:00Z,True,0.001061828,EC2 - Other,vol-09c60c266709fd016
2026-07-07T00:00:00Z,2026-07-08T00:00:00Z,True,0.005264785,EC2 - Other,vol-09c66a2f480199528
2026-07-07T00:00:00Z,2026-07-08T00:00:00Z,True,0.002983871,EC2 - Other,vol-09cb67b74283a029d
2026-07-07T00:00:00Z,2026-07-08T00:00:00Z,True,0.0037795699,EC2 - Other,vol-09d06ba9343815d9a
2026-07-07T00:00:00Z,2026-07-08T00:00:00Z,True,0.0011048387,EC2 - Other,vol-09d4fe8e57e71902e
2026-07-07T00:00:00Z,2026-07-08T00:00:00Z,True,0.0008924731,EC2 - Other,vol-09e5bd9f37574c539
2026-07-07T00:00:00Z,2026-07-08T00:00:00Z,True,0.0010282258,EC2 - Other,vol-0a1e6cfa1f0b768e6
2026-07-07T00:00:00Z,2026-07-08T00:00:00Z,True,0.0010967742,EC2 - Other,vol-0a338d1a40f73c533
2026-07-07T00:00:00Z,2026-07-08T00:00:00Z,True,0.0018239247,EC2 - Other,vol-0a4a69efe2ef3c5a4
2026-07-07T00:00:00Z,2026-07-08T00:00:00Z,True,0.0177419355,EC2 - Other,vol-0a5e6d4c8569e4f53
2026-07-07T00:00:00Z,2026-07-08T00:00:00Z,True,0.001266129,EC2 - Other,vol-0a65c6c65fdfc3116
2026-07-07T00:00:00Z,2026-07-08T00:00:00Z,True,0.0014758064,EC2 - Other,vol-0a764b9a624724a3c
2026-07-07T00:00:00Z,2026-07-08T00:00:00Z,True,0.0014946237,EC2 - Other,vol-0a7ca970ba105fcb6
2026-07-07T00:00:00Z,2026-07-08T00:00:00Z,True,0.0041021505,EC2 - Other,vol-0a85fd70725f66212
2026-07-07T00:00:00Z,2026-07-08T00:00:00Z,True,0.0016451613,EC2 - Other,vol-0a8b904c3c1b7ddee
2026-07-07T00:00:00Z,2026-07-08T00:00:00Z,True,0.8670967752,EC2 - Other,vol-0aa3f5a0f5cdca9a0
2026-07-07T00:00:00Z,2026-07-08T00:00:00Z,True,0.0074166667,EC2 - Other,vol-0ab9e5cf1ecc44996
2026-07-07T00:00:00Z,2026-07-08T00:00:00Z,True,0.0177567205,EC2 - Other,vol-0abcdfac224b270c6
2026-07-07T00:00:00Z,2026-07-08T00:00:00Z,True,0.0032284946,EC2 - Other,vol-0ac31a3a6d9ec71ce
2026-07-07T00:00:00Z,2026-07-08T00:00:00Z,True,0.0089139785,EC2 - Other,vol-0ac85f5c64ed47f55
2026-07-07T00:00:00Z,2026-07-08T00:00:00Z,True,0.4074193548,EC2 - Other,vol-0ae80bcc9624982a9
2026-07-07T00:00:00Z,2026-07-08T00:00:00Z,True,0.0011438172,EC2 - Other,vol-0aebcb2bde10a1935
2026-07-07T00:00:00Z,2026-07-08T00:00:00Z,True,0.0206451624,EC2 - Other,vol-0af8f94e0cd058ddf
2026-07-07T00:00:00Z,2026-07-08T00:00:00Z,True,0.0029112903,EC2 - Other,vol-0b1125838ab2a253f
2026-07-07T00:00:00Z,2026-07-08T00:00:00Z,True,0.0049946237,EC2 - Other,vol-0b14113c21b1ded28
2026-07-07T00:00:00Z,2026-07-08T00:00:00Z,True,0.0021827957,EC2 - Other,vol-0b14327203693c8b2
2026-07-07T00:00:00Z,2026-07-08T00:00:00Z,True,0.0012056452,EC2 - Other,vol-0b18bc2e97d37ebb2
2026-07-07T00:00:00Z,2026-07-08T00:00:00Z,True,0.0013198925,EC2 - Other,vol-0b352f1d9f1aeabe2
2026-07-07T00:00:00Z,2026-07-08T00:00:00Z,True,0.0139771506,EC2 - Other,vol-0b381f9fc1f0cf08a
2026-07-07T00:00:00Z,2026-07-08T00:00:00Z,True,0.0026935484,EC2 - Other,vol-0b40546e63b4b46f7
2026-07-07T00:00:00Z,2026-07-08T00:00:00Z,True,0.0206451624,EC2 - Other,vol-0b6a14b3d2c01264d
2026-07-07T00:00:00Z,2026-07-08T00:00:00Z,True,0.0020443548,EC2 - Other,vol-0b71828c1c46b39ed
2026-07-07T00:00:00Z,2026-07-08T00:00:00Z,True,0.0062137097,EC2 - Other,vol-0b7c1eaaf2db6382b
2026-07-07T00:00:00Z,2026-07-08T00:00:00Z,True,0.0208548388,EC2 - Other,vol-0b80883422a7284d4
2026-07-07T00:00:00Z,2026-07-08T00:00:00Z,True,0.0033696237,EC2 - Other,vol-0b882d06cbe27392b
2026-07-07T00:00:00Z,2026-07-08T00:00:00Z,True,0.0042473118,EC2 - Other,vol-0b90b603375b5e7f2
2026-07-07T00:00:00Z,2026-07-08T00:00:00Z,True,0.0051612912,EC2 - Other,vol-0b98b1e8d330cca41
2026-07-07T00:00:00Z,2026-07-08T00:00:00Z,True,0.8670967752,EC2 - Other,vol-0b99a6dcae2700982
2026-07-07T00:00:00Z,2026-07-08T00:00:00Z,True,0.0025336022,EC2 - Other,vol-0b9fad492b5a0f262
2026-07-07T00:00:00Z,2026-07-08T00:00:00Z,True,0.0014919355,EC2 - Other,vol-0ba1390e39fa60df0
2026-07-07T00:00:00Z,2026-07-08T00:00:00Z,True,0.000797043,EC2 - Other,vol-0ba882ee718a7a055
2026-07-07T00:00:00Z,2026-07-08T00:00:00Z,True,0.0620416669,EC2 - Other,vol-0bb544a6117efcf4f
2026-07-07T00:00:00Z,2026-07-08T00:00:00Z,True,0.0018306452,EC2 - Other,vol-0bb80607c80316105
2026-07-07T00:00:00Z,2026-07-08T00:00:00Z,True,0.0193548384,EC2 - Other,vol-0bbe7df9fbac2b7c2
2026-07-07T00:00:00Z,2026-07-08T00:00:00Z,True,0.0011491936,EC2 - Other,vol-0bc1f299397d577a6
2026-07-07T00:00:00Z,2026-07-08T00:00:00Z,True,0.0073763441,EC2 - Other,vol-0bc5fbf5a9087004e
2026-07-07T00:00:00Z,2026-07-08T00:00:00Z,True,0.0011424731,EC2 - Other,vol-0bc8226281b3388ff
2026-07-07T00:00:00Z,2026-07-08T00:00:00Z,True,0.0035040323,EC2 - Other,vol-0bc96daf57b607c8e
2026-07-07T00:00:00Z,2026-07-08T00:00:00Z,True,0.0601774196,EC2 - Other,vol-0bd4a0df15cdf7546
2026-07-07T00:00:00Z,2026-07-08T00:00:00Z,True,0.0021102151,EC2 - Other,vol-0be19b85fd58075ff
2026-07-07T00:00:00Z,2026-07-08T00:00:00Z,True,0.0178212366,EC2 - Other,vol-0be67780f9cc6cd6e
2026-07-07T00:00:00Z,2026-07-08T00:00:00Z,True,0.0046263441,EC2 - Other,vol-0beb1d70f94010c7d
2026-07-07T00:00:00Z,2026-07-08T00:00:00Z,True,0.0018064516,EC2 - Other,vol-0bf8baaec03b31177
2026-07-07T00:00:00Z,2026-07-08T00:00:00Z,True,0.0017392473,EC2 - Other,vol-0c064a37a40d75b18
2026-07-07T00:00:00Z,2026-07-08T00:00:00Z,True,0.0177244624,EC2 - Other,vol-0c13c483a551e3384
2026-07-07T00:00:00Z,2026-07-08T00:00:00Z,True,0.6038709672,EC2 - Other,vol-0c26833469cf6995a
2026-07-07T00:00:00Z,2026-07-08T00:00:00Z,True,0.0033481183,EC2 - Other,vol-0c3efbf8f2e9c7dff
2026-07-07T00:00:00Z,2026-07-08T00:00:00Z,True,0.0028293011,EC2 - Other,vol-0c4887dbac1c03de1
2026-07-07T00:00:00Z,2026-07-08T00:00:00Z,True,0.0018172043,EC2 - Other,vol-0c494934f1d5ad915
2026-07-07T00:00:00Z,2026-07-08T00:00:00Z,True,0.0015712366,EC2 - Other,vol-0c566c7c60d8f861c
2026-07-07T00:00:00Z,2026-07-08T00:00:00Z,True,0.0013615591,EC2 - Other,vol-0c5ea6d6b8483f4c9
2026-07-07T00:00:00Z,2026-07-08T00:00:00Z,True,0.8670967752,EC2 - Other,vol-0c69ba6b467620e14
2026-07-07T00:00:00Z,2026-07-08T00:00:00Z,True,0.0033965054,EC2 - Other,vol-0c8636f3422c7ec61
2026-07-07T00:00:00Z,2026-07-08T00:00:00Z,True,0.0016317204,EC2 - Other,vol-0c883c4544833fc05
2026-07-07T00:00:00Z,2026-07-08T00:00:00Z,True,0.0103642474,EC2 - Other,vol-0c93dfabdad075c71
2026-07-07T00:00:00Z,2026-07-08T00:00:00Z,True,0.0017728495,EC2 - Other,vol-0c945c7f23d3a68e2
2026-07-07T00:00:00Z,2026-07-08T00:00:00Z,True,0.0015806452,EC2 - Other,vol-0cb85769b45643bd7
2026-07-07T00:00:00Z,2026-07-08T00:00:00Z,True,0.0013239247,EC2 - Other,vol-0cccd01c101a3a46a
2026-07-07T00:00:00Z,2026-07-08T00:00:00Z,True,0.0011505376,EC2 - Other,vol-0cd4361eca5d7dfa9
2026-07-07T00:00:00Z,2026-07-08T00:00:00Z,True,0.001766129,EC2 - Other,vol-0cd72817a800e6bfc
2026-07-07T00:00:00Z,2026-07-08T00:00:00Z,True,0.0014583333,EC2 - Other,vol-0ce08b490e611546e
2026-07-07T00:00:00Z,2026-07-08T00:00:00Z,True,0.0193548388,EC2 - Other,vol-0cf34778e6cbbbbdb
2026-07-07T00:00:00Z,2026-07-08T00:00:00Z,True,0.0009650538,EC2 - Other,vol-0cfc3d0db08bfda02
2026-07-07T00:00:00Z,2026-07-08T00:00:00Z,True,0.0009771505,EC2 - Other,vol-0d11256afaa18dd29
2026-07-07T00:00:00Z,2026-07-08T00:00:00Z,True,0.0050362903,EC2 - Other,vol-0d2c3d48c0d8d9e37
2026-07-07T00:00:00Z,2026-07-08T00:00:00Z,True,0.0018508064,EC2 - Other,vol-0d69c5dcec7ebe5ea
2026-07-07T00:00:00Z,2026-07-08T00:00:00Z,True,0.0011357527,EC2 - Other,vol-0d7999ee1ec73f8ff
2026-07-07T00:00:00Z,2026-07-08T00:00:00Z,True,0.0012983871,EC2 - Other,vol-0d872b0a89c954990
2026-07-07T00:00:00Z,2026-07-08T00:00:00Z,True,0.0062419355,EC2 - Other,vol-0d897f672e3941653
2026-07-07T00:00:00Z,2026-07-08T00:00:00Z,True,0.0059206989,EC2 - Other,vol-0dab1fc313ff422ee
2026-07-07T00:00:00Z,2026-07-08T00:00:00Z,True,0.0009072581,EC2 - Other,vol-0db1a1c763152d64c
2026-07-07T00:00:00Z,2026-07-08T00:00:00Z,True,0.8670967752,EC2 - Other,vol-0dba752186e34e08c
2026-07-07T00:00:00Z,2026-07-08T00:00:00Z,True,0.0012674731,EC2 - Other,vol-0dbca74142eb6830f
2026-07-07T00:00:00Z,2026-07-08T00:00:00Z,True,0.002313172,EC2 - Other,vol-0dbf7aa1a8268b636
2026-07-07T00:00:00Z,2026-07-08T00:00:00Z,True,0.0009086022,EC2 - Other,vol-0dcd9ce430748b710
2026-07-07T00:00:00Z,2026-07-08T00:00:00Z,True,0.0034623656,EC2 - Other,vol-0de8a782233a33a12
2026-07-07T00:00:00Z,2026-07-08T00:00:00Z,True,0.0017728495,EC2 - Other,vol-0de99258fc8669664
2026-07-07T00:00:00Z,2026-07-08T00:00:00Z,True,0.0592997315,EC2 - Other,vol-0dedd7b72c4d10969
2026-07-07T00:00:00Z,2026-07-08T00:00:00Z,True,0.0176895162,EC2 - Other,vol-0dfc024185ce52651
2026-07-07T00:00:00Z,2026-07-08T00:00:00Z,True,0.0011357527,EC2 - Other,vol-0e0493e990f1fb477
2026-07-07T00:00:00Z,2026-07-08T00:00:00Z,True,0.0016626344,EC2 - Other,vol-0e0646c83aa762f6e
2026-07-07T00:00:00Z,2026-07-08T00:00:00Z,True,0.0018091398,EC2 - Other,vol-0e15a323ccacae8dc
2026-07-07T00:00:00Z,2026-07-08T00:00:00Z,True,0.0018091398,EC2 - Other,vol-0e16592cf7f2c586a
2026-07-07T00:00:00Z,2026-07-08T00:00:00Z,True,0.0013790323,EC2 - Other,vol-0e1b13293ca72d94e
2026-07-07T00:00:00Z,2026-07-08T00:00:00Z,True,0.001327957,EC2 - Other,vol-0e25933e291832322
2026-07-07T00:00:00Z,2026-07-08T00:00:00Z,True,0.0013319892,EC2 - Other,vol-0e38a03a3ea9a56b5
2026-07-07T00:00:00Z,2026-07-08T00:00:00Z,True,0.0009919355,EC2 - Other,vol-0e3bac9746af973cb
2026-07-07T00:00:00Z,2026-07-08T00:00:00Z,True,0.0029731183,EC2 - Other,vol-0e3d7b35c0e2efa05
2026-07-07T00:00:00Z,2026-07-08T00:00:00Z,True,0.001375,EC2 - Other,vol-0e3eb7689b147da62
2026-07-07T00:00:00Z,2026-07-08T00:00:00Z,True,0.0024610215,EC2 - Other,vol-0e54f61ec0def711d
2026-07-07T00:00:00Z,2026-07-08T00:00:00Z,True,0.0013024194,EC2 - Other,vol-0e556c08ebff8b884
2026-07-07T00:00:00Z,2026-07-08T00:00:00Z,True,0.0010591398,EC2 - Other,vol-0e563e887f26fa7f8
2026-07-07T00:00:00Z,2026-07-08T00:00:00Z,True,0.001155914,EC2 - Other,vol-0e587a6bcf3097b2b
2026-07-07T00:00:00Z,2026-07-08T00:00:00Z,True,0.0016357527,EC2 - Other,vol-0e795891442907e9f
2026-07-07T00:00:00Z,2026-07-08T00:00:00Z,True,0.0048387097,EC2 - Other,vol-0e91d3b3eba9f22e6
2026-07-07T00:00:00Z,2026-07-08T00:00:00Z,True,0.0014919355,EC2 - Other,vol-0e94ed3e7d2fa798a
2026-07-07T00:00:00Z,2026-07-08T00:00:00Z,True,0.0015080645,EC2 - Other,vol-0e9fd29a0e766628a
2026-07-07T00:00:00Z,2026-07-08T00:00:00Z,True,0.8670967752,EC2 - Other,vol-0ea36895cc2b979ac
2026-07-07T00:00:00Z,2026-07-08T00:00:00Z,True,0.004655914,EC2 - Other,vol-0eb54500e2e7388b5
2026-07-07T00:00:00Z,2026-07-08T00:00:00Z,True,0.0015873656,EC2 - Other,vol-0eb9cb6e24ed7e39a
2026-07-07T00:00:00Z,2026-07-08T00:00:00Z,True,0.0017446237,EC2 - Other,vol-0ec0e417a70fd9923
2026-07-07T00:00:00Z,2026-07-08T00:00:00Z,True,0.020795699,EC2 - Other,vol-0ec38654773852812
2026-07-07T00:00:00Z,2026-07-08T00:00:00Z,True,0.0045913978,EC2 - Other,vol-0ec3b339302f38d05
2026-07-07T00:00:00Z,2026-07-08T00:00:00Z,True,0.0012903226,EC2 - Other,vol-0ec99dbc6a9c78b3a
2026-07-07T00:00:00Z,2026-07-08T00:00:00Z,True,0.0061653226,EC2 - Other,vol-0ef32f7ae9c5289db
2026-07-07T00:00:00Z,2026-07-08T00:00:00Z,True,0.0011397849,EC2 - Other,vol-0ef66c887b5fa1587
2026-07-07T00:00:00Z,2026-07-08T00:00:00Z,True,0.0013629032,EC2 - Other,vol-0ef7eb2edb2bbaa92
2026-07-07T00:00:00Z,2026-07-08T00:00:00Z,True,0.0197244625,EC2 - Other,vol-0efabd3b31d78333f
2026-07-07T00:00:00Z,2026-07-08T00:00:00Z,True,0.8670967752,EC2 - Other,vol-0f2da5c82d0de1378
2026-07-07T00:00:00Z,2026-07-08T00:00:00Z,True,0.0013508064,EC2 - Other,vol-0f372f78e3bfa4810
2026-07-07T00:00:00Z,2026-07-08T00:00:00Z,True,0.0009045699,EC2 - Other,vol-0f3e309ccc976fd39
2026-07-07T00:00:00Z,2026-07-08T00:00:00Z,True,0.0038024194,EC2 - Other,vol-0f43a3abe42cf1a8c
2026-07-07T00:00:00Z,2026-07-08T00:00:00Z,True,0.0016451613,EC2 - Other,vol-0f693e9ba61dc202c
2026-07-07T00:00:00Z,2026-07-08T00:00:00Z,True,0.0015887097,EC2 - Other,vol-0f6b69cca5b0f8c14
2026-07-07T00:00:00Z,2026-07-08T00:00:00Z,True,0.0015927419,EC2 - Other,vol-0f7af9479454e731c
2026-07-07T00:00:00Z,2026-07-08T00:00:00Z,True,0.0013548387,EC2 - Other,vol-0f89afecf1a0f4cec
2026-07-07T00:00:00Z,2026-07-08T00:00:00Z,True,0.0014032258,EC2 - Other,vol-0f91ed547f14089d5
2026-07-07T00:00:00Z,2026-07-08T00:00:00Z,True,0.0057002688,EC2 - Other,vol-0f99b276e96744d32
2026-07-07T00:00:00Z,2026-07-08T00:00:00Z,True,0.8670967752,EC2 - Other,vol-0f9efeb41e207d738
2026-07-07T00:00:00Z,2026-07-08T00:00:00Z,True,0.0180887097,EC2 - Other,vol-0fab69ad8a7fc6604
2026-07-07T00:00:00Z,2026-07-08T00:00:00Z,True,0.0032379032,EC2 - Other,vol-0fbdd6357a56e617b
2026-07-07T00:00:00Z,2026-07-08T00:00:00Z,True,0.0182271506,EC2 - Other,vol-0fc113f748211ee78
2026-07-07T00:00:00Z,2026-07-08T00:00:00Z,True,0.0008467742,EC2 - Other,vol-0fce7b4706e7b9414
2026-07-07T00:00:00Z,2026-07-08T00:00:00Z,True,0.0588736562,EC2 - Other,vol-0fd230162a9f72596
2026-07-07T00:00:00Z,2026-07-08T00:00:00Z,True,0.0025967742,EC2 - Other,vol-0fdfb7e5257fcc8e5
2026-07-07T00:00:00Z,2026-07-08T00:00:00Z,True,0.0009892473,EC2 - Other,vol-0ff56f61271cbee0d
2026-07-07T00:00:00Z,2026-07-08T00:00:00Z,True,0.0014543011,EC2 - Other,vol-0ff73fab11279f648
2026-07-07T00:00:00Z,2026-07-08T00:00:00Z,True,0.0021303763,EC2 - Other,vol-0ffdb46866f430f23
2026-07-07T00:00:00Z,2026-07-08T00:00:00Z,True,0.0010913978,EC2 - Other,vol-0ffe369e666824ecd
2026-07-07T00:00:00Z,2026-07-08T00:00:00Z,True,0.0,Amazon Elastic Compute Cloud - Compute,arn:aws:ec2:ap-south-1:108782052779:natgateway/nat-01dc061291fc51e75
2026-07-07T00:00:00Z,2026-07-08T00:00:00Z,True,0.0,Amazon Elastic Compute Cloud - Compute,arn:aws:ec2:ap-south-1:108782052779:natgateway/nat-05f85018216cac061
2026-07-07T00:00:00Z,2026-07-08T00:00:00Z,True,1.379e-07,Amazon Elastic Compute Cloud - Compute,arn:aws:ec2:eu-central-1:108782052779:natgateway/nat-0a2bfbfedf38f8e87
2026-07-07T00:00:00Z,2026-07-08T00:00:00Z,True,2.319e-07,Amazon Elastic Compute Cloud - Compute,arn:aws:ec2:eu-central-1:108782052779:natgateway/nat-0ec6ae9605269bef4
2026-07-07T00:00:00Z,2026-07-08T00:00:00Z,True,6.09e-08,Amazon Elastic Compute Cloud - Compute,arn:aws:ec2:us-east-1:108782052779:natgateway/nat-089a96601cfd34f9d
2026-07-07T00:00:00Z,2026-07-08T00:00:00Z,True,2.451e-07,Amazon Elastic Compute Cloud - Compute,arn:aws:ec2:us-west-2:108782052779:natgateway/nat-00246c8ef3b9087f1
2026-07-07T00:00:00Z,2026-07-08T00:00:00Z,True,4.65791e-05,Amazon Elastic Compute Cloud - Compute,arn:aws:ec2:us-west-2:108782052779:natgateway/nat-00ac08b685fea726f
2026-07-07T00:00:00Z,2026-07-08T00:00:00Z,True,0.0016497844,Amazon Elastic Compute Cloud - Compute,arn:aws:ec2:us-west-2:108782052779:natgateway/nat-00f3c26e43ede9b10
2026-07-07T00:00:00Z,2026-07-08T00:00:00Z,True,5.78701e-05,Amazon Elastic Compute Cloud - Compute,arn:aws:ec2:us-west-2:108782052779:natgateway/nat-0234e77781575cced
2026-07-07T00:00:00Z,2026-07-08T00:00:00Z,True,0.0028356275,Amazon Elastic Compute Cloud - Compute,arn:aws:ec2:us-west-2:171675361862:natgateway/nat-01432c586ef9dbf51
2026-07-07T00:00:00Z,2026-07-08T00:00:00Z,True,0.3935337888,Amazon Elastic Compute Cloud - Compute,i-00008b53a6b2b5446
2026-07-07T00:00:00Z,2026-07-08T00:00:00Z,True,0.4685002534,Amazon Elastic Compute Cloud - Compute,i-0012e19395a394448
2026-07-07T00:00:00Z,2026-07-08T00:00:00Z,True,1.75809725,Amazon Elastic Compute Cloud - Compute,i-002a5f43d1208bec6
2026-07-07T00:00:00Z,2026-07-08T00:00:00Z,True,11.418730851,Amazon Elastic Compute Cloud - Compute,i-0042cf6870647ec40
2026-07-07T00:00:00Z,2026-07-08T00:00:00Z,True,5.6727387285,Amazon Elastic Compute Cloud - Compute,i-005099e85867081aa
2026-07-07T00:00:00Z,2026-07-08T00:00:00Z,True,0.0794757852,Amazon Elastic Compute Cloud - Compute,i-005e60f6f047ee4eb
2026-07-07T00:00:00Z,2026-07-08T00:00:00Z,True,0.5505874278,Amazon Elastic Compute Cloud - Compute,i-006e11a9387374216
2026-07-07T00:00:00Z,2026-07-08T00:00:00Z,True,0.6807707166,Amazon Elastic Compute Cloud - Compute,i-00841b412456254a0
2026-07-07T00:00:00Z,2026-07-08T00:00:00Z,True,0.4623818186,Amazon Elastic Compute Cloud - Compute,i-00a9b9b9a582c0b99
2026-07-07T00:00:00Z,2026-07-08T00:00:00Z,True,0.6859873765,Amazon Elastic Compute Cloud - Compute,i-00afe0bdddec80e2a
2026-07-07T00:00:00Z,2026-07-08T00:00:00Z,True,0.4810933138,Amazon Elastic Compute Cloud - Compute,i-00b4ba6895524e03c
2026-07-07T00:00:00Z,2026-07-08T00:00:00Z,True,12.8779914381,Amazon Elastic Compute Cloud - Compute,i-00bccda1e474644f9
2026-07-07T00:00:00Z,2026-07-08T00:00:00Z,True,1.279131,Amazon Elastic Compute Cloud - Compute,i-00c44546f578105ef
2026-07-07T00:00:00Z,2026-07-08T00:00:00Z,True,1.7505329511,Amazon Elastic Compute Cloud - Compute,i-00e46d9e62274757e
2026-07-07T00:00:00Z,2026-07-08T00:00:00Z,True,43.1535083656,Amazon Elastic Compute Cloud - Compute,i-00e48ee087d537f91
2026-07-07T00:00:00Z,2026-07-08T00:00:00Z,True,1.5808604667,Amazon Elastic Compute Cloud - Compute,i-01007a462d748b38d
2026-07-07T00:00:00Z,2026-07-08T00:00:00Z,True,48.0692140861,Amazon Elastic Compute Cloud - Compute,i-0106649a9db48f1db
2026-07-07T00:00:00Z,2026-07-08T00:00:00Z,True,142.4068381541,Amazon Elastic Compute Cloud - Compute,i-0111e5426ec983352
2026-07-07T00:00:00Z,2026-07-08T00:00:00Z,True,0.5430741933,Amazon Elastic Compute Cloud - Compute,i-011658daf72cb08f1
2026-07-07T00:00:00Z,2026-07-08T00:00:00Z,True,0.5508294548,Amazon Elastic Compute Cloud - Compute,i-0132f1a3211d86a52
2026-07-07T00:00:00Z,2026-07-08T00:00:00Z,True,1.5877314224,Amazon Elastic Compute Cloud - Compute,i-01457bbfd6e333a43
2026-07-07T00:00:00Z,2026-07-08T00:00:00Z,True,5.175927152,Amazon Elastic Compute Cloud - Compute,i-01478f27213a9902a
2026-07-07T00:00:00Z,2026-07-08T00:00:00Z,True,6.5154467992,Amazon Elastic Compute Cloud - Compute,i-014c3496cde1e6ad1
2026-07-07T00:00:00Z,2026-07-08T00:00:00Z,True,40.2514547914,Amazon Elastic Compute Cloud - Compute,i-01550a03f82f2debc
2026-07-07T00:00:00Z,2026-07-08T00:00:00Z,True,0.5505440997,Amazon Elastic Compute Cloud - Compute,i-015897ce2b834bd3d
2026-07-07T00:00:00Z,2026-07-08T00:00:00Z,True,0.3829344509,Amazon Elastic Compute Cloud - Compute,i-016309432570d40a6
2026-07-07T00:00:00Z,2026-07-08T00:00:00Z,True,5.3758030053,Amazon Elastic Compute Cloud - Compute,i-01829d668dc261978
2026-07-07T00:00:00Z,2026-07-08T00:00:00Z,True,0.8905778421,Amazon Elastic Compute Cloud - Compute,i-018daca42cbddf326
2026-07-07T00:00:00Z,2026-07-08T00:00:00Z,True,0.6362282021,Amazon Elastic Compute Cloud - Compute,i-0191e1296029b327b
2026-07-07T00:00:00Z,2026-07-08T00:00:00Z,True,0.5361309314,Amazon Elastic Compute Cloud - Compute,i-01a22e950f3627e00
2026-07-07T00:00:00Z,2026-07-08T00:00:00Z,True,2.746218,Amazon Elastic Compute Cloud - Compute,i-01a2a8e025dac3853
2026-07-07T00:00:00Z,2026-07-08T00:00:00Z,True,0.967051605,Amazon Elastic Compute Cloud - Compute,i-01a6f18d26834d606
2026-07-07T00:00:00Z,2026-07-08T00:00:00Z,True,0.8881361773,Amazon Elastic Compute Cloud - Compute,i-01abe18f24e71a5a1
2026-07-07T00:00:00Z,2026-07-08T00:00:00Z,True,8.5393295,Amazon Elastic Compute Cloud - Compute,i-01af4e25ef13cc9b3
2026-07-07T00:00:00Z,2026-07-08T00:00:00Z,True,1.7644875311,Amazon Elastic Compute Cloud - Compute,i-01af85fcd553b3fd2
2026-07-07T00:00:00Z,2026-07-08T00:00:00Z,True,43.078192296,Amazon Elastic Compute Cloud - Compute,i-01bcd3eed23582b61
2026-07-07T00:00:00Z,2026-07-08T00:00:00Z,True,11.2925310828,Amazon Elastic Compute Cloud - Compute,i-01cb6b3cad0934271
2026-07-07T00:00:00Z,2026-07-08T00:00:00Z,True,2.54128875,Amazon Elastic Compute Cloud - Compute,i-01d47107128cba60d
2026-07-07T00:00:00Z,2026-07-08T00:00:00Z,True,1.5293478211,Amazon Elastic Compute Cloud - Compute,i-01d9346b8b0ced8c7
2026-07-07T00:00:00Z,2026-07-08T00:00:00Z,True,3.9936,Amazon Elastic Compute Cloud - Compute,i-01db42c813d037c0e
2026-07-07T00:00:00Z,2026-07-08T00:00:00Z,True,6.7076558558,Amazon Elastic Compute Cloud - Compute,i-01e63dbf7f0dd5518
2026-07-07T00:00:00Z,2026-07-08T00:00:00Z,True,0.4142823628,Amazon Elastic Compute Cloud - Compute,i-01f589fdd431a2d27
2026-07-07T00:00:00Z,2026-07-08T00:00:00Z,True,0.5864012562,Amazon Elastic Compute Cloud - Compute,i-01fcb2142255d71d6
2026-07-07T00:00:00Z,2026-07-08T00:00:00Z,True,7.6121e-06,Amazon Elastic Compute Cloud - Compute,i-0200df2cf6831fd31
2026-07-07T00:00:00Z,2026-07-08T00:00:00Z,True,96.3010264412,Amazon Elastic Compute Cloud - Compute,i-0208eb62c8385662e
2026-07-07T00:00:00Z,2026-07-08T00:00:00Z,True,26.4432055143,Amazon Elastic Compute Cloud - Compute,i-021ad0f82f14d8814
2026-07-07T00:00:00Z,2026-07-08T00:00:00Z,True,27.0813508448,Amazon Elastic Compute Cloud - Compute,i-022c5dd9a4db2a9d3
2026-07-07T00:00:00Z,2026-07-08T00:00:00Z,True,4.3067921735,Amazon Elastic Compute Cloud - Compute,i-02324dfdf73feb158
2026-07-07T00:00:00Z,2026-07-08T00:00:00Z,True,2.54128875,Amazon Elastic Compute Cloud - Compute,i-02426e22a91db7262
2026-07-07T00:00:00Z,2026-07-08T00:00:00Z,True,0.6037347834,Amazon Elastic Compute Cloud - Compute,i-0246745291ccf7893
2026-07-07T00:00:00Z,2026-07-08T00:00:00Z,True,40.6036741656,Amazon Elastic Compute Cloud - Compute,i-02599e9ae3077b80c
2026-07-07T00:00:00Z,2026-07-08T00:00:00Z,True,98.6739592704,Amazon Elastic Compute Cloud - Compute,i-025cfe19dd7a54af6
2026-07-07T00:00:00Z,2026-07-08T00:00:00Z,True,0.7268738204,Amazon Elastic Compute Cloud - Compute,i-028581fdb5de596b5
2026-07-07T00:00:00Z,2026-07-08T00:00:00Z,True,8.9493409624,Amazon Elastic Compute Cloud - Compute,i-028cc140615a17f18
2026-07-07T00:00:00Z,2026-07-08T00:00:00Z,True,1.8332278938,Amazon Elastic Compute Cloud - Compute,i-029e8be0897143dcd
2026-07-07T00:00:00Z,2026-07-08T00:00:00Z,True,0.6135121637,Amazon Elastic Compute Cloud - Compute,i-029f88155d131847c
2026-07-07T00:00:00Z,2026-07-08T00:00:00Z,True,0.3392496128,Amazon Elastic Compute Cloud - Compute,i-02b66e23a0f9fc4bc
2026-07-07T00:00:00Z,2026-07-08T00:00:00Z,True,0.3188862834,Amazon Elastic Compute Cloud - Compute,i-02bb191118b0513cd
2026-07-07T00:00:00Z,2026-07-08T00:00:00Z,True,0.5244817879,Amazon Elastic Compute Cloud - Compute,i-02ca73e7790e95dad
2026-07-07T00:00:00Z,2026-07-08T00:00:00Z,True,0.7837557512,Amazon Elastic Compute Cloud - Compute,i-02def46e77adb8b7b
2026-07-07T00:00:00Z,2026-07-08T00:00:00Z,True,2.9163103554,Amazon Elastic Compute Cloud - Compute,i-02eac1f0a5746b4ab
2026-07-07T00:00:00Z,2026-07-08T00:00:00Z,True,0.5316577661,Amazon Elastic Compute Cloud - Compute,i-02eb5719fd4b3c5c5
2026-07-07T00:00:00Z,2026-07-08T00:00:00Z,True,1.0193117914,Amazon Elastic Compute Cloud - Compute,i-02ecfc90596611140
2026-07-07T00:00:00Z,2026-07-08T00:00:00Z,True,1.4956768529,Amazon Elastic Compute Cloud - Compute,i-02ee7816362c8518a
2026-07-07T00:00:00Z,2026-07-08T00:00:00Z,True,0.5473621538,Amazon Elastic Compute Cloud - Compute,i-02eef5af4a3eb6eb4
2026-07-07T00:00:00Z,2026-07-08T00:00:00Z,True,0.6675783657,Amazon Elastic Compute Cloud - Compute,i-02f3094bb81abf275
2026-07-07T00:00:00Z,2026-07-08T00:00:00Z,True,1.8761641062,Amazon Elastic Compute Cloud - Compute,i-02f4caa170e70cc8f
2026-07-07T00:00:00Z,2026-07-08T00:00:00Z,True,0.2496,Amazon Elastic Compute Cloud - Compute,i-02ffc986b48f04b81
2026-07-07T00:00:00Z,2026-07-08T00:00:00Z,True,23.8303768472,Amazon Elastic Compute Cloud - Compute,i-03383016be5913c31
2026-07-07T00:00:00Z,2026-07-08T00:00:00Z,True,1.5957134349,Amazon Elastic Compute Cloud - Compute,i-03418a7f1eda90a4c
2026-07-07T00:00:00Z,2026-07-08T00:00:00Z,True,0.4597816644,Amazon Elastic Compute Cloud - Compute,i-0349efe49a5bcfaf6
2026-07-07T00:00:00Z,2026-07-08T00:00:00Z,True,1.6358053427,Amazon Elastic Compute Cloud - Compute,i-0358931e8817b49a5
2026-07-07T00:00:00Z,2026-07-08T00:00:00Z,True,1.4647718101,Amazon Elastic Compute Cloud - Compute,i-0360cf10ac5b3d165
2026-07-07T00:00:00Z,2026-07-08T00:00:00Z,True,9.0588143938,Amazon Elastic Compute Cloud - Compute,i-036cbc6d726bfff1a
2026-07-07T00:00:00Z,2026-07-08T00:00:00Z,True,2.733667101,Amazon Elastic Compute Cloud - Compute,i-038dcf01891e8523f
2026-07-07T00:00:00Z,2026-07-08T00:00:00Z,True,0.8937371981,Amazon Elastic Compute Cloud - Compute,i-0392e6e178a053d4e
2026-07-07T00:00:00Z,2026-07-08T00:00:00Z,True,1.8911871438,Amazon Elastic Compute Cloud - Compute,i-03974a42674fe031b
2026-07-07T00:00:00Z,2026-07-08T00:00:00Z,True,2.7954694089,Amazon Elastic Compute Cloud - Compute,i-039d04722eeb3efc7
2026-07-07T00:00:00Z,2026-07-08T00:00:00Z,True,1.2505456687,Amazon Elastic Compute Cloud - Compute,i-039d420ddcfb0ad46
2026-07-07T00:00:00Z,2026-07-08T00:00:00Z,True,0.9063797124,Amazon Elastic Compute Cloud - Compute,i-039e30ec40f6ae27b
2026-07-07T00:00:00Z,2026-07-08T00:00:00Z,True,1.7356034439,Amazon Elastic Compute Cloud - Compute,i-03b15dd7610d4aeb0
2026-07-07T00:00:00Z,2026-07-08T00:00:00Z,True,0.2496,Amazon Elastic Compute Cloud - Compute,i-03cd726ad5d7f3f3d
2026-07-07T00:00:00Z,2026-07-08T00:00:00Z,True,11.5280426385,Amazon Elastic Compute Cloud - Compute,i-03dadb54f182e1dbe
2026-07-07T00:00:00Z,2026-07-08T00:00:00Z,True,33.2736769702,Amazon Elastic Compute Cloud - Compute,i-03e55e9b3775ff5f3
2026-07-07T00:00:00Z,2026-07-08T00:00:00Z,True,3.9712056481,Amazon Elastic Compute Cloud - Compute,i-03efdc1ab16550e5a
2026-07-07T00:00:00Z,2026-07-08T00:00:00Z,True,34.3083577733,Amazon Elastic Compute Cloud - Compute,i-0419a8088905aad63
2026-07-07T00:00:00Z,2026-07-08T00:00:00Z,True,1.5228653772,Amazon Elastic Compute Cloud - Compute,i-0422a32e1d8f1df1a
2026-07-07T00:00:00Z,2026-07-08T00:00:00Z,True,0.830532051,Amazon Elastic Compute Cloud - Compute,i-043558f33585a6d67
2026-07-07T00:00:00Z,2026-07-08T00:00:00Z,True,10.1215938646,Amazon Elastic Compute Cloud - Compute,i-04364e9e9c38b0c89
2026-07-07T00:00:00Z,2026-07-08T00:00:00Z,True,1.0513744107,Amazon Elastic Compute Cloud - Compute,i-044df0387846ef1e1
2026-07-07T00:00:00Z,2026-07-08T00:00:00Z,True,0.7268700282,Amazon Elastic Compute Cloud - Compute,i-044e8cea314e182e0
2026-07-07T00:00:00Z,2026-07-08T00:00:00Z,True,0.5888407285,Amazon Elastic Compute Cloud - Compute,i-04607d769b9cd1137
2026-07-07T00:00:00Z,2026-07-08T00:00:00Z,True,0.4442050416,Amazon Elastic Compute Cloud - Compute,i-04618182d785f8d9a
2026-07-07T00:00:00Z,2026-07-08T00:00:00Z,True,98.281028893,Amazon Elastic Compute Cloud - Compute,i-04711133459e23182
2026-07-07T00:00:00Z,2026-07-08T00:00:00Z,True,0.4945016065,Amazon Elastic Compute Cloud - Compute,i-047634d9ca578e010
2026-07-07T00:00:00Z,2026-07-08T00:00:00Z,True,0.4257807888,Amazon Elastic Compute Cloud - Compute,i-04838c78a081498b6
2026-07-07T00:00:00Z,2026-07-08T00:00:00Z,True,0.407638628,Amazon Elastic Compute Cloud - Compute,i-0484836c93b447c7c
2026-07-07T00:00:00Z,2026-07-08T00:00:00Z,True,28.0059992992,Amazon Elastic Compute Cloud - Compute,i-049024afb473a5519
2026-07-07T00:00:00Z,2026-07-08T00:00:00Z,True,0.5943301618,Amazon Elastic Compute Cloud - Compute,i-049de127469ba0ba5
2026-07-07T00:00:00Z,2026-07-08T00:00:00Z,True,7.3871656415,Amazon Elastic Compute Cloud - Compute,i-04a63ac3e44a8b827
2026-07-07T00:00:00Z,2026-07-08T00:00:00Z,True,0.7271946393,Amazon Elastic Compute Cloud - Compute,i-04a843ebd963c7564
2026-07-07T00:00:00Z,2026-07-08T00:00:00Z,True,0.6680726865,Amazon Elastic Compute Cloud - Compute,i-04ab159652235ed69
2026-07-07T00:00:00Z,2026-07-08T00:00:00Z,True,1.752089272,Amazon Elastic Compute Cloud - Compute,i-04b32a14abebcec5b
2026-07-07T00:00:00Z,2026-07-08T00:00:00Z,True,11.7806908742,Amazon Elastic Compute Cloud - Compute,i-04bffe7763ddd7161
2026-07-07T00:00:00Z,2026-07-08T00:00:00Z,True,0.1248261167,Amazon Elastic Compute Cloud - Compute,i-04d3a8c6aae87f818
2026-07-07T00:00:00Z,2026-07-08T00:00:00Z,True,8.9944178031,Amazon Elastic Compute Cloud - Compute,i-04e790a3d1eaa8a07
2026-07-07T00:00:00Z,2026-07-08T00:00:00Z,True,0.6873383556,Amazon Elastic Compute Cloud - Compute,i-04f95055dc616cd15
2026-07-07T00:00:00Z,2026-07-08T00:00:00Z,True,0.5175343529,Amazon Elastic Compute Cloud - Compute,i-04fe5317536cd3c1d
2026-07-07T00:00:00Z,2026-07-08T00:00:00Z,True,0.5760265118,Amazon Elastic Compute Cloud - Compute,i-05020f82e81ee35f8
2026-07-07T00:00:00Z,2026-07-08T00:00:00Z,True,7.3347318344,Amazon Elastic Compute Cloud - Compute,i-0508094760636cb9c
2026-07-07T00:00:00Z,2026-07-08T00:00:00Z,True,0.0739166136,Amazon Elastic Compute Cloud - Compute,i-052339da98d06719b
2026-07-07T00:00:00Z,2026-07-08T00:00:00Z,True,0.1604537267,Amazon Elastic Compute Cloud - Compute,i-052c00ff21b97d442
2026-07-07T00:00:00Z,2026-07-08T00:00:00Z,True,1.6868055456,Amazon Elastic Compute Cloud - Compute,i-05408260b368d5c6e
2026-07-07T00:00:00Z,2026-07-08T00:00:00Z,True,0.4816916215,Amazon Elastic Compute Cloud - Compute,i-054285d3e0fb10ff7
2026-07-07T00:00:00Z,2026-07-08T00:00:00Z,True,40.2514547914,Amazon Elastic Compute Cloud - Compute,i-055255e20e6f2e0ff
2026-07-07T00:00:00Z,2026-07-08T00:00:00Z,True,0.3372881921,Amazon Elastic Compute Cloud - Compute,i-055596ed4400db6cf
2026-07-07T00:00:00Z,2026-07-08T00:00:00Z,True,7.3316508742,Amazon Elastic Compute Cloud - Compute,i-057d0c85a513a6fcf
2026-07-07T00:00:00Z,2026-07-08T00:00:00Z,True,1.6271766994,Amazon Elastic Compute Cloud - Compute,i-057fa99da5b3ffceb
2026-07-07T00:00:00Z,2026-07-08T00:00:00Z,True,2.5334835828,Amazon Elastic Compute Cloud - Compute,i-05a02eaa77c219cf9
2026-07-07T00:00:00Z,2026-07-08T00:00:00Z,True,8.6209052124,Amazon Elastic Compute Cloud - Compute,i-05b17f73fdf083551
2026-07-07T00:00:00Z,2026-07-08T00:00:00Z,True,1.00279575,Amazon Elastic Compute Cloud - Compute,i-05e319f0f621a218c
2026-07-07T00:00:00Z,2026-07-08T00:00:00Z,True,2.5334835828,Amazon Elastic Compute Cloud - Compute,i-05e35e716f55eabb1
2026-07-07T00:00:00Z,2026-07-08T00:00:00Z,True,8.9514815907,Amazon Elastic Compute Cloud - Compute,i-05e624c178104adee
2026-07-07T00:00:00Z,2026-07-08T00:00:00Z,True,2.9163103554,Amazon Elastic Compute Cloud - Compute,i-05ea1550c7b0a7db3
2026-07-07T00:00:00Z,2026-07-08T00:00:00Z,True,0.6135137079,Amazon Elastic Compute Cloud - Compute,i-05f1863c3adfa16a7
2026-07-07T00:00:00Z,2026-07-08T00:00:00Z,True,0.5008269838,Amazon Elastic Compute Cloud - Compute,i-05f38a1eca3f932cf
2026-07-07T00:00:00Z,2026-07-08T00:00:00Z,True,5.1862786969,Amazon Elastic Compute Cloud - Compute,i-05ff4ff1b59266b4a
2026-07-07T00:00:00Z,2026-07-08T00:00:00Z,True,2.957077101,Amazon Elastic Compute Cloud - Compute,i-0619a9913f535d75b
2026-07-07T00:00:00Z,2026-07-08T00:00:00Z,True,1.2987894177,Amazon Elastic Compute Cloud - Compute,i-063b95e1113f24f73
2026-07-07T00:00:00Z,2026-07-08T00:00:00Z,True,0.765328063,Amazon Elastic Compute Cloud - Compute,i-063d5bb537300f47d
2026-07-07T00:00:00Z,2026-07-08T00:00:00Z,True,28.2528376684,Amazon Elastic Compute Cloud - Compute,i-063fba8956c0bb8f7
2026-07-07T00:00:00Z,2026-07-08T00:00:00Z,True,1.7346913737,Amazon Elastic Compute Cloud - Compute,i-06607ef8cad037e34
2026-07-07T00:00:00Z,2026-07-08T00:00:00Z,True,8.5629459624,Amazon Elastic Compute Cloud - Compute,i-066459ac1bdf2a1e1
2026-07-07T00:00:00Z,2026-07-08T00:00:00Z,True,1.760815284,Amazon Elastic Compute Cloud - Compute,i-06766e188f9d33106
2026-07-07T00:00:00Z,2026-07-08T00:00:00Z,True,0.4630236372,Amazon Elastic Compute Cloud - Compute,i-0677e379eb5776a2b
2026-07-07T00:00:00Z,2026-07-08T00:00:00Z,True,5.755616424,Amazon Elastic Compute Cloud - Compute,i-068b15229576bd8ca
2026-07-07T00:00:00Z,2026-07-08T00:00:00Z,True,0.8681262088,Amazon Elastic Compute Cloud - Compute,i-06930cf4f2bce21b9
2026-07-07T00:00:00Z,2026-07-08T00:00:00Z,True,0.075487122,Amazon Elastic Compute Cloud - Compute,i-06940617dae9625d9
2026-07-07T00:00:00Z,2026-07-08T00:00:00Z,True,0.4348043971,Amazon Elastic Compute Cloud - Compute,i-06a168c4bad7c2690
2026-07-07T00:00:00Z,2026-07-08T00:00:00Z,True,1.8461103031,Amazon Elastic Compute Cloud - Compute,i-06a430e47ed67130d
2026-07-07T00:00:00Z,2026-07-08T00:00:00Z,True,37.3412569074,Amazon Elastic Compute Cloud - Compute,i-06a86585113536834
2026-07-07T00:00:00Z,2026-07-08T00:00:00Z,True,0.4510782347,Amazon Elastic Compute Cloud - Compute,i-06aa720bf59b39a0e
2026-07-07T00:00:00Z,2026-07-08T00:00:00Z,True,7.850734304,Amazon Elastic Compute Cloud - Compute,i-06cd684803da24e31
2026-07-07T00:00:00Z,2026-07-08T00:00:00Z,True,5.245403576,Amazon Elastic Compute Cloud - Compute,i-06d393a9d74e67aa2
2026-07-07T00:00:00Z,2026-07-08T00:00:00Z,True,0.5207411372,Amazon Elastic Compute Cloud - Compute,i-06ddde484d6982d3b
2026-07-07T00:00:00Z,2026-07-08T00:00:00Z,True,9.04101745,Amazon Elastic Compute Cloud - Compute,i-06e429d2a68a0b1ec
2026-07-07T00:00:00Z,2026-07-08T00:00:00Z,True,0.4657769653,Amazon Elastic Compute Cloud - Compute,i-0704484784ac28c87
2026-07-07T00:00:00Z,2026-07-08T00:00:00Z,True,0.5726342978,Amazon Elastic Compute Cloud - Compute,i-07050a26b6332d3ee
2026-07-07T00:00:00Z,2026-07-08T00:00:00Z,True,1.5013212991,Amazon Elastic Compute Cloud - Compute,i-07085e1d046dc1aff
2026-07-07T00:00:00Z,2026-07-08T00:00:00Z,True,0.5083781694,Amazon Elastic Compute Cloud - Compute,i-07089d6a3a7eec154
2026-07-07T00:00:00Z,2026-07-08T00:00:00Z,True,1.8755789574,Amazon Elastic Compute Cloud - Compute,i-070b5a382d4c5c0c1
2026-07-07T00:00:00Z,2026-07-08T00:00:00Z,True,8.4362934093,Amazon Elastic Compute Cloud - Compute,i-0712d841cf7345477
2026-07-07T00:00:00Z,2026-07-08T00:00:00Z,True,0.5201308356,Amazon Elastic Compute Cloud - Compute,i-071c8db3aa9a521a5
2026-07-07T00:00:00Z,2026-07-08T00:00:00Z,True,4.9522933407,Amazon Elastic Compute Cloud - Compute,i-0723a67102cf5a2f8
2026-07-07T00:00:00Z,2026-07-08T00:00:00Z,True,0.3159002112,Amazon Elastic Compute Cloud - Compute,i-0724b5763c94f12fa
2026-07-07T00:00:00Z,2026-07-08T00:00:00Z,True,1.9598804469,Amazon Elastic Compute Cloud - Compute,i-07377c966ec3a1fbc
2026-07-07T00:00:00Z,2026-07-08T00:00:00Z,True,1.7629350273,Amazon Elastic Compute Cloud - Compute,i-074238076bc0ebcef
2026-07-07T00:00:00Z,2026-07-08T00:00:00Z,True,11.791088298,Amazon Elastic Compute Cloud - Compute,i-075a6f4bb3797c051
2026-07-07T00:00:00Z,2026-07-08T00:00:00Z,True,7.0234597009,Amazon Elastic Compute Cloud - Compute,i-075f97b0fb5f0063d
2026-07-07T00:00:00Z,2026-07-08T00:00:00Z,True,145.5673572022,Amazon Elastic Compute Cloud - Compute,i-076ca0c42f764c030
2026-07-07T00:00:00Z,2026-07-08T00:00:00Z,True,1.4154393292,Amazon Elastic Compute Cloud - Compute,i-07988cbba52741799
2026-07-07T00:00:00Z,2026-07-08T00:00:00Z,True,3.7514e-06,Amazon Elastic Compute Cloud - Compute,i-07b7d8622cdd37f36
2026-07-07T00:00:00Z,2026-07-08T00:00:00Z,True,0.4763561406,Amazon Elastic Compute Cloud - Compute,i-07bb1e78bd46754b0
2026-07-07T00:00:00Z,2026-07-08T00:00:00Z,True,0.8385385157,Amazon Elastic Compute Cloud - Compute,i-07cdccfd96e09fa81
2026-07-07T00:00:00Z,2026-07-08T00:00:00Z,True,33.2801350492,Amazon Elastic Compute Cloud - Compute,i-07da935fb15557038
2026-07-07T00:00:00Z,2026-07-08T00:00:00Z,True,7.9774468278,Amazon Elastic Compute Cloud - Compute,i-07df3a933e4839f52
2026-07-07T00:00:00Z,2026-07-08T00:00:00Z,True,0.4401113556,Amazon Elastic Compute Cloud - Compute,i-07e4318c5751e7f14
2026-07-07T00:00:00Z,2026-07-08T00:00:00Z,True,6.6642948742,Amazon Elastic Compute Cloud - Compute,i-0800c49bd62788bed
2026-07-07T00:00:00Z,2026-07-08T00:00:00Z,True,2.5218836012,Amazon Elastic Compute Cloud - Compute,i-0807306a0a3027d46
2026-07-07T00:00:00Z,2026-07-08T00:00:00Z,True,1.0035218081,Amazon Elastic Compute Cloud - Compute,i-080eb169fc595d8d5
2026-07-07T00:00:00Z,2026-07-08T00:00:00Z,True,0.4466811444,Amazon Elastic Compute Cloud - Compute,i-0819eaa93908fea47
2026-07-07T00:00:00Z,2026-07-08T00:00:00Z,True,12.0734450265,Amazon Elastic Compute Cloud - Compute,i-0838b62f74641bf08
2026-07-07T00:00:00Z,2026-07-08T00:00:00Z,True,0.8035536133,Amazon Elastic Compute Cloud - Compute,i-0850649aaa3fc369c
2026-07-07T00:00:00Z,2026-07-08T00:00:00Z,True,0.9904157153,Amazon Elastic Compute Cloud - Compute,i-0873f5b831c9a5c09
2026-07-07T00:00:00Z,2026-07-08T00:00:00Z,True,3.2345863147,Amazon Elastic Compute Cloud - Compute,i-0875d74a342509650
2026-07-07T00:00:00Z,2026-07-08T00:00:00Z,True,26.8468142992,Amazon Elastic Compute Cloud - Compute,i-08947c710c89d9c83
2026-07-07T00:00:00Z,2026-07-08T00:00:00Z,True,0.2016,Amazon Elastic Compute Cloud - Compute,i-089b87fc6d966ec03
2026-07-07T00:00:00Z,2026-07-08T00:00:00Z,True,1.3243156209,Amazon Elastic Compute Cloud - Compute,i-08a928523b75bf605
2026-07-07T00:00:00Z,2026-07-08T00:00:00Z,True,28.119739101,Amazon Elastic Compute Cloud - Compute,i-08c6c36bc885fd8da
2026-07-07T00:00:00Z,2026-07-08T00:00:00Z,True,5.1862786969,Amazon Elastic Compute Cloud - Compute,i-08caafc17155dc0cd
2026-07-07T00:00:00Z,2026-07-08T00:00:00Z,True,0.5499030477,Amazon Elastic Compute Cloud - Compute,i-08cf09c64c8c4b668
2026-07-07T00:00:00Z,2026-07-08T00:00:00Z,True,19.3527041837,Amazon Elastic Compute Cloud - Compute,i-08cf1a3afaa8c3cd1
2026-07-07T00:00:00Z,2026-07-08T00:00:00Z,True,1.7044347124,Amazon Elastic Compute Cloud - Compute,i-08d1e57dcb657d542
2026-07-07T00:00:00Z,2026-07-08T00:00:00Z,True,4.3338412842,Amazon Elastic Compute Cloud - Compute,i-08d326f7a242e4118
2026-07-07T00:00:00Z,2026-07-08T00:00:00Z,True,34.4543647552,Amazon Elastic Compute Cloud - Compute,i-08f3a111eba2c1dfa
2026-07-07T00:00:00Z,2026-07-08T00:00:00Z,True,0.6793844454,Amazon Elastic Compute Cloud - Compute,i-090f97c23a4599817
2026-07-07T00:00:00Z,2026-07-08T00:00:00Z,True,2.6014537914,Amazon Elastic Compute Cloud - Compute,i-091bcf94b200d79d3
2026-07-07T00:00:00Z,2026-07-08T00:00:00Z,True,0.758428636,Amazon Elastic Compute Cloud - Compute,i-0921f4daf54ddb77b
2026-07-07T00:00:00Z,2026-07-08T00:00:00Z,True,1.2618040386,Amazon Elastic Compute Cloud - Compute,i-09437008ef6e1997f
2026-07-07T00:00:00Z,2026-07-08T00:00:00Z,True,2.6076268344,Amazon Elastic Compute Cloud - Compute,i-0953dd4942ba1a084
2026-07-07T00:00:00Z,2026-07-08T00:00:00Z,True,0.4225250855,Amazon Elastic Compute Cloud - Compute,i-0955a6555fe710e27
2026-07-07T00:00:00Z,2026-07-08T00:00:00Z,True,10.2117024735,Amazon Elastic Compute Cloud - Compute,i-095d444bbf1f31436
2026-07-07T00:00:00Z,2026-07-08T00:00:00Z,True,0.7526441053,Amazon Elastic Compute Cloud - Compute,i-095f825daaaee5078
2026-07-07T00:00:00Z,2026-07-08T00:00:00Z,True,3.2930174371,Amazon Elastic Compute Cloud - Compute,i-0968db5d847fd8d7c
2026-07-07T00:00:00Z,2026-07-08T00:00:00Z,True,9.3925250265,Amazon Elastic Compute Cloud - Compute,i-096cebc9143d61418
2026-07-07T00:00:00Z,2026-07-08T00:00:00Z,True,34.0658170622,Amazon Elastic Compute Cloud - Compute,i-097a3ea319554f9c4
2026-07-07T00:00:00Z,2026-07-08T00:00:00Z,True,5.1433502124,Amazon Elastic Compute Cloud - Compute,i-09950dec7826cf988
2026-07-07T00:00:00Z,2026-07-08T00:00:00Z,True,7.6570583407,Amazon Elastic Compute Cloud - Compute,i-0997e703ff9e2e780
2026-07-07T00:00:00Z,2026-07-08T00:00:00Z,True,0.3368424728,Amazon Elastic Compute Cloud - Compute,i-09a76f370d76f6c58
2026-07-07T00:00:00Z,2026-07-08T00:00:00Z,True,1.8022946225,Amazon Elastic Compute Cloud - Compute,i-09acf5ca63f63a834
2026-07-07T00:00:00Z,2026-07-08T00:00:00Z,True,0.5995239626,Amazon Elastic Compute Cloud - Compute,i-09b1f4a10d9a394eb
2026-07-07T00:00:00Z,2026-07-08T00:00:00Z,True,4.3414355278,Amazon Elastic Compute Cloud - Compute,i-09b733b2144baa525
2026-07-07T00:00:00Z,2026-07-08T00:00:00Z,True,0.5277424698,Amazon Elastic Compute Cloud - Compute,i-09b755fb97e674b27
2026-07-07T00:00:00Z,2026-07-08T00:00:00Z,True,2.7404862914,Amazon Elastic Compute Cloud - Compute,i-09d67dba0830a7110
2026-07-07T00:00:00Z,2026-07-08T00:00:00Z,True,1.611981074,Amazon Elastic Compute Cloud - Compute,i-09e82af1df926824f
2026-07-07T00:00:00Z,2026-07-08T00:00:00Z,True,0.4992,Amazon Elastic Compute Cloud - Compute,i-09f66b3f11ea42c60
2026-07-07T00:00:00Z,2026-07-08T00:00:00Z,True,33.0332889521,Amazon Elastic Compute Cloud - Compute,i-09fbf7c3e6149bb09
2026-07-07T00:00:00Z,2026-07-08T00:00:00Z,True,0.6130259755,Amazon Elastic Compute Cloud - Compute,i-0a05928614a463d8f
2026-07-07T00:00:00Z,2026-07-08T00:00:00Z,True,0.6882521484,Amazon Elastic Compute Cloud - Compute,i-0a0b5d10a37ba5460
2026-07-07T00:00:00Z,2026-07-08T00:00:00Z,True,4.7891496438,Amazon Elastic Compute Cloud - Compute,i-0a0daab97296aafbe
2026-07-07T00:00:00Z,2026-07-08T00:00:00Z,True,135.9412511592,Amazon Elastic Compute Cloud - Compute,i-0a0f54e02be178d4c
2026-07-07T00:00:00Z,2026-07-08T00:00:00Z,True,1.769456424,Amazon Elastic Compute Cloud - Compute,i-0a17086d33ada7b59
2026-07-07T00:00:00Z,2026-07-08T00:00:00Z,True,0.6646945766,Amazon Elastic Compute Cloud - Compute,i-0a19a3154a937ec64
2026-07-07T00:00:00Z,2026-07-08T00:00:00Z,True,0.5545328735,Amazon Elastic Compute Cloud - Compute,i-0a1aaad2b3c7cb5d6
2026-07-07T00:00:00Z,2026-07-08T00:00:00Z,True,0.9118742166,Amazon Elastic Compute Cloud - Compute,i-0a22b49c5bf627fee
2026-07-07T00:00:00Z,2026-07-08T00:00:00Z,True,7.602150798,Amazon Elastic Compute Cloud - Compute,i-0a313c3194c043c2a
