start,end,estimated,cost_usd,service,usage_type
2026-06-01,2026-07-01,False,0.0,AWS CloudFormation,USE1-Resource-Operation-Count
2026-06-01,2026-07-01,False,0.0,AWS CloudFormation,USW2-Resource-Operation-Count
2026-06-01,2026-07-01,False,0.0,AWS CloudTrail,AFS1-FreeEventsRecorded
2026-06-01,2026-07-01,False,0.0,AWS CloudTrail,APE1-FreeEventsRecorded
2026-06-01,2026-07-01,False,0.0,AWS CloudTrail,APN1-FreeEventsRecorded
2026-06-01,2026-07-01,False,0.0,AWS CloudTrail,APN2-FreeEventsRecorded
2026-06-01,2026-07-01,False,0.0,AWS CloudTrail,APN3-FreeEventsRecorded
2026-06-01,2026-07-01,False,0.0,AWS CloudTrail,APS1-FreeEventsRecorded
2026-06-01,2026-07-01,False,0.0,AWS CloudTrail,APS2-FreeEventsRecorded
2026-06-01,2026-07-01,False,0.0,AWS CloudTrail,APS3-FreeEventsRecorded
2026-06-01,2026-07-01,False,0.0,AWS CloudTrail,APS4-FreeEventsRecorded
2026-06-01,2026-07-01,False,0.0,AWS CloudTrail,APS5-FreeEventsRecorded
2026-06-01,2026-07-01,False,0.0,AWS CloudTrail,CAN1-FreeEventsRecorded
2026-06-01,2026-07-01,False,0.0,AWS CloudTrail,EU-FreeEventsRecorded
2026-06-01,2026-07-01,False,0.0,AWS CloudTrail,EUC1-FreeEventsRecorded
2026-06-01,2026-07-01,False,0.0,AWS CloudTrail,EUN1-FreeEventsRecorded
2026-06-01,2026-07-01,False,0.0,AWS CloudTrail,EUW2-FreeEventsRecorded
2026-06-01,2026-07-01,False,0.0,AWS CloudTrail,EUW3-FreeEventsRecorded
2026-06-01,2026-07-01,False,0.0,AWS CloudTrail,SAE1-FreeEventsRecorded
2026-06-01,2026-07-01,False,0.0,AWS CloudTrail,USE1-FreeEventsRecorded
2026-06-01,2026-07-01,False,0.0,AWS CloudTrail,USE2-FreeEventsRecorded
2026-06-01,2026-07-01,False,0.0,AWS CloudTrail,USW1-FreeEventsRecorded
2026-06-01,2026-07-01,False,253.360871,AWS CloudTrail,USW2-DataEventsRecorded
2026-06-01,2026-07-01,False,0.0,AWS CloudTrail,USW2-FreeEventsRecorded
2026-06-01,2026-07-01,False,383.56,AWS Cost Explorer,USE1-APIRequest
2026-06-01,2026-07-01,False,3.2677981398,AWS Cost Explorer,USE1-CostDataStorage
2026-06-01,2026-07-01,False,0.0,AWS Glue,AFS1-Catalog-Request
2026-06-01,2026-07-01,False,0.0,AWS Glue,APE1-Catalog-Request
2026-06-01,2026-07-01,False,0.0,AWS Glue,APN1-Catalog-Request
2026-06-01,2026-07-01,False,0.0,AWS Glue,APN2-Catalog-Request
2026-06-01,2026-07-01,False,0.0,AWS Glue,APN3-Catalog-Request
2026-06-01,2026-07-01,False,0.0,AWS Glue,APS1-Catalog-Request
2026-06-01,2026-07-01,False,0.0,AWS Glue,APS2-Catalog-Request
2026-06-01,2026-07-01,False,0.0,AWS Glue,APS3-Catalog-Request
2026-06-01,2026-07-01,False,0.0,AWS Glue,APS4-Catalog-Request
2026-06-01,2026-07-01,False,0.0,AWS Glue,APS5-Catalog-Request
2026-06-01,2026-07-01,False,0.0,AWS Glue,CAN1-Catalog-Request
2026-06-01,2026-07-01,False,0.0,AWS Glue,EU-Catalog-Request
2026-06-01,2026-07-01,False,0.0,AWS Glue,EUC1-Catalog-Request
2026-06-01,2026-07-01,False,0.0,AWS Glue,EUN1-Catalog-Request
2026-06-01,2026-07-01,False,0.0,AWS Glue,EUW2-Catalog-Request
2026-06-01,2026-07-01,False,0.0,AWS Glue,EUW3-Catalog-Request
2026-06-01,2026-07-01,False,0.0,AWS Glue,SAE1-Catalog-Request
2026-06-01,2026-07-01,False,0.0,AWS Glue,USE1-Catalog-Request
2026-06-01,2026-07-01,False,0.0,AWS Glue,USE2-Catalog-Request
2026-06-01,2026-07-01,False,0.0,AWS Glue,USW1-Catalog-Request
2026-06-01,2026-07-01,False,0.0,AWS Glue,USW2-Catalog-Request
2026-06-01,2026-07-01,False,0.00042,AWS Key Management Service,af-south-1-KMS-Requests
2026-06-01,2026-07-01,False,0.000417,AWS Key Management Service,ap-east-1-KMS-Requests
2026-06-01,2026-07-01,False,0.000735,AWS Key Management Service,ap-northeast-1-KMS-Requests
2026-06-01,2026-07-01,False,0.000735,AWS Key Management Service,ap-northeast-2-KMS-Requests
2026-06-01,2026-07-01,False,0.000744,AWS Key Management Service,ap-northeast-3-KMS-Requests
2026-06-01,2026-07-01,False,0.001884,AWS Key Management Service,ap-south-1-KMS-Requests
2026-06-01,2026-07-01,False,0.000417,AWS Key Management Service,ap-south-2-KMS-Requests
2026-06-01,2026-07-01,False,0.000753,AWS Key Management Service,ap-southeast-1-KMS-Requests
2026-06-01,2026-07-01,False,0.000735,AWS Key Management Service,ap-southeast-2-KMS-Requests
2026-06-01,2026-07-01,False,0.000417,AWS Key Management Service,ap-southeast-3-KMS-Requests
2026-06-01,2026-07-01,False,0.000732,AWS Key Management Service,ca-central-1-KMS-Requests
2026-06-01,2026-07-01,False,0.001884,AWS Key Management Service,eu-central-1-KMS-Requests
2026-06-01,2026-07-01,False,0.000735,AWS Key Management Service,eu-north-1-KMS-Requests
2026-06-01,2026-07-01,False,0.000735,AWS Key Management Service,eu-west-1-KMS-Requests
2026-06-01,2026-07-01,False,0.000735,AWS Key Management Service,eu-west-2-KMS-Requests
2026-06-01,2026-07-01,False,0.000747,AWS Key Management Service,eu-west-3-KMS-Requests
2026-06-01,2026-07-01,False,0.000753,AWS Key Management Service,sa-east-1-KMS-Requests
2026-06-01,2026-07-01,False,0.9972222302,AWS Key Management Service,us-east-1-KMS-Keys
2026-06-01,2026-07-01,False,0.01131,AWS Key Management Service,us-east-1-KMS-Requests
2026-06-01,2026-07-01,False,0.000735,AWS Key Management Service,us-east-2-KMS-Requests
2026-06-01,2026-07-01,False,0.000741,AWS Key Management Service,us-west-1-KMS-Requests
2026-06-01,2026-07-01,False,3.000000024,AWS Key Management Service,us-west-2-KMS-Keys
2026-06-01,2026-07-01,False,3.192216,AWS Key Management Service,us-west-2-KMS-Requests
2026-06-01,2026-07-01,False,0.0,AWS Lambda,USW2-Lambda-GB-Second
2026-06-01,2026-07-01,False,0.0,AWS Lambda,USW2-Request
2026-06-01,2026-07-01,False,0.0,AWS Lambda,USW2-USE1-AWS-In-Bytes
2026-06-01,2026-07-01,False,7.3937e-06,AWS Lambda,USW2-USE1-AWS-Out-Bytes
2026-06-01,2026-07-01,False,0.00073,AWS Secrets Manager,AFS1-AWSSecretsManagerAPIRequest
2026-06-01,2026-07-01,False,0.00073,AWS Secrets Manager,APE1-AWSSecretsManagerAPIRequest
2026-06-01,2026-07-01,False,0.0012,AWS Secrets Manager,APN1-AWSSecretsManagerAPIRequest
2026-06-01,2026-07-01,False,0.0012,AWS Secrets Manager,APN2-AWSSecretsManagerAPIRequest
2026-06-01,2026-07-01,False,0.00124,AWS Secrets Manager,APN3-AWSSecretsManagerAPIRequest
2026-06-01,2026-07-01,False,0.00126,AWS Secrets Manager,APS1-AWSSecretsManagerAPIRequest
2026-06-01,2026-07-01,False,0.0012,AWS Secrets Manager,APS2-AWSSecretsManagerAPIRequest
2026-06-01,2026-07-01,False,0.0012,AWS Secrets Manager,APS3-AWSSecretsManagerAPIRequest
2026-06-01,2026-07-01,False,0.00073,AWS Secrets Manager,APS4-AWSSecretsManagerAPIRequest
2026-06-01,2026-07-01,False,0.00072,AWS Secrets Manager,APS5-AWSSecretsManagerAPIRequest
2026-06-01,2026-07-01,False,0.0012,AWS Secrets Manager,CAN1-AWSSecretsManagerAPIRequest
2026-06-01,2026-07-01,False,0.0012,AWS Secrets Manager,EU-AWSSecretsManager-APIRequests
2026-06-01,2026-07-01,False,0.0012,AWS Secrets Manager,EUC1-AWSSecretsManagerAPIRequest
2026-06-01,2026-07-01,False,0.0012,AWS Secrets Manager,EUN1-AWSSecretsManagerAPIRequest
2026-06-01,2026-07-01,False,0.0012,AWS Secrets Manager,EUW2-AWSSecretsManagerAPIRequest
2026-06-01,2026-07-01,False,0.00124,AWS Secrets Manager,EUW3-AWSSecretsManagerAPIRequest
2026-06-01,2026-07-01,False,0.00126,AWS Secrets Manager,SAE1-AWSSecretsManagerAPIRequest
2026-06-01,2026-07-01,False,3.0227714294,AWS Secrets Manager,USE1-AWSSecretsManager-Secrets
2026-06-01,2026-07-01,False,0.017865,AWS Secrets Manager,USE1-AWSSecretsManagerAPIRequest
2026-06-01,2026-07-01,False,0.0012,AWS Secrets Manager,USE2-AWSSecretsManagerAPIRequest
2026-06-01,2026-07-01,False,0.00122,AWS Secrets Manager,USW1-AWSSecretsManagerAPIRequest
2026-06-01,2026-07-01,False,5.7497893012,AWS Secrets Manager,USW2-AWSSecretsManager-Secrets
2026-06-01,2026-07-01,False,0.011095,AWS Secrets Manager,USW2-AWSSecretsManagerAPIRequest
2026-06-01,2026-07-01,False,1.17789,AWS Security Hub,AFS1-EventsAnalyzed
2026-06-01,2026-07-01,False,0.0,AWS Security Hub,AFS1-SecurityHubProduct:FreeFindingsIngestion
2026-06-01,2026-07-01,False,1.22661264,AWS Security Hub,APE1-EventsAnalyzed
2026-06-01,2026-07-01,False,0.0,AWS Security Hub,APE1-SecurityHubProduct:FreeFindingsIngestion
2026-06-01,2026-07-01,False,0.9871172,AWS Security Hub,APN1-EventsAnalyzed
2026-06-01,2026-07-01,False,0.12,AWS Security Hub,APN1-PaidComplianceCheck
2026-06-01,2026-07-01,False,0.0,AWS Security Hub,APN1-SecurityHubProduct:FreeFindingsIngestion
2026-06-01,2026-07-01,False,0.9620808,AWS Security Hub,APN2-EventsAnalyzed
2026-06-01,2026-07-01,False,0.12,AWS Security Hub,APN2-PaidComplianceCheck
2026-06-01,2026-07-01,False,0.0,AWS Security Hub,APN2-SecurityHubProduct:FreeFindingsIngestion
2026-06-01,2026-07-01,False,1.064075,AWS Security Hub,APN3-EventsAnalyzed
2026-06-01,2026-07-01,False,0.12,AWS Security Hub,APN3-PaidComplianceCheck
2026-06-01,2026-07-01,False,0.0,AWS Security Hub,APN3-SecurityHubProduct:FreeFindingsIngestion
2026-06-01,2026-07-01,False,0.9982276,AWS Security Hub,APS1-EventsAnalyzed
2026-06-01,2026-07-01,False,0.12,AWS Security Hub,APS1-PaidComplianceCheck
2026-06-01,2026-07-01,False,0.0,AWS Security Hub,APS1-SecurityHubProduct:FreeFindingsIngestion
2026-06-01,2026-07-01,False,0.962021,AWS Security Hub,APS2-EventsAnalyzed
2026-06-01,2026-07-01,False,0.121,AWS Security Hub,APS2-PaidComplianceCheck
2026-06-01,2026-07-01,False,0.0,AWS Security Hub,APS2-SecurityHubProduct:FreeFindingsIngestion
2026-06-01,2026-07-01,False,3.1882488,AWS Security Hub,APS3-EventsAnalyzed
2026-06-01,2026-07-01,False,0.00031581,AWS Security Hub,APS3-LogsAnalyzedBytes
2026-06-01,2026-07-01,False,0.12,AWS Security Hub,APS3-PaidComplianceCheck
2026-06-01,2026-07-01,False,0.0,AWS Security Hub,APS3-SecurityHubProduct:FreeFindingsIngestion
2026-06-01,2026-07-01,False,1.0629266,AWS Security Hub,APS4-EventsAnalyzed
2026-06-01,2026-07-01,False,0.0,AWS Security Hub,APS4-SecurityHubProduct:FreeFindingsIngestion
2026-06-01,2026-07-01,False,0.946242,AWS Security Hub,APS5-EventsAnalyzed
2026-06-01,2026-07-01,False,0.0,AWS Security Hub,APS5-SecurityHubProduct:FreeFindingsIngestion
2026-06-01,2026-07-01,False,0.9613816,AWS Security Hub,CAN1-EventsAnalyzed
2026-06-01,2026-07-01,False,0.12,AWS Security Hub,CAN1-PaidComplianceCheck
2026-06-01,2026-07-01,False,0.0,AWS Security Hub,CAN1-SecurityHubProduct:FreeFindingsIngestion
2026-06-01,2026-07-01,False,0.9201764,AWS Security Hub,EU-EventsAnalyzed
2026-06-01,2026-07-01,False,0.12,AWS Security Hub,EU-PaidComplianceCheck
2026-06-01,2026-07-01,False,0.0,AWS Security Hub,EU-SecurityHubProduct:FreeFindingsIngestion
2026-06-01,2026-07-01,False,3.3042536,AWS Security Hub,EUC1-EventsAnalyzed
2026-06-01,2026-07-01,False,0.00054516,AWS Security Hub,EUC1-LogsAnalyzedBytes
2026-06-01,2026-07-01,False,0.12,AWS Security Hub,EUC1-PaidComplianceCheck
2026-06-01,2026-07-01,False,0.0,AWS Security Hub,EUC1-SecurityHubProduct:FreeFindingsIngestion
2026-06-01,2026-07-01,False,0.8774388,AWS Security Hub,EUN1-EventsAnalyzed
2026-06-01,2026-07-01,False,0.12,AWS Security Hub,EUN1-PaidComplianceCheck
2026-06-01,2026-07-01,False,0.0,AWS Security Hub,EUN1-SecurityHubProduct:FreeFindingsIngestion
2026-06-01,2026-07-01,False,0.9193536,AWS Security Hub,EUW2-EventsAnalyzed
2026-06-01,2026-07-01,False,0.12,AWS Security Hub,EUW2-PaidComplianceCheck
2026-06-01,2026-07-01,False,0.0,AWS Security Hub,EUW2-SecurityHubProduct:FreeFindingsIngestion
2026-06-01,2026-07-01,False,0.9450628,AWS Security Hub,EUW3-EventsAnalyzed
2026-06-01,2026-07-01,False,0.12,AWS Security Hub,EUW3-PaidComplianceCheck
2026-06-01,2026-07-01,False,0.0,AWS Security Hub,EUW3-SecurityHubProduct:FreeFindingsIngestion
2026-06-01,2026-07-01,False,2.59420752,AWS Security Hub,Global-MonitoredIAMRole
2026-06-01,2026-07-01,False,0.46903752,AWS Security Hub,Global-MonitoredIAMUser
2026-06-01,2026-07-01,False,1.519301,AWS Security Hub,SAE1-EventsAnalyzed
2026-06-01,2026-07-01,False,0.12,AWS Security Hub,SAE1-PaidComplianceCheck
2026-06-01,2026-07-01,False,0.0,AWS Security Hub,SAE1-SecurityHubProduct:FreeFindingsIngestion
2026-06-01,2026-07-01,False,10.006788,AWS Security Hub,USE1-EventsAnalyzed
2026-06-01,2026-07-01,False,0.8210939803,AWS Security Hub,USE1-LogsAnalyzedBytes
2026-06-01,2026-07-01,False,19.6004832,AWS Security Hub,USE1-MonitoredContainerImage
2026-06-01,2026-07-01,False,28.724173883,AWS Security Hub,USE1-MonitoredEC2
2026-06-01,2026-07-01,False,0.0,AWS Security Hub,USE1-OtherProduct:PaidFindingsIngestion
2026-06-01,2026-07-01,False,0.12,AWS Security Hub,USE1-PaidComplianceCheck
2026-06-01,2026-07-01,False,0.0,AWS Security Hub,USE1-SecurityHubProduct:FreeFindingsIngestion
2026-06-01,2026-07-01,False,2.868068,AWS Security Hub,USE2-EventsAnalyzed
2026-06-01,2026-07-01,False,6.6e-06,AWS Security Hub,USE2-LogsAnalyzedBytes
2026-06-01,2026-07-01,False,0.121,AWS Security Hub,USE2-PaidComplianceCheck
2026-06-01,2026-07-01,False,0.0,AWS Security Hub,USE2-SecurityHubProduct:FreeFindingsIngestion
2026-06-01,2026-07-01,False,0.935176,AWS Security Hub,USW1-EventsAnalyzed
2026-06-01,2026-07-01,False,0.12,AWS Security Hub,USW1-PaidComplianceCheck
2026-06-01,2026-07-01,False,0.0,AWS Security Hub,USW1-SecurityHubProduct:FreeFindingsIngestion
2026-06-01,2026-07-01,False,128.740564,AWS Security Hub,USW2-EventsAnalyzed
2026-06-01,2026-07-01,False,0.0,AWS Security Hub,USW2-FreeComplianceCheck
2026-06-01,2026-07-01,False,130.783503125,AWS Security Hub,USW2-LogsAnalyzedBytes
2026-06-01,2026-07-01,False,11.321328,AWS Security Hub,USW2-MonitoredContainerImage
2026-06-01,2026-07-01,False,68.4436684321,AWS Security Hub,USW2-MonitoredEC2
2026-06-01,2026-07-01,False,1.24992,AWS Security Hub,USW2-MonitoredFunction
2026-06-01,2026-07-01,False,1.8,AWS Security Hub,USW2-MonitoredFunctionCode
2026-06-01,2026-07-01,False,0.409,AWS Security Hub,USW2-PaidComplianceCheck
2026-06-01,2026-07-01,False,0.0,AWS Security Hub,USW2-SecurityHubProduct:FreeFindingsIngestion
2026-06-01,2026-07-01,False,0.0,AWS Service Catalog,AFS1-SC-API-Calls
2026-06-01,2026-07-01,False,0.0,AWS Service Catalog,APE1-SC-API-Calls
2026-06-01,2026-07-01,False,0.0,AWS Service Catalog,APN1-SC-API-Calls
2026-06-01,2026-07-01,False,0.0,AWS Service Catalog,APN2-SC-API-Calls
2026-06-01,2026-07-01,False,0.0,AWS Service Catalog,APN3-SC-API-Calls
2026-06-01,2026-07-01,False,0.0,AWS Service Catalog,APS1-SC-API-Calls
2026-06-01,2026-07-01,False,0.0,AWS Service Catalog,APS2-SC-API-Calls
2026-06-01,2026-07-01,False,0.0,AWS Service Catalog,APS3-SC-API-Calls
2026-06-01,2026-07-01,False,0.0,AWS Service Catalog,APS4-SC-API-Calls
2026-06-01,2026-07-01,False,0.0,AWS Service Catalog,APS5-SC-API-Calls
2026-06-01,2026-07-01,False,0.0,AWS Service Catalog,CAN1-SC-API-Calls
2026-06-01,2026-07-01,False,0.0,AWS Service Catalog,EU-SC-API-Calls
2026-06-01,2026-07-01,False,0.0,AWS Service Catalog,EUC1-SC-API-Calls
2026-06-01,2026-07-01,False,0.0,AWS Service Catalog,EUN1-SC-API-Calls
2026-06-01,2026-07-01,False,0.0,AWS Service Catalog,EUW2-SC-API-Calls
2026-06-01,2026-07-01,False,0.0,AWS Service Catalog,EUW3-SC-API-Calls
2026-06-01,2026-07-01,False,0.0,AWS Service Catalog,SAE1-SC-API-Calls
2026-06-01,2026-07-01,False,0.0,AWS Service Catalog,USE1-SC-API-Calls
2026-06-01,2026-07-01,False,0.0,AWS Service Catalog,USE2-SC-API-Calls
2026-06-01,2026-07-01,False,0.0,AWS Service Catalog,USW1-SC-API-Calls
2026-06-01,2026-07-01,False,0.0,AWS Service Catalog,USW2-SC-API-Calls
2026-06-01,2026-07-01,False,0.0,AWS Step Functions,AFS1-USW2-AWS-In-Bytes
2026-06-01,2026-07-01,False,8.1e-08,AWS Step Functions,AFS1-USW2-AWS-Out-Bytes
2026-06-01,2026-07-01,False,0.0,AWS Step Functions,APE1-USW2-AWS-In-Bytes
2026-06-01,2026-07-01,False,5.1e-08,AWS Step Functions,APE1-USW2-AWS-Out-Bytes
2026-06-01,2026-07-01,False,0.0,AWS Step Functions,APN1-USW2-AWS-In-Bytes
2026-06-01,2026-07-01,False,2.04e-07,AWS Step Functions,APN1-USW2-AWS-Out-Bytes
2026-06-01,2026-07-01,False,0.0,AWS Step Functions,APN2-USW2-AWS-In-Bytes
2026-06-01,2026-07-01,False,1.8e-07,AWS Step Functions,APN2-USW2-AWS-Out-Bytes
2026-06-01,2026-07-01,False,0.0,AWS Step Functions,APN3-USW2-AWS-In-Bytes
2026-06-01,2026-07-01,False,2.04e-07,AWS Step Functions,APN3-USW2-AWS-Out-Bytes
2026-06-01,2026-07-01,False,0.0,AWS Step Functions,APS1-USW2-AWS-In-Bytes
2026-06-01,2026-07-01,False,2.04e-07,AWS Step Functions,APS1-USW2-AWS-Out-Bytes
2026-06-01,2026-07-01,False,0.0,AWS Step Functions,APS2-USW2-AWS-In-Bytes
2026-06-01,2026-07-01,False,2.16e-07,AWS Step Functions,APS2-USW2-AWS-Out-Bytes
2026-06-01,2026-07-01,False,0.0,AWS Step Functions,APS3-USW2-AWS-In-Bytes
2026-06-01,2026-07-01,False,1.92e-07,AWS Step Functions,APS3-USW2-AWS-Out-Bytes
2026-06-01,2026-07-01,False,0.0,AWS Step Functions,APS4-USW2-AWS-In-Bytes
2026-06-01,2026-07-01,False,5.7e-08,AWS Step Functions,APS4-USW2-AWS-Out-Bytes
2026-06-01,2026-07-01,False,0.0,AWS Step Functions,APS5-USW2-AWS-In-Bytes
2026-06-01,2026-07-01,False,4.8e-08,AWS Step Functions,APS5-USW2-AWS-Out-Bytes
2026-06-01,2026-07-01,False,0.0,AWS Step Functions,CAN1-USW2-AWS-In-Bytes
2026-06-01,2026-07-01,False,4.8e-08,AWS Step Functions,CAN1-USW2-AWS-Out-Bytes
2026-06-01,2026-07-01,False,0.0,AWS Step Functions,DataTransfer-In-Bytes
2026-06-01,2026-07-01,False,1.13e-08,AWS Step Functions,DataTransfer-Out-Bytes
2026-06-01,2026-07-01,False,0.0,AWS Step Functions,EU-USW2-AWS-In-Bytes
2026-06-01,2026-07-01,False,4.8e-08,AWS Step Functions,EU-USW2-AWS-Out-Bytes
2026-06-01,2026-07-01,False,0.0,AWS Step Functions,EUC1-USW2-AWS-In-Bytes
2026-06-01,2026-07-01,False,4.8e-08,AWS Step Functions,EUC1-USW2-AWS-Out-Bytes
2026-06-01,2026-07-01,False,0.0,AWS Step Functions,EUN1-USW2-AWS-In-Bytes
2026-06-01,2026-07-01,False,4.8e-08,AWS Step Functions,EUN1-USW2-AWS-Out-Bytes
2026-06-01,2026-07-01,False,0.0,AWS Step Functions,EUW2-USW2-AWS-In-Bytes
2026-06-01,2026-07-01,False,4.8e-08,AWS Step Functions,EUW2-USW2-AWS-Out-Bytes
2026-06-01,2026-07-01,False,0.0,AWS Step Functions,EUW3-USW2-AWS-In-Bytes
2026-06-01,2026-07-01,False,4.8e-08,AWS Step Functions,EUW3-USW2-AWS-Out-Bytes
2026-06-01,2026-07-01,False,0.0,AWS Step Functions,SAE1-USW2-AWS-In-Bytes
2026-06-01,2026-07-01,False,3.12e-07,AWS Step Functions,SAE1-USW2-AWS-Out-Bytes
2026-06-01,2026-07-01,False,0.0,AWS Step Functions,USE1-USW2-AWS-In-Bytes
2026-06-01,2026-07-01,False,4.8e-08,AWS Step Functions,USE1-USW2-AWS-Out-Bytes
2026-06-01,2026-07-01,False,0.0,AWS Step Functions,USE2-USW2-AWS-In-Bytes
2026-06-01,2026-07-01,False,4.8e-08,AWS Step Functions,USE2-USW2-AWS-Out-Bytes
2026-06-01,2026-07-01,False,0.0,AWS Step Functions,USW1-USW2-AWS-In-Bytes
2026-06-01,2026-07-01,False,4.8e-08,AWS Step Functions,USW1-USW2-AWS-Out-Bytes
2026-06-01,2026-07-01,False,1407.3498072785,AWS Support (Developer),Dollar
2026-06-01,2026-07-01,False,2.000000016,AWS WAF,Global-RuleV2
2026-06-01,2026-07-01,False,5.00000004,AWS WAF,Global-WebACLV2
2026-06-01,2026-07-01,False,0.0,Amazon CloudFront,CA-DataTransfer-Out-Bytes
2026-06-01,2026-07-01,False,0.0,Amazon CloudFront,CA-Requests-Tier1
2026-06-01,2026-07-01,False,0.0,Amazon CloudFront,CA-Requests-Tier2-HTTPS
2026-06-01,2026-07-01,False,0.0,Amazon CloudFront,EU-DataTransfer-Out-Bytes
2026-06-01,2026-07-01,False,3.4e-09,Amazon CloudFront,EU-DataTransfer-Out-OBytes
2026-06-01,2026-07-01,False,0.0,Amazon CloudFront,EU-Requests-HTTP-Proxy
2026-06-01,2026-07-01,False,0.0,Amazon CloudFront,EU-Requests-HTTPS-Proxy
2026-06-01,2026-07-01,False,0.0,Amazon CloudFront,EU-Requests-Tier1
2026-06-01,2026-07-01,False,0.0,Amazon CloudFront,EU-Requests-Tier2-HTTPS
2026-06-01,2026-07-01,False,0.0,Amazon CloudFront,Executions-CloudFrontFunctions
2026-06-01,2026-07-01,False,0.0,Amazon CloudFront,Invalidations
2026-06-01,2026-07-01,False,0.0,Amazon CloudFront,US-DataTransfer-Out-Bytes
2026-06-01,2026-07-01,False,0.0,Amazon CloudFront,US-Requests-HTTPS-Proxy
2026-06-01,2026-07-01,False,0.0,Amazon CloudFront,US-Requests-Tier1
2026-06-01,2026-07-01,False,0.0,Amazon CloudFront,US-Requests-Tier2-HTTPS
2026-06-01,2026-07-01,False,0.0,Amazon Cognito,USE1-CUPM2MAppClientsFull
2026-06-01,2026-07-01,False,0.0,Amazon Cognito,USE1-CognitoEssentialsMAU
2026-06-01,2026-07-01,False,0.0,Amazon Cognito,USW1-CUPM2MAppClientsFull
2026-06-01,2026-07-01,False,0.0,Amazon Cognito,USW2-CUPM2MAppClientsFull
2026-06-01,2026-07-01,False,0.0,Amazon Cognito,USW2-CognitoEssentialsMAU
2026-06-01,2026-07-01,False,0.02466,Amazon DynamoDB,USW2-ReadRequestUnits
2026-06-01,2026-07-01,False,1.1527e-06,Amazon DynamoDB,USW2-TimedPITRStorage-ByteHrs
2026-06-01,2026-07-01,False,0.0,Amazon DynamoDB,USW2-TimedStorage-ByteHrs
2026-06-01,2026-07-01,False,0.0146075,Amazon DynamoDB,USW2-WriteRequestUnits
2026-06-01,2026-07-01,False,8.9915110236,Amazon EC2 Container Registry (ECR),TimedStorage-ByteHrs
2026-06-01,2026-07-01,False,5.866e-07,Amazon EC2 Container Registry (ECR),USW2-DataTransfer-Out-Bytes
2026-06-01,2026-07-01,False,1.3546364416,Amazon EC2 Container Registry (ECR),USW2-TimedStorage-ByteHrs
2026-06-01,2026-07-01,False,0.0,EC2 - Other,APS3-AFS1-AWS-In-Bytes
2026-06-01,2026-07-01,False,0.0,EC2 - Other,APS3-APE1-AWS-In-Bytes
2026-06-01,2026-07-01,False,0.0,EC2 - Other,APS3-APE2-AWS-In-Bytes
2026-06-01,2026-07-01,False,0.0,EC2 - Other,APS3-APN1-AWS-In-Bytes
2026-06-01,2026-07-01,False,0.0,EC2 - Other,APS3-APN2-AWS-In-Bytes
2026-06-01,2026-07-01,False,0.0,EC2 - Other,APS3-APN3-AWS-In-Bytes
2026-06-01,2026-07-01,False,3.2e-09,EC2 - Other,APS3-APN3-AWS-Out-Bytes
2026-06-01,2026-07-01,False,0.0,EC2 - Other,APS3-APS1-AWS-In-Bytes
2026-06-01,2026-07-01,False,0.0,EC2 - Other,APS3-APS2-AWS-In-Bytes
2026-06-01,2026-07-01,False,0.0,EC2 - Other,APS3-APS5-AWS-In-Bytes
2026-06-01,2026-07-01,False,0.0,EC2 - Other,APS3-APS8-AWS-In-Bytes
2026-06-01,2026-07-01,False,0.0,EC2 - Other,APS3-APS9-AWS-In-Bytes
2026-06-01,2026-07-01,False,0.0,EC2 - Other,APS3-CAN1-AWS-In-Bytes
2026-06-01,2026-07-01,False,0.0,EC2 - Other,APS3-CPH1-AWS-In-Bytes
2026-06-01,2026-07-01,False,7.611e-07,EC2 - Other,APS3-DataTransfer-Regional-Bytes
2026-06-01,2026-07-01,False,2.408471679,EC2 - Other,APS3-EBS:SnapshotUsage
2026-06-01,2026-07-01,False,0.0,EC2 - Other,APS3-EU-AWS-In-Bytes
2026-06-01,2026-07-01,False,0.0,EC2 - Other,APS3-EUC1-AWS-In-Bytes
2026-06-01,2026-07-01,False,0.0,EC2 - Other,APS3-EUN1-AWS-In-Bytes
2026-06-01,2026-07-01,False,0.0,EC2 - Other,APS3-EUS1-AWS-In-Bytes
2026-06-01,2026-07-01,False,0.0,EC2 - Other,APS3-EUW2-AWS-In-Bytes
2026-06-01,2026-07-01,False,0.0,EC2 - Other,APS3-EUW3-AWS-In-Bytes
2026-06-01,2026-07-01,False,0.0,EC2 - Other,APS3-HEL1-AWS-In-Bytes
2026-06-01,2026-07-01,False,0.0,EC2 - Other,APS3-MCI2-AWS-In-Bytes
2026-06-01,2026-07-01,False,0.0,EC2 - Other,APS3-NYC1-AWS-In-Bytes
2026-06-01,2026-07-01,False,1.38195e-05,EC2 - Other,APS3-NatGateway-Bytes
2026-06-01,2026-07-01,False,80.64,EC2 - Other,APS3-NatGateway-Hours
2026-06-01,2026-07-01,False,0.0,EC2 - Other,APS3-SAE1-AWS-In-Bytes
2026-06-01,2026-07-01,False,0.0,EC2 - Other,APS3-USE1-AWS-In-Bytes
2026-06-01,2026-07-01,False,0.0,EC2 - Other,APS3-USE2-AWS-In-Bytes
2026-06-01,2026-07-01,False,0.0,EC2 - Other,APS3-USW1-AWS-In-Bytes
2026-06-01,2026-07-01,False,0.0,EC2 - Other,APS3-USW2-AWS-In-Bytes
2026-06-01,2026-07-01,False,2.0015598762,EC2 - Other,DataTransfer-Regional-Bytes
2026-06-01,2026-07-01,False,0.4993277655,EC2 - Other,EBS:SnapshotUsage
2026-06-01,2026-07-01,False,155.5975035825,EC2 - Other,EBS:VolumeUsage.gp3
2026-06-01,2026-07-01,False,0.0,EC2 - Other,EBSOptimized:t3.2xlarge
2026-06-01,2026-07-01,False,0.0,EC2 - Other,EBSOptimized:t3.micro
2026-06-01,2026-07-01,False,0.0,EC2 - Other,EUC1-AFS1-AWS-In-Bytes
2026-06-01,2026-07-01,False,0.0,EC2 - Other,EUC1-APE1-AWS-In-Bytes
2026-06-01,2026-07-01,False,0.0,EC2 - Other,EUC1-APE2-AWS-In-Bytes
2026-06-01,2026-07-01,False,0.0,EC2 - Other,EUC1-APN1-AWS-In-Bytes
2026-06-01,2026-07-01,False,0.0,EC2 - Other,EUC1-APN2-AWS-In-Bytes
2026-06-01,2026-07-01,False,0.0,EC2 - Other,EUC1-APN3-AWS-In-Bytes
2026-06-01,2026-07-01,False,7e-10,EC2 - Other,EUC1-APN3-AWS-Out-Bytes
2026-06-01,2026-07-01,False,0.0,EC2 - Other,EUC1-APS1-AWS-In-Bytes
2026-06-01,2026-07-01,False,0.0,EC2 - Other,EUC1-APS2-AWS-In-Bytes
2026-06-01,2026-07-01,False,0.0,EC2 - Other,EUC1-APS3-AWS-In-Bytes
2026-06-01,2026-07-01,False,0.0,EC2 - Other,EUC1-APS5-AWS-In-Bytes
2026-06-01,2026-07-01,False,0.0,EC2 - Other,EUC1-APS8-AWS-In-Bytes
2026-06-01,2026-07-01,False,0.0,EC2 - Other,EUC1-APS9-AWS-In-Bytes
2026-06-01,2026-07-01,False,0.0,EC2 - Other,EUC1-CAN1-AWS-In-Bytes
2026-06-01,2026-07-01,False,0.0,EC2 - Other,EUC1-CPH1-AWS-In-Bytes
2026-06-01,2026-07-01,False,3.629e-07,EC2 - Other,EUC1-DataTransfer-Regional-Bytes
2026-06-01,2026-07-01,False,0.0,EC2 - Other,EUC1-EU-AWS-In-Bytes
2026-06-01,2026-07-01,False,0.0,EC2 - Other,EUC1-EUN1-AWS-In-Bytes
2026-06-01,2026-07-01,False,0.0,EC2 - Other,EUC1-EUS1-AWS-In-Bytes
2026-06-01,2026-07-01,False,0.0,EC2 - Other,EUC1-EUW2-AWS-In-Bytes
2026-06-01,2026-07-01,False,0.0,EC2 - Other,EUC1-EUW3-AWS-In-Bytes
2026-06-01,2026-07-01,False,0.0,EC2 - Other,EUC1-HEL1-AWS-In-Bytes
2026-06-01,2026-07-01,False,0.0,EC2 - Other,EUC1-MXC1-AWS-In-Bytes
2026-06-01,2026-07-01,False,9.9876e-06,EC2 - Other,EUC1-NatGateway-Bytes
2026-06-01,2026-07-01,False,74.88,EC2 - Other,EUC1-NatGateway-Hours
2026-06-01,2026-07-01,False,0.0,EC2 - Other,EUC1-SAE1-AWS-In-Bytes
2026-06-01,2026-07-01,False,0.0,EC2 - Other,EUC1-USE1-AWS-In-Bytes
2026-06-01,2026-07-01,False,5.7e-09,EC2 - Other,EUC1-USE1-AWS-Out-Bytes
2026-06-01,2026-07-01,False,0.0,EC2 - Other,EUC1-USE2-AWS-In-Bytes
2026-06-01,2026-07-01,False,7e-10,EC2 - Other,EUC1-USE2-AWS-Out-Bytes
2026-06-01,2026-07-01,False,0.0,EC2 - Other,EUC1-USW1-AWS-In-Bytes
2026-06-01,2026-07-01,False,0.0,EC2 - Other,EUC1-USW2-AWS-In-Bytes
2026-06-01,2026-07-01,False,9.58e-07,EC2 - Other,NatGateway-Bytes
2026-06-01,2026-07-01,False,27.09,EC2 - Other,NatGateway-Hours
2026-06-01,2026-07-01,False,0.0,EC2 - Other,USE1-APE1-AWS-In-Bytes
2026-06-01,2026-07-01,False,0.0,EC2 - Other,USE1-APN1-AWS-In-Bytes
2026-06-01,2026-07-01,False,0.0,EC2 - Other,USE1-APN2-AWS-In-Bytes
2026-06-01,2026-07-01,False,0.0,EC2 - Other,USE1-APS1-AWS-In-Bytes
2026-06-01,2026-07-01,False,0.0,EC2 - Other,USE1-APS2-AWS-In-Bytes
2026-06-01,2026-07-01,False,0.0,EC2 - Other,USE1-APS3-AWS-In-Bytes
2026-06-01,2026-07-01,False,0.0,EC2 - Other,USE1-APS5-AWS-In-Bytes
2026-06-01,2026-07-01,False,0.0,EC2 - Other,USE1-CAN1-AWS-In-Bytes
2026-06-01,2026-07-01,False,0.0,EC2 - Other,USE1-CPH1-AWS-In-Bytes
2026-06-01,2026-07-01,False,0.0,EC2 - Other,USE1-EU-AWS-In-Bytes
2026-06-01,2026-07-01,False,1.43302e-05,EC2 - Other,USE1-EU-AWS-Out-Bytes
2026-06-01,2026-07-01,False,0.0,EC2 - Other,USE1-EUC1-AWS-In-Bytes
2026-06-01,2026-07-01,False,0.0015948365,EC2 - Other,USE1-EUC1-AWS-Out-Bytes
2026-06-01,2026-07-01,False,0.0,EC2 - Other,USE1-EUN1-AWS-In-Bytes
2026-06-01,2026-07-01,False,0.0,EC2 - Other,USE1-EUS1-AWS-In-Bytes
2026-06-01,2026-07-01,False,0.0,EC2 - Other,USE1-EUW2-AWS-In-Bytes
2026-06-01,2026-07-01,False,0.0,EC2 - Other,USE1-EUW3-AWS-In-Bytes
2026-06-01,2026-07-01,False,0.0,EC2 - Other,USE1-HEL1-AWS-In-Bytes
2026-06-01,2026-07-01,False,0.0,EC2 - Other,USE1-SAE1-AWS-In-Bytes
2026-06-01,2026-07-01,False,0.0,EC2 - Other,USE1-USE2-AWS-In-Bytes
2026-06-01,2026-07-01,False,0.0,EC2 - Other,USE1-USW1-AWS-In-Bytes
2026-06-01,2026-07-01,False,8e-09,EC2 - Other,USE1-USW1-AWS-Out-Bytes
2026-06-01,2026-07-01,False,0.0,EC2 - Other,USE1-USW2-AWS-In-Bytes
2026-06-01,2026-07-01,False,2.60212e-05,EC2 - Other,USE1-USW2-AWS-Out-Bytes
2026-06-01,2026-07-01,False,0.0,EC2 - Other,USW2-AFS1-AWS-In-Bytes
2026-06-01,2026-07-01,False,0.0001580385,EC2 - Other,USW2-AFS1-AWS-Out-Bytes
2026-06-01,2026-07-01,False,0.0,EC2 - Other,USW2-APE1-AWS-In-Bytes
2026-06-01,2026-07-01,False,0.0001503912,EC2 - Other,USW2-APE1-AWS-Out-Bytes
2026-06-01,2026-07-01,False,0.0,EC2 - Other,USW2-APE2-AWS-In-Bytes
2026-06-01,2026-07-01,False,0.0,EC2 - Other,USW2-APN1-AWS-In-Bytes
2026-06-01,2026-07-01,False,0.0005726296,EC2 - Other,USW2-APN1-AWS-Out-Bytes
2026-06-01,2026-07-01,False,0.0,EC2 - Other,USW2-APN2-AWS-In-Bytes
2026-06-01,2026-07-01,False,0.0005629289,EC2 - Other,USW2-APN2-AWS-Out-Bytes
2026-06-01,2026-07-01,False,0.0,EC2 - Other,USW2-APN3-AWS-In-Bytes
2026-06-01,2026-07-01,False,0.0005463737,EC2 - Other,USW2-APN3-AWS-Out-Bytes
2026-06-01,2026-07-01,False,0.0,EC2 - Other,USW2-APS1-AWS-In-Bytes
2026-06-01,2026-07-01,False,0.0005927055,EC2 - Other,USW2-APS1-AWS-Out-Bytes
2026-06-01,2026-07-01,False,0.0,EC2 - Other,USW2-APS2-AWS-In-Bytes
2026-06-01,2026-07-01,False,0.0005936386,EC2 - Other,USW2-APS2-AWS-Out-Bytes
2026-06-01,2026-07-01,False,0.0,EC2 - Other,USW2-APS3-AWS-In-Bytes
2026-06-01,2026-07-01,False,0.0005669187,EC2 - Other,USW2-APS3-AWS-Out-Bytes
2026-06-01,2026-07-01,False,0.0,EC2 - Other,USW2-APS4-AWS-In-Bytes
2026-06-01,2026-07-01,False,0.0001459952,EC2 - Other,USW2-APS4-AWS-Out-Bytes
2026-06-01,2026-07-01,False,0.0,EC2 - Other,USW2-APS5-AWS-In-Bytes
2026-06-01,2026-07-01,False,0.000140315,EC2 - Other,USW2-APS5-AWS-Out-Bytes
2026-06-01,2026-07-01,False,0.0,EC2 - Other,USW2-APS6-AWS-In-Bytes
2026-06-01,2026-07-01,False,0.0,EC2 - Other,USW2-APS8-AWS-In-Bytes
2026-06-01,2026-07-01,False,0.0,EC2 - Other,USW2-APS9-AWS-In-Bytes
2026-06-01,2026-07-01,False,0.0,EC2 - Other,USW2-CAN1-AWS-In-Bytes
2026-06-01,2026-07-01,False,0.0005694331,EC2 - Other,USW2-CAN1-AWS-Out-Bytes
2026-06-01,2026-07-01,False,0.0,EC2 - Other,USW2-CPH1-AWS-In-Bytes
2026-06-01,2026-07-01,False,20.3354082267,EC2 - Other,USW2-DataTransfer-Regional-Bytes
2026-06-01,2026-07-01,False,6.7285118356,EC2 - Other,USW2-EBS:SnapshotUsage
2026-06-01,2026-07-01,False,345.6867323941,EC2 - Other,USW2-EBS:VolumeUsage.gp3
2026-06-01,2026-07-01,False,0.0,EC2 - Other,USW2-EBSOptimized:c6i.32xlarge
2026-06-01,2026-07-01,False,0.0,EC2 - Other,USW2-EBSOptimized:c6i.metal
2026-06-01,2026-07-01,False,0.0,EC2 - Other,USW2-EBSOptimized:c7i.48xlarge
2026-06-01,2026-07-01,False,0.0,EC2 - Other,USW2-EBSOptimized:c7i.metal-48xl
2026-06-01,2026-07-01,False,0.0,EC2 - Other,USW2-EBSOptimized:c8i.32xlarge
2026-06-01,2026-07-01,False,0.0,EC2 - Other,USW2-EBSOptimized:c8i.metal-48xl
2026-06-01,2026-07-01,False,0.0,EC2 - Other,USW2-EBSOptimized:c8id.96xlarge
2026-06-01,2026-07-01,False,0.0,EC2 - Other,USW2-EBSOptimized:c8id.metal-48xl
2026-06-01,2026-07-01,False,0.0,EC2 - Other,USW2-EBSOptimized:c8id.metal-96xl
2026-06-01,2026-07-01,False,0.0,EC2 - Other,USW2-EBSOptimized:f2.6xlarge
2026-06-01,2026-07-01,False,0.0,EC2 - Other,USW2-EBSOptimized:i4i.metal
2026-06-01,2026-07-01,False,0.0,EC2 - Other,USW2-EBSOptimized:i7i.48xlarge
2026-06-01,2026-07-01,False,0.0,EC2 - Other,USW2-EBSOptimized:i7ie.48xlarge
2026-06-01,2026-07-01,False,0.0,EC2 - Other,USW2-EBSOptimized:i7ie.metal-48xl
2026-06-01,2026-07-01,False,0.0,EC2 - Other,USW2-EBSOptimized:m6i.metal
2026-06-01,2026-07-01,False,0.0,EC2 - Other,USW2-EBSOptimized:m6id.32xlarge
2026-06-01,2026-07-01,False,0.0,EC2 - Other,USW2-EBSOptimized:m6id.metal
2026-06-01,2026-07-01,False,0.0,EC2 - Other,USW2-EBSOptimized:m6in.metal
2026-06-01,2026-07-01,False,0.0,EC2 - Other,USW2-EBSOptimized:m7i.48xlarge
2026-06-01,2026-07-01,False,0.0,EC2 - Other,USW2-EBSOptimized:m7i.metal-48xl
2026-06-01,2026-07-01,False,0.0,EC2 - Other,USW2-EBSOptimized:m8i.32xlarge
2026-06-01,2026-07-01,False,0.0,EC2 - Other,USW2-EBSOptimized:m8i.48xlarge
2026-06-01,2026-07-01,False,0.0,EC2 - Other,USW2-EBSOptimized:m8i.metal-48xl
2026-06-01,2026-07-01,False,0.0,EC2 - Other,USW2-EBSOptimized:m8id.96xlarge
2026-06-01,2026-07-01,False,0.0,EC2 - Other,USW2-EBSOptimized:m8id.metal-96xl
2026-06-01,2026-07-01,False,0.0,EC2 - Other,USW2-EBSOptimized:m8idb.96xlarge
2026-06-01,2026-07-01,False,0.0,EC2 - Other,USW2-EBSOptimized:m8idn.96xlarge
2026-06-01,2026-07-01,False,0.0,EC2 - Other,USW2-EBSOptimized:r5.2xlarge
2026-06-01,2026-07-01,False,0.0,EC2 - Other,USW2-EBSOptimized:r6i.metal
2026-06-01,2026-07-01,False,0.0,EC2 - Other,USW2-EBSOptimized:r6id.metal
2026-06-01,2026-07-01,False,0.0,EC2 - Other,USW2-EBSOptimized:r7i.48xlarge
2026-06-01,2026-07-01,False,0.0,EC2 - Other,USW2-EBSOptimized:r7i.metal-48xl
2026-06-01,2026-07-01,False,0.0,EC2 - Other,USW2-EBSOptimized:r8i.32xlarge
2026-06-01,2026-07-01,False,0.0,EC2 - Other,USW2-EBSOptimized:r8i.48xlarge
2026-06-01,2026-07-01,False,0.0,EC2 - Other,USW2-EBSOptimized:r8i.metal-48xl
2026-06-01,2026-07-01,False,0.0,EC2 - Other,USW2-EBSOptimized:r8id.96xlarge
2026-06-01,2026-07-01,False,0.0,EC2 - Other,USW2-EBSOptimized:r8id.metal-96xl
2026-06-01,2026-07-01,False,0.0,EC2 - Other,USW2-EBSOptimized:t3.small
2026-06-01,2026-07-01,False,0.0,EC2 - Other,USW2-EBSOptimized:t4g.medium
2026-06-01,2026-07-01,False,0.0,EC2 - Other,USW2-EBSOptimized:x8i.32xlarge
2026-06-01,2026-07-01,False,0.0,EC2 - Other,USW2-EU-AWS-In-Bytes
2026-06-01,2026-07-01,False,0.0007675134,EC2 - Other,USW2-EU-AWS-Out-Bytes
2026-06-01,2026-07-01,False,0.0,EC2 - Other,USW2-EUC1-AWS-In-Bytes
2026-06-01,2026-07-01,False,0.0034769351,EC2 - Other,USW2-EUC1-AWS-Out-Bytes
2026-06-01,2026-07-01,False,0.0,EC2 - Other,USW2-EUC2-AWS-In-Bytes
2026-06-01,2026-07-01,False,0.0,EC2 - Other,USW2-EUN1-AWS-In-Bytes
2026-06-01,2026-07-01,False,0.0005602493,EC2 - Other,USW2-EUN1-AWS-Out-Bytes
2026-06-01,2026-07-01,False,0.0,EC2 - Other,USW2-EUS1-AWS-In-Bytes
2026-06-01,2026-07-01,False,0.0,EC2 - Other,USW2-EUS2-AWS-In-Bytes
2026-06-01,2026-07-01,False,0.0,EC2 - Other,USW2-EUW2-AWS-In-Bytes
2026-06-01,2026-07-01,False,0.0006015032,EC2 - Other,USW2-EUW2-AWS-Out-Bytes
2026-06-01,2026-07-01,False,0.0,EC2 - Other,USW2-EUW3-AWS-In-Bytes
2026-06-01,2026-07-01,False,0.0005671379,EC2 - Other,USW2-EUW3-AWS-Out-Bytes
2026-06-01,2026-07-01,False,0.0,EC2 - Other,USW2-HEL1-AWS-In-Bytes
2026-06-01,2026-07-01,False,156.7319707857,EC2 - Other,USW2-NatGateway-Bytes
2026-06-01,2026-07-01,False,162.0,EC2 - Other,USW2-NatGateway-Hours
2026-06-01,2026-07-01,False,0.0,EC2 - Other,USW2-SAE1-AWS-In-Bytes
2026-06-01,2026-07-01,False,0.0005627852,EC2 - Other,USW2-SAE1-AWS-Out-Bytes
2026-06-01,2026-07-01,False,0.0,EC2 - Other,USW2-UGW1-AWS-In-Bytes
2026-06-01,2026-07-01,False,0.0,EC2 - Other,USW2-USE1-AWS-In-Bytes
2026-06-01,2026-07-01,False,0.5486505385,EC2 - Other,USW2-USE1-AWS-Out-Bytes
2026-06-01,2026-07-01,False,0.0,EC2 - Other,USW2-USE2-AWS-In-Bytes
2026-06-01,2026-07-01,False,0.0005799503,EC2 - Other,USW2-USE2-AWS-Out-Bytes
2026-06-01,2026-07-01,False,0.0,EC2 - Other,USW2-USW1-AWS-In-Bytes
2026-06-01,2026-07-01,False,0.0006948547,EC2 - Other,USW2-USW1-AWS-Out-Bytes
2026-06-01,2026-07-01,False,0.0,Amazon Elastic Compute Cloud - Compute,APS3-CloudFront-In-Bytes
2026-06-01,2026-07-01,False,0.0,Amazon Elastic Compute Cloud - Compute,APS3-CloudFront-Out-Bytes
2026-06-01,2026-07-01,False,0.0,Amazon Elastic Compute Cloud - Compute,APS3-DataTransfer-In-Bytes
2026-06-01,2026-07-01,False,0.0,Amazon Elastic Compute Cloud - Compute,APS3-DataTransfer-Out-Bytes
2026-06-01,2026-07-01,False,0.0,Amazon Elastic Compute Cloud - Compute,APS3-USW2-AWS-In-Bytes
2026-06-01,2026-07-01,False,1169.122424704,Amazon Elastic Compute Cloud - Compute,BoxUsage:t3.2xlarge
2026-06-01,2026-07-01,False,7.4793853264,Amazon Elastic Compute Cloud - Compute,BoxUsage:t3.micro
2026-06-01,2026-07-01,False,3.4553985544,Amazon Elastic Compute Cloud - Compute,BoxUsage:t3.nano
2026-06-01,2026-07-01,False,180.7681832448,Amazon Elastic Compute Cloud - Compute,BoxUsage:t3a.2xlarge
2026-06-01,2026-07-01,False,0.0,Amazon Elastic Compute Cloud - Compute,DataTransfer-In-Bytes
2026-06-01,2026-07-01,False,0.3019219106,Amazon Elastic Compute Cloud - Compute,DataTransfer-Out-Bytes
2026-06-01,2026-07-01,False,0.0,Amazon Elastic Compute Cloud - Compute,EUC1-CloudFront-In-Bytes
2026-06-01,2026-07-01,False,0.0,Amazon Elastic Compute Cloud - Compute,EUC1-CloudFront-Out-Bytes
2026-06-01,2026-07-01,False,0.0,Amazon Elastic Compute Cloud - Compute,EUC1-DataTransfer-In-Bytes
2026-06-01,2026-07-01,False,1.41708e-05,Amazon Elastic Compute Cloud - Compute,EUC1-DataTransfer-Out-Bytes
2026-06-01,2026-07-01,False,0.0,Amazon Elastic Compute Cloud - Compute,EUC1-USE1-AWS-In-Bytes
2026-06-01,2026-07-01,False,0.0,Amazon Elastic Compute Cloud - Compute,USE1-APS3-AWS-In-Bytes
2026-06-01,2026-07-01,False,0.0215375207,Amazon Elastic Compute Cloud - Compute,USE1-APS3-AWS-Out-Bytes
2026-06-01,2026-07-01,False,0.0,Amazon Elastic Compute Cloud - Compute,USE1-CloudFront-In-Bytes
2026-06-01,2026-07-01,False,0.0,Amazon Elastic Compute Cloud - Compute,USE1-CloudFront-Out-Bytes
2026-06-01,2026-07-01,False,0.0,Amazon Elastic Compute Cloud - Compute,USE1-EUC1-AWS-In-Bytes
2026-06-01,2026-07-01,False,0.0216120903,Amazon Elastic Compute Cloud - Compute,USE1-EUC1-AWS-Out-Bytes
2026-06-01,2026-07-01,False,0.0,Amazon Elastic Compute Cloud - Compute,USE1-USE2-AWS-In-Bytes
2026-06-01,2026-07-01,False,0.0107075758,Amazon Elastic Compute Cloud - Compute,USE1-USE2-AWS-Out-Bytes
2026-06-01,2026-07-01,False,0.0,Amazon Elastic Compute Cloud - Compute,USE1-USW2-AWS-In-Bytes
2026-06-01,2026-07-01,False,4.5526902244,Amazon Elastic Compute Cloud - Compute,USE1-USW2-AWS-Out-Bytes
2026-06-01,2026-07-01,False,0.0,Amazon Elastic Compute Cloud - Compute,USW2-AFS1-AWS-In-Bytes
2026-06-01,2026-07-01,False,0.0003467055,Amazon Elastic Compute Cloud - Compute,USW2-AFS1-AWS-Out-Bytes
2026-06-01,2026-07-01,False,0.0,Amazon Elastic Compute Cloud - Compute,USW2-APE1-AWS-In-Bytes
2026-06-01,2026-07-01,False,0.000342567,Amazon Elastic Compute Cloud - Compute,USW2-APE1-AWS-Out-Bytes
2026-06-01,2026-07-01,False,0.0,Amazon Elastic Compute Cloud - Compute,USW2-APN1-AWS-In-Bytes
2026-06-01,2026-07-01,False,0.001374015,Amazon Elastic Compute Cloud - Compute,USW2-APN1-AWS-Out-Bytes
2026-06-01,2026-07-01,False,0.0,Amazon Elastic Compute Cloud - Compute,USW2-APN2-AWS-In-Bytes
2026-06-01,2026-07-01,False,0.0013661784,Amazon Elastic Compute Cloud - Compute,USW2-APN2-AWS-Out-Bytes
2026-06-01,2026-07-01,False,0.0,Amazon Elastic Compute Cloud - Compute,USW2-APN3-AWS-In-Bytes
2026-06-01,2026-07-01,False,0.0012894996,Amazon Elastic Compute Cloud - Compute,USW2-APN3-AWS-Out-Bytes
2026-06-01,2026-07-01,False,0.0,Amazon Elastic Compute Cloud - Compute,USW2-APS1-AWS-In-Bytes
2026-06-01,2026-07-01,False,0.0013820863,Amazon Elastic Compute Cloud - Compute,USW2-APS1-AWS-Out-Bytes
2026-06-01,2026-07-01,False,0.0,Amazon Elastic Compute Cloud - Compute,USW2-APS2-AWS-In-Bytes
2026-06-01,2026-07-01,False,0.001352247,Amazon Elastic Compute Cloud - Compute,USW2-APS2-AWS-Out-Bytes
2026-06-01,2026-07-01,False,0.0,Amazon Elastic Compute Cloud - Compute,USW2-APS3-AWS-In-Bytes
2026-06-01,2026-07-01,False,0.0059616651,Amazon Elastic Compute Cloud - Compute,USW2-APS3-AWS-Out-Bytes
2026-06-01,2026-07-01,False,0.0,Amazon Elastic Compute Cloud - Compute,USW2-APS4-AWS-In-Bytes
2026-06-01,2026-07-01,False,0.0003433089,Amazon Elastic Compute Cloud - Compute,USW2-APS4-AWS-Out-Bytes
2026-06-01,2026-07-01,False,0.0,Amazon Elastic Compute Cloud - Compute,USW2-APS5-AWS-In-Bytes
2026-06-01,2026-07-01,False,0.0003226649,Amazon Elastic Compute Cloud - Compute,USW2-APS5-AWS-Out-Bytes
2026-06-01,2026-07-01,False,7.22644956,Amazon Elastic Compute Cloud - Compute,USW2-BoxUsage:f2.6xlarge
2026-06-01,2026-07-01,False,152.673170706,Amazon Elastic Compute Cloud - Compute,USW2-BoxUsage:r7i.2xlarge
2026-06-01,2026-07-01,False,751.378153176,Amazon Elastic Compute Cloud - Compute,USW2-BoxUsage:r7i.4xlarge
2026-06-01,2026-07-01,False,1176.6385654128,Amazon Elastic Compute Cloud - Compute,USW2-BoxUsage:r7i.8xlarge
2026-06-01,2026-07-01,False,226.980416,Amazon Elastic Compute Cloud - Compute,USW2-BoxUsage:t3.2xlarge
2026-06-01,2026-07-01,False,14.9755695544,Amazon Elastic Compute Cloud - Compute,USW2-BoxUsage:t3.micro
2026-06-01,2026-07-01,False,14.976,Amazon Elastic Compute Cloud - Compute,USW2-BoxUsage:t3.small
2026-06-01,2026-07-01,False,119.808,Amazon Elastic Compute Cloud - Compute,USW2-BoxUsage:t3.xlarge
2026-06-01,2026-07-01,False,433.152,Amazon Elastic Compute Cloud - Compute,USW2-BoxUsage:t3a.2xlarge
2026-06-01,2026-07-01,False,10.6791253296,Amazon Elastic Compute Cloud - Compute,USW2-BoxUsage:t4g.medium
2026-06-01,2026-07-01,False,6.048,Amazon Elastic Compute Cloud - Compute,USW2-BoxUsage:t4g.micro
2026-06-01,2026-07-01,False,0.0,Amazon Elastic Compute Cloud - Compute,USW2-CAN1-AWS-In-Bytes
2026-06-01,2026-07-01,False,0.0013768433,Amazon Elastic Compute Cloud - Compute,USW2-CAN1-AWS-Out-Bytes
2026-06-01,2026-07-01,False,0.0,Amazon Elastic Compute Cloud - Compute,USW2-CloudFront-In-Bytes
2026-06-01,2026-07-01,False,0.0,Amazon Elastic Compute Cloud - Compute,USW2-CloudFront-Out-Bytes
2026-06-01,2026-07-01,False,0.0,Amazon Elastic Compute Cloud - Compute,USW2-DataTransfer-In-Bytes
2026-06-01,2026-07-01,False,0.3418527517,Amazon Elastic Compute Cloud - Compute,USW2-DataTransfer-Out-Bytes
2026-06-01,2026-07-01,False,0.0,Amazon Elastic Compute Cloud - Compute,USW2-EU-AWS-In-Bytes
2026-06-01,2026-07-01,False,0.0013646241,Amazon Elastic Compute Cloud - Compute,USW2-EU-AWS-Out-Bytes
2026-06-01,2026-07-01,False,0.0,Amazon Elastic Compute Cloud - Compute,USW2-EUC1-AWS-In-Bytes
2026-06-01,2026-07-01,False,0.0060164585,Amazon Elastic Compute Cloud - Compute,USW2-EUC1-AWS-Out-Bytes
2026-06-01,2026-07-01,False,0.0,Amazon Elastic Compute Cloud - Compute,USW2-EUN1-AWS-In-Bytes
2026-06-01,2026-07-01,False,0.0013377399,Amazon Elastic Compute Cloud - Compute,USW2-EUN1-AWS-Out-Bytes
2026-06-01,2026-07-01,False,0.0,Amazon Elastic Compute Cloud - Compute,USW2-EUW2-AWS-In-Bytes
2026-06-01,2026-07-01,False,0.0013573689,Amazon Elastic Compute Cloud - Compute,USW2-EUW2-AWS-Out-Bytes
2026-06-01,2026-07-01,False,0.0,Amazon Elastic Compute Cloud - Compute,USW2-EUW3-AWS-In-Bytes
2026-06-01,2026-07-01,False,0.0013640537,Amazon Elastic Compute Cloud - Compute,USW2-EUW3-AWS-Out-Bytes
2026-06-01,2026-07-01,False,0.0,Amazon Elastic Compute Cloud - Compute,USW2-SAE1-AWS-In-Bytes
2026-06-01,2026-07-01,False,0.0013662727,Amazon Elastic Compute Cloud - Compute,USW2-SAE1-AWS-Out-Bytes
2026-06-01,2026-07-01,False,1.5982830494,Amazon Elastic Compute Cloud - Compute,USW2-SpotUsage:c6i.32xlarge
2026-06-01,2026-07-01,False,58.1540586429,Amazon Elastic Compute Cloud - Compute,USW2-SpotUsage:c6i.metal
2026-06-01,2026-07-01,False,220.9275120096,Amazon Elastic Compute Cloud - Compute,USW2-SpotUsage:c7i.48xlarge
2026-06-01,2026-07-01,False,66.9751457342,Amazon Elastic Compute Cloud - Compute,USW2-SpotUsage:c7i.metal-48xl
2026-06-01,2026-07-01,False,3.2061001696,Amazon Elastic Compute Cloud - Compute,USW2-SpotUsage:c8i.32xlarge
2026-06-01,2026-07-01,False,171.8338967691,Amazon Elastic Compute Cloud - Compute,USW2-SpotUsage:c8i.metal-48xl
2026-06-01,2026-07-01,False,315.9047304377,Amazon Elastic Compute Cloud - Compute,USW2-SpotUsage:c8id.96xlarge
2026-06-01,2026-07-01,False,1.6222684668,Amazon Elastic Compute Cloud - Compute,USW2-SpotUsage:c8id.metal-48xl
2026-06-01,2026-07-01,False,201.5408949507,Amazon Elastic Compute Cloud - Compute,USW2-SpotUsage:c8id.metal-96xl
2026-06-01,2026-07-01,False,66.8624733378,Amazon Elastic Compute Cloud - Compute,USW2-SpotUsage:i4i.metal
2026-06-01,2026-07-01,False,2.1795940497,Amazon Elastic Compute Cloud - Compute,USW2-SpotUsage:i7i.48xlarge
2026-06-01,2026-07-01,False,1870.1613428777,Amazon Elastic Compute Cloud - Compute,USW2-SpotUsage:i7ie.48xlarge
2026-06-01,2026-07-01,False,11103.0464737977,Amazon Elastic Compute Cloud - Compute,USW2-SpotUsage:i7ie.metal-48xl
2026-06-01,2026-07-01,False,1.6424456699,Amazon Elastic Compute Cloud - Compute,USW2-SpotUsage:m6i.metal
2026-06-01,2026-07-01,False,0.5480263306,Amazon Elastic Compute Cloud - Compute,USW2-SpotUsage:m6id.32xlarge
2026-06-01,2026-07-01,False,9.7779322822,Amazon Elastic Compute Cloud - Compute,USW2-SpotUsage:m6id.metal
2026-06-01,2026-07-01,False,0.6558901671,Amazon Elastic Compute Cloud - Compute,USW2-SpotUsage:m6in.metal
2026-06-01,2026-07-01,False,4.43621925,Amazon Elastic Compute Cloud - Compute,USW2-SpotUsage:m7i.48xlarge
2026-06-01,2026-07-01,False,2898.7575912646,Amazon Elastic Compute Cloud - Compute,USW2-SpotUsage:m7i.metal-48xl
2026-06-01,2026-07-01,False,71.9870504081,Amazon Elastic Compute Cloud - Compute,USW2-SpotUsage:m8i.32xlarge
2026-06-01,2026-07-01,False,366.4022616356,Amazon Elastic Compute Cloud - Compute,USW2-SpotUsage:m8i.48xlarge
2026-06-01,2026-07-01,False,345.7729945528,Amazon Elastic Compute Cloud - Compute,USW2-SpotUsage:m8i.metal-48xl
2026-06-01,2026-07-01,False,106.641101518,Amazon Elastic Compute Cloud - Compute,USW2-SpotUsage:m8id.96xlarge
2026-06-01,2026-07-01,False,138.6524924992,Amazon Elastic Compute Cloud - Compute,USW2-SpotUsage:m8id.metal-96xl
2026-06-01,2026-07-01,False,3545.4870320291,Amazon Elastic Compute Cloud - Compute,USW2-SpotUsage:m8idb.96xlarge
2026-06-01,2026-07-01,False,2485.7921735876,Amazon Elastic Compute Cloud - Compute,USW2-SpotUsage:m8idn.96xlarge
2026-06-01,2026-07-01,False,0.27783,Amazon Elastic Compute Cloud - Compute,USW2-SpotUsage:r5.2xlarge
2026-06-01,2026-07-01,False,0.265112089,Amazon Elastic Compute Cloud - Compute,USW2-SpotUsage:r6i.metal
2026-06-01,2026-07-01,False,1.4092914674,Amazon Elastic Compute Cloud - Compute,USW2-SpotUsage:r6id.metal
2026-06-01,2026-07-01,False,759.4633126224,Amazon Elastic Compute Cloud - Compute,USW2-SpotUsage:r7i.48xlarge
2026-06-01,2026-07-01,False,183.9190717227,Amazon Elastic Compute Cloud - Compute,USW2-SpotUsage:r7i.metal-48xl
2026-06-01,2026-07-01,False,19.6170973956,Amazon Elastic Compute Cloud - Compute,USW2-SpotUsage:r8i.32xlarge
2026-06-01,2026-07-01,False,466.8477871838,Amazon Elastic Compute Cloud - Compute,USW2-SpotUsage:r8i.48xlarge
2026-06-01,2026-07-01,False,461.0936388212,Amazon Elastic Compute Cloud - Compute,USW2-SpotUsage:r8i.metal-48xl
2026-06-01,2026-07-01,False,555.5110329222,Amazon Elastic Compute Cloud - Compute,USW2-SpotUsage:r8id.96xlarge
2026-06-01,2026-07-01,False,800.8004469923,Amazon Elastic Compute Cloud - Compute,USW2-SpotUsage:r8id.metal-96xl
2026-06-01,2026-07-01,False,26.2631878839,Amazon Elastic Compute Cloud - Compute,USW2-SpotUsage:x8i.32xlarge
2026-06-01,2026-07-01,False,0.0,Amazon Elastic Compute Cloud - Compute,USW2-USE1-AWS-In-Bytes
2026-06-01,2026-07-01,False,0.3412544363,Amazon Elastic Compute Cloud - Compute,USW2-USE1-AWS-Out-Bytes
2026-06-01,2026-07-01,False,0.0,Amazon Elastic Compute Cloud - Compute,USW2-USE2-AWS-In-Bytes
2026-06-01,2026-07-01,False,0.005718977,Amazon Elastic Compute Cloud - Compute,USW2-USE2-AWS-Out-Bytes
2026-06-01,2026-07-01,False,0.0,Amazon Elastic Compute Cloud - Compute,USW2-USW1-AWS-In-Bytes
2026-06-01,2026-07-01,False,0.0013248805,Amazon Elastic Compute Cloud - Compute,USW2-USW1-AWS-Out-Bytes
2026-06-01,2026-07-01,False,0.0773201975,Amazon Elastic Container Service,USW2-DataTransfer-Regional-Bytes
2026-06-01,2026-07-01,False,9.5962616035,Amazon Elastic Container Service,USW2-Fargate-GB-Hours
2026-06-01,2026-07-01,False,43.6959133539,Amazon Elastic Container Service,USW2-Fargate-vCPU-Hours:perCPU
2026-06-01,2026-07-01,False,0.0001175506,Amazon Elastic File System,USW2-TimedStorage-ByteHrs
2026-06-01,2026-07-01,False,16.2,Amazon Elastic Load Balancing,LoadBalancerUsage
2026-06-01,2026-07-01,False,0.0,Amazon Elastic Load Balancing,USW2-APN1-AWS-In-Bytes
2026-06-01,2026-07-01,False,2.5474e-06,Amazon Elastic Load Balancing,USW2-APN1-AWS-Out-Bytes
2026-06-01,2026-07-01,False,0.0,Amazon Elastic Load Balancing,USW2-APN2-AWS-In-Bytes
2026-06-01,2026-07-01,False,2.43e-07,Amazon Elastic Load Balancing,USW2-APN2-AWS-Out-Bytes
2026-06-01,2026-07-01,False,0.0,Amazon Elastic Load Balancing,USW2-APS1-AWS-In-Bytes
2026-06-01,2026-07-01,False,1.10432e-05,Amazon Elastic Load Balancing,USW2-APS1-AWS-Out-Bytes
2026-06-01,2026-07-01,False,0.0,Amazon Elastic Load Balancing,USW2-APS2-AWS-In-Bytes
2026-06-01,2026-07-01,False,1.23607e-05,Amazon Elastic Load Balancing,USW2-APS2-AWS-Out-Bytes
2026-06-01,2026-07-01,False,0.0,Amazon Elastic Load Balancing,USW2-APS3-AWS-In-Bytes
2026-06-01,2026-07-01,False,1.7323e-06,Amazon Elastic Load Balancing,USW2-APS3-AWS-Out-Bytes
2026-06-01,2026-07-01,False,0.0,Amazon Elastic Load Balancing,USW2-APS6-AWS-In-Bytes
2026-06-01,2026-07-01,False,2.863e-07,Amazon Elastic Load Balancing,USW2-APS6-AWS-Out-Bytes
2026-06-01,2026-07-01,False,0.0,Amazon Elastic Load Balancing,USW2-CAN1-AWS-In-Bytes
2026-06-01,2026-07-01,False,1.91938e-05,Amazon Elastic Load Balancing,USW2-CAN1-AWS-Out-Bytes
2026-06-01,2026-07-01,False,0.0,Amazon Elastic Load Balancing,USW2-CloudFront-In-Bytes
2026-06-01,2026-07-01,False,0.0,Amazon Elastic Load Balancing,USW2-CloudFront-Out-Bytes
2026-06-01,2026-07-01,False,0.0,Amazon Elastic Load Balancing,USW2-DataTransfer-In-Bytes
2026-06-01,2026-07-01,False,0.0222354521,Amazon Elastic Load Balancing,USW2-DataTransfer-Out-Bytes
2026-06-01,2026-07-01,False,3.268e-05,Amazon Elastic Load Balancing,USW2-DataTransfer-Regional-Bytes
2026-06-01,2026-07-01,False,0.0,Amazon Elastic Load Balancing,USW2-EU-AWS-In-Bytes
2026-06-01,2026-07-01,False,3.4169e-06,Amazon Elastic Load Balancing,USW2-EU-AWS-Out-Bytes
2026-06-01,2026-07-01,False,0.0,Amazon Elastic Load Balancing,USW2-EUC1-AWS-In-Bytes
2026-06-01,2026-07-01,False,1.04114e-05,Amazon Elastic Load Balancing,USW2-EUC1-AWS-Out-Bytes
2026-06-01,2026-07-01,False,0.0,Amazon Elastic Load Balancing,USW2-EUN1-AWS-In-Bytes
2026-06-01,2026-07-01,False,2.729e-07,Amazon Elastic Load Balancing,USW2-EUN1-AWS-Out-Bytes
2026-06-01,2026-07-01,False,0.0,Amazon Elastic Load Balancing,USW2-EUW2-AWS-In-Bytes
2026-06-01,2026-07-01,False,7.7436e-06,Amazon Elastic Load Balancing,USW2-EUW2-AWS-Out-Bytes
2026-06-01,2026-07-01,False,0.0071139597,Amazon Elastic Load Balancing,USW2-LCUUsage
2026-06-01,2026-07-01,False,24.9975,Amazon Elastic Load Balancing,USW2-LoadBalancerUsage
2026-06-01,2026-07-01,False,0.0,Amazon Elastic Load Balancing,USW2-USE1-AWS-In-Bytes
2026-06-01,2026-07-01,False,0.0001047675,Amazon Elastic Load Balancing,USW2-USE1-AWS-Out-Bytes
2026-06-01,2026-07-01,False,0.0,Amazon Elastic Load Balancing,USW2-USE2-AWS-In-Bytes
2026-06-01,2026-07-01,False,3.05116e-05,Amazon Elastic Load Balancing,USW2-USE2-AWS-Out-Bytes
2026-06-01,2026-07-01,False,0.0,Amazon Elastic Load Balancing,USW2-USW1-AWS-In-Bytes
2026-06-01,2026-07-01,False,9.545e-07,Amazon Elastic Load Balancing,USW2-USW1-AWS-Out-Bytes
2026-06-01,2026-07-01,False,0.0,Amazon FSx,USW2-CloudFront-In-Bytes
2026-06-01,2026-07-01,False,0.0,Amazon FSx,USW2-CloudFront-Out-Bytes
2026-06-01,2026-07-01,False,0.0,Amazon FSx,USW2-DataTransfer-In-Bytes
2026-06-01,2026-07-01,False,0.0007456894,Amazon FSx,USW2-DataTransfer-Out-Bytes
2026-06-01,2026-07-01,False,0.1334497791,Amazon FSx,USW2-DataTransfer-Regional-Bytes
2026-06-01,2026-07-01,False,2395.7519461368,Amazon FSx,USW2-Storage
2026-06-01,2026-07-01,False,0.0,Amazon FSx,USW2-USE1-AWS-In-Bytes
2026-06-01,2026-07-01,False,2.11662e-05,Amazon FSx,USW2-USE1-AWS-Out-Bytes
2026-06-01,2026-07-01,False,1.23e-07,Amazon Glacier,AFS1-USW2-AWS-Out-Bytes
2026-06-01,2026-07-01,False,7.5e-08,Amazon Glacier,APE1-USW2-AWS-Out-Bytes
2026-06-01,2026-07-01,False,3e-07,Amazon Glacier,APN1-USW2-AWS-Out-Bytes
2026-06-01,2026-07-01,False,2.64e-07,Amazon Glacier,APN2-USW2-AWS-Out-Bytes
2026-06-01,2026-07-01,False,3e-07,Amazon Glacier,APN3-USW2-AWS-Out-Bytes
2026-06-01,2026-07-01,False,3e-07,Amazon Glacier,APS1-USW2-AWS-Out-Bytes
2026-06-01,2026-07-01,False,3.24e-07,Amazon Glacier,APS2-USW2-AWS-Out-Bytes
2026-06-01,2026-07-01,False,2.88e-07,Amazon Glacier,APS3-USW2-AWS-Out-Bytes
2026-06-01,2026-07-01,False,7.2e-08,Amazon Glacier,CAN1-USW2-AWS-Out-Bytes
2026-06-01,2026-07-01,False,7.2e-08,Amazon Glacier,EU-USW2-AWS-Out-Bytes
2026-06-01,2026-07-01,False,7.2e-08,Amazon Glacier,EUC1-USW2-AWS-Out-Bytes
2026-06-01,2026-07-01,False,7.2e-08,Amazon Glacier,EUN1-USW2-AWS-Out-Bytes
2026-06-01,2026-07-01,False,7.2e-08,Amazon Glacier,EUW2-USW2-AWS-Out-Bytes
2026-06-01,2026-07-01,False,7.2e-08,Amazon Glacier,EUW3-USW2-AWS-Out-Bytes
2026-06-01,2026-07-01,False,4.68e-07,Amazon Glacier,SAE1-USW2-AWS-Out-Bytes
2026-06-01,2026-07-01,False,7.2e-08,Amazon Glacier,USE1-USW2-AWS-Out-Bytes
2026-06-01,2026-07-01,False,7.2e-08,Amazon Glacier,USE2-USW2-AWS-Out-Bytes
2026-06-01,2026-07-01,False,7.2e-08,Amazon Glacier,USW1-USW2-AWS-Out-Bytes
2026-06-01,2026-07-01,False,0.0046492,Amazon GuardDuty,APN1-PaidEventsAnalyzed
2026-06-01,2026-07-01,False,0.0045356,Amazon GuardDuty,APN2-PaidEventsAnalyzed
2026-06-01,2026-07-01,False,0.00485,Amazon GuardDuty,APN3-PaidEventsAnalyzed
2026-06-01,2026-07-01,False,0.0045402,Amazon GuardDuty,APS1-PaidEventsAnalyzed
2026-06-01,2026-07-01,False,0.004554,Amazon GuardDuty,APS2-PaidEventsAnalyzed
2026-06-01,2026-07-01,False,0.004334,Amazon GuardDuty,APS3-PaidEventsAnalyzed
2026-06-01,2026-07-01,False,0.004531,Amazon GuardDuty,CAN1-PaidEventsAnalyzed
2026-06-01,2026-07-01,False,0.004334,Amazon GuardDuty,EU-PaidEventsAnalyzed
2026-06-01,2026-07-01,False,0.0044804,Amazon GuardDuty,EUC1-PaidEventsAnalyzed
2026-06-01,2026-07-01,False,0.0035994,Amazon GuardDuty,EUN1-PaidEventsAnalyzed
2026-06-01,2026-07-01,False,0.004334,Amazon GuardDuty,EUW2-PaidEventsAnalyzed
2026-06-01,2026-07-01,False,0.0043472,Amazon GuardDuty,EUW3-PaidEventsAnalyzed
2026-06-01,2026-07-01,False,0.006909,Amazon GuardDuty,SAE1-PaidEventsAnalyzed
2026-06-01,2026-07-01,False,0.004524,Amazon GuardDuty,USE1-PaidEventsAnalyzed
2026-06-01,2026-07-01,False,12.75000003,Amazon GuardDuty,USE1-PaidRDSvCPUMonitored
2026-06-01,2026-07-01,False,0.00632,Amazon GuardDuty,USE2-PaidEventsAnalyzed
2026-06-01,2026-07-01,False,0.004268,Amazon GuardDuty,USW1-PaidEventsAnalyzed
2026-06-01,2026-07-01,False,0.0,Amazon GuardDuty,USW2-FreeEventsAnalyzed
2026-06-01,2026-07-01,False,0.0,Amazon GuardDuty,USW2-FreeS3DataEventsAnalyzed
2026-06-01,2026-07-01,False,0.133656,Amazon GuardDuty,USW2-PaidEventsAnalyzed
2026-06-01,2026-07-01,False,0.2505368745,Amazon GuardDuty,USW2-PaidEventsAnalyzed-Bytes
2026-06-01,2026-07-01,False,0.1131296,Amazon GuardDuty,USW2-PaidS3DataEventsAnalyzed
2026-06-01,2026-07-01,False,0.0,Amazon Inspector,AFS1-EC2-free-metering
2026-06-01,2026-07-01,False,0.0,Amazon Inspector,AFS1-ECR-free-metering
2026-06-01,2026-07-01,False,0.0,Amazon Inspector,AFS1-Lambda-Standard-free-metering
2026-06-01,2026-07-01,False,0.0,Amazon Inspector,APE1-EC2-free-metering
2026-06-01,2026-07-01,False,0.0,Amazon Inspector,APE1-ECR-free-metering
2026-06-01,2026-07-01,False,0.0,Amazon Inspector,APE1-Lambda-Standard-free-metering
2026-06-01,2026-07-01,False,0.0,Amazon Inspector,APN1-EC2-free-metering
2026-06-01,2026-07-01,False,0.0,Amazon Inspector,APN1-ECR-free-metering
2026-06-01,2026-07-01,False,0.0,Amazon Inspector,APN1-Lambda-Code-free-metering
2026-06-01,2026-07-01,False,0.0,Amazon Inspector,APN1-Lambda-Standard-free-metering
2026-06-01,2026-07-01,False,0.0,Amazon Inspector,APN2-EC2-free-metering
2026-06-01,2026-07-01,False,0.0,Amazon Inspector,APN2-ECR-free-metering
2026-06-01,2026-07-01,False,0.0,Amazon Inspector,APN2-Lambda-Standard-free-metering
2026-06-01,2026-07-01,False,0.0,Amazon Inspector,APN3-EC2-free-metering
2026-06-01,2026-07-01,False,0.0,Amazon Inspector,APN3-ECR-free-metering
2026-06-01,2026-07-01,False,0.0,Amazon Inspector,APN3-Lambda-Standard-free-metering
2026-06-01,2026-07-01,False,0.0,Amazon Inspector,APS1-EC2-free-metering
2026-06-01,2026-07-01,False,0.0,Amazon Inspector,APS1-ECR-free-metering
2026-06-01,2026-07-01,False,0.0,Amazon Inspector,APS1-Lambda-Code-free-metering
2026-06-01,2026-07-01,False,0.0,Amazon Inspector,APS1-Lambda-Standard-free-metering
2026-06-01,2026-07-01,False,0.0,Amazon Inspector,APS2-EC2-free-metering
2026-06-01,2026-07-01,False,0.0,Amazon Inspector,APS2-ECR-free-metering
2026-06-01,2026-07-01,False,0.0,Amazon Inspector,APS2-Lambda-Code-free-metering
2026-06-01,2026-07-01,False,0.0,Amazon Inspector,APS2-Lambda-Standard-free-metering
2026-06-01,2026-07-01,False,0.0,Amazon Inspector,APS3-EC2-free-metering
2026-06-01,2026-07-01,False,0.0,Amazon Inspector,APS3-ECR-free-metering
2026-06-01,2026-07-01,False,0.0,Amazon Inspector,APS3-Lambda-Standard-free-metering
2026-06-01,2026-07-01,False,0.0,Amazon Inspector,APS4-EC2-free-metering
2026-06-01,2026-07-01,False,0.0,Amazon Inspector,APS4-ECR-free-metering
2026-06-01,2026-07-01,False,0.0,Amazon Inspector,APS4-Lambda-Standard-free-metering
2026-06-01,2026-07-01,False,0.0,Amazon Inspector,APS5-EC2-free-metering
2026-06-01,2026-07-01,False,0.0,Amazon Inspector,APS5-ECR-free-metering
2026-06-01,2026-07-01,False,0.0,Amazon Inspector,APS5-Lambda-Standard-free-metering
2026-06-01,2026-07-01,False,0.0,Amazon Inspector,CAN1-EC2-free-metering
2026-06-01,2026-07-01,False,0.0,Amazon Inspector,CAN1-ECR-free-metering
2026-06-01,2026-07-01,False,0.0,Amazon Inspector,CAN1-Lambda-Standard-free-metering
2026-06-01,2026-07-01,False,0.0,Amazon Inspector,EU-EC2-free-metering
2026-06-01,2026-07-01,False,0.0,Amazon Inspector,EU-ECR-free-metering
2026-06-01,2026-07-01,False,0.0,Amazon Inspector,EU-Lambda-Code-free-metering
2026-06-01,2026-07-01,False,0.0,Amazon Inspector,EU-Lambda-Standard-free-metering
2026-06-01,2026-07-01,False,0.0,Amazon Inspector,EUC1-EC2-free-metering
2026-06-01,2026-07-01,False,0.0,Amazon Inspector,EUC1-ECR-free-metering
2026-06-01,2026-07-01,False,0.0,Amazon Inspector,EUC1-Lambda-Code-free-metering
2026-06-01,2026-07-01,False,0.0,Amazon Inspector,EUC1-Lambda-Standard-free-metering
2026-06-01,2026-07-01,False,0.0,Amazon Inspector,EUN1-EC2-free-metering
2026-06-01,2026-07-01,False,0.0,Amazon Inspector,EUN1-ECR-free-metering
2026-06-01,2026-07-01,False,0.0,Amazon Inspector,EUN1-Lambda-Code-free-metering
2026-06-01,2026-07-01,False,0.0,Amazon Inspector,EUN1-Lambda-Standard-free-metering
2026-06-01,2026-07-01,False,0.0,Amazon Inspector,EUW2-EC2-free-metering
2026-06-01,2026-07-01,False,0.0,Amazon Inspector,EUW2-ECR-free-metering
2026-06-01,2026-07-01,False,0.0,Amazon Inspector,EUW2-Lambda-Code-free-metering
2026-06-01,2026-07-01,False,0.0,Amazon Inspector,EUW2-Lambda-Standard-free-metering
2026-06-01,2026-07-01,False,0.0,Amazon Inspector,EUW3-EC2-free-metering
2026-06-01,2026-07-01,False,0.0,Amazon Inspector,EUW3-ECR-free-metering
2026-06-01,2026-07-01,False,0.0,Amazon Inspector,EUW3-Lambda-Standard-free-metering
2026-06-01,2026-07-01,False,0.0,Amazon Inspector,SAE1-EC2-free-metering
2026-06-01,2026-07-01,False,0.0,Amazon Inspector,SAE1-ECR-free-metering
2026-06-01,2026-07-01,False,0.0,Amazon Inspector,SAE1-Lambda-Standard-free-metering
2026-06-01,2026-07-01,False,0.0,Amazon Inspector,USE1-EC2-free-metering
2026-06-01,2026-07-01,False,0.0,Amazon Inspector,USE1-ECR-free-metering
2026-06-01,2026-07-01,False,0.0,Amazon Inspector,USE1-Lambda-Code-free-metering
2026-06-01,2026-07-01,False,0.0,Amazon Inspector,USE1-Lambda-Standard-free-metering
2026-06-01,2026-07-01,False,0.0,Amazon Inspector,USE2-EC2-free-metering
2026-06-01,2026-07-01,False,0.0,Amazon Inspector,USE2-ECR-free-metering
2026-06-01,2026-07-01,False,0.0,Amazon Inspector,USE2-Lambda-Code-free-metering
2026-06-01,2026-07-01,False,0.0,Amazon Inspector,USE2-Lambda-Standard-free-metering
2026-06-01,2026-07-01,False,0.0,Amazon Inspector,USW1-EC2-free-metering
2026-06-01,2026-07-01,False,0.0,Amazon Inspector,USW1-ECR-free-metering
2026-06-01,2026-07-01,False,0.0,Amazon Inspector,USW1-Lambda-Standard-free-metering
2026-06-01,2026-07-01,False,0.0,Amazon Inspector,USW2-EC2-free-metering
2026-06-01,2026-07-01,False,0.0,Amazon Inspector,USW2-ECR-free-metering
2026-06-01,2026-07-01,False,0.0,Amazon Inspector,USW2-Lambda-Code-free-metering
2026-06-01,2026-07-01,False,0.0,Amazon Inspector,USW2-Lambda-Standard-free-metering
2026-06-01,2026-07-01,False,0.1152402647,Amazon Relational Database Service,Aurora:BackupUsage
2026-06-01,2026-07-01,False,7.4254484,Amazon Relational Database Service,Aurora:StorageIOUsage
2026-06-01,2026-07-01,False,0.2241942663,Amazon Relational Database Service,Aurora:StorageUsage
2026-06-01,2026-07-01,False,0.0,Amazon Relational Database Service,DataTransfer-In-Bytes
2026-06-01,2026-07-01,False,7.6882e-05,Amazon Relational Database Service,DataTransfer-Out-Bytes
2026-06-01,2026-07-01,False,626.4,Amazon Relational Database Service,InstanceUsage:db.r5.large
2026-06-01,2026-07-01,False,187.2,Amazon Relational Database Service,InstanceUsage:db.r6g.large
2026-06-01,2026-07-01,False,73.746433272,Amazon Relational Database Service,InstanceUsage:db.r7g.large
2026-06-01,2026-07-01,False,0.160759944,Amazon Relational Database Service,InstanceUsage:db.t3.medium
2026-06-01,2026-07-01,False,99.36,Amazon Relational Database Service,InstanceUsage:db.t4g.medium
2026-06-01,2026-07-01,False,0.1351926745,Amazon Relational Database Service,RDS:ChargedBackupUsage
2026-06-01,2026-07-01,False,0.0356624229,Amazon Relational Database Service,RDS:GP2-Storage
2026-06-01,2026-07-01,False,2.299999968,Amazon Relational Database Service,RDS:GP3-Storage
2026-06-01,2026-07-01,False,0.0859180565,Amazon Relational Database Service,USW2-Aurora:BackupUsage
2026-06-01,2026-07-01,False,0.0375128232,Amazon Relational Database Service,USW2-Aurora:IO-OptimizedStorageUsage
2026-06-01,2026-07-01,False,230.6275555559,Amazon Relational Database Service,USW2-Aurora:ServerlessV2IOOptimizedUsage
2026-06-01,2026-07-01,False,7.2974316,Amazon Relational Database Service,USW2-Aurora:StorageIOUsage
2026-06-01,2026-07-01,False,0.0438362654,Amazon Relational Database Service,USW2-Aurora:StorageUsage
2026-06-01,2026-07-01,False,0.0,Amazon Relational Database Service,USW2-DataTransfer-In-Bytes
2026-06-01,2026-07-01,False,0.0029280387,Amazon Relational Database Service,USW2-DataTransfer-Out-Bytes
2026-06-01,2026-07-01,False,0.0,Amazon Relational Database Service,USW2-DataTransfer-xAZ-In-Bytes
2026-06-01,2026-07-01,False,0.0,Amazon Relational Database Service,USW2-DataTransfer-xAZ-Out-Bytes
2026-06-01,2026-07-01,False,626.4,Amazon Relational Database Service,USW2-InstanceUsage:db.r5.large
2026-06-01,2026-07-01,False,187.2,Amazon Relational Database Service,USW2-InstanceUsage:db.r6g.large
2026-06-01,2026-07-01,False,198.72,Amazon Relational Database Service,USW2-InstanceUsage:db.r8g.large
2026-06-01,2026-07-01,False,99.36,Amazon Relational Database Service,USW2-InstanceUsage:db.t4g.medium
2026-06-01,2026-07-01,False,34.56,Amazon Relational Database Service,USW2-InstanceUsage:db.t4g.micro
2026-06-01,2026-07-01,False,1033.92,Amazon Relational Database Service,USW2-InstanceUsageIOOptimized:db.r8g.2xl
2026-06-01,2026-07-01,False,1033.92,Amazon Relational Database Service,USW2-InstanceUsageIOOptimized:db.r8g.xl
2026-06-01,2026-07-01,False,6.899999904,Amazon Relational Database Service,USW2-RDS:GP2-Storage
2026-06-01,2026-07-01,False,22.999999968,Amazon Relational Database Service,USW2-RDS:GP3-Storage
2026-06-01,2026-07-01,False,0.0227237085,Amazon Relational Database Service,USW2-USE1-AWS-Out-Bytes
2026-06-01,2026-07-01,False,0.4092564,Amazon Route 53,DNS-Queries
2026-06-01,2026-07-01,False,14.0,Amazon Route 53,HostedZone
2026-06-01,2026-07-01,False,0.0,Amazon Route 53,Intra-AWS-DNS-Queries
2026-06-01,2026-07-01,False,0.0,Amazon Simple Notification Service,AFS1-DataTransfer-Out-Bytes
2026-06-01,2026-07-01,False,0.0,Amazon Simple Notification Service,AFS1-Requests-Tier1
2026-06-01,2026-07-01,False,0.0,Amazon Simple Notification Service,APE1-DataTransfer-Out-Bytes
2026-06-01,2026-07-01,False,0.0,Amazon Simple Notification Service,APE1-Requests-Tier1
2026-06-01,2026-07-01,False,0.0,Amazon Simple Notification Service,APN1-DataTransfer-Out-Bytes
2026-06-01,2026-07-01,False,0.0,Amazon Simple Notification Service,APN1-Requests-Tier1
2026-06-01,2026-07-01,False,0.0,Amazon Simple Notification Service,APN2-DataTransfer-Out-Bytes
2026-06-01,2026-07-01,False,0.0,Amazon Simple Notification Service,APN2-Requests-Tier1
2026-06-01,2026-07-01,False,0.0,Amazon Simple Notification Service,APN3-DataTransfer-Out-Bytes
2026-06-01,2026-07-01,False,0.0,Amazon Simple Notification Service,APN3-Requests-Tier1
2026-06-01,2026-07-01,False,0.0,Amazon Simple Notification Service,APS1-DataTransfer-Out-Bytes
2026-06-01,2026-07-01,False,0.0,Amazon Simple Notification Service,APS1-Requests-Tier1
2026-06-01,2026-07-01,False,0.0,Amazon Simple Notification Service,APS2-DataTransfer-Out-Bytes
2026-06-01,2026-07-01,False,0.0,Amazon Simple Notification Service,APS2-Requests-Tier1
2026-06-01,2026-07-01,False,0.0,Amazon Simple Notification Service,APS3-DataTransfer-Out-Bytes
2026-06-01,2026-07-01,False,0.0,Amazon Simple Notification Service,APS3-Requests-Tier1
2026-06-01,2026-07-01,False,0.0,Amazon Simple Notification Service,APS4-DataTransfer-Out-Bytes
2026-06-01,2026-07-01,False,0.0,Amazon Simple Notification Service,APS4-Requests-Tier1
2026-06-01,2026-07-01,False,0.0,Amazon Simple Notification Service,APS5-DataTransfer-Out-Bytes
2026-06-01,2026-07-01,False,0.0,Amazon Simple Notification Service,APS5-Requests-Tier1
2026-06-01,2026-07-01,False,3.84e-07,Amazon Simple Notification Service,CAN1-DataTransfer-Out-Bytes
2026-06-01,2026-07-01,False,0.0,Amazon Simple Notification Service,CAN1-Requests-Tier1
2026-06-01,2026-07-01,False,3.84e-07,Amazon Simple Notification Service,DataTransfer-Out-Bytes
2026-06-01,2026-07-01,False,3.84e-07,Amazon Simple Notification Service,EU-DataTransfer-Out-Bytes
2026-06-01,2026-07-01,False,0.0,Amazon Simple Notification Service,EU-Requests-Tier1
2026-06-01,2026-07-01,False,3.84e-07,Amazon Simple Notification Service,EUC1-DataTransfer-Out-Bytes
2026-06-01,2026-07-01,False,0.0,Amazon Simple Notification Service,EUC1-Requests-Tier1
2026-06-01,2026-07-01,False,3.84e-07,Amazon Simple Notification Service,EUN1-DataTransfer-Out-Bytes
2026-06-01,2026-07-01,False,0.0,Amazon Simple Notification Service,EUN1-Requests-Tier1
2026-06-01,2026-07-01,False,3.84e-07,Amazon Simple Notification Service,EUW2-DataTransfer-Out-Bytes
2026-06-01,2026-07-01,False,0.0,Amazon Simple Notification Service,EUW2-Requests-Tier1
2026-06-01,2026-07-01,False,3.84e-07,Amazon Simple Notification Service,EUW3-DataTransfer-Out-Bytes
2026-06-01,2026-07-01,False,0.0,Amazon Simple Notification Service,EUW3-Requests-Tier1
2026-06-01,2026-07-01,False,0.0,Amazon Simple Notification Service,Requests-Tier1
2026-06-01,2026-07-01,False,0.0,Amazon Simple Notification Service,SAE1-DataTransfer-Out-Bytes
2026-06-01,2026-07-01,False,0.0,Amazon Simple Notification Service,SAE1-Requests-Tier1
2026-06-01,2026-07-01,False,3.84e-07,Amazon Simple Notification Service,USE2-DataTransfer-Out-Bytes
2026-06-01,2026-07-01,False,0.0,Amazon Simple Notification Service,USE2-Requests-Tier1
2026-06-01,2026-07-01,False,3.84e-07,Amazon Simple Notification Service,USW1-DataTransfer-Out-Bytes
2026-06-01,2026-07-01,False,0.0,Amazon Simple Notification Service,USW1-Requests-Tier1
2026-06-01,2026-07-01,False,1.2342e-06,Amazon Simple Notification Service,USW2-DataTransfer-Out-Bytes
2026-06-01,2026-07-01,False,0.0,Amazon Simple Notification Service,USW2-DeliveryAttempts-SMTP
2026-06-01,2026-07-01,False,0.0,Amazon Simple Notification Service,USW2-Requests-Tier1
2026-06-01,2026-07-01,False,0.0,Amazon Simple Queue Service,AFS1-Requests-Tier1
2026-06-01,2026-07-01,False,0.0,Amazon Simple Queue Service,APE1-Requests-Tier1
2026-06-01,2026-07-01,False,0.0,Amazon Simple Queue Service,APN1-Requests-Tier1
2026-06-01,2026-07-01,False,0.0,Amazon Simple Queue Service,APN2-Requests-Tier1
2026-06-01,2026-07-01,False,0.0,Amazon Simple Queue Service,APN3-Requests-Tier1
2026-06-01,2026-07-01,False,0.0,Amazon Simple Queue Service,APS1-Requests-Tier1
2026-06-01,2026-07-01,False,0.0,Amazon Simple Queue Service,APS2-Requests-Tier1
2026-06-01,2026-07-01,False,0.0,Amazon Simple Queue Service,APS3-Requests-Tier1
2026-06-01,2026-07-01,False,0.0,Amazon Simple Queue Service,APS4-Requests-Tier1
2026-06-01,2026-07-01,False,0.0,Amazon Simple Queue Service,APS5-Requests-Tier1
2026-06-01,2026-07-01,False,0.0,Amazon Simple Queue Service,CAN1-Requests-Tier1
2026-06-01,2026-07-01,False,0.0,Amazon Simple Queue Service,EU-Requests-Tier1
2026-06-01,2026-07-01,False,0.0,Amazon Simple Queue Service,EUC1-Requests-Tier1
2026-06-01,2026-07-01,False,0.0,Amazon Simple Queue Service,EUN1-Requests-Tier1
2026-06-01,2026-07-01,False,0.0,Amazon Simple Queue Service,EUW2-Requests-Tier1
2026-06-01,2026-07-01,False,0.0,Amazon Simple Queue Service,EUW3-Requests-Tier1
2026-06-01,2026-07-01,False,0.0,Amazon Simple Queue Service,Requests-RBP
2026-06-01,2026-07-01,False,0.0,Amazon Simple Queue Service,SAE1-Requests-Tier1
2026-06-01,2026-07-01,False,0.0,Amazon Simple Queue Service,USE2-Requests-Tier1
2026-06-01,2026-07-01,False,0.0,Amazon Simple Queue Service,USW1-Requests-Tier1
2026-06-01,2026-07-01,False,0.0,Amazon Simple Queue Service,USW2-Requests-Tier1
2026-06-01,2026-07-01,False,0.00024,Amazon Simple Storage Service,AFS1-Requests-Tier8
2026-06-01,2026-07-01,False,0.00015,Amazon Simple Storage Service,APE1-Requests-Tier8
2026-06-01,2026-07-01,False,0.000282,Amazon Simple Storage Service,APN1-Requests-Tier1
2026-06-01,2026-07-01,False,0.0003,Amazon Simple Storage Service,APN2-Requests-Tier8
2026-06-01,2026-07-01,False,0.00027,Amazon Simple Storage Service,APN3-Requests-Tier8
2026-06-01,2026-07-01,False,0.00012,Amazon Simple Storage Service,APS1-Requests-Tier8
2026-06-01,2026-07-01,False,0.00027,Amazon Simple Storage Service,APS2-Requests-Tier8
2026-06-01,2026-07-01,False,0.0,Amazon Simple Storage Service,APS3-DataTransfer-Out-Bytes
2026-06-01,2026-07-01,False,0.001195,Amazon Simple Storage Service,APS3-Requests-Tier1
2026-06-01,2026-07-01,False,0.2177932,Amazon Simple Storage Service,APS3-Requests-Tier2
2026-06-01,2026-07-01,False,0.00027,Amazon Simple Storage Service,APS3-Requests-Tier8
2026-06-01,2026-07-01,False,1.0997310332,Amazon Simple Storage Service,APS3-TimedStorage-ByteHrs
2026-06-01,2026-07-01,False,0.0185897324,Amazon Simple Storage Service,APS3-USE1-AWS-Out-Bytes
2026-06-01,2026-07-01,False,0.0036954875,Amazon Simple Storage Service,APS3-USW2-AWS-Out-Bytes
2026-06-01,2026-07-01,False,0.00024,Amazon Simple Storage Service,APS4-Requests-Tier8
2026-06-01,2026-07-01,False,0.00027,Amazon Simple Storage Service,APS5-Requests-Tier8
2026-06-01,2026-07-01,False,0.0,Amazon Simple Storage Service,DataTransfer-In-Bytes
2026-06-01,2026-07-01,False,0.000521715,Amazon Simple Storage Service,DataTransfer-Out-Bytes
2026-06-01,2026-07-01,False,0.0003,Amazon Simple Storage Service,EU-Requests-Tier1
2026-06-01,2026-07-01,False,1.335e-06,Amazon Simple Storage Service,EUC1-DataTransfer-Out-Bytes
2026-06-01,2026-07-01,False,0.0016524,Amazon Simple Storage Service,EUC1-Requests-Tier1
2026-06-01,2026-07-01,False,0.23411823,Amazon Simple Storage Service,EUC1-Requests-Tier2
2026-06-01,2026-07-01,False,1.2134e-06,Amazon Simple Storage Service,EUC1-TagStorage-TagHrs
2026-06-01,2026-07-01,False,2.8797614264,Amazon Simple Storage Service,EUC1-TimedStorage-ByteHrs
2026-06-01,2026-07-01,False,0.0043546594,Amazon Simple Storage Service,EUC1-USE1-AWS-Out-Bytes
2026-06-01,2026-07-01,False,0.0008645708,Amazon Simple Storage Service,EUC1-USW2-AWS-Out-Bytes
2026-06-01,2026-07-01,False,0.0003,Amazon Simple Storage Service,EUN1-Requests-Tier1
2026-06-01,2026-07-01,False,0.00021,Amazon Simple Storage Service,EUN1-Requests-Tier8
2026-06-01,2026-07-01,False,0.00024,Amazon Simple Storage Service,EUW2-Requests-Tier8
2026-06-01,2026-07-01,False,0.00027,Amazon Simple Storage Service,EUW3-Requests-Tier8
2026-06-01,2026-07-01,False,0.0,Amazon Simple Storage Service,Global-Bucket-Hrs-FreeTier
2026-06-01,2026-07-01,False,0.68545,Amazon Simple Storage Service,Requests-Tier1
2026-06-01,2026-07-01,False,0.7953992,Amazon Simple Storage Service,Requests-Tier2
2026-06-01,2026-07-01,False,6e-05,Amazon Simple Storage Service,Requests-Tier8
2026-06-01,2026-07-01,False,0.0452274165,Amazon Simple Storage Service,TimedStorage-ByteHrs
2026-06-01,2026-07-01,False,3.079e-07,Amazon Simple Storage Service,USE1-AFS1-AWS-Out-Bytes
2026-06-01,2026-07-01,False,3.095e-07,Amazon Simple Storage Service,USE1-APE1-AWS-Out-Bytes
2026-06-01,2026-07-01,False,4.8e-08,Amazon Simple Storage Service,USE1-APN1-AWS-Out-Bytes
2026-06-01,2026-07-01,False,4.8e-08,Amazon Simple Storage Service,USE1-APN2-AWS-Out-Bytes
2026-06-01,2026-07-01,False,2.8e-08,Amazon Simple Storage Service,USE1-APN3-AWS-Out-Bytes
2026-06-01,2026-07-01,False,9.18e-08,Amazon Simple Storage Service,USE1-APS1-AWS-Out-Bytes
2026-06-01,2026-07-01,False,4.8e-08,Amazon Simple Storage Service,USE1-APS2-AWS-Out-Bytes
2026-06-01,2026-07-01,False,4.8e-08,Amazon Simple Storage Service,USE1-APS3-AWS-Out-Bytes
2026-06-01,2026-07-01,False,3.007e-07,Amazon Simple Storage Service,USE1-APS4-AWS-Out-Bytes
2026-06-01,2026-07-01,False,3.038e-07,Amazon Simple Storage Service,USE1-APS5-AWS-Out-Bytes
2026-06-01,2026-07-01,False,4.8e-08,Amazon Simple Storage Service,USE1-CAN1-AWS-Out-Bytes
2026-06-01,2026-07-01,False,0.0,Amazon Simple Storage Service,USE1-CloudFront-Out-Bytes
2026-06-01,2026-07-01,False,4.8e-08,Amazon Simple Storage Service,USE1-EU-AWS-Out-Bytes
2026-06-01,2026-07-01,False,4.8e-08,Amazon Simple Storage Service,USE1-EUC1-AWS-Out-Bytes
2026-06-01,2026-07-01,False,4.8e-08,Amazon Simple Storage Service,USE1-EUN1-AWS-Out-Bytes
2026-06-01,2026-07-01,False,4.8e-08,Amazon Simple Storage Service,USE1-EUW2-AWS-Out-Bytes
2026-06-01,2026-07-01,False,7.72e-08,Amazon Simple Storage Service,USE1-EUW3-AWS-Out-Bytes
2026-06-01,2026-07-01,False,9.18e-08,Amazon Simple Storage Service,USE1-SAE1-AWS-Out-Bytes
2026-06-01,2026-07-01,False,5.46e-08,Amazon Simple Storage Service,USE1-USE2-AWS-Out-Bytes
2026-06-01,2026-07-01,False,1.09834e-05,Amazon Simple Storage Service,USE1-USW1-AWS-Out-Bytes
2026-06-01,2026-07-01,False,0.0042764234,Amazon Simple Storage Service,USE1-USW2-AWS-Out-Bytes
2026-06-01,2026-07-01,False,1.3737e-06,Amazon Simple Storage Service,USE2-DataTransfer-Out-Bytes
2026-06-01,2026-07-01,False,0.00035,Amazon Simple Storage Service,USE2-Requests-Tier1
2026-06-01,2026-07-01,False,0.2157724,Amazon Simple Storage Service,USE2-Requests-Tier2
2026-06-01,2026-07-01,False,3.9e-08,Amazon Simple Storage Service,USE2-TimedStorage-ByteHrs
2026-06-01,2026-07-01,False,0.0021085615,Amazon Simple Storage Service,USE2-USE1-AWS-Out-Bytes
2026-06-01,2026-07-01,False,0.0008442191,Amazon Simple Storage Service,USE2-USW2-AWS-Out-Bytes
2026-06-01,2026-07-01,False,0.00024,Amazon Simple Storage Service,USW1-Requests-Tier8
2026-06-01,2026-07-01,False,0.0,Amazon Simple Storage Service,USW2-AFS1-AWS-In-Bytes
2026-06-01,2026-07-01,False,2.4119e-06,Amazon Simple Storage Service,USW2-AFS1-AWS-Out-Bytes
2026-06-01,2026-07-01,False,0.0,Amazon Simple Storage Service,USW2-APE1-AWS-In-Bytes
2026-06-01,2026-07-01,False,3.2663e-06,Amazon Simple Storage Service,USW2-APE1-AWS-Out-Bytes
2026-06-01,2026-07-01,False,0.0,Amazon Simple Storage Service,USW2-APN1-AWS-In-Bytes
2026-06-01,2026-07-01,False,3.03127e-05,Amazon Simple Storage Service,USW2-APN1-AWS-Out-Bytes
2026-06-01,2026-07-01,False,0.0,Amazon Simple Storage Service,USW2-APN2-AWS-In-Bytes
2026-06-01,2026-07-01,False,3.14018e-05,Amazon Simple Storage Service,USW2-APN2-AWS-Out-Bytes
2026-06-01,2026-07-01,False,0.0,Amazon Simple Storage Service,USW2-APN3-AWS-In-Bytes
2026-06-01,2026-07-01,False,3.076e-05,Amazon Simple Storage Service,USW2-APN3-AWS-Out-Bytes
2026-06-01,2026-07-01,False,0.0,Amazon Simple Storage Service,USW2-APS1-AWS-In-Bytes
2026-06-01,2026-07-01,False,3.08121e-05,Amazon Simple Storage Service,USW2-APS1-AWS-Out-Bytes
2026-06-01,2026-07-01,False,0.0,Amazon Simple Storage Service,USW2-APS2-AWS-In-Bytes
2026-06-01,2026-07-01,False,3.10975e-05,Amazon Simple Storage Service,USW2-APS2-AWS-Out-Bytes
2026-06-01,2026-07-01,False,0.0,Amazon Simple Storage Service,USW2-APS3-AWS-In-Bytes
2026-06-01,2026-07-01,False,2.82835e-05,Amazon Simple Storage Service,USW2-APS3-AWS-Out-Bytes
2026-06-01,2026-07-01,False,0.0,Amazon Simple Storage Service,USW2-APS4-AWS-In-Bytes
2026-06-01,2026-07-01,False,2.9734e-06,Amazon Simple Storage Service,USW2-APS4-AWS-Out-Bytes
2026-06-01,2026-07-01,False,0.0,Amazon Simple Storage Service,USW2-APS5-AWS-In-Bytes
2026-06-01,2026-07-01,False,3.0538e-06,Amazon Simple Storage Service,USW2-APS5-AWS-Out-Bytes
2026-06-01,2026-07-01,False,0.0,Amazon Simple Storage Service,USW2-CAN1-AWS-In-Bytes
2026-06-01,2026-07-01,False,3.0196e-05,Amazon Simple Storage Service,USW2-CAN1-AWS-Out-Bytes
2026-06-01,2026-07-01,False,0.0,Amazon Simple Storage Service,USW2-CloudFront-Out-Bytes
2026-06-01,2026-07-01,False,0.0,Amazon Simple Storage Service,USW2-DataTransfer-In-ABytes
2026-06-01,2026-07-01,False,0.0,Amazon Simple Storage Service,USW2-DataTransfer-In-Bytes
2026-06-01,2026-07-01,False,13.3261461857,Amazon Simple Storage Service,USW2-DataTransfer-Out-ABytes
2026-06-01,2026-07-01,False,60.0310971831,Amazon Simple Storage Service,USW2-DataTransfer-Out-Bytes
2026-06-01,2026-07-01,False,0.0,Amazon Simple Storage Service,USW2-EU-AWS-In-Bytes
2026-06-01,2026-07-01,False,3.07412e-05,Amazon Simple Storage Service,USW2-EU-AWS-Out-Bytes
2026-06-01,2026-07-01,False,0.0,Amazon Simple Storage Service,USW2-EUC1-AWS-In-Bytes
2026-06-01,2026-07-01,False,2.70863e-05,Amazon Simple Storage Service,USW2-EUC1-AWS-Out-Bytes
2026-06-01,2026-07-01,False,0.0,Amazon Simple Storage Service,USW2-EUN1-AWS-In-Bytes
2026-06-01,2026-07-01,False,2.91112e-05,Amazon Simple Storage Service,USW2-EUN1-AWS-Out-Bytes
2026-06-01,2026-07-01,False,0.0,Amazon Simple Storage Service,USW2-EUW2-AWS-In-Bytes
2026-06-01,2026-07-01,False,3.09272e-05,Amazon Simple Storage Service,USW2-EUW2-AWS-Out-Bytes
2026-06-01,2026-07-01,False,0.0,Amazon Simple Storage Service,USW2-EUW3-AWS-In-Bytes
2026-06-01,2026-07-01,False,3.06522e-05,Amazon Simple Storage Service,USW2-EUW3-AWS-Out-Bytes
2026-06-01,2026-07-01,False,0.0018819996,Amazon Simple Storage Service,USW2-Monitoring-Automation-INT
2026-06-01,2026-07-01,False,5.5e-05,Amazon Simple Storage Service,USW2-Requests-Annotation-Tier1
2026-06-01,2026-07-01,False,0.027845,Amazon Simple Storage Service,USW2-Requests-INT-Tier1
2026-06-01,2026-07-01,False,0.0018208,Amazon Simple Storage Service,USW2-Requests-INT-Tier2
2026-06-01,2026-07-01,False,83.26204,Amazon Simple Storage Service,USW2-Requests-Tier1
2026-06-01,2026-07-01,False,107.411268,Amazon Simple Storage Service,USW2-Requests-Tier2
2026-06-01,2026-07-01,False,0.00057,Amazon Simple Storage Service,USW2-Requests-Tier8
2026-06-01,2026-07-01,False,0.0,Amazon Simple Storage Service,USW2-SAE1-AWS-In-Bytes
2026-06-01,2026-07-01,False,3.06605e-05,Amazon Simple Storage Service,USW2-SAE1-AWS-Out-Bytes
2026-06-01,2026-07-01,False,8.5e-05,Amazon Simple Storage Service,USW2-Tables-Requests-Tier1
2026-06-01,2026-07-01,False,0.0007965112,Amazon Simple Storage Service,USW2-TagStorage-TagHrs
2026-06-01,2026-07-01,False,6581.0516531379,Amazon Simple Storage Service,USW2-TimedStorage-ByteHrs
2026-06-01,2026-07-01,False,17.3811329784,Amazon Simple Storage Service,USW2-TimedStorage-INT-FA-ByteHrs
2026-06-01,2026-07-01,False,0.0,Amazon Simple Storage Service,USW2-USE1-AWS-In-Bytes
2026-06-01,2026-07-01,False,139.3279902926,Amazon Simple Storage Service,USW2-USE1-AWS-Out-Bytes
2026-06-01,2026-07-01,False,0.0,Amazon Simple Storage Service,USW2-USE2-AWS-In-Bytes
2026-06-01,2026-07-01,False,2.72344e-05,Amazon Simple Storage Service,USW2-USE2-AWS-Out-Bytes
2026-06-01,2026-07-01,False,0.0,Amazon Simple Storage Service,USW2-USW1-AWS-In-Bytes
2026-06-01,2026-07-01,False,3.08658e-05,Amazon Simple Storage Service,USW2-USW1-AWS-Out-Bytes
2026-06-01,2026-07-01,False,7.2,Amazon Virtual Private Cloud,APS3-PublicIPv4:InUseAddress
2026-06-01,2026-07-01,False,7.2,Amazon Virtual Private Cloud,EUC1-PublicIPv4:InUseAddress
2026-06-01,2026-07-01,False,0.00656675,Amazon Virtual Private Cloud,USE1-PublicIPv4:IdleAddress
2026-06-01,2026-07-01,False,37.783844455,Amazon Virtual Private Cloud,USE1-PublicIPv4:InUseAddress
2026-06-01,2026-07-01,False,3.39899173,Amazon Virtual Private Cloud,USW2-PublicIPv4:IdleAddress
2026-06-01,2026-07-01,False,56.00224032,Amazon Virtual Private Cloud,USW2-PublicIPv4:InUseAddress
2026-06-01,2026-07-01,False,0.1710700144,Amazon Virtual Private Cloud,USW2-VpcEndpoint-Bytes
2026-06-01,2026-07-01,False,50.4,Amazon Virtual Private Cloud,USW2-VpcEndpoint-Hours
2026-06-01,2026-07-01,False,0.0,AmazonCloudWatch,APS3-CW:Requests
2026-06-01,2026-07-01,False,3e-05,AmazonCloudWatch,CW:GMD-Metrics
2026-06-01,2026-07-01,False,0.0,AmazonCloudWatch,CW:Requests
2026-06-01,2026-07-01,False,0.4416718536,AmazonCloudWatch,DashboardsUsageHour-Basic
2026-06-01,2026-07-01,False,0.0,AmazonCloudWatch,EUC1-CW:Requests
2026-06-01,2026-07-01,False,0.0043441832,AmazonCloudWatch,USE1-TimedStorage-ByteHrs
2026-06-01,2026-07-01,False,0.0437607335,AmazonCloudWatch,USE1-VendedLog-Bytes
2026-06-01,2026-07-01,False,0.0,AmazonCloudWatch,USE2-CW:Requests
2026-06-01,2026-07-01,False,1.4302778028,AmazonCloudWatch,USW2-CW:AlarmMonitorUsage
2026-06-01,2026-07-01,False,1.0763310394,AmazonCloudWatch,USW2-CW:CompositeAlarmMonitorUsage
2026-06-01,2026-07-01,False,0.00042,AmazonCloudWatch,USW2-CW:GMD-Metrics
2026-06-01,2026-07-01,False,2.1599998467,AmazonCloudWatch,USW2-CW:MetricMonitorUsage
2026-06-01,2026-07-01,False,0.0,AmazonCloudWatch,USW2-CW:Requests
2026-06-01,2026-07-01,False,269.5705567351,AmazonCloudWatch,USW2-DataProcessing-Bytes
2026-06-01,2026-07-01,False,0.712848696,AmazonCloudWatch,USW2-TimedStorage-ByteHrs
2026-06-01,2026-07-01,False,9.49558e-05,AmazonCloudWatch,USW2-VendedLog-Bytes
2026-06-01,2026-07-01,False,0.0,CloudWatch Events,USW2-ScheduledInvocation
2026-06-01,2026-07-01,False,0.0,Tax,AFS1-EventsAnalyzed
2026-06-01,2026-07-01,False,0.0,Tax,APE1-EventsAnalyzed
2026-06-01,2026-07-01,False,0.0,Tax,APN1-EventsAnalyzed
2026-06-01,2026-07-01,False,0.0,Tax,APN1-PaidComplianceCheck
2026-06-01,2026-07-01,False,0.0,Tax,APN2-EventsAnalyzed
2026-06-01,2026-07-01,False,0.0,Tax,APN2-PaidComplianceCheck
2026-06-01,2026-07-01,False,0.0,Tax,APN3-EventsAnalyzed
2026-06-01,2026-07-01,False,0.0,Tax,APN3-PaidComplianceCheck
2026-06-01,2026-07-01,False,0.0,Tax,APS1-EventsAnalyzed
2026-06-01,2026-07-01,False,0.0,Tax,APS1-PaidComplianceCheck
2026-06-01,2026-07-01,False,0.0,Tax,APS2-EventsAnalyzed
2026-06-01,2026-07-01,False,0.0,Tax,APS2-PaidComplianceCheck
2026-06-01,2026-07-01,False,0.0,Tax,APS3-EBS:SnapshotUsage
2026-06-01,2026-07-01,False,0.0,Tax,APS3-EventsAnalyzed
2026-06-01,2026-07-01,False,0.0,Tax,APS3-NatGateway-Hours
2026-06-01,2026-07-01,False,0.0,Tax,APS3-PaidComplianceCheck
2026-06-01,2026-07-01,False,0.0,Tax,APS3-PublicIPv4:InUseAddress
2026-06-01,2026-07-01,False,0.0,Tax,APS3-Requests-Tier2
2026-06-01,2026-07-01,False,0.0,Tax,APS3-TimedStorage-ByteHrs
2026-06-01,2026-07-01,False,0.0,Tax,APS3-USE1-AWS-Out-Bytes
2026-06-01,2026-07-01,False,0.0,Tax,APS4-EventsAnalyzed
2026-06-01,2026-07-01,False,0.0,Tax,APS5-EventsAnalyzed
2026-06-01,2026-07-01,False,0.0,Tax,Aurora:BackupUsage
2026-06-01,2026-07-01,False,0.0,Tax,Aurora:StorageIOUsage
2026-06-01,2026-07-01,False,0.0,Tax,Aurora:StorageUsage
2026-06-01,2026-07-01,False,0.0,Tax,BoxUsage:t3.2xlarge
2026-06-01,2026-07-01,False,0.0,Tax,BoxUsage:t3.micro
2026-06-01,2026-07-01,False,0.0,Tax,BoxUsage:t3.nano
2026-06-01,2026-07-01,False,0.0,Tax,BoxUsage:t3a.2xlarge
2026-06-01,2026-07-01,False,0.0,Tax,CAN1-EventsAnalyzed
2026-06-01,2026-07-01,False,0.0,Tax,CAN1-PaidComplianceCheck
2026-06-01,2026-07-01,False,0.0,Tax,DNS-Queries
2026-06-01,2026-07-01,False,0.0,Tax,DashboardsUsageHour-Basic
2026-06-01,2026-07-01,False,0.0,Tax,DataTransfer-Out-Bytes
2026-06-01,2026-07-01,False,0.0,Tax,DataTransfer-Regional-Bytes
2026-06-01,2026-07-01,False,0.0,Tax,Dollar
2026-06-01,2026-07-01,False,0.0,Tax,EBS:SnapshotUsage
2026-06-01,2026-07-01,False,0.0,Tax,EBS:VolumeUsage.gp3
2026-06-01,2026-07-01,False,0.0,Tax,EU-EventsAnalyzed
2026-06-01,2026-07-01,False,0.0,Tax,EU-PaidComplianceCheck
2026-06-01,2026-07-01,False,0.0,Tax,EUC1-EventsAnalyzed
2026-06-01,2026-07-01,False,0.0,Tax,EUC1-NatGateway-Hours
2026-06-01,2026-07-01,False,0.0,Tax,EUC1-PaidComplianceCheck
2026-06-01,2026-07-01,False,0.0,Tax,EUC1-PublicIPv4:InUseAddress
2026-06-01,2026-07-01,False,0.0,Tax,EUC1-Requests-Tier2
2026-06-01,2026-07-01,False,0.0,Tax,EUC1-TimedStorage-ByteHrs
2026-06-01,2026-07-01,False,0.0,Tax,EUN1-EventsAnalyzed
2026-06-01,2026-07-01,False,0.0,Tax,EUN1-PaidComplianceCheck
2026-06-01,2026-07-01,False,0.0,Tax,EUW2-EventsAnalyzed
2026-06-01,2026-07-01,False,0.0,Tax,EUW2-PaidComplianceCheck
2026-06-01,2026-07-01,False,0.0,Tax,EUW3-EventsAnalyzed
2026-06-01,2026-07-01,False,0.0,Tax,EUW3-PaidComplianceCheck
2026-06-01,2026-07-01,False,0.0,Tax,Global-MonitoredIAMRole
2026-06-01,2026-07-01,False,0.0,Tax,Global-MonitoredIAMUser
2026-06-01,2026-07-01,False,0.0,Tax,Global-RuleV2
2026-06-01,2026-07-01,False,0.0,Tax,Global-WebACLV2
2026-06-01,2026-07-01,False,0.0,Tax,HostedZone
2026-06-01,2026-07-01,False,0.0,Tax,InstanceUsage:db.r5.large
2026-06-01,2026-07-01,False,0.0,Tax,InstanceUsage:db.r6g.large
2026-06-01,2026-07-01,False,0.0,Tax,InstanceUsage:db.r7g.large
2026-06-01,2026-07-01,False,0.0,Tax,InstanceUsage:db.t3.medium
2026-06-01,2026-07-01,False,0.0,Tax,InstanceUsage:db.t4g.medium
2026-06-01,2026-07-01,False,0.0,Tax,LoadBalancerUsage
2026-06-01,2026-07-01,False,0.0,Tax,NatGateway-Hours
2026-06-01,2026-07-01,False,0.0,Tax,RDS:ChargedBackupUsage
2026-06-01,2026-07-01,False,0.0,Tax,RDS:GP2-Storage
2026-06-01,2026-07-01,False,0.0,Tax,RDS:GP3-Storage
2026-06-01,2026-07-01,False,0.0,Tax,Requests-Tier1
2026-06-01,2026-07-01,False,0.0,Tax,Requests-Tier2
2026-06-01,2026-07-01,False,0.0,Tax,SAE1-EventsAnalyzed
2026-06-01,2026-07-01,False,0.0,Tax,SAE1-PaidComplianceCheck
2026-06-01,2026-07-01,False,0.0,Tax,SAE1-PaidEventsAnalyzed
2026-06-01,2026-07-01,False,0.0,Tax,TimedStorage-ByteHrs
2026-06-01,2026-07-01,False,0.0,Tax,USE1-APIRequest
2026-06-01,2026-07-01,False,0.0,Tax,USE1-APS3-AWS-Out-Bytes
2026-06-01,2026-07-01,False,0.0,Tax,USE1-AWSSecretsManager-Secrets
2026-06-01,2026-07-01,False,0.0,Tax,USE1-AWSSecretsManagerAPIRequest
2026-06-01,2026-07-01,False,0.0,Tax,USE1-CostDataStorage
2026-06-01,2026-07-01,False,0.0,Tax,USE1-EUC1-AWS-Out-Bytes
2026-06-01,2026-07-01,False,0.0,Tax,USE1-EventsAnalyzed
2026-06-01,2026-07-01,False,0.0,Tax,USE1-LogsAnalyzedBytes
2026-06-01,2026-07-01,False,0.0,Tax,USE1-MonitoredContainerImage
2026-06-01,2026-07-01,False,0.0,Tax,USE1-MonitoredEC2
2026-06-01,2026-07-01,False,0.0,Tax,USE1-PaidComplianceCheck
2026-06-01,2026-07-01,False,0.0,Tax,USE1-PaidRDSvCPUMonitored
2026-06-01,2026-07-01,False,0.0,Tax,USE1-PublicIPv4:IdleAddress
2026-06-01,2026-07-01,False,0.0,Tax,USE1-PublicIPv4:InUseAddress
2026-06-01,2026-07-01,False,0.0,Tax,USE1-USE2-AWS-Out-Bytes
2026-06-01,2026-07-01,False,0.0,Tax,USE1-USW2-AWS-Out-Bytes
2026-06-01,2026-07-01,False,0.0,Tax,USE1-VendedLog-Bytes
2026-06-01,2026-07-01,False,0.0,Tax,USE2-EventsAnalyzed
2026-06-01,2026-07-01,False,0.0,Tax,USE2-PaidComplianceCheck
2026-06-01,2026-07-01,False,0.0,Tax,USE2-PaidEventsAnalyzed
2026-06-01,2026-07-01,False,0.0,Tax,USE2-Requests-Tier2
2026-06-01,2026-07-01,False,0.0,Tax,USW1-EventsAnalyzed
2026-06-01,2026-07-01,False,0.0,Tax,USW1-PaidComplianceCheck
2026-06-01,2026-07-01,False,0.0,Tax,USW2-AWSSecretsManager-Secrets
2026-06-01,2026-07-01,False,0.0,Tax,USW2-AWSSecretsManagerAPIRequest
2026-06-01,2026-07-01,False,0.0,Tax,USW2-Aurora:BackupUsage
2026-06-01,2026-07-01,False,0.0,Tax,USW2-Aurora:IO-OptimizedStorageUsage
2026-06-01,2026-07-01,False,0.0,Tax,USW2-Aurora:ServerlessV2IOOptimizedUsage
2026-06-01,2026-07-01,False,0.0,Tax,USW2-Aurora:StorageIOUsage
2026-06-01,2026-07-01,False,0.0,Tax,USW2-Aurora:StorageUsage
2026-06-01,2026-07-01,False,0.0,Tax,USW2-BoxUsage:f2.6xlarge
2026-06-01,2026-07-01,False,0.0,Tax,USW2-BoxUsage:r7i.2xlarge
2026-06-01,2026-07-01,False,0.0,Tax,USW2-BoxUsage:r7i.4xlarge
2026-06-01,2026-07-01,False,0.0,Tax,USW2-BoxUsage:r7i.8xlarge
2026-06-01,2026-07-01,False,0.0,Tax,USW2-BoxUsage:t3.2xlarge
2026-06-01,2026-07-01,False,0.0,Tax,USW2-BoxUsage:t3.micro
2026-06-01,2026-07-01,False,0.0,Tax,USW2-BoxUsage:t3.small
2026-06-01,2026-07-01,False,0.0,Tax,USW2-BoxUsage:t3.xlarge
2026-06-01,2026-07-01,False,0.0,Tax,USW2-BoxUsage:t3a.2xlarge
2026-06-01,2026-07-01,False,0.0,Tax,USW2-BoxUsage:t4g.medium
2026-06-01,2026-07-01,False,0.0,Tax,USW2-BoxUsage:t4g.micro
2026-06-01,2026-07-01,False,0.0,Tax,USW2-CW:AlarmMonitorUsage
2026-06-01,2026-07-01,False,0.0,Tax,USW2-CW:CompositeAlarmMonitorUsage
2026-06-01,2026-07-01,False,0.0,Tax,USW2-CW:MetricMonitorUsage
2026-06-01,2026-07-01,False,0.0,Tax,USW2-DataEventsRecorded
2026-06-01,2026-07-01,False,0.0,Tax,USW2-DataProcessing-Bytes
2026-06-01,2026-07-01,False,0.0,Tax,USW2-DataTransfer-Out-ABytes
2026-06-01,2026-07-01,False,0.0,Tax,USW2-DataTransfer-Out-Bytes
2026-06-01,2026-07-01,False,0.0,Tax,USW2-DataTransfer-Regional-Bytes
2026-06-01,2026-07-01,False,0.0,Tax,USW2-EBS:SnapshotUsage
2026-06-01,2026-07-01,False,0.0,Tax,USW2-EBS:VolumeUsage.gp3
2026-06-01,2026-07-01,False,0.0,Tax,USW2-EUC1-AWS-Out-Bytes
2026-06-01,2026-07-01,False,0.0,Tax,USW2-EventsAnalyzed
2026-06-01,2026-07-01,False,0.0,Tax,USW2-Fargate-GB-Hours
2026-06-01,2026-07-01,False,0.0,Tax,USW2-Fargate-vCPU-Hours:perCPU
2026-06-01,2026-07-01,False,0.0,Tax,USW2-InstanceUsage:db.r5.large
2026-06-01,2026-07-01,False,0.0,Tax,USW2-InstanceUsage:db.r6g.large
2026-06-01,2026-07-01,False,0.0,Tax,USW2-InstanceUsage:db.r8g.large
2026-06-01,2026-07-01,False,0.0,Tax,USW2-InstanceUsage:db.t4g.medium
2026-06-01,2026-07-01,False,0.0,Tax,USW2-InstanceUsage:db.t4g.micro
2026-06-01,2026-07-01,False,0.0,Tax,USW2-InstanceUsageIOOptimized:db.r8g.2xl
2026-06-01,2026-07-01,False,0.0,Tax,USW2-InstanceUsageIOOptimized:db.r8g.xl
2026-06-01,2026-07-01,False,0.0,Tax,USW2-LCUUsage
2026-06-01,2026-07-01,False,0.0,Tax,USW2-LoadBalancerUsage
2026-06-01,2026-07-01,False,0.0,Tax,USW2-LogsAnalyzedBytes
2026-06-01,2026-07-01,False,0.0,Tax,USW2-MonitoredContainerImage
2026-06-01,2026-07-01,False,0.0,Tax,USW2-MonitoredEC2
2026-06-01,2026-07-01,False,0.0,Tax,USW2-MonitoredFunction
2026-06-01,2026-07-01,False,0.0,Tax,USW2-MonitoredFunctionCode
2026-06-01,2026-07-01,False,0.0,Tax,USW2-NatGateway-Bytes
2026-06-01,2026-07-01,False,0.0,Tax,USW2-NatGateway-Hours
2026-06-01,2026-07-01,False,0.0,Tax,USW2-PaidComplianceCheck
2026-06-01,2026-07-01,False,0.0,Tax,USW2-PaidEventsAnalyzed
2026-06-01,2026-07-01,False,0.0,Tax,USW2-PaidEventsAnalyzed-Bytes
2026-06-01,2026-07-01,False,0.0,Tax,USW2-PaidS3DataEventsAnalyzed
2026-06-01,2026-07-01,False,0.0,Tax,USW2-PublicIPv4:IdleAddress
2026-06-01,2026-07-01,False,0.0,Tax,USW2-PublicIPv4:InUseAddress
2026-06-01,2026-07-01,False,0.0,Tax,USW2-RDS:GP2-Storage
2026-06-01,2026-07-01,False,0.0,Tax,USW2-RDS:GP3-Storage
2026-06-01,2026-07-01,False,0.0,Tax,USW2-ReadRequestUnits
2026-06-01,2026-07-01,False,0.0,Tax,USW2-Requests-INT-Tier1
2026-06-01,2026-07-01,False,0.0,Tax,USW2-Requests-Tier1
2026-06-01,2026-07-01,False,0.0,Tax,USW2-Requests-Tier2
2026-06-01,2026-07-01,False,0.0,Tax,USW2-SpotUsage:c6i.32xlarge
2026-06-01,2026-07-01,False,0.0,Tax,USW2-SpotUsage:c6i.metal
2026-06-01,2026-07-01,False,0.0,Tax,USW2-SpotUsage:c7i.48xlarge
2026-06-01,2026-07-01,False,0.0,Tax,USW2-SpotUsage:c7i.metal-48xl
2026-06-01,2026-07-01,False,0.0,Tax,USW2-SpotUsage:c8i.32xlarge
2026-06-01,2026-07-01,False,0.0,Tax,USW2-SpotUsage:c8i.metal-48xl
2026-06-01,2026-07-01,False,0.0,Tax,USW2-SpotUsage:c8id.96xlarge
2026-06-01,2026-07-01,False,0.0,Tax,USW2-SpotUsage:c8id.metal-48xl
2026-06-01,2026-07-01,False,0.0,Tax,USW2-SpotUsage:c8id.metal-96xl
2026-06-01,2026-07-01,False,0.0,Tax,USW2-SpotUsage:i4i.metal
2026-06-01,2026-07-01,False,0.0,Tax,USW2-SpotUsage:i7i.48xlarge
2026-06-01,2026-07-01,False,0.0,Tax,USW2-SpotUsage:i7ie.48xlarge
2026-06-01,2026-07-01,False,0.0,Tax,USW2-SpotUsage:i7ie.metal-48xl
2026-06-01,2026-07-01,False,0.0,Tax,USW2-SpotUsage:m6i.metal
2026-06-01,2026-07-01,False,0.0,Tax,USW2-SpotUsage:m6id.32xlarge
2026-06-01,2026-07-01,False,0.0,Tax,USW2-SpotUsage:m6id.metal
2026-06-01,2026-07-01,False,0.0,Tax,USW2-SpotUsage:m6in.metal
2026-06-01,2026-07-01,False,0.0,Tax,USW2-SpotUsage:m7i.48xlarge
2026-06-01,2026-07-01,False,0.0,Tax,USW2-SpotUsage:m7i.metal-48xl
2026-06-01,2026-07-01,False,0.0,Tax,USW2-SpotUsage:m8i.32xlarge
2026-06-01,2026-07-01,False,0.0,Tax,USW2-SpotUsage:m8i.48xlarge
2026-06-01,2026-07-01,False,0.0,Tax,USW2-SpotUsage:m8i.metal-48xl
2026-06-01,2026-07-01,False,0.0,Tax,USW2-SpotUsage:m8id.96xlarge
2026-06-01,2026-07-01,False,0.0,Tax,USW2-SpotUsage:m8id.metal-96xl
2026-06-01,2026-07-01,False,0.0,Tax,USW2-SpotUsage:m8idb.96xlarge
2026-06-01,2026-07-01,False,0.0,Tax,USW2-SpotUsage:m8idn.96xlarge
2026-06-01,2026-07-01,False,0.0,Tax,USW2-SpotUsage:r5.2xlarge
2026-06-01,2026-07-01,False,0.0,Tax,USW2-SpotUsage:r6i.metal
2026-06-01,2026-07-01,False,0.0,Tax,USW2-SpotUsage:r6id.metal
2026-06-01,2026-07-01,False,0.0,Tax,USW2-SpotUsage:r7i.48xlarge
2026-06-01,2026-07-01,False,0.0,Tax,USW2-SpotUsage:r7i.metal-48xl
2026-06-01,2026-07-01,False,0.0,Tax,USW2-SpotUsage:r8i.32xlarge
2026-06-01,2026-07-01,False,0.0,Tax,USW2-SpotUsage:r8i.48xlarge
2026-06-01,2026-07-01,False,0.0,Tax,USW2-SpotUsage:r8i.metal-48xl
2026-06-01,2026-07-01,False,0.0,Tax,USW2-SpotUsage:r8id.96xlarge
2026-06-01,2026-07-01,False,0.0,Tax,USW2-SpotUsage:r8id.metal-96xl
2026-06-01,2026-07-01,False,0.0,Tax,USW2-SpotUsage:x8i.32xlarge
2026-06-01,2026-07-01,False,0.0,Tax,USW2-Storage
2026-06-01,2026-07-01,False,0.0,Tax,USW2-TimedStorage-ByteHrs
2026-06-01,2026-07-01,False,0.0,Tax,USW2-TimedStorage-INT-FA-ByteHrs
2026-06-01,2026-07-01,False,0.0,Tax,USW2-USE1-AWS-Out-Bytes
2026-06-01,2026-07-01,False,0.0,Tax,USW2-VpcEndpoint-Bytes
2026-06-01,2026-07-01,False,0.0,Tax,USW2-VpcEndpoint-Hours
2026-06-01,2026-07-01,False,0.0,Tax,USW2-WriteRequestUnits
2026-06-01,2026-07-01,False,0.0,Tax,us-east-1-KMS-Keys
2026-06-01,2026-07-01,False,0.0,Tax,us-east-1-KMS-Requests
2026-06-01,2026-07-01,False,0.0,Tax,us-west-2-KMS-Keys
2026-06-01,2026-07-01,False,0.0,Tax,us-west-2-KMS-Requests
2026-07-01,2026-07-15,True,9.013e-07,AWS Backup,USW2-Restore-WarmBytes-EFS
2026-07-01,2026-07-15,True,2.21e-07,AWS Backup,USW2-WarmStorage-ByteHrs-EFS
2026-07-01,2026-07-15,True,0.0,AWS Certificate Manager,USE1-IssuePublicCertificateDomain
2026-07-01,2026-07-15,True,0.0,AWS Certificate Manager,USW2-IssuePublicCertificateDomain
2026-07-01,2026-07-15,True,1.9e-05,AWS Cloud Map,USW2-Cloud-Map-API-Calls
2026-07-01,2026-07-15,True,0.0,AWS CloudFormation,USW1-Resource-Operation-Count
2026-07-01,2026-07-15,True,0.0,AWS CloudFormation,USW2-Resource-Operation-Count
2026-07-01,2026-07-15,True,0.0,AWS CloudTrail,AFS1-FreeEventsRecorded
2026-07-01,2026-07-15,True,0.0,AWS CloudTrail,APE1-FreeEventsRecorded
2026-07-01,2026-07-15,True,0.0,AWS CloudTrail,APN1-FreeEventsRecorded
2026-07-01,2026-07-15,True,0.0,AWS CloudTrail,APN2-FreeEventsRecorded
2026-07-01,2026-07-15,True,0.0,AWS CloudTrail,APN3-FreeEventsRecorded
2026-07-01,2026-07-15,True,0.0,AWS CloudTrail,APS1-FreeEventsRecorded
2026-07-01,2026-07-15,True,0.0,AWS CloudTrail,APS2-FreeEventsRecorded
2026-07-01,2026-07-15,True,0.0,AWS CloudTrail,APS3-FreeEventsRecorded
2026-07-01,2026-07-15,True,0.0,AWS CloudTrail,APS4-FreeEventsRecorded
2026-07-01,2026-07-15,True,0.0,AWS CloudTrail,APS5-FreeEventsRecorded
2026-07-01,2026-07-15,True,0.0,AWS CloudTrail,CAN1-FreeEventsRecorded
2026-07-01,2026-07-15,True,0.0,AWS CloudTrail,EU-FreeEventsRecorded
2026-07-01,2026-07-15,True,0.0,AWS CloudTrail,EUC1-FreeEventsRecorded
2026-07-01,2026-07-15,True,0.0,AWS CloudTrail,EUN1-FreeEventsRecorded
2026-07-01,2026-07-15,True,0.0,AWS CloudTrail,EUW2-FreeEventsRecorded
2026-07-01,2026-07-15,True,0.0,AWS CloudTrail,EUW3-FreeEventsRecorded
2026-07-01,2026-07-15,True,0.0,AWS CloudTrail,SAE1-FreeEventsRecorded
2026-07-01,2026-07-15,True,0.0,AWS CloudTrail,USE1-FreeEventsRecorded
2026-07-01,2026-07-15,True,0.0,AWS CloudTrail,USE2-FreeEventsRecorded
2026-07-01,2026-07-15,True,0.0,AWS CloudTrail,USW1-FreeEventsRecorded
2026-07-01,2026-07-15,True,38.914093,AWS CloudTrail,USW2-DataEventsRecorded
2026-07-01,2026-07-15,True,0.0,AWS CloudTrail,USW2-FreeEventsRecorded
2026-07-01,2026-07-15,True,14.679,AWS Config,ConfigurationItemRecorded
2026-07-01,2026-07-15,True,0.48,AWS Config,USE2-ConfigurationItemRecorded
2026-07-01,2026-07-15,True,214.197,AWS Config,USW2-ConfigurationItemRecorded
2026-07-01,2026-07-15,True,630.6,AWS Cost Explorer,USE1-APIRequest
2026-07-01,2026-07-15,True,1.5052009676,AWS Cost Explorer,USE1-CostDataStorage
2026-07-01,2026-07-15,True,0.0,AWS Glue,AFS1-Catalog-Request
2026-07-01,2026-07-15,True,0.0,AWS Glue,APE1-Catalog-Request
2026-07-01,2026-07-15,True,0.0,AWS Glue,APN1-Catalog-Request
2026-07-01,2026-07-15,True,0.0,AWS Glue,APN2-Catalog-Request
2026-07-01,2026-07-15,True,0.0,AWS Glue,APN3-Catalog-Request
2026-07-01,2026-07-15,True,0.0,AWS Glue,APS1-Catalog-Request
2026-07-01,2026-07-15,True,0.0,AWS Glue,APS2-Catalog-Request
2026-07-01,2026-07-15,True,0.0,AWS Glue,APS3-Catalog-Request
2026-07-01,2026-07-15,True,0.0,AWS Glue,APS4-Catalog-Request
2026-07-01,2026-07-15,True,0.0,AWS Glue,APS5-Catalog-Request
2026-07-01,2026-07-15,True,0.0,AWS Glue,CAN1-Catalog-Request
2026-07-01,2026-07-15,True,0.0,AWS Glue,EU-Catalog-Request
2026-07-01,2026-07-15,True,0.0,AWS Glue,EUC1-Catalog-Request
2026-07-01,2026-07-15,True,0.0,AWS Glue,EUN1-Catalog-Request
2026-07-01,2026-07-15,True,0.0,AWS Glue,EUW2-Catalog-Request
2026-07-01,2026-07-15,True,0.0,AWS Glue,EUW3-Catalog-Request
2026-07-01,2026-07-15,True,0.0,AWS Glue,SAE1-Catalog-Request
2026-07-01,2026-07-15,True,0.0,AWS Glue,USE1-Catalog-Request
2026-07-01,2026-07-15,True,0.0,AWS Glue,USE1-Catalog-Storage
2026-07-01,2026-07-15,True,0.0,AWS Glue,USE2-Catalog-Request
2026-07-01,2026-07-15,True,0.0,AWS Glue,USW1-Catalog-Request
2026-07-01,2026-07-15,True,0.0,AWS Glue,USW2-Catalog-Request
2026-07-01,2026-07-15,True,8.4e-05,AWS Key Management Service,af-south-1-KMS-Requests
2026-07-01,2026-07-15,True,8.4e-05,AWS Key Management Service,ap-east-1-KMS-Requests
2026-07-01,2026-07-15,True,0.00018,AWS Key Management Service,ap-northeast-1-KMS-Requests
2026-07-01,2026-07-15,True,0.000204,AWS Key Management Service,ap-northeast-2-KMS-Requests
2026-07-01,2026-07-15,True,0.000204,AWS Key Management Service,ap-northeast-3-KMS-Requests
2026-07-01,2026-07-15,True,0.00054,AWS Key Management Service,ap-south-1-KMS-Requests
2026-07-01,2026-07-15,True,8.4e-05,AWS Key Management Service,ap-south-2-KMS-Requests
2026-07-01,2026-07-15,True,0.000204,AWS Key Management Service,ap-southeast-1-KMS-Requests
2026-07-01,2026-07-15,True,0.000204,AWS Key Management Service,ap-southeast-2-KMS-Requests
2026-07-01,2026-07-15,True,8.1e-05,AWS Key Management Service,ap-southeast-3-KMS-Requests
2026-07-01,2026-07-15,True,0.000204,AWS Key Management Service,ca-central-1-KMS-Requests
2026-07-01,2026-07-15,True,0.000468,AWS Key Management Service,eu-central-1-KMS-Requests
2026-07-01,2026-07-15,True,0.000204,AWS Key Management Service,eu-north-1-KMS-Requests
2026-07-01,2026-07-15,True,0.00018,AWS Key Management Service,eu-west-1-KMS-Requests
2026-07-01,2026-07-15,True,0.00018,AWS Key Management Service,eu-west-2-KMS-Requests
2026-07-01,2026-07-15,True,0.000204,AWS Key Management Service,eu-west-3-KMS-Requests
2026-07-01,2026-07-15,True,0.000204,AWS Key Management Service,sa-east-1-KMS-Requests
2026-07-01,2026-07-15,True,0.45026881,AWS Key Management Service,us-east-1-KMS-Keys
2026-07-01,2026-07-15,True,0.001629,AWS Key Management Service,us-east-1-KMS-Requests
2026-07-01,2026-07-15,True,0.000204,AWS Key Management Service,us-east-2-KMS-Requests
2026-07-01,2026-07-15,True,0.000528,AWS Key Management Service,us-west-1-KMS-Requests
2026-07-01,2026-07-15,True,1.354838688,AWS Key Management Service,us-west-2-KMS-Keys
2026-07-01,2026-07-15,True,0.013818,AWS Key Management Service,us-west-2-KMS-Requests
2026-07-01,2026-07-15,True,0.0,AWS Lambda,USW1-DataTransfer-xAZ-In-Bytes
2026-07-01,2026-07-15,True,0.0,AWS Lambda,USW1-DataTransfer-xAZ-Out-Bytes
2026-07-01,2026-07-15,True,0.0,AWS Lambda,USW1-Lambda-GB-Second
2026-07-01,2026-07-15,True,0.0,AWS Lambda,USW1-Request
2026-07-01,2026-07-15,True,0.0,AWS Lambda,USW2-Lambda-GB-Second
2026-07-01,2026-07-15,True,0.0,AWS Lambda,USW2-Request
2026-07-01,2026-07-15,True,0.0,AWS Lambda,USW2-USE1-AWS-In-Bytes
2026-07-01,2026-07-15,True,6.6627e-06,AWS Lambda,USW2-USE1-AWS-Out-Bytes
2026-07-01,2026-07-15,True,0.000455,AWS Secrets Manager,AFS1-AWSSecretsManagerAPIRequest
2026-07-01,2026-07-15,True,0.000455,AWS Secrets Manager,APE1-AWSSecretsManagerAPIRequest
2026-07-01,2026-07-15,True,0.000735,AWS Secrets Manager,APN1-AWSSecretsManagerAPIRequest
2026-07-01,2026-07-15,True,0.001015,AWS Secrets Manager,APN2-AWSSecretsManagerAPIRequest
2026-07-01,2026-07-15,True,0.001015,AWS Secrets Manager,APN3-AWSSecretsManagerAPIRequest
2026-07-01,2026-07-15,True,0.001015,AWS Secrets Manager,APS1-AWSSecretsManagerAPIRequest
2026-07-01,2026-07-15,True,0.00084,AWS Secrets Manager,APS2-AWSSecretsManagerAPIRequest
2026-07-01,2026-07-15,True,0.00086,AWS Secrets Manager,APS3-AWSSecretsManagerAPIRequest
2026-07-01,2026-07-15,True,0.000455,AWS Secrets Manager,APS4-AWSSecretsManagerAPIRequest
2026-07-01,2026-07-15,True,0.000455,AWS Secrets Manager,APS5-AWSSecretsManagerAPIRequest
2026-07-01,2026-07-15,True,0.000855,AWS Secrets Manager,CAN1-AWSSecretsManagerAPIRequest
2026-07-01,2026-07-15,True,0.000735,AWS Secrets Manager,EU-AWSSecretsManager-APIRequests
2026-07-01,2026-07-15,True,0.000735,AWS Secrets Manager,EUC1-AWSSecretsManagerAPIRequest
2026-07-01,2026-07-15,True,0.000865,AWS Secrets Manager,EUN1-AWSSecretsManagerAPIRequest
2026-07-01,2026-07-15,True,0.000735,AWS Secrets Manager,EUW2-AWSSecretsManagerAPIRequest
2026-07-01,2026-07-15,True,0.001015,AWS Secrets Manager,EUW3-AWSSecretsManagerAPIRequest
2026-07-01,2026-07-15,True,0.001015,AWS Secrets Manager,SAE1-AWSSecretsManagerAPIRequest
2026-07-01,2026-07-15,True,1.806451584,AWS Secrets Manager,USE1-AWSSecretsManager-Secrets
2026-07-01,2026-07-15,True,0.00309,AWS Secrets Manager,USE1-AWSSecretsManagerAPIRequest
2026-07-01,2026-07-15,True,0.000985,AWS Secrets Manager,USE2-AWSSecretsManagerAPIRequest
2026-07-01,2026-07-15,True,0.3199795879,AWS Secrets Manager,USW1-AWSSecretsManager-Secrets
2026-07-01,2026-07-15,True,0.038795,AWS Secrets Manager,USW1-AWSSecretsManagerAPIRequest
2026-07-01,2026-07-15,True,7.1620473092,AWS Secrets Manager,USW2-AWSSecretsManager-Secrets
2026-07-01,2026-07-15,True,0.024095,AWS Secrets Manager,USW2-AWSSecretsManagerAPIRequest
2026-07-01,2026-07-15,True,0.83587,AWS Security Hub,AFS1-EventsAnalyzed
2026-07-01,2026-07-15,True,0.0,AWS Security Hub,AFS1-SecurityHubProduct:FreeFindingsIngestion
2026-07-01,2026-07-15,True,0.8765064,AWS Security Hub,APE1-EventsAnalyzed
2026-07-01,2026-07-15,True,0.0,AWS Security Hub,APE1-SecurityHubProduct:FreeFindingsIngestion
2026-07-01,2026-07-15,True,0.6866892,AWS Security Hub,APN1-EventsAnalyzed
2026-07-01,2026-07-15,True,0.056,AWS Security Hub,APN1-PaidComplianceCheck
2026-07-01,2026-07-15,True,0.0,AWS Security Hub,APN1-SecurityHubProduct:FreeFindingsIngestion
2026-07-01,2026-07-15,True,0.7980586,AWS Security Hub,APN2-EventsAnalyzed
2026-07-01,2026-07-15,True,0.056,AWS Security Hub,APN2-PaidComplianceCheck
2026-07-01,2026-07-15,True,0.0,AWS Security Hub,APN2-SecurityHubProduct:FreeFindingsIngestion
2026-07-01,2026-07-15,True,0.85208,AWS Security Hub,APN3-EventsAnalyzed
2026-07-01,2026-07-15,True,0.056,AWS Security Hub,APN3-PaidComplianceCheck
2026-07-01,2026-07-15,True,0.0,AWS Security Hub,APN3-SecurityHubProduct:FreeFindingsIngestion
2026-07-01,2026-07-15,True,0.8036292,AWS Security Hub,APS1-EventsAnalyzed
2026-07-01,2026-07-15,True,0.056,AWS Security Hub,APS1-PaidComplianceCheck
2026-07-01,2026-07-15,True,0.0,AWS Security Hub,APS1-SecurityHubProduct:FreeFindingsIngestion
2026-07-01,2026-07-15,True,0.7171216,AWS Security Hub,APS2-EventsAnalyzed
2026-07-01,2026-07-15,True,0.056,AWS Security Hub,APS2-PaidComplianceCheck
2026-07-01,2026-07-15,True,0.0,AWS Security Hub,APS2-SecurityHubProduct:FreeFindingsIngestion
2026-07-01,2026-07-15,True,1.0132716,AWS Security Hub,APS3-EventsAnalyzed
2026-07-01,2026-07-15,True,0.056,AWS Security Hub,APS3-PaidComplianceCheck
2026-07-01,2026-07-15,True,0.0,AWS Security Hub,APS3-SecurityHubProduct:FreeFindingsIngestion
2026-07-01,2026-07-15,True,0.761116,AWS Security Hub,APS4-EventsAnalyzed
2026-07-01,2026-07-15,True,0.0,AWS Security Hub,APS4-SecurityHubProduct:FreeFindingsIngestion
2026-07-01,2026-07-15,True,0.656744,AWS Security Hub,APS5-EventsAnalyzed
2026-07-01,2026-07-15,True,0.0,AWS Security Hub,APS5-SecurityHubProduct:FreeFindingsIngestion
2026-07-01,2026-07-15,True,0.7189156,AWS Security Hub,CAN1-EventsAnalyzed
2026-07-01,2026-07-15,True,0.056,AWS Security Hub,CAN1-PaidComplianceCheck
2026-07-01,2026-07-15,True,0.0,AWS Security Hub,CAN1-SecurityHubProduct:FreeFindingsIngestion
2026-07-01,2026-07-15,True,0.6401868,AWS Security Hub,EU-EventsAnalyzed
2026-07-01,2026-07-15,True,0.056,AWS Security Hub,EU-PaidComplianceCheck
2026-07-01,2026-07-15,True,0.0,AWS Security Hub,EU-SecurityHubProduct:FreeFindingsIngestion
2026-07-01,2026-07-15,True,1.0093274,AWS Security Hub,EUC1-EventsAnalyzed
2026-07-01,2026-07-15,True,0.056,AWS Security Hub,EUC1-PaidComplianceCheck
2026-07-01,2026-07-15,True,0.0,AWS Security Hub,EUC1-SecurityHubProduct:FreeFindingsIngestion
2026-07-01,2026-07-15,True,0.6591228,AWS Security Hub,EUN1-EventsAnalyzed
2026-07-01,2026-07-15,True,0.056,AWS Security Hub,EUN1-PaidComplianceCheck
2026-07-01,2026-07-15,True,0.0,AWS Security Hub,EUN1-SecurityHubProduct:FreeFindingsIngestion
2026-07-01,2026-07-15,True,0.6403892,AWS Security Hub,EUW2-EventsAnalyzed
2026-07-01,2026-07-15,True,0.056,AWS Security Hub,EUW2-PaidComplianceCheck
2026-07-01,2026-07-15,True,0.0,AWS Security Hub,EUW2-SecurityHubProduct:FreeFindingsIngestion
2026-07-01,2026-07-15,True,0.7593432,AWS Security Hub,EUW3-EventsAnalyzed
2026-07-01,2026-07-15,True,0.056,AWS Security Hub,EUW3-PaidComplianceCheck
2026-07-01,2026-07-15,True,0.0,AWS Security Hub,EUW3-SecurityHubProduct:FreeFindingsIngestion
2026-07-01,2026-07-15,True,1.58112648,AWS Security Hub,Global-MonitoredIAMRole
2026-07-01,2026-07-15,True,0.22401792,AWS Security Hub,Global-MonitoredIAMUser
2026-07-01,2026-07-15,True,1.221045,AWS Security Hub,SAE1-EventsAnalyzed
2026-07-01,2026-07-15,True,0.056,AWS Security Hub,SAE1-PaidComplianceCheck
2026-07-01,2026-07-15,True,0.0,AWS Security Hub,SAE1-SecurityHubProduct:FreeFindingsIngestion
2026-07-01,2026-07-15,True,6.10904,AWS Security Hub,USE1-EventsAnalyzed
2026-07-01,2026-07-15,True,0.0844702401,AWS Security Hub,USE1-LogsAnalyzedBytes
2026-07-01,2026-07-15,True,1.6044336,AWS Security Hub,USE1-MonitoredContainerImage
2026-07-01,2026-07-15,True,5.0182751745,AWS Security Hub,USE1-MonitoredEC2
2026-07-01,2026-07-15,True,0.056,AWS Security Hub,USE1-PaidComplianceCheck
2026-07-01,2026-07-15,True,0.0,AWS Security Hub,USE1-SecurityHubProduct:FreeFindingsIngestion
2026-07-01,2026-07-15,True,0.907512,AWS Security Hub,USE2-EventsAnalyzed
2026-07-01,2026-07-15,True,0.056,AWS Security Hub,USE2-PaidComplianceCheck
2026-07-01,2026-07-15,True,0.0,AWS Security Hub,USE2-SecurityHubProduct:FreeFindingsIngestion
2026-07-01,2026-07-15,True,1.1759,AWS Security Hub,USW1-EventsAnalyzed
2026-07-01,2026-07-15,True,0.002451312,AWS Security Hub,USW1-LogsAnalyzedBytes
2026-07-01,2026-07-15,True,0.0303744,AWS Security Hub,USW1-MonitoredContainerImage
2026-07-01,2026-07-15,True,0.250536,AWS Security Hub,USW1-MonitoredFunction
2026-07-01,2026-07-15,True,0.056,AWS Security Hub,USW1-PaidComplianceCheck
2026-07-01,2026-07-15,True,0.0,AWS Security Hub,USW1-SecurityHubProduct:FreeFindingsIngestion
2026-07-01,2026-07-15,True,39.79836,AWS Security Hub,USW2-EventsAnalyzed
2026-07-01,2026-07-15,True,31.4199629252,AWS Security Hub,USW2-LogsAnalyzedBytes
2026-07-01,2026-07-15,True,12.32844,AWS Security Hub,USW2-MonitoredContainerImage
2026-07-01,2026-07-15,True,30.200155124,AWS Security Hub,USW2-MonitoredEC2
2026-07-01,2026-07-15,True,0.906192,AWS Security Hub,USW2-MonitoredFunction
2026-07-01,2026-07-15,True,1.32,AWS Security Hub,USW2-MonitoredFunctionCode
2026-07-01,2026-07-15,True,0.224,AWS Security Hub,USW2-PaidComplianceCheck
2026-07-01,2026-07-15,True,0.0,AWS Security Hub,USW2-SecurityHubProduct:FreeFindingsIngestion
2026-07-01,2026-07-15,True,0.0,AWS Service Catalog,AFS1-SC-API-Calls
2026-07-01,2026-07-15,True,0.0,AWS Service Catalog,APE1-SC-API-Calls
2026-07-01,2026-07-15,True,0.0,AWS Service Catalog,APN1-SC-API-Calls
2026-07-01,2026-07-15,True,0.0,AWS Service Catalog,APN2-SC-API-Calls
2026-07-01,2026-07-15,True,0.0,AWS Service Catalog,APN3-SC-API-Calls
2026-07-01,2026-07-15,True,0.0,AWS Service Catalog,APS1-SC-API-Calls
2026-07-01,2026-07-15,True,0.0,AWS Service Catalog,APS2-SC-API-Calls
2026-07-01,2026-07-15,True,0.0,AWS Service Catalog,APS3-SC-API-Calls
2026-07-01,2026-07-15,True,0.0,AWS Service Catalog,APS4-SC-API-Calls
2026-07-01,2026-07-15,True,0.0,AWS Service Catalog,APS5-SC-API-Calls
2026-07-01,2026-07-15,True,0.0,AWS Service Catalog,CAN1-SC-API-Calls
2026-07-01,2026-07-15,True,0.0,AWS Service Catalog,EU-SC-API-Calls
2026-07-01,2026-07-15,True,0.0,AWS Service Catalog,EUC1-SC-API-Calls
2026-07-01,2026-07-15,True,0.0,AWS Service Catalog,EUN1-SC-API-Calls
2026-07-01,2026-07-15,True,0.0,AWS Service Catalog,EUW2-SC-API-Calls
2026-07-01,2026-07-15,True,0.0,AWS Service Catalog,EUW3-SC-API-Calls
2026-07-01,2026-07-15,True,0.0,AWS Service Catalog,SAE1-SC-API-Calls
2026-07-01,2026-07-15,True,0.0,AWS Service Catalog,USE1-SC-API-Calls
2026-07-01,2026-07-15,True,0.0,AWS Service Catalog,USE2-SC-API-Calls
2026-07-01,2026-07-15,True,0.0,AWS Service Catalog,USW1-SC-API-Calls
2026-07-01,2026-07-15,True,0.0,AWS Service Catalog,USW2-SC-API-Calls
2026-07-01,2026-07-15,True,0.0,AWS Step Functions,AFS1-USW2-AWS-In-Bytes
2026-07-01,2026-07-15,True,3.78e-08,AWS Step Functions,AFS1-USW2-AWS-Out-Bytes
2026-07-01,2026-07-15,True,0.0,AWS Step Functions,APE1-USW2-AWS-In-Bytes
2026-07-01,2026-07-15,True,2.38e-08,AWS Step Functions,APE1-USW2-AWS-Out-Bytes
2026-07-01,2026-07-15,True,0.0,AWS Step Functions,APN1-USW2-AWS-In-Bytes
2026-07-01,2026-07-15,True,9.52e-08,AWS Step Functions,APN1-USW2-AWS-Out-Bytes
2026-07-01,2026-07-15,True,0.0,AWS Step Functions,APN2-USW2-AWS-In-Bytes
2026-07-01,2026-07-15,True,8.4e-08,AWS Step Functions,APN2-USW2-AWS-Out-Bytes
2026-07-01,2026-07-15,True,0.0,AWS Step Functions,APN3-USW2-AWS-In-Bytes
2026-07-01,2026-07-15,True,9.52e-08,AWS Step Functions,APN3-USW2-AWS-Out-Bytes
2026-07-01,2026-07-15,True,0.0,AWS Step Functions,APS1-USW2-AWS-In-Bytes
2026-07-01,2026-07-15,True,9.52e-08,AWS Step Functions,APS1-USW2-AWS-Out-Bytes
2026-07-01,2026-07-15,True,0.0,AWS Step Functions,APS2-USW2-AWS-In-Bytes
2026-07-01,2026-07-15,True,1.008e-07,AWS Step Functions,APS2-USW2-AWS-Out-Bytes
2026-07-01,2026-07-15,True,0.0,AWS Step Functions,APS3-USW2-AWS-In-Bytes
2026-07-01,2026-07-15,True,8.96e-08,AWS Step Functions,APS3-USW2-AWS-Out-Bytes
2026-07-01,2026-07-15,True,0.0,AWS Step Functions,APS4-USW2-AWS-In-Bytes
2026-07-01,2026-07-15,True,2.66e-08,AWS Step Functions,APS4-USW2-AWS-Out-Bytes
2026-07-01,2026-07-15,True,0.0,AWS Step Functions,APS5-USW2-AWS-In-Bytes
2026-07-01,2026-07-15,True,2.24e-08,AWS Step Functions,APS5-USW2-AWS-Out-Bytes
2026-07-01,2026-07-15,True,0.0,AWS Step Functions,CAN1-USW2-AWS-In-Bytes
2026-07-01,2026-07-15,True,2.24e-08,AWS Step Functions,CAN1-USW2-AWS-Out-Bytes
2026-07-01,2026-07-15,True,0.0,AWS Step Functions,DataTransfer-In-Bytes
2026-07-01,2026-07-15,True,4.8e-09,AWS Step Functions,DataTransfer-Out-Bytes
2026-07-01,2026-07-15,True,0.0,AWS Step Functions,EU-USW2-AWS-In-Bytes
2026-07-01,2026-07-15,True,2.24e-08,AWS Step Functions,EU-USW2-AWS-Out-Bytes
2026-07-01,2026-07-15,True,0.0,AWS Step Functions,EUC1-USW2-AWS-In-Bytes
2026-07-01,2026-07-15,True,2.24e-08,AWS Step Functions,EUC1-USW2-AWS-Out-Bytes
2026-07-01,2026-07-15,True,0.0,AWS Step Functions,EUN1-USW2-AWS-In-Bytes
2026-07-01,2026-07-15,True,2.24e-08,AWS Step Functions,EUN1-USW2-AWS-Out-Bytes
2026-07-01,2026-07-15,True,0.0,AWS Step Functions,EUW2-USW2-AWS-In-Bytes
2026-07-01,2026-07-15,True,2.24e-08,AWS Step Functions,EUW2-USW2-AWS-Out-Bytes
2026-07-01,2026-07-15,True,0.0,AWS Step Functions,EUW3-USW2-AWS-In-Bytes
2026-07-01,2026-07-15,True,2.24e-08,AWS Step Functions,EUW3-USW2-AWS-Out-Bytes
2026-07-01,2026-07-15,True,0.0,AWS Step Functions,SAE1-USW2-AWS-In-Bytes
2026-07-01,2026-07-15,True,1.456e-07,AWS Step Functions,SAE1-USW2-AWS-Out-Bytes
2026-07-01,2026-07-15,True,0.0,AWS Step Functions,USE1-USW2-AWS-In-Bytes
2026-07-01,2026-07-15,True,2.24e-08,AWS Step Functions,USE1-USW2-AWS-Out-Bytes
2026-07-01,2026-07-15,True,0.0,AWS Step Functions,USE2-USW2-AWS-In-Bytes
2026-07-01,2026-07-15,True,2.24e-08,AWS Step Functions,USE2-USW2-AWS-Out-Bytes
2026-07-01,2026-07-15,True,0.0,AWS Step Functions,USW1-USW2-AWS-In-Bytes
2026-07-01,2026-07-15,True,2.24e-08,AWS Step Functions,USW1-USW2-AWS-Out-Bytes
2026-07-01,2026-07-15,True,597.0230774809,AWS Support (Developer),Dollar
2026-07-01,2026-07-15,True,0.0008388,AWS WAF,Global-RequestV2-Tier1
2026-07-01,2026-07-15,True,1.9698476063,AWS WAF,Global-RuleV2
2026-07-01,2026-07-15,True,3.591341723,AWS WAF,Global-WebACLV2
2026-07-01,2026-07-15,True,0.0,AWS X-Ray,USW1-XRay-TracesStored
2026-07-01,2026-07-15,True,0.0008308,Amazon API Gateway,USW1-ApiGatewayMessage
2026-07-01,2026-07-15,True,0.00039897,Amazon API Gateway,USW1-ApiGatewayMinute
2026-07-01,2026-07-15,True,0.0001785,Amazon API Gateway,USW1-ApiGatewayRequest
2026-07-01,2026-07-15,True,4.4652e-06,Amazon API Gateway,USW1-DataTransfer-Out-Bytes
2026-07-01,2026-07-15,True,0.00045,Amazon Athena,USE1-DataScannedInTB
2026-07-01,2026-07-15,True,0.0,Amazon CloudFront,CA-DataTransfer-Out-Bytes
2026-07-01,2026-07-15,True,0.0,Amazon CloudFront,CA-Requests-HTTPS-Proxy
2026-07-01,2026-07-15,True,0.0,Amazon CloudFront,CA-Requests-Tier1
2026-07-01,2026-07-15,True,0.0,Amazon CloudFront,CA-Requests-Tier2-HTTPS
2026-07-01,2026-07-15,True,0.0,Amazon CloudFront,EU-DataTransfer-Out-Bytes
2026-07-01,2026-07-15,True,0.0,Amazon CloudFront,EU-Requests-Tier1
2026-07-01,2026-07-15,True,0.0,Amazon CloudFront,EU-Requests-Tier2-HTTPS
2026-07-01,2026-07-15,True,0.0,Amazon CloudFront,Executions-CloudFrontFunctions
2026-07-01,2026-07-15,True,0.0,Amazon CloudFront,Invalidations
2026-07-01,2026-07-15,True,0.0,Amazon CloudFront,US-DataTransfer-Out-Bytes
2026-07-01,2026-07-15,True,0.0,Amazon CloudFront,US-Requests-HTTPS-Proxy
2026-07-01,2026-07-15,True,0.0,Amazon CloudFront,US-Requests-Tier1
2026-07-01,2026-07-15,True,0.0,Amazon CloudFront,US-Requests-Tier2-HTTPS
2026-07-01,2026-07-15,True,0.0,Amazon Cognito,USE1-CUPM2MAppClientsFull
2026-07-01,2026-07-15,True,0.0,Amazon Cognito,USE1-CognitoEssentialsMAU
2026-07-01,2026-07-15,True,0.0,Amazon Cognito,USW1-CUPM2MAppClientsFull
2026-07-01,2026-07-15,True,0.0,Amazon Cognito,USW1-CognitoEssentialsMAU
2026-07-01,2026-07-15,True,0.0,Amazon Cognito,USW2-CUPM2MAppClientsFull
2026-07-01,2026-07-15,True,0.0,Amazon Cognito,USW2-CognitoEssentialsMAU
2026-07-01,2026-07-15,True,3.57826e-05,Amazon DynamoDB,USW1-ReadRequestUnits
2026-07-01,2026-07-15,True,0.000407965,Amazon DynamoDB,USW1-WriteRequestUnits
2026-07-01,2026-07-15,True,0.02097425,Amazon DynamoDB,USW2-ReadRequestUnits
2026-07-01,2026-07-15,True,5.213e-07,Amazon DynamoDB,USW2-TimedPITRStorage-ByteHrs
2026-07-01,2026-07-15,True,0.0,Amazon DynamoDB,USW2-TimedStorage-ByteHrs
2026-07-01,2026-07-15,True,0.00502625,Amazon DynamoDB,USW2-WriteRequestUnits
2026-07-01,2026-07-15,True,7.1752707264,Amazon EC2 Container Registry (ECR),TimedStorage-ByteHrs
2026-07-01,2026-07-15,True,0.0039183724,Amazon EC2 Container Registry (ECR),USW1-TimedStorage-ByteHrs
2026-07-01,2026-07-15,True,7.0466e-06,Amazon EC2 Container Registry (ECR),USW2-DataTransfer-Out-Bytes
2026-07-01,2026-07-15,True,1.6988611062,Amazon EC2 Container Registry (ECR),USW2-TimedStorage-ByteHrs
2026-07-01,2026-07-15,True,0.0,EC2 - Other,APS3-AFS1-AWS-In-Bytes
2026-07-01,2026-07-15,True,0.0,EC2 - Other,APS3-APE1-AWS-In-Bytes
2026-07-01,2026-07-15,True,0.0,EC2 - Other,APS3-APE2-AWS-In-Bytes
2026-07-01,2026-07-15,True,0.0,EC2 - Other,APS3-APN1-AWS-In-Bytes
2026-07-01,2026-07-15,True,0.0,EC2 - Other,APS3-APN2-AWS-In-Bytes
2026-07-01,2026-07-15,True,0.0,EC2 - Other,APS3-APN3-AWS-In-Bytes
2026-07-01,2026-07-15,True,9.6e-09,EC2 - Other,APS3-APN3-AWS-Out-Bytes
2026-07-01,2026-07-15,True,0.0,EC2 - Other,APS3-APS1-AWS-In-Bytes
2026-07-01,2026-07-15,True,0.0,EC2 - Other,APS3-APS2-AWS-In-Bytes
2026-07-01,2026-07-15,True,0.0,EC2 - Other,APS3-APS4-AWS-In-Bytes
2026-07-01,2026-07-15,True,0.0,EC2 - Other,APS3-APS5-AWS-In-Bytes
2026-07-01,2026-07-15,True,0.0,EC2 - Other,APS3-APS6-AWS-In-Bytes
2026-07-01,2026-07-15,True,0.0,EC2 - Other,APS3-APS7-AWS-In-Bytes
2026-07-01,2026-07-15,True,0.0,EC2 - Other,APS3-APS8-AWS-In-Bytes
2026-07-01,2026-07-15,True,0.0,EC2 - Other,APS3-APS9-AWS-In-Bytes
2026-07-01,2026-07-15,True,0.0,EC2 - Other,APS3-CAN1-AWS-In-Bytes
2026-07-01,2026-07-15,True,1.79e-07,EC2 - Other,APS3-DataTransfer-Regional-Bytes
2026-07-01,2026-07-15,True,1.0876968872,EC2 - Other,APS3-EBS:SnapshotUsage
2026-07-01,2026-07-15,True,0.0,EC2 - Other,APS3-EU-AWS-In-Bytes
2026-07-01,2026-07-15,True,0.0,EC2 - Other,APS3-EUC1-AWS-In-Bytes
2026-07-01,2026-07-15,True,0.0,EC2 - Other,APS3-EUN1-AWS-In-Bytes
2026-07-01,2026-07-15,True,0.0,EC2 - Other,APS3-EUS1-AWS-In-Bytes
2026-07-01,2026-07-15,True,0.0,EC2 - Other,APS3-EUS2-AWS-In-Bytes
2026-07-01,2026-07-15,True,0.0,EC2 - Other,APS3-EUW2-AWS-In-Bytes
2026-07-01,2026-07-15,True,0.0,EC2 - Other,APS3-EUW3-AWS-In-Bytes
2026-07-01,2026-07-15,True,0.0,EC2 - Other,APS3-MXC1-AWS-In-Bytes
2026-07-01,2026-07-15,True,6.9333e-06,EC2 - Other,APS3-NatGateway-Bytes
2026-07-01,2026-07-15,True,37.632,EC2 - Other,APS3-NatGateway-Hours
2026-07-01,2026-07-15,True,0.0,EC2 - Other,APS3-SAE1-AWS-In-Bytes
2026-07-01,2026-07-15,True,0.0,EC2 - Other,APS3-USE1-AWS-In-Bytes
2026-07-01,2026-07-15,True,0.0,EC2 - Other,APS3-USE2-AWS-In-Bytes
2026-07-01,2026-07-15,True,0.0,EC2 - Other,APS3-USW2-AWS-In-Bytes
2026-07-01,2026-07-15,True,0.0018106822,EC2 - Other,DataTransfer-Regional-Bytes
2026-07-01,2026-07-15,True,0.6054876506,EC2 - Other,EBS:SnapshotUsage
2026-07-01,2026-07-15,True,97.6929033696,EC2 - Other,EBS:VolumeUsage.gp3
2026-07-01,2026-07-15,True,0.0,EC2 - Other,EBSOptimized:t3.2xlarge
2026-07-01,2026-07-15,True,0.0,EC2 - Other,EBSOptimized:t3.micro
2026-07-01,2026-07-15,True,0.0,EC2 - Other,EUC1-AFS1-AWS-In-Bytes
2026-07-01,2026-07-15,True,0.0,EC2 - Other,EUC1-APE1-AWS-In-Bytes
2026-07-01,2026-07-15,True,0.0,EC2 - Other,EUC1-APE2-AWS-In-Bytes
2026-07-01,2026-07-15,True,0.0,EC2 - Other,EUC1-APN1-AWS-In-Bytes
2026-07-01,2026-07-15,True,7e-10,EC2 - Other,EUC1-APN1-AWS-Out-Bytes
2026-07-01,2026-07-15,True,0.0,EC2 - Other,EUC1-APN2-AWS-In-Bytes
2026-07-01,2026-07-15,True,0.0,EC2 - Other,EUC1-APN3-AWS-In-Bytes
2026-07-01,2026-07-15,True,7e-10,EC2 - Other,EUC1-APN3-AWS-Out-Bytes
2026-07-01,2026-07-15,True,0.0,EC2 - Other,EUC1-APS1-AWS-In-Bytes
2026-07-01,2026-07-15,True,0.0,EC2 - Other,EUC1-APS2-AWS-In-Bytes
2026-07-01,2026-07-15,True,0.0,EC2 - Other,EUC1-APS3-AWS-In-Bytes
2026-07-01,2026-07-15,True,0.0,EC2 - Other,EUC1-APS4-AWS-In-Bytes
2026-07-01,2026-07-15,True,0.0,EC2 - Other,EUC1-APS5-AWS-In-Bytes
2026-07-01,2026-07-15,True,0.0,EC2 - Other,EUC1-APS6-AWS-In-Bytes
2026-07-01,2026-07-15,True,0.0,EC2 - Other,EUC1-APS9-AWS-In-Bytes
2026-07-01,2026-07-15,True,0.0,EC2 - Other,EUC1-CAN1-AWS-In-Bytes
2026-07-01,2026-07-15,True,1.952e-07,EC2 - Other,EUC1-DataTransfer-Regional-Bytes
2026-07-01,2026-07-15,True,0.0,EC2 - Other,EUC1-EU-AWS-In-Bytes
2026-07-01,2026-07-15,True,0.0,EC2 - Other,EUC1-EUN1-AWS-In-Bytes
2026-07-01,2026-07-15,True,0.0,EC2 - Other,EUC1-EUS1-AWS-In-Bytes
2026-07-01,2026-07-15,True,0.0,EC2 - Other,EUC1-EUS2-AWS-In-Bytes
2026-07-01,2026-07-15,True,0.0,EC2 - Other,EUC1-EUW2-AWS-In-Bytes
2026-07-01,2026-07-15,True,0.0,EC2 - Other,EUC1-EUW3-AWS-In-Bytes
2026-07-01,2026-07-15,True,0.0,EC2 - Other,EUC1-MXC1-AWS-In-Bytes
2026-07-01,2026-07-15,True,5.3851e-06,EC2 - Other,EUC1-NatGateway-Bytes
2026-07-01,2026-07-15,True,34.944,EC2 - Other,EUC1-NatGateway-Hours
2026-07-01,2026-07-15,True,0.0,EC2 - Other,EUC1-USE1-AWS-In-Bytes
2026-07-01,2026-07-15,True,0.0,EC2 - Other,EUC1-USE2-AWS-In-Bytes
2026-07-01,2026-07-15,True,0.0,EC2 - Other,EUC1-USW1-AWS-In-Bytes
2026-07-01,2026-07-15,True,0.0,EC2 - Other,EUC1-USW2-AWS-In-Bytes
2026-07-01,2026-07-15,True,8.356e-07,EC2 - Other,NatGateway-Bytes
2026-07-01,2026-07-15,True,15.12,EC2 - Other,NatGateway-Hours
2026-07-01,2026-07-15,True,0.0,EC2 - Other,USE1-AFS1-AWS-In-Bytes
2026-07-01,2026-07-15,True,0.0,EC2 - Other,USE1-APE2-AWS-In-Bytes
2026-07-01,2026-07-15,True,0.0,EC2 - Other,USE1-APN1-AWS-In-Bytes
2026-07-01,2026-07-15,True,0.0,EC2 - Other,USE1-APN2-AWS-In-Bytes
2026-07-01,2026-07-15,True,0.0,EC2 - Other,USE1-APN3-AWS-In-Bytes
2026-07-01,2026-07-15,True,7e-10,EC2 - Other,USE1-APN3-AWS-Out-Bytes
2026-07-01,2026-07-15,True,0.0,EC2 - Other,USE1-APS1-AWS-In-Bytes
2026-07-01,2026-07-15,True,0.0,EC2 - Other,USE1-APS2-AWS-In-Bytes
2026-07-01,2026-07-15,True,0.0,EC2 - Other,USE1-APS3-AWS-In-Bytes
2026-07-01,2026-07-15,True,0.0,EC2 - Other,USE1-APS5-AWS-In-Bytes
2026-07-01,2026-07-15,True,0.0,EC2 - Other,USE1-APS9-AWS-In-Bytes
2026-07-01,2026-07-15,True,0.0,EC2 - Other,USE1-CAN1-AWS-In-Bytes
2026-07-01,2026-07-15,True,0.0,EC2 - Other,USE1-EU-AWS-In-Bytes
2026-07-01,2026-07-15,True,1.5907e-06,EC2 - Other,USE1-EU-AWS-Out-Bytes
2026-07-01,2026-07-15,True,0.0,EC2 - Other,USE1-EUC1-AWS-In-Bytes
2026-07-01,2026-07-15,True,0.0003753391,EC2 - Other,USE1-EUC1-AWS-Out-Bytes
2026-07-01,2026-07-15,True,0.0,EC2 - Other,USE1-EUN1-AWS-In-Bytes
2026-07-01,2026-07-15,True,0.0,EC2 - Other,USE1-EUS1-AWS-In-Bytes
2026-07-01,2026-07-15,True,0.0,EC2 - Other,USE1-EUS2-AWS-In-Bytes
2026-07-01,2026-07-15,True,0.0,EC2 - Other,USE1-EUW2-AWS-In-Bytes
2026-07-01,2026-07-15,True,0.0,EC2 - Other,USE1-EUW3-AWS-In-Bytes
2026-07-01,2026-07-15,True,0.0,EC2 - Other,USE1-USE2-AWS-In-Bytes
2026-07-01,2026-07-15,True,0.0,EC2 - Other,USE1-USW2-AWS-In-Bytes
2026-07-01,2026-07-15,True,7.197e-07,EC2 - Other,USE1-USW2-AWS-Out-Bytes
2026-07-01,2026-07-15,True,0.0,EC2 - Other,USW2-AFS1-AWS-In-Bytes
2026-07-01,2026-07-15,True,9.1026e-05,EC2 - Other,USW2-AFS1-AWS-Out-Bytes
2026-07-01,2026-07-15,True,0.0,EC2 - Other,USW2-APE1-AWS-In-Bytes
2026-07-01,2026-07-15,True,8.69537e-05,EC2 - Other,USW2-APE1-AWS-Out-Bytes
2026-07-01,2026-07-15,True,0.0,EC2 - Other,USW2-APE2-AWS-In-Bytes
2026-07-01,2026-07-15,True,0.0,EC2 - Other,USW2-APN1-AWS-In-Bytes
2026-07-01,2026-07-15,True,0.0003543751,EC2 - Other,USW2-APN1-AWS-Out-Bytes
2026-07-01,2026-07-15,True,0.0,EC2 - Other,USW2-APN2-AWS-In-Bytes
2026-07-01,2026-07-15,True,0.0003492005,EC2 - Other,USW2-APN2-AWS-Out-Bytes
2026-07-01,2026-07-15,True,0.0,EC2 - Other,USW2-APN3-AWS-In-Bytes
2026-07-01,2026-07-15,True,0.0003411185,EC2 - Other,USW2-APN3-AWS-Out-Bytes
2026-07-01,2026-07-15,True,0.0,EC2 - Other,USW2-APS1-AWS-In-Bytes
2026-07-01,2026-07-15,True,0.0003518077,EC2 - Other,USW2-APS1-AWS-Out-Bytes
2026-07-01,2026-07-15,True,0.0,EC2 - Other,USW2-APS2-AWS-In-Bytes
2026-07-01,2026-07-15,True,0.0003526086,EC2 - Other,USW2-APS2-AWS-Out-Bytes
2026-07-01,2026-07-15,True,0.0,EC2 - Other,USW2-APS3-AWS-In-Bytes
2026-07-01,2026-07-15,True,0.0003504958,EC2 - Other,USW2-APS3-AWS-Out-Bytes
2026-07-01,2026-07-15,True,0.0,EC2 - Other,USW2-APS4-AWS-In-Bytes
2026-07-01,2026-07-15,True,8.63411e-05,EC2 - Other,USW2-APS4-AWS-Out-Bytes
2026-07-01,2026-07-15,True,0.0,EC2 - Other,USW2-APS5-AWS-In-Bytes
2026-07-01,2026-07-15,True,8.2517e-05,EC2 - Other,USW2-APS5-AWS-Out-Bytes
2026-07-01,2026-07-15,True,0.0,EC2 - Other,USW2-APS6-AWS-In-Bytes
2026-07-01,2026-07-15,True,0.0,EC2 - Other,USW2-APS7-AWS-In-Bytes
2026-07-01,2026-07-15,True,0.0,EC2 - Other,USW2-APS8-AWS-In-Bytes
2026-07-01,2026-07-15,True,0.0,EC2 - Other,USW2-APS9-AWS-In-Bytes
2026-07-01,2026-07-15,True,1.17e-08,EC2 - Other,USW2-APS9-AWS-Out-Bytes
2026-07-01,2026-07-15,True,0.0,EC2 - Other,USW2-CAN1-AWS-In-Bytes
2026-07-01,2026-07-15,True,0.0003483356,EC2 - Other,USW2-CAN1-AWS-Out-Bytes
2026-07-01,2026-07-15,True,0.0,EC2 - Other,USW2-CAN2-AWS-In-Bytes
2026-07-01,2026-07-15,True,0.0,EC2 - Other,USW2-DFW1-AWS-In-Bytes
2026-07-01,2026-07-15,True,7.5811867155,EC2 - Other,USW2-DataTransfer-Regional-Bytes
2026-07-01,2026-07-15,True,5.1759024663,EC2 - Other,USW2-EBS:SnapshotUsage
2026-07-01,2026-07-15,True,202.8370356945,EC2 - Other,USW2-EBS:VolumeUsage.gp3
2026-07-01,2026-07-15,True,0.0,EC2 - Other,USW2-EBSOptimized:c5d.metal
2026-07-01,2026-07-15,True,0.0,EC2 - Other,USW2-EBSOptimized:c6i.32xlarge
2026-07-01,2026-07-15,True,0.0,EC2 - Other,USW2-EBSOptimized:c6i.metal
2026-07-01,2026-07-15,True,0.0,EC2 - Other,USW2-EBSOptimized:c6in.metal
2026-07-01,2026-07-15,True,0.0,EC2 - Other,USW2-EBSOptimized:c7i.metal-48xl
2026-07-01,2026-07-15,True,0.0,EC2 - Other,USW2-EBSOptimized:c8i.32xlarge
2026-07-01,2026-07-15,True,0.0,EC2 - Other,USW2-EBSOptimized:c8i.metal-48xl
2026-07-01,2026-07-15,True,0.0,EC2 - Other,USW2-EBSOptimized:c8id.96xlarge
2026-07-01,2026-07-15,True,0.0,EC2 - Other,USW2-EBSOptimized:c8id.metal-48xl
2026-07-01,2026-07-15,True,0.0,EC2 - Other,USW2-EBSOptimized:c8id.metal-96xl
2026-07-01,2026-07-15,True,0.0,EC2 - Other,USW2-EBSOptimized:f2.6xlarge
2026-07-01,2026-07-15,True,0.0,EC2 - Other,USW2-EBSOptimized:i3en.metal
2026-07-01,2026-07-15,True,0.0,EC2 - Other,USW2-EBSOptimized:i4i.32xlarge
2026-07-01,2026-07-15,True,0.0,EC2 - Other,USW2-EBSOptimized:i4i.metal
2026-07-01,2026-07-15,True,0.0,EC2 - Other,USW2-EBSOptimized:i7i.48xlarge
2026-07-01,2026-07-15,True,0.0,EC2 - Other,USW2-EBSOptimized:i7i.metal-48xl
2026-07-01,2026-07-15,True,0.0,EC2 - Other,USW2-EBSOptimized:i7ie.48xlarge
2026-07-01,2026-07-15,True,0.0,EC2 - Other,USW2-EBSOptimized:i7ie.metal-48xl
2026-07-01,2026-07-15,True,0.0,EC2 - Other,USW2-EBSOptimized:m5d.metal
2026-07-01,2026-07-15,True,0.0,EC2 - Other,USW2-EBSOptimized:m7i.metal-48xl
2026-07-01,2026-07-15,True,0.0,EC2 - Other,USW2-EBSOptimized:m8i.32xlarge
2026-07-01,2026-07-15,True,0.0,EC2 - Other,USW2-EBSOptimized:m8i.48xlarge
2026-07-01,2026-07-15,True,0.0,EC2 - Other,USW2-EBSOptimized:m8i.metal-48xl
2026-07-01,2026-07-15,True,0.0,EC2 - Other,USW2-EBSOptimized:m8id.32xlarge
2026-07-01,2026-07-15,True,0.0,EC2 - Other,USW2-EBSOptimized:m8id.96xlarge
2026-07-01,2026-07-15,True,0.0,EC2 - Other,USW2-EBSOptimized:m8id.metal-48xl
2026-07-01,2026-07-15,True,0.0,EC2 - Other,USW2-EBSOptimized:m8id.metal-96xl
2026-07-01,2026-07-15,True,0.0,EC2 - Other,USW2-EBSOptimized:m8idb.96xlarge
2026-07-01,2026-07-15,True,0.0,EC2 - Other,USW2-EBSOptimized:m8idn.48xlarge
2026-07-01,2026-07-15,True,0.0,EC2 - Other,USW2-EBSOptimized:m8idn.96xlarge
2026-07-01,2026-07-15,True,0.0,EC2 - Other,USW2-EBSOptimized:r6i.2xlarge
2026-07-01,2026-07-15,True,0.0,EC2 - Other,USW2-EBSOptimized:r6id.metal
2026-07-01,2026-07-15,True,0.0,EC2 - Other,USW2-EBSOptimized:r7i.metal-48xl
2026-07-01,2026-07-15,True,0.0,EC2 - Other,USW2-EBSOptimized:r8i.2xlarge
2026-07-01,2026-07-15,True,0.0,EC2 - Other,USW2-EBSOptimized:r8i.32xlarge
2026-07-01,2026-07-15,True,0.0,EC2 - Other,USW2-EBSOptimized:r8i.48xlarge
2026-07-01,2026-07-15,True,0.0,EC2 - Other,USW2-EBSOptimized:r8i.metal-48xl
2026-07-01,2026-07-15,True,0.0,EC2 - Other,USW2-EBSOptimized:r8id.2xlarge
2026-07-01,2026-07-15,True,0.0,EC2 - Other,USW2-EBSOptimized:r8id.32xlarge
2026-07-01,2026-07-15,True,0.0,EC2 - Other,USW2-EBSOptimized:r8id.48xlarge
2026-07-01,2026-07-15,True,0.0,EC2 - Other,USW2-EBSOptimized:r8id.96xlarge
2026-07-01,2026-07-15,True,0.0,EC2 - Other,USW2-EBSOptimized:r8id.metal-48xl
2026-07-01,2026-07-15,True,0.0,EC2 - Other,USW2-EBSOptimized:r8id.metal-96xl
2026-07-01,2026-07-15,True,0.0,EC2 - Other,USW2-EBSOptimized:r8idb.48xlarge
2026-07-01,2026-07-15,True,0.0,EC2 - Other,USW2-EBSOptimized:r8idb.96xlarge
2026-07-01,2026-07-15,True,0.0,EC2 - Other,USW2-EBSOptimized:r8idn.96xlarge
2026-07-01,2026-07-15,True,0.0,EC2 - Other,USW2-EBSOptimized:t3.small
2026-07-01,2026-07-15,True,0.0,EC2 - Other,USW2-EBSOptimized:t3.xlarge
2026-07-01,2026-07-15,True,0.0,EC2 - Other,USW2-EBSOptimized:t4g.medium
2026-07-01,2026-07-15,True,0.0,EC2 - Other,USW2-EBSOptimized:x8i.32xlarge
2026-07-01,2026-07-15,True,0.0,EC2 - Other,USW2-EU-AWS-In-Bytes
2026-07-01,2026-07-15,True,0.0004157269,EC2 - Other,USW2-EU-AWS-Out-Bytes
2026-07-01,2026-07-15,True,0.0,EC2 - Other,USW2-EUC1-AWS-In-Bytes
2026-07-01,2026-07-15,True,0.0009138189,EC2 - Other,USW2-EUC1-AWS-Out-Bytes
2026-07-01,2026-07-15,True,0.0,EC2 - Other,USW2-EUC2-AWS-In-Bytes
2026-07-01,2026-07-15,True,0.0,EC2 - Other,USW2-EUN1-AWS-In-Bytes
2026-07-01,2026-07-15,True,0.0003484016,EC2 - Other,USW2-EUN1-AWS-Out-Bytes
2026-07-01,2026-07-15,True,0.0,EC2 - Other,USW2-EUS1-AWS-In-Bytes
2026-07-01,2026-07-15,True,0.0,EC2 - Other,USW2-EUS2-AWS-In-Bytes
2026-07-01,2026-07-15,True,0.0,EC2 - Other,USW2-EUW2-AWS-In-Bytes
2026-07-01,2026-07-15,True,0.0003608866,EC2 - Other,USW2-EUW2-AWS-Out-Bytes
2026-07-01,2026-07-15,True,0.0,EC2 - Other,USW2-EUW3-AWS-In-Bytes
2026-07-01,2026-07-15,True,0.0003506675,EC2 - Other,USW2-EUW3-AWS-Out-Bytes
2026-07-01,2026-07-15,True,0.0,EC2 - Other,USW2-MXC1-AWS-In-Bytes
2026-07-01,2026-07-15,True,51.8597244903,EC2 - Other,USW2-NatGateway-Bytes
2026-07-01,2026-07-15,True,82.665,EC2 - Other,USW2-NatGateway-Hours
2026-07-01,2026-07-15,True,0.0,EC2 - Other,USW2-SAE1-AWS-In-Bytes
2026-07-01,2026-07-15,True,0.0003484405,EC2 - Other,USW2-SAE1-AWS-Out-Bytes
2026-07-01,2026-07-15,True,0.0,EC2 - Other,USW2-USE1-AWS-In-Bytes
2026-07-01,2026-07-15,True,0.0235290193,EC2 - Other,USW2-USE1-AWS-Out-Bytes
2026-07-01,2026-07-15,True,0.0,EC2 - Other,USW2-USE2-AWS-In-Bytes
2026-07-01,2026-07-15,True,0.0003507638,EC2 - Other,USW2-USE2-AWS-Out-Bytes
2026-07-01,2026-07-15,True,0.0,EC2 - Other,USW2-USW1-AWS-In-Bytes
2026-07-01,2026-07-15,True,0.0004716429,EC2 - Other,USW2-USW1-AWS-Out-Bytes
2026-07-01,2026-07-15,True,0.0,Amazon Elastic Compute Cloud - Compute,APS3-DataTransfer-In-Bytes
2026-07-01,2026-07-15,True,0.0,Amazon Elastic Compute Cloud - Compute,APS3-DataTransfer-Out-Bytes
2026-07-01,2026-07-15,True,0.0,Amazon Elastic Compute Cloud - Compute,APS3-USE1-AWS-In-Bytes
2026-07-01,2026-07-15,True,87.2552605184,Amazon Elastic Compute Cloud - Compute,BoxUsage:t3.2xlarge
2026-07-01,2026-07-15,True,3.4944,Amazon Elastic Compute Cloud - Compute,BoxUsage:t3.micro
2026-07-01,2026-07-15,True,1.7428204456,Amazon Elastic Compute Cloud - Compute,BoxUsage:t3.nano
2026-07-01,2026-07-15,True,9.903088,Amazon Elastic Compute Cloud - Compute,BoxUsage:t3a.2xlarge
2026-07-01,2026-07-15,True,0.0,Amazon Elastic Compute Cloud - Compute,DataTransfer-In-Bytes
2026-07-01,2026-07-15,True,0.0002600456,Amazon Elastic Compute Cloud - Compute,DataTransfer-Out-Bytes
2026-07-01,2026-07-15,True,0.0,Amazon Elastic Compute Cloud - Compute,EUC1-DataTransfer-In-Bytes
2026-07-01,2026-07-15,True,5.7248e-06,Amazon Elastic Compute Cloud - Compute,EUC1-DataTransfer-Out-Bytes
2026-07-01,2026-07-15,True,0.0,Amazon Elastic Compute Cloud - Compute,USE1-APS3-AWS-In-Bytes
2026-07-01,2026-07-15,True,0.0022481696,Amazon Elastic Compute Cloud - Compute,USE1-APS3-AWS-Out-Bytes
2026-07-01,2026-07-15,True,0.0,Amazon Elastic Compute Cloud - Compute,USE1-CloudFront-In-Bytes
2026-07-01,2026-07-15,True,0.0,Amazon Elastic Compute Cloud - Compute,USE1-CloudFront-Out-Bytes
2026-07-01,2026-07-15,True,0.0,Amazon Elastic Compute Cloud - Compute,USE1-EUC1-AWS-In-Bytes
2026-07-01,2026-07-15,True,0.0022551293,Amazon Elastic Compute Cloud - Compute,USE1-EUC1-AWS-Out-Bytes
2026-07-01,2026-07-15,True,0.0,Amazon Elastic Compute Cloud - Compute,USE1-USE2-AWS-In-Bytes
2026-07-01,2026-07-15,True,0.0011233106,Amazon Elastic Compute Cloud - Compute,USE1-USE2-AWS-Out-Bytes
2026-07-01,2026-07-15,True,0.0,Amazon Elastic Compute Cloud - Compute,USE1-USW1-AWS-In-Bytes
2026-07-01,2026-07-15,True,0.0025424315,Amazon Elastic Compute Cloud - Compute,USE1-USW1-AWS-Out-Bytes
2026-07-01,2026-07-15,True,0.0,Amazon Elastic Compute Cloud - Compute,USE1-USW2-AWS-In-Bytes
2026-07-01,2026-07-15,True,0.7107111319,Amazon Elastic Compute Cloud - Compute,USE1-USW2-AWS-Out-Bytes
2026-07-01,2026-07-15,True,0.0,Amazon Elastic Compute Cloud - Compute,USW2-AFS1-AWS-In-Bytes
2026-07-01,2026-07-15,True,0.0002034018,Amazon Elastic Compute Cloud - Compute,USW2-AFS1-AWS-Out-Bytes
2026-07-01,2026-07-15,True,0.0,Amazon Elastic Compute Cloud - Compute,USW2-APE1-AWS-In-Bytes
2026-07-01,2026-07-15,True,0.0002031021,Amazon Elastic Compute Cloud - Compute,USW2-APE1-AWS-Out-Bytes
2026-07-01,2026-07-15,True,0.0,Amazon Elastic Compute Cloud - Compute,USW2-APN1-AWS-In-Bytes
2026-07-01,2026-07-15,True,0.0007931455,Amazon Elastic Compute Cloud - Compute,USW2-APN1-AWS-Out-Bytes
2026-07-01,2026-07-15,True,0.0,Amazon Elastic Compute Cloud - Compute,USW2-APN2-AWS-In-Bytes
2026-07-01,2026-07-15,True,0.0008194835,Amazon Elastic Compute Cloud - Compute,USW2-APN2-AWS-Out-Bytes
2026-07-01,2026-07-15,True,0.0,Amazon Elastic Compute Cloud - Compute,USW2-APN3-AWS-In-Bytes
2026-07-01,2026-07-15,True,0.0007760973,Amazon Elastic Compute Cloud - Compute,USW2-APN3-AWS-Out-Bytes
2026-07-01,2026-07-15,True,0.0,Amazon Elastic Compute Cloud - Compute,USW2-APS1-AWS-In-Bytes
2026-07-01,2026-07-15,True,0.0008194012,Amazon Elastic Compute Cloud - Compute,USW2-APS1-AWS-Out-Bytes
2026-07-01,2026-07-15,True,0.0,Amazon Elastic Compute Cloud - Compute,USW2-APS2-AWS-In-Bytes
2026-07-01,2026-07-15,True,0.000804638,Amazon Elastic Compute Cloud - Compute,USW2-APS2-AWS-Out-Bytes
2026-07-01,2026-07-15,True,0.0,Amazon Elastic Compute Cloud - Compute,USW2-APS3-AWS-In-Bytes
2026-07-01,2026-07-15,True,0.0023403402,Amazon Elastic Compute Cloud - Compute,USW2-APS3-AWS-Out-Bytes
2026-07-01,2026-07-15,True,0.0,Amazon Elastic Compute Cloud - Compute,USW2-APS4-AWS-In-Bytes
2026-07-01,2026-07-15,True,0.0001998457,Amazon Elastic Compute Cloud - Compute,USW2-APS4-AWS-Out-Bytes
2026-07-01,2026-07-15,True,0.0,Amazon Elastic Compute Cloud - Compute,USW2-APS5-AWS-In-Bytes
2026-07-01,2026-07-15,True,0.000186753,Amazon Elastic Compute Cloud - Compute,USW2-APS5-AWS-Out-Bytes
2026-07-01,2026-07-15,True,110.5690888512,Amazon Elastic Compute Cloud - Compute,USW2-BoxUsage:f2.6xlarge
2026-07-01,2026-07-15,True,151.9405993476,Amazon Elastic Compute Cloud - Compute,USW2-BoxUsage:r7i.2xlarge
2026-07-01,2026-07-15,True,494.3866445496,Amazon Elastic Compute Cloud - Compute,USW2-BoxUsage:r7i.4xlarge
2026-07-01,2026-07-15,True,318.2497075296,Amazon Elastic Compute Cloud - Compute,USW2-BoxUsage:r7i.8xlarge
2026-07-01,2026-07-15,True,111.6181617408,Amazon Elastic Compute Cloud - Compute,USW2-BoxUsage:t3.2xlarge
2026-07-01,2026-07-15,True,6.9886728912,Amazon Elastic Compute Cloud - Compute,USW2-BoxUsage:t3.micro
2026-07-01,2026-07-15,True,6.9888,Amazon Elastic Compute Cloud - Compute,USW2-BoxUsage:t3.small
2026-07-01,2026-07-15,True,66.1487608704,Amazon Elastic Compute Cloud - Compute,USW2-BoxUsage:t3.xlarge
2026-07-01,2026-07-15,True,19.9903323776,Amazon Elastic Compute Cloud - Compute,USW2-BoxUsage:t3a.2xlarge
2026-07-01,2026-07-15,True,11.2896,Amazon Elastic Compute Cloud - Compute,USW2-BoxUsage:t4g.medium
2026-07-01,2026-07-15,True,7.2573176676,Amazon Elastic Compute Cloud - Compute,USW2-BoxUsage:t4g.micro
2026-07-01,2026-07-15,True,0.0,Amazon Elastic Compute Cloud - Compute,USW2-CAN1-AWS-In-Bytes
2026-07-01,2026-07-15,True,0.0008043785,Amazon Elastic Compute Cloud - Compute,USW2-CAN1-AWS-Out-Bytes
2026-07-01,2026-07-15,True,0.0,Amazon Elastic Compute Cloud - Compute,USW2-CloudFront-In-Bytes
2026-07-01,2026-07-15,True,0.0,Amazon Elastic Compute Cloud - Compute,USW2-CloudFront-Out-Bytes
2026-07-01,2026-07-15,True,0.0,Amazon Elastic Compute Cloud - Compute,USW2-DataTransfer-In-Bytes
2026-07-01,2026-07-15,True,0.2880540662,Amazon Elastic Compute Cloud - Compute,USW2-DataTransfer-Out-Bytes
2026-07-01,2026-07-15,True,0.0,Amazon Elastic Compute Cloud - Compute,USW2-EU-AWS-In-Bytes
2026-07-01,2026-07-15,True,0.0008023416,Amazon Elastic Compute Cloud - Compute,USW2-EU-AWS-Out-Bytes
2026-07-01,2026-07-15,True,0.0,Amazon Elastic Compute Cloud - Compute,USW2-EUC1-AWS-In-Bytes
2026-07-01,2026-07-15,True,0.0023545802,Amazon Elastic Compute Cloud - Compute,USW2-EUC1-AWS-Out-Bytes
2026-07-01,2026-07-15,True,0.0,Amazon Elastic Compute Cloud - Compute,USW2-EUN1-AWS-In-Bytes
2026-07-01,2026-07-15,True,0.0007870682,Amazon Elastic Compute Cloud - Compute,USW2-EUN1-AWS-Out-Bytes
2026-07-01,2026-07-15,True,0.0,Amazon Elastic Compute Cloud - Compute,USW2-EUW2-AWS-In-Bytes
2026-07-01,2026-07-15,True,0.0007858275,Amazon Elastic Compute Cloud - Compute,USW2-EUW2-AWS-Out-Bytes
2026-07-01,2026-07-15,True,0.0,Amazon Elastic Compute Cloud - Compute,USW2-EUW3-AWS-In-Bytes
2026-07-01,2026-07-15,True,0.0008023706,Amazon Elastic Compute Cloud - Compute,USW2-EUW3-AWS-Out-Bytes
2026-07-01,2026-07-15,True,0.0,Amazon Elastic Compute Cloud - Compute,USW2-SAE1-AWS-In-Bytes
2026-07-01,2026-07-15,True,0.0008043578,Amazon Elastic Compute Cloud - Compute,USW2-SAE1-AWS-Out-Bytes
2026-07-01,2026-07-15,True,6.4706270437,Amazon Elastic Compute Cloud - Compute,USW2-SpotUsage:c5d.metal
2026-07-01,2026-07-15,True,0.2229412689,Amazon Elastic Compute Cloud - Compute,USW2-SpotUsage:c6i.32xlarge
2026-07-01,2026-07-15,True,50.0138487546,Amazon Elastic Compute Cloud - Compute,USW2-SpotUsage:c6i.metal
2026-07-01,2026-07-15,True,1.1398845042,Amazon Elastic Compute Cloud - Compute,USW2-SpotUsage:c6in.metal
2026-07-01,2026-07-15,True,23.7921702634,Amazon Elastic Compute Cloud - Compute,USW2-SpotUsage:c7i.metal-48xl
2026-07-01,2026-07-15,True,9.0990982025,Amazon Elastic Compute Cloud - Compute,USW2-SpotUsage:c8i.32xlarge
2026-07-01,2026-07-15,True,15.9929720281,Amazon Elastic Compute Cloud - Compute,USW2-SpotUsage:c8i.metal-48xl
2026-07-01,2026-07-15,True,151.7655630316,Amazon Elastic Compute Cloud - Compute,USW2-SpotUsage:c8id.96xlarge
2026-07-01,2026-07-15,True,25.5749136822,Amazon Elastic Compute Cloud - Compute,USW2-SpotUsage:c8id.metal-48xl
2026-07-01,2026-07-15,True,38.5688177648,Amazon Elastic Compute Cloud - Compute,USW2-SpotUsage:c8id.metal-96xl
2026-07-01,2026-07-15,True,14.7885761719,Amazon Elastic Compute Cloud - Compute,USW2-SpotUsage:f2.6xlarge
2026-07-01,2026-07-15,True,0.5585470995,Amazon Elastic Compute Cloud - Compute,USW2-SpotUsage:i3en.metal
2026-07-01,2026-07-15,True,53.4821666827,Amazon Elastic Compute Cloud - Compute,USW2-SpotUsage:i4i.32xlarge
2026-07-01,2026-07-15,True,157.0986933467,Amazon Elastic Compute Cloud - Compute,USW2-SpotUsage:i4i.metal
2026-07-01,2026-07-15,True,142.9120732486,Amazon Elastic Compute Cloud - Compute,USW2-SpotUsage:i7i.48xlarge
2026-07-01,2026-07-15,True,115.6070894999,Amazon Elastic Compute Cloud - Compute,USW2-SpotUsage:i7i.metal-48xl
2026-07-01,2026-07-15,True,967.2506834173,Amazon Elastic Compute Cloud - Compute,USW2-SpotUsage:i7ie.48xlarge
2026-07-01,2026-07-15,True,3443.3786159415,Amazon Elastic Compute Cloud - Compute,USW2-SpotUsage:i7ie.metal-48xl
2026-07-01,2026-07-15,True,13.017752241,Amazon Elastic Compute Cloud - Compute,USW2-SpotUsage:m5d.metal
2026-07-01,2026-07-15,True,627.5261546534,Amazon Elastic Compute Cloud - Compute,USW2-SpotUsage:m7i.metal-48xl
2026-07-01,2026-07-15,True,12.7582599226,Amazon Elastic Compute Cloud - Compute,USW2-SpotUsage:m8i.32xlarge
2026-07-01,2026-07-15,True,1.6370076692,Amazon Elastic Compute Cloud - Compute,USW2-SpotUsage:m8i.48xlarge
2026-07-01,2026-07-15,True,34.5501427993,Amazon Elastic Compute Cloud - Compute,USW2-SpotUsage:m8i.metal-48xl
2026-07-01,2026-07-15,True,15.3013579525,Amazon Elastic Compute Cloud - Compute,USW2-SpotUsage:m8id.32xlarge
2026-07-01,2026-07-15,True,39.1673567335,Amazon Elastic Compute Cloud - Compute,USW2-SpotUsage:m8id.96xlarge
2026-07-01,2026-07-15,True,8.0720033688,Amazon Elastic Compute Cloud - Compute,USW2-SpotUsage:m8id.metal-48xl
2026-07-01,2026-07-15,True,84.5226290357,Amazon Elastic Compute Cloud - Compute,USW2-SpotUsage:m8id.metal-96xl
2026-07-01,2026-07-15,True,1835.3767541541,Amazon Elastic Compute Cloud - Compute,USW2-SpotUsage:m8idb.96xlarge
2026-07-01,2026-07-15,True,40.1266044489,Amazon Elastic Compute Cloud - Compute,USW2-SpotUsage:m8idn.48xlarge
2026-07-01,2026-07-15,True,1441.3067313962,Amazon Elastic Compute Cloud - Compute,USW2-SpotUsage:m8idn.96xlarge
2026-07-01,2026-07-15,True,0.0195240153,Amazon Elastic Compute Cloud - Compute,USW2-SpotUsage:r6i.2xlarge
2026-07-01,2026-07-15,True,0.580334048,Amazon Elastic Compute Cloud - Compute,USW2-SpotUsage:r6id.metal
2026-07-01,2026-07-15,True,2.8462131363,Amazon Elastic Compute Cloud - Compute,USW2-SpotUsage:r7i.metal-48xl
2026-07-01,2026-07-15,True,0.0988557292,Amazon Elastic Compute Cloud - Compute,USW2-SpotUsage:r8i.2xlarge
2026-07-01,2026-07-15,True,19.772380701,Amazon Elastic Compute Cloud - Compute,USW2-SpotUsage:r8i.32xlarge
2026-07-01,2026-07-15,True,73.6511448685,Amazon Elastic Compute Cloud - Compute,USW2-SpotUsage:r8i.48xlarge
2026-07-01,2026-07-15,True,0.4686363864,Amazon Elastic Compute Cloud - Compute,USW2-SpotUsage:r8i.metal-48xl
2026-07-01,2026-07-15,True,0.039548782,Amazon Elastic Compute Cloud - Compute,USW2-SpotUsage:r8id.2xlarge
2026-07-01,2026-07-15,True,0.6693207444,Amazon Elastic Compute Cloud - Compute,USW2-SpotUsage:r8id.32xlarge
2026-07-01,2026-07-15,True,19.9321012405,Amazon Elastic Compute Cloud - Compute,USW2-SpotUsage:r8id.48xlarge
2026-07-01,2026-07-15,True,96.3405157792,Amazon Elastic Compute Cloud - Compute,USW2-SpotUsage:r8id.96xlarge
2026-07-01,2026-07-15,True,45.5068341835,Amazon Elastic Compute Cloud - Compute,USW2-SpotUsage:r8id.metal-48xl
2026-07-01,2026-07-15,True,116.5457987601,Amazon Elastic Compute Cloud - Compute,USW2-SpotUsage:r8id.metal-96xl
2026-07-01,2026-07-15,True,66.5902201049,Amazon Elastic Compute Cloud - Compute,USW2-SpotUsage:r8idb.48xlarge
2026-07-01,2026-07-15,True,130.5414732982,Amazon Elastic Compute Cloud - Compute,USW2-SpotUsage:r8idb.96xlarge
2026-07-01,2026-07-15,True,3.9711980724,Amazon Elastic Compute Cloud - Compute,USW2-SpotUsage:r8idn.96xlarge
2026-07-01,2026-07-15,True,0.6469213556,Amazon Elastic Compute Cloud - Compute,USW2-SpotUsage:x8i.32xlarge
2026-07-01,2026-07-15,True,0.0,Amazon Elastic Compute Cloud - Compute,USW2-USE1-AWS-In-Bytes
2026-07-01,2026-07-15,True,0.0194692287,Amazon Elastic Compute Cloud - Compute,USW2-USE1-AWS-Out-Bytes
2026-07-01,2026-07-15,True,0.0,Amazon Elastic Compute Cloud - Compute,USW2-USE2-AWS-In-Bytes
2026-07-01,2026-07-15,True,0.00229202,Amazon Elastic Compute Cloud - Compute,USW2-USE2-AWS-Out-Bytes
2026-07-01,2026-07-15,True,0.0,Amazon Elastic Compute Cloud - Compute,USW2-USW1-AWS-In-Bytes
2026-07-01,2026-07-15,True,0.0023151836,Amazon Elastic Compute Cloud - Compute,USW2-USW1-AWS-Out-Bytes
2026-07-01,2026-07-15,True,0.0,Amazon Elastic Container Service,USW1-DataTransfer-In-Bytes
2026-07-01,2026-07-15,True,0.0030003969,Amazon Elastic Container Service,USW1-DataTransfer-Out-Bytes
2026-07-01,2026-07-15,True,1.46222e-05,Amazon Elastic Container Service,USW1-DataTransfer-Regional-Bytes
2026-07-01,2026-07-15,True,0.0,Amazon Elastic Container Service,USW1-DataTransfer-xAZ-In-Bytes
2026-07-01,2026-07-15,True,0.0,Amazon Elastic Container Service,USW1-DataTransfer-xAZ-Out-Bytes
2026-07-01,2026-07-15,True,0.6048657319,Amazon Elastic Container Service,USW1-Fargate-GB-Hours
2026-07-01,2026-07-15,True,2.7556309667,Amazon Elastic Container Service,USW1-Fargate-vCPU-Hours:perCPU
2026-07-01,2026-07-15,True,0.1278428628,Amazon Elastic Container Service,USW2-DataTransfer-Regional-Bytes
2026-07-01,2026-07-15,True,3.035209605,Amazon Elastic Container Service,USW2-Fargate-ARM-GB-Hours
2026-07-01,2026-07-15,True,13.803383001,Amazon Elastic Container Service,USW2-Fargate-ARM-vCPU-Hours:perCPU
2026-07-01,2026-07-15,True,4.9341522525,Amazon Elastic Container Service,USW2-Fargate-GB-Hours
2026-07-01,2026-07-15,True,22.4673209423,Amazon Elastic Container Service,USW2-Fargate-vCPU-Hours:perCPU
2026-07-01,2026-07-15,True,4.86624e-05,Amazon Elastic File System,USW2-TimedStorage-ByteHrs
2026-07-01,2026-07-15,True,7.56,Amazon Elastic Load Balancing,LoadBalancerUsage
2026-07-01,2026-07-15,True,0.0,Amazon Elastic Load Balancing,USW2-APN1-AWS-In-Bytes
2026-07-01,2026-07-15,True,5.492e-07,Amazon Elastic Load Balancing,USW2-APN1-AWS-Out-Bytes
2026-07-01,2026-07-15,True,0.0,Amazon Elastic Load Balancing,USW2-APS1-AWS-In-Bytes
2026-07-01,2026-07-15,True,7.7633e-06,Amazon Elastic Load Balancing,USW2-APS1-AWS-Out-Bytes
2026-07-01,2026-07-15,True,0.0,Amazon Elastic Load Balancing,USW2-APS2-AWS-In-Bytes
2026-07-01,2026-07-15,True,4.4609e-06,Amazon Elastic Load Balancing,USW2-APS2-AWS-Out-Bytes
2026-07-01,2026-07-15,True,0.0,Amazon Elastic Load Balancing,USW2-APS3-AWS-In-Bytes
2026-07-01,2026-07-15,True,3.497e-07,Amazon Elastic Load Balancing,USW2-APS3-AWS-Out-Bytes
2026-07-01,2026-07-15,True,0.0,Amazon Elastic Load Balancing,USW2-CAN1-AWS-In-Bytes
2026-07-01,2026-07-15,True,7.0069e-06,Amazon Elastic Load Balancing,USW2-CAN1-AWS-Out-Bytes
2026-07-01,2026-07-15,True,0.0,Amazon Elastic Load Balancing,USW2-CCU1-AWS-In-Bytes
2026-07-01,2026-07-15,True,3.3e-09,Amazon Elastic Load Balancing,USW2-CCU1-AWS-Out-Bytes
2026-07-01,2026-07-15,True,0.0,Amazon Elastic Load Balancing,USW2-DataTransfer-In-Bytes
2026-07-01,2026-07-15,True,0.0114362874,Amazon Elastic Load Balancing,USW2-DataTransfer-Out-Bytes
2026-07-01,2026-07-15,True,1.38533e-05,Amazon Elastic Load Balancing,USW2-DataTransfer-Regional-Bytes
2026-07-01,2026-07-15,True,0.0,Amazon Elastic Load Balancing,USW2-EU-AWS-In-Bytes
2026-07-01,2026-07-15,True,7.311e-07,Amazon Elastic Load Balancing,USW2-EU-AWS-Out-Bytes
2026-07-01,2026-07-15,True,0.0,Amazon Elastic Load Balancing,USW2-EUC1-AWS-In-Bytes
2026-07-01,2026-07-15,True,6.0155e-06,Amazon Elastic Load Balancing,USW2-EUC1-AWS-Out-Bytes
2026-07-01,2026-07-15,True,0.0,Amazon Elastic Load Balancing,USW2-EUW2-AWS-In-Bytes
2026-07-01,2026-07-15,True,5.8367e-06,Amazon Elastic Load Balancing,USW2-EUW2-AWS-Out-Bytes
2026-07-01,2026-07-15,True,0.0044098171,Amazon Elastic Load Balancing,USW2-LCUUsage
2026-07-01,2026-07-15,True,27.18,Amazon Elastic Load Balancing,USW2-LoadBalancerUsage
2026-07-01,2026-07-15,True,0.0,Amazon Elastic Load Balancing,USW2-USE1-AWS-In-Bytes
2026-07-01,2026-07-15,True,0.0001177505,Amazon Elastic Load Balancing,USW2-USE1-AWS-Out-Bytes
2026-07-01,2026-07-15,True,0.0,Amazon Elastic Load Balancing,USW2-USE2-AWS-In-Bytes
2026-07-01,2026-07-15,True,1.74678e-05,Amazon Elastic Load Balancing,USW2-USE2-AWS-Out-Bytes
2026-07-01,2026-07-15,True,0.0,Amazon Elastic Load Balancing,USW2-USW1-AWS-In-Bytes
2026-07-01,2026-07-15,True,3.996e-07,Amazon Elastic Load Balancing,USW2-USW1-AWS-Out-Bytes
2026-07-01,2026-07-15,True,0.0,Amazon FSx,USW2-CloudFront-In-Bytes
2026-07-01,2026-07-15,True,0.0,Amazon FSx,USW2-CloudFront-Out-Bytes
2026-07-01,2026-07-15,True,0.0,Amazon FSx,USW2-DataTransfer-In-Bytes
2026-07-01,2026-07-15,True,0.0004486153,Amazon FSx,USW2-DataTransfer-Out-Bytes
2026-07-01,2026-07-15,True,0.0868812497,Amazon FSx,USW2-DataTransfer-Regional-Bytes
2026-07-01,2026-07-15,True,1465.687612109,Amazon FSx,USW2-Storage
2026-07-01,2026-07-15,True,0.0,Amazon FSx,USW2-USE1-AWS-In-Bytes
2026-07-01,2026-07-15,True,1.8917e-05,Amazon FSx,USW2-USE1-AWS-Out-Bytes
2026-07-01,2026-07-15,True,5.74e-08,Amazon Glacier,AFS1-USW2-AWS-Out-Bytes
2026-07-01,2026-07-15,True,3.5e-08,Amazon Glacier,APE1-USW2-AWS-Out-Bytes
2026-07-01,2026-07-15,True,1.4e-07,Amazon Glacier,APN1-USW2-AWS-Out-Bytes
2026-07-01,2026-07-15,True,1.232e-07,Amazon Glacier,APN2-USW2-AWS-Out-Bytes
2026-07-01,2026-07-15,True,1.4e-07,Amazon Glacier,APN3-USW2-AWS-Out-Bytes
2026-07-01,2026-07-15,True,1.4e-07,Amazon Glacier,APS1-USW2-AWS-Out-Bytes
2026-07-01,2026-07-15,True,1.512e-07,Amazon Glacier,APS2-USW2-AWS-Out-Bytes
2026-07-01,2026-07-15,True,1.344e-07,Amazon Glacier,APS3-USW2-AWS-Out-Bytes
2026-07-01,2026-07-15,True,3.36e-08,Amazon Glacier,CAN1-USW2-AWS-Out-Bytes
2026-07-01,2026-07-15,True,3.36e-08,Amazon Glacier,EU-USW2-AWS-Out-Bytes
2026-07-01,2026-07-15,True,3.36e-08,Amazon Glacier,EUC1-USW2-AWS-Out-Bytes
2026-07-01,2026-07-15,True,3.36e-08,Amazon Glacier,EUN1-USW2-AWS-Out-Bytes
2026-07-01,2026-07-15,True,3.36e-08,Amazon Glacier,EUW2-USW2-AWS-Out-Bytes
2026-07-01,2026-07-15,True,3.36e-08,Amazon Glacier,EUW3-USW2-AWS-Out-Bytes
2026-07-01,2026-07-15,True,2.184e-07,Amazon Glacier,SAE1-USW2-AWS-Out-Bytes
2026-07-01,2026-07-15,True,3.36e-08,Amazon Glacier,USE1-USW2-AWS-Out-Bytes
2026-07-01,2026-07-15,True,3.36e-08,Amazon Glacier,USE2-USW2-AWS-Out-Bytes
2026-07-01,2026-07-15,True,3.36e-08,Amazon Glacier,USW1-USW2-AWS-Out-Bytes
2026-07-01,2026-07-15,True,0.01398536,Amazon GuardDuty,APN1-PaidEventsAnalyzed
2026-07-01,2026-07-15,True,0.013685,Amazon GuardDuty,APN2-PaidEventsAnalyzed
2026-07-01,2026-07-15,True,0.014795,Amazon GuardDuty,APN3-PaidEventsAnalyzed
2026-07-01,2026-07-15,True,0.0136206,Amazon GuardDuty,APS1-PaidEventsAnalyzed
2026-07-01,2026-07-15,True,0.0136896,Amazon GuardDuty,APS2-PaidEventsAnalyzed
2026-07-01,2026-07-15,True,0.01309,Amazon GuardDuty,APS3-PaidEventsAnalyzed
2026-07-01,2026-07-15,True,0.013685,Amazon GuardDuty,CAN1-PaidEventsAnalyzed
2026-07-01,2026-07-15,True,0.0130856,Amazon GuardDuty,EU-PaidEventsAnalyzed
2026-07-01,2026-07-15,True,0.0136896,Amazon GuardDuty,EUC1-PaidEventsAnalyzed
2026-07-01,2026-07-15,True,0.012264,Amazon GuardDuty,EUN1-PaidEventsAnalyzed
2026-07-01,2026-07-15,True,0.01309,Amazon GuardDuty,EUW2-PaidEventsAnalyzed
2026-07-01,2026-07-15,True,0.0130812,Amazon GuardDuty,EUW3-PaidEventsAnalyzed
2026-07-01,2026-07-15,True,0.020832,Amazon GuardDuty,SAE1-PaidEventsAnalyzed
2026-07-01,2026-07-15,True,0.01244,Amazon GuardDuty,USE1-PaidEventsAnalyzed
2026-07-01,2026-07-15,True,2.4005376338,Amazon GuardDuty,USE1-PaidRDSvCPUMonitored
2026-07-01,2026-07-15,True,0.0129,Amazon GuardDuty,USE2-PaidEventsAnalyzed
2026-07-01,2026-07-15,True,0.0130592,Amazon GuardDuty,USW1-PaidEventsAnalyzed
2026-07-01,2026-07-15,True,0.013443151,Amazon GuardDuty,USW1-PaidRDSACUMonitored
2026-07-01,2026-07-15,True,0.231584,Amazon GuardDuty,USW2-PaidEventsAnalyzed
2026-07-01,2026-07-15,True,0.1227033156,Amazon GuardDuty,USW2-PaidEventsAnalyzed-Bytes
2026-07-01,2026-07-15,True,0.1464576,Amazon GuardDuty,USW2-PaidS3DataEventsAnalyzed
2026-07-01,2026-07-15,True,0.0,Amazon Inspector,AFS1-EC2-free-metering
2026-07-01,2026-07-15,True,0.0,Amazon Inspector,AFS1-ECR-free-metering
2026-07-01,2026-07-15,True,0.0,Amazon Inspector,AFS1-Lambda-Standard-free-metering
2026-07-01,2026-07-15,True,0.0,Amazon Inspector,APE1-EC2-free-metering
2026-07-01,2026-07-15,True,0.0,Amazon Inspector,APE1-ECR-free-metering
2026-07-01,2026-07-15,True,0.0,Amazon Inspector,APE1-Lambda-Standard-free-metering
2026-07-01,2026-07-15,True,0.0,Amazon Inspector,APN1-EC2-free-metering
2026-07-01,2026-07-15,True,0.0,Amazon Inspector,APN1-ECR-free-metering
2026-07-01,2026-07-15,True,0.0,Amazon Inspector,APN1-Lambda-Code-free-metering
2026-07-01,2026-07-15,True,0.0,Amazon Inspector,APN1-Lambda-Standard-free-metering
2026-07-01,2026-07-15,True,0.0,Amazon Inspector,APN2-EC2-free-metering
2026-07-01,2026-07-15,True,0.0,Amazon Inspector,APN2-ECR-free-metering
2026-07-01,2026-07-15,True,0.0,Amazon Inspector,APN2-Lambda-Standard-free-metering
2026-07-01,2026-07-15,True,0.0,Amazon Inspector,APN3-EC2-free-metering
2026-07-01,2026-07-15,True,0.0,Amazon Inspector,APN3-ECR-free-metering
2026-07-01,2026-07-15,True,0.0,Amazon Inspector,APN3-Lambda-Standard-free-metering
2026-07-01,2026-07-15,True,0.0,Amazon Inspector,APS1-EC2-free-metering
2026-07-01,2026-07-15,True,0.0,Amazon Inspector,APS1-ECR-free-metering
2026-07-01,2026-07-15,True,0.0,Amazon Inspector,APS1-Lambda-Code-free-metering
2026-07-01,2026-07-15,True,0.0,Amazon Inspector,APS1-Lambda-Standard-free-metering
2026-07-01,2026-07-15,True,0.0,Amazon Inspector,APS2-EC2-free-metering
2026-07-01,2026-07-15,True,0.0,Amazon Inspector,APS2-ECR-free-metering
2026-07-01,2026-07-15,True,0.0,Amazon Inspector,APS2-Lambda-Code-free-metering
2026-07-01,2026-07-15,True,0.0,Amazon Inspector,APS2-Lambda-Standard-free-metering
2026-07-01,2026-07-15,True,0.0,Amazon Inspector,APS3-EC2-free-metering
2026-07-01,2026-07-15,True,0.0,Amazon Inspector,APS3-ECR-free-metering
2026-07-01,2026-07-15,True,0.0,Amazon Inspector,APS3-Lambda-Standard-free-metering
2026-07-01,2026-07-15,True,0.0,Amazon Inspector,APS4-EC2-free-metering
2026-07-01,2026-07-15,True,0.0,Amazon Inspector,APS4-ECR-free-metering
2026-07-01,2026-07-15,True,0.0,Amazon Inspector,APS4-Lambda-Standard-free-metering
2026-07-01,2026-07-15,True,0.0,Amazon Inspector,APS5-EC2-free-metering
2026-07-01,2026-07-15,True,0.0,Amazon Inspector,APS5-ECR-free-metering
2026-07-01,2026-07-15,True,0.0,Amazon Inspector,APS5-Lambda-Standard-free-metering
2026-07-01,2026-07-15,True,0.0,Amazon Inspector,CAN1-EC2-free-metering
2026-07-01,2026-07-15,True,0.0,Amazon Inspector,CAN1-ECR-free-metering
2026-07-01,2026-07-15,True,0.0,Amazon Inspector,CAN1-Lambda-Standard-free-metering
2026-07-01,2026-07-15,True,0.0,Amazon Inspector,EU-EC2-free-metering
2026-07-01,2026-07-15,True,0.0,Amazon Inspector,EU-ECR-free-metering
2026-07-01,2026-07-15,True,0.0,Amazon Inspector,EU-Lambda-Code-free-metering
2026-07-01,2026-07-15,True,0.0,Amazon Inspector,EU-Lambda-Standard-free-metering
2026-07-01,2026-07-15,True,0.0,Amazon Inspector,EUC1-EC2-free-metering
2026-07-01,2026-07-15,True,0.0,Amazon Inspector,EUC1-ECR-free-metering
2026-07-01,2026-07-15,True,0.0,Amazon Inspector,EUC1-Lambda-Code-free-metering
2026-07-01,2026-07-15,True,0.0,Amazon Inspector,EUC1-Lambda-Standard-free-metering
2026-07-01,2026-07-15,True,0.0,Amazon Inspector,EUN1-EC2-free-metering
2026-07-01,2026-07-15,True,0.0,Amazon Inspector,EUN1-ECR-free-metering
2026-07-01,2026-07-15,True,0.0,Amazon Inspector,EUN1-Lambda-Code-free-metering
2026-07-01,2026-07-15,True,0.0,Amazon Inspector,EUN1-Lambda-Standard-free-metering
2026-07-01,2026-07-15,True,0.0,Amazon Inspector,EUW2-EC2-free-metering
2026-07-01,2026-07-15,True,0.0,Amazon Inspector,EUW2-ECR-free-metering
2026-07-01,2026-07-15,True,0.0,Amazon Inspector,EUW2-Lambda-Code-free-metering
2026-07-01,2026-07-15,True,0.0,Amazon Inspector,EUW2-Lambda-Standard-free-metering
2026-07-01,2026-07-15,True,0.0,Amazon Inspector,EUW3-EC2-free-metering
2026-07-01,2026-07-15,True,0.0,Amazon Inspector,EUW3-ECR-free-metering
2026-07-01,2026-07-15,True,0.0,Amazon Inspector,EUW3-Lambda-Standard-free-metering
2026-07-01,2026-07-15,True,0.0,Amazon Inspector,SAE1-EC2-free-metering
2026-07-01,2026-07-15,True,0.0,Amazon Inspector,SAE1-ECR-free-metering
2026-07-01,2026-07-15,True,0.0,Amazon Inspector,SAE1-Lambda-Standard-free-metering
2026-07-01,2026-07-15,True,0.0,Amazon Inspector,USE1-EC2-free-metering
2026-07-01,2026-07-15,True,0.0,Amazon Inspector,USE1-ECR-free-metering
2026-07-01,2026-07-15,True,0.0,Amazon Inspector,USE1-Lambda-Code-free-metering
2026-07-01,2026-07-15,True,0.0,Amazon Inspector,USE1-Lambda-Standard-free-metering
2026-07-01,2026-07-15,True,0.0,Amazon Inspector,USE2-EC2-free-metering
2026-07-01,2026-07-15,True,0.0,Amazon Inspector,USE2-ECR-free-metering
2026-07-01,2026-07-15,True,0.0,Amazon Inspector,USE2-Lambda-Code-free-metering
2026-07-01,2026-07-15,True,0.0,Amazon Inspector,USE2-Lambda-Standard-free-metering
2026-07-01,2026-07-15,True,0.0,Amazon Inspector,USW1-EC2-free-metering
2026-07-01,2026-07-15,True,0.0,Amazon Inspector,USW1-ECR-free-metering
2026-07-01,2026-07-15,True,0.0,Amazon Inspector,USW1-Lambda-Standard-free-metering
2026-07-01,2026-07-15,True,0.0,Amazon Inspector,USW2-EC2-free-metering
2026-07-01,2026-07-15,True,0.0,Amazon Inspector,USW2-ECR-free-metering
2026-07-01,2026-07-15,True,0.0,Amazon Inspector,USW2-Lambda-Code-free-metering
2026-07-01,2026-07-15,True,0.0,Amazon Inspector,USW2-Lambda-Standard-free-metering
2026-07-01,2026-07-15,True,0.0698277862,Amazon Relational Database Service,Aurora:BackupUsage
2026-07-01,2026-07-15,True,1.824116,Amazon Relational Database Service,Aurora:StorageIOUsage
2026-07-01,2026-07-15,True,0.1215417884,Amazon Relational Database Service,Aurora:StorageUsage
2026-07-01,2026-07-15,True,0.0,Amazon Relational Database Service,DataTransfer-In-Bytes
2026-07-01,2026-07-15,True,0.0,Amazon Relational Database Service,DataTransfer-Out-Bytes
2026-07-01,2026-07-15,True,18.97212161,Amazon Relational Database Service,InstanceUsage:db.r5.large
2026-07-01,2026-07-15,True,87.36,Amazon Relational Database Service,InstanceUsage:db.r6g.large
2026-07-01,2026-07-15,True,6.004226544,Amazon Relational Database Service,InstanceUsage:db.r7g.large
2026-07-01,2026-07-15,True,33.441630505,Amazon Relational Database Service,InstanceUsage:db.t4g.medium
2026-07-01,2026-07-15,True,0.1025274561,Amazon Relational Database Service,RDS:ChargedBackupUsage
2026-07-01,2026-07-15,True,0.4239319675,Amazon Relational Database Service,RDS:GP3-Storage
2026-07-01,2026-07-15,True,8.86332e-05,Amazon Relational Database Service,USW1-Aurora:BackupUsage
2026-07-01,2026-07-15,True,4.8193555557,Amazon Relational Database Service,USW1-Aurora:ServerlessV2Usage
2026-07-01,2026-07-15,True,0.17252004,Amazon Relational Database Service,USW1-Aurora:StorageIOUsage
2026-07-01,2026-07-15,True,0.0004417745,Amazon Relational Database Service,USW1-Aurora:StorageUsage
2026-07-01,2026-07-15,True,0.0,Amazon Relational Database Service,USW1-DataTransfer-In-Bytes
2026-07-01,2026-07-15,True,6.0799e-06,Amazon Relational Database Service,USW1-DataTransfer-Out-Bytes
2026-07-01,2026-07-15,True,0.0,Amazon Relational Database Service,USW1-DataTransfer-xAZ-In-Bytes
2026-07-01,2026-07-15,True,0.0,Amazon Relational Database Service,USW1-DataTransfer-xAZ-Out-Bytes
2026-07-01,2026-07-15,True,0.0,Amazon Relational Database Service,USW1-RDS:Data-API-Usage
2026-07-01,2026-07-15,True,0.0892574154,Amazon Relational Database Service,USW2-Aurora:BackupUsage
2026-07-01,2026-07-15,True,0.0169103958,Amazon Relational Database Service,USW2-Aurora:IO-OptimizedStorageUsage
2026-07-01,2026-07-15,True,107.5241999999,Amazon Relational Database Service,USW2-Aurora:ServerlessV2IOOptimizedUsage
2026-07-01,2026-07-15,True,24.1558000005,Amazon Relational Database Service,USW2-Aurora:ServerlessV2Usage
2026-07-01,2026-07-15,True,7.5663706,Amazon Relational Database Service,USW2-Aurora:StorageIOUsage
2026-07-01,2026-07-15,True,0.0772497704,Amazon Relational Database Service,USW2-Aurora:StorageUsage
2026-07-01,2026-07-15,True,0.0,Amazon Relational Database Service,USW2-DataTransfer-In-Bytes
2026-07-01,2026-07-15,True,0.0013821035,Amazon Relational Database Service,USW2-DataTransfer-Out-Bytes
2026-07-01,2026-07-15,True,0.0,Amazon Relational Database Service,USW2-DataTransfer-xAZ-In-Bytes
2026-07-01,2026-07-15,True,0.0,Amazon Relational Database Service,USW2-DataTransfer-xAZ-Out-Bytes
2026-07-01,2026-07-15,True,18.84097752,Amazon Relational Database Service,USW2-InstanceUsage:db.r5.large
2026-07-01,2026-07-15,True,87.36,Amazon Relational Database Service,USW2-InstanceUsage:db.r6g.large
2026-07-01,2026-07-15,True,92.736,Amazon Relational Database Service,USW2-InstanceUsage:db.r8g.large
2026-07-01,2026-07-15,True,151.434904726,Amazon Relational Database Service,USW2-InstanceUsage:db.t4g.medium
2026-07-01,2026-07-15,True,19.664746624,Amazon Relational Database Service,USW2-InstanceUsage:db.t4g.micro
2026-07-01,2026-07-15,True,482.496,Amazon Relational Database Service,USW2-InstanceUsageIOOptimized:db.r8g.2xl
2026-07-01,2026-07-15,True,482.496,Amazon Relational Database Service,USW2-InstanceUsageIOOptimized:db.r8g.xl
2026-07-01,2026-07-15,True,0.0979984885,Amazon Relational Database Service,USW2-RDS:ChargedBackupUsage
2026-07-01,2026-07-15,True,0.0,Amazon Relational Database Service,USW2-RDS:Data-API-Usage
2026-07-01,2026-07-15,True,3.4389731007,Amazon Relational Database Service,USW2-RDS:GP2-Storage
2026-07-01,2026-07-15,True,4.5952418185,Amazon Relational Database Service,USW2-RDS:GP3-Storage
2026-07-01,2026-07-15,True,0.1538876,Amazon Route 53,DNS-Queries
2026-07-01,2026-07-15,True,14.0,Amazon Route 53,HostedZone
2026-07-01,2026-07-15,True,0.0,Amazon Route 53,Intra-AWS-DNS-Queries
2026-07-01,2026-07-15,True,8.34e-08,Amazon Simple Email Service,USW2-DataTransfer-Out-Bytes
2026-07-01,2026-07-15,True,0.0,Amazon Simple Email Service,USW2-Recipients-EC2
2026-07-01,2026-07-15,True,0.0,Amazon Simple Notification Service,AFS1-DataTransfer-Out-Bytes
2026-07-01,2026-07-15,True,0.0,Amazon Simple Notification Service,AFS1-Requests-Tier1
2026-07-01,2026-07-15,True,0.0,Amazon Simple Notification Service,APE1-DataTransfer-Out-Bytes
2026-07-01,2026-07-15,True,0.0,Amazon Simple Notification Service,APE1-Requests-Tier1
2026-07-01,2026-07-15,True,0.0,Amazon Simple Notification Service,APN1-DataTransfer-Out-Bytes
2026-07-01,2026-07-15,True,0.0,Amazon Simple Notification Service,APN1-Requests-Tier1
2026-07-01,2026-07-15,True,0.0,Amazon Simple Notification Service,APN2-DataTransfer-Out-Bytes
2026-07-01,2026-07-15,True,0.0,Amazon Simple Notification Service,APN2-Requests-Tier1
2026-07-01,2026-07-15,True,0.0,Amazon Simple Notification Service,APN3-DataTransfer-Out-Bytes
2026-07-01,2026-07-15,True,0.0,Amazon Simple Notification Service,APN3-Requests-Tier1
2026-07-01,2026-07-15,True,0.0,Amazon Simple Notification Service,APS1-DataTransfer-Out-Bytes
2026-07-01,2026-07-15,True,0.0,Amazon Simple Notification Service,APS1-Requests-Tier1
2026-07-01,2026-07-15,True,0.0,Amazon Simple Notification Service,APS2-DataTransfer-Out-Bytes
2026-07-01,2026-07-15,True,0.0,Amazon Simple Notification Service,APS2-Requests-Tier1
2026-07-01,2026-07-15,True,0.0,Amazon Simple Notification Service,APS3-DataTransfer-Out-Bytes
2026-07-01,2026-07-15,True,0.0,Amazon Simple Notification Service,APS3-Requests-Tier1
2026-07-01,2026-07-15,True,0.0,Amazon Simple Notification Service,APS4-DataTransfer-Out-Bytes
2026-07-01,2026-07-15,True,0.0,Amazon Simple Notification Service,APS4-Requests-Tier1
2026-07-01,2026-07-15,True,0.0,Amazon Simple Notification Service,APS5-DataTransfer-Out-Bytes
2026-07-01,2026-07-15,True,0.0,Amazon Simple Notification Service,APS5-Requests-Tier1
2026-07-01,2026-07-15,True,2.84e-07,Amazon Simple Notification Service,CAN1-DataTransfer-Out-Bytes
2026-07-01,2026-07-15,True,0.0,Amazon Simple Notification Service,CAN1-Requests-Tier1
2026-07-01,2026-07-15,True,2.84e-07,Amazon Simple Notification Service,DataTransfer-Out-Bytes
2026-07-01,2026-07-15,True,2.84e-07,Amazon Simple Notification Service,EU-DataTransfer-Out-Bytes
2026-07-01,2026-07-15,True,0.0,Amazon Simple Notification Service,EU-Requests-Tier1
2026-07-01,2026-07-15,True,2.84e-07,Amazon Simple Notification Service,EUC1-DataTransfer-Out-Bytes
2026-07-01,2026-07-15,True,0.0,Amazon Simple Notification Service,EUC1-Requests-Tier1
2026-07-01,2026-07-15,True,2.84e-07,Amazon Simple Notification Service,EUN1-DataTransfer-Out-Bytes
2026-07-01,2026-07-15,True,0.0,Amazon Simple Notification Service,EUN1-Requests-Tier1
2026-07-01,2026-07-15,True,2.84e-07,Amazon Simple Notification Service,EUW2-DataTransfer-Out-Bytes
2026-07-01,2026-07-15,True,0.0,Amazon Simple Notification Service,EUW2-Requests-Tier1
2026-07-01,2026-07-15,True,2.84e-07,Amazon Simple Notification Service,EUW3-DataTransfer-Out-Bytes
2026-07-01,2026-07-15,True,0.0,Amazon Simple Notification Service,EUW3-Requests-Tier1
2026-07-01,2026-07-15,True,0.0,Amazon Simple Notification Service,Requests-Tier1
2026-07-01,2026-07-15,True,0.0,Amazon Simple Notification Service,SAE1-DataTransfer-Out-Bytes
2026-07-01,2026-07-15,True,0.0,Amazon Simple Notification Service,SAE1-Requests-Tier1
2026-07-01,2026-07-15,True,2.84e-07,Amazon Simple Notification Service,USE2-DataTransfer-Out-Bytes
2026-07-01,2026-07-15,True,0.0,Amazon Simple Notification Service,USE2-Requests-Tier1
2026-07-01,2026-07-15,True,2.84e-07,Amazon Simple Notification Service,USW1-DataTransfer-Out-Bytes
2026-07-01,2026-07-15,True,0.0,Amazon Simple Notification Service,USW1-Requests-Tier1
2026-07-01,2026-07-15,True,6.3259e-06,Amazon Simple Notification Service,USW2-DataTransfer-Out-Bytes
2026-07-01,2026-07-15,True,0.0,Amazon Simple Notification Service,USW2-DeliveryAttempts-LAMBDA
2026-07-01,2026-07-15,True,0.0,Amazon Simple Notification Service,USW2-DeliveryAttempts-SMTP
2026-07-01,2026-07-15,True,0.0,Amazon Simple Notification Service,USW2-Requests-Tier1
2026-07-01,2026-07-15,True,0.0,Amazon Simple Queue Service,AFS1-Requests-Tier1
2026-07-01,2026-07-15,True,0.0,Amazon Simple Queue Service,APE1-Requests-Tier1
2026-07-01,2026-07-15,True,0.0,Amazon Simple Queue Service,APN1-Requests-Tier1
2026-07-01,2026-07-15,True,0.0,Amazon Simple Queue Service,APN2-Requests-Tier1
2026-07-01,2026-07-15,True,0.0,Amazon Simple Queue Service,APN3-Requests-Tier1
2026-07-01,2026-07-15,True,0.0,Amazon Simple Queue Service,APS1-Requests-Tier1
2026-07-01,2026-07-15,True,0.0,Amazon Simple Queue Service,APS2-Requests-Tier1
2026-07-01,2026-07-15,True,0.0,Amazon Simple Queue Service,APS3-Requests-Tier1
2026-07-01,2026-07-15,True,0.0,Amazon Simple Queue Service,APS4-Requests-Tier1
2026-07-01,2026-07-15,True,0.0,Amazon Simple Queue Service,APS5-Requests-Tier1
2026-07-01,2026-07-15,True,0.0,Amazon Simple Queue Service,CAN1-Requests-Tier1
2026-07-01,2026-07-15,True,1.682e-07,Amazon Simple Queue Service,DataTransfer-Out-Bytes
2026-07-01,2026-07-15,True,0.0,Amazon Simple Queue Service,EU-Requests-Tier1
2026-07-01,2026-07-15,True,0.0,Amazon Simple Queue Service,EUC1-Requests-Tier1
2026-07-01,2026-07-15,True,0.0,Amazon Simple Queue Service,EUN1-Requests-Tier1
2026-07-01,2026-07-15,True,0.0,Amazon Simple Queue Service,EUW2-Requests-Tier1
2026-07-01,2026-07-15,True,0.0,Amazon Simple Queue Service,EUW3-Requests-Tier1
2026-07-01,2026-07-15,True,0.0,Amazon Simple Queue Service,Requests-RBP
2026-07-01,2026-07-15,True,0.0,Amazon Simple Queue Service,SAE1-Requests-Tier1
2026-07-01,2026-07-15,True,0.0,Amazon Simple Queue Service,USE2-Requests-Tier1
2026-07-01,2026-07-15,True,4.02e-07,Amazon Simple Queue Service,USW1-DataTransfer-Out-Bytes
2026-07-01,2026-07-15,True,0.0,Amazon Simple Queue Service,USW1-Requests-Tier1
2026-07-01,2026-07-15,True,0.0,Amazon Simple Queue Service,USW2-Requests-Tier1
2026-07-01,2026-07-15,True,0.0001316,Amazon Simple Storage Service,APN1-Requests-Tier1
2026-07-01,2026-07-15,True,0.0,Amazon Simple Storage Service,APS3-DataTransfer-Out-Bytes
2026-07-01,2026-07-15,True,0.00014,Amazon Simple Storage Service,APS3-Requests-Tier1
2026-07-01,2026-07-15,True,0.0305056,Amazon Simple Storage Service,APS3-Requests-Tier2
2026-07-01,2026-07-15,True,3.9172e-06,Amazon Simple Storage Service,APS3-TimedStorage-ByteHrs
2026-07-01,2026-07-15,True,0.00194804,Amazon Simple Storage Service,APS3-USE1-AWS-Out-Bytes
2026-07-01,2026-07-15,True,0.0012736823,Amazon Simple Storage Service,APS3-USW2-AWS-Out-Bytes
2026-07-01,2026-07-15,True,0.0,Amazon Simple Storage Service,DataTransfer-In-Bytes
2026-07-01,2026-07-15,True,0.0019526402,Amazon Simple Storage Service,DataTransfer-Out-Bytes
2026-07-01,2026-07-15,True,0.00014,Amazon Simple Storage Service,EU-Requests-Tier1
2026-07-01,2026-07-15,True,1.138e-06,Amazon Simple Storage Service,EUC1-DataTransfer-Out-Bytes
2026-07-01,2026-07-15,True,0.03279352,Amazon Simple Storage Service,EUC1-Requests-Tier2
2026-07-01,2026-07-15,True,2.8e-09,Amazon Simple Storage Service,EUC1-TimedStorage-ByteHrs
2026-07-01,2026-07-15,True,0.0004554743,Amazon Simple Storage Service,EUC1-USE1-AWS-Out-Bytes
2026-07-01,2026-07-15,True,0.0002977359,Amazon Simple Storage Service,EUC1-USW2-AWS-Out-Bytes
2026-07-01,2026-07-15,True,0.00014,Amazon Simple Storage Service,EUN1-Requests-Tier1
2026-07-01,2026-07-15,True,0.0,Amazon Simple Storage Service,Global-Bucket-Hrs-FreeTier
2026-07-01,2026-07-15,True,0.281215,Amazon Simple Storage Service,Requests-Tier1
2026-07-01,2026-07-15,True,0.1327696,Amazon Simple Storage Service,Requests-Tier2
2026-07-01,2026-07-15,True,0.0225996024,Amazon Simple Storage Service,TimedStorage-ByteHrs
2026-07-01,2026-07-15,True,2.032e-07,Amazon Simple Storage Service,USE1-AFS1-AWS-Out-Bytes
2026-07-01,2026-07-15,True,2.012e-07,Amazon Simple Storage Service,USE1-APE1-AWS-Out-Bytes
2026-07-01,2026-07-15,True,2.24e-08,Amazon Simple Storage Service,USE1-APN1-AWS-Out-Bytes
2026-07-01,2026-07-15,True,2.24e-07,Amazon Simple Storage Service,USE1-APN2-AWS-Out-Bytes
2026-07-01,2026-07-15,True,1.984e-07,Amazon Simple Storage Service,USE1-APN3-AWS-Out-Bytes
2026-07-01,2026-07-15,True,2.228e-07,Amazon Simple Storage Service,USE1-APS1-AWS-Out-Bytes
2026-07-01,2026-07-15,True,9.46e-08,Amazon Simple Storage Service,USE1-APS2-AWS-Out-Bytes
2026-07-01,2026-07-15,True,1.08e-07,Amazon Simple Storage Service,USE1-APS3-AWS-Out-Bytes
2026-07-01,2026-07-15,True,1.944e-07,Amazon Simple Storage Service,USE1-APS4-AWS-Out-Bytes
2026-07-01,2026-07-15,True,2.024e-07,Amazon Simple Storage Service,USE1-APS5-AWS-Out-Bytes
2026-07-01,2026-07-15,True,1.068e-07,Amazon Simple Storage Service,USE1-CAN1-AWS-Out-Bytes
2026-07-01,2026-07-15,True,0.0,Amazon Simple Storage Service,USE1-CloudFront-Out-Bytes
2026-07-01,2026-07-15,True,2.24e-08,Amazon Simple Storage Service,USE1-EU-AWS-Out-Bytes
2026-07-01,2026-07-15,True,2.24e-08,Amazon Simple Storage Service,USE1-EUC1-AWS-Out-Bytes
2026-07-01,2026-07-15,True,1.165e-07,Amazon Simple Storage Service,USE1-EUN1-AWS-Out-Bytes
2026-07-01,2026-07-15,True,2.24e-08,Amazon Simple Storage Service,USE1-EUW2-AWS-Out-Bytes
2026-07-01,2026-07-15,True,2.228e-07,Amazon Simple Storage Service,USE1-EUW3-AWS-Out-Bytes
2026-07-01,2026-07-15,True,2.252e-07,Amazon Simple Storage Service,USE1-SAE1-AWS-Out-Bytes
2026-07-01,2026-07-15,True,1.121e-07,Amazon Simple Storage Service,USE1-USE2-AWS-Out-Bytes
2026-07-01,2026-07-15,True,0.0,Amazon Simple Storage Service,USE1-USW1-AWS-In-Bytes
2026-07-01,2026-07-15,True,4.266e-07,Amazon Simple Storage Service,USE1-USW1-AWS-Out-Bytes
2026-07-01,2026-07-15,True,0.0017209339,Amazon Simple Storage Service,USE1-USW2-AWS-Out-Bytes
2026-07-01,2026-07-15,True,1.1137e-06,Amazon Simple Storage Service,USE2-DataTransfer-Out-Bytes
2026-07-01,2026-07-15,True,0.00015,Amazon Simple Storage Service,USE2-Requests-Tier1
2026-07-01,2026-07-15,True,0.0305076,Amazon Simple Storage Service,USE2-Requests-Tier2
2026-07-01,2026-07-15,True,1.82e-08,Amazon Simple Storage Service,USE2-TimedStorage-ByteHrs
2026-07-01,2026-07-15,True,0.0002220869,Amazon Simple Storage Service,USE2-USE1-AWS-Out-Bytes
2026-07-01,2026-07-15,True,0.0002902655,Amazon Simple Storage Service,USE2-USW2-AWS-Out-Bytes
2026-07-01,2026-07-15,True,0.0,Amazon Simple Storage Service,USW1-DataTransfer-In-Bytes
2026-07-01,2026-07-15,True,7.5635e-06,Amazon Simple Storage Service,USW1-DataTransfer-Out-Bytes
2026-07-01,2026-07-15,True,0.0007425,Amazon Simple Storage Service,USW1-Requests-Tier1
2026-07-01,2026-07-15,True,0.03685396,Amazon Simple Storage Service,USW1-Requests-Tier2
2026-07-01,2026-07-15,True,0.000444405,Amazon Simple Storage Service,USW1-TimedStorage-ByteHrs
2026-07-01,2026-07-15,True,0.0005368404,Amazon Simple Storage Service,USW1-USE1-AWS-Out-Bytes
2026-07-01,2026-07-15,True,0.0003101099,Amazon Simple Storage Service,USW1-USW2-AWS-Out-Bytes
2026-07-01,2026-07-15,True,0.0,Amazon Simple Storage Service,USW2-AFS1-AWS-In-Bytes
2026-07-01,2026-07-15,True,6.23e-07,Amazon Simple Storage Service,USW2-AFS1-AWS-Out-Bytes
2026-07-01,2026-07-15,True,0.0,Amazon Simple Storage Service,USW2-APE1-AWS-In-Bytes
2026-07-01,2026-07-15,True,9.256e-07,Amazon Simple Storage Service,USW2-APE1-AWS-Out-Bytes
2026-07-01,2026-07-15,True,0.0,Amazon Simple Storage Service,USW2-APN1-AWS-In-Bytes
2026-07-01,2026-07-15,True,1.42636e-05,Amazon Simple Storage Service,USW2-APN1-AWS-Out-Bytes
2026-07-01,2026-07-15,True,0.0,Amazon Simple Storage Service,USW2-APN2-AWS-In-Bytes
2026-07-01,2026-07-15,True,1.44153e-05,Amazon Simple Storage Service,USW2-APN2-AWS-Out-Bytes
2026-07-01,2026-07-15,True,0.0,Amazon Simple Storage Service,USW2-APN3-AWS-In-Bytes
2026-07-01,2026-07-15,True,1.39234e-05,Amazon Simple Storage Service,USW2-APN3-AWS-Out-Bytes
2026-07-01,2026-07-15,True,0.0,Amazon Simple Storage Service,USW2-APS1-AWS-In-Bytes
2026-07-01,2026-07-15,True,1.4183e-05,Amazon Simple Storage Service,USW2-APS1-AWS-Out-Bytes
2026-07-01,2026-07-15,True,0.0,Amazon Simple Storage Service,USW2-APS2-AWS-In-Bytes
2026-07-01,2026-07-15,True,1.4298e-05,Amazon Simple Storage Service,USW2-APS2-AWS-Out-Bytes
2026-07-01,2026-07-15,True,0.0,Amazon Simple Storage Service,USW2-APS3-AWS-In-Bytes
2026-07-01,2026-07-15,True,1.34167e-05,Amazon Simple Storage Service,USW2-APS3-AWS-Out-Bytes
2026-07-01,2026-07-15,True,0.0,Amazon Simple Storage Service,USW2-APS4-AWS-In-Bytes
2026-07-01,2026-07-15,True,9.079e-07,Amazon Simple Storage Service,USW2-APS4-AWS-Out-Bytes
2026-07-01,2026-07-15,True,0.0,Amazon Simple Storage Service,USW2-APS5-AWS-In-Bytes
2026-07-01,2026-07-15,True,1.22e-06,Amazon Simple Storage Service,USW2-APS5-AWS-Out-Bytes
2026-07-01,2026-07-15,True,0.0,Amazon Simple Storage Service,USW2-CAN1-AWS-In-Bytes
2026-07-01,2026-07-15,True,1.39148e-05,Amazon Simple Storage Service,USW2-CAN1-AWS-Out-Bytes
2026-07-01,2026-07-15,True,0.0,Amazon Simple Storage Service,USW2-CloudFront-Out-Bytes
2026-07-01,2026-07-15,True,0.0,Amazon Simple Storage Service,USW2-DataTransfer-In-ABytes
2026-07-01,2026-07-15,True,0.0,Amazon Simple Storage Service,USW2-DataTransfer-In-Bytes
2026-07-01,2026-07-15,True,0.6797890937,Amazon Simple Storage Service,USW2-DataTransfer-Out-ABytes
2026-07-01,2026-07-15,True,25.0098102709,Amazon Simple Storage Service,USW2-DataTransfer-Out-Bytes
2026-07-01,2026-07-15,True,0.0,Amazon Simple Storage Service,USW2-EU-AWS-In-Bytes
2026-07-01,2026-07-15,True,1.43159e-05,Amazon Simple Storage Service,USW2-EU-AWS-Out-Bytes
2026-07-01,2026-07-15,True,0.0,Amazon Simple Storage Service,USW2-EUC1-AWS-In-Bytes
2026-07-01,2026-07-15,True,1.29975e-05,Amazon Simple Storage Service,USW2-EUC1-AWS-Out-Bytes
2026-07-01,2026-07-15,True,0.0,Amazon Simple Storage Service,USW2-EUN1-AWS-In-Bytes
2026-07-01,2026-07-15,True,1.32645e-05,Amazon Simple Storage Service,USW2-EUN1-AWS-Out-Bytes
2026-07-01,2026-07-15,True,0.0,Amazon Simple Storage Service,USW2-EUW2-AWS-In-Bytes
2026-07-01,2026-07-15,True,1.45296e-05,Amazon Simple Storage Service,USW2-EUW2-AWS-Out-Bytes
2026-07-01,2026-07-15,True,0.0,Amazon Simple Storage Service,USW2-EUW3-AWS-In-Bytes
2026-07-01,2026-07-15,True,1.4227e-05,Amazon Simple Storage Service,USW2-EUW3-AWS-Out-Bytes
2026-07-01,2026-07-15,True,0.0021248388,Amazon Simple Storage Service,USW2-Monitoring-Automation-INT
2026-07-01,2026-07-15,True,9.5e-05,Amazon Simple Storage Service,USW2-Requests-Annotation-Tier1
2026-07-01,2026-07-15,True,23.368465,Amazon Simple Storage Service,USW2-Requests-Tier1
2026-07-01,2026-07-15,True,22.8438748,Amazon Simple Storage Service,USW2-Requests-Tier2
2026-07-01,2026-07-15,True,0.0,Amazon Simple Storage Service,USW2-SAE1-AWS-In-Bytes
2026-07-01,2026-07-15,True,1.41641e-05,Amazon Simple Storage Service,USW2-SAE1-AWS-Out-Bytes
2026-07-01,2026-07-15,True,0.0014336888,Amazon Simple Storage Service,USW2-TagStorage-TagHrs
2026-07-01,2026-07-15,True,3587.2420909111,Amazon Simple Storage Service,USW2-TimedStorage-ByteHrs
2026-07-01,2026-07-15,True,19.623859815,Amazon Simple Storage Service,USW2-TimedStorage-INT-FA-ByteHrs
2026-07-01,2026-07-15,True,0.0,Amazon Simple Storage Service,USW2-USE1-AWS-In-Bytes
2026-07-01,2026-07-15,True,33.0794590894,Amazon Simple Storage Service,USW2-USE1-AWS-Out-Bytes
2026-07-01,2026-07-15,True,0.0,Amazon Simple Storage Service,USW2-USE2-AWS-In-Bytes
2026-07-01,2026-07-15,True,1.33605e-05,Amazon Simple Storage Service,USW2-USE2-AWS-Out-Bytes
2026-07-01,2026-07-15,True,0.0,Amazon Simple Storage Service,USW2-USW1-AWS-In-Bytes
2026-07-01,2026-07-15,True,1.41017e-05,Amazon Simple Storage Service,USW2-USW1-AWS-Out-Bytes
2026-07-01,2026-07-15,True,3.36,Amazon Virtual Private Cloud,APS3-PublicIPv4:InUseAddress
2026-07-01,2026-07-15,True,3.36,Amazon Virtual Private Cloud,EUC1-PublicIPv4:InUseAddress
2026-07-01,2026-07-15,True,8.96213195,Amazon Virtual Private Cloud,USE1-PublicIPv4:IdleAddress
2026-07-01,2026-07-15,True,9.875394435,Amazon Virtual Private Cloud,USE1-PublicIPv4:InUseAddress
2026-07-01,2026-07-15,True,0.0,Amazon Virtual Private Cloud,USW1-DataTransfer-xAZ-In-Bytes
2026-07-01,2026-07-15,True,0.0,Amazon Virtual Private Cloud,USW1-DataTransfer-xAZ-Out-Bytes
2026-07-01,2026-07-15,True,0.296261115,Amazon Virtual Private Cloud,USW1-PublicIPv4:InUseAddress
2026-07-01,2026-07-15,True,5.4775e-06,Amazon Virtual Private Cloud,USW1-VpcEndpoint-Bytes
2026-07-01,2026-07-15,True,1.276,Amazon Virtual Private Cloud,USW1-VpcEndpoint-Hours
2026-07-01,2026-07-15,True,0.034697265,Amazon Virtual Private Cloud,USW2-PublicIPv4:IdleAddress
2026-07-01,2026-07-15,True,29.40489866,Amazon Virtual Private Cloud,USW2-PublicIPv4:InUseAddress
2026-07-01,2026-07-15,True,0.0659036668,Amazon Virtual Private Cloud,USW2-VpcEndpoint-Bytes
2026-07-01,2026-07-15,True,23.52,Amazon Virtual Private Cloud,USW2-VpcEndpoint-Hours
2026-07-01,2026-07-15,True,0.0,AmazonCloudWatch,APS3-CW:Requests
2026-07-01,2026-07-15,True,0.0,AmazonCloudWatch,CW:Requests
2026-07-01,2026-07-15,True,0.0,AmazonCloudWatch,DashboardsUsageHour-Basic
2026-07-01,2026-07-15,True,0.0,AmazonCloudWatch,EUC1-CW:Requests
2026-07-01,2026-07-15,True,0.0031404146,AmazonCloudWatch,USE1-TimedStorage-ByteHrs
2026-07-01,2026-07-15,True,0.0139808088,AmazonCloudWatch,USE1-VendedLog-Bytes
2026-07-01,2026-07-15,True,0.0,AmazonCloudWatch,USE2-CW:Requests
2026-07-01,2026-07-15,True,0.0556339597,AmazonCloudWatch,USW1-CW:AlarmMonitorUsage
2026-07-01,2026-07-15,True,4e-05,AmazonCloudWatch,USW1-CW:GMD-Metrics
2026-07-01,2026-07-15,True,0.9241935459,AmazonCloudWatch,USW1-CW:MetricMonitorUsage
2026-07-01,2026-07-15,True,0.0,AmazonCloudWatch,USW1-CW:Requests
2026-07-01,2026-07-15,True,0.0,AmazonCloudWatch,USW1-DataProcessing-Bytes
2026-07-01,2026-07-15,True,0.0,AmazonCloudWatch,USW1-TimedStorage-ByteHrs
2026-07-01,2026-07-15,True,0.0,AmazonCloudWatch,USW1-VendedLog-Bytes
2026-07-01,2026-07-15,True,0.2309586774,AmazonCloudWatch,USW2-CW:AlarmMonitorUsage
2026-07-01,2026-07-15,True,0.5986783271,AmazonCloudWatch,USW2-CW:CompositeAlarmMonitorUsage
2026-07-01,2026-07-15,True,0.71421,AmazonCloudWatch,USW2-CW:GMD-Metrics
2026-07-01,2026-07-15,True,3.5770161252,AmazonCloudWatch,USW2-CW:MetricMonitorUsage
2026-07-01,2026-07-15,True,0.0,AmazonCloudWatch,USW2-CW:Requests
2026-07-01,2026-07-15,True,49.8088162479,AmazonCloudWatch,USW2-DataProcessing-Bytes
2026-07-01,2026-07-15,True,3.3694244155,AmazonCloudWatch,USW2-DataScanned-Bytes
2026-07-01,2026-07-15,True,0.730023593,AmazonCloudWatch,USW2-TimedStorage-ByteHrs
2026-07-01,2026-07-15,True,0.0001893519,AmazonCloudWatch,USW2-VendedLog-Bytes
2026-07-01,2026-07-15,True,0.0,CloudWatch Events,USW2-ScheduledInvocation
2026-07-01,2026-07-15,True,0.0,Tax,AFS1-EventsAnalyzed
2026-07-01,2026-07-15,True,0.0,Tax,APE1-EventsAnalyzed
2026-07-01,2026-07-15,True,0.0,Tax,APN1-EventsAnalyzed
2026-07-01,2026-07-15,True,0.0,Tax,APN1-PaidComplianceCheck
2026-07-01,2026-07-15,True,0.0,Tax,APN1-PaidEventsAnalyzed
2026-07-01,2026-07-15,True,0.0,Tax,APN2-EventsAnalyzed
2026-07-01,2026-07-15,True,0.0,Tax,APN2-PaidComplianceCheck
2026-07-01,2026-07-15,True,0.0,Tax,APN2-PaidEventsAnalyzed
2026-07-01,2026-07-15,True,0.0,Tax,APN3-EventsAnalyzed
2026-07-01,2026-07-15,True,0.0,Tax,APN3-PaidComplianceCheck
2026-07-01,2026-07-15,True,0.0,Tax,APN3-PaidEventsAnalyzed
2026-07-01,2026-07-15,True,0.0,Tax,APS1-EventsAnalyzed
2026-07-01,2026-07-15,True,0.0,Tax,APS1-PaidComplianceCheck
2026-07-01,2026-07-15,True,0.0,Tax,APS1-PaidEventsAnalyzed
2026-07-01,2026-07-15,True,0.0,Tax,APS2-EventsAnalyzed
2026-07-01,2026-07-15,True,0.0,Tax,APS2-PaidComplianceCheck
2026-07-01,2026-07-15,True,0.0,Tax,APS2-PaidEventsAnalyzed
2026-07-01,2026-07-15,True,0.0,Tax,APS3-EBS:SnapshotUsage
2026-07-01,2026-07-15,True,0.0,Tax,APS3-EventsAnalyzed
2026-07-01,2026-07-15,True,0.0,Tax,APS3-NatGateway-Hours
2026-07-01,2026-07-15,True,0.0,Tax,APS3-PaidComplianceCheck
2026-07-01,2026-07-15,True,0.0,Tax,APS3-PaidEventsAnalyzed
2026-07-01,2026-07-15,True,0.0,Tax,APS3-PublicIPv4:InUseAddress
2026-07-01,2026-07-15,True,0.0,Tax,APS3-Requests-Tier2
2026-07-01,2026-07-15,True,0.0,Tax,APS4-EventsAnalyzed
2026-07-01,2026-07-15,True,0.0,Tax,APS5-EventsAnalyzed
2026-07-01,2026-07-15,True,0.0,Tax,Aurora:BackupUsage
2026-07-01,2026-07-15,True,0.0,Tax,Aurora:StorageIOUsage
2026-07-01,2026-07-15,True,0.0,Tax,Aurora:StorageUsage
2026-07-01,2026-07-15,True,0.0,Tax,BoxUsage:t3.2xlarge
2026-07-01,2026-07-15,True,0.0,Tax,BoxUsage:t3.micro
2026-07-01,2026-07-15,True,0.0,Tax,BoxUsage:t3.nano
2026-07-01,2026-07-15,True,0.0,Tax,BoxUsage:t3a.2xlarge
2026-07-01,2026-07-15,True,0.0,Tax,CAN1-EventsAnalyzed
2026-07-01,2026-07-15,True,0.0,Tax,CAN1-PaidComplianceCheck
2026-07-01,2026-07-15,True,0.0,Tax,CAN1-PaidEventsAnalyzed
2026-07-01,2026-07-15,True,0.0,Tax,ConfigurationItemRecorded
2026-07-01,2026-07-15,True,0.0,Tax,DNS-Queries
2026-07-01,2026-07-15,True,0.0,Tax,Dollar
2026-07-01,2026-07-15,True,0.0,Tax,EBS:SnapshotUsage
2026-07-01,2026-07-15,True,0.0,Tax,EBS:VolumeUsage.gp3
2026-07-01,2026-07-15,True,0.0,Tax,EU-EventsAnalyzed
2026-07-01,2026-07-15,True,0.0,Tax,EU-PaidComplianceCheck
2026-07-01,2026-07-15,True,0.0,Tax,EU-PaidEventsAnalyzed
2026-07-01,2026-07-15,True,0.0,Tax,EUC1-EventsAnalyzed
2026-07-01,2026-07-15,True,0.0,Tax,EUC1-NatGateway-Hours
2026-07-01,2026-07-15,True,0.0,Tax,EUC1-PaidComplianceCheck
2026-07-01,2026-07-15,True,0.0,Tax,EUC1-PaidEventsAnalyzed
2026-07-01,2026-07-15,True,0.0,Tax,EUC1-PublicIPv4:InUseAddress
2026-07-01,2026-07-15,True,0.0,Tax,EUC1-Requests-Tier2
2026-07-01,2026-07-15,True,0.0,Tax,EUN1-EventsAnalyzed
2026-07-01,2026-07-15,True,0.0,Tax,EUN1-PaidComplianceCheck
2026-07-01,2026-07-15,True,0.0,Tax,EUN1-PaidEventsAnalyzed
2026-07-01,2026-07-15,True,0.0,Tax,EUW2-EventsAnalyzed
2026-07-01,2026-07-15,True,0.0,Tax,EUW2-PaidComplianceCheck
2026-07-01,2026-07-15,True,0.0,Tax,EUW2-PaidEventsAnalyzed
2026-07-01,2026-07-15,True,0.0,Tax,EUW3-EventsAnalyzed
2026-07-01,2026-07-15,True,0.0,Tax,EUW3-PaidComplianceCheck
2026-07-01,2026-07-15,True,0.0,Tax,EUW3-PaidEventsAnalyzed
2026-07-01,2026-07-15,True,0.0,Tax,Global-MonitoredIAMRole
2026-07-01,2026-07-15,True,0.0,Tax,Global-MonitoredIAMUser
2026-07-01,2026-07-15,True,0.0,Tax,Global-RuleV2
2026-07-01,2026-07-15,True,0.0,Tax,Global-WebACLV2
2026-07-01,2026-07-15,True,0.0,Tax,HostedZone
2026-07-01,2026-07-15,True,0.0,Tax,InstanceUsage:db.r5.large
2026-07-01,2026-07-15,True,0.0,Tax,InstanceUsage:db.r6g.large
2026-07-01,2026-07-15,True,0.0,Tax,InstanceUsage:db.r7g.large
2026-07-01,2026-07-15,True,0.0,Tax,InstanceUsage:db.t4g.medium
2026-07-01,2026-07-15,True,0.0,Tax,LoadBalancerUsage
2026-07-01,2026-07-15,True,0.0,Tax,NatGateway-Hours
2026-07-01,2026-07-15,True,0.0,Tax,RDS:ChargedBackupUsage
2026-07-01,2026-07-15,True,0.0,Tax,RDS:GP3-Storage
2026-07-01,2026-07-15,True,0.0,Tax,Requests-Tier1
2026-07-01,2026-07-15,True,0.0,Tax,Requests-Tier2
2026-07-01,2026-07-15,True,0.0,Tax,SAE1-EventsAnalyzed
2026-07-01,2026-07-15,True,0.0,Tax,SAE1-PaidComplianceCheck
2026-07-01,2026-07-15,True,0.0,Tax,SAE1-PaidEventsAnalyzed
2026-07-01,2026-07-15,True,0.0,Tax,TimedStorage-ByteHrs
2026-07-01,2026-07-15,True,0.0,Tax,USE1-APIRequest
2026-07-01,2026-07-15,True,0.0,Tax,USE1-AWSSecretsManager-Secrets
2026-07-01,2026-07-15,True,0.0,Tax,USE1-CostDataStorage
2026-07-01,2026-07-15,True,0.0,Tax,USE1-EventsAnalyzed
2026-07-01,2026-07-15,True,0.0,Tax,USE1-LogsAnalyzedBytes
2026-07-01,2026-07-15,True,0.0,Tax,USE1-MonitoredContainerImage
2026-07-01,2026-07-15,True,0.0,Tax,USE1-MonitoredEC2
2026-07-01,2026-07-15,True,0.0,Tax,USE1-PaidComplianceCheck
2026-07-01,2026-07-15,True,0.0,Tax,USE1-PaidEventsAnalyzed
2026-07-01,2026-07-15,True,0.0,Tax,USE1-PaidRDSvCPUMonitored
2026-07-01,2026-07-15,True,0.0,Tax,USE1-PublicIPv4:IdleAddress
2026-07-01,2026-07-15,True,0.0,Tax,USE1-PublicIPv4:InUseAddress
2026-07-01,2026-07-15,True,0.0,Tax,USE1-USW2-AWS-Out-Bytes
2026-07-01,2026-07-15,True,0.0,Tax,USE1-VendedLog-Bytes
2026-07-01,2026-07-15,True,0.0,Tax,USE2-ConfigurationItemRecorded
2026-07-01,2026-07-15,True,0.0,Tax,USE2-EventsAnalyzed
2026-07-01,2026-07-15,True,0.0,Tax,USE2-PaidComplianceCheck
2026-07-01,2026-07-15,True,0.0,Tax,USE2-PaidEventsAnalyzed
2026-07-01,2026-07-15,True,0.0,Tax,USE2-Requests-Tier2
2026-07-01,2026-07-15,True,0.0,Tax,USW1-AWSSecretsManager-Secrets
2026-07-01,2026-07-15,True,0.0,Tax,USW1-AWSSecretsManagerAPIRequest
2026-07-01,2026-07-15,True,0.0,Tax,USW1-Aurora:ServerlessV2Usage
2026-07-01,2026-07-15,True,0.0,Tax,USW1-Aurora:StorageIOUsage
2026-07-01,2026-07-15,True,0.0,Tax,USW1-CW:AlarmMonitorUsage
2026-07-01,2026-07-15,True,0.0,Tax,USW1-CW:MetricMonitorUsage
2026-07-01,2026-07-15,True,0.0,Tax,USW1-EventsAnalyzed
2026-07-01,2026-07-15,True,0.0,Tax,USW1-Fargate-GB-Hours
2026-07-01,2026-07-15,True,0.0,Tax,USW1-Fargate-vCPU-Hours:perCPU
2026-07-01,2026-07-15,True,0.0,Tax,USW1-MonitoredContainerImage
2026-07-01,2026-07-15,True,0.0,Tax,USW1-MonitoredFunction
2026-07-01,2026-07-15,True,0.0,Tax,USW1-PaidComplianceCheck
2026-07-01,2026-07-15,True,0.0,Tax,USW1-PaidEventsAnalyzed
2026-07-01,2026-07-15,True,0.0,Tax,USW1-PaidRDSACUMonitored
2026-07-01,2026-07-15,True,0.0,Tax,USW1-PublicIPv4:InUseAddress
2026-07-01,2026-07-15,True,0.0,Tax,USW1-Requests-Tier2
2026-07-01,2026-07-15,True,0.0,Tax,USW1-VpcEndpoint-Hours
2026-07-01,2026-07-15,True,0.0,Tax,USW2-AWSSecretsManager-Secrets
2026-07-01,2026-07-15,True,0.0,Tax,USW2-AWSSecretsManagerAPIRequest
2026-07-01,2026-07-15,True,0.0,Tax,USW2-Aurora:BackupUsage
2026-07-01,2026-07-15,True,0.0,Tax,USW2-Aurora:IO-OptimizedStorageUsage
2026-07-01,2026-07-15,True,0.0,Tax,USW2-Aurora:ServerlessV2IOOptimizedUsage
2026-07-01,2026-07-15,True,0.0,Tax,USW2-Aurora:ServerlessV2Usage
2026-07-01,2026-07-15,True,0.0,Tax,USW2-Aurora:StorageIOUsage
2026-07-01,2026-07-15,True,0.0,Tax,USW2-Aurora:StorageUsage
2026-07-01,2026-07-15,True,0.0,Tax,USW2-BoxUsage:f2.6xlarge
2026-07-01,2026-07-15,True,0.0,Tax,USW2-BoxUsage:r7i.2xlarge
2026-07-01,2026-07-15,True,0.0,Tax,USW2-BoxUsage:r7i.4xlarge
2026-07-01,2026-07-15,True,0.0,Tax,USW2-BoxUsage:r7i.8xlarge
2026-07-01,2026-07-15,True,0.0,Tax,USW2-BoxUsage:t3.2xlarge
2026-07-01,2026-07-15,True,0.0,Tax,USW2-BoxUsage:t3.micro
2026-07-01,2026-07-15,True,0.0,Tax,USW2-BoxUsage:t3.small
2026-07-01,2026-07-15,True,0.0,Tax,USW2-BoxUsage:t3.xlarge
2026-07-01,2026-07-15,True,0.0,Tax,USW2-BoxUsage:t3a.2xlarge
2026-07-01,2026-07-15,True,0.0,Tax,USW2-BoxUsage:t4g.medium
2026-07-01,2026-07-15,True,0.0,Tax,USW2-BoxUsage:t4g.micro
2026-07-01,2026-07-15,True,0.0,Tax,USW2-CW:AlarmMonitorUsage
2026-07-01,2026-07-15,True,0.0,Tax,USW2-CW:CompositeAlarmMonitorUsage
2026-07-01,2026-07-15,True,0.0,Tax,USW2-CW:GMD-Metrics
2026-07-01,2026-07-15,True,0.0,Tax,USW2-CW:MetricMonitorUsage
2026-07-01,2026-07-15,True,0.0,Tax,USW2-ConfigurationItemRecorded
2026-07-01,2026-07-15,True,0.0,Tax,USW2-DataEventsRecorded
2026-07-01,2026-07-15,True,0.0,Tax,USW2-DataProcessing-Bytes
2026-07-01,2026-07-15,True,0.0,Tax,USW2-DataScanned-Bytes
2026-07-01,2026-07-15,True,0.0,Tax,USW2-DataTransfer-Out-ABytes
2026-07-01,2026-07-15,True,0.0,Tax,USW2-DataTransfer-Out-Bytes
2026-07-01,2026-07-15,True,0.0,Tax,USW2-DataTransfer-Regional-Bytes
2026-07-01,2026-07-15,True,0.0,Tax,USW2-EBS:SnapshotUsage
2026-07-01,2026-07-15,True,0.0,Tax,USW2-EBS:VolumeUsage.gp3
2026-07-01,2026-07-15,True,0.0,Tax,USW2-EventsAnalyzed
2026-07-01,2026-07-15,True,0.0,Tax,USW2-Fargate-ARM-GB-Hours
2026-07-01,2026-07-15,True,0.0,Tax,USW2-Fargate-ARM-vCPU-Hours:perCPU
2026-07-01,2026-07-15,True,0.0,Tax,USW2-Fargate-GB-Hours
2026-07-01,2026-07-15,True,0.0,Tax,USW2-Fargate-vCPU-Hours:perCPU
2026-07-01,2026-07-15,True,0.0,Tax,USW2-InstanceUsage:db.r5.large
2026-07-01,2026-07-15,True,0.0,Tax,USW2-InstanceUsage:db.r6g.large
2026-07-01,2026-07-15,True,0.0,Tax,USW2-InstanceUsage:db.r8g.large
2026-07-01,2026-07-15,True,0.0,Tax,USW2-InstanceUsage:db.t4g.medium
2026-07-01,2026-07-15,True,0.0,Tax,USW2-InstanceUsage:db.t4g.micro
2026-07-01,2026-07-15,True,0.0,Tax,USW2-InstanceUsageIOOptimized:db.r8g.2xl
2026-07-01,2026-07-15,True,0.0,Tax,USW2-InstanceUsageIOOptimized:db.r8g.xl
2026-07-01,2026-07-15,True,0.0,Tax,USW2-LoadBalancerUsage
2026-07-01,2026-07-15,True,0.0,Tax,USW2-LogsAnalyzedBytes
2026-07-01,2026-07-15,True,0.0,Tax,USW2-MonitoredContainerImage
2026-07-01,2026-07-15,True,0.0,Tax,USW2-MonitoredEC2
2026-07-01,2026-07-15,True,0.0,Tax,USW2-MonitoredFunction
2026-07-01,2026-07-15,True,0.0,Tax,USW2-MonitoredFunctionCode
2026-07-01,2026-07-15,True,0.0,Tax,USW2-NatGateway-Bytes
2026-07-01,2026-07-15,True,0.0,Tax,USW2-NatGateway-Hours
2026-07-01,2026-07-15,True,0.0,Tax,USW2-PaidComplianceCheck
2026-07-01,2026-07-15,True,0.0,Tax,USW2-PaidEventsAnalyzed
2026-07-01,2026-07-15,True,0.0,Tax,USW2-PaidEventsAnalyzed-Bytes
2026-07-01,2026-07-15,True,0.0,Tax,USW2-PaidS3DataEventsAnalyzed
2026-07-01,2026-07-15,True,0.0,Tax,USW2-PublicIPv4:IdleAddress
2026-07-01,2026-07-15,True,0.0,Tax,USW2-PublicIPv4:InUseAddress
2026-07-01,2026-07-15,True,0.0,Tax,USW2-RDS:ChargedBackupUsage
2026-07-01,2026-07-15,True,0.0,Tax,USW2-RDS:GP2-Storage
2026-07-01,2026-07-15,True,0.0,Tax,USW2-RDS:GP3-Storage
2026-07-01,2026-07-15,True,0.0,Tax,USW2-ReadRequestUnits
2026-07-01,2026-07-15,True,0.0,Tax,USW2-Requests-Tier1
2026-07-01,2026-07-15,True,0.0,Tax,USW2-Requests-Tier2
2026-07-01,2026-07-15,True,0.0,Tax,USW2-SpotUsage:c5d.metal
2026-07-01,2026-07-15,True,0.0,Tax,USW2-SpotUsage:c6i.32xlarge
2026-07-01,2026-07-15,True,0.0,Tax,USW2-SpotUsage:c6i.metal
2026-07-01,2026-07-15,True,0.0,Tax,USW2-SpotUsage:c6in.metal
2026-07-01,2026-07-15,True,0.0,Tax,USW2-SpotUsage:c7i.metal-48xl
2026-07-01,2026-07-15,True,0.0,Tax,USW2-SpotUsage:c8i.32xlarge
2026-07-01,2026-07-15,True,0.0,Tax,USW2-SpotUsage:c8i.metal-48xl
2026-07-01,2026-07-15,True,0.0,Tax,USW2-SpotUsage:c8id.96xlarge
2026-07-01,2026-07-15,True,0.0,Tax,USW2-SpotUsage:c8id.metal-48xl
2026-07-01,2026-07-15,True,0.0,Tax,USW2-SpotUsage:c8id.metal-96xl
2026-07-01,2026-07-15,True,0.0,Tax,USW2-SpotUsage:f2.6xlarge
2026-07-01,2026-07-15,True,0.0,Tax,USW2-SpotUsage:i3en.metal
2026-07-01,2026-07-15,True,0.0,Tax,USW2-SpotUsage:i4i.32xlarge
2026-07-01,2026-07-15,True,0.0,Tax,USW2-SpotUsage:i4i.metal
2026-07-01,2026-07-15,True,0.0,Tax,USW2-SpotUsage:i7i.48xlarge
2026-07-01,2026-07-15,True,0.0,Tax,USW2-SpotUsage:i7i.metal-48xl
2026-07-01,2026-07-15,True,0.0,Tax,USW2-SpotUsage:i7ie.48xlarge
2026-07-01,2026-07-15,True,0.0,Tax,USW2-SpotUsage:i7ie.metal-48xl
2026-07-01,2026-07-15,True,0.0,Tax,USW2-SpotUsage:m5d.metal
2026-07-01,2026-07-15,True,0.0,Tax,USW2-SpotUsage:m7i.metal-48xl
2026-07-01,2026-07-15,True,0.0,Tax,USW2-SpotUsage:m8i.32xlarge
2026-07-01,2026-07-15,True,0.0,Tax,USW2-SpotUsage:m8i.48xlarge
2026-07-01,2026-07-15,True,0.0,Tax,USW2-SpotUsage:m8i.metal-48xl
2026-07-01,2026-07-15,True,0.0,Tax,USW2-SpotUsage:m8id.32xlarge
2026-07-01,2026-07-15,True,0.0,Tax,USW2-SpotUsage:m8id.96xlarge
2026-07-01,2026-07-15,True,0.0,Tax,USW2-SpotUsage:m8id.metal-48xl
2026-07-01,2026-07-15,True,0.0,Tax,USW2-SpotUsage:m8id.metal-96xl
2026-07-01,2026-07-15,True,0.0,Tax,USW2-SpotUsage:m8idb.96xlarge
2026-07-01,2026-07-15,True,0.0,Tax,USW2-SpotUsage:m8idn.48xlarge
2026-07-01,2026-07-15,True,0.0,Tax,USW2-SpotUsage:m8idn.96xlarge
2026-07-01,2026-07-15,True,0.0,Tax,USW2-SpotUsage:r6i.2xlarge
2026-07-01,2026-07-15,True,0.0,Tax,USW2-SpotUsage:r6id.metal
2026-07-01,2026-07-15,True,0.0,Tax,USW2-SpotUsage:r7i.metal-48xl
2026-07-01,2026-07-15,True,0.0,Tax,USW2-SpotUsage:r8i.2xlarge
2026-07-01,2026-07-15,True,0.0,Tax,USW2-SpotUsage:r8i.32xlarge
2026-07-01,2026-07-15,True,0.0,Tax,USW2-SpotUsage:r8i.48xlarge
2026-07-01,2026-07-15,True,0.0,Tax,USW2-SpotUsage:r8i.metal-48xl
2026-07-01,2026-07-15,True,0.0,Tax,USW2-SpotUsage:r8id.2xlarge
2026-07-01,2026-07-15,True,0.0,Tax,USW2-SpotUsage:r8id.32xlarge
2026-07-01,2026-07-15,True,0.0,Tax,USW2-SpotUsage:r8id.48xlarge
2026-07-01,2026-07-15,True,0.0,Tax,USW2-SpotUsage:r8id.96xlarge
2026-07-01,2026-07-15,True,0.0,Tax,USW2-SpotUsage:r8id.metal-48xl
2026-07-01,2026-07-15,True,0.0,Tax,USW2-SpotUsage:r8id.metal-96xl
2026-07-01,2026-07-15,True,0.0,Tax,USW2-SpotUsage:r8idb.48xlarge
2026-07-01,2026-07-15,True,0.0,Tax,USW2-SpotUsage:r8idb.96xlarge
2026-07-01,2026-07-15,True,0.0,Tax,USW2-SpotUsage:r8idn.96xlarge
2026-07-01,2026-07-15,True,0.0,Tax,USW2-SpotUsage:x8i.32xlarge
2026-07-01,2026-07-15,True,0.0,Tax,USW2-Storage
2026-07-01,2026-07-15,True,0.0,Tax,USW2-Storage.SSD.250
2026-07-01,2026-07-15,True,0.0,Tax,USW2-TimedStorage-ByteHrs
2026-07-01,2026-07-15,True,0.0,Tax,USW2-TimedStorage-INT-FA-ByteHrs
2026-07-01,2026-07-15,True,0.0,Tax,USW2-USE1-AWS-Out-Bytes
2026-07-01,2026-07-15,True,0.0,Tax,USW2-VpcEndpoint-Bytes
2026-07-01,2026-07-15,True,0.0,Tax,USW2-VpcEndpoint-Hours
2026-07-01,2026-07-15,True,0.0,Tax,USW2-WriteRequestUnits
2026-07-01,2026-07-15,True,0.0,Tax,us-east-1-KMS-Keys
2026-07-01,2026-07-15,True,0.0,Tax,us-west-2-KMS-Keys
2026-07-01,2026-07-15,True,0.0,Tax,us-west-2-KMS-Requests
