experiment	analysis_root	relative_path	bytes	mtime_epoch	sha256
E1	/fsx/analysis_results/prod-cand-1703/prod-cand-1703-hg002-bjuice-v2-multiau-20260814T114522Z	config/hg002_bjuice_v2_multi_analysis_unit_hiomr2.yaml	1924	1786708072	f99240085d16a1c8dd43dec56e3c205d190e97d182a4b91a92422c0adb4c57e1
E1	/fsx/analysis_results/prod-cand-1703/prod-cand-1703-hg002-bjuice-v2-multiau-20260814T114522Z	results/day/hg38/HG002-082hc3dnbehb1c/align/sentdhiomr2lr/na/alignqc/mosdepth/HG002-082hc3dnbehb1c.sentdhiomr2lr.na.mosdepth.summary.txt	11432	1786708622	733730eed7954db992c25340dd7c1d7778c351b688e4e656770410302fee219a
E1	/fsx/analysis_results/prod-cand-1703/prod-cand-1703-hg002-bjuice-v2-multiau-20260814T114522Z	results/day/hg38/HG002-082hc3dnbehb1c/align/sentdhiomr2rsr/na/alignqc/mosdepth/HG002-082hc3dnbehb1c.sentdhiomr2rsr.na.mosdepth.summary.txt	18082	1786713794	dde026379f29dcf2bc35b98e9d6366cb078755789522c95d4b6737f6a5f4bbcf
E1	/fsx/analysis_results/prod-cand-1703/prod-cand-1703-hg002-bjuice-v2-multiau-20260814T114522Z	results/day/hg38/HG002-082hc3dnbehb1c/align/sentdhiomr2sr/smd/htd/smn12/HG002-082hc3dnbehb1c.sentdhiomr2sr.smd.smn12.summary.json	834	1786710551	e0659e350f3dce69ba24188d3c78b37f244bd770a3fe6932d0e6ea6534205a3e
E1	/fsx/analysis_results/prod-cand-1703/prod-cand-1703-hg002-bjuice-v2-multiau-20260814T114522Z	results/day/hg38/HG002-082hc3dnbehb1c/align/sentdhiomr2sr/smd/htd/smn12/HG002-082hc3dnbehb1c.sentdhiomr2sr.smd.smn12.summary.tsv	264	1786710486	6070f46e17503dd2c76715aa2fc219f62f9ae521a6a6360b5f337891479a4f6d
E1	/fsx/analysis_results/prod-cand-1703/prod-cand-1703-hg002-bjuice-v2-multiau-20260814T114522Z	results/day/hg38/HG002-082hc3dnbehb1c/align/sentmm2ont/na/snv/sentdhiomr2/concordance/_giabHC/snv_HG002-082hc3dnbehb1c_giabHC_concordance.mqc.tsv	3683	1786714911	c7a48eb4fa5644c75c87b13ab812a9f3bf5a19cd7742cb57c93c091d7175df3b
E1	/fsx/analysis_results/prod-cand-1703/prod-cand-1703-hg002-bjuice-v2-multiau-20260814T114522Z	results/day/hg38/HG002-082hc3dnbehb1c/align/sentmm2ont/na/snv/sentdhiomr2/segdup/HG002-082hc3dnbehb1c/CFH/HG002-082hc3dnbehb1c.CFH.done	32	1786711430	4b57c569722f4f390d00b1f5d2d3dfab090236f1ca3f4f6bb76d514a3106153f
E1	/fsx/analysis_results/prod-cand-1703/prod-cand-1703-hg002-bjuice-v2-multiau-20260814T114522Z	results/day/hg38/HG002-082hc3dnbehb1c/align/sentmm2ont/na/snv/sentdhiomr2/segdup/HG002-082hc3dnbehb1c/CFH/HG002-082hc3dnbehb1c.CFH.result.vcf.gz	7985	1786711430	ff77e94224866496bc13376ea26d730e60d9d1e1835e4445acf0ad85578ea623
E1	/fsx/analysis_results/prod-cand-1703/prod-cand-1703-hg002-bjuice-v2-multiau-20260814T114522Z	results/day/hg38/HG002-082hc3dnbehb1c/align/sentmm2ont/na/snv/sentdhiomr2/segdup/HG002-082hc3dnbehb1c/CFH/HG002-082hc3dnbehb1c.CFH.result.vcf.gz.tbi	352	1786711430	1600476f831e7dfc539fb94165fbc423d7bce2599bee4569c6f19df2175e95b1
E1	/fsx/analysis_results/prod-cand-1703/prod-cand-1703-hg002-bjuice-v2-multiau-20260814T114522Z	results/day/hg38/HG002-082hc3dnbehb1c/align/sentmm2ont/na/snv/sentdhiomr2/segdup/HG002-082hc3dnbehb1c/CFH/HG002-082hc3dnbehb1c.CFH.yaml	1829	1786711430	689520b34e42a828a690934f70dc62266a081339ca4a62f7a8274f7dc1a113e1
E1	/fsx/analysis_results/prod-cand-1703/prod-cand-1703-hg002-bjuice-v2-multiau-20260814T114522Z	results/day/hg38/HG002-082hc3dnbehb1c/align/sentmm2ont/na/snv/sentdhiomr2/segdup/HG002-082hc3dnbehb1c/CYP11B1/HG002-082hc3dnbehb1c.CYP11B1.done	36	1786711391	f7af4438026327204db5f578af844b26675f26676bd704658b58a37b8a98a5c8
E1	/fsx/analysis_results/prod-cand-1703/prod-cand-1703-hg002-bjuice-v2-multiau-20260814T114522Z	results/day/hg38/HG002-082hc3dnbehb1c/align/sentmm2ont/na/snv/sentdhiomr2/segdup/HG002-082hc3dnbehb1c/CYP11B1/HG002-082hc3dnbehb1c.CYP11B1.result.vcf.gz	4806	1786711391	4caef437d7f8255ab5ec3ab840cd82934bd5e5172ab5ace3d275b6f56e6104b3
E1	/fsx/analysis_results/prod-cand-1703/prod-cand-1703-hg002-bjuice-v2-multiau-20260814T114522Z	results/day/hg38/HG002-082hc3dnbehb1c/align/sentmm2ont/na/snv/sentdhiomr2/segdup/HG002-082hc3dnbehb1c/CYP11B1/HG002-082hc3dnbehb1c.CYP11B1.result.vcf.gz.tbi	271	1786711391	1fed984aa8e2ff0252c03da8aca773b29f6f499a1cff997798ff6a114dc37504
E1	/fsx/analysis_results/prod-cand-1703/prod-cand-1703-hg002-bjuice-v2-multiau-20260814T114522Z	results/day/hg38/HG002-082hc3dnbehb1c/align/sentmm2ont/na/snv/sentdhiomr2/segdup/HG002-082hc3dnbehb1c/CYP11B1/HG002-082hc3dnbehb1c.CYP11B1.yaml	1609	1786711391	e1ff02db6d1cf8ab05da5e981aea1c0496ddbe2b9bb334a5473c3db5f4365441
E1	/fsx/analysis_results/prod-cand-1703/prod-cand-1703-hg002-bjuice-v2-multiau-20260814T114522Z	results/day/hg38/HG002-082hc3dnbehb1c/align/sentmm2ont/na/snv/sentdhiomr2/segdup/HG002-082hc3dnbehb1c/CYP2A6/HG002-082hc3dnbehb1c.CYP2A6.done	35	1786711432	a7ed310d4a4e99a32a77f8236ab1287f7b8f9ba6176e8ebe44697e87b1ccbd60
E1	/fsx/analysis_results/prod-cand-1703/prod-cand-1703-hg002-bjuice-v2-multiau-20260814T114522Z	results/day/hg38/HG002-082hc3dnbehb1c/align/sentmm2ont/na/snv/sentdhiomr2/segdup/HG002-082hc3dnbehb1c/CYP2A6/HG002-082hc3dnbehb1c.CYP2A6.result.vcf.gz	3563	1786711432	39848421ca17964f3f594e628feb8bb2ebf6534f624227ecf9c3f8374cf10d2e
E1	/fsx/analysis_results/prod-cand-1703/prod-cand-1703-hg002-bjuice-v2-multiau-20260814T114522Z	results/day/hg38/HG002-082hc3dnbehb1c/align/sentmm2ont/na/snv/sentdhiomr2/segdup/HG002-082hc3dnbehb1c/CYP2A6/HG002-082hc3dnbehb1c.CYP2A6.result.vcf.gz.tbi	72	1786711432	8ac6662ca1a70d893348b244dfa8adaf4f6c50510b8bc39a785b40231f7966cc
E1	/fsx/analysis_results/prod-cand-1703/prod-cand-1703-hg002-bjuice-v2-multiau-20260814T114522Z	results/day/hg38/HG002-082hc3dnbehb1c/align/sentmm2ont/na/snv/sentdhiomr2/segdup/HG002-082hc3dnbehb1c/CYP2A6/HG002-082hc3dnbehb1c.CYP2A6.yaml	2409	1786711432	66788b9c9f3bf83f8ac6791305ff01c1c29a1514953604646f295c153f5e89d4
E1	/fsx/analysis_results/prod-cand-1703/prod-cand-1703-hg002-bjuice-v2-multiau-20260814T114522Z	results/day/hg38/HG002-082hc3dnbehb1c/align/sentmm2ont/na/snv/sentdhiomr2/segdup/HG002-082hc3dnbehb1c/CYP2B6/HG002-082hc3dnbehb1c.CYP2B6.done	35	1786712107	58e20a66984cc5991d6ed656069d27564352d5d6008209ea130ca7f4c32f6e0e
E1	/fsx/analysis_results/prod-cand-1703/prod-cand-1703-hg002-bjuice-v2-multiau-20260814T114522Z	results/day/hg38/HG002-082hc3dnbehb1c/align/sentmm2ont/na/snv/sentdhiomr2/segdup/HG002-082hc3dnbehb1c/CYP2B6/HG002-082hc3dnbehb1c.CYP2B6.result.vcf.gz	3504	1786712107	053986c51fe1d915186b6e114af643977efbd693be2a3d9d262940deb5b5de13
E1	/fsx/analysis_results/prod-cand-1703/prod-cand-1703-hg002-bjuice-v2-multiau-20260814T114522Z	results/day/hg38/HG002-082hc3dnbehb1c/align/sentmm2ont/na/snv/sentdhiomr2/segdup/HG002-082hc3dnbehb1c/CYP2B6/HG002-082hc3dnbehb1c.CYP2B6.result.vcf.gz.tbi	72	1786712107	8ac6662ca1a70d893348b244dfa8adaf4f6c50510b8bc39a785b40231f7966cc
E1	/fsx/analysis_results/prod-cand-1703/prod-cand-1703-hg002-bjuice-v2-multiau-20260814T114522Z	results/day/hg38/HG002-082hc3dnbehb1c/align/sentmm2ont/na/snv/sentdhiomr2/segdup/HG002-082hc3dnbehb1c/CYP2B6/HG002-082hc3dnbehb1c.CYP2B6.yaml	1960	1786712107	54873e7adab2f34897594d9c139ddfed34b62200283a649da753f67b977236a1
E1	/fsx/analysis_results/prod-cand-1703/prod-cand-1703-hg002-bjuice-v2-multiau-20260814T114522Z	results/day/hg38/HG002-082hc3dnbehb1c/align/sentmm2ont/na/snv/sentdhiomr2/segdup/HG002-082hc3dnbehb1c/CYP2D6/HG002-082hc3dnbehb1c.CYP2D6.done	35	1786711267	d51c395add49b6233820d2e9b502cfcd5d3702938b2d4031aab3ffcc40efefe4
E1	/fsx/analysis_results/prod-cand-1703/prod-cand-1703-hg002-bjuice-v2-multiau-20260814T114522Z	results/day/hg38/HG002-082hc3dnbehb1c/align/sentmm2ont/na/snv/sentdhiomr2/segdup/HG002-082hc3dnbehb1c/CYP2D6/HG002-082hc3dnbehb1c.CYP2D6.result.vcf.gz	3798	1786711267	0af4cea44f7728a2ad622980c484b15928261a461695003fa51c3a59b73f2505
E1	/fsx/analysis_results/prod-cand-1703/prod-cand-1703-hg002-bjuice-v2-multiau-20260814T114522Z	results/day/hg38/HG002-082hc3dnbehb1c/align/sentmm2ont/na/snv/sentdhiomr2/segdup/HG002-082hc3dnbehb1c/CYP2D6/HG002-082hc3dnbehb1c.CYP2D6.result.vcf.gz.tbi	152	1786711267	f02b30e12ae56c0298569f7bc0cca27c6196e3eba4e7d27eb213ed1e4f6aa51e
E1	/fsx/analysis_results/prod-cand-1703/prod-cand-1703-hg002-bjuice-v2-multiau-20260814T114522Z	results/day/hg38/HG002-082hc3dnbehb1c/align/sentmm2ont/na/snv/sentdhiomr2/segdup/HG002-082hc3dnbehb1c/CYP2D6/HG002-082hc3dnbehb1c.CYP2D6.yaml	1875	1786711267	473d2e1fcf39bf0300df23d92e0eec3931befa269a784fab90af2321043b0319
E1	/fsx/analysis_results/prod-cand-1703/prod-cand-1703-hg002-bjuice-v2-multiau-20260814T114522Z	results/day/hg38/HG002-082hc3dnbehb1c/align/sentmm2ont/na/snv/sentdhiomr2/segdup/HG002-082hc3dnbehb1c/GBA/HG002-082hc3dnbehb1c.GBA.done	32	1786711448	499c5876e9829a58834f6df72d3f63df3805a009b7ec8552a620c15326f3dfcb
E1	/fsx/analysis_results/prod-cand-1703/prod-cand-1703-hg002-bjuice-v2-multiau-20260814T114522Z	results/day/hg38/HG002-082hc3dnbehb1c/align/sentmm2ont/na/snv/sentdhiomr2/segdup/HG002-082hc3dnbehb1c/GBA/HG002-082hc3dnbehb1c.GBA.result.vcf.gz	3726	1786711448	2e53e2a63bc5203354d3b0b52b747468055accf65bab403bf4b33312e6ea0678
E1	/fsx/analysis_results/prod-cand-1703/prod-cand-1703-hg002-bjuice-v2-multiau-20260814T114522Z	results/day/hg38/HG002-082hc3dnbehb1c/align/sentmm2ont/na/snv/sentdhiomr2/segdup/HG002-082hc3dnbehb1c/GBA/HG002-082hc3dnbehb1c.GBA.result.vcf.gz.tbi	277	1786711448	fe6135d0e84db84fb23cbcac6d7c92f5e44289e14eca027c3c5b2eade0cd5427
E1	/fsx/analysis_results/prod-cand-1703/prod-cand-1703-hg002-bjuice-v2-multiau-20260814T114522Z	results/day/hg38/HG002-082hc3dnbehb1c/align/sentmm2ont/na/snv/sentdhiomr2/segdup/HG002-082hc3dnbehb1c/GBA/HG002-082hc3dnbehb1c.GBA.yaml	1703	1786711448	37c8cf570bd2aee3d2780a24506922d3edfaeeaf795661500bb2b7e37596379d
E1	/fsx/analysis_results/prod-cand-1703/prod-cand-1703-hg002-bjuice-v2-multiau-20260814T114522Z	results/day/hg38/HG002-082hc3dnbehb1c/align/sentmm2ont/na/snv/sentdhiomr2/segdup/HG002-082hc3dnbehb1c/HBA/HG002-082hc3dnbehb1c.HBA.done	32	1786712047	f9a18f4250abed23e04ba76a88571bf89bd9f23d7c3798cfbb4dff0f5b9cbd38
E1	/fsx/analysis_results/prod-cand-1703/prod-cand-1703-hg002-bjuice-v2-multiau-20260814T114522Z	results/day/hg38/HG002-082hc3dnbehb1c/align/sentmm2ont/na/snv/sentdhiomr2/segdup/HG002-082hc3dnbehb1c/HBA/HG002-082hc3dnbehb1c.HBA.result.vcf.gz	3523	1786712047	e46d758dcd193db326cc49c29949697ee1f33b1d092879e636f0c60704a5db00
E1	/fsx/analysis_results/prod-cand-1703/prod-cand-1703-hg002-bjuice-v2-multiau-20260814T114522Z	results/day/hg38/HG002-082hc3dnbehb1c/align/sentmm2ont/na/snv/sentdhiomr2/segdup/HG002-082hc3dnbehb1c/HBA/HG002-082hc3dnbehb1c.HBA.result.vcf.gz.tbi	72	1786712047	8ac6662ca1a70d893348b244dfa8adaf4f6c50510b8bc39a785b40231f7966cc
E1	/fsx/analysis_results/prod-cand-1703/prod-cand-1703-hg002-bjuice-v2-multiau-20260814T114522Z	results/day/hg38/HG002-082hc3dnbehb1c/align/sentmm2ont/na/snv/sentdhiomr2/segdup/HG002-082hc3dnbehb1c/HBA/HG002-082hc3dnbehb1c.HBA.yaml	1806	1786712047	a4bf3f6ebf414b2ae20d3a823b1679ab9e424ae164812b24e913005fc0f83b95
E1	/fsx/analysis_results/prod-cand-1703/prod-cand-1703-hg002-bjuice-v2-multiau-20260814T114522Z	results/day/hg38/HG002-082hc3dnbehb1c/align/sentmm2ont/na/snv/sentdhiomr2/segdup/HG002-082hc3dnbehb1c/IKBKG/HG002-082hc3dnbehb1c.IKBKG.done	34	1786711380	4b0b47d77d3c497e6222e449353a893841f9b0cb5dcba24db9ae1be66788a834
E1	/fsx/analysis_results/prod-cand-1703/prod-cand-1703-hg002-bjuice-v2-multiau-20260814T114522Z	results/day/hg38/HG002-082hc3dnbehb1c/align/sentmm2ont/na/snv/sentdhiomr2/segdup/HG002-082hc3dnbehb1c/IKBKG/HG002-082hc3dnbehb1c.IKBKG.yaml	2086	1786711380	556e988c58e347c6deb71c2f522f60863123a4ca17bca54c76a7c9b502c7a9f1
E1	/fsx/analysis_results/prod-cand-1703/prod-cand-1703-hg002-bjuice-v2-multiau-20260814T114522Z	results/day/hg38/HG002-082hc3dnbehb1c/align/sentmm2ont/na/snv/sentdhiomr2/segdup/HG002-082hc3dnbehb1c/LPA/HG002-082hc3dnbehb1c.LPA.done	32	1786711319	4137cd03d2a1259175faabedcb649bf48b795a3dbc8fb9d0aaf83cdb03cd6283
E1	/fsx/analysis_results/prod-cand-1703/prod-cand-1703-hg002-bjuice-v2-multiau-20260814T114522Z	results/day/hg38/HG002-082hc3dnbehb1c/align/sentmm2ont/na/snv/sentdhiomr2/segdup/HG002-082hc3dnbehb1c/LPA/HG002-082hc3dnbehb1c.LPA.yaml	6092	1786711319	be234bfbf003b88d40488fea0872d86eb0a214bfe42df0814e1a491a25a775a7
E1	/fsx/analysis_results/prod-cand-1703/prod-cand-1703-hg002-bjuice-v2-multiau-20260814T114522Z	results/day/hg38/HG002-082hc3dnbehb1c/align/sentmm2ont/na/snv/sentdhiomr2/segdup/HG002-082hc3dnbehb1c/NCF1/HG002-082hc3dnbehb1c.NCF1.done	33	1786711362	eb362f1ff3853eb0775350fa48a7035faa1989910ca2cdcaa79ec0a2d2cc3313
E1	/fsx/analysis_results/prod-cand-1703/prod-cand-1703-hg002-bjuice-v2-multiau-20260814T114522Z	results/day/hg38/HG002-082hc3dnbehb1c/align/sentmm2ont/na/snv/sentdhiomr2/segdup/HG002-082hc3dnbehb1c/NCF1/HG002-082hc3dnbehb1c.NCF1.result.vcf.gz	4795	1786711362	6d792922192093c6d3288da6f93c094962769cc6ecd66e37c454185bdd16a93c
E1	/fsx/analysis_results/prod-cand-1703/prod-cand-1703-hg002-bjuice-v2-multiau-20260814T114522Z	results/day/hg38/HG002-082hc3dnbehb1c/align/sentmm2ont/na/snv/sentdhiomr2/segdup/HG002-082hc3dnbehb1c/NCF1/HG002-082hc3dnbehb1c.NCF1.result.vcf.gz.tbi	188	1786711362	c24bc051550878d1706d60c4e4dd0115e48b4145cec1af02c7b31a1b58d83c2b
E1	/fsx/analysis_results/prod-cand-1703/prod-cand-1703-hg002-bjuice-v2-multiau-20260814T114522Z	results/day/hg38/HG002-082hc3dnbehb1c/align/sentmm2ont/na/snv/sentdhiomr2/segdup/HG002-082hc3dnbehb1c/NCF1/HG002-082hc3dnbehb1c.NCF1.yaml	1578	1786711362	bc52e280d1758c177aa1576a5afd6ea02a2fcd7d17bba978bfa7db3a6cfd36f9
E1	/fsx/analysis_results/prod-cand-1703/prod-cand-1703-hg002-bjuice-v2-multiau-20260814T114522Z	results/day/hg38/HG002-082hc3dnbehb1c/align/sentmm2ont/na/snv/sentdhiomr2/segdup/HG002-082hc3dnbehb1c/OTOA/HG002-082hc3dnbehb1c.OTOA.done	33	1786712049	68c1d38708f1ca06116a1136a9b11b083a99a423f816fe01ba6684bb3b50dde9
E1	/fsx/analysis_results/prod-cand-1703/prod-cand-1703-hg002-bjuice-v2-multiau-20260814T114522Z	results/day/hg38/HG002-082hc3dnbehb1c/align/sentmm2ont/na/snv/sentdhiomr2/segdup/HG002-082hc3dnbehb1c/OTOA/HG002-082hc3dnbehb1c.OTOA.result.vcf.gz	3953	1786712049	0d16506898ab315be95da15be5bcc82b70bb90c1bc88142f477aaabc9b57c127
E1	/fsx/analysis_results/prod-cand-1703/prod-cand-1703-hg002-bjuice-v2-multiau-20260814T114522Z	results/day/hg38/HG002-082hc3dnbehb1c/align/sentmm2ont/na/snv/sentdhiomr2/segdup/HG002-082hc3dnbehb1c/OTOA/HG002-082hc3dnbehb1c.OTOA.result.vcf.gz.tbi	147	1786712049	c3fdabecdb599f811861662d37d180b19da93218891ebba56de24cdf5dca8111
E1	/fsx/analysis_results/prod-cand-1703/prod-cand-1703-hg002-bjuice-v2-multiau-20260814T114522Z	results/day/hg38/HG002-082hc3dnbehb1c/align/sentmm2ont/na/snv/sentdhiomr2/segdup/HG002-082hc3dnbehb1c/OTOA/HG002-082hc3dnbehb1c.OTOA.yaml	2227	1786712049	1e4bee331133a1201119981f4d0d9a6560d39eb29978f5b0da90339181393cec
E1	/fsx/analysis_results/prod-cand-1703/prod-cand-1703-hg002-bjuice-v2-multiau-20260814T114522Z	results/day/hg38/HG002-082hc3dnbehb1c/align/sentmm2ont/na/snv/sentdhiomr2/segdup/HG002-082hc3dnbehb1c/PMS2/HG002-082hc3dnbehb1c.PMS2.done	33	1786711376	2c0a7829ef37e6333ff9e20f3fbc245fa799e6f45625d3e33721bf4ac3c76e12
E1	/fsx/analysis_results/prod-cand-1703/prod-cand-1703-hg002-bjuice-v2-multiau-20260814T114522Z	results/day/hg38/HG002-082hc3dnbehb1c/align/sentmm2ont/na/snv/sentdhiomr2/segdup/HG002-082hc3dnbehb1c/PMS2/HG002-082hc3dnbehb1c.PMS2.result.vcf.gz	9891	1786711376	b49aa8a4af832c285765c0f85f14cfb8729f43af0cac1379ef28c9cd171e4473
E1	/fsx/analysis_results/prod-cand-1703/prod-cand-1703-hg002-bjuice-v2-multiau-20260814T114522Z	results/day/hg38/HG002-082hc3dnbehb1c/align/sentmm2ont/na/snv/sentdhiomr2/segdup/HG002-082hc3dnbehb1c/PMS2/HG002-082hc3dnbehb1c.PMS2.result.vcf.gz.tbi	134	1786711376	0528b8590d06b1878e73c5740d72d6dcfc701ed48cc89463dd1ad32a9a3aae41
E1	/fsx/analysis_results/prod-cand-1703/prod-cand-1703-hg002-bjuice-v2-multiau-20260814T114522Z	results/day/hg38/HG002-082hc3dnbehb1c/align/sentmm2ont/na/snv/sentdhiomr2/segdup/HG002-082hc3dnbehb1c/PMS2/HG002-082hc3dnbehb1c.PMS2.yaml	3249	1786711376	0ac7114bb986b8291216d6b47a2800b968b265849865baf048d0c36e69cfa4c0
E1	/fsx/analysis_results/prod-cand-1703/prod-cand-1703-hg002-bjuice-v2-multiau-20260814T114522Z	results/day/hg38/HG002-082hc3dnbehb1c/align/sentmm2ont/na/snv/sentdhiomr2/segdup/HG002-082hc3dnbehb1c/RCCX/HG002-082hc3dnbehb1c.RCCX.done	33	1786711373	def97efc51b14388fbe01e607b6969eec2976ff117c5ecacb4d0a465fa973e82
E1	/fsx/analysis_results/prod-cand-1703/prod-cand-1703-hg002-bjuice-v2-multiau-20260814T114522Z	results/day/hg38/HG002-082hc3dnbehb1c/align/sentmm2ont/na/snv/sentdhiomr2/segdup/HG002-082hc3dnbehb1c/RCCX/HG002-082hc3dnbehb1c.RCCX.result.vcf.gz	7618	1786711373	06d81cff046cb4e31b428c20928a9cf77ea0a7e4b156c7f1026fcb0f18f42b2d
E1	/fsx/analysis_results/prod-cand-1703/prod-cand-1703-hg002-bjuice-v2-multiau-20260814T114522Z	results/day/hg38/HG002-082hc3dnbehb1c/align/sentmm2ont/na/snv/sentdhiomr2/segdup/HG002-082hc3dnbehb1c/RCCX/HG002-082hc3dnbehb1c.RCCX.result.vcf.gz.tbi	171	1786711373	4abd3f2f26f1043c1e4e74e0c32b1050ff3066a56923cbe6343dfce3a8f77543
E1	/fsx/analysis_results/prod-cand-1703/prod-cand-1703-hg002-bjuice-v2-multiau-20260814T114522Z	results/day/hg38/HG002-082hc3dnbehb1c/align/sentmm2ont/na/snv/sentdhiomr2/segdup/HG002-082hc3dnbehb1c/RCCX/HG002-082hc3dnbehb1c.RCCX.yaml	2962	1786711373	844c5e542df28ed334a7ed8f3376be19c707d7386eeab7671b096ba0ea8d2db0
E1	/fsx/analysis_results/prod-cand-1703/prod-cand-1703-hg002-bjuice-v2-multiau-20260814T114522Z	results/day/hg38/HG002-082hc3dnbehb1c/align/sentmm2ont/na/snv/sentdhiomr2/segdup/HG002-082hc3dnbehb1c/RH/HG002-082hc3dnbehb1c.RH.done	31	1786712611	8b0e22de9f2c56973affe66793ef5c1490b73110b109cf73352d1b26422c6fca
E1	/fsx/analysis_results/prod-cand-1703/prod-cand-1703-hg002-bjuice-v2-multiau-20260814T114522Z	results/day/hg38/HG002-082hc3dnbehb1c/align/sentmm2ont/na/snv/sentdhiomr2/segdup/HG002-082hc3dnbehb1c/RH/HG002-082hc3dnbehb1c.RH.result.vcf.gz	3562	1786712611	bebe1708635895f76585a8ab1703f8813b3fe000b474eaa12dac8c72e3e4eb35
E1	/fsx/analysis_results/prod-cand-1703/prod-cand-1703-hg002-bjuice-v2-multiau-20260814T114522Z	results/day/hg38/HG002-082hc3dnbehb1c/align/sentmm2ont/na/snv/sentdhiomr2/segdup/HG002-082hc3dnbehb1c/RH/HG002-082hc3dnbehb1c.RH.result.vcf.gz.tbi	72	1786712611	8ac6662ca1a70d893348b244dfa8adaf4f6c50510b8bc39a785b40231f7966cc
E1	/fsx/analysis_results/prod-cand-1703/prod-cand-1703-hg002-bjuice-v2-multiau-20260814T114522Z	results/day/hg38/HG002-082hc3dnbehb1c/align/sentmm2ont/na/snv/sentdhiomr2/segdup/HG002-082hc3dnbehb1c/RH/HG002-082hc3dnbehb1c.RH.yaml	1758	1786712611	51425aa4634b9dd485b705df4e5166962bcd4cee0ae4d8aa12d40a90cd911005
E1	/fsx/analysis_results/prod-cand-1703/prod-cand-1703-hg002-bjuice-v2-multiau-20260814T114522Z	results/day/hg38/HG002-082hc3dnbehb1c/align/sentmm2ont/na/snv/sentdhiomr2/segdup/HG002-082hc3dnbehb1c/SBDS/HG002-082hc3dnbehb1c.SBDS.done	33	1786711482	7575b2b1b7f0df89b5aabbb5a8a99c7fd82d2ed8baf22f73c5bb30f625a3dbe1
E1	/fsx/analysis_results/prod-cand-1703/prod-cand-1703-hg002-bjuice-v2-multiau-20260814T114522Z	results/day/hg38/HG002-082hc3dnbehb1c/align/sentmm2ont/na/snv/sentdhiomr2/segdup/HG002-082hc3dnbehb1c/SBDS/HG002-082hc3dnbehb1c.SBDS.result.vcf.gz	3525	1786711482	27032dfd17ada91b574809a4b334404bad1e055958bd43282f83542d0d1fc521
E1	/fsx/analysis_results/prod-cand-1703/prod-cand-1703-hg002-bjuice-v2-multiau-20260814T114522Z	results/day/hg38/HG002-082hc3dnbehb1c/align/sentmm2ont/na/snv/sentdhiomr2/segdup/HG002-082hc3dnbehb1c/SBDS/HG002-082hc3dnbehb1c.SBDS.result.vcf.gz.tbi	72	1786711482	8ac6662ca1a70d893348b244dfa8adaf4f6c50510b8bc39a785b40231f7966cc
E1	/fsx/analysis_results/prod-cand-1703/prod-cand-1703-hg002-bjuice-v2-multiau-20260814T114522Z	results/day/hg38/HG002-082hc3dnbehb1c/align/sentmm2ont/na/snv/sentdhiomr2/segdup/HG002-082hc3dnbehb1c/SBDS/HG002-082hc3dnbehb1c.SBDS.yaml	2174	1786711482	37e3528a23f454d618ddc6b226c2c23c4d0a5d5076f3bd59d815c3994e955d56
E1	/fsx/analysis_results/prod-cand-1703/prod-cand-1703-hg002-bjuice-v2-multiau-20260814T114522Z	results/day/hg38/HG002-082hc3dnbehb1c/align/sentmm2ont/na/snv/sentdhiomr2/segdup/HG002-082hc3dnbehb1c/SMN1/HG002-082hc3dnbehb1c.SMN1.done	33	1786711357	cb012bdeb144dffb504c8492291c0c703fe4ced4064026e04fe63e1104097d06
E1	/fsx/analysis_results/prod-cand-1703/prod-cand-1703-hg002-bjuice-v2-multiau-20260814T114522Z	results/day/hg38/HG002-082hc3dnbehb1c/align/sentmm2ont/na/snv/sentdhiomr2/segdup/HG002-082hc3dnbehb1c/SMN1/HG002-082hc3dnbehb1c.SMN1.result.vcf.gz	5938	1786711357	a5a0a55fc7346f1cf248fc0d95adbec3bc172c2a2f5353d16222e1b510e9dac1
E1	/fsx/analysis_results/prod-cand-1703/prod-cand-1703-hg002-bjuice-v2-multiau-20260814T114522Z	results/day/hg38/HG002-082hc3dnbehb1c/align/sentmm2ont/na/snv/sentdhiomr2/segdup/HG002-082hc3dnbehb1c/SMN1/HG002-082hc3dnbehb1c.SMN1.result.vcf.gz.tbi	194	1786711357	ef7d9371eecd9950ef3851e2ff04f7243b7dcd49e6b75dbed7b2caff98452fda
E1	/fsx/analysis_results/prod-cand-1703/prod-cand-1703-hg002-bjuice-v2-multiau-20260814T114522Z	results/day/hg38/HG002-082hc3dnbehb1c/align/sentmm2ont/na/snv/sentdhiomr2/segdup/HG002-082hc3dnbehb1c/SMN1/HG002-082hc3dnbehb1c.SMN1.yaml	1579	1786711357	8df5254f3e4568a0c4a0dfb52f1843e550f25b65e86a35cd31bd0b3b4c4c7ed8
E1	/fsx/analysis_results/prod-cand-1703/prod-cand-1703-hg002-bjuice-v2-multiau-20260814T114522Z	results/day/hg38/HG002-082hc3dnbehb1c/align/sentmm2ont/na/snv/sentdhiomr2/segdup/HG002-082hc3dnbehb1c/STRC/HG002-082hc3dnbehb1c.STRC.done	33	1786711357	de12494929617b5cc57839367dc26941e31fde95640eaf13b497d699d327765e
E1	/fsx/analysis_results/prod-cand-1703/prod-cand-1703-hg002-bjuice-v2-multiau-20260814T114522Z	results/day/hg38/HG002-082hc3dnbehb1c/align/sentmm2ont/na/snv/sentdhiomr2/segdup/HG002-082hc3dnbehb1c/STRC/HG002-082hc3dnbehb1c.STRC.result.vcf.gz	4845	1786711357	2747dfda066e476b9dcd123eb741332ec6d50da475a60337ec14d1f7c3cdc281
E1	/fsx/analysis_results/prod-cand-1703/prod-cand-1703-hg002-bjuice-v2-multiau-20260814T114522Z	results/day/hg38/HG002-082hc3dnbehb1c/align/sentmm2ont/na/snv/sentdhiomr2/segdup/HG002-082hc3dnbehb1c/STRC/HG002-082hc3dnbehb1c.STRC.result.vcf.gz.tbi	176	1786711357	dad750ec65ff02e059fbf81b48ac8ecb1a5725194308d110d249f4a6a3e1866b
E1	/fsx/analysis_results/prod-cand-1703/prod-cand-1703-hg002-bjuice-v2-multiau-20260814T114522Z	results/day/hg38/HG002-082hc3dnbehb1c/align/sentmm2ont/na/snv/sentdhiomr2/segdup/HG002-082hc3dnbehb1c/STRC/HG002-082hc3dnbehb1c.STRC.yaml	2164	1786711357	f4a05c04aed32b37a4566ba3f370f36fc3543eedfb33c0d52058e1e4f8580aa0
E1	/fsx/analysis_results/prod-cand-1703/prod-cand-1703-hg002-bjuice-v2-multiau-20260814T114522Z	results/day/hg38/HG002-082hc3dnbehb1c/align/sentmm2ont/na/snv/sentdhiomr2/slim-consensus/prepared/smn12/HG002-082hc3dnbehb1c.smn12.normalized.json	1688	1786710680	73c9a5470774665eac41e466f5b81c2fa0ea0d57eb90c4e364fe6a86685f1ae2
E1	/fsx/analysis_results/prod-cand-1703/prod-cand-1703-hg002-bjuice-v2-multiau-20260814T114522Z	results/day/hg38/HG002-082hc3dnbehb1c/align/sentmm2ont/na/snv/sentdhiomr2/slim-consensus/truvari/HG002-082hc3dnbehb1c/queries/longreadsv/truvari/summary.json	776	1786713834	6ceb17d3e02fdefacf4725893a871ab27b66ead2d301326fd3ebd5adb0603e93
E1	/fsx/analysis_results/prod-cand-1703/prod-cand-1703-hg002-bjuice-v2-multiau-20260814T114522Z	results/day/hg38/HG002-082hc3dnbehb1c/align/sentmm2ont/na/snv/sentdhiomr2/slim-consensus/truvari/HG002-082hc3dnbehb1c/queries/sniffles2/truvari/summary.json	687	1786708737	f3805e0832d8dc049a988d1f5247c546ea8c1c092dc5a6e1196531ac4701a26e
E1	/fsx/analysis_results/prod-cand-1703/prod-cand-1703-hg002-bjuice-v2-multiau-20260814T114522Z	results/day/hg38/HG002-082hc3dnbehb1c/align/sentmm2ont/na/snv/sentdhiomr2/slim-consensus/truvari/HG002-082hc3dnbehb1c/queries/tagged_trussv/truvari/summary.json	779	1786714134	2c6727f2c6cf552909869e0c2688ef40daa8710b1ee567760349c30541c3e311
E1	/fsx/analysis_results/prod-cand-1703/prod-cand-1703-hg002-bjuice-v2-multiau-20260814T114522Z	results/day/hg38/HG002-082hc3dnbehb1c/align/sentmm2ont/na/snv/sentdhiomr2/slim-consensus/truvari/HG002-082hc3dnbehb1c/queries/tiddit/truvari/summary.json	703	1786712304	f2f001e5c8760a3ff41b27e00b6ae731c22e7a975379c2a96b6960e1981d71bd
E1	/fsx/analysis_results/prod-cand-1703/prod-cand-1703-hg002-bjuice-v2-multiau-20260814T114522Z	results/day/hg38/HG002-871vyxbnp4n81v/align/sentdhiomr2lr/na/alignqc/mosdepth/HG002-871vyxbnp4n81v.sentdhiomr2lr.na.mosdepth.summary.txt	13635	1786708864	838f65fc070df06d9d484fe3ea031308436cb8edb0f536cdd1edd91656bca8d4
E1	/fsx/analysis_results/prod-cand-1703/prod-cand-1703-hg002-bjuice-v2-multiau-20260814T114522Z	results/day/hg38/HG002-871vyxbnp4n81v/align/sentdhiomr2rsr/na/alignqc/mosdepth/HG002-871vyxbnp4n81v.sentdhiomr2rsr.na.mosdepth.summary.txt	18267	1786716331	581d638e21602d4819d2a5fd65a4915b6a7dbea03eda5e404e67dd4f268a886f
E1	/fsx/analysis_results/prod-cand-1703/prod-cand-1703-hg002-bjuice-v2-multiau-20260814T114522Z	results/day/hg38/HG002-871vyxbnp4n81v/align/sentdhiomr2sr/smd/htd/smn12/HG002-871vyxbnp4n81v.sentdhiomr2sr.smd.smn12.summary.json	834	1786710680	b8e4cf801467cdab2355bfaeacd856f90b7cf39dc579fc6c6001f70274a1f744
E1	/fsx/analysis_results/prod-cand-1703/prod-cand-1703-hg002-bjuice-v2-multiau-20260814T114522Z	results/day/hg38/HG002-871vyxbnp4n81v/align/sentdhiomr2sr/smd/htd/smn12/HG002-871vyxbnp4n81v.sentdhiomr2sr.smd.smn12.summary.tsv	264	1786710598	2b8c71f2c8578cdf502d568d7e1435c77509dfa13ad791ee816c089c9a98e74d
E1	/fsx/analysis_results/prod-cand-1703/prod-cand-1703-hg002-bjuice-v2-multiau-20260814T114522Z	results/day/hg38/HG002-871vyxbnp4n81v/align/sentmm2ont/na/snv/sentdhiomr2/concordance/_giabHC/snv_HG002-871vyxbnp4n81v_giabHC_concordance.mqc.tsv	3733	1786717901	7cd5b3991a3f015df641cf52b96006468aad663637846cb85be0e7b1b71f399b
E1	/fsx/analysis_results/prod-cand-1703/prod-cand-1703-hg002-bjuice-v2-multiau-20260814T114522Z	results/day/hg38/HG002-871vyxbnp4n81v/align/sentmm2ont/na/snv/sentdhiomr2/segdup/HG002-871vyxbnp4n81v/CFH/HG002-871vyxbnp4n81v.CFH.done	32	1786712121	4b57c569722f4f390d00b1f5d2d3dfab090236f1ca3f4f6bb76d514a3106153f
E1	/fsx/analysis_results/prod-cand-1703/prod-cand-1703-hg002-bjuice-v2-multiau-20260814T114522Z	results/day/hg38/HG002-871vyxbnp4n81v/align/sentmm2ont/na/snv/sentdhiomr2/segdup/HG002-871vyxbnp4n81v/CFH/HG002-871vyxbnp4n81v.CFH.result.vcf.gz	36146	1786712121	75600dc06ec8962742c4ff56bc79f581c82ce6f26a2354fc78a50ad4c38e068f
E1	/fsx/analysis_results/prod-cand-1703/prod-cand-1703-hg002-bjuice-v2-multiau-20260814T114522Z	results/day/hg38/HG002-871vyxbnp4n81v/align/sentmm2ont/na/snv/sentdhiomr2/segdup/HG002-871vyxbnp4n81v/CFH/HG002-871vyxbnp4n81v.CFH.result.vcf.gz.tbi	388	1786712121	d7fc806f1dc4f383d59b9e0a8b14a339ec9f74d7b0038b3bc8037b8bc30314fd
E1	/fsx/analysis_results/prod-cand-1703/prod-cand-1703-hg002-bjuice-v2-multiau-20260814T114522Z	results/day/hg38/HG002-871vyxbnp4n81v/align/sentmm2ont/na/snv/sentdhiomr2/segdup/HG002-871vyxbnp4n81v/CFH/HG002-871vyxbnp4n81v.CFH.yaml	1831	1786712121	193311a6d1bab19dd1a3a222ed8fd6fb127311132b3e47bd052ecd717e360cdb
E1	/fsx/analysis_results/prod-cand-1703/prod-cand-1703-hg002-bjuice-v2-multiau-20260814T114522Z	results/day/hg38/HG002-871vyxbnp4n81v/align/sentmm2ont/na/snv/sentdhiomr2/segdup/HG002-871vyxbnp4n81v/CYP11B1/HG002-871vyxbnp4n81v.CYP11B1.done	36	1786711987	f7af4438026327204db5f578af844b26675f26676bd704658b58a37b8a98a5c8
E1	/fsx/analysis_results/prod-cand-1703/prod-cand-1703-hg002-bjuice-v2-multiau-20260814T114522Z	results/day/hg38/HG002-871vyxbnp4n81v/align/sentmm2ont/na/snv/sentdhiomr2/segdup/HG002-871vyxbnp4n81v/CYP11B1/HG002-871vyxbnp4n81v.CYP11B1.result.vcf.gz	9707	1786711987	0a295e7a3a86bfcb383c85c2b76acff01bca625e1cad7a7890f1e150c86a56b3
E1	/fsx/analysis_results/prod-cand-1703/prod-cand-1703-hg002-bjuice-v2-multiau-20260814T114522Z	results/day/hg38/HG002-871vyxbnp4n81v/align/sentmm2ont/na/snv/sentdhiomr2/segdup/HG002-871vyxbnp4n81v/CYP11B1/HG002-871vyxbnp4n81v.CYP11B1.result.vcf.gz.tbi	277	1786711987	caf60a08481039fb1afb3d4a0d119a8cc0912a3df5926f5160de638bbdd1a341
E1	/fsx/analysis_results/prod-cand-1703/prod-cand-1703-hg002-bjuice-v2-multiau-20260814T114522Z	results/day/hg38/HG002-871vyxbnp4n81v/align/sentmm2ont/na/snv/sentdhiomr2/segdup/HG002-871vyxbnp4n81v/CYP11B1/HG002-871vyxbnp4n81v.CYP11B1.yaml	1610	1786711987	be956931e8cad982590e3048606ddf7d9f3767f7d378fccdf8d751452a097e05
E1	/fsx/analysis_results/prod-cand-1703/prod-cand-1703-hg002-bjuice-v2-multiau-20260814T114522Z	results/day/hg38/HG002-871vyxbnp4n81v/align/sentmm2ont/na/snv/sentdhiomr2/segdup/HG002-871vyxbnp4n81v/CYP2A6/HG002-871vyxbnp4n81v.CYP2A6.done	35	1786711742	a7ed310d4a4e99a32a77f8236ab1287f7b8f9ba6176e8ebe44697e87b1ccbd60
E1	/fsx/analysis_results/prod-cand-1703/prod-cand-1703-hg002-bjuice-v2-multiau-20260814T114522Z	results/day/hg38/HG002-871vyxbnp4n81v/align/sentmm2ont/na/snv/sentdhiomr2/segdup/HG002-871vyxbnp4n81v/CYP2A6/HG002-871vyxbnp4n81v.CYP2A6.result.vcf.gz	6385	1786711742	050e9f9c051e9196caf7d3b36085db1389715cb13d7598073281c76850e16ffa
E1	/fsx/analysis_results/prod-cand-1703/prod-cand-1703-hg002-bjuice-v2-multiau-20260814T114522Z	results/day/hg38/HG002-871vyxbnp4n81v/align/sentmm2ont/na/snv/sentdhiomr2/segdup/HG002-871vyxbnp4n81v/CYP2A6/HG002-871vyxbnp4n81v.CYP2A6.result.vcf.gz.tbi	169	1786711742	4161826fbbbb4eaf4061a305ab33c48728ea0f9ea67bd91f9d6ecf4846261818
E1	/fsx/analysis_results/prod-cand-1703/prod-cand-1703-hg002-bjuice-v2-multiau-20260814T114522Z	results/day/hg38/HG002-871vyxbnp4n81v/align/sentmm2ont/na/snv/sentdhiomr2/segdup/HG002-871vyxbnp4n81v/CYP2A6/HG002-871vyxbnp4n81v.CYP2A6.yaml	2409	1786711742	02d126692b8633810c416154a0e27b85ff4ab546792e01f592acf4bb5681280f
E1	/fsx/analysis_results/prod-cand-1703/prod-cand-1703-hg002-bjuice-v2-multiau-20260814T114522Z	results/day/hg38/HG002-871vyxbnp4n81v/align/sentmm2ont/na/snv/sentdhiomr2/segdup/HG002-871vyxbnp4n81v/CYP2B6/HG002-871vyxbnp4n81v.CYP2B6.done	35	1786711776	58e20a66984cc5991d6ed656069d27564352d5d6008209ea130ca7f4c32f6e0e
E1	/fsx/analysis_results/prod-cand-1703/prod-cand-1703-hg002-bjuice-v2-multiau-20260814T114522Z	results/day/hg38/HG002-871vyxbnp4n81v/align/sentmm2ont/na/snv/sentdhiomr2/segdup/HG002-871vyxbnp4n81v/CYP2B6/HG002-871vyxbnp4n81v.CYP2B6.result.vcf.gz	7111	1786711776	058bcb41fbeceb48cb6779251af10167260c64d28adac450d210a7e02cdda569
E1	/fsx/analysis_results/prod-cand-1703/prod-cand-1703-hg002-bjuice-v2-multiau-20260814T114522Z	results/day/hg38/HG002-871vyxbnp4n81v/align/sentmm2ont/na/snv/sentdhiomr2/segdup/HG002-871vyxbnp4n81v/CYP2B6/HG002-871vyxbnp4n81v.CYP2B6.result.vcf.gz.tbi	173	1786711776	6ca2f9017dcb5afe7191d125b399bb71e06f720076a6d1092eda16fb6763f3b1
E1	/fsx/analysis_results/prod-cand-1703/prod-cand-1703-hg002-bjuice-v2-multiau-20260814T114522Z	results/day/hg38/HG002-871vyxbnp4n81v/align/sentmm2ont/na/snv/sentdhiomr2/segdup/HG002-871vyxbnp4n81v/CYP2B6/HG002-871vyxbnp4n81v.CYP2B6.yaml	1961	1786711776	f69cdf5f55f8e0a1e417f636698565d8ec3b805fb0a8e7e7c772a81df97840a0
E1	/fsx/analysis_results/prod-cand-1703/prod-cand-1703-hg002-bjuice-v2-multiau-20260814T114522Z	results/day/hg38/HG002-871vyxbnp4n81v/align/sentmm2ont/na/snv/sentdhiomr2/segdup/HG002-871vyxbnp4n81v/CYP2D6/HG002-871vyxbnp4n81v.CYP2D6.done	35	1786711828	d51c395add49b6233820d2e9b502cfcd5d3702938b2d4031aab3ffcc40efefe4
E1	/fsx/analysis_results/prod-cand-1703/prod-cand-1703-hg002-bjuice-v2-multiau-20260814T114522Z	results/day/hg38/HG002-871vyxbnp4n81v/align/sentmm2ont/na/snv/sentdhiomr2/segdup/HG002-871vyxbnp4n81v/CYP2D6/HG002-871vyxbnp4n81v.CYP2D6.result.vcf.gz	11111	1786711828	c632105e2fc5c86ed28d57cc7efd37fcee068e39a58b0bd347847e3b89e78dc1
E1	/fsx/analysis_results/prod-cand-1703/prod-cand-1703-hg002-bjuice-v2-multiau-20260814T114522Z	results/day/hg38/HG002-871vyxbnp4n81v/align/sentmm2ont/na/snv/sentdhiomr2/segdup/HG002-871vyxbnp4n81v/CYP2D6/HG002-871vyxbnp4n81v.CYP2D6.result.vcf.gz.tbi	163	1786711828	a44c6a2d218d59d0cf332cdf5fe73010d41f8403db89f632bfe2700b7ad00133
E1	/fsx/analysis_results/prod-cand-1703/prod-cand-1703-hg002-bjuice-v2-multiau-20260814T114522Z	results/day/hg38/HG002-871vyxbnp4n81v/align/sentmm2ont/na/snv/sentdhiomr2/segdup/HG002-871vyxbnp4n81v/CYP2D6/HG002-871vyxbnp4n81v.CYP2D6.yaml	1922	1786711828	8354715c6bc094760da305333f1cbbbf070b5ec442425f7542490d747b7f2804
E1	/fsx/analysis_results/prod-cand-1703/prod-cand-1703-hg002-bjuice-v2-multiau-20260814T114522Z	results/day/hg38/HG002-871vyxbnp4n81v/align/sentmm2ont/na/snv/sentdhiomr2/segdup/HG002-871vyxbnp4n81v/GBA/HG002-871vyxbnp4n81v.GBA.done	32	1786711811	499c5876e9829a58834f6df72d3f63df3805a009b7ec8552a620c15326f3dfcb
E1	/fsx/analysis_results/prod-cand-1703/prod-cand-1703-hg002-bjuice-v2-multiau-20260814T114522Z	results/day/hg38/HG002-871vyxbnp4n81v/align/sentmm2ont/na/snv/sentdhiomr2/segdup/HG002-871vyxbnp4n81v/GBA/HG002-871vyxbnp4n81v.GBA.result.vcf.gz	5524	1786711811	409de877255cfe382f469fe1640c591fc048f93949dd4127e6988f6adf1a9eef
E1	/fsx/analysis_results/prod-cand-1703/prod-cand-1703-hg002-bjuice-v2-multiau-20260814T114522Z	results/day/hg38/HG002-871vyxbnp4n81v/align/sentmm2ont/na/snv/sentdhiomr2/segdup/HG002-871vyxbnp4n81v/GBA/HG002-871vyxbnp4n81v.GBA.result.vcf.gz.tbi	288	1786711811	0276218968687f1868aea8ffeb4b06321b8cf695ea242347e0a8e72de6cf2826
E1	/fsx/analysis_results/prod-cand-1703/prod-cand-1703-hg002-bjuice-v2-multiau-20260814T114522Z	results/day/hg38/HG002-871vyxbnp4n81v/align/sentmm2ont/na/snv/sentdhiomr2/segdup/HG002-871vyxbnp4n81v/GBA/HG002-871vyxbnp4n81v.GBA.yaml	1703	1786711811	d23152149342611455e64e29a2e09883509e7fa50c29a818678e95b9dcba5019
E1	/fsx/analysis_results/prod-cand-1703/prod-cand-1703-hg002-bjuice-v2-multiau-20260814T114522Z	results/day/hg38/HG002-871vyxbnp4n81v/align/sentmm2ont/na/snv/sentdhiomr2/segdup/HG002-871vyxbnp4n81v/HBA/HG002-871vyxbnp4n81v.HBA.done	32	1786711785	f9a18f4250abed23e04ba76a88571bf89bd9f23d7c3798cfbb4dff0f5b9cbd38
E1	/fsx/analysis_results/prod-cand-1703/prod-cand-1703-hg002-bjuice-v2-multiau-20260814T114522Z	results/day/hg38/HG002-871vyxbnp4n81v/align/sentmm2ont/na/snv/sentdhiomr2/segdup/HG002-871vyxbnp4n81v/HBA/HG002-871vyxbnp4n81v.HBA.result.vcf.gz	4429	1786711785	f3e3fc82b01dcadbd63760c8e3d68d6a0aacff7aaeddbd2fef5bdc1534ada8b1
E1	/fsx/analysis_results/prod-cand-1703/prod-cand-1703-hg002-bjuice-v2-multiau-20260814T114522Z	results/day/hg38/HG002-871vyxbnp4n81v/align/sentmm2ont/na/snv/sentdhiomr2/segdup/HG002-871vyxbnp4n81v/HBA/HG002-871vyxbnp4n81v.HBA.result.vcf.gz.tbi	98	1786711785	d09947ef72dc7bff0b51b0e81b1d23144a476bddec7e4b28003111420d1caacf
E1	/fsx/analysis_results/prod-cand-1703/prod-cand-1703-hg002-bjuice-v2-multiau-20260814T114522Z	results/day/hg38/HG002-871vyxbnp4n81v/align/sentmm2ont/na/snv/sentdhiomr2/segdup/HG002-871vyxbnp4n81v/HBA/HG002-871vyxbnp4n81v.HBA.yaml	1806	1786711785	c552bc4120f34f1e4fa9bc533346e09ee086615aefe274f3452d52080237e2ea
E1	/fsx/analysis_results/prod-cand-1703/prod-cand-1703-hg002-bjuice-v2-multiau-20260814T114522Z	results/day/hg38/HG002-871vyxbnp4n81v/align/sentmm2ont/na/snv/sentdhiomr2/segdup/HG002-871vyxbnp4n81v/IKBKG/HG002-871vyxbnp4n81v.IKBKG.done	34	1786711742	4b0b47d77d3c497e6222e449353a893841f9b0cb5dcba24db9ae1be66788a834
E1	/fsx/analysis_results/prod-cand-1703/prod-cand-1703-hg002-bjuice-v2-multiau-20260814T114522Z	results/day/hg38/HG002-871vyxbnp4n81v/align/sentmm2ont/na/snv/sentdhiomr2/segdup/HG002-871vyxbnp4n81v/IKBKG/HG002-871vyxbnp4n81v.IKBKG.yaml	2087	1786711742	52f237de7762d93e91fdf5cadf38673f2343ade9f280c881beb608d514d03757
E1	/fsx/analysis_results/prod-cand-1703/prod-cand-1703-hg002-bjuice-v2-multiau-20260814T114522Z	results/day/hg38/HG002-871vyxbnp4n81v/align/sentmm2ont/na/snv/sentdhiomr2/segdup/HG002-871vyxbnp4n81v/LPA/HG002-871vyxbnp4n81v.LPA.done	32	1786711785	4137cd03d2a1259175faabedcb649bf48b795a3dbc8fb9d0aaf83cdb03cd6283
E1	/fsx/analysis_results/prod-cand-1703/prod-cand-1703-hg002-bjuice-v2-multiau-20260814T114522Z	results/day/hg38/HG002-871vyxbnp4n81v/align/sentmm2ont/na/snv/sentdhiomr2/segdup/HG002-871vyxbnp4n81v/LPA/HG002-871vyxbnp4n81v.LPA.yaml	6092	1786711785	9eccf4398605517391a863c06f1ee1f10475f4a5092d99abd817d1a01206b0ef
E1	/fsx/analysis_results/prod-cand-1703/prod-cand-1703-hg002-bjuice-v2-multiau-20260814T114522Z	results/day/hg38/HG002-871vyxbnp4n81v/align/sentmm2ont/na/snv/sentdhiomr2/segdup/HG002-871vyxbnp4n81v/NCF1/HG002-871vyxbnp4n81v.NCF1.done	33	1786711881	eb362f1ff3853eb0775350fa48a7035faa1989910ca2cdcaa79ec0a2d2cc3313
E1	/fsx/analysis_results/prod-cand-1703/prod-cand-1703-hg002-bjuice-v2-multiau-20260814T114522Z	results/day/hg38/HG002-871vyxbnp4n81v/align/sentmm2ont/na/snv/sentdhiomr2/segdup/HG002-871vyxbnp4n81v/NCF1/HG002-871vyxbnp4n81v.NCF1.result.vcf.gz	7706	1786711881	958fba47c82f60304ffad6f014e753e453c6b7769158a6597542cdf934d1f139
E1	/fsx/analysis_results/prod-cand-1703/prod-cand-1703-hg002-bjuice-v2-multiau-20260814T114522Z	results/day/hg38/HG002-871vyxbnp4n81v/align/sentmm2ont/na/snv/sentdhiomr2/segdup/HG002-871vyxbnp4n81v/NCF1/HG002-871vyxbnp4n81v.NCF1.result.vcf.gz.tbi	194	1786711881	d2036e9e5ac8cec7fa4895cb5f931b8203a249e2ccc40af2e28dcc11dd443434
E1	/fsx/analysis_results/prod-cand-1703/prod-cand-1703-hg002-bjuice-v2-multiau-20260814T114522Z	results/day/hg38/HG002-871vyxbnp4n81v/align/sentmm2ont/na/snv/sentdhiomr2/segdup/HG002-871vyxbnp4n81v/NCF1/HG002-871vyxbnp4n81v.NCF1.yaml	1581	1786711881	cf8d390e18694cb40c21943aced678f8af69cd9d3e325a9b090af12d71ca5e86
E1	/fsx/analysis_results/prod-cand-1703/prod-cand-1703-hg002-bjuice-v2-multiau-20260814T114522Z	results/day/hg38/HG002-871vyxbnp4n81v/align/sentmm2ont/na/snv/sentdhiomr2/segdup/HG002-871vyxbnp4n81v/OTOA/HG002-871vyxbnp4n81v.OTOA.done	33	1786711729	68c1d38708f1ca06116a1136a9b11b083a99a423f816fe01ba6684bb3b50dde9
E1	/fsx/analysis_results/prod-cand-1703/prod-cand-1703-hg002-bjuice-v2-multiau-20260814T114522Z	results/day/hg38/HG002-871vyxbnp4n81v/align/sentmm2ont/na/snv/sentdhiomr2/segdup/HG002-871vyxbnp4n81v/OTOA/HG002-871vyxbnp4n81v.OTOA.result.vcf.gz	6458	1786711729	482906d6d617cb3541cf33e37f4fec7430dbf6186f621c15469f75a9c1d020ce
E1	/fsx/analysis_results/prod-cand-1703/prod-cand-1703-hg002-bjuice-v2-multiau-20260814T114522Z	results/day/hg38/HG002-871vyxbnp4n81v/align/sentmm2ont/na/snv/sentdhiomr2/segdup/HG002-871vyxbnp4n81v/OTOA/HG002-871vyxbnp4n81v.OTOA.result.vcf.gz.tbi	162	1786711729	1081b147b6da92ff6d36df97d6adb9897b591fc3d1f111ea94c9b9570d4e86b9
E1	/fsx/analysis_results/prod-cand-1703/prod-cand-1703-hg002-bjuice-v2-multiau-20260814T114522Z	results/day/hg38/HG002-871vyxbnp4n81v/align/sentmm2ont/na/snv/sentdhiomr2/segdup/HG002-871vyxbnp4n81v/OTOA/HG002-871vyxbnp4n81v.OTOA.yaml	2229	1786711729	e404cd9c3b34b0c5ab3ddbcc69d3735f8024d8d6b6412b4f3b2cd9a2a0d24f67
E1	/fsx/analysis_results/prod-cand-1703/prod-cand-1703-hg002-bjuice-v2-multiau-20260814T114522Z	results/day/hg38/HG002-871vyxbnp4n81v/align/sentmm2ont/na/snv/sentdhiomr2/segdup/HG002-871vyxbnp4n81v/PMS2/HG002-871vyxbnp4n81v.PMS2.done	33	1786711974	2c0a7829ef37e6333ff9e20f3fbc245fa799e6f45625d3e33721bf4ac3c76e12
E1	/fsx/analysis_results/prod-cand-1703/prod-cand-1703-hg002-bjuice-v2-multiau-20260814T114522Z	results/day/hg38/HG002-871vyxbnp4n81v/align/sentmm2ont/na/snv/sentdhiomr2/segdup/HG002-871vyxbnp4n81v/PMS2/HG002-871vyxbnp4n81v.PMS2.result.vcf.gz	12275	1786711974	a487b294c6c232d2247f763eeb822331b7555efe6254bc22022e8efd2f8f13ec
E1	/fsx/analysis_results/prod-cand-1703/prod-cand-1703-hg002-bjuice-v2-multiau-20260814T114522Z	results/day/hg38/HG002-871vyxbnp4n81v/align/sentmm2ont/na/snv/sentdhiomr2/segdup/HG002-871vyxbnp4n81v/PMS2/HG002-871vyxbnp4n81v.PMS2.result.vcf.gz.tbi	134	1786711974	f2017667908fbc2a8fada8c351a0320460e6ab99024a4e005d944c2fdfc16a7c
E1	/fsx/analysis_results/prod-cand-1703/prod-cand-1703-hg002-bjuice-v2-multiau-20260814T114522Z	results/day/hg38/HG002-871vyxbnp4n81v/align/sentmm2ont/na/snv/sentdhiomr2/segdup/HG002-871vyxbnp4n81v/PMS2/HG002-871vyxbnp4n81v.PMS2.yaml	3252	1786711974	082a6993d59f8539647ee3f151fd8cdc6a12727ce97f0f5af80d9cb2be6fac8e
E1	/fsx/analysis_results/prod-cand-1703/prod-cand-1703-hg002-bjuice-v2-multiau-20260814T114522Z	results/day/hg38/HG002-871vyxbnp4n81v/align/sentmm2ont/na/snv/sentdhiomr2/segdup/HG002-871vyxbnp4n81v/RCCX/HG002-871vyxbnp4n81v.RCCX.done	33	1786711929	def97efc51b14388fbe01e607b6969eec2976ff117c5ecacb4d0a465fa973e82
E1	/fsx/analysis_results/prod-cand-1703/prod-cand-1703-hg002-bjuice-v2-multiau-20260814T114522Z	results/day/hg38/HG002-871vyxbnp4n81v/align/sentmm2ont/na/snv/sentdhiomr2/segdup/HG002-871vyxbnp4n81v/RCCX/HG002-871vyxbnp4n81v.RCCX.result.vcf.gz	12367	1786711929	e012965261a461fb977e1db6f5524729bbd38a5e0177164d2614b0fbc9eec134
E1	/fsx/analysis_results/prod-cand-1703/prod-cand-1703-hg002-bjuice-v2-multiau-20260814T114522Z	results/day/hg38/HG002-871vyxbnp4n81v/align/sentmm2ont/na/snv/sentdhiomr2/segdup/HG002-871vyxbnp4n81v/RCCX/HG002-871vyxbnp4n81v.RCCX.result.vcf.gz.tbi	173	1786711929	061fb687355cbdf43a7ba488e6334fee634cfbe227de556663e09ce56a148278
E1	/fsx/analysis_results/prod-cand-1703/prod-cand-1703-hg002-bjuice-v2-multiau-20260814T114522Z	results/day/hg38/HG002-871vyxbnp4n81v/align/sentmm2ont/na/snv/sentdhiomr2/segdup/HG002-871vyxbnp4n81v/RCCX/HG002-871vyxbnp4n81v.RCCX.yaml	2963	1786711929	935b509f734d28c21dbafff6044a063fa6196646a1ef89f3a021e9b05b8ab161
E1	/fsx/analysis_results/prod-cand-1703/prod-cand-1703-hg002-bjuice-v2-multiau-20260814T114522Z	results/day/hg38/HG002-871vyxbnp4n81v/align/sentmm2ont/na/snv/sentdhiomr2/segdup/HG002-871vyxbnp4n81v/RH/HG002-871vyxbnp4n81v.RH.done	31	1786711926	8b0e22de9f2c56973affe66793ef5c1490b73110b109cf73352d1b26422c6fca
E1	/fsx/analysis_results/prod-cand-1703/prod-cand-1703-hg002-bjuice-v2-multiau-20260814T114522Z	results/day/hg38/HG002-871vyxbnp4n81v/align/sentmm2ont/na/snv/sentdhiomr2/segdup/HG002-871vyxbnp4n81v/RH/HG002-871vyxbnp4n81v.RH.result.vcf.gz	7336	1786711926	0d3a1e84b1261612abbedd540879ce7bfe68120b78026c0c23af00cd6a15c525
E1	/fsx/analysis_results/prod-cand-1703/prod-cand-1703-hg002-bjuice-v2-multiau-20260814T114522Z	results/day/hg38/HG002-871vyxbnp4n81v/align/sentmm2ont/na/snv/sentdhiomr2/segdup/HG002-871vyxbnp4n81v/RH/HG002-871vyxbnp4n81v.RH.result.vcf.gz.tbi	168	1786711926	1692a2c5f0377d61c0e0f7594195448a1f2109085cfbacde8d8384acdb418854
E1	/fsx/analysis_results/prod-cand-1703/prod-cand-1703-hg002-bjuice-v2-multiau-20260814T114522Z	results/day/hg38/HG002-871vyxbnp4n81v/align/sentmm2ont/na/snv/sentdhiomr2/segdup/HG002-871vyxbnp4n81v/RH/HG002-871vyxbnp4n81v.RH.yaml	1755	1786711926	aea25bfbbd6aa9e37e1d876d78963795efae116e8cdc30b9c717d36a40122215
E1	/fsx/analysis_results/prod-cand-1703/prod-cand-1703-hg002-bjuice-v2-multiau-20260814T114522Z	results/day/hg38/HG002-871vyxbnp4n81v/align/sentmm2ont/na/snv/sentdhiomr2/segdup/HG002-871vyxbnp4n81v/SBDS/HG002-871vyxbnp4n81v.SBDS.done	33	1786711878	7575b2b1b7f0df89b5aabbb5a8a99c7fd82d2ed8baf22f73c5bb30f625a3dbe1
E1	/fsx/analysis_results/prod-cand-1703/prod-cand-1703-hg002-bjuice-v2-multiau-20260814T114522Z	results/day/hg38/HG002-871vyxbnp4n81v/align/sentmm2ont/na/snv/sentdhiomr2/segdup/HG002-871vyxbnp4n81v/SBDS/HG002-871vyxbnp4n81v.SBDS.result.vcf.gz	4069	1786711878	55ff506844866ed90ffe79ebad892700eb9a3b8dea56003c49101ccdb56e4662
E1	/fsx/analysis_results/prod-cand-1703/prod-cand-1703-hg002-bjuice-v2-multiau-20260814T114522Z	results/day/hg38/HG002-871vyxbnp4n81v/align/sentmm2ont/na/snv/sentdhiomr2/segdup/HG002-871vyxbnp4n81v/SBDS/HG002-871vyxbnp4n81v.SBDS.result.vcf.gz.tbi	178	1786711878	0ba5556f0c8cd484b69e2067c8658cc4b241c57db529a6a4e66ee28436feb95f
E1	/fsx/analysis_results/prod-cand-1703/prod-cand-1703-hg002-bjuice-v2-multiau-20260814T114522Z	results/day/hg38/HG002-871vyxbnp4n81v/align/sentmm2ont/na/snv/sentdhiomr2/segdup/HG002-871vyxbnp4n81v/SBDS/HG002-871vyxbnp4n81v.SBDS.yaml	2173	1786711878	4f423158661592bb09a18d956aca8585f776f0f7b049fdae4b67ff6932111f5f
E1	/fsx/analysis_results/prod-cand-1703/prod-cand-1703-hg002-bjuice-v2-multiau-20260814T114522Z	results/day/hg38/HG002-871vyxbnp4n81v/align/sentmm2ont/na/snv/sentdhiomr2/segdup/HG002-871vyxbnp4n81v/SMN1/HG002-871vyxbnp4n81v.SMN1.done	33	1786711776	cb012bdeb144dffb504c8492291c0c703fe4ced4064026e04fe63e1104097d06
E1	/fsx/analysis_results/prod-cand-1703/prod-cand-1703-hg002-bjuice-v2-multiau-20260814T114522Z	results/day/hg38/HG002-871vyxbnp4n81v/align/sentmm2ont/na/snv/sentdhiomr2/segdup/HG002-871vyxbnp4n81v/SMN1/HG002-871vyxbnp4n81v.SMN1.result.vcf.gz	7563	1786711776	923f250b7d8742a267ac5a271a3c49eecdb62db4a38131302e920be13a085e0a
E1	/fsx/analysis_results/prod-cand-1703/prod-cand-1703-hg002-bjuice-v2-multiau-20260814T114522Z	results/day/hg38/HG002-871vyxbnp4n81v/align/sentmm2ont/na/snv/sentdhiomr2/segdup/HG002-871vyxbnp4n81v/SMN1/HG002-871vyxbnp4n81v.SMN1.result.vcf.gz.tbi	196	1786711776	4d8d628daf2f63a04d3910053f1ef240c2e446b0fd94db0ec890d8299db7bbc9
E1	/fsx/analysis_results/prod-cand-1703/prod-cand-1703-hg002-bjuice-v2-multiau-20260814T114522Z	results/day/hg38/HG002-871vyxbnp4n81v/align/sentmm2ont/na/snv/sentdhiomr2/segdup/HG002-871vyxbnp4n81v/SMN1/HG002-871vyxbnp4n81v.SMN1.yaml	1579	1786711776	00b56d00d6eba0e33631fd3ed5b0ae3dfd66283ce5747097a04cefa47d59b278
E1	/fsx/analysis_results/prod-cand-1703/prod-cand-1703-hg002-bjuice-v2-multiau-20260814T114522Z	results/day/hg38/HG002-871vyxbnp4n81v/align/sentmm2ont/na/snv/sentdhiomr2/segdup/HG002-871vyxbnp4n81v/STRC/HG002-871vyxbnp4n81v.STRC.done	33	1786711712	de12494929617b5cc57839367dc26941e31fde95640eaf13b497d699d327765e
E1	/fsx/analysis_results/prod-cand-1703/prod-cand-1703-hg002-bjuice-v2-multiau-20260814T114522Z	results/day/hg38/HG002-871vyxbnp4n81v/align/sentmm2ont/na/snv/sentdhiomr2/segdup/HG002-871vyxbnp4n81v/STRC/HG002-871vyxbnp4n81v.STRC.result.vcf.gz	7728	1786711712	d9a35193dd23c88787300ca4cfeb294e22df441747e59ccf668eb4b78b17c53d
E1	/fsx/analysis_results/prod-cand-1703/prod-cand-1703-hg002-bjuice-v2-multiau-20260814T114522Z	results/day/hg38/HG002-871vyxbnp4n81v/align/sentmm2ont/na/snv/sentdhiomr2/segdup/HG002-871vyxbnp4n81v/STRC/HG002-871vyxbnp4n81v.STRC.result.vcf.gz.tbi	179	1786711712	6d675733e5f67a68d82692c820105d26f55417720970f05d02c154ecbc5a1519
E1	/fsx/analysis_results/prod-cand-1703/prod-cand-1703-hg002-bjuice-v2-multiau-20260814T114522Z	results/day/hg38/HG002-871vyxbnp4n81v/align/sentmm2ont/na/snv/sentdhiomr2/segdup/HG002-871vyxbnp4n81v/STRC/HG002-871vyxbnp4n81v.STRC.yaml	2165	1786711712	c38785ade329d3fddcc85c5a1f90205c6c254b2e5e0c0c0b9135a1a4e9c268a3
E1	/fsx/analysis_results/prod-cand-1703/prod-cand-1703-hg002-bjuice-v2-multiau-20260814T114522Z	results/day/hg38/HG002-871vyxbnp4n81v/align/sentmm2ont/na/snv/sentdhiomr2/slim-consensus/prepared/smn12/HG002-871vyxbnp4n81v.smn12.normalized.json	1688	1786710690	a14e006c6c0a2ca43f5be00517593e3141300ab41925c9ef7bfa976672c62213
E1	/fsx/analysis_results/prod-cand-1703/prod-cand-1703-hg002-bjuice-v2-multiau-20260814T114522Z	results/day/hg38/HG002-871vyxbnp4n81v/align/sentmm2ont/na/snv/sentdhiomr2/slim-consensus/truvari/HG002-871vyxbnp4n81v/queries/longreadsv/truvari/summary.json	919	1786716398	d3e41d5282e0a1b891e8b1c7848bca0efb9d669b2afe81b4678cd141cd1dafeb
E1	/fsx/analysis_results/prod-cand-1703/prod-cand-1703-hg002-bjuice-v2-multiau-20260814T114522Z	results/day/hg38/HG002-871vyxbnp4n81v/align/sentmm2ont/na/snv/sentdhiomr2/slim-consensus/truvari/HG002-871vyxbnp4n81v/queries/sniffles2/truvari/summary.json	733	1786708996	2165c6fd72d5906dc2233ca62b02f87eb2ee95988dd1a0cf6e5368080f414317
E1	/fsx/analysis_results/prod-cand-1703/prod-cand-1703-hg002-bjuice-v2-multiau-20260814T114522Z	results/day/hg38/HG002-871vyxbnp4n81v/align/sentmm2ont/na/snv/sentdhiomr2/slim-consensus/truvari/HG002-871vyxbnp4n81v/queries/tagged_trussv/truvari/summary.json	869	1786717027	14f39958a21bd4e5267cecbf3ac044903a2e24eaa9a33acafe7df24ae3e0875d
E1	/fsx/analysis_results/prod-cand-1703/prod-cand-1703-hg002-bjuice-v2-multiau-20260814T114522Z	results/day/hg38/HG002-871vyxbnp4n81v/align/sentmm2ont/na/snv/sentdhiomr2/slim-consensus/truvari/HG002-871vyxbnp4n81v/queries/tiddit/truvari/summary.json	702	1786712359	a9cddf49701d9aaf032b773713557cae0c2625167a0e6db6064fa7f28d231946
E1	/fsx/analysis_results/prod-cand-1703/prod-cand-1703-hg002-bjuice-v2-multiau-20260814T114522Z	results/day/hg38/HG002-98xq4xrqz7dwy9/align/sentdhiomr2lr/na/alignqc/mosdepth/HG002-98xq4xrqz7dwy9.sentdhiomr2lr.na.mosdepth.summary.txt	12279	1786708725	03e9973598876d131de58b69c148e66c906ee4b76ce42a2d92180e77422749d9
E1	/fsx/analysis_results/prod-cand-1703/prod-cand-1703-hg002-bjuice-v2-multiau-20260814T114522Z	results/day/hg38/HG002-98xq4xrqz7dwy9/align/sentdhiomr2rsr/na/alignqc/mosdepth/HG002-98xq4xrqz7dwy9.sentdhiomr2rsr.na.mosdepth.summary.txt	18086	1786717651	96d077557fdd922cf3f08cf12b33230269acd7ce93a84138b64e3bac37f2cdae
E1	/fsx/analysis_results/prod-cand-1703/prod-cand-1703-hg002-bjuice-v2-multiau-20260814T114522Z	results/day/hg38/HG002-98xq4xrqz7dwy9/align/sentdhiomr2sr/smd/htd/smn12/HG002-98xq4xrqz7dwy9.sentdhiomr2sr.smd.smn12.summary.json	834	1786710680	68b77801cad97a4f6999d8824fc43bfdf8b3d7b0cfe0384fd748263d1f55289f
E1	/fsx/analysis_results/prod-cand-1703/prod-cand-1703-hg002-bjuice-v2-multiau-20260814T114522Z	results/day/hg38/HG002-98xq4xrqz7dwy9/align/sentdhiomr2sr/smd/htd/smn12/HG002-98xq4xrqz7dwy9.sentdhiomr2sr.smd.smn12.summary.tsv	264	1786710668	4300a1689ccc7ed5cb4b60e1f07d9d6ab34a2e5247990e171377f7499255c199
E1	/fsx/analysis_results/prod-cand-1703/prod-cand-1703-hg002-bjuice-v2-multiau-20260814T114522Z	results/day/hg38/HG002-98xq4xrqz7dwy9/align/sentmm2ont/na/snv/sentdhiomr2/concordance/_giabHC/snv_HG002-98xq4xrqz7dwy9_giabHC_concordance.mqc.tsv	3742	1786718723	1b7565ae541450b5fd3dba3e302dea1690b68ab33465d3f2ea5ccaff03445b80
E1	/fsx/analysis_results/prod-cand-1703/prod-cand-1703-hg002-bjuice-v2-multiau-20260814T114522Z	results/day/hg38/HG002-98xq4xrqz7dwy9/align/sentmm2ont/na/snv/sentdhiomr2/segdup/HG002-98xq4xrqz7dwy9/CFH/HG002-98xq4xrqz7dwy9.CFH.done	32	1786712355	4b57c569722f4f390d00b1f5d2d3dfab090236f1ca3f4f6bb76d514a3106153f
E1	/fsx/analysis_results/prod-cand-1703/prod-cand-1703-hg002-bjuice-v2-multiau-20260814T114522Z	results/day/hg38/HG002-98xq4xrqz7dwy9/align/sentmm2ont/na/snv/sentdhiomr2/segdup/HG002-98xq4xrqz7dwy9/CFH/HG002-98xq4xrqz7dwy9.CFH.result.vcf.gz	16359	1786712355	191450ef4965ec8e550dd31955372527e2792eb7933466213d5d00af22fd20d3
E1	/fsx/analysis_results/prod-cand-1703/prod-cand-1703-hg002-bjuice-v2-multiau-20260814T114522Z	results/day/hg38/HG002-98xq4xrqz7dwy9/align/sentmm2ont/na/snv/sentdhiomr2/segdup/HG002-98xq4xrqz7dwy9/CFH/HG002-98xq4xrqz7dwy9.CFH.result.vcf.gz.tbi	375	1786712355	b18d92c989ce1bbe58508ba430d287dd9a3aca1d211e88fece88d770c2e090f2
E1	/fsx/analysis_results/prod-cand-1703/prod-cand-1703-hg002-bjuice-v2-multiau-20260814T114522Z	results/day/hg38/HG002-98xq4xrqz7dwy9/align/sentmm2ont/na/snv/sentdhiomr2/segdup/HG002-98xq4xrqz7dwy9/CFH/HG002-98xq4xrqz7dwy9.CFH.yaml	1831	1786712355	fda27f0e9bdc909e59e14a3b22210920c8c4e57171882804c40b0806d0921fd0
E1	/fsx/analysis_results/prod-cand-1703/prod-cand-1703-hg002-bjuice-v2-multiau-20260814T114522Z	results/day/hg38/HG002-98xq4xrqz7dwy9/align/sentmm2ont/na/snv/sentdhiomr2/segdup/HG002-98xq4xrqz7dwy9/CYP11B1/HG002-98xq4xrqz7dwy9.CYP11B1.done	36	1786712107	f7af4438026327204db5f578af844b26675f26676bd704658b58a37b8a98a5c8
E1	/fsx/analysis_results/prod-cand-1703/prod-cand-1703-hg002-bjuice-v2-multiau-20260814T114522Z	results/day/hg38/HG002-98xq4xrqz7dwy9/align/sentmm2ont/na/snv/sentdhiomr2/segdup/HG002-98xq4xrqz7dwy9/CYP11B1/HG002-98xq4xrqz7dwy9.CYP11B1.result.vcf.gz	6718	1786712107	3a1f00327404e76d55cc146ae556ab7d825801e0133e89d61bfc5d86ca210e13
E1	/fsx/analysis_results/prod-cand-1703/prod-cand-1703-hg002-bjuice-v2-multiau-20260814T114522Z	results/day/hg38/HG002-98xq4xrqz7dwy9/align/sentmm2ont/na/snv/sentdhiomr2/segdup/HG002-98xq4xrqz7dwy9/CYP11B1/HG002-98xq4xrqz7dwy9.CYP11B1.result.vcf.gz.tbi	277	1786712107	62aa18b060a5ca78f62fe01f060eab7c5b420ef6cf5f8723634fecb2333cd72a
E1	/fsx/analysis_results/prod-cand-1703/prod-cand-1703-hg002-bjuice-v2-multiau-20260814T114522Z	results/day/hg38/HG002-98xq4xrqz7dwy9/align/sentmm2ont/na/snv/sentdhiomr2/segdup/HG002-98xq4xrqz7dwy9/CYP11B1/HG002-98xq4xrqz7dwy9.CYP11B1.yaml	1609	1786712107	bb6f8045463b99e20511152d08546b3c64b83a598f97f6a5b9005fd9d6d5d9f3
E1	/fsx/analysis_results/prod-cand-1703/prod-cand-1703-hg002-bjuice-v2-multiau-20260814T114522Z	results/day/hg38/HG002-98xq4xrqz7dwy9/align/sentmm2ont/na/snv/sentdhiomr2/segdup/HG002-98xq4xrqz7dwy9/CYP2A6/HG002-98xq4xrqz7dwy9.CYP2A6.done	35	1786712064	a7ed310d4a4e99a32a77f8236ab1287f7b8f9ba6176e8ebe44697e87b1ccbd60
E1	/fsx/analysis_results/prod-cand-1703/prod-cand-1703-hg002-bjuice-v2-multiau-20260814T114522Z	results/day/hg38/HG002-98xq4xrqz7dwy9/align/sentmm2ont/na/snv/sentdhiomr2/segdup/HG002-98xq4xrqz7dwy9/CYP2A6/HG002-98xq4xrqz7dwy9.CYP2A6.result.vcf.gz	4130	1786712064	687d9af6bd391710b85eee7a9f0b9c04e3dae4c02e9f03491d8878d263a9226c
E1	/fsx/analysis_results/prod-cand-1703/prod-cand-1703-hg002-bjuice-v2-multiau-20260814T114522Z	results/day/hg38/HG002-98xq4xrqz7dwy9/align/sentmm2ont/na/snv/sentdhiomr2/segdup/HG002-98xq4xrqz7dwy9/CYP2A6/HG002-98xq4xrqz7dwy9.CYP2A6.result.vcf.gz.tbi	155	1786712064	6d643cf07478b4763838bfe2863d698e2456a0eaa46ce75073116a07d1f8ff08
E1	/fsx/analysis_results/prod-cand-1703/prod-cand-1703-hg002-bjuice-v2-multiau-20260814T114522Z	results/day/hg38/HG002-98xq4xrqz7dwy9/align/sentmm2ont/na/snv/sentdhiomr2/segdup/HG002-98xq4xrqz7dwy9/CYP2A6/HG002-98xq4xrqz7dwy9.CYP2A6.yaml	2409	1786712064	ab2f1a95582628cc1174b2ce1b7efbb61560795ce0d5afa75f6bdfe90a64a026
E1	/fsx/analysis_results/prod-cand-1703/prod-cand-1703-hg002-bjuice-v2-multiau-20260814T114522Z	results/day/hg38/HG002-98xq4xrqz7dwy9/align/sentmm2ont/na/snv/sentdhiomr2/segdup/HG002-98xq4xrqz7dwy9/CYP2B6/HG002-98xq4xrqz7dwy9.CYP2B6.done	35	1786712588	58e20a66984cc5991d6ed656069d27564352d5d6008209ea130ca7f4c32f6e0e
E1	/fsx/analysis_results/prod-cand-1703/prod-cand-1703-hg002-bjuice-v2-multiau-20260814T114522Z	results/day/hg38/HG002-98xq4xrqz7dwy9/align/sentmm2ont/na/snv/sentdhiomr2/segdup/HG002-98xq4xrqz7dwy9/CYP2B6/HG002-98xq4xrqz7dwy9.CYP2B6.result.vcf.gz	3506	1786712588	db247a5f37e10e5c4b59255fdc65f6f2a541aee9703d3bb13266251721fb9850
E1	/fsx/analysis_results/prod-cand-1703/prod-cand-1703-hg002-bjuice-v2-multiau-20260814T114522Z	results/day/hg38/HG002-98xq4xrqz7dwy9/align/sentmm2ont/na/snv/sentdhiomr2/segdup/HG002-98xq4xrqz7dwy9/CYP2B6/HG002-98xq4xrqz7dwy9.CYP2B6.result.vcf.gz.tbi	72	1786712588	8ac6662ca1a70d893348b244dfa8adaf4f6c50510b8bc39a785b40231f7966cc
E1	/fsx/analysis_results/prod-cand-1703/prod-cand-1703-hg002-bjuice-v2-multiau-20260814T114522Z	results/day/hg38/HG002-98xq4xrqz7dwy9/align/sentmm2ont/na/snv/sentdhiomr2/segdup/HG002-98xq4xrqz7dwy9/CYP2B6/HG002-98xq4xrqz7dwy9.CYP2B6.yaml	1958	1786712588	4c2087fde56694c6a8403a3845a55bf9ba58a4f7bdbe39082cd89cee005c80d7
E1	/fsx/analysis_results/prod-cand-1703/prod-cand-1703-hg002-bjuice-v2-multiau-20260814T114522Z	results/day/hg38/HG002-98xq4xrqz7dwy9/align/sentmm2ont/na/snv/sentdhiomr2/segdup/HG002-98xq4xrqz7dwy9/CYP2D6/HG002-98xq4xrqz7dwy9.CYP2D6.done	35	1786712064	d51c395add49b6233820d2e9b502cfcd5d3702938b2d4031aab3ffcc40efefe4
E1	/fsx/analysis_results/prod-cand-1703/prod-cand-1703-hg002-bjuice-v2-multiau-20260814T114522Z	results/day/hg38/HG002-98xq4xrqz7dwy9/align/sentmm2ont/na/snv/sentdhiomr2/segdup/HG002-98xq4xrqz7dwy9/CYP2D6/HG002-98xq4xrqz7dwy9.CYP2D6.result.vcf.gz	6004	1786712064	d7dc1c44583fc595e39ee3224f2e2861362ad3df875efc782c5834aa66aac3c3
E1	/fsx/analysis_results/prod-cand-1703/prod-cand-1703-hg002-bjuice-v2-multiau-20260814T114522Z	results/day/hg38/HG002-98xq4xrqz7dwy9/align/sentmm2ont/na/snv/sentdhiomr2/segdup/HG002-98xq4xrqz7dwy9/CYP2D6/HG002-98xq4xrqz7dwy9.CYP2D6.result.vcf.gz.tbi	164	1786712064	49fce66c2b0daa4db1bd35f214980959298f5a687f6551be4bae33e3834caa1c
E1	/fsx/analysis_results/prod-cand-1703/prod-cand-1703-hg002-bjuice-v2-multiau-20260814T114522Z	results/day/hg38/HG002-98xq4xrqz7dwy9/align/sentmm2ont/na/snv/sentdhiomr2/segdup/HG002-98xq4xrqz7dwy9/CYP2D6/HG002-98xq4xrqz7dwy9.CYP2D6.yaml	1922	1786712064	c250619465c804326b7e4acdc9080612e24f4a939dfab359094e01834ed2af15
E1	/fsx/analysis_results/prod-cand-1703/prod-cand-1703-hg002-bjuice-v2-multiau-20260814T114522Z	results/day/hg38/HG002-98xq4xrqz7dwy9/align/sentmm2ont/na/snv/sentdhiomr2/segdup/HG002-98xq4xrqz7dwy9/GBA/HG002-98xq4xrqz7dwy9.GBA.done	32	1786712265	499c5876e9829a58834f6df72d3f63df3805a009b7ec8552a620c15326f3dfcb
E1	/fsx/analysis_results/prod-cand-1703/prod-cand-1703-hg002-bjuice-v2-multiau-20260814T114522Z	results/day/hg38/HG002-98xq4xrqz7dwy9/align/sentmm2ont/na/snv/sentdhiomr2/segdup/HG002-98xq4xrqz7dwy9/GBA/HG002-98xq4xrqz7dwy9.GBA.result.vcf.gz	4523	1786712265	c8b7e5cb3be7d825f8be7090a15ddad8159ab2e850b62ef0acce235a05c414af
E1	/fsx/analysis_results/prod-cand-1703/prod-cand-1703-hg002-bjuice-v2-multiau-20260814T114522Z	results/day/hg38/HG002-98xq4xrqz7dwy9/align/sentmm2ont/na/snv/sentdhiomr2/segdup/HG002-98xq4xrqz7dwy9/GBA/HG002-98xq4xrqz7dwy9.GBA.result.vcf.gz.tbi	284	1786712265	ccb28b7d80867dbea2596a2aea45856e2c2e3d220429b85582d798d902a3943e
E1	/fsx/analysis_results/prod-cand-1703/prod-cand-1703-hg002-bjuice-v2-multiau-20260814T114522Z	results/day/hg38/HG002-98xq4xrqz7dwy9/align/sentmm2ont/na/snv/sentdhiomr2/segdup/HG002-98xq4xrqz7dwy9/GBA/HG002-98xq4xrqz7dwy9.GBA.yaml	1703	1786712265	fcd4a3a13b50542a656ca643ee78a6a3050f8aabfffcdd58b9b22482152907fc
E1	/fsx/analysis_results/prod-cand-1703/prod-cand-1703-hg002-bjuice-v2-multiau-20260814T114522Z	results/day/hg38/HG002-98xq4xrqz7dwy9/align/sentmm2ont/na/snv/sentdhiomr2/segdup/HG002-98xq4xrqz7dwy9/HBA/HG002-98xq4xrqz7dwy9.HBA.done	32	1786712523	f9a18f4250abed23e04ba76a88571bf89bd9f23d7c3798cfbb4dff0f5b9cbd38
E1	/fsx/analysis_results/prod-cand-1703/prod-cand-1703-hg002-bjuice-v2-multiau-20260814T114522Z	results/day/hg38/HG002-98xq4xrqz7dwy9/align/sentmm2ont/na/snv/sentdhiomr2/segdup/HG002-98xq4xrqz7dwy9/HBA/HG002-98xq4xrqz7dwy9.HBA.result.vcf.gz	3524	1786712523	a5af157c6cf635f4ff7160422fc7081e1e77b621831f3216ca7cce92e2c37c44
E1	/fsx/analysis_results/prod-cand-1703/prod-cand-1703-hg002-bjuice-v2-multiau-20260814T114522Z	results/day/hg38/HG002-98xq4xrqz7dwy9/align/sentmm2ont/na/snv/sentdhiomr2/segdup/HG002-98xq4xrqz7dwy9/HBA/HG002-98xq4xrqz7dwy9.HBA.result.vcf.gz.tbi	72	1786712523	8ac6662ca1a70d893348b244dfa8adaf4f6c50510b8bc39a785b40231f7966cc
E1	/fsx/analysis_results/prod-cand-1703/prod-cand-1703-hg002-bjuice-v2-multiau-20260814T114522Z	results/day/hg38/HG002-98xq4xrqz7dwy9/align/sentmm2ont/na/snv/sentdhiomr2/segdup/HG002-98xq4xrqz7dwy9/HBA/HG002-98xq4xrqz7dwy9.HBA.yaml	1806	1786712523	0682aa8c9b379709836124c61111e439141771e6fed17cc95746b26707c7b68f
E1	/fsx/analysis_results/prod-cand-1703/prod-cand-1703-hg002-bjuice-v2-multiau-20260814T114522Z	results/day/hg38/HG002-98xq4xrqz7dwy9/align/sentmm2ont/na/snv/sentdhiomr2/segdup/HG002-98xq4xrqz7dwy9/IKBKG/HG002-98xq4xrqz7dwy9.IKBKG.done	34	1786712317	4b0b47d77d3c497e6222e449353a893841f9b0cb5dcba24db9ae1be66788a834
E1	/fsx/analysis_results/prod-cand-1703/prod-cand-1703-hg002-bjuice-v2-multiau-20260814T114522Z	results/day/hg38/HG002-98xq4xrqz7dwy9/align/sentmm2ont/na/snv/sentdhiomr2/segdup/HG002-98xq4xrqz7dwy9/IKBKG/HG002-98xq4xrqz7dwy9.IKBKG.yaml	2087	1786712317	c31cb82f4bb3ef464a7df6e1a92f7ee2d4a7c7f8eabf26f182c57772e05b6d71
E1	/fsx/analysis_results/prod-cand-1703/prod-cand-1703-hg002-bjuice-v2-multiau-20260814T114522Z	results/day/hg38/HG002-98xq4xrqz7dwy9/align/sentmm2ont/na/snv/sentdhiomr2/segdup/HG002-98xq4xrqz7dwy9/LPA/HG002-98xq4xrqz7dwy9.LPA.done	32	1786712610	4137cd03d2a1259175faabedcb649bf48b795a3dbc8fb9d0aaf83cdb03cd6283
E1	/fsx/analysis_results/prod-cand-1703/prod-cand-1703-hg002-bjuice-v2-multiau-20260814T114522Z	results/day/hg38/HG002-98xq4xrqz7dwy9/align/sentmm2ont/na/snv/sentdhiomr2/segdup/HG002-98xq4xrqz7dwy9/LPA/HG002-98xq4xrqz7dwy9.LPA.yaml	6093	1786712610	57be96b0e1ddfea44cd115f757f6ca38b5ac79328274ab5a0650fafbf70e18a5
E1	/fsx/analysis_results/prod-cand-1703/prod-cand-1703-hg002-bjuice-v2-multiau-20260814T114522Z	results/day/hg38/HG002-98xq4xrqz7dwy9/align/sentmm2ont/na/snv/sentdhiomr2/segdup/HG002-98xq4xrqz7dwy9/NCF1/HG002-98xq4xrqz7dwy9.NCF1.done	33	1786712211	eb362f1ff3853eb0775350fa48a7035faa1989910ca2cdcaa79ec0a2d2cc3313
E1	/fsx/analysis_results/prod-cand-1703/prod-cand-1703-hg002-bjuice-v2-multiau-20260814T114522Z	results/day/hg38/HG002-98xq4xrqz7dwy9/align/sentmm2ont/na/snv/sentdhiomr2/segdup/HG002-98xq4xrqz7dwy9/NCF1/HG002-98xq4xrqz7dwy9.NCF1.result.vcf.gz	5011	1786712211	821a7aff2f13e020801c9aa2261a67ce95bffac8ff2ef3dc3688def9c0afea35
E1	/fsx/analysis_results/prod-cand-1703/prod-cand-1703-hg002-bjuice-v2-multiau-20260814T114522Z	results/day/hg38/HG002-98xq4xrqz7dwy9/align/sentmm2ont/na/snv/sentdhiomr2/segdup/HG002-98xq4xrqz7dwy9/NCF1/HG002-98xq4xrqz7dwy9.NCF1.result.vcf.gz.tbi	194	1786712211	856a436e0940542d398f34d8ce7249741135c120ed04132eb74c79f76bf9131b
E1	/fsx/analysis_results/prod-cand-1703/prod-cand-1703-hg002-bjuice-v2-multiau-20260814T114522Z	results/day/hg38/HG002-98xq4xrqz7dwy9/align/sentmm2ont/na/snv/sentdhiomr2/segdup/HG002-98xq4xrqz7dwy9/NCF1/HG002-98xq4xrqz7dwy9.NCF1.yaml	1577	1786712211	1739e82d64dfaeda05d5a769eea8d0cfcd73e8f559d70c997996c1362d650fdd
E1	/fsx/analysis_results/prod-cand-1703/prod-cand-1703-hg002-bjuice-v2-multiau-20260814T114522Z	results/day/hg38/HG002-98xq4xrqz7dwy9/align/sentmm2ont/na/snv/sentdhiomr2/segdup/HG002-98xq4xrqz7dwy9/OTOA/HG002-98xq4xrqz7dwy9.OTOA.done	33	1786712520	68c1d38708f1ca06116a1136a9b11b083a99a423f816fe01ba6684bb3b50dde9
E1	/fsx/analysis_results/prod-cand-1703/prod-cand-1703-hg002-bjuice-v2-multiau-20260814T114522Z	results/day/hg38/HG002-98xq4xrqz7dwy9/align/sentmm2ont/na/snv/sentdhiomr2/segdup/HG002-98xq4xrqz7dwy9/OTOA/HG002-98xq4xrqz7dwy9.OTOA.result.vcf.gz	4027	1786712520	bd4a8a9f245a06aa84596b57506672e29c782a1f1dccb6a03cf1a489386ca0f0
E1	/fsx/analysis_results/prod-cand-1703/prod-cand-1703-hg002-bjuice-v2-multiau-20260814T114522Z	results/day/hg38/HG002-98xq4xrqz7dwy9/align/sentmm2ont/na/snv/sentdhiomr2/segdup/HG002-98xq4xrqz7dwy9/OTOA/HG002-98xq4xrqz7dwy9.OTOA.result.vcf.gz.tbi	144	1786712520	cbd305626522fe1ec5000780eab06129f118e72a0ca055955501192e3056cc0f
E1	/fsx/analysis_results/prod-cand-1703/prod-cand-1703-hg002-bjuice-v2-multiau-20260814T114522Z	results/day/hg38/HG002-98xq4xrqz7dwy9/align/sentmm2ont/na/snv/sentdhiomr2/segdup/HG002-98xq4xrqz7dwy9/OTOA/HG002-98xq4xrqz7dwy9.OTOA.yaml	2228	1786712520	ce3dfc871de9a83f95687de0f840a22459451b08d431dda32c38aaf21d49bdb9
E1	/fsx/analysis_results/prod-cand-1703/prod-cand-1703-hg002-bjuice-v2-multiau-20260814T114522Z	results/day/hg38/HG002-98xq4xrqz7dwy9/align/sentmm2ont/na/snv/sentdhiomr2/segdup/HG002-98xq4xrqz7dwy9/PMS2/HG002-98xq4xrqz7dwy9.PMS2.done	33	1786712163	2c0a7829ef37e6333ff9e20f3fbc245fa799e6f45625d3e33721bf4ac3c76e12
E1	/fsx/analysis_results/prod-cand-1703/prod-cand-1703-hg002-bjuice-v2-multiau-20260814T114522Z	results/day/hg38/HG002-98xq4xrqz7dwy9/align/sentmm2ont/na/snv/sentdhiomr2/segdup/HG002-98xq4xrqz7dwy9/PMS2/HG002-98xq4xrqz7dwy9.PMS2.result.vcf.gz	11737	1786712163	371431d129a3e719ba8a64326c5a9a05b697bff1b1c390e02c31611c9adce065
E1	/fsx/analysis_results/prod-cand-1703/prod-cand-1703-hg002-bjuice-v2-multiau-20260814T114522Z	results/day/hg38/HG002-98xq4xrqz7dwy9/align/sentmm2ont/na/snv/sentdhiomr2/segdup/HG002-98xq4xrqz7dwy9/PMS2/HG002-98xq4xrqz7dwy9.PMS2.result.vcf.gz.tbi	134	1786712163	0bb339eb665ba3d481e048bed8c453d7f06cd829d68651d1b3fc8877fca9ef86
E1	/fsx/analysis_results/prod-cand-1703/prod-cand-1703-hg002-bjuice-v2-multiau-20260814T114522Z	results/day/hg38/HG002-98xq4xrqz7dwy9/align/sentmm2ont/na/snv/sentdhiomr2/segdup/HG002-98xq4xrqz7dwy9/PMS2/HG002-98xq4xrqz7dwy9.PMS2.yaml	3251	1786712163	e3e412b88590220124b9c99f6561739ea5664b03ffd3ff46d66b174cba435bff
E1	/fsx/analysis_results/prod-cand-1703/prod-cand-1703-hg002-bjuice-v2-multiau-20260814T114522Z	results/day/hg38/HG002-98xq4xrqz7dwy9/align/sentmm2ont/na/snv/sentdhiomr2/segdup/HG002-98xq4xrqz7dwy9/RCCX/HG002-98xq4xrqz7dwy9.RCCX.done	33	1786712030	def97efc51b14388fbe01e607b6969eec2976ff117c5ecacb4d0a465fa973e82
E1	/fsx/analysis_results/prod-cand-1703/prod-cand-1703-hg002-bjuice-v2-multiau-20260814T114522Z	results/day/hg38/HG002-98xq4xrqz7dwy9/align/sentmm2ont/na/snv/sentdhiomr2/segdup/HG002-98xq4xrqz7dwy9/RCCX/HG002-98xq4xrqz7dwy9.RCCX.result.vcf.gz	8169	1786712030	6776fc4bc20010ae8526efce7e5dc3149eb873dc8a60caaebb3e8e7d566141d4
E1	/fsx/analysis_results/prod-cand-1703/prod-cand-1703-hg002-bjuice-v2-multiau-20260814T114522Z	results/day/hg38/HG002-98xq4xrqz7dwy9/align/sentmm2ont/na/snv/sentdhiomr2/segdup/HG002-98xq4xrqz7dwy9/RCCX/HG002-98xq4xrqz7dwy9.RCCX.result.vcf.gz.tbi	177	1786712030	3259c7e36548e64b06a63442cf769f895eb729a4fb6e24d5bdaa42a4b5977e24
E1	/fsx/analysis_results/prod-cand-1703/prod-cand-1703-hg002-bjuice-v2-multiau-20260814T114522Z	results/day/hg38/HG002-98xq4xrqz7dwy9/align/sentmm2ont/na/snv/sentdhiomr2/segdup/HG002-98xq4xrqz7dwy9/RCCX/HG002-98xq4xrqz7dwy9.RCCX.yaml	2963	1786712030	afea9e5c5a5b01759d3e6c72d5e4ae2edc3f39ed732ad2c98409186d237b19ac
E1	/fsx/analysis_results/prod-cand-1703/prod-cand-1703-hg002-bjuice-v2-multiau-20260814T114522Z	results/day/hg38/HG002-98xq4xrqz7dwy9/align/sentmm2ont/na/snv/sentdhiomr2/segdup/HG002-98xq4xrqz7dwy9/RH/HG002-98xq4xrqz7dwy9.RH.done	31	1786712599	8b0e22de9f2c56973affe66793ef5c1490b73110b109cf73352d1b26422c6fca
E1	/fsx/analysis_results/prod-cand-1703/prod-cand-1703-hg002-bjuice-v2-multiau-20260814T114522Z	results/day/hg38/HG002-98xq4xrqz7dwy9/align/sentmm2ont/na/snv/sentdhiomr2/segdup/HG002-98xq4xrqz7dwy9/RH/HG002-98xq4xrqz7dwy9.RH.result.vcf.gz	4070	1786712599	f71792b2f8512ec51abcb6395fff090020f140ff625f060a1bf8f3a53002f7cf
E1	/fsx/analysis_results/prod-cand-1703/prod-cand-1703-hg002-bjuice-v2-multiau-20260814T114522Z	results/day/hg38/HG002-98xq4xrqz7dwy9/align/sentmm2ont/na/snv/sentdhiomr2/segdup/HG002-98xq4xrqz7dwy9/RH/HG002-98xq4xrqz7dwy9.RH.result.vcf.gz.tbi	142	1786712599	56057e68290943ea33de2614c6a2de03d2efe84d389afe057b6a313632a380a8
E1	/fsx/analysis_results/prod-cand-1703/prod-cand-1703-hg002-bjuice-v2-multiau-20260814T114522Z	results/day/hg38/HG002-98xq4xrqz7dwy9/align/sentmm2ont/na/snv/sentdhiomr2/segdup/HG002-98xq4xrqz7dwy9/RH/HG002-98xq4xrqz7dwy9.RH.yaml	1755	1786712599	1b8037d5842f0ca5852a62157125ae3c1e861ab281216bb8d8af69ed1ea75f8e
E1	/fsx/analysis_results/prod-cand-1703/prod-cand-1703-hg002-bjuice-v2-multiau-20260814T114522Z	results/day/hg38/HG002-98xq4xrqz7dwy9/align/sentmm2ont/na/snv/sentdhiomr2/segdup/HG002-98xq4xrqz7dwy9/SBDS/HG002-98xq4xrqz7dwy9.SBDS.done	33	1786712093	7575b2b1b7f0df89b5aabbb5a8a99c7fd82d2ed8baf22f73c5bb30f625a3dbe1
E1	/fsx/analysis_results/prod-cand-1703/prod-cand-1703-hg002-bjuice-v2-multiau-20260814T114522Z	results/day/hg38/HG002-98xq4xrqz7dwy9/align/sentmm2ont/na/snv/sentdhiomr2/segdup/HG002-98xq4xrqz7dwy9/SBDS/HG002-98xq4xrqz7dwy9.SBDS.result.vcf.gz	3526	1786712093	372642fe0894f611a7fd6e7e748cbfc23637b765e1b157a65c86740831b7b216
E1	/fsx/analysis_results/prod-cand-1703/prod-cand-1703-hg002-bjuice-v2-multiau-20260814T114522Z	results/day/hg38/HG002-98xq4xrqz7dwy9/align/sentmm2ont/na/snv/sentdhiomr2/segdup/HG002-98xq4xrqz7dwy9/SBDS/HG002-98xq4xrqz7dwy9.SBDS.result.vcf.gz.tbi	72	1786712093	8ac6662ca1a70d893348b244dfa8adaf4f6c50510b8bc39a785b40231f7966cc
E1	/fsx/analysis_results/prod-cand-1703/prod-cand-1703-hg002-bjuice-v2-multiau-20260814T114522Z	results/day/hg38/HG002-98xq4xrqz7dwy9/align/sentmm2ont/na/snv/sentdhiomr2/segdup/HG002-98xq4xrqz7dwy9/SBDS/HG002-98xq4xrqz7dwy9.SBDS.yaml	2172	1786712093	4c154c9ac2effb0d9f1f6c921ef05094ad638815e25bfff4d6c10cf28f311803
E1	/fsx/analysis_results/prod-cand-1703/prod-cand-1703-hg002-bjuice-v2-multiau-20260814T114522Z	results/day/hg38/HG002-98xq4xrqz7dwy9/align/sentmm2ont/na/snv/sentdhiomr2/segdup/HG002-98xq4xrqz7dwy9/SMN1/HG002-98xq4xrqz7dwy9.SMN1.done	33	1786712121	cb012bdeb144dffb504c8492291c0c703fe4ced4064026e04fe63e1104097d06
E1	/fsx/analysis_results/prod-cand-1703/prod-cand-1703-hg002-bjuice-v2-multiau-20260814T114522Z	results/day/hg38/HG002-98xq4xrqz7dwy9/align/sentmm2ont/na/snv/sentdhiomr2/segdup/HG002-98xq4xrqz7dwy9/SMN1/HG002-98xq4xrqz7dwy9.SMN1.result.vcf.gz	6587	1786712121	83b8f8f7e75a4d6143a7041d06ef970af4b575e81e32c64f2bfe2a3ccf5aea12
E1	/fsx/analysis_results/prod-cand-1703/prod-cand-1703-hg002-bjuice-v2-multiau-20260814T114522Z	results/day/hg38/HG002-98xq4xrqz7dwy9/align/sentmm2ont/na/snv/sentdhiomr2/segdup/HG002-98xq4xrqz7dwy9/SMN1/HG002-98xq4xrqz7dwy9.SMN1.result.vcf.gz.tbi	194	1786712121	9b4ac05d97ec874eea1c1da1ee173aad954c8f569aa1102b9ee37cee8fab78e2
E1	/fsx/analysis_results/prod-cand-1703/prod-cand-1703-hg002-bjuice-v2-multiau-20260814T114522Z	results/day/hg38/HG002-98xq4xrqz7dwy9/align/sentmm2ont/na/snv/sentdhiomr2/segdup/HG002-98xq4xrqz7dwy9/SMN1/HG002-98xq4xrqz7dwy9.SMN1.yaml	1579	1786712121	81fe6e0e9222d757cfb4d63a073a2457764f8673665585c0f70c8b2885521499
E1	/fsx/analysis_results/prod-cand-1703/prod-cand-1703-hg002-bjuice-v2-multiau-20260814T114522Z	results/day/hg38/HG002-98xq4xrqz7dwy9/align/sentmm2ont/na/snv/sentdhiomr2/segdup/HG002-98xq4xrqz7dwy9/STRC/HG002-98xq4xrqz7dwy9.STRC.done	33	1786712173	de12494929617b5cc57839367dc26941e31fde95640eaf13b497d699d327765e
E1	/fsx/analysis_results/prod-cand-1703/prod-cand-1703-hg002-bjuice-v2-multiau-20260814T114522Z	results/day/hg38/HG002-98xq4xrqz7dwy9/align/sentmm2ont/na/snv/sentdhiomr2/segdup/HG002-98xq4xrqz7dwy9/STRC/HG002-98xq4xrqz7dwy9.STRC.result.vcf.gz	5345	1786712173	973492331106c685564627f5a715e266c0f553b02505b60c4666e371e487cb4e
E1	/fsx/analysis_results/prod-cand-1703/prod-cand-1703-hg002-bjuice-v2-multiau-20260814T114522Z	results/day/hg38/HG002-98xq4xrqz7dwy9/align/sentmm2ont/na/snv/sentdhiomr2/segdup/HG002-98xq4xrqz7dwy9/STRC/HG002-98xq4xrqz7dwy9.STRC.result.vcf.gz.tbi	176	1786712173	4668dce781520ac52476bfabbd687fc07978983aae7b38617a105f4e31376ea3
E1	/fsx/analysis_results/prod-cand-1703/prod-cand-1703-hg002-bjuice-v2-multiau-20260814T114522Z	results/day/hg38/HG002-98xq4xrqz7dwy9/align/sentmm2ont/na/snv/sentdhiomr2/segdup/HG002-98xq4xrqz7dwy9/STRC/HG002-98xq4xrqz7dwy9.STRC.yaml	2166	1786712173	2e271b4fb4bfe4bb6e77689efc5fe79c743161d956b8f0d42dcc7af78d61db27
E1	/fsx/analysis_results/prod-cand-1703/prod-cand-1703-hg002-bjuice-v2-multiau-20260814T114522Z	results/day/hg38/HG002-98xq4xrqz7dwy9/align/sentmm2ont/na/snv/sentdhiomr2/slim-consensus/prepared/smn12/HG002-98xq4xrqz7dwy9.smn12.normalized.json	1688	1786710690	e399082c145bcca1805c0f2e8563ea523af22119a86ca1d58174540ce5609e5e
E1	/fsx/analysis_results/prod-cand-1703/prod-cand-1703-hg002-bjuice-v2-multiau-20260814T114522Z	results/day/hg38/HG002-98xq4xrqz7dwy9/align/sentmm2ont/na/snv/sentdhiomr2/slim-consensus/truvari/HG002-98xq4xrqz7dwy9/queries/longreadsv/truvari/summary.json	807	1786717504	90511dd22f2311c9c37549b386cf38ba52ba440ad003ec96d836a6979c165376
E1	/fsx/analysis_results/prod-cand-1703/prod-cand-1703-hg002-bjuice-v2-multiau-20260814T114522Z	results/day/hg38/HG002-98xq4xrqz7dwy9/align/sentmm2ont/na/snv/sentdhiomr2/slim-consensus/truvari/HG002-98xq4xrqz7dwy9/queries/sniffles2/truvari/summary.json	720	1786708809	0b05c36d8e40d33087d1c45ffbda03794083ad5124968bb339fce80660192235
E1	/fsx/analysis_results/prod-cand-1703/prod-cand-1703-hg002-bjuice-v2-multiau-20260814T114522Z	results/day/hg38/HG002-98xq4xrqz7dwy9/align/sentmm2ont/na/snv/sentdhiomr2/slim-consensus/truvari/HG002-98xq4xrqz7dwy9/queries/tagged_trussv/truvari/summary.json	834	1786718156	6ad009a0077db0f4a1425fbf0d54838f95ca16988a688b653ef3299c7586f08d
E1	/fsx/analysis_results/prod-cand-1703/prod-cand-1703-hg002-bjuice-v2-multiau-20260814T114522Z	results/day/hg38/HG002-98xq4xrqz7dwy9/align/sentmm2ont/na/snv/sentdhiomr2/slim-consensus/truvari/HG002-98xq4xrqz7dwy9/queries/tiddit/truvari/summary.json	703	1786712724	0d83b9eb8f057ab9d00a8bce27bdfc05d7f967403db333e47715899053c033b5
E1	/fsx/analysis_results/prod-cand-1703/prod-cand-1703-hg002-bjuice-v2-multiau-20260814T114522Z	results/day/hg38/HG002-bq765db79mczvn/align/sentdhiomr2lr/na/alignqc/mosdepth/HG002-bq765db79mczvn.sentdhiomr2lr.na.mosdepth.summary.txt	14470	1786709316	a037395ef9a349bf0fbf196cb109aa1efcc44abb75ff0a7defcc949cf63d0faa
E1	/fsx/analysis_results/prod-cand-1703/prod-cand-1703-hg002-bjuice-v2-multiau-20260814T114522Z	results/day/hg38/HG002-bq765db79mczvn/align/sentdhiomr2rsr/na/alignqc/mosdepth/HG002-bq765db79mczvn.sentdhiomr2rsr.na.mosdepth.summary.txt	18283	1786716588	26c48c1c52f9528e63bb0e6b479a7faa3a8d1551eb8e029022275bc545f86372
E1	/fsx/analysis_results/prod-cand-1703/prod-cand-1703-hg002-bjuice-v2-multiau-20260814T114522Z	results/day/hg38/HG002-bq765db79mczvn/align/sentdhiomr2sr/smd/htd/smn12/HG002-bq765db79mczvn.sentdhiomr2sr.smd.smn12.summary.json	834	1786710551	2b962572a1e78f6806064d55d0a1e94fddd7d88ad6fdbc7bd9f407e2c13aa4d7
E1	/fsx/analysis_results/prod-cand-1703/prod-cand-1703-hg002-bjuice-v2-multiau-20260814T114522Z	results/day/hg38/HG002-bq765db79mczvn/align/sentdhiomr2sr/smd/htd/smn12/HG002-bq765db79mczvn.sentdhiomr2sr.smd.smn12.summary.tsv	264	1786710538	37aa8b4c1203b7e61cd9aefc89010d1d8dc48ec6015a0f47fd9cf0267eea9b68
E1	/fsx/analysis_results/prod-cand-1703/prod-cand-1703-hg002-bjuice-v2-multiau-20260814T114522Z	results/day/hg38/HG002-bq765db79mczvn/align/sentmm2ont/na/snv/sentdhiomr2/concordance/_giabHC/snv_HG002-bq765db79mczvn_giabHC_concordance.mqc.tsv	3645	1786718391	fac7cffb9d8059dca2cec4c38cf134c4749608daa10c2a33eb470eab737f86c2
E1	/fsx/analysis_results/prod-cand-1703/prod-cand-1703-hg002-bjuice-v2-multiau-20260814T114522Z	results/day/hg38/HG002-bq765db79mczvn/align/sentmm2ont/na/snv/sentdhiomr2/segdup/HG002-bq765db79mczvn/CFH/HG002-bq765db79mczvn.CFH.done	32	1786711864	4b57c569722f4f390d00b1f5d2d3dfab090236f1ca3f4f6bb76d514a3106153f
E1	/fsx/analysis_results/prod-cand-1703/prod-cand-1703-hg002-bjuice-v2-multiau-20260814T114522Z	results/day/hg38/HG002-bq765db79mczvn/align/sentmm2ont/na/snv/sentdhiomr2/segdup/HG002-bq765db79mczvn/CFH/HG002-bq765db79mczvn.CFH.result.vcf.gz	40024	1786711864	7f7a4475074f874394b569a1f9ab5b3e2ab4fea0d362baf0d60e126de1b081a7
E1	/fsx/analysis_results/prod-cand-1703/prod-cand-1703-hg002-bjuice-v2-multiau-20260814T114522Z	results/day/hg38/HG002-bq765db79mczvn/align/sentmm2ont/na/snv/sentdhiomr2/segdup/HG002-bq765db79mczvn/CFH/HG002-bq765db79mczvn.CFH.result.vcf.gz.tbi	390	1786711864	18b7c91d6655eede5f12fe167101473449f1b3c5e72b960890a85de26d89b345
E1	/fsx/analysis_results/prod-cand-1703/prod-cand-1703-hg002-bjuice-v2-multiau-20260814T114522Z	results/day/hg38/HG002-bq765db79mczvn/align/sentmm2ont/na/snv/sentdhiomr2/segdup/HG002-bq765db79mczvn/CFH/HG002-bq765db79mczvn.CFH.yaml	1830	1786711864	cc695cf779b49912335fc60dc041583757654da461cd0b063ba497a739099408
E1	/fsx/analysis_results/prod-cand-1703/prod-cand-1703-hg002-bjuice-v2-multiau-20260814T114522Z	results/day/hg38/HG002-bq765db79mczvn/align/sentmm2ont/na/snv/sentdhiomr2/segdup/HG002-bq765db79mczvn/CYP11B1/HG002-bq765db79mczvn.CYP11B1.done	36	1786711729	f7af4438026327204db5f578af844b26675f26676bd704658b58a37b8a98a5c8
E1	/fsx/analysis_results/prod-cand-1703/prod-cand-1703-hg002-bjuice-v2-multiau-20260814T114522Z	results/day/hg38/HG002-bq765db79mczvn/align/sentmm2ont/na/snv/sentdhiomr2/segdup/HG002-bq765db79mczvn/CYP11B1/HG002-bq765db79mczvn.CYP11B1.result.vcf.gz	10374	1786711729	ad47415e0bdf92e727cfa4fcc0d216e2bb5b02f0264bf01a67caedf1bec1fb06
E1	/fsx/analysis_results/prod-cand-1703/prod-cand-1703-hg002-bjuice-v2-multiau-20260814T114522Z	results/day/hg38/HG002-bq765db79mczvn/align/sentmm2ont/na/snv/sentdhiomr2/segdup/HG002-bq765db79mczvn/CYP11B1/HG002-bq765db79mczvn.CYP11B1.result.vcf.gz.tbi	278	1786711729	b4b70ce4ca9edfde77ff639192e9ac0740474743aa530a7bbd83890a6dbde46b
E1	/fsx/analysis_results/prod-cand-1703/prod-cand-1703-hg002-bjuice-v2-multiau-20260814T114522Z	results/day/hg38/HG002-bq765db79mczvn/align/sentmm2ont/na/snv/sentdhiomr2/segdup/HG002-bq765db79mczvn/CYP11B1/HG002-bq765db79mczvn.CYP11B1.yaml	1609	1786711729	2356e109421bcbb9d8b6b6f301a37a115f3efcf7c7ab8b210dfd640adfcb0414
E1	/fsx/analysis_results/prod-cand-1703/prod-cand-1703-hg002-bjuice-v2-multiau-20260814T114522Z	results/day/hg38/HG002-bq765db79mczvn/align/sentmm2ont/na/snv/sentdhiomr2/segdup/HG002-bq765db79mczvn/CYP2A6/HG002-bq765db79mczvn.CYP2A6.done	35	1786712303	a7ed310d4a4e99a32a77f8236ab1287f7b8f9ba6176e8ebe44697e87b1ccbd60
E1	/fsx/analysis_results/prod-cand-1703/prod-cand-1703-hg002-bjuice-v2-multiau-20260814T114522Z	results/day/hg38/HG002-bq765db79mczvn/align/sentmm2ont/na/snv/sentdhiomr2/segdup/HG002-bq765db79mczvn/CYP2A6/HG002-bq765db79mczvn.CYP2A6.result.vcf.gz	8148	1786712303	1e7b08d6a221636bf78db4336321f5a3cddc85984aee789c3167da9f90cee672
E1	/fsx/analysis_results/prod-cand-1703/prod-cand-1703-hg002-bjuice-v2-multiau-20260814T114522Z	results/day/hg38/HG002-bq765db79mczvn/align/sentmm2ont/na/snv/sentdhiomr2/segdup/HG002-bq765db79mczvn/CYP2A6/HG002-bq765db79mczvn.CYP2A6.result.vcf.gz.tbi	168	1786712303	da896f510771e7fd05b73d666c2961dee94f20ab3879e02d09436be56c3e02f5
E1	/fsx/analysis_results/prod-cand-1703/prod-cand-1703-hg002-bjuice-v2-multiau-20260814T114522Z	results/day/hg38/HG002-bq765db79mczvn/align/sentmm2ont/na/snv/sentdhiomr2/segdup/HG002-bq765db79mczvn/CYP2A6/HG002-bq765db79mczvn.CYP2A6.yaml	2409	1786712303	f971ae0620fee6ef0af331e9be19043ab18c73e2811a1d5e39f3026fbb9cfae6
E1	/fsx/analysis_results/prod-cand-1703/prod-cand-1703-hg002-bjuice-v2-multiau-20260814T114522Z	results/day/hg38/HG002-bq765db79mczvn/align/sentmm2ont/na/snv/sentdhiomr2/segdup/HG002-bq765db79mczvn/CYP2B6/HG002-bq765db79mczvn.CYP2B6.done	35	1786711710	58e20a66984cc5991d6ed656069d27564352d5d6008209ea130ca7f4c32f6e0e
E1	/fsx/analysis_results/prod-cand-1703/prod-cand-1703-hg002-bjuice-v2-multiau-20260814T114522Z	results/day/hg38/HG002-bq765db79mczvn/align/sentmm2ont/na/snv/sentdhiomr2/segdup/HG002-bq765db79mczvn/CYP2B6/HG002-bq765db79mczvn.CYP2B6.result.vcf.gz	10744	1786711710	1592b1235a4c840209aa4c501d82ad02cd13909038d123b8e8e573c0ee66071c
E1	/fsx/analysis_results/prod-cand-1703/prod-cand-1703-hg002-bjuice-v2-multiau-20260814T114522Z	results/day/hg38/HG002-bq765db79mczvn/align/sentmm2ont/na/snv/sentdhiomr2/segdup/HG002-bq765db79mczvn/CYP2B6/HG002-bq765db79mczvn.CYP2B6.result.vcf.gz.tbi	179	1786711710	a5792c52ee822df97de0e19949eb727293fbd9c7bc303dc2c22af7e60a386c8e
E1	/fsx/analysis_results/prod-cand-1703/prod-cand-1703-hg002-bjuice-v2-multiau-20260814T114522Z	results/day/hg38/HG002-bq765db79mczvn/align/sentmm2ont/na/snv/sentdhiomr2/segdup/HG002-bq765db79mczvn/CYP2B6/HG002-bq765db79mczvn.CYP2B6.yaml	1961	1786711710	0bd1dd1e463df24eb0f79805da1243a448d79eca98947a847ed4f58ff9ca4ee8
E1	/fsx/analysis_results/prod-cand-1703/prod-cand-1703-hg002-bjuice-v2-multiau-20260814T114522Z	results/day/hg38/HG002-bq765db79mczvn/align/sentmm2ont/na/snv/sentdhiomr2/segdup/HG002-bq765db79mczvn/CYP2D6/HG002-bq765db79mczvn.CYP2D6.done	35	1786711673	d51c395add49b6233820d2e9b502cfcd5d3702938b2d4031aab3ffcc40efefe4
E1	/fsx/analysis_results/prod-cand-1703/prod-cand-1703-hg002-bjuice-v2-multiau-20260814T114522Z	results/day/hg38/HG002-bq765db79mczvn/align/sentmm2ont/na/snv/sentdhiomr2/segdup/HG002-bq765db79mczvn/CYP2D6/HG002-bq765db79mczvn.CYP2D6.result.vcf.gz	12497	1786711673	984a00bae9f3cce562926e39205b61f29829ab9fc44228f8076ac9f926b73f03
E1	/fsx/analysis_results/prod-cand-1703/prod-cand-1703-hg002-bjuice-v2-multiau-20260814T114522Z	results/day/hg38/HG002-bq765db79mczvn/align/sentmm2ont/na/snv/sentdhiomr2/segdup/HG002-bq765db79mczvn/CYP2D6/HG002-bq765db79mczvn.CYP2D6.result.vcf.gz.tbi	166	1786711673	76572732483d68358e06268bbafb8a66442c234e88716968f6ab8eff40519ae7
E1	/fsx/analysis_results/prod-cand-1703/prod-cand-1703-hg002-bjuice-v2-multiau-20260814T114522Z	results/day/hg38/HG002-bq765db79mczvn/align/sentmm2ont/na/snv/sentdhiomr2/segdup/HG002-bq765db79mczvn/CYP2D6/HG002-bq765db79mczvn.CYP2D6.yaml	1922	1786711673	6c3a3a8ad4b8fc459509653698da0e6fd57130c27639afe206f6b12eda61f7bb
E1	/fsx/analysis_results/prod-cand-1703/prod-cand-1703-hg002-bjuice-v2-multiau-20260814T114522Z	results/day/hg38/HG002-bq765db79mczvn/align/sentmm2ont/na/snv/sentdhiomr2/segdup/HG002-bq765db79mczvn/GBA/HG002-bq765db79mczvn.GBA.done	32	1786711727	499c5876e9829a58834f6df72d3f63df3805a009b7ec8552a620c15326f3dfcb
E1	/fsx/analysis_results/prod-cand-1703/prod-cand-1703-hg002-bjuice-v2-multiau-20260814T114522Z	results/day/hg38/HG002-bq765db79mczvn/align/sentmm2ont/na/snv/sentdhiomr2/segdup/HG002-bq765db79mczvn/GBA/HG002-bq765db79mczvn.GBA.result.vcf.gz	5498	1786711727	9df4f282a938fc6e05695bf708193e362d26a5ac9f910352a06c9c19fff0b989
E1	/fsx/analysis_results/prod-cand-1703/prod-cand-1703-hg002-bjuice-v2-multiau-20260814T114522Z	results/day/hg38/HG002-bq765db79mczvn/align/sentmm2ont/na/snv/sentdhiomr2/segdup/HG002-bq765db79mczvn/GBA/HG002-bq765db79mczvn.GBA.result.vcf.gz.tbi	288	1786711727	90f8becb2d484f4039468b1eb8b9393f07121210a5ca4aea7a481afb10f1df54
E1	/fsx/analysis_results/prod-cand-1703/prod-cand-1703-hg002-bjuice-v2-multiau-20260814T114522Z	results/day/hg38/HG002-bq765db79mczvn/align/sentmm2ont/na/snv/sentdhiomr2/segdup/HG002-bq765db79mczvn/GBA/HG002-bq765db79mczvn.GBA.yaml	1703	1786711727	cacf5ff8abf3abd5e1cfc1e947be51c79f234fe4138858432fca1658e30e1df7
E1	/fsx/analysis_results/prod-cand-1703/prod-cand-1703-hg002-bjuice-v2-multiau-20260814T114522Z	results/day/hg38/HG002-bq765db79mczvn/align/sentmm2ont/na/snv/sentdhiomr2/segdup/HG002-bq765db79mczvn/HBA/HG002-bq765db79mczvn.HBA.done	32	1786711658	f9a18f4250abed23e04ba76a88571bf89bd9f23d7c3798cfbb4dff0f5b9cbd38
E1	/fsx/analysis_results/prod-cand-1703/prod-cand-1703-hg002-bjuice-v2-multiau-20260814T114522Z	results/day/hg38/HG002-bq765db79mczvn/align/sentmm2ont/na/snv/sentdhiomr2/segdup/HG002-bq765db79mczvn/HBA/HG002-bq765db79mczvn.HBA.result.vcf.gz	4612	1786711658	54e66b470a244a0f68ca93ed6212c41b8484e9e213ab43a2bd4aa0bfeeafe1f6
E1	/fsx/analysis_results/prod-cand-1703/prod-cand-1703-hg002-bjuice-v2-multiau-20260814T114522Z	results/day/hg38/HG002-bq765db79mczvn/align/sentmm2ont/na/snv/sentdhiomr2/segdup/HG002-bq765db79mczvn/HBA/HG002-bq765db79mczvn.HBA.result.vcf.gz.tbi	98	1786711658	381be79b8087ca5fdd14f985e4c480c20fd3894d037c92dc4a975017d52e487b
E1	/fsx/analysis_results/prod-cand-1703/prod-cand-1703-hg002-bjuice-v2-multiau-20260814T114522Z	results/day/hg38/HG002-bq765db79mczvn/align/sentmm2ont/na/snv/sentdhiomr2/segdup/HG002-bq765db79mczvn/HBA/HG002-bq765db79mczvn.HBA.yaml	1806	1786711658	6a2fcef201724413a08ba48274f665ca903e15d1b07af6da912fa0fcefe36c38
E1	/fsx/analysis_results/prod-cand-1703/prod-cand-1703-hg002-bjuice-v2-multiau-20260814T114522Z	results/day/hg38/HG002-bq765db79mczvn/align/sentmm2ont/na/snv/sentdhiomr2/segdup/HG002-bq765db79mczvn/IKBKG/HG002-bq765db79mczvn.IKBKG.done	34	1786712279	4b0b47d77d3c497e6222e449353a893841f9b0cb5dcba24db9ae1be66788a834
E1	/fsx/analysis_results/prod-cand-1703/prod-cand-1703-hg002-bjuice-v2-multiau-20260814T114522Z	results/day/hg38/HG002-bq765db79mczvn/align/sentmm2ont/na/snv/sentdhiomr2/segdup/HG002-bq765db79mczvn/IKBKG/HG002-bq765db79mczvn.IKBKG.yaml	2088	1786712279	694ce3364441619ef862abe86a3da2e974964c2250c0513875e01129815c1363
E1	/fsx/analysis_results/prod-cand-1703/prod-cand-1703-hg002-bjuice-v2-multiau-20260814T114522Z	results/day/hg38/HG002-bq765db79mczvn/align/sentmm2ont/na/snv/sentdhiomr2/segdup/HG002-bq765db79mczvn/LPA/HG002-bq765db79mczvn.LPA.done	32	1786712135	4137cd03d2a1259175faabedcb649bf48b795a3dbc8fb9d0aaf83cdb03cd6283
E1	/fsx/analysis_results/prod-cand-1703/prod-cand-1703-hg002-bjuice-v2-multiau-20260814T114522Z	results/day/hg38/HG002-bq765db79mczvn/align/sentmm2ont/na/snv/sentdhiomr2/segdup/HG002-bq765db79mczvn/LPA/HG002-bq765db79mczvn.LPA.yaml	6092	1786712135	93d0257ec0a8eee4784bf494685c76e6bd7c582684b5a4718714a9ca71f708e8
E1	/fsx/analysis_results/prod-cand-1703/prod-cand-1703-hg002-bjuice-v2-multiau-20260814T114522Z	results/day/hg38/HG002-bq765db79mczvn/align/sentmm2ont/na/snv/sentdhiomr2/segdup/HG002-bq765db79mczvn/NCF1/HG002-bq765db79mczvn.NCF1.done	33	1786712292	eb362f1ff3853eb0775350fa48a7035faa1989910ca2cdcaa79ec0a2d2cc3313
E1	/fsx/analysis_results/prod-cand-1703/prod-cand-1703-hg002-bjuice-v2-multiau-20260814T114522Z	results/day/hg38/HG002-bq765db79mczvn/align/sentmm2ont/na/snv/sentdhiomr2/segdup/HG002-bq765db79mczvn/NCF1/HG002-bq765db79mczvn.NCF1.result.vcf.gz	7927	1786712292	1abc3b26103f85adea3e9a65f52df03846350a91c3f28e8bcc72a90d7e9c4dd8
E1	/fsx/analysis_results/prod-cand-1703/prod-cand-1703-hg002-bjuice-v2-multiau-20260814T114522Z	results/day/hg38/HG002-bq765db79mczvn/align/sentmm2ont/na/snv/sentdhiomr2/segdup/HG002-bq765db79mczvn/NCF1/HG002-bq765db79mczvn.NCF1.result.vcf.gz.tbi	194	1786712292	990629d60176782e1cadccf0b03e151c508b4ecbe5d4476bebb6280d5badd3a0
E1	/fsx/analysis_results/prod-cand-1703/prod-cand-1703-hg002-bjuice-v2-multiau-20260814T114522Z	results/day/hg38/HG002-bq765db79mczvn/align/sentmm2ont/na/snv/sentdhiomr2/segdup/HG002-bq765db79mczvn/NCF1/HG002-bq765db79mczvn.NCF1.yaml	1579	1786712292	f3f3ba428383cfd8dc654c54a6f37ff59b3a0f8da19a20122d55108130168f02
E1	/fsx/analysis_results/prod-cand-1703/prod-cand-1703-hg002-bjuice-v2-multiau-20260814T114522Z	results/day/hg38/HG002-bq765db79mczvn/align/sentmm2ont/na/snv/sentdhiomr2/segdup/HG002-bq765db79mczvn/OTOA/HG002-bq765db79mczvn.OTOA.done	33	1786711639	68c1d38708f1ca06116a1136a9b11b083a99a423f816fe01ba6684bb3b50dde9
E1	/fsx/analysis_results/prod-cand-1703/prod-cand-1703-hg002-bjuice-v2-multiau-20260814T114522Z	results/day/hg38/HG002-bq765db79mczvn/align/sentmm2ont/na/snv/sentdhiomr2/segdup/HG002-bq765db79mczvn/OTOA/HG002-bq765db79mczvn.OTOA.result.vcf.gz	9003	1786711639	ba119911f21ca8f58afdbb091f562570dd01ab6a38816daef885ba96ae80d4d9
E1	/fsx/analysis_results/prod-cand-1703/prod-cand-1703-hg002-bjuice-v2-multiau-20260814T114522Z	results/day/hg38/HG002-bq765db79mczvn/align/sentmm2ont/na/snv/sentdhiomr2/segdup/HG002-bq765db79mczvn/OTOA/HG002-bq765db79mczvn.OTOA.result.vcf.gz.tbi	176	1786711639	d1c0b617681fc4d76e57d0e2117452d9fa0adca34620530adc3290db3d1b8a86
E1	/fsx/analysis_results/prod-cand-1703/prod-cand-1703-hg002-bjuice-v2-multiau-20260814T114522Z	results/day/hg38/HG002-bq765db79mczvn/align/sentmm2ont/na/snv/sentdhiomr2/segdup/HG002-bq765db79mczvn/OTOA/HG002-bq765db79mczvn.OTOA.yaml	2229	1786711639	292ad3d3e77200a4627b563d0d830f6daf777185940115809de62a352e3359bf
E1	/fsx/analysis_results/prod-cand-1703/prod-cand-1703-hg002-bjuice-v2-multiau-20260814T114522Z	results/day/hg38/HG002-bq765db79mczvn/align/sentmm2ont/na/snv/sentdhiomr2/segdup/HG002-bq765db79mczvn/PMS2/HG002-bq765db79mczvn.PMS2.done	33	1786711776	2c0a7829ef37e6333ff9e20f3fbc245fa799e6f45625d3e33721bf4ac3c76e12
E1	/fsx/analysis_results/prod-cand-1703/prod-cand-1703-hg002-bjuice-v2-multiau-20260814T114522Z	results/day/hg38/HG002-bq765db79mczvn/align/sentmm2ont/na/snv/sentdhiomr2/segdup/HG002-bq765db79mczvn/PMS2/HG002-bq765db79mczvn.PMS2.result.vcf.gz	14441	1786711776	d73f682cae82fa52705ef2421b5cd009a03157bc53e5a4d419c22755d8c945df
E1	/fsx/analysis_results/prod-cand-1703/prod-cand-1703-hg002-bjuice-v2-multiau-20260814T114522Z	results/day/hg38/HG002-bq765db79mczvn/align/sentmm2ont/na/snv/sentdhiomr2/segdup/HG002-bq765db79mczvn/PMS2/HG002-bq765db79mczvn.PMS2.result.vcf.gz.tbi	136	1786711776	4484dfbc4abfbdc647fb1008b2b110d1d05f211a4637fd852ff99fcde8ce7940
E1	/fsx/analysis_results/prod-cand-1703/prod-cand-1703-hg002-bjuice-v2-multiau-20260814T114522Z	results/day/hg38/HG002-bq765db79mczvn/align/sentmm2ont/na/snv/sentdhiomr2/segdup/HG002-bq765db79mczvn/PMS2/HG002-bq765db79mczvn.PMS2.yaml	3252	1786711776	9cf7d36ba917a921d9ef5bd51b71306d7d89bcd9b4f1c66067527730cd62495e
E1	/fsx/analysis_results/prod-cand-1703/prod-cand-1703-hg002-bjuice-v2-multiau-20260814T114522Z	results/day/hg38/HG002-bq765db79mczvn/align/sentmm2ont/na/snv/sentdhiomr2/segdup/HG002-bq765db79mczvn/RCCX/HG002-bq765db79mczvn.RCCX.done	33	1786711729	def97efc51b14388fbe01e607b6969eec2976ff117c5ecacb4d0a465fa973e82
E1	/fsx/analysis_results/prod-cand-1703/prod-cand-1703-hg002-bjuice-v2-multiau-20260814T114522Z	results/day/hg38/HG002-bq765db79mczvn/align/sentmm2ont/na/snv/sentdhiomr2/segdup/HG002-bq765db79mczvn/RCCX/HG002-bq765db79mczvn.RCCX.result.vcf.gz	13935	1786711729	d56261a7ffb2aab3abe9c392d7988781b22b327424b9c66f51559451e0e8e5b8
E1	/fsx/analysis_results/prod-cand-1703/prod-cand-1703-hg002-bjuice-v2-multiau-20260814T114522Z	results/day/hg38/HG002-bq765db79mczvn/align/sentmm2ont/na/snv/sentdhiomr2/segdup/HG002-bq765db79mczvn/RCCX/HG002-bq765db79mczvn.RCCX.result.vcf.gz.tbi	176	1786711729	4cf55b189eab93e48f6e0bdcebc5c6edf2e56e50df33a872bc2a1cc5caf8a4d9
E1	/fsx/analysis_results/prod-cand-1703/prod-cand-1703-hg002-bjuice-v2-multiau-20260814T114522Z	results/day/hg38/HG002-bq765db79mczvn/align/sentmm2ont/na/snv/sentdhiomr2/segdup/HG002-bq765db79mczvn/RCCX/HG002-bq765db79mczvn.RCCX.yaml	2963	1786711729	1b9f4c16d187c979f81d7b5d0e23263482010774397b5a1a3f2e9c536e47e85f
E1	/fsx/analysis_results/prod-cand-1703/prod-cand-1703-hg002-bjuice-v2-multiau-20260814T114522Z	results/day/hg38/HG002-bq765db79mczvn/align/sentmm2ont/na/snv/sentdhiomr2/segdup/HG002-bq765db79mczvn/RH/HG002-bq765db79mczvn.RH.done	31	1786712566	8b0e22de9f2c56973affe66793ef5c1490b73110b109cf73352d1b26422c6fca
E1	/fsx/analysis_results/prod-cand-1703/prod-cand-1703-hg002-bjuice-v2-multiau-20260814T114522Z	results/day/hg38/HG002-bq765db79mczvn/align/sentmm2ont/na/snv/sentdhiomr2/segdup/HG002-bq765db79mczvn/RH/HG002-bq765db79mczvn.RH.result.vcf.gz	9861	1786712566	0e5f5c6d97eab73d68538382be03230c7d4a31664f303bd789246bd5c48964ec
E1	/fsx/analysis_results/prod-cand-1703/prod-cand-1703-hg002-bjuice-v2-multiau-20260814T114522Z	results/day/hg38/HG002-bq765db79mczvn/align/sentmm2ont/na/snv/sentdhiomr2/segdup/HG002-bq765db79mczvn/RH/HG002-bq765db79mczvn.RH.result.vcf.gz.tbi	168	1786712566	0e3b499e277142d36e136298ab5a156b052b0a76dcc2dfcc6aea995d23009422
E1	/fsx/analysis_results/prod-cand-1703/prod-cand-1703-hg002-bjuice-v2-multiau-20260814T114522Z	results/day/hg38/HG002-bq765db79mczvn/align/sentmm2ont/na/snv/sentdhiomr2/segdup/HG002-bq765db79mczvn/RH/HG002-bq765db79mczvn.RH.yaml	1754	1786712566	18f8ba7a6a60f0545767b3c8e55f1f543245b95c0af9e47aec47b9b24cc9d8e9
E1	/fsx/analysis_results/prod-cand-1703/prod-cand-1703-hg002-bjuice-v2-multiau-20260814T114522Z	results/day/hg38/HG002-bq765db79mczvn/align/sentmm2ont/na/snv/sentdhiomr2/segdup/HG002-bq765db79mczvn/SBDS/HG002-bq765db79mczvn.SBDS.done	33	1786711707	7575b2b1b7f0df89b5aabbb5a8a99c7fd82d2ed8baf22f73c5bb30f625a3dbe1
E1	/fsx/analysis_results/prod-cand-1703/prod-cand-1703-hg002-bjuice-v2-multiau-20260814T114522Z	results/day/hg38/HG002-bq765db79mczvn/align/sentmm2ont/na/snv/sentdhiomr2/segdup/HG002-bq765db79mczvn/SBDS/HG002-bq765db79mczvn.SBDS.result.vcf.gz	4328	1786711707	a3c34f4d8ef9b6fb6c0cec9368642a16e4141c643f165ab6e00be914abd729bb
E1	/fsx/analysis_results/prod-cand-1703/prod-cand-1703-hg002-bjuice-v2-multiau-20260814T114522Z	results/day/hg38/HG002-bq765db79mczvn/align/sentmm2ont/na/snv/sentdhiomr2/segdup/HG002-bq765db79mczvn/SBDS/HG002-bq765db79mczvn.SBDS.result.vcf.gz.tbi	177	1786711707	63f433e7e12840af252bb47f389c1336ed547da9c23b2b88b86cd567b40e889f
E1	/fsx/analysis_results/prod-cand-1703/prod-cand-1703-hg002-bjuice-v2-multiau-20260814T114522Z	results/day/hg38/HG002-bq765db79mczvn/align/sentmm2ont/na/snv/sentdhiomr2/segdup/HG002-bq765db79mczvn/SBDS/HG002-bq765db79mczvn.SBDS.yaml	2173	1786711707	fd74f049266ce2c7cbd459a11f3b257ffba57862762e23d2717311165775260c
E1	/fsx/analysis_results/prod-cand-1703/prod-cand-1703-hg002-bjuice-v2-multiau-20260814T114522Z	results/day/hg38/HG002-bq765db79mczvn/align/sentmm2ont/na/snv/sentdhiomr2/segdup/HG002-bq765db79mczvn/SMN1/HG002-bq765db79mczvn.SMN1.done	33	1786711776	cb012bdeb144dffb504c8492291c0c703fe4ced4064026e04fe63e1104097d06
E1	/fsx/analysis_results/prod-cand-1703/prod-cand-1703-hg002-bjuice-v2-multiau-20260814T114522Z	results/day/hg38/HG002-bq765db79mczvn/align/sentmm2ont/na/snv/sentdhiomr2/segdup/HG002-bq765db79mczvn/SMN1/HG002-bq765db79mczvn.SMN1.result.vcf.gz	8663	1786711776	e25fcb5641f96115e14c8982b813679287b11355df8326f3e323813683c56b3f
E1	/fsx/analysis_results/prod-cand-1703/prod-cand-1703-hg002-bjuice-v2-multiau-20260814T114522Z	results/day/hg38/HG002-bq765db79mczvn/align/sentmm2ont/na/snv/sentdhiomr2/segdup/HG002-bq765db79mczvn/SMN1/HG002-bq765db79mczvn.SMN1.result.vcf.gz.tbi	196	1786711776	dd8e9af6ef47466a4d5fffd1ebb49aa025e5d5dad883d4c6d9e6aa73b33690c9
E1	/fsx/analysis_results/prod-cand-1703/prod-cand-1703-hg002-bjuice-v2-multiau-20260814T114522Z	results/day/hg38/HG002-bq765db79mczvn/align/sentmm2ont/na/snv/sentdhiomr2/segdup/HG002-bq765db79mczvn/SMN1/HG002-bq765db79mczvn.SMN1.yaml	1580	1786711776	2d3ea1d314eb15359d7a083cea84e5f71df8db511c635ac4894bcaef7dd076ff
E1	/fsx/analysis_results/prod-cand-1703/prod-cand-1703-hg002-bjuice-v2-multiau-20260814T114522Z	results/day/hg38/HG002-bq765db79mczvn/align/sentmm2ont/na/snv/sentdhiomr2/segdup/HG002-bq765db79mczvn/STRC/HG002-bq765db79mczvn.STRC.done	33	1786711572	de12494929617b5cc57839367dc26941e31fde95640eaf13b497d699d327765e
E1	/fsx/analysis_results/prod-cand-1703/prod-cand-1703-hg002-bjuice-v2-multiau-20260814T114522Z	results/day/hg38/HG002-bq765db79mczvn/align/sentmm2ont/na/snv/sentdhiomr2/segdup/HG002-bq765db79mczvn/STRC/HG002-bq765db79mczvn.STRC.result.vcf.gz	9053	1786711572	c3573985b1f4b6519439843f43dffc1747df480cf90458b2b860622d34fe1795
E1	/fsx/analysis_results/prod-cand-1703/prod-cand-1703-hg002-bjuice-v2-multiau-20260814T114522Z	results/day/hg38/HG002-bq765db79mczvn/align/sentmm2ont/na/snv/sentdhiomr2/segdup/HG002-bq765db79mczvn/STRC/HG002-bq765db79mczvn.STRC.result.vcf.gz.tbi	178	1786711572	24b202170a375a1feb888350248559a65592a31197d00371d153fd68f66293fd
E1	/fsx/analysis_results/prod-cand-1703/prod-cand-1703-hg002-bjuice-v2-multiau-20260814T114522Z	results/day/hg38/HG002-bq765db79mczvn/align/sentmm2ont/na/snv/sentdhiomr2/segdup/HG002-bq765db79mczvn/STRC/HG002-bq765db79mczvn.STRC.yaml	2165	1786711572	e3cc705b8ddbfd7ccddb703de85fd75bda1be1ae31ba79c4a0397e24512bb990
E1	/fsx/analysis_results/prod-cand-1703/prod-cand-1703-hg002-bjuice-v2-multiau-20260814T114522Z	results/day/hg38/HG002-bq765db79mczvn/align/sentmm2ont/na/snv/sentdhiomr2/slim-consensus/prepared/smn12/HG002-bq765db79mczvn.smn12.normalized.json	1688	1786710680	155220193bda07d5bca0ac82255484b88da44e0b3b8f74984f7ea190988b7f5f
E1	/fsx/analysis_results/prod-cand-1703/prod-cand-1703-hg002-bjuice-v2-multiau-20260814T114522Z	results/day/hg38/HG002-bq765db79mczvn/align/sentmm2ont/na/snv/sentdhiomr2/slim-consensus/truvari/HG002-bq765db79mczvn/queries/longreadsv/truvari/summary.json	925	1786716663	a5418740765bab6084bf1c9443d5421461fe3c6896083e5ba478433ac93854d6
E1	/fsx/analysis_results/prod-cand-1703/prod-cand-1703-hg002-bjuice-v2-multiau-20260814T114522Z	results/day/hg38/HG002-bq765db79mczvn/align/sentmm2ont/na/snv/sentdhiomr2/slim-consensus/truvari/HG002-bq765db79mczvn/queries/sniffles2/truvari/summary.json	741	1786709452	41a92d198f5597a0b329e1c25e9f56eba86dd3b4430a4ddcc405cac73bd7935e
E1	/fsx/analysis_results/prod-cand-1703/prod-cand-1703-hg002-bjuice-v2-multiau-20260814T114522Z	results/day/hg38/HG002-bq765db79mczvn/align/sentmm2ont/na/snv/sentdhiomr2/slim-consensus/truvari/HG002-bq765db79mczvn/queries/tagged_trussv/truvari/summary.json	925	1786718037	94f6e669f89f76387d86505b0c3d6c53d23518211faa71ee6063e829ac299057
E1	/fsx/analysis_results/prod-cand-1703/prod-cand-1703-hg002-bjuice-v2-multiau-20260814T114522Z	results/day/hg38/HG002-bq765db79mczvn/align/sentmm2ont/na/snv/sentdhiomr2/slim-consensus/truvari/HG002-bq765db79mczvn/queries/tiddit/truvari/summary.json	703	1786712326	76eda7b5d3a0942ffca05edb250285466d773909e6fafe258cc667db50903aa2
E1	/fsx/analysis_results/prod-cand-1703/prod-cand-1703-hg002-bjuice-v2-multiau-20260814T114522Z	results/day/hg38/HG002-f277f1cckvy1xb/align/sentdhiomr2lr/na/alignqc/mosdepth/HG002-f277f1cckvy1xb.sentdhiomr2lr.na.mosdepth.summary.txt	14251	1786709220	f41c23c240d4bb62934c64147450160fe39a80364e08a2f461a50da0ff05ba27
E1	/fsx/analysis_results/prod-cand-1703/prod-cand-1703-hg002-bjuice-v2-multiau-20260814T114522Z	results/day/hg38/HG002-f277f1cckvy1xb/align/sentdhiomr2rsr/na/alignqc/mosdepth/HG002-f277f1cckvy1xb.sentdhiomr2rsr.na.mosdepth.summary.txt	18273	1786716259	4092890ff450c5db3511b3dc9a6fe1a85bbbdda344d0760613827ca0d3070796
E1	/fsx/analysis_results/prod-cand-1703/prod-cand-1703-hg002-bjuice-v2-multiau-20260814T114522Z	results/day/hg38/HG002-f277f1cckvy1xb/align/sentdhiomr2sr/smd/htd/smn12/HG002-f277f1cckvy1xb.sentdhiomr2sr.smd.smn12.summary.json	834	1786710680	74c91ea24e718ffbc0f3fc677120eed8526241df95b3f9f36cd6fee976d35bf1
E1	/fsx/analysis_results/prod-cand-1703/prod-cand-1703-hg002-bjuice-v2-multiau-20260814T114522Z	results/day/hg38/HG002-f277f1cckvy1xb/align/sentdhiomr2sr/smd/htd/smn12/HG002-f277f1cckvy1xb.sentdhiomr2sr.smd.smn12.summary.tsv	264	1786710672	91dd89412642d2f021255503603b63d785482665d23b53fca27907e63fc513f0
E1	/fsx/analysis_results/prod-cand-1703/prod-cand-1703-hg002-bjuice-v2-multiau-20260814T114522Z	results/day/hg38/HG002-f277f1cckvy1xb/align/sentmm2ont/na/snv/sentdhiomr2/concordance/_giabHC/snv_HG002-f277f1cckvy1xb_giabHC_concordance.mqc.tsv	3644	1786717902	952c851ca52a066db7d517ab4b33a1f58aba9508a5bfbf1279464f27bf73deac
E1	/fsx/analysis_results/prod-cand-1703/prod-cand-1703-hg002-bjuice-v2-multiau-20260814T114522Z	results/day/hg38/HG002-f277f1cckvy1xb/align/sentmm2ont/na/snv/sentdhiomr2/segdup/HG002-f277f1cckvy1xb/CFH/HG002-f277f1cckvy1xb.CFH.done	32	1786712213	4b57c569722f4f390d00b1f5d2d3dfab090236f1ca3f4f6bb76d514a3106153f
E1	/fsx/analysis_results/prod-cand-1703/prod-cand-1703-hg002-bjuice-v2-multiau-20260814T114522Z	results/day/hg38/HG002-f277f1cckvy1xb/align/sentmm2ont/na/snv/sentdhiomr2/segdup/HG002-f277f1cckvy1xb/CFH/HG002-f277f1cckvy1xb.CFH.result.vcf.gz	39973	1786712213	cc3f1f9e670db32f4b06deccbc332f7a4653673aee4b537a4febd78ac680310b
E1	/fsx/analysis_results/prod-cand-1703/prod-cand-1703-hg002-bjuice-v2-multiau-20260814T114522Z	results/day/hg38/HG002-f277f1cckvy1xb/align/sentmm2ont/na/snv/sentdhiomr2/segdup/HG002-f277f1cckvy1xb/CFH/HG002-f277f1cckvy1xb.CFH.result.vcf.gz.tbi	393	1786712213	2d73ca1abe480ba936f4ff1386aae634099c025ca448348b9c1a877fb0487c3d
E1	/fsx/analysis_results/prod-cand-1703/prod-cand-1703-hg002-bjuice-v2-multiau-20260814T114522Z	results/day/hg38/HG002-f277f1cckvy1xb/align/sentmm2ont/na/snv/sentdhiomr2/segdup/HG002-f277f1cckvy1xb/CFH/HG002-f277f1cckvy1xb.CFH.yaml	1830	1786712213	15d6f15df9731d8704b74efa463fc83c54e5d0064a97750155f7179a6b1db879
E1	/fsx/analysis_results/prod-cand-1703/prod-cand-1703-hg002-bjuice-v2-multiau-20260814T114522Z	results/day/hg38/HG002-f277f1cckvy1xb/align/sentmm2ont/na/snv/sentdhiomr2/segdup/HG002-f277f1cckvy1xb/CYP11B1/HG002-f277f1cckvy1xb.CYP11B1.done	36	1786712500	f7af4438026327204db5f578af844b26675f26676bd704658b58a37b8a98a5c8
E1	/fsx/analysis_results/prod-cand-1703/prod-cand-1703-hg002-bjuice-v2-multiau-20260814T114522Z	results/day/hg38/HG002-f277f1cckvy1xb/align/sentmm2ont/na/snv/sentdhiomr2/segdup/HG002-f277f1cckvy1xb/CYP11B1/HG002-f277f1cckvy1xb.CYP11B1.result.vcf.gz	10156	1786712500	eb437335b78b1c2173af56ac71835e2cf8cff72fe5e428f2a74268fb2a0eeba3
E1	/fsx/analysis_results/prod-cand-1703/prod-cand-1703-hg002-bjuice-v2-multiau-20260814T114522Z	results/day/hg38/HG002-f277f1cckvy1xb/align/sentmm2ont/na/snv/sentdhiomr2/segdup/HG002-f277f1cckvy1xb/CYP11B1/HG002-f277f1cckvy1xb.CYP11B1.result.vcf.gz.tbi	278	1786712500	9874d0208aa2c5ada82159a8c8e9e585cc399f72dd7459ea86cd28663e269f58
E1	/fsx/analysis_results/prod-cand-1703/prod-cand-1703-hg002-bjuice-v2-multiau-20260814T114522Z	results/day/hg38/HG002-f277f1cckvy1xb/align/sentmm2ont/na/snv/sentdhiomr2/segdup/HG002-f277f1cckvy1xb/CYP11B1/HG002-f277f1cckvy1xb.CYP11B1.yaml	1609	1786712500	46f0206cd48737f95f6846b2e432e6b01d4132731aec05ca742ad08dd6d49f51
E1	/fsx/analysis_results/prod-cand-1703/prod-cand-1703-hg002-bjuice-v2-multiau-20260814T114522Z	results/day/hg38/HG002-f277f1cckvy1xb/align/sentmm2ont/na/snv/sentdhiomr2/segdup/HG002-f277f1cckvy1xb/CYP2A6/HG002-f277f1cckvy1xb.CYP2A6.done	35	1786712486	a7ed310d4a4e99a32a77f8236ab1287f7b8f9ba6176e8ebe44697e87b1ccbd60
E1	/fsx/analysis_results/prod-cand-1703/prod-cand-1703-hg002-bjuice-v2-multiau-20260814T114522Z	results/day/hg38/HG002-f277f1cckvy1xb/align/sentmm2ont/na/snv/sentdhiomr2/segdup/HG002-f277f1cckvy1xb/CYP2A6/HG002-f277f1cckvy1xb.CYP2A6.result.vcf.gz	7573	1786712486	3de32647832bcef04763100a9f3c939ce44ad8f23a2c55eb7a404e931c03681a
E1	/fsx/analysis_results/prod-cand-1703/prod-cand-1703-hg002-bjuice-v2-multiau-20260814T114522Z	results/day/hg38/HG002-f277f1cckvy1xb/align/sentmm2ont/na/snv/sentdhiomr2/segdup/HG002-f277f1cckvy1xb/CYP2A6/HG002-f277f1cckvy1xb.CYP2A6.result.vcf.gz.tbi	169	1786712486	2dd486bfe2f04e39af5b93afe97584b61e9250b7ea38a0ff3bfa3e70455527d0
E1	/fsx/analysis_results/prod-cand-1703/prod-cand-1703-hg002-bjuice-v2-multiau-20260814T114522Z	results/day/hg38/HG002-f277f1cckvy1xb/align/sentmm2ont/na/snv/sentdhiomr2/segdup/HG002-f277f1cckvy1xb/CYP2A6/HG002-f277f1cckvy1xb.CYP2A6.yaml	2413	1786712486	6e01f76c9e0060bb1759a76cc30e42b2c19ff8422f2ba29d57041a37f90629ff
E1	/fsx/analysis_results/prod-cand-1703/prod-cand-1703-hg002-bjuice-v2-multiau-20260814T114522Z	results/day/hg38/HG002-f277f1cckvy1xb/align/sentmm2ont/na/snv/sentdhiomr2/segdup/HG002-f277f1cckvy1xb/CYP2B6/HG002-f277f1cckvy1xb.CYP2B6.done	35	1786712185	58e20a66984cc5991d6ed656069d27564352d5d6008209ea130ca7f4c32f6e0e
E1	/fsx/analysis_results/prod-cand-1703/prod-cand-1703-hg002-bjuice-v2-multiau-20260814T114522Z	results/day/hg38/HG002-f277f1cckvy1xb/align/sentmm2ont/na/snv/sentdhiomr2/segdup/HG002-f277f1cckvy1xb/CYP2B6/HG002-f277f1cckvy1xb.CYP2B6.result.vcf.gz	10502	1786712185	01dd14d6c18b478e785b8056aef64ea2379841ece831f9a55017a7d2cc3d2f04
E1	/fsx/analysis_results/prod-cand-1703/prod-cand-1703-hg002-bjuice-v2-multiau-20260814T114522Z	results/day/hg38/HG002-f277f1cckvy1xb/align/sentmm2ont/na/snv/sentdhiomr2/segdup/HG002-f277f1cckvy1xb/CYP2B6/HG002-f277f1cckvy1xb.CYP2B6.result.vcf.gz.tbi	178	1786712185	2ad63e91206ca4024038b19440b387a2c1a2c3d5f0fa7440904f1356f4fe0bb4
E1	/fsx/analysis_results/prod-cand-1703/prod-cand-1703-hg002-bjuice-v2-multiau-20260814T114522Z	results/day/hg38/HG002-f277f1cckvy1xb/align/sentmm2ont/na/snv/sentdhiomr2/segdup/HG002-f277f1cckvy1xb/CYP2B6/HG002-f277f1cckvy1xb.CYP2B6.yaml	1962	1786712185	2eefa5e16b0ce73f4b520b3c1f75db9e69fcce2365b147e2aa6b3478680ddeb1
E1	/fsx/analysis_results/prod-cand-1703/prod-cand-1703-hg002-bjuice-v2-multiau-20260814T114522Z	results/day/hg38/HG002-f277f1cckvy1xb/align/sentmm2ont/na/snv/sentdhiomr2/segdup/HG002-f277f1cckvy1xb/CYP2D6/HG002-f277f1cckvy1xb.CYP2D6.done	35	1786712452	d51c395add49b6233820d2e9b502cfcd5d3702938b2d4031aab3ffcc40efefe4
E1	/fsx/analysis_results/prod-cand-1703/prod-cand-1703-hg002-bjuice-v2-multiau-20260814T114522Z	results/day/hg38/HG002-f277f1cckvy1xb/align/sentmm2ont/na/snv/sentdhiomr2/segdup/HG002-f277f1cckvy1xb/CYP2D6/HG002-f277f1cckvy1xb.CYP2D6.result.vcf.gz	12447	1786712452	ec3287371627bee32358ee81f5831f52bcfc29104e443b3c45f59874336d92a3
E1	/fsx/analysis_results/prod-cand-1703/prod-cand-1703-hg002-bjuice-v2-multiau-20260814T114522Z	results/day/hg38/HG002-f277f1cckvy1xb/align/sentmm2ont/na/snv/sentdhiomr2/segdup/HG002-f277f1cckvy1xb/CYP2D6/HG002-f277f1cckvy1xb.CYP2D6.result.vcf.gz.tbi	166	1786712452	2293c281cf125c1fa192535783526002cadecc2190cbc9f31517abd87f6da5dc
E1	/fsx/analysis_results/prod-cand-1703/prod-cand-1703-hg002-bjuice-v2-multiau-20260814T114522Z	results/day/hg38/HG002-f277f1cckvy1xb/align/sentmm2ont/na/snv/sentdhiomr2/segdup/HG002-f277f1cckvy1xb/CYP2D6/HG002-f277f1cckvy1xb.CYP2D6.yaml	1922	1786712452	66f10dbf0e00cf3c7e371f4e978b501fc4ae7e00f994d9649cdf36ae10c0cf2a
E1	/fsx/analysis_results/prod-cand-1703/prod-cand-1703-hg002-bjuice-v2-multiau-20260814T114522Z	results/day/hg38/HG002-f277f1cckvy1xb/align/sentmm2ont/na/snv/sentdhiomr2/segdup/HG002-f277f1cckvy1xb/GBA/HG002-f277f1cckvy1xb.GBA.done	32	1786712187	499c5876e9829a58834f6df72d3f63df3805a009b7ec8552a620c15326f3dfcb
E1	/fsx/analysis_results/prod-cand-1703/prod-cand-1703-hg002-bjuice-v2-multiau-20260814T114522Z	results/day/hg38/HG002-f277f1cckvy1xb/align/sentmm2ont/na/snv/sentdhiomr2/segdup/HG002-f277f1cckvy1xb/GBA/HG002-f277f1cckvy1xb.GBA.result.vcf.gz	5603	1786712187	603729cf75d5389eb55412f73c58766cbcd9f9fcb91350d96a70a461b22f0209
E1	/fsx/analysis_results/prod-cand-1703/prod-cand-1703-hg002-bjuice-v2-multiau-20260814T114522Z	results/day/hg38/HG002-f277f1cckvy1xb/align/sentmm2ont/na/snv/sentdhiomr2/segdup/HG002-f277f1cckvy1xb/GBA/HG002-f277f1cckvy1xb.GBA.result.vcf.gz.tbi	288	1786712187	8267e30ba7b5a9542536dc49449a4b8083dc6cc98204f0539f00ba0d99b8c00a
E1	/fsx/analysis_results/prod-cand-1703/prod-cand-1703-hg002-bjuice-v2-multiau-20260814T114522Z	results/day/hg38/HG002-f277f1cckvy1xb/align/sentmm2ont/na/snv/sentdhiomr2/segdup/HG002-f277f1cckvy1xb/GBA/HG002-f277f1cckvy1xb.GBA.yaml	1703	1786712187	03a9d6ccd44d1f8f4aeaa2f9d2f760c53a670a37994878fa2d7fb6f5b1f33249
E1	/fsx/analysis_results/prod-cand-1703/prod-cand-1703-hg002-bjuice-v2-multiau-20260814T114522Z	results/day/hg38/HG002-f277f1cckvy1xb/align/sentmm2ont/na/snv/sentdhiomr2/segdup/HG002-f277f1cckvy1xb/HBA/HG002-f277f1cckvy1xb.HBA.done	32	1786712144	f9a18f4250abed23e04ba76a88571bf89bd9f23d7c3798cfbb4dff0f5b9cbd38
E1	/fsx/analysis_results/prod-cand-1703/prod-cand-1703-hg002-bjuice-v2-multiau-20260814T114522Z	results/day/hg38/HG002-f277f1cckvy1xb/align/sentmm2ont/na/snv/sentdhiomr2/segdup/HG002-f277f1cckvy1xb/HBA/HG002-f277f1cckvy1xb.HBA.result.vcf.gz	4613	1786712144	1c53a29b21898d4c4889bdf5c77b0d4a4dc26a6ec20b4132dd281b6c402cd73d
E1	/fsx/analysis_results/prod-cand-1703/prod-cand-1703-hg002-bjuice-v2-multiau-20260814T114522Z	results/day/hg38/HG002-f277f1cckvy1xb/align/sentmm2ont/na/snv/sentdhiomr2/segdup/HG002-f277f1cckvy1xb/HBA/HG002-f277f1cckvy1xb.HBA.result.vcf.gz.tbi	98	1786712144	381be79b8087ca5fdd14f985e4c480c20fd3894d037c92dc4a975017d52e487b
E1	/fsx/analysis_results/prod-cand-1703/prod-cand-1703-hg002-bjuice-v2-multiau-20260814T114522Z	results/day/hg38/HG002-f277f1cckvy1xb/align/sentmm2ont/na/snv/sentdhiomr2/segdup/HG002-f277f1cckvy1xb/HBA/HG002-f277f1cckvy1xb.HBA.yaml	1807	1786712144	0f6a50eef15c9c6cf303439086c8053be443efc75bf3310a40b94ee2322f181b
E1	/fsx/analysis_results/prod-cand-1703/prod-cand-1703-hg002-bjuice-v2-multiau-20260814T114522Z	results/day/hg38/HG002-f277f1cckvy1xb/align/sentmm2ont/na/snv/sentdhiomr2/segdup/HG002-f277f1cckvy1xb/IKBKG/HG002-f277f1cckvy1xb.IKBKG.done	34	1786712488	4b0b47d77d3c497e6222e449353a893841f9b0cb5dcba24db9ae1be66788a834
E1	/fsx/analysis_results/prod-cand-1703/prod-cand-1703-hg002-bjuice-v2-multiau-20260814T114522Z	results/day/hg38/HG002-f277f1cckvy1xb/align/sentmm2ont/na/snv/sentdhiomr2/segdup/HG002-f277f1cckvy1xb/IKBKG/HG002-f277f1cckvy1xb.IKBKG.yaml	2090	1786712488	cb247ba377c1e638e1dc26d6ddd574ea3347a5830bf757a76af57d3ff82d5fe4
E1	/fsx/analysis_results/prod-cand-1703/prod-cand-1703-hg002-bjuice-v2-multiau-20260814T114522Z	results/day/hg38/HG002-f277f1cckvy1xb/align/sentmm2ont/na/snv/sentdhiomr2/segdup/HG002-f277f1cckvy1xb/LPA/HG002-f277f1cckvy1xb.LPA.done	32	1786712121	4137cd03d2a1259175faabedcb649bf48b795a3dbc8fb9d0aaf83cdb03cd6283
E1	/fsx/analysis_results/prod-cand-1703/prod-cand-1703-hg002-bjuice-v2-multiau-20260814T114522Z	results/day/hg38/HG002-f277f1cckvy1xb/align/sentmm2ont/na/snv/sentdhiomr2/segdup/HG002-f277f1cckvy1xb/LPA/HG002-f277f1cckvy1xb.LPA.yaml	6092	1786712121	5a73b9eabd7ed6750d074b59cc46fd39cf7bd876beefaf214192cfd27292b507
E1	/fsx/analysis_results/prod-cand-1703/prod-cand-1703-hg002-bjuice-v2-multiau-20260814T114522Z	results/day/hg38/HG002-f277f1cckvy1xb/align/sentmm2ont/na/snv/sentdhiomr2/segdup/HG002-f277f1cckvy1xb/NCF1/HG002-f277f1cckvy1xb.NCF1.done	33	1786712568	eb362f1ff3853eb0775350fa48a7035faa1989910ca2cdcaa79ec0a2d2cc3313
E1	/fsx/analysis_results/prod-cand-1703/prod-cand-1703-hg002-bjuice-v2-multiau-20260814T114522Z	results/day/hg38/HG002-f277f1cckvy1xb/align/sentmm2ont/na/snv/sentdhiomr2/segdup/HG002-f277f1cckvy1xb/NCF1/HG002-f277f1cckvy1xb.NCF1.result.vcf.gz	7920	1786712568	45789b35a749ff42196935c6666176dcc126090dc212ff178b5c8295c0b0c6ea
E1	/fsx/analysis_results/prod-cand-1703/prod-cand-1703-hg002-bjuice-v2-multiau-20260814T114522Z	results/day/hg38/HG002-f277f1cckvy1xb/align/sentmm2ont/na/snv/sentdhiomr2/segdup/HG002-f277f1cckvy1xb/NCF1/HG002-f277f1cckvy1xb.NCF1.result.vcf.gz.tbi	193	1786712568	59ea8a79a19d2ab34e7cb809ffdade6700dcd85d45be1481a76e5b1da03d2391
E1	/fsx/analysis_results/prod-cand-1703/prod-cand-1703-hg002-bjuice-v2-multiau-20260814T114522Z	results/day/hg38/HG002-f277f1cckvy1xb/align/sentmm2ont/na/snv/sentdhiomr2/segdup/HG002-f277f1cckvy1xb/NCF1/HG002-f277f1cckvy1xb.NCF1.yaml	1579	1786712568	99795bd72842154cc6402c7d3d0b370d02640850ab858b1b6356b414d7d830c8
E1	/fsx/analysis_results/prod-cand-1703/prod-cand-1703-hg002-bjuice-v2-multiau-20260814T114522Z	results/day/hg38/HG002-f277f1cckvy1xb/align/sentmm2ont/na/snv/sentdhiomr2/segdup/HG002-f277f1cckvy1xb/OTOA/HG002-f277f1cckvy1xb.OTOA.done	33	1786712237	68c1d38708f1ca06116a1136a9b11b083a99a423f816fe01ba6684bb3b50dde9
E1	/fsx/analysis_results/prod-cand-1703/prod-cand-1703-hg002-bjuice-v2-multiau-20260814T114522Z	results/day/hg38/HG002-f277f1cckvy1xb/align/sentmm2ont/na/snv/sentdhiomr2/segdup/HG002-f277f1cckvy1xb/OTOA/HG002-f277f1cckvy1xb.OTOA.result.vcf.gz	8447	1786712237	6f33ccdf64d3052b2234d5008c7cbd12934e599721ce06467e61eb6a19590af7
E1	/fsx/analysis_results/prod-cand-1703/prod-cand-1703-hg002-bjuice-v2-multiau-20260814T114522Z	results/day/hg38/HG002-f277f1cckvy1xb/align/sentmm2ont/na/snv/sentdhiomr2/segdup/HG002-f277f1cckvy1xb/OTOA/HG002-f277f1cckvy1xb.OTOA.result.vcf.gz.tbi	175	1786712237	9e461c1a160b942d5413694624a5d515b47f85904d43e8b78fb8622672b9e25e
E1	/fsx/analysis_results/prod-cand-1703/prod-cand-1703-hg002-bjuice-v2-multiau-20260814T114522Z	results/day/hg38/HG002-f277f1cckvy1xb/align/sentmm2ont/na/snv/sentdhiomr2/segdup/HG002-f277f1cckvy1xb/OTOA/HG002-f277f1cckvy1xb.OTOA.yaml	2229	1786712237	4092afaade4d2e603bd1f8425daf90c04ca1b907c35f991349bcdb382ff9e1bd
E1	/fsx/analysis_results/prod-cand-1703/prod-cand-1703-hg002-bjuice-v2-multiau-20260814T114522Z	results/day/hg38/HG002-f277f1cckvy1xb/align/sentmm2ont/na/snv/sentdhiomr2/segdup/HG002-f277f1cckvy1xb/PMS2/HG002-f277f1cckvy1xb.PMS2.done	33	1786712064	2c0a7829ef37e6333ff9e20f3fbc245fa799e6f45625d3e33721bf4ac3c76e12
E1	/fsx/analysis_results/prod-cand-1703/prod-cand-1703-hg002-bjuice-v2-multiau-20260814T114522Z	results/day/hg38/HG002-f277f1cckvy1xb/align/sentmm2ont/na/snv/sentdhiomr2/segdup/HG002-f277f1cckvy1xb/PMS2/HG002-f277f1cckvy1xb.PMS2.result.vcf.gz	14322	1786712064	8e48a06303877e2e1ff18e5ecbee27ecb700a44abddb0bc195807db27d2e12fe
E1	/fsx/analysis_results/prod-cand-1703/prod-cand-1703-hg002-bjuice-v2-multiau-20260814T114522Z	results/day/hg38/HG002-f277f1cckvy1xb/align/sentmm2ont/na/snv/sentdhiomr2/segdup/HG002-f277f1cckvy1xb/PMS2/HG002-f277f1cckvy1xb.PMS2.result.vcf.gz.tbi	134	1786712064	07885b5bebfb0c5bbf2c87b34c17eb2fc2df002297bbfa77f0750d1b3738f685
E1	/fsx/analysis_results/prod-cand-1703/prod-cand-1703-hg002-bjuice-v2-multiau-20260814T114522Z	results/day/hg38/HG002-f277f1cckvy1xb/align/sentmm2ont/na/snv/sentdhiomr2/segdup/HG002-f277f1cckvy1xb/PMS2/HG002-f277f1cckvy1xb.PMS2.yaml	3252	1786712064	f4c1a992a4a1fcbfc6b2af928d4eaa65a9a8f0663872e42bfe325d716cc301ff
E1	/fsx/analysis_results/prod-cand-1703/prod-cand-1703-hg002-bjuice-v2-multiau-20260814T114522Z	results/day/hg38/HG002-f277f1cckvy1xb/align/sentmm2ont/na/snv/sentdhiomr2/segdup/HG002-f277f1cckvy1xb/RCCX/HG002-f277f1cckvy1xb.RCCX.done	33	1786712276	def97efc51b14388fbe01e607b6969eec2976ff117c5ecacb4d0a465fa973e82
E1	/fsx/analysis_results/prod-cand-1703/prod-cand-1703-hg002-bjuice-v2-multiau-20260814T114522Z	results/day/hg38/HG002-f277f1cckvy1xb/align/sentmm2ont/na/snv/sentdhiomr2/segdup/HG002-f277f1cckvy1xb/RCCX/HG002-f277f1cckvy1xb.RCCX.result.vcf.gz	13963	1786712276	922338b132e0774b399d5f88f2374bb92135d1643d30ae1ddda6cdd8eab500c4
E1	/fsx/analysis_results/prod-cand-1703/prod-cand-1703-hg002-bjuice-v2-multiau-20260814T114522Z	results/day/hg38/HG002-f277f1cckvy1xb/align/sentmm2ont/na/snv/sentdhiomr2/segdup/HG002-f277f1cckvy1xb/RCCX/HG002-f277f1cckvy1xb.RCCX.result.vcf.gz.tbi	176	1786712276	2126355889e851b6be6ccaddb4c5b3596b95c97d731f628ad17e71f6cfb7a6ac
E1	/fsx/analysis_results/prod-cand-1703/prod-cand-1703-hg002-bjuice-v2-multiau-20260814T114522Z	results/day/hg38/HG002-f277f1cckvy1xb/align/sentmm2ont/na/snv/sentdhiomr2/segdup/HG002-f277f1cckvy1xb/RCCX/HG002-f277f1cckvy1xb.RCCX.yaml	2964	1786712276	e4dc266b7886579b62c5ade6fa57511a9597c11ddb69c0648cb7cd602821cf77
E1	/fsx/analysis_results/prod-cand-1703/prod-cand-1703-hg002-bjuice-v2-multiau-20260814T114522Z	results/day/hg38/HG002-f277f1cckvy1xb/align/sentmm2ont/na/snv/sentdhiomr2/segdup/HG002-f277f1cckvy1xb/RH/HG002-f277f1cckvy1xb.RH.done	31	1786712341	8b0e22de9f2c56973affe66793ef5c1490b73110b109cf73352d1b26422c6fca
E1	/fsx/analysis_results/prod-cand-1703/prod-cand-1703-hg002-bjuice-v2-multiau-20260814T114522Z	results/day/hg38/HG002-f277f1cckvy1xb/align/sentmm2ont/na/snv/sentdhiomr2/segdup/HG002-f277f1cckvy1xb/RH/HG002-f277f1cckvy1xb.RH.result.vcf.gz	9757	1786712341	516e173a0a9a58bd66606d5a490ebb0f27908592f2ae37fa969a86c5b4c18df5
E1	/fsx/analysis_results/prod-cand-1703/prod-cand-1703-hg002-bjuice-v2-multiau-20260814T114522Z	results/day/hg38/HG002-f277f1cckvy1xb/align/sentmm2ont/na/snv/sentdhiomr2/segdup/HG002-f277f1cckvy1xb/RH/HG002-f277f1cckvy1xb.RH.result.vcf.gz.tbi	169	1786712341	6a1753c8f6deae01f2f45f0eadcd473dab3544fdd217416cd6d53f6ceb62fcbd
E1	/fsx/analysis_results/prod-cand-1703/prod-cand-1703-hg002-bjuice-v2-multiau-20260814T114522Z	results/day/hg38/HG002-f277f1cckvy1xb/align/sentmm2ont/na/snv/sentdhiomr2/segdup/HG002-f277f1cckvy1xb/RH/HG002-f277f1cckvy1xb.RH.yaml	1755	1786712341	3fbca0d2536ff4b19d7524ffbc35a1f8d2ef3890a86be25fb8da31f2f55fab31
E1	/fsx/analysis_results/prod-cand-1703/prod-cand-1703-hg002-bjuice-v2-multiau-20260814T114522Z	results/day/hg38/HG002-f277f1cckvy1xb/align/sentmm2ont/na/snv/sentdhiomr2/segdup/HG002-f277f1cckvy1xb/SBDS/HG002-f277f1cckvy1xb.SBDS.done	33	1786712252	7575b2b1b7f0df89b5aabbb5a8a99c7fd82d2ed8baf22f73c5bb30f625a3dbe1
E1	/fsx/analysis_results/prod-cand-1703/prod-cand-1703-hg002-bjuice-v2-multiau-20260814T114522Z	results/day/hg38/HG002-f277f1cckvy1xb/align/sentmm2ont/na/snv/sentdhiomr2/segdup/HG002-f277f1cckvy1xb/SBDS/HG002-f277f1cckvy1xb.SBDS.result.vcf.gz	4369	1786712252	5a503fbc7d2c3ba806ab92be76fefa74f4f057471e3a61f73692a39b154b903f
E1	/fsx/analysis_results/prod-cand-1703/prod-cand-1703-hg002-bjuice-v2-multiau-20260814T114522Z	results/day/hg38/HG002-f277f1cckvy1xb/align/sentmm2ont/na/snv/sentdhiomr2/segdup/HG002-f277f1cckvy1xb/SBDS/HG002-f277f1cckvy1xb.SBDS.result.vcf.gz.tbi	185	1786712252	841c92e3d12dcb26ddc765a834ee98906c8a3aa5a11a2cebb42e511d2a5875c4
E1	/fsx/analysis_results/prod-cand-1703/prod-cand-1703-hg002-bjuice-v2-multiau-20260814T114522Z	results/day/hg38/HG002-f277f1cckvy1xb/align/sentmm2ont/na/snv/sentdhiomr2/segdup/HG002-f277f1cckvy1xb/SBDS/HG002-f277f1cckvy1xb.SBDS.yaml	2173	1786712252	40b34e8b10365ac6256f0258202f3150534bf63a1308b6903a2955d845a46007
E1	/fsx/analysis_results/prod-cand-1703/prod-cand-1703-hg002-bjuice-v2-multiau-20260814T114522Z	results/day/hg38/HG002-f277f1cckvy1xb/align/sentmm2ont/na/snv/sentdhiomr2/segdup/HG002-f277f1cckvy1xb/SMN1/HG002-f277f1cckvy1xb.SMN1.done	33	1786712135	cb012bdeb144dffb504c8492291c0c703fe4ced4064026e04fe63e1104097d06
E1	/fsx/analysis_results/prod-cand-1703/prod-cand-1703-hg002-bjuice-v2-multiau-20260814T114522Z	results/day/hg38/HG002-f277f1cckvy1xb/align/sentmm2ont/na/snv/sentdhiomr2/segdup/HG002-f277f1cckvy1xb/SMN1/HG002-f277f1cckvy1xb.SMN1.result.vcf.gz	8781	1786712135	09536cefb67a1b800f0eda1d9f228d7a0672c53465164a484f97a241d48337bb
E1	/fsx/analysis_results/prod-cand-1703/prod-cand-1703-hg002-bjuice-v2-multiau-20260814T114522Z	results/day/hg38/HG002-f277f1cckvy1xb/align/sentmm2ont/na/snv/sentdhiomr2/segdup/HG002-f277f1cckvy1xb/SMN1/HG002-f277f1cckvy1xb.SMN1.result.vcf.gz.tbi	199	1786712135	417e04a0e85ff9139e3e97c603287be6ba056a31afab6b27ace45a54c68385c3
E1	/fsx/analysis_results/prod-cand-1703/prod-cand-1703-hg002-bjuice-v2-multiau-20260814T114522Z	results/day/hg38/HG002-f277f1cckvy1xb/align/sentmm2ont/na/snv/sentdhiomr2/segdup/HG002-f277f1cckvy1xb/SMN1/HG002-f277f1cckvy1xb.SMN1.yaml	1580	1786712135	1cb37ab53a4d6604faee0b577a04ca64ac93901526ebc3913b954a015181cea9
E1	/fsx/analysis_results/prod-cand-1703/prod-cand-1703-hg002-bjuice-v2-multiau-20260814T114522Z	results/day/hg38/HG002-f277f1cckvy1xb/align/sentmm2ont/na/snv/sentdhiomr2/segdup/HG002-f277f1cckvy1xb/STRC/HG002-f277f1cckvy1xb.STRC.done	33	1786712076	de12494929617b5cc57839367dc26941e31fde95640eaf13b497d699d327765e
E1	/fsx/analysis_results/prod-cand-1703/prod-cand-1703-hg002-bjuice-v2-multiau-20260814T114522Z	results/day/hg38/HG002-f277f1cckvy1xb/align/sentmm2ont/na/snv/sentdhiomr2/segdup/HG002-f277f1cckvy1xb/STRC/HG002-f277f1cckvy1xb.STRC.result.vcf.gz	8821	1786712076	1f55fb16a051c2e12440c469d1718de6fd68f62569237aa2e975a37b79786901
E1	/fsx/analysis_results/prod-cand-1703/prod-cand-1703-hg002-bjuice-v2-multiau-20260814T114522Z	results/day/hg38/HG002-f277f1cckvy1xb/align/sentmm2ont/na/snv/sentdhiomr2/segdup/HG002-f277f1cckvy1xb/STRC/HG002-f277f1cckvy1xb.STRC.result.vcf.gz.tbi	181	1786712076	4016cdc13d0b28903b8dd4b991b7b91267bb4bcb5286ad60950802e081140154
E1	/fsx/analysis_results/prod-cand-1703/prod-cand-1703-hg002-bjuice-v2-multiau-20260814T114522Z	results/day/hg38/HG002-f277f1cckvy1xb/align/sentmm2ont/na/snv/sentdhiomr2/segdup/HG002-f277f1cckvy1xb/STRC/HG002-f277f1cckvy1xb.STRC.yaml	2165	1786712076	a9077c5d78bd789fa48cec91cca444db1e37e6c0eb76987b76311bdbd07cf98e
E1	/fsx/analysis_results/prod-cand-1703/prod-cand-1703-hg002-bjuice-v2-multiau-20260814T114522Z	results/day/hg38/HG002-f277f1cckvy1xb/align/sentmm2ont/na/snv/sentdhiomr2/slim-consensus/prepared/smn12/HG002-f277f1cckvy1xb.smn12.normalized.json	1688	1786710690	e7878b5888a3d70fa7e29ada79cf5ce83b28ffc72bfd6843703a206af88684bc
E1	/fsx/analysis_results/prod-cand-1703/prod-cand-1703-hg002-bjuice-v2-multiau-20260814T114522Z	results/day/hg38/HG002-f277f1cckvy1xb/align/sentmm2ont/na/snv/sentdhiomr2/slim-consensus/truvari/HG002-f277f1cckvy1xb/queries/longreadsv/truvari/summary.json	925	1786716296	838326b739b06a434334b1f22f07597b0b5601dae5b37338c1876ce145a93dcf
E1	/fsx/analysis_results/prod-cand-1703/prod-cand-1703-hg002-bjuice-v2-multiau-20260814T114522Z	results/day/hg38/HG002-f277f1cckvy1xb/align/sentmm2ont/na/snv/sentdhiomr2/slim-consensus/truvari/HG002-f277f1cckvy1xb/queries/sniffles2/truvari/summary.json	740	1786709381	9b8612bef056550ec745db3c8553bf3f43acdb7cbf504785fccf7be88915b7be
E1	/fsx/analysis_results/prod-cand-1703/prod-cand-1703-hg002-bjuice-v2-multiau-20260814T114522Z	results/day/hg38/HG002-f277f1cckvy1xb/align/sentmm2ont/na/snv/sentdhiomr2/slim-consensus/truvari/HG002-f277f1cckvy1xb/queries/tagged_trussv/truvari/summary.json	926	1786717549	9d9b60259e9dfa217dabf710cbb935c4efe5460053abc2676a9d35481b033403
E1	/fsx/analysis_results/prod-cand-1703/prod-cand-1703-hg002-bjuice-v2-multiau-20260814T114522Z	results/day/hg38/HG002-f277f1cckvy1xb/align/sentmm2ont/na/snv/sentdhiomr2/slim-consensus/truvari/HG002-f277f1cckvy1xb/queries/tiddit/truvari/summary.json	702	1786712681	1fa1b7d8e4b1e31cbc3e69a97726d065c53f7240ffa59d5c5d2d31f43da9d469
E1	/fsx/analysis_results/prod-cand-1703/prod-cand-1703-hg002-bjuice-v2-multiau-20260814T114522Z	results/day/hg38/HG002-fjg1n22920ymw4/align/sentdhiomr2lr/na/alignqc/mosdepth/HG002-fjg1n22920ymw4.sentdhiomr2lr.na.mosdepth.summary.txt	14251	1786709212	f41c23c240d4bb62934c64147450160fe39a80364e08a2f461a50da0ff05ba27
E1	/fsx/analysis_results/prod-cand-1703/prod-cand-1703-hg002-bjuice-v2-multiau-20260814T114522Z	results/day/hg38/HG002-fjg1n22920ymw4/align/sentdhiomr2rsr/na/alignqc/mosdepth/HG002-fjg1n22920ymw4.sentdhiomr2rsr.na.mosdepth.summary.txt	18273	1786716131	4092890ff450c5db3511b3dc9a6fe1a85bbbdda344d0760613827ca0d3070796
E1	/fsx/analysis_results/prod-cand-1703/prod-cand-1703-hg002-bjuice-v2-multiau-20260814T114522Z	results/day/hg38/HG002-fjg1n22920ymw4/align/sentdhiomr2sr/smd/htd/smn12/HG002-fjg1n22920ymw4.sentdhiomr2sr.smd.smn12.summary.json	834	1786710551	90f82ef31b656e956091bb44ae210e76cd2c1ae6d5057bf1cb6e9a0beaf5c93d
E1	/fsx/analysis_results/prod-cand-1703/prod-cand-1703-hg002-bjuice-v2-multiau-20260814T114522Z	results/day/hg38/HG002-fjg1n22920ymw4/align/sentdhiomr2sr/smd/htd/smn12/HG002-fjg1n22920ymw4.sentdhiomr2sr.smd.smn12.summary.tsv	264	1786710499	c9345967a6f7c955062d5b5e44e29314eacc2e8575d0f276462136e2ec286fda
E1	/fsx/analysis_results/prod-cand-1703/prod-cand-1703-hg002-bjuice-v2-multiau-20260814T114522Z	results/day/hg38/HG002-fjg1n22920ymw4/align/sentmm2ont/na/snv/sentdhiomr2/concordance/_giabHC/snv_HG002-fjg1n22920ymw4_giabHC_concordance.mqc.tsv	3644	1786717652	e032558a87da484e902b1d2d96b3f5ed3cc37911e0cd1e4e5c285dce285db833
E1	/fsx/analysis_results/prod-cand-1703/prod-cand-1703-hg002-bjuice-v2-multiau-20260814T114522Z	results/day/hg38/HG002-fjg1n22920ymw4/align/sentmm2ont/na/snv/sentdhiomr2/segdup/HG002-fjg1n22920ymw4/CFH/HG002-fjg1n22920ymw4.CFH.done	32	1786711502	4b57c569722f4f390d00b1f5d2d3dfab090236f1ca3f4f6bb76d514a3106153f
E1	/fsx/analysis_results/prod-cand-1703/prod-cand-1703-hg002-bjuice-v2-multiau-20260814T114522Z	results/day/hg38/HG002-fjg1n22920ymw4/align/sentmm2ont/na/snv/sentdhiomr2/segdup/HG002-fjg1n22920ymw4/CFH/HG002-fjg1n22920ymw4.CFH.result.vcf.gz	39974	1786711502	de2ce7552b6be676c479d617205e80ae8eaf07accf4ad441ee4d0027b94e227b
E1	/fsx/analysis_results/prod-cand-1703/prod-cand-1703-hg002-bjuice-v2-multiau-20260814T114522Z	results/day/hg38/HG002-fjg1n22920ymw4/align/sentmm2ont/na/snv/sentdhiomr2/segdup/HG002-fjg1n22920ymw4/CFH/HG002-fjg1n22920ymw4.CFH.result.vcf.gz.tbi	393	1786711502	a05fc242289f2989d3f49c26beaabc7c9ee3f8a9ba839fcc9edda6ca6a3f1df7
E1	/fsx/analysis_results/prod-cand-1703/prod-cand-1703-hg002-bjuice-v2-multiau-20260814T114522Z	results/day/hg38/HG002-fjg1n22920ymw4/align/sentmm2ont/na/snv/sentdhiomr2/segdup/HG002-fjg1n22920ymw4/CFH/HG002-fjg1n22920ymw4.CFH.yaml	1829	1786711502	15a9afce55c781e8ccf95cce2c4d0238fd57be707bb55142e92ea3a86f10060c
E1	/fsx/analysis_results/prod-cand-1703/prod-cand-1703-hg002-bjuice-v2-multiau-20260814T114522Z	results/day/hg38/HG002-fjg1n22920ymw4/align/sentmm2ont/na/snv/sentdhiomr2/segdup/HG002-fjg1n22920ymw4/CYP11B1/HG002-fjg1n22920ymw4.CYP11B1.done	36	1786712076	f7af4438026327204db5f578af844b26675f26676bd704658b58a37b8a98a5c8
E1	/fsx/analysis_results/prod-cand-1703/prod-cand-1703-hg002-bjuice-v2-multiau-20260814T114522Z	results/day/hg38/HG002-fjg1n22920ymw4/align/sentmm2ont/na/snv/sentdhiomr2/segdup/HG002-fjg1n22920ymw4/CYP11B1/HG002-fjg1n22920ymw4.CYP11B1.result.vcf.gz	10157	1786712076	8062a102421ada9a5841ea60978d3c28b33b0e23ec5c7ef036199dd9f07389de
E1	/fsx/analysis_results/prod-cand-1703/prod-cand-1703-hg002-bjuice-v2-multiau-20260814T114522Z	results/day/hg38/HG002-fjg1n22920ymw4/align/sentmm2ont/na/snv/sentdhiomr2/segdup/HG002-fjg1n22920ymw4/CYP11B1/HG002-fjg1n22920ymw4.CYP11B1.result.vcf.gz.tbi	278	1786712076	9874d0208aa2c5ada82159a8c8e9e585cc399f72dd7459ea86cd28663e269f58
E1	/fsx/analysis_results/prod-cand-1703/prod-cand-1703-hg002-bjuice-v2-multiau-20260814T114522Z	results/day/hg38/HG002-fjg1n22920ymw4/align/sentmm2ont/na/snv/sentdhiomr2/segdup/HG002-fjg1n22920ymw4/CYP11B1/HG002-fjg1n22920ymw4.CYP11B1.yaml	1608	1786712076	28ddb277d49f8cf811547aa78f5d213ee016d625a66a83f45f3fa81ee4d2cad8
E1	/fsx/analysis_results/prod-cand-1703/prod-cand-1703-hg002-bjuice-v2-multiau-20260814T114522Z	results/day/hg38/HG002-fjg1n22920ymw4/align/sentmm2ont/na/snv/sentdhiomr2/segdup/HG002-fjg1n22920ymw4/CYP2A6/HG002-fjg1n22920ymw4.CYP2A6.done	35	1786711362	a7ed310d4a4e99a32a77f8236ab1287f7b8f9ba6176e8ebe44697e87b1ccbd60
E1	/fsx/analysis_results/prod-cand-1703/prod-cand-1703-hg002-bjuice-v2-multiau-20260814T114522Z	results/day/hg38/HG002-fjg1n22920ymw4/align/sentmm2ont/na/snv/sentdhiomr2/segdup/HG002-fjg1n22920ymw4/CYP2A6/HG002-fjg1n22920ymw4.CYP2A6.result.vcf.gz	7573	1786711362	0878a4610728b6989d2090025e626c47015d5388bf277d3e20804a6acfb0ce1a
E1	/fsx/analysis_results/prod-cand-1703/prod-cand-1703-hg002-bjuice-v2-multiau-20260814T114522Z	results/day/hg38/HG002-fjg1n22920ymw4/align/sentmm2ont/na/snv/sentdhiomr2/segdup/HG002-fjg1n22920ymw4/CYP2A6/HG002-fjg1n22920ymw4.CYP2A6.result.vcf.gz.tbi	169	1786711362	8801ef2fe4e4a30bc49cd9a18761f877b978cc64ed56fcfdfc766bebc0d38358
E1	/fsx/analysis_results/prod-cand-1703/prod-cand-1703-hg002-bjuice-v2-multiau-20260814T114522Z	results/day/hg38/HG002-fjg1n22920ymw4/align/sentmm2ont/na/snv/sentdhiomr2/segdup/HG002-fjg1n22920ymw4/CYP2A6/HG002-fjg1n22920ymw4.CYP2A6.yaml	2409	1786711362	00eaeb98831e570893ab25cf55763f00cea9f9ca401690fb028a0280b95b5849
E1	/fsx/analysis_results/prod-cand-1703/prod-cand-1703-hg002-bjuice-v2-multiau-20260814T114522Z	results/day/hg38/HG002-fjg1n22920ymw4/align/sentmm2ont/na/snv/sentdhiomr2/segdup/HG002-fjg1n22920ymw4/CYP2B6/HG002-fjg1n22920ymw4.CYP2B6.done	35	1786711466	58e20a66984cc5991d6ed656069d27564352d5d6008209ea130ca7f4c32f6e0e
E1	/fsx/analysis_results/prod-cand-1703/prod-cand-1703-hg002-bjuice-v2-multiau-20260814T114522Z	results/day/hg38/HG002-fjg1n22920ymw4/align/sentmm2ont/na/snv/sentdhiomr2/segdup/HG002-fjg1n22920ymw4/CYP2B6/HG002-fjg1n22920ymw4.CYP2B6.result.vcf.gz	10503	1786711466	56d36c03c041ca35fef95b18f190dc1ab991027df6f2116079e91010696f6c6b
E1	/fsx/analysis_results/prod-cand-1703/prod-cand-1703-hg002-bjuice-v2-multiau-20260814T114522Z	results/day/hg38/HG002-fjg1n22920ymw4/align/sentmm2ont/na/snv/sentdhiomr2/segdup/HG002-fjg1n22920ymw4/CYP2B6/HG002-fjg1n22920ymw4.CYP2B6.result.vcf.gz.tbi	178	1786711466	2ad63e91206ca4024038b19440b387a2c1a2c3d5f0fa7440904f1356f4fe0bb4
E1	/fsx/analysis_results/prod-cand-1703/prod-cand-1703-hg002-bjuice-v2-multiau-20260814T114522Z	results/day/hg38/HG002-fjg1n22920ymw4/align/sentmm2ont/na/snv/sentdhiomr2/segdup/HG002-fjg1n22920ymw4/CYP2B6/HG002-fjg1n22920ymw4.CYP2B6.yaml	1962	1786711466	16b2e92adef1a626bfdaa7b3c5f011338fea96913050e78b20c31f821c3a9101
E1	/fsx/analysis_results/prod-cand-1703/prod-cand-1703-hg002-bjuice-v2-multiau-20260814T114522Z	results/day/hg38/HG002-fjg1n22920ymw4/align/sentmm2ont/na/snv/sentdhiomr2/segdup/HG002-fjg1n22920ymw4/CYP2D6/HG002-fjg1n22920ymw4.CYP2D6.done	35	1786712534	d51c395add49b6233820d2e9b502cfcd5d3702938b2d4031aab3ffcc40efefe4
E1	/fsx/analysis_results/prod-cand-1703/prod-cand-1703-hg002-bjuice-v2-multiau-20260814T114522Z	results/day/hg38/HG002-fjg1n22920ymw4/align/sentmm2ont/na/snv/sentdhiomr2/segdup/HG002-fjg1n22920ymw4/CYP2D6/HG002-fjg1n22920ymw4.CYP2D6.result.vcf.gz	12446	1786712534	b8bfb4445cbc4281fda3ae9e9c496ce77742dfed7cde06bd43bd7e171b53014c
E1	/fsx/analysis_results/prod-cand-1703/prod-cand-1703-hg002-bjuice-v2-multiau-20260814T114522Z	results/day/hg38/HG002-fjg1n22920ymw4/align/sentmm2ont/na/snv/sentdhiomr2/segdup/HG002-fjg1n22920ymw4/CYP2D6/HG002-fjg1n22920ymw4.CYP2D6.result.vcf.gz.tbi	166	1786712534	2293c281cf125c1fa192535783526002cadecc2190cbc9f31517abd87f6da5dc
E1	/fsx/analysis_results/prod-cand-1703/prod-cand-1703-hg002-bjuice-v2-multiau-20260814T114522Z	results/day/hg38/HG002-fjg1n22920ymw4/align/sentmm2ont/na/snv/sentdhiomr2/segdup/HG002-fjg1n22920ymw4/CYP2D6/HG002-fjg1n22920ymw4.CYP2D6.yaml	1921	1786712534	402ca6435867bec9e9a9a3ddcab730edc355da0568dcc1b2bc33c56f56686350
E1	/fsx/analysis_results/prod-cand-1703/prod-cand-1703-hg002-bjuice-v2-multiau-20260814T114522Z	results/day/hg38/HG002-fjg1n22920ymw4/align/sentmm2ont/na/snv/sentdhiomr2/segdup/HG002-fjg1n22920ymw4/GBA/HG002-fjg1n22920ymw4.GBA.done	32	1786711675	499c5876e9829a58834f6df72d3f63df3805a009b7ec8552a620c15326f3dfcb
E1	/fsx/analysis_results/prod-cand-1703/prod-cand-1703-hg002-bjuice-v2-multiau-20260814T114522Z	results/day/hg38/HG002-fjg1n22920ymw4/align/sentmm2ont/na/snv/sentdhiomr2/segdup/HG002-fjg1n22920ymw4/GBA/HG002-fjg1n22920ymw4.GBA.result.vcf.gz	5602	1786711675	72973cf40c76d1700d65073e67c0cd89c943ed5a04047740bfb6291b4799af47
E1	/fsx/analysis_results/prod-cand-1703/prod-cand-1703-hg002-bjuice-v2-multiau-20260814T114522Z	results/day/hg38/HG002-fjg1n22920ymw4/align/sentmm2ont/na/snv/sentdhiomr2/segdup/HG002-fjg1n22920ymw4/GBA/HG002-fjg1n22920ymw4.GBA.result.vcf.gz.tbi	288	1786711675	8267e30ba7b5a9542536dc49449a4b8083dc6cc98204f0539f00ba0d99b8c00a
E1	/fsx/analysis_results/prod-cand-1703/prod-cand-1703-hg002-bjuice-v2-multiau-20260814T114522Z	results/day/hg38/HG002-fjg1n22920ymw4/align/sentmm2ont/na/snv/sentdhiomr2/segdup/HG002-fjg1n22920ymw4/GBA/HG002-fjg1n22920ymw4.GBA.yaml	1701	1786711675	a9ebc73f0bd98e6d35bb0d9cc95f1f5db679d3909383d6305eb6af31f4432516
E1	/fsx/analysis_results/prod-cand-1703/prod-cand-1703-hg002-bjuice-v2-multiau-20260814T114522Z	results/day/hg38/HG002-fjg1n22920ymw4/align/sentmm2ont/na/snv/sentdhiomr2/segdup/HG002-fjg1n22920ymw4/HBA/HG002-fjg1n22920ymw4.HBA.done	32	1786711376	f9a18f4250abed23e04ba76a88571bf89bd9f23d7c3798cfbb4dff0f5b9cbd38
E1	/fsx/analysis_results/prod-cand-1703/prod-cand-1703-hg002-bjuice-v2-multiau-20260814T114522Z	results/day/hg38/HG002-fjg1n22920ymw4/align/sentmm2ont/na/snv/sentdhiomr2/segdup/HG002-fjg1n22920ymw4/HBA/HG002-fjg1n22920ymw4.HBA.result.vcf.gz	4614	1786711376	f413a60ce48e3229b1c5be25459512c6f1f4d3dba97e7b9fb842034ad9bc346d
E1	/fsx/analysis_results/prod-cand-1703/prod-cand-1703-hg002-bjuice-v2-multiau-20260814T114522Z	results/day/hg38/HG002-fjg1n22920ymw4/align/sentmm2ont/na/snv/sentdhiomr2/segdup/HG002-fjg1n22920ymw4/HBA/HG002-fjg1n22920ymw4.HBA.result.vcf.gz.tbi	98	1786711376	381be79b8087ca5fdd14f985e4c480c20fd3894d037c92dc4a975017d52e487b
E1	/fsx/analysis_results/prod-cand-1703/prod-cand-1703-hg002-bjuice-v2-multiau-20260814T114522Z	results/day/hg38/HG002-fjg1n22920ymw4/align/sentmm2ont/na/snv/sentdhiomr2/segdup/HG002-fjg1n22920ymw4/HBA/HG002-fjg1n22920ymw4.HBA.yaml	1807	1786711376	cab8b14d924a808895f8f8f1442eff8829c7b14f48ad0e125f335183dcd174d2
E1	/fsx/analysis_results/prod-cand-1703/prod-cand-1703-hg002-bjuice-v2-multiau-20260814T114522Z	results/day/hg38/HG002-fjg1n22920ymw4/align/sentmm2ont/na/snv/sentdhiomr2/segdup/HG002-fjg1n22920ymw4/IKBKG/HG002-fjg1n22920ymw4.IKBKG.done	34	1786711357	4b0b47d77d3c497e6222e449353a893841f9b0cb5dcba24db9ae1be66788a834
E1	/fsx/analysis_results/prod-cand-1703/prod-cand-1703-hg002-bjuice-v2-multiau-20260814T114522Z	results/day/hg38/HG002-fjg1n22920ymw4/align/sentmm2ont/na/snv/sentdhiomr2/segdup/HG002-fjg1n22920ymw4/IKBKG/HG002-fjg1n22920ymw4.IKBKG.yaml	2088	1786711357	b5eff0bf0ad44eeebdae84d2c9b780d20c4b0e57c6a100e8b0d636d645c951ff
E1	/fsx/analysis_results/prod-cand-1703/prod-cand-1703-hg002-bjuice-v2-multiau-20260814T114522Z	results/day/hg38/HG002-fjg1n22920ymw4/align/sentmm2ont/na/snv/sentdhiomr2/segdup/HG002-fjg1n22920ymw4/LPA/HG002-fjg1n22920ymw4.LPA.done	32	1786711248	4137cd03d2a1259175faabedcb649bf48b795a3dbc8fb9d0aaf83cdb03cd6283
E1	/fsx/analysis_results/prod-cand-1703/prod-cand-1703-hg002-bjuice-v2-multiau-20260814T114522Z	results/day/hg38/HG002-fjg1n22920ymw4/align/sentmm2ont/na/snv/sentdhiomr2/segdup/HG002-fjg1n22920ymw4/LPA/HG002-fjg1n22920ymw4.LPA.yaml	6092	1786711248	9cc35ea29fc7497265c196b30224e815ed864ba15090d352781b4307025fb272
E1	/fsx/analysis_results/prod-cand-1703/prod-cand-1703-hg002-bjuice-v2-multiau-20260814T114522Z	results/day/hg38/HG002-fjg1n22920ymw4/align/sentmm2ont/na/snv/sentdhiomr2/segdup/HG002-fjg1n22920ymw4/NCF1/HG002-fjg1n22920ymw4.NCF1.done	33	1786711339	eb362f1ff3853eb0775350fa48a7035faa1989910ca2cdcaa79ec0a2d2cc3313
E1	/fsx/analysis_results/prod-cand-1703/prod-cand-1703-hg002-bjuice-v2-multiau-20260814T114522Z	results/day/hg38/HG002-fjg1n22920ymw4/align/sentmm2ont/na/snv/sentdhiomr2/segdup/HG002-fjg1n22920ymw4/NCF1/HG002-fjg1n22920ymw4.NCF1.result.vcf.gz	7920	1786711339	148b30be5a661b51daecaa3281d50ea064d8f013191c8aebe43ccb09df1d870b
E1	/fsx/analysis_results/prod-cand-1703/prod-cand-1703-hg002-bjuice-v2-multiau-20260814T114522Z	results/day/hg38/HG002-fjg1n22920ymw4/align/sentmm2ont/na/snv/sentdhiomr2/segdup/HG002-fjg1n22920ymw4/NCF1/HG002-fjg1n22920ymw4.NCF1.result.vcf.gz.tbi	193	1786711339	59ea8a79a19d2ab34e7cb809ffdade6700dcd85d45be1481a76e5b1da03d2391
E1	/fsx/analysis_results/prod-cand-1703/prod-cand-1703-hg002-bjuice-v2-multiau-20260814T114522Z	results/day/hg38/HG002-fjg1n22920ymw4/align/sentmm2ont/na/snv/sentdhiomr2/segdup/HG002-fjg1n22920ymw4/NCF1/HG002-fjg1n22920ymw4.NCF1.yaml	1578	1786711339	c2e8b8489faa4c3d96bffa1b910a27b54a7efecbe49437922c5c400a3294657e
E1	/fsx/analysis_results/prod-cand-1703/prod-cand-1703-hg002-bjuice-v2-multiau-20260814T114522Z	results/day/hg38/HG002-fjg1n22920ymw4/align/sentmm2ont/na/snv/sentdhiomr2/segdup/HG002-fjg1n22920ymw4/OTOA/HG002-fjg1n22920ymw4.OTOA.done	33	1786711303	68c1d38708f1ca06116a1136a9b11b083a99a423f816fe01ba6684bb3b50dde9
E1	/fsx/analysis_results/prod-cand-1703/prod-cand-1703-hg002-bjuice-v2-multiau-20260814T114522Z	results/day/hg38/HG002-fjg1n22920ymw4/align/sentmm2ont/na/snv/sentdhiomr2/segdup/HG002-fjg1n22920ymw4/OTOA/HG002-fjg1n22920ymw4.OTOA.result.vcf.gz	8443	1786711303	470f585a69d94e514e838918b199e4bed2d2aaa564bae68419b066d978628499
E1	/fsx/analysis_results/prod-cand-1703/prod-cand-1703-hg002-bjuice-v2-multiau-20260814T114522Z	results/day/hg38/HG002-fjg1n22920ymw4/align/sentmm2ont/na/snv/sentdhiomr2/segdup/HG002-fjg1n22920ymw4/OTOA/HG002-fjg1n22920ymw4.OTOA.result.vcf.gz.tbi	175	1786711303	9e461c1a160b942d5413694624a5d515b47f85904d43e8b78fb8622672b9e25e
E1	/fsx/analysis_results/prod-cand-1703/prod-cand-1703-hg002-bjuice-v2-multiau-20260814T114522Z	results/day/hg38/HG002-fjg1n22920ymw4/align/sentmm2ont/na/snv/sentdhiomr2/segdup/HG002-fjg1n22920ymw4/OTOA/HG002-fjg1n22920ymw4.OTOA.yaml	2229	1786711303	37c072e682ae5067dd872d563cb29116051a913d04db6b2bb6692344bf7db1fc
E1	/fsx/analysis_results/prod-cand-1703/prod-cand-1703-hg002-bjuice-v2-multiau-20260814T114522Z	results/day/hg38/HG002-fjg1n22920ymw4/align/sentmm2ont/na/snv/sentdhiomr2/segdup/HG002-fjg1n22920ymw4/PMS2/HG002-fjg1n22920ymw4.PMS2.done	33	1786711412	2c0a7829ef37e6333ff9e20f3fbc245fa799e6f45625d3e33721bf4ac3c76e12
E1	/fsx/analysis_results/prod-cand-1703/prod-cand-1703-hg002-bjuice-v2-multiau-20260814T114522Z	results/day/hg38/HG002-fjg1n22920ymw4/align/sentmm2ont/na/snv/sentdhiomr2/segdup/HG002-fjg1n22920ymw4/PMS2/HG002-fjg1n22920ymw4.PMS2.result.vcf.gz	14324	1786711412	662d7e69ed48b8e92fd462b24ec0d7204f5a5ef6a83c22292a48d5b7212662d5
E1	/fsx/analysis_results/prod-cand-1703/prod-cand-1703-hg002-bjuice-v2-multiau-20260814T114522Z	results/day/hg38/HG002-fjg1n22920ymw4/align/sentmm2ont/na/snv/sentdhiomr2/segdup/HG002-fjg1n22920ymw4/PMS2/HG002-fjg1n22920ymw4.PMS2.result.vcf.gz.tbi	134	1786711412	07885b5bebfb0c5bbf2c87b34c17eb2fc2df002297bbfa77f0750d1b3738f685
E1	/fsx/analysis_results/prod-cand-1703/prod-cand-1703-hg002-bjuice-v2-multiau-20260814T114522Z	results/day/hg38/HG002-fjg1n22920ymw4/align/sentmm2ont/na/snv/sentdhiomr2/segdup/HG002-fjg1n22920ymw4/PMS2/HG002-fjg1n22920ymw4.PMS2.yaml	3252	1786711412	0cf7e524bc57b5a6af296ca2822685af317ffce8982a492de04d840f3322cf2f
E1	/fsx/analysis_results/prod-cand-1703/prod-cand-1703-hg002-bjuice-v2-multiau-20260814T114522Z	results/day/hg38/HG002-fjg1n22920ymw4/align/sentmm2ont/na/snv/sentdhiomr2/segdup/HG002-fjg1n22920ymw4/RCCX/HG002-fjg1n22920ymw4.RCCX.done	33	1786711432	def97efc51b14388fbe01e607b6969eec2976ff117c5ecacb4d0a465fa973e82
E1	/fsx/analysis_results/prod-cand-1703/prod-cand-1703-hg002-bjuice-v2-multiau-20260814T114522Z	results/day/hg38/HG002-fjg1n22920ymw4/align/sentmm2ont/na/snv/sentdhiomr2/segdup/HG002-fjg1n22920ymw4/RCCX/HG002-fjg1n22920ymw4.RCCX.result.vcf.gz	13963	1786711432	fe8d71049f05fb28e49e3fd88532b8a53c354e205bbb1faccebc0af9dcb397af
E1	/fsx/analysis_results/prod-cand-1703/prod-cand-1703-hg002-bjuice-v2-multiau-20260814T114522Z	results/day/hg38/HG002-fjg1n22920ymw4/align/sentmm2ont/na/snv/sentdhiomr2/segdup/HG002-fjg1n22920ymw4/RCCX/HG002-fjg1n22920ymw4.RCCX.result.vcf.gz.tbi	176	1786711432	2126355889e851b6be6ccaddb4c5b3596b95c97d731f628ad17e71f6cfb7a6ac
E1	/fsx/analysis_results/prod-cand-1703/prod-cand-1703-hg002-bjuice-v2-multiau-20260814T114522Z	results/day/hg38/HG002-fjg1n22920ymw4/align/sentmm2ont/na/snv/sentdhiomr2/segdup/HG002-fjg1n22920ymw4/RCCX/HG002-fjg1n22920ymw4.RCCX.yaml	2962	1786711432	e7a224b44c7924d9f687fd54479b70fb9bdb6864cecfefb1be42fcc3ff10a36a
E1	/fsx/analysis_results/prod-cand-1703/prod-cand-1703-hg002-bjuice-v2-multiau-20260814T114522Z	results/day/hg38/HG002-fjg1n22920ymw4/align/sentmm2ont/na/snv/sentdhiomr2/segdup/HG002-fjg1n22920ymw4/RH/HG002-fjg1n22920ymw4.RH.done	31	1786711537	8b0e22de9f2c56973affe66793ef5c1490b73110b109cf73352d1b26422c6fca
E1	/fsx/analysis_results/prod-cand-1703/prod-cand-1703-hg002-bjuice-v2-multiau-20260814T114522Z	results/day/hg38/HG002-fjg1n22920ymw4/align/sentmm2ont/na/snv/sentdhiomr2/segdup/HG002-fjg1n22920ymw4/RH/HG002-fjg1n22920ymw4.RH.result.vcf.gz	9756	1786711537	5e625757a18e4842e6ece41d4f85c862388b476469412ad28aaa07f0f0e383dc
E1	/fsx/analysis_results/prod-cand-1703/prod-cand-1703-hg002-bjuice-v2-multiau-20260814T114522Z	results/day/hg38/HG002-fjg1n22920ymw4/align/sentmm2ont/na/snv/sentdhiomr2/segdup/HG002-fjg1n22920ymw4/RH/HG002-fjg1n22920ymw4.RH.result.vcf.gz.tbi	169	1786711537	6a1753c8f6deae01f2f45f0eadcd473dab3544fdd217416cd6d53f6ceb62fcbd
E1	/fsx/analysis_results/prod-cand-1703/prod-cand-1703-hg002-bjuice-v2-multiau-20260814T114522Z	results/day/hg38/HG002-fjg1n22920ymw4/align/sentmm2ont/na/snv/sentdhiomr2/segdup/HG002-fjg1n22920ymw4/RH/HG002-fjg1n22920ymw4.RH.yaml	1755	1786711537	35f0cbf7e6da1290fac322cf9d5505c52fbc020810b21318331981b49266f53e
E1	/fsx/analysis_results/prod-cand-1703/prod-cand-1703-hg002-bjuice-v2-multiau-20260814T114522Z	results/day/hg38/HG002-fjg1n22920ymw4/align/sentmm2ont/na/snv/sentdhiomr2/segdup/HG002-fjg1n22920ymw4/SBDS/HG002-fjg1n22920ymw4.SBDS.done	33	1786711341	7575b2b1b7f0df89b5aabbb5a8a99c7fd82d2ed8baf22f73c5bb30f625a3dbe1
E1	/fsx/analysis_results/prod-cand-1703/prod-cand-1703-hg002-bjuice-v2-multiau-20260814T114522Z	results/day/hg38/HG002-fjg1n22920ymw4/align/sentmm2ont/na/snv/sentdhiomr2/segdup/HG002-fjg1n22920ymw4/SBDS/HG002-fjg1n22920ymw4.SBDS.result.vcf.gz	4366	1786711341	4fd391a9af9f71bec487f543c278dd82928fc0fa38bf4d786a90ddf635d0ee12
E1	/fsx/analysis_results/prod-cand-1703/prod-cand-1703-hg002-bjuice-v2-multiau-20260814T114522Z	results/day/hg38/HG002-fjg1n22920ymw4/align/sentmm2ont/na/snv/sentdhiomr2/segdup/HG002-fjg1n22920ymw4/SBDS/HG002-fjg1n22920ymw4.SBDS.result.vcf.gz.tbi	185	1786711341	841c92e3d12dcb26ddc765a834ee98906c8a3aa5a11a2cebb42e511d2a5875c4
E1	/fsx/analysis_results/prod-cand-1703/prod-cand-1703-hg002-bjuice-v2-multiau-20260814T114522Z	results/day/hg38/HG002-fjg1n22920ymw4/align/sentmm2ont/na/snv/sentdhiomr2/segdup/HG002-fjg1n22920ymw4/SBDS/HG002-fjg1n22920ymw4.SBDS.yaml	2173	1786711341	fa423b3fc6a70a1f1f9c2ddcbeca9b48b5507fdec9880bc547b0c182d4e1438f
E1	/fsx/analysis_results/prod-cand-1703/prod-cand-1703-hg002-bjuice-v2-multiau-20260814T114522Z	results/day/hg38/HG002-fjg1n22920ymw4/align/sentmm2ont/na/snv/sentdhiomr2/segdup/HG002-fjg1n22920ymw4/SMN1/HG002-fjg1n22920ymw4.SMN1.done	33	1786711394	cb012bdeb144dffb504c8492291c0c703fe4ced4064026e04fe63e1104097d06
E1	/fsx/analysis_results/prod-cand-1703/prod-cand-1703-hg002-bjuice-v2-multiau-20260814T114522Z	results/day/hg38/HG002-fjg1n22920ymw4/align/sentmm2ont/na/snv/sentdhiomr2/segdup/HG002-fjg1n22920ymw4/SMN1/HG002-fjg1n22920ymw4.SMN1.result.vcf.gz	8781	1786711394	7b4cad7d60e76734c483d1922866c77832d5ea0da34bd04970ae812115951509
E1	/fsx/analysis_results/prod-cand-1703/prod-cand-1703-hg002-bjuice-v2-multiau-20260814T114522Z	results/day/hg38/HG002-fjg1n22920ymw4/align/sentmm2ont/na/snv/sentdhiomr2/segdup/HG002-fjg1n22920ymw4/SMN1/HG002-fjg1n22920ymw4.SMN1.result.vcf.gz.tbi	199	1786711394	417e04a0e85ff9139e3e97c603287be6ba056a31afab6b27ace45a54c68385c3
E1	/fsx/analysis_results/prod-cand-1703/prod-cand-1703-hg002-bjuice-v2-multiau-20260814T114522Z	results/day/hg38/HG002-fjg1n22920ymw4/align/sentmm2ont/na/snv/sentdhiomr2/segdup/HG002-fjg1n22920ymw4/SMN1/HG002-fjg1n22920ymw4.SMN1.yaml	1580	1786711394	e2d399b3b1e240040e25daa71f4e0bfaa91a285271c2230ca6862fe5035fd8f9
E1	/fsx/analysis_results/prod-cand-1703/prod-cand-1703-hg002-bjuice-v2-multiau-20260814T114522Z	results/day/hg38/HG002-fjg1n22920ymw4/align/sentmm2ont/na/snv/sentdhiomr2/segdup/HG002-fjg1n22920ymw4/STRC/HG002-fjg1n22920ymw4.STRC.done	33	1786711355	de12494929617b5cc57839367dc26941e31fde95640eaf13b497d699d327765e
E1	/fsx/analysis_results/prod-cand-1703/prod-cand-1703-hg002-bjuice-v2-multiau-20260814T114522Z	results/day/hg38/HG002-fjg1n22920ymw4/align/sentmm2ont/na/snv/sentdhiomr2/segdup/HG002-fjg1n22920ymw4/STRC/HG002-fjg1n22920ymw4.STRC.result.vcf.gz	8818	1786711355	f29e1bc5bbafbd74f9305192b832a2adb57724d0f63484f46dcb36474363db34
E1	/fsx/analysis_results/prod-cand-1703/prod-cand-1703-hg002-bjuice-v2-multiau-20260814T114522Z	results/day/hg38/HG002-fjg1n22920ymw4/align/sentmm2ont/na/snv/sentdhiomr2/segdup/HG002-fjg1n22920ymw4/STRC/HG002-fjg1n22920ymw4.STRC.result.vcf.gz.tbi	181	1786711355	4016cdc13d0b28903b8dd4b991b7b91267bb4bcb5286ad60950802e081140154
E1	/fsx/analysis_results/prod-cand-1703/prod-cand-1703-hg002-bjuice-v2-multiau-20260814T114522Z	results/day/hg38/HG002-fjg1n22920ymw4/align/sentmm2ont/na/snv/sentdhiomr2/segdup/HG002-fjg1n22920ymw4/STRC/HG002-fjg1n22920ymw4.STRC.yaml	2165	1786711355	dd353343d929f1b6d6ebe84c5b14eca7bb929e268b74a7744855eba8fffcb7a2
E1	/fsx/analysis_results/prod-cand-1703/prod-cand-1703-hg002-bjuice-v2-multiau-20260814T114522Z	results/day/hg38/HG002-fjg1n22920ymw4/align/sentmm2ont/na/snv/sentdhiomr2/slim-consensus/prepared/smn12/HG002-fjg1n22920ymw4.smn12.normalized.json	1688	1786710680	99a8ab575a00d5452ef7c047d3f4d616d02bbe5b9fafb9d8d8243bfc8ed382f4
E1	/fsx/analysis_results/prod-cand-1703/prod-cand-1703-hg002-bjuice-v2-multiau-20260814T114522Z	results/day/hg38/HG002-fjg1n22920ymw4/align/sentmm2ont/na/snv/sentdhiomr2/slim-consensus/truvari/HG002-fjg1n22920ymw4/queries/longreadsv/truvari/summary.json	925	1786716186	838326b739b06a434334b1f22f07597b0b5601dae5b37338c1876ce145a93dcf
E1	/fsx/analysis_results/prod-cand-1703/prod-cand-1703-hg002-bjuice-v2-multiau-20260814T114522Z	results/day/hg38/HG002-fjg1n22920ymw4/align/sentmm2ont/na/snv/sentdhiomr2/slim-consensus/truvari/HG002-fjg1n22920ymw4/queries/sniffles2/truvari/summary.json	740	1786709332	9b8612bef056550ec745db3c8553bf3f43acdb7cbf504785fccf7be88915b7be
E1	/fsx/analysis_results/prod-cand-1703/prod-cand-1703-hg002-bjuice-v2-multiau-20260814T114522Z	results/day/hg38/HG002-fjg1n22920ymw4/align/sentmm2ont/na/snv/sentdhiomr2/slim-consensus/truvari/HG002-fjg1n22920ymw4/queries/tagged_trussv/truvari/summary.json	924	1786717450	32ec1e710a0945f160ed43e0bdff232efac908d78f86694a91123f98a4889d87
E1	/fsx/analysis_results/prod-cand-1703/prod-cand-1703-hg002-bjuice-v2-multiau-20260814T114522Z	results/day/hg38/HG002-fjg1n22920ymw4/align/sentmm2ont/na/snv/sentdhiomr2/slim-consensus/truvari/HG002-fjg1n22920ymw4/queries/tiddit/truvari/summary.json	700	1786712314	c532327036987c16e90b152903c17d9c3d9e4d0d61a00ff3d95fec0bbbc3ad4d
E1	/fsx/analysis_results/prod-cand-1703/prod-cand-1703-hg002-bjuice-v2-multiau-20260814T114522Z	results/day/hg38/HG002-vqs89p8gahfwf9/align/sentdhiomr2lr/na/alignqc/mosdepth/HG002-vqs89p8gahfwf9.sentdhiomr2lr.na.mosdepth.summary.txt	14011	1786709148	edf48a8d767acfbbf1515461b9fbbb5faf4bd10ce4931562eed4fb6f3aa3ff4a
E1	/fsx/analysis_results/prod-cand-1703/prod-cand-1703-hg002-bjuice-v2-multiau-20260814T114522Z	results/day/hg38/HG002-vqs89p8gahfwf9/align/sentdhiomr2rsr/na/alignqc/mosdepth/HG002-vqs89p8gahfwf9.sentdhiomr2rsr.na.mosdepth.summary.txt	18265	1786718571	eca6db5f414dd041a43c6443922515fc63ef030155a60bc58c56c52bee2af8c8
E1	/fsx/analysis_results/prod-cand-1703/prod-cand-1703-hg002-bjuice-v2-multiau-20260814T114522Z	results/day/hg38/HG002-vqs89p8gahfwf9/align/sentdhiomr2sr/smd/htd/smn12/HG002-vqs89p8gahfwf9.sentdhiomr2sr.smd.smn12.summary.json	834	1786710680	ee866ed80a036fa0b9affad9e28ca89dd5a67b92560211a29a63b569077db9af
E1	/fsx/analysis_results/prod-cand-1703/prod-cand-1703-hg002-bjuice-v2-multiau-20260814T114522Z	results/day/hg38/HG002-vqs89p8gahfwf9/align/sentdhiomr2sr/smd/htd/smn12/HG002-vqs89p8gahfwf9.sentdhiomr2sr.smd.smn12.summary.tsv	264	1786710665	b8af6370d480852856730be7437695bd9a4c58b32f5b8463b91b5d06679d95d2
E1	/fsx/analysis_results/prod-cand-1703/prod-cand-1703-hg002-bjuice-v2-multiau-20260814T114522Z	results/day/hg38/HG002-vqs89p8gahfwf9/align/sentmm2ont/na/snv/sentdhiomr2/concordance/_giabHC/snv_HG002-vqs89p8gahfwf9_giabHC_concordance.mqc.tsv	3658	1786719232	a2df4cb77489652e0c6a0bba75c4827c9f1e3fb480f157e098850e4f05f263c8
E1	/fsx/analysis_results/prod-cand-1703/prod-cand-1703-hg002-bjuice-v2-multiau-20260814T114522Z	results/day/hg38/HG002-vqs89p8gahfwf9/align/sentmm2ont/na/snv/sentdhiomr2/segdup/HG002-vqs89p8gahfwf9/CFH/HG002-vqs89p8gahfwf9.CFH.done	32	1786712532	4b57c569722f4f390d00b1f5d2d3dfab090236f1ca3f4f6bb76d514a3106153f
E1	/fsx/analysis_results/prod-cand-1703/prod-cand-1703-hg002-bjuice-v2-multiau-20260814T114522Z	results/day/hg38/HG002-vqs89p8gahfwf9/align/sentmm2ont/na/snv/sentdhiomr2/segdup/HG002-vqs89p8gahfwf9/CFH/HG002-vqs89p8gahfwf9.CFH.result.vcf.gz	39295	1786712532	d31e0d1bea7fd8eba3fa309a8e7a71cf654d9ec20787c294fdaf8fec1b69bbb6
E1	/fsx/analysis_results/prod-cand-1703/prod-cand-1703-hg002-bjuice-v2-multiau-20260814T114522Z	results/day/hg38/HG002-vqs89p8gahfwf9/align/sentmm2ont/na/snv/sentdhiomr2/segdup/HG002-vqs89p8gahfwf9/CFH/HG002-vqs89p8gahfwf9.CFH.result.vcf.gz.tbi	390	1786712532	5eae07cbf47df98342e3412507dc353e5e24d0188b0903610e3716a0e287583a
E1	/fsx/analysis_results/prod-cand-1703/prod-cand-1703-hg002-bjuice-v2-multiau-20260814T114522Z	results/day/hg38/HG002-vqs89p8gahfwf9/align/sentmm2ont/na/snv/sentdhiomr2/segdup/HG002-vqs89p8gahfwf9/CFH/HG002-vqs89p8gahfwf9.CFH.yaml	1831	1786712532	d671782d5ff7bc7aced0a767e8e389bb78e14bab47850679b1065e810084f9c5
E1	/fsx/analysis_results/prod-cand-1703/prod-cand-1703-hg002-bjuice-v2-multiau-20260814T114522Z	results/day/hg38/HG002-vqs89p8gahfwf9/align/sentmm2ont/na/snv/sentdhiomr2/segdup/HG002-vqs89p8gahfwf9/CYP11B1/HG002-vqs89p8gahfwf9.CYP11B1.done	36	1786712343	f7af4438026327204db5f578af844b26675f26676bd704658b58a37b8a98a5c8
E1	/fsx/analysis_results/prod-cand-1703/prod-cand-1703-hg002-bjuice-v2-multiau-20260814T114522Z	results/day/hg38/HG002-vqs89p8gahfwf9/align/sentmm2ont/na/snv/sentdhiomr2/segdup/HG002-vqs89p8gahfwf9/CYP11B1/HG002-vqs89p8gahfwf9.CYP11B1.result.vcf.gz	10048	1786712343	15416083584da2446c60492121dc38241b970d5f0bb87402c28581175c1b45e8
E1	/fsx/analysis_results/prod-cand-1703/prod-cand-1703-hg002-bjuice-v2-multiau-20260814T114522Z	results/day/hg38/HG002-vqs89p8gahfwf9/align/sentmm2ont/na/snv/sentdhiomr2/segdup/HG002-vqs89p8gahfwf9/CYP11B1/HG002-vqs89p8gahfwf9.CYP11B1.result.vcf.gz.tbi	279	1786712343	2d8165cda49d722fce2e53ab7621617cf3d65b3442bb190076253c9efcac3ee1
E1	/fsx/analysis_results/prod-cand-1703/prod-cand-1703-hg002-bjuice-v2-multiau-20260814T114522Z	results/day/hg38/HG002-vqs89p8gahfwf9/align/sentmm2ont/na/snv/sentdhiomr2/segdup/HG002-vqs89p8gahfwf9/CYP11B1/HG002-vqs89p8gahfwf9.CYP11B1.yaml	1612	1786712343	003ad72ba6dd70d84626996a8be7e58b003b5d2892eb59f9c667afc85bbdaf85
E1	/fsx/analysis_results/prod-cand-1703/prod-cand-1703-hg002-bjuice-v2-multiau-20260814T114522Z	results/day/hg38/HG002-vqs89p8gahfwf9/align/sentmm2ont/na/snv/sentdhiomr2/segdup/HG002-vqs89p8gahfwf9/CYP2A6/HG002-vqs89p8gahfwf9.CYP2A6.done	35	1786712413	a7ed310d4a4e99a32a77f8236ab1287f7b8f9ba6176e8ebe44697e87b1ccbd60
E1	/fsx/analysis_results/prod-cand-1703/prod-cand-1703-hg002-bjuice-v2-multiau-20260814T114522Z	results/day/hg38/HG002-vqs89p8gahfwf9/align/sentmm2ont/na/snv/sentdhiomr2/segdup/HG002-vqs89p8gahfwf9/CYP2A6/HG002-vqs89p8gahfwf9.CYP2A6.result.vcf.gz	7071	1786712413	2ca6b2f8f7ae7f9c93a2ad5f4a0efcc3240152043576eda168693e9bc04c28cb
E1	/fsx/analysis_results/prod-cand-1703/prod-cand-1703-hg002-bjuice-v2-multiau-20260814T114522Z	results/day/hg38/HG002-vqs89p8gahfwf9/align/sentmm2ont/na/snv/sentdhiomr2/segdup/HG002-vqs89p8gahfwf9/CYP2A6/HG002-vqs89p8gahfwf9.CYP2A6.result.vcf.gz.tbi	165	1786712413	c6368defc98fae1dc040dd5f2329eda9f0f57a7f2d2bc658392ded25a31cb945
E1	/fsx/analysis_results/prod-cand-1703/prod-cand-1703-hg002-bjuice-v2-multiau-20260814T114522Z	results/day/hg38/HG002-vqs89p8gahfwf9/align/sentmm2ont/na/snv/sentdhiomr2/segdup/HG002-vqs89p8gahfwf9/CYP2A6/HG002-vqs89p8gahfwf9.CYP2A6.yaml	2409	1786712413	973fc3573c30e8f20a802895839f48c8db9f2f13e83592a0fd060767d2f29e10
E1	/fsx/analysis_results/prod-cand-1703/prod-cand-1703-hg002-bjuice-v2-multiau-20260814T114522Z	results/day/hg38/HG002-vqs89p8gahfwf9/align/sentmm2ont/na/snv/sentdhiomr2/segdup/HG002-vqs89p8gahfwf9/CYP2B6/HG002-vqs89p8gahfwf9.CYP2B6.done	35	1786712440	58e20a66984cc5991d6ed656069d27564352d5d6008209ea130ca7f4c32f6e0e
E1	/fsx/analysis_results/prod-cand-1703/prod-cand-1703-hg002-bjuice-v2-multiau-20260814T114522Z	results/day/hg38/HG002-vqs89p8gahfwf9/align/sentmm2ont/na/snv/sentdhiomr2/segdup/HG002-vqs89p8gahfwf9/CYP2B6/HG002-vqs89p8gahfwf9.CYP2B6.result.vcf.gz	9245	1786712440	91bcf7785b4f31abe8b6eec5a9d48d2d2fcc68ff9c43809208b36b956e57bd02
E1	/fsx/analysis_results/prod-cand-1703/prod-cand-1703-hg002-bjuice-v2-multiau-20260814T114522Z	results/day/hg38/HG002-vqs89p8gahfwf9/align/sentmm2ont/na/snv/sentdhiomr2/segdup/HG002-vqs89p8gahfwf9/CYP2B6/HG002-vqs89p8gahfwf9.CYP2B6.result.vcf.gz.tbi	177	1786712440	238f6e0039336dd8dfa7c50c800988ba5a4263a71ad364b5c6de94e8edeb3613
E1	/fsx/analysis_results/prod-cand-1703/prod-cand-1703-hg002-bjuice-v2-multiau-20260814T114522Z	results/day/hg38/HG002-vqs89p8gahfwf9/align/sentmm2ont/na/snv/sentdhiomr2/segdup/HG002-vqs89p8gahfwf9/CYP2B6/HG002-vqs89p8gahfwf9.CYP2B6.yaml	1961	1786712440	6fd8912478c971ec3ff14d6944f3b1d1e41c4b6f0b2e509b87333a016840f018
E1	/fsx/analysis_results/prod-cand-1703/prod-cand-1703-hg002-bjuice-v2-multiau-20260814T114522Z	results/day/hg38/HG002-vqs89p8gahfwf9/align/sentmm2ont/na/snv/sentdhiomr2/segdup/HG002-vqs89p8gahfwf9/CYP2D6/HG002-vqs89p8gahfwf9.CYP2D6.done	35	1786712289	d51c395add49b6233820d2e9b502cfcd5d3702938b2d4031aab3ffcc40efefe4
E1	/fsx/analysis_results/prod-cand-1703/prod-cand-1703-hg002-bjuice-v2-multiau-20260814T114522Z	results/day/hg38/HG002-vqs89p8gahfwf9/align/sentmm2ont/na/snv/sentdhiomr2/segdup/HG002-vqs89p8gahfwf9/CYP2D6/HG002-vqs89p8gahfwf9.CYP2D6.result.vcf.gz	12089	1786712289	3b8d4516215e6043476097e087e4b24c7aefba88ad9da61c458e4f51e2f5862f
E1	/fsx/analysis_results/prod-cand-1703/prod-cand-1703-hg002-bjuice-v2-multiau-20260814T114522Z	results/day/hg38/HG002-vqs89p8gahfwf9/align/sentmm2ont/na/snv/sentdhiomr2/segdup/HG002-vqs89p8gahfwf9/CYP2D6/HG002-vqs89p8gahfwf9.CYP2D6.result.vcf.gz.tbi	164	1786712289	b942d4dd5491cc4dbd66abca108dfdd14cb679bc59405260f22523d18faef682
E1	/fsx/analysis_results/prod-cand-1703/prod-cand-1703-hg002-bjuice-v2-multiau-20260814T114522Z	results/day/hg38/HG002-vqs89p8gahfwf9/align/sentmm2ont/na/snv/sentdhiomr2/segdup/HG002-vqs89p8gahfwf9/CYP2D6/HG002-vqs89p8gahfwf9.CYP2D6.yaml	1922	1786712289	7842be29a6fc9a43719b695d14429bf8e520f7580fc0a7e07a63f8410760faf6
E1	/fsx/analysis_results/prod-cand-1703/prod-cand-1703-hg002-bjuice-v2-multiau-20260814T114522Z	results/day/hg38/HG002-vqs89p8gahfwf9/align/sentmm2ont/na/snv/sentdhiomr2/segdup/HG002-vqs89p8gahfwf9/GBA/HG002-vqs89p8gahfwf9.GBA.done	32	1786712498	499c5876e9829a58834f6df72d3f63df3805a009b7ec8552a620c15326f3dfcb
E1	/fsx/analysis_results/prod-cand-1703/prod-cand-1703-hg002-bjuice-v2-multiau-20260814T114522Z	results/day/hg38/HG002-vqs89p8gahfwf9/align/sentmm2ont/na/snv/sentdhiomr2/segdup/HG002-vqs89p8gahfwf9/GBA/HG002-vqs89p8gahfwf9.GBA.result.vcf.gz	5502	1786712498	758eca577769957d35b1965771b20832ddcba493259c16c27a144b3bf9142715
E1	/fsx/analysis_results/prod-cand-1703/prod-cand-1703-hg002-bjuice-v2-multiau-20260814T114522Z	results/day/hg38/HG002-vqs89p8gahfwf9/align/sentmm2ont/na/snv/sentdhiomr2/segdup/HG002-vqs89p8gahfwf9/GBA/HG002-vqs89p8gahfwf9.GBA.result.vcf.gz.tbi	288	1786712498	90f8becb2d484f4039468b1eb8b9393f07121210a5ca4aea7a481afb10f1df54
E1	/fsx/analysis_results/prod-cand-1703/prod-cand-1703-hg002-bjuice-v2-multiau-20260814T114522Z	results/day/hg38/HG002-vqs89p8gahfwf9/align/sentmm2ont/na/snv/sentdhiomr2/segdup/HG002-vqs89p8gahfwf9/GBA/HG002-vqs89p8gahfwf9.GBA.yaml	1702	1786712498	d4f5837693f8deee7263bcf645c8b19eb19f63fb9b087c7e9572873e1a305cd1
E1	/fsx/analysis_results/prod-cand-1703/prod-cand-1703-hg002-bjuice-v2-multiau-20260814T114522Z	results/day/hg38/HG002-vqs89p8gahfwf9/align/sentmm2ont/na/snv/sentdhiomr2/segdup/HG002-vqs89p8gahfwf9/HBA/HG002-vqs89p8gahfwf9.HBA.done	32	1786712406	f9a18f4250abed23e04ba76a88571bf89bd9f23d7c3798cfbb4dff0f5b9cbd38
E1	/fsx/analysis_results/prod-cand-1703/prod-cand-1703-hg002-bjuice-v2-multiau-20260814T114522Z	results/day/hg38/HG002-vqs89p8gahfwf9/align/sentmm2ont/na/snv/sentdhiomr2/segdup/HG002-vqs89p8gahfwf9/HBA/HG002-vqs89p8gahfwf9.HBA.result.vcf.gz	4521	1786712406	dcf4ff1ee9a0132a575b5ab0c457152dba10f42988258fcd2dbb54faf9b6a1f0
E1	/fsx/analysis_results/prod-cand-1703/prod-cand-1703-hg002-bjuice-v2-multiau-20260814T114522Z	results/day/hg38/HG002-vqs89p8gahfwf9/align/sentmm2ont/na/snv/sentdhiomr2/segdup/HG002-vqs89p8gahfwf9/HBA/HG002-vqs89p8gahfwf9.HBA.result.vcf.gz.tbi	98	1786712406	062f1002e61ca0dbe7fa1cdd58106f17e4848b6af18c8701bc272199f1798888
E1	/fsx/analysis_results/prod-cand-1703/prod-cand-1703-hg002-bjuice-v2-multiau-20260814T114522Z	results/day/hg38/HG002-vqs89p8gahfwf9/align/sentmm2ont/na/snv/sentdhiomr2/segdup/HG002-vqs89p8gahfwf9/HBA/HG002-vqs89p8gahfwf9.HBA.yaml	1807	1786712406	d2606f03d2a044616ade78c6e5506b5f0aca1d64b858dec15cbd6b0f132c097f
E1	/fsx/analysis_results/prod-cand-1703/prod-cand-1703-hg002-bjuice-v2-multiau-20260814T114522Z	results/day/hg38/HG002-vqs89p8gahfwf9/align/sentmm2ont/na/snv/sentdhiomr2/segdup/HG002-vqs89p8gahfwf9/IKBKG/HG002-vqs89p8gahfwf9.IKBKG.done	34	1786712426	4b0b47d77d3c497e6222e449353a893841f9b0cb5dcba24db9ae1be66788a834
E1	/fsx/analysis_results/prod-cand-1703/prod-cand-1703-hg002-bjuice-v2-multiau-20260814T114522Z	results/day/hg38/HG002-vqs89p8gahfwf9/align/sentmm2ont/na/snv/sentdhiomr2/segdup/HG002-vqs89p8gahfwf9/IKBKG/HG002-vqs89p8gahfwf9.IKBKG.yaml	2088	1786712426	0d87c83764467366627f63aa24d9121506856d5ef00b4783ffadbcb931ea2efb
E1	/fsx/analysis_results/prod-cand-1703/prod-cand-1703-hg002-bjuice-v2-multiau-20260814T114522Z	results/day/hg38/HG002-vqs89p8gahfwf9/align/sentmm2ont/na/snv/sentdhiomr2/segdup/HG002-vqs89p8gahfwf9/LPA/HG002-vqs89p8gahfwf9.LPA.done	32	1786712343	4137cd03d2a1259175faabedcb649bf48b795a3dbc8fb9d0aaf83cdb03cd6283
E1	/fsx/analysis_results/prod-cand-1703/prod-cand-1703-hg002-bjuice-v2-multiau-20260814T114522Z	results/day/hg38/HG002-vqs89p8gahfwf9/align/sentmm2ont/na/snv/sentdhiomr2/segdup/HG002-vqs89p8gahfwf9/LPA/HG002-vqs89p8gahfwf9.LPA.yaml	6092	1786712343	3f966093a01a80c569c70da3f73470ffea06eba160a096d6e549db72cd77252b
E1	/fsx/analysis_results/prod-cand-1703/prod-cand-1703-hg002-bjuice-v2-multiau-20260814T114522Z	results/day/hg38/HG002-vqs89p8gahfwf9/align/sentmm2ont/na/snv/sentdhiomr2/segdup/HG002-vqs89p8gahfwf9/NCF1/HG002-vqs89p8gahfwf9.NCF1.done	33	1786712450	eb362f1ff3853eb0775350fa48a7035faa1989910ca2cdcaa79ec0a2d2cc3313
E1	/fsx/analysis_results/prod-cand-1703/prod-cand-1703-hg002-bjuice-v2-multiau-20260814T114522Z	results/day/hg38/HG002-vqs89p8gahfwf9/align/sentmm2ont/na/snv/sentdhiomr2/segdup/HG002-vqs89p8gahfwf9/NCF1/HG002-vqs89p8gahfwf9.NCF1.result.vcf.gz	8204	1786712450	66b0dc3fd4072687d6b03a9b9e1b30ba1ff7820d4bdd3f108eaa2c89fd9429b8
E1	/fsx/analysis_results/prod-cand-1703/prod-cand-1703-hg002-bjuice-v2-multiau-20260814T114522Z	results/day/hg38/HG002-vqs89p8gahfwf9/align/sentmm2ont/na/snv/sentdhiomr2/segdup/HG002-vqs89p8gahfwf9/NCF1/HG002-vqs89p8gahfwf9.NCF1.result.vcf.gz.tbi	195	1786712450	f36e591a68a0bbb7fd42168c4a1f8b6c84abd6d02eef369b8fbc3c894dd9d7ed
E1	/fsx/analysis_results/prod-cand-1703/prod-cand-1703-hg002-bjuice-v2-multiau-20260814T114522Z	results/day/hg38/HG002-vqs89p8gahfwf9/align/sentmm2ont/na/snv/sentdhiomr2/segdup/HG002-vqs89p8gahfwf9/NCF1/HG002-vqs89p8gahfwf9.NCF1.yaml	1578	1786712450	83a04085ec163a2aba56fd2d508ade799c9281c08181b8ec38da436dbe8abb84
E1	/fsx/analysis_results/prod-cand-1703/prod-cand-1703-hg002-bjuice-v2-multiau-20260814T114522Z	results/day/hg38/HG002-vqs89p8gahfwf9/align/sentmm2ont/na/snv/sentdhiomr2/segdup/HG002-vqs89p8gahfwf9/OTOA/HG002-vqs89p8gahfwf9.OTOA.done	33	1786712403	68c1d38708f1ca06116a1136a9b11b083a99a423f816fe01ba6684bb3b50dde9
E1	/fsx/analysis_results/prod-cand-1703/prod-cand-1703-hg002-bjuice-v2-multiau-20260814T114522Z	results/day/hg38/HG002-vqs89p8gahfwf9/align/sentmm2ont/na/snv/sentdhiomr2/segdup/HG002-vqs89p8gahfwf9/OTOA/HG002-vqs89p8gahfwf9.OTOA.result.vcf.gz	7157	1786712403	4137bdaf8972d86abe10116605f14f4317634f2faa1030a8535d86af2a39ae3f
E1	/fsx/analysis_results/prod-cand-1703/prod-cand-1703-hg002-bjuice-v2-multiau-20260814T114522Z	results/day/hg38/HG002-vqs89p8gahfwf9/align/sentmm2ont/na/snv/sentdhiomr2/segdup/HG002-vqs89p8gahfwf9/OTOA/HG002-vqs89p8gahfwf9.OTOA.result.vcf.gz.tbi	168	1786712403	4ec794343215fcef1f6a084716f1b68348624e158181e6c64c107c2ffaefad15
E1	/fsx/analysis_results/prod-cand-1703/prod-cand-1703-hg002-bjuice-v2-multiau-20260814T114522Z	results/day/hg38/HG002-vqs89p8gahfwf9/align/sentmm2ont/na/snv/sentdhiomr2/segdup/HG002-vqs89p8gahfwf9/OTOA/HG002-vqs89p8gahfwf9.OTOA.yaml	2229	1786712403	2e6168ba9813ae8dc737d640678e35df45fba3ed7a25b7b6e1dcce820cdb6bb3
E1	/fsx/analysis_results/prod-cand-1703/prod-cand-1703-hg002-bjuice-v2-multiau-20260814T114522Z	results/day/hg38/HG002-vqs89p8gahfwf9/align/sentmm2ont/na/snv/sentdhiomr2/segdup/HG002-vqs89p8gahfwf9/PMS2/HG002-vqs89p8gahfwf9.PMS2.done	33	1786712428	2c0a7829ef37e6333ff9e20f3fbc245fa799e6f45625d3e33721bf4ac3c76e12
E1	/fsx/analysis_results/prod-cand-1703/prod-cand-1703-hg002-bjuice-v2-multiau-20260814T114522Z	results/day/hg38/HG002-vqs89p8gahfwf9/align/sentmm2ont/na/snv/sentdhiomr2/segdup/HG002-vqs89p8gahfwf9/PMS2/HG002-vqs89p8gahfwf9.PMS2.result.vcf.gz	12280	1786712428	a0a0f8de3b3f0db9ecbccb7823a2773f41ecab43ca4ee872dafaef86f0278c98
E1	/fsx/analysis_results/prod-cand-1703/prod-cand-1703-hg002-bjuice-v2-multiau-20260814T114522Z	results/day/hg38/HG002-vqs89p8gahfwf9/align/sentmm2ont/na/snv/sentdhiomr2/segdup/HG002-vqs89p8gahfwf9/PMS2/HG002-vqs89p8gahfwf9.PMS2.result.vcf.gz.tbi	134	1786712428	7c789b3f4f52b246ca32ae368c6611265ef226f3ec423c01e3e5878e536612f7
E1	/fsx/analysis_results/prod-cand-1703/prod-cand-1703-hg002-bjuice-v2-multiau-20260814T114522Z	results/day/hg38/HG002-vqs89p8gahfwf9/align/sentmm2ont/na/snv/sentdhiomr2/segdup/HG002-vqs89p8gahfwf9/PMS2/HG002-vqs89p8gahfwf9.PMS2.yaml	3251	1786712428	9992a5c3fdc524e041ce81ef202acb1f20d164b1404151071002c266608c9b20
E1	/fsx/analysis_results/prod-cand-1703/prod-cand-1703-hg002-bjuice-v2-multiau-20260814T114522Z	results/day/hg38/HG002-vqs89p8gahfwf9/align/sentmm2ont/na/snv/sentdhiomr2/segdup/HG002-vqs89p8gahfwf9/RCCX/HG002-vqs89p8gahfwf9.RCCX.done	33	1786712500	def97efc51b14388fbe01e607b6969eec2976ff117c5ecacb4d0a465fa973e82
E1	/fsx/analysis_results/prod-cand-1703/prod-cand-1703-hg002-bjuice-v2-multiau-20260814T114522Z	results/day/hg38/HG002-vqs89p8gahfwf9/align/sentmm2ont/na/snv/sentdhiomr2/segdup/HG002-vqs89p8gahfwf9/RCCX/HG002-vqs89p8gahfwf9.RCCX.result.vcf.gz	13758	1786712500	46e0b8c34ec84f215b190b31de9cbd298644f45e8293da68b764b62bdc0bd0a8
E1	/fsx/analysis_results/prod-cand-1703/prod-cand-1703-hg002-bjuice-v2-multiau-20260814T114522Z	results/day/hg38/HG002-vqs89p8gahfwf9/align/sentmm2ont/na/snv/sentdhiomr2/segdup/HG002-vqs89p8gahfwf9/RCCX/HG002-vqs89p8gahfwf9.RCCX.result.vcf.gz.tbi	178	1786712500	7d1107aeb738957cc7561ba7de3aad11933cb225580799dda2ac89c8023c8d04
E1	/fsx/analysis_results/prod-cand-1703/prod-cand-1703-hg002-bjuice-v2-multiau-20260814T114522Z	results/day/hg38/HG002-vqs89p8gahfwf9/align/sentmm2ont/na/snv/sentdhiomr2/segdup/HG002-vqs89p8gahfwf9/RCCX/HG002-vqs89p8gahfwf9.RCCX.yaml	2964	1786712500	b6d0ca5ef3a6f162c2620942a1b96dac17ddf2a796ebb063cfb8c2f4f2167c0b
E1	/fsx/analysis_results/prod-cand-1703/prod-cand-1703-hg002-bjuice-v2-multiau-20260814T114522Z	results/day/hg38/HG002-vqs89p8gahfwf9/align/sentmm2ont/na/snv/sentdhiomr2/segdup/HG002-vqs89p8gahfwf9/RH/HG002-vqs89p8gahfwf9.RH.done	31	1786712577	8b0e22de9f2c56973affe66793ef5c1490b73110b109cf73352d1b26422c6fca
E1	/fsx/analysis_results/prod-cand-1703/prod-cand-1703-hg002-bjuice-v2-multiau-20260814T114522Z	results/day/hg38/HG002-vqs89p8gahfwf9/align/sentmm2ont/na/snv/sentdhiomr2/segdup/HG002-vqs89p8gahfwf9/RH/HG002-vqs89p8gahfwf9.RH.result.vcf.gz	9086	1786712577	af15c1424be07edc85927514027bb6c9196a2603535b4b61b8cd8d1a662d80c3
E1	/fsx/analysis_results/prod-cand-1703/prod-cand-1703-hg002-bjuice-v2-multiau-20260814T114522Z	results/day/hg38/HG002-vqs89p8gahfwf9/align/sentmm2ont/na/snv/sentdhiomr2/segdup/HG002-vqs89p8gahfwf9/RH/HG002-vqs89p8gahfwf9.RH.result.vcf.gz.tbi	169	1786712577	ca652b4a2778f53155100bad843eb2f78a7c2c59fff24b3b4e270968c61baa53
E1	/fsx/analysis_results/prod-cand-1703/prod-cand-1703-hg002-bjuice-v2-multiau-20260814T114522Z	results/day/hg38/HG002-vqs89p8gahfwf9/align/sentmm2ont/na/snv/sentdhiomr2/segdup/HG002-vqs89p8gahfwf9/RH/HG002-vqs89p8gahfwf9.RH.yaml	1755	1786712577	dcb39186a0b54999207547aba060ff815ed953844390bbfe8b00ee59487995eb
E1	/fsx/analysis_results/prod-cand-1703/prod-cand-1703-hg002-bjuice-v2-multiau-20260814T114522Z	results/day/hg38/HG002-vqs89p8gahfwf9/align/sentmm2ont/na/snv/sentdhiomr2/segdup/HG002-vqs89p8gahfwf9/SBDS/HG002-vqs89p8gahfwf9.SBDS.done	33	1786712632	7575b2b1b7f0df89b5aabbb5a8a99c7fd82d2ed8baf22f73c5bb30f625a3dbe1
E1	/fsx/analysis_results/prod-cand-1703/prod-cand-1703-hg002-bjuice-v2-multiau-20260814T114522Z	results/day/hg38/HG002-vqs89p8gahfwf9/align/sentmm2ont/na/snv/sentdhiomr2/segdup/HG002-vqs89p8gahfwf9/SBDS/HG002-vqs89p8gahfwf9.SBDS.result.vcf.gz	4073	1786712632	dc8cf7bb6dbe09773954c984be72134462847ec5e0951eadbc67b71b6bfd5c2f
E1	/fsx/analysis_results/prod-cand-1703/prod-cand-1703-hg002-bjuice-v2-multiau-20260814T114522Z	results/day/hg38/HG002-vqs89p8gahfwf9/align/sentmm2ont/na/snv/sentdhiomr2/segdup/HG002-vqs89p8gahfwf9/SBDS/HG002-vqs89p8gahfwf9.SBDS.result.vcf.gz.tbi	178	1786712632	0ba5556f0c8cd484b69e2067c8658cc4b241c57db529a6a4e66ee28436feb95f
E1	/fsx/analysis_results/prod-cand-1703/prod-cand-1703-hg002-bjuice-v2-multiau-20260814T114522Z	results/day/hg38/HG002-vqs89p8gahfwf9/align/sentmm2ont/na/snv/sentdhiomr2/segdup/HG002-vqs89p8gahfwf9/SBDS/HG002-vqs89p8gahfwf9.SBDS.yaml	2172	1786712632	84f232380fbb4c36f1474e87605f70f4f10b8e6e09ea9c93c7351a0089fc1b8c
E1	/fsx/analysis_results/prod-cand-1703/prod-cand-1703-hg002-bjuice-v2-multiau-20260814T114522Z	results/day/hg38/HG002-vqs89p8gahfwf9/align/sentmm2ont/na/snv/sentdhiomr2/segdup/HG002-vqs89p8gahfwf9/SMN1/HG002-vqs89p8gahfwf9.SMN1.done	33	1786712464	cb012bdeb144dffb504c8492291c0c703fe4ced4064026e04fe63e1104097d06
E1	/fsx/analysis_results/prod-cand-1703/prod-cand-1703-hg002-bjuice-v2-multiau-20260814T114522Z	results/day/hg38/HG002-vqs89p8gahfwf9/align/sentmm2ont/na/snv/sentdhiomr2/segdup/HG002-vqs89p8gahfwf9/SMN1/HG002-vqs89p8gahfwf9.SMN1.result.vcf.gz	8081	1786712464	e6911b2e191fed0eaaedca258257ab16e84a7d577eed7e7df841da6622a6bcfa
E1	/fsx/analysis_results/prod-cand-1703/prod-cand-1703-hg002-bjuice-v2-multiau-20260814T114522Z	results/day/hg38/HG002-vqs89p8gahfwf9/align/sentmm2ont/na/snv/sentdhiomr2/segdup/HG002-vqs89p8gahfwf9/SMN1/HG002-vqs89p8gahfwf9.SMN1.result.vcf.gz.tbi	195	1786712464	74f25ea04fdfffa955d05e9027121497f4fb6d3ece1ab44d74518674afaf6ccc
E1	/fsx/analysis_results/prod-cand-1703/prod-cand-1703-hg002-bjuice-v2-multiau-20260814T114522Z	results/day/hg38/HG002-vqs89p8gahfwf9/align/sentmm2ont/na/snv/sentdhiomr2/segdup/HG002-vqs89p8gahfwf9/SMN1/HG002-vqs89p8gahfwf9.SMN1.yaml	1578	1786712464	9b893429d592c628583127d62a74238f731e8bb9ec17a6302e67fd1bfb7aefa5
E1	/fsx/analysis_results/prod-cand-1703/prod-cand-1703-hg002-bjuice-v2-multiau-20260814T114522Z	results/day/hg38/HG002-vqs89p8gahfwf9/align/sentmm2ont/na/snv/sentdhiomr2/segdup/HG002-vqs89p8gahfwf9/STRC/HG002-vqs89p8gahfwf9.STRC.done	33	1786712377	de12494929617b5cc57839367dc26941e31fde95640eaf13b497d699d327765e
E1	/fsx/analysis_results/prod-cand-1703/prod-cand-1703-hg002-bjuice-v2-multiau-20260814T114522Z	results/day/hg38/HG002-vqs89p8gahfwf9/align/sentmm2ont/na/snv/sentdhiomr2/segdup/HG002-vqs89p8gahfwf9/STRC/HG002-vqs89p8gahfwf9.STRC.result.vcf.gz	8648	1786712377	3cb6484bb57de21da43a73f99650b7f5457591aaea60bddc809841edcc694f93
E1	/fsx/analysis_results/prod-cand-1703/prod-cand-1703-hg002-bjuice-v2-multiau-20260814T114522Z	results/day/hg38/HG002-vqs89p8gahfwf9/align/sentmm2ont/na/snv/sentdhiomr2/segdup/HG002-vqs89p8gahfwf9/STRC/HG002-vqs89p8gahfwf9.STRC.result.vcf.gz.tbi	180	1786712377	3af4aeeb6dc87fbc2f8cb3f81fadfa76d18253dade45cedd85182084d1cc3324
E1	/fsx/analysis_results/prod-cand-1703/prod-cand-1703-hg002-bjuice-v2-multiau-20260814T114522Z	results/day/hg38/HG002-vqs89p8gahfwf9/align/sentmm2ont/na/snv/sentdhiomr2/segdup/HG002-vqs89p8gahfwf9/STRC/HG002-vqs89p8gahfwf9.STRC.yaml	2165	1786712377	ad50f291bd0decef9428340b24ae2aefd7b80dec3f0250af60cfa259afcf2b02
E1	/fsx/analysis_results/prod-cand-1703/prod-cand-1703-hg002-bjuice-v2-multiau-20260814T114522Z	results/day/hg38/HG002-vqs89p8gahfwf9/align/sentmm2ont/na/snv/sentdhiomr2/slim-consensus/prepared/smn12/HG002-vqs89p8gahfwf9.smn12.normalized.json	1688	1786710690	8639121e42110deba4a5db8c6abc77e2e7200dac313ea1af9739b6695caf213e
E1	/fsx/analysis_results/prod-cand-1703/prod-cand-1703-hg002-bjuice-v2-multiau-20260814T114522Z	results/day/hg38/HG002-vqs89p8gahfwf9/align/sentmm2ont/na/snv/sentdhiomr2/slim-consensus/truvari/HG002-vqs89p8gahfwf9/queries/longreadsv/truvari/summary.json	924	1786718639	1d063cbbb38dff77f10b427aec041682651932572b915fba28042c0aa89f7ac2
E1	/fsx/analysis_results/prod-cand-1703/prod-cand-1703-hg002-bjuice-v2-multiau-20260814T114522Z	results/day/hg38/HG002-vqs89p8gahfwf9/align/sentmm2ont/na/snv/sentdhiomr2/slim-consensus/truvari/HG002-vqs89p8gahfwf9/queries/sniffles2/truvari/summary.json	738	1786709292	3d5a70388b9bba74b51162c476bd95dc4ca748306eaa1580456696996d6ecd87
E1	/fsx/analysis_results/prod-cand-1703/prod-cand-1703-hg002-bjuice-v2-multiau-20260814T114522Z	results/day/hg38/HG002-vqs89p8gahfwf9/align/sentmm2ont/na/snv/sentdhiomr2/slim-consensus/truvari/HG002-vqs89p8gahfwf9/queries/tagged_trussv/truvari/summary.json	923	1786738330	46bac9462b2e5384b72cfe268b352891b32a5a1da6c7791857e4333d5e65f037
E1	/fsx/analysis_results/prod-cand-1703/prod-cand-1703-hg002-bjuice-v2-multiau-20260814T114522Z	results/day/hg38/HG002-vqs89p8gahfwf9/align/sentmm2ont/na/snv/sentdhiomr2/slim-consensus/truvari/HG002-vqs89p8gahfwf9/queries/tiddit/truvari/summary.json	703	1786712335	a93fe6429ae52804989abe76806406153d279d70ef076d1349700bc4459f2fc4
E1	/fsx/analysis_results/prod-cand-1703/prod-cand-1703-hg002-bjuice-v2-multiau-20260814T114522Z	results/day/hg38/reports/benchmarks_summary.tsv	529897	1786739549	f4408cdd8c6122e9e6e93112c3a192b26e13b6189a469fbb89445097c8665e34
E1	/fsx/analysis_results/prod-cand-1703/prod-cand-1703-hg002-bjuice-v2-multiau-20260814T114522Z	results/day/hg38/reports/dayoa_evidence_manifest.json	546499	1786738451	ac8c86a36f4ea56ef87c3be786f4b9aa5ad1c18a507b921e67f332768608afc0
E1	/fsx/analysis_results/prod-cand-1703/prod-cand-1703-hg002-bjuice-v2-multiau-20260814T114522Z	results/day/hg38/reports/input_manifests/analysis_unit_identity_audit.tsv	1198	1786708227	2785f4d6250d56a38bdf6552ed0c907af42751b18a9f813053621d2608c8f15f
E1	/fsx/analysis_results/prod-cand-1703/prod-cand-1703-hg002-bjuice-v2-multiau-20260814T114522Z	results/day/hg38/reports/input_manifests/analysis_unit_inputs.tsv	1941	1786708227	26cc30c365ffdf9dde2ea7146065fa9357088bb7614a4e41b418f9696786ea55
E1	/fsx/analysis_results/prod-cand-1703/prod-cand-1703-hg002-bjuice-v2-multiau-20260814T114522Z	results/day/hg38/reports/input_manifests/analysis_units.tsv	1171	1786708227	50796280b3265a624be6bda8563d5ae41fbe3349dc369a89518fd94a8a24ec03
E1	/fsx/analysis_results/prod-cand-1703/prod-cand-1703-hg002-bjuice-v2-multiau-20260814T114522Z	results/day/hg38/reports/input_manifests/libraries.tsv	230	1786708227	0a8ab721256e55e6a4a358adb305c3de723664e310a1bb070930e933bcabc1c8
E1	/fsx/analysis_results/prod-cand-1703/prod-cand-1703-hg002-bjuice-v2-multiau-20260814T114522Z	results/day/hg38/reports/input_manifests/resolved_analysis_units.tsv	639929	1786708227	50a524874ebdcc7b6a5939831d2f273968de3e3011360a54d32c765ccfa53a9a
E1	/fsx/analysis_results/prod-cand-1703/prod-cand-1703-hg002-bjuice-v2-multiau-20260814T114522Z	results/day/hg38/reports/input_manifests/samples.tsv	536	1786708227	2c035fd7ccf6bc26368d1cda62909c9fb8e255d5bcb0c85b3d1d6131de87f2b2
E1	/fsx/analysis_results/prod-cand-1703/prod-cand-1703-hg002-bjuice-v2-multiau-20260814T114522Z	results/day/hg38/reports/input_manifests/sequencing_inputs.tsv	85768	1786708227	07704217887814164c6185c051801bed2acdf944703746ea9195d22b562204a5
E1	/fsx/analysis_results/prod-cand-1703/prod-cand-1703-hg002-bjuice-v2-multiau-20260814T114522Z	results/day/hg38/reports/input_manifests/specimens.tsv	198	1786708227	6e8bda59a851d797f9d8d9d137beae8dd76b2a04256b5bdf7f4f3ed37eb6c8e2
