status	expected_bytes	current_bytes	platform	sample	partition	uri	error
ok	816412304	816412304	ONT	NA00232	chip1	s3://lsmc-ssf-sequencing-data/basecalls/lsmc/ssf-hq/pca100/2026/20260522_ONT_4Coriells_chip1/20260522_ONT_4Coriells_chip1/20260522_2252_2B_PBM13545_f3392d36/fastq_pass/barcode18/PBM13545_pass_barcode18_f3392d36_eb9b0a06_0.fastq.gz	
ok	810656370	810656370	ONT	NA00232	chip1	s3://lsmc-ssf-sequencing-data/basecalls/lsmc/ssf-hq/pca100/2026/20260522_ONT_4Coriells_chip1/20260522_ONT_4Coriells_chip1/20260522_2252_2B_PBM13545_f3392d36/fastq_pass/barcode18/PBM13545_pass_barcode18_f3392d36_eb9b0a06_1.fastq.gz	
ok	529798563	529798563	ONT	NA00232	chip1	s3://lsmc-ssf-sequencing-data/basecalls/lsmc/ssf-hq/pca100/2026/20260522_ONT_4Coriells_chip1/20260522_ONT_4Coriells_chip1/20260522_2252_2B_PBM13545_f3392d36/fastq_pass/barcode18/PBM13545_pass_barcode18_f3392d36_eb9b0a06_10.fastq.gz	
ok	448751106	448751106	ONT	NA00232	chip1	s3://lsmc-ssf-sequencing-data/basecalls/lsmc/ssf-hq/pca100/2026/20260522_ONT_4Coriells_chip1/20260522_ONT_4Coriells_chip1/20260522_2252_2B_PBM13545_f3392d36/fastq_pass/barcode18/PBM13545_pass_barcode18_f3392d36_eb9b0a06_11.fastq.gz	
ok	430614420	430614420	ONT	NA00232	chip1	s3://lsmc-ssf-sequencing-data/basecalls/lsmc/ssf-hq/pca100/2026/20260522_ONT_4Coriells_chip1/20260522_ONT_4Coriells_chip1/20260522_2252_2B_PBM13545_f3392d36/fastq_pass/barcode18/PBM13545_pass_barcode18_f3392d36_eb9b0a06_12.fastq.gz	
ok	462706542	462706542	ONT	NA00232	chip1	s3://lsmc-ssf-sequencing-data/basecalls/lsmc/ssf-hq/pca100/2026/20260522_ONT_4Coriells_chip1/20260522_ONT_4Coriells_chip1/20260522_2252_2B_PBM13545_f3392d36/fastq_pass/barcode18/PBM13545_pass_barcode18_f3392d36_eb9b0a06_13.fastq.gz	
ok	430326420	430326420	ONT	NA00232	chip1	s3://lsmc-ssf-sequencing-data/basecalls/lsmc/ssf-hq/pca100/2026/20260522_ONT_4Coriells_chip1/20260522_ONT_4Coriells_chip1/20260522_2252_2B_PBM13545_f3392d36/fastq_pass/barcode18/PBM13545_pass_barcode18_f3392d36_eb9b0a06_14.fastq.gz	
ok	410242610	410242610	ONT	NA00232	chip1	s3://lsmc-ssf-sequencing-data/basecalls/lsmc/ssf-hq/pca100/2026/20260522_ONT_4Coriells_chip1/20260522_ONT_4Coriells_chip1/20260522_2252_2B_PBM13545_f3392d36/fastq_pass/barcode18/PBM13545_pass_barcode18_f3392d36_eb9b0a06_15.fastq.gz	
ok	413436863	413436863	ONT	NA00232	chip1	s3://lsmc-ssf-sequencing-data/basecalls/lsmc/ssf-hq/pca100/2026/20260522_ONT_4Coriells_chip1/20260522_ONT_4Coriells_chip1/20260522_2252_2B_PBM13545_f3392d36/fastq_pass/barcode18/PBM13545_pass_barcode18_f3392d36_eb9b0a06_16.fastq.gz	
ok	373608839	373608839	ONT	NA00232	chip1	s3://lsmc-ssf-sequencing-data/basecalls/lsmc/ssf-hq/pca100/2026/20260522_ONT_4Coriells_chip1/20260522_ONT_4Coriells_chip1/20260522_2252_2B_PBM13545_f3392d36/fastq_pass/barcode18/PBM13545_pass_barcode18_f3392d36_eb9b0a06_17.fastq.gz	
ok	395882592	395882592	ONT	NA00232	chip1	s3://lsmc-ssf-sequencing-data/basecalls/lsmc/ssf-hq/pca100/2026/20260522_ONT_4Coriells_chip1/20260522_ONT_4Coriells_chip1/20260522_2252_2B_PBM13545_f3392d36/fastq_pass/barcode18/PBM13545_pass_barcode18_f3392d36_eb9b0a06_18.fastq.gz	
ok	367353912	367353912	ONT	NA00232	chip1	s3://lsmc-ssf-sequencing-data/basecalls/lsmc/ssf-hq/pca100/2026/20260522_ONT_4Coriells_chip1/20260522_ONT_4Coriells_chip1/20260522_2252_2B_PBM13545_f3392d36/fastq_pass/barcode18/PBM13545_pass_barcode18_f3392d36_eb9b0a06_19.fastq.gz	
ok	749592067	749592067	ONT	NA00232	chip1	s3://lsmc-ssf-sequencing-data/basecalls/lsmc/ssf-hq/pca100/2026/20260522_ONT_4Coriells_chip1/20260522_ONT_4Coriells_chip1/20260522_2252_2B_PBM13545_f3392d36/fastq_pass/barcode18/PBM13545_pass_barcode18_f3392d36_eb9b0a06_2.fastq.gz	
ok	338180611	338180611	ONT	NA00232	chip1	s3://lsmc-ssf-sequencing-data/basecalls/lsmc/ssf-hq/pca100/2026/20260522_ONT_4Coriells_chip1/20260522_ONT_4Coriells_chip1/20260522_2252_2B_PBM13545_f3392d36/fastq_pass/barcode18/PBM13545_pass_barcode18_f3392d36_eb9b0a06_20.fastq.gz	
ok	341160201	341160201	ONT	NA00232	chip1	s3://lsmc-ssf-sequencing-data/basecalls/lsmc/ssf-hq/pca100/2026/20260522_ONT_4Coriells_chip1/20260522_ONT_4Coriells_chip1/20260522_2252_2B_PBM13545_f3392d36/fastq_pass/barcode18/PBM13545_pass_barcode18_f3392d36_eb9b0a06_21.fastq.gz	
ok	322643065	322643065	ONT	NA00232	chip1	s3://lsmc-ssf-sequencing-data/basecalls/lsmc/ssf-hq/pca100/2026/20260522_ONT_4Coriells_chip1/20260522_ONT_4Coriells_chip1/20260522_2252_2B_PBM13545_f3392d36/fastq_pass/barcode18/PBM13545_pass_barcode18_f3392d36_eb9b0a06_22.fastq.gz	
ok	307585711	307585711	ONT	NA00232	chip1	s3://lsmc-ssf-sequencing-data/basecalls/lsmc/ssf-hq/pca100/2026/20260522_ONT_4Coriells_chip1/20260522_ONT_4Coriells_chip1/20260522_2252_2B_PBM13545_f3392d36/fastq_pass/barcode18/PBM13545_pass_barcode18_f3392d36_eb9b0a06_23.fastq.gz	
ok	334208913	334208913	ONT	NA00232	chip1	s3://lsmc-ssf-sequencing-data/basecalls/lsmc/ssf-hq/pca100/2026/20260522_ONT_4Coriells_chip1/20260522_ONT_4Coriells_chip1/20260522_2252_2B_PBM13545_f3392d36/fastq_pass/barcode18/PBM13545_pass_barcode18_f3392d36_eb9b0a06_24.fastq.gz	
ok	287575029	287575029	ONT	NA00232	chip1	s3://lsmc-ssf-sequencing-data/basecalls/lsmc/ssf-hq/pca100/2026/20260522_ONT_4Coriells_chip1/20260522_ONT_4Coriells_chip1/20260522_2252_2B_PBM13545_f3392d36/fastq_pass/barcode18/PBM13545_pass_barcode18_f3392d36_eb9b0a06_25.fastq.gz	
ok	295290582	295290582	ONT	NA00232	chip1	s3://lsmc-ssf-sequencing-data/basecalls/lsmc/ssf-hq/pca100/2026/20260522_ONT_4Coriells_chip1/20260522_ONT_4Coriells_chip1/20260522_2252_2B_PBM13545_f3392d36/fastq_pass/barcode18/PBM13545_pass_barcode18_f3392d36_eb9b0a06_26.fastq.gz	
ok	300472432	300472432	ONT	NA00232	chip1	s3://lsmc-ssf-sequencing-data/basecalls/lsmc/ssf-hq/pca100/2026/20260522_ONT_4Coriells_chip1/20260522_ONT_4Coriells_chip1/20260522_2252_2B_PBM13545_f3392d36/fastq_pass/barcode18/PBM13545_pass_barcode18_f3392d36_eb9b0a06_27.fastq.gz	
ok	278082063	278082063	ONT	NA00232	chip1	s3://lsmc-ssf-sequencing-data/basecalls/lsmc/ssf-hq/pca100/2026/20260522_ONT_4Coriells_chip1/20260522_ONT_4Coriells_chip1/20260522_2252_2B_PBM13545_f3392d36/fastq_pass/barcode18/PBM13545_pass_barcode18_f3392d36_eb9b0a06_28.fastq.gz	
ok	279168022	279168022	ONT	NA00232	chip1	s3://lsmc-ssf-sequencing-data/basecalls/lsmc/ssf-hq/pca100/2026/20260522_ONT_4Coriells_chip1/20260522_ONT_4Coriells_chip1/20260522_2252_2B_PBM13545_f3392d36/fastq_pass/barcode18/PBM13545_pass_barcode18_f3392d36_eb9b0a06_29.fastq.gz	
ok	645680843	645680843	ONT	NA00232	chip1	s3://lsmc-ssf-sequencing-data/basecalls/lsmc/ssf-hq/pca100/2026/20260522_ONT_4Coriells_chip1/20260522_ONT_4Coriells_chip1/20260522_2252_2B_PBM13545_f3392d36/fastq_pass/barcode18/PBM13545_pass_barcode18_f3392d36_eb9b0a06_3.fastq.gz	
ok	253297085	253297085	ONT	NA00232	chip1	s3://lsmc-ssf-sequencing-data/basecalls/lsmc/ssf-hq/pca100/2026/20260522_ONT_4Coriells_chip1/20260522_ONT_4Coriells_chip1/20260522_2252_2B_PBM13545_f3392d36/fastq_pass/barcode18/PBM13545_pass_barcode18_f3392d36_eb9b0a06_30.fastq.gz	
ok	236713554	236713554	ONT	NA00232	chip1	s3://lsmc-ssf-sequencing-data/basecalls/lsmc/ssf-hq/pca100/2026/20260522_ONT_4Coriells_chip1/20260522_ONT_4Coriells_chip1/20260522_2252_2B_PBM13545_f3392d36/fastq_pass/barcode18/PBM13545_pass_barcode18_f3392d36_eb9b0a06_31.fastq.gz	
ok	266524314	266524314	ONT	NA00232	chip1	s3://lsmc-ssf-sequencing-data/basecalls/lsmc/ssf-hq/pca100/2026/20260522_ONT_4Coriells_chip1/20260522_ONT_4Coriells_chip1/20260522_2252_2B_PBM13545_f3392d36/fastq_pass/barcode18/PBM13545_pass_barcode18_f3392d36_eb9b0a06_32.fastq.gz	
ok	223374346	223374346	ONT	NA00232	chip1	s3://lsmc-ssf-sequencing-data/basecalls/lsmc/ssf-hq/pca100/2026/20260522_ONT_4Coriells_chip1/20260522_ONT_4Coriells_chip1/20260522_2252_2B_PBM13545_f3392d36/fastq_pass/barcode18/PBM13545_pass_barcode18_f3392d36_eb9b0a06_33.fastq.gz	
ok	223743050	223743050	ONT	NA00232	chip1	s3://lsmc-ssf-sequencing-data/basecalls/lsmc/ssf-hq/pca100/2026/20260522_ONT_4Coriells_chip1/20260522_ONT_4Coriells_chip1/20260522_2252_2B_PBM13545_f3392d36/fastq_pass/barcode18/PBM13545_pass_barcode18_f3392d36_eb9b0a06_34.fastq.gz	
ok	230919308	230919308	ONT	NA00232	chip1	s3://lsmc-ssf-sequencing-data/basecalls/lsmc/ssf-hq/pca100/2026/20260522_ONT_4Coriells_chip1/20260522_ONT_4Coriells_chip1/20260522_2252_2B_PBM13545_f3392d36/fastq_pass/barcode18/PBM13545_pass_barcode18_f3392d36_eb9b0a06_35.fastq.gz	
ok	213611156	213611156	ONT	NA00232	chip1	s3://lsmc-ssf-sequencing-data/basecalls/lsmc/ssf-hq/pca100/2026/20260522_ONT_4Coriells_chip1/20260522_ONT_4Coriells_chip1/20260522_2252_2B_PBM13545_f3392d36/fastq_pass/barcode18/PBM13545_pass_barcode18_f3392d36_eb9b0a06_36.fastq.gz	
ok	229634102	229634102	ONT	NA00232	chip1	s3://lsmc-ssf-sequencing-data/basecalls/lsmc/ssf-hq/pca100/2026/20260522_ONT_4Coriells_chip1/20260522_ONT_4Coriells_chip1/20260522_2252_2B_PBM13545_f3392d36/fastq_pass/barcode18/PBM13545_pass_barcode18_f3392d36_eb9b0a06_37.fastq.gz	
ok	204548736	204548736	ONT	NA00232	chip1	s3://lsmc-ssf-sequencing-data/basecalls/lsmc/ssf-hq/pca100/2026/20260522_ONT_4Coriells_chip1/20260522_ONT_4Coriells_chip1/20260522_2252_2B_PBM13545_f3392d36/fastq_pass/barcode18/PBM13545_pass_barcode18_f3392d36_eb9b0a06_38.fastq.gz	
ok	193984662	193984662	ONT	NA00232	chip1	s3://lsmc-ssf-sequencing-data/basecalls/lsmc/ssf-hq/pca100/2026/20260522_ONT_4Coriells_chip1/20260522_ONT_4Coriells_chip1/20260522_2252_2B_PBM13545_f3392d36/fastq_pass/barcode18/PBM13545_pass_barcode18_f3392d36_eb9b0a06_39.fastq.gz	
ok	610076973	610076973	ONT	NA00232	chip1	s3://lsmc-ssf-sequencing-data/basecalls/lsmc/ssf-hq/pca100/2026/20260522_ONT_4Coriells_chip1/20260522_ONT_4Coriells_chip1/20260522_2252_2B_PBM13545_f3392d36/fastq_pass/barcode18/PBM13545_pass_barcode18_f3392d36_eb9b0a06_4.fastq.gz	
ok	214656171	214656171	ONT	NA00232	chip1	s3://lsmc-ssf-sequencing-data/basecalls/lsmc/ssf-hq/pca100/2026/20260522_ONT_4Coriells_chip1/20260522_ONT_4Coriells_chip1/20260522_2252_2B_PBM13545_f3392d36/fastq_pass/barcode18/PBM13545_pass_barcode18_f3392d36_eb9b0a06_40.fastq.gz	
ok	178189568	178189568	ONT	NA00232	chip1	s3://lsmc-ssf-sequencing-data/basecalls/lsmc/ssf-hq/pca100/2026/20260522_ONT_4Coriells_chip1/20260522_ONT_4Coriells_chip1/20260522_2252_2B_PBM13545_f3392d36/fastq_pass/barcode18/PBM13545_pass_barcode18_f3392d36_eb9b0a06_41.fastq.gz	
ok	174232402	174232402	ONT	NA00232	chip1	s3://lsmc-ssf-sequencing-data/basecalls/lsmc/ssf-hq/pca100/2026/20260522_ONT_4Coriells_chip1/20260522_ONT_4Coriells_chip1/20260522_2252_2B_PBM13545_f3392d36/fastq_pass/barcode18/PBM13545_pass_barcode18_f3392d36_eb9b0a06_42.fastq.gz	
ok	199588265	199588265	ONT	NA00232	chip1	s3://lsmc-ssf-sequencing-data/basecalls/lsmc/ssf-hq/pca100/2026/20260522_ONT_4Coriells_chip1/20260522_ONT_4Coriells_chip1/20260522_2252_2B_PBM13545_f3392d36/fastq_pass/barcode18/PBM13545_pass_barcode18_f3392d36_eb9b0a06_43.fastq.gz	
ok	167147850	167147850	ONT	NA00232	chip1	s3://lsmc-ssf-sequencing-data/basecalls/lsmc/ssf-hq/pca100/2026/20260522_ONT_4Coriells_chip1/20260522_ONT_4Coriells_chip1/20260522_2252_2B_PBM13545_f3392d36/fastq_pass/barcode18/PBM13545_pass_barcode18_f3392d36_eb9b0a06_44.fastq.gz	
ok	166893879	166893879	ONT	NA00232	chip1	s3://lsmc-ssf-sequencing-data/basecalls/lsmc/ssf-hq/pca100/2026/20260522_ONT_4Coriells_chip1/20260522_ONT_4Coriells_chip1/20260522_2252_2B_PBM13545_f3392d36/fastq_pass/barcode18/PBM13545_pass_barcode18_f3392d36_eb9b0a06_45.fastq.gz	
ok	147084805	147084805	ONT	NA00232	chip1	s3://lsmc-ssf-sequencing-data/basecalls/lsmc/ssf-hq/pca100/2026/20260522_ONT_4Coriells_chip1/20260522_ONT_4Coriells_chip1/20260522_2252_2B_PBM13545_f3392d36/fastq_pass/barcode18/PBM13545_pass_barcode18_f3392d36_eb9b0a06_46.fastq.gz	
ok	145405611	145405611	ONT	NA00232	chip1	s3://lsmc-ssf-sequencing-data/basecalls/lsmc/ssf-hq/pca100/2026/20260522_ONT_4Coriells_chip1/20260522_ONT_4Coriells_chip1/20260522_2252_2B_PBM13545_f3392d36/fastq_pass/barcode18/PBM13545_pass_barcode18_f3392d36_eb9b0a06_47.fastq.gz	
ok	163406294	163406294	ONT	NA00232	chip1	s3://lsmc-ssf-sequencing-data/basecalls/lsmc/ssf-hq/pca100/2026/20260522_ONT_4Coriells_chip1/20260522_ONT_4Coriells_chip1/20260522_2252_2B_PBM13545_f3392d36/fastq_pass/barcode18/PBM13545_pass_barcode18_f3392d36_eb9b0a06_48.fastq.gz	
ok	143047177	143047177	ONT	NA00232	chip1	s3://lsmc-ssf-sequencing-data/basecalls/lsmc/ssf-hq/pca100/2026/20260522_ONT_4Coriells_chip1/20260522_ONT_4Coriells_chip1/20260522_2252_2B_PBM13545_f3392d36/fastq_pass/barcode18/PBM13545_pass_barcode18_f3392d36_eb9b0a06_49.fastq.gz	
ok	619103773	619103773	ONT	NA00232	chip1	s3://lsmc-ssf-sequencing-data/basecalls/lsmc/ssf-hq/pca100/2026/20260522_ONT_4Coriells_chip1/20260522_ONT_4Coriells_chip1/20260522_2252_2B_PBM13545_f3392d36/fastq_pass/barcode18/PBM13545_pass_barcode18_f3392d36_eb9b0a06_5.fastq.gz	
ok	132951269	132951269	ONT	NA00232	chip1	s3://lsmc-ssf-sequencing-data/basecalls/lsmc/ssf-hq/pca100/2026/20260522_ONT_4Coriells_chip1/20260522_ONT_4Coriells_chip1/20260522_2252_2B_PBM13545_f3392d36/fastq_pass/barcode18/PBM13545_pass_barcode18_f3392d36_eb9b0a06_50.fastq.gz	
ok	131337185	131337185	ONT	NA00232	chip1	s3://lsmc-ssf-sequencing-data/basecalls/lsmc/ssf-hq/pca100/2026/20260522_ONT_4Coriells_chip1/20260522_ONT_4Coriells_chip1/20260522_2252_2B_PBM13545_f3392d36/fastq_pass/barcode18/PBM13545_pass_barcode18_f3392d36_eb9b0a06_51.fastq.gz	
ok	123856152	123856152	ONT	NA00232	chip1	s3://lsmc-ssf-sequencing-data/basecalls/lsmc/ssf-hq/pca100/2026/20260522_ONT_4Coriells_chip1/20260522_ONT_4Coriells_chip1/20260522_2252_2B_PBM13545_f3392d36/fastq_pass/barcode18/PBM13545_pass_barcode18_f3392d36_eb9b0a06_52.fastq.gz	
ok	145288979	145288979	ONT	NA00232	chip1	s3://lsmc-ssf-sequencing-data/basecalls/lsmc/ssf-hq/pca100/2026/20260522_ONT_4Coriells_chip1/20260522_ONT_4Coriells_chip1/20260522_2252_2B_PBM13545_f3392d36/fastq_pass/barcode18/PBM13545_pass_barcode18_f3392d36_eb9b0a06_53.fastq.gz	
ok	125298209	125298209	ONT	NA00232	chip1	s3://lsmc-ssf-sequencing-data/basecalls/lsmc/ssf-hq/pca100/2026/20260522_ONT_4Coriells_chip1/20260522_ONT_4Coriells_chip1/20260522_2252_2B_PBM13545_f3392d36/fastq_pass/barcode18/PBM13545_pass_barcode18_f3392d36_eb9b0a06_54.fastq.gz	
ok	112832896	112832896	ONT	NA00232	chip1	s3://lsmc-ssf-sequencing-data/basecalls/lsmc/ssf-hq/pca100/2026/20260522_ONT_4Coriells_chip1/20260522_ONT_4Coriells_chip1/20260522_2252_2B_PBM13545_f3392d36/fastq_pass/barcode18/PBM13545_pass_barcode18_f3392d36_eb9b0a06_55.fastq.gz	
ok	113919488	113919488	ONT	NA00232	chip1	s3://lsmc-ssf-sequencing-data/basecalls/lsmc/ssf-hq/pca100/2026/20260522_ONT_4Coriells_chip1/20260522_ONT_4Coriells_chip1/20260522_2252_2B_PBM13545_f3392d36/fastq_pass/barcode18/PBM13545_pass_barcode18_f3392d36_eb9b0a06_56.fastq.gz	
ok	121003664	121003664	ONT	NA00232	chip1	s3://lsmc-ssf-sequencing-data/basecalls/lsmc/ssf-hq/pca100/2026/20260522_ONT_4Coriells_chip1/20260522_ONT_4Coriells_chip1/20260522_2252_2B_PBM13545_f3392d36/fastq_pass/barcode18/PBM13545_pass_barcode18_f3392d36_eb9b0a06_57.fastq.gz	
ok	115801802	115801802	ONT	NA00232	chip1	s3://lsmc-ssf-sequencing-data/basecalls/lsmc/ssf-hq/pca100/2026/20260522_ONT_4Coriells_chip1/20260522_ONT_4Coriells_chip1/20260522_2252_2B_PBM13545_f3392d36/fastq_pass/barcode18/PBM13545_pass_barcode18_f3392d36_eb9b0a06_58.fastq.gz	
ok	101792235	101792235	ONT	NA00232	chip1	s3://lsmc-ssf-sequencing-data/basecalls/lsmc/ssf-hq/pca100/2026/20260522_ONT_4Coriells_chip1/20260522_ONT_4Coriells_chip1/20260522_2252_2B_PBM13545_f3392d36/fastq_pass/barcode18/PBM13545_pass_barcode18_f3392d36_eb9b0a06_59.fastq.gz	
ok	548432280	548432280	ONT	NA00232	chip1	s3://lsmc-ssf-sequencing-data/basecalls/lsmc/ssf-hq/pca100/2026/20260522_ONT_4Coriells_chip1/20260522_ONT_4Coriells_chip1/20260522_2252_2B_PBM13545_f3392d36/fastq_pass/barcode18/PBM13545_pass_barcode18_f3392d36_eb9b0a06_6.fastq.gz	
ok	93473552	93473552	ONT	NA00232	chip1	s3://lsmc-ssf-sequencing-data/basecalls/lsmc/ssf-hq/pca100/2026/20260522_ONT_4Coriells_chip1/20260522_ONT_4Coriells_chip1/20260522_2252_2B_PBM13545_f3392d36/fastq_pass/barcode18/PBM13545_pass_barcode18_f3392d36_eb9b0a06_60.fastq.gz	
ok	99534320	99534320	ONT	NA00232	chip1	s3://lsmc-ssf-sequencing-data/basecalls/lsmc/ssf-hq/pca100/2026/20260522_ONT_4Coriells_chip1/20260522_ONT_4Coriells_chip1/20260522_2252_2B_PBM13545_f3392d36/fastq_pass/barcode18/PBM13545_pass_barcode18_f3392d36_eb9b0a06_61.fastq.gz	
ok	79607523	79607523	ONT	NA00232	chip1	s3://lsmc-ssf-sequencing-data/basecalls/lsmc/ssf-hq/pca100/2026/20260522_ONT_4Coriells_chip1/20260522_ONT_4Coriells_chip1/20260522_2252_2B_PBM13545_f3392d36/fastq_pass/barcode18/PBM13545_pass_barcode18_f3392d36_eb9b0a06_62.fastq.gz	
ok	73725611	73725611	ONT	NA00232	chip1	s3://lsmc-ssf-sequencing-data/basecalls/lsmc/ssf-hq/pca100/2026/20260522_ONT_4Coriells_chip1/20260522_ONT_4Coriells_chip1/20260522_2252_2B_PBM13545_f3392d36/fastq_pass/barcode18/PBM13545_pass_barcode18_f3392d36_eb9b0a06_63.fastq.gz	
ok	77970244	77970244	ONT	NA00232	chip1	s3://lsmc-ssf-sequencing-data/basecalls/lsmc/ssf-hq/pca100/2026/20260522_ONT_4Coriells_chip1/20260522_ONT_4Coriells_chip1/20260522_2252_2B_PBM13545_f3392d36/fastq_pass/barcode18/PBM13545_pass_barcode18_f3392d36_eb9b0a06_64.fastq.gz	
ok	47603728	47603728	ONT	NA00232	chip1	s3://lsmc-ssf-sequencing-data/basecalls/lsmc/ssf-hq/pca100/2026/20260522_ONT_4Coriells_chip1/20260522_ONT_4Coriells_chip1/20260522_2252_2B_PBM13545_f3392d36/fastq_pass/barcode18/PBM13545_pass_barcode18_f3392d36_eb9b0a06_65.fastq.gz	
ok	42171129	42171129	ONT	NA00232	chip1	s3://lsmc-ssf-sequencing-data/basecalls/lsmc/ssf-hq/pca100/2026/20260522_ONT_4Coriells_chip1/20260522_ONT_4Coriells_chip1/20260522_2252_2B_PBM13545_f3392d36/fastq_pass/barcode18/PBM13545_pass_barcode18_f3392d36_eb9b0a06_66.fastq.gz	
ok	49063442	49063442	ONT	NA00232	chip1	s3://lsmc-ssf-sequencing-data/basecalls/lsmc/ssf-hq/pca100/2026/20260522_ONT_4Coriells_chip1/20260522_ONT_4Coriells_chip1/20260522_2252_2B_PBM13545_f3392d36/fastq_pass/barcode18/PBM13545_pass_barcode18_f3392d36_eb9b0a06_67.fastq.gz	
ok	37090965	37090965	ONT	NA00232	chip1	s3://lsmc-ssf-sequencing-data/basecalls/lsmc/ssf-hq/pca100/2026/20260522_ONT_4Coriells_chip1/20260522_ONT_4Coriells_chip1/20260522_2252_2B_PBM13545_f3392d36/fastq_pass/barcode18/PBM13545_pass_barcode18_f3392d36_eb9b0a06_68.fastq.gz	
ok	37510698	37510698	ONT	NA00232	chip1	s3://lsmc-ssf-sequencing-data/basecalls/lsmc/ssf-hq/pca100/2026/20260522_ONT_4Coriells_chip1/20260522_ONT_4Coriells_chip1/20260522_2252_2B_PBM13545_f3392d36/fastq_pass/barcode18/PBM13545_pass_barcode18_f3392d36_eb9b0a06_69.fastq.gz	
ok	546409349	546409349	ONT	NA00232	chip1	s3://lsmc-ssf-sequencing-data/basecalls/lsmc/ssf-hq/pca100/2026/20260522_ONT_4Coriells_chip1/20260522_ONT_4Coriells_chip1/20260522_2252_2B_PBM13545_f3392d36/fastq_pass/barcode18/PBM13545_pass_barcode18_f3392d36_eb9b0a06_7.fastq.gz	
ok	35471108	35471108	ONT	NA00232	chip1	s3://lsmc-ssf-sequencing-data/basecalls/lsmc/ssf-hq/pca100/2026/20260522_ONT_4Coriells_chip1/20260522_ONT_4Coriells_chip1/20260522_2252_2B_PBM13545_f3392d36/fastq_pass/barcode18/PBM13545_pass_barcode18_f3392d36_eb9b0a06_70.fastq.gz	
ok	35317387	35317387	ONT	NA00232	chip1	s3://lsmc-ssf-sequencing-data/basecalls/lsmc/ssf-hq/pca100/2026/20260522_ONT_4Coriells_chip1/20260522_ONT_4Coriells_chip1/20260522_2252_2B_PBM13545_f3392d36/fastq_pass/barcode18/PBM13545_pass_barcode18_f3392d36_eb9b0a06_71.fastq.gz	
ok	3497341	3497341	ONT	NA00232	chip1	s3://lsmc-ssf-sequencing-data/basecalls/lsmc/ssf-hq/pca100/2026/20260522_ONT_4Coriells_chip1/20260522_ONT_4Coriells_chip1/20260522_2252_2B_PBM13545_f3392d36/fastq_pass/barcode18/PBM13545_pass_barcode18_f3392d36_eb9b0a06_72.fastq.gz	
ok	536001754	536001754	ONT	NA00232	chip1	s3://lsmc-ssf-sequencing-data/basecalls/lsmc/ssf-hq/pca100/2026/20260522_ONT_4Coriells_chip1/20260522_ONT_4Coriells_chip1/20260522_2252_2B_PBM13545_f3392d36/fastq_pass/barcode18/PBM13545_pass_barcode18_f3392d36_eb9b0a06_8.fastq.gz	
ok	500780048	500780048	ONT	NA00232	chip1	s3://lsmc-ssf-sequencing-data/basecalls/lsmc/ssf-hq/pca100/2026/20260522_ONT_4Coriells_chip1/20260522_ONT_4Coriells_chip1/20260522_2252_2B_PBM13545_f3392d36/fastq_pass/barcode18/PBM13545_pass_barcode18_f3392d36_eb9b0a06_9.fastq.gz	
ok	574084729	574084729	ONT	NA00232	chip2	s3://lsmc-ssf-sequencing-data/basecalls/lsmc/ssf-hq/pca100/2026/20260522_ONT_4Coriells_chip2/20260522_ONT_4Coriells_chip2/20260523_0038_1C_PBM14931_9bbdbb3f/fastq_pass/barcode18/PBM14931_pass_barcode18_9bbdbb3f_7e492b4e_0.fastq.gz	
ok	575984495	575984495	ONT	NA00232	chip2	s3://lsmc-ssf-sequencing-data/basecalls/lsmc/ssf-hq/pca100/2026/20260522_ONT_4Coriells_chip2/20260522_ONT_4Coriells_chip2/20260523_0038_1C_PBM14931_9bbdbb3f/fastq_pass/barcode18/PBM14931_pass_barcode18_9bbdbb3f_7e492b4e_1.fastq.gz	
ok	451486202	451486202	ONT	NA00232	chip2	s3://lsmc-ssf-sequencing-data/basecalls/lsmc/ssf-hq/pca100/2026/20260522_ONT_4Coriells_chip2/20260522_ONT_4Coriells_chip2/20260523_0038_1C_PBM14931_9bbdbb3f/fastq_pass/barcode18/PBM14931_pass_barcode18_9bbdbb3f_7e492b4e_10.fastq.gz	
ok	397324735	397324735	ONT	NA00232	chip2	s3://lsmc-ssf-sequencing-data/basecalls/lsmc/ssf-hq/pca100/2026/20260522_ONT_4Coriells_chip2/20260522_ONT_4Coriells_chip2/20260523_0038_1C_PBM14931_9bbdbb3f/fastq_pass/barcode18/PBM14931_pass_barcode18_9bbdbb3f_7e492b4e_11.fastq.gz	
ok	379660170	379660170	ONT	NA00232	chip2	s3://lsmc-ssf-sequencing-data/basecalls/lsmc/ssf-hq/pca100/2026/20260522_ONT_4Coriells_chip2/20260522_ONT_4Coriells_chip2/20260523_0038_1C_PBM14931_9bbdbb3f/fastq_pass/barcode18/PBM14931_pass_barcode18_9bbdbb3f_7e492b4e_12.fastq.gz	
ok	408499155	408499155	ONT	NA00232	chip2	s3://lsmc-ssf-sequencing-data/basecalls/lsmc/ssf-hq/pca100/2026/20260522_ONT_4Coriells_chip2/20260522_ONT_4Coriells_chip2/20260523_0038_1C_PBM14931_9bbdbb3f/fastq_pass/barcode18/PBM14931_pass_barcode18_9bbdbb3f_7e492b4e_13.fastq.gz	
ok	369667739	369667739	ONT	NA00232	chip2	s3://lsmc-ssf-sequencing-data/basecalls/lsmc/ssf-hq/pca100/2026/20260522_ONT_4Coriells_chip2/20260522_ONT_4Coriells_chip2/20260523_0038_1C_PBM14931_9bbdbb3f/fastq_pass/barcode18/PBM14931_pass_barcode18_9bbdbb3f_7e492b4e_14.fastq.gz	
ok	359573232	359573232	ONT	NA00232	chip2	s3://lsmc-ssf-sequencing-data/basecalls/lsmc/ssf-hq/pca100/2026/20260522_ONT_4Coriells_chip2/20260522_ONT_4Coriells_chip2/20260523_0038_1C_PBM14931_9bbdbb3f/fastq_pass/barcode18/PBM14931_pass_barcode18_9bbdbb3f_7e492b4e_15.fastq.gz	
ok	356173473	356173473	ONT	NA00232	chip2	s3://lsmc-ssf-sequencing-data/basecalls/lsmc/ssf-hq/pca100/2026/20260522_ONT_4Coriells_chip2/20260522_ONT_4Coriells_chip2/20260523_0038_1C_PBM14931_9bbdbb3f/fastq_pass/barcode18/PBM14931_pass_barcode18_9bbdbb3f_7e492b4e_16.fastq.gz	
ok	327862946	327862946	ONT	NA00232	chip2	s3://lsmc-ssf-sequencing-data/basecalls/lsmc/ssf-hq/pca100/2026/20260522_ONT_4Coriells_chip2/20260522_ONT_4Coriells_chip2/20260523_0038_1C_PBM14931_9bbdbb3f/fastq_pass/barcode18/PBM14931_pass_barcode18_9bbdbb3f_7e492b4e_17.fastq.gz	
ok	355858004	355858004	ONT	NA00232	chip2	s3://lsmc-ssf-sequencing-data/basecalls/lsmc/ssf-hq/pca100/2026/20260522_ONT_4Coriells_chip2/20260522_ONT_4Coriells_chip2/20260523_0038_1C_PBM14931_9bbdbb3f/fastq_pass/barcode18/PBM14931_pass_barcode18_9bbdbb3f_7e492b4e_18.fastq.gz	
ok	312600003	312600003	ONT	NA00232	chip2	s3://lsmc-ssf-sequencing-data/basecalls/lsmc/ssf-hq/pca100/2026/20260522_ONT_4Coriells_chip2/20260522_ONT_4Coriells_chip2/20260523_0038_1C_PBM14931_9bbdbb3f/fastq_pass/barcode18/PBM14931_pass_barcode18_9bbdbb3f_7e492b4e_19.fastq.gz	
ok	597662027	597662027	ONT	NA00232	chip2	s3://lsmc-ssf-sequencing-data/basecalls/lsmc/ssf-hq/pca100/2026/20260522_ONT_4Coriells_chip2/20260522_ONT_4Coriells_chip2/20260523_0038_1C_PBM14931_9bbdbb3f/fastq_pass/barcode18/PBM14931_pass_barcode18_9bbdbb3f_7e492b4e_2.fastq.gz	
ok	292605318	292605318	ONT	NA00232	chip2	s3://lsmc-ssf-sequencing-data/basecalls/lsmc/ssf-hq/pca100/2026/20260522_ONT_4Coriells_chip2/20260522_ONT_4Coriells_chip2/20260523_0038_1C_PBM14931_9bbdbb3f/fastq_pass/barcode18/PBM14931_pass_barcode18_9bbdbb3f_7e492b4e_20.fastq.gz	
ok	300965580	300965580	ONT	NA00232	chip2	s3://lsmc-ssf-sequencing-data/basecalls/lsmc/ssf-hq/pca100/2026/20260522_ONT_4Coriells_chip2/20260522_ONT_4Coriells_chip2/20260523_0038_1C_PBM14931_9bbdbb3f/fastq_pass/barcode18/PBM14931_pass_barcode18_9bbdbb3f_7e492b4e_21.fastq.gz	
ok	284450422	284450422	ONT	NA00232	chip2	s3://lsmc-ssf-sequencing-data/basecalls/lsmc/ssf-hq/pca100/2026/20260522_ONT_4Coriells_chip2/20260522_ONT_4Coriells_chip2/20260523_0038_1C_PBM14931_9bbdbb3f/fastq_pass/barcode18/PBM14931_pass_barcode18_9bbdbb3f_7e492b4e_22.fastq.gz	
ok	273202176	273202176	ONT	NA00232	chip2	s3://lsmc-ssf-sequencing-data/basecalls/lsmc/ssf-hq/pca100/2026/20260522_ONT_4Coriells_chip2/20260522_ONT_4Coriells_chip2/20260523_0038_1C_PBM14931_9bbdbb3f/fastq_pass/barcode18/PBM14931_pass_barcode18_9bbdbb3f_7e492b4e_23.fastq.gz	
ok	279586965	279586965	ONT	NA00232	chip2	s3://lsmc-ssf-sequencing-data/basecalls/lsmc/ssf-hq/pca100/2026/20260522_ONT_4Coriells_chip2/20260522_ONT_4Coriells_chip2/20260523_0038_1C_PBM14931_9bbdbb3f/fastq_pass/barcode18/PBM14931_pass_barcode18_9bbdbb3f_7e492b4e_24.fastq.gz	
ok	248486681	248486681	ONT	NA00232	chip2	s3://lsmc-ssf-sequencing-data/basecalls/lsmc/ssf-hq/pca100/2026/20260522_ONT_4Coriells_chip2/20260522_ONT_4Coriells_chip2/20260523_0038_1C_PBM14931_9bbdbb3f/fastq_pass/barcode18/PBM14931_pass_barcode18_9bbdbb3f_7e492b4e_25.fastq.gz	
ok	252026904	252026904	ONT	NA00232	chip2	s3://lsmc-ssf-sequencing-data/basecalls/lsmc/ssf-hq/pca100/2026/20260522_ONT_4Coriells_chip2/20260522_ONT_4Coriells_chip2/20260523_0038_1C_PBM14931_9bbdbb3f/fastq_pass/barcode18/PBM14931_pass_barcode18_9bbdbb3f_7e492b4e_26.fastq.gz	
ok	249929409	249929409	ONT	NA00232	chip2	s3://lsmc-ssf-sequencing-data/basecalls/lsmc/ssf-hq/pca100/2026/20260522_ONT_4Coriells_chip2/20260522_ONT_4Coriells_chip2/20260523_0038_1C_PBM14931_9bbdbb3f/fastq_pass/barcode18/PBM14931_pass_barcode18_9bbdbb3f_7e492b4e_27.fastq.gz	
ok	236013979	236013979	ONT	NA00232	chip2	s3://lsmc-ssf-sequencing-data/basecalls/lsmc/ssf-hq/pca100/2026/20260522_ONT_4Coriells_chip2/20260522_ONT_4Coriells_chip2/20260523_0038_1C_PBM14931_9bbdbb3f/fastq_pass/barcode18/PBM14931_pass_barcode18_9bbdbb3f_7e492b4e_28.fastq.gz	
ok	235474052	235474052	ONT	NA00232	chip2	s3://lsmc-ssf-sequencing-data/basecalls/lsmc/ssf-hq/pca100/2026/20260522_ONT_4Coriells_chip2/20260522_ONT_4Coriells_chip2/20260523_0038_1C_PBM14931_9bbdbb3f/fastq_pass/barcode18/PBM14931_pass_barcode18_9bbdbb3f_7e492b4e_29.fastq.gz	
ok	539249781	539249781	ONT	NA00232	chip2	s3://lsmc-ssf-sequencing-data/basecalls/lsmc/ssf-hq/pca100/2026/20260522_ONT_4Coriells_chip2/20260522_ONT_4Coriells_chip2/20260523_0038_1C_PBM14931_9bbdbb3f/fastq_pass/barcode18/PBM14931_pass_barcode18_9bbdbb3f_7e492b4e_3.fastq.gz	
ok	229234214	229234214	ONT	NA00232	chip2	s3://lsmc-ssf-sequencing-data/basecalls/lsmc/ssf-hq/pca100/2026/20260522_ONT_4Coriells_chip2/20260522_ONT_4Coriells_chip2/20260523_0038_1C_PBM14931_9bbdbb3f/fastq_pass/barcode18/PBM14931_pass_barcode18_9bbdbb3f_7e492b4e_30.fastq.gz	
ok	216589091	216589091	ONT	NA00232	chip2	s3://lsmc-ssf-sequencing-data/basecalls/lsmc/ssf-hq/pca100/2026/20260522_ONT_4Coriells_chip2/20260522_ONT_4Coriells_chip2/20260523_0038_1C_PBM14931_9bbdbb3f/fastq_pass/barcode18/PBM14931_pass_barcode18_9bbdbb3f_7e492b4e_31.fastq.gz	
ok	221155443	221155443	ONT	NA00232	chip2	s3://lsmc-ssf-sequencing-data/basecalls/lsmc/ssf-hq/pca100/2026/20260522_ONT_4Coriells_chip2/20260522_ONT_4Coriells_chip2/20260523_0038_1C_PBM14931_9bbdbb3f/fastq_pass/barcode18/PBM14931_pass_barcode18_9bbdbb3f_7e492b4e_32.fastq.gz	
ok	196645373	196645373	ONT	NA00232	chip2	s3://lsmc-ssf-sequencing-data/basecalls/lsmc/ssf-hq/pca100/2026/20260522_ONT_4Coriells_chip2/20260522_ONT_4Coriells_chip2/20260523_0038_1C_PBM14931_9bbdbb3f/fastq_pass/barcode18/PBM14931_pass_barcode18_9bbdbb3f_7e492b4e_33.fastq.gz	
ok	187916519	187916519	ONT	NA00232	chip2	s3://lsmc-ssf-sequencing-data/basecalls/lsmc/ssf-hq/pca100/2026/20260522_ONT_4Coriells_chip2/20260522_ONT_4Coriells_chip2/20260523_0038_1C_PBM14931_9bbdbb3f/fastq_pass/barcode18/PBM14931_pass_barcode18_9bbdbb3f_7e492b4e_34.fastq.gz	
ok	199844417	199844417	ONT	NA00232	chip2	s3://lsmc-ssf-sequencing-data/basecalls/lsmc/ssf-hq/pca100/2026/20260522_ONT_4Coriells_chip2/20260522_ONT_4Coriells_chip2/20260523_0038_1C_PBM14931_9bbdbb3f/fastq_pass/barcode18/PBM14931_pass_barcode18_9bbdbb3f_7e492b4e_35.fastq.gz	
ok	180641391	180641391	ONT	NA00232	chip2	s3://lsmc-ssf-sequencing-data/basecalls/lsmc/ssf-hq/pca100/2026/20260522_ONT_4Coriells_chip2/20260522_ONT_4Coriells_chip2/20260523_0038_1C_PBM14931_9bbdbb3f/fastq_pass/barcode18/PBM14931_pass_barcode18_9bbdbb3f_7e492b4e_36.fastq.gz	
ok	179733529	179733529	ONT	NA00232	chip2	s3://lsmc-ssf-sequencing-data/basecalls/lsmc/ssf-hq/pca100/2026/20260522_ONT_4Coriells_chip2/20260522_ONT_4Coriells_chip2/20260523_0038_1C_PBM14931_9bbdbb3f/fastq_pass/barcode18/PBM14931_pass_barcode18_9bbdbb3f_7e492b4e_37.fastq.gz	
ok	166775467	166775467	ONT	NA00232	chip2	s3://lsmc-ssf-sequencing-data/basecalls/lsmc/ssf-hq/pca100/2026/20260522_ONT_4Coriells_chip2/20260522_ONT_4Coriells_chip2/20260523_0038_1C_PBM14931_9bbdbb3f/fastq_pass/barcode18/PBM14931_pass_barcode18_9bbdbb3f_7e492b4e_38.fastq.gz	
ok	159483696	159483696	ONT	NA00232	chip2	s3://lsmc-ssf-sequencing-data/basecalls/lsmc/ssf-hq/pca100/2026/20260522_ONT_4Coriells_chip2/20260522_ONT_4Coriells_chip2/20260523_0038_1C_PBM14931_9bbdbb3f/fastq_pass/barcode18/PBM14931_pass_barcode18_9bbdbb3f_7e492b4e_39.fastq.gz	
ok	515726580	515726580	ONT	NA00232	chip2	s3://lsmc-ssf-sequencing-data/basecalls/lsmc/ssf-hq/pca100/2026/20260522_ONT_4Coriells_chip2/20260522_ONT_4Coriells_chip2/20260523_0038_1C_PBM14931_9bbdbb3f/fastq_pass/barcode18/PBM14931_pass_barcode18_9bbdbb3f_7e492b4e_4.fastq.gz	
ok	188306539	188306539	ONT	NA00232	chip2	s3://lsmc-ssf-sequencing-data/basecalls/lsmc/ssf-hq/pca100/2026/20260522_ONT_4Coriells_chip2/20260522_ONT_4Coriells_chip2/20260523_0038_1C_PBM14931_9bbdbb3f/fastq_pass/barcode18/PBM14931_pass_barcode18_9bbdbb3f_7e492b4e_40.fastq.gz	
ok	157302559	157302559	ONT	NA00232	chip2	s3://lsmc-ssf-sequencing-data/basecalls/lsmc/ssf-hq/pca100/2026/20260522_ONT_4Coriells_chip2/20260522_ONT_4Coriells_chip2/20260523_0038_1C_PBM14931_9bbdbb3f/fastq_pass/barcode18/PBM14931_pass_barcode18_9bbdbb3f_7e492b4e_41.fastq.gz	
ok	146035790	146035790	ONT	NA00232	chip2	s3://lsmc-ssf-sequencing-data/basecalls/lsmc/ssf-hq/pca100/2026/20260522_ONT_4Coriells_chip2/20260522_ONT_4Coriells_chip2/20260523_0038_1C_PBM14931_9bbdbb3f/fastq_pass/barcode18/PBM14931_pass_barcode18_9bbdbb3f_7e492b4e_42.fastq.gz	
ok	162396961	162396961	ONT	NA00232	chip2	s3://lsmc-ssf-sequencing-data/basecalls/lsmc/ssf-hq/pca100/2026/20260522_ONT_4Coriells_chip2/20260522_ONT_4Coriells_chip2/20260523_0038_1C_PBM14931_9bbdbb3f/fastq_pass/barcode18/PBM14931_pass_barcode18_9bbdbb3f_7e492b4e_43.fastq.gz	
ok	142606817	142606817	ONT	NA00232	chip2	s3://lsmc-ssf-sequencing-data/basecalls/lsmc/ssf-hq/pca100/2026/20260522_ONT_4Coriells_chip2/20260522_ONT_4Coriells_chip2/20260523_0038_1C_PBM14931_9bbdbb3f/fastq_pass/barcode18/PBM14931_pass_barcode18_9bbdbb3f_7e492b4e_44.fastq.gz	
ok	148481435	148481435	ONT	NA00232	chip2	s3://lsmc-ssf-sequencing-data/basecalls/lsmc/ssf-hq/pca100/2026/20260522_ONT_4Coriells_chip2/20260522_ONT_4Coriells_chip2/20260523_0038_1C_PBM14931_9bbdbb3f/fastq_pass/barcode18/PBM14931_pass_barcode18_9bbdbb3f_7e492b4e_45.fastq.gz	
ok	132006322	132006322	ONT	NA00232	chip2	s3://lsmc-ssf-sequencing-data/basecalls/lsmc/ssf-hq/pca100/2026/20260522_ONT_4Coriells_chip2/20260522_ONT_4Coriells_chip2/20260523_0038_1C_PBM14931_9bbdbb3f/fastq_pass/barcode18/PBM14931_pass_barcode18_9bbdbb3f_7e492b4e_46.fastq.gz	
ok	123923250	123923250	ONT	NA00232	chip2	s3://lsmc-ssf-sequencing-data/basecalls/lsmc/ssf-hq/pca100/2026/20260522_ONT_4Coriells_chip2/20260522_ONT_4Coriells_chip2/20260523_0038_1C_PBM14931_9bbdbb3f/fastq_pass/barcode18/PBM14931_pass_barcode18_9bbdbb3f_7e492b4e_47.fastq.gz	
ok	122725965	122725965	ONT	NA00232	chip2	s3://lsmc-ssf-sequencing-data/basecalls/lsmc/ssf-hq/pca100/2026/20260522_ONT_4Coriells_chip2/20260522_ONT_4Coriells_chip2/20260523_0038_1C_PBM14931_9bbdbb3f/fastq_pass/barcode18/PBM14931_pass_barcode18_9bbdbb3f_7e492b4e_48.fastq.gz	
ok	117363774	117363774	ONT	NA00232	chip2	s3://lsmc-ssf-sequencing-data/basecalls/lsmc/ssf-hq/pca100/2026/20260522_ONT_4Coriells_chip2/20260522_ONT_4Coriells_chip2/20260523_0038_1C_PBM14931_9bbdbb3f/fastq_pass/barcode18/PBM14931_pass_barcode18_9bbdbb3f_7e492b4e_49.fastq.gz	
ok	533819263	533819263	ONT	NA00232	chip2	s3://lsmc-ssf-sequencing-data/basecalls/lsmc/ssf-hq/pca100/2026/20260522_ONT_4Coriells_chip2/20260522_ONT_4Coriells_chip2/20260523_0038_1C_PBM14931_9bbdbb3f/fastq_pass/barcode18/PBM14931_pass_barcode18_9bbdbb3f_7e492b4e_5.fastq.gz	
ok	114760409	114760409	ONT	NA00232	chip2	s3://lsmc-ssf-sequencing-data/basecalls/lsmc/ssf-hq/pca100/2026/20260522_ONT_4Coriells_chip2/20260522_ONT_4Coriells_chip2/20260523_0038_1C_PBM14931_9bbdbb3f/fastq_pass/barcode18/PBM14931_pass_barcode18_9bbdbb3f_7e492b4e_50.fastq.gz	
ok	118781368	118781368	ONT	NA00232	chip2	s3://lsmc-ssf-sequencing-data/basecalls/lsmc/ssf-hq/pca100/2026/20260522_ONT_4Coriells_chip2/20260522_ONT_4Coriells_chip2/20260523_0038_1C_PBM14931_9bbdbb3f/fastq_pass/barcode18/PBM14931_pass_barcode18_9bbdbb3f_7e492b4e_51.fastq.gz	
ok	101461124	101461124	ONT	NA00232	chip2	s3://lsmc-ssf-sequencing-data/basecalls/lsmc/ssf-hq/pca100/2026/20260522_ONT_4Coriells_chip2/20260522_ONT_4Coriells_chip2/20260523_0038_1C_PBM14931_9bbdbb3f/fastq_pass/barcode18/PBM14931_pass_barcode18_9bbdbb3f_7e492b4e_52.fastq.gz	
ok	99456626	99456626	ONT	NA00232	chip2	s3://lsmc-ssf-sequencing-data/basecalls/lsmc/ssf-hq/pca100/2026/20260522_ONT_4Coriells_chip2/20260522_ONT_4Coriells_chip2/20260523_0038_1C_PBM14931_9bbdbb3f/fastq_pass/barcode18/PBM14931_pass_barcode18_9bbdbb3f_7e492b4e_53.fastq.gz	
ok	97673054	97673054	ONT	NA00232	chip2	s3://lsmc-ssf-sequencing-data/basecalls/lsmc/ssf-hq/pca100/2026/20260522_ONT_4Coriells_chip2/20260522_ONT_4Coriells_chip2/20260523_0038_1C_PBM14931_9bbdbb3f/fastq_pass/barcode18/PBM14931_pass_barcode18_9bbdbb3f_7e492b4e_54.fastq.gz	
ok	88256271	88256271	ONT	NA00232	chip2	s3://lsmc-ssf-sequencing-data/basecalls/lsmc/ssf-hq/pca100/2026/20260522_ONT_4Coriells_chip2/20260522_ONT_4Coriells_chip2/20260523_0038_1C_PBM14931_9bbdbb3f/fastq_pass/barcode18/PBM14931_pass_barcode18_9bbdbb3f_7e492b4e_55.fastq.gz	
ok	92743594	92743594	ONT	NA00232	chip2	s3://lsmc-ssf-sequencing-data/basecalls/lsmc/ssf-hq/pca100/2026/20260522_ONT_4Coriells_chip2/20260522_ONT_4Coriells_chip2/20260523_0038_1C_PBM14931_9bbdbb3f/fastq_pass/barcode18/PBM14931_pass_barcode18_9bbdbb3f_7e492b4e_56.fastq.gz	
ok	78438234	78438234	ONT	NA00232	chip2	s3://lsmc-ssf-sequencing-data/basecalls/lsmc/ssf-hq/pca100/2026/20260522_ONT_4Coriells_chip2/20260522_ONT_4Coriells_chip2/20260523_0038_1C_PBM14931_9bbdbb3f/fastq_pass/barcode18/PBM14931_pass_barcode18_9bbdbb3f_7e492b4e_57.fastq.gz	
ok	71109890	71109890	ONT	NA00232	chip2	s3://lsmc-ssf-sequencing-data/basecalls/lsmc/ssf-hq/pca100/2026/20260522_ONT_4Coriells_chip2/20260522_ONT_4Coriells_chip2/20260523_0038_1C_PBM14931_9bbdbb3f/fastq_pass/barcode18/PBM14931_pass_barcode18_9bbdbb3f_7e492b4e_58.fastq.gz	
ok	78734072	78734072	ONT	NA00232	chip2	s3://lsmc-ssf-sequencing-data/basecalls/lsmc/ssf-hq/pca100/2026/20260522_ONT_4Coriells_chip2/20260522_ONT_4Coriells_chip2/20260523_0038_1C_PBM14931_9bbdbb3f/fastq_pass/barcode18/PBM14931_pass_barcode18_9bbdbb3f_7e492b4e_59.fastq.gz	
ok	475970369	475970369	ONT	NA00232	chip2	s3://lsmc-ssf-sequencing-data/basecalls/lsmc/ssf-hq/pca100/2026/20260522_ONT_4Coriells_chip2/20260522_ONT_4Coriells_chip2/20260523_0038_1C_PBM14931_9bbdbb3f/fastq_pass/barcode18/PBM14931_pass_barcode18_9bbdbb3f_7e492b4e_6.fastq.gz	
ok	54572647	54572647	ONT	NA00232	chip2	s3://lsmc-ssf-sequencing-data/basecalls/lsmc/ssf-hq/pca100/2026/20260522_ONT_4Coriells_chip2/20260522_ONT_4Coriells_chip2/20260523_0038_1C_PBM14931_9bbdbb3f/fastq_pass/barcode18/PBM14931_pass_barcode18_9bbdbb3f_7e492b4e_60.fastq.gz	
ok	49260926	49260926	ONT	NA00232	chip2	s3://lsmc-ssf-sequencing-data/basecalls/lsmc/ssf-hq/pca100/2026/20260522_ONT_4Coriells_chip2/20260522_ONT_4Coriells_chip2/20260523_0038_1C_PBM14931_9bbdbb3f/fastq_pass/barcode18/PBM14931_pass_barcode18_9bbdbb3f_7e492b4e_61.fastq.gz	
ok	55442545	55442545	ONT	NA00232	chip2	s3://lsmc-ssf-sequencing-data/basecalls/lsmc/ssf-hq/pca100/2026/20260522_ONT_4Coriells_chip2/20260522_ONT_4Coriells_chip2/20260523_0038_1C_PBM14931_9bbdbb3f/fastq_pass/barcode18/PBM14931_pass_barcode18_9bbdbb3f_7e492b4e_62.fastq.gz	
ok	44533151	44533151	ONT	NA00232	chip2	s3://lsmc-ssf-sequencing-data/basecalls/lsmc/ssf-hq/pca100/2026/20260522_ONT_4Coriells_chip2/20260522_ONT_4Coriells_chip2/20260523_0038_1C_PBM14931_9bbdbb3f/fastq_pass/barcode18/PBM14931_pass_barcode18_9bbdbb3f_7e492b4e_63.fastq.gz	
ok	37983726	37983726	ONT	NA00232	chip2	s3://lsmc-ssf-sequencing-data/basecalls/lsmc/ssf-hq/pca100/2026/20260522_ONT_4Coriells_chip2/20260522_ONT_4Coriells_chip2/20260523_0038_1C_PBM14931_9bbdbb3f/fastq_pass/barcode18/PBM14931_pass_barcode18_9bbdbb3f_7e492b4e_64.fastq.gz	
ok	34932633	34932633	ONT	NA00232	chip2	s3://lsmc-ssf-sequencing-data/basecalls/lsmc/ssf-hq/pca100/2026/20260522_ONT_4Coriells_chip2/20260522_ONT_4Coriells_chip2/20260523_0038_1C_PBM14931_9bbdbb3f/fastq_pass/barcode18/PBM14931_pass_barcode18_9bbdbb3f_7e492b4e_65.fastq.gz	
ok	31271144	31271144	ONT	NA00232	chip2	s3://lsmc-ssf-sequencing-data/basecalls/lsmc/ssf-hq/pca100/2026/20260522_ONT_4Coriells_chip2/20260522_ONT_4Coriells_chip2/20260523_0038_1C_PBM14931_9bbdbb3f/fastq_pass/barcode18/PBM14931_pass_barcode18_9bbdbb3f_7e492b4e_66.fastq.gz	
ok	34479157	34479157	ONT	NA00232	chip2	s3://lsmc-ssf-sequencing-data/basecalls/lsmc/ssf-hq/pca100/2026/20260522_ONT_4Coriells_chip2/20260522_ONT_4Coriells_chip2/20260523_0038_1C_PBM14931_9bbdbb3f/fastq_pass/barcode18/PBM14931_pass_barcode18_9bbdbb3f_7e492b4e_67.fastq.gz	
ok	26298954	26298954	ONT	NA00232	chip2	s3://lsmc-ssf-sequencing-data/basecalls/lsmc/ssf-hq/pca100/2026/20260522_ONT_4Coriells_chip2/20260522_ONT_4Coriells_chip2/20260523_0038_1C_PBM14931_9bbdbb3f/fastq_pass/barcode18/PBM14931_pass_barcode18_9bbdbb3f_7e492b4e_68.fastq.gz	
ok	23854402	23854402	ONT	NA00232	chip2	s3://lsmc-ssf-sequencing-data/basecalls/lsmc/ssf-hq/pca100/2026/20260522_ONT_4Coriells_chip2/20260522_ONT_4Coriells_chip2/20260523_0038_1C_PBM14931_9bbdbb3f/fastq_pass/barcode18/PBM14931_pass_barcode18_9bbdbb3f_7e492b4e_69.fastq.gz	
ok	465843426	465843426	ONT	NA00232	chip2	s3://lsmc-ssf-sequencing-data/basecalls/lsmc/ssf-hq/pca100/2026/20260522_ONT_4Coriells_chip2/20260522_ONT_4Coriells_chip2/20260523_0038_1C_PBM14931_9bbdbb3f/fastq_pass/barcode18/PBM14931_pass_barcode18_9bbdbb3f_7e492b4e_7.fastq.gz	
ok	25918366	25918366	ONT	NA00232	chip2	s3://lsmc-ssf-sequencing-data/basecalls/lsmc/ssf-hq/pca100/2026/20260522_ONT_4Coriells_chip2/20260522_ONT_4Coriells_chip2/20260523_0038_1C_PBM14931_9bbdbb3f/fastq_pass/barcode18/PBM14931_pass_barcode18_9bbdbb3f_7e492b4e_70.fastq.gz	
ok	20618649	20618649	ONT	NA00232	chip2	s3://lsmc-ssf-sequencing-data/basecalls/lsmc/ssf-hq/pca100/2026/20260522_ONT_4Coriells_chip2/20260522_ONT_4Coriells_chip2/20260523_0038_1C_PBM14931_9bbdbb3f/fastq_pass/barcode18/PBM14931_pass_barcode18_9bbdbb3f_7e492b4e_71.fastq.gz	
ok	505771	505771	ONT	NA00232	chip2	s3://lsmc-ssf-sequencing-data/basecalls/lsmc/ssf-hq/pca100/2026/20260522_ONT_4Coriells_chip2/20260522_ONT_4Coriells_chip2/20260523_0038_1C_PBM14931_9bbdbb3f/fastq_pass/barcode18/PBM14931_pass_barcode18_9bbdbb3f_7e492b4e_72.fastq.gz	
ok	470480488	470480488	ONT	NA00232	chip2	s3://lsmc-ssf-sequencing-data/basecalls/lsmc/ssf-hq/pca100/2026/20260522_ONT_4Coriells_chip2/20260522_ONT_4Coriells_chip2/20260523_0038_1C_PBM14931_9bbdbb3f/fastq_pass/barcode18/PBM14931_pass_barcode18_9bbdbb3f_7e492b4e_8.fastq.gz	
ok	430216445	430216445	ONT	NA00232	chip2	s3://lsmc-ssf-sequencing-data/basecalls/lsmc/ssf-hq/pca100/2026/20260522_ONT_4Coriells_chip2/20260522_ONT_4Coriells_chip2/20260523_0038_1C_PBM14931_9bbdbb3f/fastq_pass/barcode18/PBM14931_pass_barcode18_9bbdbb3f_7e492b4e_9.fastq.gz	
ok	564095420	564095420	ONT	NA00232	chip4	s3://lsmc-ssf-sequencing-data/basecalls/lsmc/ssf-hq/pca100/2026/20260522_ONT_4Coriells_chip4/20260522_ONT_4Coriells_chip4/20260523_0039_3E_PBM13048_8867cb21/fastq_pass/barcode18/PBM13048_pass_barcode18_8867cb21_f20c3bb7_0.fastq.gz	
ok	561378238	561378238	ONT	NA00232	chip4	s3://lsmc-ssf-sequencing-data/basecalls/lsmc/ssf-hq/pca100/2026/20260522_ONT_4Coriells_chip4/20260522_ONT_4Coriells_chip4/20260523_0039_3E_PBM13048_8867cb21/fastq_pass/barcode18/PBM13048_pass_barcode18_8867cb21_f20c3bb7_1.fastq.gz	
ok	441122157	441122157	ONT	NA00232	chip4	s3://lsmc-ssf-sequencing-data/basecalls/lsmc/ssf-hq/pca100/2026/20260522_ONT_4Coriells_chip4/20260522_ONT_4Coriells_chip4/20260523_0039_3E_PBM13048_8867cb21/fastq_pass/barcode18/PBM13048_pass_barcode18_8867cb21_f20c3bb7_10.fastq.gz	
ok	404745118	404745118	ONT	NA00232	chip4	s3://lsmc-ssf-sequencing-data/basecalls/lsmc/ssf-hq/pca100/2026/20260522_ONT_4Coriells_chip4/20260522_ONT_4Coriells_chip4/20260523_0039_3E_PBM13048_8867cb21/fastq_pass/barcode18/PBM13048_pass_barcode18_8867cb21_f20c3bb7_11.fastq.gz	
ok	381267636	381267636	ONT	NA00232	chip4	s3://lsmc-ssf-sequencing-data/basecalls/lsmc/ssf-hq/pca100/2026/20260522_ONT_4Coriells_chip4/20260522_ONT_4Coriells_chip4/20260523_0039_3E_PBM13048_8867cb21/fastq_pass/barcode18/PBM13048_pass_barcode18_8867cb21_f20c3bb7_12.fastq.gz	
ok	410951117	410951117	ONT	NA00232	chip4	s3://lsmc-ssf-sequencing-data/basecalls/lsmc/ssf-hq/pca100/2026/20260522_ONT_4Coriells_chip4/20260522_ONT_4Coriells_chip4/20260523_0039_3E_PBM13048_8867cb21/fastq_pass/barcode18/PBM13048_pass_barcode18_8867cb21_f20c3bb7_13.fastq.gz	
ok	372191851	372191851	ONT	NA00232	chip4	s3://lsmc-ssf-sequencing-data/basecalls/lsmc/ssf-hq/pca100/2026/20260522_ONT_4Coriells_chip4/20260522_ONT_4Coriells_chip4/20260523_0039_3E_PBM13048_8867cb21/fastq_pass/barcode18/PBM13048_pass_barcode18_8867cb21_f20c3bb7_14.fastq.gz	
ok	345124376	345124376	ONT	NA00232	chip4	s3://lsmc-ssf-sequencing-data/basecalls/lsmc/ssf-hq/pca100/2026/20260522_ONT_4Coriells_chip4/20260522_ONT_4Coriells_chip4/20260523_0039_3E_PBM13048_8867cb21/fastq_pass/barcode18/PBM13048_pass_barcode18_8867cb21_f20c3bb7_15.fastq.gz	
ok	362187264	362187264	ONT	NA00232	chip4	s3://lsmc-ssf-sequencing-data/basecalls/lsmc/ssf-hq/pca100/2026/20260522_ONT_4Coriells_chip4/20260522_ONT_4Coriells_chip4/20260523_0039_3E_PBM13048_8867cb21/fastq_pass/barcode18/PBM13048_pass_barcode18_8867cb21_f20c3bb7_16.fastq.gz	
ok	323375815	323375815	ONT	NA00232	chip4	s3://lsmc-ssf-sequencing-data/basecalls/lsmc/ssf-hq/pca100/2026/20260522_ONT_4Coriells_chip4/20260522_ONT_4Coriells_chip4/20260523_0039_3E_PBM13048_8867cb21/fastq_pass/barcode18/PBM13048_pass_barcode18_8867cb21_f20c3bb7_17.fastq.gz	
ok	343706496	343706496	ONT	NA00232	chip4	s3://lsmc-ssf-sequencing-data/basecalls/lsmc/ssf-hq/pca100/2026/20260522_ONT_4Coriells_chip4/20260522_ONT_4Coriells_chip4/20260523_0039_3E_PBM13048_8867cb21/fastq_pass/barcode18/PBM13048_pass_barcode18_8867cb21_f20c3bb7_18.fastq.gz	
ok	312147690	312147690	ONT	NA00232	chip4	s3://lsmc-ssf-sequencing-data/basecalls/lsmc/ssf-hq/pca100/2026/20260522_ONT_4Coriells_chip4/20260522_ONT_4Coriells_chip4/20260523_0039_3E_PBM13048_8867cb21/fastq_pass/barcode18/PBM13048_pass_barcode18_8867cb21_f20c3bb7_19.fastq.gz	
ok	590301892	590301892	ONT	NA00232	chip4	s3://lsmc-ssf-sequencing-data/basecalls/lsmc/ssf-hq/pca100/2026/20260522_ONT_4Coriells_chip4/20260522_ONT_4Coriells_chip4/20260523_0039_3E_PBM13048_8867cb21/fastq_pass/barcode18/PBM13048_pass_barcode18_8867cb21_f20c3bb7_2.fastq.gz	
ok	295200142	295200142	ONT	NA00232	chip4	s3://lsmc-ssf-sequencing-data/basecalls/lsmc/ssf-hq/pca100/2026/20260522_ONT_4Coriells_chip4/20260522_ONT_4Coriells_chip4/20260523_0039_3E_PBM13048_8867cb21/fastq_pass/barcode18/PBM13048_pass_barcode18_8867cb21_f20c3bb7_20.fastq.gz	
ok	295544077	295544077	ONT	NA00232	chip4	s3://lsmc-ssf-sequencing-data/basecalls/lsmc/ssf-hq/pca100/2026/20260522_ONT_4Coriells_chip4/20260522_ONT_4Coriells_chip4/20260523_0039_3E_PBM13048_8867cb21/fastq_pass/barcode18/PBM13048_pass_barcode18_8867cb21_f20c3bb7_21.fastq.gz	
ok	276835433	276835433	ONT	NA00232	chip4	s3://lsmc-ssf-sequencing-data/basecalls/lsmc/ssf-hq/pca100/2026/20260522_ONT_4Coriells_chip4/20260522_ONT_4Coriells_chip4/20260523_0039_3E_PBM13048_8867cb21/fastq_pass/barcode18/PBM13048_pass_barcode18_8867cb21_f20c3bb7_22.fastq.gz	
ok	262181539	262181539	ONT	NA00232	chip4	s3://lsmc-ssf-sequencing-data/basecalls/lsmc/ssf-hq/pca100/2026/20260522_ONT_4Coriells_chip4/20260522_ONT_4Coriells_chip4/20260523_0039_3E_PBM13048_8867cb21/fastq_pass/barcode18/PBM13048_pass_barcode18_8867cb21_f20c3bb7_23.fastq.gz	
ok	268543422	268543422	ONT	NA00232	chip4	s3://lsmc-ssf-sequencing-data/basecalls/lsmc/ssf-hq/pca100/2026/20260522_ONT_4Coriells_chip4/20260522_ONT_4Coriells_chip4/20260523_0039_3E_PBM13048_8867cb21/fastq_pass/barcode18/PBM13048_pass_barcode18_8867cb21_f20c3bb7_24.fastq.gz	
ok	243772655	243772655	ONT	NA00232	chip4	s3://lsmc-ssf-sequencing-data/basecalls/lsmc/ssf-hq/pca100/2026/20260522_ONT_4Coriells_chip4/20260522_ONT_4Coriells_chip4/20260523_0039_3E_PBM13048_8867cb21/fastq_pass/barcode18/PBM13048_pass_barcode18_8867cb21_f20c3bb7_25.fastq.gz	
ok	247628115	247628115	ONT	NA00232	chip4	s3://lsmc-ssf-sequencing-data/basecalls/lsmc/ssf-hq/pca100/2026/20260522_ONT_4Coriells_chip4/20260522_ONT_4Coriells_chip4/20260523_0039_3E_PBM13048_8867cb21/fastq_pass/barcode18/PBM13048_pass_barcode18_8867cb21_f20c3bb7_26.fastq.gz	
ok	234256521	234256521	ONT	NA00232	chip4	s3://lsmc-ssf-sequencing-data/basecalls/lsmc/ssf-hq/pca100/2026/20260522_ONT_4Coriells_chip4/20260522_ONT_4Coriells_chip4/20260523_0039_3E_PBM13048_8867cb21/fastq_pass/barcode18/PBM13048_pass_barcode18_8867cb21_f20c3bb7_27.fastq.gz	
ok	217456205	217456205	ONT	NA00232	chip4	s3://lsmc-ssf-sequencing-data/basecalls/lsmc/ssf-hq/pca100/2026/20260522_ONT_4Coriells_chip4/20260522_ONT_4Coriells_chip4/20260523_0039_3E_PBM13048_8867cb21/fastq_pass/barcode18/PBM13048_pass_barcode18_8867cb21_f20c3bb7_28.fastq.gz	
ok	222631803	222631803	ONT	NA00232	chip4	s3://lsmc-ssf-sequencing-data/basecalls/lsmc/ssf-hq/pca100/2026/20260522_ONT_4Coriells_chip4/20260522_ONT_4Coriells_chip4/20260523_0039_3E_PBM13048_8867cb21/fastq_pass/barcode18/PBM13048_pass_barcode18_8867cb21_f20c3bb7_29.fastq.gz	
ok	541696962	541696962	ONT	NA00232	chip4	s3://lsmc-ssf-sequencing-data/basecalls/lsmc/ssf-hq/pca100/2026/20260522_ONT_4Coriells_chip4/20260522_ONT_4Coriells_chip4/20260523_0039_3E_PBM13048_8867cb21/fastq_pass/barcode18/PBM13048_pass_barcode18_8867cb21_f20c3bb7_3.fastq.gz	
ok	213333708	213333708	ONT	NA00232	chip4	s3://lsmc-ssf-sequencing-data/basecalls/lsmc/ssf-hq/pca100/2026/20260522_ONT_4Coriells_chip4/20260522_ONT_4Coriells_chip4/20260523_0039_3E_PBM13048_8867cb21/fastq_pass/barcode18/PBM13048_pass_barcode18_8867cb21_f20c3bb7_30.fastq.gz	
ok	207196320	207196320	ONT	NA00232	chip4	s3://lsmc-ssf-sequencing-data/basecalls/lsmc/ssf-hq/pca100/2026/20260522_ONT_4Coriells_chip4/20260522_ONT_4Coriells_chip4/20260523_0039_3E_PBM13048_8867cb21/fastq_pass/barcode18/PBM13048_pass_barcode18_8867cb21_f20c3bb7_31.fastq.gz	
ok	205616663	205616663	ONT	NA00232	chip4	s3://lsmc-ssf-sequencing-data/basecalls/lsmc/ssf-hq/pca100/2026/20260522_ONT_4Coriells_chip4/20260522_ONT_4Coriells_chip4/20260523_0039_3E_PBM13048_8867cb21/fastq_pass/barcode18/PBM13048_pass_barcode18_8867cb21_f20c3bb7_32.fastq.gz	
ok	186203579	186203579	ONT	NA00232	chip4	s3://lsmc-ssf-sequencing-data/basecalls/lsmc/ssf-hq/pca100/2026/20260522_ONT_4Coriells_chip4/20260522_ONT_4Coriells_chip4/20260523_0039_3E_PBM13048_8867cb21/fastq_pass/barcode18/PBM13048_pass_barcode18_8867cb21_f20c3bb7_33.fastq.gz	
ok	187456211	187456211	ONT	NA00232	chip4	s3://lsmc-ssf-sequencing-data/basecalls/lsmc/ssf-hq/pca100/2026/20260522_ONT_4Coriells_chip4/20260522_ONT_4Coriells_chip4/20260523_0039_3E_PBM13048_8867cb21/fastq_pass/barcode18/PBM13048_pass_barcode18_8867cb21_f20c3bb7_34.fastq.gz	
ok	180258788	180258788	ONT	NA00232	chip4	s3://lsmc-ssf-sequencing-data/basecalls/lsmc/ssf-hq/pca100/2026/20260522_ONT_4Coriells_chip4/20260522_ONT_4Coriells_chip4/20260523_0039_3E_PBM13048_8867cb21/fastq_pass/barcode18/PBM13048_pass_barcode18_8867cb21_f20c3bb7_35.fastq.gz	
ok	165884569	165884569	ONT	NA00232	chip4	s3://lsmc-ssf-sequencing-data/basecalls/lsmc/ssf-hq/pca100/2026/20260522_ONT_4Coriells_chip4/20260522_ONT_4Coriells_chip4/20260523_0039_3E_PBM13048_8867cb21/fastq_pass/barcode18/PBM13048_pass_barcode18_8867cb21_f20c3bb7_36.fastq.gz	
ok	165074348	165074348	ONT	NA00232	chip4	s3://lsmc-ssf-sequencing-data/basecalls/lsmc/ssf-hq/pca100/2026/20260522_ONT_4Coriells_chip4/20260522_ONT_4Coriells_chip4/20260523_0039_3E_PBM13048_8867cb21/fastq_pass/barcode18/PBM13048_pass_barcode18_8867cb21_f20c3bb7_37.fastq.gz	
ok	152463843	152463843	ONT	NA00232	chip4	s3://lsmc-ssf-sequencing-data/basecalls/lsmc/ssf-hq/pca100/2026/20260522_ONT_4Coriells_chip4/20260522_ONT_4Coriells_chip4/20260523_0039_3E_PBM13048_8867cb21/fastq_pass/barcode18/PBM13048_pass_barcode18_8867cb21_f20c3bb7_38.fastq.gz	
ok	145743357	145743357	ONT	NA00232	chip4	s3://lsmc-ssf-sequencing-data/basecalls/lsmc/ssf-hq/pca100/2026/20260522_ONT_4Coriells_chip4/20260522_ONT_4Coriells_chip4/20260523_0039_3E_PBM13048_8867cb21/fastq_pass/barcode18/PBM13048_pass_barcode18_8867cb21_f20c3bb7_39.fastq.gz	
ok	513489333	513489333	ONT	NA00232	chip4	s3://lsmc-ssf-sequencing-data/basecalls/lsmc/ssf-hq/pca100/2026/20260522_ONT_4Coriells_chip4/20260522_ONT_4Coriells_chip4/20260523_0039_3E_PBM13048_8867cb21/fastq_pass/barcode18/PBM13048_pass_barcode18_8867cb21_f20c3bb7_4.fastq.gz	
ok	159898523	159898523	ONT	NA00232	chip4	s3://lsmc-ssf-sequencing-data/basecalls/lsmc/ssf-hq/pca100/2026/20260522_ONT_4Coriells_chip4/20260522_ONT_4Coriells_chip4/20260523_0039_3E_PBM13048_8867cb21/fastq_pass/barcode18/PBM13048_pass_barcode18_8867cb21_f20c3bb7_40.fastq.gz	
ok	141520000	141520000	ONT	NA00232	chip4	s3://lsmc-ssf-sequencing-data/basecalls/lsmc/ssf-hq/pca100/2026/20260522_ONT_4Coriells_chip4/20260522_ONT_4Coriells_chip4/20260523_0039_3E_PBM13048_8867cb21/fastq_pass/barcode18/PBM13048_pass_barcode18_8867cb21_f20c3bb7_41.fastq.gz	
ok	128835147	128835147	ONT	NA00232	chip4	s3://lsmc-ssf-sequencing-data/basecalls/lsmc/ssf-hq/pca100/2026/20260522_ONT_4Coriells_chip4/20260522_ONT_4Coriells_chip4/20260523_0039_3E_PBM13048_8867cb21/fastq_pass/barcode18/PBM13048_pass_barcode18_8867cb21_f20c3bb7_42.fastq.gz	
ok	133559091	133559091	ONT	NA00232	chip4	s3://lsmc-ssf-sequencing-data/basecalls/lsmc/ssf-hq/pca100/2026/20260522_ONT_4Coriells_chip4/20260522_ONT_4Coriells_chip4/20260523_0039_3E_PBM13048_8867cb21/fastq_pass/barcode18/PBM13048_pass_barcode18_8867cb21_f20c3bb7_43.fastq.gz	
ok	117747711	117747711	ONT	NA00232	chip4	s3://lsmc-ssf-sequencing-data/basecalls/lsmc/ssf-hq/pca100/2026/20260522_ONT_4Coriells_chip4/20260522_ONT_4Coriells_chip4/20260523_0039_3E_PBM13048_8867cb21/fastq_pass/barcode18/PBM13048_pass_barcode18_8867cb21_f20c3bb7_44.fastq.gz	
ok	127112042	127112042	ONT	NA00232	chip4	s3://lsmc-ssf-sequencing-data/basecalls/lsmc/ssf-hq/pca100/2026/20260522_ONT_4Coriells_chip4/20260522_ONT_4Coriells_chip4/20260523_0039_3E_PBM13048_8867cb21/fastq_pass/barcode18/PBM13048_pass_barcode18_8867cb21_f20c3bb7_45.fastq.gz	
ok	101542805	101542805	ONT	NA00232	chip4	s3://lsmc-ssf-sequencing-data/basecalls/lsmc/ssf-hq/pca100/2026/20260522_ONT_4Coriells_chip4/20260522_ONT_4Coriells_chip4/20260523_0039_3E_PBM13048_8867cb21/fastq_pass/barcode18/PBM13048_pass_barcode18_8867cb21_f20c3bb7_46.fastq.gz	
ok	94391176	94391176	ONT	NA00232	chip4	s3://lsmc-ssf-sequencing-data/basecalls/lsmc/ssf-hq/pca100/2026/20260522_ONT_4Coriells_chip4/20260522_ONT_4Coriells_chip4/20260523_0039_3E_PBM13048_8867cb21/fastq_pass/barcode18/PBM13048_pass_barcode18_8867cb21_f20c3bb7_47.fastq.gz	
ok	114463186	114463186	ONT	NA00232	chip4	s3://lsmc-ssf-sequencing-data/basecalls/lsmc/ssf-hq/pca100/2026/20260522_ONT_4Coriells_chip4/20260522_ONT_4Coriells_chip4/20260523_0039_3E_PBM13048_8867cb21/fastq_pass/barcode18/PBM13048_pass_barcode18_8867cb21_f20c3bb7_48.fastq.gz	
ok	87602237	87602237	ONT	NA00232	chip4	s3://lsmc-ssf-sequencing-data/basecalls/lsmc/ssf-hq/pca100/2026/20260522_ONT_4Coriells_chip4/20260522_ONT_4Coriells_chip4/20260523_0039_3E_PBM13048_8867cb21/fastq_pass/barcode18/PBM13048_pass_barcode18_8867cb21_f20c3bb7_49.fastq.gz	
ok	533989274	533989274	ONT	NA00232	chip4	s3://lsmc-ssf-sequencing-data/basecalls/lsmc/ssf-hq/pca100/2026/20260522_ONT_4Coriells_chip4/20260522_ONT_4Coriells_chip4/20260523_0039_3E_PBM13048_8867cb21/fastq_pass/barcode18/PBM13048_pass_barcode18_8867cb21_f20c3bb7_5.fastq.gz	
ok	77786135	77786135	ONT	NA00232	chip4	s3://lsmc-ssf-sequencing-data/basecalls/lsmc/ssf-hq/pca100/2026/20260522_ONT_4Coriells_chip4/20260522_ONT_4Coriells_chip4/20260523_0039_3E_PBM13048_8867cb21/fastq_pass/barcode18/PBM13048_pass_barcode18_8867cb21_f20c3bb7_50.fastq.gz	
ok	91006341	91006341	ONT	NA00232	chip4	s3://lsmc-ssf-sequencing-data/basecalls/lsmc/ssf-hq/pca100/2026/20260522_ONT_4Coriells_chip4/20260522_ONT_4Coriells_chip4/20260523_0039_3E_PBM13048_8867cb21/fastq_pass/barcode18/PBM13048_pass_barcode18_8867cb21_f20c3bb7_51.fastq.gz	
ok	83759206	83759206	ONT	NA00232	chip4	s3://lsmc-ssf-sequencing-data/basecalls/lsmc/ssf-hq/pca100/2026/20260522_ONT_4Coriells_chip4/20260522_ONT_4Coriells_chip4/20260523_0039_3E_PBM13048_8867cb21/fastq_pass/barcode18/PBM13048_pass_barcode18_8867cb21_f20c3bb7_52.fastq.gz	
ok	91305269	91305269	ONT	NA00232	chip4	s3://lsmc-ssf-sequencing-data/basecalls/lsmc/ssf-hq/pca100/2026/20260522_ONT_4Coriells_chip4/20260522_ONT_4Coriells_chip4/20260523_0039_3E_PBM13048_8867cb21/fastq_pass/barcode18/PBM13048_pass_barcode18_8867cb21_f20c3bb7_53.fastq.gz	
ok	76908384	76908384	ONT	NA00232	chip4	s3://lsmc-ssf-sequencing-data/basecalls/lsmc/ssf-hq/pca100/2026/20260522_ONT_4Coriells_chip4/20260522_ONT_4Coriells_chip4/20260523_0039_3E_PBM13048_8867cb21/fastq_pass/barcode18/PBM13048_pass_barcode18_8867cb21_f20c3bb7_54.fastq.gz	
ok	70728081	70728081	ONT	NA00232	chip4	s3://lsmc-ssf-sequencing-data/basecalls/lsmc/ssf-hq/pca100/2026/20260522_ONT_4Coriells_chip4/20260522_ONT_4Coriells_chip4/20260523_0039_3E_PBM13048_8867cb21/fastq_pass/barcode18/PBM13048_pass_barcode18_8867cb21_f20c3bb7_55.fastq.gz	
ok	67734893	67734893	ONT	NA00232	chip4	s3://lsmc-ssf-sequencing-data/basecalls/lsmc/ssf-hq/pca100/2026/20260522_ONT_4Coriells_chip4/20260522_ONT_4Coriells_chip4/20260523_0039_3E_PBM13048_8867cb21/fastq_pass/barcode18/PBM13048_pass_barcode18_8867cb21_f20c3bb7_56.fastq.gz	
ok	67347922	67347922	ONT	NA00232	chip4	s3://lsmc-ssf-sequencing-data/basecalls/lsmc/ssf-hq/pca100/2026/20260522_ONT_4Coriells_chip4/20260522_ONT_4Coriells_chip4/20260523_0039_3E_PBM13048_8867cb21/fastq_pass/barcode18/PBM13048_pass_barcode18_8867cb21_f20c3bb7_57.fastq.gz	
ok	60669330	60669330	ONT	NA00232	chip4	s3://lsmc-ssf-sequencing-data/basecalls/lsmc/ssf-hq/pca100/2026/20260522_ONT_4Coriells_chip4/20260522_ONT_4Coriells_chip4/20260523_0039_3E_PBM13048_8867cb21/fastq_pass/barcode18/PBM13048_pass_barcode18_8867cb21_f20c3bb7_58.fastq.gz	
ok	41960673	41960673	ONT	NA00232	chip4	s3://lsmc-ssf-sequencing-data/basecalls/lsmc/ssf-hq/pca100/2026/20260522_ONT_4Coriells_chip4/20260522_ONT_4Coriells_chip4/20260523_0039_3E_PBM13048_8867cb21/fastq_pass/barcode18/PBM13048_pass_barcode18_8867cb21_f20c3bb7_59.fastq.gz	
ok	476683407	476683407	ONT	NA00232	chip4	s3://lsmc-ssf-sequencing-data/basecalls/lsmc/ssf-hq/pca100/2026/20260522_ONT_4Coriells_chip4/20260522_ONT_4Coriells_chip4/20260523_0039_3E_PBM13048_8867cb21/fastq_pass/barcode18/PBM13048_pass_barcode18_8867cb21_f20c3bb7_6.fastq.gz	
ok	36755963	36755963	ONT	NA00232	chip4	s3://lsmc-ssf-sequencing-data/basecalls/lsmc/ssf-hq/pca100/2026/20260522_ONT_4Coriells_chip4/20260522_ONT_4Coriells_chip4/20260523_0039_3E_PBM13048_8867cb21/fastq_pass/barcode18/PBM13048_pass_barcode18_8867cb21_f20c3bb7_60.fastq.gz	
ok	38500385	38500385	ONT	NA00232	chip4	s3://lsmc-ssf-sequencing-data/basecalls/lsmc/ssf-hq/pca100/2026/20260522_ONT_4Coriells_chip4/20260522_ONT_4Coriells_chip4/20260523_0039_3E_PBM13048_8867cb21/fastq_pass/barcode18/PBM13048_pass_barcode18_8867cb21_f20c3bb7_61.fastq.gz	
ok	34211312	34211312	ONT	NA00232	chip4	s3://lsmc-ssf-sequencing-data/basecalls/lsmc/ssf-hq/pca100/2026/20260522_ONT_4Coriells_chip4/20260522_ONT_4Coriells_chip4/20260523_0039_3E_PBM13048_8867cb21/fastq_pass/barcode18/PBM13048_pass_barcode18_8867cb21_f20c3bb7_62.fastq.gz	
ok	28194912	28194912	ONT	NA00232	chip4	s3://lsmc-ssf-sequencing-data/basecalls/lsmc/ssf-hq/pca100/2026/20260522_ONT_4Coriells_chip4/20260522_ONT_4Coriells_chip4/20260523_0039_3E_PBM13048_8867cb21/fastq_pass/barcode18/PBM13048_pass_barcode18_8867cb21_f20c3bb7_63.fastq.gz	
ok	29393085	29393085	ONT	NA00232	chip4	s3://lsmc-ssf-sequencing-data/basecalls/lsmc/ssf-hq/pca100/2026/20260522_ONT_4Coriells_chip4/20260522_ONT_4Coriells_chip4/20260523_0039_3E_PBM13048_8867cb21/fastq_pass/barcode18/PBM13048_pass_barcode18_8867cb21_f20c3bb7_64.fastq.gz	
ok	25692190	25692190	ONT	NA00232	chip4	s3://lsmc-ssf-sequencing-data/basecalls/lsmc/ssf-hq/pca100/2026/20260522_ONT_4Coriells_chip4/20260522_ONT_4Coriells_chip4/20260523_0039_3E_PBM13048_8867cb21/fastq_pass/barcode18/PBM13048_pass_barcode18_8867cb21_f20c3bb7_65.fastq.gz	
ok	22539122	22539122	ONT	NA00232	chip4	s3://lsmc-ssf-sequencing-data/basecalls/lsmc/ssf-hq/pca100/2026/20260522_ONT_4Coriells_chip4/20260522_ONT_4Coriells_chip4/20260523_0039_3E_PBM13048_8867cb21/fastq_pass/barcode18/PBM13048_pass_barcode18_8867cb21_f20c3bb7_66.fastq.gz	
ok	26765371	26765371	ONT	NA00232	chip4	s3://lsmc-ssf-sequencing-data/basecalls/lsmc/ssf-hq/pca100/2026/20260522_ONT_4Coriells_chip4/20260522_ONT_4Coriells_chip4/20260523_0039_3E_PBM13048_8867cb21/fastq_pass/barcode18/PBM13048_pass_barcode18_8867cb21_f20c3bb7_67.fastq.gz	
ok	25174651	25174651	ONT	NA00232	chip4	s3://lsmc-ssf-sequencing-data/basecalls/lsmc/ssf-hq/pca100/2026/20260522_ONT_4Coriells_chip4/20260522_ONT_4Coriells_chip4/20260523_0039_3E_PBM13048_8867cb21/fastq_pass/barcode18/PBM13048_pass_barcode18_8867cb21_f20c3bb7_68.fastq.gz	
ok	25635634	25635634	ONT	NA00232	chip4	s3://lsmc-ssf-sequencing-data/basecalls/lsmc/ssf-hq/pca100/2026/20260522_ONT_4Coriells_chip4/20260522_ONT_4Coriells_chip4/20260523_0039_3E_PBM13048_8867cb21/fastq_pass/barcode18/PBM13048_pass_barcode18_8867cb21_f20c3bb7_69.fastq.gz	
ok	469872973	469872973	ONT	NA00232	chip4	s3://lsmc-ssf-sequencing-data/basecalls/lsmc/ssf-hq/pca100/2026/20260522_ONT_4Coriells_chip4/20260522_ONT_4Coriells_chip4/20260523_0039_3E_PBM13048_8867cb21/fastq_pass/barcode18/PBM13048_pass_barcode18_8867cb21_f20c3bb7_7.fastq.gz	
ok	22267596	22267596	ONT	NA00232	chip4	s3://lsmc-ssf-sequencing-data/basecalls/lsmc/ssf-hq/pca100/2026/20260522_ONT_4Coriells_chip4/20260522_ONT_4Coriells_chip4/20260523_0039_3E_PBM13048_8867cb21/fastq_pass/barcode18/PBM13048_pass_barcode18_8867cb21_f20c3bb7_70.fastq.gz	
ok	20667154	20667154	ONT	NA00232	chip4	s3://lsmc-ssf-sequencing-data/basecalls/lsmc/ssf-hq/pca100/2026/20260522_ONT_4Coriells_chip4/20260522_ONT_4Coriells_chip4/20260523_0039_3E_PBM13048_8867cb21/fastq_pass/barcode18/PBM13048_pass_barcode18_8867cb21_f20c3bb7_71.fastq.gz	
ok	592320	592320	ONT	NA00232	chip4	s3://lsmc-ssf-sequencing-data/basecalls/lsmc/ssf-hq/pca100/2026/20260522_ONT_4Coriells_chip4/20260522_ONT_4Coriells_chip4/20260523_0039_3E_PBM13048_8867cb21/fastq_pass/barcode18/PBM13048_pass_barcode18_8867cb21_f20c3bb7_72.fastq.gz	
ok	466129817	466129817	ONT	NA00232	chip4	s3://lsmc-ssf-sequencing-data/basecalls/lsmc/ssf-hq/pca100/2026/20260522_ONT_4Coriells_chip4/20260522_ONT_4Coriells_chip4/20260523_0039_3E_PBM13048_8867cb21/fastq_pass/barcode18/PBM13048_pass_barcode18_8867cb21_f20c3bb7_8.fastq.gz	
ok	430899365	430899365	ONT	NA00232	chip4	s3://lsmc-ssf-sequencing-data/basecalls/lsmc/ssf-hq/pca100/2026/20260522_ONT_4Coriells_chip4/20260522_ONT_4Coriells_chip4/20260523_0039_3E_PBM13048_8867cb21/fastq_pass/barcode18/PBM13048_pass_barcode18_8867cb21_f20c3bb7_9.fastq.gz	
ok	762951949	762951949	ONT	NA09677	chip1	s3://lsmc-ssf-sequencing-data/basecalls/lsmc/ssf-hq/pca100/2026/20260522_ONT_4Coriells_chip1/20260522_ONT_4Coriells_chip1/20260522_2252_2B_PBM13545_f3392d36/fastq_pass/barcode19/PBM13545_pass_barcode19_f3392d36_eb9b0a06_0.fastq.gz	
ok	817053479	817053479	ONT	NA09677	chip1	s3://lsmc-ssf-sequencing-data/basecalls/lsmc/ssf-hq/pca100/2026/20260522_ONT_4Coriells_chip1/20260522_ONT_4Coriells_chip1/20260522_2252_2B_PBM13545_f3392d36/fastq_pass/barcode19/PBM13545_pass_barcode19_f3392d36_eb9b0a06_1.fastq.gz	
ok	641644658	641644658	ONT	NA09677	chip1	s3://lsmc-ssf-sequencing-data/basecalls/lsmc/ssf-hq/pca100/2026/20260522_ONT_4Coriells_chip1/20260522_ONT_4Coriells_chip1/20260522_2252_2B_PBM13545_f3392d36/fastq_pass/barcode19/PBM13545_pass_barcode19_f3392d36_eb9b0a06_10.fastq.gz	
ok	573857367	573857367	ONT	NA09677	chip1	s3://lsmc-ssf-sequencing-data/basecalls/lsmc/ssf-hq/pca100/2026/20260522_ONT_4Coriells_chip1/20260522_ONT_4Coriells_chip1/20260522_2252_2B_PBM13545_f3392d36/fastq_pass/barcode19/PBM13545_pass_barcode19_f3392d36_eb9b0a06_11.fastq.gz	
ok	538474865	538474865	ONT	NA09677	chip1	s3://lsmc-ssf-sequencing-data/basecalls/lsmc/ssf-hq/pca100/2026/20260522_ONT_4Coriells_chip1/20260522_ONT_4Coriells_chip1/20260522_2252_2B_PBM13545_f3392d36/fastq_pass/barcode19/PBM13545_pass_barcode19_f3392d36_eb9b0a06_12.fastq.gz	
ok	568707054	568707054	ONT	NA09677	chip1	s3://lsmc-ssf-sequencing-data/basecalls/lsmc/ssf-hq/pca100/2026/20260522_ONT_4Coriells_chip1/20260522_ONT_4Coriells_chip1/20260522_2252_2B_PBM13545_f3392d36/fastq_pass/barcode19/PBM13545_pass_barcode19_f3392d36_eb9b0a06_13.fastq.gz	
ok	543457712	543457712	ONT	NA09677	chip1	s3://lsmc-ssf-sequencing-data/basecalls/lsmc/ssf-hq/pca100/2026/20260522_ONT_4Coriells_chip1/20260522_ONT_4Coriells_chip1/20260522_2252_2B_PBM13545_f3392d36/fastq_pass/barcode19/PBM13545_pass_barcode19_f3392d36_eb9b0a06_14.fastq.gz	
ok	533467914	533467914	ONT	NA09677	chip1	s3://lsmc-ssf-sequencing-data/basecalls/lsmc/ssf-hq/pca100/2026/20260522_ONT_4Coriells_chip1/20260522_ONT_4Coriells_chip1/20260522_2252_2B_PBM13545_f3392d36/fastq_pass/barcode19/PBM13545_pass_barcode19_f3392d36_eb9b0a06_15.fastq.gz	
ok	521123108	521123108	ONT	NA09677	chip1	s3://lsmc-ssf-sequencing-data/basecalls/lsmc/ssf-hq/pca100/2026/20260522_ONT_4Coriells_chip1/20260522_ONT_4Coriells_chip1/20260522_2252_2B_PBM13545_f3392d36/fastq_pass/barcode19/PBM13545_pass_barcode19_f3392d36_eb9b0a06_16.fastq.gz	
ok	476115013	476115013	ONT	NA09677	chip1	s3://lsmc-ssf-sequencing-data/basecalls/lsmc/ssf-hq/pca100/2026/20260522_ONT_4Coriells_chip1/20260522_ONT_4Coriells_chip1/20260522_2252_2B_PBM13545_f3392d36/fastq_pass/barcode19/PBM13545_pass_barcode19_f3392d36_eb9b0a06_17.fastq.gz	
ok	499649034	499649034	ONT	NA09677	chip1	s3://lsmc-ssf-sequencing-data/basecalls/lsmc/ssf-hq/pca100/2026/20260522_ONT_4Coriells_chip1/20260522_ONT_4Coriells_chip1/20260522_2252_2B_PBM13545_f3392d36/fastq_pass/barcode19/PBM13545_pass_barcode19_f3392d36_eb9b0a06_18.fastq.gz	
ok	475537468	475537468	ONT	NA09677	chip1	s3://lsmc-ssf-sequencing-data/basecalls/lsmc/ssf-hq/pca100/2026/20260522_ONT_4Coriells_chip1/20260522_ONT_4Coriells_chip1/20260522_2252_2B_PBM13545_f3392d36/fastq_pass/barcode19/PBM13545_pass_barcode19_f3392d36_eb9b0a06_19.fastq.gz	
ok	786386282	786386282	ONT	NA09677	chip1	s3://lsmc-ssf-sequencing-data/basecalls/lsmc/ssf-hq/pca100/2026/20260522_ONT_4Coriells_chip1/20260522_ONT_4Coriells_chip1/20260522_2252_2B_PBM13545_f3392d36/fastq_pass/barcode19/PBM13545_pass_barcode19_f3392d36_eb9b0a06_2.fastq.gz	
ok	443137636	443137636	ONT	NA09677	chip1	s3://lsmc-ssf-sequencing-data/basecalls/lsmc/ssf-hq/pca100/2026/20260522_ONT_4Coriells_chip1/20260522_ONT_4Coriells_chip1/20260522_2252_2B_PBM13545_f3392d36/fastq_pass/barcode19/PBM13545_pass_barcode19_f3392d36_eb9b0a06_20.fastq.gz	
ok	440756154	440756154	ONT	NA09677	chip1	s3://lsmc-ssf-sequencing-data/basecalls/lsmc/ssf-hq/pca100/2026/20260522_ONT_4Coriells_chip1/20260522_ONT_4Coriells_chip1/20260522_2252_2B_PBM13545_f3392d36/fastq_pass/barcode19/PBM13545_pass_barcode19_f3392d36_eb9b0a06_21.fastq.gz	
ok	419114696	419114696	ONT	NA09677	chip1	s3://lsmc-ssf-sequencing-data/basecalls/lsmc/ssf-hq/pca100/2026/20260522_ONT_4Coriells_chip1/20260522_ONT_4Coriells_chip1/20260522_2252_2B_PBM13545_f3392d36/fastq_pass/barcode19/PBM13545_pass_barcode19_f3392d36_eb9b0a06_22.fastq.gz	
ok	407904350	407904350	ONT	NA09677	chip1	s3://lsmc-ssf-sequencing-data/basecalls/lsmc/ssf-hq/pca100/2026/20260522_ONT_4Coriells_chip1/20260522_ONT_4Coriells_chip1/20260522_2252_2B_PBM13545_f3392d36/fastq_pass/barcode19/PBM13545_pass_barcode19_f3392d36_eb9b0a06_23.fastq.gz	
ok	438926369	438926369	ONT	NA09677	chip1	s3://lsmc-ssf-sequencing-data/basecalls/lsmc/ssf-hq/pca100/2026/20260522_ONT_4Coriells_chip1/20260522_ONT_4Coriells_chip1/20260522_2252_2B_PBM13545_f3392d36/fastq_pass/barcode19/PBM13545_pass_barcode19_f3392d36_eb9b0a06_24.fastq.gz	
ok	385290296	385290296	ONT	NA09677	chip1	s3://lsmc-ssf-sequencing-data/basecalls/lsmc/ssf-hq/pca100/2026/20260522_ONT_4Coriells_chip1/20260522_ONT_4Coriells_chip1/20260522_2252_2B_PBM13545_f3392d36/fastq_pass/barcode19/PBM13545_pass_barcode19_f3392d36_eb9b0a06_25.fastq.gz	
ok	371684664	371684664	ONT	NA09677	chip1	s3://lsmc-ssf-sequencing-data/basecalls/lsmc/ssf-hq/pca100/2026/20260522_ONT_4Coriells_chip1/20260522_ONT_4Coriells_chip1/20260522_2252_2B_PBM13545_f3392d36/fastq_pass/barcode19/PBM13545_pass_barcode19_f3392d36_eb9b0a06_26.fastq.gz	
ok	411210270	411210270	ONT	NA09677	chip1	s3://lsmc-ssf-sequencing-data/basecalls/lsmc/ssf-hq/pca100/2026/20260522_ONT_4Coriells_chip1/20260522_ONT_4Coriells_chip1/20260522_2252_2B_PBM13545_f3392d36/fastq_pass/barcode19/PBM13545_pass_barcode19_f3392d36_eb9b0a06_27.fastq.gz	
ok	368261589	368261589	ONT	NA09677	chip1	s3://lsmc-ssf-sequencing-data/basecalls/lsmc/ssf-hq/pca100/2026/20260522_ONT_4Coriells_chip1/20260522_ONT_4Coriells_chip1/20260522_2252_2B_PBM13545_f3392d36/fastq_pass/barcode19/PBM13545_pass_barcode19_f3392d36_eb9b0a06_28.fastq.gz	
ok	363359524	363359524	ONT	NA09677	chip1	s3://lsmc-ssf-sequencing-data/basecalls/lsmc/ssf-hq/pca100/2026/20260522_ONT_4Coriells_chip1/20260522_ONT_4Coriells_chip1/20260522_2252_2B_PBM13545_f3392d36/fastq_pass/barcode19/PBM13545_pass_barcode19_f3392d36_eb9b0a06_29.fastq.gz	
ok	711028813	711028813	ONT	NA09677	chip1	s3://lsmc-ssf-sequencing-data/basecalls/lsmc/ssf-hq/pca100/2026/20260522_ONT_4Coriells_chip1/20260522_ONT_4Coriells_chip1/20260522_2252_2B_PBM13545_f3392d36/fastq_pass/barcode19/PBM13545_pass_barcode19_f3392d36_eb9b0a06_3.fastq.gz	
ok	338655275	338655275	ONT	NA09677	chip1	s3://lsmc-ssf-sequencing-data/basecalls/lsmc/ssf-hq/pca100/2026/20260522_ONT_4Coriells_chip1/20260522_ONT_4Coriells_chip1/20260522_2252_2B_PBM13545_f3392d36/fastq_pass/barcode19/PBM13545_pass_barcode19_f3392d36_eb9b0a06_30.fastq.gz	
ok	320773767	320773767	ONT	NA09677	chip1	s3://lsmc-ssf-sequencing-data/basecalls/lsmc/ssf-hq/pca100/2026/20260522_ONT_4Coriells_chip1/20260522_ONT_4Coriells_chip1/20260522_2252_2B_PBM13545_f3392d36/fastq_pass/barcode19/PBM13545_pass_barcode19_f3392d36_eb9b0a06_31.fastq.gz	
ok	345634986	345634986	ONT	NA09677	chip1	s3://lsmc-ssf-sequencing-data/basecalls/lsmc/ssf-hq/pca100/2026/20260522_ONT_4Coriells_chip1/20260522_ONT_4Coriells_chip1/20260522_2252_2B_PBM13545_f3392d36/fastq_pass/barcode19/PBM13545_pass_barcode19_f3392d36_eb9b0a06_32.fastq.gz	
ok	302620629	302620629	ONT	NA09677	chip1	s3://lsmc-ssf-sequencing-data/basecalls/lsmc/ssf-hq/pca100/2026/20260522_ONT_4Coriells_chip1/20260522_ONT_4Coriells_chip1/20260522_2252_2B_PBM13545_f3392d36/fastq_pass/barcode19/PBM13545_pass_barcode19_f3392d36_eb9b0a06_33.fastq.gz	
ok	301654415	301654415	ONT	NA09677	chip1	s3://lsmc-ssf-sequencing-data/basecalls/lsmc/ssf-hq/pca100/2026/20260522_ONT_4Coriells_chip1/20260522_ONT_4Coriells_chip1/20260522_2252_2B_PBM13545_f3392d36/fastq_pass/barcode19/PBM13545_pass_barcode19_f3392d36_eb9b0a06_34.fastq.gz	
ok	300201234	300201234	ONT	NA09677	chip1	s3://lsmc-ssf-sequencing-data/basecalls/lsmc/ssf-hq/pca100/2026/20260522_ONT_4Coriells_chip1/20260522_ONT_4Coriells_chip1/20260522_2252_2B_PBM13545_f3392d36/fastq_pass/barcode19/PBM13545_pass_barcode19_f3392d36_eb9b0a06_35.fastq.gz	
ok	288581537	288581537	ONT	NA09677	chip1	s3://lsmc-ssf-sequencing-data/basecalls/lsmc/ssf-hq/pca100/2026/20260522_ONT_4Coriells_chip1/20260522_ONT_4Coriells_chip1/20260522_2252_2B_PBM13545_f3392d36/fastq_pass/barcode19/PBM13545_pass_barcode19_f3392d36_eb9b0a06_36.fastq.gz	
ok	304032414	304032414	ONT	NA09677	chip1	s3://lsmc-ssf-sequencing-data/basecalls/lsmc/ssf-hq/pca100/2026/20260522_ONT_4Coriells_chip1/20260522_ONT_4Coriells_chip1/20260522_2252_2B_PBM13545_f3392d36/fastq_pass/barcode19/PBM13545_pass_barcode19_f3392d36_eb9b0a06_37.fastq.gz	
ok	278830341	278830341	ONT	NA09677	chip1	s3://lsmc-ssf-sequencing-data/basecalls/lsmc/ssf-hq/pca100/2026/20260522_ONT_4Coriells_chip1/20260522_ONT_4Coriells_chip1/20260522_2252_2B_PBM13545_f3392d36/fastq_pass/barcode19/PBM13545_pass_barcode19_f3392d36_eb9b0a06_38.fastq.gz	
ok	263316112	263316112	ONT	NA09677	chip1	s3://lsmc-ssf-sequencing-data/basecalls/lsmc/ssf-hq/pca100/2026/20260522_ONT_4Coriells_chip1/20260522_ONT_4Coriells_chip1/20260522_2252_2B_PBM13545_f3392d36/fastq_pass/barcode19/PBM13545_pass_barcode19_f3392d36_eb9b0a06_39.fastq.gz	
ok	679387132	679387132	ONT	NA09677	chip1	s3://lsmc-ssf-sequencing-data/basecalls/lsmc/ssf-hq/pca100/2026/20260522_ONT_4Coriells_chip1/20260522_ONT_4Coriells_chip1/20260522_2252_2B_PBM13545_f3392d36/fastq_pass/barcode19/PBM13545_pass_barcode19_f3392d36_eb9b0a06_4.fastq.gz	
ok	284334656	284334656	ONT	NA09677	chip1	s3://lsmc-ssf-sequencing-data/basecalls/lsmc/ssf-hq/pca100/2026/20260522_ONT_4Coriells_chip1/20260522_ONT_4Coriells_chip1/20260522_2252_2B_PBM13545_f3392d36/fastq_pass/barcode19/PBM13545_pass_barcode19_f3392d36_eb9b0a06_40.fastq.gz	
ok	245080005	245080005	ONT	NA09677	chip1	s3://lsmc-ssf-sequencing-data/basecalls/lsmc/ssf-hq/pca100/2026/20260522_ONT_4Coriells_chip1/20260522_ONT_4Coriells_chip1/20260522_2252_2B_PBM13545_f3392d36/fastq_pass/barcode19/PBM13545_pass_barcode19_f3392d36_eb9b0a06_41.fastq.gz	
ok	241163481	241163481	ONT	NA09677	chip1	s3://lsmc-ssf-sequencing-data/basecalls/lsmc/ssf-hq/pca100/2026/20260522_ONT_4Coriells_chip1/20260522_ONT_4Coriells_chip1/20260522_2252_2B_PBM13545_f3392d36/fastq_pass/barcode19/PBM13545_pass_barcode19_f3392d36_eb9b0a06_42.fastq.gz	
ok	255227360	255227360	ONT	NA09677	chip1	s3://lsmc-ssf-sequencing-data/basecalls/lsmc/ssf-hq/pca100/2026/20260522_ONT_4Coriells_chip1/20260522_ONT_4Coriells_chip1/20260522_2252_2B_PBM13545_f3392d36/fastq_pass/barcode19/PBM13545_pass_barcode19_f3392d36_eb9b0a06_43.fastq.gz	
ok	227480108	227480108	ONT	NA09677	chip1	s3://lsmc-ssf-sequencing-data/basecalls/lsmc/ssf-hq/pca100/2026/20260522_ONT_4Coriells_chip1/20260522_ONT_4Coriells_chip1/20260522_2252_2B_PBM13545_f3392d36/fastq_pass/barcode19/PBM13545_pass_barcode19_f3392d36_eb9b0a06_44.fastq.gz	
ok	220101073	220101073	ONT	NA09677	chip1	s3://lsmc-ssf-sequencing-data/basecalls/lsmc/ssf-hq/pca100/2026/20260522_ONT_4Coriells_chip1/20260522_ONT_4Coriells_chip1/20260522_2252_2B_PBM13545_f3392d36/fastq_pass/barcode19/PBM13545_pass_barcode19_f3392d36_eb9b0a06_45.fastq.gz	
ok	197676435	197676435	ONT	NA09677	chip1	s3://lsmc-ssf-sequencing-data/basecalls/lsmc/ssf-hq/pca100/2026/20260522_ONT_4Coriells_chip1/20260522_ONT_4Coriells_chip1/20260522_2252_2B_PBM13545_f3392d36/fastq_pass/barcode19/PBM13545_pass_barcode19_f3392d36_eb9b0a06_46.fastq.gz	
ok	194651446	194651446	ONT	NA09677	chip1	s3://lsmc-ssf-sequencing-data/basecalls/lsmc/ssf-hq/pca100/2026/20260522_ONT_4Coriells_chip1/20260522_ONT_4Coriells_chip1/20260522_2252_2B_PBM13545_f3392d36/fastq_pass/barcode19/PBM13545_pass_barcode19_f3392d36_eb9b0a06_47.fastq.gz	
ok	220305391	220305391	ONT	NA09677	chip1	s3://lsmc-ssf-sequencing-data/basecalls/lsmc/ssf-hq/pca100/2026/20260522_ONT_4Coriells_chip1/20260522_ONT_4Coriells_chip1/20260522_2252_2B_PBM13545_f3392d36/fastq_pass/barcode19/PBM13545_pass_barcode19_f3392d36_eb9b0a06_48.fastq.gz	
ok	190988687	190988687	ONT	NA09677	chip1	s3://lsmc-ssf-sequencing-data/basecalls/lsmc/ssf-hq/pca100/2026/20260522_ONT_4Coriells_chip1/20260522_ONT_4Coriells_chip1/20260522_2252_2B_PBM13545_f3392d36/fastq_pass/barcode19/PBM13545_pass_barcode19_f3392d36_eb9b0a06_49.fastq.gz	
ok	696429632	696429632	ONT	NA09677	chip1	s3://lsmc-ssf-sequencing-data/basecalls/lsmc/ssf-hq/pca100/2026/20260522_ONT_4Coriells_chip1/20260522_ONT_4Coriells_chip1/20260522_2252_2B_PBM13545_f3392d36/fastq_pass/barcode19/PBM13545_pass_barcode19_f3392d36_eb9b0a06_5.fastq.gz	
ok	175636152	175636152	ONT	NA09677	chip1	s3://lsmc-ssf-sequencing-data/basecalls/lsmc/ssf-hq/pca100/2026/20260522_ONT_4Coriells_chip1/20260522_ONT_4Coriells_chip1/20260522_2252_2B_PBM13545_f3392d36/fastq_pass/barcode19/PBM13545_pass_barcode19_f3392d36_eb9b0a06_50.fastq.gz	
ok	173888960	173888960	ONT	NA09677	chip1	s3://lsmc-ssf-sequencing-data/basecalls/lsmc/ssf-hq/pca100/2026/20260522_ONT_4Coriells_chip1/20260522_ONT_4Coriells_chip1/20260522_2252_2B_PBM13545_f3392d36/fastq_pass/barcode19/PBM13545_pass_barcode19_f3392d36_eb9b0a06_51.fastq.gz	
ok	165130768	165130768	ONT	NA09677	chip1	s3://lsmc-ssf-sequencing-data/basecalls/lsmc/ssf-hq/pca100/2026/20260522_ONT_4Coriells_chip1/20260522_ONT_4Coriells_chip1/20260522_2252_2B_PBM13545_f3392d36/fastq_pass/barcode19/PBM13545_pass_barcode19_f3392d36_eb9b0a06_52.fastq.gz	
ok	194446817	194446817	ONT	NA09677	chip1	s3://lsmc-ssf-sequencing-data/basecalls/lsmc/ssf-hq/pca100/2026/20260522_ONT_4Coriells_chip1/20260522_ONT_4Coriells_chip1/20260522_2252_2B_PBM13545_f3392d36/fastq_pass/barcode19/PBM13545_pass_barcode19_f3392d36_eb9b0a06_53.fastq.gz	
ok	165052510	165052510	ONT	NA09677	chip1	s3://lsmc-ssf-sequencing-data/basecalls/lsmc/ssf-hq/pca100/2026/20260522_ONT_4Coriells_chip1/20260522_ONT_4Coriells_chip1/20260522_2252_2B_PBM13545_f3392d36/fastq_pass/barcode19/PBM13545_pass_barcode19_f3392d36_eb9b0a06_54.fastq.gz	
ok	154790824	154790824	ONT	NA09677	chip1	s3://lsmc-ssf-sequencing-data/basecalls/lsmc/ssf-hq/pca100/2026/20260522_ONT_4Coriells_chip1/20260522_ONT_4Coriells_chip1/20260522_2252_2B_PBM13545_f3392d36/fastq_pass/barcode19/PBM13545_pass_barcode19_f3392d36_eb9b0a06_55.fastq.gz	
ok	150033394	150033394	ONT	NA09677	chip1	s3://lsmc-ssf-sequencing-data/basecalls/lsmc/ssf-hq/pca100/2026/20260522_ONT_4Coriells_chip1/20260522_ONT_4Coriells_chip1/20260522_2252_2B_PBM13545_f3392d36/fastq_pass/barcode19/PBM13545_pass_barcode19_f3392d36_eb9b0a06_56.fastq.gz	
ok	155382682	155382682	ONT	NA09677	chip1	s3://lsmc-ssf-sequencing-data/basecalls/lsmc/ssf-hq/pca100/2026/20260522_ONT_4Coriells_chip1/20260522_ONT_4Coriells_chip1/20260522_2252_2B_PBM13545_f3392d36/fastq_pass/barcode19/PBM13545_pass_barcode19_f3392d36_eb9b0a06_57.fastq.gz	
ok	158406715	158406715	ONT	NA09677	chip1	s3://lsmc-ssf-sequencing-data/basecalls/lsmc/ssf-hq/pca100/2026/20260522_ONT_4Coriells_chip1/20260522_ONT_4Coriells_chip1/20260522_2252_2B_PBM13545_f3392d36/fastq_pass/barcode19/PBM13545_pass_barcode19_f3392d36_eb9b0a06_58.fastq.gz	
ok	130978966	130978966	ONT	NA09677	chip1	s3://lsmc-ssf-sequencing-data/basecalls/lsmc/ssf-hq/pca100/2026/20260522_ONT_4Coriells_chip1/20260522_ONT_4Coriells_chip1/20260522_2252_2B_PBM13545_f3392d36/fastq_pass/barcode19/PBM13545_pass_barcode19_f3392d36_eb9b0a06_59.fastq.gz	
ok	644919886	644919886	ONT	NA09677	chip1	s3://lsmc-ssf-sequencing-data/basecalls/lsmc/ssf-hq/pca100/2026/20260522_ONT_4Coriells_chip1/20260522_ONT_4Coriells_chip1/20260522_2252_2B_PBM13545_f3392d36/fastq_pass/barcode19/PBM13545_pass_barcode19_f3392d36_eb9b0a06_6.fastq.gz	
ok	125903701	125903701	ONT	NA09677	chip1	s3://lsmc-ssf-sequencing-data/basecalls/lsmc/ssf-hq/pca100/2026/20260522_ONT_4Coriells_chip1/20260522_ONT_4Coriells_chip1/20260522_2252_2B_PBM13545_f3392d36/fastq_pass/barcode19/PBM13545_pass_barcode19_f3392d36_eb9b0a06_60.fastq.gz	
ok	137508004	137508004	ONT	NA09677	chip1	s3://lsmc-ssf-sequencing-data/basecalls/lsmc/ssf-hq/pca100/2026/20260522_ONT_4Coriells_chip1/20260522_ONT_4Coriells_chip1/20260522_2252_2B_PBM13545_f3392d36/fastq_pass/barcode19/PBM13545_pass_barcode19_f3392d36_eb9b0a06_61.fastq.gz	
ok	105280679	105280679	ONT	NA09677	chip1	s3://lsmc-ssf-sequencing-data/basecalls/lsmc/ssf-hq/pca100/2026/20260522_ONT_4Coriells_chip1/20260522_ONT_4Coriells_chip1/20260522_2252_2B_PBM13545_f3392d36/fastq_pass/barcode19/PBM13545_pass_barcode19_f3392d36_eb9b0a06_62.fastq.gz	
ok	101085972	101085972	ONT	NA09677	chip1	s3://lsmc-ssf-sequencing-data/basecalls/lsmc/ssf-hq/pca100/2026/20260522_ONT_4Coriells_chip1/20260522_ONT_4Coriells_chip1/20260522_2252_2B_PBM13545_f3392d36/fastq_pass/barcode19/PBM13545_pass_barcode19_f3392d36_eb9b0a06_63.fastq.gz	
ok	103439807	103439807	ONT	NA09677	chip1	s3://lsmc-ssf-sequencing-data/basecalls/lsmc/ssf-hq/pca100/2026/20260522_ONT_4Coriells_chip1/20260522_ONT_4Coriells_chip1/20260522_2252_2B_PBM13545_f3392d36/fastq_pass/barcode19/PBM13545_pass_barcode19_f3392d36_eb9b0a06_64.fastq.gz	
ok	67141233	67141233	ONT	NA09677	chip1	s3://lsmc-ssf-sequencing-data/basecalls/lsmc/ssf-hq/pca100/2026/20260522_ONT_4Coriells_chip1/20260522_ONT_4Coriells_chip1/20260522_2252_2B_PBM13545_f3392d36/fastq_pass/barcode19/PBM13545_pass_barcode19_f3392d36_eb9b0a06_65.fastq.gz	
ok	56759723	56759723	ONT	NA09677	chip1	s3://lsmc-ssf-sequencing-data/basecalls/lsmc/ssf-hq/pca100/2026/20260522_ONT_4Coriells_chip1/20260522_ONT_4Coriells_chip1/20260522_2252_2B_PBM13545_f3392d36/fastq_pass/barcode19/PBM13545_pass_barcode19_f3392d36_eb9b0a06_66.fastq.gz	
ok	63700198	63700198	ONT	NA09677	chip1	s3://lsmc-ssf-sequencing-data/basecalls/lsmc/ssf-hq/pca100/2026/20260522_ONT_4Coriells_chip1/20260522_ONT_4Coriells_chip1/20260522_2252_2B_PBM13545_f3392d36/fastq_pass/barcode19/PBM13545_pass_barcode19_f3392d36_eb9b0a06_67.fastq.gz	
ok	50441070	50441070	ONT	NA09677	chip1	s3://lsmc-ssf-sequencing-data/basecalls/lsmc/ssf-hq/pca100/2026/20260522_ONT_4Coriells_chip1/20260522_ONT_4Coriells_chip1/20260522_2252_2B_PBM13545_f3392d36/fastq_pass/barcode19/PBM13545_pass_barcode19_f3392d36_eb9b0a06_68.fastq.gz	
ok	53169719	53169719	ONT	NA09677	chip1	s3://lsmc-ssf-sequencing-data/basecalls/lsmc/ssf-hq/pca100/2026/20260522_ONT_4Coriells_chip1/20260522_ONT_4Coriells_chip1/20260522_2252_2B_PBM13545_f3392d36/fastq_pass/barcode19/PBM13545_pass_barcode19_f3392d36_eb9b0a06_69.fastq.gz	
ok	662242724	662242724	ONT	NA09677	chip1	s3://lsmc-ssf-sequencing-data/basecalls/lsmc/ssf-hq/pca100/2026/20260522_ONT_4Coriells_chip1/20260522_ONT_4Coriells_chip1/20260522_2252_2B_PBM13545_f3392d36/fastq_pass/barcode19/PBM13545_pass_barcode19_f3392d36_eb9b0a06_7.fastq.gz	
ok	48356516	48356516	ONT	NA09677	chip1	s3://lsmc-ssf-sequencing-data/basecalls/lsmc/ssf-hq/pca100/2026/20260522_ONT_4Coriells_chip1/20260522_ONT_4Coriells_chip1/20260522_2252_2B_PBM13545_f3392d36/fastq_pass/barcode19/PBM13545_pass_barcode19_f3392d36_eb9b0a06_70.fastq.gz	
ok	46157494	46157494	ONT	NA09677	chip1	s3://lsmc-ssf-sequencing-data/basecalls/lsmc/ssf-hq/pca100/2026/20260522_ONT_4Coriells_chip1/20260522_ONT_4Coriells_chip1/20260522_2252_2B_PBM13545_f3392d36/fastq_pass/barcode19/PBM13545_pass_barcode19_f3392d36_eb9b0a06_71.fastq.gz	
ok	6123034	6123034	ONT	NA09677	chip1	s3://lsmc-ssf-sequencing-data/basecalls/lsmc/ssf-hq/pca100/2026/20260522_ONT_4Coriells_chip1/20260522_ONT_4Coriells_chip1/20260522_2252_2B_PBM13545_f3392d36/fastq_pass/barcode19/PBM13545_pass_barcode19_f3392d36_eb9b0a06_72.fastq.gz	
ok	631215442	631215442	ONT	NA09677	chip1	s3://lsmc-ssf-sequencing-data/basecalls/lsmc/ssf-hq/pca100/2026/20260522_ONT_4Coriells_chip1/20260522_ONT_4Coriells_chip1/20260522_2252_2B_PBM13545_f3392d36/fastq_pass/barcode19/PBM13545_pass_barcode19_f3392d36_eb9b0a06_8.fastq.gz	
ok	612272126	612272126	ONT	NA09677	chip1	s3://lsmc-ssf-sequencing-data/basecalls/lsmc/ssf-hq/pca100/2026/20260522_ONT_4Coriells_chip1/20260522_ONT_4Coriells_chip1/20260522_2252_2B_PBM13545_f3392d36/fastq_pass/barcode19/PBM13545_pass_barcode19_f3392d36_eb9b0a06_9.fastq.gz	
ok	597514647	597514647	ONT	NA09677	chip2	s3://lsmc-ssf-sequencing-data/basecalls/lsmc/ssf-hq/pca100/2026/20260522_ONT_4Coriells_chip2/20260522_ONT_4Coriells_chip2/20260523_0038_1C_PBM14931_9bbdbb3f/fastq_pass/barcode19/PBM14931_pass_barcode19_9bbdbb3f_7e492b4e_0.fastq.gz	
ok	645810888	645810888	ONT	NA09677	chip2	s3://lsmc-ssf-sequencing-data/basecalls/lsmc/ssf-hq/pca100/2026/20260522_ONT_4Coriells_chip2/20260522_ONT_4Coriells_chip2/20260523_0038_1C_PBM14931_9bbdbb3f/fastq_pass/barcode19/PBM14931_pass_barcode19_9bbdbb3f_7e492b4e_1.fastq.gz	
ok	582315034	582315034	ONT	NA09677	chip2	s3://lsmc-ssf-sequencing-data/basecalls/lsmc/ssf-hq/pca100/2026/20260522_ONT_4Coriells_chip2/20260522_ONT_4Coriells_chip2/20260523_0038_1C_PBM14931_9bbdbb3f/fastq_pass/barcode19/PBM14931_pass_barcode19_9bbdbb3f_7e492b4e_10.fastq.gz	
ok	530528839	530528839	ONT	NA09677	chip2	s3://lsmc-ssf-sequencing-data/basecalls/lsmc/ssf-hq/pca100/2026/20260522_ONT_4Coriells_chip2/20260522_ONT_4Coriells_chip2/20260523_0038_1C_PBM14931_9bbdbb3f/fastq_pass/barcode19/PBM14931_pass_barcode19_9bbdbb3f_7e492b4e_11.fastq.gz	
ok	511774037	511774037	ONT	NA09677	chip2	s3://lsmc-ssf-sequencing-data/basecalls/lsmc/ssf-hq/pca100/2026/20260522_ONT_4Coriells_chip2/20260522_ONT_4Coriells_chip2/20260523_0038_1C_PBM14931_9bbdbb3f/fastq_pass/barcode19/PBM14931_pass_barcode19_9bbdbb3f_7e492b4e_12.fastq.gz	
ok	550485764	550485764	ONT	NA09677	chip2	s3://lsmc-ssf-sequencing-data/basecalls/lsmc/ssf-hq/pca100/2026/20260522_ONT_4Coriells_chip2/20260522_ONT_4Coriells_chip2/20260523_0038_1C_PBM14931_9bbdbb3f/fastq_pass/barcode19/PBM14931_pass_barcode19_9bbdbb3f_7e492b4e_13.fastq.gz	
ok	491582678	491582678	ONT	NA09677	chip2	s3://lsmc-ssf-sequencing-data/basecalls/lsmc/ssf-hq/pca100/2026/20260522_ONT_4Coriells_chip2/20260522_ONT_4Coriells_chip2/20260523_0038_1C_PBM14931_9bbdbb3f/fastq_pass/barcode19/PBM14931_pass_barcode19_9bbdbb3f_7e492b4e_14.fastq.gz	
ok	491483359	491483359	ONT	NA09677	chip2	s3://lsmc-ssf-sequencing-data/basecalls/lsmc/ssf-hq/pca100/2026/20260522_ONT_4Coriells_chip2/20260522_ONT_4Coriells_chip2/20260523_0038_1C_PBM14931_9bbdbb3f/fastq_pass/barcode19/PBM14931_pass_barcode19_9bbdbb3f_7e492b4e_15.fastq.gz	
ok	472721623	472721623	ONT	NA09677	chip2	s3://lsmc-ssf-sequencing-data/basecalls/lsmc/ssf-hq/pca100/2026/20260522_ONT_4Coriells_chip2/20260522_ONT_4Coriells_chip2/20260523_0038_1C_PBM14931_9bbdbb3f/fastq_pass/barcode19/PBM14931_pass_barcode19_9bbdbb3f_7e492b4e_16.fastq.gz	
ok	451207826	451207826	ONT	NA09677	chip2	s3://lsmc-ssf-sequencing-data/basecalls/lsmc/ssf-hq/pca100/2026/20260522_ONT_4Coriells_chip2/20260522_ONT_4Coriells_chip2/20260523_0038_1C_PBM14931_9bbdbb3f/fastq_pass/barcode19/PBM14931_pass_barcode19_9bbdbb3f_7e492b4e_17.fastq.gz	
ok	490268201	490268201	ONT	NA09677	chip2	s3://lsmc-ssf-sequencing-data/basecalls/lsmc/ssf-hq/pca100/2026/20260522_ONT_4Coriells_chip2/20260522_ONT_4Coriells_chip2/20260523_0038_1C_PBM14931_9bbdbb3f/fastq_pass/barcode19/PBM14931_pass_barcode19_9bbdbb3f_7e492b4e_18.fastq.gz	
ok	420004966	420004966	ONT	NA09677	chip2	s3://lsmc-ssf-sequencing-data/basecalls/lsmc/ssf-hq/pca100/2026/20260522_ONT_4Coriells_chip2/20260522_ONT_4Coriells_chip2/20260523_0038_1C_PBM14931_9bbdbb3f/fastq_pass/barcode19/PBM14931_pass_barcode19_9bbdbb3f_7e492b4e_19.fastq.gz	
ok	683783849	683783849	ONT	NA09677	chip2	s3://lsmc-ssf-sequencing-data/basecalls/lsmc/ssf-hq/pca100/2026/20260522_ONT_4Coriells_chip2/20260522_ONT_4Coriells_chip2/20260523_0038_1C_PBM14931_9bbdbb3f/fastq_pass/barcode19/PBM14931_pass_barcode19_9bbdbb3f_7e492b4e_2.fastq.gz	
ok	418708701	418708701	ONT	NA09677	chip2	s3://lsmc-ssf-sequencing-data/basecalls/lsmc/ssf-hq/pca100/2026/20260522_ONT_4Coriells_chip2/20260522_ONT_4Coriells_chip2/20260523_0038_1C_PBM14931_9bbdbb3f/fastq_pass/barcode19/PBM14931_pass_barcode19_9bbdbb3f_7e492b4e_20.fastq.gz	
ok	411737891	411737891	ONT	NA09677	chip2	s3://lsmc-ssf-sequencing-data/basecalls/lsmc/ssf-hq/pca100/2026/20260522_ONT_4Coriells_chip2/20260522_ONT_4Coriells_chip2/20260523_0038_1C_PBM14931_9bbdbb3f/fastq_pass/barcode19/PBM14931_pass_barcode19_9bbdbb3f_7e492b4e_21.fastq.gz	
ok	385251718	385251718	ONT	NA09677	chip2	s3://lsmc-ssf-sequencing-data/basecalls/lsmc/ssf-hq/pca100/2026/20260522_ONT_4Coriells_chip2/20260522_ONT_4Coriells_chip2/20260523_0038_1C_PBM14931_9bbdbb3f/fastq_pass/barcode19/PBM14931_pass_barcode19_9bbdbb3f_7e492b4e_22.fastq.gz	
ok	385642087	385642087	ONT	NA09677	chip2	s3://lsmc-ssf-sequencing-data/basecalls/lsmc/ssf-hq/pca100/2026/20260522_ONT_4Coriells_chip2/20260522_ONT_4Coriells_chip2/20260523_0038_1C_PBM14931_9bbdbb3f/fastq_pass/barcode19/PBM14931_pass_barcode19_9bbdbb3f_7e492b4e_23.fastq.gz	
ok	385481004	385481004	ONT	NA09677	chip2	s3://lsmc-ssf-sequencing-data/basecalls/lsmc/ssf-hq/pca100/2026/20260522_ONT_4Coriells_chip2/20260522_ONT_4Coriells_chip2/20260523_0038_1C_PBM14931_9bbdbb3f/fastq_pass/barcode19/PBM14931_pass_barcode19_9bbdbb3f_7e492b4e_24.fastq.gz	
ok	356807044	356807044	ONT	NA09677	chip2	s3://lsmc-ssf-sequencing-data/basecalls/lsmc/ssf-hq/pca100/2026/20260522_ONT_4Coriells_chip2/20260522_ONT_4Coriells_chip2/20260523_0038_1C_PBM14931_9bbdbb3f/fastq_pass/barcode19/PBM14931_pass_barcode19_9bbdbb3f_7e492b4e_25.fastq.gz	
ok	351136419	351136419	ONT	NA09677	chip2	s3://lsmc-ssf-sequencing-data/basecalls/lsmc/ssf-hq/pca100/2026/20260522_ONT_4Coriells_chip2/20260522_ONT_4Coriells_chip2/20260523_0038_1C_PBM14931_9bbdbb3f/fastq_pass/barcode19/PBM14931_pass_barcode19_9bbdbb3f_7e492b4e_26.fastq.gz	
ok	349180824	349180824	ONT	NA09677	chip2	s3://lsmc-ssf-sequencing-data/basecalls/lsmc/ssf-hq/pca100/2026/20260522_ONT_4Coriells_chip2/20260522_ONT_4Coriells_chip2/20260523_0038_1C_PBM14931_9bbdbb3f/fastq_pass/barcode19/PBM14931_pass_barcode19_9bbdbb3f_7e492b4e_27.fastq.gz	
ok	333020533	333020533	ONT	NA09677	chip2	s3://lsmc-ssf-sequencing-data/basecalls/lsmc/ssf-hq/pca100/2026/20260522_ONT_4Coriells_chip2/20260522_ONT_4Coriells_chip2/20260523_0038_1C_PBM14931_9bbdbb3f/fastq_pass/barcode19/PBM14931_pass_barcode19_9bbdbb3f_7e492b4e_28.fastq.gz	
ok	327636723	327636723	ONT	NA09677	chip2	s3://lsmc-ssf-sequencing-data/basecalls/lsmc/ssf-hq/pca100/2026/20260522_ONT_4Coriells_chip2/20260522_ONT_4Coriells_chip2/20260523_0038_1C_PBM14931_9bbdbb3f/fastq_pass/barcode19/PBM14931_pass_barcode19_9bbdbb3f_7e492b4e_29.fastq.gz	
ok	644331871	644331871	ONT	NA09677	chip2	s3://lsmc-ssf-sequencing-data/basecalls/lsmc/ssf-hq/pca100/2026/20260522_ONT_4Coriells_chip2/20260522_ONT_4Coriells_chip2/20260523_0038_1C_PBM14931_9bbdbb3f/fastq_pass/barcode19/PBM14931_pass_barcode19_9bbdbb3f_7e492b4e_3.fastq.gz	
ok	321759823	321759823	ONT	NA09677	chip2	s3://lsmc-ssf-sequencing-data/basecalls/lsmc/ssf-hq/pca100/2026/20260522_ONT_4Coriells_chip2/20260522_ONT_4Coriells_chip2/20260523_0038_1C_PBM14931_9bbdbb3f/fastq_pass/barcode19/PBM14931_pass_barcode19_9bbdbb3f_7e492b4e_30.fastq.gz	
ok	308883299	308883299	ONT	NA09677	chip2	s3://lsmc-ssf-sequencing-data/basecalls/lsmc/ssf-hq/pca100/2026/20260522_ONT_4Coriells_chip2/20260522_ONT_4Coriells_chip2/20260523_0038_1C_PBM14931_9bbdbb3f/fastq_pass/barcode19/PBM14931_pass_barcode19_9bbdbb3f_7e492b4e_31.fastq.gz	
ok	309274451	309274451	ONT	NA09677	chip2	s3://lsmc-ssf-sequencing-data/basecalls/lsmc/ssf-hq/pca100/2026/20260522_ONT_4Coriells_chip2/20260522_ONT_4Coriells_chip2/20260523_0038_1C_PBM14931_9bbdbb3f/fastq_pass/barcode19/PBM14931_pass_barcode19_9bbdbb3f_7e492b4e_32.fastq.gz	
ok	279230050	279230050	ONT	NA09677	chip2	s3://lsmc-ssf-sequencing-data/basecalls/lsmc/ssf-hq/pca100/2026/20260522_ONT_4Coriells_chip2/20260522_ONT_4Coriells_chip2/20260523_0038_1C_PBM14931_9bbdbb3f/fastq_pass/barcode19/PBM14931_pass_barcode19_9bbdbb3f_7e492b4e_33.fastq.gz	
ok	268913244	268913244	ONT	NA09677	chip2	s3://lsmc-ssf-sequencing-data/basecalls/lsmc/ssf-hq/pca100/2026/20260522_ONT_4Coriells_chip2/20260522_ONT_4Coriells_chip2/20260523_0038_1C_PBM14931_9bbdbb3f/fastq_pass/barcode19/PBM14931_pass_barcode19_9bbdbb3f_7e492b4e_34.fastq.gz	
ok	280448621	280448621	ONT	NA09677	chip2	s3://lsmc-ssf-sequencing-data/basecalls/lsmc/ssf-hq/pca100/2026/20260522_ONT_4Coriells_chip2/20260522_ONT_4Coriells_chip2/20260523_0038_1C_PBM14931_9bbdbb3f/fastq_pass/barcode19/PBM14931_pass_barcode19_9bbdbb3f_7e492b4e_35.fastq.gz	
ok	263628408	263628408	ONT	NA09677	chip2	s3://lsmc-ssf-sequencing-data/basecalls/lsmc/ssf-hq/pca100/2026/20260522_ONT_4Coriells_chip2/20260522_ONT_4Coriells_chip2/20260523_0038_1C_PBM14931_9bbdbb3f/fastq_pass/barcode19/PBM14931_pass_barcode19_9bbdbb3f_7e492b4e_36.fastq.gz	
ok	252560662	252560662	ONT	NA09677	chip2	s3://lsmc-ssf-sequencing-data/basecalls/lsmc/ssf-hq/pca100/2026/20260522_ONT_4Coriells_chip2/20260522_ONT_4Coriells_chip2/20260523_0038_1C_PBM14931_9bbdbb3f/fastq_pass/barcode19/PBM14931_pass_barcode19_9bbdbb3f_7e492b4e_37.fastq.gz	
ok	234547423	234547423	ONT	NA09677	chip2	s3://lsmc-ssf-sequencing-data/basecalls/lsmc/ssf-hq/pca100/2026/20260522_ONT_4Coriells_chip2/20260522_ONT_4Coriells_chip2/20260523_0038_1C_PBM14931_9bbdbb3f/fastq_pass/barcode19/PBM14931_pass_barcode19_9bbdbb3f_7e492b4e_38.fastq.gz	
ok	235533831	235533831	ONT	NA09677	chip2	s3://lsmc-ssf-sequencing-data/basecalls/lsmc/ssf-hq/pca100/2026/20260522_ONT_4Coriells_chip2/20260522_ONT_4Coriells_chip2/20260523_0038_1C_PBM14931_9bbdbb3f/fastq_pass/barcode19/PBM14931_pass_barcode19_9bbdbb3f_7e492b4e_39.fastq.gz	
ok	631948408	631948408	ONT	NA09677	chip2	s3://lsmc-ssf-sequencing-data/basecalls/lsmc/ssf-hq/pca100/2026/20260522_ONT_4Coriells_chip2/20260522_ONT_4Coriells_chip2/20260523_0038_1C_PBM14931_9bbdbb3f/fastq_pass/barcode19/PBM14931_pass_barcode19_9bbdbb3f_7e492b4e_4.fastq.gz	
ok	263408675	263408675	ONT	NA09677	chip2	s3://lsmc-ssf-sequencing-data/basecalls/lsmc/ssf-hq/pca100/2026/20260522_ONT_4Coriells_chip2/20260522_ONT_4Coriells_chip2/20260523_0038_1C_PBM14931_9bbdbb3f/fastq_pass/barcode19/PBM14931_pass_barcode19_9bbdbb3f_7e492b4e_40.fastq.gz	
ok	223402368	223402368	ONT	NA09677	chip2	s3://lsmc-ssf-sequencing-data/basecalls/lsmc/ssf-hq/pca100/2026/20260522_ONT_4Coriells_chip2/20260522_ONT_4Coriells_chip2/20260523_0038_1C_PBM14931_9bbdbb3f/fastq_pass/barcode19/PBM14931_pass_barcode19_9bbdbb3f_7e492b4e_41.fastq.gz	
ok	212109209	212109209	ONT	NA09677	chip2	s3://lsmc-ssf-sequencing-data/basecalls/lsmc/ssf-hq/pca100/2026/20260522_ONT_4Coriells_chip2/20260522_ONT_4Coriells_chip2/20260523_0038_1C_PBM14931_9bbdbb3f/fastq_pass/barcode19/PBM14931_pass_barcode19_9bbdbb3f_7e492b4e_42.fastq.gz	
ok	223407576	223407576	ONT	NA09677	chip2	s3://lsmc-ssf-sequencing-data/basecalls/lsmc/ssf-hq/pca100/2026/20260522_ONT_4Coriells_chip2/20260522_ONT_4Coriells_chip2/20260523_0038_1C_PBM14931_9bbdbb3f/fastq_pass/barcode19/PBM14931_pass_barcode19_9bbdbb3f_7e492b4e_43.fastq.gz	
ok	204628877	204628877	ONT	NA09677	chip2	s3://lsmc-ssf-sequencing-data/basecalls/lsmc/ssf-hq/pca100/2026/20260522_ONT_4Coriells_chip2/20260522_ONT_4Coriells_chip2/20260523_0038_1C_PBM14931_9bbdbb3f/fastq_pass/barcode19/PBM14931_pass_barcode19_9bbdbb3f_7e492b4e_44.fastq.gz	
ok	214855482	214855482	ONT	NA09677	chip2	s3://lsmc-ssf-sequencing-data/basecalls/lsmc/ssf-hq/pca100/2026/20260522_ONT_4Coriells_chip2/20260522_ONT_4Coriells_chip2/20260523_0038_1C_PBM14931_9bbdbb3f/fastq_pass/barcode19/PBM14931_pass_barcode19_9bbdbb3f_7e492b4e_45.fastq.gz	
ok	188375012	188375012	ONT	NA09677	chip2	s3://lsmc-ssf-sequencing-data/basecalls/lsmc/ssf-hq/pca100/2026/20260522_ONT_4Coriells_chip2/20260522_ONT_4Coriells_chip2/20260523_0038_1C_PBM14931_9bbdbb3f/fastq_pass/barcode19/PBM14931_pass_barcode19_9bbdbb3f_7e492b4e_46.fastq.gz	
ok	175288951	175288951	ONT	NA09677	chip2	s3://lsmc-ssf-sequencing-data/basecalls/lsmc/ssf-hq/pca100/2026/20260522_ONT_4Coriells_chip2/20260522_ONT_4Coriells_chip2/20260523_0038_1C_PBM14931_9bbdbb3f/fastq_pass/barcode19/PBM14931_pass_barcode19_9bbdbb3f_7e492b4e_47.fastq.gz	
ok	175355754	175355754	ONT	NA09677	chip2	s3://lsmc-ssf-sequencing-data/basecalls/lsmc/ssf-hq/pca100/2026/20260522_ONT_4Coriells_chip2/20260522_ONT_4Coriells_chip2/20260523_0038_1C_PBM14931_9bbdbb3f/fastq_pass/barcode19/PBM14931_pass_barcode19_9bbdbb3f_7e492b4e_48.fastq.gz	
ok	171588622	171588622	ONT	NA09677	chip2	s3://lsmc-ssf-sequencing-data/basecalls/lsmc/ssf-hq/pca100/2026/20260522_ONT_4Coriells_chip2/20260522_ONT_4Coriells_chip2/20260523_0038_1C_PBM14931_9bbdbb3f/fastq_pass/barcode19/PBM14931_pass_barcode19_9bbdbb3f_7e492b4e_49.fastq.gz	
ok	644316760	644316760	ONT	NA09677	chip2	s3://lsmc-ssf-sequencing-data/basecalls/lsmc/ssf-hq/pca100/2026/20260522_ONT_4Coriells_chip2/20260522_ONT_4Coriells_chip2/20260523_0038_1C_PBM14931_9bbdbb3f/fastq_pass/barcode19/PBM14931_pass_barcode19_9bbdbb3f_7e492b4e_5.fastq.gz	
ok	166593406	166593406	ONT	NA09677	chip2	s3://lsmc-ssf-sequencing-data/basecalls/lsmc/ssf-hq/pca100/2026/20260522_ONT_4Coriells_chip2/20260522_ONT_4Coriells_chip2/20260523_0038_1C_PBM14931_9bbdbb3f/fastq_pass/barcode19/PBM14931_pass_barcode19_9bbdbb3f_7e492b4e_50.fastq.gz	
ok	167733554	167733554	ONT	NA09677	chip2	s3://lsmc-ssf-sequencing-data/basecalls/lsmc/ssf-hq/pca100/2026/20260522_ONT_4Coriells_chip2/20260522_ONT_4Coriells_chip2/20260523_0038_1C_PBM14931_9bbdbb3f/fastq_pass/barcode19/PBM14931_pass_barcode19_9bbdbb3f_7e492b4e_51.fastq.gz	
ok	146111873	146111873	ONT	NA09677	chip2	s3://lsmc-ssf-sequencing-data/basecalls/lsmc/ssf-hq/pca100/2026/20260522_ONT_4Coriells_chip2/20260522_ONT_4Coriells_chip2/20260523_0038_1C_PBM14931_9bbdbb3f/fastq_pass/barcode19/PBM14931_pass_barcode19_9bbdbb3f_7e492b4e_52.fastq.gz	
ok	141622310	141622310	ONT	NA09677	chip2	s3://lsmc-ssf-sequencing-data/basecalls/lsmc/ssf-hq/pca100/2026/20260522_ONT_4Coriells_chip2/20260522_ONT_4Coriells_chip2/20260523_0038_1C_PBM14931_9bbdbb3f/fastq_pass/barcode19/PBM14931_pass_barcode19_9bbdbb3f_7e492b4e_53.fastq.gz	
ok	141891012	141891012	ONT	NA09677	chip2	s3://lsmc-ssf-sequencing-data/basecalls/lsmc/ssf-hq/pca100/2026/20260522_ONT_4Coriells_chip2/20260522_ONT_4Coriells_chip2/20260523_0038_1C_PBM14931_9bbdbb3f/fastq_pass/barcode19/PBM14931_pass_barcode19_9bbdbb3f_7e492b4e_54.fastq.gz	
ok	125303692	125303692	ONT	NA09677	chip2	s3://lsmc-ssf-sequencing-data/basecalls/lsmc/ssf-hq/pca100/2026/20260522_ONT_4Coriells_chip2/20260522_ONT_4Coriells_chip2/20260523_0038_1C_PBM14931_9bbdbb3f/fastq_pass/barcode19/PBM14931_pass_barcode19_9bbdbb3f_7e492b4e_55.fastq.gz	
ok	132760564	132760564	ONT	NA09677	chip2	s3://lsmc-ssf-sequencing-data/basecalls/lsmc/ssf-hq/pca100/2026/20260522_ONT_4Coriells_chip2/20260522_ONT_4Coriells_chip2/20260523_0038_1C_PBM14931_9bbdbb3f/fastq_pass/barcode19/PBM14931_pass_barcode19_9bbdbb3f_7e492b4e_56.fastq.gz	
ok	114335860	114335860	ONT	NA09677	chip2	s3://lsmc-ssf-sequencing-data/basecalls/lsmc/ssf-hq/pca100/2026/20260522_ONT_4Coriells_chip2/20260522_ONT_4Coriells_chip2/20260523_0038_1C_PBM14931_9bbdbb3f/fastq_pass/barcode19/PBM14931_pass_barcode19_9bbdbb3f_7e492b4e_57.fastq.gz	
ok	104742370	104742370	ONT	NA09677	chip2	s3://lsmc-ssf-sequencing-data/basecalls/lsmc/ssf-hq/pca100/2026/20260522_ONT_4Coriells_chip2/20260522_ONT_4Coriells_chip2/20260523_0038_1C_PBM14931_9bbdbb3f/fastq_pass/barcode19/PBM14931_pass_barcode19_9bbdbb3f_7e492b4e_58.fastq.gz	
ok	109445009	109445009	ONT	NA09677	chip2	s3://lsmc-ssf-sequencing-data/basecalls/lsmc/ssf-hq/pca100/2026/20260522_ONT_4Coriells_chip2/20260522_ONT_4Coriells_chip2/20260523_0038_1C_PBM14931_9bbdbb3f/fastq_pass/barcode19/PBM14931_pass_barcode19_9bbdbb3f_7e492b4e_59.fastq.gz	
ok	610489944	610489944	ONT	NA09677	chip2	s3://lsmc-ssf-sequencing-data/basecalls/lsmc/ssf-hq/pca100/2026/20260522_ONT_4Coriells_chip2/20260522_ONT_4Coriells_chip2/20260523_0038_1C_PBM14931_9bbdbb3f/fastq_pass/barcode19/PBM14931_pass_barcode19_9bbdbb3f_7e492b4e_6.fastq.gz	
ok	79656418	79656418	ONT	NA09677	chip2	s3://lsmc-ssf-sequencing-data/basecalls/lsmc/ssf-hq/pca100/2026/20260522_ONT_4Coriells_chip2/20260522_ONT_4Coriells_chip2/20260523_0038_1C_PBM14931_9bbdbb3f/fastq_pass/barcode19/PBM14931_pass_barcode19_9bbdbb3f_7e492b4e_60.fastq.gz	
ok	70266691	70266691	ONT	NA09677	chip2	s3://lsmc-ssf-sequencing-data/basecalls/lsmc/ssf-hq/pca100/2026/20260522_ONT_4Coriells_chip2/20260522_ONT_4Coriells_chip2/20260523_0038_1C_PBM14931_9bbdbb3f/fastq_pass/barcode19/PBM14931_pass_barcode19_9bbdbb3f_7e492b4e_61.fastq.gz	
ok	77415703	77415703	ONT	NA09677	chip2	s3://lsmc-ssf-sequencing-data/basecalls/lsmc/ssf-hq/pca100/2026/20260522_ONT_4Coriells_chip2/20260522_ONT_4Coriells_chip2/20260523_0038_1C_PBM14931_9bbdbb3f/fastq_pass/barcode19/PBM14931_pass_barcode19_9bbdbb3f_7e492b4e_62.fastq.gz	
ok	63570198	63570198	ONT	NA09677	chip2	s3://lsmc-ssf-sequencing-data/basecalls/lsmc/ssf-hq/pca100/2026/20260522_ONT_4Coriells_chip2/20260522_ONT_4Coriells_chip2/20260523_0038_1C_PBM14931_9bbdbb3f/fastq_pass/barcode19/PBM14931_pass_barcode19_9bbdbb3f_7e492b4e_63.fastq.gz	
ok	54427510	54427510	ONT	NA09677	chip2	s3://lsmc-ssf-sequencing-data/basecalls/lsmc/ssf-hq/pca100/2026/20260522_ONT_4Coriells_chip2/20260522_ONT_4Coriells_chip2/20260523_0038_1C_PBM14931_9bbdbb3f/fastq_pass/barcode19/PBM14931_pass_barcode19_9bbdbb3f_7e492b4e_64.fastq.gz	
ok	47779067	47779067	ONT	NA09677	chip2	s3://lsmc-ssf-sequencing-data/basecalls/lsmc/ssf-hq/pca100/2026/20260522_ONT_4Coriells_chip2/20260522_ONT_4Coriells_chip2/20260523_0038_1C_PBM14931_9bbdbb3f/fastq_pass/barcode19/PBM14931_pass_barcode19_9bbdbb3f_7e492b4e_65.fastq.gz	
ok	43219944	43219944	ONT	NA09677	chip2	s3://lsmc-ssf-sequencing-data/basecalls/lsmc/ssf-hq/pca100/2026/20260522_ONT_4Coriells_chip2/20260522_ONT_4Coriells_chip2/20260523_0038_1C_PBM14931_9bbdbb3f/fastq_pass/barcode19/PBM14931_pass_barcode19_9bbdbb3f_7e492b4e_66.fastq.gz	
ok	47002631	47002631	ONT	NA09677	chip2	s3://lsmc-ssf-sequencing-data/basecalls/lsmc/ssf-hq/pca100/2026/20260522_ONT_4Coriells_chip2/20260522_ONT_4Coriells_chip2/20260523_0038_1C_PBM14931_9bbdbb3f/fastq_pass/barcode19/PBM14931_pass_barcode19_9bbdbb3f_7e492b4e_67.fastq.gz	
ok	37581611	37581611	ONT	NA09677	chip2	s3://lsmc-ssf-sequencing-data/basecalls/lsmc/ssf-hq/pca100/2026/20260522_ONT_4Coriells_chip2/20260522_ONT_4Coriells_chip2/20260523_0038_1C_PBM14931_9bbdbb3f/fastq_pass/barcode19/PBM14931_pass_barcode19_9bbdbb3f_7e492b4e_68.fastq.gz	
ok	33553664	33553664	ONT	NA09677	chip2	s3://lsmc-ssf-sequencing-data/basecalls/lsmc/ssf-hq/pca100/2026/20260522_ONT_4Coriells_chip2/20260522_ONT_4Coriells_chip2/20260523_0038_1C_PBM14931_9bbdbb3f/fastq_pass/barcode19/PBM14931_pass_barcode19_9bbdbb3f_7e492b4e_69.fastq.gz	
ok	611527937	611527937	ONT	NA09677	chip2	s3://lsmc-ssf-sequencing-data/basecalls/lsmc/ssf-hq/pca100/2026/20260522_ONT_4Coriells_chip2/20260522_ONT_4Coriells_chip2/20260523_0038_1C_PBM14931_9bbdbb3f/fastq_pass/barcode19/PBM14931_pass_barcode19_9bbdbb3f_7e492b4e_7.fastq.gz	
ok	35619719	35619719	ONT	NA09677	chip2	s3://lsmc-ssf-sequencing-data/basecalls/lsmc/ssf-hq/pca100/2026/20260522_ONT_4Coriells_chip2/20260522_ONT_4Coriells_chip2/20260523_0038_1C_PBM14931_9bbdbb3f/fastq_pass/barcode19/PBM14931_pass_barcode19_9bbdbb3f_7e492b4e_70.fastq.gz	
ok	31877444	31877444	ONT	NA09677	chip2	s3://lsmc-ssf-sequencing-data/basecalls/lsmc/ssf-hq/pca100/2026/20260522_ONT_4Coriells_chip2/20260522_ONT_4Coriells_chip2/20260523_0038_1C_PBM14931_9bbdbb3f/fastq_pass/barcode19/PBM14931_pass_barcode19_9bbdbb3f_7e492b4e_71.fastq.gz	
ok	770847	770847	ONT	NA09677	chip2	s3://lsmc-ssf-sequencing-data/basecalls/lsmc/ssf-hq/pca100/2026/20260522_ONT_4Coriells_chip2/20260522_ONT_4Coriells_chip2/20260523_0038_1C_PBM14931_9bbdbb3f/fastq_pass/barcode19/PBM14931_pass_barcode19_9bbdbb3f_7e492b4e_72.fastq.gz	
ok	596921201	596921201	ONT	NA09677	chip2	s3://lsmc-ssf-sequencing-data/basecalls/lsmc/ssf-hq/pca100/2026/20260522_ONT_4Coriells_chip2/20260522_ONT_4Coriells_chip2/20260523_0038_1C_PBM14931_9bbdbb3f/fastq_pass/barcode19/PBM14931_pass_barcode19_9bbdbb3f_7e492b4e_8.fastq.gz	
ok	571088328	571088328	ONT	NA09677	chip2	s3://lsmc-ssf-sequencing-data/basecalls/lsmc/ssf-hq/pca100/2026/20260522_ONT_4Coriells_chip2/20260522_ONT_4Coriells_chip2/20260523_0038_1C_PBM14931_9bbdbb3f/fastq_pass/barcode19/PBM14931_pass_barcode19_9bbdbb3f_7e492b4e_9.fastq.gz	
ok	328911014	328911014	ONT	NA09677	chip3	s3://lsmc-ssf-sequencing-data/basecalls/lsmc/ssf-hq/pca100/2026/20260522_ONT_4Coriells_chip3/20260522_ONT_4Coriells_chip3/20260523_0038_1F_PBK89072_e28a4508/fastq_pass/barcode19/PBK89072_pass_barcode19_e28a4508_b25d4895_25.fastq.gz	
ok	326212356	326212356	ONT	NA09677	chip3	s3://lsmc-ssf-sequencing-data/basecalls/lsmc/ssf-hq/pca100/2026/20260522_ONT_4Coriells_chip3/20260522_ONT_4Coriells_chip3/20260523_0038_1F_PBK89072_e28a4508/fastq_pass/barcode19/PBK89072_pass_barcode19_e28a4508_b25d4895_27.fastq.gz	
ok	318542462	318542462	ONT	NA09677	chip3	s3://lsmc-ssf-sequencing-data/basecalls/lsmc/ssf-hq/pca100/2026/20260522_ONT_4Coriells_chip3/20260522_ONT_4Coriells_chip3/20260523_0038_1F_PBK89072_e28a4508/fastq_pass/barcode19/PBK89072_pass_barcode19_e28a4508_b25d4895_28.fastq.gz	
ok	301993125	301993125	ONT	NA09677	chip3	s3://lsmc-ssf-sequencing-data/basecalls/lsmc/ssf-hq/pca100/2026/20260522_ONT_4Coriells_chip3/20260522_ONT_4Coriells_chip3/20260523_0038_1F_PBK89072_e28a4508/fastq_pass/barcode19/PBK89072_pass_barcode19_e28a4508_b25d4895_29.fastq.gz	
ok	303578104	303578104	ONT	NA09677	chip3	s3://lsmc-ssf-sequencing-data/basecalls/lsmc/ssf-hq/pca100/2026/20260522_ONT_4Coriells_chip3/20260522_ONT_4Coriells_chip3/20260523_0038_1F_PBK89072_e28a4508/fastq_pass/barcode19/PBK89072_pass_barcode19_e28a4508_b25d4895_30.fastq.gz	
ok	267157924	267157924	ONT	NA09677	chip3	s3://lsmc-ssf-sequencing-data/basecalls/lsmc/ssf-hq/pca100/2026/20260522_ONT_4Coriells_chip3/20260522_ONT_4Coriells_chip3/20260523_0038_1F_PBK89072_e28a4508/fastq_pass/barcode19/PBK89072_pass_barcode19_e28a4508_b25d4895_33.fastq.gz	
ok	272429463	272429463	ONT	NA09677	chip3	s3://lsmc-ssf-sequencing-data/basecalls/lsmc/ssf-hq/pca100/2026/20260522_ONT_4Coriells_chip3/20260522_ONT_4Coriells_chip3/20260523_0038_1F_PBK89072_e28a4508/fastq_pass/barcode19/PBK89072_pass_barcode19_e28a4508_b25d4895_34.fastq.gz	
ok	257692952	257692952	ONT	NA09677	chip3	s3://lsmc-ssf-sequencing-data/basecalls/lsmc/ssf-hq/pca100/2026/20260522_ONT_4Coriells_chip3/20260522_ONT_4Coriells_chip3/20260523_0038_1F_PBK89072_e28a4508/fastq_pass/barcode19/PBK89072_pass_barcode19_e28a4508_b25d4895_35.fastq.gz	
ok	243557596	243557596	ONT	NA09677	chip3	s3://lsmc-ssf-sequencing-data/basecalls/lsmc/ssf-hq/pca100/2026/20260522_ONT_4Coriells_chip3/20260522_ONT_4Coriells_chip3/20260523_0038_1F_PBK89072_e28a4508/fastq_pass/barcode19/PBK89072_pass_barcode19_e28a4508_b25d4895_36.fastq.gz	
ok	577978848	577978848	ONT	NA09677	chip4	s3://lsmc-ssf-sequencing-data/basecalls/lsmc/ssf-hq/pca100/2026/20260522_ONT_4Coriells_chip4/20260522_ONT_4Coriells_chip4/20260523_0039_3E_PBM13048_8867cb21/fastq_pass/barcode19/PBM13048_pass_barcode19_8867cb21_f20c3bb7_0.fastq.gz	
ok	630463795	630463795	ONT	NA09677	chip4	s3://lsmc-ssf-sequencing-data/basecalls/lsmc/ssf-hq/pca100/2026/20260522_ONT_4Coriells_chip4/20260522_ONT_4Coriells_chip4/20260523_0039_3E_PBM13048_8867cb21/fastq_pass/barcode19/PBM13048_pass_barcode19_8867cb21_f20c3bb7_1.fastq.gz	
ok	556004913	556004913	ONT	NA09677	chip4	s3://lsmc-ssf-sequencing-data/basecalls/lsmc/ssf-hq/pca100/2026/20260522_ONT_4Coriells_chip4/20260522_ONT_4Coriells_chip4/20260523_0039_3E_PBM13048_8867cb21/fastq_pass/barcode19/PBM13048_pass_barcode19_8867cb21_f20c3bb7_10.fastq.gz	
ok	520725694	520725694	ONT	NA09677	chip4	s3://lsmc-ssf-sequencing-data/basecalls/lsmc/ssf-hq/pca100/2026/20260522_ONT_4Coriells_chip4/20260522_ONT_4Coriells_chip4/20260523_0039_3E_PBM13048_8867cb21/fastq_pass/barcode19/PBM13048_pass_barcode19_8867cb21_f20c3bb7_11.fastq.gz	
ok	500106915	500106915	ONT	NA09677	chip4	s3://lsmc-ssf-sequencing-data/basecalls/lsmc/ssf-hq/pca100/2026/20260522_ONT_4Coriells_chip4/20260522_ONT_4Coriells_chip4/20260523_0039_3E_PBM13048_8867cb21/fastq_pass/barcode19/PBM13048_pass_barcode19_8867cb21_f20c3bb7_12.fastq.gz	
ok	532742117	532742117	ONT	NA09677	chip4	s3://lsmc-ssf-sequencing-data/basecalls/lsmc/ssf-hq/pca100/2026/20260522_ONT_4Coriells_chip4/20260522_ONT_4Coriells_chip4/20260523_0039_3E_PBM13048_8867cb21/fastq_pass/barcode19/PBM13048_pass_barcode19_8867cb21_f20c3bb7_13.fastq.gz	
ok	479871027	479871027	ONT	NA09677	chip4	s3://lsmc-ssf-sequencing-data/basecalls/lsmc/ssf-hq/pca100/2026/20260522_ONT_4Coriells_chip4/20260522_ONT_4Coriells_chip4/20260523_0039_3E_PBM13048_8867cb21/fastq_pass/barcode19/PBM13048_pass_barcode19_8867cb21_f20c3bb7_14.fastq.gz	
ok	463863869	463863869	ONT	NA09677	chip4	s3://lsmc-ssf-sequencing-data/basecalls/lsmc/ssf-hq/pca100/2026/20260522_ONT_4Coriells_chip4/20260522_ONT_4Coriells_chip4/20260523_0039_3E_PBM13048_8867cb21/fastq_pass/barcode19/PBM13048_pass_barcode19_8867cb21_f20c3bb7_15.fastq.gz	
ok	470889568	470889568	ONT	NA09677	chip4	s3://lsmc-ssf-sequencing-data/basecalls/lsmc/ssf-hq/pca100/2026/20260522_ONT_4Coriells_chip4/20260522_ONT_4Coriells_chip4/20260523_0039_3E_PBM13048_8867cb21/fastq_pass/barcode19/PBM13048_pass_barcode19_8867cb21_f20c3bb7_16.fastq.gz	
ok	434937314	434937314	ONT	NA09677	chip4	s3://lsmc-ssf-sequencing-data/basecalls/lsmc/ssf-hq/pca100/2026/20260522_ONT_4Coriells_chip4/20260522_ONT_4Coriells_chip4/20260523_0039_3E_PBM13048_8867cb21/fastq_pass/barcode19/PBM13048_pass_barcode19_8867cb21_f20c3bb7_17.fastq.gz	
ok	443447312	443447312	ONT	NA09677	chip4	s3://lsmc-ssf-sequencing-data/basecalls/lsmc/ssf-hq/pca100/2026/20260522_ONT_4Coriells_chip4/20260522_ONT_4Coriells_chip4/20260523_0039_3E_PBM13048_8867cb21/fastq_pass/barcode19/PBM13048_pass_barcode19_8867cb21_f20c3bb7_18.fastq.gz	
ok	418796110	418796110	ONT	NA09677	chip4	s3://lsmc-ssf-sequencing-data/basecalls/lsmc/ssf-hq/pca100/2026/20260522_ONT_4Coriells_chip4/20260522_ONT_4Coriells_chip4/20260523_0039_3E_PBM13048_8867cb21/fastq_pass/barcode19/PBM13048_pass_barcode19_8867cb21_f20c3bb7_19.fastq.gz	
ok	665761087	665761087	ONT	NA09677	chip4	s3://lsmc-ssf-sequencing-data/basecalls/lsmc/ssf-hq/pca100/2026/20260522_ONT_4Coriells_chip4/20260522_ONT_4Coriells_chip4/20260523_0039_3E_PBM13048_8867cb21/fastq_pass/barcode19/PBM13048_pass_barcode19_8867cb21_f20c3bb7_2.fastq.gz	
ok	402588982	402588982	ONT	NA09677	chip4	s3://lsmc-ssf-sequencing-data/basecalls/lsmc/ssf-hq/pca100/2026/20260522_ONT_4Coriells_chip4/20260522_ONT_4Coriells_chip4/20260523_0039_3E_PBM13048_8867cb21/fastq_pass/barcode19/PBM13048_pass_barcode19_8867cb21_f20c3bb7_20.fastq.gz	
ok	394928303	394928303	ONT	NA09677	chip4	s3://lsmc-ssf-sequencing-data/basecalls/lsmc/ssf-hq/pca100/2026/20260522_ONT_4Coriells_chip4/20260522_ONT_4Coriells_chip4/20260523_0039_3E_PBM13048_8867cb21/fastq_pass/barcode19/PBM13048_pass_barcode19_8867cb21_f20c3bb7_21.fastq.gz	
ok	375671759	375671759	ONT	NA09677	chip4	s3://lsmc-ssf-sequencing-data/basecalls/lsmc/ssf-hq/pca100/2026/20260522_ONT_4Coriells_chip4/20260522_ONT_4Coriells_chip4/20260523_0039_3E_PBM13048_8867cb21/fastq_pass/barcode19/PBM13048_pass_barcode19_8867cb21_f20c3bb7_22.fastq.gz	
ok	353448266	353448266	ONT	NA09677	chip4	s3://lsmc-ssf-sequencing-data/basecalls/lsmc/ssf-hq/pca100/2026/20260522_ONT_4Coriells_chip4/20260522_ONT_4Coriells_chip4/20260523_0039_3E_PBM13048_8867cb21/fastq_pass/barcode19/PBM13048_pass_barcode19_8867cb21_f20c3bb7_23.fastq.gz	
ok	360526164	360526164	ONT	NA09677	chip4	s3://lsmc-ssf-sequencing-data/basecalls/lsmc/ssf-hq/pca100/2026/20260522_ONT_4Coriells_chip4/20260522_ONT_4Coriells_chip4/20260523_0039_3E_PBM13048_8867cb21/fastq_pass/barcode19/PBM13048_pass_barcode19_8867cb21_f20c3bb7_24.fastq.gz	
ok	322099154	322099154	ONT	NA09677	chip4	s3://lsmc-ssf-sequencing-data/basecalls/lsmc/ssf-hq/pca100/2026/20260522_ONT_4Coriells_chip4/20260522_ONT_4Coriells_chip4/20260523_0039_3E_PBM13048_8867cb21/fastq_pass/barcode19/PBM13048_pass_barcode19_8867cb21_f20c3bb7_25.fastq.gz	
ok	322727039	322727039	ONT	NA09677	chip4	s3://lsmc-ssf-sequencing-data/basecalls/lsmc/ssf-hq/pca100/2026/20260522_ONT_4Coriells_chip4/20260522_ONT_4Coriells_chip4/20260523_0039_3E_PBM13048_8867cb21/fastq_pass/barcode19/PBM13048_pass_barcode19_8867cb21_f20c3bb7_26.fastq.gz	
ok	312319615	312319615	ONT	NA09677	chip4	s3://lsmc-ssf-sequencing-data/basecalls/lsmc/ssf-hq/pca100/2026/20260522_ONT_4Coriells_chip4/20260522_ONT_4Coriells_chip4/20260523_0039_3E_PBM13048_8867cb21/fastq_pass/barcode19/PBM13048_pass_barcode19_8867cb21_f20c3bb7_27.fastq.gz	
ok	301721089	301721089	ONT	NA09677	chip4	s3://lsmc-ssf-sequencing-data/basecalls/lsmc/ssf-hq/pca100/2026/20260522_ONT_4Coriells_chip4/20260522_ONT_4Coriells_chip4/20260523_0039_3E_PBM13048_8867cb21/fastq_pass/barcode19/PBM13048_pass_barcode19_8867cb21_f20c3bb7_28.fastq.gz	
ok	295734330	295734330	ONT	NA09677	chip4	s3://lsmc-ssf-sequencing-data/basecalls/lsmc/ssf-hq/pca100/2026/20260522_ONT_4Coriells_chip4/20260522_ONT_4Coriells_chip4/20260523_0039_3E_PBM13048_8867cb21/fastq_pass/barcode19/PBM13048_pass_barcode19_8867cb21_f20c3bb7_29.fastq.gz	
ok	632253236	632253236	ONT	NA09677	chip4	s3://lsmc-ssf-sequencing-data/basecalls/lsmc/ssf-hq/pca100/2026/20260522_ONT_4Coriells_chip4/20260522_ONT_4Coriells_chip4/20260523_0039_3E_PBM13048_8867cb21/fastq_pass/barcode19/PBM13048_pass_barcode19_8867cb21_f20c3bb7_3.fastq.gz	
ok	289716138	289716138	ONT	NA09677	chip4	s3://lsmc-ssf-sequencing-data/basecalls/lsmc/ssf-hq/pca100/2026/20260522_ONT_4Coriells_chip4/20260522_ONT_4Coriells_chip4/20260523_0039_3E_PBM13048_8867cb21/fastq_pass/barcode19/PBM13048_pass_barcode19_8867cb21_f20c3bb7_30.fastq.gz	
ok	277128952	277128952	ONT	NA09677	chip4	s3://lsmc-ssf-sequencing-data/basecalls/lsmc/ssf-hq/pca100/2026/20260522_ONT_4Coriells_chip4/20260522_ONT_4Coriells_chip4/20260523_0039_3E_PBM13048_8867cb21/fastq_pass/barcode19/PBM13048_pass_barcode19_8867cb21_f20c3bb7_31.fastq.gz	
ok	275874375	275874375	ONT	NA09677	chip4	s3://lsmc-ssf-sequencing-data/basecalls/lsmc/ssf-hq/pca100/2026/20260522_ONT_4Coriells_chip4/20260522_ONT_4Coriells_chip4/20260523_0039_3E_PBM13048_8867cb21/fastq_pass/barcode19/PBM13048_pass_barcode19_8867cb21_f20c3bb7_32.fastq.gz	
ok	255945618	255945618	ONT	NA09677	chip4	s3://lsmc-ssf-sequencing-data/basecalls/lsmc/ssf-hq/pca100/2026/20260522_ONT_4Coriells_chip4/20260522_ONT_4Coriells_chip4/20260523_0039_3E_PBM13048_8867cb21/fastq_pass/barcode19/PBM13048_pass_barcode19_8867cb21_f20c3bb7_33.fastq.gz	
ok	258488029	258488029	ONT	NA09677	chip4	s3://lsmc-ssf-sequencing-data/basecalls/lsmc/ssf-hq/pca100/2026/20260522_ONT_4Coriells_chip4/20260522_ONT_4Coriells_chip4/20260523_0039_3E_PBM13048_8867cb21/fastq_pass/barcode19/PBM13048_pass_barcode19_8867cb21_f20c3bb7_34.fastq.gz	
ok	233061801	233061801	ONT	NA09677	chip4	s3://lsmc-ssf-sequencing-data/basecalls/lsmc/ssf-hq/pca100/2026/20260522_ONT_4Coriells_chip4/20260522_ONT_4Coriells_chip4/20260523_0039_3E_PBM13048_8867cb21/fastq_pass/barcode19/PBM13048_pass_barcode19_8867cb21_f20c3bb7_35.fastq.gz	
ok	229462135	229462135	ONT	NA09677	chip4	s3://lsmc-ssf-sequencing-data/basecalls/lsmc/ssf-hq/pca100/2026/20260522_ONT_4Coriells_chip4/20260522_ONT_4Coriells_chip4/20260523_0039_3E_PBM13048_8867cb21/fastq_pass/barcode19/PBM13048_pass_barcode19_8867cb21_f20c3bb7_36.fastq.gz	
ok	223795476	223795476	ONT	NA09677	chip4	s3://lsmc-ssf-sequencing-data/basecalls/lsmc/ssf-hq/pca100/2026/20260522_ONT_4Coriells_chip4/20260522_ONT_4Coriells_chip4/20260523_0039_3E_PBM13048_8867cb21/fastq_pass/barcode19/PBM13048_pass_barcode19_8867cb21_f20c3bb7_37.fastq.gz	
ok	206061646	206061646	ONT	NA09677	chip4	s3://lsmc-ssf-sequencing-data/basecalls/lsmc/ssf-hq/pca100/2026/20260522_ONT_4Coriells_chip4/20260522_ONT_4Coriells_chip4/20260523_0039_3E_PBM13048_8867cb21/fastq_pass/barcode19/PBM13048_pass_barcode19_8867cb21_f20c3bb7_38.fastq.gz	
ok	202798256	202798256	ONT	NA09677	chip4	s3://lsmc-ssf-sequencing-data/basecalls/lsmc/ssf-hq/pca100/2026/20260522_ONT_4Coriells_chip4/20260522_ONT_4Coriells_chip4/20260523_0039_3E_PBM13048_8867cb21/fastq_pass/barcode19/PBM13048_pass_barcode19_8867cb21_f20c3bb7_39.fastq.gz	
ok	627500347	627500347	ONT	NA09677	chip4	s3://lsmc-ssf-sequencing-data/basecalls/lsmc/ssf-hq/pca100/2026/20260522_ONT_4Coriells_chip4/20260522_ONT_4Coriells_chip4/20260523_0039_3E_PBM13048_8867cb21/fastq_pass/barcode19/PBM13048_pass_barcode19_8867cb21_f20c3bb7_4.fastq.gz	
ok	211845359	211845359	ONT	NA09677	chip4	s3://lsmc-ssf-sequencing-data/basecalls/lsmc/ssf-hq/pca100/2026/20260522_ONT_4Coriells_chip4/20260522_ONT_4Coriells_chip4/20260523_0039_3E_PBM13048_8867cb21/fastq_pass/barcode19/PBM13048_pass_barcode19_8867cb21_f20c3bb7_40.fastq.gz	
ok	188239842	188239842	ONT	NA09677	chip4	s3://lsmc-ssf-sequencing-data/basecalls/lsmc/ssf-hq/pca100/2026/20260522_ONT_4Coriells_chip4/20260522_ONT_4Coriells_chip4/20260523_0039_3E_PBM13048_8867cb21/fastq_pass/barcode19/PBM13048_pass_barcode19_8867cb21_f20c3bb7_41.fastq.gz	
ok	175957758	175957758	ONT	NA09677	chip4	s3://lsmc-ssf-sequencing-data/basecalls/lsmc/ssf-hq/pca100/2026/20260522_ONT_4Coriells_chip4/20260522_ONT_4Coriells_chip4/20260523_0039_3E_PBM13048_8867cb21/fastq_pass/barcode19/PBM13048_pass_barcode19_8867cb21_f20c3bb7_42.fastq.gz	
ok	177730167	177730167	ONT	NA09677	chip4	s3://lsmc-ssf-sequencing-data/basecalls/lsmc/ssf-hq/pca100/2026/20260522_ONT_4Coriells_chip4/20260522_ONT_4Coriells_chip4/20260523_0039_3E_PBM13048_8867cb21/fastq_pass/barcode19/PBM13048_pass_barcode19_8867cb21_f20c3bb7_43.fastq.gz	
ok	161383709	161383709	ONT	NA09677	chip4	s3://lsmc-ssf-sequencing-data/basecalls/lsmc/ssf-hq/pca100/2026/20260522_ONT_4Coriells_chip4/20260522_ONT_4Coriells_chip4/20260523_0039_3E_PBM13048_8867cb21/fastq_pass/barcode19/PBM13048_pass_barcode19_8867cb21_f20c3bb7_44.fastq.gz	
ok	167831843	167831843	ONT	NA09677	chip4	s3://lsmc-ssf-sequencing-data/basecalls/lsmc/ssf-hq/pca100/2026/20260522_ONT_4Coriells_chip4/20260522_ONT_4Coriells_chip4/20260523_0039_3E_PBM13048_8867cb21/fastq_pass/barcode19/PBM13048_pass_barcode19_8867cb21_f20c3bb7_45.fastq.gz	
ok	137272626	137272626	ONT	NA09677	chip4	s3://lsmc-ssf-sequencing-data/basecalls/lsmc/ssf-hq/pca100/2026/20260522_ONT_4Coriells_chip4/20260522_ONT_4Coriells_chip4/20260523_0039_3E_PBM13048_8867cb21/fastq_pass/barcode19/PBM13048_pass_barcode19_8867cb21_f20c3bb7_46.fastq.gz	
ok	130255960	130255960	ONT	NA09677	chip4	s3://lsmc-ssf-sequencing-data/basecalls/lsmc/ssf-hq/pca100/2026/20260522_ONT_4Coriells_chip4/20260522_ONT_4Coriells_chip4/20260523_0039_3E_PBM13048_8867cb21/fastq_pass/barcode19/PBM13048_pass_barcode19_8867cb21_f20c3bb7_47.fastq.gz	
ok	152957817	152957817	ONT	NA09677	chip4	s3://lsmc-ssf-sequencing-data/basecalls/lsmc/ssf-hq/pca100/2026/20260522_ONT_4Coriells_chip4/20260522_ONT_4Coriells_chip4/20260523_0039_3E_PBM13048_8867cb21/fastq_pass/barcode19/PBM13048_pass_barcode19_8867cb21_f20c3bb7_48.fastq.gz	
ok	111865704	111865704	ONT	NA09677	chip4	s3://lsmc-ssf-sequencing-data/basecalls/lsmc/ssf-hq/pca100/2026/20260522_ONT_4Coriells_chip4/20260522_ONT_4Coriells_chip4/20260523_0039_3E_PBM13048_8867cb21/fastq_pass/barcode19/PBM13048_pass_barcode19_8867cb21_f20c3bb7_49.fastq.gz	
ok	632374922	632374922	ONT	NA09677	chip4	s3://lsmc-ssf-sequencing-data/basecalls/lsmc/ssf-hq/pca100/2026/20260522_ONT_4Coriells_chip4/20260522_ONT_4Coriells_chip4/20260523_0039_3E_PBM13048_8867cb21/fastq_pass/barcode19/PBM13048_pass_barcode19_8867cb21_f20c3bb7_5.fastq.gz	
ok	105198274	105198274	ONT	NA09677	chip4	s3://lsmc-ssf-sequencing-data/basecalls/lsmc/ssf-hq/pca100/2026/20260522_ONT_4Coriells_chip4/20260522_ONT_4Coriells_chip4/20260523_0039_3E_PBM13048_8867cb21/fastq_pass/barcode19/PBM13048_pass_barcode19_8867cb21_f20c3bb7_50.fastq.gz	
ok	121204910	121204910	ONT	NA09677	chip4	s3://lsmc-ssf-sequencing-data/basecalls/lsmc/ssf-hq/pca100/2026/20260522_ONT_4Coriells_chip4/20260522_ONT_4Coriells_chip4/20260523_0039_3E_PBM13048_8867cb21/fastq_pass/barcode19/PBM13048_pass_barcode19_8867cb21_f20c3bb7_51.fastq.gz	
ok	114321667	114321667	ONT	NA09677	chip4	s3://lsmc-ssf-sequencing-data/basecalls/lsmc/ssf-hq/pca100/2026/20260522_ONT_4Coriells_chip4/20260522_ONT_4Coriells_chip4/20260523_0039_3E_PBM13048_8867cb21/fastq_pass/barcode19/PBM13048_pass_barcode19_8867cb21_f20c3bb7_52.fastq.gz	
ok	123784615	123784615	ONT	NA09677	chip4	s3://lsmc-ssf-sequencing-data/basecalls/lsmc/ssf-hq/pca100/2026/20260522_ONT_4Coriells_chip4/20260522_ONT_4Coriells_chip4/20260523_0039_3E_PBM13048_8867cb21/fastq_pass/barcode19/PBM13048_pass_barcode19_8867cb21_f20c3bb7_53.fastq.gz	
ok	104656137	104656137	ONT	NA09677	chip4	s3://lsmc-ssf-sequencing-data/basecalls/lsmc/ssf-hq/pca100/2026/20260522_ONT_4Coriells_chip4/20260522_ONT_4Coriells_chip4/20260523_0039_3E_PBM13048_8867cb21/fastq_pass/barcode19/PBM13048_pass_barcode19_8867cb21_f20c3bb7_54.fastq.gz	
ok	92551957	92551957	ONT	NA09677	chip4	s3://lsmc-ssf-sequencing-data/basecalls/lsmc/ssf-hq/pca100/2026/20260522_ONT_4Coriells_chip4/20260522_ONT_4Coriells_chip4/20260523_0039_3E_PBM13048_8867cb21/fastq_pass/barcode19/PBM13048_pass_barcode19_8867cb21_f20c3bb7_55.fastq.gz	
ok	96080159	96080159	ONT	NA09677	chip4	s3://lsmc-ssf-sequencing-data/basecalls/lsmc/ssf-hq/pca100/2026/20260522_ONT_4Coriells_chip4/20260522_ONT_4Coriells_chip4/20260523_0039_3E_PBM13048_8867cb21/fastq_pass/barcode19/PBM13048_pass_barcode19_8867cb21_f20c3bb7_56.fastq.gz	
ok	93604634	93604634	ONT	NA09677	chip4	s3://lsmc-ssf-sequencing-data/basecalls/lsmc/ssf-hq/pca100/2026/20260522_ONT_4Coriells_chip4/20260522_ONT_4Coriells_chip4/20260523_0039_3E_PBM13048_8867cb21/fastq_pass/barcode19/PBM13048_pass_barcode19_8867cb21_f20c3bb7_57.fastq.gz	
ok	86355920	86355920	ONT	NA09677	chip4	s3://lsmc-ssf-sequencing-data/basecalls/lsmc/ssf-hq/pca100/2026/20260522_ONT_4Coriells_chip4/20260522_ONT_4Coriells_chip4/20260523_0039_3E_PBM13048_8867cb21/fastq_pass/barcode19/PBM13048_pass_barcode19_8867cb21_f20c3bb7_58.fastq.gz	
ok	58076944	58076944	ONT	NA09677	chip4	s3://lsmc-ssf-sequencing-data/basecalls/lsmc/ssf-hq/pca100/2026/20260522_ONT_4Coriells_chip4/20260522_ONT_4Coriells_chip4/20260523_0039_3E_PBM13048_8867cb21/fastq_pass/barcode19/PBM13048_pass_barcode19_8867cb21_f20c3bb7_59.fastq.gz	
ok	601802844	601802844	ONT	NA09677	chip4	s3://lsmc-ssf-sequencing-data/basecalls/lsmc/ssf-hq/pca100/2026/20260522_ONT_4Coriells_chip4/20260522_ONT_4Coriells_chip4/20260523_0039_3E_PBM13048_8867cb21/fastq_pass/barcode19/PBM13048_pass_barcode19_8867cb21_f20c3bb7_6.fastq.gz	
ok	49960292	49960292	ONT	NA09677	chip4	s3://lsmc-ssf-sequencing-data/basecalls/lsmc/ssf-hq/pca100/2026/20260522_ONT_4Coriells_chip4/20260522_ONT_4Coriells_chip4/20260523_0039_3E_PBM13048_8867cb21/fastq_pass/barcode19/PBM13048_pass_barcode19_8867cb21_f20c3bb7_60.fastq.gz	
ok	53976832	53976832	ONT	NA09677	chip4	s3://lsmc-ssf-sequencing-data/basecalls/lsmc/ssf-hq/pca100/2026/20260522_ONT_4Coriells_chip4/20260522_ONT_4Coriells_chip4/20260523_0039_3E_PBM13048_8867cb21/fastq_pass/barcode19/PBM13048_pass_barcode19_8867cb21_f20c3bb7_61.fastq.gz	
ok	44700137	44700137	ONT	NA09677	chip4	s3://lsmc-ssf-sequencing-data/basecalls/lsmc/ssf-hq/pca100/2026/20260522_ONT_4Coriells_chip4/20260522_ONT_4Coriells_chip4/20260523_0039_3E_PBM13048_8867cb21/fastq_pass/barcode19/PBM13048_pass_barcode19_8867cb21_f20c3bb7_62.fastq.gz	
ok	39574162	39574162	ONT	NA09677	chip4	s3://lsmc-ssf-sequencing-data/basecalls/lsmc/ssf-hq/pca100/2026/20260522_ONT_4Coriells_chip4/20260522_ONT_4Coriells_chip4/20260523_0039_3E_PBM13048_8867cb21/fastq_pass/barcode19/PBM13048_pass_barcode19_8867cb21_f20c3bb7_63.fastq.gz	
ok	39172109	39172109	ONT	NA09677	chip4	s3://lsmc-ssf-sequencing-data/basecalls/lsmc/ssf-hq/pca100/2026/20260522_ONT_4Coriells_chip4/20260522_ONT_4Coriells_chip4/20260523_0039_3E_PBM13048_8867cb21/fastq_pass/barcode19/PBM13048_pass_barcode19_8867cb21_f20c3bb7_64.fastq.gz	
ok	35230133	35230133	ONT	NA09677	chip4	s3://lsmc-ssf-sequencing-data/basecalls/lsmc/ssf-hq/pca100/2026/20260522_ONT_4Coriells_chip4/20260522_ONT_4Coriells_chip4/20260523_0039_3E_PBM13048_8867cb21/fastq_pass/barcode19/PBM13048_pass_barcode19_8867cb21_f20c3bb7_65.fastq.gz	
ok	30689062	30689062	ONT	NA09677	chip4	s3://lsmc-ssf-sequencing-data/basecalls/lsmc/ssf-hq/pca100/2026/20260522_ONT_4Coriells_chip4/20260522_ONT_4Coriells_chip4/20260523_0039_3E_PBM13048_8867cb21/fastq_pass/barcode19/PBM13048_pass_barcode19_8867cb21_f20c3bb7_66.fastq.gz	
ok	36003074	36003074	ONT	NA09677	chip4	s3://lsmc-ssf-sequencing-data/basecalls/lsmc/ssf-hq/pca100/2026/20260522_ONT_4Coriells_chip4/20260522_ONT_4Coriells_chip4/20260523_0039_3E_PBM13048_8867cb21/fastq_pass/barcode19/PBM13048_pass_barcode19_8867cb21_f20c3bb7_67.fastq.gz	
ok	33309916	33309916	ONT	NA09677	chip4	s3://lsmc-ssf-sequencing-data/basecalls/lsmc/ssf-hq/pca100/2026/20260522_ONT_4Coriells_chip4/20260522_ONT_4Coriells_chip4/20260523_0039_3E_PBM13048_8867cb21/fastq_pass/barcode19/PBM13048_pass_barcode19_8867cb21_f20c3bb7_68.fastq.gz	
ok	33996071	33996071	ONT	NA09677	chip4	s3://lsmc-ssf-sequencing-data/basecalls/lsmc/ssf-hq/pca100/2026/20260522_ONT_4Coriells_chip4/20260522_ONT_4Coriells_chip4/20260523_0039_3E_PBM13048_8867cb21/fastq_pass/barcode19/PBM13048_pass_barcode19_8867cb21_f20c3bb7_69.fastq.gz	
ok	594074586	594074586	ONT	NA09677	chip4	s3://lsmc-ssf-sequencing-data/basecalls/lsmc/ssf-hq/pca100/2026/20260522_ONT_4Coriells_chip4/20260522_ONT_4Coriells_chip4/20260523_0039_3E_PBM13048_8867cb21/fastq_pass/barcode19/PBM13048_pass_barcode19_8867cb21_f20c3bb7_7.fastq.gz	
ok	27776033	27776033	ONT	NA09677	chip4	s3://lsmc-ssf-sequencing-data/basecalls/lsmc/ssf-hq/pca100/2026/20260522_ONT_4Coriells_chip4/20260522_ONT_4Coriells_chip4/20260523_0039_3E_PBM13048_8867cb21/fastq_pass/barcode19/PBM13048_pass_barcode19_8867cb21_f20c3bb7_70.fastq.gz	
ok	29840762	29840762	ONT	NA09677	chip4	s3://lsmc-ssf-sequencing-data/basecalls/lsmc/ssf-hq/pca100/2026/20260522_ONT_4Coriells_chip4/20260522_ONT_4Coriells_chip4/20260523_0039_3E_PBM13048_8867cb21/fastq_pass/barcode19/PBM13048_pass_barcode19_8867cb21_f20c3bb7_71.fastq.gz	
ok	1333139	1333139	ONT	NA09677	chip4	s3://lsmc-ssf-sequencing-data/basecalls/lsmc/ssf-hq/pca100/2026/20260522_ONT_4Coriells_chip4/20260522_ONT_4Coriells_chip4/20260523_0039_3E_PBM13048_8867cb21/fastq_pass/barcode19/PBM13048_pass_barcode19_8867cb21_f20c3bb7_72.fastq.gz	
ok	571269571	571269571	ONT	NA09677	chip4	s3://lsmc-ssf-sequencing-data/basecalls/lsmc/ssf-hq/pca100/2026/20260522_ONT_4Coriells_chip4/20260522_ONT_4Coriells_chip4/20260523_0039_3E_PBM13048_8867cb21/fastq_pass/barcode19/PBM13048_pass_barcode19_8867cb21_f20c3bb7_8.fastq.gz	
ok	554102815	554102815	ONT	NA09677	chip4	s3://lsmc-ssf-sequencing-data/basecalls/lsmc/ssf-hq/pca100/2026/20260522_ONT_4Coriells_chip4/20260522_ONT_4Coriells_chip4/20260523_0039_3E_PBM13048_8867cb21/fastq_pass/barcode19/PBM13048_pass_barcode19_8867cb21_f20c3bb7_9.fastq.gz	
ok	726931871	726931871	ONT	NA03986	chip1	s3://lsmc-ssf-sequencing-data/basecalls/lsmc/ssf-hq/pca100/2026/20260522_ONT_4Coriells_chip1/20260522_ONT_4Coriells_chip1/20260522_2252_2B_PBM13545_f3392d36/fastq_pass/barcode20/PBM13545_pass_barcode20_f3392d36_eb9b0a06_0.fastq.gz	
ok	831579717	831579717	ONT	NA03986	chip1	s3://lsmc-ssf-sequencing-data/basecalls/lsmc/ssf-hq/pca100/2026/20260522_ONT_4Coriells_chip1/20260522_ONT_4Coriells_chip1/20260522_2252_2B_PBM13545_f3392d36/fastq_pass/barcode20/PBM13545_pass_barcode20_f3392d36_eb9b0a06_1.fastq.gz	
ok	1098992843	1098992843	ONT	NA03986	chip1	s3://lsmc-ssf-sequencing-data/basecalls/lsmc/ssf-hq/pca100/2026/20260522_ONT_4Coriells_chip1/20260522_ONT_4Coriells_chip1/20260522_2252_2B_PBM13545_f3392d36/fastq_pass/barcode20/PBM13545_pass_barcode20_f3392d36_eb9b0a06_10.fastq.gz	
ok	1000531052	1000531052	ONT	NA03986	chip1	s3://lsmc-ssf-sequencing-data/basecalls/lsmc/ssf-hq/pca100/2026/20260522_ONT_4Coriells_chip1/20260522_ONT_4Coriells_chip1/20260522_2252_2B_PBM13545_f3392d36/fastq_pass/barcode20/PBM13545_pass_barcode20_f3392d36_eb9b0a06_11.fastq.gz	
ok	947238146	947238146	ONT	NA03986	chip1	s3://lsmc-ssf-sequencing-data/basecalls/lsmc/ssf-hq/pca100/2026/20260522_ONT_4Coriells_chip1/20260522_ONT_4Coriells_chip1/20260522_2252_2B_PBM13545_f3392d36/fastq_pass/barcode20/PBM13545_pass_barcode20_f3392d36_eb9b0a06_12.fastq.gz	
ok	991273636	991273636	ONT	NA03986	chip1	s3://lsmc-ssf-sequencing-data/basecalls/lsmc/ssf-hq/pca100/2026/20260522_ONT_4Coriells_chip1/20260522_ONT_4Coriells_chip1/20260522_2252_2B_PBM13545_f3392d36/fastq_pass/barcode20/PBM13545_pass_barcode20_f3392d36_eb9b0a06_13.fastq.gz	
ok	967851721	967851721	ONT	NA03986	chip1	s3://lsmc-ssf-sequencing-data/basecalls/lsmc/ssf-hq/pca100/2026/20260522_ONT_4Coriells_chip1/20260522_ONT_4Coriells_chip1/20260522_2252_2B_PBM13545_f3392d36/fastq_pass/barcode20/PBM13545_pass_barcode20_f3392d36_eb9b0a06_14.fastq.gz	
ok	941071203	941071203	ONT	NA03986	chip1	s3://lsmc-ssf-sequencing-data/basecalls/lsmc/ssf-hq/pca100/2026/20260522_ONT_4Coriells_chip1/20260522_ONT_4Coriells_chip1/20260522_2252_2B_PBM13545_f3392d36/fastq_pass/barcode20/PBM13545_pass_barcode20_f3392d36_eb9b0a06_15.fastq.gz	
ok	928971276	928971276	ONT	NA03986	chip1	s3://lsmc-ssf-sequencing-data/basecalls/lsmc/ssf-hq/pca100/2026/20260522_ONT_4Coriells_chip1/20260522_ONT_4Coriells_chip1/20260522_2252_2B_PBM13545_f3392d36/fastq_pass/barcode20/PBM13545_pass_barcode20_f3392d36_eb9b0a06_16.fastq.gz	
ok	853155451	853155451	ONT	NA03986	chip1	s3://lsmc-ssf-sequencing-data/basecalls/lsmc/ssf-hq/pca100/2026/20260522_ONT_4Coriells_chip1/20260522_ONT_4Coriells_chip1/20260522_2252_2B_PBM13545_f3392d36/fastq_pass/barcode20/PBM13545_pass_barcode20_f3392d36_eb9b0a06_17.fastq.gz	
ok	889539987	889539987	ONT	NA03986	chip1	s3://lsmc-ssf-sequencing-data/basecalls/lsmc/ssf-hq/pca100/2026/20260522_ONT_4Coriells_chip1/20260522_ONT_4Coriells_chip1/20260522_2252_2B_PBM13545_f3392d36/fastq_pass/barcode20/PBM13545_pass_barcode20_f3392d36_eb9b0a06_18.fastq.gz	
ok	854820304	854820304	ONT	NA03986	chip1	s3://lsmc-ssf-sequencing-data/basecalls/lsmc/ssf-hq/pca100/2026/20260522_ONT_4Coriells_chip1/20260522_ONT_4Coriells_chip1/20260522_2252_2B_PBM13545_f3392d36/fastq_pass/barcode20/PBM13545_pass_barcode20_f3392d36_eb9b0a06_19.fastq.gz	
ok	1027206847	1027206847	ONT	NA03986	chip1	s3://lsmc-ssf-sequencing-data/basecalls/lsmc/ssf-hq/pca100/2026/20260522_ONT_4Coriells_chip1/20260522_ONT_4Coriells_chip1/20260522_2252_2B_PBM13545_f3392d36/fastq_pass/barcode20/PBM13545_pass_barcode20_f3392d36_eb9b0a06_2.fastq.gz	
ok	799583548	799583548	ONT	NA03986	chip1	s3://lsmc-ssf-sequencing-data/basecalls/lsmc/ssf-hq/pca100/2026/20260522_ONT_4Coriells_chip1/20260522_ONT_4Coriells_chip1/20260522_2252_2B_PBM13545_f3392d36/fastq_pass/barcode20/PBM13545_pass_barcode20_f3392d36_eb9b0a06_20.fastq.gz	
ok	793879744	793879744	ONT	NA03986	chip1	s3://lsmc-ssf-sequencing-data/basecalls/lsmc/ssf-hq/pca100/2026/20260522_ONT_4Coriells_chip1/20260522_ONT_4Coriells_chip1/20260522_2252_2B_PBM13545_f3392d36/fastq_pass/barcode20/PBM13545_pass_barcode20_f3392d36_eb9b0a06_21.fastq.gz	
ok	742427316	742427316	ONT	NA03986	chip1	s3://lsmc-ssf-sequencing-data/basecalls/lsmc/ssf-hq/pca100/2026/20260522_ONT_4Coriells_chip1/20260522_ONT_4Coriells_chip1/20260522_2252_2B_PBM13545_f3392d36/fastq_pass/barcode20/PBM13545_pass_barcode20_f3392d36_eb9b0a06_22.fastq.gz	
ok	741434975	741434975	ONT	NA03986	chip1	s3://lsmc-ssf-sequencing-data/basecalls/lsmc/ssf-hq/pca100/2026/20260522_ONT_4Coriells_chip1/20260522_ONT_4Coriells_chip1/20260522_2252_2B_PBM13545_f3392d36/fastq_pass/barcode20/PBM13545_pass_barcode20_f3392d36_eb9b0a06_23.fastq.gz	
ok	771250046	771250046	ONT	NA03986	chip1	s3://lsmc-ssf-sequencing-data/basecalls/lsmc/ssf-hq/pca100/2026/20260522_ONT_4Coriells_chip1/20260522_ONT_4Coriells_chip1/20260522_2252_2B_PBM13545_f3392d36/fastq_pass/barcode20/PBM13545_pass_barcode20_f3392d36_eb9b0a06_24.fastq.gz	
ok	696053803	696053803	ONT	NA03986	chip1	s3://lsmc-ssf-sequencing-data/basecalls/lsmc/ssf-hq/pca100/2026/20260522_ONT_4Coriells_chip1/20260522_ONT_4Coriells_chip1/20260522_2252_2B_PBM13545_f3392d36/fastq_pass/barcode20/PBM13545_pass_barcode20_f3392d36_eb9b0a06_25.fastq.gz	
ok	666577431	666577431	ONT	NA03986	chip1	s3://lsmc-ssf-sequencing-data/basecalls/lsmc/ssf-hq/pca100/2026/20260522_ONT_4Coriells_chip1/20260522_ONT_4Coriells_chip1/20260522_2252_2B_PBM13545_f3392d36/fastq_pass/barcode20/PBM13545_pass_barcode20_f3392d36_eb9b0a06_26.fastq.gz	
ok	739966511	739966511	ONT	NA03986	chip1	s3://lsmc-ssf-sequencing-data/basecalls/lsmc/ssf-hq/pca100/2026/20260522_ONT_4Coriells_chip1/20260522_ONT_4Coriells_chip1/20260522_2252_2B_PBM13545_f3392d36/fastq_pass/barcode20/PBM13545_pass_barcode20_f3392d36_eb9b0a06_27.fastq.gz	
ok	652368295	652368295	ONT	NA03986	chip1	s3://lsmc-ssf-sequencing-data/basecalls/lsmc/ssf-hq/pca100/2026/20260522_ONT_4Coriells_chip1/20260522_ONT_4Coriells_chip1/20260522_2252_2B_PBM13545_f3392d36/fastq_pass/barcode20/PBM13545_pass_barcode20_f3392d36_eb9b0a06_28.fastq.gz	
ok	638885574	638885574	ONT	NA03986	chip1	s3://lsmc-ssf-sequencing-data/basecalls/lsmc/ssf-hq/pca100/2026/20260522_ONT_4Coriells_chip1/20260522_ONT_4Coriells_chip1/20260522_2252_2B_PBM13545_f3392d36/fastq_pass/barcode20/PBM13545_pass_barcode20_f3392d36_eb9b0a06_29.fastq.gz	
ok	1031913044	1031913044	ONT	NA03986	chip1	s3://lsmc-ssf-sequencing-data/basecalls/lsmc/ssf-hq/pca100/2026/20260522_ONT_4Coriells_chip1/20260522_ONT_4Coriells_chip1/20260522_2252_2B_PBM13545_f3392d36/fastq_pass/barcode20/PBM13545_pass_barcode20_f3392d36_eb9b0a06_3.fastq.gz	
ok	624705647	624705647	ONT	NA03986	chip1	s3://lsmc-ssf-sequencing-data/basecalls/lsmc/ssf-hq/pca100/2026/20260522_ONT_4Coriells_chip1/20260522_ONT_4Coriells_chip1/20260522_2252_2B_PBM13545_f3392d36/fastq_pass/barcode20/PBM13545_pass_barcode20_f3392d36_eb9b0a06_30.fastq.gz	
ok	574600427	574600427	ONT	NA03986	chip1	s3://lsmc-ssf-sequencing-data/basecalls/lsmc/ssf-hq/pca100/2026/20260522_ONT_4Coriells_chip1/20260522_ONT_4Coriells_chip1/20260522_2252_2B_PBM13545_f3392d36/fastq_pass/barcode20/PBM13545_pass_barcode20_f3392d36_eb9b0a06_31.fastq.gz	
ok	619407816	619407816	ONT	NA03986	chip1	s3://lsmc-ssf-sequencing-data/basecalls/lsmc/ssf-hq/pca100/2026/20260522_ONT_4Coriells_chip1/20260522_ONT_4Coriells_chip1/20260522_2252_2B_PBM13545_f3392d36/fastq_pass/barcode20/PBM13545_pass_barcode20_f3392d36_eb9b0a06_32.fastq.gz	
ok	544145699	544145699	ONT	NA03986	chip1	s3://lsmc-ssf-sequencing-data/basecalls/lsmc/ssf-hq/pca100/2026/20260522_ONT_4Coriells_chip1/20260522_ONT_4Coriells_chip1/20260522_2252_2B_PBM13545_f3392d36/fastq_pass/barcode20/PBM13545_pass_barcode20_f3392d36_eb9b0a06_33.fastq.gz	
ok	554523572	554523572	ONT	NA03986	chip1	s3://lsmc-ssf-sequencing-data/basecalls/lsmc/ssf-hq/pca100/2026/20260522_ONT_4Coriells_chip1/20260522_ONT_4Coriells_chip1/20260522_2252_2B_PBM13545_f3392d36/fastq_pass/barcode20/PBM13545_pass_barcode20_f3392d36_eb9b0a06_34.fastq.gz	
ok	523509318	523509318	ONT	NA03986	chip1	s3://lsmc-ssf-sequencing-data/basecalls/lsmc/ssf-hq/pca100/2026/20260522_ONT_4Coriells_chip1/20260522_ONT_4Coriells_chip1/20260522_2252_2B_PBM13545_f3392d36/fastq_pass/barcode20/PBM13545_pass_barcode20_f3392d36_eb9b0a06_35.fastq.gz	
ok	524100568	524100568	ONT	NA03986	chip1	s3://lsmc-ssf-sequencing-data/basecalls/lsmc/ssf-hq/pca100/2026/20260522_ONT_4Coriells_chip1/20260522_ONT_4Coriells_chip1/20260522_2252_2B_PBM13545_f3392d36/fastq_pass/barcode20/PBM13545_pass_barcode20_f3392d36_eb9b0a06_36.fastq.gz	
ok	530329044	530329044	ONT	NA03986	chip1	s3://lsmc-ssf-sequencing-data/basecalls/lsmc/ssf-hq/pca100/2026/20260522_ONT_4Coriells_chip1/20260522_ONT_4Coriells_chip1/20260522_2252_2B_PBM13545_f3392d36/fastq_pass/barcode20/PBM13545_pass_barcode20_f3392d36_eb9b0a06_37.fastq.gz	
ok	504657999	504657999	ONT	NA03986	chip1	s3://lsmc-ssf-sequencing-data/basecalls/lsmc/ssf-hq/pca100/2026/20260522_ONT_4Coriells_chip1/20260522_ONT_4Coriells_chip1/20260522_2252_2B_PBM13545_f3392d36/fastq_pass/barcode20/PBM13545_pass_barcode20_f3392d36_eb9b0a06_38.fastq.gz	
ok	465829386	465829386	ONT	NA03986	chip1	s3://lsmc-ssf-sequencing-data/basecalls/lsmc/ssf-hq/pca100/2026/20260522_ONT_4Coriells_chip1/20260522_ONT_4Coriells_chip1/20260522_2252_2B_PBM13545_f3392d36/fastq_pass/barcode20/PBM13545_pass_barcode20_f3392d36_eb9b0a06_39.fastq.gz	
ok	1070581580	1070581580	ONT	NA03986	chip1	s3://lsmc-ssf-sequencing-data/basecalls/lsmc/ssf-hq/pca100/2026/20260522_ONT_4Coriells_chip1/20260522_ONT_4Coriells_chip1/20260522_2252_2B_PBM13545_f3392d36/fastq_pass/barcode20/PBM13545_pass_barcode20_f3392d36_eb9b0a06_4.fastq.gz	
ok	507733216	507733216	ONT	NA03986	chip1	s3://lsmc-ssf-sequencing-data/basecalls/lsmc/ssf-hq/pca100/2026/20260522_ONT_4Coriells_chip1/20260522_ONT_4Coriells_chip1/20260522_2252_2B_PBM13545_f3392d36/fastq_pass/barcode20/PBM13545_pass_barcode20_f3392d36_eb9b0a06_40.fastq.gz	
ok	444279136	444279136	ONT	NA03986	chip1	s3://lsmc-ssf-sequencing-data/basecalls/lsmc/ssf-hq/pca100/2026/20260522_ONT_4Coriells_chip1/20260522_ONT_4Coriells_chip1/20260522_2252_2B_PBM13545_f3392d36/fastq_pass/barcode20/PBM13545_pass_barcode20_f3392d36_eb9b0a06_41.fastq.gz	
ok	434876837	434876837	ONT	NA03986	chip1	s3://lsmc-ssf-sequencing-data/basecalls/lsmc/ssf-hq/pca100/2026/20260522_ONT_4Coriells_chip1/20260522_ONT_4Coriells_chip1/20260522_2252_2B_PBM13545_f3392d36/fastq_pass/barcode20/PBM13545_pass_barcode20_f3392d36_eb9b0a06_42.fastq.gz	
ok	450240653	450240653	ONT	NA03986	chip1	s3://lsmc-ssf-sequencing-data/basecalls/lsmc/ssf-hq/pca100/2026/20260522_ONT_4Coriells_chip1/20260522_ONT_4Coriells_chip1/20260522_2252_2B_PBM13545_f3392d36/fastq_pass/barcode20/PBM13545_pass_barcode20_f3392d36_eb9b0a06_43.fastq.gz	
ok	408566437	408566437	ONT	NA03986	chip1	s3://lsmc-ssf-sequencing-data/basecalls/lsmc/ssf-hq/pca100/2026/20260522_ONT_4Coriells_chip1/20260522_ONT_4Coriells_chip1/20260522_2252_2B_PBM13545_f3392d36/fastq_pass/barcode20/PBM13545_pass_barcode20_f3392d36_eb9b0a06_44.fastq.gz	
ok	396539399	396539399	ONT	NA03986	chip1	s3://lsmc-ssf-sequencing-data/basecalls/lsmc/ssf-hq/pca100/2026/20260522_ONT_4Coriells_chip1/20260522_ONT_4Coriells_chip1/20260522_2252_2B_PBM13545_f3392d36/fastq_pass/barcode20/PBM13545_pass_barcode20_f3392d36_eb9b0a06_45.fastq.gz	
ok	355851180	355851180	ONT	NA03986	chip1	s3://lsmc-ssf-sequencing-data/basecalls/lsmc/ssf-hq/pca100/2026/20260522_ONT_4Coriells_chip1/20260522_ONT_4Coriells_chip1/20260522_2252_2B_PBM13545_f3392d36/fastq_pass/barcode20/PBM13545_pass_barcode20_f3392d36_eb9b0a06_46.fastq.gz	
ok	359992283	359992283	ONT	NA03986	chip1	s3://lsmc-ssf-sequencing-data/basecalls/lsmc/ssf-hq/pca100/2026/20260522_ONT_4Coriells_chip1/20260522_ONT_4Coriells_chip1/20260522_2252_2B_PBM13545_f3392d36/fastq_pass/barcode20/PBM13545_pass_barcode20_f3392d36_eb9b0a06_47.fastq.gz	
ok	395239257	395239257	ONT	NA03986	chip1	s3://lsmc-ssf-sequencing-data/basecalls/lsmc/ssf-hq/pca100/2026/20260522_ONT_4Coriells_chip1/20260522_ONT_4Coriells_chip1/20260522_2252_2B_PBM13545_f3392d36/fastq_pass/barcode20/PBM13545_pass_barcode20_f3392d36_eb9b0a06_48.fastq.gz	
ok	338494006	338494006	ONT	NA03986	chip1	s3://lsmc-ssf-sequencing-data/basecalls/lsmc/ssf-hq/pca100/2026/20260522_ONT_4Coriells_chip1/20260522_ONT_4Coriells_chip1/20260522_2252_2B_PBM13545_f3392d36/fastq_pass/barcode20/PBM13545_pass_barcode20_f3392d36_eb9b0a06_49.fastq.gz	
ok	1107422795	1107422795	ONT	NA03986	chip1	s3://lsmc-ssf-sequencing-data/basecalls/lsmc/ssf-hq/pca100/2026/20260522_ONT_4Coriells_chip1/20260522_ONT_4Coriells_chip1/20260522_2252_2B_PBM13545_f3392d36/fastq_pass/barcode20/PBM13545_pass_barcode20_f3392d36_eb9b0a06_5.fastq.gz	
ok	317898324	317898324	ONT	NA03986	chip1	s3://lsmc-ssf-sequencing-data/basecalls/lsmc/ssf-hq/pca100/2026/20260522_ONT_4Coriells_chip1/20260522_ONT_4Coriells_chip1/20260522_2252_2B_PBM13545_f3392d36/fastq_pass/barcode20/PBM13545_pass_barcode20_f3392d36_eb9b0a06_50.fastq.gz	
ok	310569264	310569264	ONT	NA03986	chip1	s3://lsmc-ssf-sequencing-data/basecalls/lsmc/ssf-hq/pca100/2026/20260522_ONT_4Coriells_chip1/20260522_ONT_4Coriells_chip1/20260522_2252_2B_PBM13545_f3392d36/fastq_pass/barcode20/PBM13545_pass_barcode20_f3392d36_eb9b0a06_51.fastq.gz	
ok	297049201	297049201	ONT	NA03986	chip1	s3://lsmc-ssf-sequencing-data/basecalls/lsmc/ssf-hq/pca100/2026/20260522_ONT_4Coriells_chip1/20260522_ONT_4Coriells_chip1/20260522_2252_2B_PBM13545_f3392d36/fastq_pass/barcode20/PBM13545_pass_barcode20_f3392d36_eb9b0a06_52.fastq.gz	
ok	352674966	352674966	ONT	NA03986	chip1	s3://lsmc-ssf-sequencing-data/basecalls/lsmc/ssf-hq/pca100/2026/20260522_ONT_4Coriells_chip1/20260522_ONT_4Coriells_chip1/20260522_2252_2B_PBM13545_f3392d36/fastq_pass/barcode20/PBM13545_pass_barcode20_f3392d36_eb9b0a06_53.fastq.gz	
ok	293337412	293337412	ONT	NA03986	chip1	s3://lsmc-ssf-sequencing-data/basecalls/lsmc/ssf-hq/pca100/2026/20260522_ONT_4Coriells_chip1/20260522_ONT_4Coriells_chip1/20260522_2252_2B_PBM13545_f3392d36/fastq_pass/barcode20/PBM13545_pass_barcode20_f3392d36_eb9b0a06_54.fastq.gz	
ok	277343873	277343873	ONT	NA03986	chip1	s3://lsmc-ssf-sequencing-data/basecalls/lsmc/ssf-hq/pca100/2026/20260522_ONT_4Coriells_chip1/20260522_ONT_4Coriells_chip1/20260522_2252_2B_PBM13545_f3392d36/fastq_pass/barcode20/PBM13545_pass_barcode20_f3392d36_eb9b0a06_55.fastq.gz	
ok	267696230	267696230	ONT	NA03986	chip1	s3://lsmc-ssf-sequencing-data/basecalls/lsmc/ssf-hq/pca100/2026/20260522_ONT_4Coriells_chip1/20260522_ONT_4Coriells_chip1/20260522_2252_2B_PBM13545_f3392d36/fastq_pass/barcode20/PBM13545_pass_barcode20_f3392d36_eb9b0a06_56.fastq.gz	
ok	281409693	281409693	ONT	NA03986	chip1	s3://lsmc-ssf-sequencing-data/basecalls/lsmc/ssf-hq/pca100/2026/20260522_ONT_4Coriells_chip1/20260522_ONT_4Coriells_chip1/20260522_2252_2B_PBM13545_f3392d36/fastq_pass/barcode20/PBM13545_pass_barcode20_f3392d36_eb9b0a06_57.fastq.gz	
ok	284752779	284752779	ONT	NA03986	chip1	s3://lsmc-ssf-sequencing-data/basecalls/lsmc/ssf-hq/pca100/2026/20260522_ONT_4Coriells_chip1/20260522_ONT_4Coriells_chip1/20260522_2252_2B_PBM13545_f3392d36/fastq_pass/barcode20/PBM13545_pass_barcode20_f3392d36_eb9b0a06_58.fastq.gz	
ok	233764871	233764871	ONT	NA03986	chip1	s3://lsmc-ssf-sequencing-data/basecalls/lsmc/ssf-hq/pca100/2026/20260522_ONT_4Coriells_chip1/20260522_ONT_4Coriells_chip1/20260522_2252_2B_PBM13545_f3392d36/fastq_pass/barcode20/PBM13545_pass_barcode20_f3392d36_eb9b0a06_59.fastq.gz	
ok	1070304628	1070304628	ONT	NA03986	chip1	s3://lsmc-ssf-sequencing-data/basecalls/lsmc/ssf-hq/pca100/2026/20260522_ONT_4Coriells_chip1/20260522_ONT_4Coriells_chip1/20260522_2252_2B_PBM13545_f3392d36/fastq_pass/barcode20/PBM13545_pass_barcode20_f3392d36_eb9b0a06_6.fastq.gz	
ok	219272991	219272991	ONT	NA03986	chip1	s3://lsmc-ssf-sequencing-data/basecalls/lsmc/ssf-hq/pca100/2026/20260522_ONT_4Coriells_chip1/20260522_ONT_4Coriells_chip1/20260522_2252_2B_PBM13545_f3392d36/fastq_pass/barcode20/PBM13545_pass_barcode20_f3392d36_eb9b0a06_60.fastq.gz	
ok	245858761	245858761	ONT	NA03986	chip1	s3://lsmc-ssf-sequencing-data/basecalls/lsmc/ssf-hq/pca100/2026/20260522_ONT_4Coriells_chip1/20260522_ONT_4Coriells_chip1/20260522_2252_2B_PBM13545_f3392d36/fastq_pass/barcode20/PBM13545_pass_barcode20_f3392d36_eb9b0a06_61.fastq.gz	
ok	184791593	184791593	ONT	NA03986	chip1	s3://lsmc-ssf-sequencing-data/basecalls/lsmc/ssf-hq/pca100/2026/20260522_ONT_4Coriells_chip1/20260522_ONT_4Coriells_chip1/20260522_2252_2B_PBM13545_f3392d36/fastq_pass/barcode20/PBM13545_pass_barcode20_f3392d36_eb9b0a06_62.fastq.gz	
ok	180544157	180544157	ONT	NA03986	chip1	s3://lsmc-ssf-sequencing-data/basecalls/lsmc/ssf-hq/pca100/2026/20260522_ONT_4Coriells_chip1/20260522_ONT_4Coriells_chip1/20260522_2252_2B_PBM13545_f3392d36/fastq_pass/barcode20/PBM13545_pass_barcode20_f3392d36_eb9b0a06_63.fastq.gz	
ok	179342756	179342756	ONT	NA03986	chip1	s3://lsmc-ssf-sequencing-data/basecalls/lsmc/ssf-hq/pca100/2026/20260522_ONT_4Coriells_chip1/20260522_ONT_4Coriells_chip1/20260522_2252_2B_PBM13545_f3392d36/fastq_pass/barcode20/PBM13545_pass_barcode20_f3392d36_eb9b0a06_64.fastq.gz	
ok	119267389	119267389	ONT	NA03986	chip1	s3://lsmc-ssf-sequencing-data/basecalls/lsmc/ssf-hq/pca100/2026/20260522_ONT_4Coriells_chip1/20260522_ONT_4Coriells_chip1/20260522_2252_2B_PBM13545_f3392d36/fastq_pass/barcode20/PBM13545_pass_barcode20_f3392d36_eb9b0a06_65.fastq.gz	
ok	96243090	96243090	ONT	NA03986	chip1	s3://lsmc-ssf-sequencing-data/basecalls/lsmc/ssf-hq/pca100/2026/20260522_ONT_4Coriells_chip1/20260522_ONT_4Coriells_chip1/20260522_2252_2B_PBM13545_f3392d36/fastq_pass/barcode20/PBM13545_pass_barcode20_f3392d36_eb9b0a06_66.fastq.gz	
ok	109899433	109899433	ONT	NA03986	chip1	s3://lsmc-ssf-sequencing-data/basecalls/lsmc/ssf-hq/pca100/2026/20260522_ONT_4Coriells_chip1/20260522_ONT_4Coriells_chip1/20260522_2252_2B_PBM13545_f3392d36/fastq_pass/barcode20/PBM13545_pass_barcode20_f3392d36_eb9b0a06_67.fastq.gz	
ok	88997069	88997069	ONT	NA03986	chip1	s3://lsmc-ssf-sequencing-data/basecalls/lsmc/ssf-hq/pca100/2026/20260522_ONT_4Coriells_chip1/20260522_ONT_4Coriells_chip1/20260522_2252_2B_PBM13545_f3392d36/fastq_pass/barcode20/PBM13545_pass_barcode20_f3392d36_eb9b0a06_68.fastq.gz	
ok	90769330	90769330	ONT	NA03986	chip1	s3://lsmc-ssf-sequencing-data/basecalls/lsmc/ssf-hq/pca100/2026/20260522_ONT_4Coriells_chip1/20260522_ONT_4Coriells_chip1/20260522_2252_2B_PBM13545_f3392d36/fastq_pass/barcode20/PBM13545_pass_barcode20_f3392d36_eb9b0a06_69.fastq.gz	
ok	1110366194	1110366194	ONT	NA03986	chip1	s3://lsmc-ssf-sequencing-data/basecalls/lsmc/ssf-hq/pca100/2026/20260522_ONT_4Coriells_chip1/20260522_ONT_4Coriells_chip1/20260522_2252_2B_PBM13545_f3392d36/fastq_pass/barcode20/PBM13545_pass_barcode20_f3392d36_eb9b0a06_7.fastq.gz	
ok	79638303	79638303	ONT	NA03986	chip1	s3://lsmc-ssf-sequencing-data/basecalls/lsmc/ssf-hq/pca100/2026/20260522_ONT_4Coriells_chip1/20260522_ONT_4Coriells_chip1/20260522_2252_2B_PBM13545_f3392d36/fastq_pass/barcode20/PBM13545_pass_barcode20_f3392d36_eb9b0a06_70.fastq.gz	
ok	84101516	84101516	ONT	NA03986	chip1	s3://lsmc-ssf-sequencing-data/basecalls/lsmc/ssf-hq/pca100/2026/20260522_ONT_4Coriells_chip1/20260522_ONT_4Coriells_chip1/20260522_2252_2B_PBM13545_f3392d36/fastq_pass/barcode20/PBM13545_pass_barcode20_f3392d36_eb9b0a06_71.fastq.gz	
ok	9955912	9955912	ONT	NA03986	chip1	s3://lsmc-ssf-sequencing-data/basecalls/lsmc/ssf-hq/pca100/2026/20260522_ONT_4Coriells_chip1/20260522_ONT_4Coriells_chip1/20260522_2252_2B_PBM13545_f3392d36/fastq_pass/barcode20/PBM13545_pass_barcode20_f3392d36_eb9b0a06_72.fastq.gz	
ok	1066338417	1066338417	ONT	NA03986	chip1	s3://lsmc-ssf-sequencing-data/basecalls/lsmc/ssf-hq/pca100/2026/20260522_ONT_4Coriells_chip1/20260522_ONT_4Coriells_chip1/20260522_2252_2B_PBM13545_f3392d36/fastq_pass/barcode20/PBM13545_pass_barcode20_f3392d36_eb9b0a06_8.fastq.gz	
ok	1058561496	1058561496	ONT	NA03986	chip1	s3://lsmc-ssf-sequencing-data/basecalls/lsmc/ssf-hq/pca100/2026/20260522_ONT_4Coriells_chip1/20260522_ONT_4Coriells_chip1/20260522_2252_2B_PBM13545_f3392d36/fastq_pass/barcode20/PBM13545_pass_barcode20_f3392d36_eb9b0a06_9.fastq.gz	
ok	1043669909	1043669909	ONT	NA03986	chip2	s3://lsmc-ssf-sequencing-data/basecalls/lsmc/ssf-hq/pca100/2026/20260522_ONT_4Coriells_chip2/20260522_ONT_4Coriells_chip2/20260523_0038_1C_PBM14931_9bbdbb3f/fastq_pass/barcode20/PBM14931_pass_barcode20_9bbdbb3f_7e492b4e_0.fastq.gz	
ok	1178414573	1178414573	ONT	NA03986	chip2	s3://lsmc-ssf-sequencing-data/basecalls/lsmc/ssf-hq/pca100/2026/20260522_ONT_4Coriells_chip2/20260522_ONT_4Coriells_chip2/20260523_0038_1C_PBM14931_9bbdbb3f/fastq_pass/barcode20/PBM14931_pass_barcode20_9bbdbb3f_7e492b4e_1.fastq.gz	
ok	1135734561	1135734561	ONT	NA03986	chip2	s3://lsmc-ssf-sequencing-data/basecalls/lsmc/ssf-hq/pca100/2026/20260522_ONT_4Coriells_chip2/20260522_ONT_4Coriells_chip2/20260523_0038_1C_PBM14931_9bbdbb3f/fastq_pass/barcode20/PBM14931_pass_barcode20_9bbdbb3f_7e492b4e_10.fastq.gz	
ok	1047645337	1047645337	ONT	NA03986	chip2	s3://lsmc-ssf-sequencing-data/basecalls/lsmc/ssf-hq/pca100/2026/20260522_ONT_4Coriells_chip2/20260522_ONT_4Coriells_chip2/20260523_0038_1C_PBM14931_9bbdbb3f/fastq_pass/barcode20/PBM14931_pass_barcode20_9bbdbb3f_7e492b4e_11.fastq.gz	
ok	1005168944	1005168944	ONT	NA03986	chip2	s3://lsmc-ssf-sequencing-data/basecalls/lsmc/ssf-hq/pca100/2026/20260522_ONT_4Coriells_chip2/20260522_ONT_4Coriells_chip2/20260523_0038_1C_PBM14931_9bbdbb3f/fastq_pass/barcode20/PBM14931_pass_barcode20_9bbdbb3f_7e492b4e_12.fastq.gz	
ok	1086381382	1086381382	ONT	NA03986	chip2	s3://lsmc-ssf-sequencing-data/basecalls/lsmc/ssf-hq/pca100/2026/20260522_ONT_4Coriells_chip2/20260522_ONT_4Coriells_chip2/20260523_0038_1C_PBM14931_9bbdbb3f/fastq_pass/barcode20/PBM14931_pass_barcode20_9bbdbb3f_7e492b4e_13.fastq.gz	
ok	963765918	963765918	ONT	NA03986	chip2	s3://lsmc-ssf-sequencing-data/basecalls/lsmc/ssf-hq/pca100/2026/20260522_ONT_4Coriells_chip2/20260522_ONT_4Coriells_chip2/20260523_0038_1C_PBM14931_9bbdbb3f/fastq_pass/barcode20/PBM14931_pass_barcode20_9bbdbb3f_7e492b4e_14.fastq.gz	
ok	970021767	970021767	ONT	NA03986	chip2	s3://lsmc-ssf-sequencing-data/basecalls/lsmc/ssf-hq/pca100/2026/20260522_ONT_4Coriells_chip2/20260522_ONT_4Coriells_chip2/20260523_0038_1C_PBM14931_9bbdbb3f/fastq_pass/barcode20/PBM14931_pass_barcode20_9bbdbb3f_7e492b4e_15.fastq.gz	
ok	925962415	925962415	ONT	NA03986	chip2	s3://lsmc-ssf-sequencing-data/basecalls/lsmc/ssf-hq/pca100/2026/20260522_ONT_4Coriells_chip2/20260522_ONT_4Coriells_chip2/20260523_0038_1C_PBM14931_9bbdbb3f/fastq_pass/barcode20/PBM14931_pass_barcode20_9bbdbb3f_7e492b4e_16.fastq.gz	
ok	900126701	900126701	ONT	NA03986	chip2	s3://lsmc-ssf-sequencing-data/basecalls/lsmc/ssf-hq/pca100/2026/20260522_ONT_4Coriells_chip2/20260522_ONT_4Coriells_chip2/20260523_0038_1C_PBM14931_9bbdbb3f/fastq_pass/barcode20/PBM14931_pass_barcode20_9bbdbb3f_7e492b4e_17.fastq.gz	
ok	956771396	956771396	ONT	NA03986	chip2	s3://lsmc-ssf-sequencing-data/basecalls/lsmc/ssf-hq/pca100/2026/20260522_ONT_4Coriells_chip2/20260522_ONT_4Coriells_chip2/20260523_0038_1C_PBM14931_9bbdbb3f/fastq_pass/barcode20/PBM14931_pass_barcode20_9bbdbb3f_7e492b4e_18.fastq.gz	
ok	816672684	816672684	ONT	NA03986	chip2	s3://lsmc-ssf-sequencing-data/basecalls/lsmc/ssf-hq/pca100/2026/20260522_ONT_4Coriells_chip2/20260522_ONT_4Coriells_chip2/20260523_0038_1C_PBM14931_9bbdbb3f/fastq_pass/barcode20/PBM14931_pass_barcode20_9bbdbb3f_7e492b4e_19.fastq.gz	
ok	1261142192	1261142192	ONT	NA03986	chip2	s3://lsmc-ssf-sequencing-data/basecalls/lsmc/ssf-hq/pca100/2026/20260522_ONT_4Coriells_chip2/20260522_ONT_4Coriells_chip2/20260523_0038_1C_PBM14931_9bbdbb3f/fastq_pass/barcode20/PBM14931_pass_barcode20_9bbdbb3f_7e492b4e_2.fastq.gz	
ok	825016139	825016139	ONT	NA03986	chip2	s3://lsmc-ssf-sequencing-data/basecalls/lsmc/ssf-hq/pca100/2026/20260522_ONT_4Coriells_chip2/20260522_ONT_4Coriells_chip2/20260523_0038_1C_PBM14931_9bbdbb3f/fastq_pass/barcode20/PBM14931_pass_barcode20_9bbdbb3f_7e492b4e_20.fastq.gz	
ok	804852135	804852135	ONT	NA03986	chip2	s3://lsmc-ssf-sequencing-data/basecalls/lsmc/ssf-hq/pca100/2026/20260522_ONT_4Coriells_chip2/20260522_ONT_4Coriells_chip2/20260523_0038_1C_PBM14931_9bbdbb3f/fastq_pass/barcode20/PBM14931_pass_barcode20_9bbdbb3f_7e492b4e_21.fastq.gz	
ok	772768788	772768788	ONT	NA03986	chip2	s3://lsmc-ssf-sequencing-data/basecalls/lsmc/ssf-hq/pca100/2026/20260522_ONT_4Coriells_chip2/20260522_ONT_4Coriells_chip2/20260523_0038_1C_PBM14931_9bbdbb3f/fastq_pass/barcode20/PBM14931_pass_barcode20_9bbdbb3f_7e492b4e_22.fastq.gz	
ok	762850176	762850176	ONT	NA03986	chip2	s3://lsmc-ssf-sequencing-data/basecalls/lsmc/ssf-hq/pca100/2026/20260522_ONT_4Coriells_chip2/20260522_ONT_4Coriells_chip2/20260523_0038_1C_PBM14931_9bbdbb3f/fastq_pass/barcode20/PBM14931_pass_barcode20_9bbdbb3f_7e492b4e_23.fastq.gz	
ok	762635366	762635366	ONT	NA03986	chip2	s3://lsmc-ssf-sequencing-data/basecalls/lsmc/ssf-hq/pca100/2026/20260522_ONT_4Coriells_chip2/20260522_ONT_4Coriells_chip2/20260523_0038_1C_PBM14931_9bbdbb3f/fastq_pass/barcode20/PBM14931_pass_barcode20_9bbdbb3f_7e492b4e_24.fastq.gz	
ok	698206032	698206032	ONT	NA03986	chip2	s3://lsmc-ssf-sequencing-data/basecalls/lsmc/ssf-hq/pca100/2026/20260522_ONT_4Coriells_chip2/20260522_ONT_4Coriells_chip2/20260523_0038_1C_PBM14931_9bbdbb3f/fastq_pass/barcode20/PBM14931_pass_barcode20_9bbdbb3f_7e492b4e_25.fastq.gz	
ok	680815138	680815138	ONT	NA03986	chip2	s3://lsmc-ssf-sequencing-data/basecalls/lsmc/ssf-hq/pca100/2026/20260522_ONT_4Coriells_chip2/20260522_ONT_4Coriells_chip2/20260523_0038_1C_PBM14931_9bbdbb3f/fastq_pass/barcode20/PBM14931_pass_barcode20_9bbdbb3f_7e492b4e_26.fastq.gz	
ok	690495228	690495228	ONT	NA03986	chip2	s3://lsmc-ssf-sequencing-data/basecalls/lsmc/ssf-hq/pca100/2026/20260522_ONT_4Coriells_chip2/20260522_ONT_4Coriells_chip2/20260523_0038_1C_PBM14931_9bbdbb3f/fastq_pass/barcode20/PBM14931_pass_barcode20_9bbdbb3f_7e492b4e_27.fastq.gz	
ok	666268023	666268023	ONT	NA03986	chip2	s3://lsmc-ssf-sequencing-data/basecalls/lsmc/ssf-hq/pca100/2026/20260522_ONT_4Coriells_chip2/20260522_ONT_4Coriells_chip2/20260523_0038_1C_PBM14931_9bbdbb3f/fastq_pass/barcode20/PBM14931_pass_barcode20_9bbdbb3f_7e492b4e_28.fastq.gz	
ok	648119958	648119958	ONT	NA03986	chip2	s3://lsmc-ssf-sequencing-data/basecalls/lsmc/ssf-hq/pca100/2026/20260522_ONT_4Coriells_chip2/20260522_ONT_4Coriells_chip2/20260523_0038_1C_PBM14931_9bbdbb3f/fastq_pass/barcode20/PBM14931_pass_barcode20_9bbdbb3f_7e492b4e_29.fastq.gz	
ok	1228703928	1228703928	ONT	NA03986	chip2	s3://lsmc-ssf-sequencing-data/basecalls/lsmc/ssf-hq/pca100/2026/20260522_ONT_4Coriells_chip2/20260522_ONT_4Coriells_chip2/20260523_0038_1C_PBM14931_9bbdbb3f/fastq_pass/barcode20/PBM14931_pass_barcode20_9bbdbb3f_7e492b4e_3.fastq.gz	
ok	635380210	635380210	ONT	NA03986	chip2	s3://lsmc-ssf-sequencing-data/basecalls/lsmc/ssf-hq/pca100/2026/20260522_ONT_4Coriells_chip2/20260522_ONT_4Coriells_chip2/20260523_0038_1C_PBM14931_9bbdbb3f/fastq_pass/barcode20/PBM14931_pass_barcode20_9bbdbb3f_7e492b4e_30.fastq.gz	
ok	612204435	612204435	ONT	NA03986	chip2	s3://lsmc-ssf-sequencing-data/basecalls/lsmc/ssf-hq/pca100/2026/20260522_ONT_4Coriells_chip2/20260522_ONT_4Coriells_chip2/20260523_0038_1C_PBM14931_9bbdbb3f/fastq_pass/barcode20/PBM14931_pass_barcode20_9bbdbb3f_7e492b4e_31.fastq.gz	
ok	600297712	600297712	ONT	NA03986	chip2	s3://lsmc-ssf-sequencing-data/basecalls/lsmc/ssf-hq/pca100/2026/20260522_ONT_4Coriells_chip2/20260522_ONT_4Coriells_chip2/20260523_0038_1C_PBM14931_9bbdbb3f/fastq_pass/barcode20/PBM14931_pass_barcode20_9bbdbb3f_7e492b4e_32.fastq.gz	
ok	542390603	542390603	ONT	NA03986	chip2	s3://lsmc-ssf-sequencing-data/basecalls/lsmc/ssf-hq/pca100/2026/20260522_ONT_4Coriells_chip2/20260522_ONT_4Coriells_chip2/20260523_0038_1C_PBM14931_9bbdbb3f/fastq_pass/barcode20/PBM14931_pass_barcode20_9bbdbb3f_7e492b4e_33.fastq.gz	
ok	550301142	550301142	ONT	NA03986	chip2	s3://lsmc-ssf-sequencing-data/basecalls/lsmc/ssf-hq/pca100/2026/20260522_ONT_4Coriells_chip2/20260522_ONT_4Coriells_chip2/20260523_0038_1C_PBM14931_9bbdbb3f/fastq_pass/barcode20/PBM14931_pass_barcode20_9bbdbb3f_7e492b4e_34.fastq.gz	
ok	544246720	544246720	ONT	NA03986	chip2	s3://lsmc-ssf-sequencing-data/basecalls/lsmc/ssf-hq/pca100/2026/20260522_ONT_4Coriells_chip2/20260522_ONT_4Coriells_chip2/20260523_0038_1C_PBM14931_9bbdbb3f/fastq_pass/barcode20/PBM14931_pass_barcode20_9bbdbb3f_7e492b4e_35.fastq.gz	
ok	521253751	521253751	ONT	NA03986	chip2	s3://lsmc-ssf-sequencing-data/basecalls/lsmc/ssf-hq/pca100/2026/20260522_ONT_4Coriells_chip2/20260522_ONT_4Coriells_chip2/20260523_0038_1C_PBM14931_9bbdbb3f/fastq_pass/barcode20/PBM14931_pass_barcode20_9bbdbb3f_7e492b4e_36.fastq.gz	
ok	499374431	499374431	ONT	NA03986	chip2	s3://lsmc-ssf-sequencing-data/basecalls/lsmc/ssf-hq/pca100/2026/20260522_ONT_4Coriells_chip2/20260522_ONT_4Coriells_chip2/20260523_0038_1C_PBM14931_9bbdbb3f/fastq_pass/barcode20/PBM14931_pass_barcode20_9bbdbb3f_7e492b4e_37.fastq.gz	
ok	462932773	462932773	ONT	NA03986	chip2	s3://lsmc-ssf-sequencing-data/basecalls/lsmc/ssf-hq/pca100/2026/20260522_ONT_4Coriells_chip2/20260522_ONT_4Coriells_chip2/20260523_0038_1C_PBM14931_9bbdbb3f/fastq_pass/barcode20/PBM14931_pass_barcode20_9bbdbb3f_7e492b4e_38.fastq.gz	
ok	465919235	465919235	ONT	NA03986	chip2	s3://lsmc-ssf-sequencing-data/basecalls/lsmc/ssf-hq/pca100/2026/20260522_ONT_4Coriells_chip2/20260522_ONT_4Coriells_chip2/20260523_0038_1C_PBM14931_9bbdbb3f/fastq_pass/barcode20/PBM14931_pass_barcode20_9bbdbb3f_7e492b4e_39.fastq.gz	
ok	1206870187	1206870187	ONT	NA03986	chip2	s3://lsmc-ssf-sequencing-data/basecalls/lsmc/ssf-hq/pca100/2026/20260522_ONT_4Coriells_chip2/20260522_ONT_4Coriells_chip2/20260523_0038_1C_PBM14931_9bbdbb3f/fastq_pass/barcode20/PBM14931_pass_barcode20_9bbdbb3f_7e492b4e_4.fastq.gz	
ok	524900263	524900263	ONT	NA03986	chip2	s3://lsmc-ssf-sequencing-data/basecalls/lsmc/ssf-hq/pca100/2026/20260522_ONT_4Coriells_chip2/20260522_ONT_4Coriells_chip2/20260523_0038_1C_PBM14931_9bbdbb3f/fastq_pass/barcode20/PBM14931_pass_barcode20_9bbdbb3f_7e492b4e_40.fastq.gz	
ok	444020340	444020340	ONT	NA03986	chip2	s3://lsmc-ssf-sequencing-data/basecalls/lsmc/ssf-hq/pca100/2026/20260522_ONT_4Coriells_chip2/20260522_ONT_4Coriells_chip2/20260523_0038_1C_PBM14931_9bbdbb3f/fastq_pass/barcode20/PBM14931_pass_barcode20_9bbdbb3f_7e492b4e_41.fastq.gz	
ok	419663169	419663169	ONT	NA03986	chip2	s3://lsmc-ssf-sequencing-data/basecalls/lsmc/ssf-hq/pca100/2026/20260522_ONT_4Coriells_chip2/20260522_ONT_4Coriells_chip2/20260523_0038_1C_PBM14931_9bbdbb3f/fastq_pass/barcode20/PBM14931_pass_barcode20_9bbdbb3f_7e492b4e_42.fastq.gz	
ok	436161625	436161625	ONT	NA03986	chip2	s3://lsmc-ssf-sequencing-data/basecalls/lsmc/ssf-hq/pca100/2026/20260522_ONT_4Coriells_chip2/20260522_ONT_4Coriells_chip2/20260523_0038_1C_PBM14931_9bbdbb3f/fastq_pass/barcode20/PBM14931_pass_barcode20_9bbdbb3f_7e492b4e_43.fastq.gz	
ok	411244819	411244819	ONT	NA03986	chip2	s3://lsmc-ssf-sequencing-data/basecalls/lsmc/ssf-hq/pca100/2026/20260522_ONT_4Coriells_chip2/20260522_ONT_4Coriells_chip2/20260523_0038_1C_PBM14931_9bbdbb3f/fastq_pass/barcode20/PBM14931_pass_barcode20_9bbdbb3f_7e492b4e_44.fastq.gz	
ok	420475599	420475599	ONT	NA03986	chip2	s3://lsmc-ssf-sequencing-data/basecalls/lsmc/ssf-hq/pca100/2026/20260522_ONT_4Coriells_chip2/20260522_ONT_4Coriells_chip2/20260523_0038_1C_PBM14931_9bbdbb3f/fastq_pass/barcode20/PBM14931_pass_barcode20_9bbdbb3f_7e492b4e_45.fastq.gz	
ok	376328037	376328037	ONT	NA03986	chip2	s3://lsmc-ssf-sequencing-data/basecalls/lsmc/ssf-hq/pca100/2026/20260522_ONT_4Coriells_chip2/20260522_ONT_4Coriells_chip2/20260523_0038_1C_PBM14931_9bbdbb3f/fastq_pass/barcode20/PBM14931_pass_barcode20_9bbdbb3f_7e492b4e_46.fastq.gz	
ok	355075437	355075437	ONT	NA03986	chip2	s3://lsmc-ssf-sequencing-data/basecalls/lsmc/ssf-hq/pca100/2026/20260522_ONT_4Coriells_chip2/20260522_ONT_4Coriells_chip2/20260523_0038_1C_PBM14931_9bbdbb3f/fastq_pass/barcode20/PBM14931_pass_barcode20_9bbdbb3f_7e492b4e_47.fastq.gz	
ok	348753032	348753032	ONT	NA03986	chip2	s3://lsmc-ssf-sequencing-data/basecalls/lsmc/ssf-hq/pca100/2026/20260522_ONT_4Coriells_chip2/20260522_ONT_4Coriells_chip2/20260523_0038_1C_PBM14931_9bbdbb3f/fastq_pass/barcode20/PBM14931_pass_barcode20_9bbdbb3f_7e492b4e_48.fastq.gz	
ok	335389983	335389983	ONT	NA03986	chip2	s3://lsmc-ssf-sequencing-data/basecalls/lsmc/ssf-hq/pca100/2026/20260522_ONT_4Coriells_chip2/20260522_ONT_4Coriells_chip2/20260523_0038_1C_PBM14931_9bbdbb3f/fastq_pass/barcode20/PBM14931_pass_barcode20_9bbdbb3f_7e492b4e_49.fastq.gz	
ok	1215165486	1215165486	ONT	NA03986	chip2	s3://lsmc-ssf-sequencing-data/basecalls/lsmc/ssf-hq/pca100/2026/20260522_ONT_4Coriells_chip2/20260522_ONT_4Coriells_chip2/20260523_0038_1C_PBM14931_9bbdbb3f/fastq_pass/barcode20/PBM14931_pass_barcode20_9bbdbb3f_7e492b4e_5.fastq.gz	
ok	320237373	320237373	ONT	NA03986	chip2	s3://lsmc-ssf-sequencing-data/basecalls/lsmc/ssf-hq/pca100/2026/20260522_ONT_4Coriells_chip2/20260522_ONT_4Coriells_chip2/20260523_0038_1C_PBM14931_9bbdbb3f/fastq_pass/barcode20/PBM14931_pass_barcode20_9bbdbb3f_7e492b4e_50.fastq.gz	
ok	325688798	325688798	ONT	NA03986	chip2	s3://lsmc-ssf-sequencing-data/basecalls/lsmc/ssf-hq/pca100/2026/20260522_ONT_4Coriells_chip2/20260522_ONT_4Coriells_chip2/20260523_0038_1C_PBM14931_9bbdbb3f/fastq_pass/barcode20/PBM14931_pass_barcode20_9bbdbb3f_7e492b4e_51.fastq.gz	
ok	289950349	289950349	ONT	NA03986	chip2	s3://lsmc-ssf-sequencing-data/basecalls/lsmc/ssf-hq/pca100/2026/20260522_ONT_4Coriells_chip2/20260522_ONT_4Coriells_chip2/20260523_0038_1C_PBM14931_9bbdbb3f/fastq_pass/barcode20/PBM14931_pass_barcode20_9bbdbb3f_7e492b4e_52.fastq.gz	
ok	280191092	280191092	ONT	NA03986	chip2	s3://lsmc-ssf-sequencing-data/basecalls/lsmc/ssf-hq/pca100/2026/20260522_ONT_4Coriells_chip2/20260522_ONT_4Coriells_chip2/20260523_0038_1C_PBM14931_9bbdbb3f/fastq_pass/barcode20/PBM14931_pass_barcode20_9bbdbb3f_7e492b4e_53.fastq.gz	
ok	286388217	286388217	ONT	NA03986	chip2	s3://lsmc-ssf-sequencing-data/basecalls/lsmc/ssf-hq/pca100/2026/20260522_ONT_4Coriells_chip2/20260522_ONT_4Coriells_chip2/20260523_0038_1C_PBM14931_9bbdbb3f/fastq_pass/barcode20/PBM14931_pass_barcode20_9bbdbb3f_7e492b4e_54.fastq.gz	
ok	253649324	253649324	ONT	NA03986	chip2	s3://lsmc-ssf-sequencing-data/basecalls/lsmc/ssf-hq/pca100/2026/20260522_ONT_4Coriells_chip2/20260522_ONT_4Coriells_chip2/20260523_0038_1C_PBM14931_9bbdbb3f/fastq_pass/barcode20/PBM14931_pass_barcode20_9bbdbb3f_7e492b4e_55.fastq.gz	
ok	258588467	258588467	ONT	NA03986	chip2	s3://lsmc-ssf-sequencing-data/basecalls/lsmc/ssf-hq/pca100/2026/20260522_ONT_4Coriells_chip2/20260522_ONT_4Coriells_chip2/20260523_0038_1C_PBM14931_9bbdbb3f/fastq_pass/barcode20/PBM14931_pass_barcode20_9bbdbb3f_7e492b4e_56.fastq.gz	
ok	227831777	227831777	ONT	NA03986	chip2	s3://lsmc-ssf-sequencing-data/basecalls/lsmc/ssf-hq/pca100/2026/20260522_ONT_4Coriells_chip2/20260522_ONT_4Coriells_chip2/20260523_0038_1C_PBM14931_9bbdbb3f/fastq_pass/barcode20/PBM14931_pass_barcode20_9bbdbb3f_7e492b4e_57.fastq.gz	
ok	204201234	204201234	ONT	NA03986	chip2	s3://lsmc-ssf-sequencing-data/basecalls/lsmc/ssf-hq/pca100/2026/20260522_ONT_4Coriells_chip2/20260522_ONT_4Coriells_chip2/20260523_0038_1C_PBM14931_9bbdbb3f/fastq_pass/barcode20/PBM14931_pass_barcode20_9bbdbb3f_7e492b4e_58.fastq.gz	
ok	217246985	217246985	ONT	NA03986	chip2	s3://lsmc-ssf-sequencing-data/basecalls/lsmc/ssf-hq/pca100/2026/20260522_ONT_4Coriells_chip2/20260522_ONT_4Coriells_chip2/20260523_0038_1C_PBM14931_9bbdbb3f/fastq_pass/barcode20/PBM14931_pass_barcode20_9bbdbb3f_7e492b4e_59.fastq.gz	
ok	1186109833	1186109833	ONT	NA03986	chip2	s3://lsmc-ssf-sequencing-data/basecalls/lsmc/ssf-hq/pca100/2026/20260522_ONT_4Coriells_chip2/20260522_ONT_4Coriells_chip2/20260523_0038_1C_PBM14931_9bbdbb3f/fastq_pass/barcode20/PBM14931_pass_barcode20_9bbdbb3f_7e492b4e_6.fastq.gz	
ok	160622887	160622887	ONT	NA03986	chip2	s3://lsmc-ssf-sequencing-data/basecalls/lsmc/ssf-hq/pca100/2026/20260522_ONT_4Coriells_chip2/20260522_ONT_4Coriells_chip2/20260523_0038_1C_PBM14931_9bbdbb3f/fastq_pass/barcode20/PBM14931_pass_barcode20_9bbdbb3f_7e492b4e_60.fastq.gz	
ok	146846443	146846443	ONT	NA03986	chip2	s3://lsmc-ssf-sequencing-data/basecalls/lsmc/ssf-hq/pca100/2026/20260522_ONT_4Coriells_chip2/20260522_ONT_4Coriells_chip2/20260523_0038_1C_PBM14931_9bbdbb3f/fastq_pass/barcode20/PBM14931_pass_barcode20_9bbdbb3f_7e492b4e_61.fastq.gz	
ok	149300265	149300265	ONT	NA03986	chip2	s3://lsmc-ssf-sequencing-data/basecalls/lsmc/ssf-hq/pca100/2026/20260522_ONT_4Coriells_chip2/20260522_ONT_4Coriells_chip2/20260523_0038_1C_PBM14931_9bbdbb3f/fastq_pass/barcode20/PBM14931_pass_barcode20_9bbdbb3f_7e492b4e_62.fastq.gz	
ok	125180769	125180769	ONT	NA03986	chip2	s3://lsmc-ssf-sequencing-data/basecalls/lsmc/ssf-hq/pca100/2026/20260522_ONT_4Coriells_chip2/20260522_ONT_4Coriells_chip2/20260523_0038_1C_PBM14931_9bbdbb3f/fastq_pass/barcode20/PBM14931_pass_barcode20_9bbdbb3f_7e492b4e_63.fastq.gz	
ok	110366604	110366604	ONT	NA03986	chip2	s3://lsmc-ssf-sequencing-data/basecalls/lsmc/ssf-hq/pca100/2026/20260522_ONT_4Coriells_chip2/20260522_ONT_4Coriells_chip2/20260523_0038_1C_PBM14931_9bbdbb3f/fastq_pass/barcode20/PBM14931_pass_barcode20_9bbdbb3f_7e492b4e_64.fastq.gz	
ok	95395590	95395590	ONT	NA03986	chip2	s3://lsmc-ssf-sequencing-data/basecalls/lsmc/ssf-hq/pca100/2026/20260522_ONT_4Coriells_chip2/20260522_ONT_4Coriells_chip2/20260523_0038_1C_PBM14931_9bbdbb3f/fastq_pass/barcode20/PBM14931_pass_barcode20_9bbdbb3f_7e492b4e_65.fastq.gz	
ok	87691897	87691897	ONT	NA03986	chip2	s3://lsmc-ssf-sequencing-data/basecalls/lsmc/ssf-hq/pca100/2026/20260522_ONT_4Coriells_chip2/20260522_ONT_4Coriells_chip2/20260523_0038_1C_PBM14931_9bbdbb3f/fastq_pass/barcode20/PBM14931_pass_barcode20_9bbdbb3f_7e492b4e_66.fastq.gz	
ok	92083148	92083148	ONT	NA03986	chip2	s3://lsmc-ssf-sequencing-data/basecalls/lsmc/ssf-hq/pca100/2026/20260522_ONT_4Coriells_chip2/20260522_ONT_4Coriells_chip2/20260523_0038_1C_PBM14931_9bbdbb3f/fastq_pass/barcode20/PBM14931_pass_barcode20_9bbdbb3f_7e492b4e_67.fastq.gz	
ok	73088949	73088949	ONT	NA03986	chip2	s3://lsmc-ssf-sequencing-data/basecalls/lsmc/ssf-hq/pca100/2026/20260522_ONT_4Coriells_chip2/20260522_ONT_4Coriells_chip2/20260523_0038_1C_PBM14931_9bbdbb3f/fastq_pass/barcode20/PBM14931_pass_barcode20_9bbdbb3f_7e492b4e_68.fastq.gz	
ok	69743382	69743382	ONT	NA03986	chip2	s3://lsmc-ssf-sequencing-data/basecalls/lsmc/ssf-hq/pca100/2026/20260522_ONT_4Coriells_chip2/20260522_ONT_4Coriells_chip2/20260523_0038_1C_PBM14931_9bbdbb3f/fastq_pass/barcode20/PBM14931_pass_barcode20_9bbdbb3f_7e492b4e_69.fastq.gz	
ok	1186724630	1186724630	ONT	NA03986	chip2	s3://lsmc-ssf-sequencing-data/basecalls/lsmc/ssf-hq/pca100/2026/20260522_ONT_4Coriells_chip2/20260522_ONT_4Coriells_chip2/20260523_0038_1C_PBM14931_9bbdbb3f/fastq_pass/barcode20/PBM14931_pass_barcode20_9bbdbb3f_7e492b4e_7.fastq.gz	
ok	67757195	67757195	ONT	NA03986	chip2	s3://lsmc-ssf-sequencing-data/basecalls/lsmc/ssf-hq/pca100/2026/20260522_ONT_4Coriells_chip2/20260522_ONT_4Coriells_chip2/20260523_0038_1C_PBM14931_9bbdbb3f/fastq_pass/barcode20/PBM14931_pass_barcode20_9bbdbb3f_7e492b4e_70.fastq.gz	
ok	58132192	58132192	ONT	NA03986	chip2	s3://lsmc-ssf-sequencing-data/basecalls/lsmc/ssf-hq/pca100/2026/20260522_ONT_4Coriells_chip2/20260522_ONT_4Coriells_chip2/20260523_0038_1C_PBM14931_9bbdbb3f/fastq_pass/barcode20/PBM14931_pass_barcode20_9bbdbb3f_7e492b4e_71.fastq.gz	
ok	2043381	2043381	ONT	NA03986	chip2	s3://lsmc-ssf-sequencing-data/basecalls/lsmc/ssf-hq/pca100/2026/20260522_ONT_4Coriells_chip2/20260522_ONT_4Coriells_chip2/20260523_0038_1C_PBM14931_9bbdbb3f/fastq_pass/barcode20/PBM14931_pass_barcode20_9bbdbb3f_7e492b4e_72.fastq.gz	
ok	1151402548	1151402548	ONT	NA03986	chip2	s3://lsmc-ssf-sequencing-data/basecalls/lsmc/ssf-hq/pca100/2026/20260522_ONT_4Coriells_chip2/20260522_ONT_4Coriells_chip2/20260523_0038_1C_PBM14931_9bbdbb3f/fastq_pass/barcode20/PBM14931_pass_barcode20_9bbdbb3f_7e492b4e_8.fastq.gz	
ok	1102987898	1102987898	ONT	NA03986	chip2	s3://lsmc-ssf-sequencing-data/basecalls/lsmc/ssf-hq/pca100/2026/20260522_ONT_4Coriells_chip2/20260522_ONT_4Coriells_chip2/20260523_0038_1C_PBM14931_9bbdbb3f/fastq_pass/barcode20/PBM14931_pass_barcode20_9bbdbb3f_7e492b4e_9.fastq.gz	
ok	991862719	991862719	ONT	NA03986	chip4	s3://lsmc-ssf-sequencing-data/basecalls/lsmc/ssf-hq/pca100/2026/20260522_ONT_4Coriells_chip4/20260522_ONT_4Coriells_chip4/20260523_0039_3E_PBM13048_8867cb21/fastq_pass/barcode20/PBM13048_pass_barcode20_8867cb21_f20c3bb7_0.fastq.gz	
ok	1150961439	1150961439	ONT	NA03986	chip4	s3://lsmc-ssf-sequencing-data/basecalls/lsmc/ssf-hq/pca100/2026/20260522_ONT_4Coriells_chip4/20260522_ONT_4Coriells_chip4/20260523_0039_3E_PBM13048_8867cb21/fastq_pass/barcode20/PBM13048_pass_barcode20_8867cb21_f20c3bb7_1.fastq.gz	
ok	1053838288	1053838288	ONT	NA03986	chip4	s3://lsmc-ssf-sequencing-data/basecalls/lsmc/ssf-hq/pca100/2026/20260522_ONT_4Coriells_chip4/20260522_ONT_4Coriells_chip4/20260523_0039_3E_PBM13048_8867cb21/fastq_pass/barcode20/PBM13048_pass_barcode20_8867cb21_f20c3bb7_10.fastq.gz	
ok	1022980730	1022980730	ONT	NA03986	chip4	s3://lsmc-ssf-sequencing-data/basecalls/lsmc/ssf-hq/pca100/2026/20260522_ONT_4Coriells_chip4/20260522_ONT_4Coriells_chip4/20260523_0039_3E_PBM13048_8867cb21/fastq_pass/barcode20/PBM13048_pass_barcode20_8867cb21_f20c3bb7_11.fastq.gz	
ok	980133989	980133989	ONT	NA03986	chip4	s3://lsmc-ssf-sequencing-data/basecalls/lsmc/ssf-hq/pca100/2026/20260522_ONT_4Coriells_chip4/20260522_ONT_4Coriells_chip4/20260523_0039_3E_PBM13048_8867cb21/fastq_pass/barcode20/PBM13048_pass_barcode20_8867cb21_f20c3bb7_12.fastq.gz	
ok	1009929805	1009929805	ONT	NA03986	chip4	s3://lsmc-ssf-sequencing-data/basecalls/lsmc/ssf-hq/pca100/2026/20260522_ONT_4Coriells_chip4/20260522_ONT_4Coriells_chip4/20260523_0039_3E_PBM13048_8867cb21/fastq_pass/barcode20/PBM13048_pass_barcode20_8867cb21_f20c3bb7_13.fastq.gz	
ok	930927943	930927943	ONT	NA03986	chip4	s3://lsmc-ssf-sequencing-data/basecalls/lsmc/ssf-hq/pca100/2026/20260522_ONT_4Coriells_chip4/20260522_ONT_4Coriells_chip4/20260523_0039_3E_PBM13048_8867cb21/fastq_pass/barcode20/PBM13048_pass_barcode20_8867cb21_f20c3bb7_14.fastq.gz	
ok	906674398	906674398	ONT	NA03986	chip4	s3://lsmc-ssf-sequencing-data/basecalls/lsmc/ssf-hq/pca100/2026/20260522_ONT_4Coriells_chip4/20260522_ONT_4Coriells_chip4/20260523_0039_3E_PBM13048_8867cb21/fastq_pass/barcode20/PBM13048_pass_barcode20_8867cb21_f20c3bb7_15.fastq.gz	
ok	914898716	914898716	ONT	NA03986	chip4	s3://lsmc-ssf-sequencing-data/basecalls/lsmc/ssf-hq/pca100/2026/20260522_ONT_4Coriells_chip4/20260522_ONT_4Coriells_chip4/20260523_0039_3E_PBM13048_8867cb21/fastq_pass/barcode20/PBM13048_pass_barcode20_8867cb21_f20c3bb7_16.fastq.gz	
ok	835621011	835621011	ONT	NA03986	chip4	s3://lsmc-ssf-sequencing-data/basecalls/lsmc/ssf-hq/pca100/2026/20260522_ONT_4Coriells_chip4/20260522_ONT_4Coriells_chip4/20260523_0039_3E_PBM13048_8867cb21/fastq_pass/barcode20/PBM13048_pass_barcode20_8867cb21_f20c3bb7_17.fastq.gz	
ok	853026004	853026004	ONT	NA03986	chip4	s3://lsmc-ssf-sequencing-data/basecalls/lsmc/ssf-hq/pca100/2026/20260522_ONT_4Coriells_chip4/20260522_ONT_4Coriells_chip4/20260523_0039_3E_PBM13048_8867cb21/fastq_pass/barcode20/PBM13048_pass_barcode20_8867cb21_f20c3bb7_18.fastq.gz	
ok	831822136	831822136	ONT	NA03986	chip4	s3://lsmc-ssf-sequencing-data/basecalls/lsmc/ssf-hq/pca100/2026/20260522_ONT_4Coriells_chip4/20260522_ONT_4Coriells_chip4/20260523_0039_3E_PBM13048_8867cb21/fastq_pass/barcode20/PBM13048_pass_barcode20_8867cb21_f20c3bb7_19.fastq.gz	
ok	1218163160	1218163160	ONT	NA03986	chip4	s3://lsmc-ssf-sequencing-data/basecalls/lsmc/ssf-hq/pca100/2026/20260522_ONT_4Coriells_chip4/20260522_ONT_4Coriells_chip4/20260523_0039_3E_PBM13048_8867cb21/fastq_pass/barcode20/PBM13048_pass_barcode20_8867cb21_f20c3bb7_2.fastq.gz	
ok	792624509	792624509	ONT	NA03986	chip4	s3://lsmc-ssf-sequencing-data/basecalls/lsmc/ssf-hq/pca100/2026/20260522_ONT_4Coriells_chip4/20260522_ONT_4Coriells_chip4/20260523_0039_3E_PBM13048_8867cb21/fastq_pass/barcode20/PBM13048_pass_barcode20_8867cb21_f20c3bb7_20.fastq.gz	
ok	760771706	760771706	ONT	NA03986	chip4	s3://lsmc-ssf-sequencing-data/basecalls/lsmc/ssf-hq/pca100/2026/20260522_ONT_4Coriells_chip4/20260522_ONT_4Coriells_chip4/20260523_0039_3E_PBM13048_8867cb21/fastq_pass/barcode20/PBM13048_pass_barcode20_8867cb21_f20c3bb7_21.fastq.gz	
ok	723491060	723491060	ONT	NA03986	chip4	s3://lsmc-ssf-sequencing-data/basecalls/lsmc/ssf-hq/pca100/2026/20260522_ONT_4Coriells_chip4/20260522_ONT_4Coriells_chip4/20260523_0039_3E_PBM13048_8867cb21/fastq_pass/barcode20/PBM13048_pass_barcode20_8867cb21_f20c3bb7_22.fastq.gz	
ok	704841385	704841385	ONT	NA03986	chip4	s3://lsmc-ssf-sequencing-data/basecalls/lsmc/ssf-hq/pca100/2026/20260522_ONT_4Coriells_chip4/20260522_ONT_4Coriells_chip4/20260523_0039_3E_PBM13048_8867cb21/fastq_pass/barcode20/PBM13048_pass_barcode20_8867cb21_f20c3bb7_23.fastq.gz	
ok	688032689	688032689	ONT	NA03986	chip4	s3://lsmc-ssf-sequencing-data/basecalls/lsmc/ssf-hq/pca100/2026/20260522_ONT_4Coriells_chip4/20260522_ONT_4Coriells_chip4/20260523_0039_3E_PBM13048_8867cb21/fastq_pass/barcode20/PBM13048_pass_barcode20_8867cb21_f20c3bb7_24.fastq.gz	
ok	635197982	635197982	ONT	NA03986	chip4	s3://lsmc-ssf-sequencing-data/basecalls/lsmc/ssf-hq/pca100/2026/20260522_ONT_4Coriells_chip4/20260522_ONT_4Coriells_chip4/20260523_0039_3E_PBM13048_8867cb21/fastq_pass/barcode20/PBM13048_pass_barcode20_8867cb21_f20c3bb7_25.fastq.gz	
ok	636002913	636002913	ONT	NA03986	chip4	s3://lsmc-ssf-sequencing-data/basecalls/lsmc/ssf-hq/pca100/2026/20260522_ONT_4Coriells_chip4/20260522_ONT_4Coriells_chip4/20260523_0039_3E_PBM13048_8867cb21/fastq_pass/barcode20/PBM13048_pass_barcode20_8867cb21_f20c3bb7_26.fastq.gz	
ok	622547816	622547816	ONT	NA03986	chip4	s3://lsmc-ssf-sequencing-data/basecalls/lsmc/ssf-hq/pca100/2026/20260522_ONT_4Coriells_chip4/20260522_ONT_4Coriells_chip4/20260523_0039_3E_PBM13048_8867cb21/fastq_pass/barcode20/PBM13048_pass_barcode20_8867cb21_f20c3bb7_27.fastq.gz	
ok	594761684	594761684	ONT	NA03986	chip4	s3://lsmc-ssf-sequencing-data/basecalls/lsmc/ssf-hq/pca100/2026/20260522_ONT_4Coriells_chip4/20260522_ONT_4Coriells_chip4/20260523_0039_3E_PBM13048_8867cb21/fastq_pass/barcode20/PBM13048_pass_barcode20_8867cb21_f20c3bb7_28.fastq.gz	
ok	579104618	579104618	ONT	NA03986	chip4	s3://lsmc-ssf-sequencing-data/basecalls/lsmc/ssf-hq/pca100/2026/20260522_ONT_4Coriells_chip4/20260522_ONT_4Coriells_chip4/20260523_0039_3E_PBM13048_8867cb21/fastq_pass/barcode20/PBM13048_pass_barcode20_8867cb21_f20c3bb7_29.fastq.gz	
ok	1197865593	1197865593	ONT	NA03986	chip4	s3://lsmc-ssf-sequencing-data/basecalls/lsmc/ssf-hq/pca100/2026/20260522_ONT_4Coriells_chip4/20260522_ONT_4Coriells_chip4/20260523_0039_3E_PBM13048_8867cb21/fastq_pass/barcode20/PBM13048_pass_barcode20_8867cb21_f20c3bb7_3.fastq.gz	
ok	567504186	567504186	ONT	NA03986	chip4	s3://lsmc-ssf-sequencing-data/basecalls/lsmc/ssf-hq/pca100/2026/20260522_ONT_4Coriells_chip4/20260522_ONT_4Coriells_chip4/20260523_0039_3E_PBM13048_8867cb21/fastq_pass/barcode20/PBM13048_pass_barcode20_8867cb21_f20c3bb7_30.fastq.gz	
ok	552118807	552118807	ONT	NA03986	chip4	s3://lsmc-ssf-sequencing-data/basecalls/lsmc/ssf-hq/pca100/2026/20260522_ONT_4Coriells_chip4/20260522_ONT_4Coriells_chip4/20260523_0039_3E_PBM13048_8867cb21/fastq_pass/barcode20/PBM13048_pass_barcode20_8867cb21_f20c3bb7_31.fastq.gz	
ok	528190439	528190439	ONT	NA03986	chip4	s3://lsmc-ssf-sequencing-data/basecalls/lsmc/ssf-hq/pca100/2026/20260522_ONT_4Coriells_chip4/20260522_ONT_4Coriells_chip4/20260523_0039_3E_PBM13048_8867cb21/fastq_pass/barcode20/PBM13048_pass_barcode20_8867cb21_f20c3bb7_32.fastq.gz	
ok	490078707	490078707	ONT	NA03986	chip4	s3://lsmc-ssf-sequencing-data/basecalls/lsmc/ssf-hq/pca100/2026/20260522_ONT_4Coriells_chip4/20260522_ONT_4Coriells_chip4/20260523_0039_3E_PBM13048_8867cb21/fastq_pass/barcode20/PBM13048_pass_barcode20_8867cb21_f20c3bb7_33.fastq.gz	
ok	515019562	515019562	ONT	NA03986	chip4	s3://lsmc-ssf-sequencing-data/basecalls/lsmc/ssf-hq/pca100/2026/20260522_ONT_4Coriells_chip4/20260522_ONT_4Coriells_chip4/20260523_0039_3E_PBM13048_8867cb21/fastq_pass/barcode20/PBM13048_pass_barcode20_8867cb21_f20c3bb7_34.fastq.gz	
ok	452774427	452774427	ONT	NA03986	chip4	s3://lsmc-ssf-sequencing-data/basecalls/lsmc/ssf-hq/pca100/2026/20260522_ONT_4Coriells_chip4/20260522_ONT_4Coriells_chip4/20260523_0039_3E_PBM13048_8867cb21/fastq_pass/barcode20/PBM13048_pass_barcode20_8867cb21_f20c3bb7_35.fastq.gz	
ok	450557455	450557455	ONT	NA03986	chip4	s3://lsmc-ssf-sequencing-data/basecalls/lsmc/ssf-hq/pca100/2026/20260522_ONT_4Coriells_chip4/20260522_ONT_4Coriells_chip4/20260523_0039_3E_PBM13048_8867cb21/fastq_pass/barcode20/PBM13048_pass_barcode20_8867cb21_f20c3bb7_36.fastq.gz	
ok	441453812	441453812	ONT	NA03986	chip4	s3://lsmc-ssf-sequencing-data/basecalls/lsmc/ssf-hq/pca100/2026/20260522_ONT_4Coriells_chip4/20260522_ONT_4Coriells_chip4/20260523_0039_3E_PBM13048_8867cb21/fastq_pass/barcode20/PBM13048_pass_barcode20_8867cb21_f20c3bb7_37.fastq.gz	
ok	394149752	394149752	ONT	NA03986	chip4	s3://lsmc-ssf-sequencing-data/basecalls/lsmc/ssf-hq/pca100/2026/20260522_ONT_4Coriells_chip4/20260522_ONT_4Coriells_chip4/20260523_0039_3E_PBM13048_8867cb21/fastq_pass/barcode20/PBM13048_pass_barcode20_8867cb21_f20c3bb7_38.fastq.gz	
ok	403050457	403050457	ONT	NA03986	chip4	s3://lsmc-ssf-sequencing-data/basecalls/lsmc/ssf-hq/pca100/2026/20260522_ONT_4Coriells_chip4/20260522_ONT_4Coriells_chip4/20260523_0039_3E_PBM13048_8867cb21/fastq_pass/barcode20/PBM13048_pass_barcode20_8867cb21_f20c3bb7_39.fastq.gz	
ok	1189313404	1189313404	ONT	NA03986	chip4	s3://lsmc-ssf-sequencing-data/basecalls/lsmc/ssf-hq/pca100/2026/20260522_ONT_4Coriells_chip4/20260522_ONT_4Coriells_chip4/20260523_0039_3E_PBM13048_8867cb21/fastq_pass/barcode20/PBM13048_pass_barcode20_8867cb21_f20c3bb7_4.fastq.gz	
ok	414720914	414720914	ONT	NA03986	chip4	s3://lsmc-ssf-sequencing-data/basecalls/lsmc/ssf-hq/pca100/2026/20260522_ONT_4Coriells_chip4/20260522_ONT_4Coriells_chip4/20260523_0039_3E_PBM13048_8867cb21/fastq_pass/barcode20/PBM13048_pass_barcode20_8867cb21_f20c3bb7_40.fastq.gz	
ok	368472483	368472483	ONT	NA03986	chip4	s3://lsmc-ssf-sequencing-data/basecalls/lsmc/ssf-hq/pca100/2026/20260522_ONT_4Coriells_chip4/20260522_ONT_4Coriells_chip4/20260523_0039_3E_PBM13048_8867cb21/fastq_pass/barcode20/PBM13048_pass_barcode20_8867cb21_f20c3bb7_41.fastq.gz	
ok	347491421	347491421	ONT	NA03986	chip4	s3://lsmc-ssf-sequencing-data/basecalls/lsmc/ssf-hq/pca100/2026/20260522_ONT_4Coriells_chip4/20260522_ONT_4Coriells_chip4/20260523_0039_3E_PBM13048_8867cb21/fastq_pass/barcode20/PBM13048_pass_barcode20_8867cb21_f20c3bb7_42.fastq.gz	
ok	339446971	339446971	ONT	NA03986	chip4	s3://lsmc-ssf-sequencing-data/basecalls/lsmc/ssf-hq/pca100/2026/20260522_ONT_4Coriells_chip4/20260522_ONT_4Coriells_chip4/20260523_0039_3E_PBM13048_8867cb21/fastq_pass/barcode20/PBM13048_pass_barcode20_8867cb21_f20c3bb7_43.fastq.gz	
ok	314686332	314686332	ONT	NA03986	chip4	s3://lsmc-ssf-sequencing-data/basecalls/lsmc/ssf-hq/pca100/2026/20260522_ONT_4Coriells_chip4/20260522_ONT_4Coriells_chip4/20260523_0039_3E_PBM13048_8867cb21/fastq_pass/barcode20/PBM13048_pass_barcode20_8867cb21_f20c3bb7_44.fastq.gz	
ok	323274562	323274562	ONT	NA03986	chip4	s3://lsmc-ssf-sequencing-data/basecalls/lsmc/ssf-hq/pca100/2026/20260522_ONT_4Coriells_chip4/20260522_ONT_4Coriells_chip4/20260523_0039_3E_PBM13048_8867cb21/fastq_pass/barcode20/PBM13048_pass_barcode20_8867cb21_f20c3bb7_45.fastq.gz	
ok	267962602	267962602	ONT	NA03986	chip4	s3://lsmc-ssf-sequencing-data/basecalls/lsmc/ssf-hq/pca100/2026/20260522_ONT_4Coriells_chip4/20260522_ONT_4Coriells_chip4/20260523_0039_3E_PBM13048_8867cb21/fastq_pass/barcode20/PBM13048_pass_barcode20_8867cb21_f20c3bb7_46.fastq.gz	
ok	255557162	255557162	ONT	NA03986	chip4	s3://lsmc-ssf-sequencing-data/basecalls/lsmc/ssf-hq/pca100/2026/20260522_ONT_4Coriells_chip4/20260522_ONT_4Coriells_chip4/20260523_0039_3E_PBM13048_8867cb21/fastq_pass/barcode20/PBM13048_pass_barcode20_8867cb21_f20c3bb7_47.fastq.gz	
ok	304176672	304176672	ONT	NA03986	chip4	s3://lsmc-ssf-sequencing-data/basecalls/lsmc/ssf-hq/pca100/2026/20260522_ONT_4Coriells_chip4/20260522_ONT_4Coriells_chip4/20260523_0039_3E_PBM13048_8867cb21/fastq_pass/barcode20/PBM13048_pass_barcode20_8867cb21_f20c3bb7_48.fastq.gz	
ok	220626380	220626380	ONT	NA03986	chip4	s3://lsmc-ssf-sequencing-data/basecalls/lsmc/ssf-hq/pca100/2026/20260522_ONT_4Coriells_chip4/20260522_ONT_4Coriells_chip4/20260523_0039_3E_PBM13048_8867cb21/fastq_pass/barcode20/PBM13048_pass_barcode20_8867cb21_f20c3bb7_49.fastq.gz	
ok	1176151579	1176151579	ONT	NA03986	chip4	s3://lsmc-ssf-sequencing-data/basecalls/lsmc/ssf-hq/pca100/2026/20260522_ONT_4Coriells_chip4/20260522_ONT_4Coriells_chip4/20260523_0039_3E_PBM13048_8867cb21/fastq_pass/barcode20/PBM13048_pass_barcode20_8867cb21_f20c3bb7_5.fastq.gz	
ok	206847677	206847677	ONT	NA03986	chip4	s3://lsmc-ssf-sequencing-data/basecalls/lsmc/ssf-hq/pca100/2026/20260522_ONT_4Coriells_chip4/20260522_ONT_4Coriells_chip4/20260523_0039_3E_PBM13048_8867cb21/fastq_pass/barcode20/PBM13048_pass_barcode20_8867cb21_f20c3bb7_50.fastq.gz	
ok	234197359	234197359	ONT	NA03986	chip4	s3://lsmc-ssf-sequencing-data/basecalls/lsmc/ssf-hq/pca100/2026/20260522_ONT_4Coriells_chip4/20260522_ONT_4Coriells_chip4/20260523_0039_3E_PBM13048_8867cb21/fastq_pass/barcode20/PBM13048_pass_barcode20_8867cb21_f20c3bb7_51.fastq.gz	
ok	224533929	224533929	ONT	NA03986	chip4	s3://lsmc-ssf-sequencing-data/basecalls/lsmc/ssf-hq/pca100/2026/20260522_ONT_4Coriells_chip4/20260522_ONT_4Coriells_chip4/20260523_0039_3E_PBM13048_8867cb21/fastq_pass/barcode20/PBM13048_pass_barcode20_8867cb21_f20c3bb7_52.fastq.gz	
ok	231143198	231143198	ONT	NA03986	chip4	s3://lsmc-ssf-sequencing-data/basecalls/lsmc/ssf-hq/pca100/2026/20260522_ONT_4Coriells_chip4/20260522_ONT_4Coriells_chip4/20260523_0039_3E_PBM13048_8867cb21/fastq_pass/barcode20/PBM13048_pass_barcode20_8867cb21_f20c3bb7_53.fastq.gz	
ok	206039309	206039309	ONT	NA03986	chip4	s3://lsmc-ssf-sequencing-data/basecalls/lsmc/ssf-hq/pca100/2026/20260522_ONT_4Coriells_chip4/20260522_ONT_4Coriells_chip4/20260523_0039_3E_PBM13048_8867cb21/fastq_pass/barcode20/PBM13048_pass_barcode20_8867cb21_f20c3bb7_54.fastq.gz	
ok	180473109	180473109	ONT	NA03986	chip4	s3://lsmc-ssf-sequencing-data/basecalls/lsmc/ssf-hq/pca100/2026/20260522_ONT_4Coriells_chip4/20260522_ONT_4Coriells_chip4/20260523_0039_3E_PBM13048_8867cb21/fastq_pass/barcode20/PBM13048_pass_barcode20_8867cb21_f20c3bb7_55.fastq.gz	
ok	177787139	177787139	ONT	NA03986	chip4	s3://lsmc-ssf-sequencing-data/basecalls/lsmc/ssf-hq/pca100/2026/20260522_ONT_4Coriells_chip4/20260522_ONT_4Coriells_chip4/20260523_0039_3E_PBM13048_8867cb21/fastq_pass/barcode20/PBM13048_pass_barcode20_8867cb21_f20c3bb7_56.fastq.gz	
ok	176840824	176840824	ONT	NA03986	chip4	s3://lsmc-ssf-sequencing-data/basecalls/lsmc/ssf-hq/pca100/2026/20260522_ONT_4Coriells_chip4/20260522_ONT_4Coriells_chip4/20260523_0039_3E_PBM13048_8867cb21/fastq_pass/barcode20/PBM13048_pass_barcode20_8867cb21_f20c3bb7_57.fastq.gz	
ok	171190980	171190980	ONT	NA03986	chip4	s3://lsmc-ssf-sequencing-data/basecalls/lsmc/ssf-hq/pca100/2026/20260522_ONT_4Coriells_chip4/20260522_ONT_4Coriells_chip4/20260523_0039_3E_PBM13048_8867cb21/fastq_pass/barcode20/PBM13048_pass_barcode20_8867cb21_f20c3bb7_58.fastq.gz	
ok	111635407	111635407	ONT	NA03986	chip4	s3://lsmc-ssf-sequencing-data/basecalls/lsmc/ssf-hq/pca100/2026/20260522_ONT_4Coriells_chip4/20260522_ONT_4Coriells_chip4/20260523_0039_3E_PBM13048_8867cb21/fastq_pass/barcode20/PBM13048_pass_barcode20_8867cb21_f20c3bb7_59.fastq.gz	
ok	1151194414	1151194414	ONT	NA03986	chip4	s3://lsmc-ssf-sequencing-data/basecalls/lsmc/ssf-hq/pca100/2026/20260522_ONT_4Coriells_chip4/20260522_ONT_4Coriells_chip4/20260523_0039_3E_PBM13048_8867cb21/fastq_pass/barcode20/PBM13048_pass_barcode20_8867cb21_f20c3bb7_6.fastq.gz	
ok	95836859	95836859	ONT	NA03986	chip4	s3://lsmc-ssf-sequencing-data/basecalls/lsmc/ssf-hq/pca100/2026/20260522_ONT_4Coriells_chip4/20260522_ONT_4Coriells_chip4/20260523_0039_3E_PBM13048_8867cb21/fastq_pass/barcode20/PBM13048_pass_barcode20_8867cb21_f20c3bb7_60.fastq.gz	
ok	101791840	101791840	ONT	NA03986	chip4	s3://lsmc-ssf-sequencing-data/basecalls/lsmc/ssf-hq/pca100/2026/20260522_ONT_4Coriells_chip4/20260522_ONT_4Coriells_chip4/20260523_0039_3E_PBM13048_8867cb21/fastq_pass/barcode20/PBM13048_pass_barcode20_8867cb21_f20c3bb7_61.fastq.gz	
ok	85723823	85723823	ONT	NA03986	chip4	s3://lsmc-ssf-sequencing-data/basecalls/lsmc/ssf-hq/pca100/2026/20260522_ONT_4Coriells_chip4/20260522_ONT_4Coriells_chip4/20260523_0039_3E_PBM13048_8867cb21/fastq_pass/barcode20/PBM13048_pass_barcode20_8867cb21_f20c3bb7_62.fastq.gz	
ok	74413462	74413462	ONT	NA03986	chip4	s3://lsmc-ssf-sequencing-data/basecalls/lsmc/ssf-hq/pca100/2026/20260522_ONT_4Coriells_chip4/20260522_ONT_4Coriells_chip4/20260523_0039_3E_PBM13048_8867cb21/fastq_pass/barcode20/PBM13048_pass_barcode20_8867cb21_f20c3bb7_63.fastq.gz	
ok	73830525	73830525	ONT	NA03986	chip4	s3://lsmc-ssf-sequencing-data/basecalls/lsmc/ssf-hq/pca100/2026/20260522_ONT_4Coriells_chip4/20260522_ONT_4Coriells_chip4/20260523_0039_3E_PBM13048_8867cb21/fastq_pass/barcode20/PBM13048_pass_barcode20_8867cb21_f20c3bb7_64.fastq.gz	
ok	67576941	67576941	ONT	NA03986	chip4	s3://lsmc-ssf-sequencing-data/basecalls/lsmc/ssf-hq/pca100/2026/20260522_ONT_4Coriells_chip4/20260522_ONT_4Coriells_chip4/20260523_0039_3E_PBM13048_8867cb21/fastq_pass/barcode20/PBM13048_pass_barcode20_8867cb21_f20c3bb7_65.fastq.gz	
ok	59725674	59725674	ONT	NA03986	chip4	s3://lsmc-ssf-sequencing-data/basecalls/lsmc/ssf-hq/pca100/2026/20260522_ONT_4Coriells_chip4/20260522_ONT_4Coriells_chip4/20260523_0039_3E_PBM13048_8867cb21/fastq_pass/barcode20/PBM13048_pass_barcode20_8867cb21_f20c3bb7_66.fastq.gz	
ok	67514941	67514941	ONT	NA03986	chip4	s3://lsmc-ssf-sequencing-data/basecalls/lsmc/ssf-hq/pca100/2026/20260522_ONT_4Coriells_chip4/20260522_ONT_4Coriells_chip4/20260523_0039_3E_PBM13048_8867cb21/fastq_pass/barcode20/PBM13048_pass_barcode20_8867cb21_f20c3bb7_67.fastq.gz	
ok	62402330	62402330	ONT	NA03986	chip4	s3://lsmc-ssf-sequencing-data/basecalls/lsmc/ssf-hq/pca100/2026/20260522_ONT_4Coriells_chip4/20260522_ONT_4Coriells_chip4/20260523_0039_3E_PBM13048_8867cb21/fastq_pass/barcode20/PBM13048_pass_barcode20_8867cb21_f20c3bb7_68.fastq.gz	
ok	63262272	63262272	ONT	NA03986	chip4	s3://lsmc-ssf-sequencing-data/basecalls/lsmc/ssf-hq/pca100/2026/20260522_ONT_4Coriells_chip4/20260522_ONT_4Coriells_chip4/20260523_0039_3E_PBM13048_8867cb21/fastq_pass/barcode20/PBM13048_pass_barcode20_8867cb21_f20c3bb7_69.fastq.gz	
ok	1158881702	1158881702	ONT	NA03986	chip4	s3://lsmc-ssf-sequencing-data/basecalls/lsmc/ssf-hq/pca100/2026/20260522_ONT_4Coriells_chip4/20260522_ONT_4Coriells_chip4/20260523_0039_3E_PBM13048_8867cb21/fastq_pass/barcode20/PBM13048_pass_barcode20_8867cb21_f20c3bb7_7.fastq.gz	
ok	54885766	54885766	ONT	NA03986	chip4	s3://lsmc-ssf-sequencing-data/basecalls/lsmc/ssf-hq/pca100/2026/20260522_ONT_4Coriells_chip4/20260522_ONT_4Coriells_chip4/20260523_0039_3E_PBM13048_8867cb21/fastq_pass/barcode20/PBM13048_pass_barcode20_8867cb21_f20c3bb7_70.fastq.gz	
ok	53730843	53730843	ONT	NA03986	chip4	s3://lsmc-ssf-sequencing-data/basecalls/lsmc/ssf-hq/pca100/2026/20260522_ONT_4Coriells_chip4/20260522_ONT_4Coriells_chip4/20260523_0039_3E_PBM13048_8867cb21/fastq_pass/barcode20/PBM13048_pass_barcode20_8867cb21_f20c3bb7_71.fastq.gz	
ok	2512343	2512343	ONT	NA03986	chip4	s3://lsmc-ssf-sequencing-data/basecalls/lsmc/ssf-hq/pca100/2026/20260522_ONT_4Coriells_chip4/20260522_ONT_4Coriells_chip4/20260523_0039_3E_PBM13048_8867cb21/fastq_pass/barcode20/PBM13048_pass_barcode20_8867cb21_f20c3bb7_72.fastq.gz	
ok	1084722959	1084722959	ONT	NA03986	chip4	s3://lsmc-ssf-sequencing-data/basecalls/lsmc/ssf-hq/pca100/2026/20260522_ONT_4Coriells_chip4/20260522_ONT_4Coriells_chip4/20260523_0039_3E_PBM13048_8867cb21/fastq_pass/barcode20/PBM13048_pass_barcode20_8867cb21_f20c3bb7_8.fastq.gz	
ok	1077863086	1077863086	ONT	NA03986	chip4	s3://lsmc-ssf-sequencing-data/basecalls/lsmc/ssf-hq/pca100/2026/20260522_ONT_4Coriells_chip4/20260522_ONT_4Coriells_chip4/20260523_0039_3E_PBM13048_8867cb21/fastq_pass/barcode20/PBM13048_pass_barcode20_8867cb21_f20c3bb7_9.fastq.gz	
ok	431784032	431784032	ONT	NA05164	chip1	s3://lsmc-ssf-sequencing-data/basecalls/lsmc/ssf-hq/pca100/2026/20260522_ONT_4Coriells_chip1/20260522_ONT_4Coriells_chip1/20260522_2252_2B_PBM13545_f3392d36/fastq_pass/barcode21/PBM13545_pass_barcode21_f3392d36_eb9b0a06_0.fastq.gz	
ok	457291124	457291124	ONT	NA05164	chip1	s3://lsmc-ssf-sequencing-data/basecalls/lsmc/ssf-hq/pca100/2026/20260522_ONT_4Coriells_chip1/20260522_ONT_4Coriells_chip1/20260522_2252_2B_PBM13545_f3392d36/fastq_pass/barcode21/PBM13545_pass_barcode21_f3392d36_eb9b0a06_1.fastq.gz	
ok	514488564	514488564	ONT	NA05164	chip1	s3://lsmc-ssf-sequencing-data/basecalls/lsmc/ssf-hq/pca100/2026/20260522_ONT_4Coriells_chip1/20260522_ONT_4Coriells_chip1/20260522_2252_2B_PBM13545_f3392d36/fastq_pass/barcode21/PBM13545_pass_barcode21_f3392d36_eb9b0a06_10.fastq.gz	
ok	458892271	458892271	ONT	NA05164	chip1	s3://lsmc-ssf-sequencing-data/basecalls/lsmc/ssf-hq/pca100/2026/20260522_ONT_4Coriells_chip1/20260522_ONT_4Coriells_chip1/20260522_2252_2B_PBM13545_f3392d36/fastq_pass/barcode21/PBM13545_pass_barcode21_f3392d36_eb9b0a06_11.fastq.gz	
ok	434359964	434359964	ONT	NA05164	chip1	s3://lsmc-ssf-sequencing-data/basecalls/lsmc/ssf-hq/pca100/2026/20260522_ONT_4Coriells_chip1/20260522_ONT_4Coriells_chip1/20260522_2252_2B_PBM13545_f3392d36/fastq_pass/barcode21/PBM13545_pass_barcode21_f3392d36_eb9b0a06_12.fastq.gz	
ok	465982060	465982060	ONT	NA05164	chip1	s3://lsmc-ssf-sequencing-data/basecalls/lsmc/ssf-hq/pca100/2026/20260522_ONT_4Coriells_chip1/20260522_ONT_4Coriells_chip1/20260522_2252_2B_PBM13545_f3392d36/fastq_pass/barcode21/PBM13545_pass_barcode21_f3392d36_eb9b0a06_13.fastq.gz	
ok	446132799	446132799	ONT	NA05164	chip1	s3://lsmc-ssf-sequencing-data/basecalls/lsmc/ssf-hq/pca100/2026/20260522_ONT_4Coriells_chip1/20260522_ONT_4Coriells_chip1/20260522_2252_2B_PBM13545_f3392d36/fastq_pass/barcode21/PBM13545_pass_barcode21_f3392d36_eb9b0a06_14.fastq.gz	
ok	430675106	430675106	ONT	NA05164	chip1	s3://lsmc-ssf-sequencing-data/basecalls/lsmc/ssf-hq/pca100/2026/20260522_ONT_4Coriells_chip1/20260522_ONT_4Coriells_chip1/20260522_2252_2B_PBM13545_f3392d36/fastq_pass/barcode21/PBM13545_pass_barcode21_f3392d36_eb9b0a06_15.fastq.gz	
ok	426534371	426534371	ONT	NA05164	chip1	s3://lsmc-ssf-sequencing-data/basecalls/lsmc/ssf-hq/pca100/2026/20260522_ONT_4Coriells_chip1/20260522_ONT_4Coriells_chip1/20260522_2252_2B_PBM13545_f3392d36/fastq_pass/barcode21/PBM13545_pass_barcode21_f3392d36_eb9b0a06_16.fastq.gz	
ok	389000385	389000385	ONT	NA05164	chip1	s3://lsmc-ssf-sequencing-data/basecalls/lsmc/ssf-hq/pca100/2026/20260522_ONT_4Coriells_chip1/20260522_ONT_4Coriells_chip1/20260522_2252_2B_PBM13545_f3392d36/fastq_pass/barcode21/PBM13545_pass_barcode21_f3392d36_eb9b0a06_17.fastq.gz	
ok	412375488	412375488	ONT	NA05164	chip1	s3://lsmc-ssf-sequencing-data/basecalls/lsmc/ssf-hq/pca100/2026/20260522_ONT_4Coriells_chip1/20260522_ONT_4Coriells_chip1/20260522_2252_2B_PBM13545_f3392d36/fastq_pass/barcode21/PBM13545_pass_barcode21_f3392d36_eb9b0a06_18.fastq.gz	
ok	383386217	383386217	ONT	NA05164	chip1	s3://lsmc-ssf-sequencing-data/basecalls/lsmc/ssf-hq/pca100/2026/20260522_ONT_4Coriells_chip1/20260522_ONT_4Coriells_chip1/20260522_2252_2B_PBM13545_f3392d36/fastq_pass/barcode21/PBM13545_pass_barcode21_f3392d36_eb9b0a06_19.fastq.gz	
ok	546369254	546369254	ONT	NA05164	chip1	s3://lsmc-ssf-sequencing-data/basecalls/lsmc/ssf-hq/pca100/2026/20260522_ONT_4Coriells_chip1/20260522_ONT_4Coriells_chip1/20260522_2252_2B_PBM13545_f3392d36/fastq_pass/barcode21/PBM13545_pass_barcode21_f3392d36_eb9b0a06_2.fastq.gz	
ok	369672655	369672655	ONT	NA05164	chip1	s3://lsmc-ssf-sequencing-data/basecalls/lsmc/ssf-hq/pca100/2026/20260522_ONT_4Coriells_chip1/20260522_ONT_4Coriells_chip1/20260522_2252_2B_PBM13545_f3392d36/fastq_pass/barcode21/PBM13545_pass_barcode21_f3392d36_eb9b0a06_20.fastq.gz	
ok	357796445	357796445	ONT	NA05164	chip1	s3://lsmc-ssf-sequencing-data/basecalls/lsmc/ssf-hq/pca100/2026/20260522_ONT_4Coriells_chip1/20260522_ONT_4Coriells_chip1/20260522_2252_2B_PBM13545_f3392d36/fastq_pass/barcode21/PBM13545_pass_barcode21_f3392d36_eb9b0a06_21.fastq.gz	
ok	342282936	342282936	ONT	NA05164	chip1	s3://lsmc-ssf-sequencing-data/basecalls/lsmc/ssf-hq/pca100/2026/20260522_ONT_4Coriells_chip1/20260522_ONT_4Coriells_chip1/20260522_2252_2B_PBM13545_f3392d36/fastq_pass/barcode21/PBM13545_pass_barcode21_f3392d36_eb9b0a06_22.fastq.gz	
ok	331951423	331951423	ONT	NA05164	chip1	s3://lsmc-ssf-sequencing-data/basecalls/lsmc/ssf-hq/pca100/2026/20260522_ONT_4Coriells_chip1/20260522_ONT_4Coriells_chip1/20260522_2252_2B_PBM13545_f3392d36/fastq_pass/barcode21/PBM13545_pass_barcode21_f3392d36_eb9b0a06_23.fastq.gz	
ok	357476306	357476306	ONT	NA05164	chip1	s3://lsmc-ssf-sequencing-data/basecalls/lsmc/ssf-hq/pca100/2026/20260522_ONT_4Coriells_chip1/20260522_ONT_4Coriells_chip1/20260522_2252_2B_PBM13545_f3392d36/fastq_pass/barcode21/PBM13545_pass_barcode21_f3392d36_eb9b0a06_24.fastq.gz	
ok	317429771	317429771	ONT	NA05164	chip1	s3://lsmc-ssf-sequencing-data/basecalls/lsmc/ssf-hq/pca100/2026/20260522_ONT_4Coriells_chip1/20260522_ONT_4Coriells_chip1/20260522_2252_2B_PBM13545_f3392d36/fastq_pass/barcode21/PBM13545_pass_barcode21_f3392d36_eb9b0a06_25.fastq.gz	
ok	309111845	309111845	ONT	NA05164	chip1	s3://lsmc-ssf-sequencing-data/basecalls/lsmc/ssf-hq/pca100/2026/20260522_ONT_4Coriells_chip1/20260522_ONT_4Coriells_chip1/20260522_2252_2B_PBM13545_f3392d36/fastq_pass/barcode21/PBM13545_pass_barcode21_f3392d36_eb9b0a06_26.fastq.gz	
ok	332302966	332302966	ONT	NA05164	chip1	s3://lsmc-ssf-sequencing-data/basecalls/lsmc/ssf-hq/pca100/2026/20260522_ONT_4Coriells_chip1/20260522_ONT_4Coriells_chip1/20260522_2252_2B_PBM13545_f3392d36/fastq_pass/barcode21/PBM13545_pass_barcode21_f3392d36_eb9b0a06_27.fastq.gz	
ok	300918641	300918641	ONT	NA05164	chip1	s3://lsmc-ssf-sequencing-data/basecalls/lsmc/ssf-hq/pca100/2026/20260522_ONT_4Coriells_chip1/20260522_ONT_4Coriells_chip1/20260522_2252_2B_PBM13545_f3392d36/fastq_pass/barcode21/PBM13545_pass_barcode21_f3392d36_eb9b0a06_28.fastq.gz	
ok	295678625	295678625	ONT	NA05164	chip1	s3://lsmc-ssf-sequencing-data/basecalls/lsmc/ssf-hq/pca100/2026/20260522_ONT_4Coriells_chip1/20260522_ONT_4Coriells_chip1/20260522_2252_2B_PBM13545_f3392d36/fastq_pass/barcode21/PBM13545_pass_barcode21_f3392d36_eb9b0a06_29.fastq.gz	
ok	534499880	534499880	ONT	NA05164	chip1	s3://lsmc-ssf-sequencing-data/basecalls/lsmc/ssf-hq/pca100/2026/20260522_ONT_4Coriells_chip1/20260522_ONT_4Coriells_chip1/20260522_2252_2B_PBM13545_f3392d36/fastq_pass/barcode21/PBM13545_pass_barcode21_f3392d36_eb9b0a06_3.fastq.gz	
ok	280055537	280055537	ONT	NA05164	chip1	s3://lsmc-ssf-sequencing-data/basecalls/lsmc/ssf-hq/pca100/2026/20260522_ONT_4Coriells_chip1/20260522_ONT_4Coriells_chip1/20260522_2252_2B_PBM13545_f3392d36/fastq_pass/barcode21/PBM13545_pass_barcode21_f3392d36_eb9b0a06_30.fastq.gz	
ok	262161358	262161358	ONT	NA05164	chip1	s3://lsmc-ssf-sequencing-data/basecalls/lsmc/ssf-hq/pca100/2026/20260522_ONT_4Coriells_chip1/20260522_ONT_4Coriells_chip1/20260522_2252_2B_PBM13545_f3392d36/fastq_pass/barcode21/PBM13545_pass_barcode21_f3392d36_eb9b0a06_31.fastq.gz	
ok	282769833	282769833	ONT	NA05164	chip1	s3://lsmc-ssf-sequencing-data/basecalls/lsmc/ssf-hq/pca100/2026/20260522_ONT_4Coriells_chip1/20260522_ONT_4Coriells_chip1/20260522_2252_2B_PBM13545_f3392d36/fastq_pass/barcode21/PBM13545_pass_barcode21_f3392d36_eb9b0a06_32.fastq.gz	
ok	245782961	245782961	ONT	NA05164	chip1	s3://lsmc-ssf-sequencing-data/basecalls/lsmc/ssf-hq/pca100/2026/20260522_ONT_4Coriells_chip1/20260522_ONT_4Coriells_chip1/20260522_2252_2B_PBM13545_f3392d36/fastq_pass/barcode21/PBM13545_pass_barcode21_f3392d36_eb9b0a06_33.fastq.gz	
ok	248816683	248816683	ONT	NA05164	chip1	s3://lsmc-ssf-sequencing-data/basecalls/lsmc/ssf-hq/pca100/2026/20260522_ONT_4Coriells_chip1/20260522_ONT_4Coriells_chip1/20260522_2252_2B_PBM13545_f3392d36/fastq_pass/barcode21/PBM13545_pass_barcode21_f3392d36_eb9b0a06_34.fastq.gz	
ok	239309342	239309342	ONT	NA05164	chip1	s3://lsmc-ssf-sequencing-data/basecalls/lsmc/ssf-hq/pca100/2026/20260522_ONT_4Coriells_chip1/20260522_ONT_4Coriells_chip1/20260522_2252_2B_PBM13545_f3392d36/fastq_pass/barcode21/PBM13545_pass_barcode21_f3392d36_eb9b0a06_35.fastq.gz	
ok	239217020	239217020	ONT	NA05164	chip1	s3://lsmc-ssf-sequencing-data/basecalls/lsmc/ssf-hq/pca100/2026/20260522_ONT_4Coriells_chip1/20260522_ONT_4Coriells_chip1/20260522_2252_2B_PBM13545_f3392d36/fastq_pass/barcode21/PBM13545_pass_barcode21_f3392d36_eb9b0a06_36.fastq.gz	
ok	245901444	245901444	ONT	NA05164	chip1	s3://lsmc-ssf-sequencing-data/basecalls/lsmc/ssf-hq/pca100/2026/20260522_ONT_4Coriells_chip1/20260522_ONT_4Coriells_chip1/20260522_2252_2B_PBM13545_f3392d36/fastq_pass/barcode21/PBM13545_pass_barcode21_f3392d36_eb9b0a06_37.fastq.gz	
ok	223297723	223297723	ONT	NA05164	chip1	s3://lsmc-ssf-sequencing-data/basecalls/lsmc/ssf-hq/pca100/2026/20260522_ONT_4Coriells_chip1/20260522_ONT_4Coriells_chip1/20260522_2252_2B_PBM13545_f3392d36/fastq_pass/barcode21/PBM13545_pass_barcode21_f3392d36_eb9b0a06_38.fastq.gz	
ok	212528744	212528744	ONT	NA05164	chip1	s3://lsmc-ssf-sequencing-data/basecalls/lsmc/ssf-hq/pca100/2026/20260522_ONT_4Coriells_chip1/20260522_ONT_4Coriells_chip1/20260522_2252_2B_PBM13545_f3392d36/fastq_pass/barcode21/PBM13545_pass_barcode21_f3392d36_eb9b0a06_39.fastq.gz	
ok	535614868	535614868	ONT	NA05164	chip1	s3://lsmc-ssf-sequencing-data/basecalls/lsmc/ssf-hq/pca100/2026/20260522_ONT_4Coriells_chip1/20260522_ONT_4Coriells_chip1/20260522_2252_2B_PBM13545_f3392d36/fastq_pass/barcode21/PBM13545_pass_barcode21_f3392d36_eb9b0a06_4.fastq.gz	
ok	230248715	230248715	ONT	NA05164	chip1	s3://lsmc-ssf-sequencing-data/basecalls/lsmc/ssf-hq/pca100/2026/20260522_ONT_4Coriells_chip1/20260522_ONT_4Coriells_chip1/20260522_2252_2B_PBM13545_f3392d36/fastq_pass/barcode21/PBM13545_pass_barcode21_f3392d36_eb9b0a06_40.fastq.gz	
ok	202721684	202721684	ONT	NA05164	chip1	s3://lsmc-ssf-sequencing-data/basecalls/lsmc/ssf-hq/pca100/2026/20260522_ONT_4Coriells_chip1/20260522_ONT_4Coriells_chip1/20260522_2252_2B_PBM13545_f3392d36/fastq_pass/barcode21/PBM13545_pass_barcode21_f3392d36_eb9b0a06_41.fastq.gz	
ok	193545364	193545364	ONT	NA05164	chip1	s3://lsmc-ssf-sequencing-data/basecalls/lsmc/ssf-hq/pca100/2026/20260522_ONT_4Coriells_chip1/20260522_ONT_4Coriells_chip1/20260522_2252_2B_PBM13545_f3392d36/fastq_pass/barcode21/PBM13545_pass_barcode21_f3392d36_eb9b0a06_42.fastq.gz	
ok	208413991	208413991	ONT	NA05164	chip1	s3://lsmc-ssf-sequencing-data/basecalls/lsmc/ssf-hq/pca100/2026/20260522_ONT_4Coriells_chip1/20260522_ONT_4Coriells_chip1/20260522_2252_2B_PBM13545_f3392d36/fastq_pass/barcode21/PBM13545_pass_barcode21_f3392d36_eb9b0a06_43.fastq.gz	
ok	186742751	186742751	ONT	NA05164	chip1	s3://lsmc-ssf-sequencing-data/basecalls/lsmc/ssf-hq/pca100/2026/20260522_ONT_4Coriells_chip1/20260522_ONT_4Coriells_chip1/20260522_2252_2B_PBM13545_f3392d36/fastq_pass/barcode21/PBM13545_pass_barcode21_f3392d36_eb9b0a06_44.fastq.gz	
ok	181571814	181571814	ONT	NA05164	chip1	s3://lsmc-ssf-sequencing-data/basecalls/lsmc/ssf-hq/pca100/2026/20260522_ONT_4Coriells_chip1/20260522_ONT_4Coriells_chip1/20260522_2252_2B_PBM13545_f3392d36/fastq_pass/barcode21/PBM13545_pass_barcode21_f3392d36_eb9b0a06_45.fastq.gz	
ok	162565909	162565909	ONT	NA05164	chip1	s3://lsmc-ssf-sequencing-data/basecalls/lsmc/ssf-hq/pca100/2026/20260522_ONT_4Coriells_chip1/20260522_ONT_4Coriells_chip1/20260522_2252_2B_PBM13545_f3392d36/fastq_pass/barcode21/PBM13545_pass_barcode21_f3392d36_eb9b0a06_46.fastq.gz	
ok	162339589	162339589	ONT	NA05164	chip1	s3://lsmc-ssf-sequencing-data/basecalls/lsmc/ssf-hq/pca100/2026/20260522_ONT_4Coriells_chip1/20260522_ONT_4Coriells_chip1/20260522_2252_2B_PBM13545_f3392d36/fastq_pass/barcode21/PBM13545_pass_barcode21_f3392d36_eb9b0a06_47.fastq.gz	
ok	179726375	179726375	ONT	NA05164	chip1	s3://lsmc-ssf-sequencing-data/basecalls/lsmc/ssf-hq/pca100/2026/20260522_ONT_4Coriells_chip1/20260522_ONT_4Coriells_chip1/20260522_2252_2B_PBM13545_f3392d36/fastq_pass/barcode21/PBM13545_pass_barcode21_f3392d36_eb9b0a06_48.fastq.gz	
ok	156327047	156327047	ONT	NA05164	chip1	s3://lsmc-ssf-sequencing-data/basecalls/lsmc/ssf-hq/pca100/2026/20260522_ONT_4Coriells_chip1/20260522_ONT_4Coriells_chip1/20260522_2252_2B_PBM13545_f3392d36/fastq_pass/barcode21/PBM13545_pass_barcode21_f3392d36_eb9b0a06_49.fastq.gz	
ok	558320400	558320400	ONT	NA05164	chip1	s3://lsmc-ssf-sequencing-data/basecalls/lsmc/ssf-hq/pca100/2026/20260522_ONT_4Coriells_chip1/20260522_ONT_4Coriells_chip1/20260522_2252_2B_PBM13545_f3392d36/fastq_pass/barcode21/PBM13545_pass_barcode21_f3392d36_eb9b0a06_5.fastq.gz	
ok	144268986	144268986	ONT	NA05164	chip1	s3://lsmc-ssf-sequencing-data/basecalls/lsmc/ssf-hq/pca100/2026/20260522_ONT_4Coriells_chip1/20260522_ONT_4Coriells_chip1/20260522_2252_2B_PBM13545_f3392d36/fastq_pass/barcode21/PBM13545_pass_barcode21_f3392d36_eb9b0a06_50.fastq.gz	
ok	143754311	143754311	ONT	NA05164	chip1	s3://lsmc-ssf-sequencing-data/basecalls/lsmc/ssf-hq/pca100/2026/20260522_ONT_4Coriells_chip1/20260522_ONT_4Coriells_chip1/20260522_2252_2B_PBM13545_f3392d36/fastq_pass/barcode21/PBM13545_pass_barcode21_f3392d36_eb9b0a06_51.fastq.gz	
ok	136857227	136857227	ONT	NA05164	chip1	s3://lsmc-ssf-sequencing-data/basecalls/lsmc/ssf-hq/pca100/2026/20260522_ONT_4Coriells_chip1/20260522_ONT_4Coriells_chip1/20260522_2252_2B_PBM13545_f3392d36/fastq_pass/barcode21/PBM13545_pass_barcode21_f3392d36_eb9b0a06_52.fastq.gz	
ok	160706819	160706819	ONT	NA05164	chip1	s3://lsmc-ssf-sequencing-data/basecalls/lsmc/ssf-hq/pca100/2026/20260522_ONT_4Coriells_chip1/20260522_ONT_4Coriells_chip1/20260522_2252_2B_PBM13545_f3392d36/fastq_pass/barcode21/PBM13545_pass_barcode21_f3392d36_eb9b0a06_53.fastq.gz	
ok	133538970	133538970	ONT	NA05164	chip1	s3://lsmc-ssf-sequencing-data/basecalls/lsmc/ssf-hq/pca100/2026/20260522_ONT_4Coriells_chip1/20260522_ONT_4Coriells_chip1/20260522_2252_2B_PBM13545_f3392d36/fastq_pass/barcode21/PBM13545_pass_barcode21_f3392d36_eb9b0a06_54.fastq.gz	
ok	125904756	125904756	ONT	NA05164	chip1	s3://lsmc-ssf-sequencing-data/basecalls/lsmc/ssf-hq/pca100/2026/20260522_ONT_4Coriells_chip1/20260522_ONT_4Coriells_chip1/20260522_2252_2B_PBM13545_f3392d36/fastq_pass/barcode21/PBM13545_pass_barcode21_f3392d36_eb9b0a06_55.fastq.gz	
ok	120557255	120557255	ONT	NA05164	chip1	s3://lsmc-ssf-sequencing-data/basecalls/lsmc/ssf-hq/pca100/2026/20260522_ONT_4Coriells_chip1/20260522_ONT_4Coriells_chip1/20260522_2252_2B_PBM13545_f3392d36/fastq_pass/barcode21/PBM13545_pass_barcode21_f3392d36_eb9b0a06_56.fastq.gz	
ok	128913528	128913528	ONT	NA05164	chip1	s3://lsmc-ssf-sequencing-data/basecalls/lsmc/ssf-hq/pca100/2026/20260522_ONT_4Coriells_chip1/20260522_ONT_4Coriells_chip1/20260522_2252_2B_PBM13545_f3392d36/fastq_pass/barcode21/PBM13545_pass_barcode21_f3392d36_eb9b0a06_57.fastq.gz	
ok	128475367	128475367	ONT	NA05164	chip1	s3://lsmc-ssf-sequencing-data/basecalls/lsmc/ssf-hq/pca100/2026/20260522_ONT_4Coriells_chip1/20260522_ONT_4Coriells_chip1/20260522_2252_2B_PBM13545_f3392d36/fastq_pass/barcode21/PBM13545_pass_barcode21_f3392d36_eb9b0a06_58.fastq.gz	
ok	106150204	106150204	ONT	NA05164	chip1	s3://lsmc-ssf-sequencing-data/basecalls/lsmc/ssf-hq/pca100/2026/20260522_ONT_4Coriells_chip1/20260522_ONT_4Coriells_chip1/20260522_2252_2B_PBM13545_f3392d36/fastq_pass/barcode21/PBM13545_pass_barcode21_f3392d36_eb9b0a06_59.fastq.gz	
ok	512442632	512442632	ONT	NA05164	chip1	s3://lsmc-ssf-sequencing-data/basecalls/lsmc/ssf-hq/pca100/2026/20260522_ONT_4Coriells_chip1/20260522_ONT_4Coriells_chip1/20260522_2252_2B_PBM13545_f3392d36/fastq_pass/barcode21/PBM13545_pass_barcode21_f3392d36_eb9b0a06_6.fastq.gz	
ok	105236432	105236432	ONT	NA05164	chip1	s3://lsmc-ssf-sequencing-data/basecalls/lsmc/ssf-hq/pca100/2026/20260522_ONT_4Coriells_chip1/20260522_ONT_4Coriells_chip1/20260522_2252_2B_PBM13545_f3392d36/fastq_pass/barcode21/PBM13545_pass_barcode21_f3392d36_eb9b0a06_60.fastq.gz	
ok	110288712	110288712	ONT	NA05164	chip1	s3://lsmc-ssf-sequencing-data/basecalls/lsmc/ssf-hq/pca100/2026/20260522_ONT_4Coriells_chip1/20260522_ONT_4Coriells_chip1/20260522_2252_2B_PBM13545_f3392d36/fastq_pass/barcode21/PBM13545_pass_barcode21_f3392d36_eb9b0a06_61.fastq.gz	
ok	85112167	85112167	ONT	NA05164	chip1	s3://lsmc-ssf-sequencing-data/basecalls/lsmc/ssf-hq/pca100/2026/20260522_ONT_4Coriells_chip1/20260522_ONT_4Coriells_chip1/20260522_2252_2B_PBM13545_f3392d36/fastq_pass/barcode21/PBM13545_pass_barcode21_f3392d36_eb9b0a06_62.fastq.gz	
ok	79899049	79899049	ONT	NA05164	chip1	s3://lsmc-ssf-sequencing-data/basecalls/lsmc/ssf-hq/pca100/2026/20260522_ONT_4Coriells_chip1/20260522_ONT_4Coriells_chip1/20260522_2252_2B_PBM13545_f3392d36/fastq_pass/barcode21/PBM13545_pass_barcode21_f3392d36_eb9b0a06_63.fastq.gz	
ok	82762635	82762635	ONT	NA05164	chip1	s3://lsmc-ssf-sequencing-data/basecalls/lsmc/ssf-hq/pca100/2026/20260522_ONT_4Coriells_chip1/20260522_ONT_4Coriells_chip1/20260522_2252_2B_PBM13545_f3392d36/fastq_pass/barcode21/PBM13545_pass_barcode21_f3392d36_eb9b0a06_64.fastq.gz	
ok	53296626	53296626	ONT	NA05164	chip1	s3://lsmc-ssf-sequencing-data/basecalls/lsmc/ssf-hq/pca100/2026/20260522_ONT_4Coriells_chip1/20260522_ONT_4Coriells_chip1/20260522_2252_2B_PBM13545_f3392d36/fastq_pass/barcode21/PBM13545_pass_barcode21_f3392d36_eb9b0a06_65.fastq.gz	
ok	44418122	44418122	ONT	NA05164	chip1	s3://lsmc-ssf-sequencing-data/basecalls/lsmc/ssf-hq/pca100/2026/20260522_ONT_4Coriells_chip1/20260522_ONT_4Coriells_chip1/20260522_2252_2B_PBM13545_f3392d36/fastq_pass/barcode21/PBM13545_pass_barcode21_f3392d36_eb9b0a06_66.fastq.gz	
ok	52827539	52827539	ONT	NA05164	chip1	s3://lsmc-ssf-sequencing-data/basecalls/lsmc/ssf-hq/pca100/2026/20260522_ONT_4Coriells_chip1/20260522_ONT_4Coriells_chip1/20260522_2252_2B_PBM13545_f3392d36/fastq_pass/barcode21/PBM13545_pass_barcode21_f3392d36_eb9b0a06_67.fastq.gz	
ok	40117380	40117380	ONT	NA05164	chip1	s3://lsmc-ssf-sequencing-data/basecalls/lsmc/ssf-hq/pca100/2026/20260522_ONT_4Coriells_chip1/20260522_ONT_4Coriells_chip1/20260522_2252_2B_PBM13545_f3392d36/fastq_pass/barcode21/PBM13545_pass_barcode21_f3392d36_eb9b0a06_68.fastq.gz	
ok	41782321	41782321	ONT	NA05164	chip1	s3://lsmc-ssf-sequencing-data/basecalls/lsmc/ssf-hq/pca100/2026/20260522_ONT_4Coriells_chip1/20260522_ONT_4Coriells_chip1/20260522_2252_2B_PBM13545_f3392d36/fastq_pass/barcode21/PBM13545_pass_barcode21_f3392d36_eb9b0a06_69.fastq.gz	
ok	528085309	528085309	ONT	NA05164	chip1	s3://lsmc-ssf-sequencing-data/basecalls/lsmc/ssf-hq/pca100/2026/20260522_ONT_4Coriells_chip1/20260522_ONT_4Coriells_chip1/20260522_2252_2B_PBM13545_f3392d36/fastq_pass/barcode21/PBM13545_pass_barcode21_f3392d36_eb9b0a06_7.fastq.gz	
ok	38413028	38413028	ONT	NA05164	chip1	s3://lsmc-ssf-sequencing-data/basecalls/lsmc/ssf-hq/pca100/2026/20260522_ONT_4Coriells_chip1/20260522_ONT_4Coriells_chip1/20260522_2252_2B_PBM13545_f3392d36/fastq_pass/barcode21/PBM13545_pass_barcode21_f3392d36_eb9b0a06_70.fastq.gz	
ok	38475655	38475655	ONT	NA05164	chip1	s3://lsmc-ssf-sequencing-data/basecalls/lsmc/ssf-hq/pca100/2026/20260522_ONT_4Coriells_chip1/20260522_ONT_4Coriells_chip1/20260522_2252_2B_PBM13545_f3392d36/fastq_pass/barcode21/PBM13545_pass_barcode21_f3392d36_eb9b0a06_71.fastq.gz	
ok	4405146	4405146	ONT	NA05164	chip1	s3://lsmc-ssf-sequencing-data/basecalls/lsmc/ssf-hq/pca100/2026/20260522_ONT_4Coriells_chip1/20260522_ONT_4Coriells_chip1/20260522_2252_2B_PBM13545_f3392d36/fastq_pass/barcode21/PBM13545_pass_barcode21_f3392d36_eb9b0a06_72.fastq.gz	
ok	504941958	504941958	ONT	NA05164	chip1	s3://lsmc-ssf-sequencing-data/basecalls/lsmc/ssf-hq/pca100/2026/20260522_ONT_4Coriells_chip1/20260522_ONT_4Coriells_chip1/20260522_2252_2B_PBM13545_f3392d36/fastq_pass/barcode21/PBM13545_pass_barcode21_f3392d36_eb9b0a06_8.fastq.gz	
ok	494638620	494638620	ONT	NA05164	chip1	s3://lsmc-ssf-sequencing-data/basecalls/lsmc/ssf-hq/pca100/2026/20260522_ONT_4Coriells_chip1/20260522_ONT_4Coriells_chip1/20260522_2252_2B_PBM13545_f3392d36/fastq_pass/barcode21/PBM13545_pass_barcode21_f3392d36_eb9b0a06_9.fastq.gz	
ok	571240702	571240702	ONT	NA05164	chip2	s3://lsmc-ssf-sequencing-data/basecalls/lsmc/ssf-hq/pca100/2026/20260522_ONT_4Coriells_chip2/20260522_ONT_4Coriells_chip2/20260523_0038_1C_PBM14931_9bbdbb3f/fastq_pass/barcode21/PBM14931_pass_barcode21_9bbdbb3f_7e492b4e_0.fastq.gz	
ok	598273566	598273566	ONT	NA05164	chip2	s3://lsmc-ssf-sequencing-data/basecalls/lsmc/ssf-hq/pca100/2026/20260522_ONT_4Coriells_chip2/20260522_ONT_4Coriells_chip2/20260523_0038_1C_PBM14931_9bbdbb3f/fastq_pass/barcode21/PBM14931_pass_barcode21_9bbdbb3f_7e492b4e_1.fastq.gz	
ok	521329699	521329699	ONT	NA05164	chip2	s3://lsmc-ssf-sequencing-data/basecalls/lsmc/ssf-hq/pca100/2026/20260522_ONT_4Coriells_chip2/20260522_ONT_4Coriells_chip2/20260523_0038_1C_PBM14931_9bbdbb3f/fastq_pass/barcode21/PBM14931_pass_barcode21_9bbdbb3f_7e492b4e_10.fastq.gz	
ok	471210063	471210063	ONT	NA05164	chip2	s3://lsmc-ssf-sequencing-data/basecalls/lsmc/ssf-hq/pca100/2026/20260522_ONT_4Coriells_chip2/20260522_ONT_4Coriells_chip2/20260523_0038_1C_PBM14931_9bbdbb3f/fastq_pass/barcode21/PBM14931_pass_barcode21_9bbdbb3f_7e492b4e_11.fastq.gz	
ok	452944507	452944507	ONT	NA05164	chip2	s3://lsmc-ssf-sequencing-data/basecalls/lsmc/ssf-hq/pca100/2026/20260522_ONT_4Coriells_chip2/20260522_ONT_4Coriells_chip2/20260523_0038_1C_PBM14931_9bbdbb3f/fastq_pass/barcode21/PBM14931_pass_barcode21_9bbdbb3f_7e492b4e_12.fastq.gz	
ok	488647651	488647651	ONT	NA05164	chip2	s3://lsmc-ssf-sequencing-data/basecalls/lsmc/ssf-hq/pca100/2026/20260522_ONT_4Coriells_chip2/20260522_ONT_4Coriells_chip2/20260523_0038_1C_PBM14931_9bbdbb3f/fastq_pass/barcode21/PBM14931_pass_barcode21_9bbdbb3f_7e492b4e_13.fastq.gz	
ok	437123266	437123266	ONT	NA05164	chip2	s3://lsmc-ssf-sequencing-data/basecalls/lsmc/ssf-hq/pca100/2026/20260522_ONT_4Coriells_chip2/20260522_ONT_4Coriells_chip2/20260523_0038_1C_PBM14931_9bbdbb3f/fastq_pass/barcode21/PBM14931_pass_barcode21_9bbdbb3f_7e492b4e_14.fastq.gz	
ok	432634378	432634378	ONT	NA05164	chip2	s3://lsmc-ssf-sequencing-data/basecalls/lsmc/ssf-hq/pca100/2026/20260522_ONT_4Coriells_chip2/20260522_ONT_4Coriells_chip2/20260523_0038_1C_PBM14931_9bbdbb3f/fastq_pass/barcode21/PBM14931_pass_barcode21_9bbdbb3f_7e492b4e_15.fastq.gz	
ok	420037405	420037405	ONT	NA05164	chip2	s3://lsmc-ssf-sequencing-data/basecalls/lsmc/ssf-hq/pca100/2026/20260522_ONT_4Coriells_chip2/20260522_ONT_4Coriells_chip2/20260523_0038_1C_PBM14931_9bbdbb3f/fastq_pass/barcode21/PBM14931_pass_barcode21_9bbdbb3f_7e492b4e_16.fastq.gz	
ok	399221988	399221988	ONT	NA05164	chip2	s3://lsmc-ssf-sequencing-data/basecalls/lsmc/ssf-hq/pca100/2026/20260522_ONT_4Coriells_chip2/20260522_ONT_4Coriells_chip2/20260523_0038_1C_PBM14931_9bbdbb3f/fastq_pass/barcode21/PBM14931_pass_barcode21_9bbdbb3f_7e492b4e_17.fastq.gz	
ok	426849758	426849758	ONT	NA05164	chip2	s3://lsmc-ssf-sequencing-data/basecalls/lsmc/ssf-hq/pca100/2026/20260522_ONT_4Coriells_chip2/20260522_ONT_4Coriells_chip2/20260523_0038_1C_PBM14931_9bbdbb3f/fastq_pass/barcode21/PBM14931_pass_barcode21_9bbdbb3f_7e492b4e_18.fastq.gz	
ok	368712040	368712040	ONT	NA05164	chip2	s3://lsmc-ssf-sequencing-data/basecalls/lsmc/ssf-hq/pca100/2026/20260522_ONT_4Coriells_chip2/20260522_ONT_4Coriells_chip2/20260523_0038_1C_PBM14931_9bbdbb3f/fastq_pass/barcode21/PBM14931_pass_barcode21_9bbdbb3f_7e492b4e_19.fastq.gz	
ok	624875016	624875016	ONT	NA05164	chip2	s3://lsmc-ssf-sequencing-data/basecalls/lsmc/ssf-hq/pca100/2026/20260522_ONT_4Coriells_chip2/20260522_ONT_4Coriells_chip2/20260523_0038_1C_PBM14931_9bbdbb3f/fastq_pass/barcode21/PBM14931_pass_barcode21_9bbdbb3f_7e492b4e_2.fastq.gz	
ok	364599641	364599641	ONT	NA05164	chip2	s3://lsmc-ssf-sequencing-data/basecalls/lsmc/ssf-hq/pca100/2026/20260522_ONT_4Coriells_chip2/20260522_ONT_4Coriells_chip2/20260523_0038_1C_PBM14931_9bbdbb3f/fastq_pass/barcode21/PBM14931_pass_barcode21_9bbdbb3f_7e492b4e_20.fastq.gz	
ok	363219229	363219229	ONT	NA05164	chip2	s3://lsmc-ssf-sequencing-data/basecalls/lsmc/ssf-hq/pca100/2026/20260522_ONT_4Coriells_chip2/20260522_ONT_4Coriells_chip2/20260523_0038_1C_PBM14931_9bbdbb3f/fastq_pass/barcode21/PBM14931_pass_barcode21_9bbdbb3f_7e492b4e_21.fastq.gz	
ok	346755942	346755942	ONT	NA05164	chip2	s3://lsmc-ssf-sequencing-data/basecalls/lsmc/ssf-hq/pca100/2026/20260522_ONT_4Coriells_chip2/20260522_ONT_4Coriells_chip2/20260523_0038_1C_PBM14931_9bbdbb3f/fastq_pass/barcode21/PBM14931_pass_barcode21_9bbdbb3f_7e492b4e_22.fastq.gz	
ok	338965159	338965159	ONT	NA05164	chip2	s3://lsmc-ssf-sequencing-data/basecalls/lsmc/ssf-hq/pca100/2026/20260522_ONT_4Coriells_chip2/20260522_ONT_4Coriells_chip2/20260523_0038_1C_PBM14931_9bbdbb3f/fastq_pass/barcode21/PBM14931_pass_barcode21_9bbdbb3f_7e492b4e_23.fastq.gz	
ok	341808521	341808521	ONT	NA05164	chip2	s3://lsmc-ssf-sequencing-data/basecalls/lsmc/ssf-hq/pca100/2026/20260522_ONT_4Coriells_chip2/20260522_ONT_4Coriells_chip2/20260523_0038_1C_PBM14931_9bbdbb3f/fastq_pass/barcode21/PBM14931_pass_barcode21_9bbdbb3f_7e492b4e_24.fastq.gz	
ok	311060811	311060811	ONT	NA05164	chip2	s3://lsmc-ssf-sequencing-data/basecalls/lsmc/ssf-hq/pca100/2026/20260522_ONT_4Coriells_chip2/20260522_ONT_4Coriells_chip2/20260523_0038_1C_PBM14931_9bbdbb3f/fastq_pass/barcode21/PBM14931_pass_barcode21_9bbdbb3f_7e492b4e_25.fastq.gz	
ok	309857000	309857000	ONT	NA05164	chip2	s3://lsmc-ssf-sequencing-data/basecalls/lsmc/ssf-hq/pca100/2026/20260522_ONT_4Coriells_chip2/20260522_ONT_4Coriells_chip2/20260523_0038_1C_PBM14931_9bbdbb3f/fastq_pass/barcode21/PBM14931_pass_barcode21_9bbdbb3f_7e492b4e_26.fastq.gz	
ok	311404391	311404391	ONT	NA05164	chip2	s3://lsmc-ssf-sequencing-data/basecalls/lsmc/ssf-hq/pca100/2026/20260522_ONT_4Coriells_chip2/20260522_ONT_4Coriells_chip2/20260523_0038_1C_PBM14931_9bbdbb3f/fastq_pass/barcode21/PBM14931_pass_barcode21_9bbdbb3f_7e492b4e_27.fastq.gz	
ok	293683137	293683137	ONT	NA05164	chip2	s3://lsmc-ssf-sequencing-data/basecalls/lsmc/ssf-hq/pca100/2026/20260522_ONT_4Coriells_chip2/20260522_ONT_4Coriells_chip2/20260523_0038_1C_PBM14931_9bbdbb3f/fastq_pass/barcode21/PBM14931_pass_barcode21_9bbdbb3f_7e492b4e_28.fastq.gz	
ok	289928660	289928660	ONT	NA05164	chip2	s3://lsmc-ssf-sequencing-data/basecalls/lsmc/ssf-hq/pca100/2026/20260522_ONT_4Coriells_chip2/20260522_ONT_4Coriells_chip2/20260523_0038_1C_PBM14931_9bbdbb3f/fastq_pass/barcode21/PBM14931_pass_barcode21_9bbdbb3f_7e492b4e_29.fastq.gz	
ok	589067933	589067933	ONT	NA05164	chip2	s3://lsmc-ssf-sequencing-data/basecalls/lsmc/ssf-hq/pca100/2026/20260522_ONT_4Coriells_chip2/20260522_ONT_4Coriells_chip2/20260523_0038_1C_PBM14931_9bbdbb3f/fastq_pass/barcode21/PBM14931_pass_barcode21_9bbdbb3f_7e492b4e_3.fastq.gz	
ok	285986407	285986407	ONT	NA05164	chip2	s3://lsmc-ssf-sequencing-data/basecalls/lsmc/ssf-hq/pca100/2026/20260522_ONT_4Coriells_chip2/20260522_ONT_4Coriells_chip2/20260523_0038_1C_PBM14931_9bbdbb3f/fastq_pass/barcode21/PBM14931_pass_barcode21_9bbdbb3f_7e492b4e_30.fastq.gz	
ok	272060005	272060005	ONT	NA05164	chip2	s3://lsmc-ssf-sequencing-data/basecalls/lsmc/ssf-hq/pca100/2026/20260522_ONT_4Coriells_chip2/20260522_ONT_4Coriells_chip2/20260523_0038_1C_PBM14931_9bbdbb3f/fastq_pass/barcode21/PBM14931_pass_barcode21_9bbdbb3f_7e492b4e_31.fastq.gz	
ok	272478257	272478257	ONT	NA05164	chip2	s3://lsmc-ssf-sequencing-data/basecalls/lsmc/ssf-hq/pca100/2026/20260522_ONT_4Coriells_chip2/20260522_ONT_4Coriells_chip2/20260523_0038_1C_PBM14931_9bbdbb3f/fastq_pass/barcode21/PBM14931_pass_barcode21_9bbdbb3f_7e492b4e_32.fastq.gz	
ok	241566299	241566299	ONT	NA05164	chip2	s3://lsmc-ssf-sequencing-data/basecalls/lsmc/ssf-hq/pca100/2026/20260522_ONT_4Coriells_chip2/20260522_ONT_4Coriells_chip2/20260523_0038_1C_PBM14931_9bbdbb3f/fastq_pass/barcode21/PBM14931_pass_barcode21_9bbdbb3f_7e492b4e_33.fastq.gz	
ok	239960591	239960591	ONT	NA05164	chip2	s3://lsmc-ssf-sequencing-data/basecalls/lsmc/ssf-hq/pca100/2026/20260522_ONT_4Coriells_chip2/20260522_ONT_4Coriells_chip2/20260523_0038_1C_PBM14931_9bbdbb3f/fastq_pass/barcode21/PBM14931_pass_barcode21_9bbdbb3f_7e492b4e_34.fastq.gz	
ok	247049732	247049732	ONT	NA05164	chip2	s3://lsmc-ssf-sequencing-data/basecalls/lsmc/ssf-hq/pca100/2026/20260522_ONT_4Coriells_chip2/20260522_ONT_4Coriells_chip2/20260523_0038_1C_PBM14931_9bbdbb3f/fastq_pass/barcode21/PBM14931_pass_barcode21_9bbdbb3f_7e492b4e_35.fastq.gz	
ok	230431960	230431960	ONT	NA05164	chip2	s3://lsmc-ssf-sequencing-data/basecalls/lsmc/ssf-hq/pca100/2026/20260522_ONT_4Coriells_chip2/20260522_ONT_4Coriells_chip2/20260523_0038_1C_PBM14931_9bbdbb3f/fastq_pass/barcode21/PBM14931_pass_barcode21_9bbdbb3f_7e492b4e_36.fastq.gz	
ok	223722754	223722754	ONT	NA05164	chip2	s3://lsmc-ssf-sequencing-data/basecalls/lsmc/ssf-hq/pca100/2026/20260522_ONT_4Coriells_chip2/20260522_ONT_4Coriells_chip2/20260523_0038_1C_PBM14931_9bbdbb3f/fastq_pass/barcode21/PBM14931_pass_barcode21_9bbdbb3f_7e492b4e_37.fastq.gz	
ok	206436239	206436239	ONT	NA05164	chip2	s3://lsmc-ssf-sequencing-data/basecalls/lsmc/ssf-hq/pca100/2026/20260522_ONT_4Coriells_chip2/20260522_ONT_4Coriells_chip2/20260523_0038_1C_PBM14931_9bbdbb3f/fastq_pass/barcode21/PBM14931_pass_barcode21_9bbdbb3f_7e492b4e_38.fastq.gz	
ok	207318327	207318327	ONT	NA05164	chip2	s3://lsmc-ssf-sequencing-data/basecalls/lsmc/ssf-hq/pca100/2026/20260522_ONT_4Coriells_chip2/20260522_ONT_4Coriells_chip2/20260523_0038_1C_PBM14931_9bbdbb3f/fastq_pass/barcode21/PBM14931_pass_barcode21_9bbdbb3f_7e492b4e_39.fastq.gz	
ok	575820995	575820995	ONT	NA05164	chip2	s3://lsmc-ssf-sequencing-data/basecalls/lsmc/ssf-hq/pca100/2026/20260522_ONT_4Coriells_chip2/20260522_ONT_4Coriells_chip2/20260523_0038_1C_PBM14931_9bbdbb3f/fastq_pass/barcode21/PBM14931_pass_barcode21_9bbdbb3f_7e492b4e_4.fastq.gz	
ok	231927864	231927864	ONT	NA05164	chip2	s3://lsmc-ssf-sequencing-data/basecalls/lsmc/ssf-hq/pca100/2026/20260522_ONT_4Coriells_chip2/20260522_ONT_4Coriells_chip2/20260523_0038_1C_PBM14931_9bbdbb3f/fastq_pass/barcode21/PBM14931_pass_barcode21_9bbdbb3f_7e492b4e_40.fastq.gz	
ok	199350901	199350901	ONT	NA05164	chip2	s3://lsmc-ssf-sequencing-data/basecalls/lsmc/ssf-hq/pca100/2026/20260522_ONT_4Coriells_chip2/20260522_ONT_4Coriells_chip2/20260523_0038_1C_PBM14931_9bbdbb3f/fastq_pass/barcode21/PBM14931_pass_barcode21_9bbdbb3f_7e492b4e_41.fastq.gz	
ok	182424182	182424182	ONT	NA05164	chip2	s3://lsmc-ssf-sequencing-data/basecalls/lsmc/ssf-hq/pca100/2026/20260522_ONT_4Coriells_chip2/20260522_ONT_4Coriells_chip2/20260523_0038_1C_PBM14931_9bbdbb3f/fastq_pass/barcode21/PBM14931_pass_barcode21_9bbdbb3f_7e492b4e_42.fastq.gz	
ok	198922460	198922460	ONT	NA05164	chip2	s3://lsmc-ssf-sequencing-data/basecalls/lsmc/ssf-hq/pca100/2026/20260522_ONT_4Coriells_chip2/20260522_ONT_4Coriells_chip2/20260523_0038_1C_PBM14931_9bbdbb3f/fastq_pass/barcode21/PBM14931_pass_barcode21_9bbdbb3f_7e492b4e_43.fastq.gz	
ok	179815544	179815544	ONT	NA05164	chip2	s3://lsmc-ssf-sequencing-data/basecalls/lsmc/ssf-hq/pca100/2026/20260522_ONT_4Coriells_chip2/20260522_ONT_4Coriells_chip2/20260523_0038_1C_PBM14931_9bbdbb3f/fastq_pass/barcode21/PBM14931_pass_barcode21_9bbdbb3f_7e492b4e_44.fastq.gz	
ok	184632227	184632227	ONT	NA05164	chip2	s3://lsmc-ssf-sequencing-data/basecalls/lsmc/ssf-hq/pca100/2026/20260522_ONT_4Coriells_chip2/20260522_ONT_4Coriells_chip2/20260523_0038_1C_PBM14931_9bbdbb3f/fastq_pass/barcode21/PBM14931_pass_barcode21_9bbdbb3f_7e492b4e_45.fastq.gz	
ok	167742728	167742728	ONT	NA05164	chip2	s3://lsmc-ssf-sequencing-data/basecalls/lsmc/ssf-hq/pca100/2026/20260522_ONT_4Coriells_chip2/20260522_ONT_4Coriells_chip2/20260523_0038_1C_PBM14931_9bbdbb3f/fastq_pass/barcode21/PBM14931_pass_barcode21_9bbdbb3f_7e492b4e_46.fastq.gz	
ok	152885358	152885358	ONT	NA05164	chip2	s3://lsmc-ssf-sequencing-data/basecalls/lsmc/ssf-hq/pca100/2026/20260522_ONT_4Coriells_chip2/20260522_ONT_4Coriells_chip2/20260523_0038_1C_PBM14931_9bbdbb3f/fastq_pass/barcode21/PBM14931_pass_barcode21_9bbdbb3f_7e492b4e_47.fastq.gz	
ok	151357368	151357368	ONT	NA05164	chip2	s3://lsmc-ssf-sequencing-data/basecalls/lsmc/ssf-hq/pca100/2026/20260522_ONT_4Coriells_chip2/20260522_ONT_4Coriells_chip2/20260523_0038_1C_PBM14931_9bbdbb3f/fastq_pass/barcode21/PBM14931_pass_barcode21_9bbdbb3f_7e492b4e_48.fastq.gz	
ok	152879698	152879698	ONT	NA05164	chip2	s3://lsmc-ssf-sequencing-data/basecalls/lsmc/ssf-hq/pca100/2026/20260522_ONT_4Coriells_chip2/20260522_ONT_4Coriells_chip2/20260523_0038_1C_PBM14931_9bbdbb3f/fastq_pass/barcode21/PBM14931_pass_barcode21_9bbdbb3f_7e492b4e_49.fastq.gz	
ok	584499622	584499622	ONT	NA05164	chip2	s3://lsmc-ssf-sequencing-data/basecalls/lsmc/ssf-hq/pca100/2026/20260522_ONT_4Coriells_chip2/20260522_ONT_4Coriells_chip2/20260523_0038_1C_PBM14931_9bbdbb3f/fastq_pass/barcode21/PBM14931_pass_barcode21_9bbdbb3f_7e492b4e_5.fastq.gz	
ok	143345085	143345085	ONT	NA05164	chip2	s3://lsmc-ssf-sequencing-data/basecalls/lsmc/ssf-hq/pca100/2026/20260522_ONT_4Coriells_chip2/20260522_ONT_4Coriells_chip2/20260523_0038_1C_PBM14931_9bbdbb3f/fastq_pass/barcode21/PBM14931_pass_barcode21_9bbdbb3f_7e492b4e_50.fastq.gz	
ok	147905960	147905960	ONT	NA05164	chip2	s3://lsmc-ssf-sequencing-data/basecalls/lsmc/ssf-hq/pca100/2026/20260522_ONT_4Coriells_chip2/20260522_ONT_4Coriells_chip2/20260523_0038_1C_PBM14931_9bbdbb3f/fastq_pass/barcode21/PBM14931_pass_barcode21_9bbdbb3f_7e492b4e_51.fastq.gz	
ok	127353711	127353711	ONT	NA05164	chip2	s3://lsmc-ssf-sequencing-data/basecalls/lsmc/ssf-hq/pca100/2026/20260522_ONT_4Coriells_chip2/20260522_ONT_4Coriells_chip2/20260523_0038_1C_PBM14931_9bbdbb3f/fastq_pass/barcode21/PBM14931_pass_barcode21_9bbdbb3f_7e492b4e_52.fastq.gz	
ok	122418431	122418431	ONT	NA05164	chip2	s3://lsmc-ssf-sequencing-data/basecalls/lsmc/ssf-hq/pca100/2026/20260522_ONT_4Coriells_chip2/20260522_ONT_4Coriells_chip2/20260523_0038_1C_PBM14931_9bbdbb3f/fastq_pass/barcode21/PBM14931_pass_barcode21_9bbdbb3f_7e492b4e_53.fastq.gz	
ok	124264299	124264299	ONT	NA05164	chip2	s3://lsmc-ssf-sequencing-data/basecalls/lsmc/ssf-hq/pca100/2026/20260522_ONT_4Coriells_chip2/20260522_ONT_4Coriells_chip2/20260523_0038_1C_PBM14931_9bbdbb3f/fastq_pass/barcode21/PBM14931_pass_barcode21_9bbdbb3f_7e492b4e_54.fastq.gz	
ok	113496272	113496272	ONT	NA05164	chip2	s3://lsmc-ssf-sequencing-data/basecalls/lsmc/ssf-hq/pca100/2026/20260522_ONT_4Coriells_chip2/20260522_ONT_4Coriells_chip2/20260523_0038_1C_PBM14931_9bbdbb3f/fastq_pass/barcode21/PBM14931_pass_barcode21_9bbdbb3f_7e492b4e_55.fastq.gz	
ok	115146353	115146353	ONT	NA05164	chip2	s3://lsmc-ssf-sequencing-data/basecalls/lsmc/ssf-hq/pca100/2026/20260522_ONT_4Coriells_chip2/20260522_ONT_4Coriells_chip2/20260523_0038_1C_PBM14931_9bbdbb3f/fastq_pass/barcode21/PBM14931_pass_barcode21_9bbdbb3f_7e492b4e_56.fastq.gz	
ok	99928069	99928069	ONT	NA05164	chip2	s3://lsmc-ssf-sequencing-data/basecalls/lsmc/ssf-hq/pca100/2026/20260522_ONT_4Coriells_chip2/20260522_ONT_4Coriells_chip2/20260523_0038_1C_PBM14931_9bbdbb3f/fastq_pass/barcode21/PBM14931_pass_barcode21_9bbdbb3f_7e492b4e_57.fastq.gz	
ok	91029450	91029450	ONT	NA05164	chip2	s3://lsmc-ssf-sequencing-data/basecalls/lsmc/ssf-hq/pca100/2026/20260522_ONT_4Coriells_chip2/20260522_ONT_4Coriells_chip2/20260523_0038_1C_PBM14931_9bbdbb3f/fastq_pass/barcode21/PBM14931_pass_barcode21_9bbdbb3f_7e492b4e_58.fastq.gz	
ok	98482661	98482661	ONT	NA05164	chip2	s3://lsmc-ssf-sequencing-data/basecalls/lsmc/ssf-hq/pca100/2026/20260522_ONT_4Coriells_chip2/20260522_ONT_4Coriells_chip2/20260523_0038_1C_PBM14931_9bbdbb3f/fastq_pass/barcode21/PBM14931_pass_barcode21_9bbdbb3f_7e492b4e_59.fastq.gz	
ok	545835354	545835354	ONT	NA05164	chip2	s3://lsmc-ssf-sequencing-data/basecalls/lsmc/ssf-hq/pca100/2026/20260522_ONT_4Coriells_chip2/20260522_ONT_4Coriells_chip2/20260523_0038_1C_PBM14931_9bbdbb3f/fastq_pass/barcode21/PBM14931_pass_barcode21_9bbdbb3f_7e492b4e_6.fastq.gz	
ok	72112332	72112332	ONT	NA05164	chip2	s3://lsmc-ssf-sequencing-data/basecalls/lsmc/ssf-hq/pca100/2026/20260522_ONT_4Coriells_chip2/20260522_ONT_4Coriells_chip2/20260523_0038_1C_PBM14931_9bbdbb3f/fastq_pass/barcode21/PBM14931_pass_barcode21_9bbdbb3f_7e492b4e_60.fastq.gz	
ok	62695577	62695577	ONT	NA05164	chip2	s3://lsmc-ssf-sequencing-data/basecalls/lsmc/ssf-hq/pca100/2026/20260522_ONT_4Coriells_chip2/20260522_ONT_4Coriells_chip2/20260523_0038_1C_PBM14931_9bbdbb3f/fastq_pass/barcode21/PBM14931_pass_barcode21_9bbdbb3f_7e492b4e_61.fastq.gz	
ok	67407857	67407857	ONT	NA05164	chip2	s3://lsmc-ssf-sequencing-data/basecalls/lsmc/ssf-hq/pca100/2026/20260522_ONT_4Coriells_chip2/20260522_ONT_4Coriells_chip2/20260523_0038_1C_PBM14931_9bbdbb3f/fastq_pass/barcode21/PBM14931_pass_barcode21_9bbdbb3f_7e492b4e_62.fastq.gz	
ok	56457044	56457044	ONT	NA05164	chip2	s3://lsmc-ssf-sequencing-data/basecalls/lsmc/ssf-hq/pca100/2026/20260522_ONT_4Coriells_chip2/20260522_ONT_4Coriells_chip2/20260523_0038_1C_PBM14931_9bbdbb3f/fastq_pass/barcode21/PBM14931_pass_barcode21_9bbdbb3f_7e492b4e_63.fastq.gz	
ok	49968958	49968958	ONT	NA05164	chip2	s3://lsmc-ssf-sequencing-data/basecalls/lsmc/ssf-hq/pca100/2026/20260522_ONT_4Coriells_chip2/20260522_ONT_4Coriells_chip2/20260523_0038_1C_PBM14931_9bbdbb3f/fastq_pass/barcode21/PBM14931_pass_barcode21_9bbdbb3f_7e492b4e_64.fastq.gz	
ok	44699457	44699457	ONT	NA05164	chip2	s3://lsmc-ssf-sequencing-data/basecalls/lsmc/ssf-hq/pca100/2026/20260522_ONT_4Coriells_chip2/20260522_ONT_4Coriells_chip2/20260523_0038_1C_PBM14931_9bbdbb3f/fastq_pass/barcode21/PBM14931_pass_barcode21_9bbdbb3f_7e492b4e_65.fastq.gz	
ok	37153881	37153881	ONT	NA05164	chip2	s3://lsmc-ssf-sequencing-data/basecalls/lsmc/ssf-hq/pca100/2026/20260522_ONT_4Coriells_chip2/20260522_ONT_4Coriells_chip2/20260523_0038_1C_PBM14931_9bbdbb3f/fastq_pass/barcode21/PBM14931_pass_barcode21_9bbdbb3f_7e492b4e_66.fastq.gz	
ok	42046850	42046850	ONT	NA05164	chip2	s3://lsmc-ssf-sequencing-data/basecalls/lsmc/ssf-hq/pca100/2026/20260522_ONT_4Coriells_chip2/20260522_ONT_4Coriells_chip2/20260523_0038_1C_PBM14931_9bbdbb3f/fastq_pass/barcode21/PBM14931_pass_barcode21_9bbdbb3f_7e492b4e_67.fastq.gz	
ok	33137277	33137277	ONT	NA05164	chip2	s3://lsmc-ssf-sequencing-data/basecalls/lsmc/ssf-hq/pca100/2026/20260522_ONT_4Coriells_chip2/20260522_ONT_4Coriells_chip2/20260523_0038_1C_PBM14931_9bbdbb3f/fastq_pass/barcode21/PBM14931_pass_barcode21_9bbdbb3f_7e492b4e_68.fastq.gz	
ok	31747053	31747053	ONT	NA05164	chip2	s3://lsmc-ssf-sequencing-data/basecalls/lsmc/ssf-hq/pca100/2026/20260522_ONT_4Coriells_chip2/20260522_ONT_4Coriells_chip2/20260523_0038_1C_PBM14931_9bbdbb3f/fastq_pass/barcode21/PBM14931_pass_barcode21_9bbdbb3f_7e492b4e_69.fastq.gz	
ok	543079807	543079807	ONT	NA05164	chip2	s3://lsmc-ssf-sequencing-data/basecalls/lsmc/ssf-hq/pca100/2026/20260522_ONT_4Coriells_chip2/20260522_ONT_4Coriells_chip2/20260523_0038_1C_PBM14931_9bbdbb3f/fastq_pass/barcode21/PBM14931_pass_barcode21_9bbdbb3f_7e492b4e_7.fastq.gz	
ok	31991376	31991376	ONT	NA05164	chip2	s3://lsmc-ssf-sequencing-data/basecalls/lsmc/ssf-hq/pca100/2026/20260522_ONT_4Coriells_chip2/20260522_ONT_4Coriells_chip2/20260523_0038_1C_PBM14931_9bbdbb3f/fastq_pass/barcode21/PBM14931_pass_barcode21_9bbdbb3f_7e492b4e_70.fastq.gz	
ok	26532740	26532740	ONT	NA05164	chip2	s3://lsmc-ssf-sequencing-data/basecalls/lsmc/ssf-hq/pca100/2026/20260522_ONT_4Coriells_chip2/20260522_ONT_4Coriells_chip2/20260523_0038_1C_PBM14931_9bbdbb3f/fastq_pass/barcode21/PBM14931_pass_barcode21_9bbdbb3f_7e492b4e_71.fastq.gz	
ok	1051289	1051289	ONT	NA05164	chip2	s3://lsmc-ssf-sequencing-data/basecalls/lsmc/ssf-hq/pca100/2026/20260522_ONT_4Coriells_chip2/20260522_ONT_4Coriells_chip2/20260523_0038_1C_PBM14931_9bbdbb3f/fastq_pass/barcode21/PBM14931_pass_barcode21_9bbdbb3f_7e492b4e_72.fastq.gz	
ok	532941273	532941273	ONT	NA05164	chip2	s3://lsmc-ssf-sequencing-data/basecalls/lsmc/ssf-hq/pca100/2026/20260522_ONT_4Coriells_chip2/20260522_ONT_4Coriells_chip2/20260523_0038_1C_PBM14931_9bbdbb3f/fastq_pass/barcode21/PBM14931_pass_barcode21_9bbdbb3f_7e492b4e_8.fastq.gz	
ok	504559270	504559270	ONT	NA05164	chip2	s3://lsmc-ssf-sequencing-data/basecalls/lsmc/ssf-hq/pca100/2026/20260522_ONT_4Coriells_chip2/20260522_ONT_4Coriells_chip2/20260523_0038_1C_PBM14931_9bbdbb3f/fastq_pass/barcode21/PBM14931_pass_barcode21_9bbdbb3f_7e492b4e_9.fastq.gz	
ok	550017944	550017944	ONT	NA05164	chip4	s3://lsmc-ssf-sequencing-data/basecalls/lsmc/ssf-hq/pca100/2026/20260522_ONT_4Coriells_chip4/20260522_ONT_4Coriells_chip4/20260523_0039_3E_PBM13048_8867cb21/fastq_pass/barcode21/PBM13048_pass_barcode21_8867cb21_f20c3bb7_0.fastq.gz	
ok	583108287	583108287	ONT	NA05164	chip4	s3://lsmc-ssf-sequencing-data/basecalls/lsmc/ssf-hq/pca100/2026/20260522_ONT_4Coriells_chip4/20260522_ONT_4Coriells_chip4/20260523_0039_3E_PBM13048_8867cb21/fastq_pass/barcode21/PBM13048_pass_barcode21_8867cb21_f20c3bb7_1.fastq.gz	
ok	500185258	500185258	ONT	NA05164	chip4	s3://lsmc-ssf-sequencing-data/basecalls/lsmc/ssf-hq/pca100/2026/20260522_ONT_4Coriells_chip4/20260522_ONT_4Coriells_chip4/20260523_0039_3E_PBM13048_8867cb21/fastq_pass/barcode21/PBM13048_pass_barcode21_8867cb21_f20c3bb7_10.fastq.gz	
ok	466288731	466288731	ONT	NA05164	chip4	s3://lsmc-ssf-sequencing-data/basecalls/lsmc/ssf-hq/pca100/2026/20260522_ONT_4Coriells_chip4/20260522_ONT_4Coriells_chip4/20260523_0039_3E_PBM13048_8867cb21/fastq_pass/barcode21/PBM13048_pass_barcode21_8867cb21_f20c3bb7_11.fastq.gz	
ok	448991938	448991938	ONT	NA05164	chip4	s3://lsmc-ssf-sequencing-data/basecalls/lsmc/ssf-hq/pca100/2026/20260522_ONT_4Coriells_chip4/20260522_ONT_4Coriells_chip4/20260523_0039_3E_PBM13048_8867cb21/fastq_pass/barcode21/PBM13048_pass_barcode21_8867cb21_f20c3bb7_12.fastq.gz	
ok	476317269	476317269	ONT	NA05164	chip4	s3://lsmc-ssf-sequencing-data/basecalls/lsmc/ssf-hq/pca100/2026/20260522_ONT_4Coriells_chip4/20260522_ONT_4Coriells_chip4/20260523_0039_3E_PBM13048_8867cb21/fastq_pass/barcode21/PBM13048_pass_barcode21_8867cb21_f20c3bb7_13.fastq.gz	
ok	423437597	423437597	ONT	NA05164	chip4	s3://lsmc-ssf-sequencing-data/basecalls/lsmc/ssf-hq/pca100/2026/20260522_ONT_4Coriells_chip4/20260522_ONT_4Coriells_chip4/20260523_0039_3E_PBM13048_8867cb21/fastq_pass/barcode21/PBM13048_pass_barcode21_8867cb21_f20c3bb7_14.fastq.gz	
ok	405804784	405804784	ONT	NA05164	chip4	s3://lsmc-ssf-sequencing-data/basecalls/lsmc/ssf-hq/pca100/2026/20260522_ONT_4Coriells_chip4/20260522_ONT_4Coriells_chip4/20260523_0039_3E_PBM13048_8867cb21/fastq_pass/barcode21/PBM13048_pass_barcode21_8867cb21_f20c3bb7_15.fastq.gz	
ok	412940822	412940822	ONT	NA05164	chip4	s3://lsmc-ssf-sequencing-data/basecalls/lsmc/ssf-hq/pca100/2026/20260522_ONT_4Coriells_chip4/20260522_ONT_4Coriells_chip4/20260523_0039_3E_PBM13048_8867cb21/fastq_pass/barcode21/PBM13048_pass_barcode21_8867cb21_f20c3bb7_16.fastq.gz	
ok	383639882	383639882	ONT	NA05164	chip4	s3://lsmc-ssf-sequencing-data/basecalls/lsmc/ssf-hq/pca100/2026/20260522_ONT_4Coriells_chip4/20260522_ONT_4Coriells_chip4/20260523_0039_3E_PBM13048_8867cb21/fastq_pass/barcode21/PBM13048_pass_barcode21_8867cb21_f20c3bb7_17.fastq.gz	
ok	395448787	395448787	ONT	NA05164	chip4	s3://lsmc-ssf-sequencing-data/basecalls/lsmc/ssf-hq/pca100/2026/20260522_ONT_4Coriells_chip4/20260522_ONT_4Coriells_chip4/20260523_0039_3E_PBM13048_8867cb21/fastq_pass/barcode21/PBM13048_pass_barcode21_8867cb21_f20c3bb7_18.fastq.gz	
ok	371709459	371709459	ONT	NA05164	chip4	s3://lsmc-ssf-sequencing-data/basecalls/lsmc/ssf-hq/pca100/2026/20260522_ONT_4Coriells_chip4/20260522_ONT_4Coriells_chip4/20260523_0039_3E_PBM13048_8867cb21/fastq_pass/barcode21/PBM13048_pass_barcode21_8867cb21_f20c3bb7_19.fastq.gz	
ok	608303632	608303632	ONT	NA05164	chip4	s3://lsmc-ssf-sequencing-data/basecalls/lsmc/ssf-hq/pca100/2026/20260522_ONT_4Coriells_chip4/20260522_ONT_4Coriells_chip4/20260523_0039_3E_PBM13048_8867cb21/fastq_pass/barcode21/PBM13048_pass_barcode21_8867cb21_f20c3bb7_2.fastq.gz	
ok	361711892	361711892	ONT	NA05164	chip4	s3://lsmc-ssf-sequencing-data/basecalls/lsmc/ssf-hq/pca100/2026/20260522_ONT_4Coriells_chip4/20260522_ONT_4Coriells_chip4/20260523_0039_3E_PBM13048_8867cb21/fastq_pass/barcode21/PBM13048_pass_barcode21_8867cb21_f20c3bb7_20.fastq.gz	
ok	353803449	353803449	ONT	NA05164	chip4	s3://lsmc-ssf-sequencing-data/basecalls/lsmc/ssf-hq/pca100/2026/20260522_ONT_4Coriells_chip4/20260522_ONT_4Coriells_chip4/20260523_0039_3E_PBM13048_8867cb21/fastq_pass/barcode21/PBM13048_pass_barcode21_8867cb21_f20c3bb7_21.fastq.gz	
ok	329117447	329117447	ONT	NA05164	chip4	s3://lsmc-ssf-sequencing-data/basecalls/lsmc/ssf-hq/pca100/2026/20260522_ONT_4Coriells_chip4/20260522_ONT_4Coriells_chip4/20260523_0039_3E_PBM13048_8867cb21/fastq_pass/barcode21/PBM13048_pass_barcode21_8867cb21_f20c3bb7_22.fastq.gz	
ok	318156934	318156934	ONT	NA05164	chip4	s3://lsmc-ssf-sequencing-data/basecalls/lsmc/ssf-hq/pca100/2026/20260522_ONT_4Coriells_chip4/20260522_ONT_4Coriells_chip4/20260523_0039_3E_PBM13048_8867cb21/fastq_pass/barcode21/PBM13048_pass_barcode21_8867cb21_f20c3bb7_23.fastq.gz	
ok	314781170	314781170	ONT	NA05164	chip4	s3://lsmc-ssf-sequencing-data/basecalls/lsmc/ssf-hq/pca100/2026/20260522_ONT_4Coriells_chip4/20260522_ONT_4Coriells_chip4/20260523_0039_3E_PBM13048_8867cb21/fastq_pass/barcode21/PBM13048_pass_barcode21_8867cb21_f20c3bb7_24.fastq.gz	
ok	286390887	286390887	ONT	NA05164	chip4	s3://lsmc-ssf-sequencing-data/basecalls/lsmc/ssf-hq/pca100/2026/20260522_ONT_4Coriells_chip4/20260522_ONT_4Coriells_chip4/20260523_0039_3E_PBM13048_8867cb21/fastq_pass/barcode21/PBM13048_pass_barcode21_8867cb21_f20c3bb7_25.fastq.gz	
ok	289962336	289962336	ONT	NA05164	chip4	s3://lsmc-ssf-sequencing-data/basecalls/lsmc/ssf-hq/pca100/2026/20260522_ONT_4Coriells_chip4/20260522_ONT_4Coriells_chip4/20260523_0039_3E_PBM13048_8867cb21/fastq_pass/barcode21/PBM13048_pass_barcode21_8867cb21_f20c3bb7_26.fastq.gz	
ok	283037335	283037335	ONT	NA05164	chip4	s3://lsmc-ssf-sequencing-data/basecalls/lsmc/ssf-hq/pca100/2026/20260522_ONT_4Coriells_chip4/20260522_ONT_4Coriells_chip4/20260523_0039_3E_PBM13048_8867cb21/fastq_pass/barcode21/PBM13048_pass_barcode21_8867cb21_f20c3bb7_27.fastq.gz	
ok	266674760	266674760	ONT	NA05164	chip4	s3://lsmc-ssf-sequencing-data/basecalls/lsmc/ssf-hq/pca100/2026/20260522_ONT_4Coriells_chip4/20260522_ONT_4Coriells_chip4/20260523_0039_3E_PBM13048_8867cb21/fastq_pass/barcode21/PBM13048_pass_barcode21_8867cb21_f20c3bb7_28.fastq.gz	
ok	264573468	264573468	ONT	NA05164	chip4	s3://lsmc-ssf-sequencing-data/basecalls/lsmc/ssf-hq/pca100/2026/20260522_ONT_4Coriells_chip4/20260522_ONT_4Coriells_chip4/20260523_0039_3E_PBM13048_8867cb21/fastq_pass/barcode21/PBM13048_pass_barcode21_8867cb21_f20c3bb7_29.fastq.gz	
ok	578878396	578878396	ONT	NA05164	chip4	s3://lsmc-ssf-sequencing-data/basecalls/lsmc/ssf-hq/pca100/2026/20260522_ONT_4Coriells_chip4/20260522_ONT_4Coriells_chip4/20260523_0039_3E_PBM13048_8867cb21/fastq_pass/barcode21/PBM13048_pass_barcode21_8867cb21_f20c3bb7_3.fastq.gz	
ok	255576457	255576457	ONT	NA05164	chip4	s3://lsmc-ssf-sequencing-data/basecalls/lsmc/ssf-hq/pca100/2026/20260522_ONT_4Coriells_chip4/20260522_ONT_4Coriells_chip4/20260523_0039_3E_PBM13048_8867cb21/fastq_pass/barcode21/PBM13048_pass_barcode21_8867cb21_f20c3bb7_30.fastq.gz	
ok	244736842	244736842	ONT	NA05164	chip4	s3://lsmc-ssf-sequencing-data/basecalls/lsmc/ssf-hq/pca100/2026/20260522_ONT_4Coriells_chip4/20260522_ONT_4Coriells_chip4/20260523_0039_3E_PBM13048_8867cb21/fastq_pass/barcode21/PBM13048_pass_barcode21_8867cb21_f20c3bb7_31.fastq.gz	
ok	242561697	242561697	ONT	NA05164	chip4	s3://lsmc-ssf-sequencing-data/basecalls/lsmc/ssf-hq/pca100/2026/20260522_ONT_4Coriells_chip4/20260522_ONT_4Coriells_chip4/20260523_0039_3E_PBM13048_8867cb21/fastq_pass/barcode21/PBM13048_pass_barcode21_8867cb21_f20c3bb7_32.fastq.gz	
ok	221515574	221515574	ONT	NA05164	chip4	s3://lsmc-ssf-sequencing-data/basecalls/lsmc/ssf-hq/pca100/2026/20260522_ONT_4Coriells_chip4/20260522_ONT_4Coriells_chip4/20260523_0039_3E_PBM13048_8867cb21/fastq_pass/barcode21/PBM13048_pass_barcode21_8867cb21_f20c3bb7_33.fastq.gz	
ok	228769517	228769517	ONT	NA05164	chip4	s3://lsmc-ssf-sequencing-data/basecalls/lsmc/ssf-hq/pca100/2026/20260522_ONT_4Coriells_chip4/20260522_ONT_4Coriells_chip4/20260523_0039_3E_PBM13048_8867cb21/fastq_pass/barcode21/PBM13048_pass_barcode21_8867cb21_f20c3bb7_34.fastq.gz	
ok	212499274	212499274	ONT	NA05164	chip4	s3://lsmc-ssf-sequencing-data/basecalls/lsmc/ssf-hq/pca100/2026/20260522_ONT_4Coriells_chip4/20260522_ONT_4Coriells_chip4/20260523_0039_3E_PBM13048_8867cb21/fastq_pass/barcode21/PBM13048_pass_barcode21_8867cb21_f20c3bb7_35.fastq.gz	
ok	202284038	202284038	ONT	NA05164	chip4	s3://lsmc-ssf-sequencing-data/basecalls/lsmc/ssf-hq/pca100/2026/20260522_ONT_4Coriells_chip4/20260522_ONT_4Coriells_chip4/20260523_0039_3E_PBM13048_8867cb21/fastq_pass/barcode21/PBM13048_pass_barcode21_8867cb21_f20c3bb7_36.fastq.gz	
ok	199941364	199941364	ONT	NA05164	chip4	s3://lsmc-ssf-sequencing-data/basecalls/lsmc/ssf-hq/pca100/2026/20260522_ONT_4Coriells_chip4/20260522_ONT_4Coriells_chip4/20260523_0039_3E_PBM13048_8867cb21/fastq_pass/barcode21/PBM13048_pass_barcode21_8867cb21_f20c3bb7_37.fastq.gz	
ok	179152432	179152432	ONT	NA05164	chip4	s3://lsmc-ssf-sequencing-data/basecalls/lsmc/ssf-hq/pca100/2026/20260522_ONT_4Coriells_chip4/20260522_ONT_4Coriells_chip4/20260523_0039_3E_PBM13048_8867cb21/fastq_pass/barcode21/PBM13048_pass_barcode21_8867cb21_f20c3bb7_38.fastq.gz	
ok	181519125	181519125	ONT	NA05164	chip4	s3://lsmc-ssf-sequencing-data/basecalls/lsmc/ssf-hq/pca100/2026/20260522_ONT_4Coriells_chip4/20260522_ONT_4Coriells_chip4/20260523_0039_3E_PBM13048_8867cb21/fastq_pass/barcode21/PBM13048_pass_barcode21_8867cb21_f20c3bb7_39.fastq.gz	
ok	573303532	573303532	ONT	NA05164	chip4	s3://lsmc-ssf-sequencing-data/basecalls/lsmc/ssf-hq/pca100/2026/20260522_ONT_4Coriells_chip4/20260522_ONT_4Coriells_chip4/20260523_0039_3E_PBM13048_8867cb21/fastq_pass/barcode21/PBM13048_pass_barcode21_8867cb21_f20c3bb7_4.fastq.gz	
ok	192179742	192179742	ONT	NA05164	chip4	s3://lsmc-ssf-sequencing-data/basecalls/lsmc/ssf-hq/pca100/2026/20260522_ONT_4Coriells_chip4/20260522_ONT_4Coriells_chip4/20260523_0039_3E_PBM13048_8867cb21/fastq_pass/barcode21/PBM13048_pass_barcode21_8867cb21_f20c3bb7_40.fastq.gz	
ok	165611630	165611630	ONT	NA05164	chip4	s3://lsmc-ssf-sequencing-data/basecalls/lsmc/ssf-hq/pca100/2026/20260522_ONT_4Coriells_chip4/20260522_ONT_4Coriells_chip4/20260523_0039_3E_PBM13048_8867cb21/fastq_pass/barcode21/PBM13048_pass_barcode21_8867cb21_f20c3bb7_41.fastq.gz	
ok	154690876	154690876	ONT	NA05164	chip4	s3://lsmc-ssf-sequencing-data/basecalls/lsmc/ssf-hq/pca100/2026/20260522_ONT_4Coriells_chip4/20260522_ONT_4Coriells_chip4/20260523_0039_3E_PBM13048_8867cb21/fastq_pass/barcode21/PBM13048_pass_barcode21_8867cb21_f20c3bb7_42.fastq.gz	
ok	158434099	158434099	ONT	NA05164	chip4	s3://lsmc-ssf-sequencing-data/basecalls/lsmc/ssf-hq/pca100/2026/20260522_ONT_4Coriells_chip4/20260522_ONT_4Coriells_chip4/20260523_0039_3E_PBM13048_8867cb21/fastq_pass/barcode21/PBM13048_pass_barcode21_8867cb21_f20c3bb7_43.fastq.gz	
ok	143318319	143318319	ONT	NA05164	chip4	s3://lsmc-ssf-sequencing-data/basecalls/lsmc/ssf-hq/pca100/2026/20260522_ONT_4Coriells_chip4/20260522_ONT_4Coriells_chip4/20260523_0039_3E_PBM13048_8867cb21/fastq_pass/barcode21/PBM13048_pass_barcode21_8867cb21_f20c3bb7_44.fastq.gz	
ok	147375592	147375592	ONT	NA05164	chip4	s3://lsmc-ssf-sequencing-data/basecalls/lsmc/ssf-hq/pca100/2026/20260522_ONT_4Coriells_chip4/20260522_ONT_4Coriells_chip4/20260523_0039_3E_PBM13048_8867cb21/fastq_pass/barcode21/PBM13048_pass_barcode21_8867cb21_f20c3bb7_45.fastq.gz	
ok	123616729	123616729	ONT	NA05164	chip4	s3://lsmc-ssf-sequencing-data/basecalls/lsmc/ssf-hq/pca100/2026/20260522_ONT_4Coriells_chip4/20260522_ONT_4Coriells_chip4/20260523_0039_3E_PBM13048_8867cb21/fastq_pass/barcode21/PBM13048_pass_barcode21_8867cb21_f20c3bb7_46.fastq.gz	
ok	114509405	114509405	ONT	NA05164	chip4	s3://lsmc-ssf-sequencing-data/basecalls/lsmc/ssf-hq/pca100/2026/20260522_ONT_4Coriells_chip4/20260522_ONT_4Coriells_chip4/20260523_0039_3E_PBM13048_8867cb21/fastq_pass/barcode21/PBM13048_pass_barcode21_8867cb21_f20c3bb7_47.fastq.gz	
ok	138740785	138740785	ONT	NA05164	chip4	s3://lsmc-ssf-sequencing-data/basecalls/lsmc/ssf-hq/pca100/2026/20260522_ONT_4Coriells_chip4/20260522_ONT_4Coriells_chip4/20260523_0039_3E_PBM13048_8867cb21/fastq_pass/barcode21/PBM13048_pass_barcode21_8867cb21_f20c3bb7_48.fastq.gz	
ok	102395986	102395986	ONT	NA05164	chip4	s3://lsmc-ssf-sequencing-data/basecalls/lsmc/ssf-hq/pca100/2026/20260522_ONT_4Coriells_chip4/20260522_ONT_4Coriells_chip4/20260523_0039_3E_PBM13048_8867cb21/fastq_pass/barcode21/PBM13048_pass_barcode21_8867cb21_f20c3bb7_49.fastq.gz	
ok	568294121	568294121	ONT	NA05164	chip4	s3://lsmc-ssf-sequencing-data/basecalls/lsmc/ssf-hq/pca100/2026/20260522_ONT_4Coriells_chip4/20260522_ONT_4Coriells_chip4/20260523_0039_3E_PBM13048_8867cb21/fastq_pass/barcode21/PBM13048_pass_barcode21_8867cb21_f20c3bb7_5.fastq.gz	
ok	94037767	94037767	ONT	NA05164	chip4	s3://lsmc-ssf-sequencing-data/basecalls/lsmc/ssf-hq/pca100/2026/20260522_ONT_4Coriells_chip4/20260522_ONT_4Coriells_chip4/20260523_0039_3E_PBM13048_8867cb21/fastq_pass/barcode21/PBM13048_pass_barcode21_8867cb21_f20c3bb7_50.fastq.gz	
ok	107864865	107864865	ONT	NA05164	chip4	s3://lsmc-ssf-sequencing-data/basecalls/lsmc/ssf-hq/pca100/2026/20260522_ONT_4Coriells_chip4/20260522_ONT_4Coriells_chip4/20260523_0039_3E_PBM13048_8867cb21/fastq_pass/barcode21/PBM13048_pass_barcode21_8867cb21_f20c3bb7_51.fastq.gz	
ok	100815648	100815648	ONT	NA05164	chip4	s3://lsmc-ssf-sequencing-data/basecalls/lsmc/ssf-hq/pca100/2026/20260522_ONT_4Coriells_chip4/20260522_ONT_4Coriells_chip4/20260523_0039_3E_PBM13048_8867cb21/fastq_pass/barcode21/PBM13048_pass_barcode21_8867cb21_f20c3bb7_52.fastq.gz	
ok	109850493	109850493	ONT	NA05164	chip4	s3://lsmc-ssf-sequencing-data/basecalls/lsmc/ssf-hq/pca100/2026/20260522_ONT_4Coriells_chip4/20260522_ONT_4Coriells_chip4/20260523_0039_3E_PBM13048_8867cb21/fastq_pass/barcode21/PBM13048_pass_barcode21_8867cb21_f20c3bb7_53.fastq.gz	
ok	92090803	92090803	ONT	NA05164	chip4	s3://lsmc-ssf-sequencing-data/basecalls/lsmc/ssf-hq/pca100/2026/20260522_ONT_4Coriells_chip4/20260522_ONT_4Coriells_chip4/20260523_0039_3E_PBM13048_8867cb21/fastq_pass/barcode21/PBM13048_pass_barcode21_8867cb21_f20c3bb7_54.fastq.gz	
ok	82693937	82693937	ONT	NA05164	chip4	s3://lsmc-ssf-sequencing-data/basecalls/lsmc/ssf-hq/pca100/2026/20260522_ONT_4Coriells_chip4/20260522_ONT_4Coriells_chip4/20260523_0039_3E_PBM13048_8867cb21/fastq_pass/barcode21/PBM13048_pass_barcode21_8867cb21_f20c3bb7_55.fastq.gz	
ok	83326729	83326729	ONT	NA05164	chip4	s3://lsmc-ssf-sequencing-data/basecalls/lsmc/ssf-hq/pca100/2026/20260522_ONT_4Coriells_chip4/20260522_ONT_4Coriells_chip4/20260523_0039_3E_PBM13048_8867cb21/fastq_pass/barcode21/PBM13048_pass_barcode21_8867cb21_f20c3bb7_56.fastq.gz	
ok	79021449	79021449	ONT	NA05164	chip4	s3://lsmc-ssf-sequencing-data/basecalls/lsmc/ssf-hq/pca100/2026/20260522_ONT_4Coriells_chip4/20260522_ONT_4Coriells_chip4/20260523_0039_3E_PBM13048_8867cb21/fastq_pass/barcode21/PBM13048_pass_barcode21_8867cb21_f20c3bb7_57.fastq.gz	
ok	75880841	75880841	ONT	NA05164	chip4	s3://lsmc-ssf-sequencing-data/basecalls/lsmc/ssf-hq/pca100/2026/20260522_ONT_4Coriells_chip4/20260522_ONT_4Coriells_chip4/20260523_0039_3E_PBM13048_8867cb21/fastq_pass/barcode21/PBM13048_pass_barcode21_8867cb21_f20c3bb7_58.fastq.gz	
ok	50483508	50483508	ONT	NA05164	chip4	s3://lsmc-ssf-sequencing-data/basecalls/lsmc/ssf-hq/pca100/2026/20260522_ONT_4Coriells_chip4/20260522_ONT_4Coriells_chip4/20260523_0039_3E_PBM13048_8867cb21/fastq_pass/barcode21/PBM13048_pass_barcode21_8867cb21_f20c3bb7_59.fastq.gz	
ok	541240107	541240107	ONT	NA05164	chip4	s3://lsmc-ssf-sequencing-data/basecalls/lsmc/ssf-hq/pca100/2026/20260522_ONT_4Coriells_chip4/20260522_ONT_4Coriells_chip4/20260523_0039_3E_PBM13048_8867cb21/fastq_pass/barcode21/PBM13048_pass_barcode21_8867cb21_f20c3bb7_6.fastq.gz	
ok	44491187	44491187	ONT	NA05164	chip4	s3://lsmc-ssf-sequencing-data/basecalls/lsmc/ssf-hq/pca100/2026/20260522_ONT_4Coriells_chip4/20260522_ONT_4Coriells_chip4/20260523_0039_3E_PBM13048_8867cb21/fastq_pass/barcode21/PBM13048_pass_barcode21_8867cb21_f20c3bb7_60.fastq.gz	
ok	47872236	47872236	ONT	NA05164	chip4	s3://lsmc-ssf-sequencing-data/basecalls/lsmc/ssf-hq/pca100/2026/20260522_ONT_4Coriells_chip4/20260522_ONT_4Coriells_chip4/20260523_0039_3E_PBM13048_8867cb21/fastq_pass/barcode21/PBM13048_pass_barcode21_8867cb21_f20c3bb7_61.fastq.gz	
ok	41787638	41787638	ONT	NA05164	chip4	s3://lsmc-ssf-sequencing-data/basecalls/lsmc/ssf-hq/pca100/2026/20260522_ONT_4Coriells_chip4/20260522_ONT_4Coriells_chip4/20260523_0039_3E_PBM13048_8867cb21/fastq_pass/barcode21/PBM13048_pass_barcode21_8867cb21_f20c3bb7_62.fastq.gz	
ok	34170686	34170686	ONT	NA05164	chip4	s3://lsmc-ssf-sequencing-data/basecalls/lsmc/ssf-hq/pca100/2026/20260522_ONT_4Coriells_chip4/20260522_ONT_4Coriells_chip4/20260523_0039_3E_PBM13048_8867cb21/fastq_pass/barcode21/PBM13048_pass_barcode21_8867cb21_f20c3bb7_63.fastq.gz	
ok	35577626	35577626	ONT	NA05164	chip4	s3://lsmc-ssf-sequencing-data/basecalls/lsmc/ssf-hq/pca100/2026/20260522_ONT_4Coriells_chip4/20260522_ONT_4Coriells_chip4/20260523_0039_3E_PBM13048_8867cb21/fastq_pass/barcode21/PBM13048_pass_barcode21_8867cb21_f20c3bb7_64.fastq.gz	
ok	30460207	30460207	ONT	NA05164	chip4	s3://lsmc-ssf-sequencing-data/basecalls/lsmc/ssf-hq/pca100/2026/20260522_ONT_4Coriells_chip4/20260522_ONT_4Coriells_chip4/20260523_0039_3E_PBM13048_8867cb21/fastq_pass/barcode21/PBM13048_pass_barcode21_8867cb21_f20c3bb7_65.fastq.gz	
ok	26508596	26508596	ONT	NA05164	chip4	s3://lsmc-ssf-sequencing-data/basecalls/lsmc/ssf-hq/pca100/2026/20260522_ONT_4Coriells_chip4/20260522_ONT_4Coriells_chip4/20260523_0039_3E_PBM13048_8867cb21/fastq_pass/barcode21/PBM13048_pass_barcode21_8867cb21_f20c3bb7_66.fastq.gz	
ok	32661777	32661777	ONT	NA05164	chip4	s3://lsmc-ssf-sequencing-data/basecalls/lsmc/ssf-hq/pca100/2026/20260522_ONT_4Coriells_chip4/20260522_ONT_4Coriells_chip4/20260523_0039_3E_PBM13048_8867cb21/fastq_pass/barcode21/PBM13048_pass_barcode21_8867cb21_f20c3bb7_67.fastq.gz	
ok	28887095	28887095	ONT	NA05164	chip4	s3://lsmc-ssf-sequencing-data/basecalls/lsmc/ssf-hq/pca100/2026/20260522_ONT_4Coriells_chip4/20260522_ONT_4Coriells_chip4/20260523_0039_3E_PBM13048_8867cb21/fastq_pass/barcode21/PBM13048_pass_barcode21_8867cb21_f20c3bb7_68.fastq.gz	
ok	30098790	30098790	ONT	NA05164	chip4	s3://lsmc-ssf-sequencing-data/basecalls/lsmc/ssf-hq/pca100/2026/20260522_ONT_4Coriells_chip4/20260522_ONT_4Coriells_chip4/20260523_0039_3E_PBM13048_8867cb21/fastq_pass/barcode21/PBM13048_pass_barcode21_8867cb21_f20c3bb7_69.fastq.gz	
ok	537286091	537286091	ONT	NA05164	chip4	s3://lsmc-ssf-sequencing-data/basecalls/lsmc/ssf-hq/pca100/2026/20260522_ONT_4Coriells_chip4/20260522_ONT_4Coriells_chip4/20260523_0039_3E_PBM13048_8867cb21/fastq_pass/barcode21/PBM13048_pass_barcode21_8867cb21_f20c3bb7_7.fastq.gz	
ok	24645917	24645917	ONT	NA05164	chip4	s3://lsmc-ssf-sequencing-data/basecalls/lsmc/ssf-hq/pca100/2026/20260522_ONT_4Coriells_chip4/20260522_ONT_4Coriells_chip4/20260523_0039_3E_PBM13048_8867cb21/fastq_pass/barcode21/PBM13048_pass_barcode21_8867cb21_f20c3bb7_70.fastq.gz	
ok	26447907	26447907	ONT	NA05164	chip4	s3://lsmc-ssf-sequencing-data/basecalls/lsmc/ssf-hq/pca100/2026/20260522_ONT_4Coriells_chip4/20260522_ONT_4Coriells_chip4/20260523_0039_3E_PBM13048_8867cb21/fastq_pass/barcode21/PBM13048_pass_barcode21_8867cb21_f20c3bb7_71.fastq.gz	
ok	1172533	1172533	ONT	NA05164	chip4	s3://lsmc-ssf-sequencing-data/basecalls/lsmc/ssf-hq/pca100/2026/20260522_ONT_4Coriells_chip4/20260522_ONT_4Coriells_chip4/20260523_0039_3E_PBM13048_8867cb21/fastq_pass/barcode21/PBM13048_pass_barcode21_8867cb21_f20c3bb7_72.fastq.gz	
ok	513679186	513679186	ONT	NA05164	chip4	s3://lsmc-ssf-sequencing-data/basecalls/lsmc/ssf-hq/pca100/2026/20260522_ONT_4Coriells_chip4/20260522_ONT_4Coriells_chip4/20260523_0039_3E_PBM13048_8867cb21/fastq_pass/barcode21/PBM13048_pass_barcode21_8867cb21_f20c3bb7_8.fastq.gz	
ok	494227608	494227608	ONT	NA05164	chip4	s3://lsmc-ssf-sequencing-data/basecalls/lsmc/ssf-hq/pca100/2026/20260522_ONT_4Coriells_chip4/20260522_ONT_4Coriells_chip4/20260523_0039_3E_PBM13048_8867cb21/fastq_pass/barcode21/PBM13048_pass_barcode21_8867cb21_f20c3bb7_9.fastq.gz	
ok	40957861653	40957861653	ILMN	NA00232	NA00232-SMN_S46_R1_001.fastq.gz	s3://lsmc-ssf-sequencing-data/basecalls/lsmc/ssf-hq/lh01121/2026/20260526_LH01121_0004_B23WW2NLT4/Analysis/1/Data/BCLConvert/fastq/NA00232-SMN_S46_R1_001.fastq.gz	
ok	42168686123	42168686123	ILMN	NA00232	NA00232-SMN_S46_R2_001.fastq.gz	s3://lsmc-ssf-sequencing-data/basecalls/lsmc/ssf-hq/lh01121/2026/20260526_LH01121_0004_B23WW2NLT4/Analysis/1/Data/BCLConvert/fastq/NA00232-SMN_S46_R2_001.fastq.gz	
ok	38992932096	38992932096	ILMN	NA09677	NA09677-SMN_S47_R1_001.fastq.gz	s3://lsmc-ssf-sequencing-data/basecalls/lsmc/ssf-hq/lh01121/2026/20260526_LH01121_0004_B23WW2NLT4/Analysis/1/Data/BCLConvert/fastq/NA09677-SMN_S47_R1_001.fastq.gz	
ok	40539959624	40539959624	ILMN	NA09677	NA09677-SMN_S47_R2_001.fastq.gz	s3://lsmc-ssf-sequencing-data/basecalls/lsmc/ssf-hq/lh01121/2026/20260526_LH01121_0004_B23WW2NLT4/Analysis/1/Data/BCLConvert/fastq/NA09677-SMN_S47_R2_001.fastq.gz	
ok	34494365821	34494365821	ILMN	NA03986	NA03986-DMPK_S48_R1_001.fastq.gz	s3://lsmc-ssf-sequencing-data/basecalls/lsmc/ssf-hq/lh01121/2026/20260526_LH01121_0004_B23WW2NLT4/Analysis/1/Data/BCLConvert/fastq/NA03986-DMPK_S48_R1_001.fastq.gz	
ok	36200117444	36200117444	ILMN	NA03986	NA03986-DMPK_S48_R2_001.fastq.gz	s3://lsmc-ssf-sequencing-data/basecalls/lsmc/ssf-hq/lh01121/2026/20260526_LH01121_0004_B23WW2NLT4/Analysis/1/Data/BCLConvert/fastq/NA03986-DMPK_S48_R2_001.fastq.gz	
ok	32339962781	32339962781	ILMN	NA05164	NA05164-DMPK_S49_R1_001.fastq.gz	s3://lsmc-ssf-sequencing-data/basecalls/lsmc/ssf-hq/lh01121/2026/20260526_LH01121_0004_B23WW2NLT4/Analysis/1/Data/BCLConvert/fastq/NA05164-DMPK_S49_R1_001.fastq.gz	
ok	33672518730	33672518730	ILMN	NA05164	NA05164-DMPK_S49_R2_001.fastq.gz	s3://lsmc-ssf-sequencing-data/basecalls/lsmc/ssf-hq/lh01121/2026/20260526_LH01121_0004_B23WW2NLT4/Analysis/1/Data/BCLConvert/fastq/NA05164-DMPK_S49_R2_001.fastq.gz	
ok	36755885403	36755885403	ILMN	HG001	Altair-HG001-a_S1_R1_001.fastq.gz	s3://lsmc-ssf-sequencing-data/basecalls/lsmc/ssf-hq/lh01121/2026/20260526_LH01121_0004_B23WW2NLT4/Analysis/1/Data/BCLConvert/fastq/Altair-HG001-a_S1_R1_001.fastq.gz	
ok	37996761497	37996761497	ILMN	HG001	Altair-HG001-a_S1_R2_001.fastq.gz	s3://lsmc-ssf-sequencing-data/basecalls/lsmc/ssf-hq/lh01121/2026/20260526_LH01121_0004_B23WW2NLT4/Analysis/1/Data/BCLConvert/fastq/Altair-HG001-a_S1_R2_001.fastq.gz	
ok	36128822409	36128822409	ILMN	HG001	Altair-HG001-b_S2_R1_001.fastq.gz	s3://lsmc-ssf-sequencing-data/basecalls/lsmc/ssf-hq/lh01121/2026/20260526_LH01121_0004_B23WW2NLT4/Analysis/1/Data/BCLConvert/fastq/Altair-HG001-b_S2_R1_001.fastq.gz	
ok	36937764561	36937764561	ILMN	HG001	Altair-HG001-b_S2_R2_001.fastq.gz	s3://lsmc-ssf-sequencing-data/basecalls/lsmc/ssf-hq/lh01121/2026/20260526_LH01121_0004_B23WW2NLT4/Analysis/1/Data/BCLConvert/fastq/Altair-HG001-b_S2_R2_001.fastq.gz	
ok	42675834505	42675834505	ILMN	HG001	Altair-HG001-c_S3_R1_001.fastq.gz	s3://lsmc-ssf-sequencing-data/basecalls/lsmc/ssf-hq/lh01121/2026/20260526_LH01121_0004_B23WW2NLT4/Analysis/1/Data/BCLConvert/fastq/Altair-HG001-c_S3_R1_001.fastq.gz	
ok	43750176806	43750176806	ILMN	HG001	Altair-HG001-c_S3_R2_001.fastq.gz	s3://lsmc-ssf-sequencing-data/basecalls/lsmc/ssf-hq/lh01121/2026/20260526_LH01121_0004_B23WW2NLT4/Analysis/1/Data/BCLConvert/fastq/Altair-HG001-c_S3_R2_001.fastq.gz	
ok	50174150545	50174150545	ILMN	HG002	Altair-HG002-a_S4_R1_001.fastq.gz	s3://lsmc-ssf-sequencing-data/basecalls/lsmc/ssf-hq/lh01121/2026/20260526_LH01121_0004_B23WW2NLT4/Analysis/1/Data/BCLConvert/fastq/Altair-HG002-a_S4_R1_001.fastq.gz	
ok	51412572399	51412572399	ILMN	HG002	Altair-HG002-a_S4_R2_001.fastq.gz	s3://lsmc-ssf-sequencing-data/basecalls/lsmc/ssf-hq/lh01121/2026/20260526_LH01121_0004_B23WW2NLT4/Analysis/1/Data/BCLConvert/fastq/Altair-HG002-a_S4_R2_001.fastq.gz	
ok	45791219051	45791219051	ILMN	HG002	Altair-HG002-b_S5_R1_001.fastq.gz	s3://lsmc-ssf-sequencing-data/basecalls/lsmc/ssf-hq/lh01121/2026/20260526_LH01121_0004_B23WW2NLT4/Analysis/1/Data/BCLConvert/fastq/Altair-HG002-b_S5_R1_001.fastq.gz	
ok	46614052546	46614052546	ILMN	HG002	Altair-HG002-b_S5_R2_001.fastq.gz	s3://lsmc-ssf-sequencing-data/basecalls/lsmc/ssf-hq/lh01121/2026/20260526_LH01121_0004_B23WW2NLT4/Analysis/1/Data/BCLConvert/fastq/Altair-HG002-b_S5_R2_001.fastq.gz	
ok	41053286308	41053286308	ILMN	HG002	Altair-HG002-c_S6_R1_001.fastq.gz	s3://lsmc-ssf-sequencing-data/basecalls/lsmc/ssf-hq/lh01121/2026/20260526_LH01121_0004_B23WW2NLT4/Analysis/1/Data/BCLConvert/fastq/Altair-HG002-c_S6_R1_001.fastq.gz	
ok	42219144349	42219144349	ILMN	HG002	Altair-HG002-c_S6_R2_001.fastq.gz	s3://lsmc-ssf-sequencing-data/basecalls/lsmc/ssf-hq/lh01121/2026/20260526_LH01121_0004_B23WW2NLT4/Analysis/1/Data/BCLConvert/fastq/Altair-HG002-c_S6_R2_001.fastq.gz	
ok	42249195198	42249195198	ILMN	HG003	Altair-HG003-a_S7_R1_001.fastq.gz	s3://lsmc-ssf-sequencing-data/basecalls/lsmc/ssf-hq/lh01121/2026/20260526_LH01121_0004_B23WW2NLT4/Analysis/1/Data/BCLConvert/fastq/Altair-HG003-a_S7_R1_001.fastq.gz	
ok	43654459295	43654459295	ILMN	HG003	Altair-HG003-a_S7_R2_001.fastq.gz	s3://lsmc-ssf-sequencing-data/basecalls/lsmc/ssf-hq/lh01121/2026/20260526_LH01121_0004_B23WW2NLT4/Analysis/1/Data/BCLConvert/fastq/Altair-HG003-a_S7_R2_001.fastq.gz	
ok	42016383398	42016383398	ILMN	HG003	Altair-HG003-b_S8_R1_001.fastq.gz	s3://lsmc-ssf-sequencing-data/basecalls/lsmc/ssf-hq/lh01121/2026/20260526_LH01121_0004_B23WW2NLT4/Analysis/1/Data/BCLConvert/fastq/Altair-HG003-b_S8_R1_001.fastq.gz	
ok	43219208010	43219208010	ILMN	HG003	Altair-HG003-b_S8_R2_001.fastq.gz	s3://lsmc-ssf-sequencing-data/basecalls/lsmc/ssf-hq/lh01121/2026/20260526_LH01121_0004_B23WW2NLT4/Analysis/1/Data/BCLConvert/fastq/Altair-HG003-b_S8_R2_001.fastq.gz	
ok	43773733139	43773733139	ILMN	HG003	Altair-HG003-c_S9_R1_001.fastq.gz	s3://lsmc-ssf-sequencing-data/basecalls/lsmc/ssf-hq/lh01121/2026/20260526_LH01121_0004_B23WW2NLT4/Analysis/1/Data/BCLConvert/fastq/Altair-HG003-c_S9_R1_001.fastq.gz	
ok	44422143229	44422143229	ILMN	HG003	Altair-HG003-c_S9_R2_001.fastq.gz	s3://lsmc-ssf-sequencing-data/basecalls/lsmc/ssf-hq/lh01121/2026/20260526_LH01121_0004_B23WW2NLT4/Analysis/1/Data/BCLConvert/fastq/Altair-HG003-c_S9_R2_001.fastq.gz	
ok	44404550919	44404550919	ILMN	HG004	Altair-HG004-a_S10_R1_001.fastq.gz	s3://lsmc-ssf-sequencing-data/basecalls/lsmc/ssf-hq/lh01121/2026/20260526_LH01121_0004_B23WW2NLT4/Analysis/1/Data/BCLConvert/fastq/Altair-HG004-a_S10_R1_001.fastq.gz	
ok	45375593960	45375593960	ILMN	HG004	Altair-HG004-a_S10_R2_001.fastq.gz	s3://lsmc-ssf-sequencing-data/basecalls/lsmc/ssf-hq/lh01121/2026/20260526_LH01121_0004_B23WW2NLT4/Analysis/1/Data/BCLConvert/fastq/Altair-HG004-a_S10_R2_001.fastq.gz	
ok	42666465531	42666465531	ILMN	HG004	Altair-HG004-b_S11_R1_001.fastq.gz	s3://lsmc-ssf-sequencing-data/basecalls/lsmc/ssf-hq/lh01121/2026/20260526_LH01121_0004_B23WW2NLT4/Analysis/1/Data/BCLConvert/fastq/Altair-HG004-b_S11_R1_001.fastq.gz	
ok	43475981620	43475981620	ILMN	HG004	Altair-HG004-b_S11_R2_001.fastq.gz	s3://lsmc-ssf-sequencing-data/basecalls/lsmc/ssf-hq/lh01121/2026/20260526_LH01121_0004_B23WW2NLT4/Analysis/1/Data/BCLConvert/fastq/Altair-HG004-b_S11_R2_001.fastq.gz	
ok	39903913175	39903913175	ILMN	HG004	Altair-HG004-c_S12_R1_001.fastq.gz	s3://lsmc-ssf-sequencing-data/basecalls/lsmc/ssf-hq/lh01121/2026/20260526_LH01121_0004_B23WW2NLT4/Analysis/1/Data/BCLConvert/fastq/Altair-HG004-c_S12_R1_001.fastq.gz	
ok	41225460587	41225460587	ILMN	HG004	Altair-HG004-c_S12_R2_001.fastq.gz	s3://lsmc-ssf-sequencing-data/basecalls/lsmc/ssf-hq/lh01121/2026/20260526_LH01121_0004_B23WW2NLT4/Analysis/1/Data/BCLConvert/fastq/Altair-HG004-c_S12_R2_001.fastq.gz	
ok	43636206771	43636206771	ILMN	HG005	Altair-HG005-a_S13_R1_001.fastq.gz	s3://lsmc-ssf-sequencing-data/basecalls/lsmc/ssf-hq/lh01121/2026/20260526_LH01121_0004_B23WW2NLT4/Analysis/1/Data/BCLConvert/fastq/Altair-HG005-a_S13_R1_001.fastq.gz	
ok	44412690748	44412690748	ILMN	HG005	Altair-HG005-a_S13_R2_001.fastq.gz	s3://lsmc-ssf-sequencing-data/basecalls/lsmc/ssf-hq/lh01121/2026/20260526_LH01121_0004_B23WW2NLT4/Analysis/1/Data/BCLConvert/fastq/Altair-HG005-a_S13_R2_001.fastq.gz	
ok	36530302292	36530302292	ILMN	HG005	Altair-HG005-b_S14_R1_001.fastq.gz	s3://lsmc-ssf-sequencing-data/basecalls/lsmc/ssf-hq/lh01121/2026/20260526_LH01121_0004_B23WW2NLT4/Analysis/1/Data/BCLConvert/fastq/Altair-HG005-b_S14_R1_001.fastq.gz	
ok	37364034840	37364034840	ILMN	HG005	Altair-HG005-b_S14_R2_001.fastq.gz	s3://lsmc-ssf-sequencing-data/basecalls/lsmc/ssf-hq/lh01121/2026/20260526_LH01121_0004_B23WW2NLT4/Analysis/1/Data/BCLConvert/fastq/Altair-HG005-b_S14_R2_001.fastq.gz	
ok	37523761690	37523761690	ILMN	HG005	Altair-HG005-c_S15_R1_001.fastq.gz	s3://lsmc-ssf-sequencing-data/basecalls/lsmc/ssf-hq/lh01121/2026/20260526_LH01121_0004_B23WW2NLT4/Analysis/1/Data/BCLConvert/fastq/Altair-HG005-c_S15_R1_001.fastq.gz	
ok	38457421125	38457421125	ILMN	HG005	Altair-HG005-c_S15_R2_001.fastq.gz	s3://lsmc-ssf-sequencing-data/basecalls/lsmc/ssf-hq/lh01121/2026/20260526_LH01121_0004_B23WW2NLT4/Analysis/1/Data/BCLConvert/fastq/Altair-HG005-c_S15_R2_001.fastq.gz	
ok	41402027336	41402027336	ILMN	HG006	Altair-HG006-a_S16_R1_001.fastq.gz	s3://lsmc-ssf-sequencing-data/basecalls/lsmc/ssf-hq/lh01121/2026/20260526_LH01121_0004_B23WW2NLT4/Analysis/1/Data/BCLConvert/fastq/Altair-HG006-a_S16_R1_001.fastq.gz	
ok	42696239951	42696239951	ILMN	HG006	Altair-HG006-a_S16_R2_001.fastq.gz	s3://lsmc-ssf-sequencing-data/basecalls/lsmc/ssf-hq/lh01121/2026/20260526_LH01121_0004_B23WW2NLT4/Analysis/1/Data/BCLConvert/fastq/Altair-HG006-a_S16_R2_001.fastq.gz	
ok	38530558468	38530558468	ILMN	HG006	Altair-HG006-b_S17_R1_001.fastq.gz	s3://lsmc-ssf-sequencing-data/basecalls/lsmc/ssf-hq/lh01121/2026/20260526_LH01121_0004_B23WW2NLT4/Analysis/1/Data/BCLConvert/fastq/Altair-HG006-b_S17_R1_001.fastq.gz	
ok	39505492904	39505492904	ILMN	HG006	Altair-HG006-b_S17_R2_001.fastq.gz	s3://lsmc-ssf-sequencing-data/basecalls/lsmc/ssf-hq/lh01121/2026/20260526_LH01121_0004_B23WW2NLT4/Analysis/1/Data/BCLConvert/fastq/Altair-HG006-b_S17_R2_001.fastq.gz	
ok	40238554780	40238554780	ILMN	HG006	Altair-HG006-c_S18_R1_001.fastq.gz	s3://lsmc-ssf-sequencing-data/basecalls/lsmc/ssf-hq/lh01121/2026/20260526_LH01121_0004_B23WW2NLT4/Analysis/1/Data/BCLConvert/fastq/Altair-HG006-c_S18_R1_001.fastq.gz	
ok	41347379588	41347379588	ILMN	HG006	Altair-HG006-c_S18_R2_001.fastq.gz	s3://lsmc-ssf-sequencing-data/basecalls/lsmc/ssf-hq/lh01121/2026/20260526_LH01121_0004_B23WW2NLT4/Analysis/1/Data/BCLConvert/fastq/Altair-HG006-c_S18_R2_001.fastq.gz	
ok	36686620334	36686620334	ILMN	HG007	Altair-HG007-a_S19_R1_001.fastq.gz	s3://lsmc-ssf-sequencing-data/basecalls/lsmc/ssf-hq/lh01121/2026/20260526_LH01121_0004_B23WW2NLT4/Analysis/1/Data/BCLConvert/fastq/Altair-HG007-a_S19_R1_001.fastq.gz	
ok	37615870879	37615870879	ILMN	HG007	Altair-HG007-a_S19_R2_001.fastq.gz	s3://lsmc-ssf-sequencing-data/basecalls/lsmc/ssf-hq/lh01121/2026/20260526_LH01121_0004_B23WW2NLT4/Analysis/1/Data/BCLConvert/fastq/Altair-HG007-a_S19_R2_001.fastq.gz	
ok	33671697944	33671697944	ILMN	HG007	Altair-HG007-b_S20_R1_001.fastq.gz	s3://lsmc-ssf-sequencing-data/basecalls/lsmc/ssf-hq/lh01121/2026/20260526_LH01121_0004_B23WW2NLT4/Analysis/1/Data/BCLConvert/fastq/Altair-HG007-b_S20_R1_001.fastq.gz	
ok	34932555957	34932555957	ILMN	HG007	Altair-HG007-b_S20_R2_001.fastq.gz	s3://lsmc-ssf-sequencing-data/basecalls/lsmc/ssf-hq/lh01121/2026/20260526_LH01121_0004_B23WW2NLT4/Analysis/1/Data/BCLConvert/fastq/Altair-HG007-b_S20_R2_001.fastq.gz	
ok	40538481007	40538481007	ILMN	HG007	Altair-HG007-c_S21_R1_001.fastq.gz	s3://lsmc-ssf-sequencing-data/basecalls/lsmc/ssf-hq/lh01121/2026/20260526_LH01121_0004_B23WW2NLT4/Analysis/1/Data/BCLConvert/fastq/Altair-HG007-c_S21_R1_001.fastq.gz	
ok	41475333771	41475333771	ILMN	HG007	Altair-HG007-c_S21_R2_001.fastq.gz	s3://lsmc-ssf-sequencing-data/basecalls/lsmc/ssf-hq/lh01121/2026/20260526_LH01121_0004_B23WW2NLT4/Analysis/1/Data/BCLConvert/fastq/Altair-HG007-c_S21_R2_001.fastq.gz	
