experiment	analysis_root	relative_path	bytes	mtime_epoch	sha256
E2	/fsx/analysis_results/prod-cand-1703/prod-cand-1703-hg002-bjuice-v2-seqkitfix-20260815T080300Z	config/hg002_bjuice_v2_multi_analysis_unit_hiomr2.yaml	1924	1786781068	f99240085d16a1c8dd43dec56e3c205d190e97d182a4b91a92422c0adb4c57e1
E2	/fsx/analysis_results/prod-cand-1703/prod-cand-1703-hg002-bjuice-v2-seqkitfix-20260815T080300Z	results/day/hg38/HG002-56db7xrgpanwkk/align/sentdhiomr2lr/na/alignqc/mosdepth/HG002-56db7xrgpanwkk.sentdhiomr2lr.na.mosdepth.summary.txt	13862	1786782246	0fdae5592c47158a9b080a8bb6e5d2404ae3b2a1330533b92fe94f4623d1ff1a
E2	/fsx/analysis_results/prod-cand-1703/prod-cand-1703-hg002-bjuice-v2-seqkitfix-20260815T080300Z	results/day/hg38/HG002-56db7xrgpanwkk/align/sentdhiomr2rsr/na/alignqc/mosdepth/HG002-56db7xrgpanwkk.sentdhiomr2rsr.na.mosdepth.summary.txt	17804	1786837309	17e83c6a8685888aed69e8cd4997dc2a6f501735b205c0ff949c6d14ab48d046
E2	/fsx/analysis_results/prod-cand-1703/prod-cand-1703-hg002-bjuice-v2-seqkitfix-20260815T080300Z	results/day/hg38/HG002-56db7xrgpanwkk/align/sentdhiomr2sr/smd/htd/smn12/HG002-56db7xrgpanwkk.sentdhiomr2sr.smd.smn12.summary.json	1086	1786789523	537df105c938582710bf3961f66ced832064617fd24243b4db3d72a05952f462
E2	/fsx/analysis_results/prod-cand-1703/prod-cand-1703-hg002-bjuice-v2-seqkitfix-20260815T080300Z	results/day/hg38/HG002-56db7xrgpanwkk/align/sentdhiomr2sr/smd/htd/smn12/HG002-56db7xrgpanwkk.sentdhiomr2sr.smd.smn12.summary.tsv	267	1786789482	43be928043069c76bf1496c64aff5936a83e286b7871439c0a9fcebb89028bac
E2	/fsx/analysis_results/prod-cand-1703/prod-cand-1703-hg002-bjuice-v2-seqkitfix-20260815T080300Z	results/day/hg38/HG002-56db7xrgpanwkk/align/sentmm2ont/na/snv/sentdhiomr2/concordance/_giabHC/snv_HG002-56db7xrgpanwkk_giabHC_concordance.mqc.tsv	3740	1786838758	e794d9cf24281bffc9c0be7edf008d2f7673abac89f48abf5fbdae70fb669eec
E2	/fsx/analysis_results/prod-cand-1703/prod-cand-1703-hg002-bjuice-v2-seqkitfix-20260815T080300Z	results/day/hg38/HG002-56db7xrgpanwkk/align/sentmm2ont/na/snv/sentdhiomr2/segdup/HG002-56db7xrgpanwkk/CFH/HG002-56db7xrgpanwkk.CFH.done	32	1786837710	4b57c569722f4f390d00b1f5d2d3dfab090236f1ca3f4f6bb76d514a3106153f
E2	/fsx/analysis_results/prod-cand-1703/prod-cand-1703-hg002-bjuice-v2-seqkitfix-20260815T080300Z	results/day/hg38/HG002-56db7xrgpanwkk/align/sentmm2ont/na/snv/sentdhiomr2/segdup/HG002-56db7xrgpanwkk/CFH/HG002-56db7xrgpanwkk.CFH.result.vcf.gz	32778	1786837710	7cc6ba89dd43bd34b10681f72530442374a5a6847d52a8ec1e351740c5366ce7
E2	/fsx/analysis_results/prod-cand-1703/prod-cand-1703-hg002-bjuice-v2-seqkitfix-20260815T080300Z	results/day/hg38/HG002-56db7xrgpanwkk/align/sentmm2ont/na/snv/sentdhiomr2/segdup/HG002-56db7xrgpanwkk/CFH/HG002-56db7xrgpanwkk.CFH.result.vcf.gz.tbi	389	1786837710	d883b7cb1e94bebc03e577a96b7a7dddb92e503c1d9afe8580bb09e9cdea3e25
E2	/fsx/analysis_results/prod-cand-1703/prod-cand-1703-hg002-bjuice-v2-seqkitfix-20260815T080300Z	results/day/hg38/HG002-56db7xrgpanwkk/align/sentmm2ont/na/snv/sentdhiomr2/segdup/HG002-56db7xrgpanwkk/CFH/HG002-56db7xrgpanwkk.CFH.yaml	1833	1786837710	d8fcdd4e55bbdea74fc2a5854e60b581d9a9b38778b13d64c38aec713509445c
E2	/fsx/analysis_results/prod-cand-1703/prod-cand-1703-hg002-bjuice-v2-seqkitfix-20260815T080300Z	results/day/hg38/HG002-56db7xrgpanwkk/align/sentmm2ont/na/snv/sentdhiomr2/segdup/HG002-56db7xrgpanwkk/CYP11B1/HG002-56db7xrgpanwkk.CYP11B1.done	36	1786837314	f7af4438026327204db5f578af844b26675f26676bd704658b58a37b8a98a5c8
E2	/fsx/analysis_results/prod-cand-1703/prod-cand-1703-hg002-bjuice-v2-seqkitfix-20260815T080300Z	results/day/hg38/HG002-56db7xrgpanwkk/align/sentmm2ont/na/snv/sentdhiomr2/segdup/HG002-56db7xrgpanwkk/CYP11B1/HG002-56db7xrgpanwkk.CYP11B1.result.vcf.gz	9271	1786837314	27bebacda1a59b33c0af567c453c17934f7daea0bfe9d72e2d6d01024d377bfe
E2	/fsx/analysis_results/prod-cand-1703/prod-cand-1703-hg002-bjuice-v2-seqkitfix-20260815T080300Z	results/day/hg38/HG002-56db7xrgpanwkk/align/sentmm2ont/na/snv/sentdhiomr2/segdup/HG002-56db7xrgpanwkk/CYP11B1/HG002-56db7xrgpanwkk.CYP11B1.result.vcf.gz.tbi	278	1786837314	668e24f31359d93b7ac4fc8c6fe164b1d77967e26ee35c2ac70ec4b995bd3e6e
E2	/fsx/analysis_results/prod-cand-1703/prod-cand-1703-hg002-bjuice-v2-seqkitfix-20260815T080300Z	results/day/hg38/HG002-56db7xrgpanwkk/align/sentmm2ont/na/snv/sentdhiomr2/segdup/HG002-56db7xrgpanwkk/CYP11B1/HG002-56db7xrgpanwkk.CYP11B1.yaml	1611	1786837314	ee3cbc130f4312e12ce07460ac744b0ce8d1a0b31217c1eb0677327c5f07f436
E2	/fsx/analysis_results/prod-cand-1703/prod-cand-1703-hg002-bjuice-v2-seqkitfix-20260815T080300Z	results/day/hg38/HG002-56db7xrgpanwkk/align/sentmm2ont/na/snv/sentdhiomr2/segdup/HG002-56db7xrgpanwkk/CYP2A6/HG002-56db7xrgpanwkk.CYP2A6.done	35	1786837313	a7ed310d4a4e99a32a77f8236ab1287f7b8f9ba6176e8ebe44697e87b1ccbd60
E2	/fsx/analysis_results/prod-cand-1703/prod-cand-1703-hg002-bjuice-v2-seqkitfix-20260815T080300Z	results/day/hg38/HG002-56db7xrgpanwkk/align/sentmm2ont/na/snv/sentdhiomr2/segdup/HG002-56db7xrgpanwkk/CYP2A6/HG002-56db7xrgpanwkk.CYP2A6.result.vcf.gz	6087	1786837313	3f8d03304594c75ec4b26eef076f8565dac8ccab20da8783852fe92fd889d086
E2	/fsx/analysis_results/prod-cand-1703/prod-cand-1703-hg002-bjuice-v2-seqkitfix-20260815T080300Z	results/day/hg38/HG002-56db7xrgpanwkk/align/sentmm2ont/na/snv/sentdhiomr2/segdup/HG002-56db7xrgpanwkk/CYP2A6/HG002-56db7xrgpanwkk.CYP2A6.result.vcf.gz.tbi	167	1786837313	6ae33c9ef01309deeb239aaee842bc3ede2ab55cf7a11b9bc770e40ac2c409b1
E2	/fsx/analysis_results/prod-cand-1703/prod-cand-1703-hg002-bjuice-v2-seqkitfix-20260815T080300Z	results/day/hg38/HG002-56db7xrgpanwkk/align/sentmm2ont/na/snv/sentdhiomr2/segdup/HG002-56db7xrgpanwkk/CYP2A6/HG002-56db7xrgpanwkk.CYP2A6.yaml	2041	1786837313	72feb63e00bec39225f0b26a41a3657443be1b710f0ce4bc110beb170786f546
E2	/fsx/analysis_results/prod-cand-1703/prod-cand-1703-hg002-bjuice-v2-seqkitfix-20260815T080300Z	results/day/hg38/HG002-56db7xrgpanwkk/align/sentmm2ont/na/snv/sentdhiomr2/segdup/HG002-56db7xrgpanwkk/CYP2B6/HG002-56db7xrgpanwkk.CYP2B6.done	35	1786837712	58e20a66984cc5991d6ed656069d27564352d5d6008209ea130ca7f4c32f6e0e
E2	/fsx/analysis_results/prod-cand-1703/prod-cand-1703-hg002-bjuice-v2-seqkitfix-20260815T080300Z	results/day/hg38/HG002-56db7xrgpanwkk/align/sentmm2ont/na/snv/sentdhiomr2/segdup/HG002-56db7xrgpanwkk/CYP2B6/HG002-56db7xrgpanwkk.CYP2B6.result.vcf.gz	7252	1786837712	5facf340da648587b2ad1df6e70714421b5d8ae697201ab29703161feb84b910
E2	/fsx/analysis_results/prod-cand-1703/prod-cand-1703-hg002-bjuice-v2-seqkitfix-20260815T080300Z	results/day/hg38/HG002-56db7xrgpanwkk/align/sentmm2ont/na/snv/sentdhiomr2/segdup/HG002-56db7xrgpanwkk/CYP2B6/HG002-56db7xrgpanwkk.CYP2B6.result.vcf.gz.tbi	176	1786837712	c1d15be53982f3f0e601e85c9826e28edcfcc789a401c0d742e8c004907d2cb9
E2	/fsx/analysis_results/prod-cand-1703/prod-cand-1703-hg002-bjuice-v2-seqkitfix-20260815T080300Z	results/day/hg38/HG002-56db7xrgpanwkk/align/sentmm2ont/na/snv/sentdhiomr2/segdup/HG002-56db7xrgpanwkk/CYP2B6/HG002-56db7xrgpanwkk.CYP2B6.yaml	1963	1786837712	936e5214eca24a2519b29f80f32b9954416d6d520e1e3a0499c5f53acccf68f3
E2	/fsx/analysis_results/prod-cand-1703/prod-cand-1703-hg002-bjuice-v2-seqkitfix-20260815T080300Z	results/day/hg38/HG002-56db7xrgpanwkk/align/sentmm2ont/na/snv/sentdhiomr2/segdup/HG002-56db7xrgpanwkk/CYP2D6/HG002-56db7xrgpanwkk.CYP2D6.done	35	1786837707	d51c395add49b6233820d2e9b502cfcd5d3702938b2d4031aab3ffcc40efefe4
E2	/fsx/analysis_results/prod-cand-1703/prod-cand-1703-hg002-bjuice-v2-seqkitfix-20260815T080300Z	results/day/hg38/HG002-56db7xrgpanwkk/align/sentmm2ont/na/snv/sentdhiomr2/segdup/HG002-56db7xrgpanwkk/CYP2D6/HG002-56db7xrgpanwkk.CYP2D6.result.vcf.gz	10631	1786837707	c2920db91223a4ebd40fdcdceb722862accf15d0b0858d9a31b1f25e1a296219
E2	/fsx/analysis_results/prod-cand-1703/prod-cand-1703-hg002-bjuice-v2-seqkitfix-20260815T080300Z	results/day/hg38/HG002-56db7xrgpanwkk/align/sentmm2ont/na/snv/sentdhiomr2/segdup/HG002-56db7xrgpanwkk/CYP2D6/HG002-56db7xrgpanwkk.CYP2D6.result.vcf.gz.tbi	163	1786837707	d217efe0dad05a46932e895537fb69eba16347f69041fa71231e4797fdee10d9
E2	/fsx/analysis_results/prod-cand-1703/prod-cand-1703-hg002-bjuice-v2-seqkitfix-20260815T080300Z	results/day/hg38/HG002-56db7xrgpanwkk/align/sentmm2ont/na/snv/sentdhiomr2/segdup/HG002-56db7xrgpanwkk/CYP2D6/HG002-56db7xrgpanwkk.CYP2D6.yaml	2415	1786837707	1557b2d7c9d5e0000360e82d5196b1662386fb13fef1e29967facbed74e1f7dc
E2	/fsx/analysis_results/prod-cand-1703/prod-cand-1703-hg002-bjuice-v2-seqkitfix-20260815T080300Z	results/day/hg38/HG002-56db7xrgpanwkk/align/sentmm2ont/na/snv/sentdhiomr2/segdup/HG002-56db7xrgpanwkk/GBA/HG002-56db7xrgpanwkk.GBA.done	32	1786837712	499c5876e9829a58834f6df72d3f63df3805a009b7ec8552a620c15326f3dfcb
E2	/fsx/analysis_results/prod-cand-1703/prod-cand-1703-hg002-bjuice-v2-seqkitfix-20260815T080300Z	results/day/hg38/HG002-56db7xrgpanwkk/align/sentmm2ont/na/snv/sentdhiomr2/segdup/HG002-56db7xrgpanwkk/GBA/HG002-56db7xrgpanwkk.GBA.result.vcf.gz	5395	1786837712	18cd48dabdb6627f07e4728057aca9171071aad7f54507de36879270d0abeab4
E2	/fsx/analysis_results/prod-cand-1703/prod-cand-1703-hg002-bjuice-v2-seqkitfix-20260815T080300Z	results/day/hg38/HG002-56db7xrgpanwkk/align/sentmm2ont/na/snv/sentdhiomr2/segdup/HG002-56db7xrgpanwkk/GBA/HG002-56db7xrgpanwkk.GBA.result.vcf.gz.tbi	287	1786837712	233a351d68aef9e661a54b51602a33caa5824e3063917276f11e458deb7e5de7
E2	/fsx/analysis_results/prod-cand-1703/prod-cand-1703-hg002-bjuice-v2-seqkitfix-20260815T080300Z	results/day/hg38/HG002-56db7xrgpanwkk/align/sentmm2ont/na/snv/sentdhiomr2/segdup/HG002-56db7xrgpanwkk/GBA/HG002-56db7xrgpanwkk.GBA.yaml	1703	1786837712	b6c50dfdd053d04ec39873611c875e08dd690ffd01de1828b5058f1da956739f
E2	/fsx/analysis_results/prod-cand-1703/prod-cand-1703-hg002-bjuice-v2-seqkitfix-20260815T080300Z	results/day/hg38/HG002-56db7xrgpanwkk/align/sentmm2ont/na/snv/sentdhiomr2/segdup/HG002-56db7xrgpanwkk/HBA/HG002-56db7xrgpanwkk.HBA.done	32	1786837313	f9a18f4250abed23e04ba76a88571bf89bd9f23d7c3798cfbb4dff0f5b9cbd38
E2	/fsx/analysis_results/prod-cand-1703/prod-cand-1703-hg002-bjuice-v2-seqkitfix-20260815T080300Z	results/day/hg38/HG002-56db7xrgpanwkk/align/sentmm2ont/na/snv/sentdhiomr2/segdup/HG002-56db7xrgpanwkk/HBA/HG002-56db7xrgpanwkk.HBA.result.vcf.gz	4380	1786837313	ef20aeaca6f0c36f8be1d86c5790f721760608aad619e0295907ec046ad0f453
E2	/fsx/analysis_results/prod-cand-1703/prod-cand-1703-hg002-bjuice-v2-seqkitfix-20260815T080300Z	results/day/hg38/HG002-56db7xrgpanwkk/align/sentmm2ont/na/snv/sentdhiomr2/segdup/HG002-56db7xrgpanwkk/HBA/HG002-56db7xrgpanwkk.HBA.result.vcf.gz.tbi	98	1786837313	d9b7c081d08b8820467ab162c91af97cb9694c649337d54fef0767a40b2b5fc8
E2	/fsx/analysis_results/prod-cand-1703/prod-cand-1703-hg002-bjuice-v2-seqkitfix-20260815T080300Z	results/day/hg38/HG002-56db7xrgpanwkk/align/sentmm2ont/na/snv/sentdhiomr2/segdup/HG002-56db7xrgpanwkk/HBA/HG002-56db7xrgpanwkk.HBA.yaml	1808	1786837313	5c5f78d7af5734e19f4dd7477931f26fd49408002d5ebfeecae1f1c8e381907a
E2	/fsx/analysis_results/prod-cand-1703/prod-cand-1703-hg002-bjuice-v2-seqkitfix-20260815T080300Z	results/day/hg38/HG002-56db7xrgpanwkk/align/sentmm2ont/na/snv/sentdhiomr2/segdup/HG002-56db7xrgpanwkk/IKBKG/HG002-56db7xrgpanwkk.IKBKG.done	34	1786837312	4b0b47d77d3c497e6222e449353a893841f9b0cb5dcba24db9ae1be66788a834
E2	/fsx/analysis_results/prod-cand-1703/prod-cand-1703-hg002-bjuice-v2-seqkitfix-20260815T080300Z	results/day/hg38/HG002-56db7xrgpanwkk/align/sentmm2ont/na/snv/sentdhiomr2/segdup/HG002-56db7xrgpanwkk/IKBKG/HG002-56db7xrgpanwkk.IKBKG.yaml	2090	1786837312	966308bc5e64c9704d84b0589ea38f423db7e19414f8cf8653d7ce33775c71f0
E2	/fsx/analysis_results/prod-cand-1703/prod-cand-1703-hg002-bjuice-v2-seqkitfix-20260815T080300Z	results/day/hg38/HG002-56db7xrgpanwkk/align/sentmm2ont/na/snv/sentdhiomr2/segdup/HG002-56db7xrgpanwkk/LPA/HG002-56db7xrgpanwkk.LPA.done	32	1786837313	4137cd03d2a1259175faabedcb649bf48b795a3dbc8fb9d0aaf83cdb03cd6283
E2	/fsx/analysis_results/prod-cand-1703/prod-cand-1703-hg002-bjuice-v2-seqkitfix-20260815T080300Z	results/day/hg38/HG002-56db7xrgpanwkk/align/sentmm2ont/na/snv/sentdhiomr2/segdup/HG002-56db7xrgpanwkk/LPA/HG002-56db7xrgpanwkk.LPA.yaml	6040	1786837313	f73264cc446b4bc8b95949a826f39eca452039d5558115dfc743607c9458cc4a
E2	/fsx/analysis_results/prod-cand-1703/prod-cand-1703-hg002-bjuice-v2-seqkitfix-20260815T080300Z	results/day/hg38/HG002-56db7xrgpanwkk/align/sentmm2ont/na/snv/sentdhiomr2/segdup/HG002-56db7xrgpanwkk/NCF1/HG002-56db7xrgpanwkk.NCF1.done	33	1786837709	eb362f1ff3853eb0775350fa48a7035faa1989910ca2cdcaa79ec0a2d2cc3313
E2	/fsx/analysis_results/prod-cand-1703/prod-cand-1703-hg002-bjuice-v2-seqkitfix-20260815T080300Z	results/day/hg38/HG002-56db7xrgpanwkk/align/sentmm2ont/na/snv/sentdhiomr2/segdup/HG002-56db7xrgpanwkk/NCF1/HG002-56db7xrgpanwkk.NCF1.result.vcf.gz	7541	1786837709	ca575c0f4eb5b6c229e35f8977551f32641075233989654798012101353bb993
E2	/fsx/analysis_results/prod-cand-1703/prod-cand-1703-hg002-bjuice-v2-seqkitfix-20260815T080300Z	results/day/hg38/HG002-56db7xrgpanwkk/align/sentmm2ont/na/snv/sentdhiomr2/segdup/HG002-56db7xrgpanwkk/NCF1/HG002-56db7xrgpanwkk.NCF1.result.vcf.gz.tbi	193	1786837709	2be28a9f288438cbdc6646b36b8fa35572f3140a8b70197cdd73729457c1b343
E2	/fsx/analysis_results/prod-cand-1703/prod-cand-1703-hg002-bjuice-v2-seqkitfix-20260815T080300Z	results/day/hg38/HG002-56db7xrgpanwkk/align/sentmm2ont/na/snv/sentdhiomr2/segdup/HG002-56db7xrgpanwkk/NCF1/HG002-56db7xrgpanwkk.NCF1.yaml	1580	1786837709	a2342c5c57c18273b6e463d133f06e0e648363d6d4e7a77037f25ef5f793d6d9
E2	/fsx/analysis_results/prod-cand-1703/prod-cand-1703-hg002-bjuice-v2-seqkitfix-20260815T080300Z	results/day/hg38/HG002-56db7xrgpanwkk/align/sentmm2ont/na/snv/sentdhiomr2/segdup/HG002-56db7xrgpanwkk/OTOA/HG002-56db7xrgpanwkk.OTOA.done	33	1786837309	68c1d38708f1ca06116a1136a9b11b083a99a423f816fe01ba6684bb3b50dde9
E2	/fsx/analysis_results/prod-cand-1703/prod-cand-1703-hg002-bjuice-v2-seqkitfix-20260815T080300Z	results/day/hg38/HG002-56db7xrgpanwkk/align/sentmm2ont/na/snv/sentdhiomr2/segdup/HG002-56db7xrgpanwkk/OTOA/HG002-56db7xrgpanwkk.OTOA.result.vcf.gz	6517	1786837309	aa88aa5c89c1be3df924b162e9675ef3d79b05179397ad6e09280a5fa837e828
E2	/fsx/analysis_results/prod-cand-1703/prod-cand-1703-hg002-bjuice-v2-seqkitfix-20260815T080300Z	results/day/hg38/HG002-56db7xrgpanwkk/align/sentmm2ont/na/snv/sentdhiomr2/segdup/HG002-56db7xrgpanwkk/OTOA/HG002-56db7xrgpanwkk.OTOA.result.vcf.gz.tbi	167	1786837309	83e21a0ae709fc1cfe47127daf0f41487f771cdca22e0fb470c63c8892b52318
E2	/fsx/analysis_results/prod-cand-1703/prod-cand-1703-hg002-bjuice-v2-seqkitfix-20260815T080300Z	results/day/hg38/HG002-56db7xrgpanwkk/align/sentmm2ont/na/snv/sentdhiomr2/segdup/HG002-56db7xrgpanwkk/OTOA/HG002-56db7xrgpanwkk.OTOA.yaml	2599	1786837309	85ee7cdc0fe25cee3fc9cd217fdb6334fdbaa018d3d719336d8e58aafd9d61a4
E2	/fsx/analysis_results/prod-cand-1703/prod-cand-1703-hg002-bjuice-v2-seqkitfix-20260815T080300Z	results/day/hg38/HG002-56db7xrgpanwkk/align/sentmm2ont/na/snv/sentdhiomr2/segdup/HG002-56db7xrgpanwkk/PMS2/HG002-56db7xrgpanwkk.PMS2.done	33	1786837310	2c0a7829ef37e6333ff9e20f3fbc245fa799e6f45625d3e33721bf4ac3c76e12
E2	/fsx/analysis_results/prod-cand-1703/prod-cand-1703-hg002-bjuice-v2-seqkitfix-20260815T080300Z	results/day/hg38/HG002-56db7xrgpanwkk/align/sentmm2ont/na/snv/sentdhiomr2/segdup/HG002-56db7xrgpanwkk/PMS2/HG002-56db7xrgpanwkk.PMS2.result.vcf.gz	11534	1786837310	db97c151afc1fffc70cc43176caa164ba7f080a6f0f76713997e5c0fb33a97a3
E2	/fsx/analysis_results/prod-cand-1703/prod-cand-1703-hg002-bjuice-v2-seqkitfix-20260815T080300Z	results/day/hg38/HG002-56db7xrgpanwkk/align/sentmm2ont/na/snv/sentdhiomr2/segdup/HG002-56db7xrgpanwkk/PMS2/HG002-56db7xrgpanwkk.PMS2.result.vcf.gz.tbi	134	1786837310	8d1bafbdc8a021deb43656e8a670a35893d3f5b479a5b49d43a89ddf4c16d2e8
E2	/fsx/analysis_results/prod-cand-1703/prod-cand-1703-hg002-bjuice-v2-seqkitfix-20260815T080300Z	results/day/hg38/HG002-56db7xrgpanwkk/align/sentmm2ont/na/snv/sentdhiomr2/segdup/HG002-56db7xrgpanwkk/PMS2/HG002-56db7xrgpanwkk.PMS2.yaml	3292	1786837310	854d475cd7a047ad965a649362f3a5e38d78850bd6d343115a627299eeed0de9
E2	/fsx/analysis_results/prod-cand-1703/prod-cand-1703-hg002-bjuice-v2-seqkitfix-20260815T080300Z	results/day/hg38/HG002-56db7xrgpanwkk/align/sentmm2ont/na/snv/sentdhiomr2/segdup/HG002-56db7xrgpanwkk/RCCX/HG002-56db7xrgpanwkk.RCCX.done	33	1786837310	def97efc51b14388fbe01e607b6969eec2976ff117c5ecacb4d0a465fa973e82
E2	/fsx/analysis_results/prod-cand-1703/prod-cand-1703-hg002-bjuice-v2-seqkitfix-20260815T080300Z	results/day/hg38/HG002-56db7xrgpanwkk/align/sentmm2ont/na/snv/sentdhiomr2/segdup/HG002-56db7xrgpanwkk/RCCX/HG002-56db7xrgpanwkk.RCCX.result.vcf.gz	12643	1786837310	ec8f723db422cb4196085358db03e8def06cbecc5de33b91e813e0551ecba320
E2	/fsx/analysis_results/prod-cand-1703/prod-cand-1703-hg002-bjuice-v2-seqkitfix-20260815T080300Z	results/day/hg38/HG002-56db7xrgpanwkk/align/sentmm2ont/na/snv/sentdhiomr2/segdup/HG002-56db7xrgpanwkk/RCCX/HG002-56db7xrgpanwkk.RCCX.result.vcf.gz.tbi	178	1786837310	1195fe013cf07feabef4ebee6b0a466c3ae8f76e536124525afc11308e512dd4
E2	/fsx/analysis_results/prod-cand-1703/prod-cand-1703-hg002-bjuice-v2-seqkitfix-20260815T080300Z	results/day/hg38/HG002-56db7xrgpanwkk/align/sentmm2ont/na/snv/sentdhiomr2/segdup/HG002-56db7xrgpanwkk/RCCX/HG002-56db7xrgpanwkk.RCCX.yaml	2965	1786837310	6a2a909ec2b728e814ba0e0a40065a53b72c0b7babaa84f0cf6bd56b1081f277
E2	/fsx/analysis_results/prod-cand-1703/prod-cand-1703-hg002-bjuice-v2-seqkitfix-20260815T080300Z	results/day/hg38/HG002-56db7xrgpanwkk/align/sentmm2ont/na/snv/sentdhiomr2/segdup/HG002-56db7xrgpanwkk/RH/HG002-56db7xrgpanwkk.RH.done	31	1786837708	8b0e22de9f2c56973affe66793ef5c1490b73110b109cf73352d1b26422c6fca
E2	/fsx/analysis_results/prod-cand-1703/prod-cand-1703-hg002-bjuice-v2-seqkitfix-20260815T080300Z	results/day/hg38/HG002-56db7xrgpanwkk/align/sentmm2ont/na/snv/sentdhiomr2/segdup/HG002-56db7xrgpanwkk/RH/HG002-56db7xrgpanwkk.RH.result.vcf.gz	8869	1786837708	a04f1dcb4c997d2bd9d187e6da57ed0eddf230505678b31b4d1f275a8b50e6f8
E2	/fsx/analysis_results/prod-cand-1703/prod-cand-1703-hg002-bjuice-v2-seqkitfix-20260815T080300Z	results/day/hg38/HG002-56db7xrgpanwkk/align/sentmm2ont/na/snv/sentdhiomr2/segdup/HG002-56db7xrgpanwkk/RH/HG002-56db7xrgpanwkk.RH.result.vcf.gz.tbi	172	1786837708	7e8db00cfd9e6c88779308bd08ec916a20b974790822bbe1a9a9707bbf419f9e
E2	/fsx/analysis_results/prod-cand-1703/prod-cand-1703-hg002-bjuice-v2-seqkitfix-20260815T080300Z	results/day/hg38/HG002-56db7xrgpanwkk/align/sentmm2ont/na/snv/sentdhiomr2/segdup/HG002-56db7xrgpanwkk/RH/HG002-56db7xrgpanwkk.RH.yaml	2066	1786837708	3bde9ff45a46fc89d26f6659f29b1644dd8075daba28255b4ec7d25e570bd549
E2	/fsx/analysis_results/prod-cand-1703/prod-cand-1703-hg002-bjuice-v2-seqkitfix-20260815T080300Z	results/day/hg38/HG002-56db7xrgpanwkk/align/sentmm2ont/na/snv/sentdhiomr2/segdup/HG002-56db7xrgpanwkk/SBDS/HG002-56db7xrgpanwkk.SBDS.done	33	1786837708	7575b2b1b7f0df89b5aabbb5a8a99c7fd82d2ed8baf22f73c5bb30f625a3dbe1
E2	/fsx/analysis_results/prod-cand-1703/prod-cand-1703-hg002-bjuice-v2-seqkitfix-20260815T080300Z	results/day/hg38/HG002-56db7xrgpanwkk/align/sentmm2ont/na/snv/sentdhiomr2/segdup/HG002-56db7xrgpanwkk/SBDS/HG002-56db7xrgpanwkk.SBDS.result.vcf.gz	4044	1786837708	f49b2927993ad0c0dd600f3b6d584bc457f67faef38d580a3b3e3c4ca1a37053
E2	/fsx/analysis_results/prod-cand-1703/prod-cand-1703-hg002-bjuice-v2-seqkitfix-20260815T080300Z	results/day/hg38/HG002-56db7xrgpanwkk/align/sentmm2ont/na/snv/sentdhiomr2/segdup/HG002-56db7xrgpanwkk/SBDS/HG002-56db7xrgpanwkk.SBDS.result.vcf.gz.tbi	178	1786837708	b17cab894c97c130b8b564d2ab0f3d0c2f3bdd7155c7a8a21184cecdd9369219
E2	/fsx/analysis_results/prod-cand-1703/prod-cand-1703-hg002-bjuice-v2-seqkitfix-20260815T080300Z	results/day/hg38/HG002-56db7xrgpanwkk/align/sentmm2ont/na/snv/sentdhiomr2/segdup/HG002-56db7xrgpanwkk/SBDS/HG002-56db7xrgpanwkk.SBDS.yaml	2292	1786837708	7cc2ec116bbcf38da5957ea3fc0c1256370dde3d9cd6e45775188d7fa086b537
E2	/fsx/analysis_results/prod-cand-1703/prod-cand-1703-hg002-bjuice-v2-seqkitfix-20260815T080300Z	results/day/hg38/HG002-56db7xrgpanwkk/align/sentmm2ont/na/snv/sentdhiomr2/segdup/HG002-56db7xrgpanwkk/SMN1/HG002-56db7xrgpanwkk.SMN1.done	33	1786837710	cb012bdeb144dffb504c8492291c0c703fe4ced4064026e04fe63e1104097d06
E2	/fsx/analysis_results/prod-cand-1703/prod-cand-1703-hg002-bjuice-v2-seqkitfix-20260815T080300Z	results/day/hg38/HG002-56db7xrgpanwkk/align/sentmm2ont/na/snv/sentdhiomr2/segdup/HG002-56db7xrgpanwkk/SMN1/HG002-56db7xrgpanwkk.SMN1.result.vcf.gz	7182	1786837710	629653e08cb856fc516c9dd32f3a77c5fe649609b3532be65e28ae499309e6a6
E2	/fsx/analysis_results/prod-cand-1703/prod-cand-1703-hg002-bjuice-v2-seqkitfix-20260815T080300Z	results/day/hg38/HG002-56db7xrgpanwkk/align/sentmm2ont/na/snv/sentdhiomr2/segdup/HG002-56db7xrgpanwkk/SMN1/HG002-56db7xrgpanwkk.SMN1.result.vcf.gz.tbi	196	1786837710	07b8a21828186d5ac1dfeea6e26cbc3d0602d7d98da670372297fdd13e9121f0
E2	/fsx/analysis_results/prod-cand-1703/prod-cand-1703-hg002-bjuice-v2-seqkitfix-20260815T080300Z	results/day/hg38/HG002-56db7xrgpanwkk/align/sentmm2ont/na/snv/sentdhiomr2/segdup/HG002-56db7xrgpanwkk/SMN1/HG002-56db7xrgpanwkk.SMN1.yaml	1581	1786837710	0894ef5e33699cdc0cb521c81c7bb440f5e84e65076cb8e95bf74e76a8cd04d0
E2	/fsx/analysis_results/prod-cand-1703/prod-cand-1703-hg002-bjuice-v2-seqkitfix-20260815T080300Z	results/day/hg38/HG002-56db7xrgpanwkk/align/sentmm2ont/na/snv/sentdhiomr2/segdup/HG002-56db7xrgpanwkk/STRC/HG002-56db7xrgpanwkk.STRC.done	33	1786837706	de12494929617b5cc57839367dc26941e31fde95640eaf13b497d699d327765e
E2	/fsx/analysis_results/prod-cand-1703/prod-cand-1703-hg002-bjuice-v2-seqkitfix-20260815T080300Z	results/day/hg38/HG002-56db7xrgpanwkk/align/sentmm2ont/na/snv/sentdhiomr2/segdup/HG002-56db7xrgpanwkk/STRC/HG002-56db7xrgpanwkk.STRC.result.vcf.gz	7375	1786837706	ffc566a866f9e39604add4abf538517a5f6c471bbe805d7835e99ca454aaef9f
E2	/fsx/analysis_results/prod-cand-1703/prod-cand-1703-hg002-bjuice-v2-seqkitfix-20260815T080300Z	results/day/hg38/HG002-56db7xrgpanwkk/align/sentmm2ont/na/snv/sentdhiomr2/segdup/HG002-56db7xrgpanwkk/STRC/HG002-56db7xrgpanwkk.STRC.result.vcf.gz.tbi	179	1786837706	a653d00820a1dc2060087b2ce6c35e132dfa844fb77a3e6ae59a200103834e17
E2	/fsx/analysis_results/prod-cand-1703/prod-cand-1703-hg002-bjuice-v2-seqkitfix-20260815T080300Z	results/day/hg38/HG002-56db7xrgpanwkk/align/sentmm2ont/na/snv/sentdhiomr2/segdup/HG002-56db7xrgpanwkk/STRC/HG002-56db7xrgpanwkk.STRC.yaml	2167	1786837706	affc35ced7472fa990049c022e59cdb9d98215ac9ed59048d588f66f3753289b
E2	/fsx/analysis_results/prod-cand-1703/prod-cand-1703-hg002-bjuice-v2-seqkitfix-20260815T080300Z	results/day/hg38/HG002-56db7xrgpanwkk/align/sentmm2ont/na/snv/sentdhiomr2/slim-consensus/prepared/smn12/HG002-56db7xrgpanwkk.smn12.normalized.json	2300	1786800489	f7534a94488d9847be4bc9390b54093d51324178c18201e266ec2c612bee4c25
E2	/fsx/analysis_results/prod-cand-1703/prod-cand-1703-hg002-bjuice-v2-seqkitfix-20260815T080300Z	results/day/hg38/HG002-56db7xrgpanwkk/align/sentmm2ont/na/snv/sentdhiomr2/slim-consensus/truvari/HG002-56db7xrgpanwkk/queries/longreadsv/truvari/summary.json	920	1786837037	e8ce933c1838cc6c3565dbd5e4751e3a001c6c46f42c10b565f239a217a26b52
E2	/fsx/analysis_results/prod-cand-1703/prod-cand-1703-hg002-bjuice-v2-seqkitfix-20260815T080300Z	results/day/hg38/HG002-56db7xrgpanwkk/align/sentmm2ont/na/snv/sentdhiomr2/slim-consensus/truvari/HG002-56db7xrgpanwkk/queries/sniffles2/truvari/summary.json	735	1786782394	61559ea76fd7f0b5727eeceaee3e6a4b90aafedfcb323fed654501df62059dbb
E2	/fsx/analysis_results/prod-cand-1703/prod-cand-1703-hg002-bjuice-v2-seqkitfix-20260815T080300Z	results/day/hg38/HG002-56db7xrgpanwkk/align/sentmm2ont/na/snv/sentdhiomr2/slim-consensus/truvari/HG002-56db7xrgpanwkk/queries/tagged_trussv/truvari/summary.json	923	1786838270	0fe937423ce948fea7c604aa6e1583a3ed1f8fd6ba48b0e526c081ac010521a0
E2	/fsx/analysis_results/prod-cand-1703/prod-cand-1703-hg002-bjuice-v2-seqkitfix-20260815T080300Z	results/day/hg38/HG002-56db7xrgpanwkk/align/sentmm2ont/na/snv/sentdhiomr2/slim-consensus/truvari/HG002-56db7xrgpanwkk/queries/tiddit/truvari/summary.json	700	1786837404	35b6a3c61321ace84a9ec11f3c2f82811a231989fe860a2a81a34b8ec5e199e7
E2	/fsx/analysis_results/prod-cand-1703/prod-cand-1703-hg002-bjuice-v2-seqkitfix-20260815T080300Z	results/day/hg38/HG002-5r2pnnjbw114ye/align/sentdhiomr2lr/na/alignqc/mosdepth/HG002-5r2pnnjbw114ye.sentdhiomr2lr.na.mosdepth.summary.txt	11432	1786781986	733730eed7954db992c25340dd7c1d7778c351b688e4e656770410302fee219a
E2	/fsx/analysis_results/prod-cand-1703/prod-cand-1703-hg002-bjuice-v2-seqkitfix-20260815T080300Z	results/day/hg38/HG002-5r2pnnjbw114ye/align/sentdhiomr2rsr/na/alignqc/mosdepth/HG002-5r2pnnjbw114ye.sentdhiomr2rsr.na.mosdepth.summary.txt	14815	1786800529	80a2d32c2c75a10c206cb462caa942a64e5fec734b4e2d153fa2df572ac5f977
E2	/fsx/analysis_results/prod-cand-1703/prod-cand-1703-hg002-bjuice-v2-seqkitfix-20260815T080300Z	results/day/hg38/HG002-5r2pnnjbw114ye/align/sentdhiomr2sr/smd/htd/smn12/HG002-5r2pnnjbw114ye.sentdhiomr2sr.smd.smn12.summary.json	1030	1786782465	8c5b2ca68c78ab7858524a78cb6515f1c45d52d01f507910c97fea8adb2f41c2
E2	/fsx/analysis_results/prod-cand-1703/prod-cand-1703-hg002-bjuice-v2-seqkitfix-20260815T080300Z	results/day/hg38/HG002-5r2pnnjbw114ye/align/sentdhiomr2sr/smd/htd/smn12/HG002-5r2pnnjbw114ye.sentdhiomr2sr.smd.smn12.summary.tsv	261	1786782460	2a8510a351ae59829147e005eb7a18166ea00d2975a986445c760ceadf85bc9a
E2	/fsx/analysis_results/prod-cand-1703/prod-cand-1703-hg002-bjuice-v2-seqkitfix-20260815T080300Z	results/day/hg38/HG002-5r2pnnjbw114ye/align/sentmm2ont/na/snv/sentdhiomr2/concordance/_giabHC/snv_HG002-5r2pnnjbw114ye_giabHC_concordance.mqc.tsv	3725	1786837711	6d822c0f341ea6f8150e36f44d54cb9af71268320662c460c97e8e58cbe818cc
E2	/fsx/analysis_results/prod-cand-1703/prod-cand-1703-hg002-bjuice-v2-seqkitfix-20260815T080300Z	results/day/hg38/HG002-5r2pnnjbw114ye/align/sentmm2ont/na/snv/sentdhiomr2/segdup/HG002-5r2pnnjbw114ye/CFH/HG002-5r2pnnjbw114ye.CFH.done	32	1786800588	4b57c569722f4f390d00b1f5d2d3dfab090236f1ca3f4f6bb76d514a3106153f
E2	/fsx/analysis_results/prod-cand-1703/prod-cand-1703-hg002-bjuice-v2-seqkitfix-20260815T080300Z	results/day/hg38/HG002-5r2pnnjbw114ye/align/sentmm2ont/na/snv/sentdhiomr2/segdup/HG002-5r2pnnjbw114ye/CFH/HG002-5r2pnnjbw114ye.CFH.result.vcf.gz	4424	1786800588	b20ee4da914567d080a323efee411d3f9ce387c3954910288099b75c12ecfbc2
E2	/fsx/analysis_results/prod-cand-1703/prod-cand-1703-hg002-bjuice-v2-seqkitfix-20260815T080300Z	results/day/hg38/HG002-5r2pnnjbw114ye/align/sentmm2ont/na/snv/sentdhiomr2/segdup/HG002-5r2pnnjbw114ye/CFH/HG002-5r2pnnjbw114ye.CFH.result.vcf.gz.tbi	318	1786800588	78acb5705e060642776fed1b49f7c519a53ef3088cd5f27e938a86c050b121f3
E2	/fsx/analysis_results/prod-cand-1703/prod-cand-1703-hg002-bjuice-v2-seqkitfix-20260815T080300Z	results/day/hg38/HG002-5r2pnnjbw114ye/align/sentmm2ont/na/snv/sentdhiomr2/segdup/HG002-5r2pnnjbw114ye/CFH/HG002-5r2pnnjbw114ye.CFH.yaml	1918	1786800588	65abf7309f0766202fbb355af746e249e3d9b9656c3ce759f0f0a5cd6eee000f
E2	/fsx/analysis_results/prod-cand-1703/prod-cand-1703-hg002-bjuice-v2-seqkitfix-20260815T080300Z	results/day/hg38/HG002-5r2pnnjbw114ye/align/sentmm2ont/na/snv/sentdhiomr2/segdup/HG002-5r2pnnjbw114ye/CYP11B1/HG002-5r2pnnjbw114ye.CYP11B1.done	36	1786800531	f7af4438026327204db5f578af844b26675f26676bd704658b58a37b8a98a5c8
E2	/fsx/analysis_results/prod-cand-1703/prod-cand-1703-hg002-bjuice-v2-seqkitfix-20260815T080300Z	results/day/hg38/HG002-5r2pnnjbw114ye/align/sentmm2ont/na/snv/sentdhiomr2/segdup/HG002-5r2pnnjbw114ye/CYP11B1/HG002-5r2pnnjbw114ye.CYP11B1.result.vcf.gz	2980	1786800531	ccc45d1df4be4409b0271a5c5a25ad82f516fe4e20b308fbb83a1d2cacc67130
E2	/fsx/analysis_results/prod-cand-1703/prod-cand-1703-hg002-bjuice-v2-seqkitfix-20260815T080300Z	results/day/hg38/HG002-5r2pnnjbw114ye/align/sentmm2ont/na/snv/sentdhiomr2/segdup/HG002-5r2pnnjbw114ye/CYP11B1/HG002-5r2pnnjbw114ye.CYP11B1.result.vcf.gz.tbi	72	1786800531	8ac6662ca1a70d893348b244dfa8adaf4f6c50510b8bc39a785b40231f7966cc
E2	/fsx/analysis_results/prod-cand-1703/prod-cand-1703-hg002-bjuice-v2-seqkitfix-20260815T080300Z	results/day/hg38/HG002-5r2pnnjbw114ye/align/sentmm2ont/na/snv/sentdhiomr2/segdup/HG002-5r2pnnjbw114ye/CYP11B1/HG002-5r2pnnjbw114ye.CYP11B1.yaml	1608	1786800531	d3c0c57edfc100ed2b1b77d48fd34886c77a85ccb47c627b1acb4153ab6e1ac3
E2	/fsx/analysis_results/prod-cand-1703/prod-cand-1703-hg002-bjuice-v2-seqkitfix-20260815T080300Z	results/day/hg38/HG002-5r2pnnjbw114ye/align/sentmm2ont/na/snv/sentdhiomr2/segdup/HG002-5r2pnnjbw114ye/CYP2A6/HG002-5r2pnnjbw114ye.CYP2A6.done	35	1786800499	a7ed310d4a4e99a32a77f8236ab1287f7b8f9ba6176e8ebe44697e87b1ccbd60
E2	/fsx/analysis_results/prod-cand-1703/prod-cand-1703-hg002-bjuice-v2-seqkitfix-20260815T080300Z	results/day/hg38/HG002-5r2pnnjbw114ye/align/sentmm2ont/na/snv/sentdhiomr2/segdup/HG002-5r2pnnjbw114ye/CYP2A6/HG002-5r2pnnjbw114ye.CYP2A6.result.vcf.gz	2978	1786800499	d01f82f2b2995ef6cf15d4cc9f36412688fb65a5f116cb10d54e816cda648214
E2	/fsx/analysis_results/prod-cand-1703/prod-cand-1703-hg002-bjuice-v2-seqkitfix-20260815T080300Z	results/day/hg38/HG002-5r2pnnjbw114ye/align/sentmm2ont/na/snv/sentdhiomr2/segdup/HG002-5r2pnnjbw114ye/CYP2A6/HG002-5r2pnnjbw114ye.CYP2A6.result.vcf.gz.tbi	72	1786800499	8ac6662ca1a70d893348b244dfa8adaf4f6c50510b8bc39a785b40231f7966cc
E2	/fsx/analysis_results/prod-cand-1703/prod-cand-1703-hg002-bjuice-v2-seqkitfix-20260815T080300Z	results/day/hg38/HG002-5r2pnnjbw114ye/align/sentmm2ont/na/snv/sentdhiomr2/segdup/HG002-5r2pnnjbw114ye/CYP2A6/HG002-5r2pnnjbw114ye.CYP2A6.yaml	2296	1786800499	6efb8dab4f11684a7b2f7f1631cd4be5e18661c727d203f9dd1ceb839389ce62
E2	/fsx/analysis_results/prod-cand-1703/prod-cand-1703-hg002-bjuice-v2-seqkitfix-20260815T080300Z	results/day/hg38/HG002-5r2pnnjbw114ye/align/sentmm2ont/na/snv/sentdhiomr2/segdup/HG002-5r2pnnjbw114ye/CYP2B6/HG002-5r2pnnjbw114ye.CYP2B6.done	35	1786800545	58e20a66984cc5991d6ed656069d27564352d5d6008209ea130ca7f4c32f6e0e
E2	/fsx/analysis_results/prod-cand-1703/prod-cand-1703-hg002-bjuice-v2-seqkitfix-20260815T080300Z	results/day/hg38/HG002-5r2pnnjbw114ye/align/sentmm2ont/na/snv/sentdhiomr2/segdup/HG002-5r2pnnjbw114ye/CYP2B6/HG002-5r2pnnjbw114ye.CYP2B6.result.vcf.gz	2913	1786800545	82091d71f73b62e9e24fa05390daee8738bd33b1148f1f1f70ed54038c9fa073
E2	/fsx/analysis_results/prod-cand-1703/prod-cand-1703-hg002-bjuice-v2-seqkitfix-20260815T080300Z	results/day/hg38/HG002-5r2pnnjbw114ye/align/sentmm2ont/na/snv/sentdhiomr2/segdup/HG002-5r2pnnjbw114ye/CYP2B6/HG002-5r2pnnjbw114ye.CYP2B6.result.vcf.gz.tbi	72	1786800545	8ac6662ca1a70d893348b244dfa8adaf4f6c50510b8bc39a785b40231f7966cc
E2	/fsx/analysis_results/prod-cand-1703/prod-cand-1703-hg002-bjuice-v2-seqkitfix-20260815T080300Z	results/day/hg38/HG002-5r2pnnjbw114ye/align/sentmm2ont/na/snv/sentdhiomr2/segdup/HG002-5r2pnnjbw114ye/CYP2B6/HG002-5r2pnnjbw114ye.CYP2B6.yaml	2523	1786800545	e5f2a3914a07335868392ef18bab7ee73a645e0f7a8be4d2d853fb6c00e0f479
E2	/fsx/analysis_results/prod-cand-1703/prod-cand-1703-hg002-bjuice-v2-seqkitfix-20260815T080300Z	results/day/hg38/HG002-5r2pnnjbw114ye/align/sentmm2ont/na/snv/sentdhiomr2/segdup/HG002-5r2pnnjbw114ye/CYP2D6/HG002-5r2pnnjbw114ye.CYP2D6.done	35	1786800491	d51c395add49b6233820d2e9b502cfcd5d3702938b2d4031aab3ffcc40efefe4
E2	/fsx/analysis_results/prod-cand-1703/prod-cand-1703-hg002-bjuice-v2-seqkitfix-20260815T080300Z	results/day/hg38/HG002-5r2pnnjbw114ye/align/sentmm2ont/na/snv/sentdhiomr2/segdup/HG002-5r2pnnjbw114ye/CYP2D6/HG002-5r2pnnjbw114ye.CYP2D6.result.vcf.gz	2980	1786800491	ff727a155fa362df10155547df024e85e075a3d6ce173a3d9e10333488c6c5f2
E2	/fsx/analysis_results/prod-cand-1703/prod-cand-1703-hg002-bjuice-v2-seqkitfix-20260815T080300Z	results/day/hg38/HG002-5r2pnnjbw114ye/align/sentmm2ont/na/snv/sentdhiomr2/segdup/HG002-5r2pnnjbw114ye/CYP2D6/HG002-5r2pnnjbw114ye.CYP2D6.result.vcf.gz.tbi	72	1786800491	8ac6662ca1a70d893348b244dfa8adaf4f6c50510b8bc39a785b40231f7966cc
E2	/fsx/analysis_results/prod-cand-1703/prod-cand-1703-hg002-bjuice-v2-seqkitfix-20260815T080300Z	results/day/hg38/HG002-5r2pnnjbw114ye/align/sentmm2ont/na/snv/sentdhiomr2/segdup/HG002-5r2pnnjbw114ye/CYP2D6/HG002-5r2pnnjbw114ye.CYP2D6.yaml	1863	1786800491	a6839cf267319baa4ead5377006538d46cd5a1dee47e40a37449194dce717207
E2	/fsx/analysis_results/prod-cand-1703/prod-cand-1703-hg002-bjuice-v2-seqkitfix-20260815T080300Z	results/day/hg38/HG002-5r2pnnjbw114ye/align/sentmm2ont/na/snv/sentdhiomr2/segdup/HG002-5r2pnnjbw114ye/GBA/HG002-5r2pnnjbw114ye.GBA.done	32	1786800614	499c5876e9829a58834f6df72d3f63df3805a009b7ec8552a620c15326f3dfcb
E2	/fsx/analysis_results/prod-cand-1703/prod-cand-1703-hg002-bjuice-v2-seqkitfix-20260815T080300Z	results/day/hg38/HG002-5r2pnnjbw114ye/align/sentmm2ont/na/snv/sentdhiomr2/segdup/HG002-5r2pnnjbw114ye/GBA/HG002-5r2pnnjbw114ye.GBA.result.vcf.gz	2976	1786800614	ca449f33299a25404f67facf3fdeab8350a84785d01ffd3a31163c31a2779a7e
E2	/fsx/analysis_results/prod-cand-1703/prod-cand-1703-hg002-bjuice-v2-seqkitfix-20260815T080300Z	results/day/hg38/HG002-5r2pnnjbw114ye/align/sentmm2ont/na/snv/sentdhiomr2/segdup/HG002-5r2pnnjbw114ye/GBA/HG002-5r2pnnjbw114ye.GBA.result.vcf.gz.tbi	72	1786800614	8ac6662ca1a70d893348b244dfa8adaf4f6c50510b8bc39a785b40231f7966cc
E2	/fsx/analysis_results/prod-cand-1703/prod-cand-1703-hg002-bjuice-v2-seqkitfix-20260815T080300Z	results/day/hg38/HG002-5r2pnnjbw114ye/align/sentmm2ont/na/snv/sentdhiomr2/segdup/HG002-5r2pnnjbw114ye/GBA/HG002-5r2pnnjbw114ye.GBA.yaml	1703	1786800614	efd91cbf68010b2e036f2fb2c9bba2a276507aa9afe78d2451ab11c30e40877a
E2	/fsx/analysis_results/prod-cand-1703/prod-cand-1703-hg002-bjuice-v2-seqkitfix-20260815T080300Z	results/day/hg38/HG002-5r2pnnjbw114ye/align/sentmm2ont/na/snv/sentdhiomr2/segdup/HG002-5r2pnnjbw114ye/HBA/HG002-5r2pnnjbw114ye.HBA.done	32	1786800548	f9a18f4250abed23e04ba76a88571bf89bd9f23d7c3798cfbb4dff0f5b9cbd38
E2	/fsx/analysis_results/prod-cand-1703/prod-cand-1703-hg002-bjuice-v2-seqkitfix-20260815T080300Z	results/day/hg38/HG002-5r2pnnjbw114ye/align/sentmm2ont/na/snv/sentdhiomr2/segdup/HG002-5r2pnnjbw114ye/HBA/HG002-5r2pnnjbw114ye.HBA.result.vcf.gz	2971	1786800548	2b232ba823ecfbc8896864a31d8d0d2b1c71b412e7b5a7d40f264f36396b5a4e
E2	/fsx/analysis_results/prod-cand-1703/prod-cand-1703-hg002-bjuice-v2-seqkitfix-20260815T080300Z	results/day/hg38/HG002-5r2pnnjbw114ye/align/sentmm2ont/na/snv/sentdhiomr2/segdup/HG002-5r2pnnjbw114ye/HBA/HG002-5r2pnnjbw114ye.HBA.result.vcf.gz.tbi	72	1786800548	8ac6662ca1a70d893348b244dfa8adaf4f6c50510b8bc39a785b40231f7966cc
E2	/fsx/analysis_results/prod-cand-1703/prod-cand-1703-hg002-bjuice-v2-seqkitfix-20260815T080300Z	results/day/hg38/HG002-5r2pnnjbw114ye/align/sentmm2ont/na/snv/sentdhiomr2/segdup/HG002-5r2pnnjbw114ye/HBA/HG002-5r2pnnjbw114ye.HBA.yaml	1873	1786800548	f9a8c180b41fea87c562b95df7fd2ff8fff7b4b4d413aa914e50ae88fed4daaa
E2	/fsx/analysis_results/prod-cand-1703/prod-cand-1703-hg002-bjuice-v2-seqkitfix-20260815T080300Z	results/day/hg38/HG002-5r2pnnjbw114ye/align/sentmm2ont/na/snv/sentdhiomr2/segdup/HG002-5r2pnnjbw114ye/IKBKG/HG002-5r2pnnjbw114ye.IKBKG.done	34	1786800572	4b0b47d77d3c497e6222e449353a893841f9b0cb5dcba24db9ae1be66788a834
E2	/fsx/analysis_results/prod-cand-1703/prod-cand-1703-hg002-bjuice-v2-seqkitfix-20260815T080300Z	results/day/hg38/HG002-5r2pnnjbw114ye/align/sentmm2ont/na/snv/sentdhiomr2/segdup/HG002-5r2pnnjbw114ye/IKBKG/HG002-5r2pnnjbw114ye.IKBKG.yaml	1900	1786800572	c05f763f34e4d37be1d763cfadc3d7e895c8c63f1cbb275e9141aa82850c4479
E2	/fsx/analysis_results/prod-cand-1703/prod-cand-1703-hg002-bjuice-v2-seqkitfix-20260815T080300Z	results/day/hg38/HG002-5r2pnnjbw114ye/align/sentmm2ont/na/snv/sentdhiomr2/segdup/HG002-5r2pnnjbw114ye/LPA/HG002-5r2pnnjbw114ye.LPA.done	32	1786800490	4137cd03d2a1259175faabedcb649bf48b795a3dbc8fb9d0aaf83cdb03cd6283
E2	/fsx/analysis_results/prod-cand-1703/prod-cand-1703-hg002-bjuice-v2-seqkitfix-20260815T080300Z	results/day/hg38/HG002-5r2pnnjbw114ye/align/sentmm2ont/na/snv/sentdhiomr2/segdup/HG002-5r2pnnjbw114ye/LPA/HG002-5r2pnnjbw114ye.LPA.yaml	2002	1786800490	56b841c8db15ff32181a74da9d7cc22481600fc7a910eda562b3b6a5a0b28b6d
E2	/fsx/analysis_results/prod-cand-1703/prod-cand-1703-hg002-bjuice-v2-seqkitfix-20260815T080300Z	results/day/hg38/HG002-5r2pnnjbw114ye/align/sentmm2ont/na/snv/sentdhiomr2/segdup/HG002-5r2pnnjbw114ye/NCF1/HG002-5r2pnnjbw114ye.NCF1.done	33	1786800587	eb362f1ff3853eb0775350fa48a7035faa1989910ca2cdcaa79ec0a2d2cc3313
E2	/fsx/analysis_results/prod-cand-1703/prod-cand-1703-hg002-bjuice-v2-seqkitfix-20260815T080300Z	results/day/hg38/HG002-5r2pnnjbw114ye/align/sentmm2ont/na/snv/sentdhiomr2/segdup/HG002-5r2pnnjbw114ye/NCF1/HG002-5r2pnnjbw114ye.NCF1.result.vcf.gz	3068	1786800587	02e1b081d027430dd31d3394c38d727029fb3d29585194d0dd5dac2d131c857c
E2	/fsx/analysis_results/prod-cand-1703/prod-cand-1703-hg002-bjuice-v2-seqkitfix-20260815T080300Z	results/day/hg38/HG002-5r2pnnjbw114ye/align/sentmm2ont/na/snv/sentdhiomr2/segdup/HG002-5r2pnnjbw114ye/NCF1/HG002-5r2pnnjbw114ye.NCF1.result.vcf.gz.tbi	174	1786800587	218311f66ef0113345be8395fccd3c5b1e18eeaea7fb97cde2aa391d444ab6ec
E2	/fsx/analysis_results/prod-cand-1703/prod-cand-1703-hg002-bjuice-v2-seqkitfix-20260815T080300Z	results/day/hg38/HG002-5r2pnnjbw114ye/align/sentmm2ont/na/snv/sentdhiomr2/segdup/HG002-5r2pnnjbw114ye/NCF1/HG002-5r2pnnjbw114ye.NCF1.yaml	1579	1786800587	38b6fdb6599e146603c981afd2ca96ae6a27d4eeb91958245576a2238e546aa2
E2	/fsx/analysis_results/prod-cand-1703/prod-cand-1703-hg002-bjuice-v2-seqkitfix-20260815T080300Z	results/day/hg38/HG002-5r2pnnjbw114ye/align/sentmm2ont/na/snv/sentdhiomr2/segdup/HG002-5r2pnnjbw114ye/OTOA/HG002-5r2pnnjbw114ye.OTOA.done	33	1786800491	68c1d38708f1ca06116a1136a9b11b083a99a423f816fe01ba6684bb3b50dde9
E2	/fsx/analysis_results/prod-cand-1703/prod-cand-1703-hg002-bjuice-v2-seqkitfix-20260815T080300Z	results/day/hg38/HG002-5r2pnnjbw114ye/align/sentmm2ont/na/snv/sentdhiomr2/segdup/HG002-5r2pnnjbw114ye/OTOA/HG002-5r2pnnjbw114ye.OTOA.result.vcf.gz	3143	1786800491	f9ab57b9ddb423c5c5c88f1ca94413002007a158c8690f4f7a127ec8e8ab994f
E2	/fsx/analysis_results/prod-cand-1703/prod-cand-1703-hg002-bjuice-v2-seqkitfix-20260815T080300Z	results/day/hg38/HG002-5r2pnnjbw114ye/align/sentmm2ont/na/snv/sentdhiomr2/segdup/HG002-5r2pnnjbw114ye/OTOA/HG002-5r2pnnjbw114ye.OTOA.result.vcf.gz.tbi	151	1786800491	763eb95b5ec81bcf3bc08cc80cadc4d4e55b8b9c91db98bf559ae14df93d9a2b
E2	/fsx/analysis_results/prod-cand-1703/prod-cand-1703-hg002-bjuice-v2-seqkitfix-20260815T080300Z	results/day/hg38/HG002-5r2pnnjbw114ye/align/sentmm2ont/na/snv/sentdhiomr2/segdup/HG002-5r2pnnjbw114ye/OTOA/HG002-5r2pnnjbw114ye.OTOA.yaml	2223	1786800491	7440d682b8ac7ecb2408ce872aef9195769dedf2dfaf3f5c2bc4aedfa2960b21
E2	/fsx/analysis_results/prod-cand-1703/prod-cand-1703-hg002-bjuice-v2-seqkitfix-20260815T080300Z	results/day/hg38/HG002-5r2pnnjbw114ye/align/sentmm2ont/na/snv/sentdhiomr2/segdup/HG002-5r2pnnjbw114ye/PMS2/HG002-5r2pnnjbw114ye.PMS2.done	33	1786800503	2c0a7829ef37e6333ff9e20f3fbc245fa799e6f45625d3e33721bf4ac3c76e12
E2	/fsx/analysis_results/prod-cand-1703/prod-cand-1703-hg002-bjuice-v2-seqkitfix-20260815T080300Z	results/day/hg38/HG002-5r2pnnjbw114ye/align/sentmm2ont/na/snv/sentdhiomr2/segdup/HG002-5r2pnnjbw114ye/PMS2/HG002-5r2pnnjbw114ye.PMS2.result.vcf.gz	2974	1786800503	1a6b44d414d8b97997989c58dfa0effd2f587f2512074cf99f12e692b2134e92
E2	/fsx/analysis_results/prod-cand-1703/prod-cand-1703-hg002-bjuice-v2-seqkitfix-20260815T080300Z	results/day/hg38/HG002-5r2pnnjbw114ye/align/sentmm2ont/na/snv/sentdhiomr2/segdup/HG002-5r2pnnjbw114ye/PMS2/HG002-5r2pnnjbw114ye.PMS2.result.vcf.gz.tbi	72	1786800503	8ac6662ca1a70d893348b244dfa8adaf4f6c50510b8bc39a785b40231f7966cc
E2	/fsx/analysis_results/prod-cand-1703/prod-cand-1703-hg002-bjuice-v2-seqkitfix-20260815T080300Z	results/day/hg38/HG002-5r2pnnjbw114ye/align/sentmm2ont/na/snv/sentdhiomr2/segdup/HG002-5r2pnnjbw114ye/PMS2/HG002-5r2pnnjbw114ye.PMS2.yaml	1698	1786800503	c2f7209718ac9580421e433936df052b6e810992e932aa236ef2423f00ea7d5d
E2	/fsx/analysis_results/prod-cand-1703/prod-cand-1703-hg002-bjuice-v2-seqkitfix-20260815T080300Z	results/day/hg38/HG002-5r2pnnjbw114ye/align/sentmm2ont/na/snv/sentdhiomr2/segdup/HG002-5r2pnnjbw114ye/RCCX/HG002-5r2pnnjbw114ye.RCCX.done	33	1786800734	def97efc51b14388fbe01e607b6969eec2976ff117c5ecacb4d0a465fa973e82
E2	/fsx/analysis_results/prod-cand-1703/prod-cand-1703-hg002-bjuice-v2-seqkitfix-20260815T080300Z	results/day/hg38/HG002-5r2pnnjbw114ye/align/sentmm2ont/na/snv/sentdhiomr2/segdup/HG002-5r2pnnjbw114ye/RCCX/HG002-5r2pnnjbw114ye.RCCX.result.vcf.gz	3634	1786800734	9f2677c75f99108900407719f6a2b6d5121da0e1e4563f59710d553de0977a94
E2	/fsx/analysis_results/prod-cand-1703/prod-cand-1703-hg002-bjuice-v2-seqkitfix-20260815T080300Z	results/day/hg38/HG002-5r2pnnjbw114ye/align/sentmm2ont/na/snv/sentdhiomr2/segdup/HG002-5r2pnnjbw114ye/RCCX/HG002-5r2pnnjbw114ye.RCCX.result.vcf.gz.tbi	143	1786800734	60f32ff2013db38fc04cb252ff7cf67099e7d29e23ec907a70755394123b2201
E2	/fsx/analysis_results/prod-cand-1703/prod-cand-1703-hg002-bjuice-v2-seqkitfix-20260815T080300Z	results/day/hg38/HG002-5r2pnnjbw114ye/align/sentmm2ont/na/snv/sentdhiomr2/segdup/HG002-5r2pnnjbw114ye/RCCX/HG002-5r2pnnjbw114ye.RCCX.yaml	2970	1786800734	4e52bcb53b96cc68fb44abca15956da86f08cc6b8f29f42ea0edadcbfa52f192
E2	/fsx/analysis_results/prod-cand-1703/prod-cand-1703-hg002-bjuice-v2-seqkitfix-20260815T080300Z	results/day/hg38/HG002-5r2pnnjbw114ye/align/sentmm2ont/na/snv/sentdhiomr2/segdup/HG002-5r2pnnjbw114ye/RH/HG002-5r2pnnjbw114ye.RH.done	31	1786800491	8b0e22de9f2c56973affe66793ef5c1490b73110b109cf73352d1b26422c6fca
E2	/fsx/analysis_results/prod-cand-1703/prod-cand-1703-hg002-bjuice-v2-seqkitfix-20260815T080300Z	results/day/hg38/HG002-5r2pnnjbw114ye/align/sentmm2ont/na/snv/sentdhiomr2/segdup/HG002-5r2pnnjbw114ye/RH/HG002-5r2pnnjbw114ye.RH.result.vcf.gz	2976	1786800491	6b2ee40de6a7d80dbb7cbd43fba21c2ded02b0b198cb3ffb38a9fb81a8f0caf6
E2	/fsx/analysis_results/prod-cand-1703/prod-cand-1703-hg002-bjuice-v2-seqkitfix-20260815T080300Z	results/day/hg38/HG002-5r2pnnjbw114ye/align/sentmm2ont/na/snv/sentdhiomr2/segdup/HG002-5r2pnnjbw114ye/RH/HG002-5r2pnnjbw114ye.RH.result.vcf.gz.tbi	72	1786800491	8ac6662ca1a70d893348b244dfa8adaf4f6c50510b8bc39a785b40231f7966cc
E2	/fsx/analysis_results/prod-cand-1703/prod-cand-1703-hg002-bjuice-v2-seqkitfix-20260815T080300Z	results/day/hg38/HG002-5r2pnnjbw114ye/align/sentmm2ont/na/snv/sentdhiomr2/segdup/HG002-5r2pnnjbw114ye/RH/HG002-5r2pnnjbw114ye.RH.yaml	1790	1786800491	73dd6ea3499ab75710bd33cf932cd197df34432f97b6a4228d3df61b88111fe3
E2	/fsx/analysis_results/prod-cand-1703/prod-cand-1703-hg002-bjuice-v2-seqkitfix-20260815T080300Z	results/day/hg38/HG002-5r2pnnjbw114ye/align/sentmm2ont/na/snv/sentdhiomr2/segdup/HG002-5r2pnnjbw114ye/SBDS/HG002-5r2pnnjbw114ye.SBDS.done	33	1786800491	7575b2b1b7f0df89b5aabbb5a8a99c7fd82d2ed8baf22f73c5bb30f625a3dbe1
E2	/fsx/analysis_results/prod-cand-1703/prod-cand-1703-hg002-bjuice-v2-seqkitfix-20260815T080300Z	results/day/hg38/HG002-5r2pnnjbw114ye/align/sentmm2ont/na/snv/sentdhiomr2/segdup/HG002-5r2pnnjbw114ye/SBDS/HG002-5r2pnnjbw114ye.SBDS.result.vcf.gz	3419	1786800491	52ed3419d8517b764f9fedada7cd85110caa51865de62ee7f23aa178db30e412
E2	/fsx/analysis_results/prod-cand-1703/prod-cand-1703-hg002-bjuice-v2-seqkitfix-20260815T080300Z	results/day/hg38/HG002-5r2pnnjbw114ye/align/sentmm2ont/na/snv/sentdhiomr2/segdup/HG002-5r2pnnjbw114ye/SBDS/HG002-5r2pnnjbw114ye.SBDS.result.vcf.gz.tbi	174	1786800491	ab6ea850275f1f4704f78dbc6ca3644ed415a48343f2fae00de6d3c5ac72342b
E2	/fsx/analysis_results/prod-cand-1703/prod-cand-1703-hg002-bjuice-v2-seqkitfix-20260815T080300Z	results/day/hg38/HG002-5r2pnnjbw114ye/align/sentmm2ont/na/snv/sentdhiomr2/segdup/HG002-5r2pnnjbw114ye/SBDS/HG002-5r2pnnjbw114ye.SBDS.yaml	1943	1786800491	e7719519cd7fa4a848dc00e32b1b31607d042547a5565db85ac8e5a9e88b3a80
E2	/fsx/analysis_results/prod-cand-1703/prod-cand-1703-hg002-bjuice-v2-seqkitfix-20260815T080300Z	results/day/hg38/HG002-5r2pnnjbw114ye/align/sentmm2ont/na/snv/sentdhiomr2/segdup/HG002-5r2pnnjbw114ye/SMN1/HG002-5r2pnnjbw114ye.SMN1.done	33	1786800491	cb012bdeb144dffb504c8492291c0c703fe4ced4064026e04fe63e1104097d06
E2	/fsx/analysis_results/prod-cand-1703/prod-cand-1703-hg002-bjuice-v2-seqkitfix-20260815T080300Z	results/day/hg38/HG002-5r2pnnjbw114ye/align/sentmm2ont/na/snv/sentdhiomr2/segdup/HG002-5r2pnnjbw114ye/SMN1/HG002-5r2pnnjbw114ye.SMN1.result.vcf.gz	2974	1786800491	825dfa4cb3ac07168506b30dc349c4dd865e682d8103ef0d83fd50e0629097b7
E2	/fsx/analysis_results/prod-cand-1703/prod-cand-1703-hg002-bjuice-v2-seqkitfix-20260815T080300Z	results/day/hg38/HG002-5r2pnnjbw114ye/align/sentmm2ont/na/snv/sentdhiomr2/segdup/HG002-5r2pnnjbw114ye/SMN1/HG002-5r2pnnjbw114ye.SMN1.result.vcf.gz.tbi	72	1786800491	8ac6662ca1a70d893348b244dfa8adaf4f6c50510b8bc39a785b40231f7966cc
E2	/fsx/analysis_results/prod-cand-1703/prod-cand-1703-hg002-bjuice-v2-seqkitfix-20260815T080300Z	results/day/hg38/HG002-5r2pnnjbw114ye/align/sentmm2ont/na/snv/sentdhiomr2/segdup/HG002-5r2pnnjbw114ye/SMN1/HG002-5r2pnnjbw114ye.SMN1.yaml	1577	1786800491	d47a0b03d179ed17bb8878ff882576f74f99a2df92250cee96f048f005466a07
E2	/fsx/analysis_results/prod-cand-1703/prod-cand-1703-hg002-bjuice-v2-seqkitfix-20260815T080300Z	results/day/hg38/HG002-5r2pnnjbw114ye/align/sentmm2ont/na/snv/sentdhiomr2/segdup/HG002-5r2pnnjbw114ye/STRC/HG002-5r2pnnjbw114ye.STRC.done	33	1786800492	de12494929617b5cc57839367dc26941e31fde95640eaf13b497d699d327765e
E2	/fsx/analysis_results/prod-cand-1703/prod-cand-1703-hg002-bjuice-v2-seqkitfix-20260815T080300Z	results/day/hg38/HG002-5r2pnnjbw114ye/align/sentmm2ont/na/snv/sentdhiomr2/segdup/HG002-5r2pnnjbw114ye/STRC/HG002-5r2pnnjbw114ye.STRC.result.vcf.gz	3377	1786800492	2213310ed100c411c16857561e5f099293fddcc45a26b6614adf523a19e8c639
E2	/fsx/analysis_results/prod-cand-1703/prod-cand-1703-hg002-bjuice-v2-seqkitfix-20260815T080300Z	results/day/hg38/HG002-5r2pnnjbw114ye/align/sentmm2ont/na/snv/sentdhiomr2/segdup/HG002-5r2pnnjbw114ye/STRC/HG002-5r2pnnjbw114ye.STRC.result.vcf.gz.tbi	163	1786800492	7950cac60cde1f66b753653fce8a10995272698ad800f9ac412f89dd477ef063
E2	/fsx/analysis_results/prod-cand-1703/prod-cand-1703-hg002-bjuice-v2-seqkitfix-20260815T080300Z	results/day/hg38/HG002-5r2pnnjbw114ye/align/sentmm2ont/na/snv/sentdhiomr2/segdup/HG002-5r2pnnjbw114ye/STRC/HG002-5r2pnnjbw114ye.STRC.yaml	2467	1786800492	b0016c768652f24ca2ca07e0caeba41f60a7b32e8290f75baddfcdc184c36196
E2	/fsx/analysis_results/prod-cand-1703/prod-cand-1703-hg002-bjuice-v2-seqkitfix-20260815T080300Z	results/day/hg38/HG002-5r2pnnjbw114ye/align/sentmm2ont/na/snv/sentdhiomr2/slim-consensus/prepared/smn12/HG002-5r2pnnjbw114ye.smn12.normalized.json	2244	1786789474	1d267a9d537441e27e3fd945c8d7912f92b27f043f9ab5d7971b208a7e854392
E2	/fsx/analysis_results/prod-cand-1703/prod-cand-1703-hg002-bjuice-v2-seqkitfix-20260815T080300Z	results/day/hg38/HG002-5r2pnnjbw114ye/align/sentmm2ont/na/snv/sentdhiomr2/slim-consensus/truvari/HG002-5r2pnnjbw114ye/queries/longreadsv/truvari/summary.json	776	1786800547	6ceb17d3e02fdefacf4725893a871ab27b66ead2d301326fd3ebd5adb0603e93
E2	/fsx/analysis_results/prod-cand-1703/prod-cand-1703-hg002-bjuice-v2-seqkitfix-20260815T080300Z	results/day/hg38/HG002-5r2pnnjbw114ye/align/sentmm2ont/na/snv/sentdhiomr2/slim-consensus/truvari/HG002-5r2pnnjbw114ye/queries/sniffles2/truvari/summary.json	687	1786782127	f3805e0832d8dc049a988d1f5247c546ea8c1c092dc5a6e1196531ac4701a26e
E2	/fsx/analysis_results/prod-cand-1703/prod-cand-1703-hg002-bjuice-v2-seqkitfix-20260815T080300Z	results/day/hg38/HG002-5r2pnnjbw114ye/align/sentmm2ont/na/snv/sentdhiomr2/slim-consensus/truvari/HG002-5r2pnnjbw114ye/queries/tagged_trussv/truvari/summary.json	776	1786837638	1c0351e9a85fdbf85e86a68c16a33b95ac0b2ac8307251384ac57ea4fa73a29e
E2	/fsx/analysis_results/prod-cand-1703/prod-cand-1703-hg002-bjuice-v2-seqkitfix-20260815T080300Z	results/day/hg38/HG002-5r2pnnjbw114ye/align/sentmm2ont/na/snv/sentdhiomr2/slim-consensus/truvari/HG002-5r2pnnjbw114ye/queries/tiddit/truvari/summary.json	311	1786837158	d39239109cd3e898d36f9ab57b95aa0e2453266f7812b39db7fdf405b74020b0
E2	/fsx/analysis_results/prod-cand-1703/prod-cand-1703-hg002-bjuice-v2-seqkitfix-20260815T080300Z	results/day/hg38/HG002-dhcejhqjtfa8my/align/sentdhiomr2lr/na/alignqc/mosdepth/HG002-dhcejhqjtfa8my.sentdhiomr2lr.na.mosdepth.summary.txt	12279	1786782019	03e9973598876d131de58b69c148e66c906ee4b76ce42a2d92180e77422749d9
E2	/fsx/analysis_results/prod-cand-1703/prod-cand-1703-hg002-bjuice-v2-seqkitfix-20260815T080300Z	results/day/hg38/HG002-dhcejhqjtfa8my/align/sentdhiomr2rsr/na/alignqc/mosdepth/HG002-dhcejhqjtfa8my.sentdhiomr2rsr.na.mosdepth.summary.txt	16047	1786800492	c54c2d6b83b3f2a488a8831bd680d4a9a473995248e1fb4e69f19af2db517a0d
E2	/fsx/analysis_results/prod-cand-1703/prod-cand-1703-hg002-bjuice-v2-seqkitfix-20260815T080300Z	results/day/hg38/HG002-dhcejhqjtfa8my/align/sentdhiomr2sr/smd/htd/smn12/HG002-dhcejhqjtfa8my.sentdhiomr2sr.smd.smn12.summary.json	1052	1786782520	dc0669b0f2f628a1238619224fab2d9fb3b4358c0676a4451eb983d3acb6e223
E2	/fsx/analysis_results/prod-cand-1703/prod-cand-1703-hg002-bjuice-v2-seqkitfix-20260815T080300Z	results/day/hg38/HG002-dhcejhqjtfa8my/align/sentdhiomr2sr/smd/htd/smn12/HG002-dhcejhqjtfa8my.sentdhiomr2sr.smd.smn12.summary.tsv	263	1786782496	7719f81f5b48e6546c078ae3b02e2f2247764ea73602c96629ef00e08713ce0c
E2	/fsx/analysis_results/prod-cand-1703/prod-cand-1703-hg002-bjuice-v2-seqkitfix-20260815T080300Z	results/day/hg38/HG002-dhcejhqjtfa8my/align/sentmm2ont/na/snv/sentdhiomr2/concordance/_giabHC/snv_HG002-dhcejhqjtfa8my_giabHC_concordance.mqc.tsv	3873	1786837711	204f4611e0269b663b1ee6b7a0567c3c22f3ad683f56c90192d6127a04cce507
E2	/fsx/analysis_results/prod-cand-1703/prod-cand-1703-hg002-bjuice-v2-seqkitfix-20260815T080300Z	results/day/hg38/HG002-dhcejhqjtfa8my/align/sentmm2ont/na/snv/sentdhiomr2/segdup/HG002-dhcejhqjtfa8my/CFH/HG002-dhcejhqjtfa8my.CFH.done	32	1786837709	4b57c569722f4f390d00b1f5d2d3dfab090236f1ca3f4f6bb76d514a3106153f
E2	/fsx/analysis_results/prod-cand-1703/prod-cand-1703-hg002-bjuice-v2-seqkitfix-20260815T080300Z	results/day/hg38/HG002-dhcejhqjtfa8my/align/sentmm2ont/na/snv/sentdhiomr2/segdup/HG002-dhcejhqjtfa8my/CFH/HG002-dhcejhqjtfa8my.CFH.result.vcf.gz	7364	1786837709	40bbc48876ea811021bd33ccf97f4fdfd39002534fee85381057f62af62bfbd5
E2	/fsx/analysis_results/prod-cand-1703/prod-cand-1703-hg002-bjuice-v2-seqkitfix-20260815T080300Z	results/day/hg38/HG002-dhcejhqjtfa8my/align/sentmm2ont/na/snv/sentdhiomr2/segdup/HG002-dhcejhqjtfa8my/CFH/HG002-dhcejhqjtfa8my.CFH.result.vcf.gz.tbi	350	1786837709	05b55d863216a44e72b36c31a8b27419570fa3537fc2ba6815283fee4ed82cbb
E2	/fsx/analysis_results/prod-cand-1703/prod-cand-1703-hg002-bjuice-v2-seqkitfix-20260815T080300Z	results/day/hg38/HG002-dhcejhqjtfa8my/align/sentmm2ont/na/snv/sentdhiomr2/segdup/HG002-dhcejhqjtfa8my/CFH/HG002-dhcejhqjtfa8my.CFH.yaml	1919	1786837709	fcd3ef2ccdaaf89eeb190bc2e55fdfd91fe209407113b969693a12e7d1812218
E2	/fsx/analysis_results/prod-cand-1703/prod-cand-1703-hg002-bjuice-v2-seqkitfix-20260815T080300Z	results/day/hg38/HG002-dhcejhqjtfa8my/align/sentmm2ont/na/snv/sentdhiomr2/segdup/HG002-dhcejhqjtfa8my/CYP11B1/HG002-dhcejhqjtfa8my.CYP11B1.done	36	1786836962	f7af4438026327204db5f578af844b26675f26676bd704658b58a37b8a98a5c8
E2	/fsx/analysis_results/prod-cand-1703/prod-cand-1703-hg002-bjuice-v2-seqkitfix-20260815T080300Z	results/day/hg38/HG002-dhcejhqjtfa8my/align/sentmm2ont/na/snv/sentdhiomr2/segdup/HG002-dhcejhqjtfa8my/CYP11B1/HG002-dhcejhqjtfa8my.CYP11B1.result.vcf.gz	4441	1786836962	c02b4edf64efe60b8042d58eaea3007bae0722864b702154ac22714ae27d300f
E2	/fsx/analysis_results/prod-cand-1703/prod-cand-1703-hg002-bjuice-v2-seqkitfix-20260815T080300Z	results/day/hg38/HG002-dhcejhqjtfa8my/align/sentmm2ont/na/snv/sentdhiomr2/segdup/HG002-dhcejhqjtfa8my/CYP11B1/HG002-dhcejhqjtfa8my.CYP11B1.result.vcf.gz.tbi	277	1786836962	6996801acc76f205886e928c68e0b77e248b054ea4b056183c70e27202b9e551
E2	/fsx/analysis_results/prod-cand-1703/prod-cand-1703-hg002-bjuice-v2-seqkitfix-20260815T080300Z	results/day/hg38/HG002-dhcejhqjtfa8my/align/sentmm2ont/na/snv/sentdhiomr2/segdup/HG002-dhcejhqjtfa8my/CYP11B1/HG002-dhcejhqjtfa8my.CYP11B1.yaml	1610	1786836962	6d8f7269d77cc09b545be713d8b5ef7ce5c0d0b26f3f94e931626bd8d7983b1d
E2	/fsx/analysis_results/prod-cand-1703/prod-cand-1703-hg002-bjuice-v2-seqkitfix-20260815T080300Z	results/day/hg38/HG002-dhcejhqjtfa8my/align/sentmm2ont/na/snv/sentdhiomr2/segdup/HG002-dhcejhqjtfa8my/CYP2A6/HG002-dhcejhqjtfa8my.CYP2A6.done	35	1786836962	a7ed310d4a4e99a32a77f8236ab1287f7b8f9ba6176e8ebe44697e87b1ccbd60
E2	/fsx/analysis_results/prod-cand-1703/prod-cand-1703-hg002-bjuice-v2-seqkitfix-20260815T080300Z	results/day/hg38/HG002-dhcejhqjtfa8my/align/sentmm2ont/na/snv/sentdhiomr2/segdup/HG002-dhcejhqjtfa8my/CYP2A6/HG002-dhcejhqjtfa8my.CYP2A6.result.vcf.gz	4081	1786836962	06e8a5721090553711663380d121ec9c04a68cb2913c7e1a8109ceedd1e4f83e
E2	/fsx/analysis_results/prod-cand-1703/prod-cand-1703-hg002-bjuice-v2-seqkitfix-20260815T080300Z	results/day/hg38/HG002-dhcejhqjtfa8my/align/sentmm2ont/na/snv/sentdhiomr2/segdup/HG002-dhcejhqjtfa8my/CYP2A6/HG002-dhcejhqjtfa8my.CYP2A6.result.vcf.gz.tbi	155	1786836962	0c725122bfb9e5b8fbf60128042252e96e70944aa36bc88818154be720e49d7f
E2	/fsx/analysis_results/prod-cand-1703/prod-cand-1703-hg002-bjuice-v2-seqkitfix-20260815T080300Z	results/day/hg38/HG002-dhcejhqjtfa8my/align/sentmm2ont/na/snv/sentdhiomr2/segdup/HG002-dhcejhqjtfa8my/CYP2A6/HG002-dhcejhqjtfa8my.CYP2A6.yaml	2296	1786836962	c2a5c566f12dcbc67e1cddcabc23a1f6f27c03901a324b89096f8208859499e9
E2	/fsx/analysis_results/prod-cand-1703/prod-cand-1703-hg002-bjuice-v2-seqkitfix-20260815T080300Z	results/day/hg38/HG002-dhcejhqjtfa8my/align/sentmm2ont/na/snv/sentdhiomr2/segdup/HG002-dhcejhqjtfa8my/CYP2B6/HG002-dhcejhqjtfa8my.CYP2B6.done	35	1786837078	58e20a66984cc5991d6ed656069d27564352d5d6008209ea130ca7f4c32f6e0e
E2	/fsx/analysis_results/prod-cand-1703/prod-cand-1703-hg002-bjuice-v2-seqkitfix-20260815T080300Z	results/day/hg38/HG002-dhcejhqjtfa8my/align/sentmm2ont/na/snv/sentdhiomr2/segdup/HG002-dhcejhqjtfa8my/CYP2B6/HG002-dhcejhqjtfa8my.CYP2B6.result.vcf.gz	3202	1786837078	ba3e4f9f65cec360ea85542e8b2c8f3d90da614ce2ab8185332b21b4a98a0873
E2	/fsx/analysis_results/prod-cand-1703/prod-cand-1703-hg002-bjuice-v2-seqkitfix-20260815T080300Z	results/day/hg38/HG002-dhcejhqjtfa8my/align/sentmm2ont/na/snv/sentdhiomr2/segdup/HG002-dhcejhqjtfa8my/CYP2B6/HG002-dhcejhqjtfa8my.CYP2B6.result.vcf.gz.tbi	158	1786837078	04981cf467334fc75a384ef13360d4113d3809a6272d0f9a3116463c7afb035e
E2	/fsx/analysis_results/prod-cand-1703/prod-cand-1703-hg002-bjuice-v2-seqkitfix-20260815T080300Z	results/day/hg38/HG002-dhcejhqjtfa8my/align/sentmm2ont/na/snv/sentdhiomr2/segdup/HG002-dhcejhqjtfa8my/CYP2B6/HG002-dhcejhqjtfa8my.CYP2B6.yaml	2524	1786837078	efebd1020a42b3f88812527098deb58092200b8ff488b7a8e3a8a37100bfa115
E2	/fsx/analysis_results/prod-cand-1703/prod-cand-1703-hg002-bjuice-v2-seqkitfix-20260815T080300Z	results/day/hg38/HG002-dhcejhqjtfa8my/align/sentmm2ont/na/snv/sentdhiomr2/segdup/HG002-dhcejhqjtfa8my/CYP2D6/HG002-dhcejhqjtfa8my.CYP2D6.done	35	1786837078	d51c395add49b6233820d2e9b502cfcd5d3702938b2d4031aab3ffcc40efefe4
E2	/fsx/analysis_results/prod-cand-1703/prod-cand-1703-hg002-bjuice-v2-seqkitfix-20260815T080300Z	results/day/hg38/HG002-dhcejhqjtfa8my/align/sentmm2ont/na/snv/sentdhiomr2/segdup/HG002-dhcejhqjtfa8my/CYP2D6/HG002-dhcejhqjtfa8my.CYP2D6.result.vcf.gz	4295	1786837078	b49fb6371d8b655f70b54732de776e99ca5ef356198442860f61e86dbe3507f3
E2	/fsx/analysis_results/prod-cand-1703/prod-cand-1703-hg002-bjuice-v2-seqkitfix-20260815T080300Z	results/day/hg38/HG002-dhcejhqjtfa8my/align/sentmm2ont/na/snv/sentdhiomr2/segdup/HG002-dhcejhqjtfa8my/CYP2D6/HG002-dhcejhqjtfa8my.CYP2D6.result.vcf.gz.tbi	152	1786837078	d8933e07a780a7c7e4de3b2f421a0d0df3b641e97ae72da17398f4ee7011c3bc
E2	/fsx/analysis_results/prod-cand-1703/prod-cand-1703-hg002-bjuice-v2-seqkitfix-20260815T080300Z	results/day/hg38/HG002-dhcejhqjtfa8my/align/sentmm2ont/na/snv/sentdhiomr2/segdup/HG002-dhcejhqjtfa8my/CYP2D6/HG002-dhcejhqjtfa8my.CYP2D6.yaml	1877	1786837078	1c157f35f21545a0ca8c41658ad4f0f1b266c7f8e93c904d967d983f8a9d7f8b
E2	/fsx/analysis_results/prod-cand-1703/prod-cand-1703-hg002-bjuice-v2-seqkitfix-20260815T080300Z	results/day/hg38/HG002-dhcejhqjtfa8my/align/sentmm2ont/na/snv/sentdhiomr2/segdup/HG002-dhcejhqjtfa8my/GBA/HG002-dhcejhqjtfa8my.GBA.done	32	1786837311	499c5876e9829a58834f6df72d3f63df3805a009b7ec8552a620c15326f3dfcb
E2	/fsx/analysis_results/prod-cand-1703/prod-cand-1703-hg002-bjuice-v2-seqkitfix-20260815T080300Z	results/day/hg38/HG002-dhcejhqjtfa8my/align/sentmm2ont/na/snv/sentdhiomr2/segdup/HG002-dhcejhqjtfa8my/GBA/HG002-dhcejhqjtfa8my.GBA.result.vcf.gz	3526	1786837311	920f9e9a73a1d46b40bcaf6e0720f4c8be59bf3c69008f30af1f26f0d229197e
E2	/fsx/analysis_results/prod-cand-1703/prod-cand-1703-hg002-bjuice-v2-seqkitfix-20260815T080300Z	results/day/hg38/HG002-dhcejhqjtfa8my/align/sentmm2ont/na/snv/sentdhiomr2/segdup/HG002-dhcejhqjtfa8my/GBA/HG002-dhcejhqjtfa8my.GBA.result.vcf.gz.tbi	72	1786837311	8ac6662ca1a70d893348b244dfa8adaf4f6c50510b8bc39a785b40231f7966cc
E2	/fsx/analysis_results/prod-cand-1703/prod-cand-1703-hg002-bjuice-v2-seqkitfix-20260815T080300Z	results/day/hg38/HG002-dhcejhqjtfa8my/align/sentmm2ont/na/snv/sentdhiomr2/segdup/HG002-dhcejhqjtfa8my/GBA/HG002-dhcejhqjtfa8my.GBA.yaml	1703	1786837311	f3e0486bc1865ec9ac1eabea2e697394188bbd9b25f325f025b73fe3d0c84926
E2	/fsx/analysis_results/prod-cand-1703/prod-cand-1703-hg002-bjuice-v2-seqkitfix-20260815T080300Z	results/day/hg38/HG002-dhcejhqjtfa8my/align/sentmm2ont/na/snv/sentdhiomr2/segdup/HG002-dhcejhqjtfa8my/HBA/HG002-dhcejhqjtfa8my.HBA.done	32	1786837078	f9a18f4250abed23e04ba76a88571bf89bd9f23d7c3798cfbb4dff0f5b9cbd38
E2	/fsx/analysis_results/prod-cand-1703/prod-cand-1703-hg002-bjuice-v2-seqkitfix-20260815T080300Z	results/day/hg38/HG002-dhcejhqjtfa8my/align/sentmm2ont/na/snv/sentdhiomr2/segdup/HG002-dhcejhqjtfa8my/HBA/HG002-dhcejhqjtfa8my.HBA.result.vcf.gz	3524	1786837078	5a4a1d310d0a3e3eea5eb573c12deeb35b5da779ac6056482136264c437b36df
E2	/fsx/analysis_results/prod-cand-1703/prod-cand-1703-hg002-bjuice-v2-seqkitfix-20260815T080300Z	results/day/hg38/HG002-dhcejhqjtfa8my/align/sentmm2ont/na/snv/sentdhiomr2/segdup/HG002-dhcejhqjtfa8my/HBA/HG002-dhcejhqjtfa8my.HBA.result.vcf.gz.tbi	72	1786837078	8ac6662ca1a70d893348b244dfa8adaf4f6c50510b8bc39a785b40231f7966cc
E2	/fsx/analysis_results/prod-cand-1703/prod-cand-1703-hg002-bjuice-v2-seqkitfix-20260815T080300Z	results/day/hg38/HG002-dhcejhqjtfa8my/align/sentmm2ont/na/snv/sentdhiomr2/segdup/HG002-dhcejhqjtfa8my/HBA/HG002-dhcejhqjtfa8my.HBA.yaml	1854	1786837078	7ae215eccba7b24d3ffea25dae0dd3daad2bef3c0e410c5f78c7a04dce24af54
E2	/fsx/analysis_results/prod-cand-1703/prod-cand-1703-hg002-bjuice-v2-seqkitfix-20260815T080300Z	results/day/hg38/HG002-dhcejhqjtfa8my/align/sentmm2ont/na/snv/sentdhiomr2/segdup/HG002-dhcejhqjtfa8my/IKBKG/HG002-dhcejhqjtfa8my.IKBKG.done	34	1786837310	4b0b47d77d3c497e6222e449353a893841f9b0cb5dcba24db9ae1be66788a834
E2	/fsx/analysis_results/prod-cand-1703/prod-cand-1703-hg002-bjuice-v2-seqkitfix-20260815T080300Z	results/day/hg38/HG002-dhcejhqjtfa8my/align/sentmm2ont/na/snv/sentdhiomr2/segdup/HG002-dhcejhqjtfa8my/IKBKG/HG002-dhcejhqjtfa8my.IKBKG.yaml	1900	1786837310	5b333ac171d72914903fa101f74c0e2c03c8c5c1538c473ea799c68a4166c761
E2	/fsx/analysis_results/prod-cand-1703/prod-cand-1703-hg002-bjuice-v2-seqkitfix-20260815T080300Z	results/day/hg38/HG002-dhcejhqjtfa8my/align/sentmm2ont/na/snv/sentdhiomr2/segdup/HG002-dhcejhqjtfa8my/LPA/HG002-dhcejhqjtfa8my.LPA.done	32	1786837311	4137cd03d2a1259175faabedcb649bf48b795a3dbc8fb9d0aaf83cdb03cd6283
E2	/fsx/analysis_results/prod-cand-1703/prod-cand-1703-hg002-bjuice-v2-seqkitfix-20260815T080300Z	results/day/hg38/HG002-dhcejhqjtfa8my/align/sentmm2ont/na/snv/sentdhiomr2/segdup/HG002-dhcejhqjtfa8my/LPA/HG002-dhcejhqjtfa8my.LPA.yaml	5105	1786837311	76e9349bf7e66808903ab43e7f4b07b187e5aa2435e9c669e554f877cdeff2f0
E2	/fsx/analysis_results/prod-cand-1703/prod-cand-1703-hg002-bjuice-v2-seqkitfix-20260815T080300Z	results/day/hg38/HG002-dhcejhqjtfa8my/align/sentmm2ont/na/snv/sentdhiomr2/segdup/HG002-dhcejhqjtfa8my/NCF1/HG002-dhcejhqjtfa8my.NCF1.done	33	1786837310	eb362f1ff3853eb0775350fa48a7035faa1989910ca2cdcaa79ec0a2d2cc3313
E2	/fsx/analysis_results/prod-cand-1703/prod-cand-1703-hg002-bjuice-v2-seqkitfix-20260815T080300Z	results/day/hg38/HG002-dhcejhqjtfa8my/align/sentmm2ont/na/snv/sentdhiomr2/segdup/HG002-dhcejhqjtfa8my/NCF1/HG002-dhcejhqjtfa8my.NCF1.result.vcf.gz	4008	1786837310	9c81b37aa69c891392066bbeed3e48be64661d2b5fc5610a8f7c562cd7f8c2bf
E2	/fsx/analysis_results/prod-cand-1703/prod-cand-1703-hg002-bjuice-v2-seqkitfix-20260815T080300Z	results/day/hg38/HG002-dhcejhqjtfa8my/align/sentmm2ont/na/snv/sentdhiomr2/segdup/HG002-dhcejhqjtfa8my/NCF1/HG002-dhcejhqjtfa8my.NCF1.result.vcf.gz.tbi	187	1786837310	d320e685d915718d7bd7e76b64a1a0366cd63cd4930ff077c6fbf9b772050da3
E2	/fsx/analysis_results/prod-cand-1703/prod-cand-1703-hg002-bjuice-v2-seqkitfix-20260815T080300Z	results/day/hg38/HG002-dhcejhqjtfa8my/align/sentmm2ont/na/snv/sentdhiomr2/segdup/HG002-dhcejhqjtfa8my/NCF1/HG002-dhcejhqjtfa8my.NCF1.yaml	1581	1786837310	c5f30f6246738b892c4c4051d38cf927b8dfbb521f48e5792a4bf6ff90f4ffe4
E2	/fsx/analysis_results/prod-cand-1703/prod-cand-1703-hg002-bjuice-v2-seqkitfix-20260815T080300Z	results/day/hg38/HG002-dhcejhqjtfa8my/align/sentmm2ont/na/snv/sentdhiomr2/segdup/HG002-dhcejhqjtfa8my/OTOA/HG002-dhcejhqjtfa8my.OTOA.done	33	1786836962	68c1d38708f1ca06116a1136a9b11b083a99a423f816fe01ba6684bb3b50dde9
E2	/fsx/analysis_results/prod-cand-1703/prod-cand-1703-hg002-bjuice-v2-seqkitfix-20260815T080300Z	results/day/hg38/HG002-dhcejhqjtfa8my/align/sentmm2ont/na/snv/sentdhiomr2/segdup/HG002-dhcejhqjtfa8my/OTOA/HG002-dhcejhqjtfa8my.OTOA.result.vcf.gz	3612	1786836962	bf7cc8157161bafebd3a0410a474c434c4099fd473d614ebd2da6d0f21733fa7
E2	/fsx/analysis_results/prod-cand-1703/prod-cand-1703-hg002-bjuice-v2-seqkitfix-20260815T080300Z	results/day/hg38/HG002-dhcejhqjtfa8my/align/sentmm2ont/na/snv/sentdhiomr2/segdup/HG002-dhcejhqjtfa8my/OTOA/HG002-dhcejhqjtfa8my.OTOA.result.vcf.gz.tbi	136	1786836962	da974b423ff7d7f2851c84751ef78e5031fefbd5172424d2fb42ba7a5e915f3b
E2	/fsx/analysis_results/prod-cand-1703/prod-cand-1703-hg002-bjuice-v2-seqkitfix-20260815T080300Z	results/day/hg38/HG002-dhcejhqjtfa8my/align/sentmm2ont/na/snv/sentdhiomr2/segdup/HG002-dhcejhqjtfa8my/OTOA/HG002-dhcejhqjtfa8my.OTOA.yaml	2289	1786836962	0486314149c40d23b3eb4290c7b6a3c5f71536638f556d0b07de31ec4b3a4b77
E2	/fsx/analysis_results/prod-cand-1703/prod-cand-1703-hg002-bjuice-v2-seqkitfix-20260815T080300Z	results/day/hg38/HG002-dhcejhqjtfa8my/align/sentmm2ont/na/snv/sentdhiomr2/segdup/HG002-dhcejhqjtfa8my/PMS2/HG002-dhcejhqjtfa8my.PMS2.done	33	1786837313	2c0a7829ef37e6333ff9e20f3fbc245fa799e6f45625d3e33721bf4ac3c76e12
E2	/fsx/analysis_results/prod-cand-1703/prod-cand-1703-hg002-bjuice-v2-seqkitfix-20260815T080300Z	results/day/hg38/HG002-dhcejhqjtfa8my/align/sentmm2ont/na/snv/sentdhiomr2/segdup/HG002-dhcejhqjtfa8my/PMS2/HG002-dhcejhqjtfa8my.PMS2.result.vcf.gz	4283	1786837313	4cb5db7ac4d50fce997cdcdee0736c323c5762bbfa6aacb188fa0f1a4fa449b4
E2	/fsx/analysis_results/prod-cand-1703/prod-cand-1703-hg002-bjuice-v2-seqkitfix-20260815T080300Z	results/day/hg38/HG002-dhcejhqjtfa8my/align/sentmm2ont/na/snv/sentdhiomr2/segdup/HG002-dhcejhqjtfa8my/PMS2/HG002-dhcejhqjtfa8my.PMS2.result.vcf.gz.tbi	127	1786837313	2ba97fb0489dd3a8419d27d31296abc662b6a9631e449e73ac53b807631a8aa5
E2	/fsx/analysis_results/prod-cand-1703/prod-cand-1703-hg002-bjuice-v2-seqkitfix-20260815T080300Z	results/day/hg38/HG002-dhcejhqjtfa8my/align/sentmm2ont/na/snv/sentdhiomr2/segdup/HG002-dhcejhqjtfa8my/PMS2/HG002-dhcejhqjtfa8my.PMS2.yaml	1781	1786837313	7c1a185ac280bcb1b6dce5db86520f1e9b79849708f6a11e9f79faaec1f9e8c6
E2	/fsx/analysis_results/prod-cand-1703/prod-cand-1703-hg002-bjuice-v2-seqkitfix-20260815T080300Z	results/day/hg38/HG002-dhcejhqjtfa8my/align/sentmm2ont/na/snv/sentdhiomr2/segdup/HG002-dhcejhqjtfa8my/RCCX/HG002-dhcejhqjtfa8my.RCCX.done	33	1786837705	def97efc51b14388fbe01e607b6969eec2976ff117c5ecacb4d0a465fa973e82
E2	/fsx/analysis_results/prod-cand-1703/prod-cand-1703-hg002-bjuice-v2-seqkitfix-20260815T080300Z	results/day/hg38/HG002-dhcejhqjtfa8my/align/sentmm2ont/na/snv/sentdhiomr2/segdup/HG002-dhcejhqjtfa8my/RCCX/HG002-dhcejhqjtfa8my.RCCX.result.vcf.gz	4829	1786837705	9770ffb7c4b8b099f06362f8884a7bcac87256ebf6da20565ff8e09107cd53aa
E2	/fsx/analysis_results/prod-cand-1703/prod-cand-1703-hg002-bjuice-v2-seqkitfix-20260815T080300Z	results/day/hg38/HG002-dhcejhqjtfa8my/align/sentmm2ont/na/snv/sentdhiomr2/segdup/HG002-dhcejhqjtfa8my/RCCX/HG002-dhcejhqjtfa8my.RCCX.result.vcf.gz.tbi	163	1786837705	1f35da5f2ec288bb47f78f25b6a6bd1064351125c582003e2b9cb6a39b7135d5
E2	/fsx/analysis_results/prod-cand-1703/prod-cand-1703-hg002-bjuice-v2-seqkitfix-20260815T080300Z	results/day/hg38/HG002-dhcejhqjtfa8my/align/sentmm2ont/na/snv/sentdhiomr2/segdup/HG002-dhcejhqjtfa8my/RCCX/HG002-dhcejhqjtfa8my.RCCX.yaml	3026	1786837705	41400eaf8b94583fadd68193fbe0b9d0e6215a0c56ddc50fd29f6eecf6f7a651
E2	/fsx/analysis_results/prod-cand-1703/prod-cand-1703-hg002-bjuice-v2-seqkitfix-20260815T080300Z	results/day/hg38/HG002-dhcejhqjtfa8my/align/sentmm2ont/na/snv/sentdhiomr2/segdup/HG002-dhcejhqjtfa8my/RH/HG002-dhcejhqjtfa8my.RH.done	31	1786837314	8b0e22de9f2c56973affe66793ef5c1490b73110b109cf73352d1b26422c6fca
E2	/fsx/analysis_results/prod-cand-1703/prod-cand-1703-hg002-bjuice-v2-seqkitfix-20260815T080300Z	results/day/hg38/HG002-dhcejhqjtfa8my/align/sentmm2ont/na/snv/sentdhiomr2/segdup/HG002-dhcejhqjtfa8my/RH/HG002-dhcejhqjtfa8my.RH.result.vcf.gz	3421	1786837314	d507720a03d5c24a13ff805b2868f1657349a9d6a3f7e79af6a1522364d23ed3
E2	/fsx/analysis_results/prod-cand-1703/prod-cand-1703-hg002-bjuice-v2-seqkitfix-20260815T080300Z	results/day/hg38/HG002-dhcejhqjtfa8my/align/sentmm2ont/na/snv/sentdhiomr2/segdup/HG002-dhcejhqjtfa8my/RH/HG002-dhcejhqjtfa8my.RH.result.vcf.gz.tbi	152	1786837314	a08d51499fd0563cb14e328a8c63c183738c8084b7931402996aa3275331959c
E2	/fsx/analysis_results/prod-cand-1703/prod-cand-1703-hg002-bjuice-v2-seqkitfix-20260815T080300Z	results/day/hg38/HG002-dhcejhqjtfa8my/align/sentmm2ont/na/snv/sentdhiomr2/segdup/HG002-dhcejhqjtfa8my/RH/HG002-dhcejhqjtfa8my.RH.yaml	1791	1786837314	1415782aca6e8ea3508e2ed6c6cfb59c2f89f83227659f6ba8d0ff1146242a5f
E2	/fsx/analysis_results/prod-cand-1703/prod-cand-1703-hg002-bjuice-v2-seqkitfix-20260815T080300Z	results/day/hg38/HG002-dhcejhqjtfa8my/align/sentmm2ont/na/snv/sentdhiomr2/segdup/HG002-dhcejhqjtfa8my/SBDS/HG002-dhcejhqjtfa8my.SBDS.done	33	1786837312	7575b2b1b7f0df89b5aabbb5a8a99c7fd82d2ed8baf22f73c5bb30f625a3dbe1
E2	/fsx/analysis_results/prod-cand-1703/prod-cand-1703-hg002-bjuice-v2-seqkitfix-20260815T080300Z	results/day/hg38/HG002-dhcejhqjtfa8my/align/sentmm2ont/na/snv/sentdhiomr2/segdup/HG002-dhcejhqjtfa8my/SBDS/HG002-dhcejhqjtfa8my.SBDS.result.vcf.gz	3706	1786837312	d8bdfac3e2ba3e2b55a389f84a797f3ff8f6ef58cecb080b6e3d77fc09438a33
E2	/fsx/analysis_results/prod-cand-1703/prod-cand-1703-hg002-bjuice-v2-seqkitfix-20260815T080300Z	results/day/hg38/HG002-dhcejhqjtfa8my/align/sentmm2ont/na/snv/sentdhiomr2/segdup/HG002-dhcejhqjtfa8my/SBDS/HG002-dhcejhqjtfa8my.SBDS.result.vcf.gz.tbi	184	1786837312	b07a0ee62ec571c3323e638edc3e9d2c684f9385a96c3ef4d91c3f817fcabf63
E2	/fsx/analysis_results/prod-cand-1703/prod-cand-1703-hg002-bjuice-v2-seqkitfix-20260815T080300Z	results/day/hg38/HG002-dhcejhqjtfa8my/align/sentmm2ont/na/snv/sentdhiomr2/segdup/HG002-dhcejhqjtfa8my/SBDS/HG002-dhcejhqjtfa8my.SBDS.yaml	2057	1786837312	dfa8641143952a348f4ec8b0b99bdd3785f5ea71d84515814b18ed467309a9f9
E2	/fsx/analysis_results/prod-cand-1703/prod-cand-1703-hg002-bjuice-v2-seqkitfix-20260815T080300Z	results/day/hg38/HG002-dhcejhqjtfa8my/align/sentmm2ont/na/snv/sentdhiomr2/segdup/HG002-dhcejhqjtfa8my/SMN1/HG002-dhcejhqjtfa8my.SMN1.done	33	1786837314	cb012bdeb144dffb504c8492291c0c703fe4ced4064026e04fe63e1104097d06
E2	/fsx/analysis_results/prod-cand-1703/prod-cand-1703-hg002-bjuice-v2-seqkitfix-20260815T080300Z	results/day/hg38/HG002-dhcejhqjtfa8my/align/sentmm2ont/na/snv/sentdhiomr2/segdup/HG002-dhcejhqjtfa8my/SMN1/HG002-dhcejhqjtfa8my.SMN1.result.vcf.gz	3685	1786837314	5283129b701a26f6e1fafd0c37b88824d887c06468f5d646713a705777a95641
E2	/fsx/analysis_results/prod-cand-1703/prod-cand-1703-hg002-bjuice-v2-seqkitfix-20260815T080300Z	results/day/hg38/HG002-dhcejhqjtfa8my/align/sentmm2ont/na/snv/sentdhiomr2/segdup/HG002-dhcejhqjtfa8my/SMN1/HG002-dhcejhqjtfa8my.SMN1.result.vcf.gz.tbi	182	1786837314	f300f5e1c56121f3500cfa0d339729f675bb9ee82d7166fc52a40da6838045ad
E2	/fsx/analysis_results/prod-cand-1703/prod-cand-1703-hg002-bjuice-v2-seqkitfix-20260815T080300Z	results/day/hg38/HG002-dhcejhqjtfa8my/align/sentmm2ont/na/snv/sentdhiomr2/segdup/HG002-dhcejhqjtfa8my/SMN1/HG002-dhcejhqjtfa8my.SMN1.yaml	1602	1786837314	57d7f7f2cf61170ab40836855e8a135e5cd74d75df3f881b2b3c29c3ad405937
E2	/fsx/analysis_results/prod-cand-1703/prod-cand-1703-hg002-bjuice-v2-seqkitfix-20260815T080300Z	results/day/hg38/HG002-dhcejhqjtfa8my/align/sentmm2ont/na/snv/sentdhiomr2/segdup/HG002-dhcejhqjtfa8my/STRC/HG002-dhcejhqjtfa8my.STRC.done	33	1786836961	de12494929617b5cc57839367dc26941e31fde95640eaf13b497d699d327765e
E2	/fsx/analysis_results/prod-cand-1703/prod-cand-1703-hg002-bjuice-v2-seqkitfix-20260815T080300Z	results/day/hg38/HG002-dhcejhqjtfa8my/align/sentmm2ont/na/snv/sentdhiomr2/segdup/HG002-dhcejhqjtfa8my/STRC/HG002-dhcejhqjtfa8my.STRC.result.vcf.gz	3356	1786836961	aa11aca4a088702c1ce1fbfca67b4274541af5b47da981d9f29e51664c616667
E2	/fsx/analysis_results/prod-cand-1703/prod-cand-1703-hg002-bjuice-v2-seqkitfix-20260815T080300Z	results/day/hg38/HG002-dhcejhqjtfa8my/align/sentmm2ont/na/snv/sentdhiomr2/segdup/HG002-dhcejhqjtfa8my/STRC/HG002-dhcejhqjtfa8my.STRC.result.vcf.gz.tbi	162	1786836961	41078d1333dcad2bac2aedfe23eedf32716a478028d8c7c2bf59c15b2e7d30f1
E2	/fsx/analysis_results/prod-cand-1703/prod-cand-1703-hg002-bjuice-v2-seqkitfix-20260815T080300Z	results/day/hg38/HG002-dhcejhqjtfa8my/align/sentmm2ont/na/snv/sentdhiomr2/segdup/HG002-dhcejhqjtfa8my/STRC/HG002-dhcejhqjtfa8my.STRC.yaml	2467	1786836961	c0b4767fc0ce26058634960304aa175a5d011c790bf25f29834820a6e40edd48
E2	/fsx/analysis_results/prod-cand-1703/prod-cand-1703-hg002-bjuice-v2-seqkitfix-20260815T080300Z	results/day/hg38/HG002-dhcejhqjtfa8my/align/sentmm2ont/na/snv/sentdhiomr2/slim-consensus/prepared/smn12/HG002-dhcejhqjtfa8my.smn12.normalized.json	2290	1786789474	7e5420a8faad79d0e50d19e604e76377f43bba207b9921f3f803a55e64306f04
E2	/fsx/analysis_results/prod-cand-1703/prod-cand-1703-hg002-bjuice-v2-seqkitfix-20260815T080300Z	results/day/hg38/HG002-dhcejhqjtfa8my/align/sentmm2ont/na/snv/sentdhiomr2/slim-consensus/truvari/HG002-dhcejhqjtfa8my/queries/longreadsv/truvari/summary.json	807	1786800442	90511dd22f2311c9c37549b386cf38ba52ba440ad003ec96d836a6979c165376
E2	/fsx/analysis_results/prod-cand-1703/prod-cand-1703-hg002-bjuice-v2-seqkitfix-20260815T080300Z	results/day/hg38/HG002-dhcejhqjtfa8my/align/sentmm2ont/na/snv/sentdhiomr2/slim-consensus/truvari/HG002-dhcejhqjtfa8my/queries/sniffles2/truvari/summary.json	720	1786782165	0b05c36d8e40d33087d1c45ffbda03794083ad5124968bb339fce80660192235
E2	/fsx/analysis_results/prod-cand-1703/prod-cand-1703-hg002-bjuice-v2-seqkitfix-20260815T080300Z	results/day/hg38/HG002-dhcejhqjtfa8my/align/sentmm2ont/na/snv/sentdhiomr2/slim-consensus/truvari/HG002-dhcejhqjtfa8my/queries/tagged_trussv/truvari/summary.json	834	1786838907	e8cc4147ac87595ec5c3721395c0dbf6135d00deb76c09b99d08f6254066c118
E2	/fsx/analysis_results/prod-cand-1703/prod-cand-1703-hg002-bjuice-v2-seqkitfix-20260815T080300Z	results/day/hg38/HG002-dhcejhqjtfa8my/align/sentmm2ont/na/snv/sentdhiomr2/slim-consensus/truvari/HG002-dhcejhqjtfa8my/queries/tiddit/truvari/summary.json	501	1786837428	f434fa1451ffc589b8f75bd18f866e056878f346dd5718fcb3377a5384ab0f73
E2	/fsx/analysis_results/prod-cand-1703/prod-cand-1703-hg002-bjuice-v2-seqkitfix-20260815T080300Z	results/day/hg38/HG002-p2tc9mz7wbv628/align/sentdhiomr2lr/na/alignqc/mosdepth/HG002-p2tc9mz7wbv628.sentdhiomr2lr.na.mosdepth.summary.txt	14268	1786782619	ecf9d5ea0e8b63acfa0a9dc70fb006df2d380ff44342bec0583f27c583e037ba
E2	/fsx/analysis_results/prod-cand-1703/prod-cand-1703-hg002-bjuice-v2-seqkitfix-20260815T080300Z	results/day/hg38/HG002-p2tc9mz7wbv628/align/sentdhiomr2rsr/na/alignqc/mosdepth/HG002-p2tc9mz7wbv628.sentdhiomr2rsr.na.mosdepth.summary.txt	17792	1786837078	684c475ee6ae0803c95f63d422d728952057b2e5f637157611d9d22df274135a
E2	/fsx/analysis_results/prod-cand-1703/prod-cand-1703-hg002-bjuice-v2-seqkitfix-20260815T080300Z	results/day/hg38/HG002-p2tc9mz7wbv628/align/sentdhiomr2sr/smd/htd/smn12/HG002-p2tc9mz7wbv628.sentdhiomr2sr.smd.smn12.summary.json	1086	1786789583	42efa34d369a0f50024260addeeedefd6b8e7bf330330f47235231c77d84cb81
E2	/fsx/analysis_results/prod-cand-1703/prod-cand-1703-hg002-bjuice-v2-seqkitfix-20260815T080300Z	results/day/hg38/HG002-p2tc9mz7wbv628/align/sentdhiomr2sr/smd/htd/smn12/HG002-p2tc9mz7wbv628.sentdhiomr2sr.smd.smn12.summary.tsv	267	1786789572	9b7617d5f3d8bfbcf5eca3658553d9608070876e87246eb4ea60075861d21115
E2	/fsx/analysis_results/prod-cand-1703/prod-cand-1703-hg002-bjuice-v2-seqkitfix-20260815T080300Z	results/day/hg38/HG002-p2tc9mz7wbv628/align/sentmm2ont/na/snv/sentdhiomr2/concordance/_giabHC/snv_HG002-p2tc9mz7wbv628_giabHC_concordance.mqc.tsv	3662	1786838761	9f78efcf0b99c449943053e8b5a562b1e2cf0f36d034527869ac94a83a2c2f23
E2	/fsx/analysis_results/prod-cand-1703/prod-cand-1703-hg002-bjuice-v2-seqkitfix-20260815T080300Z	results/day/hg38/HG002-p2tc9mz7wbv628/align/sentmm2ont/na/snv/sentdhiomr2/segdup/HG002-p2tc9mz7wbv628/CFH/HG002-p2tc9mz7wbv628.CFH.done	32	1786837709	4b57c569722f4f390d00b1f5d2d3dfab090236f1ca3f4f6bb76d514a3106153f
E2	/fsx/analysis_results/prod-cand-1703/prod-cand-1703-hg002-bjuice-v2-seqkitfix-20260815T080300Z	results/day/hg38/HG002-p2tc9mz7wbv628/align/sentmm2ont/na/snv/sentdhiomr2/segdup/HG002-p2tc9mz7wbv628/CFH/HG002-p2tc9mz7wbv628.CFH.result.vcf.gz	34859	1786837709	6b8e47c7c2746773cf8a281847bbbd87845dda2e4517442810741fab7165e740
E2	/fsx/analysis_results/prod-cand-1703/prod-cand-1703-hg002-bjuice-v2-seqkitfix-20260815T080300Z	results/day/hg38/HG002-p2tc9mz7wbv628/align/sentmm2ont/na/snv/sentdhiomr2/segdup/HG002-p2tc9mz7wbv628/CFH/HG002-p2tc9mz7wbv628.CFH.result.vcf.gz.tbi	388	1786837709	9c20556ff21ed16acfeacb3cc493004ed76ea728917d95124c9de21d0ee7fdeb
E2	/fsx/analysis_results/prod-cand-1703/prod-cand-1703-hg002-bjuice-v2-seqkitfix-20260815T080300Z	results/day/hg38/HG002-p2tc9mz7wbv628/align/sentmm2ont/na/snv/sentdhiomr2/segdup/HG002-p2tc9mz7wbv628/CFH/HG002-p2tc9mz7wbv628.CFH.yaml	1832	1786837709	3a78ff5039de3dc0271c447d6f268f258ccb16f860bbe0f6851261e81577e0bb
E2	/fsx/analysis_results/prod-cand-1703/prod-cand-1703-hg002-bjuice-v2-seqkitfix-20260815T080300Z	results/day/hg38/HG002-p2tc9mz7wbv628/align/sentmm2ont/na/snv/sentdhiomr2/segdup/HG002-p2tc9mz7wbv628/CYP11B1/HG002-p2tc9mz7wbv628.CYP11B1.done	36	1786837706	f7af4438026327204db5f578af844b26675f26676bd704658b58a37b8a98a5c8
E2	/fsx/analysis_results/prod-cand-1703/prod-cand-1703-hg002-bjuice-v2-seqkitfix-20260815T080300Z	results/day/hg38/HG002-p2tc9mz7wbv628/align/sentmm2ont/na/snv/sentdhiomr2/segdup/HG002-p2tc9mz7wbv628/CYP11B1/HG002-p2tc9mz7wbv628.CYP11B1.result.vcf.gz	9838	1786837706	00ee1215523124b1f93972daf76377e81950e23d5e5bcdda9123668b162e8588
E2	/fsx/analysis_results/prod-cand-1703/prod-cand-1703-hg002-bjuice-v2-seqkitfix-20260815T080300Z	results/day/hg38/HG002-p2tc9mz7wbv628/align/sentmm2ont/na/snv/sentdhiomr2/segdup/HG002-p2tc9mz7wbv628/CYP11B1/HG002-p2tc9mz7wbv628.CYP11B1.result.vcf.gz.tbi	277	1786837706	319d4ebf705af47df8ec1581a2df071061111a66a1be9f77b9c033620ce52a42
E2	/fsx/analysis_results/prod-cand-1703/prod-cand-1703-hg002-bjuice-v2-seqkitfix-20260815T080300Z	results/day/hg38/HG002-p2tc9mz7wbv628/align/sentmm2ont/na/snv/sentdhiomr2/segdup/HG002-p2tc9mz7wbv628/CYP11B1/HG002-p2tc9mz7wbv628.CYP11B1.yaml	1611	1786837706	a5808380d8160c69d6888f7911f4cca64ac5e84562b4b43c8edcc8d539823108
E2	/fsx/analysis_results/prod-cand-1703/prod-cand-1703-hg002-bjuice-v2-seqkitfix-20260815T080300Z	results/day/hg38/HG002-p2tc9mz7wbv628/align/sentmm2ont/na/snv/sentdhiomr2/segdup/HG002-p2tc9mz7wbv628/CYP2A6/HG002-p2tc9mz7wbv628.CYP2A6.done	35	1786837705	a7ed310d4a4e99a32a77f8236ab1287f7b8f9ba6176e8ebe44697e87b1ccbd60
E2	/fsx/analysis_results/prod-cand-1703/prod-cand-1703-hg002-bjuice-v2-seqkitfix-20260815T080300Z	results/day/hg38/HG002-p2tc9mz7wbv628/align/sentmm2ont/na/snv/sentdhiomr2/segdup/HG002-p2tc9mz7wbv628/CYP2A6/HG002-p2tc9mz7wbv628.CYP2A6.result.vcf.gz	7242	1786837705	a8ded4fcbf692d5d1170cbb9cfd5f018755ab4ada8a4280c28bf9093d104ec95
E2	/fsx/analysis_results/prod-cand-1703/prod-cand-1703-hg002-bjuice-v2-seqkitfix-20260815T080300Z	results/day/hg38/HG002-p2tc9mz7wbv628/align/sentmm2ont/na/snv/sentdhiomr2/segdup/HG002-p2tc9mz7wbv628/CYP2A6/HG002-p2tc9mz7wbv628.CYP2A6.result.vcf.gz.tbi	164	1786837705	4d6d5233eead2c84eefd1de247bb80d4cd0c80bfb82971f6df5d38b5cf738ae4
E2	/fsx/analysis_results/prod-cand-1703/prod-cand-1703-hg002-bjuice-v2-seqkitfix-20260815T080300Z	results/day/hg38/HG002-p2tc9mz7wbv628/align/sentmm2ont/na/snv/sentdhiomr2/segdup/HG002-p2tc9mz7wbv628/CYP2A6/HG002-p2tc9mz7wbv628.CYP2A6.yaml	2041	1786837705	a924f8babf58e8f5e0fa65332e379a0cef8d19ea51ef80f42616da722eadc438
E2	/fsx/analysis_results/prod-cand-1703/prod-cand-1703-hg002-bjuice-v2-seqkitfix-20260815T080300Z	results/day/hg38/HG002-p2tc9mz7wbv628/align/sentmm2ont/na/snv/sentdhiomr2/segdup/HG002-p2tc9mz7wbv628/CYP2B6/HG002-p2tc9mz7wbv628.CYP2B6.done	35	1786837706	58e20a66984cc5991d6ed656069d27564352d5d6008209ea130ca7f4c32f6e0e
E2	/fsx/analysis_results/prod-cand-1703/prod-cand-1703-hg002-bjuice-v2-seqkitfix-20260815T080300Z	results/day/hg38/HG002-p2tc9mz7wbv628/align/sentmm2ont/na/snv/sentdhiomr2/segdup/HG002-p2tc9mz7wbv628/CYP2B6/HG002-p2tc9mz7wbv628.CYP2B6.result.vcf.gz	9915	1786837706	4c2782266858e6bdd9d8fb43817628d9051cb0577b8700468175c883b8409879
E2	/fsx/analysis_results/prod-cand-1703/prod-cand-1703-hg002-bjuice-v2-seqkitfix-20260815T080300Z	results/day/hg38/HG002-p2tc9mz7wbv628/align/sentmm2ont/na/snv/sentdhiomr2/segdup/HG002-p2tc9mz7wbv628/CYP2B6/HG002-p2tc9mz7wbv628.CYP2B6.result.vcf.gz.tbi	178	1786837706	fe3b918d114a9bb27bb4c5f59b1fc4deb8f605a5866d9db87dbdaadaae908db5
E2	/fsx/analysis_results/prod-cand-1703/prod-cand-1703-hg002-bjuice-v2-seqkitfix-20260815T080300Z	results/day/hg38/HG002-p2tc9mz7wbv628/align/sentmm2ont/na/snv/sentdhiomr2/segdup/HG002-p2tc9mz7wbv628/CYP2B6/HG002-p2tc9mz7wbv628.CYP2B6.yaml	1964	1786837706	bb2161789d6e9de343ea51b253daf58dae1c4080626418a82181a03121b8284e
E2	/fsx/analysis_results/prod-cand-1703/prod-cand-1703-hg002-bjuice-v2-seqkitfix-20260815T080300Z	results/day/hg38/HG002-p2tc9mz7wbv628/align/sentmm2ont/na/snv/sentdhiomr2/segdup/HG002-p2tc9mz7wbv628/CYP2D6/HG002-p2tc9mz7wbv628.CYP2D6.done	35	1786837706	d51c395add49b6233820d2e9b502cfcd5d3702938b2d4031aab3ffcc40efefe4
E2	/fsx/analysis_results/prod-cand-1703/prod-cand-1703-hg002-bjuice-v2-seqkitfix-20260815T080300Z	results/day/hg38/HG002-p2tc9mz7wbv628/align/sentmm2ont/na/snv/sentdhiomr2/segdup/HG002-p2tc9mz7wbv628/CYP2D6/HG002-p2tc9mz7wbv628.CYP2D6.result.vcf.gz	11848	1786837706	686ea8e53dfaa0668a9a29acaa082d74739dc25cc5cd7c763483c88e4599ef64
E2	/fsx/analysis_results/prod-cand-1703/prod-cand-1703-hg002-bjuice-v2-seqkitfix-20260815T080300Z	results/day/hg38/HG002-p2tc9mz7wbv628/align/sentmm2ont/na/snv/sentdhiomr2/segdup/HG002-p2tc9mz7wbv628/CYP2D6/HG002-p2tc9mz7wbv628.CYP2D6.result.vcf.gz.tbi	164	1786837706	47d3c49dc734e31407bf49ece5b016a843a0522d68b41b3f0e22e6509f48fa80
E2	/fsx/analysis_results/prod-cand-1703/prod-cand-1703-hg002-bjuice-v2-seqkitfix-20260815T080300Z	results/day/hg38/HG002-p2tc9mz7wbv628/align/sentmm2ont/na/snv/sentdhiomr2/segdup/HG002-p2tc9mz7wbv628/CYP2D6/HG002-p2tc9mz7wbv628.CYP2D6.yaml	2415	1786837706	b25f9d88ce2e609b6c39bc019f811900a527eb6b28a92d29acb4c7c262058e7c
E2	/fsx/analysis_results/prod-cand-1703/prod-cand-1703-hg002-bjuice-v2-seqkitfix-20260815T080300Z	results/day/hg38/HG002-p2tc9mz7wbv628/align/sentmm2ont/na/snv/sentdhiomr2/segdup/HG002-p2tc9mz7wbv628/GBA/HG002-p2tc9mz7wbv628.GBA.done	32	1786837710	499c5876e9829a58834f6df72d3f63df3805a009b7ec8552a620c15326f3dfcb
E2	/fsx/analysis_results/prod-cand-1703/prod-cand-1703-hg002-bjuice-v2-seqkitfix-20260815T080300Z	results/day/hg38/HG002-p2tc9mz7wbv628/align/sentmm2ont/na/snv/sentdhiomr2/segdup/HG002-p2tc9mz7wbv628/GBA/HG002-p2tc9mz7wbv628.GBA.result.vcf.gz	5501	1786837710	0194e3ced2cbbb43790e4d7a5eb8102231704e2dd270ab2cbd728a6154aa4a4c
E2	/fsx/analysis_results/prod-cand-1703/prod-cand-1703-hg002-bjuice-v2-seqkitfix-20260815T080300Z	results/day/hg38/HG002-p2tc9mz7wbv628/align/sentmm2ont/na/snv/sentdhiomr2/segdup/HG002-p2tc9mz7wbv628/GBA/HG002-p2tc9mz7wbv628.GBA.result.vcf.gz.tbi	287	1786837710	58d41069a5d5df9091e5b739f6d931913f916df28b9011478a4801f702643fb8
E2	/fsx/analysis_results/prod-cand-1703/prod-cand-1703-hg002-bjuice-v2-seqkitfix-20260815T080300Z	results/day/hg38/HG002-p2tc9mz7wbv628/align/sentmm2ont/na/snv/sentdhiomr2/segdup/HG002-p2tc9mz7wbv628/GBA/HG002-p2tc9mz7wbv628.GBA.yaml	1704	1786837710	e415818112b0b6ab25fb78e9742de9e88b0cfd23a405497fa9de82f470d455d6
E2	/fsx/analysis_results/prod-cand-1703/prod-cand-1703-hg002-bjuice-v2-seqkitfix-20260815T080300Z	results/day/hg38/HG002-p2tc9mz7wbv628/align/sentmm2ont/na/snv/sentdhiomr2/segdup/HG002-p2tc9mz7wbv628/HBA/HG002-p2tc9mz7wbv628.HBA.done	32	1786837709	f9a18f4250abed23e04ba76a88571bf89bd9f23d7c3798cfbb4dff0f5b9cbd38
E2	/fsx/analysis_results/prod-cand-1703/prod-cand-1703-hg002-bjuice-v2-seqkitfix-20260815T080300Z	results/day/hg38/HG002-p2tc9mz7wbv628/align/sentmm2ont/na/snv/sentdhiomr2/segdup/HG002-p2tc9mz7wbv628/HBA/HG002-p2tc9mz7wbv628.HBA.result.vcf.gz	4552	1786837709	d8c2c70c2495a5d91ddcfdd063cec9c7edfebf59ccd74b4ef8d0ff37d985ebb8
E2	/fsx/analysis_results/prod-cand-1703/prod-cand-1703-hg002-bjuice-v2-seqkitfix-20260815T080300Z	results/day/hg38/HG002-p2tc9mz7wbv628/align/sentmm2ont/na/snv/sentdhiomr2/segdup/HG002-p2tc9mz7wbv628/HBA/HG002-p2tc9mz7wbv628.HBA.result.vcf.gz.tbi	98	1786837709	c52c46c9d62223975a46cc4f7ff09ebab69dbafb0f7dd1e9e2e897c79013766a
E2	/fsx/analysis_results/prod-cand-1703/prod-cand-1703-hg002-bjuice-v2-seqkitfix-20260815T080300Z	results/day/hg38/HG002-p2tc9mz7wbv628/align/sentmm2ont/na/snv/sentdhiomr2/segdup/HG002-p2tc9mz7wbv628/HBA/HG002-p2tc9mz7wbv628.HBA.yaml	1810	1786837709	9a22fc1be0dfb29517531767bc32c88289080ec24e914e0af13b1f55b144f2e9
E2	/fsx/analysis_results/prod-cand-1703/prod-cand-1703-hg002-bjuice-v2-seqkitfix-20260815T080300Z	results/day/hg38/HG002-p2tc9mz7wbv628/align/sentmm2ont/na/snv/sentdhiomr2/segdup/HG002-p2tc9mz7wbv628/IKBKG/HG002-p2tc9mz7wbv628.IKBKG.done	34	1786837707	4b0b47d77d3c497e6222e449353a893841f9b0cb5dcba24db9ae1be66788a834
E2	/fsx/analysis_results/prod-cand-1703/prod-cand-1703-hg002-bjuice-v2-seqkitfix-20260815T080300Z	results/day/hg38/HG002-p2tc9mz7wbv628/align/sentmm2ont/na/snv/sentdhiomr2/segdup/HG002-p2tc9mz7wbv628/IKBKG/HG002-p2tc9mz7wbv628.IKBKG.yaml	2090	1786837707	c1527cda7935b3d60313dee82f1d9706ab2cf354edfe783466afcc4132e55ab3
E2	/fsx/analysis_results/prod-cand-1703/prod-cand-1703-hg002-bjuice-v2-seqkitfix-20260815T080300Z	results/day/hg38/HG002-p2tc9mz7wbv628/align/sentmm2ont/na/snv/sentdhiomr2/segdup/HG002-p2tc9mz7wbv628/LPA/HG002-p2tc9mz7wbv628.LPA.done	32	1786837706	4137cd03d2a1259175faabedcb649bf48b795a3dbc8fb9d0aaf83cdb03cd6283
E2	/fsx/analysis_results/prod-cand-1703/prod-cand-1703-hg002-bjuice-v2-seqkitfix-20260815T080300Z	results/day/hg38/HG002-p2tc9mz7wbv628/align/sentmm2ont/na/snv/sentdhiomr2/segdup/HG002-p2tc9mz7wbv628/LPA/HG002-p2tc9mz7wbv628.LPA.yaml	6041	1786837706	7a2f7767a644b43a2b728d5069472d560a73f3beb6b4288fce875a7240288b86
E2	/fsx/analysis_results/prod-cand-1703/prod-cand-1703-hg002-bjuice-v2-seqkitfix-20260815T080300Z	results/day/hg38/HG002-p2tc9mz7wbv628/align/sentmm2ont/na/snv/sentdhiomr2/segdup/HG002-p2tc9mz7wbv628/NCF1/HG002-p2tc9mz7wbv628.NCF1.done	33	1786837312	eb362f1ff3853eb0775350fa48a7035faa1989910ca2cdcaa79ec0a2d2cc3313
E2	/fsx/analysis_results/prod-cand-1703/prod-cand-1703-hg002-bjuice-v2-seqkitfix-20260815T080300Z	results/day/hg38/HG002-p2tc9mz7wbv628/align/sentmm2ont/na/snv/sentdhiomr2/segdup/HG002-p2tc9mz7wbv628/NCF1/HG002-p2tc9mz7wbv628.NCF1.result.vcf.gz	7332	1786837312	3c1f248b63ffc77156a154266b20492809e5fa2b1051ee70be39fec587f199c3
E2	/fsx/analysis_results/prod-cand-1703/prod-cand-1703-hg002-bjuice-v2-seqkitfix-20260815T080300Z	results/day/hg38/HG002-p2tc9mz7wbv628/align/sentmm2ont/na/snv/sentdhiomr2/segdup/HG002-p2tc9mz7wbv628/NCF1/HG002-p2tc9mz7wbv628.NCF1.result.vcf.gz.tbi	193	1786837312	07dee49e8414e98744cb39fabe0b817418fcf2efc19cd07edb326f2eb445c944
E2	/fsx/analysis_results/prod-cand-1703/prod-cand-1703-hg002-bjuice-v2-seqkitfix-20260815T080300Z	results/day/hg38/HG002-p2tc9mz7wbv628/align/sentmm2ont/na/snv/sentdhiomr2/segdup/HG002-p2tc9mz7wbv628/NCF1/HG002-p2tc9mz7wbv628.NCF1.yaml	1581	1786837312	0a278e36486b560fd5d191bf5fba35875887082252980a6d33d9e8a57f953e1c
E2	/fsx/analysis_results/prod-cand-1703/prod-cand-1703-hg002-bjuice-v2-seqkitfix-20260815T080300Z	results/day/hg38/HG002-p2tc9mz7wbv628/align/sentmm2ont/na/snv/sentdhiomr2/segdup/HG002-p2tc9mz7wbv628/OTOA/HG002-p2tc9mz7wbv628.OTOA.done	33	1786837710	68c1d38708f1ca06116a1136a9b11b083a99a423f816fe01ba6684bb3b50dde9
E2	/fsx/analysis_results/prod-cand-1703/prod-cand-1703-hg002-bjuice-v2-seqkitfix-20260815T080300Z	results/day/hg38/HG002-p2tc9mz7wbv628/align/sentmm2ont/na/snv/sentdhiomr2/segdup/HG002-p2tc9mz7wbv628/OTOA/HG002-p2tc9mz7wbv628.OTOA.result.vcf.gz	8191	1786837710	06e819b4ae5ca2f457ef41a780653705b992df8dfcf1536056e3bde95552ae60
E2	/fsx/analysis_results/prod-cand-1703/prod-cand-1703-hg002-bjuice-v2-seqkitfix-20260815T080300Z	results/day/hg38/HG002-p2tc9mz7wbv628/align/sentmm2ont/na/snv/sentdhiomr2/segdup/HG002-p2tc9mz7wbv628/OTOA/HG002-p2tc9mz7wbv628.OTOA.result.vcf.gz.tbi	176	1786837710	8ed4e900ca4b94a5a2d87286d515a48e5142e0145657ea57e73aadff739c023d
E2	/fsx/analysis_results/prod-cand-1703/prod-cand-1703-hg002-bjuice-v2-seqkitfix-20260815T080300Z	results/day/hg38/HG002-p2tc9mz7wbv628/align/sentmm2ont/na/snv/sentdhiomr2/segdup/HG002-p2tc9mz7wbv628/OTOA/HG002-p2tc9mz7wbv628.OTOA.yaml	2599	1786837710	285628a1ea7234b157a628cbc0ac7ad4614dc6430439e26336ecdc1c5b490186
E2	/fsx/analysis_results/prod-cand-1703/prod-cand-1703-hg002-bjuice-v2-seqkitfix-20260815T080300Z	results/day/hg38/HG002-p2tc9mz7wbv628/align/sentmm2ont/na/snv/sentdhiomr2/segdup/HG002-p2tc9mz7wbv628/PMS2/HG002-p2tc9mz7wbv628.PMS2.done	33	1786837705	2c0a7829ef37e6333ff9e20f3fbc245fa799e6f45625d3e33721bf4ac3c76e12
E2	/fsx/analysis_results/prod-cand-1703/prod-cand-1703-hg002-bjuice-v2-seqkitfix-20260815T080300Z	results/day/hg38/HG002-p2tc9mz7wbv628/align/sentmm2ont/na/snv/sentdhiomr2/segdup/HG002-p2tc9mz7wbv628/PMS2/HG002-p2tc9mz7wbv628.PMS2.result.vcf.gz	13602	1786837705	384fb783348fcaee2cfad3e7ccd5c682b11ad0b13ba4f57f32eb5d487fb12dde
E2	/fsx/analysis_results/prod-cand-1703/prod-cand-1703-hg002-bjuice-v2-seqkitfix-20260815T080300Z	results/day/hg38/HG002-p2tc9mz7wbv628/align/sentmm2ont/na/snv/sentdhiomr2/segdup/HG002-p2tc9mz7wbv628/PMS2/HG002-p2tc9mz7wbv628.PMS2.result.vcf.gz.tbi	134	1786837705	b04f2e0155834cdd0090319cb6112d6c2a30699fbf39d8da5f5fb7d384b46247
E2	/fsx/analysis_results/prod-cand-1703/prod-cand-1703-hg002-bjuice-v2-seqkitfix-20260815T080300Z	results/day/hg38/HG002-p2tc9mz7wbv628/align/sentmm2ont/na/snv/sentdhiomr2/segdup/HG002-p2tc9mz7wbv628/PMS2/HG002-p2tc9mz7wbv628.PMS2.yaml	3292	1786837705	e39c847dc57bde98a9846c9343e5578553784f069c54b47eadfc2ad45343b8b3
E2	/fsx/analysis_results/prod-cand-1703/prod-cand-1703-hg002-bjuice-v2-seqkitfix-20260815T080300Z	results/day/hg38/HG002-p2tc9mz7wbv628/align/sentmm2ont/na/snv/sentdhiomr2/segdup/HG002-p2tc9mz7wbv628/RCCX/HG002-p2tc9mz7wbv628.RCCX.done	33	1786837709	def97efc51b14388fbe01e607b6969eec2976ff117c5ecacb4d0a465fa973e82
E2	/fsx/analysis_results/prod-cand-1703/prod-cand-1703-hg002-bjuice-v2-seqkitfix-20260815T080300Z	results/day/hg38/HG002-p2tc9mz7wbv628/align/sentmm2ont/na/snv/sentdhiomr2/segdup/HG002-p2tc9mz7wbv628/RCCX/HG002-p2tc9mz7wbv628.RCCX.result.vcf.gz	13600	1786837709	f37d82e156c7c986d2ff75fd75f59776ff774c3b35e7ec5ffc83205790062481
E2	/fsx/analysis_results/prod-cand-1703/prod-cand-1703-hg002-bjuice-v2-seqkitfix-20260815T080300Z	results/day/hg38/HG002-p2tc9mz7wbv628/align/sentmm2ont/na/snv/sentdhiomr2/segdup/HG002-p2tc9mz7wbv628/RCCX/HG002-p2tc9mz7wbv628.RCCX.result.vcf.gz.tbi	178	1786837709	0b4f69e9d3a73be33fb1c1a8add8b33de3509bd46ee4bfe1442ec1d41f2011b3
E2	/fsx/analysis_results/prod-cand-1703/prod-cand-1703-hg002-bjuice-v2-seqkitfix-20260815T080300Z	results/day/hg38/HG002-p2tc9mz7wbv628/align/sentmm2ont/na/snv/sentdhiomr2/segdup/HG002-p2tc9mz7wbv628/RCCX/HG002-p2tc9mz7wbv628.RCCX.yaml	2963	1786837709	83ee0a69ad4f248668d71ddea0187f5b0b54317500b51b8ae4f06d1aa2fa582a
E2	/fsx/analysis_results/prod-cand-1703/prod-cand-1703-hg002-bjuice-v2-seqkitfix-20260815T080300Z	results/day/hg38/HG002-p2tc9mz7wbv628/align/sentmm2ont/na/snv/sentdhiomr2/segdup/HG002-p2tc9mz7wbv628/RH/HG002-p2tc9mz7wbv628.RH.done	31	1786837711	8b0e22de9f2c56973affe66793ef5c1490b73110b109cf73352d1b26422c6fca
E2	/fsx/analysis_results/prod-cand-1703/prod-cand-1703-hg002-bjuice-v2-seqkitfix-20260815T080300Z	results/day/hg38/HG002-p2tc9mz7wbv628/align/sentmm2ont/na/snv/sentdhiomr2/segdup/HG002-p2tc9mz7wbv628/RH/HG002-p2tc9mz7wbv628.RH.result.vcf.gz	9731	1786837711	86b3352e7c46ba96d7cece20e0574b8fc23bc6157fccc0674edfd21b72c626dc
E2	/fsx/analysis_results/prod-cand-1703/prod-cand-1703-hg002-bjuice-v2-seqkitfix-20260815T080300Z	results/day/hg38/HG002-p2tc9mz7wbv628/align/sentmm2ont/na/snv/sentdhiomr2/segdup/HG002-p2tc9mz7wbv628/RH/HG002-p2tc9mz7wbv628.RH.result.vcf.gz.tbi	169	1786837711	93a44aeafcdde5f9b3db52041f1828076588ddd05e2b4f74fd53453459c3baa1
E2	/fsx/analysis_results/prod-cand-1703/prod-cand-1703-hg002-bjuice-v2-seqkitfix-20260815T080300Z	results/day/hg38/HG002-p2tc9mz7wbv628/align/sentmm2ont/na/snv/sentdhiomr2/segdup/HG002-p2tc9mz7wbv628/RH/HG002-p2tc9mz7wbv628.RH.yaml	2066	1786837711	4e5a347c2f1a65f403602e56554c479b10c997a8019840aaba037d2030bef999
E2	/fsx/analysis_results/prod-cand-1703/prod-cand-1703-hg002-bjuice-v2-seqkitfix-20260815T080300Z	results/day/hg38/HG002-p2tc9mz7wbv628/align/sentmm2ont/na/snv/sentdhiomr2/segdup/HG002-p2tc9mz7wbv628/SBDS/HG002-p2tc9mz7wbv628.SBDS.done	33	1786837310	7575b2b1b7f0df89b5aabbb5a8a99c7fd82d2ed8baf22f73c5bb30f625a3dbe1
E2	/fsx/analysis_results/prod-cand-1703/prod-cand-1703-hg002-bjuice-v2-seqkitfix-20260815T080300Z	results/day/hg38/HG002-p2tc9mz7wbv628/align/sentmm2ont/na/snv/sentdhiomr2/segdup/HG002-p2tc9mz7wbv628/SBDS/HG002-p2tc9mz7wbv628.SBDS.result.vcf.gz	4340	1786837310	9785fe70980f8ee1567b9ac991245d8659d4b3393eb9c06312b213902fc9a05a
E2	/fsx/analysis_results/prod-cand-1703/prod-cand-1703-hg002-bjuice-v2-seqkitfix-20260815T080300Z	results/day/hg38/HG002-p2tc9mz7wbv628/align/sentmm2ont/na/snv/sentdhiomr2/segdup/HG002-p2tc9mz7wbv628/SBDS/HG002-p2tc9mz7wbv628.SBDS.result.vcf.gz.tbi	185	1786837310	d3daf177b5f8832c98f78acf7ff62caf4cbbec5baecb51c8e1f6a9c4e1334dc1
E2	/fsx/analysis_results/prod-cand-1703/prod-cand-1703-hg002-bjuice-v2-seqkitfix-20260815T080300Z	results/day/hg38/HG002-p2tc9mz7wbv628/align/sentmm2ont/na/snv/sentdhiomr2/segdup/HG002-p2tc9mz7wbv628/SBDS/HG002-p2tc9mz7wbv628.SBDS.yaml	2291	1786837310	f690e8f9a430d9f0403028f243aa8f3ea4f1b35d1870b9de18ff1b77c091115d
E2	/fsx/analysis_results/prod-cand-1703/prod-cand-1703-hg002-bjuice-v2-seqkitfix-20260815T080300Z	results/day/hg38/HG002-p2tc9mz7wbv628/align/sentmm2ont/na/snv/sentdhiomr2/segdup/HG002-p2tc9mz7wbv628/SMN1/HG002-p2tc9mz7wbv628.SMN1.done	33	1786837312	cb012bdeb144dffb504c8492291c0c703fe4ced4064026e04fe63e1104097d06
E2	/fsx/analysis_results/prod-cand-1703/prod-cand-1703-hg002-bjuice-v2-seqkitfix-20260815T080300Z	results/day/hg38/HG002-p2tc9mz7wbv628/align/sentmm2ont/na/snv/sentdhiomr2/segdup/HG002-p2tc9mz7wbv628/SMN1/HG002-p2tc9mz7wbv628.SMN1.result.vcf.gz	7802	1786837312	36fc0c17245497f1cec03dc3f15dfd37c18069f17d734e511de513c46dcf2d0e
E2	/fsx/analysis_results/prod-cand-1703/prod-cand-1703-hg002-bjuice-v2-seqkitfix-20260815T080300Z	results/day/hg38/HG002-p2tc9mz7wbv628/align/sentmm2ont/na/snv/sentdhiomr2/segdup/HG002-p2tc9mz7wbv628/SMN1/HG002-p2tc9mz7wbv628.SMN1.result.vcf.gz.tbi	194	1786837312	31e8c112757ffa670fd22ee19ac93c5758eea22e4607776bb7eab7c6b18f7672
E2	/fsx/analysis_results/prod-cand-1703/prod-cand-1703-hg002-bjuice-v2-seqkitfix-20260815T080300Z	results/day/hg38/HG002-p2tc9mz7wbv628/align/sentmm2ont/na/snv/sentdhiomr2/segdup/HG002-p2tc9mz7wbv628/SMN1/HG002-p2tc9mz7wbv628.SMN1.yaml	1581	1786837312	4bee235e9d815042eafdba40ac4c7e098364dba67f95438118e4d264466dc387
E2	/fsx/analysis_results/prod-cand-1703/prod-cand-1703-hg002-bjuice-v2-seqkitfix-20260815T080300Z	results/day/hg38/HG002-p2tc9mz7wbv628/align/sentmm2ont/na/snv/sentdhiomr2/segdup/HG002-p2tc9mz7wbv628/STRC/HG002-p2tc9mz7wbv628.STRC.done	33	1786837707	de12494929617b5cc57839367dc26941e31fde95640eaf13b497d699d327765e
E2	/fsx/analysis_results/prod-cand-1703/prod-cand-1703-hg002-bjuice-v2-seqkitfix-20260815T080300Z	results/day/hg38/HG002-p2tc9mz7wbv628/align/sentmm2ont/na/snv/sentdhiomr2/segdup/HG002-p2tc9mz7wbv628/STRC/HG002-p2tc9mz7wbv628.STRC.result.vcf.gz	7944	1786837707	ec26994d31622519260ca0ed671f7e85939346f4bfefad40a6e19c2c0167ffd4
E2	/fsx/analysis_results/prod-cand-1703/prod-cand-1703-hg002-bjuice-v2-seqkitfix-20260815T080300Z	results/day/hg38/HG002-p2tc9mz7wbv628/align/sentmm2ont/na/snv/sentdhiomr2/segdup/HG002-p2tc9mz7wbv628/STRC/HG002-p2tc9mz7wbv628.STRC.result.vcf.gz.tbi	179	1786837707	eee9404eaae5905a2d59cc32035013b022ddf13f388c15b56a22243138a5f164
E2	/fsx/analysis_results/prod-cand-1703/prod-cand-1703-hg002-bjuice-v2-seqkitfix-20260815T080300Z	results/day/hg38/HG002-p2tc9mz7wbv628/align/sentmm2ont/na/snv/sentdhiomr2/segdup/HG002-p2tc9mz7wbv628/STRC/HG002-p2tc9mz7wbv628.STRC.yaml	2165	1786837707	8b61f69e00014c1938d6932e65334ebcecc80a894b07e6e6373cd5e5a273de96
E2	/fsx/analysis_results/prod-cand-1703/prod-cand-1703-hg002-bjuice-v2-seqkitfix-20260815T080300Z	results/day/hg38/HG002-p2tc9mz7wbv628/align/sentmm2ont/na/snv/sentdhiomr2/slim-consensus/prepared/smn12/HG002-p2tc9mz7wbv628.smn12.normalized.json	2300	1786800489	1945d6a43817c68b5b4de46d891a4c161631f704d5cf74a022f35665b8caa594
E2	/fsx/analysis_results/prod-cand-1703/prod-cand-1703-hg002-bjuice-v2-seqkitfix-20260815T080300Z	results/day/hg38/HG002-p2tc9mz7wbv628/align/sentmm2ont/na/snv/sentdhiomr2/slim-consensus/truvari/HG002-p2tc9mz7wbv628/queries/longreadsv/truvari/summary.json	926	1786836969	215cfb9a30ce436c9718230f31aef1c7e71d8acfd6c13d74fba55d766a748504
E2	/fsx/analysis_results/prod-cand-1703/prod-cand-1703-hg002-bjuice-v2-seqkitfix-20260815T080300Z	results/day/hg38/HG002-p2tc9mz7wbv628/align/sentmm2ont/na/snv/sentdhiomr2/slim-consensus/truvari/HG002-p2tc9mz7wbv628/queries/sniffles2/truvari/summary.json	739	1786800560	a06bdf760f4502d41e579531b6f254fa50f1562269dcede71047e718d63242be
E2	/fsx/analysis_results/prod-cand-1703/prod-cand-1703-hg002-bjuice-v2-seqkitfix-20260815T080300Z	results/day/hg38/HG002-p2tc9mz7wbv628/align/sentmm2ont/na/snv/sentdhiomr2/slim-consensus/truvari/HG002-p2tc9mz7wbv628/queries/tagged_trussv/truvari/summary.json	924	1786839115	64088fe013ecc58e337ee0878dce8782f894edbbf675f0f627ded2dc573b8c9a
E2	/fsx/analysis_results/prod-cand-1703/prod-cand-1703-hg002-bjuice-v2-seqkitfix-20260815T080300Z	results/day/hg38/HG002-p2tc9mz7wbv628/align/sentmm2ont/na/snv/sentdhiomr2/slim-consensus/truvari/HG002-p2tc9mz7wbv628/queries/tiddit/truvari/summary.json	700	1786837582	35b6a3c61321ace84a9ec11f3c2f82811a231989fe860a2a81a34b8ec5e199e7
E2	/fsx/analysis_results/prod-cand-1703/prod-cand-1703-hg002-bjuice-v2-seqkitfix-20260815T080300Z	results/day/hg38/HG002-pw12ff0qe3akkp/align/sentdhiomr2lr/na/alignqc/mosdepth/HG002-pw12ff0qe3akkp.sentdhiomr2lr.na.mosdepth.summary.txt	13295	1786782200	db943216e4515108cb74c3b833341101bc3f4a5f8831bdadaa4b8b4f933a4669
E2	/fsx/analysis_results/prod-cand-1703/prod-cand-1703-hg002-bjuice-v2-seqkitfix-20260815T080300Z	results/day/hg38/HG002-pw12ff0qe3akkp/align/sentdhiomr2rsr/na/alignqc/mosdepth/HG002-pw12ff0qe3akkp.sentdhiomr2rsr.na.mosdepth.summary.txt	16813	1786836962	292338935356f138c94f94629bcc6ce83b52a234e3c5d9fefcb2d37e3b2bf634
E2	/fsx/analysis_results/prod-cand-1703/prod-cand-1703-hg002-bjuice-v2-seqkitfix-20260815T080300Z	results/day/hg38/HG002-pw12ff0qe3akkp/align/sentdhiomr2sr/smd/htd/smn12/HG002-pw12ff0qe3akkp.sentdhiomr2sr.smd.smn12.summary.json	1059	1786789583	5c4c06b1243391ad547899e6075fa6d18d2ad928d8fd391c51276470ec94a5d0
E2	/fsx/analysis_results/prod-cand-1703/prod-cand-1703-hg002-bjuice-v2-seqkitfix-20260815T080300Z	results/day/hg38/HG002-pw12ff0qe3akkp/align/sentdhiomr2sr/smd/htd/smn12/HG002-pw12ff0qe3akkp.sentdhiomr2sr.smd.smn12.summary.tsv	264	1786789570	9032863ad175df9b417d7844dc9e3a77aa0dd9c3eda92f3342622d64a1d3a394
E2	/fsx/analysis_results/prod-cand-1703/prod-cand-1703-hg002-bjuice-v2-seqkitfix-20260815T080300Z	results/day/hg38/HG002-pw12ff0qe3akkp/align/sentmm2ont/na/snv/sentdhiomr2/concordance/_giabHC/snv_HG002-pw12ff0qe3akkp_giabHC_concordance.mqc.tsv	3774	1786839126	c6e39a2bd8849e03176ef221e79f0c33c86a3fe12ba1e0196863751443faad52
E2	/fsx/analysis_results/prod-cand-1703/prod-cand-1703-hg002-bjuice-v2-seqkitfix-20260815T080300Z	results/day/hg38/HG002-pw12ff0qe3akkp/align/sentmm2ont/na/snv/sentdhiomr2/segdup/HG002-pw12ff0qe3akkp/CFH/HG002-pw12ff0qe3akkp.CFH.done	32	1786837711	4b57c569722f4f390d00b1f5d2d3dfab090236f1ca3f4f6bb76d514a3106153f
E2	/fsx/analysis_results/prod-cand-1703/prod-cand-1703-hg002-bjuice-v2-seqkitfix-20260815T080300Z	results/day/hg38/HG002-pw12ff0qe3akkp/align/sentmm2ont/na/snv/sentdhiomr2/segdup/HG002-pw12ff0qe3akkp/CFH/HG002-pw12ff0qe3akkp.CFH.result.vcf.gz	15836	1786837711	f00c8236f32ec19f7c99bb50a01256f366a837056fb95b3cc5ef212ce6881f46
E2	/fsx/analysis_results/prod-cand-1703/prod-cand-1703-hg002-bjuice-v2-seqkitfix-20260815T080300Z	results/day/hg38/HG002-pw12ff0qe3akkp/align/sentmm2ont/na/snv/sentdhiomr2/segdup/HG002-pw12ff0qe3akkp/CFH/HG002-pw12ff0qe3akkp.CFH.result.vcf.gz.tbi	387	1786837711	43c20630a5ae263512a06c63ee37aea275840be63b0ffc960449275c93855082
E2	/fsx/analysis_results/prod-cand-1703/prod-cand-1703-hg002-bjuice-v2-seqkitfix-20260815T080300Z	results/day/hg38/HG002-pw12ff0qe3akkp/align/sentmm2ont/na/snv/sentdhiomr2/segdup/HG002-pw12ff0qe3akkp/CFH/HG002-pw12ff0qe3akkp.CFH.yaml	1832	1786837711	261000a5730a1dd410915dcb1c75a936ac6d7353ff123c21820a42cc28dc63b7
E2	/fsx/analysis_results/prod-cand-1703/prod-cand-1703-hg002-bjuice-v2-seqkitfix-20260815T080300Z	results/day/hg38/HG002-pw12ff0qe3akkp/align/sentmm2ont/na/snv/sentdhiomr2/segdup/HG002-pw12ff0qe3akkp/CYP11B1/HG002-pw12ff0qe3akkp.CYP11B1.done	36	1786837710	f7af4438026327204db5f578af844b26675f26676bd704658b58a37b8a98a5c8
E2	/fsx/analysis_results/prod-cand-1703/prod-cand-1703-hg002-bjuice-v2-seqkitfix-20260815T080300Z	results/day/hg38/HG002-pw12ff0qe3akkp/align/sentmm2ont/na/snv/sentdhiomr2/segdup/HG002-pw12ff0qe3akkp/CYP11B1/HG002-pw12ff0qe3akkp.CYP11B1.result.vcf.gz	7324	1786837710	2295392a0d3b21733c4cfc4e03b91559849db17bac588962bfd6b0dc6ee7bbc4
E2	/fsx/analysis_results/prod-cand-1703/prod-cand-1703-hg002-bjuice-v2-seqkitfix-20260815T080300Z	results/day/hg38/HG002-pw12ff0qe3akkp/align/sentmm2ont/na/snv/sentdhiomr2/segdup/HG002-pw12ff0qe3akkp/CYP11B1/HG002-pw12ff0qe3akkp.CYP11B1.result.vcf.gz.tbi	276	1786837710	5ea332093111813b6aac6e653bf0b8c79410e3a8b7568114c6cdb32c47678158
E2	/fsx/analysis_results/prod-cand-1703/prod-cand-1703-hg002-bjuice-v2-seqkitfix-20260815T080300Z	results/day/hg38/HG002-pw12ff0qe3akkp/align/sentmm2ont/na/snv/sentdhiomr2/segdup/HG002-pw12ff0qe3akkp/CYP11B1/HG002-pw12ff0qe3akkp.CYP11B1.yaml	1608	1786837710	767f759dc56d26d71914233aa167e2dbf9b7fbbbb59a793bff60021d64899db6
E2	/fsx/analysis_results/prod-cand-1703/prod-cand-1703-hg002-bjuice-v2-seqkitfix-20260815T080300Z	results/day/hg38/HG002-pw12ff0qe3akkp/align/sentmm2ont/na/snv/sentdhiomr2/segdup/HG002-pw12ff0qe3akkp/CYP2A6/HG002-pw12ff0qe3akkp.CYP2A6.done	35	1786837710	a7ed310d4a4e99a32a77f8236ab1287f7b8f9ba6176e8ebe44697e87b1ccbd60
E2	/fsx/analysis_results/prod-cand-1703/prod-cand-1703-hg002-bjuice-v2-seqkitfix-20260815T080300Z	results/day/hg38/HG002-pw12ff0qe3akkp/align/sentmm2ont/na/snv/sentdhiomr2/segdup/HG002-pw12ff0qe3akkp/CYP2A6/HG002-pw12ff0qe3akkp.CYP2A6.result.vcf.gz	4314	1786837710	fffaa475dbf9645b0e9ae67cb96713f4b912c7e7d3ea12752ea35ace13e0972c
E2	/fsx/analysis_results/prod-cand-1703/prod-cand-1703-hg002-bjuice-v2-seqkitfix-20260815T080300Z	results/day/hg38/HG002-pw12ff0qe3akkp/align/sentmm2ont/na/snv/sentdhiomr2/segdup/HG002-pw12ff0qe3akkp/CYP2A6/HG002-pw12ff0qe3akkp.CYP2A6.result.vcf.gz.tbi	164	1786837710	e2b0b0fe5f9774bb07e05f9cc5d901a769a1069b04f7606e1a4f29dd029f1def
E2	/fsx/analysis_results/prod-cand-1703/prod-cand-1703-hg002-bjuice-v2-seqkitfix-20260815T080300Z	results/day/hg38/HG002-pw12ff0qe3akkp/align/sentmm2ont/na/snv/sentdhiomr2/segdup/HG002-pw12ff0qe3akkp/CYP2A6/HG002-pw12ff0qe3akkp.CYP2A6.yaml	2666	1786837710	e651394d98fab2e8f10be6616399799509d1cd7cf53db1c7451b12b3f37bf455
E2	/fsx/analysis_results/prod-cand-1703/prod-cand-1703-hg002-bjuice-v2-seqkitfix-20260815T080300Z	results/day/hg38/HG002-pw12ff0qe3akkp/align/sentmm2ont/na/snv/sentdhiomr2/segdup/HG002-pw12ff0qe3akkp/CYP2B6/HG002-pw12ff0qe3akkp.CYP2B6.done	35	1786837709	58e20a66984cc5991d6ed656069d27564352d5d6008209ea130ca7f4c32f6e0e
E2	/fsx/analysis_results/prod-cand-1703/prod-cand-1703-hg002-bjuice-v2-seqkitfix-20260815T080300Z	results/day/hg38/HG002-pw12ff0qe3akkp/align/sentmm2ont/na/snv/sentdhiomr2/segdup/HG002-pw12ff0qe3akkp/CYP2B6/HG002-pw12ff0qe3akkp.CYP2B6.result.vcf.gz	4899	1786837709	f9885396549e9c23ec4dfc852a6bb87dca790c047114f41f2ffabd59dffa6494
E2	/fsx/analysis_results/prod-cand-1703/prod-cand-1703-hg002-bjuice-v2-seqkitfix-20260815T080300Z	results/day/hg38/HG002-pw12ff0qe3akkp/align/sentmm2ont/na/snv/sentdhiomr2/segdup/HG002-pw12ff0qe3akkp/CYP2B6/HG002-pw12ff0qe3akkp.CYP2B6.result.vcf.gz.tbi	172	1786837709	44fdb89f6693bf5a358d53bbc7755bf5be542951c5c97aeafb107d732719b9ad
E2	/fsx/analysis_results/prod-cand-1703/prod-cand-1703-hg002-bjuice-v2-seqkitfix-20260815T080300Z	results/day/hg38/HG002-pw12ff0qe3akkp/align/sentmm2ont/na/snv/sentdhiomr2/segdup/HG002-pw12ff0qe3akkp/CYP2B6/HG002-pw12ff0qe3akkp.CYP2B6.yaml	2233	1786837709	2840c7327fe3747c5720a7778c44b7079f8e6379e77b8a2ca4865860a075fd2f
E2	/fsx/analysis_results/prod-cand-1703/prod-cand-1703-hg002-bjuice-v2-seqkitfix-20260815T080300Z	results/day/hg38/HG002-pw12ff0qe3akkp/align/sentmm2ont/na/snv/sentdhiomr2/segdup/HG002-pw12ff0qe3akkp/CYP2D6/HG002-pw12ff0qe3akkp.CYP2D6.done	35	1786837706	d51c395add49b6233820d2e9b502cfcd5d3702938b2d4031aab3ffcc40efefe4
E2	/fsx/analysis_results/prod-cand-1703/prod-cand-1703-hg002-bjuice-v2-seqkitfix-20260815T080300Z	results/day/hg38/HG002-pw12ff0qe3akkp/align/sentmm2ont/na/snv/sentdhiomr2/segdup/HG002-pw12ff0qe3akkp/CYP2D6/HG002-pw12ff0qe3akkp.CYP2D6.result.vcf.gz	6853	1786837706	bc84dcf6d58ee88f20f4ab140b15e4af852f21090fbe0f6051c2b289660c5c29
E2	/fsx/analysis_results/prod-cand-1703/prod-cand-1703-hg002-bjuice-v2-seqkitfix-20260815T080300Z	results/day/hg38/HG002-pw12ff0qe3akkp/align/sentmm2ont/na/snv/sentdhiomr2/segdup/HG002-pw12ff0qe3akkp/CYP2D6/HG002-pw12ff0qe3akkp.CYP2D6.result.vcf.gz.tbi	162	1786837706	f61c3622e49146402ea81111dad0f7e98525cde807997ceb569bf68edb3ec0ad
E2	/fsx/analysis_results/prod-cand-1703/prod-cand-1703-hg002-bjuice-v2-seqkitfix-20260815T080300Z	results/day/hg38/HG002-pw12ff0qe3akkp/align/sentmm2ont/na/snv/sentdhiomr2/segdup/HG002-pw12ff0qe3akkp/CYP2D6/HG002-pw12ff0qe3akkp.CYP2D6.yaml	1924	1786837706	19741138e58cfaee1a715abb52ad9eda35f60764a83a451efda63138e1bc4b08
E2	/fsx/analysis_results/prod-cand-1703/prod-cand-1703-hg002-bjuice-v2-seqkitfix-20260815T080300Z	results/day/hg38/HG002-pw12ff0qe3akkp/align/sentmm2ont/na/snv/sentdhiomr2/segdup/HG002-pw12ff0qe3akkp/GBA/HG002-pw12ff0qe3akkp.GBA.done	32	1786837711	499c5876e9829a58834f6df72d3f63df3805a009b7ec8552a620c15326f3dfcb
E2	/fsx/analysis_results/prod-cand-1703/prod-cand-1703-hg002-bjuice-v2-seqkitfix-20260815T080300Z	results/day/hg38/HG002-pw12ff0qe3akkp/align/sentmm2ont/na/snv/sentdhiomr2/segdup/HG002-pw12ff0qe3akkp/GBA/HG002-pw12ff0qe3akkp.GBA.result.vcf.gz	4825	1786837711	152623f1dfd1c78a458e1dce4891deedc6af5085ab2017b096bc1ccbd0bace26
E2	/fsx/analysis_results/prod-cand-1703/prod-cand-1703-hg002-bjuice-v2-seqkitfix-20260815T080300Z	results/day/hg38/HG002-pw12ff0qe3akkp/align/sentmm2ont/na/snv/sentdhiomr2/segdup/HG002-pw12ff0qe3akkp/GBA/HG002-pw12ff0qe3akkp.GBA.result.vcf.gz.tbi	286	1786837711	ab91f0d371cb2f9b253b896f797eb218cbed8963b782ac18f381204684a1b203
E2	/fsx/analysis_results/prod-cand-1703/prod-cand-1703-hg002-bjuice-v2-seqkitfix-20260815T080300Z	results/day/hg38/HG002-pw12ff0qe3akkp/align/sentmm2ont/na/snv/sentdhiomr2/segdup/HG002-pw12ff0qe3akkp/GBA/HG002-pw12ff0qe3akkp.GBA.yaml	1704	1786837711	fddf9761b6acaaf903ca1c50990c646f0d08f278aec60dccd13bd2136658703a
E2	/fsx/analysis_results/prod-cand-1703/prod-cand-1703-hg002-bjuice-v2-seqkitfix-20260815T080300Z	results/day/hg38/HG002-pw12ff0qe3akkp/align/sentmm2ont/na/snv/sentdhiomr2/segdup/HG002-pw12ff0qe3akkp/HBA/HG002-pw12ff0qe3akkp.HBA.done	32	1786837708	f9a18f4250abed23e04ba76a88571bf89bd9f23d7c3798cfbb4dff0f5b9cbd38
E2	/fsx/analysis_results/prod-cand-1703/prod-cand-1703-hg002-bjuice-v2-seqkitfix-20260815T080300Z	results/day/hg38/HG002-pw12ff0qe3akkp/align/sentmm2ont/na/snv/sentdhiomr2/segdup/HG002-pw12ff0qe3akkp/HBA/HG002-pw12ff0qe3akkp.HBA.result.vcf.gz	4253	1786837708	2b962b1a0d928315982bbbe9df3260aec2edc877c2e87c907629023724307aee
E2	/fsx/analysis_results/prod-cand-1703/prod-cand-1703-hg002-bjuice-v2-seqkitfix-20260815T080300Z	results/day/hg38/HG002-pw12ff0qe3akkp/align/sentmm2ont/na/snv/sentdhiomr2/segdup/HG002-pw12ff0qe3akkp/HBA/HG002-pw12ff0qe3akkp.HBA.result.vcf.gz.tbi	98	1786837708	cad48aa4be8217524f0eea3935126f4aef74f4ff0b97d962e569c56b8a01d5d7
E2	/fsx/analysis_results/prod-cand-1703/prod-cand-1703-hg002-bjuice-v2-seqkitfix-20260815T080300Z	results/day/hg38/HG002-pw12ff0qe3akkp/align/sentmm2ont/na/snv/sentdhiomr2/segdup/HG002-pw12ff0qe3akkp/HBA/HG002-pw12ff0qe3akkp.HBA.yaml	1809	1786837708	89a8bd863db1877faa8741af383544d54379971fbe053be314757f38f447654a
E2	/fsx/analysis_results/prod-cand-1703/prod-cand-1703-hg002-bjuice-v2-seqkitfix-20260815T080300Z	results/day/hg38/HG002-pw12ff0qe3akkp/align/sentmm2ont/na/snv/sentdhiomr2/segdup/HG002-pw12ff0qe3akkp/IKBKG/HG002-pw12ff0qe3akkp.IKBKG.done	34	1786837708	4b0b47d77d3c497e6222e449353a893841f9b0cb5dcba24db9ae1be66788a834
E2	/fsx/analysis_results/prod-cand-1703/prod-cand-1703-hg002-bjuice-v2-seqkitfix-20260815T080300Z	results/day/hg38/HG002-pw12ff0qe3akkp/align/sentmm2ont/na/snv/sentdhiomr2/segdup/HG002-pw12ff0qe3akkp/IKBKG/HG002-pw12ff0qe3akkp.IKBKG.yaml	2090	1786837708	9166498cc2c5f43dd935df0c80d52cc0ce3cfd3879ad54ff1fe7681fdf779b8b
E2	/fsx/analysis_results/prod-cand-1703/prod-cand-1703-hg002-bjuice-v2-seqkitfix-20260815T080300Z	results/day/hg38/HG002-pw12ff0qe3akkp/align/sentmm2ont/na/snv/sentdhiomr2/segdup/HG002-pw12ff0qe3akkp/LPA/HG002-pw12ff0qe3akkp.LPA.done	32	1786837705	4137cd03d2a1259175faabedcb649bf48b795a3dbc8fb9d0aaf83cdb03cd6283
E2	/fsx/analysis_results/prod-cand-1703/prod-cand-1703-hg002-bjuice-v2-seqkitfix-20260815T080300Z	results/day/hg38/HG002-pw12ff0qe3akkp/align/sentmm2ont/na/snv/sentdhiomr2/segdup/HG002-pw12ff0qe3akkp/LPA/HG002-pw12ff0qe3akkp.LPA.yaml	5963	1786837705	2687104288fc5d9a15a1033047fd151322ac96ba3b85a15e750d749d7207b518
E2	/fsx/analysis_results/prod-cand-1703/prod-cand-1703-hg002-bjuice-v2-seqkitfix-20260815T080300Z	results/day/hg38/HG002-pw12ff0qe3akkp/align/sentmm2ont/na/snv/sentdhiomr2/segdup/HG002-pw12ff0qe3akkp/NCF1/HG002-pw12ff0qe3akkp.NCF1.done	33	1786837709	eb362f1ff3853eb0775350fa48a7035faa1989910ca2cdcaa79ec0a2d2cc3313
E2	/fsx/analysis_results/prod-cand-1703/prod-cand-1703-hg002-bjuice-v2-seqkitfix-20260815T080300Z	results/day/hg38/HG002-pw12ff0qe3akkp/align/sentmm2ont/na/snv/sentdhiomr2/segdup/HG002-pw12ff0qe3akkp/NCF1/HG002-pw12ff0qe3akkp.NCF1.result.vcf.gz	6533	1786837709	cf6e75aafc7f8c10f4871378428e0983a7a47904b842c9a43f5cb332469e212e
E2	/fsx/analysis_results/prod-cand-1703/prod-cand-1703-hg002-bjuice-v2-seqkitfix-20260815T080300Z	results/day/hg38/HG002-pw12ff0qe3akkp/align/sentmm2ont/na/snv/sentdhiomr2/segdup/HG002-pw12ff0qe3akkp/NCF1/HG002-pw12ff0qe3akkp.NCF1.result.vcf.gz.tbi	191	1786837709	2c2dfabfca2c8319df093b13b2d18a27adba1869bb751402a8a4417d0632cf36
E2	/fsx/analysis_results/prod-cand-1703/prod-cand-1703-hg002-bjuice-v2-seqkitfix-20260815T080300Z	results/day/hg38/HG002-pw12ff0qe3akkp/align/sentmm2ont/na/snv/sentdhiomr2/segdup/HG002-pw12ff0qe3akkp/NCF1/HG002-pw12ff0qe3akkp.NCF1.yaml	1581	1786837709	d5433b54efa54255af15e32acebf7674ad4bbe66fad5bac7ab07eed57ca22c8c
E2	/fsx/analysis_results/prod-cand-1703/prod-cand-1703-hg002-bjuice-v2-seqkitfix-20260815T080300Z	results/day/hg38/HG002-pw12ff0qe3akkp/align/sentmm2ont/na/snv/sentdhiomr2/segdup/HG002-pw12ff0qe3akkp/OTOA/HG002-pw12ff0qe3akkp.OTOA.done	33	1786837709	68c1d38708f1ca06116a1136a9b11b083a99a423f816fe01ba6684bb3b50dde9
E2	/fsx/analysis_results/prod-cand-1703/prod-cand-1703-hg002-bjuice-v2-seqkitfix-20260815T080300Z	results/day/hg38/HG002-pw12ff0qe3akkp/align/sentmm2ont/na/snv/sentdhiomr2/segdup/HG002-pw12ff0qe3akkp/OTOA/HG002-pw12ff0qe3akkp.OTOA.result.vcf.gz	4610	1786837709	7dc5a525b87497cdc0c85f7978f1f62bf23324657e6d55c4aca7965f2e957edf
E2	/fsx/analysis_results/prod-cand-1703/prod-cand-1703-hg002-bjuice-v2-seqkitfix-20260815T080300Z	results/day/hg38/HG002-pw12ff0qe3akkp/align/sentmm2ont/na/snv/sentdhiomr2/segdup/HG002-pw12ff0qe3akkp/OTOA/HG002-pw12ff0qe3akkp.OTOA.result.vcf.gz.tbi	165	1786837709	0440c45ed6cd69819e6657202345a09c9dedac6ea9155a039b6c87b11677242d
E2	/fsx/analysis_results/prod-cand-1703/prod-cand-1703-hg002-bjuice-v2-seqkitfix-20260815T080300Z	results/day/hg38/HG002-pw12ff0qe3akkp/align/sentmm2ont/na/snv/sentdhiomr2/segdup/HG002-pw12ff0qe3akkp/OTOA/HG002-pw12ff0qe3akkp.OTOA.yaml	2231	1786837709	a83d1ab42c0e4a85ae9ab07bd7609e3ab64a9144afc58f15e2ef45389510bac3
E2	/fsx/analysis_results/prod-cand-1703/prod-cand-1703-hg002-bjuice-v2-seqkitfix-20260815T080300Z	results/day/hg38/HG002-pw12ff0qe3akkp/align/sentmm2ont/na/snv/sentdhiomr2/segdup/HG002-pw12ff0qe3akkp/PMS2/HG002-pw12ff0qe3akkp.PMS2.done	33	1786837710	2c0a7829ef37e6333ff9e20f3fbc245fa799e6f45625d3e33721bf4ac3c76e12
E2	/fsx/analysis_results/prod-cand-1703/prod-cand-1703-hg002-bjuice-v2-seqkitfix-20260815T080300Z	results/day/hg38/HG002-pw12ff0qe3akkp/align/sentmm2ont/na/snv/sentdhiomr2/segdup/HG002-pw12ff0qe3akkp/PMS2/HG002-pw12ff0qe3akkp.PMS2.result.vcf.gz	7491	1786837710	b31eb25c1458a483f483c66fb291033fe99c9840350da2a4f07d53f7bbdf2d31
E2	/fsx/analysis_results/prod-cand-1703/prod-cand-1703-hg002-bjuice-v2-seqkitfix-20260815T080300Z	results/day/hg38/HG002-pw12ff0qe3akkp/align/sentmm2ont/na/snv/sentdhiomr2/segdup/HG002-pw12ff0qe3akkp/PMS2/HG002-pw12ff0qe3akkp.PMS2.result.vcf.gz.tbi	130	1786837710	5b8d68fd2e1bed8c575dac81f4f9813f04df75ee7a9b2da5e350d189d2ee2b37
E2	/fsx/analysis_results/prod-cand-1703/prod-cand-1703-hg002-bjuice-v2-seqkitfix-20260815T080300Z	results/day/hg38/HG002-pw12ff0qe3akkp/align/sentmm2ont/na/snv/sentdhiomr2/segdup/HG002-pw12ff0qe3akkp/PMS2/HG002-pw12ff0qe3akkp.PMS2.yaml	2917	1786837710	9a930381314a1409ee1a9c937b51c4acb3fd402e503bd6b58479b51641341d66
E2	/fsx/analysis_results/prod-cand-1703/prod-cand-1703-hg002-bjuice-v2-seqkitfix-20260815T080300Z	results/day/hg38/HG002-pw12ff0qe3akkp/align/sentmm2ont/na/snv/sentdhiomr2/segdup/HG002-pw12ff0qe3akkp/RCCX/HG002-pw12ff0qe3akkp.RCCX.done	33	1786837711	def97efc51b14388fbe01e607b6969eec2976ff117c5ecacb4d0a465fa973e82
E2	/fsx/analysis_results/prod-cand-1703/prod-cand-1703-hg002-bjuice-v2-seqkitfix-20260815T080300Z	results/day/hg38/HG002-pw12ff0qe3akkp/align/sentmm2ont/na/snv/sentdhiomr2/segdup/HG002-pw12ff0qe3akkp/RCCX/HG002-pw12ff0qe3akkp.RCCX.result.vcf.gz	8620	1786837711	5ef36792d0ef378594b1369301d6b9377d9d153c58b946d0508b75c68f6bd23f
E2	/fsx/analysis_results/prod-cand-1703/prod-cand-1703-hg002-bjuice-v2-seqkitfix-20260815T080300Z	results/day/hg38/HG002-pw12ff0qe3akkp/align/sentmm2ont/na/snv/sentdhiomr2/segdup/HG002-pw12ff0qe3akkp/RCCX/HG002-pw12ff0qe3akkp.RCCX.result.vcf.gz.tbi	175	1786837711	ecd8f70ca05fbe95879c9d66bd3ff3e8980802655c2aa20fc0226bedbc6f72ef
E2	/fsx/analysis_results/prod-cand-1703/prod-cand-1703-hg002-bjuice-v2-seqkitfix-20260815T080300Z	results/day/hg38/HG002-pw12ff0qe3akkp/align/sentmm2ont/na/snv/sentdhiomr2/segdup/HG002-pw12ff0qe3akkp/RCCX/HG002-pw12ff0qe3akkp.RCCX.yaml	2999	1786837711	27574abd217528f5db579b2f1747a53a31dd104614848148413eeecac0bda2e7
E2	/fsx/analysis_results/prod-cand-1703/prod-cand-1703-hg002-bjuice-v2-seqkitfix-20260815T080300Z	results/day/hg38/HG002-pw12ff0qe3akkp/align/sentmm2ont/na/snv/sentdhiomr2/segdup/HG002-pw12ff0qe3akkp/RH/HG002-pw12ff0qe3akkp.RH.done	31	1786837711	8b0e22de9f2c56973affe66793ef5c1490b73110b109cf73352d1b26422c6fca
E2	/fsx/analysis_results/prod-cand-1703/prod-cand-1703-hg002-bjuice-v2-seqkitfix-20260815T080300Z	results/day/hg38/HG002-pw12ff0qe3akkp/align/sentmm2ont/na/snv/sentdhiomr2/segdup/HG002-pw12ff0qe3akkp/RH/HG002-pw12ff0qe3akkp.RH.result.vcf.gz	4983	1786837711	1a8c6cd78f861316bd56e7b9054da3d03e3549b050e6ea08246443e88ac5e54c
E2	/fsx/analysis_results/prod-cand-1703/prod-cand-1703-hg002-bjuice-v2-seqkitfix-20260815T080300Z	results/day/hg38/HG002-pw12ff0qe3akkp/align/sentmm2ont/na/snv/sentdhiomr2/segdup/HG002-pw12ff0qe3akkp/RH/HG002-pw12ff0qe3akkp.RH.result.vcf.gz.tbi	158	1786837711	80362a9eaf82a2affd5098f16bdc2658ecb9d36220193bc808daac07d25b49b7
E2	/fsx/analysis_results/prod-cand-1703/prod-cand-1703-hg002-bjuice-v2-seqkitfix-20260815T080300Z	results/day/hg38/HG002-pw12ff0qe3akkp/align/sentmm2ont/na/snv/sentdhiomr2/segdup/HG002-pw12ff0qe3akkp/RH/HG002-pw12ff0qe3akkp.RH.yaml	3464	1786837711	1df226cf1cf62678e75bdf47e2cdf30046c3eff8e4ef452ca85106c10de44268
E2	/fsx/analysis_results/prod-cand-1703/prod-cand-1703-hg002-bjuice-v2-seqkitfix-20260815T080300Z	results/day/hg38/HG002-pw12ff0qe3akkp/align/sentmm2ont/na/snv/sentdhiomr2/segdup/HG002-pw12ff0qe3akkp/SBDS/HG002-pw12ff0qe3akkp.SBDS.done	33	1786837709	7575b2b1b7f0df89b5aabbb5a8a99c7fd82d2ed8baf22f73c5bb30f625a3dbe1
E2	/fsx/analysis_results/prod-cand-1703/prod-cand-1703-hg002-bjuice-v2-seqkitfix-20260815T080300Z	results/day/hg38/HG002-pw12ff0qe3akkp/align/sentmm2ont/na/snv/sentdhiomr2/segdup/HG002-pw12ff0qe3akkp/SBDS/HG002-pw12ff0qe3akkp.SBDS.result.vcf.gz	3819	1786837709	55132c68de4329e4e4c9e565b97c33ff22b8bae815608846d06418792ab8de19
E2	/fsx/analysis_results/prod-cand-1703/prod-cand-1703-hg002-bjuice-v2-seqkitfix-20260815T080300Z	results/day/hg38/HG002-pw12ff0qe3akkp/align/sentmm2ont/na/snv/sentdhiomr2/segdup/HG002-pw12ff0qe3akkp/SBDS/HG002-pw12ff0qe3akkp.SBDS.result.vcf.gz.tbi	173	1786837709	73f815d34a39f0959de31c72524b68ce25de73ad44d65d6f86f1157e341c21aa
E2	/fsx/analysis_results/prod-cand-1703/prod-cand-1703-hg002-bjuice-v2-seqkitfix-20260815T080300Z	results/day/hg38/HG002-pw12ff0qe3akkp/align/sentmm2ont/na/snv/sentdhiomr2/segdup/HG002-pw12ff0qe3akkp/SBDS/HG002-pw12ff0qe3akkp.SBDS.yaml	3353	1786837709	ab36a2da49339b3d795ea1d51e66df4297a698d76ea70c6142d2c88fb9deae54
E2	/fsx/analysis_results/prod-cand-1703/prod-cand-1703-hg002-bjuice-v2-seqkitfix-20260815T080300Z	results/day/hg38/HG002-pw12ff0qe3akkp/align/sentmm2ont/na/snv/sentdhiomr2/segdup/HG002-pw12ff0qe3akkp/SMN1/HG002-pw12ff0qe3akkp.SMN1.done	33	1786837710	cb012bdeb144dffb504c8492291c0c703fe4ced4064026e04fe63e1104097d06
E2	/fsx/analysis_results/prod-cand-1703/prod-cand-1703-hg002-bjuice-v2-seqkitfix-20260815T080300Z	results/day/hg38/HG002-pw12ff0qe3akkp/align/sentmm2ont/na/snv/sentdhiomr2/segdup/HG002-pw12ff0qe3akkp/SMN1/HG002-pw12ff0qe3akkp.SMN1.result.vcf.gz	5456	1786837710	01d84c937404ef6b389acfb2f645f16ccc7cf5ebb4227e83c2020bac1c033762
E2	/fsx/analysis_results/prod-cand-1703/prod-cand-1703-hg002-bjuice-v2-seqkitfix-20260815T080300Z	results/day/hg38/HG002-pw12ff0qe3akkp/align/sentmm2ont/na/snv/sentdhiomr2/segdup/HG002-pw12ff0qe3akkp/SMN1/HG002-pw12ff0qe3akkp.SMN1.result.vcf.gz.tbi	195	1786837710	7c2cd2f6f9e796b7348ef2ecc5f0600ba71ba397110daf8c236ed670545f5a4c
E2	/fsx/analysis_results/prod-cand-1703/prod-cand-1703-hg002-bjuice-v2-seqkitfix-20260815T080300Z	results/day/hg38/HG002-pw12ff0qe3akkp/align/sentmm2ont/na/snv/sentdhiomr2/segdup/HG002-pw12ff0qe3akkp/SMN1/HG002-pw12ff0qe3akkp.SMN1.yaml	1578	1786837710	bb1cea349773755bdcceb4a7fb8ed9c0a7687481fc5e47c09babd6fbe0ac7878
E2	/fsx/analysis_results/prod-cand-1703/prod-cand-1703-hg002-bjuice-v2-seqkitfix-20260815T080300Z	results/day/hg38/HG002-pw12ff0qe3akkp/align/sentmm2ont/na/snv/sentdhiomr2/segdup/HG002-pw12ff0qe3akkp/STRC/HG002-pw12ff0qe3akkp.STRC.done	33	1786837710	de12494929617b5cc57839367dc26941e31fde95640eaf13b497d699d327765e
E2	/fsx/analysis_results/prod-cand-1703/prod-cand-1703-hg002-bjuice-v2-seqkitfix-20260815T080300Z	results/day/hg38/HG002-pw12ff0qe3akkp/align/sentmm2ont/na/snv/sentdhiomr2/segdup/HG002-pw12ff0qe3akkp/STRC/HG002-pw12ff0qe3akkp.STRC.result.vcf.gz	4300	1786837710	ef2f1ff45f7e969028482aacea3d252e0e7059dfa15da7b53ca33edb875105eb
E2	/fsx/analysis_results/prod-cand-1703/prod-cand-1703-hg002-bjuice-v2-seqkitfix-20260815T080300Z	results/day/hg38/HG002-pw12ff0qe3akkp/align/sentmm2ont/na/snv/sentdhiomr2/segdup/HG002-pw12ff0qe3akkp/STRC/HG002-pw12ff0qe3akkp.STRC.result.vcf.gz.tbi	175	1786837710	97405ee21d1a7b7540471c2ad7fdde590307c81b49d6cc7fdee77ca04cb4f06b
E2	/fsx/analysis_results/prod-cand-1703/prod-cand-1703-hg002-bjuice-v2-seqkitfix-20260815T080300Z	results/day/hg38/HG002-pw12ff0qe3akkp/align/sentmm2ont/na/snv/sentdhiomr2/segdup/HG002-pw12ff0qe3akkp/STRC/HG002-pw12ff0qe3akkp.STRC.yaml	2545	1786837710	0b5caef7dacbf7b8be8c7dad6e6e29bc41c33151d29cc8087765890c1544c6d7
E2	/fsx/analysis_results/prod-cand-1703/prod-cand-1703-hg002-bjuice-v2-seqkitfix-20260815T080300Z	results/day/hg38/HG002-pw12ff0qe3akkp/align/sentmm2ont/na/snv/sentdhiomr2/slim-consensus/prepared/smn12/HG002-pw12ff0qe3akkp.smn12.normalized.json	2297	1786836864	463d1e6459c1ab7cd5fe8171ab36879aec83d53a35aabb3f9b66ee05062b816c
E2	/fsx/analysis_results/prod-cand-1703/prod-cand-1703-hg002-bjuice-v2-seqkitfix-20260815T080300Z	results/day/hg38/HG002-pw12ff0qe3akkp/align/sentmm2ont/na/snv/sentdhiomr2/slim-consensus/truvari/HG002-pw12ff0qe3akkp/queries/longreadsv/truvari/summary.json	887	1786837087	ea60122cfffbe1ad1af46303e6ba6335f74588d4a455e89bbc40c688b69de527
E2	/fsx/analysis_results/prod-cand-1703/prod-cand-1703-hg002-bjuice-v2-seqkitfix-20260815T080300Z	results/day/hg38/HG002-pw12ff0qe3akkp/align/sentmm2ont/na/snv/sentdhiomr2/slim-consensus/truvari/HG002-pw12ff0qe3akkp/queries/sniffles2/truvari/summary.json	732	1786782279	ca1fb3caeb937e6588de605db54d71f98c8b9d2685bc39544ad1ad8c2ee26324
E2	/fsx/analysis_results/prod-cand-1703/prod-cand-1703-hg002-bjuice-v2-seqkitfix-20260815T080300Z	results/day/hg38/HG002-pw12ff0qe3akkp/align/sentmm2ont/na/snv/sentdhiomr2/slim-consensus/truvari/HG002-pw12ff0qe3akkp/queries/tagged_trussv/truvari/summary.json	892	1786837890	bfb594dd74839eaeeb361458a3d6d3c3c1ee73ac1435cd707ca33599a5d78533
E2	/fsx/analysis_results/prod-cand-1703/prod-cand-1703-hg002-bjuice-v2-seqkitfix-20260815T080300Z	results/day/hg38/HG002-pw12ff0qe3akkp/align/sentmm2ont/na/snv/sentdhiomr2/slim-consensus/truvari/HG002-pw12ff0qe3akkp/queries/tiddit/truvari/summary.json	688	1786837454	f65069adf5051dfe58a209fe3d33e74e6b87f6b29b8893b9a7483b64256e9ebe
E2	/fsx/analysis_results/prod-cand-1703/prod-cand-1703-hg002-bjuice-v2-seqkitfix-20260815T080300Z	results/day/hg38/HG002-qp0pfqh42zyaqs/align/sentdhiomr2lr/na/alignqc/mosdepth/HG002-qp0pfqh42zyaqs.sentdhiomr2lr.na.mosdepth.summary.txt	13862	1786782259	0fdae5592c47158a9b080a8bb6e5d2404ae3b2a1330533b92fe94f4623d1ff1a
E2	/fsx/analysis_results/prod-cand-1703/prod-cand-1703-hg002-bjuice-v2-seqkitfix-20260815T080300Z	results/day/hg38/HG002-qp0pfqh42zyaqs/align/sentdhiomr2rsr/na/alignqc/mosdepth/HG002-qp0pfqh42zyaqs.sentdhiomr2rsr.na.mosdepth.summary.txt	17131	1786836961	329474a1aa06d268fda920c0707165e42868fe8afc79fc892ec8d889a9f9b398
E2	/fsx/analysis_results/prod-cand-1703/prod-cand-1703-hg002-bjuice-v2-seqkitfix-20260815T080300Z	results/day/hg38/HG002-qp0pfqh42zyaqs/align/sentdhiomr2sr/smd/htd/smn12/HG002-qp0pfqh42zyaqs.sentdhiomr2sr.smd.smn12.summary.json	1067	1786789523	d1432223bc2cf6b00b01ed43f448ac16b7d573c0b5bd0b1f5d915d2c9cd6b7fc
E2	/fsx/analysis_results/prod-cand-1703/prod-cand-1703-hg002-bjuice-v2-seqkitfix-20260815T080300Z	results/day/hg38/HG002-qp0pfqh42zyaqs/align/sentdhiomr2sr/smd/htd/smn12/HG002-qp0pfqh42zyaqs.sentdhiomr2sr.smd.smn12.summary.tsv	268	1786789477	0241b645bd4b38eeb66f3ae2f60189fdca443895749f1d46d3f5847a99a865da
E2	/fsx/analysis_results/prod-cand-1703/prod-cand-1703-hg002-bjuice-v2-seqkitfix-20260815T080300Z	results/day/hg38/HG002-qp0pfqh42zyaqs/align/sentmm2ont/na/snv/sentdhiomr2/concordance/_giabHC/snv_HG002-qp0pfqh42zyaqs_giabHC_concordance.mqc.tsv	3805	1786839127	d5da28e48e978d11198c788b1f952972fb6729d2a066f2c6d247c0710d9bbec9
E2	/fsx/analysis_results/prod-cand-1703/prod-cand-1703-hg002-bjuice-v2-seqkitfix-20260815T080300Z	results/day/hg38/HG002-qp0pfqh42zyaqs/align/sentmm2ont/na/snv/sentdhiomr2/segdup/HG002-qp0pfqh42zyaqs/CFH/HG002-qp0pfqh42zyaqs.CFH.done	32	1786837706	4b57c569722f4f390d00b1f5d2d3dfab090236f1ca3f4f6bb76d514a3106153f
E2	/fsx/analysis_results/prod-cand-1703/prod-cand-1703-hg002-bjuice-v2-seqkitfix-20260815T080300Z	results/day/hg38/HG002-qp0pfqh42zyaqs/align/sentmm2ont/na/snv/sentdhiomr2/segdup/HG002-qp0pfqh42zyaqs/CFH/HG002-qp0pfqh42zyaqs.CFH.result.vcf.gz	24422	1786837706	89734c8ee2055b5b633a5db76bf3c558bf8f35633739cb8b8717e43c821bebce
E2	/fsx/analysis_results/prod-cand-1703/prod-cand-1703-hg002-bjuice-v2-seqkitfix-20260815T080300Z	results/day/hg38/HG002-qp0pfqh42zyaqs/align/sentmm2ont/na/snv/sentdhiomr2/segdup/HG002-qp0pfqh42zyaqs/CFH/HG002-qp0pfqh42zyaqs.CFH.result.vcf.gz.tbi	381	1786837706	f1cae3384c837d23c4debd203c7487425b7f6456a874ca3e172e59f374bff5b2
E2	/fsx/analysis_results/prod-cand-1703/prod-cand-1703-hg002-bjuice-v2-seqkitfix-20260815T080300Z	results/day/hg38/HG002-qp0pfqh42zyaqs/align/sentmm2ont/na/snv/sentdhiomr2/segdup/HG002-qp0pfqh42zyaqs/CFH/HG002-qp0pfqh42zyaqs.CFH.yaml	1832	1786837706	f0c8b8451ea44f609a54d2ff958823819f0e7fdd9d4e8b61f213b9986aaa5464
E2	/fsx/analysis_results/prod-cand-1703/prod-cand-1703-hg002-bjuice-v2-seqkitfix-20260815T080300Z	results/day/hg38/HG002-qp0pfqh42zyaqs/align/sentmm2ont/na/snv/sentdhiomr2/segdup/HG002-qp0pfqh42zyaqs/CYP11B1/HG002-qp0pfqh42zyaqs.CYP11B1.done	36	1786837310	f7af4438026327204db5f578af844b26675f26676bd704658b58a37b8a98a5c8
E2	/fsx/analysis_results/prod-cand-1703/prod-cand-1703-hg002-bjuice-v2-seqkitfix-20260815T080300Z	results/day/hg38/HG002-qp0pfqh42zyaqs/align/sentmm2ont/na/snv/sentdhiomr2/segdup/HG002-qp0pfqh42zyaqs/CYP11B1/HG002-qp0pfqh42zyaqs.CYP11B1.result.vcf.gz	8292	1786837310	868654fbfe51eb35b3edcaa9b2f7478cfa01e03e49fd0f0058a123accdcb33ae
E2	/fsx/analysis_results/prod-cand-1703/prod-cand-1703-hg002-bjuice-v2-seqkitfix-20260815T080300Z	results/day/hg38/HG002-qp0pfqh42zyaqs/align/sentmm2ont/na/snv/sentdhiomr2/segdup/HG002-qp0pfqh42zyaqs/CYP11B1/HG002-qp0pfqh42zyaqs.CYP11B1.result.vcf.gz.tbi	278	1786837310	1c22278aaa3f3d44280be906e7b2a39e2b9f4961c3ce67235393a7a891f1e155
E2	/fsx/analysis_results/prod-cand-1703/prod-cand-1703-hg002-bjuice-v2-seqkitfix-20260815T080300Z	results/day/hg38/HG002-qp0pfqh42zyaqs/align/sentmm2ont/na/snv/sentdhiomr2/segdup/HG002-qp0pfqh42zyaqs/CYP11B1/HG002-qp0pfqh42zyaqs.CYP11B1.yaml	1610	1786837310	6aeea5064c18a064735d6a4d45ca274a0b921c03c8de60836337a40d5ba8a5ac
E2	/fsx/analysis_results/prod-cand-1703/prod-cand-1703-hg002-bjuice-v2-seqkitfix-20260815T080300Z	results/day/hg38/HG002-qp0pfqh42zyaqs/align/sentmm2ont/na/snv/sentdhiomr2/segdup/HG002-qp0pfqh42zyaqs/CYP2A6/HG002-qp0pfqh42zyaqs.CYP2A6.done	35	1786837706	a7ed310d4a4e99a32a77f8236ab1287f7b8f9ba6176e8ebe44697e87b1ccbd60
E2	/fsx/analysis_results/prod-cand-1703/prod-cand-1703-hg002-bjuice-v2-seqkitfix-20260815T080300Z	results/day/hg38/HG002-qp0pfqh42zyaqs/align/sentmm2ont/na/snv/sentdhiomr2/segdup/HG002-qp0pfqh42zyaqs/CYP2A6/HG002-qp0pfqh42zyaqs.CYP2A6.result.vcf.gz	4829	1786837706	6f4ce5f53529e0e07a8fb5457beb4fb200ec3d0d22d6614400c49b00a42609ae
E2	/fsx/analysis_results/prod-cand-1703/prod-cand-1703-hg002-bjuice-v2-seqkitfix-20260815T080300Z	results/day/hg38/HG002-qp0pfqh42zyaqs/align/sentmm2ont/na/snv/sentdhiomr2/segdup/HG002-qp0pfqh42zyaqs/CYP2A6/HG002-qp0pfqh42zyaqs.CYP2A6.result.vcf.gz.tbi	167	1786837706	56e9a1f13de658f547edd776307c4063c9b3f67df3db12e36601c14b52ca099c
E2	/fsx/analysis_results/prod-cand-1703/prod-cand-1703-hg002-bjuice-v2-seqkitfix-20260815T080300Z	results/day/hg38/HG002-qp0pfqh42zyaqs/align/sentmm2ont/na/snv/sentdhiomr2/segdup/HG002-qp0pfqh42zyaqs/CYP2A6/HG002-qp0pfqh42zyaqs.CYP2A6.yaml	2666	1786837706	e163984348d90894890751ad81a0e2ae0f1fe98f3546d131474db0e942923923
E2	/fsx/analysis_results/prod-cand-1703/prod-cand-1703-hg002-bjuice-v2-seqkitfix-20260815T080300Z	results/day/hg38/HG002-qp0pfqh42zyaqs/align/sentmm2ont/na/snv/sentdhiomr2/segdup/HG002-qp0pfqh42zyaqs/CYP2B6/HG002-qp0pfqh42zyaqs.CYP2B6.done	35	1786837313	58e20a66984cc5991d6ed656069d27564352d5d6008209ea130ca7f4c32f6e0e
E2	/fsx/analysis_results/prod-cand-1703/prod-cand-1703-hg002-bjuice-v2-seqkitfix-20260815T080300Z	results/day/hg38/HG002-qp0pfqh42zyaqs/align/sentmm2ont/na/snv/sentdhiomr2/segdup/HG002-qp0pfqh42zyaqs/CYP2B6/HG002-qp0pfqh42zyaqs.CYP2B6.result.vcf.gz	6061	1786837313	972bd3486dec0de6f253442fa3987c97b471756abd88e5c4b022924dae3d5b5a
E2	/fsx/analysis_results/prod-cand-1703/prod-cand-1703-hg002-bjuice-v2-seqkitfix-20260815T080300Z	results/day/hg38/HG002-qp0pfqh42zyaqs/align/sentmm2ont/na/snv/sentdhiomr2/segdup/HG002-qp0pfqh42zyaqs/CYP2B6/HG002-qp0pfqh42zyaqs.CYP2B6.result.vcf.gz.tbi	174	1786837313	c11cc9586790af4ede0065feb8384774877a7d8185cfbc9bb963ed1cfb50ca3e
E2	/fsx/analysis_results/prod-cand-1703/prod-cand-1703-hg002-bjuice-v2-seqkitfix-20260815T080300Z	results/day/hg38/HG002-qp0pfqh42zyaqs/align/sentmm2ont/na/snv/sentdhiomr2/segdup/HG002-qp0pfqh42zyaqs/CYP2B6/HG002-qp0pfqh42zyaqs.CYP2B6.yaml	1960	1786837313	3a9190005ca8e6efd9f54593c839516e3b73cc309e355f21a62f8709149926f4
E2	/fsx/analysis_results/prod-cand-1703/prod-cand-1703-hg002-bjuice-v2-seqkitfix-20260815T080300Z	results/day/hg38/HG002-qp0pfqh42zyaqs/align/sentmm2ont/na/snv/sentdhiomr2/segdup/HG002-qp0pfqh42zyaqs/CYP2D6/HG002-qp0pfqh42zyaqs.CYP2D6.done	35	1786837314	d51c395add49b6233820d2e9b502cfcd5d3702938b2d4031aab3ffcc40efefe4
E2	/fsx/analysis_results/prod-cand-1703/prod-cand-1703-hg002-bjuice-v2-seqkitfix-20260815T080300Z	results/day/hg38/HG002-qp0pfqh42zyaqs/align/sentmm2ont/na/snv/sentdhiomr2/segdup/HG002-qp0pfqh42zyaqs/CYP2D6/HG002-qp0pfqh42zyaqs.CYP2D6.result.vcf.gz	8402	1786837314	61a348aafb3ab1db15d0021767dca859979d4893b113bb9084ec447dcc4c88b7
E2	/fsx/analysis_results/prod-cand-1703/prod-cand-1703-hg002-bjuice-v2-seqkitfix-20260815T080300Z	results/day/hg38/HG002-qp0pfqh42zyaqs/align/sentmm2ont/na/snv/sentdhiomr2/segdup/HG002-qp0pfqh42zyaqs/CYP2D6/HG002-qp0pfqh42zyaqs.CYP2D6.result.vcf.gz.tbi	166	1786837314	9554e07348aece7673ca346a078d14900e077cbfa323305d54dec60f25deea03
E2	/fsx/analysis_results/prod-cand-1703/prod-cand-1703-hg002-bjuice-v2-seqkitfix-20260815T080300Z	results/day/hg38/HG002-qp0pfqh42zyaqs/align/sentmm2ont/na/snv/sentdhiomr2/segdup/HG002-qp0pfqh42zyaqs/CYP2D6/HG002-qp0pfqh42zyaqs.CYP2D6.yaml	1922	1786837314	2927ff36e8e90c61dd8536fd26290b92fa76278a4b377f12b080afca0501949f
E2	/fsx/analysis_results/prod-cand-1703/prod-cand-1703-hg002-bjuice-v2-seqkitfix-20260815T080300Z	results/day/hg38/HG002-qp0pfqh42zyaqs/align/sentmm2ont/na/snv/sentdhiomr2/segdup/HG002-qp0pfqh42zyaqs/GBA/HG002-qp0pfqh42zyaqs.GBA.done	32	1786837708	499c5876e9829a58834f6df72d3f63df3805a009b7ec8552a620c15326f3dfcb
E2	/fsx/analysis_results/prod-cand-1703/prod-cand-1703-hg002-bjuice-v2-seqkitfix-20260815T080300Z	results/day/hg38/HG002-qp0pfqh42zyaqs/align/sentmm2ont/na/snv/sentdhiomr2/segdup/HG002-qp0pfqh42zyaqs/GBA/HG002-qp0pfqh42zyaqs.GBA.result.vcf.gz	5024	1786837708	3f67082de297e6f563f04567db56c61cb3bdc7aa02856fc2ae9896afba4abe7a
E2	/fsx/analysis_results/prod-cand-1703/prod-cand-1703-hg002-bjuice-v2-seqkitfix-20260815T080300Z	results/day/hg38/HG002-qp0pfqh42zyaqs/align/sentmm2ont/na/snv/sentdhiomr2/segdup/HG002-qp0pfqh42zyaqs/GBA/HG002-qp0pfqh42zyaqs.GBA.result.vcf.gz.tbi	286	1786837708	4bd50382f95d839a6a5de27e69a36c48859d02659337b2702f01857ee85a6118
E2	/fsx/analysis_results/prod-cand-1703/prod-cand-1703-hg002-bjuice-v2-seqkitfix-20260815T080300Z	results/day/hg38/HG002-qp0pfqh42zyaqs/align/sentmm2ont/na/snv/sentdhiomr2/segdup/HG002-qp0pfqh42zyaqs/GBA/HG002-qp0pfqh42zyaqs.GBA.yaml	1865	1786837708	b70ce083b973c39a9f1fac78249e65e462aa43871059eb25c905747e6e934107
E2	/fsx/analysis_results/prod-cand-1703/prod-cand-1703-hg002-bjuice-v2-seqkitfix-20260815T080300Z	results/day/hg38/HG002-qp0pfqh42zyaqs/align/sentmm2ont/na/snv/sentdhiomr2/segdup/HG002-qp0pfqh42zyaqs/HBA/HG002-qp0pfqh42zyaqs.HBA.done	32	1786837708	f9a18f4250abed23e04ba76a88571bf89bd9f23d7c3798cfbb4dff0f5b9cbd38
E2	/fsx/analysis_results/prod-cand-1703/prod-cand-1703-hg002-bjuice-v2-seqkitfix-20260815T080300Z	results/day/hg38/HG002-qp0pfqh42zyaqs/align/sentmm2ont/na/snv/sentdhiomr2/segdup/HG002-qp0pfqh42zyaqs/HBA/HG002-qp0pfqh42zyaqs.HBA.result.vcf.gz	4178	1786837708	9a7dee04213f41b56b90619fc4d6b3f6bc20ba927d43aa47c52e70d3671d5762
E2	/fsx/analysis_results/prod-cand-1703/prod-cand-1703-hg002-bjuice-v2-seqkitfix-20260815T080300Z	results/day/hg38/HG002-qp0pfqh42zyaqs/align/sentmm2ont/na/snv/sentdhiomr2/segdup/HG002-qp0pfqh42zyaqs/HBA/HG002-qp0pfqh42zyaqs.HBA.result.vcf.gz.tbi	98	1786837708	cf5f0755a1b5b8d0bbfb649bdd5c59f91ff7e94014aa9197c688a95de5075597
E2	/fsx/analysis_results/prod-cand-1703/prod-cand-1703-hg002-bjuice-v2-seqkitfix-20260815T080300Z	results/day/hg38/HG002-qp0pfqh42zyaqs/align/sentmm2ont/na/snv/sentdhiomr2/segdup/HG002-qp0pfqh42zyaqs/HBA/HG002-qp0pfqh42zyaqs.HBA.yaml	1856	1786837708	df579188570bd42a1939c13ece93fa8a01d72201fb71d789e58a3f6fc39bc319
E2	/fsx/analysis_results/prod-cand-1703/prod-cand-1703-hg002-bjuice-v2-seqkitfix-20260815T080300Z	results/day/hg38/HG002-qp0pfqh42zyaqs/align/sentmm2ont/na/snv/sentdhiomr2/segdup/HG002-qp0pfqh42zyaqs/IKBKG/HG002-qp0pfqh42zyaqs.IKBKG.done	34	1786837315	4b0b47d77d3c497e6222e449353a893841f9b0cb5dcba24db9ae1be66788a834
E2	/fsx/analysis_results/prod-cand-1703/prod-cand-1703-hg002-bjuice-v2-seqkitfix-20260815T080300Z	results/day/hg38/HG002-qp0pfqh42zyaqs/align/sentmm2ont/na/snv/sentdhiomr2/segdup/HG002-qp0pfqh42zyaqs/IKBKG/HG002-qp0pfqh42zyaqs.IKBKG.yaml	2090	1786837315	f3f8d0cb832318e8c551393b6335c4bdfc66ffc7a60ef7e54553d56c99faa30b
E2	/fsx/analysis_results/prod-cand-1703/prod-cand-1703-hg002-bjuice-v2-seqkitfix-20260815T080300Z	results/day/hg38/HG002-qp0pfqh42zyaqs/align/sentmm2ont/na/snv/sentdhiomr2/segdup/HG002-qp0pfqh42zyaqs/LPA/HG002-qp0pfqh42zyaqs.LPA.done	32	1786837313	4137cd03d2a1259175faabedcb649bf48b795a3dbc8fb9d0aaf83cdb03cd6283
E2	/fsx/analysis_results/prod-cand-1703/prod-cand-1703-hg002-bjuice-v2-seqkitfix-20260815T080300Z	results/day/hg38/HG002-qp0pfqh42zyaqs/align/sentmm2ont/na/snv/sentdhiomr2/segdup/HG002-qp0pfqh42zyaqs/LPA/HG002-qp0pfqh42zyaqs.LPA.yaml	6009	1786837313	c3382afac3aa4958ea5568dffd2027b98e5d2508abc2b37ac2ac48f6ec7e1d1a
E2	/fsx/analysis_results/prod-cand-1703/prod-cand-1703-hg002-bjuice-v2-seqkitfix-20260815T080300Z	results/day/hg38/HG002-qp0pfqh42zyaqs/align/sentmm2ont/na/snv/sentdhiomr2/segdup/HG002-qp0pfqh42zyaqs/NCF1/HG002-qp0pfqh42zyaqs.NCF1.done	33	1786837709	eb362f1ff3853eb0775350fa48a7035faa1989910ca2cdcaa79ec0a2d2cc3313
E2	/fsx/analysis_results/prod-cand-1703/prod-cand-1703-hg002-bjuice-v2-seqkitfix-20260815T080300Z	results/day/hg38/HG002-qp0pfqh42zyaqs/align/sentmm2ont/na/snv/sentdhiomr2/segdup/HG002-qp0pfqh42zyaqs/NCF1/HG002-qp0pfqh42zyaqs.NCF1.result.vcf.gz	7236	1786837709	89f72fb37af97ece4e65f1b54429a7bdd196638de8fcea97cd5411e34807664d
E2	/fsx/analysis_results/prod-cand-1703/prod-cand-1703-hg002-bjuice-v2-seqkitfix-20260815T080300Z	results/day/hg38/HG002-qp0pfqh42zyaqs/align/sentmm2ont/na/snv/sentdhiomr2/segdup/HG002-qp0pfqh42zyaqs/NCF1/HG002-qp0pfqh42zyaqs.NCF1.result.vcf.gz.tbi	194	1786837709	b8c694fedee52d0a615fafdc68e8ae89fa60df5dd12e88343effa91e0235ff56
E2	/fsx/analysis_results/prod-cand-1703/prod-cand-1703-hg002-bjuice-v2-seqkitfix-20260815T080300Z	results/day/hg38/HG002-qp0pfqh42zyaqs/align/sentmm2ont/na/snv/sentdhiomr2/segdup/HG002-qp0pfqh42zyaqs/NCF1/HG002-qp0pfqh42zyaqs.NCF1.yaml	1582	1786837709	840bff745f33d046ed67f097c951624df666c0a4e1e62a06754ab31bf4568d83
E2	/fsx/analysis_results/prod-cand-1703/prod-cand-1703-hg002-bjuice-v2-seqkitfix-20260815T080300Z	results/day/hg38/HG002-qp0pfqh42zyaqs/align/sentmm2ont/na/snv/sentdhiomr2/segdup/HG002-qp0pfqh42zyaqs/OTOA/HG002-qp0pfqh42zyaqs.OTOA.done	33	1786837313	68c1d38708f1ca06116a1136a9b11b083a99a423f816fe01ba6684bb3b50dde9
E2	/fsx/analysis_results/prod-cand-1703/prod-cand-1703-hg002-bjuice-v2-seqkitfix-20260815T080300Z	results/day/hg38/HG002-qp0pfqh42zyaqs/align/sentmm2ont/na/snv/sentdhiomr2/segdup/HG002-qp0pfqh42zyaqs/OTOA/HG002-qp0pfqh42zyaqs.OTOA.result.vcf.gz	6004	1786837313	32bff5480fae1e476edbcc6c9238d13d151ef8bffa8c4f4ad53341c53b4bf24c
E2	/fsx/analysis_results/prod-cand-1703/prod-cand-1703-hg002-bjuice-v2-seqkitfix-20260815T080300Z	results/day/hg38/HG002-qp0pfqh42zyaqs/align/sentmm2ont/na/snv/sentdhiomr2/segdup/HG002-qp0pfqh42zyaqs/OTOA/HG002-qp0pfqh42zyaqs.OTOA.result.vcf.gz.tbi	170	1786837313	c73897c209097197936c355c53c361927261090287dcf4542f2d833e0c1642fe
E2	/fsx/analysis_results/prod-cand-1703/prod-cand-1703-hg002-bjuice-v2-seqkitfix-20260815T080300Z	results/day/hg38/HG002-qp0pfqh42zyaqs/align/sentmm2ont/na/snv/sentdhiomr2/segdup/HG002-qp0pfqh42zyaqs/OTOA/HG002-qp0pfqh42zyaqs.OTOA.yaml	2718	1786837313	cb0bdc9eb949fccc4e208939c00e43e1dd527835d18e01276bbff64b1317c75a
E2	/fsx/analysis_results/prod-cand-1703/prod-cand-1703-hg002-bjuice-v2-seqkitfix-20260815T080300Z	results/day/hg38/HG002-qp0pfqh42zyaqs/align/sentmm2ont/na/snv/sentdhiomr2/segdup/HG002-qp0pfqh42zyaqs/PMS2/HG002-qp0pfqh42zyaqs.PMS2.done	33	1786837712	2c0a7829ef37e6333ff9e20f3fbc245fa799e6f45625d3e33721bf4ac3c76e12
E2	/fsx/analysis_results/prod-cand-1703/prod-cand-1703-hg002-bjuice-v2-seqkitfix-20260815T080300Z	results/day/hg38/HG002-qp0pfqh42zyaqs/align/sentmm2ont/na/snv/sentdhiomr2/segdup/HG002-qp0pfqh42zyaqs/PMS2/HG002-qp0pfqh42zyaqs.PMS2.result.vcf.gz	8388	1786837712	11226f470a5cc0ebf1275b68822912eb813f3184bf73bf7eaa5ed728b52aa162
E2	/fsx/analysis_results/prod-cand-1703/prod-cand-1703-hg002-bjuice-v2-seqkitfix-20260815T080300Z	results/day/hg38/HG002-qp0pfqh42zyaqs/align/sentmm2ont/na/snv/sentdhiomr2/segdup/HG002-qp0pfqh42zyaqs/PMS2/HG002-qp0pfqh42zyaqs.PMS2.result.vcf.gz.tbi	134	1786837712	56dc87e5f6b298aa5ef3dd202138cc203c181868602d76cdb8affc4c61d98d52
E2	/fsx/analysis_results/prod-cand-1703/prod-cand-1703-hg002-bjuice-v2-seqkitfix-20260815T080300Z	results/day/hg38/HG002-qp0pfqh42zyaqs/align/sentmm2ont/na/snv/sentdhiomr2/segdup/HG002-qp0pfqh42zyaqs/PMS2/HG002-qp0pfqh42zyaqs.PMS2.yaml	3300	1786837712	3559b9808f4071e3263ce3d024f6d02ad9538e9ed00ec6a6cf8e55e94708470d
E2	/fsx/analysis_results/prod-cand-1703/prod-cand-1703-hg002-bjuice-v2-seqkitfix-20260815T080300Z	results/day/hg38/HG002-qp0pfqh42zyaqs/align/sentmm2ont/na/snv/sentdhiomr2/segdup/HG002-qp0pfqh42zyaqs/RCCX/HG002-qp0pfqh42zyaqs.RCCX.done	33	1786837706	def97efc51b14388fbe01e607b6969eec2976ff117c5ecacb4d0a465fa973e82
E2	/fsx/analysis_results/prod-cand-1703/prod-cand-1703-hg002-bjuice-v2-seqkitfix-20260815T080300Z	results/day/hg38/HG002-qp0pfqh42zyaqs/align/sentmm2ont/na/snv/sentdhiomr2/segdup/HG002-qp0pfqh42zyaqs/RCCX/HG002-qp0pfqh42zyaqs.RCCX.result.vcf.gz	10236	1786837706	39449b2907859af77e5cebdaa6ecca67427b6872e75146d2cd11fb1a8f5ed4f6
E2	/fsx/analysis_results/prod-cand-1703/prod-cand-1703-hg002-bjuice-v2-seqkitfix-20260815T080300Z	results/day/hg38/HG002-qp0pfqh42zyaqs/align/sentmm2ont/na/snv/sentdhiomr2/segdup/HG002-qp0pfqh42zyaqs/RCCX/HG002-qp0pfqh42zyaqs.RCCX.result.vcf.gz.tbi	176	1786837706	1b3382f2ce5034f6ebc46a2c0d9f52f3c4df5f58c021bdf10353d61db1a5569b
E2	/fsx/analysis_results/prod-cand-1703/prod-cand-1703-hg002-bjuice-v2-seqkitfix-20260815T080300Z	results/day/hg38/HG002-qp0pfqh42zyaqs/align/sentmm2ont/na/snv/sentdhiomr2/segdup/HG002-qp0pfqh42zyaqs/RCCX/HG002-qp0pfqh42zyaqs.RCCX.yaml	2964	1786837706	ff04f58745e5d462489f7ae4ffd573ffa957e1a4bf453ad2b3bf09721c80d92a
E2	/fsx/analysis_results/prod-cand-1703/prod-cand-1703-hg002-bjuice-v2-seqkitfix-20260815T080300Z	results/day/hg38/HG002-qp0pfqh42zyaqs/align/sentmm2ont/na/snv/sentdhiomr2/segdup/HG002-qp0pfqh42zyaqs/RH/HG002-qp0pfqh42zyaqs.RH.done	31	1786837709	8b0e22de9f2c56973affe66793ef5c1490b73110b109cf73352d1b26422c6fca
E2	/fsx/analysis_results/prod-cand-1703/prod-cand-1703-hg002-bjuice-v2-seqkitfix-20260815T080300Z	results/day/hg38/HG002-qp0pfqh42zyaqs/align/sentmm2ont/na/snv/sentdhiomr2/segdup/HG002-qp0pfqh42zyaqs/RH/HG002-qp0pfqh42zyaqs.RH.result.vcf.gz	8059	1786837709	ad1c24965a23927ab682f09314f521b01f72e80ffc05ba0735216c18c2c153d0
E2	/fsx/analysis_results/prod-cand-1703/prod-cand-1703-hg002-bjuice-v2-seqkitfix-20260815T080300Z	results/day/hg38/HG002-qp0pfqh42zyaqs/align/sentmm2ont/na/snv/sentdhiomr2/segdup/HG002-qp0pfqh42zyaqs/RH/HG002-qp0pfqh42zyaqs.RH.result.vcf.gz.tbi	169	1786837709	83ebc20f25d149b4e5bf16600dcf14474c3ec61d0be914e3ca935fe61c34d279
E2	/fsx/analysis_results/prod-cand-1703/prod-cand-1703-hg002-bjuice-v2-seqkitfix-20260815T080300Z	results/day/hg38/HG002-qp0pfqh42zyaqs/align/sentmm2ont/na/snv/sentdhiomr2/segdup/HG002-qp0pfqh42zyaqs/RH/HG002-qp0pfqh42zyaqs.RH.yaml	2624	1786837709	9073c73e98327d6ba5bf69d88d176a69ec8360fabc44fbb50338285bf3ac43cd
E2	/fsx/analysis_results/prod-cand-1703/prod-cand-1703-hg002-bjuice-v2-seqkitfix-20260815T080300Z	results/day/hg38/HG002-qp0pfqh42zyaqs/align/sentmm2ont/na/snv/sentdhiomr2/segdup/HG002-qp0pfqh42zyaqs/SBDS/HG002-qp0pfqh42zyaqs.SBDS.done	33	1786837705	7575b2b1b7f0df89b5aabbb5a8a99c7fd82d2ed8baf22f73c5bb30f625a3dbe1
E2	/fsx/analysis_results/prod-cand-1703/prod-cand-1703-hg002-bjuice-v2-seqkitfix-20260815T080300Z	results/day/hg38/HG002-qp0pfqh42zyaqs/align/sentmm2ont/na/snv/sentdhiomr2/segdup/HG002-qp0pfqh42zyaqs/SBDS/HG002-qp0pfqh42zyaqs.SBDS.result.vcf.gz	3979	1786837705	a5ad5b5f77fb226df254c3f3202fe4b56e6f2e578c9f17dce8434873b0b6c4f8
E2	/fsx/analysis_results/prod-cand-1703/prod-cand-1703-hg002-bjuice-v2-seqkitfix-20260815T080300Z	results/day/hg38/HG002-qp0pfqh42zyaqs/align/sentmm2ont/na/snv/sentdhiomr2/segdup/HG002-qp0pfqh42zyaqs/SBDS/HG002-qp0pfqh42zyaqs.SBDS.result.vcf.gz.tbi	176	1786837705	ed4d620391e653d51fd039b01ff11c9bf389eebe29dc400d6b7bf72c3fc01390
E2	/fsx/analysis_results/prod-cand-1703/prod-cand-1703-hg002-bjuice-v2-seqkitfix-20260815T080300Z	results/day/hg38/HG002-qp0pfqh42zyaqs/align/sentmm2ont/na/snv/sentdhiomr2/segdup/HG002-qp0pfqh42zyaqs/SBDS/HG002-qp0pfqh42zyaqs.SBDS.yaml	2172	1786837705	df1722bedd5eb5d411292bab7df904cd0c94bdf296cac9745e8cf9b4250f1c50
E2	/fsx/analysis_results/prod-cand-1703/prod-cand-1703-hg002-bjuice-v2-seqkitfix-20260815T080300Z	results/day/hg38/HG002-qp0pfqh42zyaqs/align/sentmm2ont/na/snv/sentdhiomr2/segdup/HG002-qp0pfqh42zyaqs/SMN1/HG002-qp0pfqh42zyaqs.SMN1.done	33	1786837710	cb012bdeb144dffb504c8492291c0c703fe4ced4064026e04fe63e1104097d06
E2	/fsx/analysis_results/prod-cand-1703/prod-cand-1703-hg002-bjuice-v2-seqkitfix-20260815T080300Z	results/day/hg38/HG002-qp0pfqh42zyaqs/align/sentmm2ont/na/snv/sentdhiomr2/segdup/HG002-qp0pfqh42zyaqs/SMN1/HG002-qp0pfqh42zyaqs.SMN1.result.vcf.gz	6431	1786837710	2a4537ddf9e946879bfcc4bff485f6ace995122c1fc5487fb491cb7192740efc
E2	/fsx/analysis_results/prod-cand-1703/prod-cand-1703-hg002-bjuice-v2-seqkitfix-20260815T080300Z	results/day/hg38/HG002-qp0pfqh42zyaqs/align/sentmm2ont/na/snv/sentdhiomr2/segdup/HG002-qp0pfqh42zyaqs/SMN1/HG002-qp0pfqh42zyaqs.SMN1.result.vcf.gz.tbi	193	1786837710	073ee5e7b3aa0857cbea65b32dcf21a92532bda5109eaf5d283ee8d1bd92659f
E2	/fsx/analysis_results/prod-cand-1703/prod-cand-1703-hg002-bjuice-v2-seqkitfix-20260815T080300Z	results/day/hg38/HG002-qp0pfqh42zyaqs/align/sentmm2ont/na/snv/sentdhiomr2/segdup/HG002-qp0pfqh42zyaqs/SMN1/HG002-qp0pfqh42zyaqs.SMN1.yaml	1581	1786837710	671e7c16fe904eec415a3197a4daa493ef35d4fbdeea485cc86985133d22f8f2
E2	/fsx/analysis_results/prod-cand-1703/prod-cand-1703-hg002-bjuice-v2-seqkitfix-20260815T080300Z	results/day/hg38/HG002-qp0pfqh42zyaqs/align/sentmm2ont/na/snv/sentdhiomr2/segdup/HG002-qp0pfqh42zyaqs/STRC/HG002-qp0pfqh42zyaqs.STRC.done	33	1786837710	de12494929617b5cc57839367dc26941e31fde95640eaf13b497d699d327765e
E2	/fsx/analysis_results/prod-cand-1703/prod-cand-1703-hg002-bjuice-v2-seqkitfix-20260815T080300Z	results/day/hg38/HG002-qp0pfqh42zyaqs/align/sentmm2ont/na/snv/sentdhiomr2/segdup/HG002-qp0pfqh42zyaqs/STRC/HG002-qp0pfqh42zyaqs.STRC.result.vcf.gz	6838	1786837710	3ab143c580ac86138ab9dd2abe8f6e9a4ff70fc498aed5b50ed8b3098ebde403
E2	/fsx/analysis_results/prod-cand-1703/prod-cand-1703-hg002-bjuice-v2-seqkitfix-20260815T080300Z	results/day/hg38/HG002-qp0pfqh42zyaqs/align/sentmm2ont/na/snv/sentdhiomr2/segdup/HG002-qp0pfqh42zyaqs/STRC/HG002-qp0pfqh42zyaqs.STRC.result.vcf.gz.tbi	178	1786837710	a5a25edbb6716dbdf407aa4295e06902ec725a764d4e10363837751e93b42ed6
E2	/fsx/analysis_results/prod-cand-1703/prod-cand-1703-hg002-bjuice-v2-seqkitfix-20260815T080300Z	results/day/hg38/HG002-qp0pfqh42zyaqs/align/sentmm2ont/na/snv/sentdhiomr2/segdup/HG002-qp0pfqh42zyaqs/STRC/HG002-qp0pfqh42zyaqs.STRC.yaml	2166	1786837710	de8101d06457d4c476c5dc64601ec7979dfa0f9075ffe0cadc843a4f23729d21
E2	/fsx/analysis_results/prod-cand-1703/prod-cand-1703-hg002-bjuice-v2-seqkitfix-20260815T080300Z	results/day/hg38/HG002-qp0pfqh42zyaqs/align/sentmm2ont/na/snv/sentdhiomr2/slim-consensus/prepared/smn12/HG002-qp0pfqh42zyaqs.smn12.normalized.json	2305	1786836864	aa0f7607618b9ad8c1c88e0e2587963aa873e1eb3c49144f1a5e8f4acaff1ba5
E2	/fsx/analysis_results/prod-cand-1703/prod-cand-1703-hg002-bjuice-v2-seqkitfix-20260815T080300Z	results/day/hg38/HG002-qp0pfqh42zyaqs/align/sentmm2ont/na/snv/sentdhiomr2/slim-consensus/truvari/HG002-qp0pfqh42zyaqs/queries/longreadsv/truvari/summary.json	920	1786836996	e8ce933c1838cc6c3565dbd5e4751e3a001c6c46f42c10b565f239a217a26b52
E2	/fsx/analysis_results/prod-cand-1703/prod-cand-1703-hg002-bjuice-v2-seqkitfix-20260815T080300Z	results/day/hg38/HG002-qp0pfqh42zyaqs/align/sentmm2ont/na/snv/sentdhiomr2/slim-consensus/truvari/HG002-qp0pfqh42zyaqs/queries/sniffles2/truvari/summary.json	735	1786782426	61559ea76fd7f0b5727eeceaee3e6a4b90aafedfcb323fed654501df62059dbb
E2	/fsx/analysis_results/prod-cand-1703/prod-cand-1703-hg002-bjuice-v2-seqkitfix-20260815T080300Z	results/day/hg38/HG002-qp0pfqh42zyaqs/align/sentmm2ont/na/snv/sentdhiomr2/slim-consensus/truvari/HG002-qp0pfqh42zyaqs/queries/tagged_trussv/truvari/summary.json	897	1786838797	56226215c78ca7bfdacaec00246d26ae6942227c3462f5c47570af5efa45bc3c
E2	/fsx/analysis_results/prod-cand-1703/prod-cand-1703-hg002-bjuice-v2-seqkitfix-20260815T080300Z	results/day/hg38/HG002-qp0pfqh42zyaqs/align/sentmm2ont/na/snv/sentdhiomr2/slim-consensus/truvari/HG002-qp0pfqh42zyaqs/queries/tiddit/truvari/summary.json	690	1786837373	c848480fc44062770916afe9ae16c1d1ff5e30a6a4abcb7653217f714b9a5c31
E2	/fsx/analysis_results/prod-cand-1703/prod-cand-1703-hg002-bjuice-v2-seqkitfix-20260815T080300Z	results/day/hg38/HG002-tb1jdkbzdpwenh/align/sentdhiomr2lr/na/alignqc/mosdepth/HG002-tb1jdkbzdpwenh.sentdhiomr2lr.na.mosdepth.summary.txt	13862	1786782308	0fdae5592c47158a9b080a8bb6e5d2404ae3b2a1330533b92fe94f4623d1ff1a
E2	/fsx/analysis_results/prod-cand-1703/prod-cand-1703-hg002-bjuice-v2-seqkitfix-20260815T080300Z	results/day/hg38/HG002-tb1jdkbzdpwenh/align/sentdhiomr2rsr/na/alignqc/mosdepth/HG002-tb1jdkbzdpwenh.sentdhiomr2rsr.na.mosdepth.summary.txt	17491	1786837078	07407c69579ddd72a214a1a1b0f5d96203aba06a1f0fb4f8dc4a7cc8046558d3
E2	/fsx/analysis_results/prod-cand-1703/prod-cand-1703-hg002-bjuice-v2-seqkitfix-20260815T080300Z	results/day/hg38/HG002-tb1jdkbzdpwenh/align/sentdhiomr2sr/smd/htd/smn12/HG002-tb1jdkbzdpwenh.sentdhiomr2sr.smd.smn12.summary.json	1099	1786789475	849cae8c4791612ed617e68bf543678f6838be7f9c5e9dd9b96450b91dcc0b61
E2	/fsx/analysis_results/prod-cand-1703/prod-cand-1703-hg002-bjuice-v2-seqkitfix-20260815T080300Z	results/day/hg38/HG002-tb1jdkbzdpwenh/align/sentdhiomr2sr/smd/htd/smn12/HG002-tb1jdkbzdpwenh.sentdhiomr2sr.smd.smn12.summary.tsv	264	1786789429	0ffffd714b3b62c34c720d8b77680884650cc4e89fa570cb622bc68758dd81c4
E2	/fsx/analysis_results/prod-cand-1703/prod-cand-1703-hg002-bjuice-v2-seqkitfix-20260815T080300Z	results/day/hg38/HG002-tb1jdkbzdpwenh/align/sentmm2ont/na/snv/sentdhiomr2/concordance/_giabHC/snv_HG002-tb1jdkbzdpwenh_giabHC_concordance.mqc.tsv	3718	1786839124	88c917be45c020656f4c0a8e920f23fc3b8226f0f6c9a9a286debef26b267621
E2	/fsx/analysis_results/prod-cand-1703/prod-cand-1703-hg002-bjuice-v2-seqkitfix-20260815T080300Z	results/day/hg38/HG002-tb1jdkbzdpwenh/align/sentmm2ont/na/snv/sentdhiomr2/segdup/HG002-tb1jdkbzdpwenh/CFH/HG002-tb1jdkbzdpwenh.CFH.done	32	1786837712	4b57c569722f4f390d00b1f5d2d3dfab090236f1ca3f4f6bb76d514a3106153f
E2	/fsx/analysis_results/prod-cand-1703/prod-cand-1703-hg002-bjuice-v2-seqkitfix-20260815T080300Z	results/day/hg38/HG002-tb1jdkbzdpwenh/align/sentmm2ont/na/snv/sentdhiomr2/segdup/HG002-tb1jdkbzdpwenh/CFH/HG002-tb1jdkbzdpwenh.CFH.result.vcf.gz	29621	1786837712	20a527aed02c9d9a0235414e2b432b6638baffc209a73f4042988ff67d033080
E2	/fsx/analysis_results/prod-cand-1703/prod-cand-1703-hg002-bjuice-v2-seqkitfix-20260815T080300Z	results/day/hg38/HG002-tb1jdkbzdpwenh/align/sentmm2ont/na/snv/sentdhiomr2/segdup/HG002-tb1jdkbzdpwenh/CFH/HG002-tb1jdkbzdpwenh.CFH.result.vcf.gz.tbi	389	1786837712	59e5391fc65146788f9d06afc7efe70ea1ac5a8505e736804ab2e440bd95eaf5
E2	/fsx/analysis_results/prod-cand-1703/prod-cand-1703-hg002-bjuice-v2-seqkitfix-20260815T080300Z	results/day/hg38/HG002-tb1jdkbzdpwenh/align/sentmm2ont/na/snv/sentdhiomr2/segdup/HG002-tb1jdkbzdpwenh/CFH/HG002-tb1jdkbzdpwenh.CFH.yaml	1833	1786837712	12c5dae008aa8f5d7b60e70230c493721d61e0a69595a4f25b0d2679fc9e0b3b
E2	/fsx/analysis_results/prod-cand-1703/prod-cand-1703-hg002-bjuice-v2-seqkitfix-20260815T080300Z	results/day/hg38/HG002-tb1jdkbzdpwenh/align/sentmm2ont/na/snv/sentdhiomr2/segdup/HG002-tb1jdkbzdpwenh/CYP11B1/HG002-tb1jdkbzdpwenh.CYP11B1.done	36	1786837711	f7af4438026327204db5f578af844b26675f26676bd704658b58a37b8a98a5c8
E2	/fsx/analysis_results/prod-cand-1703/prod-cand-1703-hg002-bjuice-v2-seqkitfix-20260815T080300Z	results/day/hg38/HG002-tb1jdkbzdpwenh/align/sentmm2ont/na/snv/sentdhiomr2/segdup/HG002-tb1jdkbzdpwenh/CYP11B1/HG002-tb1jdkbzdpwenh.CYP11B1.result.vcf.gz	8901	1786837711	465e8406970469b1f0a4965bc5645867dc7a10330be11b735aec76bae6e0c457
E2	/fsx/analysis_results/prod-cand-1703/prod-cand-1703-hg002-bjuice-v2-seqkitfix-20260815T080300Z	results/day/hg38/HG002-tb1jdkbzdpwenh/align/sentmm2ont/na/snv/sentdhiomr2/segdup/HG002-tb1jdkbzdpwenh/CYP11B1/HG002-tb1jdkbzdpwenh.CYP11B1.result.vcf.gz.tbi	278	1786837711	a14ad6718026c8c9241bc3649547a51e3c848052b83e92d12429929670206a5f
E2	/fsx/analysis_results/prod-cand-1703/prod-cand-1703-hg002-bjuice-v2-seqkitfix-20260815T080300Z	results/day/hg38/HG002-tb1jdkbzdpwenh/align/sentmm2ont/na/snv/sentdhiomr2/segdup/HG002-tb1jdkbzdpwenh/CYP11B1/HG002-tb1jdkbzdpwenh.CYP11B1.yaml	1608	1786837711	c10e4e79fd2b377bed0813f920324132907d1e86deb95b3cb274ffeaf8e1e817
E2	/fsx/analysis_results/prod-cand-1703/prod-cand-1703-hg002-bjuice-v2-seqkitfix-20260815T080300Z	results/day/hg38/HG002-tb1jdkbzdpwenh/align/sentmm2ont/na/snv/sentdhiomr2/segdup/HG002-tb1jdkbzdpwenh/CYP2A6/HG002-tb1jdkbzdpwenh.CYP2A6.done	35	1786837310	a7ed310d4a4e99a32a77f8236ab1287f7b8f9ba6176e8ebe44697e87b1ccbd60
E2	/fsx/analysis_results/prod-cand-1703/prod-cand-1703-hg002-bjuice-v2-seqkitfix-20260815T080300Z	results/day/hg38/HG002-tb1jdkbzdpwenh/align/sentmm2ont/na/snv/sentdhiomr2/segdup/HG002-tb1jdkbzdpwenh/CYP2A6/HG002-tb1jdkbzdpwenh.CYP2A6.result.vcf.gz	6103	1786837310	ef95734f4197d800fb03349ac1aa7fc5d6c83fa330bad5b2631a67ed33e9934c
E2	/fsx/analysis_results/prod-cand-1703/prod-cand-1703-hg002-bjuice-v2-seqkitfix-20260815T080300Z	results/day/hg38/HG002-tb1jdkbzdpwenh/align/sentmm2ont/na/snv/sentdhiomr2/segdup/HG002-tb1jdkbzdpwenh/CYP2A6/HG002-tb1jdkbzdpwenh.CYP2A6.result.vcf.gz.tbi	169	1786837310	666787f738cc5662fbea5913f729b1e3661bb568df6c46513668f3dc8c14a2f0
E2	/fsx/analysis_results/prod-cand-1703/prod-cand-1703-hg002-bjuice-v2-seqkitfix-20260815T080300Z	results/day/hg38/HG002-tb1jdkbzdpwenh/align/sentmm2ont/na/snv/sentdhiomr2/segdup/HG002-tb1jdkbzdpwenh/CYP2A6/HG002-tb1jdkbzdpwenh.CYP2A6.yaml	2041	1786837310	d47fbbc68b30e3791c4c019687077d06011b7da86f780c24b8bf54b0174ed2a0
E2	/fsx/analysis_results/prod-cand-1703/prod-cand-1703-hg002-bjuice-v2-seqkitfix-20260815T080300Z	results/day/hg38/HG002-tb1jdkbzdpwenh/align/sentmm2ont/na/snv/sentdhiomr2/segdup/HG002-tb1jdkbzdpwenh/CYP2B6/HG002-tb1jdkbzdpwenh.CYP2B6.done	35	1786837710	58e20a66984cc5991d6ed656069d27564352d5d6008209ea130ca7f4c32f6e0e
E2	/fsx/analysis_results/prod-cand-1703/prod-cand-1703-hg002-bjuice-v2-seqkitfix-20260815T080300Z	results/day/hg38/HG002-tb1jdkbzdpwenh/align/sentmm2ont/na/snv/sentdhiomr2/segdup/HG002-tb1jdkbzdpwenh/CYP2B6/HG002-tb1jdkbzdpwenh.CYP2B6.result.vcf.gz	6949	1786837710	b31160fe148783a3022d20169de88f7ed9470d5250fbccce377586698375acf0
E2	/fsx/analysis_results/prod-cand-1703/prod-cand-1703-hg002-bjuice-v2-seqkitfix-20260815T080300Z	results/day/hg38/HG002-tb1jdkbzdpwenh/align/sentmm2ont/na/snv/sentdhiomr2/segdup/HG002-tb1jdkbzdpwenh/CYP2B6/HG002-tb1jdkbzdpwenh.CYP2B6.result.vcf.gz.tbi	176	1786837710	736b81f9eaceefda8feb2be0c930d26460caf185d48a0dd09d82cdc82159ad47
E2	/fsx/analysis_results/prod-cand-1703/prod-cand-1703-hg002-bjuice-v2-seqkitfix-20260815T080300Z	results/day/hg38/HG002-tb1jdkbzdpwenh/align/sentmm2ont/na/snv/sentdhiomr2/segdup/HG002-tb1jdkbzdpwenh/CYP2B6/HG002-tb1jdkbzdpwenh.CYP2B6.yaml	1964	1786837710	ec57b33b5eb003202d1ae1afada876cf2227e366270ccfed67934ac43c7848a9
E2	/fsx/analysis_results/prod-cand-1703/prod-cand-1703-hg002-bjuice-v2-seqkitfix-20260815T080300Z	results/day/hg38/HG002-tb1jdkbzdpwenh/align/sentmm2ont/na/snv/sentdhiomr2/segdup/HG002-tb1jdkbzdpwenh/CYP2D6/HG002-tb1jdkbzdpwenh.CYP2D6.done	35	1786837710	d51c395add49b6233820d2e9b502cfcd5d3702938b2d4031aab3ffcc40efefe4
E2	/fsx/analysis_results/prod-cand-1703/prod-cand-1703-hg002-bjuice-v2-seqkitfix-20260815T080300Z	results/day/hg38/HG002-tb1jdkbzdpwenh/align/sentmm2ont/na/snv/sentdhiomr2/segdup/HG002-tb1jdkbzdpwenh/CYP2D6/HG002-tb1jdkbzdpwenh.CYP2D6.result.vcf.gz	9496	1786837710	17030ba0d212914f3fb99060e980176d2c95cf6a76603f4f9f0852df6ef66c0a
E2	/fsx/analysis_results/prod-cand-1703/prod-cand-1703-hg002-bjuice-v2-seqkitfix-20260815T080300Z	results/day/hg38/HG002-tb1jdkbzdpwenh/align/sentmm2ont/na/snv/sentdhiomr2/segdup/HG002-tb1jdkbzdpwenh/CYP2D6/HG002-tb1jdkbzdpwenh.CYP2D6.result.vcf.gz.tbi	164	1786837710	f0fac499f6eb188f4251274d3608dc12a4b810ae7ad52f7dd83f22a896a34096
E2	/fsx/analysis_results/prod-cand-1703/prod-cand-1703-hg002-bjuice-v2-seqkitfix-20260815T080300Z	results/day/hg38/HG002-tb1jdkbzdpwenh/align/sentmm2ont/na/snv/sentdhiomr2/segdup/HG002-tb1jdkbzdpwenh/CYP2D6/HG002-tb1jdkbzdpwenh.CYP2D6.yaml	1923	1786837710	0eaa2962f7383476b17142f5a6093d1c584a4eb0fc7e294fa893c304b3bab2fd
E2	/fsx/analysis_results/prod-cand-1703/prod-cand-1703-hg002-bjuice-v2-seqkitfix-20260815T080300Z	results/day/hg38/HG002-tb1jdkbzdpwenh/align/sentmm2ont/na/snv/sentdhiomr2/segdup/HG002-tb1jdkbzdpwenh/GBA/HG002-tb1jdkbzdpwenh.GBA.done	32	1786837312	499c5876e9829a58834f6df72d3f63df3805a009b7ec8552a620c15326f3dfcb
E2	/fsx/analysis_results/prod-cand-1703/prod-cand-1703-hg002-bjuice-v2-seqkitfix-20260815T080300Z	results/day/hg38/HG002-tb1jdkbzdpwenh/align/sentmm2ont/na/snv/sentdhiomr2/segdup/HG002-tb1jdkbzdpwenh/GBA/HG002-tb1jdkbzdpwenh.GBA.result.vcf.gz	5405	1786837312	298ba5d24059187defb8bd9e90da803e8d5e4a8e380c67ff55f46c9ff9b389f9
E2	/fsx/analysis_results/prod-cand-1703/prod-cand-1703-hg002-bjuice-v2-seqkitfix-20260815T080300Z	results/day/hg38/HG002-tb1jdkbzdpwenh/align/sentmm2ont/na/snv/sentdhiomr2/segdup/HG002-tb1jdkbzdpwenh/GBA/HG002-tb1jdkbzdpwenh.GBA.result.vcf.gz.tbi	288	1786837312	66f2052570b26114aa8594fc92c9a64868a9bbcc5cb429860016f2c5591faaa1
E2	/fsx/analysis_results/prod-cand-1703/prod-cand-1703-hg002-bjuice-v2-seqkitfix-20260815T080300Z	results/day/hg38/HG002-tb1jdkbzdpwenh/align/sentmm2ont/na/snv/sentdhiomr2/segdup/HG002-tb1jdkbzdpwenh/GBA/HG002-tb1jdkbzdpwenh.GBA.yaml	1704	1786837312	3c9a30c2dcbb8ccd5b710a5cf4f83deed9d2e751e3307532f8e3c1ab039373ed
E2	/fsx/analysis_results/prod-cand-1703/prod-cand-1703-hg002-bjuice-v2-seqkitfix-20260815T080300Z	results/day/hg38/HG002-tb1jdkbzdpwenh/align/sentmm2ont/na/snv/sentdhiomr2/segdup/HG002-tb1jdkbzdpwenh/HBA/HG002-tb1jdkbzdpwenh.HBA.done	32	1786837711	f9a18f4250abed23e04ba76a88571bf89bd9f23d7c3798cfbb4dff0f5b9cbd38
E2	/fsx/analysis_results/prod-cand-1703/prod-cand-1703-hg002-bjuice-v2-seqkitfix-20260815T080300Z	results/day/hg38/HG002-tb1jdkbzdpwenh/align/sentmm2ont/na/snv/sentdhiomr2/segdup/HG002-tb1jdkbzdpwenh/HBA/HG002-tb1jdkbzdpwenh.HBA.result.vcf.gz	4206	1786837711	ce14a1b8be4c9234915eacf5124db716fd2f2aedefe5a8c977b7ca7e91b233e8
E2	/fsx/analysis_results/prod-cand-1703/prod-cand-1703-hg002-bjuice-v2-seqkitfix-20260815T080300Z	results/day/hg38/HG002-tb1jdkbzdpwenh/align/sentmm2ont/na/snv/sentdhiomr2/segdup/HG002-tb1jdkbzdpwenh/HBA/HG002-tb1jdkbzdpwenh.HBA.result.vcf.gz.tbi	98	1786837711	1e496eb5312eac302878d3e08edf27b0c4655bba02f607d2438b9b4b22efebc6
E2	/fsx/analysis_results/prod-cand-1703/prod-cand-1703-hg002-bjuice-v2-seqkitfix-20260815T080300Z	results/day/hg38/HG002-tb1jdkbzdpwenh/align/sentmm2ont/na/snv/sentdhiomr2/segdup/HG002-tb1jdkbzdpwenh/HBA/HG002-tb1jdkbzdpwenh.HBA.yaml	1855	1786837711	7b3c0c3abc90bf08780359b1397f26722026be521085ed50609077c9f738e69a
E2	/fsx/analysis_results/prod-cand-1703/prod-cand-1703-hg002-bjuice-v2-seqkitfix-20260815T080300Z	results/day/hg38/HG002-tb1jdkbzdpwenh/align/sentmm2ont/na/snv/sentdhiomr2/segdup/HG002-tb1jdkbzdpwenh/IKBKG/HG002-tb1jdkbzdpwenh.IKBKG.done	34	1786837708	4b0b47d77d3c497e6222e449353a893841f9b0cb5dcba24db9ae1be66788a834
E2	/fsx/analysis_results/prod-cand-1703/prod-cand-1703-hg002-bjuice-v2-seqkitfix-20260815T080300Z	results/day/hg38/HG002-tb1jdkbzdpwenh/align/sentmm2ont/na/snv/sentdhiomr2/segdup/HG002-tb1jdkbzdpwenh/IKBKG/HG002-tb1jdkbzdpwenh.IKBKG.yaml	2089	1786837708	ea90603c94bede672995592e96417ac05fe8b94d2489bbf930acaf1962042c96
E2	/fsx/analysis_results/prod-cand-1703/prod-cand-1703-hg002-bjuice-v2-seqkitfix-20260815T080300Z	results/day/hg38/HG002-tb1jdkbzdpwenh/align/sentmm2ont/na/snv/sentdhiomr2/segdup/HG002-tb1jdkbzdpwenh/LPA/HG002-tb1jdkbzdpwenh.LPA.done	32	1786837314	4137cd03d2a1259175faabedcb649bf48b795a3dbc8fb9d0aaf83cdb03cd6283
E2	/fsx/analysis_results/prod-cand-1703/prod-cand-1703-hg002-bjuice-v2-seqkitfix-20260815T080300Z	results/day/hg38/HG002-tb1jdkbzdpwenh/align/sentmm2ont/na/snv/sentdhiomr2/segdup/HG002-tb1jdkbzdpwenh/LPA/HG002-tb1jdkbzdpwenh.LPA.yaml	6026	1786837314	7c6ae9deff27e0b1b14ddd00523f026d32f7ae96064e991b4466fbe8ce0b9e6c
E2	/fsx/analysis_results/prod-cand-1703/prod-cand-1703-hg002-bjuice-v2-seqkitfix-20260815T080300Z	results/day/hg38/HG002-tb1jdkbzdpwenh/align/sentmm2ont/na/snv/sentdhiomr2/segdup/HG002-tb1jdkbzdpwenh/NCF1/HG002-tb1jdkbzdpwenh.NCF1.done	33	1786837313	eb362f1ff3853eb0775350fa48a7035faa1989910ca2cdcaa79ec0a2d2cc3313
E2	/fsx/analysis_results/prod-cand-1703/prod-cand-1703-hg002-bjuice-v2-seqkitfix-20260815T080300Z	results/day/hg38/HG002-tb1jdkbzdpwenh/align/sentmm2ont/na/snv/sentdhiomr2/segdup/HG002-tb1jdkbzdpwenh/NCF1/HG002-tb1jdkbzdpwenh.NCF1.result.vcf.gz	7494	1786837313	0da1b9d8722269fb4f02f09270bb70ec4774d867dff084f844591dcbebb268a1
E2	/fsx/analysis_results/prod-cand-1703/prod-cand-1703-hg002-bjuice-v2-seqkitfix-20260815T080300Z	results/day/hg38/HG002-tb1jdkbzdpwenh/align/sentmm2ont/na/snv/sentdhiomr2/segdup/HG002-tb1jdkbzdpwenh/NCF1/HG002-tb1jdkbzdpwenh.NCF1.result.vcf.gz.tbi	195	1786837313	b160c96b133d7bb69242c81480361099813886e4c047ff873d0cb6bfca1705b2
E2	/fsx/analysis_results/prod-cand-1703/prod-cand-1703-hg002-bjuice-v2-seqkitfix-20260815T080300Z	results/day/hg38/HG002-tb1jdkbzdpwenh/align/sentmm2ont/na/snv/sentdhiomr2/segdup/HG002-tb1jdkbzdpwenh/NCF1/HG002-tb1jdkbzdpwenh.NCF1.yaml	1581	1786837313	19aafbc0f4a77261bf37275338323e9d2fa4774aac949b5e65e8f9eb34e7b15d
E2	/fsx/analysis_results/prod-cand-1703/prod-cand-1703-hg002-bjuice-v2-seqkitfix-20260815T080300Z	results/day/hg38/HG002-tb1jdkbzdpwenh/align/sentmm2ont/na/snv/sentdhiomr2/segdup/HG002-tb1jdkbzdpwenh/OTOA/HG002-tb1jdkbzdpwenh.OTOA.done	33	1786837706	68c1d38708f1ca06116a1136a9b11b083a99a423f816fe01ba6684bb3b50dde9
E2	/fsx/analysis_results/prod-cand-1703/prod-cand-1703-hg002-bjuice-v2-seqkitfix-20260815T080300Z	results/day/hg38/HG002-tb1jdkbzdpwenh/align/sentmm2ont/na/snv/sentdhiomr2/segdup/HG002-tb1jdkbzdpwenh/OTOA/HG002-tb1jdkbzdpwenh.OTOA.result.vcf.gz	6354	1786837706	880388cf8b947fffec1f54d8a7e44a51197dfb877249a1b390968fb22054041b
E2	/fsx/analysis_results/prod-cand-1703/prod-cand-1703-hg002-bjuice-v2-seqkitfix-20260815T080300Z	results/day/hg38/HG002-tb1jdkbzdpwenh/align/sentmm2ont/na/snv/sentdhiomr2/segdup/HG002-tb1jdkbzdpwenh/OTOA/HG002-tb1jdkbzdpwenh.OTOA.result.vcf.gz.tbi	167	1786837706	50cbd3adbe926666e4305ee18f8a6fd4ecf2f1d16d02fe9e414820f2f6dacb08
E2	/fsx/analysis_results/prod-cand-1703/prod-cand-1703-hg002-bjuice-v2-seqkitfix-20260815T080300Z	results/day/hg38/HG002-tb1jdkbzdpwenh/align/sentmm2ont/na/snv/sentdhiomr2/segdup/HG002-tb1jdkbzdpwenh/OTOA/HG002-tb1jdkbzdpwenh.OTOA.yaml	2599	1786837706	aec9ce40b89112c4fc76103a70494a98430e18b3e0666fcf2cca4b47d2009210
E2	/fsx/analysis_results/prod-cand-1703/prod-cand-1703-hg002-bjuice-v2-seqkitfix-20260815T080300Z	results/day/hg38/HG002-tb1jdkbzdpwenh/align/sentmm2ont/na/snv/sentdhiomr2/segdup/HG002-tb1jdkbzdpwenh/PMS2/HG002-tb1jdkbzdpwenh.PMS2.done	33	1786837709	2c0a7829ef37e6333ff9e20f3fbc245fa799e6f45625d3e33721bf4ac3c76e12
E2	/fsx/analysis_results/prod-cand-1703/prod-cand-1703-hg002-bjuice-v2-seqkitfix-20260815T080300Z	results/day/hg38/HG002-tb1jdkbzdpwenh/align/sentmm2ont/na/snv/sentdhiomr2/segdup/HG002-tb1jdkbzdpwenh/PMS2/HG002-tb1jdkbzdpwenh.PMS2.result.vcf.gz	10856	1786837709	28c7ce6efb1006fa881dd373fc0b66357dbdf60f7d63a8f1f6c415272ad9d6c2
E2	/fsx/analysis_results/prod-cand-1703/prod-cand-1703-hg002-bjuice-v2-seqkitfix-20260815T080300Z	results/day/hg38/HG002-tb1jdkbzdpwenh/align/sentmm2ont/na/snv/sentdhiomr2/segdup/HG002-tb1jdkbzdpwenh/PMS2/HG002-tb1jdkbzdpwenh.PMS2.result.vcf.gz.tbi	134	1786837709	3d75413b3572d329d3a9d9c030bbf05a0e0aac81a18ecf69321e963d7f5576ac
E2	/fsx/analysis_results/prod-cand-1703/prod-cand-1703-hg002-bjuice-v2-seqkitfix-20260815T080300Z	results/day/hg38/HG002-tb1jdkbzdpwenh/align/sentmm2ont/na/snv/sentdhiomr2/segdup/HG002-tb1jdkbzdpwenh/PMS2/HG002-tb1jdkbzdpwenh.PMS2.yaml	3452	1786837709	9bab414c38998a48263596ef6525d45cb433e415171d98ac9311c2b184786f74
E2	/fsx/analysis_results/prod-cand-1703/prod-cand-1703-hg002-bjuice-v2-seqkitfix-20260815T080300Z	results/day/hg38/HG002-tb1jdkbzdpwenh/align/sentmm2ont/na/snv/sentdhiomr2/segdup/HG002-tb1jdkbzdpwenh/RCCX/HG002-tb1jdkbzdpwenh.RCCX.done	33	1786837708	def97efc51b14388fbe01e607b6969eec2976ff117c5ecacb4d0a465fa973e82
E2	/fsx/analysis_results/prod-cand-1703/prod-cand-1703-hg002-bjuice-v2-seqkitfix-20260815T080300Z	results/day/hg38/HG002-tb1jdkbzdpwenh/align/sentmm2ont/na/snv/sentdhiomr2/segdup/HG002-tb1jdkbzdpwenh/RCCX/HG002-tb1jdkbzdpwenh.RCCX.result.vcf.gz	12202	1786837708	ad47a6b0731a58de56dc71cb04d8791bd53463db854d2ecb18eedd94d87f1838
E2	/fsx/analysis_results/prod-cand-1703/prod-cand-1703-hg002-bjuice-v2-seqkitfix-20260815T080300Z	results/day/hg38/HG002-tb1jdkbzdpwenh/align/sentmm2ont/na/snv/sentdhiomr2/segdup/HG002-tb1jdkbzdpwenh/RCCX/HG002-tb1jdkbzdpwenh.RCCX.result.vcf.gz.tbi	176	1786837708	2ba01316ef0bf86e6c00615c66b3f5a0701f05380b0b497b083dad28d6204450
E2	/fsx/analysis_results/prod-cand-1703/prod-cand-1703-hg002-bjuice-v2-seqkitfix-20260815T080300Z	results/day/hg38/HG002-tb1jdkbzdpwenh/align/sentmm2ont/na/snv/sentdhiomr2/segdup/HG002-tb1jdkbzdpwenh/RCCX/HG002-tb1jdkbzdpwenh.RCCX.yaml	2965	1786837708	2de8fe5302ef8e4970e33915e9162994f15f539979f7af0b5f8695acdc2876ec
E2	/fsx/analysis_results/prod-cand-1703/prod-cand-1703-hg002-bjuice-v2-seqkitfix-20260815T080300Z	results/day/hg38/HG002-tb1jdkbzdpwenh/align/sentmm2ont/na/snv/sentdhiomr2/segdup/HG002-tb1jdkbzdpwenh/RH/HG002-tb1jdkbzdpwenh.RH.done	31	1786837710	8b0e22de9f2c56973affe66793ef5c1490b73110b109cf73352d1b26422c6fca
E2	/fsx/analysis_results/prod-cand-1703/prod-cand-1703-hg002-bjuice-v2-seqkitfix-20260815T080300Z	results/day/hg38/HG002-tb1jdkbzdpwenh/align/sentmm2ont/na/snv/sentdhiomr2/segdup/HG002-tb1jdkbzdpwenh/RH/HG002-tb1jdkbzdpwenh.RH.result.vcf.gz	6075	1786837710	32410306f81463bf7f4aec5e0f15fa33b93b459c25569e7a546e461e9340e844
E2	/fsx/analysis_results/prod-cand-1703/prod-cand-1703-hg002-bjuice-v2-seqkitfix-20260815T080300Z	results/day/hg38/HG002-tb1jdkbzdpwenh/align/sentmm2ont/na/snv/sentdhiomr2/segdup/HG002-tb1jdkbzdpwenh/RH/HG002-tb1jdkbzdpwenh.RH.result.vcf.gz.tbi	168	1786837710	2df454e9ca9e7888c601669a0261bb19c22182c08cf4d2fd84652935df2883c0
E2	/fsx/analysis_results/prod-cand-1703/prod-cand-1703-hg002-bjuice-v2-seqkitfix-20260815T080300Z	results/day/hg38/HG002-tb1jdkbzdpwenh/align/sentmm2ont/na/snv/sentdhiomr2/segdup/HG002-tb1jdkbzdpwenh/RH/HG002-tb1jdkbzdpwenh.RH.yaml	2064	1786837710	32b546fce19e13b64f5f2ce36d38522f57d7eb645d1f9406e5548dbc515b7831
E2	/fsx/analysis_results/prod-cand-1703/prod-cand-1703-hg002-bjuice-v2-seqkitfix-20260815T080300Z	results/day/hg38/HG002-tb1jdkbzdpwenh/align/sentmm2ont/na/snv/sentdhiomr2/segdup/HG002-tb1jdkbzdpwenh/SBDS/HG002-tb1jdkbzdpwenh.SBDS.done	33	1786837314	7575b2b1b7f0df89b5aabbb5a8a99c7fd82d2ed8baf22f73c5bb30f625a3dbe1
E2	/fsx/analysis_results/prod-cand-1703/prod-cand-1703-hg002-bjuice-v2-seqkitfix-20260815T080300Z	results/day/hg38/HG002-tb1jdkbzdpwenh/align/sentmm2ont/na/snv/sentdhiomr2/segdup/HG002-tb1jdkbzdpwenh/SBDS/HG002-tb1jdkbzdpwenh.SBDS.result.vcf.gz	4013	1786837314	7bd8ad8fc59444860bd655c00aafd6001bff9b683c161a8fe9059c787efc9fb5
E2	/fsx/analysis_results/prod-cand-1703/prod-cand-1703-hg002-bjuice-v2-seqkitfix-20260815T080300Z	results/day/hg38/HG002-tb1jdkbzdpwenh/align/sentmm2ont/na/snv/sentdhiomr2/segdup/HG002-tb1jdkbzdpwenh/SBDS/HG002-tb1jdkbzdpwenh.SBDS.result.vcf.gz.tbi	178	1786837314	67341becb87df48dd8a892ec60f316624ebc478fdeaa81300329fdda7f12d3a2
E2	/fsx/analysis_results/prod-cand-1703/prod-cand-1703-hg002-bjuice-v2-seqkitfix-20260815T080300Z	results/day/hg38/HG002-tb1jdkbzdpwenh/align/sentmm2ont/na/snv/sentdhiomr2/segdup/HG002-tb1jdkbzdpwenh/SBDS/HG002-tb1jdkbzdpwenh.SBDS.yaml	2291	1786837314	0b7046430c92a132816636208442a05dce945773ee2dd8d147e66e8b2b5fd63c
E2	/fsx/analysis_results/prod-cand-1703/prod-cand-1703-hg002-bjuice-v2-seqkitfix-20260815T080300Z	results/day/hg38/HG002-tb1jdkbzdpwenh/align/sentmm2ont/na/snv/sentdhiomr2/segdup/HG002-tb1jdkbzdpwenh/SMN1/HG002-tb1jdkbzdpwenh.SMN1.done	33	1786837314	cb012bdeb144dffb504c8492291c0c703fe4ced4064026e04fe63e1104097d06
E2	/fsx/analysis_results/prod-cand-1703/prod-cand-1703-hg002-bjuice-v2-seqkitfix-20260815T080300Z	results/day/hg38/HG002-tb1jdkbzdpwenh/align/sentmm2ont/na/snv/sentdhiomr2/segdup/HG002-tb1jdkbzdpwenh/SMN1/HG002-tb1jdkbzdpwenh.SMN1.result.vcf.gz	6927	1786837314	99e11fa61e6e7b97a6d093847ef4aebacd5f18f59849e4d19f7b672fc9aef048
E2	/fsx/analysis_results/prod-cand-1703/prod-cand-1703-hg002-bjuice-v2-seqkitfix-20260815T080300Z	results/day/hg38/HG002-tb1jdkbzdpwenh/align/sentmm2ont/na/snv/sentdhiomr2/segdup/HG002-tb1jdkbzdpwenh/SMN1/HG002-tb1jdkbzdpwenh.SMN1.result.vcf.gz.tbi	195	1786837314	78c10aaaebe0249f36c98091fe2142eccf485989e9f5f32d6b1657f0e142c4ae
E2	/fsx/analysis_results/prod-cand-1703/prod-cand-1703-hg002-bjuice-v2-seqkitfix-20260815T080300Z	results/day/hg38/HG002-tb1jdkbzdpwenh/align/sentmm2ont/na/snv/sentdhiomr2/segdup/HG002-tb1jdkbzdpwenh/SMN1/HG002-tb1jdkbzdpwenh.SMN1.yaml	1580	1786837314	6272f4d02055444f9e3b4491c41edb6d58d16482d2e69f068fe084f5ef49579d
E2	/fsx/analysis_results/prod-cand-1703/prod-cand-1703-hg002-bjuice-v2-seqkitfix-20260815T080300Z	results/day/hg38/HG002-tb1jdkbzdpwenh/align/sentmm2ont/na/snv/sentdhiomr2/segdup/HG002-tb1jdkbzdpwenh/STRC/HG002-tb1jdkbzdpwenh.STRC.done	33	1786837708	de12494929617b5cc57839367dc26941e31fde95640eaf13b497d699d327765e
E2	/fsx/analysis_results/prod-cand-1703/prod-cand-1703-hg002-bjuice-v2-seqkitfix-20260815T080300Z	results/day/hg38/HG002-tb1jdkbzdpwenh/align/sentmm2ont/na/snv/sentdhiomr2/segdup/HG002-tb1jdkbzdpwenh/STRC/HG002-tb1jdkbzdpwenh.STRC.result.vcf.gz	7082	1786837708	b10f83fd71fb72da40d52ab1a17f7e86cfaa4736bd1eab3f488b54e1addd8377
E2	/fsx/analysis_results/prod-cand-1703/prod-cand-1703-hg002-bjuice-v2-seqkitfix-20260815T080300Z	results/day/hg38/HG002-tb1jdkbzdpwenh/align/sentmm2ont/na/snv/sentdhiomr2/segdup/HG002-tb1jdkbzdpwenh/STRC/HG002-tb1jdkbzdpwenh.STRC.result.vcf.gz.tbi	179	1786837708	2042a2074b65c87d5535014c9244dbe471c185dc461560f66a3ad91964b8bf51
E2	/fsx/analysis_results/prod-cand-1703/prod-cand-1703-hg002-bjuice-v2-seqkitfix-20260815T080300Z	results/day/hg38/HG002-tb1jdkbzdpwenh/align/sentmm2ont/na/snv/sentdhiomr2/segdup/HG002-tb1jdkbzdpwenh/STRC/HG002-tb1jdkbzdpwenh.STRC.yaml	2168	1786837708	e83db8f31313b712de9005c84cd721eb6491d3d17dfb6f1104254633f44b7339
E2	/fsx/analysis_results/prod-cand-1703/prod-cand-1703-hg002-bjuice-v2-seqkitfix-20260815T080300Z	results/day/hg38/HG002-tb1jdkbzdpwenh/align/sentmm2ont/na/snv/sentdhiomr2/slim-consensus/prepared/smn12/HG002-tb1jdkbzdpwenh.smn12.normalized.json	2337	1786789522	22f7859cc06536cca9d5e3f2b5690fcb052995b03428d756112028494c100e65
E2	/fsx/analysis_results/prod-cand-1703/prod-cand-1703-hg002-bjuice-v2-seqkitfix-20260815T080300Z	results/day/hg38/HG002-tb1jdkbzdpwenh/align/sentmm2ont/na/snv/sentdhiomr2/slim-consensus/truvari/HG002-tb1jdkbzdpwenh/queries/longreadsv/truvari/summary.json	920	1786837117	e8ce933c1838cc6c3565dbd5e4751e3a001c6c46f42c10b565f239a217a26b52
E2	/fsx/analysis_results/prod-cand-1703/prod-cand-1703-hg002-bjuice-v2-seqkitfix-20260815T080300Z	results/day/hg38/HG002-tb1jdkbzdpwenh/align/sentmm2ont/na/snv/sentdhiomr2/slim-consensus/truvari/HG002-tb1jdkbzdpwenh/queries/sniffles2/truvari/summary.json	735	1786782410	61559ea76fd7f0b5727eeceaee3e6a4b90aafedfcb323fed654501df62059dbb
E2	/fsx/analysis_results/prod-cand-1703/prod-cand-1703-hg002-bjuice-v2-seqkitfix-20260815T080300Z	results/day/hg38/HG002-tb1jdkbzdpwenh/align/sentmm2ont/na/snv/sentdhiomr2/slim-consensus/truvari/HG002-tb1jdkbzdpwenh/queries/tagged_trussv/truvari/summary.json	898	1786839022	56a4cba066d7e7273d1ceb09b87baef6e88c4e4acd8a7abd6d69d983d5e64c9e
E2	/fsx/analysis_results/prod-cand-1703/prod-cand-1703-hg002-bjuice-v2-seqkitfix-20260815T080300Z	results/day/hg38/HG002-tb1jdkbzdpwenh/align/sentmm2ont/na/snv/sentdhiomr2/slim-consensus/truvari/HG002-tb1jdkbzdpwenh/queries/tiddit/truvari/summary.json	699	1786837527	7a2c54ab1e56a77b3d3e85eb9c8e202d36de974b01b476f371e76ad566e45b76
E2	/fsx/analysis_results/prod-cand-1703/prod-cand-1703-hg002-bjuice-v2-seqkitfix-20260815T080300Z	results/day/hg38/reports/benchmarks_summary.tsv	528646	1786855771	09ce6255aa045b4722cd90f6e65a1adbf956d165d041dd38d1d14b907e76fe47
E2	/fsx/analysis_results/prod-cand-1703/prod-cand-1703-hg002-bjuice-v2-seqkitfix-20260815T080300Z	results/day/hg38/reports/dayoa_evidence_manifest.json	548042	1786855758	dfee84610e881ec628cd559de6033a72121c73929b9fcc90d2de4d33269698da
E2	/fsx/analysis_results/prod-cand-1703/prod-cand-1703-hg002-bjuice-v2-seqkitfix-20260815T080300Z	results/day/hg38/reports/input_manifests/analysis_unit_identity_audit.tsv	1210	1786781564	7485c1a5ea0e285a7b82fc32c866ca37d0ddb935677f819b0004999ad48892b8
E2	/fsx/analysis_results/prod-cand-1703/prod-cand-1703-hg002-bjuice-v2-seqkitfix-20260815T080300Z	results/day/hg38/reports/input_manifests/analysis_unit_inputs.tsv	1965	1786781564	7e15ef7570ed42261ad11002f29c16c0f80f78dc3cad7d9e5f67bdb9333c7d0b
E2	/fsx/analysis_results/prod-cand-1703/prod-cand-1703-hg002-bjuice-v2-seqkitfix-20260815T080300Z	results/day/hg38/reports/input_manifests/analysis_units.tsv	1370	1786781564	e1e7b745586d887638a70e0109ec9eda92aebbf68a4654112ad6e08c687e723d
E2	/fsx/analysis_results/prod-cand-1703/prod-cand-1703-hg002-bjuice-v2-seqkitfix-20260815T080300Z	results/day/hg38/reports/input_manifests/libraries.tsv	230	1786781564	0a8ab721256e55e6a4a358adb305c3de723664e310a1bb070930e933bcabc1c8
E2	/fsx/analysis_results/prod-cand-1703/prod-cand-1703-hg002-bjuice-v2-seqkitfix-20260815T080300Z	results/day/hg38/reports/input_manifests/resolved_analysis_units.tsv	639941	1786781564	1eb3409f931aca56c9ffbe091926fb40fd311f06f0ff0dca04dbbb20117e16c2
E2	/fsx/analysis_results/prod-cand-1703/prod-cand-1703-hg002-bjuice-v2-seqkitfix-20260815T080300Z	results/day/hg38/reports/input_manifests/samples.tsv	536	1786781564	2c035fd7ccf6bc26368d1cda62909c9fb8e255d5bcb0c85b3d1d6131de87f2b2
E2	/fsx/analysis_results/prod-cand-1703/prod-cand-1703-hg002-bjuice-v2-seqkitfix-20260815T080300Z	results/day/hg38/reports/input_manifests/sequencing_inputs.tsv	85768	1786781564	07704217887814164c6185c051801bed2acdf944703746ea9195d22b562204a5
E2	/fsx/analysis_results/prod-cand-1703/prod-cand-1703-hg002-bjuice-v2-seqkitfix-20260815T080300Z	results/day/hg38/reports/input_manifests/specimens.tsv	198	1786781564	6e8bda59a851d797f9d8d9d137beae8dd76b2a04256b5bdf7f4f3ed37eb6c8e2
