time_start,time_end,estimated,amount_usd,usage_type
2026-03-16,2026-04-01,False,1e-05,AFS1-AWSSecretsManagerAPIRequest
2026-03-16,2026-04-01,False,0.0,AFS1-Catalog-Request
2026-03-16,2026-04-01,False,0.0,AFS1-DataTransfer-In-Bytes
2026-03-16,2026-04-01,False,0.0,AFS1-DataTransfer-Out-Bytes
2026-03-16,2026-04-01,False,0.0,AFS1-EC2-free-metering
2026-03-16,2026-04-01,False,0.0,AFS1-ECR-free-metering
2026-03-16,2026-04-01,False,0.049495,AFS1-EventsAnalyzed
2026-03-16,2026-04-01,False,0.0,AFS1-Lambda-Standard-free-metering
2026-03-16,2026-04-01,False,0.0,AFS1-OtherProduct:PaidFindingsIngestion
2026-03-16,2026-04-01,False,0.0,AFS1-Requests-Tier1
2026-03-16,2026-04-01,False,0.00144,AFS1-Requests-Tier8
2026-03-16,2026-04-01,False,0.0,AFS1-SC-API-Calls
2026-03-16,2026-04-01,False,0.0,AFS1-SecurityHubProduct:FreeFindingsIngestion
2026-03-16,2026-04-01,False,0.000192,AFS1-Tables-Requests-Tier1
2026-03-16,2026-04-01,False,1e-05,APE1-AWSSecretsManagerAPIRequest
2026-03-16,2026-04-01,False,0.0,APE1-Catalog-Request
2026-03-16,2026-04-01,False,0.0,APE1-DataTransfer-In-Bytes
2026-03-16,2026-04-01,False,0.0,APE1-DataTransfer-Out-Bytes
2026-03-16,2026-04-01,False,0.0,APE1-EC2-free-metering
2026-03-16,2026-04-01,False,0.0,APE1-ECR-free-metering
2026-03-16,2026-04-01,False,0.05215584,APE1-EventsAnalyzed
2026-03-16,2026-04-01,False,0.0,APE1-Lambda-Standard-free-metering
2026-03-16,2026-04-01,False,0.0,APE1-OtherProduct:PaidFindingsIngestion
2026-03-16,2026-04-01,False,0.0,APE1-Requests-Tier1
2026-03-16,2026-04-01,False,0.00144,APE1-Requests-Tier8
2026-03-16,2026-04-01,False,0.0,APE1-SC-API-Calls
2026-03-16,2026-04-01,False,0.0,APE1-SecurityHubProduct:FreeFindingsIngestion
2026-03-16,2026-04-01,False,0.00016,APE1-Tables-Requests-Tier1
2026-03-16,2026-04-01,False,0.000155,APN1-AWSSecretsManagerAPIRequest
2026-03-16,2026-04-01,False,0.0,APN1-Catalog-Request
2026-03-16,2026-04-01,False,0.0,APN1-DataTransfer-In-Bytes
2026-03-16,2026-04-01,False,0.0,APN1-DataTransfer-Out-Bytes
2026-03-16,2026-04-01,False,0.0,APN1-EC2-free-metering
2026-03-16,2026-04-01,False,0.0,APN1-ECR-free-metering
2026-03-16,2026-04-01,False,0.04690264,APN1-EventsAnalyzed
2026-03-16,2026-04-01,False,0.0,APN1-Lambda-Code-free-metering
2026-03-16,2026-04-01,False,0.0,APN1-Lambda-Standard-free-metering
2026-03-16,2026-04-01,False,0.0,APN1-OtherProduct:PaidFindingsIngestion
2026-03-16,2026-04-01,False,0.512,APN1-PaidComplianceCheck
2026-03-16,2026-04-01,False,0.00827416,APN1-PaidEventsAnalyzed
2026-03-16,2026-04-01,False,0.0001504,APN1-Requests-Tier1
2026-03-16,2026-04-01,False,0.00144,APN1-Requests-Tier8
2026-03-16,2026-04-01,False,0.0,APN1-SC-API-Calls
2026-03-16,2026-04-01,False,0.0,APN1-SecurityHubProduct:FreeFindingsIngestion
2026-03-16,2026-04-01,False,0.0001504,APN1-Tables-Requests-Tier1
2026-03-16,2026-04-01,False,0.0,APN1-USW2-AWS-In-Bytes
2026-03-16,2026-04-01,False,4.2e-08,APN1-USW2-AWS-Out-Bytes
2026-03-16,2026-04-01,False,0.000155,APN2-AWSSecretsManagerAPIRequest
2026-03-16,2026-04-01,False,0.0,APN2-Catalog-Request
2026-03-16,2026-04-01,False,0.0,APN2-DataTransfer-In-Bytes
2026-03-16,2026-04-01,False,0.0,APN2-DataTransfer-Out-Bytes
2026-03-16,2026-04-01,False,0.0,APN2-EC2-free-metering
2026-03-16,2026-04-01,False,0.0,APN2-ECR-free-metering
2026-03-16,2026-04-01,False,0.045724,APN2-EventsAnalyzed
2026-03-16,2026-04-01,False,0.0,APN2-Lambda-Standard-free-metering
2026-03-16,2026-04-01,False,0.0,APN2-OtherProduct:PaidFindingsIngestion
2026-03-16,2026-04-01,False,0.512,APN2-PaidComplianceCheck
2026-03-16,2026-04-01,False,0.0080914,APN2-PaidEventsAnalyzed
2026-03-16,2026-04-01,False,0.0,APN2-Requests-Tier1
2026-03-16,2026-04-01,False,0.00144,APN2-Requests-Tier8
2026-03-16,2026-04-01,False,0.0,APN2-SC-API-Calls
2026-03-16,2026-04-01,False,0.0,APN2-SecurityHubProduct:FreeFindingsIngestion
2026-03-16,2026-04-01,False,0.000144,APN2-Tables-Requests-Tier1
2026-03-16,2026-04-01,False,0.0,APN2-USW2-AWS-In-Bytes
2026-03-16,2026-04-01,False,3.7e-08,APN2-USW2-AWS-Out-Bytes
2026-03-16,2026-04-01,False,0.000155,APN3-AWSSecretsManagerAPIRequest
2026-03-16,2026-04-01,False,0.0,APN3-Catalog-Request
2026-03-16,2026-04-01,False,0.0,APN3-DataTransfer-In-Bytes
2026-03-16,2026-04-01,False,0.0,APN3-DataTransfer-Out-Bytes
2026-03-16,2026-04-01,False,0.0,APN3-EC2-free-metering
2026-03-16,2026-04-01,False,0.0,APN3-ECR-free-metering
2026-03-16,2026-04-01,False,0.04963,APN3-EventsAnalyzed
2026-03-16,2026-04-01,False,0.0,APN3-Lambda-Standard-free-metering
2026-03-16,2026-04-01,False,0.0,APN3-OtherProduct:PaidFindingsIngestion
2026-03-16,2026-04-01,False,0.512,APN3-PaidComplianceCheck
2026-03-16,2026-04-01,False,0.00866,APN3-PaidEventsAnalyzed
2026-03-16,2026-04-01,False,0.0,APN3-Requests-Tier1
2026-03-16,2026-04-01,False,0.00144,APN3-Requests-Tier8
2026-03-16,2026-04-01,False,0.0,APN3-SC-API-Calls
2026-03-16,2026-04-01,False,0.0,APN3-SecurityHubProduct:FreeFindingsIngestion
2026-03-16,2026-04-01,False,0.0001504,APN3-Tables-Requests-Tier1
2026-03-16,2026-04-01,False,0.0,APN3-USW2-AWS-In-Bytes
2026-03-16,2026-04-01,False,4.2e-08,APN3-USW2-AWS-Out-Bytes
2026-03-16,2026-04-01,False,0.000155,APS1-AWSSecretsManagerAPIRequest
2026-03-16,2026-04-01,False,0.0,APS1-Catalog-Request
2026-03-16,2026-04-01,False,0.0,APS1-DataTransfer-In-Bytes
2026-03-16,2026-04-01,False,0.0,APS1-DataTransfer-Out-Bytes
2026-03-16,2026-04-01,False,0.0,APS1-EC2-free-metering
2026-03-16,2026-04-01,False,0.0,APS1-ECR-free-metering
2026-03-16,2026-04-01,False,0.0457102,APS1-EventsAnalyzed
2026-03-16,2026-04-01,False,0.0,APS1-Lambda-Code-free-metering
2026-03-16,2026-04-01,False,0.0,APS1-Lambda-Standard-free-metering
2026-03-16,2026-04-01,False,0.0,APS1-OtherProduct:PaidFindingsIngestion
2026-03-16,2026-04-01,False,0.512,APS1-PaidComplianceCheck
2026-03-16,2026-04-01,False,0.0080822,APS1-PaidEventsAnalyzed
2026-03-16,2026-04-01,False,0.0,APS1-Requests-Tier1
2026-03-16,2026-04-01,False,0.00144,APS1-Requests-Tier8
2026-03-16,2026-04-01,False,0.0,APS1-SC-API-Calls
2026-03-16,2026-04-01,False,0.0,APS1-SecurityHubProduct:FreeFindingsIngestion
2026-03-16,2026-04-01,False,0.00016,APS1-Tables-Requests-Tier1
2026-03-16,2026-04-01,False,0.0,APS1-USW2-AWS-In-Bytes
2026-03-16,2026-04-01,False,4.2e-08,APS1-USW2-AWS-Out-Bytes
2026-03-16,2026-04-01,False,0.000155,APS2-AWSSecretsManagerAPIRequest
2026-03-16,2026-04-01,False,0.0,APS2-Catalog-Request
2026-03-16,2026-04-01,False,0.0,APS2-DataTransfer-In-Bytes
2026-03-16,2026-04-01,False,0.0,APS2-DataTransfer-Out-Bytes
2026-03-16,2026-04-01,False,0.0,APS2-EC2-free-metering
2026-03-16,2026-04-01,False,0.0,APS2-ECR-free-metering
2026-03-16,2026-04-01,False,0.0456964,APS2-EventsAnalyzed
2026-03-16,2026-04-01,False,0.0,APS2-Lambda-Code-free-metering
2026-03-16,2026-04-01,False,0.0,APS2-Lambda-Standard-free-metering
2026-03-16,2026-04-01,False,0.0,APS2-OtherProduct:PaidFindingsIngestion
2026-03-16,2026-04-01,False,0.512,APS2-PaidComplianceCheck
2026-03-16,2026-04-01,False,0.0080684,APS2-PaidEventsAnalyzed
2026-03-16,2026-04-01,False,0.0,APS2-Requests-Tier1
2026-03-16,2026-04-01,False,0.00144,APS2-Requests-Tier8
2026-03-16,2026-04-01,False,0.0,APS2-SC-API-Calls
2026-03-16,2026-04-01,False,0.0,APS2-SecurityHubProduct:FreeFindingsIngestion
2026-03-16,2026-04-01,False,0.000176,APS2-Tables-Requests-Tier1
2026-03-16,2026-04-01,False,0.0,APS2-USW2-AWS-In-Bytes
2026-03-16,2026-04-01,False,4.5e-08,APS2-USW2-AWS-Out-Bytes
2026-03-16,2026-04-01,False,0.0,APS3-APE2-AWS-In-Bytes
2026-03-16,2026-04-01,False,0.0,APS3-APN1-AWS-In-Bytes
2026-03-16,2026-04-01,False,0.0,APS3-APN2-AWS-In-Bytes
2026-03-16,2026-04-01,False,1.6e-08,APS3-APN2-AWS-Out-Bytes
2026-03-16,2026-04-01,False,0.0,APS3-APN3-AWS-In-Bytes
2026-03-16,2026-04-01,False,0.0,APS3-APS1-AWS-In-Bytes
2026-03-16,2026-04-01,False,0.0,APS3-APS2-AWS-In-Bytes
2026-03-16,2026-04-01,False,0.0,APS3-APS5-AWS-In-Bytes
2026-03-16,2026-04-01,False,0.0,APS3-APS6-AWS-In-Bytes
2026-03-16,2026-04-01,False,0.0,APS3-APS9-AWS-In-Bytes
2026-03-16,2026-04-01,False,0.000155,APS3-AWSSecretsManagerAPIRequest
2026-03-16,2026-04-01,False,0.0,APS3-CAN1-AWS-In-Bytes
2026-03-16,2026-04-01,False,0.0,APS3-Catalog-Request
2026-03-16,2026-04-01,False,0.0,APS3-DataTransfer-In-Bytes
2026-03-16,2026-04-01,False,0.0,APS3-DataTransfer-Out-Bytes
2026-03-16,2026-04-01,False,2.46e-08,APS3-DataTransfer-Regional-Bytes
2026-03-16,2026-04-01,False,1.2430821568,APS3-EBS:SnapshotUsage
2026-03-16,2026-04-01,False,0.0,APS3-EC2-free-metering
2026-03-16,2026-04-01,False,0.0,APS3-ECR-free-metering
2026-03-16,2026-04-01,False,0.0,APS3-ESC1-AWS-In-Bytes
2026-03-16,2026-04-01,False,0.0,APS3-EU-AWS-In-Bytes
2026-03-16,2026-04-01,False,0.0,APS3-EUC1-AWS-In-Bytes
2026-03-16,2026-04-01,False,0.0,APS3-EUN1-AWS-In-Bytes
2026-03-16,2026-04-01,False,0.0,APS3-EUW2-AWS-In-Bytes
2026-03-16,2026-04-01,False,0.0,APS3-EUW3-AWS-In-Bytes
2026-03-16,2026-04-01,False,0.044616,APS3-EventsAnalyzed
2026-03-16,2026-04-01,False,0.0,APS3-Lambda-Standard-free-metering
2026-03-16,2026-04-01,False,1.79455e-05,APS3-NatGateway-Bytes
2026-03-16,2026-04-01,False,43.008,APS3-NatGateway-Hours
2026-03-16,2026-04-01,False,0.0,APS3-OtherProduct:PaidFindingsIngestion
2026-03-16,2026-04-01,False,0.512,APS3-PaidComplianceCheck
2026-03-16,2026-04-01,False,0.0077176,APS3-PaidEventsAnalyzed
2026-03-16,2026-04-01,False,3.84,APS3-PublicIPv4:InUseAddress
2026-03-16,2026-04-01,False,0.00016,APS3-Requests-Tier1
2026-03-16,2026-04-01,False,4.64e-05,APS3-Requests-Tier2
2026-03-16,2026-04-01,False,0.00144,APS3-Requests-Tier8
2026-03-16,2026-04-01,False,0.0,APS3-SC-API-Calls
2026-03-16,2026-04-01,False,0.0,APS3-SecurityHubProduct:FreeFindingsIngestion
2026-03-16,2026-04-01,False,0.00016,APS3-Tables-Requests-Tier1
2026-03-16,2026-04-01,False,8.1761955456,APS3-TimedStorage-ByteHrs
2026-03-16,2026-04-01,False,0.0,APS3-USE1-AWS-In-Bytes
2026-03-16,2026-04-01,False,0.0,APS3-USE2-AWS-In-Bytes
2026-03-16,2026-04-01,False,0.0,APS3-USW1-AWS-In-Bytes
2026-03-16,2026-04-01,False,0.0,APS3-USW2-AWS-In-Bytes
2026-03-16,2026-04-01,False,4e-08,APS3-USW2-AWS-Out-Bytes
2026-03-16,2026-04-01,False,1e-05,APS4-AWSSecretsManagerAPIRequest
2026-03-16,2026-04-01,False,0.0,APS4-Catalog-Request
2026-03-16,2026-04-01,False,0.0,APS4-DataTransfer-In-Bytes
2026-03-16,2026-04-01,False,0.0,APS4-DataTransfer-Out-Bytes
2026-03-16,2026-04-01,False,0.0,APS4-EC2-free-metering
2026-03-16,2026-04-01,False,0.0,APS4-ECR-free-metering
2026-03-16,2026-04-01,False,0.0454342,APS4-EventsAnalyzed
2026-03-16,2026-04-01,False,0.0,APS4-Lambda-Standard-free-metering
2026-03-16,2026-04-01,False,0.0,APS4-OtherProduct:PaidFindingsIngestion
2026-03-16,2026-04-01,False,0.0,APS4-Requests-Tier1
2026-03-16,2026-04-01,False,0.00144,APS4-Requests-Tier8
2026-03-16,2026-04-01,False,0.0,APS4-SC-API-Calls
2026-03-16,2026-04-01,False,0.0,APS4-SecurityHubProduct:FreeFindingsIngestion
2026-03-16,2026-04-01,False,0.00016,APS4-Tables-Requests-Tier1
2026-03-16,2026-04-01,False,1e-05,APS5-AWSSecretsManagerAPIRequest
2026-03-16,2026-04-01,False,0.0,APS5-Catalog-Request
2026-03-16,2026-04-01,False,0.0,APS5-DataTransfer-In-Bytes
2026-03-16,2026-04-01,False,0.0,APS5-DataTransfer-Out-Bytes
2026-03-16,2026-04-01,False,0.0,APS5-EC2-free-metering
2026-03-16,2026-04-01,False,0.0,APS5-ECR-free-metering
2026-03-16,2026-04-01,False,0.043472,APS5-EventsAnalyzed
2026-03-16,2026-04-01,False,0.0,APS5-Lambda-Standard-free-metering
2026-03-16,2026-04-01,False,0.0,APS5-OtherProduct:PaidFindingsIngestion
2026-03-16,2026-04-01,False,0.0,APS5-Requests-Tier1
2026-03-16,2026-04-01,False,0.00144,APS5-Requests-Tier8
2026-03-16,2026-04-01,False,0.0,APS5-SC-API-Calls
2026-03-16,2026-04-01,False,0.0,APS5-SecurityHubProduct:FreeFindingsIngestion
2026-03-16,2026-04-01,False,0.00016,APS5-Tables-Requests-Tier1
2026-03-16,2026-04-01,False,0.000194642,Aurora:BackupUsage
2026-03-16,2026-04-01,False,14.4681666668,Aurora:ServerlessV2Usage
2026-03-16,2026-04-01,False,1.430871,Aurora:StorageIOUsage
2026-03-16,2026-04-01,False,0.0042766188,Aurora:StorageUsage
2026-03-16,2026-04-01,False,99.147606944,BoxUsage:t3a.2xlarge
2026-03-16,2026-04-01,False,0.0,CA-DataTransfer-Out-Bytes
2026-03-16,2026-04-01,False,0.0,CA-Requests-Tier2-HTTPS
2026-03-16,2026-04-01,False,0.000155,CAN1-AWSSecretsManagerAPIRequest
2026-03-16,2026-04-01,False,0.0,CAN1-Catalog-Request
2026-03-16,2026-04-01,False,0.0,CAN1-DataTransfer-In-Bytes
2026-03-16,2026-04-01,False,0.0,CAN1-DataTransfer-Out-Bytes
2026-03-16,2026-04-01,False,0.0,CAN1-EC2-free-metering
2026-03-16,2026-04-01,False,0.0,CAN1-ECR-free-metering
2026-03-16,2026-04-01,False,0.0456872,CAN1-EventsAnalyzed
2026-03-16,2026-04-01,False,0.0,CAN1-Lambda-Standard-free-metering
2026-03-16,2026-04-01,False,0.0,CAN1-OtherProduct:PaidFindingsIngestion
2026-03-16,2026-04-01,False,0.512,CAN1-PaidComplianceCheck
2026-03-16,2026-04-01,False,0.0080546,CAN1-PaidEventsAnalyzed
2026-03-16,2026-04-01,False,0.0,CAN1-Requests-Tier1
2026-03-16,2026-04-01,False,0.00144,CAN1-Requests-Tier8
2026-03-16,2026-04-01,False,0.0,CAN1-SC-API-Calls
2026-03-16,2026-04-01,False,0.0,CAN1-SecurityHubProduct:FreeFindingsIngestion
2026-03-16,2026-04-01,False,0.000176,CAN1-Tables-Requests-Tier1
2026-03-16,2026-04-01,False,0.0,CAN1-USW2-AWS-In-Bytes
2026-03-16,2026-04-01,False,1e-08,CAN1-USW2-AWS-Out-Bytes
2026-03-16,2026-04-01,False,0.0481853861,CW:AlarmMonitorUsage
2026-03-16,2026-04-01,False,0.0,CW:Requests
2026-03-16,2026-04-01,False,0.0882864,DNS-Queries
2026-03-16,2026-04-01,False,0.0,DashboardsUsageHour-Basic
2026-03-16,2026-04-01,False,0.0,DataTransfer-In-Bytes
2026-03-16,2026-04-01,False,0.0,DataTransfer-Out-Bytes
2026-03-16,2026-04-01,False,0.0139922385,DataTransfer-Regional-Bytes
2026-03-16,2026-04-01,False,10.9524893848,EBS:VolumeUsage.gp3
2026-03-16,2026-04-01,False,0.000155,EU-AWSSecretsManager-APIRequests
2026-03-16,2026-04-01,False,0.0,EU-Catalog-Request
2026-03-16,2026-04-01,False,0.0,EU-DataTransfer-In-Bytes
2026-03-16,2026-04-01,False,0.0,EU-DataTransfer-Out-Bytes
2026-03-16,2026-04-01,False,3.50307e-05,EU-DataTransfer-Out-OBytes
2026-03-16,2026-04-01,False,0.0,EU-EC2-free-metering
2026-03-16,2026-04-01,False,0.0,EU-ECR-free-metering
2026-03-16,2026-04-01,False,0.0437228,EU-EventsAnalyzed
2026-03-16,2026-04-01,False,0.0,EU-Lambda-Code-free-metering
2026-03-16,2026-04-01,False,0.0,EU-Lambda-Standard-free-metering
2026-03-16,2026-04-01,False,0.0,EU-OtherProduct:PaidFindingsIngestion
2026-03-16,2026-04-01,False,0.512,EU-PaidComplianceCheck
2026-03-16,2026-04-01,False,0.007722,EU-PaidEventsAnalyzed
2026-03-16,2026-04-01,False,0.0,EU-Requests-HTTP-Proxy
2026-03-16,2026-04-01,False,0.0,EU-Requests-HTTPS-Proxy
2026-03-16,2026-04-01,False,0.00016,EU-Requests-Tier1
2026-03-16,2026-04-01,False,0.0,EU-Requests-Tier2-HTTPS
2026-03-16,2026-04-01,False,0.00144,EU-Requests-Tier8
2026-03-16,2026-04-01,False,0.0,EU-SC-API-Calls
2026-03-16,2026-04-01,False,0.0,EU-SecurityHubProduct:FreeFindingsIngestion
2026-03-16,2026-04-01,False,0.00016,EU-Tables-Requests-Tier1
2026-03-16,2026-04-01,False,0.0,EU-USW2-AWS-In-Bytes
2026-03-16,2026-04-01,False,1e-08,EU-USW2-AWS-Out-Bytes
2026-03-16,2026-04-01,False,0.0,EUC1-APE1-AWS-In-Bytes
2026-03-16,2026-04-01,False,0.0,EUC1-APE2-AWS-In-Bytes
2026-03-16,2026-04-01,False,0.0,EUC1-APN1-AWS-In-Bytes
2026-03-16,2026-04-01,False,0.0,EUC1-APN2-AWS-In-Bytes
2026-03-16,2026-04-01,False,2.1e-09,EUC1-APN2-AWS-Out-Bytes
2026-03-16,2026-04-01,False,0.0,EUC1-APN3-AWS-In-Bytes
2026-03-16,2026-04-01,False,0.0,EUC1-APS1-AWS-In-Bytes
2026-03-16,2026-04-01,False,0.0,EUC1-APS2-AWS-In-Bytes
2026-03-16,2026-04-01,False,0.0,EUC1-APS3-AWS-In-Bytes
2026-03-16,2026-04-01,False,0.0,EUC1-APS8-AWS-In-Bytes
2026-03-16,2026-04-01,False,0.000155,EUC1-AWSSecretsManagerAPIRequest
2026-03-16,2026-04-01,False,0.0,EUC1-CAN1-AWS-In-Bytes
2026-03-16,2026-04-01,False,0.0,EUC1-Catalog-Request
2026-03-16,2026-04-01,False,0.0,EUC1-DataTransfer-In-Bytes
2026-03-16,2026-04-01,False,0.0,EUC1-DataTransfer-Out-Bytes
2026-03-16,2026-04-01,False,4.32e-08,EUC1-DataTransfer-Regional-Bytes
2026-03-16,2026-04-01,False,0.0,EUC1-EC2-free-metering
2026-03-16,2026-04-01,False,0.0,EUC1-ECR-free-metering
2026-03-16,2026-04-01,False,0.0,EUC1-ESC1-AWS-In-Bytes
2026-03-16,2026-04-01,False,0.0,EUC1-EU-AWS-In-Bytes
2026-03-16,2026-04-01,False,0.0,EUC1-EUN1-AWS-In-Bytes
2026-03-16,2026-04-01,False,0.0,EUC1-EUS1-AWS-In-Bytes
2026-03-16,2026-04-01,False,0.0,EUC1-EUS2-AWS-In-Bytes
2026-03-16,2026-04-01,False,0.0,EUC1-EUW2-AWS-In-Bytes
2026-03-16,2026-04-01,False,0.0,EUC1-EUW3-AWS-In-Bytes
2026-03-16,2026-04-01,False,0.0468004,EUC1-EventsAnalyzed
2026-03-16,2026-04-01,False,0.0,EUC1-Lambda-Code-free-metering
2026-03-16,2026-04-01,False,0.0,EUC1-Lambda-Standard-free-metering
2026-03-16,2026-04-01,False,2.08887e-05,EUC1-NatGateway-Bytes
2026-03-16,2026-04-01,False,39.936,EUC1-NatGateway-Hours
2026-03-16,2026-04-01,False,0.0,EUC1-OtherProduct:PaidFindingsIngestion
2026-03-16,2026-04-01,False,0.512,EUC1-PaidComplianceCheck
2026-03-16,2026-04-01,False,0.00805,EUC1-PaidEventsAnalyzed
2026-03-16,2026-04-01,False,3.84,EUC1-PublicIPv4:InUseAddress
2026-03-16,2026-04-01,False,0.0,EUC1-Requests-Tier1
2026-03-16,2026-04-01,False,5.074e-05,EUC1-Requests-Tier2
2026-03-16,2026-04-01,False,0.00144,EUC1-Requests-Tier8
2026-03-16,2026-04-01,False,0.0,EUC1-SAE1-AWS-In-Bytes
2026-03-16,2026-04-01,False,0.0,EUC1-SC-API-Calls
2026-03-16,2026-04-01,False,0.0,EUC1-SecurityHubProduct:FreeFindingsIngestion
2026-03-16,2026-04-01,False,0.0001728,EUC1-Tables-Requests-Tier1
2026-03-16,2026-04-01,False,9.3936e-06,EUC1-TagStorage-TagHrs
2026-03-16,2026-04-01,False,21.9659171056,EUC1-TimedStorage-ByteHrs
2026-03-16,2026-04-01,False,0.0,EUC1-USE1-AWS-In-Bytes
2026-03-16,2026-04-01,False,0.0,EUC1-USE2-AWS-In-Bytes
2026-03-16,2026-04-01,False,0.0,EUC1-USW1-AWS-In-Bytes
2026-03-16,2026-04-01,False,0.0,EUC1-USW2-AWS-In-Bytes
2026-03-16,2026-04-01,False,1e-08,EUC1-USW2-AWS-Out-Bytes
2026-03-16,2026-04-01,False,0.000155,EUN1-AWSSecretsManagerAPIRequest
2026-03-16,2026-04-01,False,0.0,EUN1-Catalog-Request
2026-03-16,2026-04-01,False,0.0,EUN1-DataTransfer-In-Bytes
2026-03-16,2026-04-01,False,0.0,EUN1-DataTransfer-Out-Bytes
2026-03-16,2026-04-01,False,0.0,EUN1-EC2-free-metering
2026-03-16,2026-04-01,False,0.0,EUN1-ECR-free-metering
2026-03-16,2026-04-01,False,0.0417018,EUN1-EventsAnalyzed
2026-03-16,2026-04-01,False,0.0,EUN1-Lambda-Code-free-metering
2026-03-16,2026-04-01,False,0.0,EUN1-Lambda-Standard-free-metering
2026-03-16,2026-04-01,False,0.0,EUN1-OtherProduct:PaidFindingsIngestion
2026-03-16,2026-04-01,False,0.512,EUN1-PaidComplianceCheck
2026-03-16,2026-04-01,False,0.0073458,EUN1-PaidEventsAnalyzed
2026-03-16,2026-04-01,False,0.00016,EUN1-Requests-Tier1
2026-03-16,2026-04-01,False,0.00144,EUN1-Requests-Tier8
2026-03-16,2026-04-01,False,0.0,EUN1-SC-API-Calls
2026-03-16,2026-04-01,False,0.0,EUN1-SecurityHubProduct:FreeFindingsIngestion
2026-03-16,2026-04-01,False,0.00016,EUN1-Tables-Requests-Tier1
2026-03-16,2026-04-01,False,0.0,EUN1-USW2-AWS-In-Bytes
2026-03-16,2026-04-01,False,1e-08,EUN1-USW2-AWS-Out-Bytes
2026-03-16,2026-04-01,False,0.000155,EUW2-AWSSecretsManagerAPIRequest
2026-03-16,2026-04-01,False,0.0,EUW2-Catalog-Request
2026-03-16,2026-04-01,False,0.0,EUW2-DataTransfer-In-Bytes
2026-03-16,2026-04-01,False,0.0,EUW2-DataTransfer-Out-Bytes
2026-03-16,2026-04-01,False,0.0,EUW2-EC2-free-metering
2026-03-16,2026-04-01,False,0.0,EUW2-ECR-free-metering
2026-03-16,2026-04-01,False,0.0437272,EUW2-EventsAnalyzed
2026-03-16,2026-04-01,False,0.0,EUW2-Lambda-Code-free-metering
2026-03-16,2026-04-01,False,0.0,EUW2-Lambda-Standard-free-metering
2026-03-16,2026-04-01,False,0.0,EUW2-OtherProduct:PaidFindingsIngestion
2026-03-16,2026-04-01,False,0.512,EUW2-PaidComplianceCheck
2026-03-16,2026-04-01,False,0.0077132,EUW2-PaidEventsAnalyzed
2026-03-16,2026-04-01,False,0.0,EUW2-Requests-Tier1
2026-03-16,2026-04-01,False,0.00144,EUW2-Requests-Tier8
2026-03-16,2026-04-01,False,0.0,EUW2-SC-API-Calls
2026-03-16,2026-04-01,False,0.0,EUW2-SecurityHubProduct:FreeFindingsIngestion
2026-03-16,2026-04-01,False,0.0001696,EUW2-Tables-Requests-Tier1
2026-03-16,2026-04-01,False,0.0,EUW2-USW2-AWS-In-Bytes
2026-03-16,2026-04-01,False,1e-08,EUW2-USW2-AWS-Out-Bytes
2026-03-16,2026-04-01,False,0.000155,EUW3-AWSSecretsManagerAPIRequest
2026-03-16,2026-04-01,False,0.0,EUW3-Catalog-Request
2026-03-16,2026-04-01,False,0.0,EUW3-DataTransfer-In-Bytes
2026-03-16,2026-04-01,False,0.0,EUW3-DataTransfer-Out-Bytes
2026-03-16,2026-04-01,False,0.0,EUW3-EC2-free-metering
2026-03-16,2026-04-01,False,0.0,EUW3-ECR-free-metering
2026-03-16,2026-04-01,False,0.043714,EUW3-EventsAnalyzed
2026-03-16,2026-04-01,False,0.0,EUW3-Lambda-Standard-free-metering
2026-03-16,2026-04-01,False,0.0,EUW3-OtherProduct:PaidFindingsIngestion
2026-03-16,2026-04-01,False,0.512,EUW3-PaidComplianceCheck
2026-03-16,2026-04-01,False,0.0077264,EUW3-PaidEventsAnalyzed
2026-03-16,2026-04-01,False,0.0,EUW3-Requests-Tier1
2026-03-16,2026-04-01,False,0.00144,EUW3-Requests-Tier8
2026-03-16,2026-04-01,False,0.0,EUW3-SC-API-Calls
2026-03-16,2026-04-01,False,0.0,EUW3-SecurityHubProduct:FreeFindingsIngestion
2026-03-16,2026-04-01,False,0.0001696,EUW3-Tables-Requests-Tier1
2026-03-16,2026-04-01,False,0.0,EUW3-USW2-AWS-In-Bytes
2026-03-16,2026-04-01,False,1e-08,EUW3-USW2-AWS-Out-Bytes
2026-03-16,2026-04-01,False,0.0,Global-Bucket-Hrs-FreeTier
2026-03-16,2026-04-01,False,1.28410272,Global-MonitoredIAMRole
2026-03-16,2026-04-01,False,0.17101368,Global-MonitoredIAMUser
2026-03-16,2026-04-01,False,1.032258048,Global-RuleV2
2026-03-16,2026-04-01,False,2.58064512,Global-WebACLV2
2026-03-16,2026-04-01,False,2.0,HostedZone
2026-03-16,2026-04-01,False,37.790079912,InstanceUsage:db.t3.medium
2026-03-16,2026-04-01,False,28.032,InstanceUsage:db.t4g.medium
2026-03-16,2026-04-01,False,0.0,Intra-AWS-DNS-Queries
2026-03-16,2026-04-01,False,0.0,Invalidations
2026-03-16,2026-04-01,False,0.0,Lambda-GB-Second
2026-03-16,2026-04-01,False,5.895,LoadBalancerUsage
2026-03-16,2026-04-01,False,4.1963e-06,NatGateway-Bytes
2026-03-16,2026-04-01,False,23.67,NatGateway-Hours
2026-03-16,2026-04-01,False,8.1127897528,RDS:GP2-Storage
2026-03-16,2026-04-01,False,0.0,Request
2026-03-16,2026-04-01,False,0.0,Requests-RBP
2026-03-16,2026-04-01,False,0.007115,Requests-Tier1
2026-03-16,2026-04-01,False,0.0005564,Requests-Tier2
2026-03-16,2026-04-01,False,0.00144,Requests-Tier8
2026-03-16,2026-04-01,False,0.000155,SAE1-AWSSecretsManagerAPIRequest
2026-03-16,2026-04-01,False,0.0,SAE1-Catalog-Request
2026-03-16,2026-04-01,False,0.0,SAE1-DataTransfer-In-Bytes
2026-03-16,2026-04-01,False,0.0,SAE1-DataTransfer-Out-Bytes
2026-03-16,2026-04-01,False,0.0,SAE1-EC2-free-metering
2026-03-16,2026-04-01,False,0.0,SAE1-ECR-free-metering
2026-03-16,2026-04-01,False,0.069517,SAE1-EventsAnalyzed
2026-03-16,2026-04-01,False,0.0,SAE1-Lambda-Standard-free-metering
2026-03-16,2026-04-01,False,0.0,SAE1-OtherProduct:PaidFindingsIngestion
2026-03-16,2026-04-01,False,0.512,SAE1-PaidComplianceCheck
2026-03-16,2026-04-01,False,0.012215,SAE1-PaidEventsAnalyzed
2026-03-16,2026-04-01,False,0.0,SAE1-Requests-Tier1
2026-03-16,2026-04-01,False,0.00144,SAE1-Requests-Tier8
2026-03-16,2026-04-01,False,0.0,SAE1-SC-API-Calls
2026-03-16,2026-04-01,False,0.0,SAE1-SecurityHubProduct:FreeFindingsIngestion
2026-03-16,2026-04-01,False,0.000224,SAE1-Tables-Requests-Tier1
2026-03-16,2026-04-01,False,0.0,SAE1-USW2-AWS-In-Bytes
2026-03-16,2026-04-01,False,6.5e-08,SAE1-USW2-AWS-Out-Bytes
2026-03-16,2026-04-01,False,0.00016,Tables-Requests-Tier1
2026-03-16,2026-04-01,False,0.0036651348,TimedStorage-ByteHrs
2026-03-16,2026-04-01,False,0.0,US-DataTransfer-Out-Bytes
2026-03-16,2026-04-01,False,0.0,US-Requests-Tier1
2026-03-16,2026-04-01,False,0.0,US-Requests-Tier2-HTTPS
2026-03-16,2026-04-01,False,0.0,USE1-APE1-AWS-In-Bytes
2026-03-16,2026-04-01,False,0.0,USE1-APN1-AWS-In-Bytes
2026-03-16,2026-04-01,False,2.56e-08,USE1-APN1-AWS-Out-Bytes
2026-03-16,2026-04-01,False,0.0,USE1-APN2-AWS-In-Bytes
2026-03-16,2026-04-01,False,2.84e-08,USE1-APN2-AWS-Out-Bytes
2026-03-16,2026-04-01,False,0.0,USE1-APN3-AWS-In-Bytes
2026-03-16,2026-04-01,False,0.0,USE1-APS1-AWS-In-Bytes
2026-03-16,2026-04-01,False,1.93e-07,USE1-APS1-AWS-Out-Bytes
2026-03-16,2026-04-01,False,0.0,USE1-APS2-AWS-In-Bytes
2026-03-16,2026-04-01,False,1.598e-07,USE1-APS2-AWS-Out-Bytes
2026-03-16,2026-04-01,False,0.0,USE1-APS3-AWS-In-Bytes
2026-03-16,2026-04-01,False,4.03e-08,USE1-APS3-AWS-Out-Bytes
2026-03-16,2026-04-01,False,0.0,USE1-APS8-AWS-In-Bytes
2026-03-16,2026-04-01,False,1.26097773,USE1-AWSSecretsManager-Secrets
2026-03-16,2026-04-01,False,0.038585,USE1-AWSSecretsManagerAPIRequest
2026-03-16,2026-04-01,False,0.0,USE1-CAN1-AWS-In-Bytes
2026-03-16,2026-04-01,False,2.7e-08,USE1-CAN1-AWS-Out-Bytes
2026-03-16,2026-04-01,False,0.0,USE1-Catalog-Request
2026-03-16,2026-04-01,False,0.0,USE1-CloudFront-In-Bytes
2026-03-16,2026-04-01,False,0.0,USE1-CloudFront-Out-Bytes
2026-03-16,2026-04-01,False,0.0,USE1-CognitoEssentialsMAU
2026-03-16,2026-04-01,False,0.3705480431,USE1-CostDataStorage
2026-03-16,2026-04-01,False,0.0,USE1-EC2-free-metering
2026-03-16,2026-04-01,False,0.0,USE1-ECR-free-metering
2026-03-16,2026-04-01,False,0.0,USE1-ESC1-AWS-In-Bytes
2026-03-16,2026-04-01,False,0.0,USE1-EU-AWS-In-Bytes
2026-03-16,2026-04-01,False,9.35e-07,USE1-EU-AWS-Out-Bytes
2026-03-16,2026-04-01,False,0.0,USE1-EUC1-AWS-In-Bytes
2026-03-16,2026-04-01,False,1.75921e-05,USE1-EUC1-AWS-Out-Bytes
2026-03-16,2026-04-01,False,0.0,USE1-EUN1-AWS-In-Bytes
2026-03-16,2026-04-01,False,6.89e-08,USE1-EUN1-AWS-Out-Bytes
2026-03-16,2026-04-01,False,0.0,USE1-EUW2-AWS-In-Bytes
2026-03-16,2026-04-01,False,2.77e-08,USE1-EUW2-AWS-Out-Bytes
2026-03-16,2026-04-01,False,0.0,USE1-EUW3-AWS-In-Bytes
2026-03-16,2026-04-01,False,2.56e-08,USE1-EUW3-AWS-Out-Bytes
2026-03-16,2026-04-01,False,0.1541,USE1-EventsAnalyzed
2026-03-16,2026-04-01,False,0.0,USE1-Lambda-Code-free-metering
2026-03-16,2026-04-01,False,0.0,USE1-Lambda-Standard-free-metering
2026-03-16,2026-04-01,False,0.0141920361,USE1-LogsAnalyzedBytes
2026-03-16,2026-04-01,False,1.7291556,USE1-MonitoredEC2
2026-03-16,2026-04-01,False,0.895776,USE1-MonitoredFunction
2026-03-16,2026-04-01,False,1.05,USE1-MonitoredFunctionCode
2026-03-16,2026-04-01,False,0.0,USE1-OtherProduct:PaidFindingsIngestion
2026-03-16,2026-04-01,False,0.512,USE1-PaidComplianceCheck
2026-03-16,2026-04-01,False,0.00812,USE1-PaidEventsAnalyzed
2026-03-16,2026-04-01,False,0.0403440041,USE1-PaidRDSACUMonitored
2026-03-16,2026-04-01,False,2.4435483621,USE1-PaidRDSvCPUMonitored
2026-03-16,2026-04-01,False,0.000477775,USE1-PublicIPv4:IdleAddress
2026-03-16,2026-04-01,False,6.193426385,USE1-PublicIPv4:InUseAddress
2026-03-16,2026-04-01,False,0.0,USE1-RDS:Data-API-Usage
2026-03-16,2026-04-01,False,0.0,USE1-Resource-Operation-Count
2026-03-16,2026-04-01,False,2.56e-08,USE1-SAE1-AWS-Out-Bytes
2026-03-16,2026-04-01,False,0.0,USE1-SC-API-Calls
2026-03-16,2026-04-01,False,0.0,USE1-SecurityHubProduct:FreeFindingsIngestion
2026-03-16,2026-04-01,False,0.0,USE1-TimedStorage-ByteHrs
2026-03-16,2026-04-01,False,0.0,USE1-USE2-AWS-In-Bytes
2026-03-16,2026-04-01,False,7.318e-07,USE1-USE2-AWS-Out-Bytes
2026-03-16,2026-04-01,False,0.0,USE1-USW1-AWS-In-Bytes
2026-03-16,2026-04-01,False,3.31e-08,USE1-USW1-AWS-Out-Bytes
2026-03-16,2026-04-01,False,0.0,USE1-USW2-AWS-In-Bytes
2026-03-16,2026-04-01,False,6.6232e-06,USE1-USW2-AWS-Out-Bytes
2026-03-16,2026-04-01,False,0.0,USE1-VendedLog-Bytes
2026-03-16,2026-04-01,False,0.0,USE1-XRay-TracesStored
2026-03-16,2026-04-01,False,0.00017,USE2-AWSSecretsManagerAPIRequest
2026-03-16,2026-04-01,False,0.0,USE2-Catalog-Request
2026-03-16,2026-04-01,False,0.0,USE2-DataTransfer-In-Bytes
2026-03-16,2026-04-01,False,0.0,USE2-DataTransfer-Out-Bytes
2026-03-16,2026-04-01,False,0.0,USE2-EC2-free-metering
2026-03-16,2026-04-01,False,0.0,USE2-ECR-free-metering
2026-03-16,2026-04-01,False,0.041328,USE2-EventsAnalyzed
2026-03-16,2026-04-01,False,0.0,USE2-Lambda-Code-free-metering
2026-03-16,2026-04-01,False,0.0,USE2-Lambda-Standard-free-metering
2026-03-16,2026-04-01,False,0.0,USE2-OtherProduct:PaidFindingsIngestion
2026-03-16,2026-04-01,False,0.512,USE2-PaidComplianceCheck
2026-03-16,2026-04-01,False,0.01472,USE2-PaidEventsAnalyzed
2026-03-16,2026-04-01,False,0.00018,USE2-Requests-Tier1
2026-03-16,2026-04-01,False,2.2e-05,USE2-Requests-Tier2
2026-03-16,2026-04-01,False,0.00144,USE2-Requests-Tier8
2026-03-16,2026-04-01,False,0.0,USE2-SC-API-Calls
2026-03-16,2026-04-01,False,0.0,USE2-SecurityHubProduct:FreeFindingsIngestion
2026-03-16,2026-04-01,False,0.00016,USE2-Tables-Requests-Tier1
2026-03-16,2026-04-01,False,2.08e-08,USE2-TimedStorage-ByteHrs
2026-03-16,2026-04-01,False,0.0,USE2-USW2-AWS-In-Bytes
2026-03-16,2026-04-01,False,1e-08,USE2-USW2-AWS-Out-Bytes
2026-03-16,2026-04-01,False,0.000155,USW1-AWSSecretsManagerAPIRequest
2026-03-16,2026-04-01,False,0.0,USW1-Catalog-Request
2026-03-16,2026-04-01,False,0.0,USW1-DataTransfer-In-Bytes
2026-03-16,2026-04-01,False,0.0,USW1-DataTransfer-Out-Bytes
2026-03-16,2026-04-01,False,0.0,USW1-EC2-free-metering
2026-03-16,2026-04-01,False,0.0,USW1-ECR-free-metering
2026-03-16,2026-04-01,False,0.0437096,USW1-EventsAnalyzed
2026-03-16,2026-04-01,False,0.0,USW1-Lambda-Standard-free-metering
2026-03-16,2026-04-01,False,0.0,USW1-OtherProduct:PaidFindingsIngestion
2026-03-16,2026-04-01,False,0.512,USW1-PaidComplianceCheck
2026-03-16,2026-04-01,False,0.007678,USW1-PaidEventsAnalyzed
2026-03-16,2026-04-01,False,0.0,USW1-Requests-Tier1
2026-03-16,2026-04-01,False,0.00144,USW1-Requests-Tier8
2026-03-16,2026-04-01,False,0.0,USW1-SC-API-Calls
2026-03-16,2026-04-01,False,0.0,USW1-SecurityHubProduct:FreeFindingsIngestion
2026-03-16,2026-04-01,False,0.000176,USW1-Tables-Requests-Tier1
2026-03-16,2026-04-01,False,0.0,USW1-USW2-AWS-In-Bytes
2026-03-16,2026-04-01,False,1e-08,USW1-USW2-AWS-Out-Bytes
2026-03-16,2026-04-01,False,0.0,USW2-AFS1-AWS-In-Bytes
2026-03-16,2026-04-01,False,0.0,USW2-AKL1-AWS-In-Bytes
2026-03-16,2026-04-01,False,0.0,USW2-APE1-AWS-In-Bytes
2026-03-16,2026-04-01,False,0.0,USW2-APE2-AWS-In-Bytes
2026-03-16,2026-04-01,False,0.0,USW2-APN1-AWS-In-Bytes
2026-03-16,2026-04-01,False,0.0001687585,USW2-APN1-AWS-Out-Bytes
2026-03-16,2026-04-01,False,0.0,USW2-APN2-AWS-In-Bytes
2026-03-16,2026-04-01,False,0.0001638095,USW2-APN2-AWS-Out-Bytes
2026-03-16,2026-04-01,False,0.0,USW2-APN3-AWS-In-Bytes
2026-03-16,2026-04-01,False,0.0001607665,USW2-APN3-AWS-Out-Bytes
2026-03-16,2026-04-01,False,0.0,USW2-APS1-AWS-In-Bytes
2026-03-16,2026-04-01,False,0.0001762235,USW2-APS1-AWS-Out-Bytes
2026-03-16,2026-04-01,False,0.0,USW2-APS2-AWS-In-Bytes
2026-03-16,2026-04-01,False,0.0001725232,USW2-APS2-AWS-Out-Bytes
2026-03-16,2026-04-01,False,0.0,USW2-APS3-AWS-In-Bytes
2026-03-16,2026-04-01,False,0.0001693533,USW2-APS3-AWS-Out-Bytes
2026-03-16,2026-04-01,False,0.0,USW2-APS6-AWS-In-Bytes
2026-03-16,2026-04-01,False,0.0,USW2-APS7-AWS-In-Bytes
2026-03-16,2026-04-01,False,0.0,USW2-APS8-AWS-In-Bytes
2026-03-16,2026-04-01,False,0.0,USW2-APS9-AWS-In-Bytes
2026-03-16,2026-04-01,False,1.7024579967,USW2-AWSSecretsManager-Secrets
2026-03-16,2026-04-01,False,0.00078,USW2-AWSSecretsManagerAPIRequest
2026-03-16,2026-04-01,False,0.8853574,USW2-Aurora:StorageIOUsage
2026-03-16,2026-04-01,False,0.0027241344,USW2-Aurora:StorageUsage
2026-03-16,2026-04-01,False,48.93946656,USW2-BoxUsage:m5.xlarge
2026-03-16,2026-04-01,False,46.1499358723,USW2-BoxUsage:m7i-flex.2xlarge
2026-03-16,2026-04-01,False,90.3019529412,USW2-BoxUsage:r7i.2xlarge
2026-03-16,2026-04-01,False,1.054144,USW2-BoxUsage:t3.large
2026-03-16,2026-04-01,False,7.9872,USW2-BoxUsage:t3.micro
2026-03-16,2026-04-01,False,37.303136,USW2-BoxUsage:t3.xlarge
2026-03-16,2026-04-01,False,0.6427927552,USW2-BoxUsage:t3a.2xlarge
2026-03-16,2026-04-01,False,0.0,USW2-CAN1-AWS-In-Bytes
2026-03-16,2026-04-01,False,0.0001783534,USW2-CAN1-AWS-Out-Bytes
2026-03-16,2026-04-01,False,0.0,USW2-CAN2-AWS-In-Bytes
2026-03-16,2026-04-01,False,0.0,USW2-CPH1-AWS-In-Bytes
2026-03-16,2026-04-01,False,0.30893535,USW2-CPUCredits:t3
2026-03-16,2026-04-01,False,0.7765904936,USW2-CW:AlarmMonitorUsage
2026-03-16,2026-04-01,False,0.286234315,USW2-CW:CompositeAlarmMonitorUsage
2026-03-16,2026-04-01,False,0.0,USW2-CW:MetricMonitorUsage
2026-03-16,2026-04-01,False,0.0,USW2-CW:Requests
2026-03-16,2026-04-01,False,0.0,USW2-Catalog-Request
2026-03-16,2026-04-01,False,0.0,USW2-CloudFront-In-Bytes
2026-03-16,2026-04-01,False,0.0,USW2-CloudFront-Out-Bytes
2026-03-16,2026-04-01,False,0.0,USW2-CognitoEssentialsMAU
2026-03-16,2026-04-01,False,0.0,USW2-DataProcessing-Bytes
2026-03-16,2026-04-01,False,0.0,USW2-DataTransfer-In-Bytes
2026-03-16,2026-04-01,False,0.0,USW2-DataTransfer-Out-Bytes
2026-03-16,2026-04-01,False,0.6271724531,USW2-DataTransfer-Regional-Bytes
2026-03-16,2026-04-01,False,0.0,USW2-DataTransfer-xAZ-In-Bytes
2026-03-16,2026-04-01,False,0.0,USW2-DataTransfer-xAZ-Out-Bytes
2026-03-16,2026-04-01,False,0.2685665997,USW2-EBS:SnapshotUsage
2026-03-16,2026-04-01,False,191.1066236112,USW2-EBS:VolumeUsage.gp3
2026-03-16,2026-04-01,False,0.0,USW2-EBSOptimized:c6i.metal
2026-03-16,2026-04-01,False,0.0,USW2-EBSOptimized:c7i.metal-48xl
2026-03-16,2026-04-01,False,0.0,USW2-EBSOptimized:m7i-flex.2xlarge
2026-03-16,2026-04-01,False,0.0,USW2-EBSOptimized:m7i.48xlarge
2026-03-16,2026-04-01,False,0.0,USW2-EBSOptimized:m7i.metal-48xl
2026-03-16,2026-04-01,False,0.0,USW2-EBSOptimized:r7i.48xlarge
2026-03-16,2026-04-01,False,0.0,USW2-EBSOptimized:r7i.metal-48xl
2026-03-16,2026-04-01,False,0.0,USW2-EC2-free-metering
2026-03-16,2026-04-01,False,0.0,USW2-ECR-free-metering
2026-03-16,2026-04-01,False,0.0,USW2-ESC1-AWS-In-Bytes
2026-03-16,2026-04-01,False,0.0,USW2-EU-AWS-In-Bytes
2026-03-16,2026-04-01,False,0.0001733542,USW2-EU-AWS-Out-Bytes
2026-03-16,2026-04-01,False,0.0,USW2-EUC1-AWS-In-Bytes
2026-03-16,2026-04-01,False,0.0003138555,USW2-EUC1-AWS-Out-Bytes
2026-03-16,2026-04-01,False,0.0,USW2-EUC2-AWS-In-Bytes
2026-03-16,2026-04-01,False,9.93e-08,USW2-EUC2-AWS-Out-Bytes
2026-03-16,2026-04-01,False,0.0,USW2-EUN1-AWS-In-Bytes
2026-03-16,2026-04-01,False,0.0001635435,USW2-EUN1-AWS-Out-Bytes
2026-03-16,2026-04-01,False,0.0,USW2-EUW2-AWS-In-Bytes
2026-03-16,2026-04-01,False,0.0001736682,USW2-EUW2-AWS-Out-Bytes
2026-03-16,2026-04-01,False,0.0,USW2-EUW3-AWS-In-Bytes
2026-03-16,2026-04-01,False,0.0001654262,USW2-EUW3-AWS-Out-Bytes
2026-03-16,2026-04-01,False,5.834104,USW2-EventsAnalyzed
2026-03-16,2026-04-01,False,1.7072115212,USW2-Fargate-GB-Hours
2026-03-16,2026-04-01,False,7.7736695584,USW2-Fargate-vCPU-Hours:perCPU
2026-03-16,2026-04-01,False,99.84,USW2-InstanceUsage:db.r6g.large
2026-03-16,2026-04-01,False,0.163819944,USW2-InstanceUsage:db.t3.medium
2026-03-16,2026-04-01,False,12.288,USW2-InstanceUsage:db.t4g.micro
2026-03-16,2026-04-01,False,0.0051843953,USW2-LCUUsage
2026-03-16,2026-04-01,False,0.0,USW2-Lambda-Code-free-metering
2026-03-16,2026-04-01,False,0.0,USW2-Lambda-GB-Second
2026-03-16,2026-04-01,False,0.0,USW2-Lambda-Standard-free-metering
2026-03-16,2026-04-01,False,17.3475,USW2-LoadBalancerUsage
2026-03-16,2026-04-01,False,0.1460232713,USW2-LogsAnalyzedBytes
2026-03-16,2026-04-01,False,0.8820912,USW2-MonitoredContainerImage
2026-03-16,2026-04-01,False,7.9739073,USW2-MonitoredEC2
2026-03-16,2026-04-01,False,1.541568,USW2-MonitoredFunction
2026-03-16,2026-04-01,False,1.74,USW2-MonitoredFunctionCode
2026-03-16,2026-04-01,False,4.0830572012,USW2-NatGateway-Bytes
2026-03-16,2026-04-01,False,80.82,USW2-NatGateway-Hours
2026-03-16,2026-04-01,False,64.22766,USW2-OtherProduct:PaidFindingsIngestion
2026-03-16,2026-04-01,False,1.536,USW2-PaidComplianceCheck
2026-03-16,2026-04-01,False,0.01032,USW2-PaidEventsAnalyzed
2026-03-16,2026-04-01,False,0.0165412602,USW2-PaidEventsAnalyzed-Bytes
2026-03-16,2026-04-01,False,3.1048386984,USW2-PaidRDSvCPUMonitored
2026-03-16,2026-04-01,False,0.00694725,USW2-PublicIPv4:IdleAddress
2026-03-16,2026-04-01,False,21.33050972,USW2-PublicIPv4:InUseAddress
2026-03-16,2026-04-01,False,0.3932273798,USW2-RDS:ChargedBackupUsage
2026-03-16,2026-04-01,False,2.4093624546,USW2-RDS:GP2-Storage
2026-03-16,2026-04-01,False,0.006418375,USW2-ReadRequestUnits
2026-03-16,2026-04-01,False,0.0,USW2-Request
2026-03-16,2026-04-01,False,0.0278046,USW2-RequestV2-Tier0
2026-03-16,2026-04-01,False,0.205985,USW2-Requests-Tier1
2026-03-16,2026-04-01,False,0.0982256,USW2-Requests-Tier2
2026-03-16,2026-04-01,False,0.00144,USW2-Requests-Tier8
2026-03-16,2026-04-01,False,0.0,USW2-Resource-Operation-Count
2026-03-16,2026-04-01,False,2.064516096,USW2-RuleV2
2026-03-16,2026-04-01,False,0.0,USW2-SAE1-AWS-In-Bytes
2026-03-16,2026-04-01,False,0.0001643967,USW2-SAE1-AWS-Out-Bytes
2026-03-16,2026-04-01,False,0.0,USW2-SC-API-Calls
2026-03-16,2026-04-01,False,0.0,USW2-ScheduledInvocation
2026-03-16,2026-04-01,False,0.0,USW2-SecurityHubProduct:FreeFindingsIngestion
2026-03-16,2026-04-01,False,0.183001,USW2-SpotUsage:c6i.metal
2026-03-16,2026-04-01,False,7.7994841666,USW2-SpotUsage:c7i.metal-48xl
2026-03-16,2026-04-01,False,293.8584937186,USW2-SpotUsage:m7i.48xlarge
2026-03-16,2026-04-01,False,36.2318542114,USW2-SpotUsage:m7i.metal-48xl
2026-03-16,2026-04-01,False,72.1841059247,USW2-SpotUsage:r7i.48xlarge
2026-03-16,2026-04-01,False,2.370140522,USW2-SpotUsage:r7i.metal-48xl
2026-03-16,2026-04-01,False,792.9505611581,USW2-Storage
2026-03-16,2026-04-01,False,0.00016,USW2-Tables-Requests-Tier1
2026-03-16,2026-04-01,False,0.0001513024,USW2-TagStorage-TagHrs
2026-03-16,2026-04-01,False,5.982e-07,USW2-TimedPITRStorage-ByteHrs
2026-03-16,2026-04-01,False,449.1416120511,USW2-TimedStorage-ByteHrs
2026-03-16,2026-04-01,False,0.0,USW2-USE1-AWS-In-Bytes
2026-03-16,2026-04-01,False,3.7480728316,USW2-USE1-AWS-Out-Bytes
2026-03-16,2026-04-01,False,0.0,USW2-USE2-AWS-In-Bytes
2026-03-16,2026-04-01,False,0.0002464594,USW2-USE2-AWS-Out-Bytes
2026-03-16,2026-04-01,False,0.0,USW2-USW1-AWS-In-Bytes
2026-03-16,2026-04-01,False,0.0001676274,USW2-USW1-AWS-Out-Bytes
2026-03-16,2026-04-01,False,0.0,USW2-VendedLog-Bytes
2026-03-16,2026-04-01,False,0.007171013,USW2-VpcEndpoint-Bytes
2026-03-16,2026-04-01,False,18.13,USW2-VpcEndpoint-Hours
2026-03-16,2026-04-01,False,5.16129024,USW2-WebACLV2
2026-03-16,2026-04-01,False,0.000323125,USW2-WriteRequestUnits
2026-03-16,2026-04-01,False,0.0,af-south-1-KMS-Requests
2026-03-16,2026-04-01,False,0.0,ap-east-1-KMS-Requests
2026-03-16,2026-04-01,False,0.0,ap-northeast-1-KMS-Requests
2026-03-16,2026-04-01,False,0.0,ap-northeast-2-KMS-Requests
2026-03-16,2026-04-01,False,0.0,ap-northeast-3-KMS-Requests
2026-03-16,2026-04-01,False,0.0,ap-south-1-KMS-Requests
2026-03-16,2026-04-01,False,0.0,ap-south-2-KMS-Requests
2026-03-16,2026-04-01,False,0.0,ap-southeast-1-KMS-Requests
2026-03-16,2026-04-01,False,0.0,ap-southeast-2-KMS-Requests
2026-03-16,2026-04-01,False,0.0,ap-southeast-3-KMS-Requests
2026-03-16,2026-04-01,False,0.0,ca-central-1-KMS-Requests
2026-03-16,2026-04-01,False,0.0,eu-central-1-KMS-Requests
2026-03-16,2026-04-01,False,0.0,eu-north-1-KMS-Requests
2026-03-16,2026-04-01,False,0.0,eu-west-1-KMS-Requests
2026-03-16,2026-04-01,False,0.0,eu-west-2-KMS-Requests
2026-03-16,2026-04-01,False,0.0,eu-west-3-KMS-Requests
2026-03-16,2026-04-01,False,0.0,sa-east-1-KMS-Requests
2026-03-16,2026-04-01,False,0.0,us-east-1-KMS-Requests
2026-03-16,2026-04-01,False,0.0,us-east-2-KMS-Requests
2026-03-16,2026-04-01,False,0.0,us-west-1-KMS-Requests
2026-03-16,2026-04-01,False,1.548387072,us-west-2-KMS-Keys
2026-03-16,2026-04-01,False,0.0,us-west-2-KMS-Requests
2026-04-01,2026-05-01,False,0.00025,AFS1-AWSSecretsManagerAPIRequest
2026-04-01,2026-05-01,False,0.0,AFS1-Catalog-Request
2026-04-01,2026-05-01,False,0.0,AFS1-DataTransfer-Out-Bytes
2026-04-01,2026-05-01,False,0.0,AFS1-EC2-free-metering
2026-04-01,2026-05-01,False,0.0,AFS1-ECR-free-metering
2026-04-01,2026-05-01,False,0.654265,AFS1-EventsAnalyzed
2026-04-01,2026-05-01,False,0.0,AFS1-Lambda-Standard-free-metering
2026-04-01,2026-05-01,False,0.0,AFS1-Requests-Tier1
2026-04-01,2026-05-01,False,0.0027,AFS1-Requests-Tier8
2026-04-01,2026-05-01,False,0.0,AFS1-SC-API-Calls
2026-04-01,2026-05-01,False,0.0,AFS1-SecurityHubProduct:FreeFindingsIngestion
2026-04-01,2026-05-01,False,0.00036,AFS1-Tables-Requests-Tier1
2026-04-01,2026-05-01,False,0.0,AFS1-USW2-AWS-In-Bytes
2026-04-01,2026-05-01,False,1.7e-07,AFS1-USW2-AWS-Out-Bytes
2026-04-01,2026-05-01,False,0.00025,APE1-AWSSecretsManagerAPIRequest
2026-04-01,2026-05-01,False,0.0,APE1-Catalog-Request
2026-04-01,2026-05-01,False,0.0,APE1-DataTransfer-Out-Bytes
2026-04-01,2026-05-01,False,0.0,APE1-EC2-free-metering
2026-04-01,2026-05-01,False,0.0,APE1-ECR-free-metering
2026-04-01,2026-05-01,False,0.6902016,APE1-EventsAnalyzed
2026-04-01,2026-05-01,False,0.0,APE1-Lambda-Standard-free-metering
2026-04-01,2026-05-01,False,0.0,APE1-OtherProduct:PaidFindingsIngestion
2026-04-01,2026-05-01,False,0.0,APE1-Requests-Tier1
2026-04-01,2026-05-01,False,0.0027,APE1-Requests-Tier8
2026-04-01,2026-05-01,False,0.0,APE1-SC-API-Calls
2026-04-01,2026-05-01,False,0.0,APE1-SecurityHubProduct:FreeFindingsIngestion
2026-04-01,2026-05-01,False,0.0003,APE1-Tables-Requests-Tier1
2026-04-01,2026-05-01,False,0.0,APE1-USW2-AWS-In-Bytes
2026-04-01,2026-05-01,False,1.05e-07,APE1-USW2-AWS-Out-Bytes
2026-04-01,2026-05-01,False,0.00104,APN1-AWSSecretsManagerAPIRequest
2026-04-01,2026-05-01,False,0.0,APN1-Catalog-Request
2026-04-01,2026-05-01,False,0.0,APN1-DataTransfer-Out-Bytes
2026-04-01,2026-05-01,False,0.0,APN1-EC2-free-metering
2026-04-01,2026-05-01,False,0.0,APN1-ECR-free-metering
2026-04-01,2026-05-01,False,0.61805096,APN1-EventsAnalyzed
2026-04-01,2026-05-01,False,0.0,APN1-Lambda-Code-free-metering
2026-04-01,2026-05-01,False,0.0,APN1-Lambda-Standard-free-metering
2026-04-01,2026-05-01,False,0.0,APN1-OtherProduct:PaidFindingsIngestion
2026-04-01,2026-05-01,False,0.96,APN1-PaidComplianceCheck
2026-04-01,2026-05-01,False,0.10868272,APN1-PaidEventsAnalyzed
2026-04-01,2026-05-01,False,0.000282,APN1-Requests-Tier1
2026-04-01,2026-05-01,False,0.0027,APN1-Requests-Tier8
2026-04-01,2026-05-01,False,0.0,APN1-SC-API-Calls
2026-04-01,2026-05-01,False,0.0,APN1-SecurityHubProduct:FreeFindingsIngestion
2026-04-01,2026-05-01,False,0.000282,APN1-Tables-Requests-Tier1
2026-04-01,2026-05-01,False,0.0,APN1-USW2-AWS-In-Bytes
2026-04-01,2026-05-01,False,4.368e-07,APN1-USW2-AWS-Out-Bytes
2026-04-01,2026-05-01,False,0.00104,APN2-AWSSecretsManagerAPIRequest
2026-04-01,2026-05-01,False,0.0,APN2-Catalog-Request
2026-04-01,2026-05-01,False,0.0,APN2-DataTransfer-Out-Bytes
2026-04-01,2026-05-01,False,0.0,APN2-EC2-free-metering
2026-04-01,2026-05-01,False,0.0,APN2-ECR-free-metering
2026-04-01,2026-05-01,False,0.6023562,APN2-EventsAnalyzed
2026-04-01,2026-05-01,False,0.0,APN2-Lambda-Standard-free-metering
2026-04-01,2026-05-01,False,0.0,APN2-OtherProduct:PaidFindingsIngestion
2026-04-01,2026-05-01,False,0.96,APN2-PaidComplianceCheck
2026-04-01,2026-05-01,False,0.1060254,APN2-PaidEventsAnalyzed
2026-04-01,2026-05-01,False,0.0,APN2-Requests-Tier1
2026-04-01,2026-05-01,False,0.0027,APN2-Requests-Tier8
2026-04-01,2026-05-01,False,0.0,APN2-SC-API-Calls
2026-04-01,2026-05-01,False,0.0,APN2-SecurityHubProduct:FreeFindingsIngestion
2026-04-01,2026-05-01,False,0.00027,APN2-Tables-Requests-Tier1
2026-04-01,2026-05-01,False,0.0,APN2-USW2-AWS-In-Bytes
2026-04-01,2026-05-01,False,3.848e-07,APN2-USW2-AWS-Out-Bytes
2026-04-01,2026-05-01,False,0.00104,APN3-AWSSecretsManagerAPIRequest
2026-04-01,2026-05-01,False,0.0,APN3-Catalog-Request
2026-04-01,2026-05-01,False,0.0,APN3-DataTransfer-Out-Bytes
2026-04-01,2026-05-01,False,0.0,APN3-EC2-free-metering
2026-04-01,2026-05-01,False,0.0,APN3-ECR-free-metering
2026-04-01,2026-05-01,False,0.65322,APN3-EventsAnalyzed
2026-04-01,2026-05-01,False,0.0,APN3-Lambda-Standard-free-metering
2026-04-01,2026-05-01,False,0.0,APN3-OtherProduct:PaidFindingsIngestion
2026-04-01,2026-05-01,False,0.96,APN3-PaidComplianceCheck
2026-04-01,2026-05-01,False,0.113705,APN3-PaidEventsAnalyzed
2026-04-01,2026-05-01,False,0.0,APN3-Requests-Tier1
2026-04-01,2026-05-01,False,0.0027,APN3-Requests-Tier8
2026-04-01,2026-05-01,False,0.0,APN3-SC-API-Calls
2026-04-01,2026-05-01,False,0.0,APN3-SecurityHubProduct:FreeFindingsIngestion
2026-04-01,2026-05-01,False,0.000282,APN3-Tables-Requests-Tier1
2026-04-01,2026-05-01,False,0.0,APN3-USW2-AWS-In-Bytes
2026-04-01,2026-05-01,False,4.368e-07,APN3-USW2-AWS-Out-Bytes
2026-04-01,2026-05-01,False,0.00104,APS1-AWSSecretsManagerAPIRequest
2026-04-01,2026-05-01,False,0.0,APS1-Catalog-Request
2026-04-01,2026-05-01,False,0.0,APS1-DataTransfer-Out-Bytes
2026-04-01,2026-05-01,False,0.0,APS1-EC2-free-metering
2026-04-01,2026-05-01,False,0.0,APS1-ECR-free-metering
2026-04-01,2026-05-01,False,0.6023194,APS1-EventsAnalyzed
2026-04-01,2026-05-01,False,0.0,APS1-Lambda-Code-free-metering
2026-04-01,2026-05-01,False,0.0,APS1-Lambda-Standard-free-metering
2026-04-01,2026-05-01,False,0.96,APS1-PaidComplianceCheck
2026-04-01,2026-05-01,False,0.1059288,APS1-PaidEventsAnalyzed
2026-04-01,2026-05-01,False,0.0,APS1-Requests-Tier1
2026-04-01,2026-05-01,False,0.0027,APS1-Requests-Tier8
2026-04-01,2026-05-01,False,0.0,APS1-SC-API-Calls
2026-04-01,2026-05-01,False,0.0,APS1-SecurityHubProduct:FreeFindingsIngestion
2026-04-01,2026-05-01,False,0.0003,APS1-Tables-Requests-Tier1
2026-04-01,2026-05-01,False,0.0,APS1-USW2-AWS-In-Bytes
2026-04-01,2026-05-01,False,4.368e-07,APS1-USW2-AWS-Out-Bytes
2026-04-01,2026-05-01,False,0.00104,APS2-AWSSecretsManagerAPIRequest
2026-04-01,2026-05-01,False,0.0,APS2-Catalog-Request
2026-04-01,2026-05-01,False,0.0,APS2-DataTransfer-Out-Bytes
2026-04-01,2026-05-01,False,0.0,APS2-EC2-free-metering
2026-04-01,2026-05-01,False,0.0,APS2-ECR-free-metering
2026-04-01,2026-05-01,False,0.602347,APS2-EventsAnalyzed
2026-04-01,2026-05-01,False,0.0,APS2-Lambda-Code-free-metering
2026-04-01,2026-05-01,False,0.0,APS2-Lambda-Standard-free-metering
2026-04-01,2026-05-01,False,0.96,APS2-PaidComplianceCheck
2026-04-01,2026-05-01,False,0.1059104,APS2-PaidEventsAnalyzed
2026-04-01,2026-05-01,False,0.0,APS2-Requests-Tier1
2026-04-01,2026-05-01,False,0.0027,APS2-Requests-Tier8
2026-04-01,2026-05-01,False,0.0,APS2-SC-API-Calls
2026-04-01,2026-05-01,False,0.0,APS2-SecurityHubProduct:FreeFindingsIngestion
2026-04-01,2026-05-01,False,0.00033,APS2-Tables-Requests-Tier1
2026-04-01,2026-05-01,False,0.0,APS2-USW2-AWS-In-Bytes
2026-04-01,2026-05-01,False,4.68e-07,APS2-USW2-AWS-Out-Bytes
2026-04-01,2026-05-01,False,0.0,APS3-AFS1-AWS-In-Bytes
2026-04-01,2026-05-01,False,0.0,APS3-APE1-AWS-In-Bytes
2026-04-01,2026-05-01,False,0.0,APS3-APN1-AWS-In-Bytes
2026-04-01,2026-05-01,False,0.0,APS3-APN2-AWS-In-Bytes
2026-04-01,2026-05-01,False,0.0,APS3-APS1-AWS-In-Bytes
2026-04-01,2026-05-01,False,0.0,APS3-APS2-AWS-In-Bytes
2026-04-01,2026-05-01,False,0.0,APS3-APS5-AWS-In-Bytes
2026-04-01,2026-05-01,False,0.0,APS3-APS8-AWS-In-Bytes
2026-04-01,2026-05-01,False,0.0,APS3-APS9-AWS-In-Bytes
2026-04-01,2026-05-01,False,0.00104,APS3-AWSSecretsManagerAPIRequest
2026-04-01,2026-05-01,False,0.0,APS3-CAN1-AWS-In-Bytes
2026-04-01,2026-05-01,False,0.0,APS3-Catalog-Request
2026-04-01,2026-05-01,False,0.0,APS3-DataTransfer-In-Bytes
2026-04-01,2026-05-01,False,0.0,APS3-DataTransfer-Out-Bytes
2026-04-01,2026-05-01,False,5.827e-07,APS3-DataTransfer-Regional-Bytes
2026-04-01,2026-05-01,False,2.408471679,APS3-EBS:SnapshotUsage
2026-04-01,2026-05-01,False,0.0,APS3-EC2-free-metering
2026-04-01,2026-05-01,False,0.0,APS3-ECR-free-metering
2026-04-01,2026-05-01,False,0.0,APS3-ESC1-AWS-In-Bytes
2026-04-01,2026-05-01,False,0.0,APS3-EU-AWS-In-Bytes
2026-04-01,2026-05-01,False,0.0,APS3-EUC1-AWS-In-Bytes
2026-04-01,2026-05-01,False,0.0,APS3-EUC2-AWS-In-Bytes
2026-04-01,2026-05-01,False,0.0,APS3-EUN1-AWS-In-Bytes
2026-04-01,2026-05-01,False,0.0,APS3-EUW2-AWS-In-Bytes
2026-04-01,2026-05-01,False,0.0,APS3-EUW3-AWS-In-Bytes
2026-04-01,2026-05-01,False,3.2e-09,APS3-EUW3-AWS-Out-Bytes
2026-04-01,2026-05-01,False,0.5871184,APS3-EventsAnalyzed
2026-04-01,2026-05-01,False,0.0,APS3-ILC1-AWS-In-Bytes
2026-04-01,2026-05-01,False,0.0,APS3-Lambda-Standard-free-metering
2026-04-01,2026-05-01,False,5.67282e-05,APS3-NatGateway-Bytes
2026-04-01,2026-05-01,False,80.64,APS3-NatGateway-Hours
2026-04-01,2026-05-01,False,0.96,APS3-PaidComplianceCheck
2026-04-01,2026-05-01,False,0.1013012,APS3-PaidEventsAnalyzed
2026-04-01,2026-05-01,False,7.2,APS3-PublicIPv4:InUseAddress
2026-04-01,2026-05-01,False,0.0003,APS3-Requests-Tier1
2026-04-01,2026-05-01,False,0.000498,APS3-Requests-Tier2
2026-04-01,2026-05-01,False,0.0027,APS3-Requests-Tier8
2026-04-01,2026-05-01,False,0.0,APS3-SC-API-Calls
2026-04-01,2026-05-01,False,0.0,APS3-SecurityHubProduct:FreeFindingsIngestion
2026-04-01,2026-05-01,False,0.0003,APS3-Tables-Requests-Tier1
2026-04-01,2026-05-01,False,15.841378869,APS3-TimedStorage-ByteHrs
2026-04-01,2026-05-01,False,0.0,APS3-UGW1-AWS-In-Bytes
2026-04-01,2026-05-01,False,0.0,APS3-USE1-AWS-In-Bytes
2026-04-01,2026-05-01,False,0.0,APS3-USE2-AWS-In-Bytes
2026-04-01,2026-05-01,False,3.2e-08,APS3-USE2-AWS-Out-Bytes
2026-04-01,2026-05-01,False,0.0,APS3-USW1-AWS-In-Bytes
2026-04-01,2026-05-01,False,0.0,APS3-USW2-AWS-In-Bytes
2026-04-01,2026-05-01,False,2.85407e-05,APS3-USW2-AWS-Out-Bytes
2026-04-01,2026-05-01,False,0.00025,APS4-AWSSecretsManagerAPIRequest
2026-04-01,2026-05-01,False,0.0,APS4-Catalog-Request
2026-04-01,2026-05-01,False,0.0,APS4-DataTransfer-Out-Bytes
2026-04-01,2026-05-01,False,0.0,APS4-EC2-free-metering
2026-04-01,2026-05-01,False,0.0,APS4-ECR-free-metering
2026-04-01,2026-05-01,False,0.6002954,APS4-EventsAnalyzed
2026-04-01,2026-05-01,False,0.0,APS4-Lambda-Standard-free-metering
2026-04-01,2026-05-01,False,0.0,APS4-Requests-Tier1
2026-04-01,2026-05-01,False,0.0027,APS4-Requests-Tier8
2026-04-01,2026-05-01,False,0.0,APS4-SC-API-Calls
2026-04-01,2026-05-01,False,0.0,APS4-SecurityHubProduct:FreeFindingsIngestion
2026-04-01,2026-05-01,False,0.0003,APS4-Tables-Requests-Tier1
2026-04-01,2026-05-01,False,0.0,APS4-USW2-AWS-In-Bytes
2026-04-01,2026-05-01,False,4.75e-08,APS4-USW2-AWS-Out-Bytes
2026-04-01,2026-05-01,False,0.00025,APS5-AWSSecretsManagerAPIRequest
2026-04-01,2026-05-01,False,0.0,APS5-Catalog-Request
2026-04-01,2026-05-01,False,0.0,APS5-DataTransfer-Out-Bytes
2026-04-01,2026-05-01,False,0.0,APS5-EC2-free-metering
2026-04-01,2026-05-01,False,0.0,APS5-ECR-free-metering
2026-04-01,2026-05-01,False,0.5730472,APS5-EventsAnalyzed
2026-04-01,2026-05-01,False,0.0,APS5-Lambda-Standard-free-metering
2026-04-01,2026-05-01,False,0.0,APS5-Requests-Tier1
2026-04-01,2026-05-01,False,0.0027,APS5-Requests-Tier8
2026-04-01,2026-05-01,False,0.0,APS5-SC-API-Calls
2026-04-01,2026-05-01,False,0.0,APS5-SecurityHubProduct:FreeFindingsIngestion
2026-04-01,2026-05-01,False,0.0003,APS5-Tables-Requests-Tier1
2026-04-01,2026-05-01,False,0.0,APS5-USW2-AWS-In-Bytes
2026-04-01,2026-05-01,False,4e-08,APS5-USW2-AWS-Out-Bytes
2026-04-01,2026-05-01,False,0.001034352,Aurora:BackupUsage
2026-04-01,2026-05-01,False,2.4900304,Aurora:StorageIOUsage
2026-04-01,2026-05-01,False,0.0078466451,Aurora:StorageUsage
2026-04-01,2026-05-01,False,264.2969174336,BoxUsage:t3a.2xlarge
2026-04-01,2026-05-01,False,0.00104,CAN1-AWSSecretsManagerAPIRequest
2026-04-01,2026-05-01,False,0.0,CAN1-Catalog-Request
2026-04-01,2026-05-01,False,0.0,CAN1-DataTransfer-Out-Bytes
2026-04-01,2026-05-01,False,0.0,CAN1-EC2-free-metering
2026-04-01,2026-05-01,False,0.0,CAN1-ECR-free-metering
2026-04-01,2026-05-01,False,0.6020296,CAN1-EventsAnalyzed
2026-04-01,2026-05-01,False,0.0,CAN1-Lambda-Standard-free-metering
2026-04-01,2026-05-01,False,0.96,CAN1-PaidComplianceCheck
2026-04-01,2026-05-01,False,0.1056988,CAN1-PaidEventsAnalyzed
2026-04-01,2026-05-01,False,0.0,CAN1-Requests-Tier1
2026-04-01,2026-05-01,False,0.0027,CAN1-Requests-Tier8
2026-04-01,2026-05-01,False,0.0,CAN1-SC-API-Calls
2026-04-01,2026-05-01,False,0.0,CAN1-SecurityHubProduct:FreeFindingsIngestion
2026-04-01,2026-05-01,False,0.00033,CAN1-Tables-Requests-Tier1
2026-04-01,2026-05-01,False,0.0,CAN1-USW2-AWS-In-Bytes
2026-04-01,2026-05-01,False,1.04e-07,CAN1-USW2-AWS-Out-Bytes
2026-04-01,2026-05-01,False,0.2503452,DNS-Queries
2026-04-01,2026-05-01,False,0.9500032443,DashboardsUsageHour-Basic
2026-04-01,2026-05-01,False,0.0,DataTransfer-In-Bytes
2026-04-01,2026-05-01,False,0.0,DataTransfer-Out-Bytes
2026-04-01,2026-05-01,False,0.0088788278,DataTransfer-Regional-Bytes
2026-04-01,2026-05-01,False,261.0595463814,Dollar
2026-04-01,2026-05-01,False,32.8030888596,EBS:VolumeUsage.gp3
2026-04-01,2026-05-01,False,0.00104,EU-AWSSecretsManager-APIRequests
2026-04-01,2026-05-01,False,0.0,EU-Catalog-Request
2026-04-01,2026-05-01,False,0.0,EU-DataTransfer-Out-Bytes
2026-04-01,2026-05-01,False,1.282e-07,EU-DataTransfer-Out-OBytes
2026-04-01,2026-05-01,False,0.0,EU-EC2-free-metering
2026-04-01,2026-05-01,False,0.0,EU-ECR-free-metering
2026-04-01,2026-05-01,False,0.5761624,EU-EventsAnalyzed
2026-04-01,2026-05-01,False,0.0,EU-Lambda-Code-free-metering
2026-04-01,2026-05-01,False,0.0,EU-Lambda-Standard-free-metering
2026-04-01,2026-05-01,False,0.96,EU-PaidComplianceCheck
2026-04-01,2026-05-01,False,0.1013144,EU-PaidEventsAnalyzed
2026-04-01,2026-05-01,False,0.0,EU-Requests-HTTPS-Proxy
2026-04-01,2026-05-01,False,0.0003,EU-Requests-Tier1
2026-04-01,2026-05-01,False,0.0,EU-Requests-Tier2-HTTPS
2026-04-01,2026-05-01,False,0.0027,EU-Requests-Tier8
2026-04-01,2026-05-01,False,0.0,EU-SC-API-Calls
2026-04-01,2026-05-01,False,0.0,EU-SecurityHubProduct:FreeFindingsIngestion
2026-04-01,2026-05-01,False,0.0003,EU-Tables-Requests-Tier1
2026-04-01,2026-05-01,False,0.0,EU-USW2-AWS-In-Bytes
2026-04-01,2026-05-01,False,1.04e-07,EU-USW2-AWS-Out-Bytes
2026-04-01,2026-05-01,False,0.0,EUC1-APE1-AWS-In-Bytes
2026-04-01,2026-05-01,False,0.0,EUC1-APN1-AWS-In-Bytes
2026-04-01,2026-05-01,False,0.0,EUC1-APN2-AWS-In-Bytes
2026-04-01,2026-05-01,False,0.0,EUC1-APN3-AWS-In-Bytes
2026-04-01,2026-05-01,False,0.0,EUC1-APS1-AWS-In-Bytes
2026-04-01,2026-05-01,False,0.0,EUC1-APS2-AWS-In-Bytes
2026-04-01,2026-05-01,False,0.0,EUC1-APS3-AWS-In-Bytes
2026-04-01,2026-05-01,False,0.0,EUC1-APS8-AWS-In-Bytes
2026-04-01,2026-05-01,False,0.0,EUC1-APS9-AWS-In-Bytes
2026-04-01,2026-05-01,False,0.00104,EUC1-AWSSecretsManagerAPIRequest
2026-04-01,2026-05-01,False,0.0,EUC1-CAN1-AWS-In-Bytes
2026-04-01,2026-05-01,False,0.0,EUC1-Catalog-Request
2026-04-01,2026-05-01,False,0.0,EUC1-DataTransfer-In-Bytes
2026-04-01,2026-05-01,False,0.0,EUC1-DataTransfer-Out-Bytes
2026-04-01,2026-05-01,False,1.28e-07,EUC1-DataTransfer-Regional-Bytes
2026-04-01,2026-05-01,False,0.0,EUC1-EC2-free-metering
2026-04-01,2026-05-01,False,0.0,EUC1-ECR-free-metering
2026-04-01,2026-05-01,False,0.0,EUC1-ESC1-AWS-In-Bytes
2026-04-01,2026-05-01,False,0.0,EUC1-EU-AWS-In-Bytes
2026-04-01,2026-05-01,False,0.0,EUC1-EUN1-AWS-In-Bytes
2026-04-01,2026-05-01,False,0.0,EUC1-EUW2-AWS-In-Bytes
2026-04-01,2026-05-01,False,0.0,EUC1-EUW3-AWS-In-Bytes
2026-04-01,2026-05-01,False,7e-10,EUC1-EUW3-AWS-Out-Bytes
2026-04-01,2026-05-01,False,0.6145508,EUC1-EventsAnalyzed
2026-04-01,2026-05-01,False,0.0,EUC1-Lambda-Code-free-metering
2026-04-01,2026-05-01,False,0.0,EUC1-Lambda-Standard-free-metering
2026-04-01,2026-05-01,False,0.0,EUC1-MXC1-AWS-In-Bytes
2026-04-01,2026-05-01,False,2.43027e-05,EUC1-NatGateway-Bytes
2026-04-01,2026-05-01,False,74.88,EUC1-NatGateway-Hours
2026-04-01,2026-05-01,False,0.96,EUC1-PaidComplianceCheck
2026-04-01,2026-05-01,False,0.105915,EUC1-PaidEventsAnalyzed
2026-04-01,2026-05-01,False,7.2,EUC1-PublicIPv4:InUseAddress
2026-04-01,2026-05-01,False,0.0,EUC1-Requests-Tier1
2026-04-01,2026-05-01,False,0.00053535,EUC1-Requests-Tier2
2026-04-01,2026-05-01,False,0.0027,EUC1-Requests-Tier8
2026-04-01,2026-05-01,False,0.0,EUC1-SC-API-Calls
2026-04-01,2026-05-01,False,0.0,EUC1-SecurityHubProduct:FreeFindingsIngestion
2026-04-01,2026-05-01,False,0.000324,EUC1-Tables-Requests-Tier1
2026-04-01,2026-05-01,False,1.8201e-05,EUC1-TagStorage-TagHrs
2026-04-01,2026-05-01,False,42.558964392,EUC1-TimedStorage-ByteHrs
2026-04-01,2026-05-01,False,0.0,EUC1-USE1-AWS-In-Bytes
2026-04-01,2026-05-01,False,0.0,EUC1-USE2-AWS-In-Bytes
2026-04-01,2026-05-01,False,4.4e-09,EUC1-USE2-AWS-Out-Bytes
2026-04-01,2026-05-01,False,0.0,EUC1-USW1-AWS-In-Bytes
2026-04-01,2026-05-01,False,0.0,EUC1-USW2-AWS-In-Bytes
2026-04-01,2026-05-01,False,6.6745e-06,EUC1-USW2-AWS-Out-Bytes
2026-04-01,2026-05-01,False,5.9e-05,EUC1-Vectors-Request-Tier1
2026-04-01,2026-05-01,False,0.00104,EUN1-AWSSecretsManagerAPIRequest
2026-04-01,2026-05-01,False,0.0,EUN1-Catalog-Request
2026-04-01,2026-05-01,False,0.0,EUN1-DataTransfer-Out-Bytes
2026-04-01,2026-05-01,False,0.0,EUN1-EC2-free-metering
2026-04-01,2026-05-01,False,0.0,EUN1-ECR-free-metering
2026-04-01,2026-05-01,False,0.5496414,EUN1-EventsAnalyzed
2026-04-01,2026-05-01,False,0.0,EUN1-Lambda-Code-free-metering
2026-04-01,2026-05-01,False,0.0,EUN1-Lambda-Standard-free-metering
2026-04-01,2026-05-01,False,0.96,EUN1-PaidComplianceCheck
2026-04-01,2026-05-01,False,0.0963816,EUN1-PaidEventsAnalyzed
2026-04-01,2026-05-01,False,0.0003,EUN1-Requests-Tier1
2026-04-01,2026-05-01,False,0.0027,EUN1-Requests-Tier8
2026-04-01,2026-05-01,False,0.0,EUN1-SC-API-Calls
2026-04-01,2026-05-01,False,0.0,EUN1-SecurityHubProduct:FreeFindingsIngestion
2026-04-01,2026-05-01,False,0.0003,EUN1-Tables-Requests-Tier1
2026-04-01,2026-05-01,False,0.0,EUN1-USW2-AWS-In-Bytes
2026-04-01,2026-05-01,False,1.04e-07,EUN1-USW2-AWS-Out-Bytes
2026-04-01,2026-05-01,False,0.00104,EUW2-AWSSecretsManagerAPIRequest
2026-04-01,2026-05-01,False,0.0,EUW2-Catalog-Request
2026-04-01,2026-05-01,False,0.0,EUW2-DataTransfer-Out-Bytes
2026-04-01,2026-05-01,False,0.0,EUW2-EC2-free-metering
2026-04-01,2026-05-01,False,0.0,EUW2-ECR-free-metering
2026-04-01,2026-05-01,False,0.5761624,EUW2-EventsAnalyzed
2026-04-01,2026-05-01,False,0.0,EUW2-Lambda-Code-free-metering
2026-04-01,2026-05-01,False,0.0,EUW2-Lambda-Standard-free-metering
2026-04-01,2026-05-01,False,0.96,EUW2-PaidComplianceCheck
2026-04-01,2026-05-01,False,0.1013056,EUW2-PaidEventsAnalyzed
2026-04-01,2026-05-01,False,0.0,EUW2-Requests-Tier1
2026-04-01,2026-05-01,False,0.0027,EUW2-Requests-Tier8
2026-04-01,2026-05-01,False,0.0,EUW2-SC-API-Calls
2026-04-01,2026-05-01,False,0.0,EUW2-SecurityHubProduct:FreeFindingsIngestion
2026-04-01,2026-05-01,False,0.000318,EUW2-Tables-Requests-Tier1
2026-04-01,2026-05-01,False,0.0,EUW2-USW2-AWS-In-Bytes
2026-04-01,2026-05-01,False,1.04e-07,EUW2-USW2-AWS-Out-Bytes
2026-04-01,2026-05-01,False,0.00104,EUW3-AWSSecretsManagerAPIRequest
2026-04-01,2026-05-01,False,0.0,EUW3-Catalog-Request
2026-04-01,2026-05-01,False,0.0,EUW3-DataTransfer-Out-Bytes
2026-04-01,2026-05-01,False,0.0,EUW3-EC2-free-metering
2026-04-01,2026-05-01,False,0.0,EUW3-ECR-free-metering
2026-04-01,2026-05-01,False,0.5760656,EUW3-EventsAnalyzed
2026-04-01,2026-05-01,False,0.0,EUW3-Lambda-Standard-free-metering
2026-04-01,2026-05-01,False,0.96,EUW3-PaidComplianceCheck
2026-04-01,2026-05-01,False,0.1012968,EUW3-PaidEventsAnalyzed
2026-04-01,2026-05-01,False,0.0,EUW3-Requests-Tier1
2026-04-01,2026-05-01,False,0.0027,EUW3-Requests-Tier8
2026-04-01,2026-05-01,False,0.0,EUW3-SC-API-Calls
2026-04-01,2026-05-01,False,0.0,EUW3-SecurityHubProduct:FreeFindingsIngestion
2026-04-01,2026-05-01,False,0.000318,EUW3-Tables-Requests-Tier1
2026-04-01,2026-05-01,False,0.0,EUW3-USW2-AWS-In-Bytes
2026-04-01,2026-05-01,False,1.04e-07,EUW3-USW2-AWS-Out-Bytes
2026-04-01,2026-05-01,False,0.0,Global-Bucket-Hrs-FreeTier
2026-04-01,2026-05-01,False,1.90715256,Global-MonitoredIAMRole
2026-04-01,2026-05-01,False,0.37603008,Global-MonitoredIAMUser
2026-04-01,2026-05-01,False,2.000000016,Global-RuleV2
2026-04-01,2026-05-01,False,5.00000004,Global-WebACLV2
2026-04-01,2026-05-01,False,14.1,HostedZone
2026-04-01,2026-05-01,False,92.20611088,InstanceUsage:db.r6g.large
2026-04-01,2026-05-01,False,103.68,InstanceUsage:db.t3.medium
2026-04-01,2026-05-01,False,52.56,InstanceUsage:db.t4g.medium
2026-04-01,2026-05-01,False,0.0,Intra-AWS-DNS-Queries
2026-04-01,2026-05-01,False,0.0,Invalidations
2026-04-01,2026-05-01,False,16.2,LoadBalancerUsage
2026-04-01,2026-05-01,False,1.61929e-05,NatGateway-Bytes
2026-04-01,2026-05-01,False,71.955,NatGateway-Hours
2026-04-01,2026-05-01,False,22.999999968,RDS:GP2-Storage
2026-04-01,2026-05-01,False,0.0,Requests-RBP
2026-04-01,2026-05-01,False,0.396625,Requests-Tier1
2026-04-01,2026-05-01,False,0.0017148,Requests-Tier2
2026-04-01,2026-05-01,False,0.0027,Requests-Tier8
2026-04-01,2026-05-01,False,130.0,Route53-Domains
2026-04-01,2026-05-01,False,0.00104,SAE1-AWSSecretsManagerAPIRequest
2026-04-01,2026-05-01,False,0.0,SAE1-Catalog-Request
2026-04-01,2026-05-01,False,0.0,SAE1-DataTransfer-Out-Bytes
2026-04-01,2026-05-01,False,0.0,SAE1-EC2-free-metering
2026-04-01,2026-05-01,False,0.0,SAE1-ECR-free-metering
2026-04-01,2026-05-01,False,0.91574,SAE1-EventsAnalyzed
2026-04-01,2026-05-01,False,0.0,SAE1-Lambda-Standard-free-metering
2026-04-01,2026-05-01,False,0.96,SAE1-PaidComplianceCheck
2026-04-01,2026-05-01,False,0.160475,SAE1-PaidEventsAnalyzed
2026-04-01,2026-05-01,False,0.0,SAE1-Requests-Tier1
2026-04-01,2026-05-01,False,0.0027,SAE1-Requests-Tier8
2026-04-01,2026-05-01,False,0.0,SAE1-SC-API-Calls
2026-04-01,2026-05-01,False,0.0,SAE1-SecurityHubProduct:FreeFindingsIngestion
2026-04-01,2026-05-01,False,0.00042,SAE1-Tables-Requests-Tier1
2026-04-01,2026-05-01,False,0.0,SAE1-USW2-AWS-In-Bytes
2026-04-01,2026-05-01,False,6.76e-07,SAE1-USW2-AWS-Out-Bytes
2026-04-01,2026-05-01,False,0.0003,Tables-Requests-Tier1
2026-04-01,2026-05-01,False,0.0111672141,TimedStorage-ByteHrs
2026-04-01,2026-05-01,False,0.0,US-DataTransfer-Out-Bytes
2026-04-01,2026-05-01,False,0.0,US-Requests-Tier1
2026-04-01,2026-05-01,False,0.0,US-Requests-Tier2-HTTPS
2026-04-01,2026-05-01,False,0.0,USE1-AFS1-AWS-In-Bytes
2026-04-01,2026-05-01,False,0.0,USE1-APE1-AWS-In-Bytes
2026-04-01,2026-05-01,False,0.0,USE1-APE2-AWS-In-Bytes
2026-04-01,2026-05-01,False,0.0,USE1-APN1-AWS-In-Bytes
2026-04-01,2026-05-01,False,4.8e-08,USE1-APN1-AWS-Out-Bytes
2026-04-01,2026-05-01,False,0.0,USE1-APN2-AWS-In-Bytes
2026-04-01,2026-05-01,False,1.69217e-05,USE1-APN2-AWS-Out-Bytes
2026-04-01,2026-05-01,False,0.0,USE1-APN3-AWS-In-Bytes
2026-04-01,2026-05-01,False,0.0,USE1-APS1-AWS-In-Bytes
2026-04-01,2026-05-01,False,7.424e-07,USE1-APS1-AWS-Out-Bytes
2026-04-01,2026-05-01,False,0.0,USE1-APS2-AWS-In-Bytes
2026-04-01,2026-05-01,False,3.44688e-05,USE1-APS2-AWS-Out-Bytes
2026-04-01,2026-05-01,False,0.0,USE1-APS3-AWS-In-Bytes
2026-04-01,2026-05-01,False,6.089e-07,USE1-APS3-AWS-Out-Bytes
2026-04-01,2026-05-01,False,0.0,USE1-APS5-AWS-In-Bytes
2026-04-01,2026-05-01,False,0.0,USE1-APS8-AWS-In-Bytes
2026-04-01,2026-05-01,False,0.0,USE1-APS9-AWS-In-Bytes
2026-04-01,2026-05-01,False,1.3970637003,USE1-AWSSecretsManager-Secrets
2026-04-01,2026-05-01,False,0.002445,USE1-AWSSecretsManagerAPIRequest
2026-04-01,2026-05-01,False,0.0,USE1-CAN1-AWS-In-Bytes
2026-04-01,2026-05-01,False,4.603e-07,USE1-CAN1-AWS-Out-Bytes
2026-04-01,2026-05-01,False,0.0,USE1-CUPM2MAppClientsFull
2026-04-01,2026-05-01,False,0.03375,USE1-CUPM2MTokenRequestsFull
2026-04-01,2026-05-01,False,0.0,USE1-Catalog-Request
2026-04-01,2026-05-01,False,0.0,USE1-CloudFront-In-Bytes
2026-04-01,2026-05-01,False,0.0,USE1-CloudFront-Out-Bytes
2026-04-01,2026-05-01,False,0.0,USE1-CognitoEssentialsMAU
2026-04-01,2026-05-01,False,0.9391166236,USE1-CostDataStorage
2026-04-01,2026-05-01,False,0.0,USE1-EC2-free-metering
2026-04-01,2026-05-01,False,0.0,USE1-ECR-free-metering
2026-04-01,2026-05-01,False,0.0,USE1-ESC1-AWS-In-Bytes
2026-04-01,2026-05-01,False,0.0,USE1-EU-AWS-In-Bytes
2026-04-01,2026-05-01,False,2.5099e-06,USE1-EU-AWS-Out-Bytes
2026-04-01,2026-05-01,False,0.0,USE1-EUC1-AWS-In-Bytes
2026-04-01,2026-05-01,False,0.0001066374,USE1-EUC1-AWS-Out-Bytes
2026-04-01,2026-05-01,False,0.0,USE1-EUC2-AWS-In-Bytes
2026-04-01,2026-05-01,False,0.0,USE1-EUN1-AWS-In-Bytes
2026-04-01,2026-05-01,False,8.3e-08,USE1-EUN1-AWS-Out-Bytes
2026-04-01,2026-05-01,False,0.0,USE1-EUW2-AWS-In-Bytes
2026-04-01,2026-05-01,False,4.602e-07,USE1-EUW2-AWS-Out-Bytes
2026-04-01,2026-05-01,False,0.0,USE1-EUW3-AWS-In-Bytes
2026-04-01,2026-05-01,False,4.87e-08,USE1-EUW3-AWS-Out-Bytes
2026-04-01,2026-05-01,False,0.714744,USE1-EventsAnalyzed
2026-04-01,2026-05-01,False,0.0,USE1-IssuePublicCertificateDomain
2026-04-01,2026-05-01,False,0.0,USE1-Lambda-Code-free-metering
2026-04-01,2026-05-01,False,0.0,USE1-Lambda-Standard-free-metering
2026-04-01,2026-05-01,False,0.0258609406,USE1-LogsAnalyzedBytes
2026-04-01,2026-05-01,False,4.5780957,USE1-MonitoredEC2
2026-04-01,2026-05-01,False,0.31248,USE1-MonitoredFunction
2026-04-01,2026-05-01,False,0.0,USE1-OtherProduct:PaidFindingsIngestion
2026-04-01,2026-05-01,False,0.96,USE1-PaidComplianceCheck
2026-04-01,2026-05-01,False,0.096848,USE1-PaidEventsAnalyzed
2026-04-01,2026-05-01,False,6.986111167,USE1-PaidRDSvCPUMonitored
2026-04-01,2026-05-01,False,0.00033056,USE1-PublicIPv4:IdleAddress
2026-04-01,2026-05-01,False,17.759648615,USE1-PublicIPv4:InUseAddress
2026-04-01,2026-05-01,False,0.0,USE1-Resource-Operation-Count
2026-04-01,2026-05-01,False,0.0,USE1-SAE1-AWS-In-Bytes
2026-04-01,2026-05-01,False,4.8e-08,USE1-SAE1-AWS-Out-Bytes
2026-04-01,2026-05-01,False,0.0,USE1-SC-API-Calls
2026-04-01,2026-05-01,False,0.0,USE1-SecurityHubProduct:FreeFindingsIngestion
2026-04-01,2026-05-01,False,0.0,USE1-TimedStorage-ByteHrs
2026-04-01,2026-05-01,False,0.0,USE1-USE2-AWS-In-Bytes
2026-04-01,2026-05-01,False,0.0002380865,USE1-USE2-AWS-Out-Bytes
2026-04-01,2026-05-01,False,0.0,USE1-USW1-AWS-In-Bytes
2026-04-01,2026-05-01,False,5.62e-08,USE1-USW1-AWS-Out-Bytes
2026-04-01,2026-05-01,False,0.0,USE1-USW2-AWS-In-Bytes
2026-04-01,2026-05-01,False,3.36911e-05,USE1-USW2-AWS-Out-Bytes
2026-04-01,2026-05-01,False,0.0,USE1-VendedLog-Bytes
2026-04-01,2026-05-01,False,0.001045,USE2-AWSSecretsManagerAPIRequest
2026-04-01,2026-05-01,False,0.0,USE2-Catalog-Request
2026-04-01,2026-05-01,False,0.0,USE2-DataTransfer-Out-Bytes
2026-04-01,2026-05-01,False,0.0,USE2-EC2-free-metering
2026-04-01,2026-05-01,False,0.0,USE2-ECR-free-metering
2026-04-01,2026-05-01,False,0.529336,USE2-EventsAnalyzed
2026-04-01,2026-05-01,False,0.0,USE2-Lambda-Code-free-metering
2026-04-01,2026-05-01,False,0.0,USE2-Lambda-Standard-free-metering
2026-04-01,2026-05-01,False,0.96,USE2-PaidComplianceCheck
2026-04-01,2026-05-01,False,0.095572,USE2-PaidEventsAnalyzed
2026-04-01,2026-05-01,False,0.00031,USE2-Requests-Tier1
2026-04-01,2026-05-01,False,0.0002444,USE2-Requests-Tier2
2026-04-01,2026-05-01,False,0.0027,USE2-Requests-Tier8
2026-04-01,2026-05-01,False,0.0,USE2-SC-API-Calls
2026-04-01,2026-05-01,False,0.0,USE2-SecurityHubProduct:FreeFindingsIngestion
2026-04-01,2026-05-01,False,0.0003,USE2-Tables-Requests-Tier1
2026-04-01,2026-05-01,False,3.9e-08,USE2-TimedStorage-ByteHrs
2026-04-01,2026-05-01,False,0.0,USE2-USW2-AWS-In-Bytes
2026-04-01,2026-05-01,False,2.8158e-06,USE2-USW2-AWS-Out-Bytes
2026-04-01,2026-05-01,False,0.00104,USW1-AWSSecretsManagerAPIRequest
2026-04-01,2026-05-01,False,0.0,USW1-Catalog-Request
2026-04-01,2026-05-01,False,0.0,USW1-DataTransfer-Out-Bytes
2026-04-01,2026-05-01,False,0.0,USW1-EC2-free-metering
2026-04-01,2026-05-01,False,0.0,USW1-ECR-free-metering
2026-04-01,2026-05-01,False,0.5746576,USW1-EventsAnalyzed
2026-04-01,2026-05-01,False,0.0,USW1-Lambda-Standard-free-metering
2026-04-01,2026-05-01,False,0.96,USW1-PaidComplianceCheck
2026-04-01,2026-05-01,False,0.09988,USW1-PaidEventsAnalyzed
2026-04-01,2026-05-01,False,0.0,USW1-Requests-Tier1
2026-04-01,2026-05-01,False,0.0027,USW1-Requests-Tier8
2026-04-01,2026-05-01,False,0.0,USW1-SC-API-Calls
2026-04-01,2026-05-01,False,0.0,USW1-SecurityHubProduct:FreeFindingsIngestion
2026-04-01,2026-05-01,False,0.00033,USW1-Tables-Requests-Tier1
2026-04-01,2026-05-01,False,0.0,USW1-USW2-AWS-In-Bytes
2026-04-01,2026-05-01,False,1.04e-07,USW1-USW2-AWS-Out-Bytes
2026-04-01,2026-05-01,False,0.0,USW2-AFS1-AWS-In-Bytes
2026-04-01,2026-05-01,False,0.0004112067,USW2-AFS1-AWS-Out-Bytes
2026-04-01,2026-05-01,False,0.0,USW2-APE1-AWS-In-Bytes
2026-04-01,2026-05-01,False,0.0004048285,USW2-APE1-AWS-Out-Bytes
2026-04-01,2026-05-01,False,0.0,USW2-APE2-AWS-In-Bytes
2026-04-01,2026-05-01,False,0.0,USW2-APN1-AWS-In-Bytes
2026-04-01,2026-05-01,False,0.0017160194,USW2-APN1-AWS-Out-Bytes
2026-04-01,2026-05-01,False,0.0,USW2-APN2-AWS-In-Bytes
2026-04-01,2026-05-01,False,0.001729903,USW2-APN2-AWS-Out-Bytes
2026-04-01,2026-05-01,False,0.0,USW2-APN3-AWS-In-Bytes
2026-04-01,2026-05-01,False,0.0016625166,USW2-APN3-AWS-Out-Bytes
2026-04-01,2026-05-01,False,0.0,USW2-APS1-AWS-In-Bytes
2026-04-01,2026-05-01,False,0.001727664,USW2-APS1-AWS-Out-Bytes
2026-04-01,2026-05-01,False,0.0,USW2-APS2-AWS-In-Bytes
2026-04-01,2026-05-01,False,0.0017403922,USW2-APS2-AWS-Out-Bytes
2026-04-01,2026-05-01,False,0.0,USW2-APS3-AWS-In-Bytes
2026-04-01,2026-05-01,False,0.0018428008,USW2-APS3-AWS-Out-Bytes
2026-04-01,2026-05-01,False,0.0,USW2-APS4-AWS-In-Bytes
2026-04-01,2026-05-01,False,0.0004020855,USW2-APS4-AWS-Out-Bytes
2026-04-01,2026-05-01,False,0.0,USW2-APS5-AWS-In-Bytes
2026-04-01,2026-05-01,False,0.0003816783,USW2-APS5-AWS-Out-Bytes
2026-04-01,2026-05-01,False,0.0,USW2-APS8-AWS-In-Bytes
2026-04-01,2026-05-01,False,0.0,USW2-APS9-AWS-In-Bytes
2026-04-01,2026-05-01,False,3.0103323305,USW2-AWSSecretsManager-Secrets
2026-04-01,2026-05-01,False,0.008795,USW2-AWSSecretsManagerAPIRequest
2026-04-01,2026-05-01,False,1.6599168,USW2-Aurora:StorageIOUsage
2026-04-01,2026-05-01,False,0.005278032,USW2-Aurora:StorageUsage
2026-04-01,2026-05-01,False,0.0,USW2-BKK1-AWS-In-Bytes
2026-04-01,2026-05-01,False,25.419786624,USW2-BoxUsage:m5.xlarge
2026-04-01,2026-05-01,False,777.502550412,USW2-BoxUsage:r7i.2xlarge
2026-04-01,2026-05-01,False,14.9751651296,USW2-BoxUsage:t3.micro
2026-04-01,2026-05-01,False,119.808,USW2-BoxUsage:t3.xlarge
2026-04-01,2026-05-01,False,161.2255411328,USW2-BoxUsage:t3a.2xlarge
2026-04-01,2026-05-01,False,0.0,USW2-CAN1-AWS-In-Bytes
2026-04-01,2026-05-01,False,0.0017167892,USW2-CAN1-AWS-Out-Bytes
2026-04-01,2026-05-01,False,0.0,USW2-CUPM2MAppClientsFull
2026-04-01,2026-05-01,False,0.108,USW2-CUPM2MTokenRequestsFull
2026-04-01,2026-05-01,False,1.3255093138,USW2-CW:AlarmMonitorUsage
2026-04-01,2026-05-01,False,1.1574074265,USW2-CW:CompositeAlarmMonitorUsage
2026-04-01,2026-05-01,False,1.4495831235,USW2-CW:MetricMonitorUsage
2026-04-01,2026-05-01,False,0.0,USW2-CW:Requests
2026-04-01,2026-05-01,False,0.0,USW2-Catalog-Request
2026-04-01,2026-05-01,False,0.0,USW2-CloudFront-In-Bytes
2026-04-01,2026-05-01,False,0.0,USW2-CloudFront-Out-Bytes
2026-04-01,2026-05-01,False,0.0,USW2-CognitoEssentialsMAU
2026-04-01,2026-05-01,False,0.0,USW2-DataProcessing-Bytes
2026-04-01,2026-05-01,False,0.0,USW2-DataTransfer-In-Bytes
2026-04-01,2026-05-01,False,0.0,USW2-DataTransfer-Out-Bytes
2026-04-01,2026-05-01,False,2.5507026166,USW2-DataTransfer-Regional-Bytes
2026-04-01,2026-05-01,False,0.0,USW2-DataTransfer-xAZ-In-Bytes
2026-04-01,2026-05-01,False,0.0,USW2-DataTransfer-xAZ-Out-Bytes
2026-04-01,2026-05-01,False,0.0,USW2-DeliveryAttempts-SMTP
2026-04-01,2026-05-01,False,1.5697203564,USW2-EBS:SnapshotUsage
2026-04-01,2026-05-01,False,243.939741055,USW2-EBS:VolumeUsage.gp3
2026-04-01,2026-05-01,False,0.0,USW2-EBSOptimized:c6i.32xlarge
2026-04-01,2026-05-01,False,0.0,USW2-EBSOptimized:c6i.metal
2026-04-01,2026-05-01,False,0.0,USW2-EBSOptimized:c7i.48xlarge
2026-04-01,2026-05-01,False,0.0,USW2-EBSOptimized:c7i.metal-48xl
2026-04-01,2026-05-01,False,0.0,USW2-EBSOptimized:m7i.48xlarge
2026-04-01,2026-05-01,False,0.0,USW2-EBSOptimized:m7i.metal-48xl
2026-04-01,2026-05-01,False,0.0,USW2-EBSOptimized:r7i.48xlarge
2026-04-01,2026-05-01,False,0.0,USW2-EBSOptimized:r7i.metal-48xl
2026-04-01,2026-05-01,False,0.0,USW2-EC2-free-metering
2026-04-01,2026-05-01,False,0.0,USW2-ECR-free-metering
2026-04-01,2026-05-01,False,0.0,USW2-ESC1-AWS-In-Bytes
2026-04-01,2026-05-01,False,0.0,USW2-EU-AWS-In-Bytes
2026-04-01,2026-05-01,False,0.0017782648,USW2-EU-AWS-Out-Bytes
2026-04-01,2026-05-01,False,0.0,USW2-EUC1-AWS-In-Bytes
2026-04-01,2026-05-01,False,0.0024284174,USW2-EUC1-AWS-Out-Bytes
2026-04-01,2026-05-01,False,0.0,USW2-EUC2-AWS-In-Bytes
2026-04-01,2026-05-01,False,0.0,USW2-EUN1-AWS-In-Bytes
2026-04-01,2026-05-01,False,0.0016941511,USW2-EUN1-AWS-Out-Bytes
2026-04-01,2026-05-01,False,0.0,USW2-EUW2-AWS-In-Bytes
2026-04-01,2026-05-01,False,0.0017079546,USW2-EUW2-AWS-Out-Bytes
2026-04-01,2026-05-01,False,0.0,USW2-EUW3-AWS-In-Bytes
2026-04-01,2026-05-01,False,0.0017050225,USW2-EUW3-AWS-Out-Bytes
2026-04-01,2026-05-01,False,6.655968,USW2-EventsAnalyzed
2026-04-01,2026-05-01,False,6.3860468483,USW2-Fargate-GB-Hours
2026-04-01,2026-05-01,False,29.0784225476,USW2-Fargate-vCPU-Hours:perCPU
2026-04-01,2026-05-01,False,0.0,USW2-HAM1-AWS-In-Bytes
2026-04-01,2026-05-01,False,187.2,USW2-InstanceUsage:db.r6g.large
2026-04-01,2026-05-01,False,4.882879872,USW2-InstanceUsage:db.t3.medium
2026-04-01,2026-05-01,False,23.823733328,USW2-InstanceUsage:db.t4g.micro
2026-04-01,2026-05-01,False,0.0,USW2-IssuePublicCertificateDomain
2026-04-01,2026-05-01,False,0.0006359394,USW2-LCUUsage
2026-04-01,2026-05-01,False,0.0,USW2-Lambda-Code-free-metering
2026-04-01,2026-05-01,False,0.0,USW2-Lambda-GB-Second
2026-04-01,2026-05-01,False,0.0,USW2-Lambda-Standard-free-metering
2026-04-01,2026-05-01,False,2.7675,USW2-LoadBalancerUsage
2026-04-01,2026-05-01,False,5.7545171031,USW2-LogsAnalyzedBytes
2026-04-01,2026-05-01,False,11.80752,USW2-MonitoredContainerImage
2026-04-01,2026-05-01,False,21.6352782,USW2-MonitoredEC2
2026-04-01,2026-05-01,False,3.624768,USW2-MonitoredFunction
2026-04-01,2026-05-01,False,4.32,USW2-MonitoredFunctionCode
2026-04-01,2026-05-01,False,20.2761636027,USW2-NatGateway-Bytes
2026-04-01,2026-05-01,False,155.115,USW2-NatGateway-Hours
2026-04-01,2026-05-01,False,2.896,USW2-PaidComplianceCheck
2026-04-01,2026-05-01,False,0.104436,USW2-PaidEventsAnalyzed
2026-04-01,2026-05-01,False,0.1491319608,USW2-PaidEventsAnalyzed-Bytes
2026-04-01,2026-05-01,False,6.3222222612,USW2-PaidRDSvCPUMonitored
2026-04-01,2026-05-01,False,3.87415284,USW2-PublicIPv4:IdleAddress
2026-04-01,2026-05-01,False,32.704093085,USW2-PublicIPv4:InUseAddress
2026-04-01,2026-05-01,False,0.6310107488,USW2-RDS:ChargedBackupUsage
2026-04-01,2026-05-01,False,5.8396750867,USW2-RDS:GP2-Storage
2026-04-01,2026-05-01,False,0.0243793125,USW2-ReadRequestUnits
2026-04-01,2026-05-01,False,0.0,USW2-Request
2026-04-01,2026-05-01,False,0.0040314,USW2-RequestV2-Tier0
2026-04-01,2026-05-01,False,21.867165,USW2-Requests-Tier1
2026-04-01,2026-05-01,False,0.8646584,USW2-Requests-Tier2
2026-04-01,2026-05-01,False,0.0027,USW2-Requests-Tier8
2026-04-01,2026-05-01,False,0.0,USW2-Resource-Operation-Count
2026-04-01,2026-05-01,False,0.2906279699,USW2-RuleV2
2026-04-01,2026-05-01,False,0.0,USW2-SAE1-AWS-In-Bytes
2026-04-01,2026-05-01,False,0.0016699838,USW2-SAE1-AWS-Out-Bytes
2026-04-01,2026-05-01,False,0.0,USW2-SC-API-Calls
2026-04-01,2026-05-01,False,0.0,USW2-ScheduledInvocation
2026-04-01,2026-05-01,False,0.0,USW2-SecurityHubProduct:FreeFindingsIngestion
2026-04-01,2026-05-01,False,13.3121390584,USW2-SpotUsage:c6i.32xlarge
2026-04-01,2026-05-01,False,5.5881731023,USW2-SpotUsage:c6i.metal
2026-04-01,2026-05-01,False,34.8159683901,USW2-SpotUsage:c7i.48xlarge
2026-04-01,2026-05-01,False,28.0015542324,USW2-SpotUsage:c7i.metal-48xl
2026-04-01,2026-05-01,False,148.5815415447,USW2-SpotUsage:m7i.48xlarge
2026-04-01,2026-05-01,False,397.559395171,USW2-SpotUsage:m7i.metal-48xl
2026-04-01,2026-05-01,False,30.9328465885,USW2-SpotUsage:r7i.48xlarge
2026-04-01,2026-05-01,False,16.2772692771,USW2-SpotUsage:r7i.metal-48xl
2026-04-01,2026-05-01,False,3924.5751676762,USW2-Storage
2026-04-01,2026-05-01,False,0.000305,USW2-Tables-Requests-Tier1
2026-04-01,2026-05-01,False,0.000300366,USW2-TagStorage-TagHrs
2026-04-01,2026-05-01,False,1.1521e-06,USW2-TimedPITRStorage-ByteHrs
2026-04-01,2026-05-01,False,1398.4608772281,USW2-TimedStorage-ByteHrs
2026-04-01,2026-05-01,False,0.0,USW2-USE1-AWS-In-Bytes
2026-04-01,2026-05-01,False,0.0120230833,USW2-USE1-AWS-Out-Bytes
2026-04-01,2026-05-01,False,0.0,USW2-USE2-AWS-In-Bytes
2026-04-01,2026-05-01,False,0.0018023131,USW2-USE2-AWS-Out-Bytes
2026-04-01,2026-05-01,False,0.0,USW2-USW1-AWS-In-Bytes
2026-04-01,2026-05-01,False,0.0041515265,USW2-USW1-AWS-Out-Bytes
2026-04-01,2026-05-01,False,5.5e-05,USW2-Vectors-Request-Tier1
2026-04-01,2026-05-01,False,0.0,USW2-VendedLog-Bytes
2026-04-01,2026-05-01,False,0.0686252224,USW2-VpcEndpoint-Bytes
2026-04-01,2026-05-01,False,50.4,USW2-VpcEndpoint-Hours
2026-04-01,2026-05-01,False,0.726569924,USW2-WebACLV2
2026-04-01,2026-05-01,False,0.0012675,USW2-WriteRequestUnits
2026-04-01,2026-05-01,False,5.5e-05,Vectors-Request-Tier1
2026-04-01,2026-05-01,False,0.0,af-south-1-KMS-Requests
2026-04-01,2026-05-01,False,0.0,ap-east-1-KMS-Requests
2026-04-01,2026-05-01,False,0.0,ap-northeast-1-KMS-Requests
2026-04-01,2026-05-01,False,0.0,ap-northeast-2-KMS-Requests
2026-04-01,2026-05-01,False,0.0,ap-northeast-3-KMS-Requests
2026-04-01,2026-05-01,False,0.0,ap-south-1-KMS-Requests
2026-04-01,2026-05-01,False,0.0,ap-south-2-KMS-Requests
2026-04-01,2026-05-01,False,0.0,ap-southeast-1-KMS-Requests
2026-04-01,2026-05-01,False,0.0,ap-southeast-2-KMS-Requests
2026-04-01,2026-05-01,False,0.0,ap-southeast-3-KMS-Requests
2026-04-01,2026-05-01,False,0.0,ca-central-1-KMS-Requests
2026-04-01,2026-05-01,False,0.0,eu-central-1-KMS-Requests
2026-04-01,2026-05-01,False,0.0,eu-north-1-KMS-Requests
2026-04-01,2026-05-01,False,0.0,eu-west-1-KMS-Requests
2026-04-01,2026-05-01,False,0.0,eu-west-2-KMS-Requests
2026-04-01,2026-05-01,False,0.0,eu-west-3-KMS-Requests
2026-04-01,2026-05-01,False,0.0,sa-east-1-KMS-Requests
2026-04-01,2026-05-01,False,0.0,us-east-1-KMS-Requests
2026-04-01,2026-05-01,False,0.0,us-east-2-KMS-Requests
2026-04-01,2026-05-01,False,0.0,us-west-1-KMS-Requests
2026-04-01,2026-05-01,False,3.000000024,us-west-2-KMS-Keys
2026-04-01,2026-05-01,False,0.0,us-west-2-KMS-Requests
2026-05-01,2026-06-01,False,0.00031,AFS1-AWSSecretsManagerAPIRequest
2026-05-01,2026-06-01,False,0.0,AFS1-Catalog-Request
2026-05-01,2026-06-01,False,0.0,AFS1-DataTransfer-Out-Bytes
2026-05-01,2026-06-01,False,0.0,AFS1-EC2-free-metering
2026-05-01,2026-06-01,False,0.0,AFS1-ECR-free-metering
2026-05-01,2026-06-01,False,0.9213,AFS1-EventsAnalyzed
2026-05-01,2026-06-01,False,0.0,AFS1-FreeEventsRecorded
2026-05-01,2026-06-01,False,0.0,AFS1-Lambda-Standard-free-metering
2026-05-01,2026-06-01,False,0.0,AFS1-Requests-Tier1
2026-05-01,2026-06-01,False,0.00288,AFS1-Requests-Tier8
2026-05-01,2026-06-01,False,0.0,AFS1-SC-API-Calls
2026-05-01,2026-06-01,False,0.0,AFS1-SecurityHubProduct:FreeFindingsIngestion
2026-05-01,2026-06-01,False,0.000318,AFS1-Tables-Requests-Tier1
2026-05-01,2026-06-01,False,0.0,AFS1-USW2-AWS-In-Bytes
2026-05-01,2026-06-01,False,2.108e-07,AFS1-USW2-AWS-Out-Bytes
2026-05-01,2026-06-01,False,0.00031,APE1-AWSSecretsManagerAPIRequest
2026-05-01,2026-06-01,False,0.0,APE1-Catalog-Request
2026-05-01,2026-06-01,False,0.0,APE1-DataTransfer-Out-Bytes
2026-05-01,2026-06-01,False,0.0,APE1-EC2-free-metering
2026-05-01,2026-06-01,False,0.0,APE1-ECR-free-metering
2026-05-01,2026-06-01,False,0.97172592,APE1-EventsAnalyzed
2026-05-01,2026-06-01,False,0.0,APE1-FreeEventsRecorded
2026-05-01,2026-06-01,False,0.0,APE1-Lambda-Standard-free-metering
2026-05-01,2026-06-01,False,0.0,APE1-OtherProduct:PaidFindingsIngestion
2026-05-01,2026-06-01,False,0.0,APE1-Requests-Tier1
2026-05-01,2026-06-01,False,0.00276,APE1-Requests-Tier8
2026-05-01,2026-06-01,False,0.0,APE1-SC-API-Calls
2026-05-01,2026-06-01,False,0.0,APE1-SecurityHubProduct:FreeFindingsIngestion
2026-05-01,2026-06-01,False,0.000215,APE1-Tables-Requests-Tier1
2026-05-01,2026-06-01,False,0.0,APE1-USW2-AWS-In-Bytes
2026-05-01,2026-06-01,False,1.302e-07,APE1-USW2-AWS-Out-Bytes
2026-05-01,2026-06-01,False,0.00125,APN1-AWSSecretsManagerAPIRequest
2026-05-01,2026-06-01,False,0.0,APN1-Catalog-Request
2026-05-01,2026-06-01,False,0.0,APN1-DataTransfer-Out-Bytes
2026-05-01,2026-06-01,False,0.0,APN1-EC2-free-metering
2026-05-01,2026-06-01,False,0.0,APN1-ECR-free-metering
2026-05-01,2026-06-01,False,0.8698488,APN1-EventsAnalyzed
2026-05-01,2026-06-01,False,0.0,APN1-FreeEventsRecorded
2026-05-01,2026-06-01,False,0.0,APN1-Lambda-Code-free-metering
2026-05-01,2026-06-01,False,0.0,APN1-Lambda-Standard-free-metering
2026-05-01,2026-06-01,False,0.0,APN1-OtherProduct:PaidFindingsIngestion
2026-05-01,2026-06-01,False,0.658,APN1-PaidComplianceCheck
2026-05-01,2026-06-01,False,0.08958088,APN1-PaidEventsAnalyzed
2026-05-01,2026-06-01,False,0.0003008,APN1-Requests-Tier1
2026-05-01,2026-06-01,False,0.00237,APN1-Requests-Tier8
2026-05-01,2026-06-01,False,0.0,APN1-SC-API-Calls
2026-05-01,2026-06-01,False,0.0,APN1-SecurityHubProduct:FreeFindingsIngestion
2026-05-01,2026-06-01,False,0.0002068,APN1-Tables-Requests-Tier1
2026-05-01,2026-06-01,False,0.0,APN1-USW2-AWS-In-Bytes
2026-05-01,2026-06-01,False,5.275e-07,APN1-USW2-AWS-Out-Bytes
2026-05-01,2026-06-01,False,0.00125,APN2-AWSSecretsManagerAPIRequest
2026-05-01,2026-06-01,False,0.0,APN2-Catalog-Request
2026-05-01,2026-06-01,False,0.0,APN2-DataTransfer-Out-Bytes
2026-05-01,2026-06-01,False,0.0,APN2-EC2-free-metering
2026-05-01,2026-06-01,False,0.0,APN2-ECR-free-metering
2026-05-01,2026-06-01,False,0.8477202,APN2-EventsAnalyzed
2026-05-01,2026-06-01,False,0.0,APN2-FreeEventsRecorded
2026-05-01,2026-06-01,False,0.0,APN2-Lambda-Standard-free-metering
2026-05-01,2026-06-01,False,0.0,APN2-OtherProduct:PaidFindingsIngestion
2026-05-01,2026-06-01,False,0.656,APN2-PaidComplianceCheck
2026-05-01,2026-06-01,False,0.087354,APN2-PaidEventsAnalyzed
2026-05-01,2026-06-01,False,0.0,APN2-Requests-Tier1
2026-05-01,2026-06-01,False,0.00288,APN2-Requests-Tier8
2026-05-01,2026-06-01,False,0.0,APN2-SC-API-Calls
2026-05-01,2026-06-01,False,0.0,APN2-SecurityHubProduct:FreeFindingsIngestion
2026-05-01,2026-06-01,False,0.000216,APN2-Tables-Requests-Tier1
2026-05-01,2026-06-01,False,0.0,APN2-USW2-AWS-In-Bytes
2026-05-01,2026-06-01,False,4.647e-07,APN2-USW2-AWS-Out-Bytes
2026-05-01,2026-06-01,False,0.00125,APN3-AWSSecretsManagerAPIRequest
2026-05-01,2026-06-01,False,0.0,APN3-Catalog-Request
2026-05-01,2026-06-01,False,0.0,APN3-DataTransfer-Out-Bytes
2026-05-01,2026-06-01,False,0.0,APN3-EC2-free-metering
2026-05-01,2026-06-01,False,0.0,APN3-ECR-free-metering
2026-05-01,2026-06-01,False,0.919525,APN3-EventsAnalyzed
2026-05-01,2026-06-01,False,0.0,APN3-FreeEventsRecorded
2026-05-01,2026-06-01,False,0.0,APN3-Lambda-Standard-free-metering
2026-05-01,2026-06-01,False,0.0,APN3-OtherProduct:PaidFindingsIngestion
2026-05-01,2026-06-01,False,0.656,APN3-PaidComplianceCheck
2026-05-01,2026-06-01,False,0.09374,APN3-PaidEventsAnalyzed
2026-05-01,2026-06-01,False,0.0,APN3-Requests-Tier1
2026-05-01,2026-06-01,False,0.00288,APN3-Requests-Tier8
2026-05-01,2026-06-01,False,0.0,APN3-SC-API-Calls
2026-05-01,2026-06-01,False,0.0,APN3-SecurityHubProduct:FreeFindingsIngestion
2026-05-01,2026-06-01,False,0.0002397,APN3-Tables-Requests-Tier1
2026-05-01,2026-06-01,False,0.0,APN3-USW2-AWS-In-Bytes
2026-05-01,2026-06-01,False,5.275e-07,APN3-USW2-AWS-Out-Bytes
2026-05-01,2026-06-01,False,0.00125,APS1-AWSSecretsManagerAPIRequest
2026-05-01,2026-06-01,False,0.0,APS1-Catalog-Request
2026-05-01,2026-06-01,False,0.0,APS1-DataTransfer-Out-Bytes
2026-05-01,2026-06-01,False,0.0,APS1-EC2-free-metering
2026-05-01,2026-06-01,False,0.0,APS1-ECR-free-metering
2026-05-01,2026-06-01,False,0.8476328,APS1-EventsAnalyzed
2026-05-01,2026-06-01,False,0.0,APS1-FreeEventsRecorded
2026-05-01,2026-06-01,False,0.0,APS1-Lambda-Code-free-metering
2026-05-01,2026-06-01,False,0.0,APS1-Lambda-Standard-free-metering
2026-05-01,2026-06-01,False,0.656,APS1-PaidComplianceCheck
2026-05-01,2026-06-01,False,0.0872942,APS1-PaidEventsAnalyzed
2026-05-01,2026-06-01,False,0.0,APS1-Requests-Tier1
2026-05-01,2026-06-01,False,0.00288,APS1-Requests-Tier8
2026-05-01,2026-06-01,False,0.0,APS1-SC-API-Calls
2026-05-01,2026-06-01,False,0.0,APS1-SecurityHubProduct:FreeFindingsIngestion
2026-05-01,2026-06-01,False,0.00023,APS1-Tables-Requests-Tier1
2026-05-01,2026-06-01,False,0.0,APS1-USW2-AWS-In-Bytes
2026-05-01,2026-06-01,False,5.275e-07,APS1-USW2-AWS-Out-Bytes
2026-05-01,2026-06-01,False,0.00125,APS2-AWSSecretsManagerAPIRequest
2026-05-01,2026-06-01,False,0.0,APS2-Catalog-Request
2026-05-01,2026-06-01,False,0.0,APS2-DataTransfer-Out-Bytes
2026-05-01,2026-06-01,False,0.0,APS2-EC2-free-metering
2026-05-01,2026-06-01,False,0.0,APS2-ECR-free-metering
2026-05-01,2026-06-01,False,0.8475178,APS2-EventsAnalyzed
2026-05-01,2026-06-01,False,0.0,APS2-FreeEventsRecorded
2026-05-01,2026-06-01,False,0.0,APS2-Lambda-Code-free-metering
2026-05-01,2026-06-01,False,0.0,APS2-Lambda-Standard-free-metering
2026-05-01,2026-06-01,False,0.656,APS2-PaidComplianceCheck
2026-05-01,2026-06-01,False,0.0872482,APS2-PaidEventsAnalyzed
2026-05-01,2026-06-01,False,0.0,APS2-Requests-Tier1
2026-05-01,2026-06-01,False,0.00285,APS2-Requests-Tier8
2026-05-01,2026-06-01,False,0.0,APS2-SC-API-Calls
2026-05-01,2026-06-01,False,0.0,APS2-SecurityHubProduct:FreeFindingsIngestion
2026-05-01,2026-06-01,False,0.0002695,APS2-Tables-Requests-Tier1
2026-05-01,2026-06-01,False,0.0,APS2-USW2-AWS-In-Bytes
2026-05-01,2026-06-01,False,5.652e-07,APS2-USW2-AWS-Out-Bytes
2026-05-01,2026-06-01,False,0.0,APS3-AFS1-AWS-In-Bytes
2026-05-01,2026-06-01,False,0.0,APS3-APE1-AWS-In-Bytes
2026-05-01,2026-06-01,False,0.0,APS3-APE2-AWS-In-Bytes
2026-05-01,2026-06-01,False,0.0,APS3-APN1-AWS-In-Bytes
2026-05-01,2026-06-01,False,0.0,APS3-APN2-AWS-In-Bytes
2026-05-01,2026-06-01,False,0.0,APS3-APS1-AWS-In-Bytes
2026-05-01,2026-06-01,False,0.0,APS3-APS2-AWS-In-Bytes
2026-05-01,2026-06-01,False,0.0,APS3-APS4-AWS-In-Bytes
2026-05-01,2026-06-01,False,0.0,APS3-APS5-AWS-In-Bytes
2026-05-01,2026-06-01,False,0.0,APS3-APS7-AWS-In-Bytes
2026-05-01,2026-06-01,False,0.0,APS3-APS8-AWS-In-Bytes
2026-05-01,2026-06-01,False,0.00125,APS3-AWSSecretsManagerAPIRequest
2026-05-01,2026-06-01,False,0.0,APS3-CAN1-AWS-In-Bytes
2026-05-01,2026-06-01,False,0.0,APS3-CW:Requests
2026-05-01,2026-06-01,False,0.0,APS3-Catalog-Request
2026-05-01,2026-06-01,False,0.0,APS3-DataTransfer-In-Bytes
2026-05-01,2026-06-01,False,1.591e-07,APS3-DataTransfer-Out-ABytes-T1
2026-05-01,2026-06-01,False,0.0,APS3-DataTransfer-Out-Bytes
2026-05-01,2026-06-01,False,8.754e-07,APS3-DataTransfer-Regional-Bytes
2026-05-01,2026-06-01,False,2.4084716788,APS3-EBS:SnapshotUsage
2026-05-01,2026-06-01,False,0.0,APS3-EC2-free-metering
2026-05-01,2026-06-01,False,0.0,APS3-ECR-free-metering
2026-05-01,2026-06-01,False,0.0,APS3-EU-AWS-In-Bytes
2026-05-01,2026-06-01,False,0.0,APS3-EUC1-AWS-In-Bytes
2026-05-01,2026-06-01,False,0.0,APS3-EUN1-AWS-In-Bytes
2026-05-01,2026-06-01,False,0.0,APS3-EUS1-AWS-In-Bytes
2026-05-01,2026-06-01,False,0.0,APS3-EUW2-AWS-In-Bytes
2026-05-01,2026-06-01,False,0.0,APS3-EUW3-AWS-In-Bytes
2026-05-01,2026-06-01,False,0.952226,APS3-EventsAnalyzed
2026-05-01,2026-06-01,False,0.0,APS3-FreeEventsRecorded
2026-05-01,2026-06-01,False,0.0,APS3-ILC1-AWS-In-Bytes
2026-05-01,2026-06-01,False,0.0,APS3-Lambda-Standard-free-metering
2026-05-01,2026-06-01,False,0.02066317,APS3-LogsAnalyzedBytes
2026-05-01,2026-06-01,False,0.0,APS3-MXC1-AWS-In-Bytes
2026-05-01,2026-06-01,False,1.18193e-05,APS3-NatGateway-Bytes
2026-05-01,2026-06-01,False,83.328,APS3-NatGateway-Hours
2026-05-01,2026-06-01,False,0.656,APS3-PaidComplianceCheck
2026-05-01,2026-06-01,False,0.0834724,APS3-PaidEventsAnalyzed
2026-05-01,2026-06-01,False,7.44,APS3-PublicIPv4:InUseAddress
2026-05-01,2026-06-01,False,0.08548,APS3-Requests-Tier1
2026-05-01,2026-06-01,False,0.0122596,APS3-Requests-Tier2
2026-05-01,2026-06-01,False,0.00288,APS3-Requests-Tier8
2026-05-01,2026-06-01,False,0.0,APS3-SAE1-AWS-In-Bytes
2026-05-01,2026-06-01,False,0.0,APS3-SC-API-Calls
2026-05-01,2026-06-01,False,0.0,APS3-SecurityHubProduct:FreeFindingsIngestion
2026-05-01,2026-06-01,False,0.000245,APS3-Tables-Requests-Tier1
2026-05-01,2026-06-01,False,16.3329906642,APS3-TimedStorage-ByteHrs
2026-05-01,2026-06-01,False,0.0,APS3-USE1-AWS-In-Bytes
2026-05-01,2026-06-01,False,0.0006358003,APS3-USE1-AWS-Out-Bytes
2026-05-01,2026-06-01,False,0.0,APS3-USE2-AWS-In-Bytes
2026-05-01,2026-06-01,False,0.0,APS3-USW1-AWS-In-Bytes
2026-05-01,2026-06-01,False,0.0,APS3-USW2-AWS-In-Bytes
2026-05-01,2026-06-01,False,0.0003458886,APS3-USW2-AWS-Out-Bytes
2026-05-01,2026-06-01,False,0.00031,APS4-AWSSecretsManagerAPIRequest
2026-05-01,2026-06-01,False,0.0,APS4-Catalog-Request
2026-05-01,2026-06-01,False,0.0,APS4-DataTransfer-Out-Bytes
2026-05-01,2026-06-01,False,0.0,APS4-EC2-free-metering
2026-05-01,2026-06-01,False,0.0,APS4-ECR-free-metering
2026-05-01,2026-06-01,False,0.8453236,APS4-EventsAnalyzed
2026-05-01,2026-06-01,False,0.0,APS4-FreeEventsRecorded
2026-05-01,2026-06-01,False,0.0,APS4-Lambda-Standard-free-metering
2026-05-01,2026-06-01,False,0.0,APS4-Requests-Tier1
2026-05-01,2026-06-01,False,0.00288,APS4-Requests-Tier8
2026-05-01,2026-06-01,False,0.0,APS4-SC-API-Calls
2026-05-01,2026-06-01,False,0.0,APS4-SecurityHubProduct:FreeFindingsIngestion
2026-05-01,2026-06-01,False,0.00023,APS4-Tables-Requests-Tier1
2026-05-01,2026-06-01,False,0.0,APS4-USW2-AWS-In-Bytes
2026-05-01,2026-06-01,False,5.89e-08,APS4-USW2-AWS-Out-Bytes
2026-05-01,2026-06-01,False,0.00031,APS5-AWSSecretsManagerAPIRequest
2026-05-01,2026-06-01,False,0.0,APS5-Catalog-Request
2026-05-01,2026-06-01,False,0.0,APS5-DataTransfer-Out-Bytes
2026-05-01,2026-06-01,False,0.0,APS5-EC2-free-metering
2026-05-01,2026-06-01,False,0.0,APS5-ECR-free-metering
2026-05-01,2026-06-01,False,0.8073032,APS5-EventsAnalyzed
2026-05-01,2026-06-01,False,0.0,APS5-FreeEventsRecorded
2026-05-01,2026-06-01,False,0.0,APS5-Lambda-Standard-free-metering
2026-05-01,2026-06-01,False,0.0,APS5-Requests-Tier1
2026-05-01,2026-06-01,False,0.00288,APS5-Requests-Tier8
2026-05-01,2026-06-01,False,0.0,APS5-SC-API-Calls
2026-05-01,2026-06-01,False,0.0,APS5-SecurityHubProduct:FreeFindingsIngestion
2026-05-01,2026-06-01,False,0.000265,APS5-Tables-Requests-Tier1
2026-05-01,2026-06-01,False,0.0,APS5-USW2-AWS-In-Bytes
2026-05-01,2026-06-01,False,4.96e-08,APS5-USW2-AWS-Out-Bytes
2026-05-01,2026-06-01,False,0.0023922302,Aurora:BackupUsage
2026-05-01,2026-06-01,False,4.1687378,Aurora:StorageIOUsage
2026-05-01,2026-06-01,False,0.013564198,Aurora:StorageUsage
2026-05-01,2026-06-01,False,29.5200991488,BoxUsage:t3.2xlarge
2026-05-01,2026-06-01,False,2.2640337824,BoxUsage:t3.micro
2026-05-01,2026-06-01,False,232.464422944,BoxUsage:t3a.2xlarge
2026-05-01,2026-06-01,False,0.00125,CAN1-AWSSecretsManagerAPIRequest
2026-05-01,2026-06-01,False,0.0,CAN1-Catalog-Request
2026-05-01,2026-06-01,False,3.72e-07,CAN1-DataTransfer-Out-Bytes
2026-05-01,2026-06-01,False,0.0,CAN1-EC2-free-metering
2026-05-01,2026-06-01,False,0.0,CAN1-ECR-free-metering
2026-05-01,2026-06-01,False,0.8472602,CAN1-EventsAnalyzed
2026-05-01,2026-06-01,False,0.0,CAN1-FreeEventsRecorded
2026-05-01,2026-06-01,False,0.0,CAN1-Lambda-Standard-free-metering
2026-05-01,2026-06-01,False,0.656,CAN1-PaidComplianceCheck
2026-05-01,2026-06-01,False,0.0870826,CAN1-PaidEventsAnalyzed
2026-05-01,2026-06-01,False,0.0,CAN1-Requests-Tier1
2026-05-01,2026-06-01,False,0.00207,CAN1-Requests-Tier8
2026-05-01,2026-06-01,False,0.0,CAN1-SC-API-Calls
2026-05-01,2026-06-01,False,0.0,CAN1-SecurityHubProduct:FreeFindingsIngestion
2026-05-01,2026-06-01,False,0.000264,CAN1-Tables-Requests-Tier1
2026-05-01,2026-06-01,False,0.0,CAN1-USW2-AWS-In-Bytes
2026-05-01,2026-06-01,False,1.256e-07,CAN1-USW2-AWS-Out-Bytes
2026-05-01,2026-06-01,False,0.0332885299,CW:AlarmMonitorUsage
2026-05-01,2026-06-01,False,0.00014,CW:GMD-Metrics
2026-05-01,2026-06-01,False,0.0,CW:Requests
2026-05-01,2026-06-01,False,0.252048,DNS-Queries
2026-05-01,2026-06-01,False,1.7701599624,DashboardsUsageHour-Basic
2026-05-01,2026-06-01,False,0.0,DataTransfer-In-Bytes
2026-05-01,2026-06-01,False,0.0943470904,DataTransfer-Out-Bytes
2026-05-01,2026-06-01,False,0.065839621,DataTransfer-Regional-Bytes
2026-05-01,2026-06-01,False,680.902151147,Dollar
2026-05-01,2026-06-01,False,31.3560831999,EBS:VolumeUsage.gp3
2026-05-01,2026-06-01,False,0.0,EBSOptimized:t3.micro
2026-05-01,2026-06-01,False,0.00125,EU-AWSSecretsManager-APIRequests
2026-05-01,2026-06-01,False,0.0,EU-Catalog-Request
2026-05-01,2026-06-01,False,3.72e-07,EU-DataTransfer-Out-Bytes
2026-05-01,2026-06-01,False,0.0,EU-EC2-free-metering
2026-05-01,2026-06-01,False,0.0,EU-ECR-free-metering
2026-05-01,2026-06-01,False,0.8108496,EU-EventsAnalyzed
2026-05-01,2026-06-01,False,0.0,EU-FreeEventsRecorded
2026-05-01,2026-06-01,False,0.0,EU-Lambda-Code-free-metering
2026-05-01,2026-06-01,False,0.0,EU-Lambda-Standard-free-metering
2026-05-01,2026-06-01,False,0.671,EU-PaidComplianceCheck
2026-05-01,2026-06-01,False,0.0834944,EU-PaidEventsAnalyzed
2026-05-01,2026-06-01,False,0.00032,EU-Requests-Tier1
2026-05-01,2026-06-01,False,0.0,EU-Requests-Tier2-HTTPS
2026-05-01,2026-06-01,False,0.00228,EU-Requests-Tier8
2026-05-01,2026-06-01,False,0.0,EU-SC-API-Calls
2026-05-01,2026-06-01,False,0.0,EU-SecurityHubProduct:FreeFindingsIngestion
2026-05-01,2026-06-01,False,0.00024,EU-Tables-Requests-Tier1
2026-05-01,2026-06-01,False,0.0,EU-USW2-AWS-In-Bytes
2026-05-01,2026-06-01,False,1.256e-07,EU-USW2-AWS-Out-Bytes
2026-05-01,2026-06-01,False,0.0,EUC1-AFS1-AWS-In-Bytes
2026-05-01,2026-06-01,False,0.0,EUC1-APE1-AWS-In-Bytes
2026-05-01,2026-06-01,False,0.0,EUC1-APE2-AWS-In-Bytes
2026-05-01,2026-06-01,False,0.0,EUC1-APN1-AWS-In-Bytes
2026-05-01,2026-06-01,False,0.0,EUC1-APN2-AWS-In-Bytes
2026-05-01,2026-06-01,False,0.0,EUC1-APS1-AWS-In-Bytes
2026-05-01,2026-06-01,False,0.0,EUC1-APS2-AWS-In-Bytes
2026-05-01,2026-06-01,False,0.0,EUC1-APS3-AWS-In-Bytes
2026-05-01,2026-06-01,False,0.000109716,EUC1-APS3-AWS-Out-Bytes
2026-05-01,2026-06-01,False,0.0,EUC1-APS8-AWS-In-Bytes
2026-05-01,2026-06-01,False,0.0,EUC1-APS9-AWS-In-Bytes
2026-05-01,2026-06-01,False,0.00125,EUC1-AWSSecretsManagerAPIRequest
2026-05-01,2026-06-01,False,0.0,EUC1-CAN1-AWS-In-Bytes
2026-05-01,2026-06-01,False,0.0,EUC1-CAN2-AWS-In-Bytes
2026-05-01,2026-06-01,False,0.0,EUC1-CW:Requests
2026-05-01,2026-06-01,False,0.0,EUC1-Catalog-Request
2026-05-01,2026-06-01,False,0.0,EUC1-DataTransfer-In-Bytes
2026-05-01,2026-06-01,False,1.598e-07,EUC1-DataTransfer-Out-ABytes-T1
2026-05-01,2026-06-01,False,0.0024984323,EUC1-DataTransfer-Out-Bytes
2026-05-01,2026-06-01,False,9.61e-08,EUC1-DataTransfer-Regional-Bytes
2026-05-01,2026-06-01,False,0.0,EUC1-EC2-free-metering
2026-05-01,2026-06-01,False,0.0,EUC1-ECR-free-metering
2026-05-01,2026-06-01,False,0.0,EUC1-EU-AWS-In-Bytes
2026-05-01,2026-06-01,False,0.0,EUC1-EUN1-AWS-In-Bytes
2026-05-01,2026-06-01,False,0.0,EUC1-EUW2-AWS-In-Bytes
2026-05-01,2026-06-01,False,0.0,EUC1-EUW3-AWS-In-Bytes
2026-05-01,2026-06-01,False,0.9954722,EUC1-EventsAnalyzed
2026-05-01,2026-06-01,False,0.0,EUC1-FreeEventsRecorded
2026-05-01,2026-06-01,False,0.0,EUC1-Lambda-Code-free-metering
2026-05-01,2026-06-01,False,0.0,EUC1-Lambda-Standard-free-metering
2026-05-01,2026-06-01,False,0.00042504,EUC1-LogsAnalyzedBytes
2026-05-01,2026-06-01,False,0.0,EUC1-MXC1-AWS-In-Bytes
2026-05-01,2026-06-01,False,1.04737e-05,EUC1-NatGateway-Bytes
2026-05-01,2026-06-01,False,77.376,EUC1-NatGateway-Hours
2026-05-01,2026-06-01,False,0.657,EUC1-PaidComplianceCheck
2026-05-01,2026-06-01,False,0.0873264,EUC1-PaidEventsAnalyzed
2026-05-01,2026-06-01,False,7.44,EUC1-PublicIPv4:InUseAddress
2026-05-01,2026-06-01,False,0.0917676,EUC1-Requests-Tier1
2026-05-01,2026-06-01,False,0.01324013,EUC1-Requests-Tier2
2026-05-01,2026-06-01,False,0.00228,EUC1-Requests-Tier8
2026-05-01,2026-06-01,False,0.0,EUC1-SAE1-AWS-In-Bytes
2026-05-01,2026-06-01,False,0.0,EUC1-SC-API-Calls
2026-05-01,2026-06-01,False,0.0,EUC1-SecurityHubProduct:FreeFindingsIngestion
2026-05-01,2026-06-01,False,0.0002592,EUC1-Tables-Requests-Tier1
2026-05-01,2026-06-01,False,1.82001e-05,EUC1-TagStorage-TagHrs
2026-05-01,2026-06-01,False,43.0382031345,EUC1-TimedStorage-ByteHrs
2026-05-01,2026-06-01,False,0.0,EUC1-USE1-AWS-In-Bytes
2026-05-01,2026-06-01,False,0.000149363,EUC1-USE1-AWS-Out-Bytes
2026-05-01,2026-06-01,False,0.0,EUC1-USE2-AWS-In-Bytes
2026-05-01,2026-06-01,False,0.0,EUC1-USW2-AWS-In-Bytes
2026-05-01,2026-06-01,False,0.0001906117,EUC1-USW2-AWS-Out-Bytes
2026-05-01,2026-06-01,False,0.00125,EUN1-AWSSecretsManagerAPIRequest
2026-05-01,2026-06-01,False,0.0,EUN1-Catalog-Request
2026-05-01,2026-06-01,False,3.72e-07,EUN1-DataTransfer-Out-Bytes
2026-05-01,2026-06-01,False,0.0,EUN1-EC2-free-metering
2026-05-01,2026-06-01,False,0.0,EUN1-ECR-free-metering
2026-05-01,2026-06-01,False,0.7731108,EUN1-EventsAnalyzed
2026-05-01,2026-06-01,False,0.0,EUN1-FreeEventsRecorded
2026-05-01,2026-06-01,False,0.0,EUN1-Lambda-Code-free-metering
2026-05-01,2026-06-01,False,0.0,EUN1-Lambda-Standard-free-metering
2026-05-01,2026-06-01,False,0.656,EUN1-PaidComplianceCheck
2026-05-01,2026-06-01,False,0.0790356,EUN1-PaidEventsAnalyzed
2026-05-01,2026-06-01,False,0.00032,EUN1-Requests-Tier1
2026-05-01,2026-06-01,False,0.00288,EUN1-Requests-Tier8
2026-05-01,2026-06-01,False,0.0,EUN1-SC-API-Calls
2026-05-01,2026-06-01,False,0.0,EUN1-SecurityHubProduct:FreeFindingsIngestion
2026-05-01,2026-06-01,False,0.000235,EUN1-Tables-Requests-Tier1
2026-05-01,2026-06-01,False,0.0,EUN1-USW2-AWS-In-Bytes
2026-05-01,2026-06-01,False,1.256e-07,EUN1-USW2-AWS-Out-Bytes
2026-05-01,2026-06-01,False,0.00125,EUW2-AWSSecretsManagerAPIRequest
2026-05-01,2026-06-01,False,0.0,EUW2-Catalog-Request
2026-05-01,2026-06-01,False,3.72e-07,EUW2-DataTransfer-Out-Bytes
2026-05-01,2026-06-01,False,0.0,EUW2-EC2-free-metering
2026-05-01,2026-06-01,False,0.0,EUW2-ECR-free-metering
2026-05-01,2026-06-01,False,0.8106912,EUW2-EventsAnalyzed
2026-05-01,2026-06-01,False,0.0,EUW2-FreeEventsRecorded
2026-05-01,2026-06-01,False,0.0,EUW2-Lambda-Code-free-metering
2026-05-01,2026-06-01,False,0.0,EUW2-Lambda-Standard-free-metering
2026-05-01,2026-06-01,False,0.659,EUW2-PaidComplianceCheck
2026-05-01,2026-06-01,False,0.0835076,EUW2-PaidEventsAnalyzed
2026-05-01,2026-06-01,False,0.0,EUW2-Requests-Tier1
2026-05-01,2026-06-01,False,0.00285,EUW2-Requests-Tier8
2026-05-01,2026-06-01,False,0.0,EUW2-SC-API-Calls
2026-05-01,2026-06-01,False,0.0,EUW2-SecurityHubProduct:FreeFindingsIngestion
2026-05-01,2026-06-01,False,0.0002438,EUW2-Tables-Requests-Tier1
2026-05-01,2026-06-01,False,0.0,EUW2-USW2-AWS-In-Bytes
2026-05-01,2026-06-01,False,1.256e-07,EUW2-USW2-AWS-Out-Bytes
2026-05-01,2026-06-01,False,0.00125,EUW3-AWSSecretsManagerAPIRequest
2026-05-01,2026-06-01,False,0.0,EUW3-Catalog-Request
2026-05-01,2026-06-01,False,3.72e-07,EUW3-DataTransfer-Out-Bytes
2026-05-01,2026-06-01,False,0.0,EUW3-EC2-free-metering
2026-05-01,2026-06-01,False,0.0,EUW3-ECR-free-metering
2026-05-01,2026-06-01,False,0.8109684,EUW3-EventsAnalyzed
2026-05-01,2026-06-01,False,0.0,EUW3-FreeEventsRecorded
2026-05-01,2026-06-01,False,0.0,EUW3-Lambda-Standard-free-metering
2026-05-01,2026-06-01,False,0.656,EUW3-PaidComplianceCheck
2026-05-01,2026-06-01,False,0.0834812,EUW3-PaidEventsAnalyzed
2026-05-01,2026-06-01,False,0.0,EUW3-Requests-Tier1
2026-05-01,2026-06-01,False,0.00288,EUW3-Requests-Tier8
2026-05-01,2026-06-01,False,0.0,EUW3-SC-API-Calls
2026-05-01,2026-06-01,False,0.0,EUW3-SecurityHubProduct:FreeFindingsIngestion
2026-05-01,2026-06-01,False,0.0002491,EUW3-Tables-Requests-Tier1
2026-05-01,2026-06-01,False,0.0,EUW3-USW2-AWS-In-Bytes
2026-05-01,2026-06-01,False,1.256e-07,EUW3-USW2-AWS-Out-Bytes
2026-05-01,2026-06-01,False,0.0,Executions-CloudFrontFunctions
2026-05-01,2026-06-01,False,0.0,Global-Bucket-Hrs-FreeTier
2026-05-01,2026-06-01,False,2.26118088,Global-MonitoredIAMRole
2026-05-01,2026-06-01,False,0.44103528,Global-MonitoredIAMUser
2026-05-01,2026-06-01,False,1.999999968,Global-RuleV2
2026-05-01,2026-06-01,False,4.99999992,Global-WebACLV2
2026-05-01,2026-06-01,False,14.5,HostedZone
2026-05-01,2026-06-01,False,105.68816376,InstanceUsage:db.r5.large
2026-05-01,2026-06-01,False,193.44,InstanceUsage:db.r6g.large
2026-05-01,2026-06-01,False,105.370359984,InstanceUsage:db.t3.medium
2026-05-01,2026-06-01,False,68.372181269,InstanceUsage:db.t4g.medium
2026-05-01,2026-06-01,False,0.0,Intra-AWS-DNS-Queries
2026-05-01,2026-06-01,False,0.0,Invalidations
2026-05-01,2026-06-01,False,19.5525,LoadBalancerUsage
2026-05-01,2026-06-01,False,6.3899e-06,NatGateway-Bytes
2026-05-01,2026-06-01,False,70.02,NatGateway-Hours
2026-05-01,2026-06-01,False,22.6209517646,RDS:GP2-Storage
2026-05-01,2026-06-01,False,0.3733163396,RDS:GP3-Storage
2026-05-01,2026-06-01,False,0.0,Requests-RBP
2026-05-01,2026-06-01,False,2.695625,Requests-Tier1
2026-05-01,2026-06-01,False,0.0135192,Requests-Tier2
2026-05-01,2026-06-01,False,0.00261,Requests-Tier8
2026-05-01,2026-06-01,False,0.00125,SAE1-AWSSecretsManagerAPIRequest
2026-05-01,2026-06-01,False,0.0,SAE1-Catalog-Request
2026-05-01,2026-06-01,False,0.0,SAE1-DataTransfer-Out-Bytes
2026-05-01,2026-06-01,False,0.0,SAE1-EC2-free-metering
2026-05-01,2026-06-01,False,0.0,SAE1-ECR-free-metering
2026-05-01,2026-06-01,False,1.288742,SAE1-EventsAnalyzed
2026-05-01,2026-06-01,False,0.0,SAE1-FreeEventsRecorded
2026-05-01,2026-06-01,False,0.0,SAE1-Lambda-Standard-free-metering
2026-05-01,2026-06-01,False,0.687,SAE1-PaidComplianceCheck
2026-05-01,2026-06-01,False,0.132286,SAE1-PaidEventsAnalyzed
2026-05-01,2026-06-01,False,0.0,SAE1-Requests-Tier1
2026-05-01,2026-06-01,False,0.00228,SAE1-Requests-Tier8
2026-05-01,2026-06-01,False,0.0,SAE1-SC-API-Calls
2026-05-01,2026-06-01,False,0.0,SAE1-SecurityHubProduct:FreeFindingsIngestion
2026-05-01,2026-06-01,False,0.000329,SAE1-Tables-Requests-Tier1
2026-05-01,2026-06-01,False,0.0,SAE1-USW2-AWS-In-Bytes
2026-05-01,2026-06-01,False,8.164e-07,SAE1-USW2-AWS-Out-Bytes
2026-05-01,2026-06-01,False,0.00021,Tables-Requests-Tier1
2026-05-01,2026-06-01,False,0.0506485629,TimedStorage-ByteHrs
2026-05-01,2026-06-01,False,0.0,US-DataTransfer-Out-Bytes
2026-05-01,2026-06-01,False,0.0,US-Requests-Tier1
2026-05-01,2026-06-01,False,0.0,US-Requests-Tier2-HTTPS
2026-05-01,2026-06-01,False,0.0,USE1-APE1-AWS-In-Bytes
2026-05-01,2026-06-01,False,59.68,USE1-APIRequest
2026-05-01,2026-06-01,False,0.0,USE1-APN1-AWS-In-Bytes
2026-05-01,2026-06-01,False,5.12e-08,USE1-APN1-AWS-Out-Bytes
2026-05-01,2026-06-01,False,0.0,USE1-APN2-AWS-In-Bytes
2026-05-01,2026-06-01,False,6.01e-08,USE1-APN2-AWS-Out-Bytes
2026-05-01,2026-06-01,False,0.0,USE1-APS1-AWS-In-Bytes
2026-05-01,2026-06-01,False,6.68e-08,USE1-APS1-AWS-Out-Bytes
2026-05-01,2026-06-01,False,0.0,USE1-APS2-AWS-In-Bytes
2026-05-01,2026-06-01,False,5.12e-08,USE1-APS2-AWS-Out-Bytes
2026-05-01,2026-06-01,False,0.0,USE1-APS3-AWS-In-Bytes
2026-05-01,2026-06-01,False,0.0007267827,USE1-APS3-AWS-Out-Bytes
2026-05-01,2026-06-01,False,0.0,USE1-APS4-AWS-In-Bytes
2026-05-01,2026-06-01,False,0.0,USE1-APS7-AWS-In-Bytes
2026-05-01,2026-06-01,False,0.0,USE1-APS9-AWS-In-Bytes
2026-05-01,2026-06-01,False,1.6513081543,USE1-AWSSecretsManager-Secrets
2026-05-01,2026-06-01,False,0.00939,USE1-AWSSecretsManagerAPIRequest
2026-05-01,2026-06-01,False,0.0,USE1-CAN1-AWS-In-Bytes
2026-05-01,2026-06-01,False,5.12e-08,USE1-CAN1-AWS-Out-Bytes
2026-05-01,2026-06-01,False,0.0,USE1-CUPM2MAppClientsFull
2026-05-01,2026-06-01,False,0.0,USE1-Catalog-Request
2026-05-01,2026-06-01,False,0.0,USE1-CloudFront-In-Bytes
2026-05-01,2026-06-01,False,0.0,USE1-CloudFront-Out-Bytes
2026-05-01,2026-06-01,False,0.0,USE1-CognitoEssentialsMAU
2026-05-01,2026-06-01,False,1.1957636451,USE1-CostDataStorage
2026-05-01,2026-06-01,False,0.0002475884,USE1-DataProcessing-Bytes
2026-05-01,2026-06-01,False,0.0,USE1-EC2-free-metering
2026-05-01,2026-06-01,False,0.0,USE1-ECR-free-metering
2026-05-01,2026-06-01,False,0.0,USE1-EU-AWS-In-Bytes
2026-05-01,2026-06-01,False,2.6262e-06,USE1-EU-AWS-Out-Bytes
2026-05-01,2026-06-01,False,0.0,USE1-EUC1-AWS-In-Bytes
2026-05-01,2026-06-01,False,0.0008346351,USE1-EUC1-AWS-Out-Bytes
2026-05-01,2026-06-01,False,0.0,USE1-EUN1-AWS-In-Bytes
2026-05-01,2026-06-01,False,5.19e-08,USE1-EUN1-AWS-Out-Bytes
2026-05-01,2026-06-01,False,0.0,USE1-EUW2-AWS-In-Bytes
2026-05-01,2026-06-01,False,5.12e-08,USE1-EUW2-AWS-Out-Bytes
2026-05-01,2026-06-01,False,0.0,USE1-EUW3-AWS-In-Bytes
2026-05-01,2026-06-01,False,6.07e-08,USE1-EUW3-AWS-Out-Bytes
2026-05-01,2026-06-01,False,1.352936,USE1-EventsAnalyzed
2026-05-01,2026-06-01,False,0.0,USE1-FreeEventsRecorded
2026-05-01,2026-06-01,False,0.0,USE1-IssuePublicCertificateDomain
2026-05-01,2026-06-01,False,0.0,USE1-Lambda-Code-free-metering
2026-05-01,2026-06-01,False,0.0,USE1-Lambda-Standard-free-metering
2026-05-01,2026-06-01,False,0.0454483608,USE1-LogsAnalyzedBytes
2026-05-01,2026-06-01,False,0.0,USE1-MXC1-AWS-In-Bytes
2026-05-01,2026-06-01,False,0.2569872,USE1-MonitoredContainerImage
2026-05-01,2026-06-01,False,5.6367231904,USE1-MonitoredEC2
2026-05-01,2026-06-01,False,0.05208,USE1-MonitoredFunction
2026-05-01,2026-06-01,False,0.075,USE1-MonitoredFunctionCode
2026-05-01,2026-06-01,False,0.0,USE1-OtherProduct:PaidFindingsIngestion
2026-05-01,2026-06-01,False,0.0,USE1-PHX1-AWS-In-Bytes
2026-05-01,2026-06-01,False,0.656,USE1-PaidComplianceCheck
2026-05-01,2026-06-01,False,0.079944,USE1-PaidEventsAnalyzed
2026-05-01,2026-06-01,False,9.4677419522,USE1-PaidRDSvCPUMonitored
2026-05-01,2026-06-01,False,0.00522641,USE1-PublicIPv4:IdleAddress
2026-05-01,2026-06-01,False,20.60009305,USE1-PublicIPv4:InUseAddress
2026-05-01,2026-06-01,False,0.0,USE1-Resource-Operation-Count
2026-05-01,2026-06-01,False,0.0,USE1-SAE1-AWS-In-Bytes
2026-05-01,2026-06-01,False,5.12e-08,USE1-SAE1-AWS-Out-Bytes
2026-05-01,2026-06-01,False,0.0,USE1-SC-API-Calls
2026-05-01,2026-06-01,False,0.0,USE1-SecurityHubProduct:FreeFindingsIngestion
2026-05-01,2026-06-01,False,0.0,USE1-TimedStorage-ByteHrs
2026-05-01,2026-06-01,False,0.0,USE1-USE2-AWS-In-Bytes
2026-05-01,2026-06-01,False,0.0001860141,USE1-USE2-AWS-Out-Bytes
2026-05-01,2026-06-01,False,0.0,USE1-USW1-AWS-In-Bytes
2026-05-01,2026-06-01,False,5.12e-08,USE1-USW1-AWS-Out-Bytes
2026-05-01,2026-06-01,False,0.0,USE1-USW2-AWS-In-Bytes
2026-05-01,2026-06-01,False,0.0359485245,USE1-USW2-AWS-Out-Bytes
2026-05-01,2026-06-01,False,0.0137858706,USE1-VendedLog-Bytes
2026-05-01,2026-06-01,False,0.001255,USE2-AWSSecretsManagerAPIRequest
2026-05-01,2026-06-01,False,0.0,USE2-CW:Requests
2026-05-01,2026-06-01,False,0.0,USE2-Catalog-Request
2026-05-01,2026-06-01,False,1.1808e-06,USE2-DataTransfer-Out-Bytes
2026-05-01,2026-06-01,False,0.0,USE2-EC2-free-metering
2026-05-01,2026-06-01,False,0.0,USE2-ECR-free-metering
2026-05-01,2026-06-01,False,0.80162,USE2-EventsAnalyzed
2026-05-01,2026-06-01,False,0.0,USE2-FreeEventsRecorded
2026-05-01,2026-06-01,False,0.0,USE2-Lambda-Code-free-metering
2026-05-01,2026-06-01,False,0.0,USE2-Lambda-Standard-free-metering
2026-05-01,2026-06-01,False,1.1e-06,USE2-LogsAnalyzedBytes
2026-05-01,2026-06-01,False,0.656,USE2-PaidComplianceCheck
2026-05-01,2026-06-01,False,0.078328,USE2-PaidEventsAnalyzed
2026-05-01,2026-06-01,False,0.000335,USE2-Requests-Tier1
2026-05-01,2026-06-01,False,0.0060444,USE2-Requests-Tier2
2026-05-01,2026-06-01,False,0.00228,USE2-Requests-Tier8
2026-05-01,2026-06-01,False,0.0,USE2-Resource-Operation-Count
2026-05-01,2026-06-01,False,0.0,USE2-SC-API-Calls
2026-05-01,2026-06-01,False,0.0,USE2-SecurityHubProduct:FreeFindingsIngestion
2026-05-01,2026-06-01,False,0.000195,USE2-Tables-Requests-Tier1
2026-05-01,2026-06-01,False,4.03e-08,USE2-TimedStorage-ByteHrs
2026-05-01,2026-06-01,False,3.6702e-05,USE2-USE1-AWS-Out-Bytes
2026-05-01,2026-06-01,False,0.0,USE2-USW2-AWS-In-Bytes
2026-05-01,2026-06-01,False,4.08042e-05,USE2-USW2-AWS-Out-Bytes
2026-05-01,2026-06-01,False,0.00125,USW1-AWSSecretsManagerAPIRequest
2026-05-01,2026-06-01,False,0.0,USW1-CUPM2MAppClientsFull
2026-05-01,2026-06-01,False,0.0,USW1-Catalog-Request
2026-05-01,2026-06-01,False,3.72e-07,USW1-DataTransfer-Out-Bytes
2026-05-01,2026-06-01,False,0.0,USW1-EC2-free-metering
2026-05-01,2026-06-01,False,0.0,USW1-ECR-free-metering
2026-05-01,2026-06-01,False,0.8090588,USW1-EventsAnalyzed
2026-05-01,2026-06-01,False,0.0,USW1-FreeEventsRecorded
2026-05-01,2026-06-01,False,0.0,USW1-Lambda-Standard-free-metering
2026-05-01,2026-06-01,False,0.657,USW1-PaidComplianceCheck
2026-05-01,2026-06-01,False,0.0823284,USW1-PaidEventsAnalyzed
2026-05-01,2026-06-01,False,0.0,USW1-Requests-Tier1
2026-05-01,2026-06-01,False,0.00288,USW1-Requests-Tier8
2026-05-01,2026-06-01,False,0.0,USW1-SC-API-Calls
2026-05-01,2026-06-01,False,0.0,USW1-SecurityHubProduct:FreeFindingsIngestion
2026-05-01,2026-06-01,False,0.0002365,USW1-Tables-Requests-Tier1
2026-05-01,2026-06-01,False,0.0,USW1-USW2-AWS-In-Bytes
2026-05-01,2026-06-01,False,1.256e-07,USW1-USW2-AWS-Out-Bytes
2026-05-01,2026-06-01,False,0.0,USW2-AFS1-AWS-In-Bytes
2026-05-01,2026-06-01,False,0.0005024971,USW2-AFS1-AWS-Out-Bytes
2026-05-01,2026-06-01,False,0.0,USW2-APE1-AWS-In-Bytes
2026-05-01,2026-06-01,False,0.0004949241,USW2-APE1-AWS-Out-Bytes
2026-05-01,2026-06-01,False,0.0,USW2-APE2-AWS-In-Bytes
2026-05-01,2026-06-01,False,0.0,USW2-APN1-AWS-In-Bytes
2026-05-01,2026-06-01,False,0.0020619199,USW2-APN1-AWS-Out-Bytes
2026-05-01,2026-06-01,False,0.0,USW2-APN2-AWS-In-Bytes
2026-05-01,2026-06-01,False,0.0020279413,USW2-APN2-AWS-Out-Bytes
2026-05-01,2026-06-01,False,0.0,USW2-APN3-AWS-In-Bytes
2026-05-01,2026-06-01,False,0.0019722559,USW2-APN3-AWS-Out-Bytes
2026-05-01,2026-06-01,False,0.0,USW2-APS1-AWS-In-Bytes
2026-05-01,2026-06-01,False,0.002073553,USW2-APS1-AWS-Out-Bytes
2026-05-01,2026-06-01,False,0.0,USW2-APS2-AWS-In-Bytes
2026-05-01,2026-06-01,False,0.0020555449,USW2-APS2-AWS-Out-Bytes
2026-05-01,2026-06-01,False,0.0,USW2-APS3-AWS-In-Bytes
2026-05-01,2026-06-01,False,0.0245495208,USW2-APS3-AWS-Out-Bytes
2026-05-01,2026-06-01,False,0.0,USW2-APS4-AWS-In-Bytes
2026-05-01,2026-06-01,False,0.0004999126,USW2-APS4-AWS-Out-Bytes
2026-05-01,2026-06-01,False,0.0,USW2-APS5-AWS-In-Bytes
2026-05-01,2026-06-01,False,0.0004711708,USW2-APS5-AWS-Out-Bytes
2026-05-01,2026-06-01,False,0.0,USW2-APS7-AWS-In-Bytes
2026-05-01,2026-06-01,False,7e-10,USW2-APS7-AWS-Out-Bytes
2026-05-01,2026-06-01,False,0.0,USW2-APS8-AWS-In-Bytes
2026-05-01,2026-06-01,False,0.0,USW2-APS9-AWS-In-Bytes
2026-05-01,2026-06-01,False,4.3557721493,USW2-AWSSecretsManager-Secrets
2026-05-01,2026-06-01,False,0.01853,USW2-AWSSecretsManagerAPIRequest
2026-05-01,2026-06-01,False,0.0133507037,USW2-Aurora:BackupUsage
2026-05-01,2026-06-01,False,0.0165685645,USW2-Aurora:IO-OptimizedStorageUsage
2026-05-01,2026-06-01,False,84.4829555558,USW2-Aurora:ServerlessV2IOOptimizedUsage
2026-05-01,2026-06-01,False,0.4442833334,USW2-Aurora:ServerlessV2Usage
2026-05-01,2026-06-01,False,4.1055018,USW2-Aurora:StorageIOUsage
2026-05-01,2026-06-01,False,0.0194517664,USW2-Aurora:StorageUsage
2026-05-01,2026-06-01,False,398.6075505888,USW2-BoxUsage:r7i.16xlarge
2026-05-01,2026-06-01,False,807.8618748816,USW2-BoxUsage:r7i.2xlarge
2026-05-01,2026-06-01,False,134.3244852936,USW2-BoxUsage:r7i.4xlarge
2026-05-01,2026-06-01,False,369.6309124704,USW2-BoxUsage:r7i.8xlarge
2026-05-01,2026-06-01,False,15.474607772,USW2-BoxUsage:t3.micro
2026-05-01,2026-06-01,False,6.630988,USW2-BoxUsage:t3.small
2026-05-01,2026-06-01,False,123.8016,USW2-BoxUsage:t3.xlarge
2026-05-01,2026-06-01,False,354.9688996224,USW2-BoxUsage:t3a.2xlarge
2026-05-01,2026-06-01,False,0.0812186676,USW2-BoxUsage:t4g.micro
2026-05-01,2026-06-01,False,0.0,USW2-CAN1-AWS-In-Bytes
2026-05-01,2026-06-01,False,0.0020710752,USW2-CAN1-AWS-Out-Bytes
2026-05-01,2026-06-01,False,0.0,USW2-CHI1-AWS-In-Bytes
2026-05-01,2026-06-01,False,0.0,USW2-CUPM2MAppClientsFull
2026-05-01,2026-06-01,False,0.02925,USW2-CUPM2MTokenRequestsFull
2026-05-01,2026-06-01,False,1.4355063117,USW2-CW:AlarmMonitorUsage
2026-05-01,2026-06-01,False,1.2941308437,USW2-CW:CompositeAlarmMonitorUsage
2026-05-01,2026-06-01,False,0.0004,USW2-CW:GMD-Metrics
2026-05-01,2026-06-01,False,1.8754033473,USW2-CW:MetricMonitorUsage
2026-05-01,2026-06-01,False,0.0,USW2-CW:Requests
2026-05-01,2026-06-01,False,0.0,USW2-Catalog-Request
2026-05-01,2026-06-01,False,0.0,USW2-CloudFront-In-Bytes
2026-05-01,2026-06-01,False,0.0,USW2-CloudFront-Out-Bytes
2026-05-01,2026-06-01,False,0.0,USW2-CognitoEssentialsMAU
2026-05-01,2026-06-01,False,32.533505,USW2-DataEventsRecorded
2026-05-01,2026-06-01,False,75.4971356315,USW2-DataProcessing-Bytes
2026-05-01,2026-06-01,False,0.0,USW2-DataTransfer-In-ABytes
2026-05-01,2026-06-01,False,0.0,USW2-DataTransfer-In-Bytes
2026-05-01,2026-06-01,False,6.8328842766,USW2-DataTransfer-Out-ABytes
2026-05-01,2026-06-01,False,46.1061538403,USW2-DataTransfer-Out-Bytes
2026-05-01,2026-06-01,False,12.6522615435,USW2-DataTransfer-Regional-Bytes
2026-05-01,2026-06-01,False,0.0,USW2-DataTransfer-xAZ-In-Bytes
2026-05-01,2026-06-01,False,0.0,USW2-DataTransfer-xAZ-Out-Bytes
2026-05-01,2026-06-01,False,0.0,USW2-DeliveryAttempts-SMTP
2026-05-01,2026-06-01,False,4.6994329631,USW2-EBS:SnapshotUsage
2026-05-01,2026-06-01,False,306.7613168972,USW2-EBS:VolumeUsage.gp3
2026-05-01,2026-06-01,False,0.0,USW2-EBSOptimized:c6i.32xlarge
2026-05-01,2026-06-01,False,0.0,USW2-EBSOptimized:c6i.metal
2026-05-01,2026-06-01,False,0.0,USW2-EBSOptimized:c7i.48xlarge
2026-05-01,2026-06-01,False,0.0,USW2-EBSOptimized:c7i.metal-48xl
2026-05-01,2026-06-01,False,0.0,USW2-EBSOptimized:m6i.metal
2026-05-01,2026-06-01,False,0.0,USW2-EBSOptimized:m7i.48xlarge
2026-05-01,2026-06-01,False,0.0,USW2-EBSOptimized:m7i.metal-48xl
2026-05-01,2026-06-01,False,0.0,USW2-EBSOptimized:r6i.2xlarge
2026-05-01,2026-06-01,False,0.0,USW2-EBSOptimized:r6i.32xlarge
2026-05-01,2026-06-01,False,0.0,USW2-EBSOptimized:r6i.metal
2026-05-01,2026-06-01,False,0.0,USW2-EBSOptimized:r7i.2xlarge
2026-05-01,2026-06-01,False,0.0,USW2-EBSOptimized:r7i.48xlarge
2026-05-01,2026-06-01,False,0.0,USW2-EBSOptimized:r7i.metal-48xl
2026-05-01,2026-06-01,False,0.0,USW2-EBSOptimized:t3.small
2026-05-01,2026-06-01,False,0.0,USW2-EC2-free-metering
2026-05-01,2026-06-01,False,0.0,USW2-ECR-free-metering
2026-05-01,2026-06-01,False,0.0,USW2-EU-AWS-In-Bytes
2026-05-01,2026-06-01,False,0.0021572655,USW2-EU-AWS-Out-Bytes
2026-05-01,2026-06-01,False,0.0,USW2-EUC1-AWS-In-Bytes
2026-05-01,2026-06-01,False,0.0228464341,USW2-EUC1-AWS-Out-Bytes
2026-05-01,2026-06-01,False,0.0,USW2-EUN1-AWS-In-Bytes
2026-05-01,2026-06-01,False,0.0019999693,USW2-EUN1-AWS-Out-Bytes
2026-05-01,2026-06-01,False,0.0,USW2-EUS1-AWS-In-Bytes
2026-05-01,2026-06-01,False,0.0,USW2-EUW2-AWS-In-Bytes
2026-05-01,2026-06-01,False,0.0020876843,USW2-EUW2-AWS-Out-Bytes
2026-05-01,2026-06-01,False,0.0,USW2-EUW3-AWS-In-Bytes
2026-05-01,2026-06-01,False,0.0020390701,USW2-EUW3-AWS-Out-Bytes
2026-05-01,2026-06-01,False,63.649208,USW2-EventsAnalyzed
2026-05-01,2026-06-01,False,9.9207593561,USW2-Fargate-GB-Hours
2026-05-01,2026-06-01,False,45.1734914206,USW2-Fargate-vCPU-Hours:perCPU
2026-05-01,2026-06-01,False,0.0,USW2-FreeComplianceCheck
2026-05-01,2026-06-01,False,0.0,USW2-FreeEventsAnalyzed
2026-05-01,2026-06-01,False,0.0,USW2-FreeEventsRecorded
2026-05-01,2026-06-01,False,0.0,USW2-FreeS3DataEventsAnalyzed
2026-05-01,2026-06-01,False,0.0,USW2-IAH1-AWS-In-Bytes
2026-05-01,2026-06-01,False,64.58742917,USW2-InstanceUsage:db.r5.large
2026-05-01,2026-06-01,False,193.44,USW2-InstanceUsage:db.r6g.large
2026-05-01,2026-06-01,False,0.255835992,USW2-InstanceUsage:db.r7g.large
2026-05-01,2026-06-01,False,84.05787,USW2-InstanceUsage:db.r8g.large
2026-05-01,2026-06-01,False,50.714348015,USW2-InstanceUsage:db.t4g.medium
2026-05-01,2026-06-01,False,35.712,USW2-InstanceUsage:db.t4g.micro
2026-05-01,2026-06-01,False,498.415655396,USW2-InstanceUsageIOOptimized:db.r8g.2xl
2026-05-01,2026-06-01,False,498.287811188,USW2-InstanceUsageIOOptimized:db.r8g.xl
2026-05-01,2026-06-01,False,0.0,USW2-IssuePublicCertificateDomain
2026-05-01,2026-06-01,False,0.0029811674,USW2-LCUUsage
2026-05-01,2026-06-01,False,0.0,USW2-Lambda-Code-free-metering
2026-05-01,2026-06-01,False,0.0,USW2-Lambda-GB-Second
2026-05-01,2026-06-01,False,0.0,USW2-Lambda-Standard-free-metering
2026-05-01,2026-06-01,False,5.6475,USW2-LoadBalancerUsage
2026-05-01,2026-06-01,False,26.4148795694,USW2-LogsAnalyzedBytes
2026-05-01,2026-06-01,False,0.0,USW2-MXC1-AWS-In-Bytes
2026-05-01,2026-06-01,False,10.8490272,USW2-MonitoredContainerImage
2026-05-01,2026-06-01,False,47.1579748534,USW2-MonitoredEC2
2026-05-01,2026-06-01,False,1.624896,USW2-MonitoredFunction
2026-05-01,2026-06-01,False,2.415,USW2-MonitoredFunctionCode
2026-05-01,2026-06-01,False,400.5940281164,USW2-NatGateway-Bytes
2026-05-01,2026-06-01,False,167.445,USW2-NatGateway-Hours
2026-05-01,2026-06-01,False,1.971,USW2-PaidComplianceCheck
2026-05-01,2026-06-01,False,0.0879,USW2-PaidEventsAnalyzed
2026-05-01,2026-06-01,False,0.2509396964,USW2-PaidEventsAnalyzed-Bytes
2026-05-01,2026-06-01,False,0.0342754532,USW2-PaidRDSACUMonitored
2026-05-01,2026-06-01,False,9.6236558917,USW2-PaidRDSvCPUMonitored
2026-05-01,2026-06-01,False,3.777095895,USW2-PublicIPv4:IdleAddress
2026-05-01,2026-06-01,False,44.349697255,USW2-PublicIPv4:InUseAddress
2026-05-01,2026-06-01,False,0.0756548005,USW2-RDS:ChargedBackupUsage
2026-05-01,2026-06-01,False,6.8999998896,USW2-RDS:GP2-Storage
2026-05-01,2026-06-01,False,7.4784778239,USW2-RDS:GP3-Storage
2026-05-01,2026-06-01,False,0.0307691875,USW2-ReadRequestUnits
2026-05-01,2026-06-01,False,0.0,USW2-Request
2026-05-01,2026-06-01,False,100.15579,USW2-Requests-Tier1
2026-05-01,2026-06-01,False,15.0081744,USW2-Requests-Tier2
2026-05-01,2026-06-01,False,0.00288,USW2-Requests-Tier8
2026-05-01,2026-06-01,False,0.0,USW2-Resource-Operation-Count
2026-05-01,2026-06-01,False,0.0,USW2-SAE1-AWS-In-Bytes
2026-05-01,2026-06-01,False,0.0020324114,USW2-SAE1-AWS-Out-Bytes
2026-05-01,2026-06-01,False,0.0,USW2-SC-API-Calls
2026-05-01,2026-06-01,False,0.0,USW2-ScheduledInvocation
2026-05-01,2026-06-01,False,0.0,USW2-SecurityHubProduct:FreeFindingsIngestion
2026-05-01,2026-06-01,False,46.5606810893,USW2-SpotUsage:c6i.32xlarge
2026-05-01,2026-06-01,False,75.7823637709,USW2-SpotUsage:c6i.metal
2026-05-01,2026-06-01,False,547.3558285364,USW2-SpotUsage:c7i.48xlarge
2026-05-01,2026-06-01,False,280.1800422225,USW2-SpotUsage:c7i.metal-48xl
2026-05-01,2026-06-01,False,0.529441634,USW2-SpotUsage:m6i.metal
2026-05-01,2026-06-01,False,346.4753413212,USW2-SpotUsage:m7i.48xlarge
2026-05-01,2026-06-01,False,4881.7419697275,USW2-SpotUsage:m7i.metal-48xl
2026-05-01,2026-06-01,False,0.1033944911,USW2-SpotUsage:r6i.2xlarge
2026-05-01,2026-06-01,False,1.15961979,USW2-SpotUsage:r6i.32xlarge
2026-05-01,2026-06-01,False,1.0828157284,USW2-SpotUsage:r6i.metal
2026-05-01,2026-06-01,False,0.124611971,USW2-SpotUsage:r7i.2xlarge
2026-05-01,2026-06-01,False,2062.5926062941,USW2-SpotUsage:r7i.48xlarge
2026-05-01,2026-06-01,False,244.9548081501,USW2-SpotUsage:r7i.metal-48xl
2026-05-01,2026-06-01,False,4675.2773740911,USW2-Storage
2026-05-01,2026-06-01,False,0.00028,USW2-Tables-Requests-Tier1
2026-05-01,2026-06-01,False,0.0005528544,USW2-TagStorage-TagHrs
2026-05-01,2026-06-01,False,1.1564e-06,USW2-TimedPITRStorage-ByteHrs
2026-05-01,2026-06-01,False,3408.7760286786,USW2-TimedStorage-ByteHrs
2026-05-01,2026-06-01,False,0.0,USW2-UGW1-AWS-In-Bytes
2026-05-01,2026-06-01,False,0.0,USW2-USE1-AWS-In-Bytes
2026-05-01,2026-06-01,False,245.7709081434,USW2-USE1-AWS-Out-Bytes
2026-05-01,2026-06-01,False,0.0,USW2-USE2-AWS-In-Bytes
2026-05-01,2026-06-01,False,0.0025906566,USW2-USE2-AWS-Out-Bytes
2026-05-01,2026-06-01,False,0.0,USW2-USW1-AWS-In-Bytes
2026-05-01,2026-06-01,False,0.0160359868,USW2-USW1-AWS-Out-Bytes
2026-05-01,2026-06-01,False,0.00011,USW2-Vectors-Request-Tier1
2026-05-01,2026-06-01,False,9.59431e-05,USW2-VendedLog-Bytes
2026-05-01,2026-06-01,False,0.1750249524,USW2-VpcEndpoint-Bytes
2026-05-01,2026-06-01,False,52.08,USW2-VpcEndpoint-Hours
2026-05-01,2026-06-01,False,0.007296875,USW2-WriteRequestUnits
2026-05-01,2026-06-01,False,2.4e-05,af-south-1-KMS-Requests
2026-05-01,2026-06-01,False,2.4e-05,ap-east-1-KMS-Requests
2026-05-01,2026-06-01,False,5.4e-05,ap-northeast-1-KMS-Requests
2026-05-01,2026-06-01,False,5.4e-05,ap-northeast-2-KMS-Requests
2026-05-01,2026-06-01,False,5.4e-05,ap-northeast-3-KMS-Requests
2026-05-01,2026-06-01,False,0.000156,ap-south-1-KMS-Requests
2026-05-01,2026-06-01,False,2.4e-05,ap-south-2-KMS-Requests
2026-05-01,2026-06-01,False,6e-05,ap-southeast-1-KMS-Requests
2026-05-01,2026-06-01,False,5.4e-05,ap-southeast-2-KMS-Requests
2026-05-01,2026-06-01,False,2.1e-05,ap-southeast-3-KMS-Requests
2026-05-01,2026-06-01,False,5.7e-05,ca-central-1-KMS-Requests
2026-05-01,2026-06-01,False,0.000156,eu-central-1-KMS-Requests
2026-05-01,2026-06-01,False,5.4e-05,eu-north-1-KMS-Requests
2026-05-01,2026-06-01,False,6e-05,eu-west-1-KMS-Requests
2026-05-01,2026-06-01,False,6e-05,eu-west-2-KMS-Requests
2026-05-01,2026-06-01,False,5.4e-05,eu-west-3-KMS-Requests
2026-05-01,2026-06-01,False,6e-05,sa-east-1-KMS-Requests
2026-05-01,2026-06-01,False,0.418010746,us-east-1-KMS-Keys
2026-05-01,2026-06-01,False,0.000549,us-east-1-KMS-Requests
2026-05-01,2026-06-01,False,0.000285,us-east-1-KMS-Requests-Asymmetric
2026-05-01,2026-06-01,False,6e-05,us-east-2-KMS-Requests
2026-05-01,2026-06-01,False,5.4e-05,us-west-1-KMS-Requests
2026-05-01,2026-06-01,False,2.51344082,us-west-2-KMS-Keys
2026-05-01,2026-06-01,False,0.001572,us-west-2-KMS-Requests
2026-06-01,2026-06-14,True,0.00022,AFS1-AWSSecretsManagerAPIRequest
2026-06-01,2026-06-14,True,0.0,AFS1-Catalog-Request
2026-06-01,2026-06-14,True,0.0,AFS1-DataTransfer-Out-Bytes
2026-06-01,2026-06-14,True,0.0,AFS1-EC2-free-metering
2026-06-01,2026-06-14,True,0.0,AFS1-ECR-free-metering
2026-06-01,2026-06-14,True,0.47298,AFS1-EventsAnalyzed
2026-06-01,2026-06-14,True,0.0,AFS1-FreeEventsRecorded
2026-06-01,2026-06-14,True,0.0,AFS1-Lambda-Standard-free-metering
2026-06-01,2026-06-14,True,0.0,AFS1-Requests-Tier1
2026-06-01,2026-06-14,True,0.00024,AFS1-Requests-Tier8
2026-06-01,2026-06-14,True,0.0,AFS1-SC-API-Calls
2026-06-01,2026-06-14,True,0.0,AFS1-SecurityHubProduct:FreeFindingsIngestion
2026-06-01,2026-06-14,True,0.0,AFS1-USW2-AWS-In-Bytes
2026-06-01,2026-06-14,True,8.84e-08,AFS1-USW2-AWS-Out-Bytes
2026-06-01,2026-06-14,True,0.00022,APE1-AWSSecretsManagerAPIRequest
2026-06-01,2026-06-14,True,0.0,APE1-Catalog-Request
2026-06-01,2026-06-14,True,0.0,APE1-DataTransfer-Out-Bytes
2026-06-01,2026-06-14,True,0.0,APE1-EC2-free-metering
2026-06-01,2026-06-14,True,0.0,APE1-ECR-free-metering
2026-06-01,2026-06-14,True,0.4954488,APE1-EventsAnalyzed
2026-06-01,2026-06-14,True,0.0,APE1-FreeEventsRecorded
2026-06-01,2026-06-14,True,0.0,APE1-Lambda-Standard-free-metering
2026-06-01,2026-06-14,True,0.0,APE1-Requests-Tier1
2026-06-01,2026-06-14,True,0.00015,APE1-Requests-Tier8
2026-06-01,2026-06-14,True,0.0,APE1-SC-API-Calls
2026-06-01,2026-06-14,True,0.0,APE1-SecurityHubProduct:FreeFindingsIngestion
2026-06-01,2026-06-14,True,0.0,APE1-USW2-AWS-In-Bytes
2026-06-01,2026-06-14,True,5.46e-08,APE1-USW2-AWS-Out-Bytes
2026-06-01,2026-06-14,True,0.00052,APN1-AWSSecretsManagerAPIRequest
2026-06-01,2026-06-14,True,0.0,APN1-Catalog-Request
2026-06-01,2026-06-14,True,0.0,APN1-DataTransfer-Out-Bytes
2026-06-01,2026-06-14,True,0.0,APN1-EC2-free-metering
2026-06-01,2026-06-14,True,0.0,APN1-ECR-free-metering
2026-06-01,2026-06-14,True,0.4171536,APN1-EventsAnalyzed
2026-06-01,2026-06-14,True,0.0,APN1-FreeEventsRecorded
2026-06-01,2026-06-14,True,0.0,APN1-Lambda-Code-free-metering
2026-06-01,2026-06-14,True,0.0,APN1-Lambda-Standard-free-metering
2026-06-01,2026-06-14,True,0.052,APN1-PaidComplianceCheck
2026-06-01,2026-06-14,True,0.00199656,APN1-PaidEventsAnalyzed
2026-06-01,2026-06-14,True,0.0001222,APN1-Requests-Tier1
2026-06-01,2026-06-14,True,0.0,APN1-SC-API-Calls
2026-06-01,2026-06-14,True,0.0,APN1-SecurityHubProduct:FreeFindingsIngestion
2026-06-01,2026-06-14,True,0.0,APN1-USW2-AWS-In-Bytes
2026-06-01,2026-06-14,True,2.184e-07,APN1-USW2-AWS-Out-Bytes
2026-06-01,2026-06-14,True,0.00052,APN2-AWSSecretsManagerAPIRequest
2026-06-01,2026-06-14,True,0.0,APN2-Catalog-Request
2026-06-01,2026-06-14,True,0.0,APN2-DataTransfer-Out-Bytes
2026-06-01,2026-06-14,True,0.0,APN2-EC2-free-metering
2026-06-01,2026-06-14,True,0.0,APN2-ECR-free-metering
2026-06-01,2026-06-14,True,0.406594,APN2-EventsAnalyzed
2026-06-01,2026-06-14,True,0.0,APN2-FreeEventsRecorded
2026-06-01,2026-06-14,True,0.0,APN2-Lambda-Standard-free-metering
2026-06-01,2026-06-14,True,0.052,APN2-PaidComplianceCheck
2026-06-01,2026-06-14,True,0.0019458,APN2-PaidEventsAnalyzed
2026-06-01,2026-06-14,True,0.0,APN2-Requests-Tier1
2026-06-01,2026-06-14,True,0.0003,APN2-Requests-Tier8
2026-06-01,2026-06-14,True,0.0,APN2-SC-API-Calls
2026-06-01,2026-06-14,True,0.0,APN2-SecurityHubProduct:FreeFindingsIngestion
2026-06-01,2026-06-14,True,0.0,APN2-USW2-AWS-In-Bytes
2026-06-01,2026-06-14,True,1.924e-07,APN2-USW2-AWS-Out-Bytes
2026-06-01,2026-06-14,True,0.00052,APN3-AWSSecretsManagerAPIRequest
2026-06-01,2026-06-14,True,0.0,APN3-Catalog-Request
2026-06-01,2026-06-14,True,0.0,APN3-DataTransfer-Out-Bytes
2026-06-01,2026-06-14,True,0.0,APN3-EC2-free-metering
2026-06-01,2026-06-14,True,0.0,APN3-ECR-free-metering
2026-06-01,2026-06-14,True,0.44105,APN3-EventsAnalyzed
2026-06-01,2026-06-14,True,0.0,APN3-FreeEventsRecorded
2026-06-01,2026-06-14,True,0.0,APN3-Lambda-Standard-free-metering
2026-06-01,2026-06-14,True,0.052,APN3-PaidComplianceCheck
2026-06-01,2026-06-14,True,0.00211,APN3-PaidEventsAnalyzed
2026-06-01,2026-06-14,True,0.0,APN3-Requests-Tier1
2026-06-01,2026-06-14,True,0.00027,APN3-Requests-Tier8
2026-06-01,2026-06-14,True,0.0,APN3-SC-API-Calls
2026-06-01,2026-06-14,True,0.0,APN3-SecurityHubProduct:FreeFindingsIngestion
2026-06-01,2026-06-14,True,0.0,APN3-USW2-AWS-In-Bytes
2026-06-01,2026-06-14,True,2.184e-07,APN3-USW2-AWS-Out-Bytes
2026-06-01,2026-06-14,True,0.00052,APS1-AWSSecretsManagerAPIRequest
2026-06-01,2026-06-14,True,0.0,APS1-Catalog-Request
2026-06-01,2026-06-14,True,0.0,APS1-DataTransfer-Out-Bytes
2026-06-01,2026-06-14,True,0.0,APS1-EC2-free-metering
2026-06-01,2026-06-14,True,0.0,APS1-ECR-free-metering
2026-06-01,2026-06-14,True,0.4065526,APS1-EventsAnalyzed
2026-06-01,2026-06-14,True,0.0,APS1-FreeEventsRecorded
2026-06-01,2026-06-14,True,0.0,APS1-Lambda-Code-free-metering
2026-06-01,2026-06-14,True,0.0,APS1-Lambda-Standard-free-metering
2026-06-01,2026-06-14,True,0.052,APS1-PaidComplianceCheck
2026-06-01,2026-06-14,True,0.0019596,APS1-PaidEventsAnalyzed
2026-06-01,2026-06-14,True,0.0,APS1-Requests-Tier1
2026-06-01,2026-06-14,True,0.00012,APS1-Requests-Tier8
2026-06-01,2026-06-14,True,0.0,APS1-SC-API-Calls
2026-06-01,2026-06-14,True,0.0,APS1-SecurityHubProduct:FreeFindingsIngestion
2026-06-01,2026-06-14,True,0.0,APS1-USW2-AWS-In-Bytes
2026-06-01,2026-06-14,True,2.184e-07,APS1-USW2-AWS-Out-Bytes
2026-06-01,2026-06-14,True,0.00052,APS2-AWSSecretsManagerAPIRequest
2026-06-01,2026-06-14,True,0.0,APS2-Catalog-Request
2026-06-01,2026-06-14,True,0.0,APS2-DataTransfer-Out-Bytes
2026-06-01,2026-06-14,True,0.0,APS2-EC2-free-metering
2026-06-01,2026-06-14,True,0.0,APS2-ECR-free-metering
2026-06-01,2026-06-14,True,0.4065296,APS2-EventsAnalyzed
2026-06-01,2026-06-14,True,0.0,APS2-FreeEventsRecorded
2026-06-01,2026-06-14,True,0.0,APS2-Lambda-Code-free-metering
2026-06-01,2026-06-14,True,0.0,APS2-Lambda-Standard-free-metering
2026-06-01,2026-06-14,True,0.053,APS2-PaidComplianceCheck
2026-06-01,2026-06-14,True,0.0019642,APS2-PaidEventsAnalyzed
2026-06-01,2026-06-14,True,0.0,APS2-Requests-Tier1
2026-06-01,2026-06-14,True,0.00027,APS2-Requests-Tier8
2026-06-01,2026-06-14,True,0.0,APS2-SC-API-Calls
2026-06-01,2026-06-14,True,0.0,APS2-SecurityHubProduct:FreeFindingsIngestion
2026-06-01,2026-06-14,True,0.0,APS2-USW2-AWS-In-Bytes
2026-06-01,2026-06-14,True,2.34e-07,APS2-USW2-AWS-Out-Bytes
2026-06-01,2026-06-14,True,0.0,APS3-AFS1-AWS-In-Bytes
2026-06-01,2026-06-14,True,0.0,APS3-APE1-AWS-In-Bytes
2026-06-01,2026-06-14,True,0.0,APS3-APE2-AWS-In-Bytes
2026-06-01,2026-06-14,True,0.0,APS3-APN1-AWS-In-Bytes
2026-06-01,2026-06-14,True,0.0,APS3-APN2-AWS-In-Bytes
2026-06-01,2026-06-14,True,0.0,APS3-APS1-AWS-In-Bytes
2026-06-01,2026-06-14,True,0.0,APS3-APS2-AWS-In-Bytes
2026-06-01,2026-06-14,True,0.0,APS3-APS9-AWS-In-Bytes
2026-06-01,2026-06-14,True,0.00052,APS3-AWSSecretsManagerAPIRequest
2026-06-01,2026-06-14,True,0.0,APS3-CAN1-AWS-In-Bytes
2026-06-01,2026-06-14,True,0.0,APS3-CW:Requests
2026-06-01,2026-06-14,True,0.0,APS3-Catalog-Request
2026-06-01,2026-06-14,True,0.0,APS3-CloudFront-In-Bytes
2026-06-01,2026-06-14,True,0.0,APS3-CloudFront-Out-Bytes
2026-06-01,2026-06-14,True,0.0,APS3-DataTransfer-In-Bytes
2026-06-01,2026-06-14,True,0.0,APS3-DataTransfer-Out-Bytes
2026-06-01,2026-06-14,True,2.828e-07,APS3-DataTransfer-Regional-Bytes
2026-06-01,2026-06-14,True,1.0436710609,APS3-EBS:SnapshotUsage
2026-06-01,2026-06-14,True,0.0,APS3-EC2-free-metering
2026-06-01,2026-06-14,True,0.0,APS3-ECR-free-metering
2026-06-01,2026-06-14,True,0.0,APS3-EU-AWS-In-Bytes
2026-06-01,2026-06-14,True,0.0,APS3-EUC1-AWS-In-Bytes
2026-06-01,2026-06-14,True,0.0,APS3-EUN1-AWS-In-Bytes
2026-06-01,2026-06-14,True,0.0,APS3-EUS1-AWS-In-Bytes
2026-06-01,2026-06-14,True,0.0,APS3-EUW2-AWS-In-Bytes
2026-06-01,2026-06-14,True,0.0,APS3-EUW3-AWS-In-Bytes
2026-06-01,2026-06-14,True,1.1650188,APS3-EventsAnalyzed
2026-06-01,2026-06-14,True,0.0,APS3-FreeEventsRecorded
2026-06-01,2026-06-14,True,0.0,APS3-Lambda-Standard-free-metering
2026-06-01,2026-06-14,True,0.00030976,APS3-LogsAnalyzedBytes
2026-06-01,2026-06-14,True,0.0,APS3-NYC1-AWS-In-Bytes
2026-06-01,2026-06-14,True,6.9972e-06,APS3-NatGateway-Bytes
2026-06-01,2026-06-14,True,34.944,APS3-NatGateway-Hours
2026-06-01,2026-06-14,True,0.052,APS3-PaidComplianceCheck
2026-06-01,2026-06-14,True,0.0018568,APS3-PaidEventsAnalyzed
2026-06-01,2026-06-14,True,3.12,APS3-PublicIPv4:InUseAddress
2026-06-01,2026-06-14,True,0.001,APS3-Requests-Tier1
2026-06-01,2026-06-14,True,0.0740752,APS3-Requests-Tier2
2026-06-01,2026-06-14,True,0.00027,APS3-Requests-Tier8
2026-06-01,2026-06-14,True,0.0,APS3-SC-API-Calls
2026-06-01,2026-06-14,True,0.0,APS3-SecurityHubProduct:FreeFindingsIngestion
2026-06-01,2026-06-14,True,1.0997261185,APS3-TimedStorage-ByteHrs
2026-06-01,2026-06-14,True,0.0,APS3-USE1-AWS-In-Bytes
2026-06-01,2026-06-14,True,0.0058845954,APS3-USE1-AWS-Out-Bytes
2026-06-01,2026-06-14,True,0.0,APS3-USE2-AWS-In-Bytes
2026-06-01,2026-06-14,True,0.0,APS3-USW1-AWS-In-Bytes
2026-06-01,2026-06-14,True,0.0,APS3-USW2-AWS-In-Bytes
2026-06-01,2026-06-14,True,0.0015547313,APS3-USW2-AWS-Out-Bytes
2026-06-01,2026-06-14,True,0.00022,APS4-AWSSecretsManagerAPIRequest
2026-06-01,2026-06-14,True,0.0,APS4-Catalog-Request
2026-06-01,2026-06-14,True,0.0,APS4-DataTransfer-Out-Bytes
2026-06-01,2026-06-14,True,0.0,APS4-EC2-free-metering
2026-06-01,2026-06-14,True,0.0,APS4-ECR-free-metering
2026-06-01,2026-06-14,True,0.4313098,APS4-EventsAnalyzed
2026-06-01,2026-06-14,True,0.0,APS4-FreeEventsRecorded
2026-06-01,2026-06-14,True,0.0,APS4-Lambda-Standard-free-metering
2026-06-01,2026-06-14,True,0.0,APS4-Requests-Tier1
2026-06-01,2026-06-14,True,0.00024,APS4-Requests-Tier8
2026-06-01,2026-06-14,True,0.0,APS4-SC-API-Calls
2026-06-01,2026-06-14,True,0.0,APS4-SecurityHubProduct:FreeFindingsIngestion
2026-06-01,2026-06-14,True,0.0,APS4-USW2-AWS-In-Bytes
2026-06-01,2026-06-14,True,2.47e-08,APS4-USW2-AWS-Out-Bytes
2026-06-01,2026-06-14,True,0.00021,APS5-AWSSecretsManagerAPIRequest
2026-06-01,2026-06-14,True,0.0,APS5-Catalog-Request
2026-06-01,2026-06-14,True,0.0,APS5-DataTransfer-Out-Bytes
2026-06-01,2026-06-14,True,0.0,APS5-EC2-free-metering
2026-06-01,2026-06-14,True,0.0,APS5-ECR-free-metering
2026-06-01,2026-06-14,True,0.39457,APS5-EventsAnalyzed
2026-06-01,2026-06-14,True,0.0,APS5-FreeEventsRecorded
2026-06-01,2026-06-14,True,0.0,APS5-Lambda-Standard-free-metering
2026-06-01,2026-06-14,True,0.0,APS5-Requests-Tier1
2026-06-01,2026-06-14,True,0.00027,APS5-Requests-Tier8
2026-06-01,2026-06-14,True,0.0,APS5-SC-API-Calls
2026-06-01,2026-06-14,True,0.0,APS5-SecurityHubProduct:FreeFindingsIngestion
2026-06-01,2026-06-14,True,0.0,APS5-USW2-AWS-In-Bytes
2026-06-01,2026-06-14,True,2.08e-08,APS5-USW2-AWS-Out-Bytes
2026-06-01,2026-06-14,True,0.0135133482,Aurora:BackupUsage
2026-06-01,2026-06-14,True,3.1505504,Aurora:StorageIOUsage
2026-06-01,2026-06-14,True,0.0409199483,Aurora:StorageUsage
2026-06-01,2026-06-14,True,402.2771763712,BoxUsage:t3.2xlarge
2026-06-01,2026-06-14,True,3.2448,BoxUsage:t3.micro
2026-06-01,2026-06-14,True,1.3365935544,BoxUsage:t3.nano
2026-06-01,2026-06-14,True,58.0417832448,BoxUsage:t3a.2xlarge
2026-06-01,2026-06-14,True,0.0,CA-DataTransfer-Out-Bytes
2026-06-01,2026-06-14,True,0.0,CA-Requests-Tier1
2026-06-01,2026-06-14,True,0.0,CA-Requests-Tier2-HTTPS
2026-06-01,2026-06-14,True,0.00052,CAN1-AWSSecretsManagerAPIRequest
2026-06-01,2026-06-14,True,0.0,CAN1-Catalog-Request
2026-06-01,2026-06-14,True,1.12e-07,CAN1-DataTransfer-Out-Bytes
2026-06-01,2026-06-14,True,0.0,CAN1-EC2-free-metering
2026-06-01,2026-06-14,True,0.0,CAN1-ECR-free-metering
2026-06-01,2026-06-14,True,0.4061294,CAN1-EventsAnalyzed
2026-06-01,2026-06-14,True,0.0,CAN1-FreeEventsRecorded
2026-06-01,2026-06-14,True,0.0,CAN1-Lambda-Standard-free-metering
2026-06-01,2026-06-14,True,0.052,CAN1-PaidComplianceCheck
2026-06-01,2026-06-14,True,0.0019412,CAN1-PaidEventsAnalyzed
2026-06-01,2026-06-14,True,0.0,CAN1-Requests-Tier1
2026-06-01,2026-06-14,True,0.0,CAN1-SC-API-Calls
2026-06-01,2026-06-14,True,0.0,CAN1-SecurityHubProduct:FreeFindingsIngestion
2026-06-01,2026-06-14,True,0.0,CAN1-USW2-AWS-In-Bytes
2026-06-01,2026-06-14,True,5.2e-08,CAN1-USW2-AWS-Out-Bytes
2026-06-01,2026-06-14,True,0.0,CW:Requests
2026-06-01,2026-06-14,True,0.1630368,DNS-Queries
2026-06-01,2026-06-14,True,0.0,DashboardsUsageHour-Basic
2026-06-01,2026-06-14,True,0.0,DataTransfer-In-Bytes
2026-06-01,2026-06-14,True,0.0552935626,DataTransfer-Out-Bytes
2026-06-01,2026-06-14,True,0.8159409329,DataTransfer-Regional-Bytes
2026-06-01,2026-06-14,True,345.0288933945,Dollar
2026-06-01,2026-06-14,True,0.0005555556,EBS:SnapshotUsage
2026-06-01,2026-06-14,True,53.2126221818,EBS:VolumeUsage.gp3
2026-06-01,2026-06-14,True,0.0,EBSOptimized:t3.micro
2026-06-01,2026-06-14,True,0.00052,EU-AWSSecretsManager-APIRequests
2026-06-01,2026-06-14,True,0.0,EU-Catalog-Request
2026-06-01,2026-06-14,True,1.12e-07,EU-DataTransfer-Out-Bytes
2026-06-01,2026-06-14,True,0.0,EU-EC2-free-metering
2026-06-01,2026-06-14,True,0.0,EU-ECR-free-metering
2026-06-01,2026-06-14,True,0.3888324,EU-EventsAnalyzed
2026-06-01,2026-06-14,True,0.0,EU-FreeEventsRecorded
2026-06-01,2026-06-14,True,0.0,EU-Lambda-Code-free-metering
2026-06-01,2026-06-14,True,0.0,EU-Lambda-Standard-free-metering
2026-06-01,2026-06-14,True,0.052,EU-PaidComplianceCheck
2026-06-01,2026-06-14,True,0.0018568,EU-PaidEventsAnalyzed
2026-06-01,2026-06-14,True,0.0,EU-Requests-HTTPS-Proxy
2026-06-01,2026-06-14,True,0.00013,EU-Requests-Tier1
2026-06-01,2026-06-14,True,0.0,EU-Requests-Tier2-HTTPS
2026-06-01,2026-06-14,True,0.0,EU-SC-API-Calls
2026-06-01,2026-06-14,True,0.0,EU-SecurityHubProduct:FreeFindingsIngestion
2026-06-01,2026-06-14,True,0.0,EU-USW2-AWS-In-Bytes
2026-06-01,2026-06-14,True,5.2e-08,EU-USW2-AWS-Out-Bytes
2026-06-01,2026-06-14,True,0.0,EUC1-APE1-AWS-In-Bytes
2026-06-01,2026-06-14,True,0.0,EUC1-APE2-AWS-In-Bytes
2026-06-01,2026-06-14,True,0.0,EUC1-APN1-AWS-In-Bytes
2026-06-01,2026-06-14,True,0.0,EUC1-APN2-AWS-In-Bytes
2026-06-01,2026-06-14,True,0.0,EUC1-APS1-AWS-In-Bytes
2026-06-01,2026-06-14,True,0.0,EUC1-APS2-AWS-In-Bytes
2026-06-01,2026-06-14,True,0.0,EUC1-APS3-AWS-In-Bytes
2026-06-01,2026-06-14,True,0.0,EUC1-APS5-AWS-In-Bytes
2026-06-01,2026-06-14,True,0.0,EUC1-APS8-AWS-In-Bytes
2026-06-01,2026-06-14,True,0.0,EUC1-APS9-AWS-In-Bytes
2026-06-01,2026-06-14,True,0.00052,EUC1-AWSSecretsManagerAPIRequest
2026-06-01,2026-06-14,True,0.0,EUC1-CAN1-AWS-In-Bytes
2026-06-01,2026-06-14,True,0.0,EUC1-CW:Requests
2026-06-01,2026-06-14,True,0.0,EUC1-Catalog-Request
2026-06-01,2026-06-14,True,0.0,EUC1-CloudFront-In-Bytes
2026-06-01,2026-06-14,True,0.0,EUC1-CloudFront-Out-Bytes
2026-06-01,2026-06-14,True,0.0,EUC1-DataTransfer-In-Bytes
2026-06-01,2026-06-14,True,3.1647e-06,EUC1-DataTransfer-Out-Bytes
2026-06-01,2026-06-14,True,1.306e-07,EUC1-DataTransfer-Regional-Bytes
2026-06-01,2026-06-14,True,0.0,EUC1-EC2-free-metering
2026-06-01,2026-06-14,True,0.0,EUC1-ECR-free-metering
2026-06-01,2026-06-14,True,0.0,EUC1-EU-AWS-In-Bytes
2026-06-01,2026-06-14,True,0.0,EUC1-EUN1-AWS-In-Bytes
2026-06-01,2026-06-14,True,0.0,EUC1-EUW2-AWS-In-Bytes
2026-06-01,2026-06-14,True,0.0,EUC1-EUW3-AWS-In-Bytes
2026-06-01,2026-06-14,True,1.2135582,EUC1-EventsAnalyzed
2026-06-01,2026-06-14,True,0.0,EUC1-FreeEventsRecorded
2026-06-01,2026-06-14,True,0.0,EUC1-Lambda-Code-free-metering
2026-06-01,2026-06-14,True,0.0,EUC1-Lambda-Standard-free-metering
2026-06-01,2026-06-14,True,0.00053856,EUC1-LogsAnalyzedBytes
2026-06-01,2026-06-14,True,3.2736e-06,EUC1-NatGateway-Bytes
2026-06-01,2026-06-14,True,32.448,EUC1-NatGateway-Hours
2026-06-01,2026-06-14,True,0.052,EUC1-PaidComplianceCheck
2026-06-01,2026-06-14,True,0.001955,EUC1-PaidEventsAnalyzed
2026-06-01,2026-06-14,True,3.12,EUC1-PublicIPv4:InUseAddress
2026-06-01,2026-06-14,True,0.0016254,EUC1-Requests-Tier1
2026-06-01,2026-06-14,True,0.07962138,EUC1-Requests-Tier2
2026-06-01,2026-06-14,True,0.0,EUC1-SC-API-Calls
2026-06-01,2026-06-14,True,0.0,EUC1-SecurityHubProduct:FreeFindingsIngestion
2026-06-01,2026-06-14,True,1.2134e-06,EUC1-TagStorage-TagHrs
2026-06-01,2026-06-14,True,2.879761423,EUC1-TimedStorage-ByteHrs
2026-06-01,2026-06-14,True,0.0,EUC1-USE1-AWS-In-Bytes
2026-06-01,2026-06-14,True,0.0013797091,EUC1-USE1-AWS-Out-Bytes
2026-06-01,2026-06-14,True,0.0,EUC1-USE2-AWS-In-Bytes
2026-06-01,2026-06-14,True,0.0,EUC1-USW1-AWS-In-Bytes
2026-06-01,2026-06-14,True,0.0,EUC1-USW2-AWS-In-Bytes
2026-06-01,2026-06-14,True,0.0003638524,EUC1-USW2-AWS-Out-Bytes
2026-06-01,2026-06-14,True,0.00052,EUN1-AWSSecretsManagerAPIRequest
2026-06-01,2026-06-14,True,0.0,EUN1-Catalog-Request
2026-06-01,2026-06-14,True,1.12e-07,EUN1-DataTransfer-Out-Bytes
2026-06-01,2026-06-14,True,0.0,EUN1-EC2-free-metering
2026-06-01,2026-06-14,True,0.0,EUN1-ECR-free-metering
2026-06-01,2026-06-14,True,0.370755,EUN1-EventsAnalyzed
2026-06-01,2026-06-14,True,0.0,EUN1-FreeEventsRecorded
2026-06-01,2026-06-14,True,0.0,EUN1-Lambda-Code-free-metering
2026-06-01,2026-06-14,True,0.0,EUN1-Lambda-Standard-free-metering
2026-06-01,2026-06-14,True,0.052,EUN1-PaidComplianceCheck
2026-06-01,2026-06-14,True,0.0015498,EUN1-PaidEventsAnalyzed
2026-06-01,2026-06-14,True,0.00013,EUN1-Requests-Tier1
2026-06-01,2026-06-14,True,0.00021,EUN1-Requests-Tier8
2026-06-01,2026-06-14,True,0.0,EUN1-SC-API-Calls
2026-06-01,2026-06-14,True,0.0,EUN1-SecurityHubProduct:FreeFindingsIngestion
2026-06-01,2026-06-14,True,0.0,EUN1-USW2-AWS-In-Bytes
2026-06-01,2026-06-14,True,5.2e-08,EUN1-USW2-AWS-Out-Bytes
2026-06-01,2026-06-14,True,0.00052,EUW2-AWSSecretsManagerAPIRequest
2026-06-01,2026-06-14,True,0.0,EUW2-Catalog-Request
2026-06-01,2026-06-14,True,1.12e-07,EUW2-DataTransfer-Out-Bytes
2026-06-01,2026-06-14,True,0.0,EUW2-EC2-free-metering
2026-06-01,2026-06-14,True,0.0,EUW2-ECR-free-metering
2026-06-01,2026-06-14,True,0.388828,EUW2-EventsAnalyzed
2026-06-01,2026-06-14,True,0.0,EUW2-FreeEventsRecorded
2026-06-01,2026-06-14,True,0.0,EUW2-Lambda-Code-free-metering
2026-06-01,2026-06-14,True,0.0,EUW2-Lambda-Standard-free-metering
2026-06-01,2026-06-14,True,0.052,EUW2-PaidComplianceCheck
2026-06-01,2026-06-14,True,0.0018656,EUW2-PaidEventsAnalyzed
2026-06-01,2026-06-14,True,0.0,EUW2-Requests-Tier1
2026-06-01,2026-06-14,True,0.00024,EUW2-Requests-Tier8
2026-06-01,2026-06-14,True,0.0,EUW2-SC-API-Calls
2026-06-01,2026-06-14,True,0.0,EUW2-SecurityHubProduct:FreeFindingsIngestion
2026-06-01,2026-06-14,True,0.0,EUW2-USW2-AWS-In-Bytes
2026-06-01,2026-06-14,True,5.2e-08,EUW2-USW2-AWS-Out-Bytes
2026-06-01,2026-06-14,True,0.00052,EUW3-AWSSecretsManagerAPIRequest
2026-06-01,2026-06-14,True,0.0,EUW3-Catalog-Request
2026-06-01,2026-06-14,True,1.12e-07,EUW3-DataTransfer-Out-Bytes
2026-06-01,2026-06-14,True,0.0,EUW3-EC2-free-metering
2026-06-01,2026-06-14,True,0.0,EUW3-ECR-free-metering
2026-06-01,2026-06-14,True,0.3888148,EUW3-EventsAnalyzed
2026-06-01,2026-06-14,True,0.0,EUW3-FreeEventsRecorded
2026-06-01,2026-06-14,True,0.0,EUW3-Lambda-Standard-free-metering
2026-06-01,2026-06-14,True,0.052,EUW3-PaidComplianceCheck
2026-06-01,2026-06-14,True,0.0018788,EUW3-PaidEventsAnalyzed
2026-06-01,2026-06-14,True,0.0,EUW3-Requests-Tier1
2026-06-01,2026-06-14,True,0.00027,EUW3-Requests-Tier8
2026-06-01,2026-06-14,True,0.0,EUW3-SC-API-Calls
2026-06-01,2026-06-14,True,0.0,EUW3-SecurityHubProduct:FreeFindingsIngestion
2026-06-01,2026-06-14,True,0.0,EUW3-USW2-AWS-In-Bytes
2026-06-01,2026-06-14,True,5.2e-08,EUW3-USW2-AWS-Out-Bytes
2026-06-01,2026-06-14,True,0.0,Executions-CloudFrontFunctions
2026-06-01,2026-06-14,True,0.0,Global-Bucket-Hrs-FreeTier
2026-06-01,2026-06-14,True,1.03808304,Global-MonitoredIAMRole
2026-06-01,2026-06-14,True,0.19701576,Global-MonitoredIAMUser
2026-06-01,2026-06-14,True,0.8666666736,Global-RuleV2
2026-06-01,2026-06-14,True,2.166666684,Global-WebACLV2
2026-06-01,2026-06-14,True,12.7,HostedZone
2026-06-01,2026-06-14,True,271.44,InstanceUsage:db.r5.large
2026-06-01,2026-06-14,True,81.12,InstanceUsage:db.r6g.large
2026-06-01,2026-06-14,True,0.160759944,InstanceUsage:db.t3.medium
2026-06-01,2026-06-14,True,43.056,InstanceUsage:db.t4g.medium
2026-06-01,2026-06-14,True,0.0,Intra-AWS-DNS-Queries
2026-06-01,2026-06-14,True,0.0,Invalidations
2026-06-01,2026-06-14,True,7.02,LoadBalancerUsage
2026-06-01,2026-06-14,True,3.489e-07,NatGateway-Bytes
2026-06-01,2026-06-14,True,8.73,NatGateway-Hours
2026-06-01,2026-06-14,True,0.0359099562,RDS:ChargedBackupUsage
2026-06-01,2026-06-14,True,0.0356624229,RDS:GP2-Storage
2026-06-01,2026-06-14,True,0.9966666528,RDS:GP3-Storage
2026-06-01,2026-06-14,True,0.0,Requests-RBP
2026-06-01,2026-06-14,True,0.26949,Requests-Tier1
2026-06-01,2026-06-14,True,0.2341776,Requests-Tier2
2026-06-01,2026-06-14,True,6e-05,Requests-Tier8
2026-06-01,2026-06-14,True,0.00052,SAE1-AWSSecretsManagerAPIRequest
2026-06-01,2026-06-14,True,0.0,SAE1-Catalog-Request
2026-06-01,2026-06-14,True,0.0,SAE1-DataTransfer-Out-Bytes
2026-06-01,2026-06-14,True,0.0,SAE1-EC2-free-metering
2026-06-01,2026-06-14,True,0.0,SAE1-ECR-free-metering
2026-06-01,2026-06-14,True,0.618177,SAE1-EventsAnalyzed
2026-06-01,2026-06-14,True,0.0,SAE1-FreeEventsRecorded
2026-06-01,2026-06-14,True,0.0,SAE1-Lambda-Standard-free-metering
2026-06-01,2026-06-14,True,0.052,SAE1-PaidComplianceCheck
2026-06-01,2026-06-14,True,0.002989,SAE1-PaidEventsAnalyzed
2026-06-01,2026-06-14,True,0.0,SAE1-Requests-Tier1
2026-06-01,2026-06-14,True,0.0,SAE1-SC-API-Calls
2026-06-01,2026-06-14,True,0.0,SAE1-SecurityHubProduct:FreeFindingsIngestion
2026-06-01,2026-06-14,True,0.0,SAE1-USW2-AWS-In-Bytes
2026-06-01,2026-06-14,True,3.38e-07,SAE1-USW2-AWS-Out-Bytes
2026-06-01,2026-06-14,True,1.409003376,TimedStorage-ByteHrs
2026-06-01,2026-06-14,True,0.0,US-DataTransfer-Out-Bytes
2026-06-01,2026-06-14,True,0.0,US-Requests-HTTPS-Proxy
2026-06-01,2026-06-14,True,0.0,US-Requests-Tier1
2026-06-01,2026-06-14,True,0.0,US-Requests-Tier2-HTTPS
2026-06-01,2026-06-14,True,6.49e-08,USE1-AFS1-AWS-Out-Bytes
2026-06-01,2026-06-14,True,6.45e-08,USE1-APE1-AWS-Out-Bytes
2026-06-01,2026-06-14,True,198.58,USE1-APIRequest
2026-06-01,2026-06-14,True,0.0,USE1-APN1-AWS-In-Bytes
2026-06-01,2026-06-14,True,2.08e-08,USE1-APN1-AWS-Out-Bytes
2026-06-01,2026-06-14,True,0.0,USE1-APN2-AWS-In-Bytes
2026-06-01,2026-06-14,True,2.08e-08,USE1-APN2-AWS-Out-Bytes
2026-06-01,2026-06-14,True,0.0,USE1-APS1-AWS-In-Bytes
2026-06-01,2026-06-14,True,2.08e-08,USE1-APS1-AWS-Out-Bytes
2026-06-01,2026-06-14,True,0.0,USE1-APS2-AWS-In-Bytes
2026-06-01,2026-06-14,True,2.08e-08,USE1-APS2-AWS-Out-Bytes
2026-06-01,2026-06-14,True,0.0,USE1-APS3-AWS-In-Bytes
2026-06-01,2026-06-14,True,0.0068127626,USE1-APS3-AWS-Out-Bytes
2026-06-01,2026-06-14,True,6.29e-08,USE1-APS4-AWS-Out-Bytes
2026-06-01,2026-06-14,True,5.76e-08,USE1-APS5-AWS-Out-Bytes
2026-06-01,2026-06-14,True,0.9786469486,USE1-AWSSecretsManager-Secrets
2026-06-01,2026-06-14,True,0.00847,USE1-AWSSecretsManagerAPIRequest
2026-06-01,2026-06-14,True,0.0,USE1-CAN1-AWS-In-Bytes
2026-06-01,2026-06-14,True,2.08e-08,USE1-CAN1-AWS-Out-Bytes
2026-06-01,2026-06-14,True,0.0,USE1-CUPM2MAppClientsFull
2026-06-01,2026-06-14,True,0.0,USE1-Catalog-Request
2026-06-01,2026-06-14,True,0.0,USE1-CloudFront-In-Bytes
2026-06-01,2026-06-14,True,0.0,USE1-CloudFront-Out-Bytes
2026-06-01,2026-06-14,True,0.0,USE1-CognitoEssentialsMAU
2026-06-01,2026-06-14,True,1.2544126667,USE1-CostDataStorage
2026-06-01,2026-06-14,True,0.0,USE1-EC2-free-metering
2026-06-01,2026-06-14,True,0.0,USE1-ECR-free-metering
2026-06-01,2026-06-14,True,0.0,USE1-EU-AWS-In-Bytes
2026-06-01,2026-06-14,True,5.2951e-06,USE1-EU-AWS-Out-Bytes
2026-06-01,2026-06-14,True,0.0,USE1-EUC1-AWS-In-Bytes
2026-06-01,2026-06-14,True,0.0069719014,USE1-EUC1-AWS-Out-Bytes
2026-06-01,2026-06-14,True,0.0,USE1-EUN1-AWS-In-Bytes
2026-06-01,2026-06-14,True,2.08e-08,USE1-EUN1-AWS-Out-Bytes
2026-06-01,2026-06-14,True,0.0,USE1-EUS1-AWS-In-Bytes
2026-06-01,2026-06-14,True,0.0,USE1-EUW2-AWS-In-Bytes
2026-06-01,2026-06-14,True,2.08e-08,USE1-EUW2-AWS-Out-Bytes
2026-06-01,2026-06-14,True,0.0,USE1-EUW3-AWS-In-Bytes
2026-06-01,2026-06-14,True,2.08e-08,USE1-EUW3-AWS-Out-Bytes
2026-06-01,2026-06-14,True,3.103708,USE1-EventsAnalyzed
2026-06-01,2026-06-14,True,0.0,USE1-FreeEventsRecorded
2026-06-01,2026-06-14,True,0.0,USE1-Lambda-Code-free-metering
2026-06-01,2026-06-14,True,0.0,USE1-Lambda-Standard-free-metering
2026-06-01,2026-06-14,True,0.2505686584,USE1-LogsAnalyzedBytes
2026-06-01,2026-06-14,True,5.139744,USE1-MonitoredContainerImage
2026-06-01,2026-06-14,True,10.3119059722,USE1-MonitoredEC2
2026-06-01,2026-06-14,True,0.0,USE1-OtherProduct:PaidFindingsIngestion
2026-06-01,2026-06-14,True,0.052,USE1-PaidComplianceCheck
2026-06-01,2026-06-14,True,0.001952,USE1-PaidEventsAnalyzed
2026-06-01,2026-06-14,True,5.205555566,USE1-PaidRDSvCPUMonitored
2026-06-01,2026-06-14,True,0.00391809,USE1-PublicIPv4:IdleAddress
2026-06-01,2026-06-14,True,13.978665275,USE1-PublicIPv4:InUseAddress
2026-06-01,2026-06-14,True,0.0,USE1-Resource-Operation-Count
2026-06-01,2026-06-14,True,2.08e-08,USE1-SAE1-AWS-Out-Bytes
2026-06-01,2026-06-14,True,0.0,USE1-SC-API-Calls
2026-06-01,2026-06-14,True,0.0,USE1-SecurityHubProduct:FreeFindingsIngestion
2026-06-01,2026-06-14,True,0.0004030336,USE1-TimedStorage-ByteHrs
2026-06-01,2026-06-14,True,0.0,USE1-USE2-AWS-In-Bytes
2026-06-01,2026-06-14,True,0.0033434088,USE1-USE2-AWS-Out-Bytes
2026-06-01,2026-06-14,True,0.0,USE1-USW1-AWS-In-Bytes
2026-06-01,2026-06-14,True,2.88e-08,USE1-USW1-AWS-Out-Bytes
2026-06-01,2026-06-14,True,0.0,USE1-USW2-AWS-In-Bytes
2026-06-01,2026-06-14,True,1.0388812112,USE1-USW2-AWS-Out-Bytes
2026-06-01,2026-06-14,True,0.0163500304,USE1-VendedLog-Bytes
2026-06-01,2026-06-14,True,0.00052,USE2-AWSSecretsManagerAPIRequest
2026-06-01,2026-06-14,True,0.0,USE2-CW:Requests
2026-06-01,2026-06-14,True,0.0,USE2-Catalog-Request
2026-06-01,2026-06-14,True,6.172e-07,USE2-DataTransfer-Out-Bytes
2026-06-01,2026-06-14,True,0.0,USE2-EC2-free-metering
2026-06-01,2026-06-14,True,0.0,USE2-ECR-free-metering
2026-06-01,2026-06-14,True,1.037564,USE2-EventsAnalyzed
2026-06-01,2026-06-14,True,0.0,USE2-FreeEventsRecorded
2026-06-01,2026-06-14,True,0.0,USE2-Lambda-Code-free-metering
2026-06-01,2026-06-14,True,0.0,USE2-Lambda-Standard-free-metering
2026-06-01,2026-06-14,True,0.053,USE2-PaidComplianceCheck
2026-06-01,2026-06-14,True,0.002584,USE2-PaidEventsAnalyzed
2026-06-01,2026-06-14,True,0.00014,USE2-Requests-Tier1
2026-06-01,2026-06-14,True,0.0720516,USE2-Requests-Tier2
2026-06-01,2026-06-14,True,0.0,USE2-SC-API-Calls
2026-06-01,2026-06-14,True,0.0,USE2-SecurityHubProduct:FreeFindingsIngestion
2026-06-01,2026-06-14,True,1.69e-08,USE2-TimedStorage-ByteHrs
2026-06-01,2026-06-14,True,0.0006589785,USE2-USE1-AWS-Out-Bytes
2026-06-01,2026-06-14,True,0.0,USE2-USW2-AWS-In-Bytes
2026-06-01,2026-06-14,True,0.0003483448,USE2-USW2-AWS-Out-Bytes
2026-06-01,2026-06-14,True,0.00052,USW1-AWSSecretsManagerAPIRequest
2026-06-01,2026-06-14,True,0.0,USW1-CUPM2MAppClientsFull
2026-06-01,2026-06-14,True,0.0,USW1-Catalog-Request
2026-06-01,2026-06-14,True,1.12e-07,USW1-DataTransfer-Out-Bytes
2026-06-01,2026-06-14,True,0.0,USW1-EC2-free-metering
2026-06-01,2026-06-14,True,0.0,USW1-ECR-free-metering
2026-06-01,2026-06-14,True,0.3887444,USW1-EventsAnalyzed
2026-06-01,2026-06-14,True,0.0,USW1-FreeEventsRecorded
2026-06-01,2026-06-14,True,0.0,USW1-Lambda-Standard-free-metering
2026-06-01,2026-06-14,True,0.052,USW1-PaidComplianceCheck
2026-06-01,2026-06-14,True,0.0018304,USW1-PaidEventsAnalyzed
2026-06-01,2026-06-14,True,0.0,USW1-Requests-Tier1
2026-06-01,2026-06-14,True,0.00024,USW1-Requests-Tier8
2026-06-01,2026-06-14,True,0.0,USW1-SC-API-Calls
2026-06-01,2026-06-14,True,0.0,USW1-SecurityHubProduct:FreeFindingsIngestion
2026-06-01,2026-06-14,True,0.0,USW1-USW2-AWS-In-Bytes
2026-06-01,2026-06-14,True,5.2e-08,USW1-USW2-AWS-Out-Bytes
2026-06-01,2026-06-14,True,0.0,USW2-AFS1-AWS-In-Bytes
2026-06-01,2026-06-14,True,0.0002155263,USW2-AFS1-AWS-Out-Bytes
2026-06-01,2026-06-14,True,0.0,USW2-APE1-AWS-In-Bytes
2026-06-01,2026-06-14,True,0.0002114484,USW2-APE1-AWS-Out-Bytes
2026-06-01,2026-06-14,True,0.0,USW2-APE2-AWS-In-Bytes
2026-06-01,2026-06-14,True,0.0,USW2-APN1-AWS-In-Bytes
2026-06-01,2026-06-14,True,0.0008547976,USW2-APN1-AWS-Out-Bytes
2026-06-01,2026-06-14,True,0.0,USW2-APN2-AWS-In-Bytes
2026-06-01,2026-06-14,True,0.0008461404,USW2-APN2-AWS-Out-Bytes
2026-06-01,2026-06-14,True,0.0,USW2-APN3-AWS-In-Bytes
2026-06-01,2026-06-14,True,0.000806696,USW2-APN3-AWS-Out-Bytes
2026-06-01,2026-06-14,True,0.0,USW2-APS1-AWS-In-Bytes
2026-06-01,2026-06-14,True,0.0008808364,USW2-APS1-AWS-Out-Bytes
2026-06-01,2026-06-14,True,0.0,USW2-APS2-AWS-In-Bytes
2026-06-01,2026-06-14,True,0.0008740733,USW2-APS2-AWS-Out-Bytes
2026-06-01,2026-06-14,True,0.0,USW2-APS3-AWS-In-Bytes
2026-06-01,2026-06-14,True,0.0028559569,USW2-APS3-AWS-Out-Bytes
2026-06-01,2026-06-14,True,0.0,USW2-APS4-AWS-In-Bytes
2026-06-01,2026-06-14,True,0.0002110904,USW2-APS4-AWS-Out-Bytes
2026-06-01,2026-06-14,True,0.0,USW2-APS5-AWS-In-Bytes
2026-06-01,2026-06-14,True,0.0001988602,USW2-APS5-AWS-Out-Bytes
2026-06-01,2026-06-14,True,0.0,USW2-APS6-AWS-In-Bytes
2026-06-01,2026-06-14,True,2.863e-07,USW2-APS6-AWS-Out-Bytes
2026-06-01,2026-06-14,True,0.0,USW2-APS9-AWS-In-Bytes
2026-06-01,2026-06-14,True,2.4266668608,USW2-AWSSecretsManager-Secrets
2026-06-01,2026-06-14,True,0.00474,USW2-AWSSecretsManagerAPIRequest
2026-06-01,2026-06-14,True,0.0371457302,USW2-Aurora:BackupUsage
2026-06-01,2026-06-14,True,0.0162942936,USW2-Aurora:IO-OptimizedStorageUsage
2026-06-01,2026-06-14,True,99.8438222223,USW2-Aurora:ServerlessV2IOOptimizedUsage
2026-06-01,2026-06-14,True,3.1934926,USW2-Aurora:StorageIOUsage
2026-06-01,2026-06-14,True,0.0187381589,USW2-Aurora:StorageUsage
2026-06-01,2026-06-14,True,65.352231,USW2-BoxUsage:r7i.2xlarge
2026-06-01,2026-06-14,True,24.708348,USW2-BoxUsage:r7i.4xlarge
2026-06-01,2026-06-14,True,919.7301931776,USW2-BoxUsage:r7i.8xlarge
2026-06-01,2026-06-14,True,91.198016,USW2-BoxUsage:t3.2xlarge
2026-06-01,2026-06-14,True,6.489501772,USW2-BoxUsage:t3.micro
2026-06-01,2026-06-14,True,6.4896,USW2-BoxUsage:t3.small
2026-06-01,2026-06-14,True,51.9168,USW2-BoxUsage:t3.xlarge
2026-06-01,2026-06-14,True,187.6992,USW2-BoxUsage:t3a.2xlarge
2026-06-01,2026-06-14,True,2.6208,USW2-BoxUsage:t4g.micro
2026-06-01,2026-06-14,True,0.0,USW2-CAN1-AWS-In-Bytes
2026-06-01,2026-06-14,True,0.0008733152,USW2-CAN1-AWS-Out-Bytes
2026-06-01,2026-06-14,True,0.0,USW2-CUPM2MAppClientsFull
2026-06-01,2026-06-14,True,0.0,USW2-CW:AlarmMonitorUsage
2026-06-01,2026-06-14,True,0.4025463046,USW2-CW:CompositeAlarmMonitorUsage
2026-06-01,2026-06-14,True,0.00032,USW2-CW:GMD-Metrics
2026-06-01,2026-06-14,True,0.0,USW2-CW:MetricMonitorUsage
2026-06-01,2026-06-14,True,0.0,USW2-CW:Requests
2026-06-01,2026-06-14,True,0.0,USW2-Catalog-Request
2026-06-01,2026-06-14,True,0.0,USW2-CloudFront-In-Bytes
2026-06-01,2026-06-14,True,0.0,USW2-CloudFront-Out-Bytes
2026-06-01,2026-06-14,True,0.0,USW2-CognitoEssentialsMAU
2026-06-01,2026-06-14,True,88.479571,USW2-DataEventsRecorded
2026-06-01,2026-06-14,True,88.2799038044,USW2-DataProcessing-Bytes
2026-06-01,2026-06-14,True,0.0,USW2-DataTransfer-In-ABytes
2026-06-01,2026-06-14,True,0.0,USW2-DataTransfer-In-Bytes
2026-06-01,2026-06-14,True,7.2535412521,USW2-DataTransfer-Out-ABytes
2026-06-01,2026-06-14,True,26.9018265627,USW2-DataTransfer-Out-Bytes
2026-06-01,2026-06-14,True,4.7981421766,USW2-DataTransfer-Regional-Bytes
2026-06-01,2026-06-14,True,0.0,USW2-DataTransfer-xAZ-In-Bytes
2026-06-01,2026-06-14,True,0.0,USW2-DataTransfer-xAZ-Out-Bytes
2026-06-01,2026-06-14,True,0.0,USW2-DeliveryAttempts-SMTP
2026-06-01,2026-06-14,True,2.5118349236,USW2-EBS:SnapshotUsage
2026-06-01,2026-06-14,True,138.415252521,USW2-EBS:VolumeUsage.gp3
2026-06-01,2026-06-14,True,0.0,USW2-EBSOptimized:c6i.metal
2026-06-01,2026-06-14,True,0.0,USW2-EBSOptimized:c7i.48xlarge
2026-06-01,2026-06-14,True,0.0,USW2-EBSOptimized:c7i.metal-48xl
2026-06-01,2026-06-14,True,0.0,USW2-EBSOptimized:c8i.32xlarge
2026-06-01,2026-06-14,True,0.0,USW2-EBSOptimized:c8i.metal-48xl
2026-06-01,2026-06-14,True,0.0,USW2-EBSOptimized:c8id.96xlarge
2026-06-01,2026-06-14,True,0.0,USW2-EBSOptimized:c8id.metal-48xl
2026-06-01,2026-06-14,True,0.0,USW2-EBSOptimized:c8id.metal-96xl
2026-06-01,2026-06-14,True,0.0,USW2-EBSOptimized:i4i.metal
2026-06-01,2026-06-14,True,0.0,USW2-EBSOptimized:i7ie.48xlarge
2026-06-01,2026-06-14,True,0.0,USW2-EBSOptimized:i7ie.metal-48xl
2026-06-01,2026-06-14,True,0.0,USW2-EBSOptimized:m7i.48xlarge
2026-06-01,2026-06-14,True,0.0,USW2-EBSOptimized:m7i.metal-48xl
2026-06-01,2026-06-14,True,0.0,USW2-EBSOptimized:m8i.32xlarge
2026-06-01,2026-06-14,True,0.0,USW2-EBSOptimized:m8i.metal-48xl
2026-06-01,2026-06-14,True,0.0,USW2-EBSOptimized:m8id.metal-96xl
2026-06-01,2026-06-14,True,0.0,USW2-EBSOptimized:m8idb.96xlarge
2026-06-01,2026-06-14,True,0.0,USW2-EBSOptimized:m8idn.96xlarge
2026-06-01,2026-06-14,True,0.0,USW2-EBSOptimized:r5.2xlarge
2026-06-01,2026-06-14,True,0.0,USW2-EBSOptimized:r7i.48xlarge
2026-06-01,2026-06-14,True,0.0,USW2-EBSOptimized:r7i.metal-48xl
2026-06-01,2026-06-14,True,0.0,USW2-EBSOptimized:r8i.48xlarge
2026-06-01,2026-06-14,True,0.0,USW2-EBSOptimized:r8i.metal-48xl
2026-06-01,2026-06-14,True,0.0,USW2-EBSOptimized:r8id.96xlarge
2026-06-01,2026-06-14,True,0.0,USW2-EBSOptimized:r8id.metal-96xl
2026-06-01,2026-06-14,True,0.0,USW2-EBSOptimized:t3.small
2026-06-01,2026-06-14,True,0.0,USW2-EC2-free-metering
2026-06-01,2026-06-14,True,0.0,USW2-ECR-free-metering
2026-06-01,2026-06-14,True,0.0,USW2-EU-AWS-In-Bytes
2026-06-01,2026-06-14,True,0.000911296,USW2-EU-AWS-Out-Bytes
2026-06-01,2026-06-14,True,0.0,USW2-EUC1-AWS-In-Bytes
2026-06-01,2026-06-14,True,0.0032527588,USW2-EUC1-AWS-Out-Bytes
2026-06-01,2026-06-14,True,0.0,USW2-EUC2-AWS-In-Bytes
2026-06-01,2026-06-14,True,0.0,USW2-EUN1-AWS-In-Bytes
2026-06-01,2026-06-14,True,0.0008346091,USW2-EUN1-AWS-Out-Bytes
2026-06-01,2026-06-14,True,0.0,USW2-EUS1-AWS-In-Bytes
2026-06-01,2026-06-14,True,0.0,USW2-EUW2-AWS-In-Bytes
2026-06-01,2026-06-14,True,0.0008791665,USW2-EUW2-AWS-Out-Bytes
2026-06-01,2026-06-14,True,0.0,USW2-EUW3-AWS-In-Bytes
2026-06-01,2026-06-14,True,0.0008474162,USW2-EUW3-AWS-Out-Bytes
2026-06-01,2026-06-14,True,38.110152,USW2-EventsAnalyzed
2026-06-01,2026-06-14,True,4.1603467351,USW2-Fargate-GB-Hours
2026-06-01,2026-06-14,True,18.9438510502,USW2-Fargate-vCPU-Hours:perCPU
2026-06-01,2026-06-14,True,0.0,USW2-FreeComplianceCheck
2026-06-01,2026-06-14,True,0.0,USW2-FreeEventsAnalyzed
2026-06-01,2026-06-14,True,0.0,USW2-FreeEventsRecorded
2026-06-01,2026-06-14,True,0.0,USW2-FreeS3DataEventsAnalyzed
2026-06-01,2026-06-14,True,271.44,USW2-InstanceUsage:db.r5.large
2026-06-01,2026-06-14,True,81.12,USW2-InstanceUsage:db.r6g.large
2026-06-01,2026-06-14,True,86.112,USW2-InstanceUsage:db.r8g.large
2026-06-01,2026-06-14,True,43.056,USW2-InstanceUsage:db.t4g.medium
2026-06-01,2026-06-14,True,14.976,USW2-InstanceUsage:db.t4g.micro
2026-06-01,2026-06-14,True,448.032,USW2-InstanceUsageIOOptimized:db.r8g.2xl
2026-06-01,2026-06-14,True,448.032,USW2-InstanceUsageIOOptimized:db.r8g.xl
2026-06-01,2026-06-14,True,0.003353853,USW2-LCUUsage
2026-06-01,2026-06-14,True,0.0,USW2-Lambda-Code-free-metering
2026-06-01,2026-06-14,True,0.0,USW2-Lambda-GB-Second
2026-06-01,2026-06-14,True,0.0,USW2-Lambda-Standard-free-metering
2026-06-01,2026-06-14,True,7.02,USW2-LoadBalancerUsage
2026-06-01,2026-06-14,True,32.88767206,USW2-LogsAnalyzedBytes
2026-06-01,2026-06-14,True,5.9315424,USW2-MonitoredContainerImage
2026-06-01,2026-06-14,True,20.420980175,USW2-MonitoredEC2
2026-06-01,2026-06-14,True,0.458304,USW2-MonitoredFunction
2026-06-01,2026-06-14,True,0.66,USW2-MonitoredFunctionCode
2026-06-01,2026-06-14,True,34.7895528543,USW2-NatGateway-Bytes
2026-06-01,2026-06-14,True,70.2,USW2-NatGateway-Hours
2026-06-01,2026-06-14,True,0.157,USW2-PaidComplianceCheck
2026-06-01,2026-06-14,True,0.002488,USW2-PaidEventsAnalyzed
2026-06-01,2026-06-14,True,0.1080569514,USW2-PaidEventsAnalyzed-Bytes
2026-06-01,2026-06-14,True,1.57959865,USW2-PublicIPv4:IdleAddress
2026-06-01,2026-06-14,True,23.006137535,USW2-PublicIPv4:InUseAddress
2026-06-01,2026-06-14,True,2.9899999584,USW2-RDS:GP2-Storage
2026-06-01,2026-06-14,True,9.9666666528,USW2-RDS:GP3-Storage
2026-06-01,2026-06-14,True,0.009586625,USW2-ReadRequestUnits
2026-06-01,2026-06-14,True,0.0,USW2-Request
2026-06-01,2026-06-14,True,44.19728,USW2-Requests-Tier1
2026-06-01,2026-06-14,True,36.5994616,USW2-Requests-Tier2
2026-06-01,2026-06-14,True,0.00057,USW2-Requests-Tier8
2026-06-01,2026-06-14,True,0.0,USW2-Resource-Operation-Count
2026-06-01,2026-06-14,True,0.0,USW2-SAE1-AWS-In-Bytes
2026-06-01,2026-06-14,True,0.0008530627,USW2-SAE1-AWS-Out-Bytes
2026-06-01,2026-06-14,True,0.0,USW2-SC-API-Calls
2026-06-01,2026-06-14,True,0.0,USW2-ScheduledInvocation
2026-06-01,2026-06-14,True,0.0,USW2-SecurityHubProduct:FreeFindingsIngestion
2026-06-01,2026-06-14,True,18.7748075065,USW2-SpotUsage:c6i.metal
2026-06-01,2026-06-14,True,128.3794027365,USW2-SpotUsage:c7i.48xlarge
2026-06-01,2026-06-14,True,27.1183327623,USW2-SpotUsage:c7i.metal-48xl
2026-06-01,2026-06-14,True,0.3166216281,USW2-SpotUsage:c8i.32xlarge
2026-06-01,2026-06-14,True,0.8699360033,USW2-SpotUsage:c8i.metal-48xl
2026-06-01,2026-06-14,True,37.4045877175,USW2-SpotUsage:c8id.96xlarge
2026-06-01,2026-06-14,True,1.6222684668,USW2-SpotUsage:c8id.metal-48xl
2026-06-01,2026-06-14,True,1.3264236017,USW2-SpotUsage:c8id.metal-96xl
2026-06-01,2026-06-14,True,7.9713571419,USW2-SpotUsage:i4i.metal
2026-06-01,2026-06-14,True,40.7999559509,USW2-SpotUsage:i7ie.48xlarge
2026-06-01,2026-06-14,True,196.0785847808,USW2-SpotUsage:i7ie.metal-48xl
2026-06-01,2026-06-14,True,4.43621925,USW2-SpotUsage:m7i.48xlarge
2026-06-01,2026-06-14,True,1824.6754387162,USW2-SpotUsage:m7i.metal-48xl
2026-06-01,2026-06-14,True,1.0304302596,USW2-SpotUsage:m8i.32xlarge
2026-06-01,2026-06-14,True,0.9017745447,USW2-SpotUsage:m8i.metal-48xl
2026-06-01,2026-06-14,True,11.4802847165,USW2-SpotUsage:m8id.metal-96xl
2026-06-01,2026-06-14,True,64.0365853751,USW2-SpotUsage:m8idb.96xlarge
2026-06-01,2026-06-14,True,121.6527570812,USW2-SpotUsage:m8idn.96xlarge
2026-06-01,2026-06-14,True,0.27783,USW2-SpotUsage:r5.2xlarge
2026-06-01,2026-06-14,True,643.6116533951,USW2-SpotUsage:r7i.48xlarge
2026-06-01,2026-06-14,True,106.8355819208,USW2-SpotUsage:r7i.metal-48xl
2026-06-01,2026-06-14,True,0.6743251647,USW2-SpotUsage:r8i.48xlarge
2026-06-01,2026-06-14,True,49.0724587557,USW2-SpotUsage:r8i.metal-48xl
2026-06-01,2026-06-14,True,0.91677309,USW2-SpotUsage:r8id.96xlarge
2026-06-01,2026-06-14,True,45.1718872159,USW2-SpotUsage:r8id.metal-96xl
2026-06-01,2026-06-14,True,805.5066401647,USW2-Storage
2026-06-01,2026-06-14,True,7e-05,USW2-Tables-Requests-Tier1
2026-06-01,2026-06-14,True,0.0003377192,USW2-TagStorage-TagHrs
2026-06-01,2026-06-14,True,4.997e-07,USW2-TimedPITRStorage-ByteHrs
2026-06-01,2026-06-14,True,2768.7352103084,USW2-TimedStorage-ByteHrs
2026-06-01,2026-06-14,True,0.0,USW2-UGW1-AWS-In-Bytes
2026-06-01,2026-06-14,True,0.0,USW2-USE1-AWS-In-Bytes
2026-06-01,2026-06-14,True,23.8002214106,USW2-USE1-AWS-Out-Bytes
2026-06-01,2026-06-14,True,0.0,USW2-USE2-AWS-In-Bytes
2026-06-01,2026-06-14,True,0.0027000357,USW2-USE2-AWS-Out-Bytes
2026-06-01,2026-06-14,True,0.0,USW2-USW1-AWS-In-Bytes
2026-06-01,2026-06-14,True,0.0009205463,USW2-USW1-AWS-Out-Bytes
2026-06-01,2026-06-14,True,5.70441e-05,USW2-VendedLog-Bytes
2026-06-01,2026-06-14,True,0.0718912595,USW2-VpcEndpoint-Bytes
2026-06-01,2026-06-14,True,21.84,USW2-VpcEndpoint-Hours
2026-06-01,2026-06-14,True,0.00263625,USW2-WriteRequestUnits
2026-06-01,2026-06-14,True,0.000114,af-south-1-KMS-Requests
2026-06-01,2026-06-14,True,0.000111,ap-east-1-KMS-Requests
2026-06-01,2026-06-14,True,0.000225,ap-northeast-1-KMS-Requests
2026-06-01,2026-06-14,True,0.000225,ap-northeast-2-KMS-Requests
2026-06-01,2026-06-14,True,0.000222,ap-northeast-3-KMS-Requests
2026-06-01,2026-06-14,True,0.000558,ap-south-1-KMS-Requests
2026-06-01,2026-06-14,True,0.000111,ap-south-2-KMS-Requests
2026-06-01,2026-06-14,True,0.000225,ap-southeast-1-KMS-Requests
2026-06-01,2026-06-14,True,0.000225,ap-southeast-2-KMS-Requests
2026-06-01,2026-06-14,True,0.000111,ap-southeast-3-KMS-Requests
2026-06-01,2026-06-14,True,0.000222,ca-central-1-KMS-Requests
2026-06-01,2026-06-14,True,0.000558,eu-central-1-KMS-Requests
2026-06-01,2026-06-14,True,0.000225,eu-north-1-KMS-Requests
2026-06-01,2026-06-14,True,0.000225,eu-west-1-KMS-Requests
2026-06-01,2026-06-14,True,0.000225,eu-west-2-KMS-Requests
2026-06-01,2026-06-14,True,0.000225,eu-west-3-KMS-Requests
2026-06-01,2026-06-14,True,0.000225,sa-east-1-KMS-Requests
2026-06-01,2026-06-14,True,0.4319444479,us-east-1-KMS-Keys
2026-06-01,2026-06-14,True,0.004032,us-east-1-KMS-Requests
2026-06-01,2026-06-14,True,0.000225,us-east-2-KMS-Requests
2026-06-01,2026-06-14,True,0.000225,us-west-1-KMS-Requests
2026-06-01,2026-06-14,True,1.3000000104,us-west-2-KMS-Keys
2026-06-01,2026-06-14,True,1.757193,us-west-2-KMS-Requests
