time_start,time_end,estimated,amount_usd,resource_id,service,classification
2026-06-01T00:00:00Z,2026-06-02T00:00:00Z,True,0.0,arn:aws:ec2:ap-south-1:108782052779:natgateway/nat-01dc061291fc51e75,Amazon Elastic Compute Cloud - Compute,unallocated
2026-06-01T00:00:00Z,2026-06-02T00:00:00Z,True,0.0,arn:aws:ec2:ap-south-1:108782052779:natgateway/nat-05f85018216cac061,Amazon Elastic Compute Cloud - Compute,unallocated
2026-06-01T00:00:00Z,2026-06-02T00:00:00Z,True,0.0,arn:aws:ec2:eu-central-1:108782052779:natgateway/nat-0a2bfbfedf38f8e87,Amazon Elastic Compute Cloud - Compute,unallocated
2026-06-01T00:00:00Z,2026-06-02T00:00:00Z,True,0.0,arn:aws:ec2:eu-central-1:108782052779:natgateway/nat-0ec6ae9605269bef4,Amazon Elastic Compute Cloud - Compute,unallocated
2026-06-01T00:00:00Z,2026-06-02T00:00:00Z,True,0.0,arn:aws:ec2:us-west-2:108782052779:natgateway/nat-00246c8ef3b9087f1,Amazon Elastic Compute Cloud - Compute,dayhoff
2026-06-01T00:00:00Z,2026-06-02T00:00:00Z,True,0.0,arn:aws:ec2:us-west-2:108782052779:natgateway/nat-00ac08b685fea726f,Amazon Elastic Compute Cloud - Compute,terrarium
2026-06-01T00:00:00Z,2026-06-02T00:00:00Z,True,1.1826e-06,arn:aws:ec2:us-west-2:108782052779:natgateway/nat-00f3c26e43ede9b10,Amazon Elastic Compute Cloud - Compute,unallocated
2026-06-01T00:00:00Z,2026-06-02T00:00:00Z,True,0.0,arn:aws:ec2:us-west-2:108782052779:natgateway/nat-0234e77781575cced,Amazon Elastic Compute Cloud - Compute,terrarium
2026-06-01T00:00:00Z,2026-06-02T00:00:00Z,True,0.001108876,arn:aws:ec2:us-west-2:171675361862:natgateway/nat-01432c586ef9dbf51,Amazon Elastic Compute Cloud - Compute,unallocated
2026-06-01T00:00:00Z,2026-06-02T00:00:00Z,True,6.9783847056,i-002fac7d5932b5689,Amazon Elastic Compute Cloud - Compute,unallocated
2026-06-01T00:00:00Z,2026-06-02T00:00:00Z,True,24.1520995736,i-0092ccb047d51c93b,Amazon Elastic Compute Cloud - Compute,unallocated
2026-06-01T00:00:00Z,2026-06-02T00:00:00Z,True,3.9936,i-01db42c813d037c0e,Amazon Elastic Compute Cloud - Compute,unallocated
2026-06-01T00:00:00Z,2026-06-02T00:00:00Z,True,1.4669401866,i-027c5a8f041a1d9be,Amazon Elastic Compute Cloud - Compute,unallocated
2026-06-01T00:00:00Z,2026-06-02T00:00:00Z,True,1.4678240598,i-02c7b01dd7ff2514f,Amazon Elastic Compute Cloud - Compute,unallocated
2026-06-01T00:00:00Z,2026-06-02T00:00:00Z,True,1.780464,i-03402c5284ef5ca0e,Amazon Elastic Compute Cloud - Compute,unallocated
2026-06-01T00:00:00Z,2026-06-02T00:00:00Z,True,0.1637191088,i-03a38912d7d651f1a,Amazon Elastic Compute Cloud - Compute,unallocated
2026-06-01T00:00:00Z,2026-06-02T00:00:00Z,True,5.1903705,i-049c4fc69e52290aa,Amazon Elastic Compute Cloud - Compute,unallocated
2026-06-01T00:00:00Z,2026-06-02T00:00:00Z,True,3.887132272,i-04fd7f919fb6b8279,Amazon Elastic Compute Cloud - Compute,unallocated
2026-06-01T00:00:00Z,2026-06-02T00:00:00Z,True,1.3574257536,i-05d579826864ca606,Amazon Elastic Compute Cloud - Compute,unallocated
2026-06-01T00:00:00Z,2026-06-02T00:00:00Z,True,1.0447858134,i-05eb54050767d2f7c,Amazon Elastic Compute Cloud - Compute,unallocated
2026-06-01T00:00:00Z,2026-06-02T00:00:00Z,True,0.769467728,i-0610f0a432b2ce37a,Amazon Elastic Compute Cloud - Compute,unallocated
2026-06-01T00:00:00Z,2026-06-02T00:00:00Z,True,1.6841981268,i-06333a711f025d6b2,Amazon Elastic Compute Cloud - Compute,unallocated
2026-06-01T00:00:00Z,2026-06-02T00:00:00Z,True,0.5546272536,i-063debb3b8becd1f8,Amazon Elastic Compute Cloud - Compute,unallocated
2026-06-01T00:00:00Z,2026-06-02T00:00:00Z,True,0.7206650598,i-0697bd1214fd8c075,Amazon Elastic Compute Cloud - Compute,unallocated
2026-06-01T00:00:00Z,2026-06-02T00:00:00Z,True,0.5122363134,i-0778e43b4b0f1b70f,Amazon Elastic Compute Cloud - Compute,unallocated
2026-06-01T00:00:00Z,2026-06-02T00:00:00Z,True,7.2199100777,i-09126000eb19643b0,Amazon Elastic Compute Cloud - Compute,dayhoff
2026-06-01T00:00:00Z,2026-06-02T00:00:00Z,True,0.8337086268,i-091d5e911e6f7e425,Amazon Elastic Compute Cloud - Compute,unallocated
2026-06-01T00:00:00Z,2026-06-02T00:00:00Z,True,0.7206650598,i-097ae3f44bf025ac1,Amazon Elastic Compute Cloud - Compute,unallocated
2026-06-01T00:00:00Z,2026-06-02T00:00:00Z,True,1.0447858134,i-09932f87b7884fa63,Amazon Elastic Compute Cloud - Compute,unallocated
2026-06-01T00:00:00Z,2026-06-02T00:00:00Z,True,1.4669401866,i-09e3c573c17a39d34,Amazon Elastic Compute Cloud - Compute,unallocated
2026-06-01T00:00:00Z,2026-06-02T00:00:00Z,True,0.572234848,i-09eeb907a3fa3ee0a,Amazon Elastic Compute Cloud - Compute,unallocated
2026-06-01T00:00:00Z,2026-06-02T00:00:00Z,True,0.4992,i-09f66b3f11ea42c60,Amazon Elastic Compute Cloud - Compute,unallocated
2026-06-01T00:00:00Z,2026-06-02T00:00:00Z,True,7.2192,i-0a70e6af119b993f3,Amazon Elastic Compute Cloud - Compute,dayhoff
2026-06-01T00:00:00Z,2026-06-02T00:00:00Z,True,0.314862576,i-0a98cdeee3ce2204a,Amazon Elastic Compute Cloud - Compute,unallocated
2026-06-01T00:00:00Z,2026-06-02T00:00:00Z,True,0.2496,i-0ab7116abc8229a16,Amazon Elastic Compute Cloud - Compute,unallocated
2026-06-01T00:00:00Z,2026-06-02T00:00:00Z,True,1.4669401866,i-0b2b46e4d88584596,Amazon Elastic Compute Cloud - Compute,unallocated
2026-06-01T00:00:00Z,2026-06-02T00:00:00Z,True,7.998331996,i-0b6713cc15f74d360,Amazon Elastic Compute Cloud - Compute,dayhoff
2026-06-01T00:00:00Z,2026-06-02T00:00:00Z,True,0.2496,i-0c0d07d66b039cebe,Amazon Elastic Compute Cloud - Compute,terrarium
2026-06-01T00:00:00Z,2026-06-02T00:00:00Z,True,44.7074056934,i-0cac5db332e3c70e5,Amazon Elastic Compute Cloud - Compute,unallocated
2026-06-01T00:00:00Z,2026-06-02T00:00:00Z,True,0.0857826632,i-0cc9dcb0db2f9d205,Amazon Elastic Compute Cloud - Compute,terrarium
2026-06-01T00:00:00Z,2026-06-02T00:00:00Z,True,0.4532216585,i-0cd3d83adf2c704bb,Amazon Elastic Compute Cloud - Compute,unallocated
2026-06-01T00:00:00Z,2026-06-02T00:00:00Z,True,1.4669401866,i-0d92f6322e6569851,Amazon Elastic Compute Cloud - Compute,unallocated
2026-06-01T00:00:00Z,2026-06-02T00:00:00Z,True,0.7206650598,i-0e02507fe1445813e,Amazon Elastic Compute Cloud - Compute,unallocated
2026-06-01T00:00:00Z,2026-06-02T00:00:00Z,True,0.667674,i-0e47d2a9e790a3f6b,Amazon Elastic Compute Cloud - Compute,unallocated
2026-06-01T00:00:00Z,2026-06-02T00:00:00Z,True,18.6201962807,i-0eea51f109f684a5d,Amazon Elastic Compute Cloud - Compute,unallocated
2026-06-01T00:00:00Z,2026-06-02T00:00:00Z,True,0.536857424,i-0f3b7a5a63e518db8,Amazon Elastic Compute Cloud - Compute,unallocated
2026-06-01T00:00:00Z,2026-06-02T00:00:00Z,True,0.5122363134,i-0f9046ec05c50ded0,Amazon Elastic Compute Cloud - Compute,unallocated
2026-06-01T00:00:00Z,2026-06-02T00:00:00Z,True,0.2016,i-0fec5d1a28b6d27aa,Amazon Elastic Compute Cloud - Compute,unallocated
2026-06-02T00:00:00Z,2026-06-03T00:00:00Z,True,0.0,arn:aws:ec2:ap-south-1:108782052779:natgateway/nat-01dc061291fc51e75,Amazon Elastic Compute Cloud - Compute,unallocated
2026-06-02T00:00:00Z,2026-06-03T00:00:00Z,True,0.0,arn:aws:ec2:ap-south-1:108782052779:natgateway/nat-05f85018216cac061,Amazon Elastic Compute Cloud - Compute,unallocated
2026-06-02T00:00:00Z,2026-06-03T00:00:00Z,True,0.0,arn:aws:ec2:eu-central-1:108782052779:natgateway/nat-0a2bfbfedf38f8e87,Amazon Elastic Compute Cloud - Compute,unallocated
2026-06-02T00:00:00Z,2026-06-03T00:00:00Z,True,0.0,arn:aws:ec2:eu-central-1:108782052779:natgateway/nat-0ec6ae9605269bef4,Amazon Elastic Compute Cloud - Compute,unallocated
2026-06-02T00:00:00Z,2026-06-03T00:00:00Z,True,0.0,arn:aws:ec2:us-west-2:108782052779:natgateway/nat-00246c8ef3b9087f1,Amazon Elastic Compute Cloud - Compute,dayhoff
2026-06-02T00:00:00Z,2026-06-03T00:00:00Z,True,0.0,arn:aws:ec2:us-west-2:108782052779:natgateway/nat-00ac08b685fea726f,Amazon Elastic Compute Cloud - Compute,terrarium
2026-06-02T00:00:00Z,2026-06-03T00:00:00Z,True,2.1789e-06,arn:aws:ec2:us-west-2:108782052779:natgateway/nat-00f3c26e43ede9b10,Amazon Elastic Compute Cloud - Compute,unallocated
2026-06-02T00:00:00Z,2026-06-03T00:00:00Z,True,0.0,arn:aws:ec2:us-west-2:108782052779:natgateway/nat-0234e77781575cced,Amazon Elastic Compute Cloud - Compute,terrarium
2026-06-02T00:00:00Z,2026-06-03T00:00:00Z,True,0.0010982162,arn:aws:ec2:us-west-2:171675361862:natgateway/nat-01432c586ef9dbf51,Amazon Elastic Compute Cloud - Compute,unallocated
2026-06-02T00:00:00Z,2026-06-03T00:00:00Z,True,1.6424392504,i-0055dfbe3e55cf1ec,Amazon Elastic Compute Cloud - Compute,unallocated
2026-06-02T00:00:00Z,2026-06-03T00:00:00Z,True,1.1563632948,i-007bb863945b53c72,Amazon Elastic Compute Cloud - Compute,unallocated
2026-06-02T00:00:00Z,2026-06-03T00:00:00Z,True,2.3589954992,i-00900e12f54b18d2a,Amazon Elastic Compute Cloud - Compute,unallocated
2026-06-02T00:00:00Z,2026-06-03T00:00:00Z,True,1.1572395289,i-0097924ed63fd2818,Amazon Elastic Compute Cloud - Compute,unallocated
2026-06-02T00:00:00Z,2026-06-03T00:00:00Z,True,5.2096787116,i-00a0d11eebd561ad0,Amazon Elastic Compute Cloud - Compute,unallocated
2026-06-02T00:00:00Z,2026-06-03T00:00:00Z,True,1.8637119711,i-00d19244f4902deb9,Amazon Elastic Compute Cloud - Compute,unallocated
2026-06-02T00:00:00Z,2026-06-03T00:00:00Z,True,5.6820137116,i-00dc14e996a373db3,Amazon Elastic Compute Cloud - Compute,unallocated
2026-06-02T00:00:00Z,2026-06-03T00:00:00Z,True,5.6295341442,i-012c83ff23b7dcd26,Amazon Elastic Compute Cloud - Compute,unallocated
2026-06-02T00:00:00Z,2026-06-03T00:00:00Z,True,5.8919414279,i-016617664f54d11c1,Amazon Elastic Compute Cloud - Compute,unallocated
2026-06-02T00:00:00Z,2026-06-03T00:00:00Z,True,2.2116749711,i-019c8a6d08aaaa820,Amazon Elastic Compute Cloud - Compute,unallocated
2026-06-02T00:00:00Z,2026-06-03T00:00:00Z,True,2.3320706244,i-019cf093fcb9cbf4b,Amazon Elastic Compute Cloud - Compute,unallocated
2026-06-02T00:00:00Z,2026-06-03T00:00:00Z,True,1.3181641779,i-01b534ea141fb85a9,Amazon Elastic Compute Cloud - Compute,unallocated
2026-06-02T00:00:00Z,2026-06-03T00:00:00Z,True,3.9936,i-01db42c813d037c0e,Amazon Elastic Compute Cloud - Compute,unallocated
2026-06-02T00:00:00Z,2026-06-03T00:00:00Z,True,1.5884437116,i-0211e716170480106,Amazon Elastic Compute Cloud - Compute,unallocated
2026-06-02T00:00:00Z,2026-06-03T00:00:00Z,True,1.3181641779,i-0276d7f7aabfab424,Amazon Elastic Compute Cloud - Compute,unallocated
2026-06-02T00:00:00Z,2026-06-03T00:00:00Z,True,5.8919414279,i-02920010fa608c281,Amazon Elastic Compute Cloud - Compute,unallocated
2026-06-02T00:00:00Z,2026-06-03T00:00:00Z,True,5.1580745384,i-02bdc58b2d61e9e82,Amazon Elastic Compute Cloud - Compute,unallocated
2026-06-02T00:00:00Z,2026-06-03T00:00:00Z,True,5.3679991058,i-02da02da61a5a3eb6,Amazon Elastic Compute Cloud - Compute,unallocated
2026-06-02T00:00:00Z,2026-06-03T00:00:00Z,True,1.5884437116,i-03847d4cc92b36b5f,Amazon Elastic Compute Cloud - Compute,unallocated
2026-06-02T00:00:00Z,2026-06-03T00:00:00Z,True,2.3320706244,i-038fbb5dcca01245f,Amazon Elastic Compute Cloud - Compute,unallocated
2026-06-02T00:00:00Z,2026-06-03T00:00:00Z,True,1.09924675,i-03feb071ac545b307,Amazon Elastic Compute Cloud - Compute,unallocated
2026-06-02T00:00:00Z,2026-06-03T00:00:00Z,True,5.2630368221,i-041902e8c60de97d0,Amazon Elastic Compute Cloud - Compute,unallocated
2026-06-02T00:00:00Z,2026-06-03T00:00:00Z,True,3.7401941442,i-042a067aa05e26358,Amazon Elastic Compute Cloud - Compute,unallocated
2026-06-02T00:00:00Z,2026-06-03T00:00:00Z,True,1.09924675,i-049cee8c9858fc190,Amazon Elastic Compute Cloud - Compute,unallocated
2026-06-02T00:00:00Z,2026-06-03T00:00:00Z,True,5.8919414279,i-04a05a0c69e7b0696,Amazon Elastic Compute Cloud - Compute,unallocated
2026-06-02T00:00:00Z,2026-06-03T00:00:00Z,True,1.09924675,i-0598a81dbc4aebe76,Amazon Elastic Compute Cloud - Compute,unallocated
2026-06-02T00:00:00Z,2026-06-03T00:00:00Z,True,1.09924675,i-05a685bc27285d0bb,Amazon Elastic Compute Cloud - Compute,unallocated
2026-06-02T00:00:00Z,2026-06-03T00:00:00Z,True,5.3679991058,i-062c740c332b2442e,Amazon Elastic Compute Cloud - Compute,unallocated
2026-06-02T00:00:00Z,2026-06-03T00:00:00Z,True,0.9137197496,i-0654517d40930400d,Amazon Elastic Compute Cloud - Compute,unallocated
2026-06-02T00:00:00Z,2026-06-03T00:00:00Z,True,3.6887589263,i-06809e7147782e954,Amazon Elastic Compute Cloud - Compute,unallocated
2026-06-02T00:00:00Z,2026-06-03T00:00:00Z,True,0.0055467776,i-06e0dff1845daa1de,Amazon Elastic Compute Cloud - Compute,unallocated
2026-06-02T00:00:00Z,2026-06-03T00:00:00Z,True,3.333511315,i-07df3a933e4839f52,Amazon Elastic Compute Cloud - Compute,dayhoff
2026-06-02T00:00:00Z,2026-06-03T00:00:00Z,True,1.1256065289,i-0835705a02f4b1e77,Amazon Elastic Compute Cloud - Compute,unallocated
2026-06-02T00:00:00Z,2026-06-03T00:00:00Z,True,5.2630368221,i-08a13c7d32330b9b8,Amazon Elastic Compute Cloud - Compute,unallocated
2026-06-02T00:00:00Z,2026-06-03T00:00:00Z,True,2.384185,i-08bc1954c5f6581bb,Amazon Elastic Compute Cloud - Compute,unallocated
2026-06-02T00:00:00Z,2026-06-03T00:00:00Z,True,2.9818319616,i-08f75f0c20b9948ae,Amazon Elastic Compute Cloud - Compute,unallocated
2026-06-02T00:00:00Z,2026-06-03T00:00:00Z,True,7.2196719172,i-09126000eb19643b0,Amazon Elastic Compute Cloud - Compute,dayhoff
2026-06-02T00:00:00Z,2026-06-03T00:00:00Z,True,1.9427944711,i-09133d9589e6dcb05,Amazon Elastic Compute Cloud - Compute,unallocated
2026-06-02T00:00:00Z,2026-06-03T00:00:00Z,True,3.7410695384,i-094f096a3e9010679,Amazon Elastic Compute Cloud - Compute,unallocated
2026-06-02T00:00:00Z,2026-06-03T00:00:00Z,True,22.234043811,i-09695873da078a9cc,Amazon Elastic Compute Cloud - Compute,unallocated
2026-06-02T00:00:00Z,2026-06-03T00:00:00Z,True,1.6433085008,i-0970d0b764e29d6af,Amazon Elastic Compute Cloud - Compute,unallocated
2026-06-02T00:00:00Z,2026-06-03T00:00:00Z,True,0.4992,i-09f66b3f11ea42c60,Amazon Elastic Compute Cloud - Compute,unallocated
2026-06-02T00:00:00Z,2026-06-03T00:00:00Z,True,2.7194246779,i-0a6c43330694e98f0,Amazon Elastic Compute Cloud - Compute,unallocated
2026-06-02T00:00:00Z,2026-06-03T00:00:00Z,True,7.2192,i-0a70e6af119b993f3,Amazon Elastic Compute Cloud - Compute,dayhoff
2026-06-02T00:00:00Z,2026-06-03T00:00:00Z,True,1.09924675,i-0a92c5e20da095133,Amazon Elastic Compute Cloud - Compute,unallocated
2026-06-02T00:00:00Z,2026-06-03T00:00:00Z,True,0.2496,i-0ab7116abc8229a16,Amazon Elastic Compute Cloud - Compute,unallocated
2026-06-02T00:00:00Z,2026-06-03T00:00:00Z,True,2.3320706244,i-0b5c8e7b0529b0957,Amazon Elastic Compute Cloud - Compute,unallocated
2026-06-02T00:00:00Z,2026-06-03T00:00:00Z,True,7.9987963301,i-0b6713cc15f74d360,Amazon Elastic Compute Cloud - Compute,dayhoff
2026-06-02T00:00:00Z,2026-06-03T00:00:00Z,True,4.9472714279,i-0ba964abdd72e7840,Amazon Elastic Compute Cloud - Compute,unallocated
2026-06-02T00:00:00Z,2026-06-03T00:00:00Z,True,0.2496,i-0c0d07d66b039cebe,Amazon Elastic Compute Cloud - Compute,terrarium
2026-06-02T00:00:00Z,2026-06-03T00:00:00Z,True,0.2496,i-0cc9dcb0db2f9d205,Amazon Elastic Compute Cloud - Compute,terrarium
2026-06-02T00:00:00Z,2026-06-03T00:00:00Z,True,0.8901178237,i-0d1d797a4825b46a5,Amazon Elastic Compute Cloud - Compute,unallocated
2026-06-02T00:00:00Z,2026-06-03T00:00:00Z,True,1.09924675,i-0d7a21d0d7390e8be,Amazon Elastic Compute Cloud - Compute,unallocated
2026-06-02T00:00:00Z,2026-06-03T00:00:00Z,True,2.4102406244,i-0dc96bde4d951bbae,Amazon Elastic Compute Cloud - Compute,unallocated
2026-06-02T00:00:00Z,2026-06-03T00:00:00Z,True,7.5284725289,i-0e437530005a9b1f6,Amazon Elastic Compute Cloud - Compute,unallocated
2026-06-02T00:00:00Z,2026-06-03T00:00:00Z,True,50.8032011672,i-0eea51f109f684a5d,Amazon Elastic Compute Cloud - Compute,unallocated
2026-06-02T00:00:00Z,2026-06-03T00:00:00Z,True,1.1572395289,i-0f23c1bd2fac97db9,Amazon Elastic Compute Cloud - Compute,unallocated
2026-06-02T00:00:00Z,2026-06-03T00:00:00Z,True,1.4860992504,i-0fb0ec49e07555eb1,Amazon Elastic Compute Cloud - Compute,unallocated
2026-06-02T00:00:00Z,2026-06-03T00:00:00Z,True,0.2016,i-0fec5d1a28b6d27aa,Amazon Elastic Compute Cloud - Compute,unallocated
2026-06-03T00:00:00Z,2026-06-04T00:00:00Z,True,0.0,arn:aws:ec2:ap-south-1:108782052779:natgateway/nat-01dc061291fc51e75,Amazon Elastic Compute Cloud - Compute,unallocated
2026-06-03T00:00:00Z,2026-06-04T00:00:00Z,True,0.0,arn:aws:ec2:ap-south-1:108782052779:natgateway/nat-05f85018216cac061,Amazon Elastic Compute Cloud - Compute,unallocated
2026-06-03T00:00:00Z,2026-06-04T00:00:00Z,True,0.0,arn:aws:ec2:eu-central-1:108782052779:natgateway/nat-0a2bfbfedf38f8e87,Amazon Elastic Compute Cloud - Compute,unallocated
2026-06-03T00:00:00Z,2026-06-04T00:00:00Z,True,0.0,arn:aws:ec2:eu-central-1:108782052779:natgateway/nat-0ec6ae9605269bef4,Amazon Elastic Compute Cloud - Compute,unallocated
2026-06-03T00:00:00Z,2026-06-04T00:00:00Z,True,0.0,arn:aws:ec2:us-west-2:108782052779:natgateway/nat-00246c8ef3b9087f1,Amazon Elastic Compute Cloud - Compute,dayhoff
2026-06-03T00:00:00Z,2026-06-04T00:00:00Z,True,0.0,arn:aws:ec2:us-west-2:108782052779:natgateway/nat-00ac08b685fea726f,Amazon Elastic Compute Cloud - Compute,terrarium
2026-06-03T00:00:00Z,2026-06-04T00:00:00Z,True,9.6641e-06,arn:aws:ec2:us-west-2:108782052779:natgateway/nat-00f3c26e43ede9b10,Amazon Elastic Compute Cloud - Compute,unallocated
2026-06-03T00:00:00Z,2026-06-04T00:00:00Z,True,0.0,arn:aws:ec2:us-west-2:108782052779:natgateway/nat-0234e77781575cced,Amazon Elastic Compute Cloud - Compute,terrarium
2026-06-03T00:00:00Z,2026-06-04T00:00:00Z,True,0.0010962083,arn:aws:ec2:us-west-2:171675361862:natgateway/nat-01432c586ef9dbf51,Amazon Elastic Compute Cloud - Compute,unallocated
2026-06-03T00:00:00Z,2026-06-04T00:00:00Z,True,3.2267738616,i-0003c18c3f9fd8497,Amazon Elastic Compute Cloud - Compute,unallocated
2026-06-03T00:00:00Z,2026-06-04T00:00:00Z,True,1.8510952296,i-00042bbe016ed9fab,Amazon Elastic Compute Cloud - Compute,unallocated
2026-06-03T00:00:00Z,2026-06-04T00:00:00Z,True,0.93173,i-0011e71030a44ed90,Amazon Elastic Compute Cloud - Compute,unallocated
2026-06-03T00:00:00Z,2026-06-04T00:00:00Z,True,19.3930720198,i-002fb22052556a143,Amazon Elastic Compute Cloud - Compute,unallocated
2026-06-03T00:00:00Z,2026-06-04T00:00:00Z,True,0.7732148274,i-004d68fa28878a534,Amazon Elastic Compute Cloud - Compute,unallocated
2026-06-03T00:00:00Z,2026-06-04T00:00:00Z,True,3.3070312296,i-00563f0a0e80ba477,Amazon Elastic Compute Cloud - Compute,unallocated
2026-06-03T00:00:00Z,2026-06-04T00:00:00Z,True,1.676664339,i-008c7c21cc159e33a,Amazon Elastic Compute Cloud - Compute,unallocated
2026-06-03T00:00:00Z,2026-06-04T00:00:00Z,True,1.5199698852,i-00a2d7d1645028398,Amazon Elastic Compute Cloud - Compute,unallocated
2026-06-03T00:00:00Z,2026-06-04T00:00:00Z,True,2.2605772296,i-00bd00941525b08e3,Amazon Elastic Compute Cloud - Compute,unallocated
2026-06-03T00:00:00Z,2026-06-04T00:00:00Z,True,0.93173,i-00e39de5359c5a8cc,Amazon Elastic Compute Cloud - Compute,unallocated
2026-06-03T00:00:00Z,2026-06-04T00:00:00Z,True,4.8101486556,i-00fbee9c6cb42be8d,Amazon Elastic Compute Cloud - Compute,unallocated
2026-06-03T00:00:00Z,2026-06-04T00:00:00Z,True,0.583891,i-010556237e01d954f,Amazon Elastic Compute Cloud - Compute,unallocated
2026-06-03T00:00:00Z,2026-06-04T00:00:00Z,True,12.7384087988,i-011b4409c53c7c0d4,Amazon Elastic Compute Cloud - Compute,unallocated
2026-06-03T00:00:00Z,2026-06-04T00:00:00Z,True,0.599057,i-012df060adaa4d742,Amazon Elastic Compute Cloud - Compute,unallocated
2026-06-03T00:00:00Z,2026-06-04T00:00:00Z,True,0.4623453335,i-01404d3c70955a8cd,Amazon Elastic Compute Cloud - Compute,unallocated
2026-06-03T00:00:00Z,2026-06-04T00:00:00Z,True,19.3930720198,i-014862f8eb66ff127,Amazon Elastic Compute Cloud - Compute,unallocated
2026-06-03T00:00:00Z,2026-06-04T00:00:00Z,True,0.9883166556,i-014fcec35a5ef9bf3,Amazon Elastic Compute Cloud - Compute,unallocated
2026-06-03T00:00:00Z,2026-06-04T00:00:00Z,True,0.7397641148,i-01518090e40bcaaed,Amazon Elastic Compute Cloud - Compute,unallocated
2026-06-03T00:00:00Z,2026-06-04T00:00:00Z,True,0.2762657758,i-016e5b576754f9f53,Amazon Elastic Compute Cloud - Compute,unallocated
2026-06-03T00:00:00Z,2026-06-04T00:00:00Z,True,1.59558,i-018982868be76883b,Amazon Elastic Compute Cloud - Compute,unallocated
2026-06-03T00:00:00Z,2026-06-04T00:00:00Z,True,1.813948678,i-0191da75ef30fbe75,Amazon Elastic Compute Cloud - Compute,unallocated
2026-06-03T00:00:00Z,2026-06-04T00:00:00Z,True,2.2108661148,i-0195a1f10b54ebeab,Amazon Elastic Compute Cloud - Compute,unallocated
2026-06-03T00:00:00Z,2026-06-04T00:00:00Z,True,0.244085611,i-01cca7227cdc42d05,Amazon Elastic Compute Cloud - Compute,unallocated
2026-06-03T00:00:00Z,2026-06-04T00:00:00Z,True,0.9344665236,i-01d00108f2511d5bb,Amazon Elastic Compute Cloud - Compute,unallocated
2026-06-03T00:00:00Z,2026-06-04T00:00:00Z,True,3.9936,i-01db42c813d037c0e,Amazon Elastic Compute Cloud - Compute,unallocated
2026-06-03T00:00:00Z,2026-06-04T00:00:00Z,True,10.8179640198,i-01edab74fbf6144a9,Amazon Elastic Compute Cloud - Compute,unallocated
2026-06-03T00:00:00Z,2026-06-04T00:00:00Z,True,1.880340517,i-01f1b33e6df4b8510,Amazon Elastic Compute Cloud - Compute,unallocated
2026-06-03T00:00:00Z,2026-06-04T00:00:00Z,True,1.2048537704,i-01f9e8d399a9f4241,Amazon Elastic Compute Cloud - Compute,unallocated
2026-06-03T00:00:00Z,2026-06-04T00:00:00Z,True,11.3139818003,i-02135bcc0f4931885,Amazon Elastic Compute Cloud - Compute,unallocated
2026-06-03T00:00:00Z,2026-06-04T00:00:00Z,True,0.8207931256,i-0218c014e88145da1,Amazon Elastic Compute Cloud - Compute,unallocated
2026-06-03T00:00:00Z,2026-06-04T00:00:00Z,True,0.9883166556,i-023eddcd3994c6de2,Amazon Elastic Compute Cloud - Compute,unallocated
2026-06-03T00:00:00Z,2026-06-04T00:00:00Z,True,10.7743431494,i-0252e59ab2c1e8664,Amazon Elastic Compute Cloud - Compute,unallocated
2026-06-03T00:00:00Z,2026-06-04T00:00:00Z,True,2.3111285408,i-0295b651a2775323f,Amazon Elastic Compute Cloud - Compute,unallocated
2026-06-03T00:00:00Z,2026-06-04T00:00:00Z,True,0.7892277382,i-02b7b92dab997f019,Amazon Elastic Compute Cloud - Compute,unallocated
2026-06-03T00:00:00Z,2026-06-04T00:00:00Z,True,0.8106803968,i-02bad42447dfdda70,Amazon Elastic Compute Cloud - Compute,unallocated
2026-06-03T00:00:00Z,2026-06-04T00:00:00Z,True,0.4993969937,i-02bf5a8c91cd12fcb,Amazon Elastic Compute Cloud - Compute,unallocated
2026-06-03T00:00:00Z,2026-06-04T00:00:00Z,True,1.6160222296,i-02c00e54a35f7cfa7,Amazon Elastic Compute Cloud - Compute,unallocated
2026-06-03T00:00:00Z,2026-06-04T00:00:00Z,True,0.244085611,i-02e0306c0e9150fe4,Amazon Elastic Compute Cloud - Compute,unallocated
2026-06-03T00:00:00Z,2026-06-04T00:00:00Z,True,0.824280296,i-030f222720a664fff,Amazon Elastic Compute Cloud - Compute,unallocated
2026-06-03T00:00:00Z,2026-06-04T00:00:00Z,True,19.3930720198,i-033473ddaba4afefe,Amazon Elastic Compute Cloud - Compute,unallocated
2026-06-03T00:00:00Z,2026-06-04T00:00:00Z,True,0.8601569882,i-03365967e77e82b4b,Amazon Elastic Compute Cloud - Compute,unallocated
2026-06-03T00:00:00Z,2026-06-04T00:00:00Z,True,12.8058611006,i-0394d544f2f65ff3d,Amazon Elastic Compute Cloud - Compute,unallocated
2026-06-03T00:00:00Z,2026-06-04T00:00:00Z,True,19.3922215066,i-03a1f63f77a538a18,Amazon Elastic Compute Cloud - Compute,unallocated
2026-06-03T00:00:00Z,2026-06-04T00:00:00Z,True,9.751738,i-03b04a4afe877ae33,Amazon Elastic Compute Cloud - Compute,unallocated
2026-06-03T00:00:00Z,2026-06-04T00:00:00Z,True,0.6765734592,i-03b28a1fa161090b7,Amazon Elastic Compute Cloud - Compute,unallocated
2026-06-03T00:00:00Z,2026-06-04T00:00:00Z,True,1.2355782242,i-03b67c0acbded3b1c,Amazon Elastic Compute Cloud - Compute,unallocated
2026-06-03T00:00:00Z,2026-06-04T00:00:00Z,True,0.7596275,i-03f76ed36a2f9043b,Amazon Elastic Compute Cloud - Compute,unallocated
2026-06-03T00:00:00Z,2026-06-04T00:00:00Z,True,0.6757302296,i-03fb7d7817e96e204,Amazon Elastic Compute Cloud - Compute,unallocated
2026-06-03T00:00:00Z,2026-06-04T00:00:00Z,True,1.4188642296,i-040642aed1d43d00f,Amazon Elastic Compute Cloud - Compute,unallocated
2026-06-03T00:00:00Z,2026-06-04T00:00:00Z,True,1.5823203444,i-0415a47426769e39b,Amazon Elastic Compute Cloud - Compute,unallocated
2026-06-03T00:00:00Z,2026-06-04T00:00:00Z,True,0.2610317242,i-042a244b0673de9a1,Amazon Elastic Compute Cloud - Compute,unallocated
2026-06-03T00:00:00Z,2026-06-04T00:00:00Z,True,0.9883166556,i-042bace0ae7e80f48,Amazon Elastic Compute Cloud - Compute,unallocated
2026-06-03T00:00:00Z,2026-06-04T00:00:00Z,True,3.0926430366,i-042e6e0cfc038b383,Amazon Elastic Compute Cloud - Compute,unallocated
2026-06-03T00:00:00Z,2026-06-04T00:00:00Z,True,9.751738,i-04853265c82992074,Amazon Elastic Compute Cloud - Compute,unallocated
2026-06-03T00:00:00Z,2026-06-04T00:00:00Z,True,0.9029073274,i-0488a1b766a71423c,Amazon Elastic Compute Cloud - Compute,unallocated
2026-06-03T00:00:00Z,2026-06-04T00:00:00Z,True,3.1570546556,i-04aae916ba109ec32,Amazon Elastic Compute Cloud - Compute,unallocated
2026-06-03T00:00:00Z,2026-06-04T00:00:00Z,True,0.0885935544,i-04d3a8c6aae87f818,Amazon Elastic Compute Cloud - Compute,dayhoff
2026-06-03T00:00:00Z,2026-06-04T00:00:00Z,True,0.680794856,i-04dc55ba5b6983800,Amazon Elastic Compute Cloud - Compute,unallocated
2026-06-03T00:00:00Z,2026-06-04T00:00:00Z,True,0.7785223444,i-04df3d240d970ad4a,Amazon Elastic Compute Cloud - Compute,unallocated
2026-06-03T00:00:00Z,2026-06-04T00:00:00Z,True,0.7397641148,i-050aea2bc2db7af38,Amazon Elastic Compute Cloud - Compute,unallocated
2026-06-03T00:00:00Z,2026-06-04T00:00:00Z,True,0.9883166556,i-051aafed1988364ad,Amazon Elastic Compute Cloud - Compute,unallocated
2026-06-03T00:00:00Z,2026-06-04T00:00:00Z,True,1.2801027323,i-051e58874cb13de6c,Amazon Elastic Compute Cloud - Compute,unallocated
2026-06-03T00:00:00Z,2026-06-04T00:00:00Z,True,4.0299428852,i-052c83f40d3f50a24,Amazon Elastic Compute Cloud - Compute,unallocated
2026-06-03T00:00:00Z,2026-06-04T00:00:00Z,True,0.3796077242,i-0537fdbfcc33440b1,Amazon Elastic Compute Cloud - Compute,unallocated
2026-06-03T00:00:00Z,2026-06-04T00:00:00Z,True,0.930603822,i-053e9b3df3e9a8ba3,Amazon Elastic Compute Cloud - Compute,unallocated
2026-06-03T00:00:00Z,2026-06-04T00:00:00Z,True,8.629454,i-05408c5e9ce51b3a5,Amazon Elastic Compute Cloud - Compute,unallocated
2026-06-03T00:00:00Z,2026-06-04T00:00:00Z,True,0.4819168744,i-0549b44e060fff009,Amazon Elastic Compute Cloud - Compute,unallocated
2026-06-03T00:00:00Z,2026-06-04T00:00:00Z,True,2.236985,i-0580e0890abb125e9,Amazon Elastic Compute Cloud - Compute,unallocated
2026-06-03T00:00:00Z,2026-06-04T00:00:00Z,True,10.7720928506,i-05891e57d0df911f5,Amazon Elastic Compute Cloud - Compute,unallocated
2026-06-03T00:00:00Z,2026-06-04T00:00:00Z,True,10.1649978506,i-059aedd9a3058e0ef,Amazon Elastic Compute Cloud - Compute,unallocated
2026-06-03T00:00:00Z,2026-06-04T00:00:00Z,True,0.3796077242,i-05a7f84f84ffec64a,Amazon Elastic Compute Cloud - Compute,unallocated
2026-06-03T00:00:00Z,2026-06-04T00:00:00Z,True,1.6236052296,i-05b239d710575626b,Amazon Elastic Compute Cloud - Compute,unallocated
2026-06-03T00:00:00Z,2026-06-04T00:00:00Z,True,1.3868457704,i-05c83d01cc35f11b8,Amazon Elastic Compute Cloud - Compute,unallocated
2026-06-03T00:00:00Z,2026-06-04T00:00:00Z,True,11.3117355488,i-05ddd28a6bfabda99,Amazon Elastic Compute Cloud - Compute,unallocated
2026-06-03T00:00:00Z,2026-06-04T00:00:00Z,True,0.7945285408,i-05f6c6edcf8c1f5b1,Amazon Elastic Compute Cloud - Compute,unallocated
2026-06-03T00:00:00Z,2026-06-04T00:00:00Z,True,0.7069054592,i-05fa595ac8f77d801,Amazon Elastic Compute Cloud - Compute,unallocated
2026-06-03T00:00:00Z,2026-06-04T00:00:00Z,True,6.907735,i-060b69370ae7ab06b,Amazon Elastic Compute Cloud - Compute,unallocated
2026-06-03T00:00:00Z,2026-06-04T00:00:00Z,True,0.8786916884,i-064fdccc992f94008,Amazon Elastic Compute Cloud - Compute,unallocated
2026-06-03T00:00:00Z,2026-06-04T00:00:00Z,True,0.6024268852,i-068c627bb3f9752d9,Amazon Elastic Compute Cloud - Compute,unallocated
2026-06-03T00:00:00Z,2026-06-04T00:00:00Z,True,1.745304483,i-069e915e14ec3e5be,Amazon Elastic Compute Cloud - Compute,unallocated
2026-06-03T00:00:00Z,2026-06-04T00:00:00Z,True,1.3699727488,i-069ff1855c6e10183,Amazon Elastic Compute Cloud - Compute,unallocated
2026-06-03T00:00:00Z,2026-06-04T00:00:00Z,True,2.3111285408,i-06b6cc88f77f2f4af,Amazon Elastic Compute Cloud - Compute,unallocated
2026-06-03T00:00:00Z,2026-06-04T00:00:00Z,True,10.1056123444,i-06bd144c0ee76769a,Amazon Elastic Compute Cloud - Compute,unallocated
2026-06-03T00:00:00Z,2026-06-04T00:00:00Z,True,2.2605772296,i-06c5ca31544512e5c,Amazon Elastic Compute Cloud - Compute,unallocated
2026-06-03T00:00:00Z,2026-06-04T00:00:00Z,True,9.3970234592,i-06f3f00ad30fa02a6,Amazon Elastic Compute Cloud - Compute,unallocated
2026-06-03T00:00:00Z,2026-06-04T00:00:00Z,True,0.3668445,i-06fda819f2ed94b1a,Amazon Elastic Compute Cloud - Compute,unallocated
2026-06-03T00:00:00Z,2026-06-04T00:00:00Z,True,2.50239,i-07122899ce97b7334,Amazon Elastic Compute Cloud - Compute,unallocated
2026-06-03T00:00:00Z,2026-06-04T00:00:00Z,True,19.3930720198,i-0715ce096311a7e37,Amazon Elastic Compute Cloud - Compute,unallocated
2026-06-03T00:00:00Z,2026-06-04T00:00:00Z,True,0.8795176098,i-07234ec94b099647b,Amazon Elastic Compute Cloud - Compute,unallocated
2026-06-03T00:00:00Z,2026-06-04T00:00:00Z,True,0.7212282296,i-072f495aa43c3df10,Amazon Elastic Compute Cloud - Compute,unallocated
2026-06-03T00:00:00Z,2026-06-04T00:00:00Z,True,10.7720928506,i-07377e0f70aee9441,Amazon Elastic Compute Cloud - Compute,unallocated
2026-06-03T00:00:00Z,2026-06-04T00:00:00Z,True,0.7549301148,i-0765af27a5dd17e52,Amazon Elastic Compute Cloud - Compute,unallocated
2026-06-03T00:00:00Z,2026-06-04T00:00:00Z,True,0.545976,i-076867b3731e83dc3,Amazon Elastic Compute Cloud - Compute,unallocated
2026-06-03T00:00:00Z,2026-06-04T00:00:00Z,True,2.1047041148,i-07c617e5b857133a6,Amazon Elastic Compute Cloud - Compute,unallocated
2026-06-03T00:00:00Z,2026-06-04T00:00:00Z,True,1.743056178,i-07c97ade16d1d2c98,Amazon Elastic Compute Cloud - Compute,unallocated
2026-06-03T00:00:00Z,2026-06-04T00:00:00Z,True,0.7732148274,i-07d65633b74636b4f,Amazon Elastic Compute Cloud - Compute,unallocated
2026-06-03T00:00:00Z,2026-06-04T00:00:00Z,True,24.318,i-07da6592c87af7b9d,Amazon Elastic Compute Cloud - Compute,unallocated
2026-06-03T00:00:00Z,2026-06-04T00:00:00Z,True,7.9877997196,i-07df3a933e4839f52,Amazon Elastic Compute Cloud - Compute,dayhoff
2026-06-03T00:00:00Z,2026-06-04T00:00:00Z,True,0.7284586688,i-07f677588f1ec8b09,Amazon Elastic Compute Cloud - Compute,unallocated
2026-06-03T00:00:00Z,2026-06-04T00:00:00Z,True,0.7467164372,i-07f719d9c27e15fcc,Amazon Elastic Compute Cloud - Compute,unallocated
2026-06-03T00:00:00Z,2026-06-04T00:00:00Z,True,10.5033966509,i-08058aa951b108291,Amazon Elastic Compute Cloud - Compute,unallocated
2026-06-03T00:00:00Z,2026-06-04T00:00:00Z,True,1.0633875,i-0838c63f02c0cf9d6,Amazon Elastic Compute Cloud - Compute,unallocated
2026-06-03T00:00:00Z,2026-06-04T00:00:00Z,True,2.5242957704,i-083e0e24816a97b14,Amazon Elastic Compute Cloud - Compute,unallocated
2026-06-03T00:00:00Z,2026-06-04T00:00:00Z,True,4.8598597704,i-084d6f41c0505f2ff,Amazon Elastic Compute Cloud - Compute,unallocated
2026-06-03T00:00:00Z,2026-06-04T00:00:00Z,True,8.9302473444,i-086a6a8ff831f02d5,Amazon Elastic Compute Cloud - Compute,unallocated
2026-06-03T00:00:00Z,2026-06-04T00:00:00Z,True,1.274692,i-086e7214173702ef3,Amazon Elastic Compute Cloud - Compute,unallocated
2026-06-03T00:00:00Z,2026-06-04T00:00:00Z,True,2.904850592,i-088cab6ddf86e922d,Amazon Elastic Compute Cloud - Compute,unallocated
2026-06-03T00:00:00Z,2026-06-04T00:00:00Z,True,19.3930720198,i-08a09e826debb252f,Amazon Elastic Compute Cloud - Compute,unallocated
2026-06-03T00:00:00Z,2026-06-04T00:00:00Z,True,2.1098655236,i-08a38a51e52176507,Amazon Elastic Compute Cloud - Compute,unallocated
2026-06-03T00:00:00Z,2026-06-04T00:00:00Z,True,9.4420814736,i-08b87704ddce44049,Amazon Elastic Compute Cloud - Compute,unallocated
2026-06-03T00:00:00Z,2026-06-04T00:00:00Z,True,1.9783197704,i-08d735a1ce81b2e82,Amazon Elastic Compute Cloud - Compute,unallocated
2026-06-03T00:00:00Z,2026-06-04T00:00:00Z,True,0.7633324823,i-090007908a806909f,Amazon Elastic Compute Cloud - Compute,unallocated
2026-06-03T00:00:00Z,2026-06-04T00:00:00Z,True,0.5754647704,i-090e8b122fb7679e1,Amazon Elastic Compute Cloud - Compute,unallocated
2026-06-03T00:00:00Z,2026-06-04T00:00:00Z,True,7.2194766332,i-09126000eb19643b0,Amazon Elastic Compute Cloud - Compute,dayhoff
2026-06-03T00:00:00Z,2026-06-04T00:00:00Z,True,0.8383431148,i-092584eb6019d20f9,Amazon Elastic Compute Cloud - Compute,unallocated
2026-06-03T00:00:00Z,2026-06-04T00:00:00Z,True,32.5769683619,i-092ed82f571bfbc2f,Amazon Elastic Compute Cloud - Compute,unallocated
2026-06-03T00:00:00Z,2026-06-04T00:00:00Z,True,1.675538161,i-094409fb670797ca3,Amazon Elastic Compute Cloud - Compute,unallocated
2026-06-03T00:00:00Z,2026-06-04T00:00:00Z,True,0.8216452512,i-0944d03e18c8271c5,Amazon Elastic Compute Cloud - Compute,unallocated
2026-06-03T00:00:00Z,2026-06-04T00:00:00Z,True,0.5754647704,i-095973491ff9bc899,Amazon Elastic Compute Cloud - Compute,unallocated
2026-06-03T00:00:00Z,2026-06-04T00:00:00Z,True,1.6160222296,i-09a4754f6723c4e37,Amazon Elastic Compute Cloud - Compute,unallocated
2026-06-03T00:00:00Z,2026-06-04T00:00:00Z,True,0.7069054592,i-09b26034a8c9b640b,Amazon Elastic Compute Cloud - Compute,unallocated
2026-06-03T00:00:00Z,2026-06-04T00:00:00Z,True,0.930603822,i-09bf7e9f72a73db14,Amazon Elastic Compute Cloud - Compute,unallocated
2026-06-03T00:00:00Z,2026-06-04T00:00:00Z,True,0.5712516556,i-09e9ca5c7c0de07d9,Amazon Elastic Compute Cloud - Compute,unallocated
2026-06-03T00:00:00Z,2026-06-04T00:00:00Z,True,1.878088161,i-09ea50a22e60d2b40,Amazon Elastic Compute Cloud - Compute,unallocated
2026-06-03T00:00:00Z,2026-06-04T00:00:00Z,True,0.4992,i-09f66b3f11ea42c60,Amazon Elastic Compute Cloud - Compute,unallocated
2026-06-03T00:00:00Z,2026-06-04T00:00:00Z,True,4.3838172296,i-0a03c4a09b3475926,Amazon Elastic Compute Cloud - Compute,unallocated
2026-06-03T00:00:00Z,2026-06-04T00:00:00Z,True,1.880340517,i-0a1b4ff06d090e291,Amazon Elastic Compute Cloud - Compute,unallocated
2026-06-03T00:00:00Z,2026-06-04T00:00:00Z,True,0.6866831148,i-0a245581cad6b1165,Amazon Elastic Compute Cloud - Compute,unallocated
2026-06-03T00:00:00Z,2026-06-04T00:00:00Z,True,0.9111409484,i-0a4e752544b2f6e92,Amazon Elastic Compute Cloud - Compute,unallocated
2026-06-03T00:00:00Z,2026-06-04T00:00:00Z,True,1.4138078852,i-0a67388f2711ba275,Amazon Elastic Compute Cloud - Compute,unallocated
2026-06-03T00:00:00Z,2026-06-04T00:00:00Z,True,7.2192,i-0a70e6af119b993f3,Amazon Elastic Compute Cloud - Compute,dayhoff
2026-06-03T00:00:00Z,2026-06-04T00:00:00Z,True,1.038871,i-0a8df8cdbc76c6670,Amazon Elastic Compute Cloud - Compute,unallocated
2026-06-03T00:00:00Z,2026-06-04T00:00:00Z,True,9.237273,i-0aab1387dfa1686c6,Amazon Elastic Compute Cloud - Compute,unallocated
2026-06-03T00:00:00Z,2026-06-04T00:00:00Z,True,0.2496,i-0ab7116abc8229a16,Amazon Elastic Compute Cloud - Compute,unallocated
2026-06-03T00:00:00Z,2026-06-04T00:00:00Z,True,0.3540812758,i-0acefb04073853e25,Amazon Elastic Compute Cloud - Compute,unallocated
2026-06-03T00:00:00Z,2026-06-04T00:00:00Z,True,14.308134,i-0afcc4cf0080be3bd,Amazon Elastic Compute Cloud - Compute,unallocated
2026-06-03T00:00:00Z,2026-06-04T00:00:00Z,True,2.6245612296,i-0b13bfa46472698c2,Amazon Elastic Compute Cloud - Compute,unallocated
2026-06-03T00:00:00Z,2026-06-04T00:00:00Z,True,1.7078614592,i-0b21098eee9937fb3,Amazon Elastic Compute Cloud - Compute,unallocated
2026-06-03T00:00:00Z,2026-06-04T00:00:00Z,True,19.3939194736,i-0b2bd7b1a1e5cbb93,Amazon Elastic Compute Cloud - Compute,unallocated
2026-06-03T00:00:00Z,2026-06-04T00:00:00Z,True,9.130096217,i-0b2e542ff5416a0b9,Amazon Elastic Compute Cloud - Compute,unallocated
2026-06-03T00:00:00Z,2026-06-04T00:00:00Z,True,1.1113311148,i-0b47694491bab4c62,Amazon Elastic Compute Cloud - Compute,unallocated
2026-06-03T00:00:00Z,2026-06-04T00:00:00Z,True,19.3930720198,i-0b58eef0fe6fc014c,Amazon Elastic Compute Cloud - Compute,unallocated
2026-06-03T00:00:00Z,2026-06-04T00:00:00Z,True,1.567382877,i-0b5967f0105ee3a4c,Amazon Elastic Compute Cloud - Compute,unallocated
2026-06-03T00:00:00Z,2026-06-04T00:00:00Z,True,7.9993439398,i-0b6713cc15f74d360,Amazon Elastic Compute Cloud - Compute,dayhoff
2026-06-03T00:00:00Z,2026-06-04T00:00:00Z,True,0.6967927704,i-0b949875d4bc2d038,Amazon Elastic Compute Cloud - Compute,unallocated
2026-06-03T00:00:00Z,2026-06-04T00:00:00Z,True,0.2886169484,i-0bad768b3c277143a,Amazon Elastic Compute Cloud - Compute,unallocated
2026-06-03T00:00:00Z,2026-06-04T00:00:00Z,True,14.4956088506,i-0bc4b076dcb02ac46,Amazon Elastic Compute Cloud - Compute,unallocated
2026-06-03T00:00:00Z,2026-06-04T00:00:00Z,True,11.5804277012,i-0bc6d434ffb44fd19,Amazon Elastic Compute Cloud - Compute,unallocated
2026-06-03T00:00:00Z,2026-06-04T00:00:00Z,True,5.236708082,i-0bdee2cb26414d933,Amazon Elastic Compute Cloud - Compute,unallocated
2026-06-03T00:00:00Z,2026-06-04T00:00:00Z,True,1.744182356,i-0bf78ef6986119b63,Amazon Elastic Compute Cloud - Compute,unallocated
2026-06-03T00:00:00Z,2026-06-04T00:00:00Z,True,19.4504547298,i-0c03cb6be3c84d53b,Amazon Elastic Compute Cloud - Compute,unallocated
2026-06-03T00:00:00Z,2026-06-04T00:00:00Z,True,0.2496,i-0c0d07d66b039cebe,Amazon Elastic Compute Cloud - Compute,terrarium
2026-06-03T00:00:00Z,2026-06-04T00:00:00Z,True,1.746430661,i-0c16af241ec133460,Amazon Elastic Compute Cloud - Compute,unallocated
2026-06-03T00:00:00Z,2026-06-04T00:00:00Z,True,1.6358098122,i-0c1b8b3d3c624fb7d,Amazon Elastic Compute Cloud - Compute,unallocated
2026-06-03T00:00:00Z,2026-06-04T00:00:00Z,True,19.3930720198,i-0c228611d33a4625c,Amazon Elastic Compute Cloud - Compute,unallocated
2026-06-03T00:00:00Z,2026-06-04T00:00:00Z,True,1.661809408,i-0c26e638e09cfc05a,Amazon Elastic Compute Cloud - Compute,unallocated
2026-06-03T00:00:00Z,2026-06-04T00:00:00Z,True,10.4348191997,i-0c27b50b3e6102c8f,Amazon Elastic Compute Cloud - Compute,unallocated
2026-06-03T00:00:00Z,2026-06-04T00:00:00Z,True,1.3127022296,i-0c2c7503df7a92b96,Amazon Elastic Compute Cloud - Compute,unallocated
2026-06-03T00:00:00Z,2026-06-04T00:00:00Z,True,1.5443693968,i-0c30c42e194705152,Amazon Elastic Compute Cloud - Compute,unallocated
2026-06-03T00:00:00Z,2026-06-04T00:00:00Z,True,26.1001448879,i-0c36c39770c533c8e,Amazon Elastic Compute Cloud - Compute,unallocated
2026-06-03T00:00:00Z,2026-06-04T00:00:00Z,True,0.9335522296,i-0c62876ea89fb876c,Amazon Elastic Compute Cloud - Compute,unallocated
2026-06-03T00:00:00Z,2026-06-04T00:00:00Z,True,9.7525812296,i-0c8cf230a331d174a,Amazon Elastic Compute Cloud - Compute,unallocated
2026-06-03T00:00:00Z,2026-06-04T00:00:00Z,True,9.9539523444,i-0c8e2187f4f78478d,Amazon Elastic Compute Cloud - Compute,unallocated
2026-06-03T00:00:00Z,2026-06-04T00:00:00Z,True,1.918499,i-0c9f268e7955e24b1,Amazon Elastic Compute Cloud - Compute,unallocated
2026-06-03T00:00:00Z,2026-06-04T00:00:00Z,True,2.2605772296,i-0caaa39ac7f65ba83,Amazon Elastic Compute Cloud - Compute,unallocated
2026-06-03T00:00:00Z,2026-06-04T00:00:00Z,True,1.3657832296,i-0cc649141ab00c1db,Amazon Elastic Compute Cloud - Compute,unallocated
2026-06-03T00:00:00Z,2026-06-04T00:00:00Z,True,0.2496,i-0cc9dcb0db2f9d205,Amazon Elastic Compute Cloud - Compute,terrarium
2026-06-03T00:00:00Z,2026-06-04T00:00:00Z,True,1.567382877,i-0cd39c5e15d6d5756,Amazon Elastic Compute Cloud - Compute,unallocated
2026-06-03T00:00:00Z,2026-06-04T00:00:00Z,True,0.6580345408,i-0cf861633e098c1ba,Amazon Elastic Compute Cloud - Compute,unallocated
2026-06-03T00:00:00Z,2026-06-04T00:00:00Z,True,13.0756824497,i-0d1590821d2177ad9,Amazon Elastic Compute Cloud - Compute,unallocated
2026-06-03T00:00:00Z,2026-06-04T00:00:00Z,True,9.7038315,i-0d1f417c438358bc5,Amazon Elastic Compute Cloud - Compute,unallocated
2026-06-03T00:00:00Z,2026-06-04T00:00:00Z,True,1.1630717488,i-0d260bdbd688904c3,Amazon Elastic Compute Cloud - Compute,unallocated
2026-06-03T00:00:00Z,2026-06-04T00:00:00Z,True,1.880340517,i-0d3d97bf661347e43,Amazon Elastic Compute Cloud - Compute,unallocated
2026-06-03T00:00:00Z,2026-06-04T00:00:00Z,True,0.3129087242,i-0d3d9919ae7520c5e,Amazon Elastic Compute Cloud - Compute,unallocated
2026-06-03T00:00:00Z,2026-06-04T00:00:00Z,True,0.8846504372,i-0d4ef667a172576c8,Amazon Elastic Compute Cloud - Compute,unallocated
2026-06-03T00:00:00Z,2026-06-04T00:00:00Z,True,0.5754647704,i-0d7503c167f23eae6,Amazon Elastic Compute Cloud - Compute,unallocated
2026-06-03T00:00:00Z,2026-06-04T00:00:00Z,True,11.1158347704,i-0d929f506b58e0fa5,Amazon Elastic Compute Cloud - Compute,unallocated
2026-06-03T00:00:00Z,2026-06-04T00:00:00Z,True,10.6360590503,i-0da40f912646659db,Amazon Elastic Compute Cloud - Compute,unallocated
2026-06-03T00:00:00Z,2026-06-04T00:00:00Z,True,4.1883426556,i-0db2db7b5ebf5ab08,Amazon Elastic Compute Cloud - Compute,unallocated
2026-06-03T00:00:00Z,2026-06-04T00:00:00Z,True,19.3930720198,i-0dcc8213000cb93df,Amazon Elastic Compute Cloud - Compute,unallocated
2026-06-03T00:00:00Z,2026-06-04T00:00:00Z,True,4.0958845236,i-0dd3d3069d5b9848c,Amazon Elastic Compute Cloud - Compute,unallocated
2026-06-03T00:00:00Z,2026-06-04T00:00:00Z,True,6.2332046097,i-0de9e3f8d3208cf03,Amazon Elastic Compute Cloud - Compute,dayhoff
2026-06-03T00:00:00Z,2026-06-04T00:00:00Z,True,10.1056123444,i-0decd954d81967da6,Amazon Elastic Compute Cloud - Compute,unallocated
2026-06-03T00:00:00Z,2026-06-04T00:00:00Z,True,25.75834625,i-0df9101f1af187b1c,Amazon Elastic Compute Cloud - Compute,unallocated
2026-06-03T00:00:00Z,2026-06-04T00:00:00Z,True,19.3930720198,i-0e31d291ef99c4695,Amazon Elastic Compute Cloud - Compute,unallocated
2026-06-03T00:00:00Z,2026-06-04T00:00:00Z,True,0.740870385,i-0e4e204c0ebe5d388,Amazon Elastic Compute Cloud - Compute,unallocated
2026-06-03T00:00:00Z,2026-06-04T00:00:00Z,True,0.6192793444,i-0e62c3ed25f24791e,Amazon Elastic Compute Cloud - Compute,unallocated
2026-06-03T00:00:00Z,2026-06-04T00:00:00Z,True,2.1835472128,i-0e70fab85d559c615,Amazon Elastic Compute Cloud - Compute,dayhoff
2026-06-03T00:00:00Z,2026-06-04T00:00:00Z,True,1.677790517,i-0e7220129c49b53fb,Amazon Elastic Compute Cloud - Compute,unallocated
2026-06-03T00:00:00Z,2026-06-04T00:00:00Z,True,1.675538161,i-0e75500737d05608c,Amazon Elastic Compute Cloud - Compute,unallocated
2026-06-03T00:00:00Z,2026-06-04T00:00:00Z,True,0.6934228852,i-0e83812e7f3b3419c,Amazon Elastic Compute Cloud - Compute,unallocated
2026-06-03T00:00:00Z,2026-06-04T00:00:00Z,True,10.3010316509,i-0e913217bd67f5ca2,Amazon Elastic Compute Cloud - Compute,unallocated
2026-06-03T00:00:00Z,2026-06-04T00:00:00Z,True,0.6947796884,i-0e9e3f5b1c6f0dd9b,Amazon Elastic Compute Cloud - Compute,unallocated
2026-06-03T00:00:00Z,2026-06-04T00:00:00Z,True,0.6003832189,i-0eb4de0ec2f60f583,Amazon Elastic Compute Cloud - Compute,unallocated
2026-06-03T00:00:00Z,2026-06-04T00:00:00Z,True,6.3284028003,i-0ec3a0582073c6c09,Amazon Elastic Compute Cloud - Compute,unallocated
2026-06-03T00:00:00Z,2026-06-04T00:00:00Z,True,1.190432,i-0ec899757b05e0793,Amazon Elastic Compute Cloud - Compute,unallocated
2026-06-03T00:00:00Z,2026-06-04T00:00:00Z,True,1.6222684668,i-0ed00a8a582355a41,Amazon Elastic Compute Cloud - Compute,unallocated
2026-06-03T00:00:00Z,2026-06-04T00:00:00Z,True,0.7382013116,i-0ee8d2828f574aa9c,Amazon Elastic Compute Cloud - Compute,unallocated
2026-06-03T00:00:00Z,2026-06-04T00:00:00Z,True,2.4895917648,i-0eea51f109f684a5d,Amazon Elastic Compute Cloud - Compute,unallocated
2026-06-03T00:00:00Z,2026-06-04T00:00:00Z,True,9.8528436556,i-0eee212eec746653a,Amazon Elastic Compute Cloud - Compute,unallocated
2026-06-03T00:00:00Z,2026-06-04T00:00:00Z,True,11.7277049009,i-0efe73f2672fdf9b7,Amazon Elastic Compute Cloud - Compute,unallocated
2026-06-03T00:00:00Z,2026-06-04T00:00:00Z,True,10.0289640503,i-0f071949dc27c245d,Amazon Elastic Compute Cloud - Compute,unallocated
2026-06-03T00:00:00Z,2026-06-04T00:00:00Z,True,0.6302322296,i-0f0ef1cbb6b120883,Amazon Elastic Compute Cloud - Compute,unallocated
2026-06-03T00:00:00Z,2026-06-04T00:00:00Z,True,4.4823962296,i-0f1e40839b99b0748,Amazon Elastic Compute Cloud - Compute,unallocated
2026-06-03T00:00:00Z,2026-06-04T00:00:00Z,True,12.7062930066,i-0f3495110d94b0719,Amazon Elastic Compute Cloud - Compute,unallocated
2026-06-03T00:00:00Z,2026-06-04T00:00:00Z,True,1.743056178,i-0f36552c8231526b6,Amazon Elastic Compute Cloud - Compute,unallocated
2026-06-03T00:00:00Z,2026-06-04T00:00:00Z,True,1.038871,i-0f420065061205e57,Amazon Elastic Compute Cloud - Compute,unallocated
2026-06-03T00:00:00Z,2026-06-04T00:00:00Z,True,1.0574068852,i-0f91d4eb81aa77cb0,Amazon Elastic Compute Cloud - Compute,unallocated
2026-06-03T00:00:00Z,2026-06-04T00:00:00Z,True,1.0095942189,i-0fa82008a72b9b995,Amazon Elastic Compute Cloud - Compute,unallocated
2026-06-03T00:00:00Z,2026-06-04T00:00:00Z,True,3.366852,i-0fb67e2dd60a5f9ce,Amazon Elastic Compute Cloud - Compute,unallocated
2026-06-03T00:00:00Z,2026-06-04T00:00:00Z,True,1.1717621032,i-0fba104302c9adfab,Amazon Elastic Compute Cloud - Compute,unallocated
2026-06-03T00:00:00Z,2026-06-04T00:00:00Z,True,9.3392519802,i-0fd80ec27704916c7,Amazon Elastic Compute Cloud - Compute,unallocated
2026-06-03T00:00:00Z,2026-06-04T00:00:00Z,True,0.2016,i-0fec5d1a28b6d27aa,Amazon Elastic Compute Cloud - Compute,unallocated
2026-06-03T00:00:00Z,2026-06-04T00:00:00Z,True,0.4495604736,i-0ff716c3b5e3a7946,Amazon Elastic Compute Cloud - Compute,unallocated
2026-06-03T00:00:00Z,2026-06-04T00:00:00Z,True,1.255538739,i-0ff8eb5487163b870,Amazon Elastic Compute Cloud - Compute,unallocated
2026-06-04T00:00:00Z,2026-06-05T00:00:00Z,True,0.0,arn:aws:ec2:ap-south-1:108782052779:natgateway/nat-01dc061291fc51e75,Amazon Elastic Compute Cloud - Compute,unallocated
2026-06-04T00:00:00Z,2026-06-05T00:00:00Z,True,0.0,arn:aws:ec2:ap-south-1:108782052779:natgateway/nat-05f85018216cac061,Amazon Elastic Compute Cloud - Compute,unallocated
2026-06-04T00:00:00Z,2026-06-05T00:00:00Z,True,0.0,arn:aws:ec2:eu-central-1:108782052779:natgateway/nat-0a2bfbfedf38f8e87,Amazon Elastic Compute Cloud - Compute,unallocated
2026-06-04T00:00:00Z,2026-06-05T00:00:00Z,True,0.0,arn:aws:ec2:eu-central-1:108782052779:natgateway/nat-0ec6ae9605269bef4,Amazon Elastic Compute Cloud - Compute,unallocated
2026-06-04T00:00:00Z,2026-06-05T00:00:00Z,True,0.0,arn:aws:ec2:us-west-2:108782052779:natgateway/nat-00246c8ef3b9087f1,Amazon Elastic Compute Cloud - Compute,dayhoff
2026-06-04T00:00:00Z,2026-06-05T00:00:00Z,True,0.0,arn:aws:ec2:us-west-2:108782052779:natgateway/nat-00ac08b685fea726f,Amazon Elastic Compute Cloud - Compute,terrarium
2026-06-04T00:00:00Z,2026-06-05T00:00:00Z,True,6.9819e-06,arn:aws:ec2:us-west-2:108782052779:natgateway/nat-00f3c26e43ede9b10,Amazon Elastic Compute Cloud - Compute,unallocated
2026-06-04T00:00:00Z,2026-06-05T00:00:00Z,True,0.0,arn:aws:ec2:us-west-2:108782052779:natgateway/nat-0234e77781575cced,Amazon Elastic Compute Cloud - Compute,terrarium
2026-06-04T00:00:00Z,2026-06-05T00:00:00Z,True,0.0011503888,arn:aws:ec2:us-west-2:171675361862:natgateway/nat-01432c586ef9dbf51,Amazon Elastic Compute Cloud - Compute,unallocated
2026-06-04T00:00:00Z,2026-06-05T00:00:00Z,True,1.5805030625,i-000c3216e799089e4,Amazon Elastic Compute Cloud - Compute,unallocated
2026-06-04T00:00:00Z,2026-06-05T00:00:00Z,True,0.7607934186,i-00127d6074b154f3d,Amazon Elastic Compute Cloud - Compute,unallocated
2026-06-04T00:00:00Z,2026-06-05T00:00:00Z,True,1.3263333534,i-0012ae31b362cc36b,Amazon Elastic Compute Cloud - Compute,unallocated
2026-06-04T00:00:00Z,2026-06-05T00:00:00Z,True,0.8017038721,i-0013e367b593daa38,Amazon Elastic Compute Cloud - Compute,unallocated
2026-06-04T00:00:00Z,2026-06-05T00:00:00Z,True,0.8900435336,i-002c04101a4ca525f,Amazon Elastic Compute Cloud - Compute,unallocated
2026-06-04T00:00:00Z,2026-06-05T00:00:00Z,True,1.145662,i-002dd6d0845d3918e,Amazon Elastic Compute Cloud - Compute,unallocated
2026-06-04T00:00:00Z,2026-06-05T00:00:00Z,True,2.9326198721,i-003500281e4f9d12e,Amazon Elastic Compute Cloud - Compute,unallocated
2026-06-04T00:00:00Z,2026-06-05T00:00:00Z,True,0.761159,i-0054e785a7ab3061e,Amazon Elastic Compute Cloud - Compute,unallocated
2026-06-04T00:00:00Z,2026-06-05T00:00:00Z,True,1.6669394712,i-00aebd8929a7156a4,Amazon Elastic Compute Cloud - Compute,unallocated
2026-06-04T00:00:00Z,2026-06-05T00:00:00Z,True,0.6516094664,i-00aede9b4de8ed7e1,Amazon Elastic Compute Cloud - Compute,unallocated
2026-06-04T00:00:00Z,2026-06-05T00:00:00Z,True,1.7748932093,i-00d2cb735fdbda024,Amazon Elastic Compute Cloud - Compute,unallocated
2026-06-04T00:00:00Z,2026-06-05T00:00:00Z,True,0.9288712595,i-012bc61f32b7a1557,Amazon Elastic Compute Cloud - Compute,unallocated
2026-06-04T00:00:00Z,2026-06-05T00:00:00Z,True,0.604219,i-018259ffa1772d8d9,Amazon Elastic Compute Cloud - Compute,unallocated
2026-06-04T00:00:00Z,2026-06-05T00:00:00Z,True,1.5981393822,i-0183b229ff4a496b9,Amazon Elastic Compute Cloud - Compute,unallocated
2026-06-04T00:00:00Z,2026-06-05T00:00:00Z,True,1.8158036628,i-01959c183362e0cd6,Amazon Elastic Compute Cloud - Compute,unallocated
2026-06-04T00:00:00Z,2026-06-05T00:00:00Z,True,1.4327965814,i-019eb2d9d60996325,Amazon Elastic Compute Cloud - Compute,unallocated
2026-06-04T00:00:00Z,2026-06-05T00:00:00Z,True,0.637118875,i-019fd228ffc89da04,Amazon Elastic Compute Cloud - Compute,unallocated
2026-06-04T00:00:00Z,2026-06-05T00:00:00Z,True,1.7346067644,i-01add860afb21acee,Amazon Elastic Compute Cloud - Compute,unallocated
2026-06-04T00:00:00Z,2026-06-05T00:00:00Z,True,3.9936,i-01db42c813d037c0e,Amazon Elastic Compute Cloud - Compute,unallocated
2026-06-04T00:00:00Z,2026-06-05T00:00:00Z,True,48.1930727169,i-01fdf39c363930bff,Amazon Elastic Compute Cloud - Compute,unallocated
2026-06-04T00:00:00Z,2026-06-05T00:00:00Z,True,1.614027904,i-020bb6931c4f5396d,Amazon Elastic Compute Cloud - Compute,unallocated
2026-06-04T00:00:00Z,2026-06-05T00:00:00Z,True,1.535513,i-020d9fe4b6cbf8452,Amazon Elastic Compute Cloud - Compute,unallocated
2026-06-04T00:00:00Z,2026-06-05T00:00:00Z,True,0.8469701686,i-020f8b1375629e7f9,Amazon Elastic Compute Cloud - Compute,unallocated
2026-06-04T00:00:00Z,2026-06-05T00:00:00Z,True,0.5961470625,i-023f4b58219d8e8c2,Amazon Elastic Compute Cloud - Compute,unallocated
2026-06-04T00:00:00Z,2026-06-05T00:00:00Z,True,3.6237285,i-025164b4a4763d1cd,Amazon Elastic Compute Cloud - Compute,unallocated
2026-06-04T00:00:00Z,2026-06-05T00:00:00Z,True,0.8823512068,i-02557a856eedc39ab,Amazon Elastic Compute Cloud - Compute,unallocated
2026-06-04T00:00:00Z,2026-06-05T00:00:00Z,True,2.8029191628,i-026a740097812f08d,Amazon Elastic Compute Cloud - Compute,unallocated
2026-06-04T00:00:00Z,2026-06-05T00:00:00Z,True,2.4912915,i-028c5aa9e02a2d255,Amazon Elastic Compute Cloud - Compute,unallocated
2026-06-04T00:00:00Z,2026-06-05T00:00:00Z,True,1.535513,i-02a6aef6a2edf2534,Amazon Elastic Compute Cloud - Compute,unallocated
2026-06-04T00:00:00Z,2026-06-05T00:00:00Z,True,4.383617,i-02f1cca8faa2a76f4,Amazon Elastic Compute Cloud - Compute,unallocated
2026-06-04T00:00:00Z,2026-06-05T00:00:00Z,True,1.7482406996,i-02f5af2e15f313304,Amazon Elastic Compute Cloud - Compute,unallocated
2026-06-04T00:00:00Z,2026-06-05T00:00:00Z,True,0.933846,i-02fbeb7fd0bb0fd47,Amazon Elastic Compute Cloud - Compute,unallocated
2026-06-04T00:00:00Z,2026-06-05T00:00:00Z,True,0.8567874905,i-036cd0d5e7bb2fab5,Amazon Elastic Compute Cloud - Compute,unallocated
2026-06-04T00:00:00Z,2026-06-05T00:00:00Z,True,0.7144469328,i-039f2be167759f3e8,Amazon Elastic Compute Cloud - Compute,unallocated
2026-06-04T00:00:00Z,2026-06-05T00:00:00Z,True,1.3274580288,i-03a9502e473b7eacb,Amazon Elastic Compute Cloud - Compute,unallocated
2026-06-04T00:00:00Z,2026-06-05T00:00:00Z,True,0.5698352332,i-03ad9144a8e25195b,Amazon Elastic Compute Cloud - Compute,unallocated
2026-06-04T00:00:00Z,2026-06-05T00:00:00Z,True,2.19359,i-03dca9ba7983da295,Amazon Elastic Compute Cloud - Compute,unallocated
2026-06-04T00:00:00Z,2026-06-05T00:00:00Z,True,1.3551964308,i-03fa5eb93fe5aab89,Amazon Elastic Compute Cloud - Compute,unallocated
2026-06-04T00:00:00Z,2026-06-05T00:00:00Z,True,1.1185554128,i-040689ac58a57b60f,Amazon Elastic Compute Cloud - Compute,unallocated
2026-06-04T00:00:00Z,2026-06-05T00:00:00Z,True,0.8883236996,i-041df054049b463cb,Amazon Elastic Compute Cloud - Compute,unallocated
2026-06-04T00:00:00Z,2026-06-05T00:00:00Z,True,1.3725749712,i-043e32fa815c3c113,Amazon Elastic Compute Cloud - Compute,unallocated
2026-06-04T00:00:00Z,2026-06-05T00:00:00Z,True,2.8029191628,i-04438040d64e841f1,Amazon Elastic Compute Cloud - Compute,unallocated
2026-06-04T00:00:00Z,2026-06-05T00:00:00Z,True,0.5818864664,i-04521128ca25d9809,Amazon Elastic Compute Cloud - Compute,unallocated
2026-06-04T00:00:00Z,2026-06-05T00:00:00Z,True,1.9011123779,i-0483b5ed9f39057e5,Amazon Elastic Compute Cloud - Compute,unallocated
2026-06-04T00:00:00Z,2026-06-05T00:00:00Z,True,6.1329467117,i-048fc2f7edb4ee80e,Amazon Elastic Compute Cloud - Compute,unallocated
2026-06-04T00:00:00Z,2026-06-05T00:00:00Z,True,1.8158036628,i-04c272fb98bea051a,Amazon Elastic Compute Cloud - Compute,unallocated
2026-06-04T00:00:00Z,2026-06-05T00:00:00Z,True,0.1248,i-04d3a8c6aae87f818,Amazon Elastic Compute Cloud - Compute,dayhoff
2026-06-04T00:00:00Z,2026-06-05T00:00:00Z,True,2.8551485407,i-04db85ba2295b7cf6,Amazon Elastic Compute Cloud - Compute,unallocated
2026-06-04T00:00:00Z,2026-06-05T00:00:00Z,True,1.5981393822,i-04e00bf325226ce6e,Amazon Elastic Compute Cloud - Compute,unallocated
2026-06-04T00:00:00Z,2026-06-05T00:00:00Z,True,2.8029191628,i-051ce6e723ae676fc,Amazon Elastic Compute Cloud - Compute,unallocated
2026-06-04T00:00:00Z,2026-06-05T00:00:00Z,True,0.7970795336,i-05350e236bcc22463,Amazon Elastic Compute Cloud - Compute,unallocated
2026-06-04T00:00:00Z,2026-06-05T00:00:00Z,True,3.356650125,i-0535762603fa25834,Amazon Elastic Compute Cloud - Compute,unallocated
2026-06-04T00:00:00Z,2026-06-05T00:00:00Z,True,0.5344685864,i-0536febbdd8a9ce69,Amazon Elastic Compute Cloud - Compute,unallocated
2026-06-04T00:00:00Z,2026-06-05T00:00:00Z,True,1.4327965814,i-05486a9fcdde3e57f,Amazon Elastic Compute Cloud - Compute,unallocated
2026-06-04T00:00:00Z,2026-06-05T00:00:00Z,True,2.8551485407,i-05559fc9a629903a9,Amazon Elastic Compute Cloud - Compute,unallocated
2026-06-04T00:00:00Z,2026-06-05T00:00:00Z,True,1.1073971506,i-055a614e600bd4353,Amazon Elastic Compute Cloud - Compute,unallocated
2026-06-04T00:00:00Z,2026-06-05T00:00:00Z,True,1.5805030625,i-059d794ee325fd3ce,Amazon Elastic Compute Cloud - Compute,unallocated
2026-06-04T00:00:00Z,2026-06-05T00:00:00Z,True,1.7104768721,i-05a7a618672103cdc,Amazon Elastic Compute Cloud - Compute,unallocated
2026-06-04T00:00:00Z,2026-06-05T00:00:00Z,True,1.8236379128,i-05ad78843730a39f0,Amazon Elastic Compute Cloud - Compute,unallocated
2026-06-04T00:00:00Z,2026-06-05T00:00:00Z,True,2.64014225,i-05e65f79c306d1418,Amazon Elastic Compute Cloud - Compute,unallocated
2026-06-04T00:00:00Z,2026-06-05T00:00:00Z,True,1.1909906466,i-05ea25fa8c6b1c0d0,Amazon Elastic Compute Cloud - Compute,unallocated
2026-06-04T00:00:00Z,2026-06-05T00:00:00Z,True,2.8029191628,i-05efe7f65f2a96cda,Amazon Elastic Compute Cloud - Compute,unallocated
2026-06-04T00:00:00Z,2026-06-05T00:00:00Z,True,1.664682,i-060d4cfc4e5c12fa5,Amazon Elastic Compute Cloud - Compute,unallocated
2026-06-04T00:00:00Z,2026-06-05T00:00:00Z,True,0.8765648314,i-0615b0414b84bcb22,Amazon Elastic Compute Cloud - Compute,unallocated
2026-06-04T00:00:00Z,2026-06-05T00:00:00Z,True,1.76270625,i-061b54711ff6977c4,Amazon Elastic Compute Cloud - Compute,unallocated
2026-06-04T00:00:00Z,2026-06-05T00:00:00Z,True,0.9224587932,i-06340370c8c68bf1e,Amazon Elastic Compute Cloud - Compute,unallocated
2026-06-04T00:00:00Z,2026-06-05T00:00:00Z,True,0.7686276686,i-06390123f75aa4fdb,Amazon Elastic Compute Cloud - Compute,unallocated
2026-06-04T00:00:00Z,2026-06-05T00:00:00Z,True,6.1329467117,i-0652761233b453981,Amazon Elastic Compute Cloud - Compute,unallocated
2026-06-04T00:00:00Z,2026-06-05T00:00:00Z,True,0.6947448822,i-06538274511c87cbc,Amazon Elastic Compute Cloud - Compute,unallocated
2026-06-04T00:00:00Z,2026-06-05T00:00:00Z,True,1.1761774136,i-067b7f1728a07c8a6,Amazon Elastic Compute Cloud - Compute,unallocated
2026-06-04T00:00:00Z,2026-06-05T00:00:00Z,True,1.8149356279,i-06afd402e756c528a,Amazon Elastic Compute Cloud - Compute,unallocated
2026-06-04T00:00:00Z,2026-06-05T00:00:00Z,True,0.6859324593,i-06ec4c7897091580a,Amazon Elastic Compute Cloud - Compute,unallocated
2026-06-04T00:00:00Z,2026-06-05T00:00:00Z,True,2.063974875,i-070dbf80ac869dbe2,Amazon Elastic Compute Cloud - Compute,unallocated
2026-06-04T00:00:00Z,2026-06-05T00:00:00Z,True,3.6913998534,i-074775b80a66bb109,Amazon Elastic Compute Cloud - Compute,unallocated
2026-06-04T00:00:00Z,2026-06-05T00:00:00Z,True,0.8168777668,i-0799a3f6b3dfaa875,Amazon Elastic Compute Cloud - Compute,unallocated
2026-06-04T00:00:00Z,2026-06-05T00:00:00Z,True,0.6152789934,i-07a6c7a86e2ccc731,Amazon Elastic Compute Cloud - Compute,unallocated
2026-06-04T00:00:00Z,2026-06-05T00:00:00Z,True,1.2377970672,i-07c7d836894987979,Amazon Elastic Compute Cloud - Compute,unallocated
2026-06-04T00:00:00Z,2026-06-05T00:00:00Z,True,0.8336865,i-07da6592c87af7b9d,Amazon Elastic Compute Cloud - Compute,unallocated
2026-06-04T00:00:00Z,2026-06-05T00:00:00Z,True,7.9878025785,i-07df3a933e4839f52,Amazon Elastic Compute Cloud - Compute,dayhoff
2026-06-04T00:00:00Z,2026-06-05T00:00:00Z,True,1.9019804128,i-0816377d95c221324,Amazon Elastic Compute Cloud - Compute,unallocated
2026-06-04T00:00:00Z,2026-06-05T00:00:00Z,True,0.5156062332,i-086b0d6f641e08692,Amazon Elastic Compute Cloud - Compute,unallocated
2026-06-04T00:00:00Z,2026-06-05T00:00:00Z,True,1.60602125,i-087e0eb6b568192f0,Amazon Elastic Compute Cloud - Compute,unallocated
2026-06-04T00:00:00Z,2026-06-05T00:00:00Z,True,2.8708170407,i-0888049cebc86312e,Amazon Elastic Compute Cloud - Compute,unallocated
2026-06-04T00:00:00Z,2026-06-05T00:00:00Z,True,0.5173260672,i-08c47457073ba27d5,Amazon Elastic Compute Cloud - Compute,unallocated
2026-06-04T00:00:00Z,2026-06-05T00:00:00Z,True,1.3274580288,i-08ee449f1d09635be,Amazon Elastic Compute Cloud - Compute,unallocated
2026-06-04T00:00:00Z,2026-06-05T00:00:00Z,True,0.7259748779,i-08fc5f63b777935d2,Amazon Elastic Compute Cloud - Compute,unallocated
2026-06-04T00:00:00Z,2026-06-05T00:00:00Z,True,7.2194765691,i-09126000eb19643b0,Amazon Elastic Compute Cloud - Compute,dayhoff
2026-06-04T00:00:00Z,2026-06-05T00:00:00Z,True,2.8029191628,i-0919f0d69cb290f99,Amazon Elastic Compute Cloud - Compute,unallocated
2026-06-04T00:00:00Z,2026-06-05T00:00:00Z,True,1.3518117648,i-092ed82f571bfbc2f,Amazon Elastic Compute Cloud - Compute,unallocated
2026-06-04T00:00:00Z,2026-06-05T00:00:00Z,True,0.8954305864,i-0952b656a970d575e,Amazon Elastic Compute Cloud - Compute,unallocated
2026-06-04T00:00:00Z,2026-06-05T00:00:00Z,True,1.5363841686,i-09546621b1cf966cc,Amazon Elastic Compute Cloud - Compute,unallocated
2026-06-04T00:00:00Z,2026-06-05T00:00:00Z,True,2.6554980672,i-09b46eca66a22e9f9,Amazon Elastic Compute Cloud - Compute,unallocated
2026-06-04T00:00:00Z,2026-06-05T00:00:00Z,True,0.6421395336,i-09c2d37c5b8080fbd,Amazon Elastic Compute Cloud - Compute,unallocated
2026-06-04T00:00:00Z,2026-06-05T00:00:00Z,True,1.749881,i-09c8f6eff1ed52f94,Amazon Elastic Compute Cloud - Compute,unallocated
2026-06-04T00:00:00Z,2026-06-05T00:00:00Z,True,0.5793020672,i-09d4ea4e1dbaeea53,Amazon Elastic Compute Cloud - Compute,unallocated
2026-06-04T00:00:00Z,2026-06-05T00:00:00Z,True,2.8029191628,i-09eae5f653505214c,Amazon Elastic Compute Cloud - Compute,unallocated
2026-06-04T00:00:00Z,2026-06-05T00:00:00Z,True,0.4992,i-09f66b3f11ea42c60,Amazon Elastic Compute Cloud - Compute,unallocated
2026-06-04T00:00:00Z,2026-06-05T00:00:00Z,True,3.5560571466,i-0a06dbdabae4665cf,Amazon Elastic Compute Cloud - Compute,unallocated
2026-06-04T00:00:00Z,2026-06-05T00:00:00Z,True,0.573278,i-0a2270265160402f0,Amazon Elastic Compute Cloud - Compute,unallocated
2026-06-04T00:00:00Z,2026-06-05T00:00:00Z,True,6.1320751539,i-0a256291e98707019,Amazon Elastic Compute Cloud - Compute,unallocated
2026-06-04T00:00:00Z,2026-06-05T00:00:00Z,True,3.6237285,i-0a4b226ec415a8fda,Amazon Elastic Compute Cloud - Compute,unallocated
2026-06-04T00:00:00Z,2026-06-05T00:00:00Z,True,1.4319254128,i-0a565a3e77b117686,Amazon Elastic Compute Cloud - Compute,unallocated
2026-06-04T00:00:00Z,2026-06-05T00:00:00Z,True,7.2192,i-0a70e6af119b993f3,Amazon Elastic Compute Cloud - Compute,dayhoff
2026-06-04T00:00:00Z,2026-06-05T00:00:00Z,True,0.745465,i-0aa288758e14fb0ac,Amazon Elastic Compute Cloud - Compute,unallocated
2026-06-04T00:00:00Z,2026-06-05T00:00:00Z,True,2.8029191628,i-0aa5cc8dc15d487b8,Amazon Elastic Compute Cloud - Compute,unallocated
2026-06-04T00:00:00Z,2026-06-05T00:00:00Z,True,0.2496,i-0ab7116abc8229a16,Amazon Elastic Compute Cloud - Compute,unallocated
2026-06-04T00:00:00Z,2026-06-05T00:00:00Z,True,0.6283684664,i-0ad9937d76fb12924,Amazon Elastic Compute Cloud - Compute,unallocated
2026-06-04T00:00:00Z,2026-06-05T00:00:00Z,True,1.3285867644,i-0b228fc543114a7f8,Amazon Elastic Compute Cloud - Compute,unallocated
2026-06-04T00:00:00Z,2026-06-05T00:00:00Z,True,0.8142964664,i-0b327128a946e9799,Amazon Elastic Compute Cloud - Compute,unallocated
2026-06-04T00:00:00Z,2026-06-05T00:00:00Z,True,1.6658107356,i-0b3dd6c95fbda4715,Amazon Elastic Compute Cloud - Compute,unallocated
2026-06-04T00:00:00Z,2026-06-05T00:00:00Z,True,8.0000281494,i-0b6713cc15f74d360,Amazon Elastic Compute Cloud - Compute,dayhoff
2026-06-04T00:00:00Z,2026-06-05T00:00:00Z,True,2.8029191628,i-0b6a2b2c11c65a7e7,Amazon Elastic Compute Cloud - Compute,unallocated
2026-06-04T00:00:00Z,2026-06-05T00:00:00Z,True,1.1258963004,i-0b7a1024f9717cc44,Amazon Elastic Compute Cloud - Compute,unallocated
2026-06-04T00:00:00Z,2026-06-05T00:00:00Z,True,0.8661202093,i-0b86cabc97b20ea91,Amazon Elastic Compute Cloud - Compute,unallocated
2026-06-04T00:00:00Z,2026-06-05T00:00:00Z,True,1.1707847907,i-0b9c2c849d7dd6016,Amazon Elastic Compute Cloud - Compute,unallocated
2026-06-04T00:00:00Z,2026-06-05T00:00:00Z,True,2.2832482907,i-0bb58b89d77f162dc,Amazon Elastic Compute Cloud - Compute,unallocated
2026-06-04T00:00:00Z,2026-06-05T00:00:00Z,True,1.5946861728,i-0bbc460ae36f4cc1a,Amazon Elastic Compute Cloud - Compute,unallocated
2026-06-04T00:00:00Z,2026-06-05T00:00:00Z,True,1.7104768721,i-0bd6d32313bb33a08,Amazon Elastic Compute Cloud - Compute,unallocated
2026-06-04T00:00:00Z,2026-06-05T00:00:00Z,True,1.29265125,i-0bdfe6c619984bb7c,Amazon Elastic Compute Cloud - Compute,unallocated
2026-06-04T00:00:00Z,2026-06-05T00:00:00Z,True,1.8158036628,i-0bf1c81aa5688d5c6,Amazon Elastic Compute Cloud - Compute,unallocated
2026-06-04T00:00:00Z,2026-06-05T00:00:00Z,True,1.7452954128,i-0bfff3ed669829bf8,Amazon Elastic Compute Cloud - Compute,unallocated
2026-06-04T00:00:00Z,2026-06-05T00:00:00Z,True,1.3259402352,i-0c03cb6be3c84d53b,Amazon Elastic Compute Cloud - Compute,unallocated
2026-06-04T00:00:00Z,2026-06-05T00:00:00Z,True,0.2496,i-0c0d07d66b039cebe,Amazon Elastic Compute Cloud - Compute,terrarium
2026-06-04T00:00:00Z,2026-06-05T00:00:00Z,True,0.69857475,i-0c1038d6137b7fb2d,Amazon Elastic Compute Cloud - Compute,unallocated
2026-06-04T00:00:00Z,2026-06-05T00:00:00Z,True,2.8029191628,i-0c339de55d8a0617e,Amazon Elastic Compute Cloud - Compute,unallocated
2026-06-04T00:00:00Z,2026-06-05T00:00:00Z,True,2.3015271628,i-0c5f8889f8a91deb6,Amazon Elastic Compute Cloud - Compute,unallocated
2026-06-04T00:00:00Z,2026-06-05T00:00:00Z,True,1.1707847907,i-0c6417524eac1004b,Amazon Elastic Compute Cloud - Compute,unallocated
2026-06-04T00:00:00Z,2026-06-05T00:00:00Z,True,2.8029191628,i-0c8467c80ebc0cc16,Amazon Elastic Compute Cloud - Compute,unallocated
2026-06-04T00:00:00Z,2026-06-05T00:00:00Z,True,1.1491492068,i-0c893ff91b8a820f6,Amazon Elastic Compute Cloud - Compute,unallocated
2026-06-04T00:00:00Z,2026-06-05T00:00:00Z,True,1.7988959712,i-0cba9cf0e00e3136c,Amazon Elastic Compute Cloud - Compute,unallocated
2026-06-04T00:00:00Z,2026-06-05T00:00:00Z,True,0.5540909934,i-0cc361c7f71aa974b,Amazon Elastic Compute Cloud - Compute,unallocated
2026-06-04T00:00:00Z,2026-06-05T00:00:00Z,True,0.2496,i-0cc9dcb0db2f9d205,Amazon Elastic Compute Cloud - Compute,terrarium
2026-06-04T00:00:00Z,2026-06-05T00:00:00Z,True,1.6573794593,i-0ccd25f9d9189c8a8,Amazon Elastic Compute Cloud - Compute,unallocated
2026-06-04T00:00:00Z,2026-06-05T00:00:00Z,True,0.968375,i-0cddff1ddce868b76,Amazon Elastic Compute Cloud - Compute,unallocated
2026-06-04T00:00:00Z,2026-06-05T00:00:00Z,True,1.1176873779,i-0d06fc3ec3d9141c8,Amazon Elastic Compute Cloud - Compute,unallocated
2026-06-04T00:00:00Z,2026-06-05T00:00:00Z,True,0.8108381808,i-0d24086d8b2954ce3,Amazon Elastic Compute Cloud - Compute,unallocated
2026-06-04T00:00:00Z,2026-06-05T00:00:00Z,True,0.779209577,i-0d435ab0fbcac3bf9,Amazon Elastic Compute Cloud - Compute,unallocated
2026-06-04T00:00:00Z,2026-06-05T00:00:00Z,True,3.6925245288,i-0d4a9e8de91649abc,Amazon Elastic Compute Cloud - Compute,unallocated
2026-06-04T00:00:00Z,2026-06-05T00:00:00Z,True,1.3928759712,i-0d65ad29eda7e763c,Amazon Elastic Compute Cloud - Compute,unallocated
2026-06-04T00:00:00Z,2026-06-05T00:00:00Z,True,1.1707847907,i-0d8005f1f240bee63,Amazon Elastic Compute Cloud - Compute,unallocated
2026-06-04T00:00:00Z,2026-06-05T00:00:00Z,True,2.8551485407,i-0d8c62196d1641c96,Amazon Elastic Compute Cloud - Compute,unallocated
2026-06-04T00:00:00Z,2026-06-05T00:00:00Z,True,0.5144501279,i-0dbe15b3d4218dcbc,Amazon Elastic Compute Cloud - Compute,unallocated
2026-06-04T00:00:00Z,2026-06-05T00:00:00Z,True,1.3274580288,i-0dc04159a9fe45732,Amazon Elastic Compute Cloud - Compute,unallocated
2026-06-04T00:00:00Z,2026-06-05T00:00:00Z,True,8.0000346429,i-0de9e3f8d3208cf03,Amazon Elastic Compute Cloud - Compute,dayhoff
2026-06-04T00:00:00Z,2026-06-05T00:00:00Z,True,2.8551485407,i-0df0509044553acc1,Amazon Elastic Compute Cloud - Compute,unallocated
2026-06-04T00:00:00Z,2026-06-05T00:00:00Z,True,2.8551485407,i-0e48b53a591fb1d40,Amazon Elastic Compute Cloud - Compute,unallocated
2026-06-04T00:00:00Z,2026-06-05T00:00:00Z,True,0.7506973796,i-0e5dbb0ad442852ea,Amazon Elastic Compute Cloud - Compute,unallocated
2026-06-04T00:00:00Z,2026-06-05T00:00:00Z,True,7.752919213,i-0e70fab85d559c615,Amazon Elastic Compute Cloud - Compute,dayhoff
2026-06-04T00:00:00Z,2026-06-05T00:00:00Z,True,1.5733275,i-0e7515f82ef193e5f,Amazon Elastic Compute Cloud - Compute,unallocated
2026-06-04T00:00:00Z,2026-06-05T00:00:00Z,True,0.8274939654,i-0e87fca890519e5b3,Amazon Elastic Compute Cloud - Compute,unallocated
2026-06-04T00:00:00Z,2026-06-05T00:00:00Z,True,6.1329467117,i-0ea8c36d6ff483718,Amazon Elastic Compute Cloud - Compute,unallocated
2026-06-04T00:00:00Z,2026-06-05T00:00:00Z,True,1.6174000672,i-0eaa424c00a7a1355,Amazon Elastic Compute Cloud - Compute,unallocated
2026-06-04T00:00:00Z,2026-06-05T00:00:00Z,True,6.1320751539,i-0f0517f7bfbc28679,Amazon Elastic Compute Cloud - Compute,unallocated
2026-06-04T00:00:00Z,2026-06-05T00:00:00Z,True,1.3274580288,i-0f495004ab587d2e7,Amazon Elastic Compute Cloud - Compute,unallocated
2026-06-04T00:00:00Z,2026-06-05T00:00:00Z,True,0.6685216221,i-0f497c92cf4b563cc,Amazon Elastic Compute Cloud - Compute,unallocated
2026-06-04T00:00:00Z,2026-06-05T00:00:00Z,True,3.355625,i-0f53bab340594b85a,Amazon Elastic Compute Cloud - Compute,unallocated
2026-06-04T00:00:00Z,2026-06-05T00:00:00Z,True,50.6291526847,i-0f5fb7f4318358cf5,Amazon Elastic Compute Cloud - Compute,unallocated
2026-06-04T00:00:00Z,2026-06-05T00:00:00Z,True,0.8323717668,i-0f68b83449680d52e,Amazon Elastic Compute Cloud - Compute,unallocated
2026-06-04T00:00:00Z,2026-06-05T00:00:00Z,True,1.29265125,i-0f9c85db1724ebe8e,Amazon Elastic Compute Cloud - Compute,unallocated
2026-06-04T00:00:00Z,2026-06-05T00:00:00Z,True,0.7389455502,i-0fa746907b8814642,Amazon Elastic Compute Cloud - Compute,unallocated
2026-06-04T00:00:00Z,2026-06-05T00:00:00Z,True,1.8954867932,i-0fa99446878ec5639,Amazon Elastic Compute Cloud - Compute,unallocated
2026-06-04T00:00:00Z,2026-06-05T00:00:00Z,True,2.8551485407,i-0fcc7fef2e3b80943,Amazon Elastic Compute Cloud - Compute,unallocated
2026-06-04T00:00:00Z,2026-06-05T00:00:00Z,True,1.7096088372,i-0fcf39b5b3d8719ef,Amazon Elastic Compute Cloud - Compute,unallocated
2026-06-04T00:00:00Z,2026-06-05T00:00:00Z,True,0.8091307668,i-0fe66d81ddee82133,Amazon Elastic Compute Cloud - Compute,unallocated
2026-06-04T00:00:00Z,2026-06-05T00:00:00Z,True,0.2016,i-0fec5d1a28b6d27aa,Amazon Elastic Compute Cloud - Compute,unallocated
2026-06-05T00:00:00Z,2026-06-06T00:00:00Z,True,0.0,arn:aws:ec2:ap-south-1:108782052779:natgateway/nat-01dc061291fc51e75,Amazon Elastic Compute Cloud - Compute,unallocated
2026-06-05T00:00:00Z,2026-06-06T00:00:00Z,True,0.0,arn:aws:ec2:ap-south-1:108782052779:natgateway/nat-05f85018216cac061,Amazon Elastic Compute Cloud - Compute,unallocated
2026-06-05T00:00:00Z,2026-06-06T00:00:00Z,True,0.0,arn:aws:ec2:eu-central-1:108782052779:natgateway/nat-0a2bfbfedf38f8e87,Amazon Elastic Compute Cloud - Compute,unallocated
2026-06-05T00:00:00Z,2026-06-06T00:00:00Z,True,0.0,arn:aws:ec2:eu-central-1:108782052779:natgateway/nat-0ec6ae9605269bef4,Amazon Elastic Compute Cloud - Compute,unallocated
2026-06-05T00:00:00Z,2026-06-06T00:00:00Z,True,0.0,arn:aws:ec2:us-east-1:108782052779:natgateway/nat-089a96601cfd34f9d,Amazon Elastic Compute Cloud - Compute,dayhoff
2026-06-05T00:00:00Z,2026-06-06T00:00:00Z,True,0.0,arn:aws:ec2:us-west-2:108782052779:natgateway/nat-00246c8ef3b9087f1,Amazon Elastic Compute Cloud - Compute,dayhoff
2026-06-05T00:00:00Z,2026-06-06T00:00:00Z,True,0.0,arn:aws:ec2:us-west-2:108782052779:natgateway/nat-00ac08b685fea726f,Amazon Elastic Compute Cloud - Compute,terrarium
2026-06-05T00:00:00Z,2026-06-06T00:00:00Z,True,4.708e-07,arn:aws:ec2:us-west-2:108782052779:natgateway/nat-00f3c26e43ede9b10,Amazon Elastic Compute Cloud - Compute,unallocated
2026-06-05T00:00:00Z,2026-06-06T00:00:00Z,True,0.0,arn:aws:ec2:us-west-2:108782052779:natgateway/nat-0234e77781575cced,Amazon Elastic Compute Cloud - Compute,terrarium
2026-06-05T00:00:00Z,2026-06-06T00:00:00Z,True,0.0011521352,arn:aws:ec2:us-west-2:171675361862:natgateway/nat-01432c586ef9dbf51,Amazon Elastic Compute Cloud - Compute,unallocated
2026-06-05T00:00:00Z,2026-06-06T00:00:00Z,True,3.9936,i-01db42c813d037c0e,Amazon Elastic Compute Cloud - Compute,unallocated
2026-06-05T00:00:00Z,2026-06-06T00:00:00Z,True,50.1264124704,i-01fdf39c363930bff,Amazon Elastic Compute Cloud - Compute,unallocated
2026-06-05T00:00:00Z,2026-06-06T00:00:00Z,True,1.2663393523,i-036e1b539e61ce81e,Amazon Elastic Compute Cloud - Compute,unallocated
2026-06-05T00:00:00Z,2026-06-06T00:00:00Z,True,2.9414935755,i-042b2f0782bef659e,Amazon Elastic Compute Cloud - Compute,unallocated
2026-06-05T00:00:00Z,2026-06-06T00:00:00Z,True,0.1248,i-04d3a8c6aae87f818,Amazon Elastic Compute Cloud - Compute,dayhoff
2026-06-05T00:00:00Z,2026-06-06T00:00:00Z,True,17.4867509795,i-04f28c7eb2feef15e,Amazon Elastic Compute Cloud - Compute,unallocated
2026-06-05T00:00:00Z,2026-06-06T00:00:00Z,True,0.6067023523,i-0563349819d32df66,Amazon Elastic Compute Cloud - Compute,unallocated
2026-06-05T00:00:00Z,2026-06-06T00:00:00Z,True,3.1951,i-060ced269794d7f6f,Amazon Elastic Compute Cloud - Compute,unallocated
2026-06-05T00:00:00Z,2026-06-06T00:00:00Z,True,7.9877989441,i-07df3a933e4839f52,Amazon Elastic Compute Cloud - Compute,dayhoff
2026-06-05T00:00:00Z,2026-06-06T00:00:00Z,True,7.2194771979,i-09126000eb19643b0,Amazon Elastic Compute Cloud - Compute,dayhoff
2026-06-05T00:00:00Z,2026-06-06T00:00:00Z,True,0.8113813996,i-093dc06a7563219d5,Amazon Elastic Compute Cloud - Compute,unallocated
2026-06-05T00:00:00Z,2026-06-06T00:00:00Z,True,0.4992,i-09f66b3f11ea42c60,Amazon Elastic Compute Cloud - Compute,unallocated
2026-06-05T00:00:00Z,2026-06-06T00:00:00Z,True,7.2192,i-0a70e6af119b993f3,Amazon Elastic Compute Cloud - Compute,dayhoff
2026-06-05T00:00:00Z,2026-06-06T00:00:00Z,True,0.2496,i-0ab7116abc8229a16,Amazon Elastic Compute Cloud - Compute,unallocated
2026-06-05T00:00:00Z,2026-06-06T00:00:00Z,True,8.0006276551,i-0b6713cc15f74d360,Amazon Elastic Compute Cloud - Compute,dayhoff
2026-06-05T00:00:00Z,2026-06-06T00:00:00Z,True,19.9877134817,i-0bf036b6503480a99,Amazon Elastic Compute Cloud - Compute,unallocated
2026-06-05T00:00:00Z,2026-06-06T00:00:00Z,True,0.2496,i-0c0d07d66b039cebe,Amazon Elastic Compute Cloud - Compute,terrarium
2026-06-05T00:00:00Z,2026-06-06T00:00:00Z,True,0.2496,i-0cc9dcb0db2f9d205,Amazon Elastic Compute Cloud - Compute,terrarium
2026-06-05T00:00:00Z,2026-06-06T00:00:00Z,True,15.1447101198,i-0d6bd4ce6ce38cc9b,Amazon Elastic Compute Cloud - Compute,unallocated
2026-06-05T00:00:00Z,2026-06-06T00:00:00Z,True,8.0006640619,i-0de9e3f8d3208cf03,Amazon Elastic Compute Cloud - Compute,dayhoff
2026-06-05T00:00:00Z,2026-06-06T00:00:00Z,True,8.0006492092,i-0e70fab85d559c615,Amazon Elastic Compute Cloud - Compute,dayhoff
2026-06-05T00:00:00Z,2026-06-06T00:00:00Z,True,0.3340552448,i-0ee653e618725d748,Amazon Elastic Compute Cloud - Compute,unallocated
2026-06-05T00:00:00Z,2026-06-06T00:00:00Z,True,50.8085031201,i-0f5fb7f4318358cf5,Amazon Elastic Compute Cloud - Compute,unallocated
2026-06-05T00:00:00Z,2026-06-06T00:00:00Z,True,1.4012014401,i-0f9baebd4cf42ba7c,Amazon Elastic Compute Cloud - Compute,unallocated
2026-06-05T00:00:00Z,2026-06-06T00:00:00Z,True,0.7997082618,i-0f9f2b73d19a659ea,Amazon Elastic Compute Cloud - Compute,unallocated
2026-06-05T00:00:00Z,2026-06-06T00:00:00Z,True,0.2016,i-0fec5d1a28b6d27aa,Amazon Elastic Compute Cloud - Compute,unallocated
2026-06-06T00:00:00Z,2026-06-07T00:00:00Z,True,0.0,arn:aws:ec2:ap-south-1:108782052779:natgateway/nat-01dc061291fc51e75,Amazon Elastic Compute Cloud - Compute,unallocated
2026-06-06T00:00:00Z,2026-06-07T00:00:00Z,True,0.0,arn:aws:ec2:ap-south-1:108782052779:natgateway/nat-05f85018216cac061,Amazon Elastic Compute Cloud - Compute,unallocated
2026-06-06T00:00:00Z,2026-06-07T00:00:00Z,True,0.0,arn:aws:ec2:eu-central-1:108782052779:natgateway/nat-0a2bfbfedf38f8e87,Amazon Elastic Compute Cloud - Compute,unallocated
2026-06-06T00:00:00Z,2026-06-07T00:00:00Z,True,0.0,arn:aws:ec2:eu-central-1:108782052779:natgateway/nat-0ec6ae9605269bef4,Amazon Elastic Compute Cloud - Compute,unallocated
2026-06-06T00:00:00Z,2026-06-07T00:00:00Z,True,0.0,arn:aws:ec2:us-east-1:108782052779:natgateway/nat-089a96601cfd34f9d,Amazon Elastic Compute Cloud - Compute,dayhoff
2026-06-06T00:00:00Z,2026-06-07T00:00:00Z,True,0.0,arn:aws:ec2:us-west-2:108782052779:natgateway/nat-00246c8ef3b9087f1,Amazon Elastic Compute Cloud - Compute,dayhoff
2026-06-06T00:00:00Z,2026-06-07T00:00:00Z,True,0.0,arn:aws:ec2:us-west-2:108782052779:natgateway/nat-00ac08b685fea726f,Amazon Elastic Compute Cloud - Compute,terrarium
2026-06-06T00:00:00Z,2026-06-07T00:00:00Z,True,1.483e-05,arn:aws:ec2:us-west-2:108782052779:natgateway/nat-00f3c26e43ede9b10,Amazon Elastic Compute Cloud - Compute,unallocated
2026-06-06T00:00:00Z,2026-06-07T00:00:00Z,True,0.0,arn:aws:ec2:us-west-2:108782052779:natgateway/nat-0234e77781575cced,Amazon Elastic Compute Cloud - Compute,terrarium
2026-06-06T00:00:00Z,2026-06-07T00:00:00Z,True,0.0011494578,arn:aws:ec2:us-west-2:171675361862:natgateway/nat-01432c586ef9dbf51,Amazon Elastic Compute Cloud - Compute,unallocated
2026-06-06T00:00:00Z,2026-06-07T00:00:00Z,True,3.1489643465,i-00043e5e5ec359054,Amazon Elastic Compute Cloud - Compute,unallocated
2026-06-06T00:00:00Z,2026-06-07T00:00:00Z,True,0.563622538,i-001031e33831285e4,Amazon Elastic Compute Cloud - Compute,unallocated
2026-06-06T00:00:00Z,2026-06-07T00:00:00Z,True,0.6475528531,i-002133a8f9ccacaf7,Amazon Elastic Compute Cloud - Compute,unallocated
2026-06-06T00:00:00Z,2026-06-07T00:00:00Z,True,1.11906375,i-002582f70e9170bf2,Amazon Elastic Compute Cloud - Compute,unallocated
2026-06-06T00:00:00Z,2026-06-07T00:00:00Z,True,0.7266105116,i-003527c83af9a45d6,Amazon Elastic Compute Cloud - Compute,unallocated
2026-06-06T00:00:00Z,2026-06-07T00:00:00Z,True,1.0456376868,i-005ae413b0fa16613,Amazon Elastic Compute Cloud - Compute,unallocated
2026-06-06T00:00:00Z,2026-06-07T00:00:00Z,True,2.849602,i-00690d2d00d51f93c,Amazon Elastic Compute Cloud - Compute,unallocated
2026-06-06T00:00:00Z,2026-06-07T00:00:00Z,True,0.6276608793,i-006e9ee709d6f6457,Amazon Elastic Compute Cloud - Compute,unallocated
2026-06-06T00:00:00Z,2026-06-07T00:00:00Z,True,1.8141877836,i-00772387c3875cfe9,Amazon Elastic Compute Cloud - Compute,unallocated
2026-06-06T00:00:00Z,2026-06-07T00:00:00Z,True,0.4230805652,i-0078bad50793b650f,Amazon Elastic Compute Cloud - Compute,unallocated
2026-06-06T00:00:00Z,2026-06-07T00:00:00Z,True,0.5007263002,i-008bb34c5c0814cc9,Amazon Elastic Compute Cloud - Compute,unallocated
2026-06-06T00:00:00Z,2026-06-07T00:00:00Z,True,0.7999506535,i-0098a714412773a50,Amazon Elastic Compute Cloud - Compute,unallocated
2026-06-06T00:00:00Z,2026-06-07T00:00:00Z,True,1.7230043377,i-00a0f02f77f16eb4e,Amazon Elastic Compute Cloud - Compute,unallocated
2026-06-06T00:00:00Z,2026-06-07T00:00:00Z,True,0.6903834664,i-00a464a81572f0373,Amazon Elastic Compute Cloud - Compute,unallocated
2026-06-06T00:00:00Z,2026-06-07T00:00:00Z,True,0.8585414459,i-00b74a9f687e28bea,Amazon Elastic Compute Cloud - Compute,unallocated
2026-06-06T00:00:00Z,2026-06-07T00:00:00Z,True,0.2049492224,i-00ec5e7bc690e5727,Amazon Elastic Compute Cloud - Compute,unallocated
2026-06-06T00:00:00Z,2026-06-07T00:00:00Z,True,4.3108134768,i-01135fc0d7a80ebb4,Amazon Elastic Compute Cloud - Compute,unallocated
2026-06-06T00:00:00Z,2026-06-07T00:00:00Z,True,0.5612051004,i-01150f9a76938e3e3,Amazon Elastic Compute Cloud - Compute,unallocated
2026-06-06T00:00:00Z,2026-06-07T00:00:00Z,True,2.7307542836,i-011d3a43e69c8317b,Amazon Elastic Compute Cloud - Compute,unallocated
2026-06-06T00:00:00Z,2026-06-07T00:00:00Z,True,1.7230043377,i-011e2953e494ca67e,Amazon Elastic Compute Cloud - Compute,unallocated
2026-06-06T00:00:00Z,2026-06-07T00:00:00Z,True,2.882316269,i-011e7ad11da35a4f2,Amazon Elastic Compute Cloud - Compute,unallocated
2026-06-06T00:00:00Z,2026-06-07T00:00:00Z,True,1.5118494884,i-01299ac4a66ad97e3,Amazon Elastic Compute Cloud - Compute,unallocated
2026-06-06T00:00:00Z,2026-06-07T00:00:00Z,True,2.4477313377,i-012e9f8a959e4da2b,Amazon Elastic Compute Cloud - Compute,unallocated
2026-06-06T00:00:00Z,2026-06-07T00:00:00Z,True,2.655796231,i-01314ee48f4c10cb9,Amazon Elastic Compute Cloud - Compute,unallocated
2026-06-06T00:00:00Z,2026-06-07T00:00:00Z,True,3.04194875,i-0143cec742885d5da,Amazon Elastic Compute Cloud - Compute,unallocated
2026-06-06T00:00:00Z,2026-06-07T00:00:00Z,True,2.9893318655,i-01503736c99c70208,Amazon Elastic Compute Cloud - Compute,unallocated
2026-06-06T00:00:00Z,2026-06-07T00:00:00Z,True,1.9634729751,i-0155c818a8949bda9,Amazon Elastic Compute Cloud - Compute,unallocated
2026-06-06T00:00:00Z,2026-06-07T00:00:00Z,True,0.6919901044,i-0159716038f9bad6a,Amazon Elastic Compute Cloud - Compute,unallocated
2026-06-06T00:00:00Z,2026-06-07T00:00:00Z,True,0.6954237128,i-018b4a6cc1c09a4d6,Amazon Elastic Compute Cloud - Compute,unallocated
2026-06-06T00:00:00Z,2026-06-07T00:00:00Z,True,2.0019783933,i-0197f6ade90831921,Amazon Elastic Compute Cloud - Compute,unallocated
2026-06-06T00:00:00Z,2026-06-07T00:00:00Z,True,2.4854005116,i-01a176c5479691636,Amazon Elastic Compute Cloud - Compute,unallocated
2026-06-06T00:00:00Z,2026-06-07T00:00:00Z,True,0.5844874884,i-01a649204041f590f,Amazon Elastic Compute Cloud - Compute,unallocated
2026-06-06T00:00:00Z,2026-06-07T00:00:00Z,True,3.1489643465,i-01bb9f95ed6e6a757,Amazon Elastic Compute Cloud - Compute,unallocated
2026-06-06T00:00:00Z,2026-06-07T00:00:00Z,True,1.8405709299,i-01d35c9a318658836,Amazon Elastic Compute Cloud - Compute,unallocated
2026-06-06T00:00:00Z,2026-06-07T00:00:00Z,True,3.9936,i-01db42c813d037c0e,Amazon Elastic Compute Cloud - Compute,unallocated
2026-06-06T00:00:00Z,2026-06-07T00:00:00Z,True,0.7356948201,i-01e6545da6deff737,Amazon Elastic Compute Cloud - Compute,unallocated
2026-06-06T00:00:00Z,2026-06-07T00:00:00Z,True,0.729496231,i-01eb4b5008c688db6,Amazon Elastic Compute Cloud - Compute,unallocated
2026-06-06T00:00:00Z,2026-06-07T00:00:00Z,True,0.1382045184,i-01eb75c413096e8f0,Amazon Elastic Compute Cloud - Compute,unallocated
2026-06-06T00:00:00Z,2026-06-07T00:00:00Z,True,1.7952383041,i-01f8a82dcd6e8e450,Amazon Elastic Compute Cloud - Compute,unallocated
2026-06-06T00:00:00Z,2026-06-07T00:00:00Z,True,0.5612051004,i-01fb5e2b8e4141fe7,Amazon Elastic Compute Cloud - Compute,unallocated
2026-06-06T00:00:00Z,2026-06-07T00:00:00Z,True,4.4884672558,i-02041d5451e5e7f86,Amazon Elastic Compute Cloud - Compute,unallocated
2026-06-06T00:00:00Z,2026-06-07T00:00:00Z,True,1.9423525,i-0205abb5806a4456f,Amazon Elastic Compute Cloud - Compute,unallocated
2026-06-06T00:00:00Z,2026-06-07T00:00:00Z,True,0.5612051004,i-02111fd06f72c8c7b,Amazon Elastic Compute Cloud - Compute,unallocated
2026-06-06T00:00:00Z,2026-06-07T00:00:00Z,True,2.0493680965,i-021c987224c7f9676,Amazon Elastic Compute Cloud - Compute,unallocated
2026-06-06T00:00:00Z,2026-06-07T00:00:00Z,True,3.3003513377,i-02254af97a1a32cbb,Amazon Elastic Compute Cloud - Compute,unallocated
2026-06-06T00:00:00Z,2026-06-07T00:00:00Z,True,2.2098930965,i-022566593889f67bb,Amazon Elastic Compute Cloud - Compute,unallocated
2026-06-06T00:00:00Z,2026-06-07T00:00:00Z,True,1.7942013567,i-022984c84f5e9cf92,Amazon Elastic Compute Cloud - Compute,unallocated
2026-06-06T00:00:00Z,2026-06-07T00:00:00Z,True,0.694254,i-023b86513473a0555,Amazon Elastic Compute Cloud - Compute,unallocated
2026-06-06T00:00:00Z,2026-06-07T00:00:00Z,True,1.675701212,i-0247f7df5b589687d,Amazon Elastic Compute Cloud - Compute,unallocated
2026-06-06T00:00:00Z,2026-06-07T00:00:00Z,True,1.7431346959,i-0248705ef9ddbc298,Amazon Elastic Compute Cloud - Compute,unallocated
2026-06-06T00:00:00Z,2026-06-07T00:00:00Z,True,2.7349958232,i-024aa28d669f76504,Amazon Elastic Compute Cloud - Compute,unallocated
2026-06-06T00:00:00Z,2026-06-07T00:00:00Z,True,2.0019783933,i-025ee712e7ffe6bab,Amazon Elastic Compute Cloud - Compute,unallocated
2026-06-06T00:00:00Z,2026-06-07T00:00:00Z,True,2.8519930965,i-025fc234adc6109ca,Amazon Elastic Compute Cloud - Compute,unallocated
2026-06-06T00:00:00Z,2026-06-07T00:00:00Z,True,0.6241259308,i-026ebbe675af15695,Amazon Elastic Compute Cloud - Compute,unallocated
2026-06-06T00:00:00Z,2026-06-07T00:00:00Z,True,0.52890225,i-027d64795ac3c5fbf,Amazon Elastic Compute Cloud - Compute,unallocated
2026-06-06T00:00:00Z,2026-06-07T00:00:00Z,True,3.1560495232,i-028377841087482c4,Amazon Elastic Compute Cloud - Compute,unallocated
2026-06-06T00:00:00Z,2026-06-07T00:00:00Z,True,0.6568526436,i-028ffb6d3c3d55d0f,Amazon Elastic Compute Cloud - Compute,unallocated
2026-06-06T00:00:00Z,2026-06-07T00:00:00Z,True,1.6507661082,i-0292332a4734b2930,Amazon Elastic Compute Cloud - Compute,unallocated
2026-06-06T00:00:00Z,2026-06-07T00:00:00Z,True,5.0747295232,i-02926a38adfd6af6b,Amazon Elastic Compute Cloud - Compute,unallocated
2026-06-06T00:00:00Z,2026-06-07T00:00:00Z,True,0.9993723531,i-02987a0f755011c7d,Amazon Elastic Compute Cloud - Compute,unallocated
2026-06-06T00:00:00Z,2026-06-07T00:00:00Z,True,3.3201931535,i-02b31a1ca1911150f,Amazon Elastic Compute Cloud - Compute,unallocated
2026-06-06T00:00:00Z,2026-06-07T00:00:00Z,True,1.1013126768,i-02bf75bbf27a43e66,Amazon Elastic Compute Cloud - Compute,unallocated
2026-06-06T00:00:00Z,2026-06-07T00:00:00Z,True,0.4938925338,i-02d01cf78527e0ee8,Amazon Elastic Compute Cloud - Compute,unallocated
2026-06-06T00:00:00Z,2026-06-07T00:00:00Z,True,0.6241259308,i-02d0d04359fb7eb87,Amazon Elastic Compute Cloud - Compute,unallocated
2026-06-06T00:00:00Z,2026-06-07T00:00:00Z,True,4.3108134768,i-02e6cc57241ddec90,Amazon Elastic Compute Cloud - Compute,unallocated
2026-06-06T00:00:00Z,2026-06-07T00:00:00Z,True,2.1028775,i-02f1158a4fe7c5dcf,Amazon Elastic Compute Cloud - Compute,unallocated
2026-06-06T00:00:00Z,2026-06-07T00:00:00Z,True,4.0949174268,i-03020280027507f9a,Amazon Elastic Compute Cloud - Compute,unallocated
2026-06-06T00:00:00Z,2026-06-07T00:00:00Z,True,0.5933709768,i-03039d00a85d0ca82,Amazon Elastic Compute Cloud - Compute,unallocated
2026-06-06T00:00:00Z,2026-06-07T00:00:00Z,True,2.0095784459,i-0308b571ac481101d,Amazon Elastic Compute Cloud - Compute,unallocated
2026-06-06T00:00:00Z,2026-06-07T00:00:00Z,True,2.6620672164,i-032ef7ba09ee7f0c8,Amazon Elastic Compute Cloud - Compute,unallocated
2026-06-06T00:00:00Z,2026-06-07T00:00:00Z,True,2.655796231,i-033186eade2bd778a,Amazon Elastic Compute Cloud - Compute,unallocated
2026-06-06T00:00:00Z,2026-06-07T00:00:00Z,True,2.7473237008,i-033915d3dcbbfa635,Amazon Elastic Compute Cloud - Compute,unallocated
2026-06-06T00:00:00Z,2026-06-07T00:00:00Z,True,0.6409824176,i-03412a13857ab74f4,Amazon Elastic Compute Cloud - Compute,unallocated
2026-06-06T00:00:00Z,2026-06-07T00:00:00Z,True,0.5612051004,i-0342d933bc8a755d1,Amazon Elastic Compute Cloud - Compute,unallocated
2026-06-06T00:00:00Z,2026-06-07T00:00:00Z,True,2.5639744649,i-0344c2acfc41e3dd9,Amazon Elastic Compute Cloud - Compute,unallocated
2026-06-06T00:00:00Z,2026-06-07T00:00:00Z,True,1.8615550877,i-034c174c5c579066a,Amazon Elastic Compute Cloud - Compute,unallocated
2026-06-06T00:00:00Z,2026-06-07T00:00:00Z,True,1.8153686623,i-035792cef445aa10b,Amazon Elastic Compute Cloud - Compute,unallocated
2026-06-06T00:00:00Z,2026-06-07T00:00:00Z,True,1.6890793655,i-03592117afdad10f3,Amazon Elastic Compute Cloud - Compute,unallocated
2026-06-06T00:00:00Z,2026-06-07T00:00:00Z,True,3.1688918996,i-037f26536af2767a9,Amazon Elastic Compute Cloud - Compute,unallocated
2026-06-06T00:00:00Z,2026-06-07T00:00:00Z,True,2.849602,i-03804de989b68da14,Amazon Elastic Compute Cloud - Compute,unallocated
2026-06-06T00:00:00Z,2026-06-07T00:00:00Z,True,0.6608163002,i-039ee04cb873d8290,Amazon Elastic Compute Cloud - Compute,unallocated
2026-06-06T00:00:00Z,2026-06-07T00:00:00Z,True,2.9349331535,i-03e5e97c9df812139,Amazon Elastic Compute Cloud - Compute,unallocated
2026-06-06T00:00:00Z,2026-06-07T00:00:00Z,True,2.2215483041,i-03f66c1c07232f42d,Amazon Elastic Compute Cloud - Compute,unallocated
2026-06-06T00:00:00Z,2026-06-07T00:00:00Z,True,0.7697197251,i-03f899f3456cd775c,Amazon Elastic Compute Cloud - Compute,unallocated
2026-06-06T00:00:00Z,2026-06-07T00:00:00Z,True,2.58983325,i-040957c3796150470,Amazon Elastic Compute Cloud - Compute,unallocated
2026-06-06T00:00:00Z,2026-06-07T00:00:00Z,True,1.9574748377,i-041dd26c8068610ea,Amazon Elastic Compute Cloud - Compute,unallocated
2026-06-06T00:00:00Z,2026-06-07T00:00:00Z,True,4.1686872558,i-041e0d957b3e32daa,Amazon Elastic Compute Cloud - Compute,unallocated
2026-06-06T00:00:00Z,2026-06-07T00:00:00Z,True,2.173328712,i-04237535859895226,Amazon Elastic Compute Cloud - Compute,unallocated
2026-06-06T00:00:00Z,2026-06-07T00:00:00Z,True,2.882316269,i-0424ad7d1d9a00248,Amazon Elastic Compute Cloud - Compute,unallocated
2026-06-06T00:00:00Z,2026-06-07T00:00:00Z,True,0.5612051004,i-0429ba2dd46272182,Amazon Elastic Compute Cloud - Compute,unallocated
2026-06-06T00:00:00Z,2026-06-07T00:00:00Z,True,1.66335925,i-042a2586fe4a2aa0b,Amazon Elastic Compute Cloud - Compute,unallocated
2026-06-06T00:00:00Z,2026-06-07T00:00:00Z,True,2.536137,i-042d10a329ca8fa4f,Amazon Elastic Compute Cloud - Compute,unallocated
2026-06-06T00:00:00Z,2026-06-07T00:00:00Z,True,1.7194489123,i-043c9d02dda862713,Amazon Elastic Compute Cloud - Compute,unallocated
2026-06-06T00:00:00Z,2026-06-07T00:00:00Z,True,2.655796231,i-043dcba136b66d112,Amazon Elastic Compute Cloud - Compute,unallocated
2026-06-06T00:00:00Z,2026-06-07T00:00:00Z,True,2.8018031082,i-045380dbad7bbc304,Amazon Elastic Compute Cloud - Compute,unallocated
2026-06-06T00:00:00Z,2026-06-07T00:00:00Z,True,3.6528087134,i-0454f926b9c698e07,Amazon Elastic Compute Cloud - Compute,unallocated
2026-06-06T00:00:00Z,2026-06-07T00:00:00Z,True,2.655796231,i-0461f66a5ed0f861e,Amazon Elastic Compute Cloud - Compute,unallocated
2026-06-06T00:00:00Z,2026-06-07T00:00:00Z,True,1.427779981,i-04705f69f14d64abc,Amazon Elastic Compute Cloud - Compute,unallocated
2026-06-06T00:00:00Z,2026-06-07T00:00:00Z,True,0.8934654176,i-0481e7e80175c9036,Amazon Elastic Compute Cloud - Compute,unallocated
2026-06-06T00:00:00Z,2026-06-07T00:00:00Z,True,1.2040628247,i-0499948b203e06e83,Amazon Elastic Compute Cloud - Compute,unallocated
2026-06-06T00:00:00Z,2026-06-07T00:00:00Z,True,1.5456116522,i-04a1e9668dc205955,Amazon Elastic Compute Cloud - Compute,unallocated
2026-06-06T00:00:00Z,2026-06-07T00:00:00Z,True,1.6890793655,i-04b5a3284907ab0e0,Amazon Elastic Compute Cloud - Compute,unallocated
2026-06-06T00:00:00Z,2026-06-07T00:00:00Z,True,1.3671368465,i-04b7be4186100f6f3,Amazon Elastic Compute Cloud - Compute,unallocated
2026-06-06T00:00:00Z,2026-06-07T00:00:00Z,True,2.1516803582,i-04bb7b688935ca6ad,Amazon Elastic Compute Cloud - Compute,unallocated
2026-06-06T00:00:00Z,2026-06-07T00:00:00Z,True,1.813039981,i-04bde9196c931f6a2,Amazon Elastic Compute Cloud - Compute,unallocated
2026-06-06T00:00:00Z,2026-06-07T00:00:00Z,True,0.1248,i-04d3a8c6aae87f818,Amazon Elastic Compute Cloud - Compute,dayhoff
2026-06-06T00:00:00Z,2026-06-07T00:00:00Z,True,10.1741713002,i-04d60e7c6e2cfe381,Amazon Elastic Compute Cloud - Compute,unallocated
2026-06-06T00:00:00Z,2026-06-07T00:00:00Z,True,0.5540907008,i-050eaa4df0cc40365,Amazon Elastic Compute Cloud - Compute,unallocated
2026-06-06T00:00:00Z,2026-06-07T00:00:00Z,True,1.9423525,i-050ebbfd617bec840,Amazon Elastic Compute Cloud - Compute,unallocated
2026-06-06T00:00:00Z,2026-06-07T00:00:00Z,True,6.388895,i-051cff22557a42c8e,Amazon Elastic Compute Cloud - Compute,unallocated
2026-06-06T00:00:00Z,2026-06-07T00:00:00Z,True,0.7370453132,i-051d3295a2adaef69,Amazon Elastic Compute Cloud - Compute,unallocated
2026-06-06T00:00:00Z,2026-06-07T00:00:00Z,True,2.101984981,i-0521ef95ca19adcc8,Amazon Elastic Compute Cloud - Compute,unallocated
2026-06-06T00:00:00Z,2026-06-07T00:00:00Z,True,1.1753993655,i-052804e482b7c1a9b,Amazon Elastic Compute Cloud - Compute,unallocated
2026-06-06T00:00:00Z,2026-06-07T00:00:00Z,True,50.5603639311,i-05374380b57fad901,Amazon Elastic Compute Cloud - Compute,unallocated
2026-06-06T00:00:00Z,2026-06-07T00:00:00Z,True,2.5910183918,i-054db23ef1e68b2a9,Amazon Elastic Compute Cloud - Compute,unallocated
2026-06-06T00:00:00Z,2026-06-07T00:00:00Z,True,0.6217907128,i-0553dc1eeecca40ec,Amazon Elastic Compute Cloud - Compute,unallocated
2026-06-06T00:00:00Z,2026-06-07T00:00:00Z,True,1.6708964664,i-055a9c936fd1b00e1,Amazon Elastic Compute Cloud - Compute,unallocated
2026-06-06T00:00:00Z,2026-06-07T00:00:00Z,True,2.1469440541,i-05662c819c7a96d65,Amazon Elastic Compute Cloud - Compute,unallocated
2026-06-06T00:00:00Z,2026-06-07T00:00:00Z,True,2.4275967164,i-0568ca77a59cf7cda,Amazon Elastic Compute Cloud - Compute,unallocated
2026-06-06T00:00:00Z,2026-06-07T00:00:00Z,True,0.522598769,i-058afef2f8e47125a,Amazon Elastic Compute Cloud - Compute,unallocated
2026-06-06T00:00:00Z,2026-06-07T00:00:00Z,True,2.1087700232,i-05957827db6bff69f,Amazon Elastic Compute Cloud - Compute,unallocated
2026-06-06T00:00:00Z,2026-06-07T00:00:00Z,True,0.0477937408,i-05974c40ab61ec0c7,Amazon Elastic Compute Cloud - Compute,unallocated
2026-06-06T00:00:00Z,2026-06-07T00:00:00Z,True,2.5760069768,i-059c56940f2bd15b8,Amazon Elastic Compute Cloud - Compute,unallocated
2026-06-06T00:00:00Z,2026-06-07T00:00:00Z,True,3.4055921799,i-05b6060eefd711a72,Amazon Elastic Compute Cloud - Compute,unallocated
2026-06-06T00:00:00Z,2026-06-07T00:00:00Z,True,3.8980403201,i-05babf4b13a8a4f7f,Amazon Elastic Compute Cloud - Compute,unallocated
2026-06-06T00:00:00Z,2026-06-07T00:00:00Z,True,2.4939135,i-05cbb35fe5cf7b1a5,Amazon Elastic Compute Cloud - Compute,unallocated
2026-06-06T00:00:00Z,2026-06-07T00:00:00Z,True,2.655796231,i-05cc10b456c9e3c7c,Amazon Elastic Compute Cloud - Compute,unallocated
2026-06-06T00:00:00Z,2026-06-07T00:00:00Z,True,1.5299796959,i-05ce944338bf147e5,Amazon Elastic Compute Cloud - Compute,unallocated
2026-06-06T00:00:00Z,2026-06-07T00:00:00Z,True,1.9373402164,i-05cf4ddf9cb425b71,Amazon Elastic Compute Cloud - Compute,unallocated
2026-06-06T00:00:00Z,2026-06-07T00:00:00Z,True,0.5372655699,i-05d2f91400f87bdb2,Amazon Elastic Compute Cloud - Compute,unallocated
2026-06-06T00:00:00Z,2026-06-07T00:00:00Z,True,1.35674925,i-05e1601a2d983d49f,Amazon Elastic Compute Cloud - Compute,unallocated
2026-06-06T00:00:00Z,2026-06-07T00:00:00Z,True,0.729496231,i-05e8b774cb84a7bc1,Amazon Elastic Compute Cloud - Compute,unallocated
2026-06-06T00:00:00Z,2026-06-07T00:00:00Z,True,2.033331454,i-05f0f4346bd1f436f,Amazon Elastic Compute Cloud - Compute,unallocated
2026-06-06T00:00:00Z,2026-06-07T00:00:00Z,True,0.6568526436,i-05f1ed7943467a418,Amazon Elastic Compute Cloud - Compute,unallocated
2026-06-06T00:00:00Z,2026-06-07T00:00:00Z,True,76.8872,i-060ced269794d7f6f,Amazon Elastic Compute Cloud - Compute,unallocated
2026-06-06T00:00:00Z,2026-06-07T00:00:00Z,True,1.8141877836,i-064ee0ab7b35da4cd,Amazon Elastic Compute Cloud - Compute,unallocated
2026-06-06T00:00:00Z,2026-06-07T00:00:00Z,True,1.9423525,i-065490c1a6040769b,Amazon Elastic Compute Cloud - Compute,unallocated
2026-06-06T00:00:00Z,2026-06-07T00:00:00Z,True,0.6632709768,i-0657ba342209f8a54,Amazon Elastic Compute Cloud - Compute,unallocated
2026-06-06T00:00:00Z,2026-06-07T00:00:00Z,True,2.0019783933,i-066a113c1ee556a4a,Amazon Elastic Compute Cloud - Compute,unallocated
2026-06-06T00:00:00Z,2026-06-07T00:00:00Z,True,2.2686130701,i-0674a93f5ccd0b5d1,Amazon Elastic Compute Cloud - Compute,unallocated
2026-06-06T00:00:00Z,2026-06-07T00:00:00Z,True,6.1394515,i-06796d033e60c7675,Amazon Elastic Compute Cloud - Compute,unallocated
2026-06-06T00:00:00Z,2026-06-07T00:00:00Z,True,1.7182680336,i-0682bb961ef666c10,Amazon Elastic Compute Cloud - Compute,unallocated
2026-06-06T00:00:00Z,2026-06-07T00:00:00Z,True,2.4287818582,i-0689fe4a9a6865288,Amazon Elastic Compute Cloud - Compute,unallocated
2026-06-06T00:00:00Z,2026-06-07T00:00:00Z,True,6.8850614336,i-068f3aad2bedb9fa6,Amazon Elastic Compute Cloud - Compute,dayhoff
2026-06-06T00:00:00Z,2026-06-07T00:00:00Z,True,9.9475618129,i-06c051233ef23cf9f,Amazon Elastic Compute Cloud - Compute,unallocated
2026-06-06T00:00:00Z,2026-06-07T00:00:00Z,True,1.46011175,i-06cf852f2a8df28e7,Amazon Elastic Compute Cloud - Compute,unallocated
2026-06-06T00:00:00Z,2026-06-07T00:00:00Z,True,2.1493143377,i-06deab17c68d30b3a,Amazon Elastic Compute Cloud - Compute,unallocated
2026-06-06T00:00:00Z,2026-06-07T00:00:00Z,True,0.6556829308,i-06e096aaa7a189fba,Amazon Elastic Compute Cloud - Compute,unallocated
2026-06-06T00:00:00Z,2026-06-07T00:00:00Z,True,0.7754665,i-06e83d0bfc42c9036,Amazon Elastic Compute Cloud - Compute,unallocated
2026-06-06T00:00:00Z,2026-06-07T00:00:00Z,True,2.882316269,i-06f6aeb439e4a08d7,Amazon Elastic Compute Cloud - Compute,unallocated
2026-06-06T00:00:00Z,2026-06-07T00:00:00Z,True,2.2830627008,i-0712e1dc28c062a06,Amazon Elastic Compute Cloud - Compute,unallocated
2026-06-06T00:00:00Z,2026-06-07T00:00:00Z,True,0.6409824176,i-071652ccbd5a58ca5,Amazon Elastic Compute Cloud - Compute,unallocated
2026-06-06T00:00:00Z,2026-06-07T00:00:00Z,True,2.1493143377,i-0729c413c5a483cb5,Amazon Elastic Compute Cloud - Compute,unallocated
2026-06-06T00:00:00Z,2026-06-07T00:00:00Z,True,2.1783514536,i-073abdfde4bc70a65,Amazon Elastic Compute Cloud - Compute,unallocated
2026-06-06T00:00:00Z,2026-06-07T00:00:00Z,True,0.6135618655,i-073c897e757718df5,Amazon Elastic Compute Cloud - Compute,unallocated
2026-06-06T00:00:00Z,2026-06-07T00:00:00Z,True,1.4669273232,i-07401a0d4cab26cb8,Amazon Elastic Compute Cloud - Compute,unallocated
2026-06-06T00:00:00Z,2026-06-07T00:00:00Z,True,2.655796231,i-074c8abd1e4fd3ebe,Amazon Elastic Compute Cloud - Compute,unallocated
2026-06-06T00:00:00Z,2026-06-07T00:00:00Z,True,1.6531363918,i-07640bc8887396c22,Amazon Elastic Compute Cloud - Compute,unallocated
2026-06-06T00:00:00Z,2026-06-07T00:00:00Z,True,0.6670405994,i-0770a41aa40cb11e1,Amazon Elastic Compute Cloud - Compute,unallocated
2026-06-06T00:00:00Z,2026-06-07T00:00:00Z,True,0.7106922088,i-0774e124b5362b06f,Amazon Elastic Compute Cloud - Compute,unallocated
2026-06-06T00:00:00Z,2026-06-07T00:00:00Z,True,1.7253703582,i-077e28db7861a4a5c,Amazon Elastic Compute Cloud - Compute,unallocated
2026-06-06T00:00:00Z,2026-06-07T00:00:00Z,True,0.729496231,i-078699911337ed02d,Amazon Elastic Compute Cloud - Compute,unallocated
2026-06-06T00:00:00Z,2026-06-07T00:00:00Z,True,3.6528087134,i-078ebb58cca3b98b8,Amazon Elastic Compute Cloud - Compute,unallocated
2026-06-06T00:00:00Z,2026-06-07T00:00:00Z,True,1.5557023132,i-079cb350ab8a37f19,Amazon Elastic Compute Cloud - Compute,unallocated
2026-06-06T00:00:00Z,2026-06-07T00:00:00Z,True,7.9878007466,i-07df3a933e4839f52,Amazon Elastic Compute Cloud - Compute,dayhoff
2026-06-06T00:00:00Z,2026-06-07T00:00:00Z,True,3.4758295232,i-08005bf8f1a8b4d11,Amazon Elastic Compute Cloud - Compute,unallocated
2026-06-06T00:00:00Z,2026-06-07T00:00:00Z,True,0.8184093879,i-081391b9f79ccd4a0,Amazon Elastic Compute Cloud - Compute,unallocated
2026-06-06T00:00:00Z,2026-06-07T00:00:00Z,True,3.1819618655,i-08164a288bbb2d8e6,Amazon Elastic Compute Cloud - Compute,unallocated
2026-06-06T00:00:00Z,2026-06-07T00:00:00Z,True,1.7940531623,i-08212bdf0bf7b9fa4,Amazon Elastic Compute Cloud - Compute,unallocated
2026-06-06T00:00:00Z,2026-06-07T00:00:00Z,True,0.8074053113,i-084c4c955c14923bf,Amazon Elastic Compute Cloud - Compute,unallocated
2026-06-06T00:00:00Z,2026-06-07T00:00:00Z,True,0.9595831345,i-084ff467155d3502d,Amazon Elastic Compute Cloud - Compute,unallocated
2026-06-06T00:00:00Z,2026-06-07T00:00:00Z,True,3.0848714771,i-0859ed82d587e2cf6,Amazon Elastic Compute Cloud - Compute,unallocated
2026-06-06T00:00:00Z,2026-06-07T00:00:00Z,True,0.7429977912,i-085a1dc01523347be,Amazon Elastic Compute Cloud - Compute,unallocated
2026-06-06T00:00:00Z,2026-06-07T00:00:00Z,True,1.8888430965,i-085a9cced79682e4c,Amazon Elastic Compute Cloud - Compute,unallocated
2026-06-06T00:00:00Z,2026-06-07T00:00:00Z,True,0.675990038,i-08623e8cca1fae052,Amazon Elastic Compute Cloud - Compute,unallocated
2026-06-06T00:00:00Z,2026-06-07T00:00:00Z,True,3.9213148996,i-0865a75435a63d310,Amazon Elastic Compute Cloud - Compute,unallocated
2026-06-06T00:00:00Z,2026-06-07T00:00:00Z,True,2.5910183918,i-086c606df259d24f8,Amazon Elastic Compute Cloud - Compute,unallocated
2026-06-06T00:00:00Z,2026-06-07T00:00:00Z,True,2.0095784459,i-087e2b48d6255db0e,Amazon Elastic Compute Cloud - Compute,unallocated
2026-06-06T00:00:00Z,2026-06-07T00:00:00Z,True,1.9397105,i-088b796e6d8a3c877,Amazon Elastic Compute Cloud - Compute,unallocated
2026-06-06T00:00:00Z,2026-06-07T00:00:00Z,True,7.3650301004,i-088c37984431b1f1f,Amazon Elastic Compute Cloud - Compute,unallocated
2026-06-06T00:00:00Z,2026-06-07T00:00:00Z,True,0.6965934256,i-0894320ab0f4ad69f,Amazon Elastic Compute Cloud - Compute,unallocated
2026-06-06T00:00:00Z,2026-06-07T00:00:00Z,True,2.2686130701,i-089e573f2bc9fc52c,Amazon Elastic Compute Cloud - Compute,unallocated
2026-06-06T00:00:00Z,2026-06-07T00:00:00Z,True,2.5886481082,i-08a645a535b801517,Amazon Elastic Compute Cloud - Compute,unallocated
2026-06-06T00:00:00Z,2026-06-07T00:00:00Z,True,0.716121288,i-08b88a81b45c3911d,Amazon Elastic Compute Cloud - Compute,unallocated
2026-06-06T00:00:00Z,2026-06-07T00:00:00Z,True,0.9014346304,i-08cd34d842869fd86,Amazon Elastic Compute Cloud - Compute,unallocated
2026-06-06T00:00:00Z,2026-06-07T00:00:00Z,True,1.8888430965,i-08d39e4a9fbcc9667,Amazon Elastic Compute Cloud - Compute,unallocated
2026-06-06T00:00:00Z,2026-06-07T00:00:00Z,True,2.1410226082,i-08de4501b887a4874,Amazon Elastic Compute Cloud - Compute,unallocated
2026-06-06T00:00:00Z,2026-06-07T00:00:00Z,True,1.67326675,i-08ea08b623ea53701,Amazon Elastic Compute Cloud - Compute,unallocated
2026-06-06T00:00:00Z,2026-06-07T00:00:00Z,True,0.6409824176,i-08ef237dd1eff3652,Amazon Elastic Compute Cloud - Compute,unallocated
2026-06-06T00:00:00Z,2026-06-07T00:00:00Z,True,1.9337890541,i-08f0ae98af021587e,Amazon Elastic Compute Cloud - Compute,unallocated
2026-06-06T00:00:00Z,2026-06-07T00:00:00Z,True,0.5007263002,i-0908fd371b587dcfe,Amazon Elastic Compute Cloud - Compute,unallocated
2026-06-06T00:00:00Z,2026-06-07T00:00:00Z,True,3.3891645,i-090dbeb6421cac1b5,Amazon Elastic Compute Cloud - Compute,unallocated
2026-06-06T00:00:00Z,2026-06-07T00:00:00Z,True,2.2634025,i-090f4f728a1e93d15,Amazon Elastic Compute Cloud - Compute,unallocated
2026-06-06T00:00:00Z,2026-06-07T00:00:00Z,True,7.2194768799,i-09126000eb19643b0,Amazon Elastic Compute Cloud - Compute,dayhoff
2026-06-06T00:00:00Z,2026-06-07T00:00:00Z,True,1.675701212,i-091cdb9eff5993bfc,Amazon Elastic Compute Cloud - Compute,unallocated
2026-06-06T00:00:00Z,2026-06-07T00:00:00Z,True,2.120715038,i-09206a5a14ea64942,Amazon Elastic Compute Cloud - Compute,unallocated
2026-06-06T00:00:00Z,2026-06-07T00:00:00Z,True,0.9419733742,i-092734d570c8fdc45,Amazon Elastic Compute Cloud - Compute,unallocated
2026-06-06T00:00:00Z,2026-06-07T00:00:00Z,True,0.6919901044,i-09500f20f13fe4eaa,Amazon Elastic Compute Cloud - Compute,unallocated
2026-06-06T00:00:00Z,2026-06-07T00:00:00Z,True,2.0072081623,i-0956e197277f1336c,Amazon Elastic Compute Cloud - Compute,unallocated
2026-06-06T00:00:00Z,2026-06-07T00:00:00Z,True,0.5612051004,i-096662d554e43ba8c,Amazon Elastic Compute Cloud - Compute,unallocated
2026-06-06T00:00:00Z,2026-06-07T00:00:00Z,True,2.655796231,i-0972f0d5d03fe6343,Amazon Elastic Compute Cloud - Compute,unallocated
2026-06-06T00:00:00Z,2026-06-07T00:00:00Z,True,0.7633984176,i-098cf4dc291d38043,Amazon Elastic Compute Cloud - Compute,unallocated
2026-06-06T00:00:00Z,2026-06-07T00:00:00Z,True,3.3915347836,i-098e67f034523442e,Amazon Elastic Compute Cloud - Compute,unallocated
2026-06-06T00:00:00Z,2026-06-07T00:00:00Z,True,0.5612051004,i-0990b224503e8323a,Amazon Elastic Compute Cloud - Compute,unallocated
2026-06-06T00:00:00Z,2026-06-07T00:00:00Z,True,2.4854005116,i-0994ccebe3979ac71,Amazon Elastic Compute Cloud - Compute,unallocated
2026-06-06T00:00:00Z,2026-06-07T00:00:00Z,True,2.655796231,i-099f488e59612d890,Amazon Elastic Compute Cloud - Compute,unallocated
2026-06-06T00:00:00Z,2026-06-07T00:00:00Z,True,1.0862180965,i-09a8d0f58415c2ade,Amazon Elastic Compute Cloud - Compute,unallocated
2026-06-06T00:00:00Z,2026-06-07T00:00:00Z,True,2.120715038,i-09b3884d8a081e6de,Amazon Elastic Compute Cloud - Compute,unallocated
2026-06-06T00:00:00Z,2026-06-07T00:00:00Z,True,1.7952383041,i-09d1409d15df9bf89,Amazon Elastic Compute Cloud - Compute,unallocated
2026-06-06T00:00:00Z,2026-06-07T00:00:00Z,True,0.6848548176,i-09d22190d95112afd,Amazon Elastic Compute Cloud - Compute,unallocated
2026-06-06T00:00:00Z,2026-06-07T00:00:00Z,True,2.601397519,i-09e8fbeec8f832bce,Amazon Elastic Compute Cloud - Compute,unallocated
2026-06-06T00:00:00Z,2026-06-07T00:00:00Z,True,2.8053585336,i-09ee3a6e5c2b15214,Amazon Elastic Compute Cloud - Compute,unallocated
2026-06-06T00:00:00Z,2026-06-07T00:00:00Z,True,0.4992,i-09f66b3f11ea42c60,Amazon Elastic Compute Cloud - Compute,unallocated
2026-06-06T00:00:00Z,2026-06-07T00:00:00Z,True,0.729496231,i-09ff34d8e3bc7fa0e,Amazon Elastic Compute Cloud - Compute,unallocated
2026-06-06T00:00:00Z,2026-06-07T00:00:00Z,True,3.6528087134,i-0a01eae55a56c078c,Amazon Elastic Compute Cloud - Compute,unallocated
2026-06-06T00:00:00Z,2026-06-07T00:00:00Z,True,2.655796231,i-0a03001abafacec4b,Amazon Elastic Compute Cloud - Compute,unallocated
2026-06-06T00:00:00Z,2026-06-07T00:00:00Z,True,3.7375253201,i-0a035ff904dc64a4d,Amazon Elastic Compute Cloud - Compute,unallocated
2026-06-06T00:00:00Z,2026-06-07T00:00:00Z,True,0.729496231,i-0a14053b9be2111eb,Amazon Elastic Compute Cloud - Compute,unallocated
2026-06-06T00:00:00Z,2026-06-07T00:00:00Z,True,11.5829633002,i-0a2d8abf14203b055,Amazon Elastic Compute Cloud - Compute,unallocated
2026-06-06T00:00:00Z,2026-06-07T00:00:00Z,True,1.9824252558,i-0a2e29228eccbc7f0,Amazon Elastic Compute Cloud - Compute,unallocated
2026-06-06T00:00:00Z,2026-06-07T00:00:00Z,True,3.8145893002,i-0a46ec26c36edd612,Amazon Elastic Compute Cloud - Compute,unallocated
2026-06-06T00:00:00Z,2026-06-07T00:00:00Z,True,2.5922035336,i-0a5dbf92ca44c32da,Amazon Elastic Compute Cloud - Compute,unallocated
2026-06-06T00:00:00Z,2026-06-07T00:00:00Z,True,2.0758909664,i-0a698d3e1f0557708,Amazon Elastic Compute Cloud - Compute,unallocated
2026-06-06T00:00:00Z,2026-06-07T00:00:00Z,True,7.2192,i-0a70e6af119b993f3,Amazon Elastic Compute Cloud - Compute,dayhoff
2026-06-06T00:00:00Z,2026-06-07T00:00:00Z,True,0.1583572224,i-0a87b37623c18b4a8,Amazon Elastic Compute Cloud - Compute,unallocated
2026-06-06T00:00:00Z,2026-06-07T00:00:00Z,True,6.4198,i-0a9108c8caf7e3b6b,Amazon Elastic Compute Cloud - Compute,unallocated
2026-06-06T00:00:00Z,2026-06-07T00:00:00Z,True,0.591593,i-0a9e3a87b57b6414b,Amazon Elastic Compute Cloud - Compute,unallocated
2026-06-06T00:00:00Z,2026-06-07T00:00:00Z,True,6.686303788,i-0aaab87d8dbe6f75e,Amazon Elastic Compute Cloud - Compute,unallocated
2026-06-06T00:00:00Z,2026-06-07T00:00:00Z,True,2.3565478918,i-0aaccfe340b22207a,Amazon Elastic Compute Cloud - Compute,unallocated
2026-06-06T00:00:00Z,2026-06-07T00:00:00Z,True,2.7473237008,i-0ab352dc4d1557a11,Amazon Elastic Compute Cloud - Compute,unallocated
2026-06-06T00:00:00Z,2026-06-07T00:00:00Z,True,0.2496,i-0ab7116abc8229a16,Amazon Elastic Compute Cloud - Compute,unallocated
2026-06-06T00:00:00Z,2026-06-07T00:00:00Z,True,2.882316269,i-0ad6c7093d45c7c20,Amazon Elastic Compute Cloud - Compute,unallocated
2026-06-06T00:00:00Z,2026-06-07T00:00:00Z,True,2.2850968758,i-0adc819843f707af5,Amazon Elastic Compute Cloud - Compute,unallocated
2026-06-06T00:00:00Z,2026-06-07T00:00:00Z,True,3.3922180701,i-0ae793ef60c2179c8,Amazon Elastic Compute Cloud - Compute,unallocated
2026-06-06T00:00:00Z,2026-06-07T00:00:00Z,True,2.2842445,i-0b06ed9b70aba3d06,Amazon Elastic Compute Cloud - Compute,unallocated
2026-06-06T00:00:00Z,2026-06-07T00:00:00Z,True,4.160100816,i-0b0b029ed3d5085b2,Amazon Elastic Compute Cloud - Compute,unallocated
2026-06-06T00:00:00Z,2026-06-07T00:00:00Z,True,3.0279861418,i-0b4609f80b5611f8e,Amazon Elastic Compute Cloud - Compute,unallocated
2026-06-06T00:00:00Z,2026-06-07T00:00:00Z,True,7.8375324993,i-0b6713cc15f74d360,Amazon Elastic Compute Cloud - Compute,dayhoff
2026-06-06T00:00:00Z,2026-06-07T00:00:00Z,True,1.6800559299,i-0b7a6731703dd8877,Amazon Elastic Compute Cloud - Compute,unallocated
2026-06-06T00:00:00Z,2026-06-07T00:00:00Z,True,4.849306454,i-0b7af22afaa8ca2e2,Amazon Elastic Compute Cloud - Compute,unallocated
2026-06-06T00:00:00Z,2026-06-07T00:00:00Z,True,0.980095019,i-0ba1d667f1287dbb5,Amazon Elastic Compute Cloud - Compute,unallocated
2026-06-06T00:00:00Z,2026-06-07T00:00:00Z,True,1.7952383041,i-0bb7750862a766929,Amazon Elastic Compute Cloud - Compute,unallocated
2026-06-06T00:00:00Z,2026-06-07T00:00:00Z,True,2.394763,i-0bbe071789199ce2c,Amazon Elastic Compute Cloud - Compute,unallocated
2026-06-06T00:00:00Z,2026-06-07T00:00:00Z,True,3.1049564123,i-0bc2a5128425d69a9,Amazon Elastic Compute Cloud - Compute,unallocated
2026-06-06T00:00:00Z,2026-06-07T00:00:00Z,True,0.6409824176,i-0c05cd3e124688a00,Amazon Elastic Compute Cloud - Compute,unallocated
2026-06-06T00:00:00Z,2026-06-07T00:00:00Z,True,0.6965934256,i-0c095db9bbb58f242,Amazon Elastic Compute Cloud - Compute,unallocated
2026-06-06T00:00:00Z,2026-06-07T00:00:00Z,True,0.2496,i-0c0d07d66b039cebe,Amazon Elastic Compute Cloud - Compute,terrarium
2026-06-06T00:00:00Z,2026-06-07T00:00:00Z,True,0.6903834664,i-0c13fd32716cc91fc,Amazon Elastic Compute Cloud - Compute,unallocated
2026-06-06T00:00:00Z,2026-06-07T00:00:00Z,True,0.6545174256,i-0c307a0f70f28460a,Amazon Elastic Compute Cloud - Compute,unallocated
2026-06-06T00:00:00Z,2026-06-07T00:00:00Z,True,2.1028775,i-0c31a675c1ec615e6,Amazon Elastic Compute Cloud - Compute,unallocated
2026-06-06T00:00:00Z,2026-06-07T00:00:00Z,True,1.5287945541,i-0c43c0e6b8feb2b1c,Amazon Elastic Compute Cloud - Compute,unallocated
2026-06-06T00:00:00Z,2026-06-07T00:00:00Z,True,3.20247375,i-0c46351ea5d442a84,Amazon Elastic Compute Cloud - Compute,unallocated
2026-06-06T00:00:00Z,2026-06-07T00:00:00Z,True,1.9361593377,i-0c489ae16fc9bda22,Amazon Elastic Compute Cloud - Compute,unallocated
2026-06-06T00:00:00Z,2026-06-07T00:00:00Z,True,2.8053585336,i-0c51f3cf84270151a,Amazon Elastic Compute Cloud - Compute,unallocated
2026-06-06T00:00:00Z,2026-06-07T00:00:00Z,True,2.399365,i-0c562ecc01fef0881,Amazon Elastic Compute Cloud - Compute,unallocated
2026-06-06T00:00:00Z,2026-06-07T00:00:00Z,True,0.5612051004,i-0c673bc512e8ccbf6,Amazon Elastic Compute Cloud - Compute,unallocated
2026-06-06T00:00:00Z,2026-06-07T00:00:00Z,True,1.6477559884,i-0c76ac9c2bf7ccd0f,Amazon Elastic Compute Cloud - Compute,unallocated
2026-06-06T00:00:00Z,2026-06-07T00:00:00Z,True,5.1022689768,i-0c7bb67a4a520710e,Amazon Elastic Compute Cloud - Compute,unallocated
2026-06-06T00:00:00Z,2026-06-07T00:00:00Z,True,2.399365,i-0c8ed08d8fb01d277,Amazon Elastic Compute Cloud - Compute,unallocated
2026-06-06T00:00:00Z,2026-06-07T00:00:00Z,True,2.8053585336,i-0ca174b4ac84fb95e,Amazon Elastic Compute Cloud - Compute,unallocated
2026-06-06T00:00:00Z,2026-06-07T00:00:00Z,True,1.5884481998,i-0ca9bb13d9acd2328,Amazon Elastic Compute Cloud - Compute,unallocated
2026-06-06T00:00:00Z,2026-06-07T00:00:00Z,True,8.3638168996,i-0cb068d5f2b3e8ab0,Amazon Elastic Compute Cloud - Compute,unallocated
2026-06-06T00:00:00Z,2026-06-07T00:00:00Z,True,0.2496,i-0cc9dcb0db2f9d205,Amazon Elastic Compute Cloud - Compute,terrarium
2026-06-06T00:00:00Z,2026-06-07T00:00:00Z,True,0.6954237128,i-0ccf937a010a9fa72,Amazon Elastic Compute Cloud - Compute,unallocated
2026-06-06T00:00:00Z,2026-06-07T00:00:00Z,True,0.675990038,i-0cd84947020557163,Amazon Elastic Compute Cloud - Compute,unallocated
2026-06-06T00:00:00Z,2026-06-07T00:00:00Z,True,2.655796231,i-0cf4789dde15158ed,Amazon Elastic Compute Cloud - Compute,unallocated
2026-06-06T00:00:00Z,2026-06-07T00:00:00Z,True,3.0666136004,i-0cf9286d469d7a7df,Amazon Elastic Compute Cloud - Compute,unallocated
2026-06-06T00:00:00Z,2026-06-07T00:00:00Z,True,2.0024718582,i-0d18a06e54e4e8333,Amazon Elastic Compute Cloud - Compute,unallocated
2026-06-06T00:00:00Z,2026-06-07T00:00:00Z,True,2.16352325,i-0d1a97fe7d25c5650,Amazon Elastic Compute Cloud - Compute,unallocated
2026-06-06T00:00:00Z,2026-06-07T00:00:00Z,True,2.5922035336,i-0d3025247ac298954,Amazon Elastic Compute Cloud - Compute,unallocated
2026-06-06T00:00:00Z,2026-06-07T00:00:00Z,True,0.6136794006,i-0d30418cd8836573d,Amazon Elastic Compute Cloud - Compute,unallocated
2026-06-06T00:00:00Z,2026-06-07T00:00:00Z,True,0.6556829308,i-0d513ffc54f5d6c1b,Amazon Elastic Compute Cloud - Compute,unallocated
2026-06-06T00:00:00Z,2026-06-07T00:00:00Z,True,2.883208788,i-0d6f2f5ddb2e1d8a4,Amazon Elastic Compute Cloud - Compute,unallocated
2026-06-06T00:00:00Z,2026-06-07T00:00:00Z,True,1.790502,i-0d714cce1c552c23e,Amazon Elastic Compute Cloud - Compute,unallocated
2026-06-06T00:00:00Z,2026-06-07T00:00:00Z,True,1.3671368465,i-0d7ef83e437d93526,Amazon Elastic Compute Cloud - Compute,unallocated
2026-06-06T00:00:00Z,2026-06-07T00:00:00Z,True,0.560315,i-0d8af05b41e15fdcc,Amazon Elastic Compute Cloud - Compute,unallocated
2026-06-06T00:00:00Z,2026-06-07T00:00:00Z,True,4.2219849884,i-0d8ff6f97d56c13d7,Amazon Elastic Compute Cloud - Compute,unallocated
2026-06-06T00:00:00Z,2026-06-07T00:00:00Z,True,0.6965934256,i-0d901a3a095394591,Amazon Elastic Compute Cloud - Compute,unallocated
2026-06-06T00:00:00Z,2026-06-07T00:00:00Z,True,1.7369765,i-0d93b52c2c781411c,Amazon Elastic Compute Cloud - Compute,unallocated
2026-06-06T00:00:00Z,2026-06-07T00:00:00Z,True,0.6635044035,i-0da84987e648fa239,Amazon Elastic Compute Cloud - Compute,unallocated
2026-06-06T00:00:00Z,2026-06-07T00:00:00Z,True,0.0077652224,i-0db26b68f03a4a787,Amazon Elastic Compute Cloud - Compute,unallocated
2026-06-06T00:00:00Z,2026-06-07T00:00:00Z,True,2.0758909664,i-0dc426f2be509e71e,Amazon Elastic Compute Cloud - Compute,unallocated
2026-06-06T00:00:00Z,2026-06-07T00:00:00Z,True,0.6556829308,i-0dd12aee59d977518,Amazon Elastic Compute Cloud - Compute,unallocated
2026-06-06T00:00:00Z,2026-06-07T00:00:00Z,True,2.0794463918,i-0dd468a121cb3b395,Amazon Elastic Compute Cloud - Compute,unallocated
2026-06-06T00:00:00Z,2026-06-07T00:00:00Z,True,1.5100715116,i-0ddee681afc809f50,Amazon Elastic Compute Cloud - Compute,unallocated
2026-06-06T00:00:00Z,2026-06-07T00:00:00Z,True,8.001347393,i-0de9e3f8d3208cf03,Amazon Elastic Compute Cloud - Compute,dayhoff
2026-06-06T00:00:00Z,2026-06-07T00:00:00Z,True,2.0083933041,i-0dec4d6efce840fb1,Amazon Elastic Compute Cloud - Compute,unallocated
2026-06-06T00:00:00Z,2026-06-07T00:00:00Z,True,0.71429175,i-0e05a7ab7c57bd58d,Amazon Elastic Compute Cloud - Compute,unallocated
2026-06-06T00:00:00Z,2026-06-07T00:00:00Z,True,0.5612051004,i-0e08b0dc2cbce6f8d,Amazon Elastic Compute Cloud - Compute,unallocated
2026-06-06T00:00:00Z,2026-06-07T00:00:00Z,True,1.7292106155,i-0e08bab1740905d39,Amazon Elastic Compute Cloud - Compute,unallocated
2026-06-06T00:00:00Z,2026-06-07T00:00:00Z,True,0.7633984176,i-0e0d77f1471e370ab,Amazon Elastic Compute Cloud - Compute,unallocated
2026-06-06T00:00:00Z,2026-06-07T00:00:00Z,True,0.7830056345,i-0e1520afa9a398e6b,Amazon Elastic Compute Cloud - Compute,unallocated
2026-06-06T00:00:00Z,2026-06-07T00:00:00Z,True,1.30067,i-0e16234a95455aa4d,Amazon Elastic Compute Cloud - Compute,unallocated
2026-06-06T00:00:00Z,2026-06-07T00:00:00Z,True,0.724147538,i-0e1e63aca56d2b8e8,Amazon Elastic Compute Cloud - Compute,unallocated
2026-06-06T00:00:00Z,2026-06-07T00:00:00Z,True,4.540876,i-0e30d60d384c0c4ad,Amazon Elastic Compute Cloud - Compute,unallocated
2026-06-06T00:00:00Z,2026-06-07T00:00:00Z,True,0.6919901044,i-0e4781d2cbe0c57e7,Amazon Elastic Compute Cloud - Compute,unallocated
2026-06-06T00:00:00Z,2026-06-07T00:00:00Z,True,7.6726,i-0e550671a6071e0b5,Amazon Elastic Compute Cloud - Compute,unallocated
2026-06-06T00:00:00Z,2026-06-07T00:00:00Z,True,0.6732730368,i-0e560627c133e8dad,Amazon Elastic Compute Cloud - Compute,unallocated
2026-06-06T00:00:00Z,2026-06-07T00:00:00Z,True,0.620621,i-0e5d294f7245322a4,Amazon Elastic Compute Cloud - Compute,unallocated
2026-06-06T00:00:00Z,2026-06-07T00:00:00Z,True,2.45337,i-0e66d15fad55e3400,Amazon Elastic Compute Cloud - Compute,unallocated
2026-06-06T00:00:00Z,2026-06-07T00:00:00Z,True,8.0013126607,i-0e70fab85d559c615,Amazon Elastic Compute Cloud - Compute,dayhoff
2026-06-06T00:00:00Z,2026-06-07T00:00:00Z,True,0.5612051004,i-0e7abb84b198e84cd,Amazon Elastic Compute Cloud - Compute,unallocated
2026-06-06T00:00:00Z,2026-06-07T00:00:00Z,True,0.675097519,i-0e7d77832fdedfa3a,Amazon Elastic Compute Cloud - Compute,unallocated
2026-06-06T00:00:00Z,2026-06-07T00:00:00Z,True,0.0503822592,i-0e828c7ac4ff1804e,Amazon Elastic Compute Cloud - Compute,unallocated
2026-06-06T00:00:00Z,2026-06-07T00:00:00Z,True,1.8405709299,i-0e843dc7030e0596f,Amazon Elastic Compute Cloud - Compute,unallocated
2026-06-06T00:00:00Z,2026-06-07T00:00:00Z,True,2.7891915116,i-0e87ad2db12593330,Amazon Elastic Compute Cloud - Compute,unallocated
2026-06-06T00:00:00Z,2026-06-07T00:00:00Z,True,1.2576145,i-0e91a6004ef23327a,Amazon Elastic Compute Cloud - Compute,unallocated
2026-06-06T00:00:00Z,2026-06-07T00:00:00Z,True,0.5988465,i-0eabe4d209fe9d401,Amazon Elastic Compute Cloud - Compute,unallocated
2026-06-06T00:00:00Z,2026-06-07T00:00:00Z,True,1.1178967912,i-0ec546decac2be08b,Amazon Elastic Compute Cloud - Compute,unallocated
2026-06-06T00:00:00Z,2026-06-07T00:00:00Z,True,0.9205420652,i-0eca139e5ef7d9707,Amazon Elastic Compute Cloud - Compute,unallocated
2026-06-06T00:00:00Z,2026-06-07T00:00:00Z,True,1.8949694634,i-0edd0ae9cfdb73acc,Amazon Elastic Compute Cloud - Compute,unallocated
2026-06-06T00:00:00Z,2026-06-07T00:00:00Z,True,2.6673893465,i-0ee11718c3ac6b6ad,Amazon Elastic Compute Cloud - Compute,unallocated
2026-06-06T00:00:00Z,2026-06-07T00:00:00Z,True,0.2882665664,i-0ee653e618725d748,Amazon Elastic Compute Cloud - Compute,unallocated
2026-06-06T00:00:00Z,2026-06-07T00:00:00Z,True,0.930152481,i-0ef4310cb2687a8b6,Amazon Elastic Compute Cloud - Compute,unallocated
2026-06-06T00:00:00Z,2026-06-07T00:00:00Z,True,2.2156268582,i-0efbe9c5e81a30368,Amazon Elastic Compute Cloud - Compute,unallocated
2026-06-06T00:00:00Z,2026-06-07T00:00:00Z,True,1.894077,i-0f0649865af477618,Amazon Elastic Compute Cloud - Compute,unallocated
2026-06-06T00:00:00Z,2026-06-07T00:00:00Z,True,0.6181495,i-0f187c5403e0d86dc,Amazon Elastic Compute Cloud - Compute,unallocated
2026-06-06T00:00:00Z,2026-06-07T00:00:00Z,True,4.7301355965,i-0f29ece45c78b2c4f,Amazon Elastic Compute Cloud - Compute,unallocated
2026-06-06T00:00:00Z,2026-06-07T00:00:00Z,True,0.5612051004,i-0f4618320d91121c9,Amazon Elastic Compute Cloud - Compute,unallocated
2026-06-06T00:00:00Z,2026-06-07T00:00:00Z,True,2.003657,i-0f4754dc2d310c3f9,Amazon Elastic Compute Cloud - Compute,unallocated
2026-06-06T00:00:00Z,2026-06-07T00:00:00Z,True,2.4450275232,i-0f49f09bcd8a84ae0,Amazon Elastic Compute Cloud - Compute,unallocated
2026-06-06T00:00:00Z,2026-06-07T00:00:00Z,True,2.3219577558,i-0f56e8ca11d8ac942,Amazon Elastic Compute Cloud - Compute,unallocated
2026-06-06T00:00:00Z,2026-06-07T00:00:00Z,True,50.8861361893,i-0f5fb7f4318358cf5,Amazon Elastic Compute Cloud - Compute,unallocated
2026-06-06T00:00:00Z,2026-06-07T00:00:00Z,True,0.65012625,i-0f6d144b3a2d835e0,Amazon Elastic Compute Cloud - Compute,unallocated
2026-06-06T00:00:00Z,2026-06-07T00:00:00Z,True,2.601397519,i-0f73189f0afcd29eb,Amazon Elastic Compute Cloud - Compute,unallocated
2026-06-06T00:00:00Z,2026-06-07T00:00:00Z,True,0.9322360146,i-0f7d472af513d16b6,Amazon Elastic Compute Cloud - Compute,unallocated
2026-06-06T00:00:00Z,2026-06-07T00:00:00Z,True,2.5922035336,i-0f825d0ca994f0bda,Amazon Elastic Compute Cloud - Compute,unallocated
2026-06-06T00:00:00Z,2026-06-07T00:00:00Z,True,1.6302509006,i-0f90566246dadc379,Amazon Elastic Compute Cloud - Compute,unallocated
2026-06-06T00:00:00Z,2026-06-07T00:00:00Z,True,1.7870680701,i-0f9d991187c251164,Amazon Elastic Compute Cloud - Compute,unallocated
2026-06-06T00:00:00Z,2026-06-07T00:00:00Z,True,2.655796231,i-0f9ed8a70695be0da,Amazon Elastic Compute Cloud - Compute,unallocated
2026-06-06T00:00:00Z,2026-06-07T00:00:00Z,True,3.3808256768,i-0fa28729e0e02d8e0,Amazon Elastic Compute Cloud - Compute,unallocated
2026-06-06T00:00:00Z,2026-06-07T00:00:00Z,True,1.813039981,i-0fa3915d5399889de,Amazon Elastic Compute Cloud - Compute,unallocated
2026-06-06T00:00:00Z,2026-06-07T00:00:00Z,True,3.2756207008,i-0fa63e2b76c299618,Amazon Elastic Compute Cloud - Compute,unallocated
2026-06-06T00:00:00Z,2026-06-07T00:00:00Z,True,2.80298825,i-0fd15ee8b9b45e26d,Amazon Elastic Compute Cloud - Compute,unallocated
2026-06-06T00:00:00Z,2026-06-07T00:00:00Z,True,1.7870680701,i-0fd5b903ee8854c3d,Amazon Elastic Compute Cloud - Compute,unallocated
2026-06-06T00:00:00Z,2026-06-07T00:00:00Z,True,0.5903756345,i-0fdb7cc90078379a9,Amazon Elastic Compute Cloud - Compute,unallocated
2026-06-06T00:00:00Z,2026-06-07T00:00:00Z,True,0.2016,i-0fec5d1a28b6d27aa,Amazon Elastic Compute Cloud - Compute,unallocated
2026-06-07T00:00:00Z,2026-06-08T00:00:00Z,True,0.0,arn:aws:ec2:ap-south-1:108782052779:natgateway/nat-01dc061291fc51e75,Amazon Elastic Compute Cloud - Compute,unallocated
2026-06-07T00:00:00Z,2026-06-08T00:00:00Z,True,0.0,arn:aws:ec2:ap-south-1:108782052779:natgateway/nat-05f85018216cac061,Amazon Elastic Compute Cloud - Compute,unallocated
2026-06-07T00:00:00Z,2026-06-08T00:00:00Z,True,3.4e-09,arn:aws:ec2:eu-central-1:108782052779:natgateway/nat-0a2bfbfedf38f8e87,Amazon Elastic Compute Cloud - Compute,unallocated
2026-06-07T00:00:00Z,2026-06-08T00:00:00Z,True,3.4e-09,arn:aws:ec2:eu-central-1:108782052779:natgateway/nat-0ec6ae9605269bef4,Amazon Elastic Compute Cloud - Compute,unallocated
2026-06-07T00:00:00Z,2026-06-08T00:00:00Z,True,0.0,arn:aws:ec2:us-east-1:108782052779:natgateway/nat-089a96601cfd34f9d,Amazon Elastic Compute Cloud - Compute,dayhoff
2026-06-07T00:00:00Z,2026-06-08T00:00:00Z,True,0.0,arn:aws:ec2:us-west-2:108782052779:natgateway/nat-00246c8ef3b9087f1,Amazon Elastic Compute Cloud - Compute,dayhoff
2026-06-07T00:00:00Z,2026-06-08T00:00:00Z,True,0.0,arn:aws:ec2:us-west-2:108782052779:natgateway/nat-00ac08b685fea726f,Amazon Elastic Compute Cloud - Compute,terrarium
2026-06-07T00:00:00Z,2026-06-08T00:00:00Z,True,1.17518e-05,arn:aws:ec2:us-west-2:108782052779:natgateway/nat-00f3c26e43ede9b10,Amazon Elastic Compute Cloud - Compute,unallocated
2026-06-07T00:00:00Z,2026-06-08T00:00:00Z,True,0.0,arn:aws:ec2:us-west-2:108782052779:natgateway/nat-0234e77781575cced,Amazon Elastic Compute Cloud - Compute,terrarium
2026-06-07T00:00:00Z,2026-06-08T00:00:00Z,True,0.0012159953,arn:aws:ec2:us-west-2:171675361862:natgateway/nat-01432c586ef9dbf51,Amazon Elastic Compute Cloud - Compute,unallocated
2026-06-07T00:00:00Z,2026-06-08T00:00:00Z,True,0.0995723784,i-0007daa040e97734a,Amazon Elastic Compute Cloud - Compute,unallocated
2026-06-07T00:00:00Z,2026-06-08T00:00:00Z,True,1.0141381859,i-001783ac560712434,Amazon Elastic Compute Cloud - Compute,unallocated
2026-06-07T00:00:00Z,2026-06-08T00:00:00Z,True,0.9715026893,i-00259325f90891a86,Amazon Elastic Compute Cloud - Compute,unallocated
2026-06-07T00:00:00Z,2026-06-08T00:00:00Z,True,1.425765754,i-004607c9e76825c5d,Amazon Elastic Compute Cloud - Compute,unallocated
2026-06-07T00:00:00Z,2026-06-08T00:00:00Z,True,1.2035625,i-005b99dac9e42e12a,Amazon Elastic Compute Cloud - Compute,unallocated
2026-06-07T00:00:00Z,2026-06-08T00:00:00Z,True,5.732525754,i-008156274b1c276e4,Amazon Elastic Compute Cloud - Compute,unallocated
2026-06-07T00:00:00Z,2026-06-08T00:00:00Z,True,2.0268849678,i-008a8767260687aca,Amazon Elastic Compute Cloud - Compute,unallocated
2026-06-07T00:00:00Z,2026-06-08T00:00:00Z,True,5.6564775,i-00a9d25e0fa9f9a39,Amazon Elastic Compute Cloud - Compute,unallocated
2026-06-07T00:00:00Z,2026-06-08T00:00:00Z,True,4.1631856552,i-00b5ee7b79d813ca7,Amazon Elastic Compute Cloud - Compute,unallocated
2026-06-07T00:00:00Z,2026-06-08T00:00:00Z,True,1.2834038107,i-00c4b82cafcc4e6d5,Amazon Elastic Compute Cloud - Compute,unallocated
2026-06-07T00:00:00Z,2026-06-08T00:00:00Z,True,2.4106907545,i-00f36b249fff97c27,Amazon Elastic Compute Cloud - Compute,unallocated
2026-06-07T00:00:00Z,2026-06-08T00:00:00Z,True,1.06715875,i-0139a8cd4cb52b804,Amazon Elastic Compute Cloud - Compute,unallocated
2026-06-07T00:00:00Z,2026-06-08T00:00:00Z,True,1.1751775024,i-014657416050587ee,Amazon Elastic Compute Cloud - Compute,unallocated
2026-06-07T00:00:00Z,2026-06-08T00:00:00Z,True,5.7753518546,i-014e071df631ae7a3,Amazon Elastic Compute Cloud - Compute,unallocated
2026-06-07T00:00:00Z,2026-06-08T00:00:00Z,True,2.0268849678,i-018a3a842fcdce249,Amazon Elastic Compute Cloud - Compute,unallocated
2026-06-07T00:00:00Z,2026-06-08T00:00:00Z,True,6.586606509,i-01b5a0bf1f6fa4a57,Amazon Elastic Compute Cloud - Compute,unallocated
2026-06-07T00:00:00Z,2026-06-08T00:00:00Z,True,3.030288561,i-01c0fa5fdc19ef523,Amazon Elastic Compute Cloud - Compute,unallocated
2026-06-07T00:00:00Z,2026-06-08T00:00:00Z,True,3.9936,i-01db42c813d037c0e,Amazon Elastic Compute Cloud - Compute,unallocated
2026-06-07T00:00:00Z,2026-06-08T00:00:00Z,True,11.5274552365,i-0201dd0703b0e31a8,Amazon Elastic Compute Cloud - Compute,unallocated
2026-06-07T00:00:00Z,2026-06-08T00:00:00Z,True,2.0259925322,i-020c9465bbc2f507e,Amazon Elastic Compute Cloud - Compute,unallocated
2026-06-07T00:00:00Z,2026-06-08T00:00:00Z,True,1.0345208141,i-0230b71c5b0b1af74,Amazon Elastic Compute Cloud - Compute,unallocated
2026-06-07T00:00:00Z,2026-06-08T00:00:00Z,True,7.195519268,i-023cf97a746cef4c9,Amazon Elastic Compute Cloud - Compute,unallocated
2026-06-07T00:00:00Z,2026-06-08T00:00:00Z,True,1.1244624356,i-0246951920c60f1cf,Amazon Elastic Compute Cloud - Compute,unallocated
2026-06-07T00:00:00Z,2026-06-08T00:00:00Z,True,5.654108384,i-02554a54434822339,Amazon Elastic Compute Cloud - Compute,unallocated
2026-06-07T00:00:00Z,2026-06-08T00:00:00Z,True,3.355059246,i-02558c6d925f6d353,Amazon Elastic Compute Cloud - Compute,unallocated
2026-06-07T00:00:00Z,2026-06-08T00:00:00Z,True,1.1670923707,i-0257a6fe2b31f34ab,Amazon Elastic Compute Cloud - Compute,unallocated
2026-06-07T00:00:00Z,2026-06-08T00:00:00Z,True,1.0145582545,i-025c696cd31ae6b74,Amazon Elastic Compute Cloud - Compute,unallocated
2026-06-07T00:00:00Z,2026-06-08T00:00:00Z,True,0.985136768,i-02703b0cd91aa87e4,Amazon Elastic Compute Cloud - Compute,unallocated
2026-06-07T00:00:00Z,2026-06-08T00:00:00Z,True,0.8541171093,i-028f4af087e471ead,Amazon Elastic Compute Cloud - Compute,unallocated
2026-06-07T00:00:00Z,2026-06-08T00:00:00Z,True,0.5165825068,i-029712aafaca4c3b9,Amazon Elastic Compute Cloud - Compute,unallocated
2026-06-07T00:00:00Z,2026-06-08T00:00:00Z,True,0.630300754,i-0297b7c1fbe228c84,Amazon Elastic Compute Cloud - Compute,unallocated
2026-06-07T00:00:00Z,2026-06-08T00:00:00Z,True,1.4529645,i-02afbc5dbd4ed8d37,Amazon Elastic Compute Cloud - Compute,unallocated
2026-06-07T00:00:00Z,2026-06-08T00:00:00Z,True,1.147218016,i-02de792f5a138a07d,Amazon Elastic Compute Cloud - Compute,unallocated
2026-06-07T00:00:00Z,2026-06-08T00:00:00Z,True,0.8221818953,i-02dfe627dc162c66a,Amazon Elastic Compute Cloud - Compute,unallocated
2026-06-07T00:00:00Z,2026-06-08T00:00:00Z,True,1.5929474055,i-02e8ec4b7570a3b12,Amazon Elastic Compute Cloud - Compute,unallocated
2026-06-07T00:00:00Z,2026-06-08T00:00:00Z,True,7.846335259,i-0330e0a3595206e77,Amazon Elastic Compute Cloud - Compute,unallocated
2026-06-07T00:00:00Z,2026-06-08T00:00:00Z,True,7.2299010397,i-0344c2acfc41e3dd9,Amazon Elastic Compute Cloud - Compute,unallocated
2026-06-07T00:00:00Z,2026-06-08T00:00:00Z,True,6.6045474888,i-03684bea94775809a,Amazon Elastic Compute Cloud - Compute,unallocated
2026-06-07T00:00:00Z,2026-06-08T00:00:00Z,True,2.7307485135,i-037d33f7cae86e8a0,Amazon Elastic Compute Cloud - Compute,unallocated
2026-06-07T00:00:00Z,2026-06-08T00:00:00Z,True,0.9697969369,i-0398ce71814515dcd,Amazon Elastic Compute Cloud - Compute,unallocated
2026-06-07T00:00:00Z,2026-06-08T00:00:00Z,True,1.50044125,i-03c5c2efd03a72ceb,Amazon Elastic Compute Cloud - Compute,unallocated
2026-06-07T00:00:00Z,2026-06-08T00:00:00Z,True,7.195519268,i-03dc0d5e1db4e8971,Amazon Elastic Compute Cloud - Compute,unallocated
2026-06-07T00:00:00Z,2026-06-08T00:00:00Z,True,17.924298016,i-03ea03b9a3d20bf24,Amazon Elastic Compute Cloud - Compute,unallocated
2026-06-07T00:00:00Z,2026-06-08T00:00:00Z,True,1.5271860135,i-03ffd410c0a0b1402,Amazon Elastic Compute Cloud - Compute,unallocated
2026-06-07T00:00:00Z,2026-06-08T00:00:00Z,True,1.097469268,i-040ad8f379da040a3,Amazon Elastic Compute Cloud - Compute,unallocated
2026-06-07T00:00:00Z,2026-06-08T00:00:00Z,True,5.9259854955,i-040cc6f2a43915656,Amazon Elastic Compute Cloud - Compute,unallocated
2026-06-07T00:00:00Z,2026-06-08T00:00:00Z,True,1.4757553834,i-043797f5bb63e079b,Amazon Elastic Compute Cloud - Compute,unallocated
2026-06-07T00:00:00Z,2026-06-08T00:00:00Z,True,1.942171,i-0467b2bd8229e7a52,Amazon Elastic Compute Cloud - Compute,unallocated
2026-06-07T00:00:00Z,2026-06-08T00:00:00Z,True,2.830106984,i-04880983ce667c825,Amazon Elastic Compute Cloud - Compute,unallocated
2026-06-07T00:00:00Z,2026-06-08T00:00:00Z,True,1.280242262,i-048cdad2f0c5246d2,Amazon Elastic Compute Cloud - Compute,unallocated
2026-06-07T00:00:00Z,2026-06-08T00:00:00Z,True,6.144408018,i-04a5f753611239f3f,Amazon Elastic Compute Cloud - Compute,unallocated
2026-06-07T00:00:00Z,2026-06-08T00:00:00Z,True,5.6564775,i-04aee199a81e53e71,Amazon Elastic Compute Cloud - Compute,unallocated
2026-06-07T00:00:00Z,2026-06-08T00:00:00Z,True,1.02007675,i-04b31226e93091459,Amazon Elastic Compute Cloud - Compute,unallocated
2026-06-07T00:00:00Z,2026-06-08T00:00:00Z,True,0.1248007011,i-04d3a8c6aae87f818,Amazon Elastic Compute Cloud - Compute,dayhoff
2026-06-07T00:00:00Z,2026-06-08T00:00:00Z,True,2.6424872635,i-050181b1efb2cf468,Amazon Elastic Compute Cloud - Compute,unallocated
2026-06-07T00:00:00Z,2026-06-08T00:00:00Z,True,1.0163427365,i-051798b3dd07c10e2,Amazon Elastic Compute Cloud - Compute,unallocated
2026-06-07T00:00:00Z,2026-06-08T00:00:00Z,True,1.094546984,i-0525885af3d28c9ff,Amazon Elastic Compute Cloud - Compute,unallocated
2026-06-07T00:00:00Z,2026-06-08T00:00:00Z,True,5.118295,i-0526a5171601adfea,Amazon Elastic Compute Cloud - Compute,unallocated
2026-06-07T00:00:00Z,2026-06-08T00:00:00Z,True,4.211233492,i-05340b52efee5d2bf,Amazon Elastic Compute Cloud - Compute,unallocated
2026-06-07T00:00:00Z,2026-06-08T00:00:00Z,True,50.8032068369,i-05374380b57fad901,Amazon Elastic Compute Cloud - Compute,unallocated
2026-06-07T00:00:00Z,2026-06-08T00:00:00Z,True,0.9130628547,i-0559e478640d6e350,Amazon Elastic Compute Cloud - Compute,unallocated
2026-06-07T00:00:00Z,2026-06-08T00:00:00Z,True,0.609805,i-055abe0d8d0448db6,Amazon Elastic Compute Cloud - Compute,unallocated
2026-06-07T00:00:00Z,2026-06-08T00:00:00Z,True,1.362379246,i-05654c71be48a956c,Amazon Elastic Compute Cloud - Compute,unallocated
2026-06-07T00:00:00Z,2026-06-08T00:00:00Z,True,1.1220046688,i-056d3c7aa6156d5f8,Amazon Elastic Compute Cloud - Compute,unallocated
2026-06-07T00:00:00Z,2026-06-08T00:00:00Z,True,1.0387679594,i-05a41d90ae92f383e,Amazon Elastic Compute Cloud - Compute,unallocated
2026-06-07T00:00:00Z,2026-06-08T00:00:00Z,True,1.942171,i-05ab0107053542ec0,Amazon Elastic Compute Cloud - Compute,unallocated
2026-06-07T00:00:00Z,2026-06-08T00:00:00Z,True,6.723010259,i-05ba34ad8c0b7727d,Amazon Elastic Compute Cloud - Compute,unallocated
2026-06-07T00:00:00Z,2026-06-08T00:00:00Z,True,8.0019198316,i-05d2f91400f87bdb2,Amazon Elastic Compute Cloud - Compute,unallocated
2026-06-07T00:00:00Z,2026-06-08T00:00:00Z,True,1.499549009,i-05dca013b9d86a363,Amazon Elastic Compute Cloud - Compute,unallocated
2026-06-07T00:00:00Z,2026-06-08T00:00:00Z,True,7.7300666824,i-05de16a24310099c5,Amazon Elastic Compute Cloud - Compute,dayhoff
2026-06-07T00:00:00Z,2026-06-08T00:00:00Z,True,4.1620113276,i-05f53948450db2ed1,Amazon Elastic Compute Cloud - Compute,unallocated
2026-06-07T00:00:00Z,2026-06-08T00:00:00Z,True,1.0209296262,i-060519b04981b5a64,Amazon Elastic Compute Cloud - Compute,unallocated
2026-06-07T00:00:00Z,2026-06-08T00:00:00Z,True,10.4344407545,i-060ced269794d7f6f,Amazon Elastic Compute Cloud - Compute,unallocated
2026-06-07T00:00:00Z,2026-06-08T00:00:00Z,True,7.124153384,i-0617e8145ae810753,Amazon Elastic Compute Cloud - Compute,unallocated
2026-06-07T00:00:00Z,2026-06-08T00:00:00Z,True,1.5271860135,i-062f51107aee2e453,Amazon Elastic Compute Cloud - Compute,unallocated
2026-06-07T00:00:00Z,2026-06-08T00:00:00Z,True,1.3207551688,i-06424b086106abbbd,Amazon Elastic Compute Cloud - Compute,unallocated
2026-06-07T00:00:00Z,2026-06-08T00:00:00Z,True,1.2149724709,i-064f2be62adc086c2,Amazon Elastic Compute Cloud - Compute,unallocated
2026-06-07T00:00:00Z,2026-06-08T00:00:00Z,True,1.0457610135,i-065fde3998306fe60,Amazon Elastic Compute Cloud - Compute,unallocated
2026-06-07T00:00:00Z,2026-06-08T00:00:00Z,True,3.5987818448,i-06743f995c6f59adb,Amazon Elastic Compute Cloud - Compute,unallocated
2026-06-07T00:00:00Z,2026-06-08T00:00:00Z,True,2.1705402592,i-067de74d23a36bb84,Amazon Elastic Compute Cloud - Compute,unallocated
2026-06-07T00:00:00Z,2026-06-08T00:00:00Z,True,7.219203147,i-068f3aad2bedb9fa6,Amazon Elastic Compute Cloud - Compute,dayhoff
2026-06-07T00:00:00Z,2026-06-08T00:00:00Z,True,2.0268849678,i-07197a22709d828fe,Amazon Elastic Compute Cloud - Compute,unallocated
2026-06-07T00:00:00Z,2026-06-08T00:00:00Z,True,2.3296557729,i-072663bdcc67c4575,Amazon Elastic Compute Cloud - Compute,unallocated
2026-06-07T00:00:00Z,2026-06-08T00:00:00Z,True,1.041303018,i-0730d036b6eaf9481,Amazon Elastic Compute Cloud - Compute,unallocated
2026-06-07T00:00:00Z,2026-06-08T00:00:00Z,True,0.14962975,i-073258ad62bfa1ec5,Amazon Elastic Compute Cloud - Compute,unallocated
2026-06-07T00:00:00Z,2026-06-08T00:00:00Z,True,4.111242738,i-073f3e5c30dc2b1ab,Amazon Elastic Compute Cloud - Compute,unallocated
2026-06-07T00:00:00Z,2026-06-08T00:00:00Z,True,4.727257262,i-0741444c3647e4e6f,Amazon Elastic Compute Cloud - Compute,unallocated
2026-06-07T00:00:00Z,2026-06-08T00:00:00Z,True,4.477652,i-0746dfd7171a15954,Amazon Elastic Compute Cloud - Compute,unallocated
2026-06-07T00:00:00Z,2026-06-08T00:00:00Z,True,4.118155,i-076520c795d2055da,Amazon Elastic Compute Cloud - Compute,unallocated
2026-06-07T00:00:00Z,2026-06-08T00:00:00Z,True,7.5155802365,i-0768d4e8d2071d302,Amazon Elastic Compute Cloud - Compute,unallocated
2026-06-07T00:00:00Z,2026-06-08T00:00:00Z,True,1.2024449976,i-07761dfa9d998a505,Amazon Elastic Compute Cloud - Compute,unallocated
2026-06-07T00:00:00Z,2026-06-08T00:00:00Z,True,2.856455,i-078d2c56d9433ddf9,Amazon Elastic Compute Cloud - Compute,unallocated
2026-06-07T00:00:00Z,2026-06-08T00:00:00Z,True,14.2560595775,i-07943c205ca7359a0,Amazon Elastic Compute Cloud - Compute,unallocated
2026-06-07T00:00:00Z,2026-06-08T00:00:00Z,True,7.9878022793,i-07df3a933e4839f52,Amazon Elastic Compute Cloud - Compute,dayhoff
2026-06-07T00:00:00Z,2026-06-08T00:00:00Z,True,5.733419246,i-07efb38e8b25bcee1,Amazon Elastic Compute Cloud - Compute,unallocated
2026-06-07T00:00:00Z,2026-06-08T00:00:00Z,True,6.3039939865,i-0808da8af51707ace,Amazon Elastic Compute Cloud - Compute,unallocated
2026-06-07T00:00:00Z,2026-06-08T00:00:00Z,True,7.4094870045,i-08249f085fb798942,Amazon Elastic Compute Cloud - Compute,unallocated
2026-06-07T00:00:00Z,2026-06-08T00:00:00Z,True,2.0268849678,i-0826e7f74cbeff4e5,Amazon Elastic Compute Cloud - Compute,unallocated
2026-06-07T00:00:00Z,2026-06-08T00:00:00Z,True,4.1268068448,i-0829b289cb0fa4bad,Amazon Elastic Compute Cloud - Compute,unallocated
2026-06-07T00:00:00Z,2026-06-08T00:00:00Z,True,0.8970711288,i-08373fb0600c82c78,Amazon Elastic Compute Cloud - Compute,unallocated
2026-06-07T00:00:00Z,2026-06-08T00:00:00Z,True,1.3437350069,i-084e13a8f669156bc,Amazon Elastic Compute Cloud - Compute,unallocated
2026-06-07T00:00:00Z,2026-06-08T00:00:00Z,True,3.9132524138,i-0853c3ffd7ca66807,Amazon Elastic Compute Cloud - Compute,unallocated
2026-06-07T00:00:00Z,2026-06-08T00:00:00Z,True,4.0223761724,i-08764007aaa22d811,Amazon Elastic Compute Cloud - Compute,unallocated
2026-06-07T00:00:00Z,2026-06-08T00:00:00Z,True,2.37503,i-08799908168ad0e73,Amazon Elastic Compute Cloud - Compute,unallocated
2026-06-07T00:00:00Z,2026-06-08T00:00:00Z,True,21.3376788804,i-08970a219d8801758,Amazon Elastic Compute Cloud - Compute,unallocated
2026-06-07T00:00:00Z,2026-06-08T00:00:00Z,True,0.8979635644,i-089cf0743bc3dc060,Amazon Elastic Compute Cloud - Compute,unallocated
2026-06-07T00:00:00Z,2026-06-08T00:00:00Z,True,5.5078582545,i-08ae511d2be7c7ae3,Amazon Elastic Compute Cloud - Compute,unallocated
2026-06-07T00:00:00Z,2026-06-08T00:00:00Z,True,7.302504741,i-08b37c8349724c9f6,Amazon Elastic Compute Cloud - Compute,unallocated
2026-06-07T00:00:00Z,2026-06-08T00:00:00Z,True,4.5681872635,i-090cc28a870f3a286,Amazon Elastic Compute Cloud - Compute,unallocated
2026-06-07T00:00:00Z,2026-06-08T00:00:00Z,True,7.2194776101,i-09126000eb19643b0,Amazon Elastic Compute Cloud - Compute,dayhoff
2026-06-07T00:00:00Z,2026-06-08T00:00:00Z,True,0.8951336681,i-091d64c9376aba674,Amazon Elastic Compute Cloud - Compute,unallocated
2026-06-07T00:00:00Z,2026-06-08T00:00:00Z,True,0.9495908028,i-093397607d3b6dd28,Amazon Elastic Compute Cloud - Compute,unallocated
2026-06-07T00:00:00Z,2026-06-08T00:00:00Z,True,0.6145930986,i-094624c1738a3cd25,Amazon Elastic Compute Cloud - Compute,unallocated
2026-06-07T00:00:00Z,2026-06-08T00:00:00Z,True,2.0197944444,i-094979c0ac289ac22,Amazon Elastic Compute Cloud - Compute,unallocated
2026-06-07T00:00:00Z,2026-06-08T00:00:00Z,True,1.3264236017,i-0995cfe0c00d315c5,Amazon Elastic Compute Cloud - Compute,unallocated
2026-06-07T00:00:00Z,2026-06-08T00:00:00Z,True,4.2335861724,i-09bc60b80572e139c,Amazon Elastic Compute Cloud - Compute,unallocated
2026-06-07T00:00:00Z,2026-06-08T00:00:00Z,True,4.5844313276,i-09c0f2db43cae3457,Amazon Elastic Compute Cloud - Compute,unallocated
2026-06-07T00:00:00Z,2026-06-08T00:00:00Z,True,2.0268849678,i-09e5e4bef9a577058,Amazon Elastic Compute Cloud - Compute,unallocated
2026-06-07T00:00:00Z,2026-06-08T00:00:00Z,True,0.1097415533,i-09f4779e2a3d0393e,Amazon Elastic Compute Cloud - Compute,unallocated
2026-06-07T00:00:00Z,2026-06-08T00:00:00Z,True,0.4992,i-09f66b3f11ea42c60,Amazon Elastic Compute Cloud - Compute,unallocated
2026-06-07T00:00:00Z,2026-06-08T00:00:00Z,True,4.4436218448,i-09f77dd817f26ac28,Amazon Elastic Compute Cloud - Compute,unallocated
2026-06-07T00:00:00Z,2026-06-08T00:00:00Z,True,3.853184482,i-0a01240e82d774f7f,Amazon Elastic Compute Cloud - Compute,unallocated
2026-06-07T00:00:00Z,2026-06-08T00:00:00Z,True,21.5821949294,i-0a07d784c2548f675,Amazon Elastic Compute Cloud - Compute,unallocated
2026-06-07T00:00:00Z,2026-06-08T00:00:00Z,True,3.9531457586,i-0a08eddcedea5469f,Amazon Elastic Compute Cloud - Compute,unallocated
2026-06-07T00:00:00Z,2026-06-08T00:00:00Z,True,5.438693529,i-0a2592e37ca03ab49,Amazon Elastic Compute Cloud - Compute,unallocated
2026-06-07T00:00:00Z,2026-06-08T00:00:00Z,True,1.0387679594,i-0a27ce00daa0f730f,Amazon Elastic Compute Cloud - Compute,unallocated
2026-06-07T00:00:00Z,2026-06-08T00:00:00Z,True,1.2961253953,i-0a2b27b5d39a8e1ac,Amazon Elastic Compute Cloud - Compute,unallocated
2026-06-07T00:00:00Z,2026-06-08T00:00:00Z,True,4.7592667414,i-0a32394ac17804527,Amazon Elastic Compute Cloud - Compute,unallocated
2026-06-07T00:00:00Z,2026-06-08T00:00:00Z,True,5.502188016,i-0a3703318fb2482a2,Amazon Elastic Compute Cloud - Compute,unallocated
2026-06-07T00:00:00Z,2026-06-08T00:00:00Z,True,1.4325374976,i-0a51de799af69adad,Amazon Elastic Compute Cloud - Compute,unallocated
2026-06-07T00:00:00Z,2026-06-08T00:00:00Z,True,1.0249005068,i-0a6f3fe8a8fea2263,Amazon Elastic Compute Cloud - Compute,unallocated
2026-06-07T00:00:00Z,2026-06-08T00:00:00Z,True,7.2192042391,i-0a70e6af119b993f3,Amazon Elastic Compute Cloud - Compute,dayhoff
2026-06-07T00:00:00Z,2026-06-08T00:00:00Z,True,2.08601475,i-0a7193f2512cab8c2,Amazon Elastic Compute Cloud - Compute,unallocated
2026-06-07T00:00:00Z,2026-06-08T00:00:00Z,True,0.9508954774,i-0a7e7b78e94db1d24,Amazon Elastic Compute Cloud - Compute,unallocated
2026-06-07T00:00:00Z,2026-06-08T00:00:00Z,True,19.129512241,i-0a9108c8caf7e3b6b,Amazon Elastic Compute Cloud - Compute,unallocated
2026-06-07T00:00:00Z,2026-06-08T00:00:00Z,True,0.1728918705,i-0aa0e7256a6e93fe5,Amazon Elastic Compute Cloud - Compute,unallocated
2026-06-07T00:00:00Z,2026-06-08T00:00:00Z,True,0.2496,i-0ab7116abc8229a16,Amazon Elastic Compute Cloud - Compute,unallocated
2026-06-07T00:00:00Z,2026-06-08T00:00:00Z,True,17.227933492,i-0abb6e7fd80b82715,Amazon Elastic Compute Cloud - Compute,unallocated
2026-06-07T00:00:00Z,2026-06-08T00:00:00Z,True,5.9830439865,i-0abf165d0c6833383,Amazon Elastic Compute Cloud - Compute,unallocated
2026-06-07T00:00:00Z,2026-06-08T00:00:00Z,True,4.1948671552,i-0acef443c9c0cff1a,Amazon Elastic Compute Cloud - Compute,unallocated
2026-06-07T00:00:00Z,2026-06-08T00:00:00Z,True,2.215447241,i-0ad55a6412b725415,Amazon Elastic Compute Cloud - Compute,unallocated
2026-06-07T00:00:00Z,2026-06-08T00:00:00Z,True,0.801713016,i-0add6fca0bcf5de35,Amazon Elastic Compute Cloud - Compute,unallocated
2026-06-07T00:00:00Z,2026-06-08T00:00:00Z,True,3.017822241,i-0ae1c575cc3ba6b17,Amazon Elastic Compute Cloud - Compute,unallocated
2026-06-07T00:00:00Z,2026-06-08T00:00:00Z,True,2.88052625,i-0af1cfd086d2a9ab4,Amazon Elastic Compute Cloud - Compute,unallocated
2026-06-07T00:00:00Z,2026-06-08T00:00:00Z,True,7.4085947635,i-0afbfae7a0cb6fc28,Amazon Elastic Compute Cloud - Compute,unallocated
2026-06-07T00:00:00Z,2026-06-08T00:00:00Z,True,7.4094870045,i-0b03ad5760ea163d9,Amazon Elastic Compute Cloud - Compute,unallocated
2026-06-07T00:00:00Z,2026-06-08T00:00:00Z,True,1.2311995045,i-0b06c638f3f68f8a8,Amazon Elastic Compute Cloud - Compute,unallocated
2026-06-07T00:00:00Z,2026-06-08T00:00:00Z,True,2.0259925322,i-0b0879924b5a307da,Amazon Elastic Compute Cloud - Compute,unallocated
2026-06-07T00:00:00Z,2026-06-08T00:00:00Z,True,1.1990757186,i-0b34dae412efde22e,Amazon Elastic Compute Cloud - Compute,unallocated
2026-06-07T00:00:00Z,2026-06-08T00:00:00Z,True,0.5566284243,i-0b47cc938bff23c21,Amazon Elastic Compute Cloud - Compute,unallocated
2026-06-07T00:00:00Z,2026-06-08T00:00:00Z,True,5.39998375,i-0b59227318fb92b58,Amazon Elastic Compute Cloud - Compute,unallocated
2026-06-07T00:00:00Z,2026-06-08T00:00:00Z,True,1.5271860135,i-0b5c3ccc0fb26590e,Amazon Elastic Compute Cloud - Compute,unallocated
2026-06-07T00:00:00Z,2026-06-08T00:00:00Z,True,8.0018192231,i-0b6713cc15f74d360,Amazon Elastic Compute Cloud - Compute,dayhoff
2026-06-07T00:00:00Z,2026-06-08T00:00:00Z,True,1.5121878486,i-0b8304681a40fe7ca,Amazon Elastic Compute Cloud - Compute,unallocated
2026-06-07T00:00:00Z,2026-06-08T00:00:00Z,True,5.118295,i-0b90ee76ad7b7c53a,Amazon Elastic Compute Cloud - Compute,unallocated
2026-06-07T00:00:00Z,2026-06-08T00:00:00Z,True,0.5161935135,i-0b97201436eb66b08,Amazon Elastic Compute Cloud - Compute,unallocated
2026-06-07T00:00:00Z,2026-06-08T00:00:00Z,True,3.1686038445,i-0b98708173104cbc0,Amazon Elastic Compute Cloud - Compute,unallocated
2026-06-07T00:00:00Z,2026-06-08T00:00:00Z,True,3.2308977365,i-0b99d9b1e073ec1e0,Amazon Elastic Compute Cloud - Compute,unallocated
2026-06-07T00:00:00Z,2026-06-08T00:00:00Z,True,6.836535884,i-0b9fee33b337ab9fc,Amazon Elastic Compute Cloud - Compute,unallocated
2026-06-07T00:00:00Z,2026-06-08T00:00:00Z,True,4.110349246,i-0bbd386703da34897,Amazon Elastic Compute Cloud - Compute,unallocated
2026-06-07T00:00:00Z,2026-06-08T00:00:00Z,True,0.9006408712,i-0bdcfef5997fc3343,Amazon Elastic Compute Cloud - Compute,unallocated
2026-06-07T00:00:00Z,2026-06-08T00:00:00Z,True,0.563446982,i-0be454372b3541923,Amazon Elastic Compute Cloud - Compute,unallocated
2026-06-07T00:00:00Z,2026-06-08T00:00:00Z,True,0.2496,i-0c0d07d66b039cebe,Amazon Elastic Compute Cloud - Compute,terrarium
2026-06-07T00:00:00Z,2026-06-08T00:00:00Z,True,0.9697969369,i-0c1a81925a2843bb8,Amazon Elastic Compute Cloud - Compute,unallocated
2026-06-07T00:00:00Z,2026-06-08T00:00:00Z,True,0.9068815,i-0c32db4338034e772,Amazon Elastic Compute Cloud - Compute,unallocated
2026-06-07T00:00:00Z,2026-06-08T00:00:00Z,True,7.049585884,i-0c404f5bf8f536b2b,Amazon Elastic Compute Cloud - Compute,unallocated
2026-06-07T00:00:00Z,2026-06-08T00:00:00Z,True,1.8006458953,i-0c4eea5853e00efd0,Amazon Elastic Compute Cloud - Compute,unallocated
2026-06-07T00:00:00Z,2026-06-08T00:00:00Z,True,0.2496,i-0cc9dcb0db2f9d205,Amazon Elastic Compute Cloud - Compute,terrarium
2026-06-07T00:00:00Z,2026-06-08T00:00:00Z,True,4.789067895,i-0cfe927f7ac8427fb,Amazon Elastic Compute Cloud - Compute,unallocated
2026-06-07T00:00:00Z,2026-06-08T00:00:00Z,True,2.1094293704,i-0d1cad8baeb3cce37,Amazon Elastic Compute Cloud - Compute,unallocated
2026-06-07T00:00:00Z,2026-06-08T00:00:00Z,True,0.602625,i-0d2c4a99bb21cad0f,Amazon Elastic Compute Cloud - Compute,unallocated
2026-06-07T00:00:00Z,2026-06-08T00:00:00Z,True,5.229891508,i-0d47564037adc138a,Amazon Elastic Compute Cloud - Compute,unallocated
2026-06-07T00:00:00Z,2026-06-08T00:00:00Z,True,0.1542897408,i-0d552e1e480ada213,Amazon Elastic Compute Cloud - Compute,unallocated
2026-06-07T00:00:00Z,2026-06-08T00:00:00Z,True,1.102581984,i-0d5dff733fe05ca40,Amazon Elastic Compute Cloud - Compute,unallocated
2026-06-07T00:00:00Z,2026-06-08T00:00:00Z,True,4.6865133448,i-0da2377776e85b5d6,Amazon Elastic Compute Cloud - Compute,unallocated
2026-06-07T00:00:00Z,2026-06-08T00:00:00Z,True,0.8772622635,i-0db1b29a8801e1870,Amazon Elastic Compute Cloud - Compute,unallocated
2026-06-07T00:00:00Z,2026-06-08T00:00:00Z,True,4.1444754107,i-0db26b68f03a4a787,Amazon Elastic Compute Cloud - Compute,unallocated
2026-06-07T00:00:00Z,2026-06-08T00:00:00Z,True,1.2111886047,i-0dbee2cfa5b524ed0,Amazon Elastic Compute Cloud - Compute,unallocated
2026-06-07T00:00:00Z,2026-06-08T00:00:00Z,True,1.6101002365,i-0dce559596c96fa25,Amazon Elastic Compute Cloud - Compute,unallocated
2026-06-07T00:00:00Z,2026-06-08T00:00:00Z,True,1.06715875,i-0de9be84c77c09e7a,Amazon Elastic Compute Cloud - Compute,unallocated
2026-06-07T00:00:00Z,2026-06-08T00:00:00Z,True,8.0019169891,i-0de9e3f8d3208cf03,Amazon Elastic Compute Cloud - Compute,dayhoff
2026-06-07T00:00:00Z,2026-06-08T00:00:00Z,True,3.498355,i-0dea49e77913e9c3d,Amazon Elastic Compute Cloud - Compute,unallocated
2026-06-07T00:00:00Z,2026-06-08T00:00:00Z,True,1.8886665966,i-0df4b34533ecfa5cb,Amazon Elastic Compute Cloud - Compute,unallocated
2026-06-07T00:00:00Z,2026-06-08T00:00:00Z,True,2.8029622635,i-0e0297fdbc1ff23c6,Amazon Elastic Compute Cloud - Compute,unallocated
2026-06-07T00:00:00Z,2026-06-08T00:00:00Z,True,0.594649741,i-0e3c8b3c1787aeb7c,Amazon Elastic Compute Cloud - Compute,unallocated
2026-06-07T00:00:00Z,2026-06-08T00:00:00Z,True,1.1231919369,i-0e4ee9b9818328755,Amazon Elastic Compute Cloud - Compute,unallocated
2026-06-07T00:00:00Z,2026-06-08T00:00:00Z,True,21.2587854888,i-0e550671a6071e0b5,Amazon Elastic Compute Cloud - Compute,unallocated
2026-06-07T00:00:00Z,2026-06-08T00:00:00Z,True,8.001901119,i-0e70fab85d559c615,Amazon Elastic Compute Cloud - Compute,dayhoff
2026-06-07T00:00:00Z,2026-06-08T00:00:00Z,True,0.89759475,i-0eb2eb78eb043c11f,Amazon Elastic Compute Cloud - Compute,unallocated
2026-06-07T00:00:00Z,2026-06-08T00:00:00Z,True,3.355059246,i-0ec829ef54cc22160,Amazon Elastic Compute Cloud - Compute,unallocated
2026-06-07T00:00:00Z,2026-06-08T00:00:00Z,True,17.817165754,i-0ed80d0a2ee6f563d,Amazon Elastic Compute Cloud - Compute,unallocated
2026-06-07T00:00:00Z,2026-06-08T00:00:00Z,True,4.912955754,i-0edc71588d43b3c1d,Amazon Elastic Compute Cloud - Compute,unallocated
2026-06-07T00:00:00Z,2026-06-08T00:00:00Z,True,6.144097738,i-0f1d70f5fe982889b,Amazon Elastic Compute Cloud - Compute,unallocated
2026-06-07T00:00:00Z,2026-06-08T00:00:00Z,True,3.4712385556,i-0f26c13c0b60e9527,Amazon Elastic Compute Cloud - Compute,unallocated
2026-06-07T00:00:00Z,2026-06-08T00:00:00Z,True,6.68378375,i-0f324b3903ad81c02,Amazon Elastic Compute Cloud - Compute,unallocated
2026-06-07T00:00:00Z,2026-06-08T00:00:00Z,True,16.585133492,i-0f43992c882f89c9e,Amazon Elastic Compute Cloud - Compute,unallocated
2026-06-07T00:00:00Z,2026-06-08T00:00:00Z,True,1.3708678141,i-0f47a6082b6f0e665,Amazon Elastic Compute Cloud - Compute,unallocated
2026-06-07T00:00:00Z,2026-06-08T00:00:00Z,True,3.2308977365,i-0f56f0c650e39e6b6,Amazon Elastic Compute Cloud - Compute,unallocated
2026-06-07T00:00:00Z,2026-06-08T00:00:00Z,True,3.6884449055,i-0f58bae03c75ccdaa,Amazon Elastic Compute Cloud - Compute,unallocated
2026-06-07T00:00:00Z,2026-06-08T00:00:00Z,True,8.6863091079,i-0f5fb7f4318358cf5,Amazon Elastic Compute Cloud - Compute,unallocated
2026-06-07T00:00:00Z,2026-06-08T00:00:00Z,True,1.3085280069,i-0f6841aff376764a7,Amazon Elastic Compute Cloud - Compute,unallocated
2026-06-07T00:00:00Z,2026-06-08T00:00:00Z,True,3.7419357586,i-0f69c3274bf3300a4,Amazon Elastic Compute Cloud - Compute,unallocated
2026-06-07T00:00:00Z,2026-06-08T00:00:00Z,True,3.3955179908,i-0f92972d417a09d83,Amazon Elastic Compute Cloud - Compute,unallocated
2026-06-07T00:00:00Z,2026-06-08T00:00:00Z,True,1.8877773712,i-0fd7fc7ed981f17a9,Amazon Elastic Compute Cloud - Compute,unallocated
2026-06-07T00:00:00Z,2026-06-08T00:00:00Z,True,1.4410234678,i-0fe66cc035364e73f,Amazon Elastic Compute Cloud - Compute,unallocated
2026-06-07T00:00:00Z,2026-06-08T00:00:00Z,True,0.2016,i-0fec5d1a28b6d27aa,Amazon Elastic Compute Cloud - Compute,unallocated
2026-06-07T00:00:00Z,2026-06-08T00:00:00Z,True,7.977537942,i-0ff792a4267ef2a3c,Amazon Elastic Compute Cloud - Compute,unallocated
2026-06-07T00:00:00Z,2026-06-08T00:00:00Z,True,3.3348844954,i-0ff87c2814c008d89,Amazon Elastic Compute Cloud - Compute,unallocated
2026-06-07T00:00:00Z,2026-06-08T00:00:00Z,True,7.300511913,i-0ff9202a941668440,Amazon Elastic Compute Cloud - Compute,unallocated
2026-06-07T00:00:00Z,2026-06-08T00:00:00Z,True,1.8645900966,i-0ffb103af08d42dac,Amazon Elastic Compute Cloud - Compute,unallocated
2026-06-08T00:00:00Z,2026-06-09T00:00:00Z,True,0.0,arn:aws:ec2:ap-south-1:108782052779:natgateway/nat-01dc061291fc51e75,Amazon Elastic Compute Cloud - Compute,unallocated
2026-06-08T00:00:00Z,2026-06-09T00:00:00Z,True,0.0,arn:aws:ec2:ap-south-1:108782052779:natgateway/nat-05f85018216cac061,Amazon Elastic Compute Cloud - Compute,unallocated
2026-06-08T00:00:00Z,2026-06-09T00:00:00Z,True,1.078e-07,arn:aws:ec2:eu-central-1:108782052779:natgateway/nat-0a2bfbfedf38f8e87,Amazon Elastic Compute Cloud - Compute,unallocated
2026-06-08T00:00:00Z,2026-06-09T00:00:00Z,True,5.231e-07,arn:aws:ec2:eu-central-1:108782052779:natgateway/nat-0ec6ae9605269bef4,Amazon Elastic Compute Cloud - Compute,unallocated
2026-06-08T00:00:00Z,2026-06-09T00:00:00Z,True,5.4e-08,arn:aws:ec2:us-east-1:108782052779:natgateway/nat-089a96601cfd34f9d,Amazon Elastic Compute Cloud - Compute,dayhoff
2026-06-08T00:00:00Z,2026-06-09T00:00:00Z,True,2.419e-07,arn:aws:ec2:us-west-2:108782052779:natgateway/nat-00246c8ef3b9087f1,Amazon Elastic Compute Cloud - Compute,dayhoff
2026-06-08T00:00:00Z,2026-06-09T00:00:00Z,True,0.000354762,arn:aws:ec2:us-west-2:108782052779:natgateway/nat-00ac08b685fea726f,Amazon Elastic Compute Cloud - Compute,terrarium
2026-06-08T00:00:00Z,2026-06-09T00:00:00Z,True,0.0005268612,arn:aws:ec2:us-west-2:108782052779:natgateway/nat-00f3c26e43ede9b10,Amazon Elastic Compute Cloud - Compute,unallocated
2026-06-08T00:00:00Z,2026-06-09T00:00:00Z,True,0.0003484322,arn:aws:ec2:us-west-2:108782052779:natgateway/nat-0234e77781575cced,Amazon Elastic Compute Cloud - Compute,terrarium
2026-06-08T00:00:00Z,2026-06-09T00:00:00Z,True,0.0012810353,arn:aws:ec2:us-west-2:171675361862:natgateway/nat-01432c586ef9dbf51,Amazon Elastic Compute Cloud - Compute,unallocated
2026-06-08T00:00:00Z,2026-06-09T00:00:00Z,True,0.9026913546,i-0031d25c01b114208,Amazon Elastic Compute Cloud - Compute,unallocated
2026-06-08T00:00:00Z,2026-06-09T00:00:00Z,True,1.9655223546,i-006b12d4e7a8ef347,Amazon Elastic Compute Cloud - Compute,unallocated
2026-06-08T00:00:00Z,2026-06-09T00:00:00Z,True,0.7282356977,i-00d478b91e870fc0e,Amazon Elastic Compute Cloud - Compute,unallocated
2026-06-08T00:00:00Z,2026-06-09T00:00:00Z,True,1.9127383023,i-00f5fadd19d6235af,Amazon Elastic Compute Cloud - Compute,unallocated
2026-06-08T00:00:00Z,2026-06-09T00:00:00Z,True,2.1426608546,i-0123adb259751921f,Amazon Elastic Compute Cloud - Compute,unallocated
2026-06-08T00:00:00Z,2026-06-09T00:00:00Z,True,0.934003,i-014987823096f8141,Amazon Elastic Compute Cloud - Compute,unallocated
2026-06-08T00:00:00Z,2026-06-09T00:00:00Z,True,0.2618169319,i-0164db62659ef1a5e,Amazon Elastic Compute Cloud - Compute,unallocated
2026-06-08T00:00:00Z,2026-06-09T00:00:00Z,True,1.8590588954,i-0167d47cc38e3965a,Amazon Elastic Compute Cloud - Compute,unallocated
2026-06-08T00:00:00Z,2026-06-09T00:00:00Z,True,0.6083548023,i-01a61ab0bfed1acd3,Amazon Elastic Compute Cloud - Compute,unallocated
2026-06-08T00:00:00Z,2026-06-09T00:00:00Z,True,1.6157189069,i-01ce66faa72c3831d,Amazon Elastic Compute Cloud - Compute,unallocated
2026-06-08T00:00:00Z,2026-06-09T00:00:00Z,True,3.9936,i-01db42c813d037c0e,Amazon Elastic Compute Cloud - Compute,unallocated
2026-06-08T00:00:00Z,2026-06-09T00:00:00Z,True,0.1236011882,i-01dde42f7b15dfc0f,Amazon Elastic Compute Cloud - Compute,unallocated
2026-06-08T00:00:00Z,2026-06-09T00:00:00Z,True,0.1350249532,i-02acfeda2c1200822,Amazon Elastic Compute Cloud - Compute,unallocated
2026-06-08T00:00:00Z,2026-06-09T00:00:00Z,True,1.1048804592,i-02c165b6596f1760b,Amazon Elastic Compute Cloud - Compute,unallocated
2026-06-08T00:00:00Z,2026-06-09T00:00:00Z,True,0.0809859108,i-02f841c5aab74af02,Amazon Elastic Compute Cloud - Compute,unallocated
2026-06-08T00:00:00Z,2026-06-09T00:00:00Z,True,1.4515214328,i-036e395de62022548,Amazon Elastic Compute Cloud - Compute,unallocated
2026-06-08T00:00:00Z,2026-06-09T00:00:00Z,True,0.8307650793,i-03f1d350eeb3df6b2,Amazon Elastic Compute Cloud - Compute,unallocated
2026-06-08T00:00:00Z,2026-06-09T00:00:00Z,True,23.0861135997,i-043ad00ae9ed027b1,Amazon Elastic Compute Cloud - Compute,unallocated
2026-06-08T00:00:00Z,2026-06-09T00:00:00Z,True,0.8534855,i-043f90a5823595133,Amazon Elastic Compute Cloud - Compute,unallocated
2026-06-08T00:00:00Z,2026-06-09T00:00:00Z,True,0.4141479452,i-044affd201960d045,Amazon Elastic Compute Cloud - Compute,unallocated
2026-06-08T00:00:00Z,2026-06-09T00:00:00Z,True,1.0529885408,i-04566df0bf336be35,Amazon Elastic Compute Cloud - Compute,unallocated
2026-06-08T00:00:00Z,2026-06-09T00:00:00Z,True,1.1048804592,i-04828da90c22b62cc,Amazon Elastic Compute Cloud - Compute,unallocated
2026-06-08T00:00:00Z,2026-06-09T00:00:00Z,True,0.7531724328,i-04c0787dc65b25ebd,Amazon Elastic Compute Cloud - Compute,unallocated
2026-06-08T00:00:00Z,2026-06-09T00:00:00Z,True,1.4464599207,i-04cd6e5ed967a0788,Amazon Elastic Compute Cloud - Compute,unallocated
2026-06-08T00:00:00Z,2026-06-09T00:00:00Z,True,0.12488066,i-04d3a8c6aae87f818,Amazon Elastic Compute Cloud - Compute,dayhoff
2026-06-08T00:00:00Z,2026-06-09T00:00:00Z,True,50.8032343295,i-05374380b57fad901,Amazon Elastic Compute Cloud - Compute,unallocated
2026-06-08T00:00:00Z,2026-06-09T00:00:00Z,True,0.0419743193,i-05657d560f8b90ac0,Amazon Elastic Compute Cloud - Compute,unallocated
2026-06-08T00:00:00Z,2026-06-09T00:00:00Z,True,1.5289,i-056d33971ea8b4dfa,Amazon Elastic Compute Cloud - Compute,unallocated
2026-06-08T00:00:00Z,2026-06-09T00:00:00Z,True,0.6083548023,i-05820f67b4f401339,Amazon Elastic Compute Cloud - Compute,unallocated
2026-06-08T00:00:00Z,2026-06-09T00:00:00Z,True,1.8590588954,i-058594f97df7e6234,Amazon Elastic Compute Cloud - Compute,unallocated
2026-06-08T00:00:00Z,2026-06-09T00:00:00Z,True,0.2783147647,i-05aead71efb0c738c,Amazon Elastic Compute Cloud - Compute,unallocated
2026-06-08T00:00:00Z,2026-06-09T00:00:00Z,True,8.0025426796,i-05d2f91400f87bdb2,Amazon Elastic Compute Cloud - Compute,unallocated
2026-06-08T00:00:00Z,2026-06-09T00:00:00Z,True,7.8448981141,i-05de16a24310099c5,Amazon Elastic Compute Cloud - Compute,dayhoff
2026-06-08T00:00:00Z,2026-06-09T00:00:00Z,True,0.7050956586,i-06824546da3532e75,Amazon Elastic Compute Cloud - Compute,unallocated
2026-06-08T00:00:00Z,2026-06-09T00:00:00Z,True,7.2192223048,i-068f3aad2bedb9fa6,Amazon Elastic Compute Cloud - Compute,dayhoff
2026-06-08T00:00:00Z,2026-06-09T00:00:00Z,True,4.8389,i-06d14f8b8a97f5730,Amazon Elastic Compute Cloud - Compute,unallocated
2026-06-08T00:00:00Z,2026-06-09T00:00:00Z,True,0.8822151828,i-07443a34bfdb0c8e4,Amazon Elastic Compute Cloud - Compute,unallocated
2026-06-08T00:00:00Z,2026-06-09T00:00:00Z,True,0.4141479452,i-0786960f1e23ffca9,Amazon Elastic Compute Cloud - Compute,unallocated
2026-06-08T00:00:00Z,2026-06-09T00:00:00Z,True,0.9080570408,i-079c9d7bd972e0d65,Amazon Elastic Compute Cloud - Compute,unallocated
2026-06-08T00:00:00Z,2026-06-09T00:00:00Z,True,2.8608686586,i-07a44072b08c05302,Amazon Elastic Compute Cloud - Compute,unallocated
2026-06-08T00:00:00Z,2026-06-09T00:00:00Z,True,8.0095102685,i-07df3a933e4839f52,Amazon Elastic Compute Cloud - Compute,dayhoff
2026-06-08T00:00:00Z,2026-06-09T00:00:00Z,True,10.9775619227,i-07f808f18aff905e7,Amazon Elastic Compute Cloud - Compute,unallocated
2026-06-08T00:00:00Z,2026-06-09T00:00:00Z,True,2.5023035408,i-08263ab74372ff2dd,Amazon Elastic Compute Cloud - Compute,unallocated
2026-06-08T00:00:00Z,2026-06-09T00:00:00Z,True,1.9664177092,i-084018cddbe9fe8ae,Amazon Elastic Compute Cloud - Compute,unallocated
2026-06-08T00:00:00Z,2026-06-09T00:00:00Z,True,0.1749681214,i-088d74bdad7e8b3de,Amazon Elastic Compute Cloud - Compute,unallocated
2026-06-08T00:00:00Z,2026-06-09T00:00:00Z,True,1.5746585793,i-08c96cc6b86f7bc8b,Amazon Elastic Compute Cloud - Compute,unallocated
2026-06-08T00:00:00Z,2026-06-09T00:00:00Z,True,0.4383868356,i-08ccf25cf15f384ec,Amazon Elastic Compute Cloud - Compute,unallocated
2026-06-08T00:00:00Z,2026-06-09T00:00:00Z,True,0.0503874166,i-0904c289155a24b8e,Amazon Elastic Compute Cloud - Compute,unallocated
2026-06-08T00:00:00Z,2026-06-09T00:00:00Z,True,7.2195041458,i-09126000eb19643b0,Amazon Elastic Compute Cloud - Compute,dayhoff
2026-06-08T00:00:00Z,2026-06-09T00:00:00Z,True,0.7025664207,i-092ad71020f3ecbeb,Amazon Elastic Compute Cloud - Compute,unallocated
2026-06-08T00:00:00Z,2026-06-09T00:00:00Z,True,1.0677665121,i-098de04d25b04f07e,Amazon Elastic Compute Cloud - Compute,unallocated
2026-06-08T00:00:00Z,2026-06-09T00:00:00Z,True,0.4992,i-09f66b3f11ea42c60,Amazon Elastic Compute Cloud - Compute,unallocated
2026-06-08T00:00:00Z,2026-06-09T00:00:00Z,True,0.147,i-09f781852d9b63f79,Amazon Elastic Compute Cloud - Compute,unallocated
2026-06-08T00:00:00Z,2026-06-09T00:00:00Z,True,7.2194713978,i-0a70e6af119b993f3,Amazon Elastic Compute Cloud - Compute,dayhoff
2026-06-08T00:00:00Z,2026-06-09T00:00:00Z,True,0.0388308706,i-0a7c6036b25cbbc1b,Amazon Elastic Compute Cloud - Compute,unallocated
2026-06-08T00:00:00Z,2026-06-09T00:00:00Z,True,0.69579529,i-0a7e7b78e94db1d24,Amazon Elastic Compute Cloud - Compute,unallocated
2026-06-08T00:00:00Z,2026-06-09T00:00:00Z,True,0.2496,i-0ab7116abc8229a16,Amazon Elastic Compute Cloud - Compute,unallocated
2026-06-08T00:00:00Z,2026-06-09T00:00:00Z,True,5.2226,i-0aeefb9374d079f10,Amazon Elastic Compute Cloud - Compute,unallocated
2026-06-08T00:00:00Z,2026-06-09T00:00:00Z,True,1.4456069875,i-0b53077a10a63e1e6,Amazon Elastic Compute Cloud - Compute,unallocated
2026-06-08T00:00:00Z,2026-06-09T00:00:00Z,True,8.0025202371,i-0b6713cc15f74d360,Amazon Elastic Compute Cloud - Compute,dayhoff
2026-06-08T00:00:00Z,2026-06-09T00:00:00Z,True,0.90329925,i-0bc1249c88bed6a96,Amazon Elastic Compute Cloud - Compute,unallocated
2026-06-08T00:00:00Z,2026-06-09T00:00:00Z,True,1.0433060793,i-0bf23827faac9c462,Amazon Elastic Compute Cloud - Compute,unallocated
2026-06-08T00:00:00Z,2026-06-09T00:00:00Z,True,0.2496,i-0c0d07d66b039cebe,Amazon Elastic Compute Cloud - Compute,terrarium
2026-06-08T00:00:00Z,2026-06-09T00:00:00Z,True,0.0717412154,i-0c5ab5391f0772970,Amazon Elastic Compute Cloud - Compute,unallocated
2026-06-08T00:00:00Z,2026-06-09T00:00:00Z,True,2.0057811046,i-0c7d40a5f04e6afa5,Amazon Elastic Compute Cloud - Compute,unallocated
2026-06-08T00:00:00Z,2026-06-09T00:00:00Z,True,0.2496,i-0cc9dcb0db2f9d205,Amazon Elastic Compute Cloud - Compute,terrarium
2026-06-08T00:00:00Z,2026-06-09T00:00:00Z,True,1.4464599207,i-0ce7e82808f01869f,Amazon Elastic Compute Cloud - Compute,unallocated
2026-06-08T00:00:00Z,2026-06-09T00:00:00Z,True,2.0034,i-0cf3d8c9675292436,Amazon Elastic Compute Cloud - Compute,unallocated
2026-06-08T00:00:00Z,2026-06-09T00:00:00Z,True,1.5879854592,i-0cf4b058adae18227,Amazon Elastic Compute Cloud - Compute,unallocated
2026-06-08T00:00:00Z,2026-06-09T00:00:00Z,True,0.8653455,i-0d03d35512d69da2b,Amazon Elastic Compute Cloud - Compute,unallocated
2026-06-08T00:00:00Z,2026-06-09T00:00:00Z,True,0.9706835523,i-0d31b44dc745f0e72,Amazon Elastic Compute Cloud - Compute,unallocated
2026-06-08T00:00:00Z,2026-06-09T00:00:00Z,True,0.3057322957,i-0d4c365ffc617deec,Amazon Elastic Compute Cloud - Compute,unallocated
2026-06-08T00:00:00Z,2026-06-09T00:00:00Z,True,1.9664177092,i-0de1e73eb68ffb4b9,Amazon Elastic Compute Cloud - Compute,unallocated
2026-06-08T00:00:00Z,2026-06-09T00:00:00Z,True,8.0025298146,i-0de9e3f8d3208cf03,Amazon Elastic Compute Cloud - Compute,dayhoff
2026-06-08T00:00:00Z,2026-06-09T00:00:00Z,True,1.5083600931,i-0e0729e0bf81cb7db,Amazon Elastic Compute Cloud - Compute,unallocated
2026-06-08T00:00:00Z,2026-06-09T00:00:00Z,True,0.2612310657,i-0e2099eec0af324c6,Amazon Elastic Compute Cloud - Compute,unallocated
2026-06-08T00:00:00Z,2026-06-09T00:00:00Z,True,3.2102397864,i-0e275a07e9390e8a0,Amazon Elastic Compute Cloud - Compute,unallocated
2026-06-08T00:00:00Z,2026-06-09T00:00:00Z,True,2.176764161,i-0e534170c2e4e82e7,Amazon Elastic Compute Cloud - Compute,unallocated
2026-06-08T00:00:00Z,2026-06-09T00:00:00Z,True,0.155996736,i-0e62714389125362b,Amazon Elastic Compute Cloud - Compute,unallocated
2026-06-08T00:00:00Z,2026-06-09T00:00:00Z,True,8.002543589,i-0e70fab85d559c615,Amazon Elastic Compute Cloud - Compute,dayhoff
2026-06-08T00:00:00Z,2026-06-09T00:00:00Z,True,0.6406127808,i-0e8cef2324a062177,Amazon Elastic Compute Cloud - Compute,unallocated
2026-06-08T00:00:00Z,2026-06-09T00:00:00Z,True,1.5101508023,i-0e9b676b56410fc45,Amazon Elastic Compute Cloud - Compute,unallocated
2026-06-08T00:00:00Z,2026-06-09T00:00:00Z,True,0.8813710914,i-0eb55c053f9dd16d6,Amazon Elastic Compute Cloud - Compute,unallocated
2026-06-08T00:00:00Z,2026-06-09T00:00:00Z,True,0.8803235931,i-0edd54fb9eaef3327,Amazon Elastic Compute Cloud - Compute,unallocated
2026-06-08T00:00:00Z,2026-06-09T00:00:00Z,True,0.9626318023,i-0ee9136b5c714cdef,Amazon Elastic Compute Cloud - Compute,unallocated
2026-06-08T00:00:00Z,2026-06-09T00:00:00Z,True,0.2511456853,i-0f03dcaf59f26554f,Amazon Elastic Compute Cloud - Compute,unallocated
2026-06-08T00:00:00Z,2026-06-09T00:00:00Z,True,0.7118423172,i-0fbdc11f2b18ef2cc,Amazon Elastic Compute Cloud - Compute,unallocated
2026-06-08T00:00:00Z,2026-06-09T00:00:00Z,True,0.2016,i-0fec5d1a28b6d27aa,Amazon Elastic Compute Cloud - Compute,unallocated
2026-06-08T00:00:00Z,2026-06-09T00:00:00Z,True,0.1223746531,i-0ff825cb50708c4bc,Amazon Elastic Compute Cloud - Compute,unallocated
2026-06-09T00:00:00Z,2026-06-10T00:00:00Z,True,0.0,arn:aws:ec2:ap-south-1:108782052779:natgateway/nat-01dc061291fc51e75,Amazon Elastic Compute Cloud - Compute,unallocated
2026-06-09T00:00:00Z,2026-06-10T00:00:00Z,True,0.0,arn:aws:ec2:ap-south-1:108782052779:natgateway/nat-05f85018216cac061,Amazon Elastic Compute Cloud - Compute,unallocated
2026-06-09T00:00:00Z,2026-06-10T00:00:00Z,True,1.211e-07,arn:aws:ec2:eu-central-1:108782052779:natgateway/nat-0a2bfbfedf38f8e87,Amazon Elastic Compute Cloud - Compute,unallocated
2026-06-09T00:00:00Z,2026-06-10T00:00:00Z,True,7.75e-08,arn:aws:ec2:eu-central-1:108782052779:natgateway/nat-0ec6ae9605269bef4,Amazon Elastic Compute Cloud - Compute,unallocated
2026-06-09T00:00:00Z,2026-06-10T00:00:00Z,True,3.03e-08,arn:aws:ec2:us-east-1:108782052779:natgateway/nat-089a96601cfd34f9d,Amazon Elastic Compute Cloud - Compute,dayhoff
2026-06-09T00:00:00Z,2026-06-10T00:00:00Z,True,7.42e-08,arn:aws:ec2:us-west-2:108782052779:natgateway/nat-00246c8ef3b9087f1,Amazon Elastic Compute Cloud - Compute,dayhoff
2026-06-09T00:00:00Z,2026-06-10T00:00:00Z,True,0.0009247966,arn:aws:ec2:us-west-2:108782052779:natgateway/nat-00ac08b685fea726f,Amazon Elastic Compute Cloud - Compute,terrarium
2026-06-09T00:00:00Z,2026-06-10T00:00:00Z,True,0.000146069,arn:aws:ec2:us-west-2:108782052779:natgateway/nat-00f3c26e43ede9b10,Amazon Elastic Compute Cloud - Compute,unallocated
2026-06-09T00:00:00Z,2026-06-10T00:00:00Z,True,0.0002558375,arn:aws:ec2:us-west-2:108782052779:natgateway/nat-0234e77781575cced,Amazon Elastic Compute Cloud - Compute,terrarium
2026-06-09T00:00:00Z,2026-06-10T00:00:00Z,True,0.0030737305,arn:aws:ec2:us-west-2:171675361862:natgateway/nat-01432c586ef9dbf51,Amazon Elastic Compute Cloud - Compute,unallocated
2026-06-09T00:00:00Z,2026-06-10T00:00:00Z,True,0.3638838678,i-0086ffc6caea966a3,Amazon Elastic Compute Cloud - Compute,unallocated
2026-06-09T00:00:00Z,2026-06-10T00:00:00Z,True,0.2433906575,i-010250800c6a59269,Amazon Elastic Compute Cloud - Compute,unallocated
2026-06-09T00:00:00Z,2026-06-10T00:00:00Z,True,1.3721872339,i-01d39bf5d637a0f45,Amazon Elastic Compute Cloud - Compute,unallocated
2026-06-09T00:00:00Z,2026-06-10T00:00:00Z,True,3.9936,i-01db42c813d037c0e,Amazon Elastic Compute Cloud - Compute,unallocated
2026-06-09T00:00:00Z,2026-06-10T00:00:00Z,True,8.4618257936,i-02a232eb7ac297f5b,Amazon Elastic Compute Cloud - Compute,unallocated
2026-06-09T00:00:00Z,2026-06-10T00:00:00Z,True,0.6062907087,i-03a885b673b72f89d,Amazon Elastic Compute Cloud - Compute,unallocated
2026-06-09T00:00:00Z,2026-06-10T00:00:00Z,True,0.7109005152,i-043ad00ae9ed027b1,Amazon Elastic Compute Cloud - Compute,unallocated
2026-06-09T00:00:00Z,2026-06-10T00:00:00Z,True,0.12532663,i-04d3a8c6aae87f818,Amazon Elastic Compute Cloud - Compute,dayhoff
2026-06-09T00:00:00Z,2026-06-10T00:00:00Z,True,0.859358214,i-0503a9927d947e75d,Amazon Elastic Compute Cloud - Compute,unallocated
2026-06-09T00:00:00Z,2026-06-10T00:00:00Z,True,1.4376590167,i-05374380b57fad901,Amazon Elastic Compute Cloud - Compute,unallocated
2026-06-09T00:00:00Z,2026-06-10T00:00:00Z,True,3.0000412158,i-056d33971ea8b4dfa,Amazon Elastic Compute Cloud - Compute,unallocated
2026-06-09T00:00:00Z,2026-06-10T00:00:00Z,True,38.6565170017,i-05815cdeec4a6dad8,Amazon Elastic Compute Cloud - Compute,unallocated
2026-06-09T00:00:00Z,2026-06-10T00:00:00Z,True,1.4255604758,i-05d2f91400f87bdb2,Amazon Elastic Compute Cloud - Compute,unallocated
2026-06-09T00:00:00Z,2026-06-10T00:00:00Z,True,8.0031358902,i-05de16a24310099c5,Amazon Elastic Compute Cloud - Compute,dayhoff
2026-06-09T00:00:00Z,2026-06-10T00:00:00Z,True,4.9978627862,i-063a50c2a8952b078,Amazon Elastic Compute Cloud - Compute,unallocated
2026-06-09T00:00:00Z,2026-06-10T00:00:00Z,True,7.2192171023,i-068f3aad2bedb9fa6,Amazon Elastic Compute Cloud - Compute,dayhoff
2026-06-09T00:00:00Z,2026-06-10T00:00:00Z,True,9.4775227679,i-06d14f8b8a97f5730,Amazon Elastic Compute Cloud - Compute,unallocated
2026-06-09T00:00:00Z,2026-06-10T00:00:00Z,True,0.378423214,i-077fc2dd7f074ed7f,Amazon Elastic Compute Cloud - Compute,unallocated
2026-06-09T00:00:00Z,2026-06-10T00:00:00Z,True,8.0118418405,i-07df3a933e4839f52,Amazon Elastic Compute Cloud - Compute,dayhoff
2026-06-09T00:00:00Z,2026-06-10T00:00:00Z,True,12.7008203636,i-07f808f18aff905e7,Amazon Elastic Compute Cloud - Compute,unallocated
2026-06-09T00:00:00Z,2026-06-10T00:00:00Z,True,7.2195043418,i-09126000eb19643b0,Amazon Elastic Compute Cloud - Compute,dayhoff
2026-06-09T00:00:00Z,2026-06-10T00:00:00Z,True,0.3882114391,i-09253dde439fbb2f9,Amazon Elastic Compute Cloud - Compute,unallocated
2026-06-09T00:00:00Z,2026-06-10T00:00:00Z,True,0.4992,i-09f66b3f11ea42c60,Amazon Elastic Compute Cloud - Compute,unallocated
2026-06-09T00:00:00Z,2026-06-10T00:00:00Z,True,0.13083,i-09f781852d9b63f79,Amazon Elastic Compute Cloud - Compute,unallocated
2026-06-09T00:00:00Z,2026-06-10T00:00:00Z,True,2.7714625344,i-0a05109d03b0c73cb,Amazon Elastic Compute Cloud - Compute,unallocated
2026-06-09T00:00:00Z,2026-06-10T00:00:00Z,True,7.220452176,i-0a70e6af119b993f3,Amazon Elastic Compute Cloud - Compute,dayhoff
2026-06-09T00:00:00Z,2026-06-10T00:00:00Z,True,1.250265,i-0aa82a10cdc9dfc24,Amazon Elastic Compute Cloud - Compute,unallocated
2026-06-09T00:00:00Z,2026-06-10T00:00:00Z,True,0.2496,i-0ab7116abc8229a16,Amazon Elastic Compute Cloud - Compute,unallocated
2026-06-09T00:00:00Z,2026-06-10T00:00:00Z,True,1.2091905,i-0abbd7a2e2f46761a,Amazon Elastic Compute Cloud - Compute,unallocated
2026-06-09T00:00:00Z,2026-06-10T00:00:00Z,True,10.2290439248,i-0aeefb9374d079f10,Amazon Elastic Compute Cloud - Compute,unallocated
2026-06-09T00:00:00Z,2026-06-10T00:00:00Z,True,7.8417227122,i-0b6713cc15f74d360,Amazon Elastic Compute Cloud - Compute,dayhoff
2026-06-09T00:00:00Z,2026-06-10T00:00:00Z,True,0.2496,i-0c0d07d66b039cebe,Amazon Elastic Compute Cloud - Compute,terrarium
2026-06-09T00:00:00Z,2026-06-10T00:00:00Z,True,6.3508458968,i-0c1cd3ae81df3c27d,Amazon Elastic Compute Cloud - Compute,unallocated
2026-06-09T00:00:00Z,2026-06-10T00:00:00Z,True,0.2496,i-0cc9dcb0db2f9d205,Amazon Elastic Compute Cloud - Compute,terrarium
2026-06-09T00:00:00Z,2026-06-10T00:00:00Z,True,0.893710714,i-0cea0c306de87a04b,Amazon Elastic Compute Cloud - Compute,unallocated
2026-06-09T00:00:00Z,2026-06-10T00:00:00Z,True,3.9288897774,i-0cf3d8c9675292436,Amazon Elastic Compute Cloud - Compute,unallocated
2026-06-09T00:00:00Z,2026-06-10T00:00:00Z,True,14.4871294821,i-0dcebdc379d247898,Amazon Elastic Compute Cloud - Compute,unallocated
2026-06-09T00:00:00Z,2026-06-10T00:00:00Z,True,8.0031105947,i-0de9e3f8d3208cf03,Amazon Elastic Compute Cloud - Compute,dayhoff
2026-06-09T00:00:00Z,2026-06-10T00:00:00Z,True,1.4342549833,i-0e275a07e9390e8a0,Amazon Elastic Compute Cloud - Compute,unallocated
2026-06-09T00:00:00Z,2026-06-10T00:00:00Z,True,3.9875379808,i-0e5e3df7a4f2941a0,Amazon Elastic Compute Cloud - Compute,dayhoff
2026-06-09T00:00:00Z,2026-06-10T00:00:00Z,True,8.0031358459,i-0e70fab85d559c615,Amazon Elastic Compute Cloud - Compute,dayhoff
2026-06-09T00:00:00Z,2026-06-10T00:00:00Z,True,0.633995617,i-0eb2daf686884b78f,Amazon Elastic Compute Cloud - Compute,unallocated
2026-06-09T00:00:00Z,2026-06-10T00:00:00Z,True,2.9260992672,i-0f4241b9fb9004f8f,Amazon Elastic Compute Cloud - Compute,unallocated
2026-06-09T00:00:00Z,2026-06-10T00:00:00Z,True,0.2016,i-0fec5d1a28b6d27aa,Amazon Elastic Compute Cloud - Compute,unallocated
2026-06-10T00:00:00Z,2026-06-11T00:00:00Z,True,0.0,arn:aws:ec2:ap-south-1:108782052779:natgateway/nat-01dc061291fc51e75,Amazon Elastic Compute Cloud - Compute,unallocated
2026-06-10T00:00:00Z,2026-06-11T00:00:00Z,True,0.0,arn:aws:ec2:ap-south-1:108782052779:natgateway/nat-05f85018216cac061,Amazon Elastic Compute Cloud - Compute,unallocated
2026-06-10T00:00:00Z,2026-06-11T00:00:00Z,True,1.113e-07,arn:aws:ec2:eu-central-1:108782052779:natgateway/nat-0a2bfbfedf38f8e87,Amazon Elastic Compute Cloud - Compute,unallocated
2026-06-10T00:00:00Z,2026-06-11T00:00:00Z,True,1.347e-07,arn:aws:ec2:eu-central-1:108782052779:natgateway/nat-0ec6ae9605269bef4,Amazon Elastic Compute Cloud - Compute,unallocated
2026-06-10T00:00:00Z,2026-06-11T00:00:00Z,True,1.213e-07,arn:aws:ec2:us-east-1:108782052779:natgateway/nat-089a96601cfd34f9d,Amazon Elastic Compute Cloud - Compute,dayhoff
2026-06-10T00:00:00Z,2026-06-11T00:00:00Z,True,1.178e-07,arn:aws:ec2:us-west-2:108782052779:natgateway/nat-00246c8ef3b9087f1,Amazon Elastic Compute Cloud - Compute,dayhoff
2026-06-10T00:00:00Z,2026-06-11T00:00:00Z,True,0.0003826988,arn:aws:ec2:us-west-2:108782052779:natgateway/nat-00ac08b685fea726f,Amazon Elastic Compute Cloud - Compute,terrarium
2026-06-10T00:00:00Z,2026-06-11T00:00:00Z,True,0.0002620161,arn:aws:ec2:us-west-2:108782052779:natgateway/nat-00f3c26e43ede9b10,Amazon Elastic Compute Cloud - Compute,unallocated
2026-06-10T00:00:00Z,2026-06-11T00:00:00Z,True,5.59384e-05,arn:aws:ec2:us-west-2:108782052779:natgateway/nat-0234e77781575cced,Amazon Elastic Compute Cloud - Compute,terrarium
2026-06-10T00:00:00Z,2026-06-11T00:00:00Z,True,0.0025781463,arn:aws:ec2:us-west-2:171675361862:natgateway/nat-01432c586ef9dbf51,Amazon Elastic Compute Cloud - Compute,unallocated
2026-06-10T00:00:00Z,2026-06-11T00:00:00Z,True,0.9017745447,i-0039a4faba0c4ff8a,Amazon Elastic Compute Cloud - Compute,unallocated
2026-06-10T00:00:00Z,2026-06-11T00:00:00Z,True,3.2285386518,i-003f21b885a03f1c3,Amazon Elastic Compute Cloud - Compute,unallocated
2026-06-10T00:00:00Z,2026-06-11T00:00:00Z,True,0.4244489956,i-007deaacfbb28910f,Amazon Elastic Compute Cloud - Compute,unallocated
2026-06-10T00:00:00Z,2026-06-11T00:00:00Z,True,0.3958956235,i-00d66192258f047ef,Amazon Elastic Compute Cloud - Compute,unallocated
2026-06-10T00:00:00Z,2026-06-11T00:00:00Z,True,3.9936,i-01db42c813d037c0e,Amazon Elastic Compute Cloud - Compute,unallocated
2026-06-10T00:00:00Z,2026-06-11T00:00:00Z,True,4.0982411568,i-0234861b8a8a33e67,Amazon Elastic Compute Cloud - Compute,unallocated
2026-06-10T00:00:00Z,2026-06-11T00:00:00Z,True,0.8801541084,i-02b74bf216713afac,Amazon Elastic Compute Cloud - Compute,unallocated
2026-06-10T00:00:00Z,2026-06-11T00:00:00Z,True,1.08609375,i-02e04e3e7ddecd645,Amazon Elastic Compute Cloud - Compute,unallocated
2026-06-10T00:00:00Z,2026-06-11T00:00:00Z,True,0.8699360033,i-03aaa1051cbb8893e,Amazon Elastic Compute Cloud - Compute,unallocated
2026-06-10T00:00:00Z,2026-06-11T00:00:00Z,True,2.982189243,i-03f85b832cab45fab,Amazon Elastic Compute Cloud - Compute,unallocated
2026-06-10T00:00:00Z,2026-06-11T00:00:00Z,True,1.7778895846,i-0495ea4a74255506e,Amazon Elastic Compute Cloud - Compute,unallocated
2026-06-10T00:00:00Z,2026-06-11T00:00:00Z,True,2.7899880268,i-04ca49be7a7022eda,Amazon Elastic Compute Cloud - Compute,unallocated
2026-06-10T00:00:00Z,2026-06-11T00:00:00Z,True,0.1250073771,i-04d3a8c6aae87f818,Amazon Elastic Compute Cloud - Compute,dayhoff
2026-06-10T00:00:00Z,2026-06-11T00:00:00Z,True,6.0951742265,i-0568323b18063533a,Amazon Elastic Compute Cloud - Compute,unallocated
2026-06-10T00:00:00Z,2026-06-11T00:00:00Z,True,50.8040779903,i-05815cdeec4a6dad8,Amazon Elastic Compute Cloud - Compute,unallocated
2026-06-10T00:00:00Z,2026-06-11T00:00:00Z,True,7.6017924418,i-05de16a24310099c5,Amazon Elastic Compute Cloud - Compute,dayhoff
2026-06-10T00:00:00Z,2026-06-11T00:00:00Z,True,3.84146025,i-06221d0b730861475,Amazon Elastic Compute Cloud - Compute,unallocated
2026-06-10T00:00:00Z,2026-06-11T00:00:00Z,True,7.2192197749,i-068f3aad2bedb9fa6,Amazon Elastic Compute Cloud - Compute,dayhoff
2026-06-10T00:00:00Z,2026-06-11T00:00:00Z,True,0.4842499458,i-07baa73601353b32d,Amazon Elastic Compute Cloud - Compute,unallocated
2026-06-10T00:00:00Z,2026-06-11T00:00:00Z,True,7.9880473527,i-07df3a933e4839f52,Amazon Elastic Compute Cloud - Compute,dayhoff
2026-06-10T00:00:00Z,2026-06-11T00:00:00Z,True,12.7008255592,i-07f808f18aff905e7,Amazon Elastic Compute Cloud - Compute,unallocated
2026-06-10T00:00:00Z,2026-06-11T00:00:00Z,True,1.4252250417,i-0843395fc6d86787e,Amazon Elastic Compute Cloud - Compute,unallocated
2026-06-10T00:00:00Z,2026-06-11T00:00:00Z,True,0.3409718697,i-084a99847aaf0d367,Amazon Elastic Compute Cloud - Compute,unallocated
2026-06-10T00:00:00Z,2026-06-11T00:00:00Z,True,5.0272171716,i-08f1c02a7cc96ad42,Amazon Elastic Compute Cloud - Compute,unallocated
2026-06-10T00:00:00Z,2026-06-11T00:00:00Z,True,1.026015,i-08f245297d53842f0,Amazon Elastic Compute Cloud - Compute,unallocated
2026-06-10T00:00:00Z,2026-06-11T00:00:00Z,True,7.2195085257,i-09126000eb19643b0,Amazon Elastic Compute Cloud - Compute,dayhoff
2026-06-10T00:00:00Z,2026-06-11T00:00:00Z,True,0.8861517723,i-097ed626320ea5ace,Amazon Elastic Compute Cloud - Compute,unallocated
2026-06-10T00:00:00Z,2026-06-11T00:00:00Z,True,0.4992,i-09f66b3f11ea42c60,Amazon Elastic Compute Cloud - Compute,unallocated
2026-06-10T00:00:00Z,2026-06-11T00:00:00Z,True,7.2194265116,i-0a70e6af119b993f3,Amazon Elastic Compute Cloud - Compute,dayhoff
2026-06-10T00:00:00Z,2026-06-11T00:00:00Z,True,0.2496,i-0ab7116abc8229a16,Amazon Elastic Compute Cloud - Compute,unallocated
2026-06-10T00:00:00Z,2026-06-11T00:00:00Z,True,0.6743251647,i-0b538f6cb0045aa23,Amazon Elastic Compute Cloud - Compute,unallocated
2026-06-10T00:00:00Z,2026-06-11T00:00:00Z,True,0.422772,i-0b539656eb171738e,Amazon Elastic Compute Cloud - Compute,unallocated
2026-06-10T00:00:00Z,2026-06-11T00:00:00Z,True,8.0037170639,i-0b6713cc15f74d360,Amazon Elastic Compute Cloud - Compute,dayhoff
2026-06-10T00:00:00Z,2026-06-11T00:00:00Z,True,2.5122490954,i-0bfb56c624f542175,Amazon Elastic Compute Cloud - Compute,unallocated
2026-06-10T00:00:00Z,2026-06-11T00:00:00Z,True,0.2496,i-0c0d07d66b039cebe,Amazon Elastic Compute Cloud - Compute,terrarium
2026-06-10T00:00:00Z,2026-06-11T00:00:00Z,True,1.88890075,i-0c3e8789af1fd0867,Amazon Elastic Compute Cloud - Compute,unallocated
2026-06-10T00:00:00Z,2026-06-11T00:00:00Z,True,0.4201990542,i-0c3ecbdf8d2ed28d3,Amazon Elastic Compute Cloud - Compute,unallocated
2026-06-10T00:00:00Z,2026-06-11T00:00:00Z,True,7.9065466572,i-0c768ba13954bc817,Amazon Elastic Compute Cloud - Compute,unallocated
2026-06-10T00:00:00Z,2026-06-11T00:00:00Z,True,0.2496,i-0cc9dcb0db2f9d205,Amazon Elastic Compute Cloud - Compute,terrarium
2026-06-10T00:00:00Z,2026-06-11T00:00:00Z,True,8.0037061308,i-0de9e3f8d3208cf03,Amazon Elastic Compute Cloud - Compute,dayhoff
2026-06-10T00:00:00Z,2026-06-11T00:00:00Z,True,0.3392128803,i-0dfa63f3d3b18c6dc,Amazon Elastic Compute Cloud - Compute,unallocated
2026-06-10T00:00:00Z,2026-06-11T00:00:00Z,True,5.919786547,i-0e11fd77bb044e2cc,Amazon Elastic Compute Cloud - Compute,unallocated
2026-06-10T00:00:00Z,2026-06-11T00:00:00Z,True,7.866355996,i-0e5e3df7a4f2941a0,Amazon Elastic Compute Cloud - Compute,dayhoff
2026-06-10T00:00:00Z,2026-06-11T00:00:00Z,True,8.0037271183,i-0e70fab85d559c615,Amazon Elastic Compute Cloud - Compute,dayhoff
2026-06-10T00:00:00Z,2026-06-11T00:00:00Z,True,7.9713571419,i-0f0d6d4010b096fdd,Amazon Elastic Compute Cloud - Compute,unallocated
2026-06-10T00:00:00Z,2026-06-11T00:00:00Z,True,0.3500733348,i-0f3a56d642391b542,Amazon Elastic Compute Cloud - Compute,unallocated
2026-06-10T00:00:00Z,2026-06-11T00:00:00Z,True,0.91677309,i-0fb62931499b33c41,Amazon Elastic Compute Cloud - Compute,unallocated
2026-06-10T00:00:00Z,2026-06-11T00:00:00Z,True,0.2016,i-0fec5d1a28b6d27aa,Amazon Elastic Compute Cloud - Compute,unallocated
2026-06-11T00:00:00Z,2026-06-12T00:00:00Z,True,0.0,arn:aws:ec2:ap-south-1:108782052779:natgateway/nat-01dc061291fc51e75,Amazon Elastic Compute Cloud - Compute,unallocated
2026-06-11T00:00:00Z,2026-06-12T00:00:00Z,True,0.0,arn:aws:ec2:ap-south-1:108782052779:natgateway/nat-05f85018216cac061,Amazon Elastic Compute Cloud - Compute,unallocated
2026-06-11T00:00:00Z,2026-06-12T00:00:00Z,True,8.75e-08,arn:aws:ec2:eu-central-1:108782052779:natgateway/nat-0a2bfbfedf38f8e87,Amazon Elastic Compute Cloud - Compute,unallocated
2026-06-11T00:00:00Z,2026-06-12T00:00:00Z,True,1.312e-07,arn:aws:ec2:eu-central-1:108782052779:natgateway/nat-0ec6ae9605269bef4,Amazon Elastic Compute Cloud - Compute,unallocated
2026-06-11T00:00:00Z,2026-06-12T00:00:00Z,True,1.211e-07,arn:aws:ec2:us-east-1:108782052779:natgateway/nat-089a96601cfd34f9d,Amazon Elastic Compute Cloud - Compute,dayhoff
2026-06-11T00:00:00Z,2026-06-12T00:00:00Z,True,1.379e-07,arn:aws:ec2:us-west-2:108782052779:natgateway/nat-00246c8ef3b9087f1,Amazon Elastic Compute Cloud - Compute,dayhoff
2026-06-11T00:00:00Z,2026-06-12T00:00:00Z,True,0.0002482173,arn:aws:ec2:us-west-2:108782052779:natgateway/nat-00ac08b685fea726f,Amazon Elastic Compute Cloud - Compute,terrarium
2026-06-11T00:00:00Z,2026-06-12T00:00:00Z,True,6.90695e-05,arn:aws:ec2:us-west-2:108782052779:natgateway/nat-00f3c26e43ede9b10,Amazon Elastic Compute Cloud - Compute,unallocated
2026-06-11T00:00:00Z,2026-06-12T00:00:00Z,True,5.45671e-05,arn:aws:ec2:us-west-2:108782052779:natgateway/nat-0234e77781575cced,Amazon Elastic Compute Cloud - Compute,terrarium
2026-06-11T00:00:00Z,2026-06-12T00:00:00Z,True,0.0020540602,arn:aws:ec2:us-west-2:171675361862:natgateway/nat-01432c586ef9dbf51,Amazon Elastic Compute Cloud - Compute,unallocated
2026-06-11T00:00:00Z,2026-06-12T00:00:00Z,True,0.8552858587,i-0148fd5bdcb69d66e,Amazon Elastic Compute Cloud - Compute,unallocated
2026-06-11T00:00:00Z,2026-06-12T00:00:00Z,True,1.8617231087,i-01a8c86ef5f1deb80,Amazon Elastic Compute Cloud - Compute,unallocated
2026-06-11T00:00:00Z,2026-06-12T00:00:00Z,True,3.9936,i-01db42c813d037c0e,Amazon Elastic Compute Cloud - Compute,unallocated
2026-06-11T00:00:00Z,2026-06-12T00:00:00Z,True,0.9548236087,i-03631d2aedef89c09,Amazon Elastic Compute Cloud - Compute,unallocated
2026-06-11T00:00:00Z,2026-06-12T00:00:00Z,True,0.124980794,i-04d3a8c6aae87f818,Amazon Elastic Compute Cloud - Compute,dayhoff
2026-06-11T00:00:00Z,2026-06-12T00:00:00Z,True,2.3689641492,i-0548aa4ae635d5f80,Amazon Elastic Compute Cloud - Compute,unallocated
2026-06-11T00:00:00Z,2026-06-12T00:00:00Z,True,50.8037934296,i-05815cdeec4a6dad8,Amazon Elastic Compute Cloud - Compute,unallocated
2026-06-11T00:00:00Z,2026-06-12T00:00:00Z,True,8.0043071141,i-05de16a24310099c5,Amazon Elastic Compute Cloud - Compute,dayhoff
2026-06-11T00:00:00Z,2026-06-12T00:00:00Z,True,7.2192162576,i-068f3aad2bedb9fa6,Amazon Elastic Compute Cloud - Compute,dayhoff
2026-06-11T00:00:00Z,2026-06-12T00:00:00Z,True,7.9880569012,i-07df3a933e4839f52,Amazon Elastic Compute Cloud - Compute,dayhoff
2026-06-11T00:00:00Z,2026-06-12T00:00:00Z,True,12.7008181949,i-07f808f18aff905e7,Amazon Elastic Compute Cloud - Compute,unallocated
2026-06-11T00:00:00Z,2026-06-12T00:00:00Z,True,7.2195394426,i-09126000eb19643b0,Amazon Elastic Compute Cloud - Compute,dayhoff
2026-06-11T00:00:00Z,2026-06-12T00:00:00Z,True,0.4992,i-09f66b3f11ea42c60,Amazon Elastic Compute Cloud - Compute,unallocated
2026-06-11T00:00:00Z,2026-06-12T00:00:00Z,True,7.2195648559,i-0a70e6af119b993f3,Amazon Elastic Compute Cloud - Compute,dayhoff
2026-06-11T00:00:00Z,2026-06-12T00:00:00Z,True,0.2496,i-0ab7116abc8229a16,Amazon Elastic Compute Cloud - Compute,unallocated
2026-06-11T00:00:00Z,2026-06-12T00:00:00Z,True,8.004310995,i-0b6713cc15f74d360,Amazon Elastic Compute Cloud - Compute,dayhoff
2026-06-11T00:00:00Z,2026-06-12T00:00:00Z,True,0.8528305942,i-0bf4f80941ff546bf,Amazon Elastic Compute Cloud - Compute,unallocated
2026-06-11T00:00:00Z,2026-06-12T00:00:00Z,True,0.2496,i-0c0d07d66b039cebe,Amazon Elastic Compute Cloud - Compute,terrarium
2026-06-11T00:00:00Z,2026-06-12T00:00:00Z,True,1.1661887029,i-0c7737740b1e51c0d,Amazon Elastic Compute Cloud - Compute,unallocated
2026-06-11T00:00:00Z,2026-06-12T00:00:00Z,True,1.9833803587,i-0cbd29e15a6d1f0b2,Amazon Elastic Compute Cloud - Compute,unallocated
2026-06-11T00:00:00Z,2026-06-12T00:00:00Z,True,0.2496,i-0cc9dcb0db2f9d205,Amazon Elastic Compute Cloud - Compute,terrarium
2026-06-11T00:00:00Z,2026-06-12T00:00:00Z,True,8.004372222,i-0de9e3f8d3208cf03,Amazon Elastic Compute Cloud - Compute,dayhoff
2026-06-11T00:00:00Z,2026-06-12T00:00:00Z,True,8.0609099307,i-0e5e3df7a4f2941a0,Amazon Elastic Compute Cloud - Compute,dayhoff
2026-06-11T00:00:00Z,2026-06-12T00:00:00Z,True,8.004346155,i-0e70fab85d559c615,Amazon Elastic Compute Cloud - Compute,dayhoff
2026-06-11T00:00:00Z,2026-06-12T00:00:00Z,True,0.2016,i-0fec5d1a28b6d27aa,Amazon Elastic Compute Cloud - Compute,unallocated
2026-06-12T00:00:00Z,2026-06-13T00:00:00Z,True,0.0,arn:aws:ec2:ap-south-1:108782052779:natgateway/nat-01dc061291fc51e75,Amazon Elastic Compute Cloud - Compute,unallocated
2026-06-12T00:00:00Z,2026-06-13T00:00:00Z,True,0.0,arn:aws:ec2:ap-south-1:108782052779:natgateway/nat-05f85018216cac061,Amazon Elastic Compute Cloud - Compute,unallocated
2026-06-12T00:00:00Z,2026-06-13T00:00:00Z,True,2.888e-07,arn:aws:ec2:eu-central-1:108782052779:natgateway/nat-0a2bfbfedf38f8e87,Amazon Elastic Compute Cloud - Compute,unallocated
2026-06-12T00:00:00Z,2026-06-13T00:00:00Z,True,1.717e-07,arn:aws:ec2:eu-central-1:108782052779:natgateway/nat-0ec6ae9605269bef4,Amazon Elastic Compute Cloud - Compute,unallocated
2026-06-12T00:00:00Z,2026-06-13T00:00:00Z,True,1.747e-07,arn:aws:ec2:us-east-1:108782052779:natgateway/nat-089a96601cfd34f9d,Amazon Elastic Compute Cloud - Compute,dayhoff
2026-06-12T00:00:00Z,2026-06-13T00:00:00Z,True,3.394e-07,arn:aws:ec2:us-west-2:108782052779:natgateway/nat-00246c8ef3b9087f1,Amazon Elastic Compute Cloud - Compute,dayhoff
2026-06-12T00:00:00Z,2026-06-13T00:00:00Z,True,3.61302e-05,arn:aws:ec2:us-west-2:108782052779:natgateway/nat-00ac08b685fea726f,Amazon Elastic Compute Cloud - Compute,terrarium
2026-06-12T00:00:00Z,2026-06-13T00:00:00Z,True,0.0012507363,arn:aws:ec2:us-west-2:108782052779:natgateway/nat-00f3c26e43ede9b10,Amazon Elastic Compute Cloud - Compute,unallocated
2026-06-12T00:00:00Z,2026-06-13T00:00:00Z,True,5.47365e-05,arn:aws:ec2:us-west-2:108782052779:natgateway/nat-0234e77781575cced,Amazon Elastic Compute Cloud - Compute,terrarium
2026-06-12T00:00:00Z,2026-06-13T00:00:00Z,True,0.0038933493,arn:aws:ec2:us-west-2:171675361862:natgateway/nat-01432c586ef9dbf51,Amazon Elastic Compute Cloud - Compute,unallocated
2026-06-12T00:00:00Z,2026-06-13T00:00:00Z,True,1.1464311131,i-001564707bb1e23bb,Amazon Elastic Compute Cloud - Compute,unallocated
2026-06-12T00:00:00Z,2026-06-13T00:00:00Z,True,4.6382012578,i-003c41b0f4e21fa08,Amazon Elastic Compute Cloud - Compute,unallocated
2026-06-12T00:00:00Z,2026-06-13T00:00:00Z,True,3.5760557525,i-003df34f6fe9fdaaf,Amazon Elastic Compute Cloud - Compute,unallocated
2026-06-12T00:00:00Z,2026-06-13T00:00:00Z,True,0.7861888928,i-00503f91fbbd76317,Amazon Elastic Compute Cloud - Compute,unallocated
2026-06-12T00:00:00Z,2026-06-13T00:00:00Z,True,0.4575805,i-009990559cd4b8292,Amazon Elastic Compute Cloud - Compute,unallocated
2026-06-12T00:00:00Z,2026-06-13T00:00:00Z,True,37.8224066358,i-00a87b8f94eff1e2c,Amazon Elastic Compute Cloud - Compute,unallocated
2026-06-12T00:00:00Z,2026-06-13T00:00:00Z,True,0.4518738923,i-00c1ecb7cd23fa512,Amazon Elastic Compute Cloud - Compute,unallocated
2026-06-12T00:00:00Z,2026-06-13T00:00:00Z,True,0.9399115268,i-00c5104df1c2d09d2,Amazon Elastic Compute Cloud - Compute,unallocated
2026-06-12T00:00:00Z,2026-06-13T00:00:00Z,True,0.9769431087,i-010f8de065149bf0e,Amazon Elastic Compute Cloud - Compute,unallocated
2026-06-12T00:00:00Z,2026-06-13T00:00:00Z,True,1.9124514196,i-013d7dd4fef9fa4ce,Amazon Elastic Compute Cloud - Compute,unallocated
2026-06-12T00:00:00Z,2026-06-13T00:00:00Z,True,0.4523879464,i-01460da95693c7577,Amazon Elastic Compute Cloud - Compute,unallocated
2026-06-12T00:00:00Z,2026-06-13T00:00:00Z,True,3.9936,i-01db42c813d037c0e,Amazon Elastic Compute Cloud - Compute,unallocated
2026-06-12T00:00:00Z,2026-06-13T00:00:00Z,True,50.8257221031,i-020a7f2f723e6b316,Amazon Elastic Compute Cloud - Compute,unallocated
2026-06-12T00:00:00Z,2026-06-13T00:00:00Z,True,6.0410917776,i-029c81b4febdeee71,Amazon Elastic Compute Cloud - Compute,unallocated
2026-06-12T00:00:00Z,2026-06-13T00:00:00Z,True,0.2620899358,i-02efb01cdf28f7c43,Amazon Elastic Compute Cloud - Compute,unallocated
2026-06-12T00:00:00Z,2026-06-13T00:00:00Z,True,0.8344055,i-02fdda9bd04037cac,Amazon Elastic Compute Cloud - Compute,unallocated
2026-06-12T00:00:00Z,2026-06-13T00:00:00Z,True,0.5722285804,i-0334beb9942013222,Amazon Elastic Compute Cloud - Compute,unallocated
2026-06-12T00:00:00Z,2026-06-13T00:00:00Z,True,1.8750542419,i-038558cdb335ec451,Amazon Elastic Compute Cloud - Compute,unallocated
2026-06-12T00:00:00Z,2026-06-13T00:00:00Z,True,0.4315295692,i-03a4723a0460f3ab7,Amazon Elastic Compute Cloud - Compute,unallocated
2026-06-12T00:00:00Z,2026-06-13T00:00:00Z,True,0.7662754654,i-03ae1048e4dafafa7,Amazon Elastic Compute Cloud - Compute,unallocated
2026-06-12T00:00:00Z,2026-06-13T00:00:00Z,True,0.4439401369,i-03f951c97686bba6c,Amazon Elastic Compute Cloud - Compute,unallocated
2026-06-12T00:00:00Z,2026-06-13T00:00:00Z,True,0.4222839654,i-04c58d5b320aa9731,Amazon Elastic Compute Cloud - Compute,unallocated
2026-06-12T00:00:00Z,2026-06-13T00:00:00Z,True,0.1249923863,i-04d3a8c6aae87f818,Amazon Elastic Compute Cloud - Compute,dayhoff
2026-06-12T00:00:00Z,2026-06-13T00:00:00Z,True,2.0510521369,i-0523761798e5f7658,Amazon Elastic Compute Cloud - Compute,unallocated
2026-06-12T00:00:00Z,2026-06-13T00:00:00Z,True,50.8082969061,i-05815cdeec4a6dad8,Amazon Elastic Compute Cloud - Compute,unallocated
2026-06-12T00:00:00Z,2026-06-13T00:00:00Z,True,35.7254827716,i-059012a0fd81efc97,Amazon Elastic Compute Cloud - Compute,unallocated
2026-06-12T00:00:00Z,2026-06-13T00:00:00Z,True,8.0048747332,i-05de16a24310099c5,Amazon Elastic Compute Cloud - Compute,dayhoff
2026-06-12T00:00:00Z,2026-06-13T00:00:00Z,True,4.9149731366,i-05edcb15042474b6c,Amazon Elastic Compute Cloud - Compute,unallocated
2026-06-12T00:00:00Z,2026-06-13T00:00:00Z,True,0.4442314196,i-0688d0dbe1ee79ee8,Amazon Elastic Compute Cloud - Compute,unallocated
2026-06-12T00:00:00Z,2026-06-13T00:00:00Z,True,7.2192155969,i-068f3aad2bedb9fa6,Amazon Elastic Compute Cloud - Compute,dayhoff
2026-06-12T00:00:00Z,2026-06-13T00:00:00Z,True,0.4259813192,i-06a63dbec67038307,Amazon Elastic Compute Cloud - Compute,unallocated
2026-06-12T00:00:00Z,2026-06-13T00:00:00Z,True,2.2693024107,i-06b08fdba98ccd85d,Amazon Elastic Compute Cloud - Compute,unallocated
2026-06-12T00:00:00Z,2026-06-13T00:00:00Z,True,0.7529675232,i-07a2fd655693d6c87,Amazon Elastic Compute Cloud - Compute,unallocated
2026-06-12T00:00:00Z,2026-06-13T00:00:00Z,True,8.0073594801,i-07df3a933e4839f52,Amazon Elastic Compute Cloud - Compute,dayhoff
2026-06-12T00:00:00Z,2026-06-13T00:00:00Z,True,1.1710036261,i-07f808f18aff905e7,Amazon Elastic Compute Cloud - Compute,unallocated
2026-06-12T00:00:00Z,2026-06-13T00:00:00Z,True,1.5400944048,i-0829862e58fd19e86,Amazon Elastic Compute Cloud - Compute,unallocated
2026-06-12T00:00:00Z,2026-06-13T00:00:00Z,True,0.3166216281,i-08322ad47164d07ec,Amazon Elastic Compute Cloud - Compute,unallocated
2026-06-12T00:00:00Z,2026-06-13T00:00:00Z,True,0.4185843923,i-08367ead2de27b6bf,Amazon Elastic Compute Cloud - Compute,unallocated
2026-06-12T00:00:00Z,2026-06-13T00:00:00Z,True,0.4561511072,i-083e01497d59e48e9,Amazon Elastic Compute Cloud - Compute,unallocated
2026-06-12T00:00:00Z,2026-06-13T00:00:00Z,True,0.7427937738,i-08f7179a1df017ab8,Amazon Elastic Compute Cloud - Compute,unallocated
2026-06-12T00:00:00Z,2026-06-13T00:00:00Z,True,7.2195420405,i-09126000eb19643b0,Amazon Elastic Compute Cloud - Compute,dayhoff
2026-06-12T00:00:00Z,2026-06-13T00:00:00Z,True,6.0157292154,i-097d07168c3862648,Amazon Elastic Compute Cloud - Compute,unallocated
2026-06-12T00:00:00Z,2026-06-13T00:00:00Z,True,0.7661104196,i-09b911b36a0789615,Amazon Elastic Compute Cloud - Compute,unallocated
2026-06-12T00:00:00Z,2026-06-13T00:00:00Z,True,0.4992,i-09f66b3f11ea42c60,Amazon Elastic Compute Cloud - Compute,unallocated
2026-06-12T00:00:00Z,2026-06-13T00:00:00Z,True,1.089871,i-0a1a7296554381f8b,Amazon Elastic Compute Cloud - Compute,unallocated
2026-06-12T00:00:00Z,2026-06-13T00:00:00Z,True,0.3502455096,i-0a1b9d88d89e93bf3,Amazon Elastic Compute Cloud - Compute,unallocated
2026-06-12T00:00:00Z,2026-06-13T00:00:00Z,True,1.6356131558,i-0a38543a225eecfb7,Amazon Elastic Compute Cloud - Compute,unallocated
2026-06-12T00:00:00Z,2026-06-13T00:00:00Z,True,0.9864632024,i-0a3d1153cedfe0ab6,Amazon Elastic Compute Cloud - Compute,unallocated
2026-06-12T00:00:00Z,2026-06-13T00:00:00Z,True,1.5830582238,i-0a4c99c4a85868776,Amazon Elastic Compute Cloud - Compute,unallocated
2026-06-12T00:00:00Z,2026-06-13T00:00:00Z,True,1.9566835731,i-0a5dee8581e5cba22,Amazon Elastic Compute Cloud - Compute,unallocated
2026-06-12T00:00:00Z,2026-06-13T00:00:00Z,True,7.2193551301,i-0a70e6af119b993f3,Amazon Elastic Compute Cloud - Compute,dayhoff
2026-06-12T00:00:00Z,2026-06-13T00:00:00Z,True,0.2496,i-0ab7116abc8229a16,Amazon Elastic Compute Cloud - Compute,unallocated
2026-06-12T00:00:00Z,2026-06-13T00:00:00Z,True,0.4414602738,i-0ac11645fc12ef7f1,Amazon Elastic Compute Cloud - Compute,unallocated
2026-06-12T00:00:00Z,2026-06-13T00:00:00Z,True,0.98099025,i-0b079824b466bccb1,Amazon Elastic Compute Cloud - Compute,unallocated
2026-06-12T00:00:00Z,2026-06-13T00:00:00Z,True,2.4981369464,i-0b0fc0cb81afb7c03,Amazon Elastic Compute Cloud - Compute,unallocated
2026-06-12T00:00:00Z,2026-06-13T00:00:00Z,True,35.9219029074,i-0b39091c79f334f9b,Amazon Elastic Compute Cloud - Compute,unallocated
2026-06-12T00:00:00Z,2026-06-13T00:00:00Z,True,8.004904483,i-0b6713cc15f74d360,Amazon Elastic Compute Cloud - Compute,dayhoff
2026-06-12T00:00:00Z,2026-06-13T00:00:00Z,True,3.2870608988,i-0b88027b108e80c1d,Amazon Elastic Compute Cloud - Compute,unallocated
2026-06-12T00:00:00Z,2026-06-13T00:00:00Z,True,1.4896528634,i-0b9d3630f1faa56ec,Amazon Elastic Compute Cloud - Compute,unallocated
2026-06-12T00:00:00Z,2026-06-13T00:00:00Z,True,2.5658600567,i-0ba8993480956c094,Amazon Elastic Compute Cloud - Compute,unallocated
2026-06-12T00:00:00Z,2026-06-13T00:00:00Z,True,0.89583975,i-0bb48b448e4f8fa74,Amazon Elastic Compute Cloud - Compute,unallocated
2026-06-12T00:00:00Z,2026-06-13T00:00:00Z,True,2.2265891976,i-0bc3182300607aba7,Amazon Elastic Compute Cloud - Compute,unallocated
2026-06-12T00:00:00Z,2026-06-13T00:00:00Z,True,0.2496,i-0c0d07d66b039cebe,Amazon Elastic Compute Cloud - Compute,terrarium
2026-06-12T00:00:00Z,2026-06-13T00:00:00Z,True,0.8882765232,i-0c46f3ed6ea1ce6fc,Amazon Elastic Compute Cloud - Compute,unallocated
2026-06-12T00:00:00Z,2026-06-13T00:00:00Z,True,3.8412736701,i-0c5aa19b873b1e98a,Amazon Elastic Compute Cloud - Compute,unallocated
2026-06-12T00:00:00Z,2026-06-13T00:00:00Z,True,0.5333275268,i-0c5d5b10de55a56bf,Amazon Elastic Compute Cloud - Compute,unallocated
2026-06-12T00:00:00Z,2026-06-13T00:00:00Z,True,6.2035985,i-0c834b4df5b12a2ee,Amazon Elastic Compute Cloud - Compute,unallocated
2026-06-12T00:00:00Z,2026-06-13T00:00:00Z,True,0.3927804732,i-0c8f560e52be2f9a2,Amazon Elastic Compute Cloud - Compute,unallocated
2026-06-12T00:00:00Z,2026-06-13T00:00:00Z,True,0.2496,i-0cc9dcb0db2f9d205,Amazon Elastic Compute Cloud - Compute,terrarium
2026-06-12T00:00:00Z,2026-06-13T00:00:00Z,True,0.3914601077,i-0cff087f0ac68b741,Amazon Elastic Compute Cloud - Compute,unallocated
2026-06-12T00:00:00Z,2026-06-13T00:00:00Z,True,44.8229376469,i-0d1df0b62e0138c4b,Amazon Elastic Compute Cloud - Compute,unallocated
2026-06-12T00:00:00Z,2026-06-13T00:00:00Z,True,0.8394164433,i-0d34fd6789a32e005,Amazon Elastic Compute Cloud - Compute,unallocated
2026-06-12T00:00:00Z,2026-06-13T00:00:00Z,True,0.4699568928,i-0d3a7152ad7abede4,Amazon Elastic Compute Cloud - Compute,unallocated
2026-06-12T00:00:00Z,2026-06-13T00:00:00Z,True,0.89078425,i-0d88cd375b7c199cb,Amazon Elastic Compute Cloud - Compute,unallocated
2026-06-12T00:00:00Z,2026-06-13T00:00:00Z,True,0.8318977732,i-0de6a550487ae9493,Amazon Elastic Compute Cloud - Compute,unallocated
2026-06-12T00:00:00Z,2026-06-13T00:00:00Z,True,7.7011419537,i-0de9e3f8d3208cf03,Amazon Elastic Compute Cloud - Compute,dayhoff
2026-06-12T00:00:00Z,2026-06-13T00:00:00Z,True,0.513877,i-0e1a44fa904344de4,Amazon Elastic Compute Cloud - Compute,unallocated
2026-06-12T00:00:00Z,2026-06-13T00:00:00Z,True,8.0701125964,i-0e5e3df7a4f2941a0,Amazon Elastic Compute Cloud - Compute,dayhoff
2026-06-12T00:00:00Z,2026-06-13T00:00:00Z,True,8.0049073138,i-0e70fab85d559c615,Amazon Elastic Compute Cloud - Compute,dayhoff
2026-06-12T00:00:00Z,2026-06-13T00:00:00Z,True,0.4067377262,i-0e76befe7d9caef53,Amazon Elastic Compute Cloud - Compute,unallocated
2026-06-12T00:00:00Z,2026-06-13T00:00:00Z,True,0.9355204196,i-0e78c9a90146161c4,Amazon Elastic Compute Cloud - Compute,unallocated
2026-06-12T00:00:00Z,2026-06-13T00:00:00Z,True,19.1771187007,i-0e840d4124c213c14,Amazon Elastic Compute Cloud - Compute,unallocated
2026-06-12T00:00:00Z,2026-06-13T00:00:00Z,True,2.0497388587,i-0e8aedc1642898633,Amazon Elastic Compute Cloud - Compute,unallocated
2026-06-12T00:00:00Z,2026-06-13T00:00:00Z,True,1.01646,i-0e90724cb81efdc40,Amazon Elastic Compute Cloud - Compute,unallocated
2026-06-12T00:00:00Z,2026-06-13T00:00:00Z,True,37.1747519568,i-0ef58acecafc52883,Amazon Elastic Compute Cloud - Compute,unallocated
2026-06-12T00:00:00Z,2026-06-13T00:00:00Z,True,0.3711157846,i-0f2f273468395100d,Amazon Elastic Compute Cloud - Compute,unallocated
2026-06-12T00:00:00Z,2026-06-13T00:00:00Z,True,4.5328515,i-0f639355f24aca71c,Amazon Elastic Compute Cloud - Compute,unallocated
2026-06-12T00:00:00Z,2026-06-13T00:00:00Z,True,2.4041549676,i-0fb7fa7964ab0db7e,Amazon Elastic Compute Cloud - Compute,unallocated
2026-06-12T00:00:00Z,2026-06-13T00:00:00Z,True,0.5214055804,i-0fdd919309e9bba4d,Amazon Elastic Compute Cloud - Compute,unallocated
2026-06-12T00:00:00Z,2026-06-13T00:00:00Z,True,0.2016,i-0fec5d1a28b6d27aa,Amazon Elastic Compute Cloud - Compute,unallocated
2026-06-12T00:00:00Z,2026-06-13T00:00:00Z,True,0.3674184308,i-0ff24636f093f5477,Amazon Elastic Compute Cloud - Compute,unallocated
2026-06-12T00:00:00Z,2026-06-13T00:00:00Z,True,4.83729675,i-0ff671e48b5fa9db3,Amazon Elastic Compute Cloud - Compute,unallocated
2026-06-12T00:00:00Z,2026-06-13T00:00:00Z,True,0.257107851,i-0ff7c7657463a70c3,Amazon Elastic Compute Cloud - Compute,unallocated
2026-06-13T00:00:00Z,2026-06-14T00:00:00Z,True,0.0,arn:aws:ec2:ap-south-1:108782052779:natgateway/nat-01dc061291fc51e75,Amazon Elastic Compute Cloud - Compute,unallocated
2026-06-13T00:00:00Z,2026-06-14T00:00:00Z,True,0.0,arn:aws:ec2:ap-south-1:108782052779:natgateway/nat-05f85018216cac061,Amazon Elastic Compute Cloud - Compute,unallocated
2026-06-13T00:00:00Z,2026-06-14T00:00:00Z,True,7.11e-07,arn:aws:ec2:eu-central-1:108782052779:natgateway/nat-0a2bfbfedf38f8e87,Amazon Elastic Compute Cloud - Compute,unallocated
2026-06-13T00:00:00Z,2026-06-14T00:00:00Z,True,6.4e-08,arn:aws:ec2:eu-central-1:108782052779:natgateway/nat-0ec6ae9605269bef4,Amazon Elastic Compute Cloud - Compute,unallocated
2026-06-13T00:00:00Z,2026-06-14T00:00:00Z,True,5.41e-08,arn:aws:ec2:us-east-1:108782052779:natgateway/nat-089a96601cfd34f9d,Amazon Elastic Compute Cloud - Compute,dayhoff
2026-06-13T00:00:00Z,2026-06-14T00:00:00Z,True,3.559e-07,arn:aws:ec2:us-west-2:108782052779:natgateway/nat-00246c8ef3b9087f1,Amazon Elastic Compute Cloud - Compute,dayhoff
2026-06-13T00:00:00Z,2026-06-14T00:00:00Z,True,3.63303e-05,arn:aws:ec2:us-west-2:108782052779:natgateway/nat-00ac08b685fea726f,Amazon Elastic Compute Cloud - Compute,terrarium
2026-06-13T00:00:00Z,2026-06-14T00:00:00Z,True,8.7072e-06,arn:aws:ec2:us-west-2:108782052779:natgateway/nat-00f3c26e43ede9b10,Amazon Elastic Compute Cloud - Compute,unallocated
2026-06-13T00:00:00Z,2026-06-14T00:00:00Z,True,5.46334e-05,arn:aws:ec2:us-west-2:108782052779:natgateway/nat-0234e77781575cced,Amazon Elastic Compute Cloud - Compute,terrarium
2026-06-13T00:00:00Z,2026-06-14T00:00:00Z,True,0.001276739,arn:aws:ec2:us-west-2:171675361862:natgateway/nat-01432c586ef9dbf51,Amazon Elastic Compute Cloud - Compute,unallocated
2026-06-13T00:00:00Z,2026-06-14T00:00:00Z,True,5.4697648381,i-012011bcb57d118cc,Amazon Elastic Compute Cloud - Compute,unallocated
2026-06-13T00:00:00Z,2026-06-14T00:00:00Z,True,3.9936,i-01db42c813d037c0e,Amazon Elastic Compute Cloud - Compute,unallocated
2026-06-13T00:00:00Z,2026-06-14T00:00:00Z,True,0.1248678475,i-04d3a8c6aae87f818,Amazon Elastic Compute Cloud - Compute,dayhoff
2026-06-13T00:00:00Z,2026-06-14T00:00:00Z,True,50.8032275351,i-05815cdeec4a6dad8,Amazon Elastic Compute Cloud - Compute,unallocated
2026-06-13T00:00:00Z,2026-06-14T00:00:00Z,True,8.0054548599,i-05de16a24310099c5,Amazon Elastic Compute Cloud - Compute,dayhoff
2026-06-13T00:00:00Z,2026-06-14T00:00:00Z,True,7.2192196662,i-068f3aad2bedb9fa6,Amazon Elastic Compute Cloud - Compute,dayhoff
2026-06-13T00:00:00Z,2026-06-14T00:00:00Z,True,7.9880380402,i-07df3a933e4839f52,Amazon Elastic Compute Cloud - Compute,dayhoff
2026-06-13T00:00:00Z,2026-06-14T00:00:00Z,True,7.2195445484,i-09126000eb19643b0,Amazon Elastic Compute Cloud - Compute,dayhoff
2026-06-13T00:00:00Z,2026-06-14T00:00:00Z,True,0.4992,i-09f66b3f11ea42c60,Amazon Elastic Compute Cloud - Compute,unallocated
2026-06-13T00:00:00Z,2026-06-14T00:00:00Z,True,7.2201706165,i-0a70e6af119b993f3,Amazon Elastic Compute Cloud - Compute,dayhoff
2026-06-13T00:00:00Z,2026-06-14T00:00:00Z,True,0.2496,i-0ab7116abc8229a16,Amazon Elastic Compute Cloud - Compute,unallocated
2026-06-13T00:00:00Z,2026-06-14T00:00:00Z,True,8.0054977853,i-0b6713cc15f74d360,Amazon Elastic Compute Cloud - Compute,dayhoff
2026-06-13T00:00:00Z,2026-06-14T00:00:00Z,True,0.2496,i-0c0d07d66b039cebe,Amazon Elastic Compute Cloud - Compute,terrarium
2026-06-13T00:00:00Z,2026-06-14T00:00:00Z,True,0.2496,i-0cc9dcb0db2f9d205,Amazon Elastic Compute Cloud - Compute,terrarium
2026-06-13T00:00:00Z,2026-06-14T00:00:00Z,True,8.0055007401,i-0de9e3f8d3208cf03,Amazon Elastic Compute Cloud - Compute,dayhoff
2026-06-13T00:00:00Z,2026-06-14T00:00:00Z,True,8.0603888075,i-0e5e3df7a4f2941a0,Amazon Elastic Compute Cloud - Compute,dayhoff
2026-06-13T00:00:00Z,2026-06-14T00:00:00Z,True,8.0055280724,i-0e70fab85d559c615,Amazon Elastic Compute Cloud - Compute,dayhoff
2026-06-13T00:00:00Z,2026-06-14T00:00:00Z,True,0.2016,i-0fec5d1a28b6d27aa,Amazon Elastic Compute Cloud - Compute,unallocated
2026-06-01T00:00:00Z,2026-06-02T00:00:00Z,True,1.3440001362,arn:aws:ec2:ap-south-1:108782052779:natgateway/nat-01dc061291fc51e75,EC2 - Other,unallocated
2026-06-01T00:00:00Z,2026-06-02T00:00:00Z,True,1.3440004848,arn:aws:ec2:ap-south-1:108782052779:natgateway/nat-05f85018216cac061,EC2 - Other,unallocated
2026-06-01T00:00:00Z,2026-06-02T00:00:00Z,True,0.0802823893,arn:aws:ec2:ap-south-1:108782052779:snapshot/snap-053909bfd492a6457,EC2 - Other,unallocated
2026-06-01T00:00:00Z,2026-06-02T00:00:00Z,True,1.2480000758,arn:aws:ec2:eu-central-1:108782052779:natgateway/nat-0a2bfbfedf38f8e87,EC2 - Other,unallocated
2026-06-01T00:00:00Z,2026-06-02T00:00:00Z,True,1.2480003261,arn:aws:ec2:eu-central-1:108782052779:natgateway/nat-0ec6ae9605269bef4,EC2 - Other,unallocated
2026-06-01T00:00:00Z,2026-06-02T00:00:00Z,True,1.0800001346,arn:aws:ec2:us-west-2:108782052779:natgateway/nat-00246c8ef3b9087f1,EC2 - Other,dayhoff
2026-06-01T00:00:00Z,2026-06-02T00:00:00Z,True,1.1233303609,arn:aws:ec2:us-west-2:108782052779:natgateway/nat-00ac08b685fea726f,EC2 - Other,terrarium
2026-06-01T00:00:00Z,2026-06-02T00:00:00Z,True,2.0491273053,arn:aws:ec2:us-west-2:108782052779:natgateway/nat-00f3c26e43ede9b10,EC2 - Other,unallocated
2026-06-01T00:00:00Z,2026-06-02T00:00:00Z,True,1.1119643679,arn:aws:ec2:us-west-2:108782052779:natgateway/nat-0234e77781575cced,EC2 - Other,terrarium
2026-06-01T00:00:00Z,2026-06-02T00:00:00Z,True,0.0001080661,arn:aws:ec2:us-west-2:108782052779:snapshot/snap-02c7ed4c3dbcce6dc,EC2 - Other,unallocated
2026-06-01T00:00:00Z,2026-06-02T00:00:00Z,True,0.0003070747,arn:aws:ec2:us-west-2:108782052779:snapshot/snap-05bcd2b0f1b1322e2,EC2 - Other,unallocated
2026-06-01T00:00:00Z,2026-06-02T00:00:00Z,True,0.001538425,arn:aws:ec2:us-west-2:108782052779:snapshot/snap-068305ca65ccaab56,EC2 - Other,unallocated
2026-06-01T00:00:00Z,2026-06-02T00:00:00Z,True,0.0006941393,arn:aws:ec2:us-west-2:108782052779:snapshot/snap-0a2bdbff4fe76049e,EC2 - Other,unallocated
2026-06-01T00:00:00Z,2026-06-02T00:00:00Z,True,1.2983496252,arn:aws:ec2:us-west-2:171675361862:natgateway/nat-01432c586ef9dbf51,EC2 - Other,unallocated
2026-06-01T00:00:00Z,2026-06-02T00:00:00Z,True,0.0049544271,arn:aws:ec2:us-west-2:171675361862:snapshot/snap-0093422f7530dd57f,EC2 - Other,unallocated
2026-06-01T00:00:00Z,2026-06-02T00:00:00Z,True,0.0051318359,arn:aws:ec2:us-west-2:171675361862:snapshot/snap-01051ee004e700b1e,EC2 - Other,unallocated
2026-06-01T00:00:00Z,2026-06-02T00:00:00Z,True,0.0166162109,arn:aws:ec2:us-west-2:171675361862:snapshot/snap-0109d0548f95d90c8,EC2 - Other,unallocated
2026-06-01T00:00:00Z,2026-06-02T00:00:00Z,True,0.0057283529,arn:aws:ec2:us-west-2:171675361862:snapshot/snap-02e2a477c70bd2d6b,EC2 - Other,unallocated
2026-06-01T00:00:00Z,2026-06-02T00:00:00Z,True,0.0052034505,arn:aws:ec2:us-west-2:171675361862:snapshot/snap-034c0dc963dcc6b4a,EC2 - Other,unallocated
2026-06-01T00:00:00Z,2026-06-02T00:00:00Z,True,0.0051220703,arn:aws:ec2:us-west-2:171675361862:snapshot/snap-0356c62bc9336feef,EC2 - Other,unallocated
2026-06-01T00:00:00Z,2026-06-02T00:00:00Z,True,0.0052278646,arn:aws:ec2:us-west-2:171675361862:snapshot/snap-03e9cddf0760568af,EC2 - Other,unallocated
2026-06-01T00:00:00Z,2026-06-02T00:00:00Z,True,0.005448405,arn:aws:ec2:us-west-2:171675361862:snapshot/snap-049b1328bdd0e2367,EC2 - Other,unallocated
2026-06-01T00:00:00Z,2026-06-02T00:00:00Z,True,0.0071622721,arn:aws:ec2:us-west-2:171675361862:snapshot/snap-05dc35b99f1d66572,EC2 - Other,unallocated
2026-06-01T00:00:00Z,2026-06-02T00:00:00Z,True,0.0059277344,arn:aws:ec2:us-west-2:171675361862:snapshot/snap-068c9cd76d82972c6,EC2 - Other,unallocated
2026-06-01T00:00:00Z,2026-06-02T00:00:00Z,True,0.0049601237,arn:aws:ec2:us-west-2:171675361862:snapshot/snap-0811506c8e0e4c38d,EC2 - Other,unallocated
2026-06-01T00:00:00Z,2026-06-02T00:00:00Z,True,0.0049674479,arn:aws:ec2:us-west-2:171675361862:snapshot/snap-08971cb52b0d65cf4,EC2 - Other,unallocated
2026-06-01T00:00:00Z,2026-06-02T00:00:00Z,True,0.005139974,arn:aws:ec2:us-west-2:171675361862:snapshot/snap-08bba655a6c5cbab1,EC2 - Other,unallocated
2026-06-01T00:00:00Z,2026-06-02T00:00:00Z,True,0.0049023438,arn:aws:ec2:us-west-2:171675361862:snapshot/snap-0912fb835f7ce67e9,EC2 - Other,unallocated
2026-06-01T00:00:00Z,2026-06-02T00:00:00Z,True,0.0051969401,arn:aws:ec2:us-west-2:171675361862:snapshot/snap-0955251ceed89fccd,EC2 - Other,unallocated
2026-06-01T00:00:00Z,2026-06-02T00:00:00Z,True,0.0050341797,arn:aws:ec2:us-west-2:171675361862:snapshot/snap-09b7dcbea493d899c,EC2 - Other,unallocated
2026-06-01T00:00:00Z,2026-06-02T00:00:00Z,True,0.0064729818,arn:aws:ec2:us-west-2:171675361862:snapshot/snap-09eb9c0c0967f8d86,EC2 - Other,unallocated
2026-06-01T00:00:00Z,2026-06-02T00:00:00Z,True,0.0049812826,arn:aws:ec2:us-west-2:171675361862:snapshot/snap-0a85a694772c6b805,EC2 - Other,unallocated
2026-06-01T00:00:00Z,2026-06-02T00:00:00Z,True,0.0046801758,arn:aws:ec2:us-west-2:171675361862:snapshot/snap-0b29ce504f5ffe8c7,EC2 - Other,unallocated
2026-06-01T00:00:00Z,2026-06-02T00:00:00Z,True,0.0056396484,arn:aws:ec2:us-west-2:171675361862:snapshot/snap-0b57ab838a3d96a1e,EC2 - Other,unallocated
2026-06-01T00:00:00Z,2026-06-02T00:00:00Z,True,0.0114078776,arn:aws:ec2:us-west-2:171675361862:snapshot/snap-0b59545ad20e68906,EC2 - Other,unallocated
2026-06-01T00:00:00Z,2026-06-02T00:00:00Z,True,0.0060864258,arn:aws:ec2:us-west-2:171675361862:snapshot/snap-0ca4a84e778ad68e9,EC2 - Other,unallocated
2026-06-01T00:00:00Z,2026-06-02T00:00:00Z,True,0.0046907552,arn:aws:ec2:us-west-2:171675361862:snapshot/snap-0cda5132b3ef65cfa,EC2 - Other,unallocated
2026-06-01T00:00:00Z,2026-06-02T00:00:00Z,True,0.005300293,arn:aws:ec2:us-west-2:171675361862:snapshot/snap-0d0c4af263032230c,EC2 - Other,unallocated
2026-06-01T00:00:00Z,2026-06-02T00:00:00Z,True,0.0053548177,arn:aws:ec2:us-west-2:171675361862:snapshot/snap-0d834f9a24c2f6097,EC2 - Other,unallocated
2026-06-01T00:00:00Z,2026-06-02T00:00:00Z,True,0.0045188395,arn:aws:ec2:us-west-2:171675361862:snapshot/snap-0daf5245a270f593f,EC2 - Other,unallocated
2026-06-01T00:00:00Z,2026-06-02T00:00:00Z,True,0.0052945964,arn:aws:ec2:us-west-2:171675361862:snapshot/snap-0dfcb5a08a204faba,EC2 - Other,unallocated
2026-06-01T00:00:00Z,2026-06-02T00:00:00Z,True,0.0047631836,arn:aws:ec2:us-west-2:171675361862:snapshot/snap-0ef79544c150b4756,EC2 - Other,unallocated
2026-06-01T00:00:00Z,2026-06-02T00:00:00Z,True,0.0051831055,arn:aws:ec2:us-west-2:171675361862:snapshot/snap-0f167818ffe7feac1,EC2 - Other,unallocated
2026-06-01T00:00:00Z,2026-06-02T00:00:00Z,True,0.0071875,arn:aws:ec2:us-west-2:171675361862:snapshot/snap-0f35a63f136c0ec82,EC2 - Other,unallocated
2026-06-01T00:00:00Z,2026-06-02T00:00:00Z,True,0.0053344727,arn:aws:ec2:us-west-2:171675361862:snapshot/snap-0fbf1eb66ee99723a,EC2 - Other,unallocated
2026-06-01T00:00:00Z,2026-06-02T00:00:00Z,True,0.0042220953,i-0092ccb047d51c93b,EC2 - Other,unallocated
2026-06-01T00:00:00Z,2026-06-02T00:00:00Z,True,0.0,i-027c5a8f041a1d9be,EC2 - Other,unallocated
2026-06-01T00:00:00Z,2026-06-02T00:00:00Z,True,0.0,i-02c7b01dd7ff2514f,EC2 - Other,unallocated
2026-06-01T00:00:00Z,2026-06-02T00:00:00Z,True,0.0,i-03402c5284ef5ca0e,EC2 - Other,unallocated
2026-06-01T00:00:00Z,2026-06-02T00:00:00Z,True,0.0,i-049c4fc69e52290aa,EC2 - Other,unallocated
2026-06-01T00:00:00Z,2026-06-02T00:00:00Z,True,0.0,i-04fd7f919fb6b8279,EC2 - Other,unallocated
2026-06-01T00:00:00Z,2026-06-02T00:00:00Z,True,0.0,i-05d579826864ca606,EC2 - Other,unallocated
2026-06-01T00:00:00Z,2026-06-02T00:00:00Z,True,0.0,i-05eb54050767d2f7c,EC2 - Other,unallocated
2026-06-01T00:00:00Z,2026-06-02T00:00:00Z,True,0.0,i-0610f0a432b2ce37a,EC2 - Other,unallocated
2026-06-01T00:00:00Z,2026-06-02T00:00:00Z,True,0.0,i-06333a711f025d6b2,EC2 - Other,unallocated
2026-06-01T00:00:00Z,2026-06-02T00:00:00Z,True,0.0,i-063debb3b8becd1f8,EC2 - Other,unallocated
2026-06-01T00:00:00Z,2026-06-02T00:00:00Z,True,0.0,i-0697bd1214fd8c075,EC2 - Other,unallocated
2026-06-01T00:00:00Z,2026-06-02T00:00:00Z,True,0.0,i-0778e43b4b0f1b70f,EC2 - Other,unallocated
2026-06-01T00:00:00Z,2026-06-02T00:00:00Z,True,0.0043850088,i-09126000eb19643b0,EC2 - Other,dayhoff
2026-06-01T00:00:00Z,2026-06-02T00:00:00Z,True,0.0,i-091d5e911e6f7e425,EC2 - Other,unallocated
2026-06-01T00:00:00Z,2026-06-02T00:00:00Z,True,0.0,i-097ae3f44bf025ac1,EC2 - Other,unallocated
2026-06-01T00:00:00Z,2026-06-02T00:00:00Z,True,0.0,i-09932f87b7884fa63,EC2 - Other,unallocated
2026-06-01T00:00:00Z,2026-06-02T00:00:00Z,True,0.0,i-09e3c573c17a39d34,EC2 - Other,unallocated
2026-06-01T00:00:00Z,2026-06-02T00:00:00Z,True,0.0,i-09eeb907a3fa3ee0a,EC2 - Other,unallocated
2026-06-01T00:00:00Z,2026-06-02T00:00:00Z,True,2.8652e-06,i-09f66b3f11ea42c60,EC2 - Other,unallocated
2026-06-01T00:00:00Z,2026-06-02T00:00:00Z,True,1.8906e-06,i-0a70e6af119b993f3,EC2 - Other,dayhoff
2026-06-01T00:00:00Z,2026-06-02T00:00:00Z,True,0.0,i-0a98cdeee3ce2204a,EC2 - Other,unallocated
2026-06-01T00:00:00Z,2026-06-02T00:00:00Z,True,2.4679e-06,i-0ab7116abc8229a16,EC2 - Other,unallocated
2026-06-01T00:00:00Z,2026-06-02T00:00:00Z,True,0.0,i-0b2b46e4d88584596,EC2 - Other,unallocated
2026-06-01T00:00:00Z,2026-06-02T00:00:00Z,True,2.092e-06,i-0b6713cc15f74d360,EC2 - Other,dayhoff
2026-06-01T00:00:00Z,2026-06-02T00:00:00Z,True,8.77e-08,i-0cac5db332e3c70e5,EC2 - Other,unallocated
2026-06-01T00:00:00Z,2026-06-02T00:00:00Z,True,0.0,i-0cd3d83adf2c704bb,EC2 - Other,unallocated
2026-06-01T00:00:00Z,2026-06-02T00:00:00Z,True,0.0,i-0d92f6322e6569851,EC2 - Other,unallocated
2026-06-01T00:00:00Z,2026-06-02T00:00:00Z,True,0.0,i-0e02507fe1445813e,EC2 - Other,unallocated
2026-06-01T00:00:00Z,2026-06-02T00:00:00Z,True,0.0,i-0e47d2a9e790a3f6b,EC2 - Other,unallocated
2026-06-01T00:00:00Z,2026-06-02T00:00:00Z,True,0.004223273,i-0eea51f109f684a5d,EC2 - Other,unallocated
2026-06-01T00:00:00Z,2026-06-02T00:00:00Z,True,0.0,i-0f3b7a5a63e518db8,EC2 - Other,unallocated
2026-06-01T00:00:00Z,2026-06-02T00:00:00Z,True,0.0,i-0f9046ec05c50ded0,EC2 - Other,unallocated
2026-06-01T00:00:00Z,2026-06-02T00:00:00Z,True,0.0799999992,vol-0054217b60d3a15d8,EC2 - Other,unallocated
2026-06-01T00:00:00Z,2026-06-02T00:00:00Z,True,0.0017402778,vol-00906ba8b538cb5d6,EC2 - Other,unallocated
2026-06-01T00:00:00Z,2026-06-02T00:00:00Z,True,0.0016736111,vol-009fd9f82865e60dc,EC2 - Other,unallocated
2026-06-01T00:00:00Z,2026-06-02T00:00:00Z,True,0.0086986111,vol-0179d33d50f26974d,EC2 - Other,unallocated
2026-06-01T00:00:00Z,2026-06-02T00:00:00Z,True,0.0021791667,vol-01a321634fb328c90,EC2 - Other,unallocated
2026-06-01T00:00:00Z,2026-06-02T00:00:00Z,True,0.0014819444,vol-01c30cc1970a22df0,EC2 - Other,unallocated
2026-06-01T00:00:00Z,2026-06-02T00:00:00Z,True,0.0031805556,vol-025d11dd80bae6db6,EC2 - Other,unallocated
2026-06-01T00:00:00Z,2026-06-02T00:00:00Z,True,0.5342801854,vol-0266e51e1112ee474,EC2 - Other,unallocated
2026-06-01T00:00:00Z,2026-06-02T00:00:00Z,True,0.0066569444,vol-02ad814ef18512576,EC2 - Other,unallocated
2026-06-01T00:00:00Z,2026-06-02T00:00:00Z,True,0.0533333328,vol-02caa6b741e86c280,EC2 - Other,unallocated
2026-06-01T00:00:00Z,2026-06-02T00:00:00Z,True,0.8959999992,vol-0392bc7824a1e81e8,EC2 - Other,dayhoff
2026-06-01T00:00:00Z,2026-06-02T00:00:00Z,True,0.0026652778,vol-03edd3a3890297750,EC2 - Other,unallocated
2026-06-01T00:00:00Z,2026-06-02T00:00:00Z,True,1.1226666672,vol-042a5f5daead20490,EC2 - Other,unallocated
2026-06-01T00:00:00Z,2026-06-02T00:00:00Z,True,0.9529283029,vol-04312816fc097a2ed,EC2 - Other,unallocated
2026-06-01T00:00:00Z,2026-06-02T00:00:00Z,True,0.0014263889,vol-043b7fc83b00272f5,EC2 - Other,unallocated
2026-06-01T00:00:00Z,2026-06-02T00:00:00Z,True,0.0028291667,vol-04420c9b39365a24f,EC2 - Other,unallocated
2026-06-01T00:00:00Z,2026-06-02T00:00:00Z,True,0.0013555556,vol-04f48a88c44e042ab,EC2 - Other,unallocated
2026-06-01T00:00:00Z,2026-06-02T00:00:00Z,True,0.135928426,vol-05674009d5e2b6f23,EC2 - Other,unallocated
2026-06-01T00:00:00Z,2026-06-02T00:00:00Z,True,0.0028194444,vol-066c23da65b96e4dc,EC2 - Other,unallocated
2026-06-01T00:00:00Z,2026-06-02T00:00:00Z,True,1.1226666672,vol-067169329e7a92af1,EC2 - Other,unallocated
2026-06-01T00:00:00Z,2026-06-02T00:00:00Z,True,0.0299999997,vol-0725e7ce2db54e386,EC2 - Other,unallocated
2026-06-01T00:00:00Z,2026-06-02T00:00:00Z,True,0.0028388889,vol-07b287dbadb9f03b9,EC2 - Other,unallocated
2026-06-01T00:00:00Z,2026-06-02T00:00:00Z,True,0.1333333344,vol-08dee3ee1394063cb,EC2 - Other,unallocated
2026-06-01T00:00:00Z,2026-06-02T00:00:00Z,True,0.0213333336,vol-09454929e2c583ae7,EC2 - Other,unallocated
2026-06-01T00:00:00Z,2026-06-02T00:00:00Z,True,0.0016666667,vol-096c252754baa4aea,EC2 - Other,unallocated
2026-06-01T00:00:00Z,2026-06-02T00:00:00Z,True,0.4210000002,vol-0a057d7e9441f51af,EC2 - Other,unallocated
2026-06-01T00:00:00Z,2026-06-02T00:00:00Z,True,0.001525,vol-0a7f554f42254f513,EC2 - Other,unallocated
2026-06-01T00:00:00Z,2026-06-02T00:00:00Z,True,0.0213333336,vol-0af8f94e0cd058ddf,EC2 - Other,unallocated
2026-06-01T00:00:00Z,2026-06-02T00:00:00Z,True,0.002175,vol-0afee3c66db693219,EC2 - Other,unallocated
2026-06-01T00:00:00Z,2026-06-02T00:00:00Z,True,0.0014194444,vol-0be0d7a891784eebe,EC2 - Other,unallocated
2026-06-01T00:00:00Z,2026-06-02T00:00:00Z,True,0.0799999992,vol-0bff19625e45e6e4c,EC2 - Other,unallocated
2026-06-01T00:00:00Z,2026-06-02T00:00:00Z,True,0.624,vol-0c26833469cf6995a,EC2 - Other,unallocated
2026-06-01T00:00:00Z,2026-06-02T00:00:00Z,True,0.8959999992,vol-0c69ba6b467620e14,EC2 - Other,dayhoff
2026-06-01T00:00:00Z,2026-06-02T00:00:00Z,True,0.0019083333,vol-0c873f18abb66a9ad,EC2 - Other,unallocated
2026-06-01T00:00:00Z,2026-06-02T00:00:00Z,True,1.1226666672,vol-0c90d4fbaada3820a,EC2 - Other,unallocated
2026-06-01T00:00:00Z,2026-06-02T00:00:00Z,True,0.00145,vol-0d3ef16ca2f69b464,EC2 - Other,unallocated
2026-06-01T00:00:00Z,2026-06-02T00:00:00Z,True,0.0018208333,vol-0dae291a091983558,EC2 - Other,unallocated
2026-06-01T00:00:00Z,2026-06-02T00:00:00Z,True,0.0028472222,vol-0de0a9566e0141d50,EC2 - Other,unallocated
2026-06-01T00:00:00Z,2026-06-02T00:00:00Z,True,0.0029222222,vol-0df283e475ab290ae,EC2 - Other,unallocated
2026-06-01T00:00:00Z,2026-06-02T00:00:00Z,True,0.0033782095,vol-0e6ca7b6ee10ae2bc,EC2 - Other,unallocated
2026-06-01T00:00:00Z,2026-06-02T00:00:00Z,True,0.0033291667,vol-0ea0e89ada704dd0c,EC2 - Other,unallocated
2026-06-01T00:00:00Z,2026-06-02T00:00:00Z,True,0.8959999992,vol-0ea36895cc2b979ac,EC2 - Other,dayhoff
2026-06-01T00:00:00Z,2026-06-02T00:00:00Z,True,1.1226666672,vol-0f5e5d7eec5982fa8,EC2 - Other,unallocated
2026-06-01T00:00:00Z,2026-06-02T00:00:00Z,True,0.0016805556,vol-0fbaff640fe26bf9e,EC2 - Other,unallocated
2026-06-01T00:00:00Z,2026-06-02T00:00:00Z,True,0.0010333333,vol-0fea9daca6799f4ce,EC2 - Other,unallocated
2026-06-02T00:00:00Z,2026-06-03T00:00:00Z,True,1.3440002399,arn:aws:ec2:ap-south-1:108782052779:natgateway/nat-01dc061291fc51e75,EC2 - Other,unallocated
2026-06-02T00:00:00Z,2026-06-03T00:00:00Z,True,1.344000236,arn:aws:ec2:ap-south-1:108782052779:natgateway/nat-05f85018216cac061,EC2 - Other,unallocated
2026-06-02T00:00:00Z,2026-06-03T00:00:00Z,True,0.0802823893,arn:aws:ec2:ap-south-1:108782052779:snapshot/snap-053909bfd492a6457,EC2 - Other,unallocated
2026-06-02T00:00:00Z,2026-06-03T00:00:00Z,True,1.2480001299,arn:aws:ec2:eu-central-1:108782052779:natgateway/nat-0a2bfbfedf38f8e87,EC2 - Other,unallocated
2026-06-02T00:00:00Z,2026-06-03T00:00:00Z,True,1.2480000952,arn:aws:ec2:eu-central-1:108782052779:natgateway/nat-0ec6ae9605269bef4,EC2 - Other,unallocated
2026-06-02T00:00:00Z,2026-06-03T00:00:00Z,True,1.0800000879,arn:aws:ec2:us-west-2:108782052779:natgateway/nat-00246c8ef3b9087f1,EC2 - Other,dayhoff
2026-06-02T00:00:00Z,2026-06-03T00:00:00Z,True,1.1010995601,arn:aws:ec2:us-west-2:108782052779:natgateway/nat-00ac08b685fea726f,EC2 - Other,terrarium
2026-06-02T00:00:00Z,2026-06-03T00:00:00Z,True,2.5365767875,arn:aws:ec2:us-west-2:108782052779:natgateway/nat-00f3c26e43ede9b10,EC2 - Other,unallocated
2026-06-02T00:00:00Z,2026-06-03T00:00:00Z,True,1.1185358701,arn:aws:ec2:us-west-2:108782052779:natgateway/nat-0234e77781575cced,EC2 - Other,terrarium
2026-06-02T00:00:00Z,2026-06-03T00:00:00Z,True,0.0015615506,arn:aws:ec2:us-west-2:108782052779:snapshot/snap-062f8b02d19fa101d,EC2 - Other,unallocated
2026-06-02T00:00:00Z,2026-06-03T00:00:00Z,True,0.0007789103,arn:aws:ec2:us-west-2:108782052779:snapshot/snap-0e218b12176a76c06,EC2 - Other,unallocated
2026-06-02T00:00:00Z,2026-06-03T00:00:00Z,True,0.0003072103,arn:aws:ec2:us-west-2:108782052779:snapshot/snap-0f08a1cd1f6092fc2,EC2 - Other,unallocated
2026-06-02T00:00:00Z,2026-06-03T00:00:00Z,True,1.2980441473,arn:aws:ec2:us-west-2:171675361862:natgateway/nat-01432c586ef9dbf51,EC2 - Other,unallocated
2026-06-02T00:00:00Z,2026-06-03T00:00:00Z,True,0.0049544271,arn:aws:ec2:us-west-2:171675361862:snapshot/snap-0093422f7530dd57f,EC2 - Other,unallocated
2026-06-02T00:00:00Z,2026-06-03T00:00:00Z,True,0.0051318359,arn:aws:ec2:us-west-2:171675361862:snapshot/snap-01051ee004e700b1e,EC2 - Other,unallocated
2026-06-02T00:00:00Z,2026-06-03T00:00:00Z,True,0.0067252604,arn:aws:ec2:us-west-2:171675361862:snapshot/snap-0109d0548f95d90c8,EC2 - Other,unallocated
2026-06-02T00:00:00Z,2026-06-03T00:00:00Z,True,0.0042276001,arn:aws:ec2:us-west-2:171675361862:snapshot/snap-01617e5cf1a7141a9,EC2 - Other,unallocated
2026-06-02T00:00:00Z,2026-06-03T00:00:00Z,True,0.0057283529,arn:aws:ec2:us-west-2:171675361862:snapshot/snap-02e2a477c70bd2d6b,EC2 - Other,unallocated
2026-06-02T00:00:00Z,2026-06-03T00:00:00Z,True,0.0052034505,arn:aws:ec2:us-west-2:171675361862:snapshot/snap-034c0dc963dcc6b4a,EC2 - Other,unallocated
2026-06-02T00:00:00Z,2026-06-03T00:00:00Z,True,0.0051220703,arn:aws:ec2:us-west-2:171675361862:snapshot/snap-0356c62bc9336feef,EC2 - Other,unallocated
2026-06-02T00:00:00Z,2026-06-03T00:00:00Z,True,0.0052278646,arn:aws:ec2:us-west-2:171675361862:snapshot/snap-03e9cddf0760568af,EC2 - Other,unallocated
2026-06-02T00:00:00Z,2026-06-03T00:00:00Z,True,0.005448405,arn:aws:ec2:us-west-2:171675361862:snapshot/snap-049b1328bdd0e2367,EC2 - Other,unallocated
2026-06-02T00:00:00Z,2026-06-03T00:00:00Z,True,0.0071622721,arn:aws:ec2:us-west-2:171675361862:snapshot/snap-05dc35b99f1d66572,EC2 - Other,unallocated
2026-06-02T00:00:00Z,2026-06-03T00:00:00Z,True,0.0059277344,arn:aws:ec2:us-west-2:171675361862:snapshot/snap-068c9cd76d82972c6,EC2 - Other,unallocated
2026-06-02T00:00:00Z,2026-06-03T00:00:00Z,True,0.0049601237,arn:aws:ec2:us-west-2:171675361862:snapshot/snap-0811506c8e0e4c38d,EC2 - Other,unallocated
2026-06-02T00:00:00Z,2026-06-03T00:00:00Z,True,0.0049674479,arn:aws:ec2:us-west-2:171675361862:snapshot/snap-08971cb52b0d65cf4,EC2 - Other,unallocated
2026-06-02T00:00:00Z,2026-06-03T00:00:00Z,True,0.005139974,arn:aws:ec2:us-west-2:171675361862:snapshot/snap-08bba655a6c5cbab1,EC2 - Other,unallocated
2026-06-02T00:00:00Z,2026-06-03T00:00:00Z,True,0.0049023438,arn:aws:ec2:us-west-2:171675361862:snapshot/snap-0912fb835f7ce67e9,EC2 - Other,unallocated
2026-06-02T00:00:00Z,2026-06-03T00:00:00Z,True,0.0051969401,arn:aws:ec2:us-west-2:171675361862:snapshot/snap-0955251ceed89fccd,EC2 - Other,unallocated
2026-06-02T00:00:00Z,2026-06-03T00:00:00Z,True,0.0050341797,arn:aws:ec2:us-west-2:171675361862:snapshot/snap-09b7dcbea493d899c,EC2 - Other,unallocated
2026-06-02T00:00:00Z,2026-06-03T00:00:00Z,True,0.0049812826,arn:aws:ec2:us-west-2:171675361862:snapshot/snap-0a85a694772c6b805,EC2 - Other,unallocated
2026-06-02T00:00:00Z,2026-06-03T00:00:00Z,True,0.0166110569,arn:aws:ec2:us-west-2:171675361862:snapshot/snap-0b29ce504f5ffe8c7,EC2 - Other,unallocated
2026-06-02T00:00:00Z,2026-06-03T00:00:00Z,True,0.0056396484,arn:aws:ec2:us-west-2:171675361862:snapshot/snap-0b57ab838a3d96a1e,EC2 - Other,unallocated
2026-06-02T00:00:00Z,2026-06-03T00:00:00Z,True,0.0114078776,arn:aws:ec2:us-west-2:171675361862:snapshot/snap-0b59545ad20e68906,EC2 - Other,unallocated
2026-06-02T00:00:00Z,2026-06-03T00:00:00Z,True,0.0060864258,arn:aws:ec2:us-west-2:171675361862:snapshot/snap-0ca4a84e778ad68e9,EC2 - Other,unallocated
2026-06-02T00:00:00Z,2026-06-03T00:00:00Z,True,0.0046907552,arn:aws:ec2:us-west-2:171675361862:snapshot/snap-0cda5132b3ef65cfa,EC2 - Other,unallocated
2026-06-02T00:00:00Z,2026-06-03T00:00:00Z,True,0.005300293,arn:aws:ec2:us-west-2:171675361862:snapshot/snap-0d0c4af263032230c,EC2 - Other,unallocated
2026-06-02T00:00:00Z,2026-06-03T00:00:00Z,True,0.0053548177,arn:aws:ec2:us-west-2:171675361862:snapshot/snap-0d834f9a24c2f6097,EC2 - Other,unallocated
2026-06-02T00:00:00Z,2026-06-03T00:00:00Z,True,0.005164388,arn:aws:ec2:us-west-2:171675361862:snapshot/snap-0daf5245a270f593f,EC2 - Other,unallocated
2026-06-02T00:00:00Z,2026-06-03T00:00:00Z,True,0.0052945964,arn:aws:ec2:us-west-2:171675361862:snapshot/snap-0dfcb5a08a204faba,EC2 - Other,unallocated
2026-06-02T00:00:00Z,2026-06-03T00:00:00Z,True,0.0047631836,arn:aws:ec2:us-west-2:171675361862:snapshot/snap-0ef79544c150b4756,EC2 - Other,unallocated
2026-06-02T00:00:00Z,2026-06-03T00:00:00Z,True,0.0051831055,arn:aws:ec2:us-west-2:171675361862:snapshot/snap-0f167818ffe7feac1,EC2 - Other,unallocated
2026-06-02T00:00:00Z,2026-06-03T00:00:00Z,True,0.0071875,arn:aws:ec2:us-west-2:171675361862:snapshot/snap-0f35a63f136c0ec82,EC2 - Other,unallocated
2026-06-02T00:00:00Z,2026-06-03T00:00:00Z,True,0.0053344727,arn:aws:ec2:us-west-2:171675361862:snapshot/snap-0fbf1eb66ee99723a,EC2 - Other,unallocated
2026-06-02T00:00:00Z,2026-06-03T00:00:00Z,True,0.0,i-0055dfbe3e55cf1ec,EC2 - Other,unallocated
2026-06-02T00:00:00Z,2026-06-03T00:00:00Z,True,0.0,i-007bb863945b53c72,EC2 - Other,unallocated
2026-06-02T00:00:00Z,2026-06-03T00:00:00Z,True,0.0,i-00900e12f54b18d2a,EC2 - Other,unallocated
2026-06-02T00:00:00Z,2026-06-03T00:00:00Z,True,0.0,i-0097924ed63fd2818,EC2 - Other,unallocated
2026-06-02T00:00:00Z,2026-06-03T00:00:00Z,True,0.0,i-00a0d11eebd561ad0,EC2 - Other,unallocated
2026-06-02T00:00:00Z,2026-06-03T00:00:00Z,True,0.0,i-00d19244f4902deb9,EC2 - Other,unallocated
2026-06-02T00:00:00Z,2026-06-03T00:00:00Z,True,0.0,i-00dc14e996a373db3,EC2 - Other,unallocated
2026-06-02T00:00:00Z,2026-06-03T00:00:00Z,True,0.0,i-012c83ff23b7dcd26,EC2 - Other,unallocated
2026-06-02T00:00:00Z,2026-06-03T00:00:00Z,True,0.0,i-016617664f54d11c1,EC2 - Other,unallocated
2026-06-02T00:00:00Z,2026-06-03T00:00:00Z,True,0.0,i-019c8a6d08aaaa820,EC2 - Other,unallocated
2026-06-02T00:00:00Z,2026-06-03T00:00:00Z,True,0.0,i-019cf093fcb9cbf4b,EC2 - Other,unallocated
2026-06-02T00:00:00Z,2026-06-03T00:00:00Z,True,0.0,i-01b534ea141fb85a9,EC2 - Other,unallocated
2026-06-02T00:00:00Z,2026-06-03T00:00:00Z,True,0.0,i-0211e716170480106,EC2 - Other,unallocated
2026-06-02T00:00:00Z,2026-06-03T00:00:00Z,True,0.0,i-0276d7f7aabfab424,EC2 - Other,unallocated
2026-06-02T00:00:00Z,2026-06-03T00:00:00Z,True,0.0,i-02920010fa608c281,EC2 - Other,unallocated
2026-06-02T00:00:00Z,2026-06-03T00:00:00Z,True,0.0,i-02bdc58b2d61e9e82,EC2 - Other,unallocated
2026-06-02T00:00:00Z,2026-06-03T00:00:00Z,True,0.0,i-02da02da61a5a3eb6,EC2 - Other,unallocated
2026-06-02T00:00:00Z,2026-06-03T00:00:00Z,True,0.0,i-03847d4cc92b36b5f,EC2 - Other,unallocated
2026-06-02T00:00:00Z,2026-06-03T00:00:00Z,True,0.0,i-038fbb5dcca01245f,EC2 - Other,unallocated
2026-06-02T00:00:00Z,2026-06-03T00:00:00Z,True,0.0,i-03feb071ac545b307,EC2 - Other,unallocated
2026-06-02T00:00:00Z,2026-06-03T00:00:00Z,True,0.0,i-041902e8c60de97d0,EC2 - Other,unallocated
2026-06-02T00:00:00Z,2026-06-03T00:00:00Z,True,0.0,i-042a067aa05e26358,EC2 - Other,unallocated
2026-06-02T00:00:00Z,2026-06-03T00:00:00Z,True,0.0,i-049cee8c9858fc190,EC2 - Other,unallocated
2026-06-02T00:00:00Z,2026-06-03T00:00:00Z,True,0.0,i-04a05a0c69e7b0696,EC2 - Other,unallocated
2026-06-02T00:00:00Z,2026-06-03T00:00:00Z,True,0.0,i-0598a81dbc4aebe76,EC2 - Other,unallocated
2026-06-02T00:00:00Z,2026-06-03T00:00:00Z,True,0.0,i-05a685bc27285d0bb,EC2 - Other,unallocated
2026-06-02T00:00:00Z,2026-06-03T00:00:00Z,True,0.0,i-062c740c332b2442e,EC2 - Other,unallocated
2026-06-02T00:00:00Z,2026-06-03T00:00:00Z,True,0.0,i-0654517d40930400d,EC2 - Other,unallocated
2026-06-02T00:00:00Z,2026-06-03T00:00:00Z,True,0.0,i-06809e7147782e954,EC2 - Other,unallocated
2026-06-02T00:00:00Z,2026-06-03T00:00:00Z,True,0.0042019429,i-07df3a933e4839f52,EC2 - Other,dayhoff
2026-06-02T00:00:00Z,2026-06-03T00:00:00Z,True,0.0,i-0835705a02f4b1e77,EC2 - Other,unallocated
2026-06-02T00:00:00Z,2026-06-03T00:00:00Z,True,0.0,i-08a13c7d32330b9b8,EC2 - Other,unallocated
2026-06-02T00:00:00Z,2026-06-03T00:00:00Z,True,0.0,i-08bc1954c5f6581bb,EC2 - Other,unallocated
2026-06-02T00:00:00Z,2026-06-03T00:00:00Z,True,0.0,i-08f75f0c20b9948ae,EC2 - Other,unallocated
2026-06-02T00:00:00Z,2026-06-03T00:00:00Z,True,0.0027936538,i-09126000eb19643b0,EC2 - Other,dayhoff
2026-06-02T00:00:00Z,2026-06-03T00:00:00Z,True,0.0,i-09133d9589e6dcb05,EC2 - Other,unallocated
2026-06-02T00:00:00Z,2026-06-03T00:00:00Z,True,0.0,i-094f096a3e9010679,EC2 - Other,unallocated
2026-06-02T00:00:00Z,2026-06-03T00:00:00Z,True,0.0042161569,i-09695873da078a9cc,EC2 - Other,unallocated
2026-06-02T00:00:00Z,2026-06-03T00:00:00Z,True,0.0,i-0970d0b764e29d6af,EC2 - Other,unallocated
2026-06-02T00:00:00Z,2026-06-03T00:00:00Z,True,1.35884e-05,i-09f66b3f11ea42c60,EC2 - Other,unallocated
2026-06-02T00:00:00Z,2026-06-03T00:00:00Z,True,0.0,i-0a6c43330694e98f0,EC2 - Other,unallocated
2026-06-02T00:00:00Z,2026-06-03T00:00:00Z,True,0.0009074588,i-0a70e6af119b993f3,EC2 - Other,dayhoff
2026-06-02T00:00:00Z,2026-06-03T00:00:00Z,True,0.0,i-0a92c5e20da095133,EC2 - Other,unallocated
2026-06-02T00:00:00Z,2026-06-03T00:00:00Z,True,1.9326e-06,i-0ab7116abc8229a16,EC2 - Other,unallocated
2026-06-02T00:00:00Z,2026-06-03T00:00:00Z,True,0.0,i-0b5c8e7b0529b0957,EC2 - Other,unallocated
2026-06-02T00:00:00Z,2026-06-03T00:00:00Z,True,5.31137e-05,i-0b6713cc15f74d360,EC2 - Other,dayhoff
2026-06-02T00:00:00Z,2026-06-03T00:00:00Z,True,0.0,i-0ba964abdd72e7840,EC2 - Other,unallocated
2026-06-02T00:00:00Z,2026-06-03T00:00:00Z,True,0.0,i-0d1d797a4825b46a5,EC2 - Other,unallocated
2026-06-02T00:00:00Z,2026-06-03T00:00:00Z,True,0.0,i-0d7a21d0d7390e8be,EC2 - Other,unallocated
2026-06-02T00:00:00Z,2026-06-03T00:00:00Z,True,0.0,i-0dc96bde4d951bbae,EC2 - Other,unallocated
2026-06-02T00:00:00Z,2026-06-03T00:00:00Z,True,0.0,i-0e437530005a9b1f6,EC2 - Other,unallocated
2026-06-02T00:00:00Z,2026-06-03T00:00:00Z,True,7.86e-07,i-0eea51f109f684a5d,EC2 - Other,unallocated
2026-06-02T00:00:00Z,2026-06-03T00:00:00Z,True,0.0,i-0f23c1bd2fac97db9,EC2 - Other,unallocated
2026-06-02T00:00:00Z,2026-06-03T00:00:00Z,True,0.0,i-0fb0ec49e07555eb1,EC2 - Other,unallocated
2026-06-02T00:00:00Z,2026-06-03T00:00:00Z,True,0.0799999992,vol-0054217b60d3a15d8,EC2 - Other,unallocated
2026-06-02T00:00:00Z,2026-06-03T00:00:00Z,True,0.0030625,vol-00633f5dac2e7e425,EC2 - Other,unallocated
2026-06-02T00:00:00Z,2026-06-03T00:00:00Z,True,0.0042611111,vol-0070dbe91f19af6b3,EC2 - Other,unallocated
2026-06-02T00:00:00Z,2026-06-03T00:00:00Z,True,0.0008918518,vol-00e7dbb1202e458cc,EC2 - Other,unallocated
2026-06-02T00:00:00Z,2026-06-03T00:00:00Z,True,0.0064833333,vol-01147721807a66131,EC2 - Other,unallocated
2026-06-02T00:00:00Z,2026-06-03T00:00:00Z,True,0.0088972222,vol-01b601bb282d2adf6,EC2 - Other,unallocated
2026-06-02T00:00:00Z,2026-06-03T00:00:00Z,True,0.0031722222,vol-0251aa4e4a755fa2d,EC2 - Other,unallocated
2026-06-02T00:00:00Z,2026-06-03T00:00:00Z,True,0.0043527778,vol-025ae7abc0815ad66,EC2 - Other,unallocated
2026-06-02T00:00:00Z,2026-06-03T00:00:00Z,True,0.0124847222,vol-027626600d0cd0260,EC2 - Other,unallocated
2026-06-02T00:00:00Z,2026-06-03T00:00:00Z,True,0.0023430556,vol-02aee1791b8a231c4,EC2 - Other,unallocated
2026-06-02T00:00:00Z,2026-06-03T00:00:00Z,True,0.0034777778,vol-02b622113a7f988f7,EC2 - Other,unallocated
2026-06-02T00:00:00Z,2026-06-03T00:00:00Z,True,0.0098902778,vol-02ca60ba9095c0727,EC2 - Other,unallocated
2026-06-02T00:00:00Z,2026-06-03T00:00:00Z,True,0.0533333328,vol-02caa6b741e86c280,EC2 - Other,unallocated
2026-06-02T00:00:00Z,2026-06-03T00:00:00Z,True,0.0027180556,vol-03304f699bb195d3b,EC2 - Other,unallocated
2026-06-02T00:00:00Z,2026-06-03T00:00:00Z,True,0.0043180556,vol-0365c733e45ba9af0,EC2 - Other,unallocated
2026-06-02T00:00:00Z,2026-06-03T00:00:00Z,True,0.0088861111,vol-036b444732821a823,EC2 - Other,unallocated
2026-06-02T00:00:00Z,2026-06-03T00:00:00Z,True,0.8959999992,vol-0392bc7824a1e81e8,EC2 - Other,dayhoff
2026-06-02T00:00:00Z,2026-06-03T00:00:00Z,True,0.0027055556,vol-03b89d22267a152d0,EC2 - Other,unallocated
2026-06-02T00:00:00Z,2026-06-03T00:00:00Z,True,1.1226666672,vol-042a5f5daead20490,EC2 - Other,unallocated
2026-06-02T00:00:00Z,2026-06-03T00:00:00Z,True,0.4106666663,vol-04646998d6f1fd325,EC2 - Other,dayhoff
2026-06-02T00:00:00Z,2026-06-03T00:00:00Z,True,0.0031625,vol-050a826655bbbb36e,EC2 - Other,unallocated
2026-06-02T00:00:00Z,2026-06-03T00:00:00Z,True,0.0087986111,vol-05116329a6071385d,EC2 - Other,unallocated
2026-06-02T00:00:00Z,2026-06-03T00:00:00Z,True,0.0098819444,vol-0542c6cd9c1e3765a,EC2 - Other,unallocated
2026-06-02T00:00:00Z,2026-06-03T00:00:00Z,True,0.0022763889,vol-0584cc512ae01f6cf,EC2 - Other,unallocated
2026-06-02T00:00:00Z,2026-06-03T00:00:00Z,True,0.002375,vol-0635e95b596b4c78a,EC2 - Other,unallocated
2026-06-02T00:00:00Z,2026-06-03T00:00:00Z,True,0.0049402778,vol-06614e1fac7f92dbb,EC2 - Other,unallocated
2026-06-02T00:00:00Z,2026-06-03T00:00:00Z,True,1.1226666672,vol-067169329e7a92af1,EC2 - Other,unallocated
2026-06-02T00:00:00Z,2026-06-03T00:00:00Z,True,0.0043444444,vol-06a34276f5a679a78,EC2 - Other,unallocated
2026-06-02T00:00:00Z,2026-06-03T00:00:00Z,True,0.0043430556,vol-071d2c684d0f36095,EC2 - Other,unallocated
2026-06-02T00:00:00Z,2026-06-03T00:00:00Z,True,0.0020180556,vol-07212dd09aeab204e,EC2 - Other,unallocated
2026-06-02T00:00:00Z,2026-06-03T00:00:00Z,True,0.0799999992,vol-0725e7ce2db54e386,EC2 - Other,unallocated
2026-06-02T00:00:00Z,2026-06-03T00:00:00Z,True,0.00235,vol-07c85e5c0619fbd29,EC2 - Other,unallocated
2026-06-02T00:00:00Z,2026-06-03T00:00:00Z,True,0.0029736111,vol-07e45f9211e82490e,EC2 - Other,unallocated
2026-06-02T00:00:00Z,2026-06-03T00:00:00Z,True,0.0022777778,vol-07fd4eb57e020d1f7,EC2 - Other,unallocated
2026-06-02T00:00:00Z,2026-06-03T00:00:00Z,True,0.4918813274,vol-0870b690c9da80517,EC2 - Other,unallocated
2026-06-02T00:00:00Z,2026-06-03T00:00:00Z,True,0.0024111111,vol-087d3655bfe89dae9,EC2 - Other,unallocated
2026-06-02T00:00:00Z,2026-06-03T00:00:00Z,True,0.1333333344,vol-08dee3ee1394063cb,EC2 - Other,unallocated
2026-06-02T00:00:00Z,2026-06-03T00:00:00Z,True,0.0213333336,vol-09454929e2c583ae7,EC2 - Other,unallocated
2026-06-02T00:00:00Z,2026-06-03T00:00:00Z,True,0.0031416667,vol-09a06075b780097a5,EC2 - Other,unallocated
2026-06-02T00:00:00Z,2026-06-03T00:00:00Z,True,0.0088180556,vol-09a86aad17dc0c3aa,EC2 - Other,unallocated
2026-06-02T00:00:00Z,2026-06-03T00:00:00Z,True,0.0090666667,vol-09eedc0b0375d1e9e,EC2 - Other,unallocated
2026-06-02T00:00:00Z,2026-06-03T00:00:00Z,True,1.1226666672,vol-0a057d7e9441f51af,EC2 - Other,unallocated
2026-06-02T00:00:00Z,2026-06-03T00:00:00Z,True,0.0213333336,vol-0af8f94e0cd058ddf,EC2 - Other,unallocated
2026-06-02T00:00:00Z,2026-06-03T00:00:00Z,True,0.0091555556,vol-0b03ae33341ef1ab5,EC2 - Other,unallocated
2026-06-02T00:00:00Z,2026-06-03T00:00:00Z,True,0.0099097222,vol-0b3a59e21d9819dac,EC2 - Other,unallocated
2026-06-02T00:00:00Z,2026-06-03T00:00:00Z,True,0.0043833333,vol-0ba554dfe2642f252,EC2 - Other,unallocated
2026-06-02T00:00:00Z,2026-06-03T00:00:00Z,True,0.0024597222,vol-0bb45c2adf3c798ef,EC2 - Other,unallocated
2026-06-02T00:00:00Z,2026-06-03T00:00:00Z,True,0.0023680556,vol-0bc1b53facc820fca,EC2 - Other,unallocated
2026-06-02T00:00:00Z,2026-06-03T00:00:00Z,True,0.0799999992,vol-0bff19625e45e6e4c,EC2 - Other,unallocated
2026-06-02T00:00:00Z,2026-06-03T00:00:00Z,True,0.0095666667,vol-0c05ea12a711862ce,EC2 - Other,unallocated
2026-06-02T00:00:00Z,2026-06-03T00:00:00Z,True,0.624,vol-0c26833469cf6995a,EC2 - Other,unallocated
2026-06-02T00:00:00Z,2026-06-03T00:00:00Z,True,0.0052527778,vol-0c3c5f67b75181058,EC2 - Other,unallocated
2026-06-02T00:00:00Z,2026-06-03T00:00:00Z,True,0.8959999992,vol-0c69ba6b467620e14,EC2 - Other,dayhoff
2026-06-02T00:00:00Z,2026-06-03T00:00:00Z,True,1.1226666672,vol-0c90d4fbaada3820a,EC2 - Other,unallocated
2026-06-02T00:00:00Z,2026-06-03T00:00:00Z,True,0.0096222222,vol-0cb4acfba408caa7a,EC2 - Other,unallocated
2026-06-02T00:00:00Z,2026-06-03T00:00:00Z,True,0.0024611111,vol-0cbdf2d0aa1fe800a,EC2 - Other,unallocated
2026-06-02T00:00:00Z,2026-06-03T00:00:00Z,True,0.0019958333,vol-0d775bf5962d97026,EC2 - Other,unallocated
2026-06-02T00:00:00Z,2026-06-03T00:00:00Z,True,0.0064347222,vol-0daca4e1b1eb9c406,EC2 - Other,unallocated
2026-06-02T00:00:00Z,2026-06-03T00:00:00Z,True,0.0022736111,vol-0df9281d9120a797c,EC2 - Other,unallocated
2026-06-02T00:00:00Z,2026-06-03T00:00:00Z,True,0.0084875,vol-0e5517419eb2c34a4,EC2 - Other,unallocated
2026-06-02T00:00:00Z,2026-06-03T00:00:00Z,True,0.0064777778,vol-0e631338ba6a66f77,EC2 - Other,unallocated
2026-06-02T00:00:00Z,2026-06-03T00:00:00Z,True,0.8959999992,vol-0ea36895cc2b979ac,EC2 - Other,dayhoff
2026-06-02T00:00:00Z,2026-06-03T00:00:00Z,True,0.0040152778,vol-0ef1111152a108c0c,EC2 - Other,unallocated
2026-06-02T00:00:00Z,2026-06-03T00:00:00Z,True,1.1226666672,vol-0f5e5d7eec5982fa8,EC2 - Other,unallocated
2026-06-02T00:00:00Z,2026-06-03T00:00:00Z,True,0.0036875,vol-0f8db605198ac1a9a,EC2 - Other,unallocated
2026-06-03T00:00:00Z,2026-06-04T00:00:00Z,True,1.3440005233,arn:aws:ec2:ap-south-1:108782052779:natgateway/nat-01dc061291fc51e75,EC2 - Other,unallocated
2026-06-03T00:00:00Z,2026-06-04T00:00:00Z,True,1.3440004928,arn:aws:ec2:ap-south-1:108782052779:natgateway/nat-05f85018216cac061,EC2 - Other,unallocated
2026-06-03T00:00:00Z,2026-06-04T00:00:00Z,True,0.0802823893,arn:aws:ec2:ap-south-1:108782052779:snapshot/snap-053909bfd492a6457,EC2 - Other,unallocated
2026-06-03T00:00:00Z,2026-06-04T00:00:00Z,True,1.2480000631,arn:aws:ec2:eu-central-1:108782052779:natgateway/nat-0a2bfbfedf38f8e87,EC2 - Other,unallocated
2026-06-03T00:00:00Z,2026-06-04T00:00:00Z,True,1.2480002193,arn:aws:ec2:eu-central-1:108782052779:natgateway/nat-0ec6ae9605269bef4,EC2 - Other,unallocated
2026-06-03T00:00:00Z,2026-06-04T00:00:00Z,True,0.0005555556,arn:aws:ec2:us-east-1:108782052779:snapshot/snap-0da528c33bea44e85,EC2 - Other,unallocated
2026-06-03T00:00:00Z,2026-06-04T00:00:00Z,True,1.0800001879,arn:aws:ec2:us-west-2:108782052779:natgateway/nat-00246c8ef3b9087f1,EC2 - Other,dayhoff
2026-06-03T00:00:00Z,2026-06-04T00:00:00Z,True,1.0835543733,arn:aws:ec2:us-west-2:108782052779:natgateway/nat-00ac08b685fea726f,EC2 - Other,terrarium
2026-06-03T00:00:00Z,2026-06-04T00:00:00Z,True,7.949199144,arn:aws:ec2:us-west-2:108782052779:natgateway/nat-00f3c26e43ede9b10,EC2 - Other,unallocated
2026-06-03T00:00:00Z,2026-06-04T00:00:00Z,True,1.0871516458,arn:aws:ec2:us-west-2:108782052779:natgateway/nat-0234e77781575cced,EC2 - Other,terrarium
2026-06-03T00:00:00Z,2026-06-04T00:00:00Z,True,0.0015821669,arn:aws:ec2:us-west-2:108782052779:snapshot/snap-086cb177f351dbfbb,EC2 - Other,unallocated
2026-06-03T00:00:00Z,2026-06-04T00:00:00Z,True,0.0015785726,arn:aws:ec2:us-west-2:108782052779:snapshot/snap-0b3b3a32f958e373d,EC2 - Other,unallocated
2026-06-03T00:00:00Z,2026-06-04T00:00:00Z,True,0.0003075494,arn:aws:ec2:us-west-2:108782052779:snapshot/snap-0b8c5f74fa131e3ca,EC2 - Other,unallocated
2026-06-03T00:00:00Z,2026-06-04T00:00:00Z,True,1.2983950395,arn:aws:ec2:us-west-2:171675361862:natgateway/nat-01432c586ef9dbf51,EC2 - Other,unallocated
2026-06-03T00:00:00Z,2026-06-04T00:00:00Z,True,0.0049544271,arn:aws:ec2:us-west-2:171675361862:snapshot/snap-0093422f7530dd57f,EC2 - Other,unallocated
2026-06-03T00:00:00Z,2026-06-04T00:00:00Z,True,0.0051318359,arn:aws:ec2:us-west-2:171675361862:snapshot/snap-01051ee004e700b1e,EC2 - Other,unallocated
2026-06-03T00:00:00Z,2026-06-04T00:00:00Z,True,0.004831543,arn:aws:ec2:us-west-2:171675361862:snapshot/snap-01617e5cf1a7141a9,EC2 - Other,unallocated
2026-06-03T00:00:00Z,2026-06-04T00:00:00Z,True,0.0057283529,arn:aws:ec2:us-west-2:171675361862:snapshot/snap-02e2a477c70bd2d6b,EC2 - Other,unallocated
2026-06-03T00:00:00Z,2026-06-04T00:00:00Z,True,0.0052034505,arn:aws:ec2:us-west-2:171675361862:snapshot/snap-034c0dc963dcc6b4a,EC2 - Other,unallocated
2026-06-03T00:00:00Z,2026-06-04T00:00:00Z,True,0.0051220703,arn:aws:ec2:us-west-2:171675361862:snapshot/snap-0356c62bc9336feef,EC2 - Other,unallocated
2026-06-03T00:00:00Z,2026-06-04T00:00:00Z,True,0.0052278646,arn:aws:ec2:us-west-2:171675361862:snapshot/snap-03e9cddf0760568af,EC2 - Other,unallocated
2026-06-03T00:00:00Z,2026-06-04T00:00:00Z,True,0.005448405,arn:aws:ec2:us-west-2:171675361862:snapshot/snap-049b1328bdd0e2367,EC2 - Other,unallocated
2026-06-03T00:00:00Z,2026-06-04T00:00:00Z,True,0.0071622721,arn:aws:ec2:us-west-2:171675361862:snapshot/snap-05dc35b99f1d66572,EC2 - Other,unallocated
2026-06-03T00:00:00Z,2026-06-04T00:00:00Z,True,0.0059277344,arn:aws:ec2:us-west-2:171675361862:snapshot/snap-068c9cd76d82972c6,EC2 - Other,unallocated
2026-06-03T00:00:00Z,2026-06-04T00:00:00Z,True,0.0049601237,arn:aws:ec2:us-west-2:171675361862:snapshot/snap-0811506c8e0e4c38d,EC2 - Other,unallocated
2026-06-03T00:00:00Z,2026-06-04T00:00:00Z,True,0.0049674479,arn:aws:ec2:us-west-2:171675361862:snapshot/snap-08971cb52b0d65cf4,EC2 - Other,unallocated
2026-06-03T00:00:00Z,2026-06-04T00:00:00Z,True,0.005139974,arn:aws:ec2:us-west-2:171675361862:snapshot/snap-08bba655a6c5cbab1,EC2 - Other,unallocated
2026-06-03T00:00:00Z,2026-06-04T00:00:00Z,True,0.0049023438,arn:aws:ec2:us-west-2:171675361862:snapshot/snap-0912fb835f7ce67e9,EC2 - Other,unallocated
2026-06-03T00:00:00Z,2026-06-04T00:00:00Z,True,0.0051969401,arn:aws:ec2:us-west-2:171675361862:snapshot/snap-0955251ceed89fccd,EC2 - Other,unallocated
2026-06-03T00:00:00Z,2026-06-04T00:00:00Z,True,0.0050341797,arn:aws:ec2:us-west-2:171675361862:snapshot/snap-09b7dcbea493d899c,EC2 - Other,unallocated
2026-06-03T00:00:00Z,2026-06-04T00:00:00Z,True,0.0049812826,arn:aws:ec2:us-west-2:171675361862:snapshot/snap-0a85a694772c6b805,EC2 - Other,unallocated
2026-06-03T00:00:00Z,2026-06-04T00:00:00Z,True,0.006532525,arn:aws:ec2:us-west-2:171675361862:snapshot/snap-0b29ce504f5ffe8c7,EC2 - Other,unallocated
2026-06-03T00:00:00Z,2026-06-04T00:00:00Z,True,0.0056396484,arn:aws:ec2:us-west-2:171675361862:snapshot/snap-0b57ab838a3d96a1e,EC2 - Other,unallocated
2026-06-03T00:00:00Z,2026-06-04T00:00:00Z,True,0.0114078776,arn:aws:ec2:us-west-2:171675361862:snapshot/snap-0b59545ad20e68906,EC2 - Other,unallocated
2026-06-03T00:00:00Z,2026-06-04T00:00:00Z,True,0.0171655273,arn:aws:ec2:us-west-2:171675361862:snapshot/snap-0ca4a84e778ad68e9,EC2 - Other,unallocated
2026-06-03T00:00:00Z,2026-06-04T00:00:00Z,True,0.0046907552,arn:aws:ec2:us-west-2:171675361862:snapshot/snap-0cda5132b3ef65cfa,EC2 - Other,unallocated
2026-06-03T00:00:00Z,2026-06-04T00:00:00Z,True,0.005300293,arn:aws:ec2:us-west-2:171675361862:snapshot/snap-0d0c4af263032230c,EC2 - Other,unallocated
2026-06-03T00:00:00Z,2026-06-04T00:00:00Z,True,0.0042938232,arn:aws:ec2:us-west-2:171675361862:snapshot/snap-0d2a28c3feb1b3215,EC2 - Other,unallocated
2026-06-03T00:00:00Z,2026-06-04T00:00:00Z,True,0.0053548177,arn:aws:ec2:us-west-2:171675361862:snapshot/snap-0d834f9a24c2f6097,EC2 - Other,unallocated
2026-06-03T00:00:00Z,2026-06-04T00:00:00Z,True,0.005164388,arn:aws:ec2:us-west-2:171675361862:snapshot/snap-0daf5245a270f593f,EC2 - Other,unallocated
2026-06-03T00:00:00Z,2026-06-04T00:00:00Z,True,0.0052945964,arn:aws:ec2:us-west-2:171675361862:snapshot/snap-0dfcb5a08a204faba,EC2 - Other,unallocated
2026-06-03T00:00:00Z,2026-06-04T00:00:00Z,True,0.0047631836,arn:aws:ec2:us-west-2:171675361862:snapshot/snap-0ef79544c150b4756,EC2 - Other,unallocated
2026-06-03T00:00:00Z,2026-06-04T00:00:00Z,True,0.0051831055,arn:aws:ec2:us-west-2:171675361862:snapshot/snap-0f167818ffe7feac1,EC2 - Other,unallocated
2026-06-03T00:00:00Z,2026-06-04T00:00:00Z,True,0.0071875,arn:aws:ec2:us-west-2:171675361862:snapshot/snap-0f35a63f136c0ec82,EC2 - Other,unallocated
2026-06-03T00:00:00Z,2026-06-04T00:00:00Z,True,0.0053344727,arn:aws:ec2:us-west-2:171675361862:snapshot/snap-0fbf1eb66ee99723a,EC2 - Other,unallocated
2026-06-03T00:00:00Z,2026-06-04T00:00:00Z,True,0.0,i-0003c18c3f9fd8497,EC2 - Other,unallocated
2026-06-03T00:00:00Z,2026-06-04T00:00:00Z,True,0.0,i-00042bbe016ed9fab,EC2 - Other,unallocated
2026-06-03T00:00:00Z,2026-06-04T00:00:00Z,True,0.0,i-0011e71030a44ed90,EC2 - Other,unallocated
2026-06-03T00:00:00Z,2026-06-04T00:00:00Z,True,0.0,i-002fb22052556a143,EC2 - Other,unallocated
2026-06-03T00:00:00Z,2026-06-04T00:00:00Z,True,0.0,i-004d68fa28878a534,EC2 - Other,unallocated
2026-06-03T00:00:00Z,2026-06-04T00:00:00Z,True,0.0,i-00563f0a0e80ba477,EC2 - Other,unallocated
2026-06-03T00:00:00Z,2026-06-04T00:00:00Z,True,0.0,i-008c7c21cc159e33a,EC2 - Other,unallocated
2026-06-03T00:00:00Z,2026-06-04T00:00:00Z,True,0.0,i-00a2d7d1645028398,EC2 - Other,unallocated
2026-06-03T00:00:00Z,2026-06-04T00:00:00Z,True,0.0,i-00bd00941525b08e3,EC2 - Other,unallocated
2026-06-03T00:00:00Z,2026-06-04T00:00:00Z,True,0.0,i-00e39de5359c5a8cc,EC2 - Other,unallocated
2026-06-03T00:00:00Z,2026-06-04T00:00:00Z,True,0.0,i-00fbee9c6cb42be8d,EC2 - Other,unallocated
2026-06-03T00:00:00Z,2026-06-04T00:00:00Z,True,0.0,i-010556237e01d954f,EC2 - Other,unallocated
2026-06-03T00:00:00Z,2026-06-04T00:00:00Z,True,0.0,i-011b4409c53c7c0d4,EC2 - Other,unallocated
2026-06-03T00:00:00Z,2026-06-04T00:00:00Z,True,0.0,i-012df060adaa4d742,EC2 - Other,unallocated
2026-06-03T00:00:00Z,2026-06-04T00:00:00Z,True,0.0,i-01404d3c70955a8cd,EC2 - Other,unallocated
2026-06-03T00:00:00Z,2026-06-04T00:00:00Z,True,0.0,i-014862f8eb66ff127,EC2 - Other,unallocated
2026-06-03T00:00:00Z,2026-06-04T00:00:00Z,True,0.0,i-014fcec35a5ef9bf3,EC2 - Other,unallocated
2026-06-03T00:00:00Z,2026-06-04T00:00:00Z,True,0.0,i-01518090e40bcaaed,EC2 - Other,unallocated
2026-06-03T00:00:00Z,2026-06-04T00:00:00Z,True,0.0,i-016e5b576754f9f53,EC2 - Other,unallocated
2026-06-03T00:00:00Z,2026-06-04T00:00:00Z,True,0.0,i-018982868be76883b,EC2 - Other,unallocated
2026-06-03T00:00:00Z,2026-06-04T00:00:00Z,True,0.0,i-0191da75ef30fbe75,EC2 - Other,unallocated
2026-06-03T00:00:00Z,2026-06-04T00:00:00Z,True,0.0,i-0195a1f10b54ebeab,EC2 - Other,unallocated
2026-06-03T00:00:00Z,2026-06-04T00:00:00Z,True,0.0,i-01cca7227cdc42d05,EC2 - Other,unallocated
2026-06-03T00:00:00Z,2026-06-04T00:00:00Z,True,0.0,i-01d00108f2511d5bb,EC2 - Other,unallocated
2026-06-03T00:00:00Z,2026-06-04T00:00:00Z,True,0.0,i-01edab74fbf6144a9,EC2 - Other,unallocated
2026-06-03T00:00:00Z,2026-06-04T00:00:00Z,True,0.0,i-01f1b33e6df4b8510,EC2 - Other,unallocated
2026-06-03T00:00:00Z,2026-06-04T00:00:00Z,True,0.0,i-01f9e8d399a9f4241,EC2 - Other,unallocated
2026-06-03T00:00:00Z,2026-06-04T00:00:00Z,True,0.0,i-02135bcc0f4931885,EC2 - Other,unallocated
2026-06-03T00:00:00Z,2026-06-04T00:00:00Z,True,0.0,i-0218c014e88145da1,EC2 - Other,unallocated
2026-06-03T00:00:00Z,2026-06-04T00:00:00Z,True,0.0,i-023eddcd3994c6de2,EC2 - Other,unallocated
2026-06-03T00:00:00Z,2026-06-04T00:00:00Z,True,0.0,i-0252e59ab2c1e8664,EC2 - Other,unallocated
2026-06-03T00:00:00Z,2026-06-04T00:00:00Z,True,0.0,i-0295b651a2775323f,EC2 - Other,unallocated
2026-06-03T00:00:00Z,2026-06-04T00:00:00Z,True,0.0,i-02b7b92dab997f019,EC2 - Other,unallocated
2026-06-03T00:00:00Z,2026-06-04T00:00:00Z,True,0.0,i-02bad42447dfdda70,EC2 - Other,unallocated
2026-06-03T00:00:00Z,2026-06-04T00:00:00Z,True,0.0,i-02bf5a8c91cd12fcb,EC2 - Other,unallocated
2026-06-03T00:00:00Z,2026-06-04T00:00:00Z,True,0.0,i-02c00e54a35f7cfa7,EC2 - Other,unallocated
2026-06-03T00:00:00Z,2026-06-04T00:00:00Z,True,0.0,i-02e0306c0e9150fe4,EC2 - Other,unallocated
2026-06-03T00:00:00Z,2026-06-04T00:00:00Z,True,0.0,i-030f222720a664fff,EC2 - Other,unallocated
2026-06-03T00:00:00Z,2026-06-04T00:00:00Z,True,0.0,i-033473ddaba4afefe,EC2 - Other,unallocated
2026-06-03T00:00:00Z,2026-06-04T00:00:00Z,True,0.0,i-03365967e77e82b4b,EC2 - Other,unallocated
2026-06-03T00:00:00Z,2026-06-04T00:00:00Z,True,0.0,i-0394d544f2f65ff3d,EC2 - Other,unallocated
2026-06-03T00:00:00Z,2026-06-04T00:00:00Z,True,0.0,i-03a1f63f77a538a18,EC2 - Other,unallocated
2026-06-03T00:00:00Z,2026-06-04T00:00:00Z,True,0.0,i-03b04a4afe877ae33,EC2 - Other,unallocated
2026-06-03T00:00:00Z,2026-06-04T00:00:00Z,True,0.0,i-03b28a1fa161090b7,EC2 - Other,unallocated
2026-06-03T00:00:00Z,2026-06-04T00:00:00Z,True,0.0,i-03b67c0acbded3b1c,EC2 - Other,unallocated
2026-06-03T00:00:00Z,2026-06-04T00:00:00Z,True,0.0,i-03f76ed36a2f9043b,EC2 - Other,unallocated
2026-06-03T00:00:00Z,2026-06-04T00:00:00Z,True,0.0,i-03fb7d7817e96e204,EC2 - Other,unallocated
2026-06-03T00:00:00Z,2026-06-04T00:00:00Z,True,0.0,i-040642aed1d43d00f,EC2 - Other,unallocated
2026-06-03T00:00:00Z,2026-06-04T00:00:00Z,True,0.0,i-0415a47426769e39b,EC2 - Other,unallocated
2026-06-03T00:00:00Z,2026-06-04T00:00:00Z,True,0.0,i-042a244b0673de9a1,EC2 - Other,unallocated
2026-06-03T00:00:00Z,2026-06-04T00:00:00Z,True,0.0,i-042bace0ae7e80f48,EC2 - Other,unallocated
2026-06-03T00:00:00Z,2026-06-04T00:00:00Z,True,0.0,i-042e6e0cfc038b383,EC2 - Other,unallocated
2026-06-03T00:00:00Z,2026-06-04T00:00:00Z,True,0.0,i-04853265c82992074,EC2 - Other,unallocated
2026-06-03T00:00:00Z,2026-06-04T00:00:00Z,True,0.0,i-0488a1b766a71423c,EC2 - Other,unallocated
2026-06-03T00:00:00Z,2026-06-04T00:00:00Z,True,0.0,i-04aae916ba109ec32,EC2 - Other,unallocated
2026-06-03T00:00:00Z,2026-06-04T00:00:00Z,True,0.0005282484,i-04d3a8c6aae87f818,EC2 - Other,dayhoff
2026-06-03T00:00:00Z,2026-06-04T00:00:00Z,True,0.0,i-04dc55ba5b6983800,EC2 - Other,unallocated
2026-06-03T00:00:00Z,2026-06-04T00:00:00Z,True,0.0,i-04df3d240d970ad4a,EC2 - Other,unallocated
2026-06-03T00:00:00Z,2026-06-04T00:00:00Z,True,0.0,i-050aea2bc2db7af38,EC2 - Other,unallocated
2026-06-03T00:00:00Z,2026-06-04T00:00:00Z,True,0.0,i-051aafed1988364ad,EC2 - Other,unallocated
2026-06-03T00:00:00Z,2026-06-04T00:00:00Z,True,0.0,i-051e58874cb13de6c,EC2 - Other,unallocated
2026-06-03T00:00:00Z,2026-06-04T00:00:00Z,True,0.0,i-052c83f40d3f50a24,EC2 - Other,unallocated
2026-06-03T00:00:00Z,2026-06-04T00:00:00Z,True,0.0,i-0537fdbfcc33440b1,EC2 - Other,unallocated
2026-06-03T00:00:00Z,2026-06-04T00:00:00Z,True,0.0,i-053e9b3df3e9a8ba3,EC2 - Other,unallocated
2026-06-03T00:00:00Z,2026-06-04T00:00:00Z,True,0.0,i-05408c5e9ce51b3a5,EC2 - Other,unallocated
2026-06-03T00:00:00Z,2026-06-04T00:00:00Z,True,0.0,i-0549b44e060fff009,EC2 - Other,unallocated
2026-06-03T00:00:00Z,2026-06-04T00:00:00Z,True,0.0,i-0580e0890abb125e9,EC2 - Other,unallocated
2026-06-03T00:00:00Z,2026-06-04T00:00:00Z,True,0.0,i-05891e57d0df911f5,EC2 - Other,unallocated
2026-06-03T00:00:00Z,2026-06-04T00:00:00Z,True,0.0,i-059aedd9a3058e0ef,EC2 - Other,unallocated
2026-06-03T00:00:00Z,2026-06-04T00:00:00Z,True,0.0,i-05a7f84f84ffec64a,EC2 - Other,unallocated
2026-06-03T00:00:00Z,2026-06-04T00:00:00Z,True,0.0,i-05b239d710575626b,EC2 - Other,unallocated
2026-06-03T00:00:00Z,2026-06-04T00:00:00Z,True,0.0,i-05c83d01cc35f11b8,EC2 - Other,unallocated
2026-06-03T00:00:00Z,2026-06-04T00:00:00Z,True,0.0,i-05ddd28a6bfabda99,EC2 - Other,unallocated
2026-06-03T00:00:00Z,2026-06-04T00:00:00Z,True,0.0,i-05f6c6edcf8c1f5b1,EC2 - Other,unallocated
2026-06-03T00:00:00Z,2026-06-04T00:00:00Z,True,0.0,i-05fa595ac8f77d801,EC2 - Other,unallocated
2026-06-03T00:00:00Z,2026-06-04T00:00:00Z,True,0.0,i-060b69370ae7ab06b,EC2 - Other,unallocated
2026-06-03T00:00:00Z,2026-06-04T00:00:00Z,True,0.0,i-064fdccc992f94008,EC2 - Other,unallocated
2026-06-03T00:00:00Z,2026-06-04T00:00:00Z,True,0.0,i-068c627bb3f9752d9,EC2 - Other,unallocated
2026-06-03T00:00:00Z,2026-06-04T00:00:00Z,True,0.0,i-069e915e14ec3e5be,EC2 - Other,unallocated
2026-06-03T00:00:00Z,2026-06-04T00:00:00Z,True,0.0,i-069ff1855c6e10183,EC2 - Other,unallocated
2026-06-03T00:00:00Z,2026-06-04T00:00:00Z,True,0.0,i-06b6cc88f77f2f4af,EC2 - Other,unallocated
2026-06-03T00:00:00Z,2026-06-04T00:00:00Z,True,0.0,i-06bd144c0ee76769a,EC2 - Other,unallocated
2026-06-03T00:00:00Z,2026-06-04T00:00:00Z,True,0.0,i-06c5ca31544512e5c,EC2 - Other,unallocated
2026-06-03T00:00:00Z,2026-06-04T00:00:00Z,True,0.0,i-06f3f00ad30fa02a6,EC2 - Other,unallocated
2026-06-03T00:00:00Z,2026-06-04T00:00:00Z,True,0.0,i-06fda819f2ed94b1a,EC2 - Other,unallocated
2026-06-03T00:00:00Z,2026-06-04T00:00:00Z,True,0.0,i-07122899ce97b7334,EC2 - Other,unallocated
2026-06-03T00:00:00Z,2026-06-04T00:00:00Z,True,0.0,i-0715ce096311a7e37,EC2 - Other,unallocated
2026-06-03T00:00:00Z,2026-06-04T00:00:00Z,True,0.0,i-07234ec94b099647b,EC2 - Other,unallocated
2026-06-03T00:00:00Z,2026-06-04T00:00:00Z,True,0.0,i-072f495aa43c3df10,EC2 - Other,unallocated
2026-06-03T00:00:00Z,2026-06-04T00:00:00Z,True,0.0,i-07377e0f70aee9441,EC2 - Other,unallocated
2026-06-03T00:00:00Z,2026-06-04T00:00:00Z,True,0.0,i-0765af27a5dd17e52,EC2 - Other,unallocated
2026-06-03T00:00:00Z,2026-06-04T00:00:00Z,True,0.0,i-076867b3731e83dc3,EC2 - Other,unallocated
2026-06-03T00:00:00Z,2026-06-04T00:00:00Z,True,0.0,i-07c617e5b857133a6,EC2 - Other,unallocated
2026-06-03T00:00:00Z,2026-06-04T00:00:00Z,True,0.0,i-07c97ade16d1d2c98,EC2 - Other,unallocated
2026-06-03T00:00:00Z,2026-06-04T00:00:00Z,True,0.0,i-07d65633b74636b4f,EC2 - Other,unallocated
2026-06-03T00:00:00Z,2026-06-04T00:00:00Z,True,0.0,i-07da6592c87af7b9d,EC2 - Other,unallocated
2026-06-03T00:00:00Z,2026-06-04T00:00:00Z,True,0.0050770455,i-07df3a933e4839f52,EC2 - Other,dayhoff
2026-06-03T00:00:00Z,2026-06-04T00:00:00Z,True,0.0,i-07f677588f1ec8b09,EC2 - Other,unallocated
2026-06-03T00:00:00Z,2026-06-04T00:00:00Z,True,0.0,i-07f719d9c27e15fcc,EC2 - Other,unallocated
2026-06-03T00:00:00Z,2026-06-04T00:00:00Z,True,0.0,i-08058aa951b108291,EC2 - Other,unallocated
2026-06-03T00:00:00Z,2026-06-04T00:00:00Z,True,0.0,i-0838c63f02c0cf9d6,EC2 - Other,unallocated
2026-06-03T00:00:00Z,2026-06-04T00:00:00Z,True,0.0,i-083e0e24816a97b14,EC2 - Other,unallocated
2026-06-03T00:00:00Z,2026-06-04T00:00:00Z,True,0.0,i-084d6f41c0505f2ff,EC2 - Other,unallocated
2026-06-03T00:00:00Z,2026-06-04T00:00:00Z,True,0.0,i-086a6a8ff831f02d5,EC2 - Other,unallocated
2026-06-03T00:00:00Z,2026-06-04T00:00:00Z,True,0.0,i-086e7214173702ef3,EC2 - Other,unallocated
2026-06-03T00:00:00Z,2026-06-04T00:00:00Z,True,0.0,i-088cab6ddf86e922d,EC2 - Other,unallocated
2026-06-03T00:00:00Z,2026-06-04T00:00:00Z,True,0.0,i-08a09e826debb252f,EC2 - Other,unallocated
2026-06-03T00:00:00Z,2026-06-04T00:00:00Z,True,0.0,i-08a38a51e52176507,EC2 - Other,unallocated
2026-06-03T00:00:00Z,2026-06-04T00:00:00Z,True,0.0,i-08b87704ddce44049,EC2 - Other,unallocated
2026-06-03T00:00:00Z,2026-06-04T00:00:00Z,True,0.0,i-08d735a1ce81b2e82,EC2 - Other,unallocated
2026-06-03T00:00:00Z,2026-06-04T00:00:00Z,True,0.0,i-090007908a806909f,EC2 - Other,unallocated
2026-06-03T00:00:00Z,2026-06-04T00:00:00Z,True,0.0,i-090e8b122fb7679e1,EC2 - Other,unallocated
2026-06-03T00:00:00Z,2026-06-04T00:00:00Z,True,0.0056857608,i-09126000eb19643b0,EC2 - Other,dayhoff
2026-06-03T00:00:00Z,2026-06-04T00:00:00Z,True,0.0,i-092584eb6019d20f9,EC2 - Other,unallocated
2026-06-03T00:00:00Z,2026-06-04T00:00:00Z,True,0.0042218564,i-092ed82f571bfbc2f,EC2 - Other,unallocated
2026-06-03T00:00:00Z,2026-06-04T00:00:00Z,True,0.0,i-094409fb670797ca3,EC2 - Other,unallocated
2026-06-03T00:00:00Z,2026-06-04T00:00:00Z,True,0.0,i-0944d03e18c8271c5,EC2 - Other,unallocated
2026-06-03T00:00:00Z,2026-06-04T00:00:00Z,True,0.0,i-095973491ff9bc899,EC2 - Other,unallocated
2026-06-03T00:00:00Z,2026-06-04T00:00:00Z,True,0.0,i-09a4754f6723c4e37,EC2 - Other,unallocated
2026-06-03T00:00:00Z,2026-06-04T00:00:00Z,True,0.0,i-09b26034a8c9b640b,EC2 - Other,unallocated
2026-06-03T00:00:00Z,2026-06-04T00:00:00Z,True,0.0,i-09bf7e9f72a73db14,EC2 - Other,unallocated
2026-06-03T00:00:00Z,2026-06-04T00:00:00Z,True,0.0,i-09e9ca5c7c0de07d9,EC2 - Other,unallocated
2026-06-03T00:00:00Z,2026-06-04T00:00:00Z,True,0.0,i-09ea50a22e60d2b40,EC2 - Other,unallocated
2026-06-03T00:00:00Z,2026-06-04T00:00:00Z,True,3.31664e-05,i-09f66b3f11ea42c60,EC2 - Other,unallocated
2026-06-03T00:00:00Z,2026-06-04T00:00:00Z,True,0.0,i-0a03c4a09b3475926,EC2 - Other,unallocated
2026-06-03T00:00:00Z,2026-06-04T00:00:00Z,True,0.0,i-0a1b4ff06d090e291,EC2 - Other,unallocated
2026-06-03T00:00:00Z,2026-06-04T00:00:00Z,True,0.0,i-0a245581cad6b1165,EC2 - Other,unallocated
2026-06-03T00:00:00Z,2026-06-04T00:00:00Z,True,0.0,i-0a4e752544b2f6e92,EC2 - Other,unallocated
2026-06-03T00:00:00Z,2026-06-04T00:00:00Z,True,0.0,i-0a67388f2711ba275,EC2 - Other,unallocated
2026-06-03T00:00:00Z,2026-06-04T00:00:00Z,True,0.0001013487,i-0a70e6af119b993f3,EC2 - Other,dayhoff
2026-06-03T00:00:00Z,2026-06-04T00:00:00Z,True,0.0,i-0a8df8cdbc76c6670,EC2 - Other,unallocated
2026-06-03T00:00:00Z,2026-06-04T00:00:00Z,True,0.0,i-0aab1387dfa1686c6,EC2 - Other,unallocated
2026-06-03T00:00:00Z,2026-06-04T00:00:00Z,True,1.7237e-06,i-0ab7116abc8229a16,EC2 - Other,unallocated
2026-06-03T00:00:00Z,2026-06-04T00:00:00Z,True,0.0,i-0acefb04073853e25,EC2 - Other,unallocated
2026-06-03T00:00:00Z,2026-06-04T00:00:00Z,True,0.0,i-0afcc4cf0080be3bd,EC2 - Other,unallocated
2026-06-03T00:00:00Z,2026-06-04T00:00:00Z,True,0.0,i-0b13bfa46472698c2,EC2 - Other,unallocated
2026-06-03T00:00:00Z,2026-06-04T00:00:00Z,True,0.0,i-0b21098eee9937fb3,EC2 - Other,unallocated
2026-06-03T00:00:00Z,2026-06-04T00:00:00Z,True,0.0,i-0b2bd7b1a1e5cbb93,EC2 - Other,unallocated
2026-06-03T00:00:00Z,2026-06-04T00:00:00Z,True,0.0,i-0b2e542ff5416a0b9,EC2 - Other,unallocated
2026-06-03T00:00:00Z,2026-06-04T00:00:00Z,True,0.0,i-0b47694491bab4c62,EC2 - Other,unallocated
2026-06-03T00:00:00Z,2026-06-04T00:00:00Z,True,0.0,i-0b58eef0fe6fc014c,EC2 - Other,unallocated
2026-06-03T00:00:00Z,2026-06-04T00:00:00Z,True,0.0,i-0b5967f0105ee3a4c,EC2 - Other,unallocated
2026-06-03T00:00:00Z,2026-06-04T00:00:00Z,True,9.65385e-05,i-0b6713cc15f74d360,EC2 - Other,dayhoff
2026-06-03T00:00:00Z,2026-06-04T00:00:00Z,True,0.0,i-0b949875d4bc2d038,EC2 - Other,unallocated
2026-06-03T00:00:00Z,2026-06-04T00:00:00Z,True,0.0,i-0bad768b3c277143a,EC2 - Other,unallocated
2026-06-03T00:00:00Z,2026-06-04T00:00:00Z,True,0.0,i-0bc4b076dcb02ac46,EC2 - Other,unallocated
2026-06-03T00:00:00Z,2026-06-04T00:00:00Z,True,0.0,i-0bc6d434ffb44fd19,EC2 - Other,unallocated
2026-06-03T00:00:00Z,2026-06-04T00:00:00Z,True,0.0,i-0bdee2cb26414d933,EC2 - Other,unallocated
2026-06-03T00:00:00Z,2026-06-04T00:00:00Z,True,0.0,i-0bf78ef6986119b63,EC2 - Other,unallocated
2026-06-03T00:00:00Z,2026-06-04T00:00:00Z,True,0.0042146191,i-0c03cb6be3c84d53b,EC2 - Other,unallocated
2026-06-03T00:00:00Z,2026-06-04T00:00:00Z,True,0.0,i-0c16af241ec133460,EC2 - Other,unallocated
2026-06-03T00:00:00Z,2026-06-04T00:00:00Z,True,0.0,i-0c1b8b3d3c624fb7d,EC2 - Other,unallocated
2026-06-03T00:00:00Z,2026-06-04T00:00:00Z,True,0.0,i-0c228611d33a4625c,EC2 - Other,unallocated
2026-06-03T00:00:00Z,2026-06-04T00:00:00Z,True,0.0,i-0c26e638e09cfc05a,EC2 - Other,unallocated
2026-06-03T00:00:00Z,2026-06-04T00:00:00Z,True,0.0,i-0c27b50b3e6102c8f,EC2 - Other,unallocated
2026-06-03T00:00:00Z,2026-06-04T00:00:00Z,True,0.0,i-0c2c7503df7a92b96,EC2 - Other,unallocated
2026-06-03T00:00:00Z,2026-06-04T00:00:00Z,True,0.0,i-0c30c42e194705152,EC2 - Other,unallocated
2026-06-03T00:00:00Z,2026-06-04T00:00:00Z,True,0.0042199873,i-0c36c39770c533c8e,EC2 - Other,unallocated
2026-06-03T00:00:00Z,2026-06-04T00:00:00Z,True,0.0,i-0c62876ea89fb876c,EC2 - Other,unallocated
2026-06-03T00:00:00Z,2026-06-04T00:00:00Z,True,0.0,i-0c8cf230a331d174a,EC2 - Other,unallocated
2026-06-03T00:00:00Z,2026-06-04T00:00:00Z,True,0.0,i-0c8e2187f4f78478d,EC2 - Other,unallocated
2026-06-03T00:00:00Z,2026-06-04T00:00:00Z,True,0.0,i-0c9f268e7955e24b1,EC2 - Other,unallocated
2026-06-03T00:00:00Z,2026-06-04T00:00:00Z,True,0.0,i-0caaa39ac7f65ba83,EC2 - Other,unallocated
2026-06-03T00:00:00Z,2026-06-04T00:00:00Z,True,0.0,i-0cc649141ab00c1db,EC2 - Other,unallocated
2026-06-03T00:00:00Z,2026-06-04T00:00:00Z,True,0.0,i-0cd39c5e15d6d5756,EC2 - Other,unallocated
2026-06-03T00:00:00Z,2026-06-04T00:00:00Z,True,0.0,i-0cf861633e098c1ba,EC2 - Other,unallocated
2026-06-03T00:00:00Z,2026-06-04T00:00:00Z,True,0.0,i-0d1590821d2177ad9,EC2 - Other,unallocated
2026-06-03T00:00:00Z,2026-06-04T00:00:00Z,True,0.0,i-0d1f417c438358bc5,EC2 - Other,unallocated
2026-06-03T00:00:00Z,2026-06-04T00:00:00Z,True,0.0,i-0d260bdbd688904c3,EC2 - Other,unallocated
2026-06-03T00:00:00Z,2026-06-04T00:00:00Z,True,0.0,i-0d3d97bf661347e43,EC2 - Other,unallocated
2026-06-03T00:00:00Z,2026-06-04T00:00:00Z,True,0.0,i-0d3d9919ae7520c5e,EC2 - Other,unallocated
2026-06-03T00:00:00Z,2026-06-04T00:00:00Z,True,0.0,i-0d4ef667a172576c8,EC2 - Other,unallocated
2026-06-03T00:00:00Z,2026-06-04T00:00:00Z,True,0.0,i-0d7503c167f23eae6,EC2 - Other,unallocated
2026-06-03T00:00:00Z,2026-06-04T00:00:00Z,True,0.0,i-0d929f506b58e0fa5,EC2 - Other,unallocated
2026-06-03T00:00:00Z,2026-06-04T00:00:00Z,True,0.0,i-0da40f912646659db,EC2 - Other,unallocated
2026-06-03T00:00:00Z,2026-06-04T00:00:00Z,True,0.0,i-0db2db7b5ebf5ab08,EC2 - Other,unallocated
2026-06-03T00:00:00Z,2026-06-04T00:00:00Z,True,0.0,i-0dcc8213000cb93df,EC2 - Other,unallocated
2026-06-03T00:00:00Z,2026-06-04T00:00:00Z,True,0.0,i-0dd3d3069d5b9848c,EC2 - Other,unallocated
2026-06-03T00:00:00Z,2026-06-04T00:00:00Z,True,0.0030099614,i-0de9e3f8d3208cf03,EC2 - Other,dayhoff
2026-06-03T00:00:00Z,2026-06-04T00:00:00Z,True,0.0,i-0decd954d81967da6,EC2 - Other,unallocated
2026-06-03T00:00:00Z,2026-06-04T00:00:00Z,True,0.0,i-0df9101f1af187b1c,EC2 - Other,unallocated
2026-06-03T00:00:00Z,2026-06-04T00:00:00Z,True,0.0,i-0e31d291ef99c4695,EC2 - Other,unallocated
2026-06-03T00:00:00Z,2026-06-04T00:00:00Z,True,0.0,i-0e4e204c0ebe5d388,EC2 - Other,unallocated
2026-06-03T00:00:00Z,2026-06-04T00:00:00Z,True,0.0,i-0e62c3ed25f24791e,EC2 - Other,unallocated
2026-06-03T00:00:00Z,2026-06-04T00:00:00Z,True,0.0027579108,i-0e70fab85d559c615,EC2 - Other,dayhoff
2026-06-03T00:00:00Z,2026-06-04T00:00:00Z,True,0.0,i-0e7220129c49b53fb,EC2 - Other,unallocated
2026-06-03T00:00:00Z,2026-06-04T00:00:00Z,True,0.0,i-0e75500737d05608c,EC2 - Other,unallocated
2026-06-03T00:00:00Z,2026-06-04T00:00:00Z,True,0.0,i-0e83812e7f3b3419c,EC2 - Other,unallocated
2026-06-03T00:00:00Z,2026-06-04T00:00:00Z,True,0.0,i-0e913217bd67f5ca2,EC2 - Other,unallocated
2026-06-03T00:00:00Z,2026-06-04T00:00:00Z,True,0.0,i-0e9e3f5b1c6f0dd9b,EC2 - Other,unallocated
2026-06-03T00:00:00Z,2026-06-04T00:00:00Z,True,0.0,i-0eb4de0ec2f60f583,EC2 - Other,unallocated
2026-06-03T00:00:00Z,2026-06-04T00:00:00Z,True,0.0,i-0ec3a0582073c6c09,EC2 - Other,unallocated
2026-06-03T00:00:00Z,2026-06-04T00:00:00Z,True,0.0,i-0ec899757b05e0793,EC2 - Other,unallocated
2026-06-03T00:00:00Z,2026-06-04T00:00:00Z,True,0.0,i-0ed00a8a582355a41,EC2 - Other,unallocated
2026-06-03T00:00:00Z,2026-06-04T00:00:00Z,True,0.0,i-0ee8d2828f574aa9c,EC2 - Other,unallocated
2026-06-03T00:00:00Z,2026-06-04T00:00:00Z,True,0.0,i-0eee212eec746653a,EC2 - Other,unallocated
2026-06-03T00:00:00Z,2026-06-04T00:00:00Z,True,0.0,i-0efe73f2672fdf9b7,EC2 - Other,unallocated
2026-06-03T00:00:00Z,2026-06-04T00:00:00Z,True,0.0,i-0f071949dc27c245d,EC2 - Other,unallocated
2026-06-03T00:00:00Z,2026-06-04T00:00:00Z,True,0.0,i-0f0ef1cbb6b120883,EC2 - Other,unallocated
2026-06-03T00:00:00Z,2026-06-04T00:00:00Z,True,0.0,i-0f1e40839b99b0748,EC2 - Other,unallocated
2026-06-03T00:00:00Z,2026-06-04T00:00:00Z,True,0.0,i-0f3495110d94b0719,EC2 - Other,unallocated
2026-06-03T00:00:00Z,2026-06-04T00:00:00Z,True,0.0,i-0f36552c8231526b6,EC2 - Other,unallocated
2026-06-03T00:00:00Z,2026-06-04T00:00:00Z,True,0.0,i-0f420065061205e57,EC2 - Other,unallocated
2026-06-03T00:00:00Z,2026-06-04T00:00:00Z,True,0.0,i-0f91d4eb81aa77cb0,EC2 - Other,unallocated
2026-06-03T00:00:00Z,2026-06-04T00:00:00Z,True,0.0,i-0fa82008a72b9b995,EC2 - Other,unallocated
2026-06-03T00:00:00Z,2026-06-04T00:00:00Z,True,0.0,i-0fb67e2dd60a5f9ce,EC2 - Other,unallocated
2026-06-03T00:00:00Z,2026-06-04T00:00:00Z,True,0.0,i-0fba104302c9adfab,EC2 - Other,unallocated
2026-06-03T00:00:00Z,2026-06-04T00:00:00Z,True,0.0,i-0fd80ec27704916c7,EC2 - Other,unallocated
2026-06-03T00:00:00Z,2026-06-04T00:00:00Z,True,0.0,i-0ff716c3b5e3a7946,EC2 - Other,unallocated
2026-06-03T00:00:00Z,2026-06-04T00:00:00Z,True,0.0,i-0ff8eb5487163b870,EC2 - Other,unallocated
2026-06-03T00:00:00Z,2026-06-04T00:00:00Z,True,0.0015694444,vol-00046f808ecb6076f,EC2 - Other,unallocated
2026-06-03T00:00:00Z,2026-06-04T00:00:00Z,True,0.0013,vol-00234923cae373ec5,EC2 - Other,unallocated
2026-06-03T00:00:00Z,2026-06-04T00:00:00Z,True,0.0165180556,vol-0023930489b243239,EC2 - Other,unallocated
2026-06-03T00:00:00Z,2026-06-04T00:00:00Z,True,0.0062041667,vol-002d5aa1807ac6279,EC2 - Other,unallocated
2026-06-03T00:00:00Z,2026-06-04T00:00:00Z,True,0.0799999992,vol-0054217b60d3a15d8,EC2 - Other,unallocated
2026-06-03T00:00:00Z,2026-06-04T00:00:00Z,True,0.0017972222,vol-00a5930f8ad22df9c,EC2 - Other,unallocated
2026-06-03T00:00:00Z,2026-06-04T00:00:00Z,True,0.0019611111,vol-00aa850cdf0f65ec0,EC2 - Other,unallocated
2026-06-03T00:00:00Z,2026-06-04T00:00:00Z,True,0.0016791667,vol-00ac88fb78ea703a8,EC2 - Other,unallocated
2026-06-03T00:00:00Z,2026-06-04T00:00:00Z,True,0.2986666664,vol-00cbb7ba932dbd3a4,EC2 - Other,unallocated
2026-06-03T00:00:00Z,2026-06-04T00:00:00Z,True,0.0325347222,vol-00d3161be20c38cdd,EC2 - Other,unallocated
2026-06-03T00:00:00Z,2026-06-04T00:00:00Z,True,0.0061305556,vol-00d3eaa589bc83c14,EC2 - Other,unallocated
2026-06-03T00:00:00Z,2026-06-04T00:00:00Z,True,0.0059847222,vol-00d5668dbd647b707,EC2 - Other,unallocated
2026-06-03T00:00:00Z,2026-06-04T00:00:00Z,True,0.0023444444,vol-00e912935bd247ca7,EC2 - Other,unallocated
2026-06-03T00:00:00Z,2026-06-04T00:00:00Z,True,0.0038527778,vol-010950c1f752266c1,EC2 - Other,unallocated
2026-06-03T00:00:00Z,2026-06-04T00:00:00Z,True,0.0056,vol-012165d71d93f459e,EC2 - Other,unallocated
2026-06-03T00:00:00Z,2026-06-04T00:00:00Z,True,0.0027597222,vol-012d7d44555e74eb4,EC2 - Other,unallocated
2026-06-03T00:00:00Z,2026-06-04T00:00:00Z,True,0.0036,vol-01482e9b7b641ec9e,EC2 - Other,unallocated
2026-06-03T00:00:00Z,2026-06-04T00:00:00Z,True,0.459734599,vol-01515e8a929d66d73,EC2 - Other,unallocated
2026-06-03T00:00:00Z,2026-06-04T00:00:00Z,True,0.0158583333,vol-0151e189f89033122,EC2 - Other,unallocated
2026-06-03T00:00:00Z,2026-06-04T00:00:00Z,True,0.0045986111,vol-01535ce906712878b,EC2 - Other,unallocated
2026-06-03T00:00:00Z,2026-06-04T00:00:00Z,True,0.0027958333,vol-0172d7f1216c4f017,EC2 - Other,unallocated
2026-06-03T00:00:00Z,2026-06-04T00:00:00Z,True,0.0145222222,vol-01bde524a32b5a032,EC2 - Other,unallocated
2026-06-03T00:00:00Z,2026-06-04T00:00:00Z,True,0.0133472222,vol-01c144083b57162d3,EC2 - Other,unallocated
2026-06-03T00:00:00Z,2026-06-04T00:00:00Z,True,0.5772637657,vol-01c4a0564db480512,EC2 - Other,unallocated
2026-06-03T00:00:00Z,2026-06-04T00:00:00Z,True,0.0022416667,vol-01c60a94740ae4f67,EC2 - Other,unallocated
2026-06-03T00:00:00Z,2026-06-04T00:00:00Z,True,0.0022125,vol-01da9170c564ee60c,EC2 - Other,unallocated
2026-06-03T00:00:00Z,2026-06-04T00:00:00Z,True,0.0184236111,vol-01f299429611a8e73,EC2 - Other,unallocated
2026-06-03T00:00:00Z,2026-06-04T00:00:00Z,True,0.0024180556,vol-021888f5a74dda58b,EC2 - Other,unallocated
2026-06-03T00:00:00Z,2026-06-04T00:00:00Z,True,0.0027736111,vol-0229982553d857428,EC2 - Other,unallocated
2026-06-03T00:00:00Z,2026-06-04T00:00:00Z,True,0.0038541667,vol-02369d972eee98d63,EC2 - Other,unallocated
2026-06-03T00:00:00Z,2026-06-04T00:00:00Z,True,0.0020597222,vol-0255b86f579751f28,EC2 - Other,unallocated
2026-06-03T00:00:00Z,2026-06-04T00:00:00Z,True,0.0084819444,vol-026829f5a91bffe9a,EC2 - Other,unallocated
2026-06-03T00:00:00Z,2026-06-04T00:00:00Z,True,0.0051069444,vol-027ce7fff645cd89d,EC2 - Other,unallocated
2026-06-03T00:00:00Z,2026-06-04T00:00:00Z,True,0.0052430556,vol-027d593512d3fb4b1,EC2 - Other,unallocated
2026-06-03T00:00:00Z,2026-06-04T00:00:00Z,True,0.0013694444,vol-029475686c10e4b23,EC2 - Other,unallocated
2026-06-03T00:00:00Z,2026-06-04T00:00:00Z,True,0.0022513889,vol-029a62a15311b55be,EC2 - Other,unallocated
2026-06-03T00:00:00Z,2026-06-04T00:00:00Z,True,0.0028138889,vol-029aa572544ac8ccd,EC2 - Other,unallocated
2026-06-03T00:00:00Z,2026-06-04T00:00:00Z,True,0.0533333328,vol-02caa6b741e86c280,EC2 - Other,unallocated
2026-06-03T00:00:00Z,2026-06-04T00:00:00Z,True,0.0022875,vol-02cce36a158b07f84,EC2 - Other,unallocated
2026-06-03T00:00:00Z,2026-06-04T00:00:00Z,True,0.0168555556,vol-02e39b54742b3d83f,EC2 - Other,unallocated
2026-06-03T00:00:00Z,2026-06-04T00:00:00Z,True,0.001125,vol-02e50bc634ebf7a6e,EC2 - Other,unallocated
2026-06-03T00:00:00Z,2026-06-04T00:00:00Z,True,0.0021277778,vol-02ecd3731d4a50023,EC2 - Other,unallocated
2026-06-03T00:00:00Z,2026-06-04T00:00:00Z,True,0.0032638889,vol-030d7add9b2af1d75,EC2 - Other,unallocated
2026-06-03T00:00:00Z,2026-06-04T00:00:00Z,True,0.0034347222,vol-031c97fc4d1297929,EC2 - Other,unallocated
2026-06-03T00:00:00Z,2026-06-04T00:00:00Z,True,0.0180680556,vol-03224e276eaf58f4f,EC2 - Other,unallocated
2026-06-03T00:00:00Z,2026-06-04T00:00:00Z,True,0.0050222222,vol-033060a4feada4bde,EC2 - Other,unallocated
2026-06-03T00:00:00Z,2026-06-04T00:00:00Z,True,0.0080166667,vol-0336ddc3b911c8a96,EC2 - Other,unallocated
2026-06-03T00:00:00Z,2026-06-04T00:00:00Z,True,0.0016319444,vol-033b7e6e158e3a59c,EC2 - Other,unallocated
2026-06-03T00:00:00Z,2026-06-04T00:00:00Z,True,0.0022333333,vol-03401c2987715da27,EC2 - Other,unallocated
2026-06-03T00:00:00Z,2026-06-04T00:00:00Z,True,0.0038083333,vol-034f4abd06d28b9e9,EC2 - Other,unallocated
2026-06-03T00:00:00Z,2026-06-04T00:00:00Z,True,0.0009680556,vol-03625c88356bceb05,EC2 - Other,unallocated
2026-06-03T00:00:00Z,2026-06-04T00:00:00Z,True,0.0042847222,vol-03641ccc96a308d51,EC2 - Other,unallocated
2026-06-03T00:00:00Z,2026-06-04T00:00:00Z,True,0.0015375,vol-037646f2e4f478166,EC2 - Other,unallocated
2026-06-03T00:00:00Z,2026-06-04T00:00:00Z,True,0.0043472222,vol-0376a80945d25c05d,EC2 - Other,unallocated
2026-06-03T00:00:00Z,2026-06-04T00:00:00Z,True,0.8959999992,vol-0392bc7824a1e81e8,EC2 - Other,dayhoff
2026-06-03T00:00:00Z,2026-06-04T00:00:00Z,True,0.0017902778,vol-0395ece73d39a35d5,EC2 - Other,unallocated
2026-06-03T00:00:00Z,2026-06-04T00:00:00Z,True,0.0166763889,vol-03d0590f12575198a,EC2 - Other,unallocated
2026-06-03T00:00:00Z,2026-06-04T00:00:00Z,True,0.0325263889,vol-03da809c61990b5f2,EC2 - Other,unallocated
2026-06-03T00:00:00Z,2026-06-04T00:00:00Z,True,0.0016444444,vol-03dd3d84da82d059a,EC2 - Other,unallocated
2026-06-03T00:00:00Z,2026-06-04T00:00:00Z,True,0.0160055556,vol-03f53bc02a49a7deb,EC2 - Other,unallocated
2026-06-03T00:00:00Z,2026-06-04T00:00:00Z,True,0.0017666667,vol-0407be2aa4f60ce21,EC2 - Other,unallocated
2026-06-03T00:00:00Z,2026-06-04T00:00:00Z,True,1.1226666672,vol-042a5f5daead20490,EC2 - Other,unallocated
2026-06-03T00:00:00Z,2026-06-04T00:00:00Z,True,0.0131791667,vol-042e05a82f8121677,EC2 - Other,unallocated
2026-06-03T00:00:00Z,2026-06-04T00:00:00Z,True,0.8959999992,vol-04646998d6f1fd325,EC2 - Other,dayhoff
2026-06-03T00:00:00Z,2026-06-04T00:00:00Z,True,0.0022402778,vol-046d4188f89da751d,EC2 - Other,unallocated
2026-06-03T00:00:00Z,2026-06-04T00:00:00Z,True,0.0008638889,vol-047562f81bb81f63d,EC2 - Other,unallocated
2026-06-03T00:00:00Z,2026-06-04T00:00:00Z,True,0.0075375,vol-047bfa3d41d4f6c27,EC2 - Other,unallocated
2026-06-03T00:00:00Z,2026-06-04T00:00:00Z,True,0.0027736111,vol-04a63b6ae0697e31b,EC2 - Other,unallocated
2026-06-03T00:00:00Z,2026-06-04T00:00:00Z,True,0.0022416667,vol-04b2adf7bd0e0c959,EC2 - Other,unallocated
2026-06-03T00:00:00Z,2026-06-04T00:00:00Z,True,0.0017291667,vol-04b4500cfbdd86e24,EC2 - Other,unallocated
2026-06-03T00:00:00Z,2026-06-04T00:00:00Z,True,0.0013694444,vol-04edcfb8868790be9,EC2 - Other,unallocated
2026-06-03T00:00:00Z,2026-06-04T00:00:00Z,True,0.0077680556,vol-050cc3de79c28c029,EC2 - Other,unallocated
2026-06-03T00:00:00Z,2026-06-04T00:00:00Z,True,0.0022027778,vol-052b3b6d586c686e6,EC2 - Other,unallocated
2026-06-03T00:00:00Z,2026-06-04T00:00:00Z,True,0.0024430556,vol-053ba4848ed1ad0ac,EC2 - Other,unallocated
2026-06-03T00:00:00Z,2026-06-04T00:00:00Z,True,0.0188444444,vol-058783df45f7995c4,EC2 - Other,unallocated
2026-06-03T00:00:00Z,2026-06-04T00:00:00Z,True,0.0042569444,vol-059959338936bd76c,EC2 - Other,unallocated
2026-06-03T00:00:00Z,2026-06-04T00:00:00Z,True,0.0058236111,vol-05ce313e1075a0f1c,EC2 - Other,unallocated
2026-06-03T00:00:00Z,2026-06-04T00:00:00Z,True,0.0024944444,vol-05f4f6fd205f03337,EC2 - Other,unallocated
2026-06-03T00:00:00Z,2026-06-04T00:00:00Z,True,0.0023736111,vol-05f79cfa7f6fb2457,EC2 - Other,unallocated
2026-06-03T00:00:00Z,2026-06-04T00:00:00Z,True,0.0161,vol-0613fac4f5fd37474,EC2 - Other,unallocated
2026-06-03T00:00:00Z,2026-06-04T00:00:00Z,True,0.0024625,vol-061ae56f7f2418336,EC2 - Other,unallocated
2026-06-03T00:00:00Z,2026-06-04T00:00:00Z,True,0.0027708333,vol-0620835241d139077,EC2 - Other,unallocated
2026-06-03T00:00:00Z,2026-06-04T00:00:00Z,True,0.0016138889,vol-063717a311242f2a9,EC2 - Other,unallocated
2026-06-03T00:00:00Z,2026-06-04T00:00:00Z,True,0.0033,vol-064d90f2f985dd049,EC2 - Other,unallocated
2026-06-03T00:00:00Z,2026-06-04T00:00:00Z,True,0.0078638889,vol-0658fb406a43bc1fb,EC2 - Other,unallocated
2026-06-03T00:00:00Z,2026-06-04T00:00:00Z,True,1.1226666672,vol-067169329e7a92af1,EC2 - Other,unallocated
2026-06-03T00:00:00Z,2026-06-04T00:00:00Z,True,0.0032694444,vol-068607a17ac3050a3,EC2 - Other,unallocated
2026-06-03T00:00:00Z,2026-06-04T00:00:00Z,True,0.0130236111,vol-06b1442fad875ebff,EC2 - Other,unallocated
2026-06-03T00:00:00Z,2026-06-04T00:00:00Z,True,0.0040819444,vol-06bdb713414790a3b,EC2 - Other,unallocated
2026-06-03T00:00:00Z,2026-06-04T00:00:00Z,True,0.0016763889,vol-06db026f167db322b,EC2 - Other,unallocated
2026-06-03T00:00:00Z,2026-06-04T00:00:00Z,True,0.0171916667,vol-06de36b712a3a89fa,EC2 - Other,unallocated
2026-06-03T00:00:00Z,2026-06-04T00:00:00Z,True,0.0019416667,vol-06df140156e94f07c,EC2 - Other,unallocated
2026-06-03T00:00:00Z,2026-06-04T00:00:00Z,True,0.0011069444,vol-06e218d264fd199ce,EC2 - Other,unallocated
2026-06-03T00:00:00Z,2026-06-04T00:00:00Z,True,0.0031291667,vol-06e8d3e37c6e94c2d,EC2 - Other,unallocated
2026-06-03T00:00:00Z,2026-06-04T00:00:00Z,True,0.0017,vol-06eb3e468e1e3a177,EC2 - Other,unallocated
2026-06-03T00:00:00Z,2026-06-04T00:00:00Z,True,0.0020472222,vol-06f8677cebcbff656,EC2 - Other,unallocated
2026-06-03T00:00:00Z,2026-06-04T00:00:00Z,True,0.0017194444,vol-0711d39941aca717e,EC2 - Other,unallocated
2026-06-03T00:00:00Z,2026-06-04T00:00:00Z,True,0.0166194444,vol-07222628b4f50ed76,EC2 - Other,unallocated
2026-06-03T00:00:00Z,2026-06-04T00:00:00Z,True,0.0799999992,vol-0725e7ce2db54e386,EC2 - Other,unallocated
2026-06-03T00:00:00Z,2026-06-04T00:00:00Z,True,0.0133416667,vol-0726ee3f5cac9bf2f,EC2 - Other,unallocated
2026-06-03T00:00:00Z,2026-06-04T00:00:00Z,True,0.0127722222,vol-072c55d80407475f5,EC2 - Other,unallocated
2026-06-03T00:00:00Z,2026-06-04T00:00:00Z,True,0.0131791667,vol-072d0064f55eb106b,EC2 - Other,unallocated
2026-06-03T00:00:00Z,2026-06-04T00:00:00Z,True,0.0016472222,vol-0743bf7256c2c77dd,EC2 - Other,unallocated
2026-06-03T00:00:00Z,2026-06-04T00:00:00Z,True,0.0024611111,vol-075c64c633145abd9,EC2 - Other,unallocated
2026-06-03T00:00:00Z,2026-06-04T00:00:00Z,True,0.0021222222,vol-07a0b5fe849a6b0b2,EC2 - Other,unallocated
2026-06-03T00:00:00Z,2026-06-04T00:00:00Z,True,0.0038944444,vol-07b0bad6156f4fd7f,EC2 - Other,unallocated
2026-06-03T00:00:00Z,2026-06-04T00:00:00Z,True,0.0021263889,vol-07b7f4effcbdc26cf,EC2 - Other,unallocated
2026-06-03T00:00:00Z,2026-06-04T00:00:00Z,True,0.0019444444,vol-07cb0dfc00d0f2cd9,EC2 - Other,unallocated
2026-06-03T00:00:00Z,2026-06-04T00:00:00Z,True,0.0017388889,vol-07efe05e8f31c8dcc,EC2 - Other,unallocated
2026-06-03T00:00:00Z,2026-06-04T00:00:00Z,True,0.0325152778,vol-080338b10620814e6,EC2 - Other,unallocated
2026-06-03T00:00:00Z,2026-06-04T00:00:00Z,True,0.0071763889,vol-082295a05ebef3bc3,EC2 - Other,unallocated
2026-06-03T00:00:00Z,2026-06-04T00:00:00Z,True,0.0133444444,vol-0840d96c1cc017afc,EC2 - Other,unallocated
2026-06-03T00:00:00Z,2026-06-04T00:00:00Z,True,0.0019361111,vol-087dda1249355b7e6,EC2 - Other,unallocated
2026-06-03T00:00:00Z,2026-06-04T00:00:00Z,True,0.0162069444,vol-087e8e34b5f2fb52f,EC2 - Other,unallocated
2026-06-03T00:00:00Z,2026-06-04T00:00:00Z,True,0.7484444448,vol-089d6791e8492081d,EC2 - Other,unallocated
2026-06-03T00:00:00Z,2026-06-04T00:00:00Z,True,0.001575,vol-08b4302a9f95530ac,EC2 - Other,unallocated
2026-06-03T00:00:00Z,2026-06-04T00:00:00Z,True,0.0325430556,vol-08ba6f2dc0c51dce1,EC2 - Other,unallocated
2026-06-03T00:00:00Z,2026-06-04T00:00:00Z,True,0.0013319444,vol-08c29640e934e8658,EC2 - Other,unallocated
2026-06-03T00:00:00Z,2026-06-04T00:00:00Z,True,0.0325263889,vol-08c8ed9de2d7e70dc,EC2 - Other,unallocated
2026-06-03T00:00:00Z,2026-06-04T00:00:00Z,True,0.0017180556,vol-08cc4be8aca34ad89,EC2 - Other,unallocated
2026-06-03T00:00:00Z,2026-06-04T00:00:00Z,True,0.0158416667,vol-08d0a71dcc67495ab,EC2 - Other,unallocated
2026-06-03T00:00:00Z,2026-06-04T00:00:00Z,True,0.1333333344,vol-08dee3ee1394063cb,EC2 - Other,unallocated
2026-06-03T00:00:00Z,2026-06-04T00:00:00Z,True,0.0325319444,vol-08e62dfbf4b261faf,EC2 - Other,unallocated
2026-06-03T00:00:00Z,2026-06-04T00:00:00Z,True,0.0039541667,vol-08fcb26d3c3b14e7a,EC2 - Other,unallocated
2026-06-03T00:00:00Z,2026-06-04T00:00:00Z,True,0.0140222222,vol-08fea0c915c543042,EC2 - Other,unallocated
2026-06-03T00:00:00Z,2026-06-04T00:00:00Z,True,0.0022708333,vol-090f6a9eb8ded3ce5,EC2 - Other,unallocated
2026-06-03T00:00:00Z,2026-06-04T00:00:00Z,True,0.0086458333,vol-091b2858e45a6f686,EC2 - Other,unallocated
2026-06-03T00:00:00Z,2026-06-04T00:00:00Z,True,0.0324638889,vol-09388628ad88b6c18,EC2 - Other,unallocated
2026-06-03T00:00:00Z,2026-06-04T00:00:00Z,True,0.0160000002,vol-0941af554a7184c73,EC2 - Other,dayhoff
2026-06-03T00:00:00Z,2026-06-04T00:00:00Z,True,0.0213333336,vol-09454929e2c583ae7,EC2 - Other,unallocated
2026-06-03T00:00:00Z,2026-06-04T00:00:00Z,True,0.0125944444,vol-094a28e1cea5813f8,EC2 - Other,unallocated
2026-06-03T00:00:00Z,2026-06-04T00:00:00Z,True,0.0171833333,vol-096803f8496204e52,EC2 - Other,unallocated
2026-06-03T00:00:00Z,2026-06-04T00:00:00Z,True,0.0325347222,vol-096c8600f5731c57a,EC2 - Other,unallocated
2026-06-03T00:00:00Z,2026-06-04T00:00:00Z,True,0.001325,vol-098c317579d2b9b0e,EC2 - Other,unallocated
2026-06-03T00:00:00Z,2026-06-04T00:00:00Z,True,0.0021555556,vol-09c626527b7699bad,EC2 - Other,unallocated
2026-06-03T00:00:00Z,2026-06-04T00:00:00Z,True,0.0119180556,vol-09e0792ee32f361ec,EC2 - Other,unallocated
2026-06-03T00:00:00Z,2026-06-04T00:00:00Z,True,0.0027638889,vol-09e0cf7a00e23ec61,EC2 - Other,unallocated
2026-06-03T00:00:00Z,2026-06-04T00:00:00Z,True,0.0014833333,vol-09e1efb8665e5783a,EC2 - Other,unallocated
2026-06-03T00:00:00Z,2026-06-04T00:00:00Z,True,0.0169569444,vol-09e7ef663d8b15010,EC2 - Other,unallocated
2026-06-03T00:00:00Z,2026-06-04T00:00:00Z,True,0.0022527778,vol-09fdcc1ed95a245f7,EC2 - Other,unallocated
2026-06-03T00:00:00Z,2026-06-04T00:00:00Z,True,0.0460761111,vol-0a057d7e9441f51af,EC2 - Other,unallocated
2026-06-03T00:00:00Z,2026-06-04T00:00:00Z,True,0.0143555556,vol-0a2b227395dce7a06,EC2 - Other,unallocated
2026-06-03T00:00:00Z,2026-06-04T00:00:00Z,True,0.0078458333,vol-0a40dfdc5f91d5acb,EC2 - Other,unallocated
2026-06-03T00:00:00Z,2026-06-04T00:00:00Z,True,0.0028611111,vol-0a48aca6d744e174a,EC2 - Other,unallocated
2026-06-03T00:00:00Z,2026-06-04T00:00:00Z,True,0.0029361111,vol-0a65d71c3b89055c2,EC2 - Other,unallocated
2026-06-03T00:00:00Z,2026-06-04T00:00:00Z,True,0.0014958333,vol-0aa24897d9e563e19,EC2 - Other,unallocated
2026-06-03T00:00:00Z,2026-06-04T00:00:00Z,True,0.0043416667,vol-0aba3b653aaaca309,EC2 - Other,unallocated
2026-06-03T00:00:00Z,2026-06-04T00:00:00Z,True,0.0012013889,vol-0ac79be290e0a6a4d,EC2 - Other,unallocated
2026-06-03T00:00:00Z,2026-06-04T00:00:00Z,True,0.0046416667,vol-0ad76186bde6c2eeb,EC2 - Other,unallocated
2026-06-03T00:00:00Z,2026-06-04T00:00:00Z,True,0.0022,vol-0aedc7b7647ed799d,EC2 - Other,unallocated
2026-06-03T00:00:00Z,2026-06-04T00:00:00Z,True,0.0213333336,vol-0af8f94e0cd058ddf,EC2 - Other,unallocated
2026-06-03T00:00:00Z,2026-06-04T00:00:00Z,True,0.0028652778,vol-0b06060600308bff0,EC2 - Other,unallocated
2026-06-03T00:00:00Z,2026-06-04T00:00:00Z,True,0.0147597222,vol-0b07edb7ad8f70fc8,EC2 - Other,unallocated
2026-06-03T00:00:00Z,2026-06-04T00:00:00Z,True,0.0019888889,vol-0b0fce2b446c22ab1,EC2 - Other,unallocated
2026-06-03T00:00:00Z,2026-06-04T00:00:00Z,True,0.0016944444,vol-0b1be7c7e4b27460b,EC2 - Other,unallocated
2026-06-03T00:00:00Z,2026-06-04T00:00:00Z,True,0.0018791667,vol-0b2454d0d202168a7,EC2 - Other,unallocated
2026-06-03T00:00:00Z,2026-06-04T00:00:00Z,True,0.0043555556,vol-0b26ff07eed7a453c,EC2 - Other,unallocated
2026-06-03T00:00:00Z,2026-06-04T00:00:00Z,True,0.0043125,vol-0b4921fbd6394f963,EC2 - Other,unallocated
2026-06-03T00:00:00Z,2026-06-04T00:00:00Z,True,0.0008875,vol-0b529a7e55e4ce5c3,EC2 - Other,unallocated
2026-06-03T00:00:00Z,2026-06-04T00:00:00Z,True,0.0012097222,vol-0b55c32af5011f830,EC2 - Other,unallocated
2026-06-03T00:00:00Z,2026-06-04T00:00:00Z,True,0.0019111111,vol-0b6278bd482a0a5c5,EC2 - Other,unallocated
2026-06-03T00:00:00Z,2026-06-04T00:00:00Z,True,0.0020861111,vol-0b63b291c95cf5da3,EC2 - Other,unallocated
2026-06-03T00:00:00Z,2026-06-04T00:00:00Z,True,0.002375,vol-0b6a01e4c1db1cfb4,EC2 - Other,unallocated
2026-06-03T00:00:00Z,2026-06-04T00:00:00Z,True,0.0048638889,vol-0b6aaa9973e08451e,EC2 - Other,unallocated
2026-06-03T00:00:00Z,2026-06-04T00:00:00Z,True,0.0157861111,vol-0b87065a08b17b264,EC2 - Other,unallocated
2026-06-03T00:00:00Z,2026-06-04T00:00:00Z,True,0.7093333327,vol-0b99a6dcae2700982,EC2 - Other,dayhoff
2026-06-03T00:00:00Z,2026-06-04T00:00:00Z,True,0.0042569444,vol-0ba20e12960e3dd2d,EC2 - Other,unallocated
2026-06-03T00:00:00Z,2026-06-04T00:00:00Z,True,0.0053708333,vol-0bb8f00e9b8af0353,EC2 - Other,unallocated
2026-06-03T00:00:00Z,2026-06-04T00:00:00Z,True,0.0324375,vol-0bdbd323a02b20545,EC2 - Other,unallocated
2026-06-03T00:00:00Z,2026-06-04T00:00:00Z,True,0.0047708333,vol-0bfdf66ea378572fc,EC2 - Other,unallocated
2026-06-03T00:00:00Z,2026-06-04T00:00:00Z,True,0.0799999992,vol-0bff19625e45e6e4c,EC2 - Other,unallocated
2026-06-03T00:00:00Z,2026-06-04T00:00:00Z,True,0.0017805556,vol-0c2673b01fa7b05c7,EC2 - Other,unallocated
2026-06-03T00:00:00Z,2026-06-04T00:00:00Z,True,0.624,vol-0c26833469cf6995a,EC2 - Other,unallocated
2026-06-03T00:00:00Z,2026-06-04T00:00:00Z,True,0.0052916667,vol-0c31a3acf52c5b26b,EC2 - Other,unallocated
2026-06-03T00:00:00Z,2026-06-04T00:00:00Z,True,0.0023708333,vol-0c3883d42fb4c0f35,EC2 - Other,unallocated
2026-06-03T00:00:00Z,2026-06-04T00:00:00Z,True,0.0217430556,vol-0c4994dbf6a4bed08,EC2 - Other,unallocated
2026-06-03T00:00:00Z,2026-06-04T00:00:00Z,True,0.0013944444,vol-0c620c2381ffb7923,EC2 - Other,unallocated
2026-06-03T00:00:00Z,2026-06-04T00:00:00Z,True,0.0044347222,vol-0c636f3db47db3831,EC2 - Other,unallocated
2026-06-03T00:00:00Z,2026-06-04T00:00:00Z,True,0.0017611111,vol-0c63e2cf91ed36208,EC2 - Other,unallocated
2026-06-03T00:00:00Z,2026-06-04T00:00:00Z,True,0.8959999992,vol-0c69ba6b467620e14,EC2 - Other,dayhoff
2026-06-03T00:00:00Z,2026-06-04T00:00:00Z,True,0.0015930556,vol-0c8225c4c9ec5b532,EC2 - Other,unallocated
2026-06-03T00:00:00Z,2026-06-04T00:00:00Z,True,1.1226666672,vol-0c90d4fbaada3820a,EC2 - Other,unallocated
2026-06-03T00:00:00Z,2026-06-04T00:00:00Z,True,0.0032263889,vol-0ca48d3832ce74e39,EC2 - Other,unallocated
2026-06-03T00:00:00Z,2026-06-04T00:00:00Z,True,0.0025722222,vol-0cce914785341a0dc,EC2 - Other,unallocated
2026-06-03T00:00:00Z,2026-06-04T00:00:00Z,True,0.002325,vol-0ce90f8ab4ea1fda3,EC2 - Other,unallocated
2026-06-03T00:00:00Z,2026-06-04T00:00:00Z,True,0.001025,vol-0cf591524d83c7fcb,EC2 - Other,unallocated
2026-06-03T00:00:00Z,2026-06-04T00:00:00Z,True,0.0325194444,vol-0d3bfff3cd3d69fd2,EC2 - Other,unallocated
2026-06-03T00:00:00Z,2026-06-04T00:00:00Z,True,0.0129416667,vol-0d50788fce6955bdd,EC2 - Other,unallocated
2026-06-03T00:00:00Z,2026-06-04T00:00:00Z,True,0.0018194444,vol-0d745df0938ae1fc1,EC2 - Other,unallocated
2026-06-03T00:00:00Z,2026-06-04T00:00:00Z,True,0.0025208333,vol-0d901877f29d228c1,EC2 - Other,unallocated
2026-06-03T00:00:00Z,2026-06-04T00:00:00Z,True,0.0022527778,vol-0d99822ad8c0ff90a,EC2 - Other,unallocated
2026-06-03T00:00:00Z,2026-06-04T00:00:00Z,True,0.0214333333,vol-0dbc3b29ce2694f60,EC2 - Other,unallocated
2026-06-03T00:00:00Z,2026-06-04T00:00:00Z,True,0.0036888889,vol-0dc4ccaf737eab9b9,EC2 - Other,unallocated
2026-06-03T00:00:00Z,2026-06-04T00:00:00Z,True,0.0013569444,vol-0dd090ec109d6ba9c,EC2 - Other,unallocated
2026-06-03T00:00:00Z,2026-06-04T00:00:00Z,True,0.0050319444,vol-0dd79cb174ac1c274,EC2 - Other,unallocated
2026-06-03T00:00:00Z,2026-06-04T00:00:00Z,True,0.0016347222,vol-0de921fc684a39082,EC2 - Other,unallocated
2026-06-03T00:00:00Z,2026-06-04T00:00:00Z,True,0.0324375,vol-0dee14b30ef81ca8b,EC2 - Other,unallocated
2026-06-03T00:00:00Z,2026-06-04T00:00:00Z,True,0.04,vol-0dfa2b55584d0ff4c,EC2 - Other,unallocated
2026-06-03T00:00:00Z,2026-06-04T00:00:00Z,True,0.0160236111,vol-0e08795a6c1f5051b,EC2 - Other,unallocated
2026-06-03T00:00:00Z,2026-06-04T00:00:00Z,True,0.0025722222,vol-0e3e5ffb610b483b0,EC2 - Other,unallocated
2026-06-03T00:00:00Z,2026-06-04T00:00:00Z,True,0.0021333333,vol-0e50721f9a43dc0f3,EC2 - Other,unallocated
2026-06-03T00:00:00Z,2026-06-04T00:00:00Z,True,0.0042611111,vol-0e526dc1109788026,EC2 - Other,unallocated
2026-06-03T00:00:00Z,2026-06-04T00:00:00Z,True,0.0140194444,vol-0e543a10bc5bb3f8e,EC2 - Other,unallocated
2026-06-03T00:00:00Z,2026-06-04T00:00:00Z,True,0.0023694444,vol-0e7b3e01e52acd97d,EC2 - Other,unallocated
2026-06-03T00:00:00Z,2026-06-04T00:00:00Z,True,0.0025125,vol-0e9b63dcf6369583d,EC2 - Other,unallocated
2026-06-03T00:00:00Z,2026-06-04T00:00:00Z,True,0.8959999992,vol-0ea36895cc2b979ac,EC2 - Other,dayhoff
2026-06-03T00:00:00Z,2026-06-04T00:00:00Z,True,0.0029055556,vol-0ecc3a8c78a612d32,EC2 - Other,unallocated
2026-06-03T00:00:00Z,2026-06-04T00:00:00Z,True,0.0014319444,vol-0eee23c128197f0ff,EC2 - Other,unallocated
2026-06-03T00:00:00Z,2026-06-04T00:00:00Z,True,0.0124375,vol-0efebf78e5bca0aaa,EC2 - Other,unallocated
2026-06-03T00:00:00Z,2026-06-04T00:00:00Z,True,0.0020638889,vol-0f0983df41da0c8c5,EC2 - Other,unallocated
2026-06-03T00:00:00Z,2026-06-04T00:00:00Z,True,0.0022791667,vol-0f0b3109f949c20e7,EC2 - Other,unallocated
2026-06-03T00:00:00Z,2026-06-04T00:00:00Z,True,0.0021263889,vol-0f0f9075223fd01bd,EC2 - Other,unallocated
2026-06-03T00:00:00Z,2026-06-04T00:00:00Z,True,0.0012055556,vol-0f2d6547a0a09c9c7,EC2 - Other,unallocated
2026-06-03T00:00:00Z,2026-06-04T00:00:00Z,True,1.1226666672,vol-0f5e5d7eec5982fa8,EC2 - Other,unallocated
2026-06-03T00:00:00Z,2026-06-04T00:00:00Z,True,0.0015791667,vol-0f8059dad65d55dfe,EC2 - Other,unallocated
2026-06-03T00:00:00Z,2026-06-04T00:00:00Z,True,0.0319888889,vol-0f877eacfbb78d939,EC2 - Other,unallocated
2026-06-03T00:00:00Z,2026-06-04T00:00:00Z,True,0.0023277778,vol-0f8cbb47fd32e5ec4,EC2 - Other,unallocated
2026-06-03T00:00:00Z,2026-06-04T00:00:00Z,True,0.0017222222,vol-0f8d254ad4f4dbfb2,EC2 - Other,unallocated
2026-06-03T00:00:00Z,2026-06-04T00:00:00Z,True,0.0028819444,vol-0f947ba2f8f23b24a,EC2 - Other,unallocated
2026-06-03T00:00:00Z,2026-06-04T00:00:00Z,True,0.0018444444,vol-0fc82eb98a77320d7,EC2 - Other,unallocated
2026-06-03T00:00:00Z,2026-06-04T00:00:00Z,True,0.01535,vol-0fc8ecf6ef7690493,EC2 - Other,unallocated
2026-06-03T00:00:00Z,2026-06-04T00:00:00Z,True,0.0013208333,vol-0fd9173ebacdf73e3,EC2 - Other,unallocated
2026-06-03T00:00:00Z,2026-06-04T00:00:00Z,True,0.0064055556,vol-0fda66e6848dbad41,EC2 - Other,unallocated
2026-06-03T00:00:00Z,2026-06-04T00:00:00Z,True,0.0166611111,vol-0fdc51f5df66c67cf,EC2 - Other,unallocated
2026-06-04T00:00:00Z,2026-06-05T00:00:00Z,True,1.3440001745,arn:aws:ec2:ap-south-1:108782052779:natgateway/nat-01dc061291fc51e75,EC2 - Other,unallocated
2026-06-04T00:00:00Z,2026-06-05T00:00:00Z,True,1.3440002473,arn:aws:ec2:ap-south-1:108782052779:natgateway/nat-05f85018216cac061,EC2 - Other,unallocated
2026-06-04T00:00:00Z,2026-06-05T00:00:00Z,True,0.0802823893,arn:aws:ec2:ap-south-1:108782052779:snapshot/snap-053909bfd492a6457,EC2 - Other,unallocated
2026-06-04T00:00:00Z,2026-06-05T00:00:00Z,True,1.2480000273,arn:aws:ec2:eu-central-1:108782052779:natgateway/nat-0a2bfbfedf38f8e87,EC2 - Other,unallocated
2026-06-04T00:00:00Z,2026-06-05T00:00:00Z,True,1.2480000181,arn:aws:ec2:eu-central-1:108782052779:natgateway/nat-0ec6ae9605269bef4,EC2 - Other,unallocated
2026-06-04T00:00:00Z,2026-06-05T00:00:00Z,True,1.0800001837,arn:aws:ec2:us-west-2:108782052779:natgateway/nat-00246c8ef3b9087f1,EC2 - Other,dayhoff
2026-06-04T00:00:00Z,2026-06-05T00:00:00Z,True,1.0829170545,arn:aws:ec2:us-west-2:108782052779:natgateway/nat-00ac08b685fea726f,EC2 - Other,terrarium
2026-06-04T00:00:00Z,2026-06-05T00:00:00Z,True,6.2388730693,arn:aws:ec2:us-west-2:108782052779:natgateway/nat-00f3c26e43ede9b10,EC2 - Other,unallocated
2026-06-04T00:00:00Z,2026-06-05T00:00:00Z,True,1.0869077061,arn:aws:ec2:us-west-2:108782052779:natgateway/nat-0234e77781575cced,EC2 - Other,terrarium
2026-06-04T00:00:00Z,2026-06-05T00:00:00Z,True,0.0015951877,arn:aws:ec2:us-west-2:108782052779:snapshot/snap-02b495e742b74a531,EC2 - Other,unallocated
2026-06-04T00:00:00Z,2026-06-05T00:00:00Z,True,0.000326199,arn:aws:ec2:us-west-2:108782052779:snapshot/snap-036439c38b106d1a0,EC2 - Other,unallocated
2026-06-04T00:00:00Z,2026-06-05T00:00:00Z,True,0.0016000027,arn:aws:ec2:us-west-2:108782052779:snapshot/snap-0962efaf8d8e02002,EC2 - Other,unallocated
2026-06-04T00:00:00Z,2026-06-05T00:00:00Z,True,1.2990068407,arn:aws:ec2:us-west-2:171675361862:natgateway/nat-01432c586ef9dbf51,EC2 - Other,unallocated
2026-06-04T00:00:00Z,2026-06-05T00:00:00Z,True,0.0049544271,arn:aws:ec2:us-west-2:171675361862:snapshot/snap-0093422f7530dd57f,EC2 - Other,unallocated
2026-06-04T00:00:00Z,2026-06-05T00:00:00Z,True,0.0051318359,arn:aws:ec2:us-west-2:171675361862:snapshot/snap-01051ee004e700b1e,EC2 - Other,unallocated
2026-06-04T00:00:00Z,2026-06-05T00:00:00Z,True,0.004831543,arn:aws:ec2:us-west-2:171675361862:snapshot/snap-01617e5cf1a7141a9,EC2 - Other,unallocated
2026-06-04T00:00:00Z,2026-06-05T00:00:00Z,True,0.0057283529,arn:aws:ec2:us-west-2:171675361862:snapshot/snap-02e2a477c70bd2d6b,EC2 - Other,unallocated
2026-06-04T00:00:00Z,2026-06-05T00:00:00Z,True,0.0052034505,arn:aws:ec2:us-west-2:171675361862:snapshot/snap-034c0dc963dcc6b4a,EC2 - Other,unallocated
2026-06-04T00:00:00Z,2026-06-05T00:00:00Z,True,0.0051220703,arn:aws:ec2:us-west-2:171675361862:snapshot/snap-0356c62bc9336feef,EC2 - Other,unallocated
2026-06-04T00:00:00Z,2026-06-05T00:00:00Z,True,0.0052278646,arn:aws:ec2:us-west-2:171675361862:snapshot/snap-03e9cddf0760568af,EC2 - Other,unallocated
2026-06-04T00:00:00Z,2026-06-05T00:00:00Z,True,0.0067469279,arn:aws:ec2:us-west-2:171675361862:snapshot/snap-04835772777dad20e,EC2 - Other,unallocated
2026-06-04T00:00:00Z,2026-06-05T00:00:00Z,True,0.005448405,arn:aws:ec2:us-west-2:171675361862:snapshot/snap-049b1328bdd0e2367,EC2 - Other,unallocated
2026-06-04T00:00:00Z,2026-06-05T00:00:00Z,True,0.0071622721,arn:aws:ec2:us-west-2:171675361862:snapshot/snap-05dc35b99f1d66572,EC2 - Other,unallocated
2026-06-04T00:00:00Z,2026-06-05T00:00:00Z,True,0.0059277344,arn:aws:ec2:us-west-2:171675361862:snapshot/snap-068c9cd76d82972c6,EC2 - Other,unallocated
2026-06-04T00:00:00Z,2026-06-05T00:00:00Z,True,0.0049601237,arn:aws:ec2:us-west-2:171675361862:snapshot/snap-0811506c8e0e4c38d,EC2 - Other,unallocated
2026-06-04T00:00:00Z,2026-06-05T00:00:00Z,True,0.0049674479,arn:aws:ec2:us-west-2:171675361862:snapshot/snap-08971cb52b0d65cf4,EC2 - Other,unallocated
2026-06-04T00:00:00Z,2026-06-05T00:00:00Z,True,0.005139974,arn:aws:ec2:us-west-2:171675361862:snapshot/snap-08bba655a6c5cbab1,EC2 - Other,unallocated
2026-06-04T00:00:00Z,2026-06-05T00:00:00Z,True,0.0049023438,arn:aws:ec2:us-west-2:171675361862:snapshot/snap-0912fb835f7ce67e9,EC2 - Other,unallocated
2026-06-04T00:00:00Z,2026-06-05T00:00:00Z,True,0.0051969401,arn:aws:ec2:us-west-2:171675361862:snapshot/snap-0955251ceed89fccd,EC2 - Other,unallocated
2026-06-04T00:00:00Z,2026-06-05T00:00:00Z,True,0.0050341797,arn:aws:ec2:us-west-2:171675361862:snapshot/snap-09b7dcbea493d899c,EC2 - Other,unallocated
2026-06-04T00:00:00Z,2026-06-05T00:00:00Z,True,0.0049812826,arn:aws:ec2:us-west-2:171675361862:snapshot/snap-0a85a694772c6b805,EC2 - Other,unallocated
2026-06-04T00:00:00Z,2026-06-05T00:00:00Z,True,0.0056396484,arn:aws:ec2:us-west-2:171675361862:snapshot/snap-0b57ab838a3d96a1e,EC2 - Other,unallocated
2026-06-04T00:00:00Z,2026-06-05T00:00:00Z,True,0.0114078776,arn:aws:ec2:us-west-2:171675361862:snapshot/snap-0b59545ad20e68906,EC2 - Other,unallocated
2026-06-04T00:00:00Z,2026-06-05T00:00:00Z,True,0.0068523492,arn:aws:ec2:us-west-2:171675361862:snapshot/snap-0ca4a84e778ad68e9,EC2 - Other,unallocated
2026-06-04T00:00:00Z,2026-06-05T00:00:00Z,True,0.0169634332,arn:aws:ec2:us-west-2:171675361862:snapshot/snap-0cda5132b3ef65cfa,EC2 - Other,unallocated
2026-06-04T00:00:00Z,2026-06-05T00:00:00Z,True,0.005300293,arn:aws:ec2:us-west-2:171675361862:snapshot/snap-0d0c4af263032230c,EC2 - Other,unallocated
2026-06-04T00:00:00Z,2026-06-05T00:00:00Z,True,0.0049072266,arn:aws:ec2:us-west-2:171675361862:snapshot/snap-0d2a28c3feb1b3215,EC2 - Other,unallocated
2026-06-04T00:00:00Z,2026-06-05T00:00:00Z,True,0.0053548177,arn:aws:ec2:us-west-2:171675361862:snapshot/snap-0d834f9a24c2f6097,EC2 - Other,unallocated
2026-06-04T00:00:00Z,2026-06-05T00:00:00Z,True,0.005164388,arn:aws:ec2:us-west-2:171675361862:snapshot/snap-0daf5245a270f593f,EC2 - Other,unallocated
2026-06-04T00:00:00Z,2026-06-05T00:00:00Z,True,0.0052945964,arn:aws:ec2:us-west-2:171675361862:snapshot/snap-0dfcb5a08a204faba,EC2 - Other,unallocated
2026-06-04T00:00:00Z,2026-06-05T00:00:00Z,True,0.0047631836,arn:aws:ec2:us-west-2:171675361862:snapshot/snap-0ef79544c150b4756,EC2 - Other,unallocated
2026-06-04T00:00:00Z,2026-06-05T00:00:00Z,True,0.0051831055,arn:aws:ec2:us-west-2:171675361862:snapshot/snap-0f167818ffe7feac1,EC2 - Other,unallocated
2026-06-04T00:00:00Z,2026-06-05T00:00:00Z,True,0.0071875,arn:aws:ec2:us-west-2:171675361862:snapshot/snap-0f35a63f136c0ec82,EC2 - Other,unallocated
2026-06-04T00:00:00Z,2026-06-05T00:00:00Z,True,0.0053344727,arn:aws:ec2:us-west-2:171675361862:snapshot/snap-0fbf1eb66ee99723a,EC2 - Other,unallocated
2026-06-04T00:00:00Z,2026-06-05T00:00:00Z,True,0.0,i-000c3216e799089e4,EC2 - Other,unallocated
2026-06-04T00:00:00Z,2026-06-05T00:00:00Z,True,0.0,i-00127d6074b154f3d,EC2 - Other,unallocated
2026-06-04T00:00:00Z,2026-06-05T00:00:00Z,True,0.0,i-0012ae31b362cc36b,EC2 - Other,unallocated
2026-06-04T00:00:00Z,2026-06-05T00:00:00Z,True,0.0,i-0013e367b593daa38,EC2 - Other,unallocated
2026-06-04T00:00:00Z,2026-06-05T00:00:00Z,True,0.0,i-002c04101a4ca525f,EC2 - Other,unallocated
2026-06-04T00:00:00Z,2026-06-05T00:00:00Z,True,0.0,i-002dd6d0845d3918e,EC2 - Other,unallocated
2026-06-04T00:00:00Z,2026-06-05T00:00:00Z,True,0.0,i-003500281e4f9d12e,EC2 - Other,unallocated
2026-06-04T00:00:00Z,2026-06-05T00:00:00Z,True,0.0,i-0054e785a7ab3061e,EC2 - Other,unallocated
2026-06-04T00:00:00Z,2026-06-05T00:00:00Z,True,0.0,i-00aebd8929a7156a4,EC2 - Other,unallocated
2026-06-04T00:00:00Z,2026-06-05T00:00:00Z,True,0.0,i-00aede9b4de8ed7e1,EC2 - Other,unallocated
2026-06-04T00:00:00Z,2026-06-05T00:00:00Z,True,0.0,i-00d2cb735fdbda024,EC2 - Other,unallocated
2026-06-04T00:00:00Z,2026-06-05T00:00:00Z,True,0.0,i-012bc61f32b7a1557,EC2 - Other,unallocated
2026-06-04T00:00:00Z,2026-06-05T00:00:00Z,True,0.0,i-018259ffa1772d8d9,EC2 - Other,unallocated
2026-06-04T00:00:00Z,2026-06-05T00:00:00Z,True,0.0,i-0183b229ff4a496b9,EC2 - Other,unallocated
2026-06-04T00:00:00Z,2026-06-05T00:00:00Z,True,0.0,i-01959c183362e0cd6,EC2 - Other,unallocated
2026-06-04T00:00:00Z,2026-06-05T00:00:00Z,True,0.0,i-019eb2d9d60996325,EC2 - Other,unallocated
2026-06-04T00:00:00Z,2026-06-05T00:00:00Z,True,0.0,i-019fd228ffc89da04,EC2 - Other,unallocated
2026-06-04T00:00:00Z,2026-06-05T00:00:00Z,True,0.0,i-01add860afb21acee,EC2 - Other,unallocated
2026-06-04T00:00:00Z,2026-06-05T00:00:00Z,True,0.0042470799,i-01fdf39c363930bff,EC2 - Other,unallocated
2026-06-04T00:00:00Z,2026-06-05T00:00:00Z,True,0.0,i-020bb6931c4f5396d,EC2 - Other,unallocated
2026-06-04T00:00:00Z,2026-06-05T00:00:00Z,True,0.0,i-020d9fe4b6cbf8452,EC2 - Other,unallocated
2026-06-04T00:00:00Z,2026-06-05T00:00:00Z,True,0.0,i-020f8b1375629e7f9,EC2 - Other,unallocated
2026-06-04T00:00:00Z,2026-06-05T00:00:00Z,True,0.0,i-023f4b58219d8e8c2,EC2 - Other,unallocated
2026-06-04T00:00:00Z,2026-06-05T00:00:00Z,True,0.0,i-025164b4a4763d1cd,EC2 - Other,unallocated
2026-06-04T00:00:00Z,2026-06-05T00:00:00Z,True,0.0,i-02557a856eedc39ab,EC2 - Other,unallocated
2026-06-04T00:00:00Z,2026-06-05T00:00:00Z,True,0.0,i-026a740097812f08d,EC2 - Other,unallocated
2026-06-04T00:00:00Z,2026-06-05T00:00:00Z,True,0.0,i-028c5aa9e02a2d255,EC2 - Other,unallocated
2026-06-04T00:00:00Z,2026-06-05T00:00:00Z,True,0.0,i-02a6aef6a2edf2534,EC2 - Other,unallocated
2026-06-04T00:00:00Z,2026-06-05T00:00:00Z,True,0.0,i-02f1cca8faa2a76f4,EC2 - Other,unallocated
2026-06-04T00:00:00Z,2026-06-05T00:00:00Z,True,0.0,i-02f5af2e15f313304,EC2 - Other,unallocated
2026-06-04T00:00:00Z,2026-06-05T00:00:00Z,True,0.0,i-02fbeb7fd0bb0fd47,EC2 - Other,unallocated
2026-06-04T00:00:00Z,2026-06-05T00:00:00Z,True,0.0,i-036cd0d5e7bb2fab5,EC2 - Other,unallocated
2026-06-04T00:00:00Z,2026-06-05T00:00:00Z,True,0.0,i-039f2be167759f3e8,EC2 - Other,unallocated
2026-06-04T00:00:00Z,2026-06-05T00:00:00Z,True,0.0,i-03a9502e473b7eacb,EC2 - Other,unallocated
2026-06-04T00:00:00Z,2026-06-05T00:00:00Z,True,0.0,i-03ad9144a8e25195b,EC2 - Other,unallocated
2026-06-04T00:00:00Z,2026-06-05T00:00:00Z,True,0.0,i-03dca9ba7983da295,EC2 - Other,unallocated
2026-06-04T00:00:00Z,2026-06-05T00:00:00Z,True,0.0,i-03fa5eb93fe5aab89,EC2 - Other,unallocated
2026-06-04T00:00:00Z,2026-06-05T00:00:00Z,True,0.0,i-040689ac58a57b60f,EC2 - Other,unallocated
2026-06-04T00:00:00Z,2026-06-05T00:00:00Z,True,0.0,i-041df054049b463cb,EC2 - Other,unallocated
2026-06-04T00:00:00Z,2026-06-05T00:00:00Z,True,0.0,i-043e32fa815c3c113,EC2 - Other,unallocated
2026-06-04T00:00:00Z,2026-06-05T00:00:00Z,True,0.0,i-04438040d64e841f1,EC2 - Other,unallocated
2026-06-04T00:00:00Z,2026-06-05T00:00:00Z,True,0.0,i-04521128ca25d9809,EC2 - Other,unallocated
2026-06-04T00:00:00Z,2026-06-05T00:00:00Z,True,0.0,i-0483b5ed9f39057e5,EC2 - Other,unallocated
2026-06-04T00:00:00Z,2026-06-05T00:00:00Z,True,0.0,i-048fc2f7edb4ee80e,EC2 - Other,unallocated
2026-06-04T00:00:00Z,2026-06-05T00:00:00Z,True,0.0,i-04c272fb98bea051a,EC2 - Other,unallocated
2026-06-04T00:00:00Z,2026-06-05T00:00:00Z,True,8.94841e-05,i-04d3a8c6aae87f818,EC2 - Other,dayhoff
2026-06-04T00:00:00Z,2026-06-05T00:00:00Z,True,0.0,i-04db85ba2295b7cf6,EC2 - Other,unallocated
2026-06-04T00:00:00Z,2026-06-05T00:00:00Z,True,0.0,i-04e00bf325226ce6e,EC2 - Other,unallocated
2026-06-04T00:00:00Z,2026-06-05T00:00:00Z,True,0.0,i-051ce6e723ae676fc,EC2 - Other,unallocated
2026-06-04T00:00:00Z,2026-06-05T00:00:00Z,True,0.0,i-05350e236bcc22463,EC2 - Other,unallocated
2026-06-04T00:00:00Z,2026-06-05T00:00:00Z,True,0.0,i-0535762603fa25834,EC2 - Other,unallocated
2026-06-04T00:00:00Z,2026-06-05T00:00:00Z,True,0.0,i-0536febbdd8a9ce69,EC2 - Other,unallocated
2026-06-04T00:00:00Z,2026-06-05T00:00:00Z,True,0.0,i-05486a9fcdde3e57f,EC2 - Other,unallocated
2026-06-04T00:00:00Z,2026-06-05T00:00:00Z,True,0.0,i-05559fc9a629903a9,EC2 - Other,unallocated
2026-06-04T00:00:00Z,2026-06-05T00:00:00Z,True,0.0,i-055a614e600bd4353,EC2 - Other,unallocated
2026-06-04T00:00:00Z,2026-06-05T00:00:00Z,True,0.0,i-059d794ee325fd3ce,EC2 - Other,unallocated
2026-06-04T00:00:00Z,2026-06-05T00:00:00Z,True,0.0,i-05a7a618672103cdc,EC2 - Other,unallocated
2026-06-04T00:00:00Z,2026-06-05T00:00:00Z,True,0.0,i-05ad78843730a39f0,EC2 - Other,unallocated
2026-06-04T00:00:00Z,2026-06-05T00:00:00Z,True,0.0,i-05e65f79c306d1418,EC2 - Other,unallocated
2026-06-04T00:00:00Z,2026-06-05T00:00:00Z,True,0.0,i-05ea25fa8c6b1c0d0,EC2 - Other,unallocated
2026-06-04T00:00:00Z,2026-06-05T00:00:00Z,True,0.0,i-05efe7f65f2a96cda,EC2 - Other,unallocated
2026-06-04T00:00:00Z,2026-06-05T00:00:00Z,True,0.0,i-060d4cfc4e5c12fa5,EC2 - Other,unallocated
2026-06-04T00:00:00Z,2026-06-05T00:00:00Z,True,0.0,i-0615b0414b84bcb22,EC2 - Other,unallocated
2026-06-04T00:00:00Z,2026-06-05T00:00:00Z,True,0.0,i-061b54711ff6977c4,EC2 - Other,unallocated
2026-06-04T00:00:00Z,2026-06-05T00:00:00Z,True,0.0,i-06340370c8c68bf1e,EC2 - Other,unallocated
2026-06-04T00:00:00Z,2026-06-05T00:00:00Z,True,0.0,i-06390123f75aa4fdb,EC2 - Other,unallocated
2026-06-04T00:00:00Z,2026-06-05T00:00:00Z,True,0.0,i-0652761233b453981,EC2 - Other,unallocated
2026-06-04T00:00:00Z,2026-06-05T00:00:00Z,True,0.0,i-06538274511c87cbc,EC2 - Other,unallocated
2026-06-04T00:00:00Z,2026-06-05T00:00:00Z,True,0.0,i-067b7f1728a07c8a6,EC2 - Other,unallocated
2026-06-04T00:00:00Z,2026-06-05T00:00:00Z,True,0.0,i-06afd402e756c528a,EC2 - Other,unallocated
2026-06-04T00:00:00Z,2026-06-05T00:00:00Z,True,0.0,i-06ec4c7897091580a,EC2 - Other,unallocated
2026-06-04T00:00:00Z,2026-06-05T00:00:00Z,True,0.0,i-070dbf80ac869dbe2,EC2 - Other,unallocated
2026-06-04T00:00:00Z,2026-06-05T00:00:00Z,True,0.0,i-074775b80a66bb109,EC2 - Other,unallocated
2026-06-04T00:00:00Z,2026-06-05T00:00:00Z,True,0.0,i-0799a3f6b3dfaa875,EC2 - Other,unallocated
2026-06-04T00:00:00Z,2026-06-05T00:00:00Z,True,0.0,i-07a6c7a86e2ccc731,EC2 - Other,unallocated
2026-06-04T00:00:00Z,2026-06-05T00:00:00Z,True,0.0,i-07c7d836894987979,EC2 - Other,unallocated
2026-06-04T00:00:00Z,2026-06-05T00:00:00Z,True,0.0,i-07da6592c87af7b9d,EC2 - Other,unallocated
2026-06-04T00:00:00Z,2026-06-05T00:00:00Z,True,0.0049476112,i-07df3a933e4839f52,EC2 - Other,dayhoff
2026-06-04T00:00:00Z,2026-06-05T00:00:00Z,True,0.0,i-0816377d95c221324,EC2 - Other,unallocated
2026-06-04T00:00:00Z,2026-06-05T00:00:00Z,True,0.0,i-086b0d6f641e08692,EC2 - Other,unallocated
2026-06-04T00:00:00Z,2026-06-05T00:00:00Z,True,0.0,i-087e0eb6b568192f0,EC2 - Other,unallocated
2026-06-04T00:00:00Z,2026-06-05T00:00:00Z,True,0.0,i-0888049cebc86312e,EC2 - Other,unallocated
2026-06-04T00:00:00Z,2026-06-05T00:00:00Z,True,0.0,i-08c47457073ba27d5,EC2 - Other,unallocated
2026-06-04T00:00:00Z,2026-06-05T00:00:00Z,True,0.0,i-08ee449f1d09635be,EC2 - Other,unallocated
2026-06-04T00:00:00Z,2026-06-05T00:00:00Z,True,0.0,i-08fc5f63b777935d2,EC2 - Other,unallocated
2026-06-04T00:00:00Z,2026-06-05T00:00:00Z,True,0.0049308053,i-09126000eb19643b0,EC2 - Other,dayhoff
2026-06-04T00:00:00Z,2026-06-05T00:00:00Z,True,0.0,i-0919f0d69cb290f99,EC2 - Other,unallocated
2026-06-04T00:00:00Z,2026-06-05T00:00:00Z,True,0.0,i-0952b656a970d575e,EC2 - Other,unallocated
2026-06-04T00:00:00Z,2026-06-05T00:00:00Z,True,0.0,i-09546621b1cf966cc,EC2 - Other,unallocated
2026-06-04T00:00:00Z,2026-06-05T00:00:00Z,True,0.0,i-09b46eca66a22e9f9,EC2 - Other,unallocated
2026-06-04T00:00:00Z,2026-06-05T00:00:00Z,True,0.0,i-09c2d37c5b8080fbd,EC2 - Other,unallocated
2026-06-04T00:00:00Z,2026-06-05T00:00:00Z,True,0.0,i-09c8f6eff1ed52f94,EC2 - Other,unallocated
2026-06-04T00:00:00Z,2026-06-05T00:00:00Z,True,0.0,i-09d4ea4e1dbaeea53,EC2 - Other,unallocated
2026-06-04T00:00:00Z,2026-06-05T00:00:00Z,True,0.0,i-09eae5f653505214c,EC2 - Other,unallocated
2026-06-04T00:00:00Z,2026-06-05T00:00:00Z,True,5.8329e-06,i-09f66b3f11ea42c60,EC2 - Other,unallocated
2026-06-04T00:00:00Z,2026-06-05T00:00:00Z,True,0.0,i-0a06dbdabae4665cf,EC2 - Other,unallocated
2026-06-04T00:00:00Z,2026-06-05T00:00:00Z,True,0.0,i-0a2270265160402f0,EC2 - Other,unallocated
2026-06-04T00:00:00Z,2026-06-05T00:00:00Z,True,0.0,i-0a256291e98707019,EC2 - Other,unallocated
2026-06-04T00:00:00Z,2026-06-05T00:00:00Z,True,0.0,i-0a4b226ec415a8fda,EC2 - Other,unallocated
2026-06-04T00:00:00Z,2026-06-05T00:00:00Z,True,0.0,i-0a565a3e77b117686,EC2 - Other,unallocated
2026-06-04T00:00:00Z,2026-06-05T00:00:00Z,True,0.0001105349,i-0a70e6af119b993f3,EC2 - Other,dayhoff
2026-06-04T00:00:00Z,2026-06-05T00:00:00Z,True,0.0,i-0aa288758e14fb0ac,EC2 - Other,unallocated
2026-06-04T00:00:00Z,2026-06-05T00:00:00Z,True,0.0,i-0aa5cc8dc15d487b8,EC2 - Other,unallocated
2026-06-04T00:00:00Z,2026-06-05T00:00:00Z,True,1.6462e-06,i-0ab7116abc8229a16,EC2 - Other,unallocated
2026-06-04T00:00:00Z,2026-06-05T00:00:00Z,True,0.0,i-0ad9937d76fb12924,EC2 - Other,unallocated
2026-06-04T00:00:00Z,2026-06-05T00:00:00Z,True,0.0,i-0b228fc543114a7f8,EC2 - Other,unallocated
2026-06-04T00:00:00Z,2026-06-05T00:00:00Z,True,0.0,i-0b327128a946e9799,EC2 - Other,unallocated
2026-06-04T00:00:00Z,2026-06-05T00:00:00Z,True,0.0,i-0b3dd6c95fbda4715,EC2 - Other,unallocated
2026-06-04T00:00:00Z,2026-06-05T00:00:00Z,True,0.0001032015,i-0b6713cc15f74d360,EC2 - Other,dayhoff
2026-06-04T00:00:00Z,2026-06-05T00:00:00Z,True,0.0,i-0b6a2b2c11c65a7e7,EC2 - Other,unallocated
2026-06-04T00:00:00Z,2026-06-05T00:00:00Z,True,0.0,i-0b7a1024f9717cc44,EC2 - Other,unallocated
2026-06-04T00:00:00Z,2026-06-05T00:00:00Z,True,0.0,i-0b86cabc97b20ea91,EC2 - Other,unallocated
2026-06-04T00:00:00Z,2026-06-05T00:00:00Z,True,0.0,i-0b9c2c849d7dd6016,EC2 - Other,unallocated
2026-06-04T00:00:00Z,2026-06-05T00:00:00Z,True,0.0,i-0bb58b89d77f162dc,EC2 - Other,unallocated
2026-06-04T00:00:00Z,2026-06-05T00:00:00Z,True,0.0,i-0bbc460ae36f4cc1a,EC2 - Other,unallocated
2026-06-04T00:00:00Z,2026-06-05T00:00:00Z,True,0.0,i-0bd6d32313bb33a08,EC2 - Other,unallocated
2026-06-04T00:00:00Z,2026-06-05T00:00:00Z,True,0.0,i-0bdfe6c619984bb7c,EC2 - Other,unallocated
2026-06-04T00:00:00Z,2026-06-05T00:00:00Z,True,0.0,i-0bf1c81aa5688d5c6,EC2 - Other,unallocated
2026-06-04T00:00:00Z,2026-06-05T00:00:00Z,True,0.0,i-0bfff3ed669829bf8,EC2 - Other,unallocated
2026-06-04T00:00:00Z,2026-06-05T00:00:00Z,True,0.0,i-0c1038d6137b7fb2d,EC2 - Other,unallocated
2026-06-04T00:00:00Z,2026-06-05T00:00:00Z,True,0.0,i-0c339de55d8a0617e,EC2 - Other,unallocated
2026-06-04T00:00:00Z,2026-06-05T00:00:00Z,True,0.0,i-0c5f8889f8a91deb6,EC2 - Other,unallocated
2026-06-04T00:00:00Z,2026-06-05T00:00:00Z,True,0.0,i-0c6417524eac1004b,EC2 - Other,unallocated
2026-06-04T00:00:00Z,2026-06-05T00:00:00Z,True,0.0,i-0c8467c80ebc0cc16,EC2 - Other,unallocated
2026-06-04T00:00:00Z,2026-06-05T00:00:00Z,True,0.0,i-0c893ff91b8a820f6,EC2 - Other,unallocated
2026-06-04T00:00:00Z,2026-06-05T00:00:00Z,True,0.0,i-0cba9cf0e00e3136c,EC2 - Other,unallocated
2026-06-04T00:00:00Z,2026-06-05T00:00:00Z,True,0.0,i-0cc361c7f71aa974b,EC2 - Other,unallocated
2026-06-04T00:00:00Z,2026-06-05T00:00:00Z,True,0.0,i-0ccd25f9d9189c8a8,EC2 - Other,unallocated
2026-06-04T00:00:00Z,2026-06-05T00:00:00Z,True,0.0,i-0cddff1ddce868b76,EC2 - Other,unallocated
2026-06-04T00:00:00Z,2026-06-05T00:00:00Z,True,0.0,i-0d06fc3ec3d9141c8,EC2 - Other,unallocated
2026-06-04T00:00:00Z,2026-06-05T00:00:00Z,True,0.0,i-0d24086d8b2954ce3,EC2 - Other,unallocated
2026-06-04T00:00:00Z,2026-06-05T00:00:00Z,True,0.0,i-0d435ab0fbcac3bf9,EC2 - Other,unallocated
2026-06-04T00:00:00Z,2026-06-05T00:00:00Z,True,0.0,i-0d4a9e8de91649abc,EC2 - Other,unallocated
2026-06-04T00:00:00Z,2026-06-05T00:00:00Z,True,0.0,i-0d65ad29eda7e763c,EC2 - Other,unallocated
2026-06-04T00:00:00Z,2026-06-05T00:00:00Z,True,0.0,i-0d8005f1f240bee63,EC2 - Other,unallocated
2026-06-04T00:00:00Z,2026-06-05T00:00:00Z,True,0.0,i-0d8c62196d1641c96,EC2 - Other,unallocated
2026-06-04T00:00:00Z,2026-06-05T00:00:00Z,True,0.0,i-0dbe15b3d4218dcbc,EC2 - Other,unallocated
2026-06-04T00:00:00Z,2026-06-05T00:00:00Z,True,0.0,i-0dc04159a9fe45732,EC2 - Other,unallocated
2026-06-04T00:00:00Z,2026-06-05T00:00:00Z,True,0.0095413677,i-0de9e3f8d3208cf03,EC2 - Other,dayhoff
2026-06-04T00:00:00Z,2026-06-05T00:00:00Z,True,0.0,i-0df0509044553acc1,EC2 - Other,unallocated
2026-06-04T00:00:00Z,2026-06-05T00:00:00Z,True,0.0,i-0e48b53a591fb1d40,EC2 - Other,unallocated
2026-06-04T00:00:00Z,2026-06-05T00:00:00Z,True,0.0,i-0e5dbb0ad442852ea,EC2 - Other,unallocated
2026-06-04T00:00:00Z,2026-06-05T00:00:00Z,True,0.000114233,i-0e70fab85d559c615,EC2 - Other,dayhoff
2026-06-04T00:00:00Z,2026-06-05T00:00:00Z,True,0.0,i-0e7515f82ef193e5f,EC2 - Other,unallocated
2026-06-04T00:00:00Z,2026-06-05T00:00:00Z,True,0.0,i-0e87fca890519e5b3,EC2 - Other,unallocated
2026-06-04T00:00:00Z,2026-06-05T00:00:00Z,True,0.0,i-0ea8c36d6ff483718,EC2 - Other,unallocated
2026-06-04T00:00:00Z,2026-06-05T00:00:00Z,True,0.0,i-0eaa424c00a7a1355,EC2 - Other,unallocated
2026-06-04T00:00:00Z,2026-06-05T00:00:00Z,True,0.0,i-0f0517f7bfbc28679,EC2 - Other,unallocated
2026-06-04T00:00:00Z,2026-06-05T00:00:00Z,True,0.0,i-0f495004ab587d2e7,EC2 - Other,unallocated
2026-06-04T00:00:00Z,2026-06-05T00:00:00Z,True,0.0,i-0f497c92cf4b563cc,EC2 - Other,unallocated
2026-06-04T00:00:00Z,2026-06-05T00:00:00Z,True,0.0,i-0f53bab340594b85a,EC2 - Other,unallocated
2026-06-04T00:00:00Z,2026-06-05T00:00:00Z,True,0.0042203093,i-0f5fb7f4318358cf5,EC2 - Other,unallocated
2026-06-04T00:00:00Z,2026-06-05T00:00:00Z,True,0.0,i-0f68b83449680d52e,EC2 - Other,unallocated
2026-06-04T00:00:00Z,2026-06-05T00:00:00Z,True,0.0,i-0f9c85db1724ebe8e,EC2 - Other,unallocated
2026-06-04T00:00:00Z,2026-06-05T00:00:00Z,True,0.0,i-0fa746907b8814642,EC2 - Other,unallocated
2026-06-04T00:00:00Z,2026-06-05T00:00:00Z,True,0.0,i-0fa99446878ec5639,EC2 - Other,unallocated
2026-06-04T00:00:00Z,2026-06-05T00:00:00Z,True,0.0,i-0fcc7fef2e3b80943,EC2 - Other,unallocated
2026-06-04T00:00:00Z,2026-06-05T00:00:00Z,True,0.0,i-0fcf39b5b3d8719ef,EC2 - Other,unallocated
2026-06-04T00:00:00Z,2026-06-05T00:00:00Z,True,0.0,i-0fe66d81ddee82133,EC2 - Other,unallocated
2026-06-04T00:00:00Z,2026-06-05T00:00:00Z,True,0.0018638889,vol-0003c9f040f9db2eb,EC2 - Other,unallocated
2026-06-04T00:00:00Z,2026-06-05T00:00:00Z,True,0.0018402778,vol-0027a818bc9f8161a,EC2 - Other,unallocated
2026-06-04T00:00:00Z,2026-06-05T00:00:00Z,True,0.0015888889,vol-00506be2bd0ea798f,EC2 - Other,unallocated
2026-06-04T00:00:00Z,2026-06-05T00:00:00Z,True,0.0799999992,vol-0054217b60d3a15d8,EC2 - Other,unallocated
2026-06-04T00:00:00Z,2026-06-05T00:00:00Z,True,0.0018986111,vol-00557016d70a03d8b,EC2 - Other,unallocated
2026-06-04T00:00:00Z,2026-06-05T00:00:00Z,True,0.0015,vol-005b65fdc76d2ae4a,EC2 - Other,unallocated
2026-06-04T00:00:00Z,2026-06-05T00:00:00Z,True,0.0015319444,vol-00699c53593423ea4,EC2 - Other,unallocated
2026-06-04T00:00:00Z,2026-06-05T00:00:00Z,True,0.0016861111,vol-00990ede2acbfa585,EC2 - Other,unallocated
2026-06-04T00:00:00Z,2026-06-05T00:00:00Z,True,0.0020125,vol-00b6d7f2909821e74,EC2 - Other,unallocated
2026-06-04T00:00:00Z,2026-06-05T00:00:00Z,True,0.8959999992,vol-00cbb7ba932dbd3a4,EC2 - Other,unallocated
2026-06-04T00:00:00Z,2026-06-05T00:00:00Z,True,0.0028208333,vol-00dac6410052504fc,EC2 - Other,unallocated
2026-06-04T00:00:00Z,2026-06-05T00:00:00Z,True,0.0009958333,vol-00efa4ae9c8ddbe64,EC2 - Other,unallocated
2026-06-04T00:00:00Z,2026-06-05T00:00:00Z,True,0.0046013889,vol-00f4de6c615c1e1eb,EC2 - Other,unallocated
2026-06-04T00:00:00Z,2026-06-05T00:00:00Z,True,0.0050986111,vol-00f7a32616e4c0949,EC2 - Other,unallocated
2026-06-04T00:00:00Z,2026-06-05T00:00:00Z,True,0.0018569444,vol-00f7c4c33533fef35,EC2 - Other,unallocated
2026-06-04T00:00:00Z,2026-06-05T00:00:00Z,True,0.0013472222,vol-018ef8d09592bdf4f,EC2 - Other,unallocated
2026-06-04T00:00:00Z,2026-06-05T00:00:00Z,True,0.0028333333,vol-0194db536d24dddca,EC2 - Other,unallocated
2026-06-04T00:00:00Z,2026-06-05T00:00:00Z,True,0.0050833333,vol-019abc67b5477fb40,EC2 - Other,unallocated
2026-06-04T00:00:00Z,2026-06-05T00:00:00Z,True,1.1226666672,vol-01c1767c24b9ae01c,EC2 - Other,unallocated
2026-06-04T00:00:00Z,2026-06-05T00:00:00Z,True,0.0014111111,vol-01e3ecc07f0150b34,EC2 - Other,unallocated
2026-06-04T00:00:00Z,2026-06-05T00:00:00Z,True,0.001025,vol-01e6890dd9f5ce52b,EC2 - Other,unallocated
2026-06-04T00:00:00Z,2026-06-05T00:00:00Z,True,0.0020958333,vol-01fdf50c1cc1a71f9,EC2 - Other,unallocated
2026-06-04T00:00:00Z,2026-06-05T00:00:00Z,True,0.0019819444,vol-02291de0a0781e807,EC2 - Other,unallocated
2026-06-04T00:00:00Z,2026-06-05T00:00:00Z,True,0.0042597222,vol-0280d394a9f159ca9,EC2 - Other,unallocated
2026-06-04T00:00:00Z,2026-06-05T00:00:00Z,True,0.0012263889,vol-0290266c7ff1ad6a9,EC2 - Other,unallocated
2026-06-04T00:00:00Z,2026-06-05T00:00:00Z,True,0.010325,vol-02a052cae72154344,EC2 - Other,unallocated
2026-06-04T00:00:00Z,2026-06-05T00:00:00Z,True,0.0020069444,vol-02aea0a0266e91dea,EC2 - Other,unallocated
2026-06-04T00:00:00Z,2026-06-05T00:00:00Z,True,0.0016833333,vol-02bcad9b8e3a1b4f7,EC2 - Other,unallocated
2026-06-04T00:00:00Z,2026-06-05T00:00:00Z,True,0.0034361111,vol-02c8985ce349c7205,EC2 - Other,unallocated
2026-06-04T00:00:00Z,2026-06-05T00:00:00Z,True,0.0533333328,vol-02caa6b741e86c280,EC2 - Other,unallocated
2026-06-04T00:00:00Z,2026-06-05T00:00:00Z,True,0.0034972222,vol-02e03af95949a17d3,EC2 - Other,unallocated
2026-06-04T00:00:00Z,2026-06-05T00:00:00Z,True,0.0048138889,vol-030f4ff4024dc871a,EC2 - Other,unallocated
2026-06-04T00:00:00Z,2026-06-05T00:00:00Z,True,0.0034125,vol-0351255cf0846714d,EC2 - Other,unallocated
2026-06-04T00:00:00Z,2026-06-05T00:00:00Z,True,0.0103902778,vol-035ef5515eab77020,EC2 - Other,unallocated
2026-06-04T00:00:00Z,2026-06-05T00:00:00Z,True,0.0050847222,vol-0362a01208aa24be6,EC2 - Other,unallocated
2026-06-04T00:00:00Z,2026-06-05T00:00:00Z,True,0.0019652778,vol-03897ade2e20fb65c,EC2 - Other,unallocated
2026-06-04T00:00:00Z,2026-06-05T00:00:00Z,True,0.8959999992,vol-0392bc7824a1e81e8,EC2 - Other,dayhoff
2026-06-04T00:00:00Z,2026-06-05T00:00:00Z,True,0.0030805556,vol-03a62c744b0cdd523,EC2 - Other,unallocated
2026-06-04T00:00:00Z,2026-06-05T00:00:00Z,True,0.0020638889,vol-03b455eec3d17d66c,EC2 - Other,unallocated
2026-06-04T00:00:00Z,2026-06-05T00:00:00Z,True,0.0016527778,vol-03b552055e9c097bb,EC2 - Other,unallocated
2026-06-04T00:00:00Z,2026-06-05T00:00:00Z,True,0.0041236111,vol-03bb3ba125175a18f,EC2 - Other,unallocated
2026-06-04T00:00:00Z,2026-06-05T00:00:00Z,True,0.0014333333,vol-03bdbab10ea5ecf2d,EC2 - Other,unallocated
2026-06-04T00:00:00Z,2026-06-05T00:00:00Z,True,0.0034291667,vol-03e2ab7b0794351cb,EC2 - Other,unallocated
2026-06-04T00:00:00Z,2026-06-05T00:00:00Z,True,0.0045208333,vol-03e763baf1dff755a,EC2 - Other,unallocated
2026-06-04T00:00:00Z,2026-06-05T00:00:00Z,True,0.0019097222,vol-040fdd1aab928912e,EC2 - Other,unallocated
2026-06-04T00:00:00Z,2026-06-05T00:00:00Z,True,0.0017347222,vol-04120e4602da43e9b,EC2 - Other,unallocated
2026-06-04T00:00:00Z,2026-06-05T00:00:00Z,True,0.0015597222,vol-0415ebd6a622205df,EC2 - Other,unallocated
2026-06-04T00:00:00Z,2026-06-05T00:00:00Z,True,1.1226666672,vol-042a5f5daead20490,EC2 - Other,unallocated
2026-06-04T00:00:00Z,2026-06-05T00:00:00Z,True,0.0018152778,vol-0434070ab3a39788e,EC2 - Other,unallocated
2026-06-04T00:00:00Z,2026-06-05T00:00:00Z,True,0.8959999992,vol-04646998d6f1fd325,EC2 - Other,dayhoff
2026-06-04T00:00:00Z,2026-06-05T00:00:00Z,True,0.001775,vol-04ac99bed01af9875,EC2 - Other,unallocated
2026-06-04T00:00:00Z,2026-06-05T00:00:00Z,True,0.0050861111,vol-04e6080802d6c2376,EC2 - Other,unallocated
2026-06-04T00:00:00Z,2026-06-05T00:00:00Z,True,0.0022861111,vol-04ecf1a3adc9fc197,EC2 - Other,unallocated
2026-06-04T00:00:00Z,2026-06-05T00:00:00Z,True,0.0033527778,vol-04f98a94e67f915c7,EC2 - Other,unallocated
2026-06-04T00:00:00Z,2026-06-05T00:00:00Z,True,0.00315,vol-05307db60f34252ea,EC2 - Other,unallocated
2026-06-04T00:00:00Z,2026-06-05T00:00:00Z,True,0.0023972222,vol-0543c2951434465ca,EC2 - Other,unallocated
2026-06-04T00:00:00Z,2026-06-05T00:00:00Z,True,0.0024652778,vol-059870ff245af6796,EC2 - Other,unallocated
2026-06-04T00:00:00Z,2026-06-05T00:00:00Z,True,0.0015319444,vol-05c7c17cb7e80c9d3,EC2 - Other,unallocated
2026-06-04T00:00:00Z,2026-06-05T00:00:00Z,True,0.0050111111,vol-05ce8c10500697622,EC2 - Other,unallocated
2026-06-04T00:00:00Z,2026-06-05T00:00:00Z,True,0.0017680556,vol-05e446e03b051b322,EC2 - Other,unallocated
2026-06-04T00:00:00Z,2026-06-05T00:00:00Z,True,0.0046,vol-06289bb61a8ec4365,EC2 - Other,unallocated
2026-06-04T00:00:00Z,2026-06-05T00:00:00Z,True,0.0017388889,vol-06657427b06b94ae7,EC2 - Other,unallocated
2026-06-04T00:00:00Z,2026-06-05T00:00:00Z,True,1.1226666672,vol-067169329e7a92af1,EC2 - Other,unallocated
2026-06-04T00:00:00Z,2026-06-05T00:00:00Z,True,0.0016222222,vol-067ae53cd04e05a3f,EC2 - Other,unallocated
2026-06-04T00:00:00Z,2026-06-05T00:00:00Z,True,0.0019111111,vol-068a0c92262194214,EC2 - Other,unallocated
2026-06-04T00:00:00Z,2026-06-05T00:00:00Z,True,0.0021069444,vol-06ce71f8fb70ca2e5,EC2 - Other,unallocated
2026-06-04T00:00:00Z,2026-06-05T00:00:00Z,True,0.0025708333,vol-06db1dd0436bf5ebc,EC2 - Other,unallocated
2026-06-04T00:00:00Z,2026-06-05T00:00:00Z,True,0.0030625,vol-06e0f037f8ebcfae2,EC2 - Other,unallocated
2026-06-04T00:00:00Z,2026-06-05T00:00:00Z,True,0.0021791667,vol-06fecaeaabcf4b01f,EC2 - Other,unallocated
2026-06-04T00:00:00Z,2026-06-05T00:00:00Z,True,0.0103972222,vol-0714d5fe64e924398,EC2 - Other,unallocated
2026-06-04T00:00:00Z,2026-06-05T00:00:00Z,True,0.0799999992,vol-0725e7ce2db54e386,EC2 - Other,unallocated
2026-06-04T00:00:00Z,2026-06-05T00:00:00Z,True,0.0033125,vol-0732edbfcff3fbe40,EC2 - Other,unallocated
2026-06-04T00:00:00Z,2026-06-05T00:00:00Z,True,0.0049916667,vol-074cf4feb9dfd864a,EC2 - Other,unallocated
2026-06-04T00:00:00Z,2026-06-05T00:00:00Z,True,0.0016805556,vol-076e408536d96cf57,EC2 - Other,unallocated
2026-06-04T00:00:00Z,2026-06-05T00:00:00Z,True,0.0018652778,vol-07b96d9e80d88f4cd,EC2 - Other,unallocated
2026-06-04T00:00:00Z,2026-06-05T00:00:00Z,True,0.0046,vol-07d56f705d02cc386,EC2 - Other,unallocated
2026-06-04T00:00:00Z,2026-06-05T00:00:00Z,True,0.0051055556,vol-07de405b3f6b93e67,EC2 - Other,unallocated
2026-06-04T00:00:00Z,2026-06-05T00:00:00Z,True,0.0021777778,vol-07fb7f37389be015b,EC2 - Other,unallocated
2026-06-04T00:00:00Z,2026-06-05T00:00:00Z,True,0.0019930556,vol-080f1eff305d98bc0,EC2 - Other,unallocated
2026-06-04T00:00:00Z,2026-06-05T00:00:00Z,True,0.0051125,vol-08113c2845fa91e34,EC2 - Other,unallocated
2026-06-04T00:00:00Z,2026-06-05T00:00:00Z,True,0.0042916667,vol-0846a64068bc449f6,EC2 - Other,unallocated
2026-06-04T00:00:00Z,2026-06-05T00:00:00Z,True,0.0014388889,vol-084858c330cdbdd5c,EC2 - Other,unallocated
2026-06-04T00:00:00Z,2026-06-05T00:00:00Z,True,0.0037388889,vol-08514be28735b3203,EC2 - Other,unallocated
2026-06-04T00:00:00Z,2026-06-05T00:00:00Z,True,0.0026944444,vol-086db73d589c0a761,EC2 - Other,unallocated
2026-06-04T00:00:00Z,2026-06-05T00:00:00Z,True,0.0011958333,vol-086ddca5b284a47cd,EC2 - Other,unallocated
2026-06-04T00:00:00Z,2026-06-05T00:00:00Z,True,0.0008833333,vol-086e15676a0c36d73,EC2 - Other,unallocated
2026-06-04T00:00:00Z,2026-06-05T00:00:00Z,True,0.0051972222,vol-086e5a28a3fa110de,EC2 - Other,unallocated
2026-06-04T00:00:00Z,2026-06-05T00:00:00Z,True,0.0020472222,vol-087585a4121525930,EC2 - Other,unallocated
2026-06-04T00:00:00Z,2026-06-05T00:00:00Z,True,0.0043529321,vol-089d6791e8492081d,EC2 - Other,unallocated
2026-06-04T00:00:00Z,2026-06-05T00:00:00Z,True,0.0018027778,vol-08a270db8d615afb8,EC2 - Other,unallocated
2026-06-04T00:00:00Z,2026-06-05T00:00:00Z,True,0.005175,vol-08d80ce442673a8ac,EC2 - Other,unallocated
2026-06-04T00:00:00Z,2026-06-05T00:00:00Z,True,0.1333333344,vol-08dee3ee1394063cb,EC2 - Other,unallocated
2026-06-04T00:00:00Z,2026-06-05T00:00:00Z,True,0.0034541667,vol-09209e496a4829056,EC2 - Other,unallocated
2026-06-04T00:00:00Z,2026-06-05T00:00:00Z,True,0.0033652778,vol-092a13d3caa07687f,EC2 - Other,unallocated
2026-06-04T00:00:00Z,2026-06-05T00:00:00Z,True,0.0045194444,vol-09416bcaf11ee8262,EC2 - Other,unallocated
2026-06-04T00:00:00Z,2026-06-05T00:00:00Z,True,0.0213333336,vol-0941af554a7184c73,EC2 - Other,dayhoff
2026-06-04T00:00:00Z,2026-06-05T00:00:00Z,True,0.0213333336,vol-09454929e2c583ae7,EC2 - Other,unallocated
2026-06-04T00:00:00Z,2026-06-05T00:00:00Z,True,0.0013430556,vol-09488484f2e1a60f3,EC2 - Other,unallocated
2026-06-04T00:00:00Z,2026-06-05T00:00:00Z,True,0.0022041667,vol-094a3af06c0b2dd66,EC2 - Other,unallocated
2026-06-04T00:00:00Z,2026-06-05T00:00:00Z,True,0.001375,vol-0957f48e6cd4918fa,EC2 - Other,unallocated
2026-06-04T00:00:00Z,2026-06-05T00:00:00Z,True,0.0014638889,vol-096062922a4d3e9f7,EC2 - Other,unallocated
2026-06-04T00:00:00Z,2026-06-05T00:00:00Z,True,0.0023180556,vol-097f194e65795f1b4,EC2 - Other,unallocated
2026-06-04T00:00:00Z,2026-06-05T00:00:00Z,True,0.0103694444,vol-0982801a9b1d34f74,EC2 - Other,unallocated
2026-06-04T00:00:00Z,2026-06-05T00:00:00Z,True,0.00335,vol-09a1bca5087cadc59,EC2 - Other,unallocated
2026-06-04T00:00:00Z,2026-06-05T00:00:00Z,True,0.0076527778,vol-09a5d0c2b5cc7b94c,EC2 - Other,unallocated
2026-06-04T00:00:00Z,2026-06-05T00:00:00Z,True,0.0018111111,vol-09aad36e0bb719269,EC2 - Other,unallocated
2026-06-04T00:00:00Z,2026-06-05T00:00:00Z,True,0.0024,vol-09f3cecddcd08dc16,EC2 - Other,unallocated
2026-06-04T00:00:00Z,2026-06-05T00:00:00Z,True,0.0035125,vol-0a24b1f24c6688baf,EC2 - Other,unallocated
2026-06-04T00:00:00Z,2026-06-05T00:00:00Z,True,0.0023958333,vol-0a3cb08f66ba5840f,EC2 - Other,unallocated
2026-06-04T00:00:00Z,2026-06-05T00:00:00Z,True,0.005175,vol-0a3ea0829cfec1f95,EC2 - Other,unallocated
2026-06-04T00:00:00Z,2026-06-05T00:00:00Z,True,0.0019402778,vol-0a4a55ff2329822bd,EC2 - Other,unallocated
2026-06-04T00:00:00Z,2026-06-05T00:00:00Z,True,0.0033555556,vol-0a5d5e571c81e41a2,EC2 - Other,unallocated
2026-06-04T00:00:00Z,2026-06-05T00:00:00Z,True,0.0103263889,vol-0a9406eade4d47455,EC2 - Other,unallocated
2026-06-04T00:00:00Z,2026-06-05T00:00:00Z,True,0.0014583333,vol-0ab897fae5a7a97a8,EC2 - Other,unallocated
2026-06-04T00:00:00Z,2026-06-05T00:00:00Z,True,0.0213333336,vol-0af8f94e0cd058ddf,EC2 - Other,unallocated
2026-06-04T00:00:00Z,2026-06-05T00:00:00Z,True,0.0048791667,vol-0b0e1437ea7b9e0bb,EC2 - Other,unallocated
2026-06-04T00:00:00Z,2026-06-05T00:00:00Z,True,0.0023958333,vol-0b2a27058a7a8bacb,EC2 - Other,unallocated
2026-06-04T00:00:00Z,2026-06-05T00:00:00Z,True,0.0027569444,vol-0b2ca91eb0c88f3da,EC2 - Other,unallocated
2026-06-04T00:00:00Z,2026-06-05T00:00:00Z,True,0.0025319444,vol-0b4cf89b0d667e631,EC2 - Other,unallocated
2026-06-04T00:00:00Z,2026-06-05T00:00:00Z,True,0.0016305556,vol-0b5a0bc09d3e83a22,EC2 - Other,unallocated
2026-06-04T00:00:00Z,2026-06-05T00:00:00Z,True,0.0014777778,vol-0b675df4a82a49d65,EC2 - Other,unallocated
2026-06-04T00:00:00Z,2026-06-05T00:00:00Z,True,0.8959999992,vol-0b99a6dcae2700982,EC2 - Other,dayhoff
2026-06-04T00:00:00Z,2026-06-05T00:00:00Z,True,0.0020041667,vol-0b9bf4829e159c0f3,EC2 - Other,unallocated
2026-06-04T00:00:00Z,2026-06-05T00:00:00Z,True,0.0020972222,vol-0bc9db956d3150b29,EC2 - Other,unallocated
2026-06-04T00:00:00Z,2026-06-05T00:00:00Z,True,0.0028055556,vol-0bcf280375d6e7fd6,EC2 - Other,unallocated
2026-06-04T00:00:00Z,2026-06-05T00:00:00Z,True,0.0030541667,vol-0bf303509b901d7c1,EC2 - Other,unallocated
2026-06-04T00:00:00Z,2026-06-05T00:00:00Z,True,0.0799999992,vol-0bff19625e45e6e4c,EC2 - Other,unallocated
2026-06-04T00:00:00Z,2026-06-05T00:00:00Z,True,0.0018777778,vol-0c0665d539cd31c1d,EC2 - Other,unallocated
2026-06-04T00:00:00Z,2026-06-05T00:00:00Z,True,0.0027638889,vol-0c12f2c6810f3a19b,EC2 - Other,unallocated
2026-06-04T00:00:00Z,2026-06-05T00:00:00Z,True,0.0051888889,vol-0c18373bb1c2e5ac4,EC2 - Other,unallocated
2026-06-04T00:00:00Z,2026-06-05T00:00:00Z,True,0.0033416667,vol-0c246f782bce100e4,EC2 - Other,unallocated
2026-06-04T00:00:00Z,2026-06-05T00:00:00Z,True,0.624,vol-0c26833469cf6995a,EC2 - Other,unallocated
2026-06-04T00:00:00Z,2026-06-05T00:00:00Z,True,0.0051944444,vol-0c4b4eb07287a214e,EC2 - Other,unallocated
2026-06-04T00:00:00Z,2026-06-05T00:00:00Z,True,0.0014416667,vol-0c66821cb31b8c87f,EC2 - Other,unallocated
2026-06-04T00:00:00Z,2026-06-05T00:00:00Z,True,0.8959999992,vol-0c69ba6b467620e14,EC2 - Other,dayhoff
2026-06-04T00:00:00Z,2026-06-05T00:00:00Z,True,0.0016736111,vol-0c6b7d733a0c58636,EC2 - Other,unallocated
2026-06-04T00:00:00Z,2026-06-05T00:00:00Z,True,0.00275,vol-0c78956280c689b19,EC2 - Other,unallocated
2026-06-04T00:00:00Z,2026-06-05T00:00:00Z,True,0.003075,vol-0c88d115fc899e533,EC2 - Other,unallocated
2026-06-04T00:00:00Z,2026-06-05T00:00:00Z,True,0.0050555556,vol-0c8fc524627a7dace,EC2 - Other,unallocated
2026-06-04T00:00:00Z,2026-06-05T00:00:00Z,True,1.1226666672,vol-0c90d4fbaada3820a,EC2 - Other,unallocated
2026-06-04T00:00:00Z,2026-06-05T00:00:00Z,True,0.0051291667,vol-0cbbd379b4a599e14,EC2 - Other,unallocated
2026-06-04T00:00:00Z,2026-06-05T00:00:00Z,True,0.0023527778,vol-0cf973aaca6b9c6aa,EC2 - Other,unallocated
2026-06-04T00:00:00Z,2026-06-05T00:00:00Z,True,0.0032805556,vol-0d0af64a46625401c,EC2 - Other,unallocated
2026-06-04T00:00:00Z,2026-06-05T00:00:00Z,True,0.0025944444,vol-0d25061e066842d66,EC2 - Other,unallocated
2026-06-04T00:00:00Z,2026-06-05T00:00:00Z,True,0.0014625,vol-0d312626c5ff991b8,EC2 - Other,unallocated
2026-06-04T00:00:00Z,2026-06-05T00:00:00Z,True,0.0017583333,vol-0d350c04caa2b7f4b,EC2 - Other,unallocated
2026-06-04T00:00:00Z,2026-06-05T00:00:00Z,True,0.0015208333,vol-0d3c16199faf21abc,EC2 - Other,unallocated
2026-06-04T00:00:00Z,2026-06-05T00:00:00Z,True,0.0035583333,vol-0d6f275a53b7bcba6,EC2 - Other,unallocated
2026-06-04T00:00:00Z,2026-06-05T00:00:00Z,True,0.0029222222,vol-0d832448b8963d0af,EC2 - Other,unallocated
2026-06-04T00:00:00Z,2026-06-05T00:00:00Z,True,0.0014986111,vol-0d9f161f9c9f999df,EC2 - Other,unallocated
2026-06-04T00:00:00Z,2026-06-05T00:00:00Z,True,0.0015375,vol-0da0badf1f7be134b,EC2 - Other,unallocated
2026-06-04T00:00:00Z,2026-06-05T00:00:00Z,True,0.0035833333,vol-0dac77ce9ceb17d04,EC2 - Other,unallocated
2026-06-04T00:00:00Z,2026-06-05T00:00:00Z,True,1.0758888894,vol-0dc356201f8515195,EC2 - Other,unallocated
2026-06-04T00:00:00Z,2026-06-05T00:00:00Z,True,0.0021027778,vol-0dec49a1ce2332c35,EC2 - Other,unallocated
2026-06-04T00:00:00Z,2026-06-05T00:00:00Z,True,0.0031916667,vol-0df5832af3a4b4c85,EC2 - Other,unallocated
2026-06-04T00:00:00Z,2026-06-05T00:00:00Z,True,0.0019819444,vol-0dfa2b55584d0ff4c,EC2 - Other,unallocated
2026-06-04T00:00:00Z,2026-06-05T00:00:00Z,True,0.0052861111,vol-0e2725c0e88eaa15d,EC2 - Other,unallocated
2026-06-04T00:00:00Z,2026-06-05T00:00:00Z,True,0.0050027778,vol-0e75c9935ffbf3284,EC2 - Other,unallocated
2026-06-04T00:00:00Z,2026-06-05T00:00:00Z,True,0.8959999992,vol-0ea36895cc2b979ac,EC2 - Other,dayhoff
2026-06-04T00:00:00Z,2026-06-05T00:00:00Z,True,0.0018402778,vol-0eaa0bb949ef60bb6,EC2 - Other,unallocated
2026-06-04T00:00:00Z,2026-06-05T00:00:00Z,True,0.0044236111,vol-0ef8e048ba12ef920,EC2 - Other,unallocated
2026-06-04T00:00:00Z,2026-06-05T00:00:00Z,True,0.0051902778,vol-0f016e5049007945c,EC2 - Other,unallocated
2026-06-04T00:00:00Z,2026-06-05T00:00:00Z,True,0.0033486111,vol-0f09c279585ee9eed,EC2 - Other,unallocated
2026-06-04T00:00:00Z,2026-06-05T00:00:00Z,True,0.0017083333,vol-0f14e2c3727609a42,EC2 - Other,unallocated
2026-06-04T00:00:00Z,2026-06-05T00:00:00Z,True,0.0050055556,vol-0f19ff8c125e53884,EC2 - Other,unallocated
2026-06-04T00:00:00Z,2026-06-05T00:00:00Z,True,0.0016875,vol-0f373b52156c61d0f,EC2 - Other,unallocated
2026-06-04T00:00:00Z,2026-06-05T00:00:00Z,True,0.0014416667,vol-0f52009ba788ac743,EC2 - Other,unallocated
2026-06-04T00:00:00Z,2026-06-05T00:00:00Z,True,1.1226666672,vol-0f5e5d7eec5982fa8,EC2 - Other,unallocated
2026-06-04T00:00:00Z,2026-06-05T00:00:00Z,True,0.0051569444,vol-0f77abee8d67fc2f5,EC2 - Other,unallocated
2026-06-04T00:00:00Z,2026-06-05T00:00:00Z,True,0.0021486111,vol-0ff2d495429debace,EC2 - Other,unallocated
2026-06-05T00:00:00Z,2026-06-06T00:00:00Z,True,1.3440001772,arn:aws:ec2:ap-south-1:108782052779:natgateway/nat-01dc061291fc51e75,EC2 - Other,unallocated
2026-06-05T00:00:00Z,2026-06-06T00:00:00Z,True,1.3440002053,arn:aws:ec2:ap-south-1:108782052779:natgateway/nat-05f85018216cac061,EC2 - Other,unallocated
2026-06-05T00:00:00Z,2026-06-06T00:00:00Z,True,0.0802823893,arn:aws:ec2:ap-south-1:108782052779:snapshot/snap-053909bfd492a6457,EC2 - Other,unallocated
2026-06-05T00:00:00Z,2026-06-06T00:00:00Z,True,1.2480000343,arn:aws:ec2:eu-central-1:108782052779:natgateway/nat-0a2bfbfedf38f8e87,EC2 - Other,unallocated
2026-06-05T00:00:00Z,2026-06-06T00:00:00Z,True,1.2480000192,arn:aws:ec2:eu-central-1:108782052779:natgateway/nat-0ec6ae9605269bef4,EC2 - Other,unallocated
2026-06-05T00:00:00Z,2026-06-06T00:00:00Z,True,0.090000005,arn:aws:ec2:us-east-1:108782052779:natgateway/nat-089a96601cfd34f9d,EC2 - Other,dayhoff
2026-06-05T00:00:00Z,2026-06-06T00:00:00Z,True,1.0800001363,arn:aws:ec2:us-west-2:108782052779:natgateway/nat-00246c8ef3b9087f1,EC2 - Other,dayhoff
2026-06-05T00:00:00Z,2026-06-06T00:00:00Z,True,1.0829769212,arn:aws:ec2:us-west-2:108782052779:natgateway/nat-00ac08b685fea726f,EC2 - Other,terrarium
2026-06-05T00:00:00Z,2026-06-06T00:00:00Z,True,1.3659420721,arn:aws:ec2:us-west-2:108782052779:natgateway/nat-00f3c26e43ede9b10,EC2 - Other,unallocated
2026-06-05T00:00:00Z,2026-06-06T00:00:00Z,True,1.0869179824,arn:aws:ec2:us-west-2:108782052779:natgateway/nat-0234e77781575cced,EC2 - Other,terrarium
2026-06-05T00:00:00Z,2026-06-06T00:00:00Z,True,0.0016150581,arn:aws:ec2:us-west-2:108782052779:snapshot/snap-0504ea9fcfa8e3db6,EC2 - Other,unallocated
2026-06-05T00:00:00Z,2026-06-06T00:00:00Z,True,0.0003263007,arn:aws:ec2:us-west-2:108782052779:snapshot/snap-05090868bda563fe6,EC2 - Other,unallocated
2026-06-05T00:00:00Z,2026-06-06T00:00:00Z,True,0.0016181776,arn:aws:ec2:us-west-2:108782052779:snapshot/snap-0520e39df771608b3,EC2 - Other,unallocated
2026-06-05T00:00:00Z,2026-06-06T00:00:00Z,True,1.2989831144,arn:aws:ec2:us-west-2:171675361862:natgateway/nat-01432c586ef9dbf51,EC2 - Other,unallocated
2026-06-05T00:00:00Z,2026-06-06T00:00:00Z,True,0.0049544271,arn:aws:ec2:us-west-2:171675361862:snapshot/snap-0093422f7530dd57f,EC2 - Other,unallocated
2026-06-05T00:00:00Z,2026-06-06T00:00:00Z,True,0.0051318359,arn:aws:ec2:us-west-2:171675361862:snapshot/snap-01051ee004e700b1e,EC2 - Other,unallocated
2026-06-05T00:00:00Z,2026-06-06T00:00:00Z,True,0.004831543,arn:aws:ec2:us-west-2:171675361862:snapshot/snap-01617e5cf1a7141a9,EC2 - Other,unallocated
2026-06-05T00:00:00Z,2026-06-06T00:00:00Z,True,0.0057283529,arn:aws:ec2:us-west-2:171675361862:snapshot/snap-02e2a477c70bd2d6b,EC2 - Other,unallocated
2026-06-05T00:00:00Z,2026-06-06T00:00:00Z,True,0.0052034505,arn:aws:ec2:us-west-2:171675361862:snapshot/snap-034c0dc963dcc6b4a,EC2 - Other,unallocated
2026-06-05T00:00:00Z,2026-06-06T00:00:00Z,True,0.0051220703,arn:aws:ec2:us-west-2:171675361862:snapshot/snap-0356c62bc9336feef,EC2 - Other,unallocated
2026-06-05T00:00:00Z,2026-06-06T00:00:00Z,True,0.0052278646,arn:aws:ec2:us-west-2:171675361862:snapshot/snap-03e9cddf0760568af,EC2 - Other,unallocated
2026-06-05T00:00:00Z,2026-06-06T00:00:00Z,True,0.0077107747,arn:aws:ec2:us-west-2:171675361862:snapshot/snap-04835772777dad20e,EC2 - Other,unallocated
2026-06-05T00:00:00Z,2026-06-06T00:00:00Z,True,0.005448405,arn:aws:ec2:us-west-2:171675361862:snapshot/snap-049b1328bdd0e2367,EC2 - Other,unallocated
2026-06-05T00:00:00Z,2026-06-06T00:00:00Z,True,0.0071622721,arn:aws:ec2:us-west-2:171675361862:snapshot/snap-05dc35b99f1d66572,EC2 - Other,unallocated
2026-06-05T00:00:00Z,2026-06-06T00:00:00Z,True,0.0059277344,arn:aws:ec2:us-west-2:171675361862:snapshot/snap-068c9cd76d82972c6,EC2 - Other,unallocated
2026-06-05T00:00:00Z,2026-06-06T00:00:00Z,True,0.0049601237,arn:aws:ec2:us-west-2:171675361862:snapshot/snap-0811506c8e0e4c38d,EC2 - Other,unallocated
2026-06-05T00:00:00Z,2026-06-06T00:00:00Z,True,0.0049674479,arn:aws:ec2:us-west-2:171675361862:snapshot/snap-08971cb52b0d65cf4,EC2 - Other,unallocated
2026-06-05T00:00:00Z,2026-06-06T00:00:00Z,True,0.005139974,arn:aws:ec2:us-west-2:171675361862:snapshot/snap-08bba655a6c5cbab1,EC2 - Other,unallocated
2026-06-05T00:00:00Z,2026-06-06T00:00:00Z,True,0.0049023438,arn:aws:ec2:us-west-2:171675361862:snapshot/snap-0912fb835f7ce67e9,EC2 - Other,unallocated
2026-06-05T00:00:00Z,2026-06-06T00:00:00Z,True,0.0051969401,arn:aws:ec2:us-west-2:171675361862:snapshot/snap-0955251ceed89fccd,EC2 - Other,unallocated
2026-06-05T00:00:00Z,2026-06-06T00:00:00Z,True,0.0050341797,arn:aws:ec2:us-west-2:171675361862:snapshot/snap-09b7dcbea493d899c,EC2 - Other,unallocated
2026-06-05T00:00:00Z,2026-06-06T00:00:00Z,True,0.0049812826,arn:aws:ec2:us-west-2:171675361862:snapshot/snap-0a85a694772c6b805,EC2 - Other,unallocated
2026-06-05T00:00:00Z,2026-06-06T00:00:00Z,True,0.0056396484,arn:aws:ec2:us-west-2:171675361862:snapshot/snap-0b57ab838a3d96a1e,EC2 - Other,unallocated
2026-06-05T00:00:00Z,2026-06-06T00:00:00Z,True,0.0114078776,arn:aws:ec2:us-west-2:171675361862:snapshot/snap-0b59545ad20e68906,EC2 - Other,unallocated
2026-06-05T00:00:00Z,2026-06-06T00:00:00Z,True,0.0045615641,arn:aws:ec2:us-west-2:171675361862:snapshot/snap-0bace1a1137e22c44,EC2 - Other,unallocated
2026-06-05T00:00:00Z,2026-06-06T00:00:00Z,True,0.0069588216,arn:aws:ec2:us-west-2:171675361862:snapshot/snap-0cda5132b3ef65cfa,EC2 - Other,unallocated
2026-06-05T00:00:00Z,2026-06-06T00:00:00Z,True,0.005300293,arn:aws:ec2:us-west-2:171675361862:snapshot/snap-0d0c4af263032230c,EC2 - Other,unallocated
2026-06-05T00:00:00Z,2026-06-06T00:00:00Z,True,0.0049072266,arn:aws:ec2:us-west-2:171675361862:snapshot/snap-0d2a28c3feb1b3215,EC2 - Other,unallocated
2026-06-05T00:00:00Z,2026-06-06T00:00:00Z,True,0.0053548177,arn:aws:ec2:us-west-2:171675361862:snapshot/snap-0d834f9a24c2f6097,EC2 - Other,unallocated
2026-06-05T00:00:00Z,2026-06-06T00:00:00Z,True,0.005164388,arn:aws:ec2:us-west-2:171675361862:snapshot/snap-0daf5245a270f593f,EC2 - Other,unallocated
2026-06-05T00:00:00Z,2026-06-06T00:00:00Z,True,0.0177300347,arn:aws:ec2:us-west-2:171675361862:snapshot/snap-0dfcb5a08a204faba,EC2 - Other,unallocated
2026-06-05T00:00:00Z,2026-06-06T00:00:00Z,True,0.0047631836,arn:aws:ec2:us-west-2:171675361862:snapshot/snap-0ef79544c150b4756,EC2 - Other,unallocated
2026-06-05T00:00:00Z,2026-06-06T00:00:00Z,True,0.0051831055,arn:aws:ec2:us-west-2:171675361862:snapshot/snap-0f167818ffe7feac1,EC2 - Other,unallocated
2026-06-05T00:00:00Z,2026-06-06T00:00:00Z,True,0.0071875,arn:aws:ec2:us-west-2:171675361862:snapshot/snap-0f35a63f136c0ec82,EC2 - Other,unallocated
2026-06-05T00:00:00Z,2026-06-06T00:00:00Z,True,0.0053344727,arn:aws:ec2:us-west-2:171675361862:snapshot/snap-0fbf1eb66ee99723a,EC2 - Other,unallocated
2026-06-05T00:00:00Z,2026-06-06T00:00:00Z,True,2.026e-07,i-01fdf39c363930bff,EC2 - Other,unallocated
2026-06-05T00:00:00Z,2026-06-06T00:00:00Z,True,0.0,i-036e1b539e61ce81e,EC2 - Other,unallocated
2026-06-05T00:00:00Z,2026-06-06T00:00:00Z,True,0.0,i-042b2f0782bef659e,EC2 - Other,unallocated
2026-06-05T00:00:00Z,2026-06-06T00:00:00Z,True,9.99151e-05,i-04d3a8c6aae87f818,EC2 - Other,dayhoff
2026-06-05T00:00:00Z,2026-06-06T00:00:00Z,True,0.0,i-04f28c7eb2feef15e,EC2 - Other,unallocated
2026-06-05T00:00:00Z,2026-06-06T00:00:00Z,True,0.0,i-0563349819d32df66,EC2 - Other,unallocated
2026-06-05T00:00:00Z,2026-06-06T00:00:00Z,True,0.0,i-060ced269794d7f6f,EC2 - Other,unallocated
2026-06-05T00:00:00Z,2026-06-06T00:00:00Z,True,0.0042985112,i-07df3a933e4839f52,EC2 - Other,dayhoff
2026-06-05T00:00:00Z,2026-06-06T00:00:00Z,True,0.0042935782,i-09126000eb19643b0,EC2 - Other,dayhoff
2026-06-05T00:00:00Z,2026-06-06T00:00:00Z,True,0.0,i-093dc06a7563219d5,EC2 - Other,unallocated
2026-06-05T00:00:00Z,2026-06-06T00:00:00Z,True,3.46413e-05,i-09f66b3f11ea42c60,EC2 - Other,unallocated
2026-06-05T00:00:00Z,2026-06-06T00:00:00Z,True,0.000108987,i-0a70e6af119b993f3,EC2 - Other,dayhoff
2026-06-05T00:00:00Z,2026-06-06T00:00:00Z,True,1.6093e-06,i-0ab7116abc8229a16,EC2 - Other,unallocated
2026-06-05T00:00:00Z,2026-06-06T00:00:00Z,True,0.0001089424,i-0b6713cc15f74d360,EC2 - Other,dayhoff
2026-06-05T00:00:00Z,2026-06-06T00:00:00Z,True,0.0,i-0bf036b6503480a99,EC2 - Other,unallocated
2026-06-05T00:00:00Z,2026-06-06T00:00:00Z,True,0.0,i-0d6bd4ce6ce38cc9b,EC2 - Other,unallocated
2026-06-05T00:00:00Z,2026-06-06T00:00:00Z,True,0.0001174749,i-0de9e3f8d3208cf03,EC2 - Other,dayhoff
2026-06-05T00:00:00Z,2026-06-06T00:00:00Z,True,0.0001161055,i-0e70fab85d559c615,EC2 - Other,dayhoff
2026-06-05T00:00:00Z,2026-06-06T00:00:00Z,True,0.003684204,i-0ee653e618725d748,EC2 - Other,unallocated
2026-06-05T00:00:00Z,2026-06-06T00:00:00Z,True,3.84349e-05,i-0f5fb7f4318358cf5,EC2 - Other,unallocated
2026-06-05T00:00:00Z,2026-06-06T00:00:00Z,True,0.0,i-0f9baebd4cf42ba7c,EC2 - Other,unallocated
2026-06-05T00:00:00Z,2026-06-06T00:00:00Z,True,0.0,i-0f9f2b73d19a659ea,EC2 - Other,unallocated
2026-06-05T00:00:00Z,2026-06-06T00:00:00Z,True,0.0799999992,vol-0054217b60d3a15d8,EC2 - Other,unallocated
2026-06-05T00:00:00Z,2026-06-06T00:00:00Z,True,0.8959999992,vol-00cbb7ba932dbd3a4,EC2 - Other,unallocated
2026-06-05T00:00:00Z,2026-06-06T00:00:00Z,True,0.0235263889,vol-0134355a9c2f881e6,EC2 - Other,unallocated
2026-06-05T00:00:00Z,2026-06-06T00:00:00Z,True,0.0318763889,vol-017b2198abab196ae,EC2 - Other,unallocated
2026-06-05T00:00:00Z,2026-06-06T00:00:00Z,True,1.1226666672,vol-01c1767c24b9ae01c,EC2 - Other,unallocated
2026-06-05T00:00:00Z,2026-06-06T00:00:00Z,True,0.0746666666,vol-024fe63278b11b7f8,EC2 - Other,unallocated
2026-06-05T00:00:00Z,2026-06-06T00:00:00Z,True,0.0533333328,vol-02caa6b741e86c280,EC2 - Other,unallocated
2026-06-05T00:00:00Z,2026-06-06T00:00:00Z,True,0.8959999992,vol-0392bc7824a1e81e8,EC2 - Other,dayhoff
2026-06-05T00:00:00Z,2026-06-06T00:00:00Z,True,1.1226666672,vol-042a5f5daead20490,EC2 - Other,unallocated
2026-06-05T00:00:00Z,2026-06-06T00:00:00Z,True,0.8959999992,vol-04646998d6f1fd325,EC2 - Other,dayhoff
2026-06-05T00:00:00Z,2026-06-06T00:00:00Z,True,1.1226666672,vol-067169329e7a92af1,EC2 - Other,unallocated
2026-06-05T00:00:00Z,2026-06-06T00:00:00Z,True,0.0017319444,vol-06caa263fb51f5c4b,EC2 - Other,unallocated
2026-06-05T00:00:00Z,2026-06-06T00:00:00Z,True,0.0799999992,vol-0725e7ce2db54e386,EC2 - Other,unallocated
2026-06-05T00:00:00Z,2026-06-06T00:00:00Z,True,0.0030583333,vol-07671dca83cd17cf6,EC2 - Other,unallocated
2026-06-05T00:00:00Z,2026-06-06T00:00:00Z,True,0.1333333344,vol-08dee3ee1394063cb,EC2 - Other,unallocated
2026-06-05T00:00:00Z,2026-06-06T00:00:00Z,True,0.005,vol-09098597d17d2bd23,EC2 - Other,unallocated
2026-06-05T00:00:00Z,2026-06-06T00:00:00Z,True,0.0213333336,vol-0941af554a7184c73,EC2 - Other,dayhoff
2026-06-05T00:00:00Z,2026-06-06T00:00:00Z,True,0.0213333336,vol-09454929e2c583ae7,EC2 - Other,unallocated
2026-06-05T00:00:00Z,2026-06-06T00:00:00Z,True,0.0213333336,vol-0af8f94e0cd058ddf,EC2 - Other,unallocated
2026-06-05T00:00:00Z,2026-06-06T00:00:00Z,True,0.0051013889,vol-0b4af278effd7ecfd,EC2 - Other,unallocated
2026-06-05T00:00:00Z,2026-06-06T00:00:00Z,True,0.8959999992,vol-0b99a6dcae2700982,EC2 - Other,dayhoff
2026-06-05T00:00:00Z,2026-06-06T00:00:00Z,True,0.0799999992,vol-0bff19625e45e6e4c,EC2 - Other,unallocated
2026-06-05T00:00:00Z,2026-06-06T00:00:00Z,True,0.624,vol-0c26833469cf6995a,EC2 - Other,unallocated
2026-06-05T00:00:00Z,2026-06-06T00:00:00Z,True,0.8959999992,vol-0c69ba6b467620e14,EC2 - Other,dayhoff
2026-06-05T00:00:00Z,2026-06-06T00:00:00Z,True,1.1226666672,vol-0c90d4fbaada3820a,EC2 - Other,unallocated
2026-06-05T00:00:00Z,2026-06-06T00:00:00Z,True,0.0010291667,vol-0d60ce08c178cc340,EC2 - Other,unallocated
2026-06-05T00:00:00Z,2026-06-06T00:00:00Z,True,0.0241291667,vol-0da183b88ef5f1787,EC2 - Other,unallocated
2026-06-05T00:00:00Z,2026-06-06T00:00:00Z,True,1.0973287042,vol-0dc356201f8515195,EC2 - Other,unallocated
2026-06-05T00:00:00Z,2026-06-06T00:00:00Z,True,0.0016638889,vol-0e5d43a07c1e5770c,EC2 - Other,unallocated
2026-06-05T00:00:00Z,2026-06-06T00:00:00Z,True,0.8959999992,vol-0ea36895cc2b979ac,EC2 - Other,dayhoff
2026-06-05T00:00:00Z,2026-06-06T00:00:00Z,True,1.1226666672,vol-0f5e5d7eec5982fa8,EC2 - Other,unallocated
2026-06-05T00:00:00Z,2026-06-06T00:00:00Z,True,0.0028138889,vol-0f9cb24f7bac80dae,EC2 - Other,unallocated
2026-06-06T00:00:00Z,2026-06-07T00:00:00Z,True,1.3440003044,arn:aws:ec2:ap-south-1:108782052779:natgateway/nat-01dc061291fc51e75,EC2 - Other,unallocated
2026-06-06T00:00:00Z,2026-06-07T00:00:00Z,True,1.3440003253,arn:aws:ec2:ap-south-1:108782052779:natgateway/nat-05f85018216cac061,EC2 - Other,unallocated
2026-06-06T00:00:00Z,2026-06-07T00:00:00Z,True,0.0802823893,arn:aws:ec2:ap-south-1:108782052779:snapshot/snap-053909bfd492a6457,EC2 - Other,unallocated
2026-06-06T00:00:00Z,2026-06-07T00:00:00Z,True,1.248000046,arn:aws:ec2:eu-central-1:108782052779:natgateway/nat-0a2bfbfedf38f8e87,EC2 - Other,unallocated
2026-06-06T00:00:00Z,2026-06-07T00:00:00Z,True,1.2480000429,arn:aws:ec2:eu-central-1:108782052779:natgateway/nat-0ec6ae9605269bef4,EC2 - Other,unallocated
2026-06-06T00:00:00Z,2026-06-07T00:00:00Z,True,1.0800001546,arn:aws:ec2:us-east-1:108782052779:natgateway/nat-089a96601cfd34f9d,EC2 - Other,dayhoff
2026-06-06T00:00:00Z,2026-06-07T00:00:00Z,True,1.0800001609,arn:aws:ec2:us-west-2:108782052779:natgateway/nat-00246c8ef3b9087f1,EC2 - Other,dayhoff
2026-06-06T00:00:00Z,2026-06-07T00:00:00Z,True,1.0828891856,arn:aws:ec2:us-west-2:108782052779:natgateway/nat-00ac08b685fea726f,EC2 - Other,terrarium
2026-06-06T00:00:00Z,2026-06-07T00:00:00Z,True,11.5286371422,arn:aws:ec2:us-west-2:108782052779:natgateway/nat-00f3c26e43ede9b10,EC2 - Other,unallocated
2026-06-06T00:00:00Z,2026-06-07T00:00:00Z,True,1.0868967752,arn:aws:ec2:us-west-2:108782052779:natgateway/nat-0234e77781575cced,EC2 - Other,terrarium
2026-06-06T00:00:00Z,2026-06-07T00:00:00Z,True,0.0016342502,arn:aws:ec2:us-west-2:108782052779:snapshot/snap-003a9a1c64d9d8d27,EC2 - Other,unallocated
2026-06-06T00:00:00Z,2026-06-07T00:00:00Z,True,0.0030240885,arn:aws:ec2:us-west-2:108782052779:snapshot/snap-04a33be850e241329,EC2 - Other,unallocated
2026-06-06T00:00:00Z,2026-06-07T00:00:00Z,True,0.0003264364,arn:aws:ec2:us-west-2:108782052779:snapshot/snap-086d1b5f30d7c9204,EC2 - Other,unallocated
2026-06-06T00:00:00Z,2026-06-07T00:00:00Z,True,0.0016310628,arn:aws:ec2:us-west-2:108782052779:snapshot/snap-08caf7a0e96d371de,EC2 - Other,unallocated
2026-06-06T00:00:00Z,2026-06-07T00:00:00Z,True,1.3010333301,arn:aws:ec2:us-west-2:171675361862:natgateway/nat-01432c586ef9dbf51,EC2 - Other,unallocated
2026-06-06T00:00:00Z,2026-06-07T00:00:00Z,True,0.0049544271,arn:aws:ec2:us-west-2:171675361862:snapshot/snap-0093422f7530dd57f,EC2 - Other,unallocated
2026-06-06T00:00:00Z,2026-06-07T00:00:00Z,True,0.0051318359,arn:aws:ec2:us-west-2:171675361862:snapshot/snap-01051ee004e700b1e,EC2 - Other,unallocated
2026-06-06T00:00:00Z,2026-06-07T00:00:00Z,True,0.004831543,arn:aws:ec2:us-west-2:171675361862:snapshot/snap-01617e5cf1a7141a9,EC2 - Other,unallocated
2026-06-06T00:00:00Z,2026-06-07T00:00:00Z,True,0.0057283529,arn:aws:ec2:us-west-2:171675361862:snapshot/snap-02e2a477c70bd2d6b,EC2 - Other,unallocated
2026-06-06T00:00:00Z,2026-06-07T00:00:00Z,True,0.0052034505,arn:aws:ec2:us-west-2:171675361862:snapshot/snap-034c0dc963dcc6b4a,EC2 - Other,unallocated
2026-06-06T00:00:00Z,2026-06-07T00:00:00Z,True,0.0051220703,arn:aws:ec2:us-west-2:171675361862:snapshot/snap-0356c62bc9336feef,EC2 - Other,unallocated
2026-06-06T00:00:00Z,2026-06-07T00:00:00Z,True,0.0052278646,arn:aws:ec2:us-west-2:171675361862:snapshot/snap-03e9cddf0760568af,EC2 - Other,unallocated
2026-06-06T00:00:00Z,2026-06-07T00:00:00Z,True,0.0077107747,arn:aws:ec2:us-west-2:171675361862:snapshot/snap-04835772777dad20e,EC2 - Other,unallocated
2026-06-06T00:00:00Z,2026-06-07T00:00:00Z,True,0.005448405,arn:aws:ec2:us-west-2:171675361862:snapshot/snap-049b1328bdd0e2367,EC2 - Other,unallocated
2026-06-06T00:00:00Z,2026-06-07T00:00:00Z,True,0.0071622721,arn:aws:ec2:us-west-2:171675361862:snapshot/snap-05dc35b99f1d66572,EC2 - Other,unallocated
2026-06-06T00:00:00Z,2026-06-07T00:00:00Z,True,0.0059277344,arn:aws:ec2:us-west-2:171675361862:snapshot/snap-068c9cd76d82972c6,EC2 - Other,unallocated
2026-06-06T00:00:00Z,2026-06-07T00:00:00Z,True,0.0049601237,arn:aws:ec2:us-west-2:171675361862:snapshot/snap-0811506c8e0e4c38d,EC2 - Other,unallocated
2026-06-06T00:00:00Z,2026-06-07T00:00:00Z,True,0.0049674479,arn:aws:ec2:us-west-2:171675361862:snapshot/snap-08971cb52b0d65cf4,EC2 - Other,unallocated
2026-06-06T00:00:00Z,2026-06-07T00:00:00Z,True,0.005139974,arn:aws:ec2:us-west-2:171675361862:snapshot/snap-08bba655a6c5cbab1,EC2 - Other,unallocated
2026-06-06T00:00:00Z,2026-06-07T00:00:00Z,True,0.0049023438,arn:aws:ec2:us-west-2:171675361862:snapshot/snap-0912fb835f7ce67e9,EC2 - Other,unallocated
2026-06-06T00:00:00Z,2026-06-07T00:00:00Z,True,0.0051969401,arn:aws:ec2:us-west-2:171675361862:snapshot/snap-0955251ceed89fccd,EC2 - Other,unallocated
2026-06-06T00:00:00Z,2026-06-07T00:00:00Z,True,0.0050341797,arn:aws:ec2:us-west-2:171675361862:snapshot/snap-09b7dcbea493d899c,EC2 - Other,unallocated
2026-06-06T00:00:00Z,2026-06-07T00:00:00Z,True,0.0180395508,arn:aws:ec2:us-west-2:171675361862:snapshot/snap-0a85a694772c6b805,EC2 - Other,unallocated
2026-06-06T00:00:00Z,2026-06-07T00:00:00Z,True,0.0056396484,arn:aws:ec2:us-west-2:171675361862:snapshot/snap-0b57ab838a3d96a1e,EC2 - Other,unallocated
2026-06-06T00:00:00Z,2026-06-07T00:00:00Z,True,0.0114078776,arn:aws:ec2:us-west-2:171675361862:snapshot/snap-0b59545ad20e68906,EC2 - Other,unallocated
2026-06-06T00:00:00Z,2026-06-07T00:00:00Z,True,0.0052132161,arn:aws:ec2:us-west-2:171675361862:snapshot/snap-0bace1a1137e22c44,EC2 - Other,unallocated
2026-06-06T00:00:00Z,2026-06-07T00:00:00Z,True,0.005300293,arn:aws:ec2:us-west-2:171675361862:snapshot/snap-0d0c4af263032230c,EC2 - Other,unallocated
2026-06-06T00:00:00Z,2026-06-07T00:00:00Z,True,0.0049072266,arn:aws:ec2:us-west-2:171675361862:snapshot/snap-0d2a28c3feb1b3215,EC2 - Other,unallocated
2026-06-06T00:00:00Z,2026-06-07T00:00:00Z,True,0.0053548177,arn:aws:ec2:us-west-2:171675361862:snapshot/snap-0d834f9a24c2f6097,EC2 - Other,unallocated
2026-06-06T00:00:00Z,2026-06-07T00:00:00Z,True,0.005164388,arn:aws:ec2:us-west-2:171675361862:snapshot/snap-0daf5245a270f593f,EC2 - Other,unallocated
2026-06-06T00:00:00Z,2026-06-07T00:00:00Z,True,0.0046819051,arn:aws:ec2:us-west-2:171675361862:snapshot/snap-0dd884c697c716097,EC2 - Other,unallocated
2026-06-06T00:00:00Z,2026-06-07T00:00:00Z,True,0.0072558594,arn:aws:ec2:us-west-2:171675361862:snapshot/snap-0dfcb5a08a204faba,EC2 - Other,unallocated
2026-06-06T00:00:00Z,2026-06-07T00:00:00Z,True,0.0047631836,arn:aws:ec2:us-west-2:171675361862:snapshot/snap-0ef79544c150b4756,EC2 - Other,unallocated
2026-06-06T00:00:00Z,2026-06-07T00:00:00Z,True,0.0051831055,arn:aws:ec2:us-west-2:171675361862:snapshot/snap-0f167818ffe7feac1,EC2 - Other,unallocated
2026-06-06T00:00:00Z,2026-06-07T00:00:00Z,True,0.0071875,arn:aws:ec2:us-west-2:171675361862:snapshot/snap-0f35a63f136c0ec82,EC2 - Other,unallocated
2026-06-06T00:00:00Z,2026-06-07T00:00:00Z,True,0.0053344727,arn:aws:ec2:us-west-2:171675361862:snapshot/snap-0fbf1eb66ee99723a,EC2 - Other,unallocated
2026-06-06T00:00:00Z,2026-06-07T00:00:00Z,True,0.0,i-00043e5e5ec359054,EC2 - Other,unallocated
2026-06-06T00:00:00Z,2026-06-07T00:00:00Z,True,0.0,i-001031e33831285e4,EC2 - Other,unallocated
2026-06-06T00:00:00Z,2026-06-07T00:00:00Z,True,0.0,i-002133a8f9ccacaf7,EC2 - Other,unallocated
2026-06-06T00:00:00Z,2026-06-07T00:00:00Z,True,0.0,i-002582f70e9170bf2,EC2 - Other,unallocated
2026-06-06T00:00:00Z,2026-06-07T00:00:00Z,True,0.0,i-003527c83af9a45d6,EC2 - Other,unallocated
2026-06-06T00:00:00Z,2026-06-07T00:00:00Z,True,0.0,i-005ae413b0fa16613,EC2 - Other,unallocated
2026-06-06T00:00:00Z,2026-06-07T00:00:00Z,True,0.0,i-00690d2d00d51f93c,EC2 - Other,unallocated
2026-06-06T00:00:00Z,2026-06-07T00:00:00Z,True,0.0,i-006e9ee709d6f6457,EC2 - Other,unallocated
2026-06-06T00:00:00Z,2026-06-07T00:00:00Z,True,0.0,i-00772387c3875cfe9,EC2 - Other,unallocated
2026-06-06T00:00:00Z,2026-06-07T00:00:00Z,True,0.0,i-0078bad50793b650f,EC2 - Other,unallocated
2026-06-06T00:00:00Z,2026-06-07T00:00:00Z,True,0.0,i-008bb34c5c0814cc9,EC2 - Other,unallocated
2026-06-06T00:00:00Z,2026-06-07T00:00:00Z,True,0.0,i-0098a714412773a50,EC2 - Other,unallocated
2026-06-06T00:00:00Z,2026-06-07T00:00:00Z,True,0.0,i-00a0f02f77f16eb4e,EC2 - Other,unallocated
2026-06-06T00:00:00Z,2026-06-07T00:00:00Z,True,0.0,i-00a464a81572f0373,EC2 - Other,unallocated
2026-06-06T00:00:00Z,2026-06-07T00:00:00Z,True,0.0,i-00b74a9f687e28bea,EC2 - Other,unallocated
2026-06-06T00:00:00Z,2026-06-07T00:00:00Z,True,0.0025278867,i-00ec5e7bc690e5727,EC2 - Other,unallocated
2026-06-06T00:00:00Z,2026-06-07T00:00:00Z,True,0.0,i-01135fc0d7a80ebb4,EC2 - Other,unallocated
2026-06-06T00:00:00Z,2026-06-07T00:00:00Z,True,0.0,i-01150f9a76938e3e3,EC2 - Other,unallocated
2026-06-06T00:00:00Z,2026-06-07T00:00:00Z,True,0.0,i-011d3a43e69c8317b,EC2 - Other,unallocated
2026-06-06T00:00:00Z,2026-06-07T00:00:00Z,True,0.0,i-011e2953e494ca67e,EC2 - Other,unallocated
2026-06-06T00:00:00Z,2026-06-07T00:00:00Z,True,0.0,i-011e7ad11da35a4f2,EC2 - Other,unallocated
2026-06-06T00:00:00Z,2026-06-07T00:00:00Z,True,0.0,i-01299ac4a66ad97e3,EC2 - Other,unallocated
2026-06-06T00:00:00Z,2026-06-07T00:00:00Z,True,0.0,i-012e9f8a959e4da2b,EC2 - Other,unallocated
2026-06-06T00:00:00Z,2026-06-07T00:00:00Z,True,0.0,i-01314ee48f4c10cb9,EC2 - Other,unallocated
2026-06-06T00:00:00Z,2026-06-07T00:00:00Z,True,0.0,i-0143cec742885d5da,EC2 - Other,unallocated
2026-06-06T00:00:00Z,2026-06-07T00:00:00Z,True,0.0,i-01503736c99c70208,EC2 - Other,unallocated
2026-06-06T00:00:00Z,2026-06-07T00:00:00Z,True,0.0,i-0155c818a8949bda9,EC2 - Other,unallocated
2026-06-06T00:00:00Z,2026-06-07T00:00:00Z,True,0.0,i-0159716038f9bad6a,EC2 - Other,unallocated
2026-06-06T00:00:00Z,2026-06-07T00:00:00Z,True,0.0,i-018b4a6cc1c09a4d6,EC2 - Other,unallocated
2026-06-06T00:00:00Z,2026-06-07T00:00:00Z,True,0.0,i-0197f6ade90831921,EC2 - Other,unallocated
2026-06-06T00:00:00Z,2026-06-07T00:00:00Z,True,0.0,i-01a176c5479691636,EC2 - Other,unallocated
2026-06-06T00:00:00Z,2026-06-07T00:00:00Z,True,0.0,i-01a649204041f590f,EC2 - Other,unallocated
2026-06-06T00:00:00Z,2026-06-07T00:00:00Z,True,0.0,i-01bb9f95ed6e6a757,EC2 - Other,unallocated
2026-06-06T00:00:00Z,2026-06-07T00:00:00Z,True,0.0,i-01d35c9a318658836,EC2 - Other,unallocated
2026-06-06T00:00:00Z,2026-06-07T00:00:00Z,True,0.0,i-01e6545da6deff737,EC2 - Other,unallocated
2026-06-06T00:00:00Z,2026-06-07T00:00:00Z,True,0.0,i-01eb4b5008c688db6,EC2 - Other,unallocated
2026-06-06T00:00:00Z,2026-06-07T00:00:00Z,True,0.058614056,i-01eb75c413096e8f0,EC2 - Other,unallocated
2026-06-06T00:00:00Z,2026-06-07T00:00:00Z,True,0.0,i-01f8a82dcd6e8e450,EC2 - Other,unallocated
2026-06-06T00:00:00Z,2026-06-07T00:00:00Z,True,0.0,i-01fb5e2b8e4141fe7,EC2 - Other,unallocated
2026-06-06T00:00:00Z,2026-06-07T00:00:00Z,True,0.0,i-02041d5451e5e7f86,EC2 - Other,unallocated
2026-06-06T00:00:00Z,2026-06-07T00:00:00Z,True,0.0,i-0205abb5806a4456f,EC2 - Other,unallocated
2026-06-06T00:00:00Z,2026-06-07T00:00:00Z,True,0.0,i-02111fd06f72c8c7b,EC2 - Other,unallocated
2026-06-06T00:00:00Z,2026-06-07T00:00:00Z,True,0.0,i-021c987224c7f9676,EC2 - Other,unallocated
2026-06-06T00:00:00Z,2026-06-07T00:00:00Z,True,0.0,i-02254af97a1a32cbb,EC2 - Other,unallocated
2026-06-06T00:00:00Z,2026-06-07T00:00:00Z,True,0.0,i-022566593889f67bb,EC2 - Other,unallocated
2026-06-06T00:00:00Z,2026-06-07T00:00:00Z,True,0.0,i-022984c84f5e9cf92,EC2 - Other,unallocated
2026-06-06T00:00:00Z,2026-06-07T00:00:00Z,True,0.0,i-023b86513473a0555,EC2 - Other,unallocated
2026-06-06T00:00:00Z,2026-06-07T00:00:00Z,True,0.0,i-0247f7df5b589687d,EC2 - Other,unallocated
2026-06-06T00:00:00Z,2026-06-07T00:00:00Z,True,0.0,i-0248705ef9ddbc298,EC2 - Other,unallocated
2026-06-06T00:00:00Z,2026-06-07T00:00:00Z,True,0.0,i-024aa28d669f76504,EC2 - Other,unallocated
2026-06-06T00:00:00Z,2026-06-07T00:00:00Z,True,0.0,i-025ee712e7ffe6bab,EC2 - Other,unallocated
2026-06-06T00:00:00Z,2026-06-07T00:00:00Z,True,0.0,i-025fc234adc6109ca,EC2 - Other,unallocated
2026-06-06T00:00:00Z,2026-06-07T00:00:00Z,True,0.0,i-026ebbe675af15695,EC2 - Other,unallocated
2026-06-06T00:00:00Z,2026-06-07T00:00:00Z,True,0.0,i-027d64795ac3c5fbf,EC2 - Other,unallocated
2026-06-06T00:00:00Z,2026-06-07T00:00:00Z,True,0.0,i-028377841087482c4,EC2 - Other,unallocated
2026-06-06T00:00:00Z,2026-06-07T00:00:00Z,True,0.0,i-028ffb6d3c3d55d0f,EC2 - Other,unallocated
2026-06-06T00:00:00Z,2026-06-07T00:00:00Z,True,0.0,i-0292332a4734b2930,EC2 - Other,unallocated
2026-06-06T00:00:00Z,2026-06-07T00:00:00Z,True,0.0,i-02926a38adfd6af6b,EC2 - Other,unallocated
2026-06-06T00:00:00Z,2026-06-07T00:00:00Z,True,0.0,i-02987a0f755011c7d,EC2 - Other,unallocated
2026-06-06T00:00:00Z,2026-06-07T00:00:00Z,True,0.0,i-02b31a1ca1911150f,EC2 - Other,unallocated
2026-06-06T00:00:00Z,2026-06-07T00:00:00Z,True,0.0,i-02bf75bbf27a43e66,EC2 - Other,unallocated
2026-06-06T00:00:00Z,2026-06-07T00:00:00Z,True,0.0,i-02d01cf78527e0ee8,EC2 - Other,unallocated
2026-06-06T00:00:00Z,2026-06-07T00:00:00Z,True,0.0,i-02d0d04359fb7eb87,EC2 - Other,unallocated
2026-06-06T00:00:00Z,2026-06-07T00:00:00Z,True,0.0,i-02e6cc57241ddec90,EC2 - Other,unallocated
2026-06-06T00:00:00Z,2026-06-07T00:00:00Z,True,0.0,i-02f1158a4fe7c5dcf,EC2 - Other,unallocated
2026-06-06T00:00:00Z,2026-06-07T00:00:00Z,True,0.0,i-03020280027507f9a,EC2 - Other,unallocated
2026-06-06T00:00:00Z,2026-06-07T00:00:00Z,True,0.0,i-03039d00a85d0ca82,EC2 - Other,unallocated
2026-06-06T00:00:00Z,2026-06-07T00:00:00Z,True,0.0,i-0308b571ac481101d,EC2 - Other,unallocated
2026-06-06T00:00:00Z,2026-06-07T00:00:00Z,True,0.0,i-032ef7ba09ee7f0c8,EC2 - Other,unallocated
2026-06-06T00:00:00Z,2026-06-07T00:00:00Z,True,0.0,i-033186eade2bd778a,EC2 - Other,unallocated
2026-06-06T00:00:00Z,2026-06-07T00:00:00Z,True,0.0,i-033915d3dcbbfa635,EC2 - Other,unallocated
2026-06-06T00:00:00Z,2026-06-07T00:00:00Z,True,0.0,i-03412a13857ab74f4,EC2 - Other,unallocated
2026-06-06T00:00:00Z,2026-06-07T00:00:00Z,True,0.0,i-0342d933bc8a755d1,EC2 - Other,unallocated
2026-06-06T00:00:00Z,2026-06-07T00:00:00Z,True,0.0042181727,i-0344c2acfc41e3dd9,EC2 - Other,unallocated
2026-06-06T00:00:00Z,2026-06-07T00:00:00Z,True,0.0,i-034c174c5c579066a,EC2 - Other,unallocated
2026-06-06T00:00:00Z,2026-06-07T00:00:00Z,True,0.0,i-035792cef445aa10b,EC2 - Other,unallocated
2026-06-06T00:00:00Z,2026-06-07T00:00:00Z,True,0.0,i-03592117afdad10f3,EC2 - Other,unallocated
2026-06-06T00:00:00Z,2026-06-07T00:00:00Z,True,0.0,i-037f26536af2767a9,EC2 - Other,unallocated
2026-06-06T00:00:00Z,2026-06-07T00:00:00Z,True,0.0,i-03804de989b68da14,EC2 - Other,unallocated
2026-06-06T00:00:00Z,2026-06-07T00:00:00Z,True,0.0,i-039ee04cb873d8290,EC2 - Other,unallocated
2026-06-06T00:00:00Z,2026-06-07T00:00:00Z,True,0.0,i-03e5e97c9df812139,EC2 - Other,unallocated
2026-06-06T00:00:00Z,2026-06-07T00:00:00Z,True,0.0,i-03f66c1c07232f42d,EC2 - Other,unallocated
2026-06-06T00:00:00Z,2026-06-07T00:00:00Z,True,0.0,i-03f899f3456cd775c,EC2 - Other,unallocated
2026-06-06T00:00:00Z,2026-06-07T00:00:00Z,True,0.0,i-040957c3796150470,EC2 - Other,unallocated
2026-06-06T00:00:00Z,2026-06-07T00:00:00Z,True,0.0,i-041dd26c8068610ea,EC2 - Other,unallocated
2026-06-06T00:00:00Z,2026-06-07T00:00:00Z,True,0.0,i-041e0d957b3e32daa,EC2 - Other,unallocated
2026-06-06T00:00:00Z,2026-06-07T00:00:00Z,True,0.0,i-04237535859895226,EC2 - Other,unallocated
2026-06-06T00:00:00Z,2026-06-07T00:00:00Z,True,0.0,i-0424ad7d1d9a00248,EC2 - Other,unallocated
2026-06-06T00:00:00Z,2026-06-07T00:00:00Z,True,0.0,i-0429ba2dd46272182,EC2 - Other,unallocated
2026-06-06T00:00:00Z,2026-06-07T00:00:00Z,True,0.0,i-042a2586fe4a2aa0b,EC2 - Other,unallocated
2026-06-06T00:00:00Z,2026-06-07T00:00:00Z,True,0.0,i-042d10a329ca8fa4f,EC2 - Other,unallocated
2026-06-06T00:00:00Z,2026-06-07T00:00:00Z,True,0.0,i-043c9d02dda862713,EC2 - Other,unallocated
2026-06-06T00:00:00Z,2026-06-07T00:00:00Z,True,0.0,i-043dcba136b66d112,EC2 - Other,unallocated
2026-06-06T00:00:00Z,2026-06-07T00:00:00Z,True,0.0,i-045380dbad7bbc304,EC2 - Other,unallocated
2026-06-06T00:00:00Z,2026-06-07T00:00:00Z,True,0.0,i-0454f926b9c698e07,EC2 - Other,unallocated
2026-06-06T00:00:00Z,2026-06-07T00:00:00Z,True,0.0,i-0461f66a5ed0f861e,EC2 - Other,unallocated
2026-06-06T00:00:00Z,2026-06-07T00:00:00Z,True,0.0,i-04705f69f14d64abc,EC2 - Other,unallocated
2026-06-06T00:00:00Z,2026-06-07T00:00:00Z,True,0.0,i-0481e7e80175c9036,EC2 - Other,unallocated
2026-06-06T00:00:00Z,2026-06-07T00:00:00Z,True,0.0,i-0499948b203e06e83,EC2 - Other,unallocated
2026-06-06T00:00:00Z,2026-06-07T00:00:00Z,True,0.0,i-04a1e9668dc205955,EC2 - Other,unallocated
2026-06-06T00:00:00Z,2026-06-07T00:00:00Z,True,0.0,i-04b5a3284907ab0e0,EC2 - Other,unallocated
2026-06-06T00:00:00Z,2026-06-07T00:00:00Z,True,0.0,i-04b7be4186100f6f3,EC2 - Other,unallocated
2026-06-06T00:00:00Z,2026-06-07T00:00:00Z,True,0.0,i-04bb7b688935ca6ad,EC2 - Other,unallocated
2026-06-06T00:00:00Z,2026-06-07T00:00:00Z,True,0.0,i-04bde9196c931f6a2,EC2 - Other,unallocated
2026-06-06T00:00:00Z,2026-06-07T00:00:00Z,True,6.98388e-05,i-04d3a8c6aae87f818,EC2 - Other,dayhoff
2026-06-06T00:00:00Z,2026-06-07T00:00:00Z,True,0.0,i-04d60e7c6e2cfe381,EC2 - Other,unallocated
2026-06-06T00:00:00Z,2026-06-07T00:00:00Z,True,0.0,i-050eaa4df0cc40365,EC2 - Other,unallocated
2026-06-06T00:00:00Z,2026-06-07T00:00:00Z,True,0.0,i-050ebbfd617bec840,EC2 - Other,unallocated
2026-06-06T00:00:00Z,2026-06-07T00:00:00Z,True,0.0,i-051cff22557a42c8e,EC2 - Other,unallocated
2026-06-06T00:00:00Z,2026-06-07T00:00:00Z,True,0.0,i-051d3295a2adaef69,EC2 - Other,unallocated
2026-06-06T00:00:00Z,2026-06-07T00:00:00Z,True,0.0,i-0521ef95ca19adcc8,EC2 - Other,unallocated
2026-06-06T00:00:00Z,2026-06-07T00:00:00Z,True,0.0,i-052804e482b7c1a9b,EC2 - Other,unallocated
2026-06-06T00:00:00Z,2026-06-07T00:00:00Z,True,0.0042198404,i-05374380b57fad901,EC2 - Other,unallocated
2026-06-06T00:00:00Z,2026-06-07T00:00:00Z,True,0.0,i-054db23ef1e68b2a9,EC2 - Other,unallocated
2026-06-06T00:00:00Z,2026-06-07T00:00:00Z,True,0.0,i-0553dc1eeecca40ec,EC2 - Other,unallocated
2026-06-06T00:00:00Z,2026-06-07T00:00:00Z,True,0.0,i-055a9c936fd1b00e1,EC2 - Other,unallocated
2026-06-06T00:00:00Z,2026-06-07T00:00:00Z,True,0.0,i-05662c819c7a96d65,EC2 - Other,unallocated
2026-06-06T00:00:00Z,2026-06-07T00:00:00Z,True,0.0,i-0568ca77a59cf7cda,EC2 - Other,unallocated
2026-06-06T00:00:00Z,2026-06-07T00:00:00Z,True,0.0,i-058afef2f8e47125a,EC2 - Other,unallocated
2026-06-06T00:00:00Z,2026-06-07T00:00:00Z,True,0.0,i-05957827db6bff69f,EC2 - Other,unallocated
2026-06-06T00:00:00Z,2026-06-07T00:00:00Z,True,0.0025090859,i-05974c40ab61ec0c7,EC2 - Other,unallocated
2026-06-06T00:00:00Z,2026-06-07T00:00:00Z,True,0.0,i-059c56940f2bd15b8,EC2 - Other,unallocated
2026-06-06T00:00:00Z,2026-06-07T00:00:00Z,True,0.0,i-05b6060eefd711a72,EC2 - Other,unallocated
2026-06-06T00:00:00Z,2026-06-07T00:00:00Z,True,0.0,i-05babf4b13a8a4f7f,EC2 - Other,unallocated
2026-06-06T00:00:00Z,2026-06-07T00:00:00Z,True,0.0,i-05cbb35fe5cf7b1a5,EC2 - Other,unallocated
2026-06-06T00:00:00Z,2026-06-07T00:00:00Z,True,0.0,i-05cc10b456c9e3c7c,EC2 - Other,unallocated
2026-06-06T00:00:00Z,2026-06-07T00:00:00Z,True,0.0,i-05ce944338bf147e5,EC2 - Other,unallocated
2026-06-06T00:00:00Z,2026-06-07T00:00:00Z,True,0.0,i-05cf4ddf9cb425b71,EC2 - Other,unallocated
2026-06-06T00:00:00Z,2026-06-07T00:00:00Z,True,0.0211389274,i-05d2f91400f87bdb2,EC2 - Other,unallocated
2026-06-06T00:00:00Z,2026-06-07T00:00:00Z,True,0.0,i-05e1601a2d983d49f,EC2 - Other,unallocated
2026-06-06T00:00:00Z,2026-06-07T00:00:00Z,True,0.0,i-05e8b774cb84a7bc1,EC2 - Other,unallocated
2026-06-06T00:00:00Z,2026-06-07T00:00:00Z,True,0.0,i-05f0f4346bd1f436f,EC2 - Other,unallocated
2026-06-06T00:00:00Z,2026-06-07T00:00:00Z,True,0.0,i-05f1ed7943467a418,EC2 - Other,unallocated
2026-06-06T00:00:00Z,2026-06-07T00:00:00Z,True,0.0,i-060ced269794d7f6f,EC2 - Other,unallocated
2026-06-06T00:00:00Z,2026-06-07T00:00:00Z,True,0.0,i-064ee0ab7b35da4cd,EC2 - Other,unallocated
2026-06-06T00:00:00Z,2026-06-07T00:00:00Z,True,0.0,i-065490c1a6040769b,EC2 - Other,unallocated
2026-06-06T00:00:00Z,2026-06-07T00:00:00Z,True,0.0,i-0657ba342209f8a54,EC2 - Other,unallocated
2026-06-06T00:00:00Z,2026-06-07T00:00:00Z,True,0.0,i-066a113c1ee556a4a,EC2 - Other,unallocated
2026-06-06T00:00:00Z,2026-06-07T00:00:00Z,True,0.0,i-0674a93f5ccd0b5d1,EC2 - Other,unallocated
2026-06-06T00:00:00Z,2026-06-07T00:00:00Z,True,0.0,i-06796d033e60c7675,EC2 - Other,unallocated
2026-06-06T00:00:00Z,2026-06-07T00:00:00Z,True,0.0,i-0682bb961ef666c10,EC2 - Other,unallocated
2026-06-06T00:00:00Z,2026-06-07T00:00:00Z,True,0.0,i-0689fe4a9a6865288,EC2 - Other,unallocated
2026-06-06T00:00:00Z,2026-06-07T00:00:00Z,True,0.0037296371,i-068f3aad2bedb9fa6,EC2 - Other,dayhoff
2026-06-06T00:00:00Z,2026-06-07T00:00:00Z,True,0.0,i-06c051233ef23cf9f,EC2 - Other,unallocated
2026-06-06T00:00:00Z,2026-06-07T00:00:00Z,True,0.0,i-06cf852f2a8df28e7,EC2 - Other,unallocated
2026-06-06T00:00:00Z,2026-06-07T00:00:00Z,True,0.0,i-06deab17c68d30b3a,EC2 - Other,unallocated
2026-06-06T00:00:00Z,2026-06-07T00:00:00Z,True,0.0,i-06e096aaa7a189fba,EC2 - Other,unallocated
2026-06-06T00:00:00Z,2026-06-07T00:00:00Z,True,0.0,i-06e83d0bfc42c9036,EC2 - Other,unallocated
2026-06-06T00:00:00Z,2026-06-07T00:00:00Z,True,0.0,i-06f6aeb439e4a08d7,EC2 - Other,unallocated
2026-06-06T00:00:00Z,2026-06-07T00:00:00Z,True,0.0,i-0712e1dc28c062a06,EC2 - Other,unallocated
2026-06-06T00:00:00Z,2026-06-07T00:00:00Z,True,0.0,i-071652ccbd5a58ca5,EC2 - Other,unallocated
2026-06-06T00:00:00Z,2026-06-07T00:00:00Z,True,0.0,i-0729c413c5a483cb5,EC2 - Other,unallocated
2026-06-06T00:00:00Z,2026-06-07T00:00:00Z,True,0.0026092156,i-073abdfde4bc70a65,EC2 - Other,unallocated
2026-06-06T00:00:00Z,2026-06-07T00:00:00Z,True,0.0,i-073c897e757718df5,EC2 - Other,unallocated
2026-06-06T00:00:00Z,2026-06-07T00:00:00Z,True,0.0,i-07401a0d4cab26cb8,EC2 - Other,unallocated
2026-06-06T00:00:00Z,2026-06-07T00:00:00Z,True,0.0,i-074c8abd1e4fd3ebe,EC2 - Other,unallocated
2026-06-06T00:00:00Z,2026-06-07T00:00:00Z,True,0.0,i-07640bc8887396c22,EC2 - Other,unallocated
2026-06-06T00:00:00Z,2026-06-07T00:00:00Z,True,0.0,i-0770a41aa40cb11e1,EC2 - Other,unallocated
2026-06-06T00:00:00Z,2026-06-07T00:00:00Z,True,0.0,i-0774e124b5362b06f,EC2 - Other,unallocated
2026-06-06T00:00:00Z,2026-06-07T00:00:00Z,True,0.0,i-077e28db7861a4a5c,EC2 - Other,unallocated
2026-06-06T00:00:00Z,2026-06-07T00:00:00Z,True,0.0,i-078699911337ed02d,EC2 - Other,unallocated
2026-06-06T00:00:00Z,2026-06-07T00:00:00Z,True,0.0,i-078ebb58cca3b98b8,EC2 - Other,unallocated
2026-06-06T00:00:00Z,2026-06-07T00:00:00Z,True,0.0,i-079cb350ab8a37f19,EC2 - Other,unallocated
2026-06-06T00:00:00Z,2026-06-07T00:00:00Z,True,0.0052572718,i-07df3a933e4839f52,EC2 - Other,dayhoff
2026-06-06T00:00:00Z,2026-06-07T00:00:00Z,True,0.0,i-08005bf8f1a8b4d11,EC2 - Other,unallocated
2026-06-06T00:00:00Z,2026-06-07T00:00:00Z,True,0.0,i-081391b9f79ccd4a0,EC2 - Other,unallocated
2026-06-06T00:00:00Z,2026-06-07T00:00:00Z,True,0.0,i-08164a288bbb2d8e6,EC2 - Other,unallocated
2026-06-06T00:00:00Z,2026-06-07T00:00:00Z,True,0.0,i-08212bdf0bf7b9fa4,EC2 - Other,unallocated
2026-06-06T00:00:00Z,2026-06-07T00:00:00Z,True,0.0,i-084c4c955c14923bf,EC2 - Other,unallocated
2026-06-06T00:00:00Z,2026-06-07T00:00:00Z,True,0.0,i-084ff467155d3502d,EC2 - Other,unallocated
2026-06-06T00:00:00Z,2026-06-07T00:00:00Z,True,0.0,i-0859ed82d587e2cf6,EC2 - Other,unallocated
2026-06-06T00:00:00Z,2026-06-07T00:00:00Z,True,0.0,i-085a1dc01523347be,EC2 - Other,unallocated
2026-06-06T00:00:00Z,2026-06-07T00:00:00Z,True,0.0,i-085a9cced79682e4c,EC2 - Other,unallocated
2026-06-06T00:00:00Z,2026-06-07T00:00:00Z,True,0.0,i-08623e8cca1fae052,EC2 - Other,unallocated
2026-06-06T00:00:00Z,2026-06-07T00:00:00Z,True,0.0,i-0865a75435a63d310,EC2 - Other,unallocated
2026-06-06T00:00:00Z,2026-06-07T00:00:00Z,True,0.0,i-086c606df259d24f8,EC2 - Other,unallocated
2026-06-06T00:00:00Z,2026-06-07T00:00:00Z,True,0.0,i-087e2b48d6255db0e,EC2 - Other,unallocated
2026-06-06T00:00:00Z,2026-06-07T00:00:00Z,True,0.0,i-088b796e6d8a3c877,EC2 - Other,unallocated
2026-06-06T00:00:00Z,2026-06-07T00:00:00Z,True,0.0,i-088c37984431b1f1f,EC2 - Other,unallocated
2026-06-06T00:00:00Z,2026-06-07T00:00:00Z,True,0.0,i-0894320ab0f4ad69f,EC2 - Other,unallocated
2026-06-06T00:00:00Z,2026-06-07T00:00:00Z,True,0.0,i-089e573f2bc9fc52c,EC2 - Other,unallocated
2026-06-06T00:00:00Z,2026-06-07T00:00:00Z,True,0.0,i-08a645a535b801517,EC2 - Other,unallocated
2026-06-06T00:00:00Z,2026-06-07T00:00:00Z,True,0.0,i-08b88a81b45c3911d,EC2 - Other,unallocated
2026-06-06T00:00:00Z,2026-06-07T00:00:00Z,True,0.0,i-08cd34d842869fd86,EC2 - Other,unallocated
2026-06-06T00:00:00Z,2026-06-07T00:00:00Z,True,0.0,i-08d39e4a9fbcc9667,EC2 - Other,unallocated
2026-06-06T00:00:00Z,2026-06-07T00:00:00Z,True,0.0,i-08de4501b887a4874,EC2 - Other,unallocated
2026-06-06T00:00:00Z,2026-06-07T00:00:00Z,True,0.0,i-08ea08b623ea53701,EC2 - Other,unallocated
2026-06-06T00:00:00Z,2026-06-07T00:00:00Z,True,0.0,i-08ef237dd1eff3652,EC2 - Other,unallocated
2026-06-06T00:00:00Z,2026-06-07T00:00:00Z,True,0.0,i-08f0ae98af021587e,EC2 - Other,unallocated
2026-06-06T00:00:00Z,2026-06-07T00:00:00Z,True,0.0,i-0908fd371b587dcfe,EC2 - Other,unallocated
2026-06-06T00:00:00Z,2026-06-07T00:00:00Z,True,0.0,i-090dbeb6421cac1b5,EC2 - Other,unallocated
2026-06-06T00:00:00Z,2026-06-07T00:00:00Z,True,0.0,i-090f4f728a1e93d15,EC2 - Other,unallocated
2026-06-06T00:00:00Z,2026-06-07T00:00:00Z,True,0.0052360926,i-09126000eb19643b0,EC2 - Other,dayhoff
2026-06-06T00:00:00Z,2026-06-07T00:00:00Z,True,0.0,i-091cdb9eff5993bfc,EC2 - Other,unallocated
2026-06-06T00:00:00Z,2026-06-07T00:00:00Z,True,0.0,i-09206a5a14ea64942,EC2 - Other,unallocated
2026-06-06T00:00:00Z,2026-06-07T00:00:00Z,True,0.0,i-092734d570c8fdc45,EC2 - Other,unallocated
2026-06-06T00:00:00Z,2026-06-07T00:00:00Z,True,0.0,i-09500f20f13fe4eaa,EC2 - Other,unallocated
2026-06-06T00:00:00Z,2026-06-07T00:00:00Z,True,0.0,i-0956e197277f1336c,EC2 - Other,unallocated
2026-06-06T00:00:00Z,2026-06-07T00:00:00Z,True,0.0,i-096662d554e43ba8c,EC2 - Other,unallocated
2026-06-06T00:00:00Z,2026-06-07T00:00:00Z,True,0.0,i-0972f0d5d03fe6343,EC2 - Other,unallocated
2026-06-06T00:00:00Z,2026-06-07T00:00:00Z,True,0.0,i-098cf4dc291d38043,EC2 - Other,unallocated
2026-06-06T00:00:00Z,2026-06-07T00:00:00Z,True,0.0,i-098e67f034523442e,EC2 - Other,unallocated
2026-06-06T00:00:00Z,2026-06-07T00:00:00Z,True,0.0,i-0990b224503e8323a,EC2 - Other,unallocated
2026-06-06T00:00:00Z,2026-06-07T00:00:00Z,True,0.0,i-0994ccebe3979ac71,EC2 - Other,unallocated
2026-06-06T00:00:00Z,2026-06-07T00:00:00Z,True,0.0,i-099f488e59612d890,EC2 - Other,unallocated
2026-06-06T00:00:00Z,2026-06-07T00:00:00Z,True,0.0,i-09a8d0f58415c2ade,EC2 - Other,unallocated
2026-06-06T00:00:00Z,2026-06-07T00:00:00Z,True,0.0,i-09b3884d8a081e6de,EC2 - Other,unallocated
2026-06-06T00:00:00Z,2026-06-07T00:00:00Z,True,0.0,i-09d1409d15df9bf89,EC2 - Other,unallocated
2026-06-06T00:00:00Z,2026-06-07T00:00:00Z,True,0.0,i-09d22190d95112afd,EC2 - Other,unallocated
2026-06-06T00:00:00Z,2026-06-07T00:00:00Z,True,0.0,i-09e8fbeec8f832bce,EC2 - Other,unallocated
2026-06-06T00:00:00Z,2026-06-07T00:00:00Z,True,0.0,i-09ee3a6e5c2b15214,EC2 - Other,unallocated
2026-06-06T00:00:00Z,2026-06-07T00:00:00Z,True,1.3822e-06,i-09f66b3f11ea42c60,EC2 - Other,unallocated
2026-06-06T00:00:00Z,2026-06-07T00:00:00Z,True,0.0,i-09ff34d8e3bc7fa0e,EC2 - Other,unallocated
2026-06-06T00:00:00Z,2026-06-07T00:00:00Z,True,0.0,i-0a01eae55a56c078c,EC2 - Other,unallocated
2026-06-06T00:00:00Z,2026-06-07T00:00:00Z,True,0.0,i-0a03001abafacec4b,EC2 - Other,unallocated
2026-06-06T00:00:00Z,2026-06-07T00:00:00Z,True,0.0,i-0a035ff904dc64a4d,EC2 - Other,unallocated
2026-06-06T00:00:00Z,2026-06-07T00:00:00Z,True,0.0,i-0a14053b9be2111eb,EC2 - Other,unallocated
2026-06-06T00:00:00Z,2026-06-07T00:00:00Z,True,0.0,i-0a2d8abf14203b055,EC2 - Other,unallocated
2026-06-06T00:00:00Z,2026-06-07T00:00:00Z,True,0.0,i-0a2e29228eccbc7f0,EC2 - Other,unallocated
2026-06-06T00:00:00Z,2026-06-07T00:00:00Z,True,0.0,i-0a46ec26c36edd612,EC2 - Other,unallocated
2026-06-06T00:00:00Z,2026-06-07T00:00:00Z,True,0.0,i-0a5dbf92ca44c32da,EC2 - Other,unallocated
2026-06-06T00:00:00Z,2026-06-07T00:00:00Z,True,0.0,i-0a698d3e1f0557708,EC2 - Other,unallocated
2026-06-06T00:00:00Z,2026-06-07T00:00:00Z,True,6.28354e-05,i-0a70e6af119b993f3,EC2 - Other,dayhoff
2026-06-06T00:00:00Z,2026-06-07T00:00:00Z,True,0.0025281179,i-0a87b37623c18b4a8,EC2 - Other,unallocated
2026-06-06T00:00:00Z,2026-06-07T00:00:00Z,True,0.0,i-0a9108c8caf7e3b6b,EC2 - Other,unallocated
2026-06-06T00:00:00Z,2026-06-07T00:00:00Z,True,0.0,i-0a9e3a87b57b6414b,EC2 - Other,unallocated
2026-06-06T00:00:00Z,2026-06-07T00:00:00Z,True,0.0,i-0aaab87d8dbe6f75e,EC2 - Other,unallocated
2026-06-06T00:00:00Z,2026-06-07T00:00:00Z,True,0.0,i-0aaccfe340b22207a,EC2 - Other,unallocated
2026-06-06T00:00:00Z,2026-06-07T00:00:00Z,True,0.0,i-0ab352dc4d1557a11,EC2 - Other,unallocated
2026-06-06T00:00:00Z,2026-06-07T00:00:00Z,True,1.747e-06,i-0ab7116abc8229a16,EC2 - Other,unallocated
2026-06-06T00:00:00Z,2026-06-07T00:00:00Z,True,0.0,i-0ad6c7093d45c7c20,EC2 - Other,unallocated
2026-06-06T00:00:00Z,2026-06-07T00:00:00Z,True,0.0,i-0adc819843f707af5,EC2 - Other,unallocated
2026-06-06T00:00:00Z,2026-06-07T00:00:00Z,True,0.0,i-0ae793ef60c2179c8,EC2 - Other,unallocated
2026-06-06T00:00:00Z,2026-06-07T00:00:00Z,True,0.0,i-0b06ed9b70aba3d06,EC2 - Other,unallocated
2026-06-06T00:00:00Z,2026-06-07T00:00:00Z,True,0.0,i-0b0b029ed3d5085b2,EC2 - Other,unallocated
2026-06-06T00:00:00Z,2026-06-07T00:00:00Z,True,0.0,i-0b4609f80b5611f8e,EC2 - Other,unallocated
2026-06-06T00:00:00Z,2026-06-07T00:00:00Z,True,3.01715e-05,i-0b6713cc15f74d360,EC2 - Other,dayhoff
2026-06-06T00:00:00Z,2026-06-07T00:00:00Z,True,0.0,i-0b7a6731703dd8877,EC2 - Other,unallocated
2026-06-06T00:00:00Z,2026-06-07T00:00:00Z,True,0.0,i-0b7af22afaa8ca2e2,EC2 - Other,unallocated
2026-06-06T00:00:00Z,2026-06-07T00:00:00Z,True,0.0,i-0ba1d667f1287dbb5,EC2 - Other,unallocated
2026-06-06T00:00:00Z,2026-06-07T00:00:00Z,True,0.0,i-0bb7750862a766929,EC2 - Other,unallocated
2026-06-06T00:00:00Z,2026-06-07T00:00:00Z,True,0.0,i-0bbe071789199ce2c,EC2 - Other,unallocated
2026-06-06T00:00:00Z,2026-06-07T00:00:00Z,True,0.0,i-0bc2a5128425d69a9,EC2 - Other,unallocated
2026-06-06T00:00:00Z,2026-06-07T00:00:00Z,True,0.0,i-0c05cd3e124688a00,EC2 - Other,unallocated
2026-06-06T00:00:00Z,2026-06-07T00:00:00Z,True,0.0,i-0c095db9bbb58f242,EC2 - Other,unallocated
2026-06-06T00:00:00Z,2026-06-07T00:00:00Z,True,0.0,i-0c13fd32716cc91fc,EC2 - Other,unallocated
2026-06-06T00:00:00Z,2026-06-07T00:00:00Z,True,0.0,i-0c307a0f70f28460a,EC2 - Other,unallocated
2026-06-06T00:00:00Z,2026-06-07T00:00:00Z,True,0.0,i-0c31a675c1ec615e6,EC2 - Other,unallocated
2026-06-06T00:00:00Z,2026-06-07T00:00:00Z,True,0.0,i-0c43c0e6b8feb2b1c,EC2 - Other,unallocated
2026-06-06T00:00:00Z,2026-06-07T00:00:00Z,True,0.0,i-0c46351ea5d442a84,EC2 - Other,unallocated
2026-06-06T00:00:00Z,2026-06-07T00:00:00Z,True,0.0,i-0c489ae16fc9bda22,EC2 - Other,unallocated
2026-06-06T00:00:00Z,2026-06-07T00:00:00Z,True,0.0,i-0c51f3cf84270151a,EC2 - Other,unallocated
2026-06-06T00:00:00Z,2026-06-07T00:00:00Z,True,0.0,i-0c562ecc01fef0881,EC2 - Other,unallocated
2026-06-06T00:00:00Z,2026-06-07T00:00:00Z,True,0.0,i-0c673bc512e8ccbf6,EC2 - Other,unallocated
2026-06-06T00:00:00Z,2026-06-07T00:00:00Z,True,0.0,i-0c76ac9c2bf7ccd0f,EC2 - Other,unallocated
2026-06-06T00:00:00Z,2026-06-07T00:00:00Z,True,0.0,i-0c7bb67a4a520710e,EC2 - Other,unallocated
2026-06-06T00:00:00Z,2026-06-07T00:00:00Z,True,0.0,i-0c8ed08d8fb01d277,EC2 - Other,unallocated
2026-06-06T00:00:00Z,2026-06-07T00:00:00Z,True,0.0,i-0ca174b4ac84fb95e,EC2 - Other,unallocated
2026-06-06T00:00:00Z,2026-06-07T00:00:00Z,True,0.0,i-0ca9bb13d9acd2328,EC2 - Other,unallocated
2026-06-06T00:00:00Z,2026-06-07T00:00:00Z,True,0.0,i-0cb068d5f2b3e8ab0,EC2 - Other,unallocated
2026-06-06T00:00:00Z,2026-06-07T00:00:00Z,True,0.0,i-0ccf937a010a9fa72,EC2 - Other,unallocated
2026-06-06T00:00:00Z,2026-06-07T00:00:00Z,True,0.0,i-0cd84947020557163,EC2 - Other,unallocated
2026-06-06T00:00:00Z,2026-06-07T00:00:00Z,True,0.0,i-0cf4789dde15158ed,EC2 - Other,unallocated
2026-06-06T00:00:00Z,2026-06-07T00:00:00Z,True,0.0,i-0cf9286d469d7a7df,EC2 - Other,unallocated
2026-06-06T00:00:00Z,2026-06-07T00:00:00Z,True,0.0,i-0d18a06e54e4e8333,EC2 - Other,unallocated
2026-06-06T00:00:00Z,2026-06-07T00:00:00Z,True,0.0,i-0d1a97fe7d25c5650,EC2 - Other,unallocated
2026-06-06T00:00:00Z,2026-06-07T00:00:00Z,True,0.0,i-0d3025247ac298954,EC2 - Other,unallocated
2026-06-06T00:00:00Z,2026-06-07T00:00:00Z,True,0.0,i-0d30418cd8836573d,EC2 - Other,unallocated
2026-06-06T00:00:00Z,2026-06-07T00:00:00Z,True,0.0,i-0d513ffc54f5d6c1b,EC2 - Other,unallocated
2026-06-06T00:00:00Z,2026-06-07T00:00:00Z,True,0.0,i-0d6f2f5ddb2e1d8a4,EC2 - Other,unallocated
2026-06-06T00:00:00Z,2026-06-07T00:00:00Z,True,0.0,i-0d714cce1c552c23e,EC2 - Other,unallocated
2026-06-06T00:00:00Z,2026-06-07T00:00:00Z,True,0.0,i-0d7ef83e437d93526,EC2 - Other,unallocated
2026-06-06T00:00:00Z,2026-06-07T00:00:00Z,True,0.0,i-0d8af05b41e15fdcc,EC2 - Other,unallocated
2026-06-06T00:00:00Z,2026-06-07T00:00:00Z,True,0.0,i-0d8ff6f97d56c13d7,EC2 - Other,unallocated
2026-06-06T00:00:00Z,2026-06-07T00:00:00Z,True,0.0,i-0d901a3a095394591,EC2 - Other,unallocated
2026-06-06T00:00:00Z,2026-06-07T00:00:00Z,True,0.0,i-0d93b52c2c781411c,EC2 - Other,unallocated
2026-06-06T00:00:00Z,2026-06-07T00:00:00Z,True,0.0,i-0da84987e648fa239,EC2 - Other,unallocated
2026-06-06T00:00:00Z,2026-06-07T00:00:00Z,True,0.0003420389,i-0db26b68f03a4a787,EC2 - Other,unallocated
2026-06-06T00:00:00Z,2026-06-07T00:00:00Z,True,0.0,i-0dc426f2be509e71e,EC2 - Other,unallocated
2026-06-06T00:00:00Z,2026-06-07T00:00:00Z,True,0.0,i-0dd12aee59d977518,EC2 - Other,unallocated
2026-06-06T00:00:00Z,2026-06-07T00:00:00Z,True,0.0,i-0dd468a121cb3b395,EC2 - Other,unallocated
2026-06-06T00:00:00Z,2026-06-07T00:00:00Z,True,0.0,i-0ddee681afc809f50,EC2 - Other,unallocated
2026-06-06T00:00:00Z,2026-06-07T00:00:00Z,True,3.77405e-05,i-0de9e3f8d3208cf03,EC2 - Other,dayhoff
2026-06-06T00:00:00Z,2026-06-07T00:00:00Z,True,0.0,i-0dec4d6efce840fb1,EC2 - Other,unallocated
2026-06-06T00:00:00Z,2026-06-07T00:00:00Z,True,0.0,i-0e05a7ab7c57bd58d,EC2 - Other,unallocated
2026-06-06T00:00:00Z,2026-06-07T00:00:00Z,True,0.0,i-0e08b0dc2cbce6f8d,EC2 - Other,unallocated
2026-06-06T00:00:00Z,2026-06-07T00:00:00Z,True,0.0,i-0e08bab1740905d39,EC2 - Other,unallocated
2026-06-06T00:00:00Z,2026-06-07T00:00:00Z,True,0.0,i-0e0d77f1471e370ab,EC2 - Other,unallocated
2026-06-06T00:00:00Z,2026-06-07T00:00:00Z,True,0.0,i-0e1520afa9a398e6b,EC2 - Other,unallocated
2026-06-06T00:00:00Z,2026-06-07T00:00:00Z,True,0.0,i-0e16234a95455aa4d,EC2 - Other,unallocated
2026-06-06T00:00:00Z,2026-06-07T00:00:00Z,True,0.0,i-0e1e63aca56d2b8e8,EC2 - Other,unallocated
2026-06-06T00:00:00Z,2026-06-07T00:00:00Z,True,0.0,i-0e30d60d384c0c4ad,EC2 - Other,unallocated
2026-06-06T00:00:00Z,2026-06-07T00:00:00Z,True,0.0,i-0e4781d2cbe0c57e7,EC2 - Other,unallocated
2026-06-06T00:00:00Z,2026-06-07T00:00:00Z,True,0.0,i-0e550671a6071e0b5,EC2 - Other,unallocated
2026-06-06T00:00:00Z,2026-06-07T00:00:00Z,True,0.0025205469,i-0e560627c133e8dad,EC2 - Other,unallocated
2026-06-06T00:00:00Z,2026-06-07T00:00:00Z,True,0.0,i-0e5d294f7245322a4,EC2 - Other,unallocated
2026-06-06T00:00:00Z,2026-06-07T00:00:00Z,True,0.0,i-0e66d15fad55e3400,EC2 - Other,unallocated
2026-06-06T00:00:00Z,2026-06-07T00:00:00Z,True,3.68811e-05,i-0e70fab85d559c615,EC2 - Other,dayhoff
2026-06-06T00:00:00Z,2026-06-07T00:00:00Z,True,0.0,i-0e7abb84b198e84cd,EC2 - Other,unallocated
2026-06-06T00:00:00Z,2026-06-07T00:00:00Z,True,0.0,i-0e7d77832fdedfa3a,EC2 - Other,unallocated
2026-06-06T00:00:00Z,2026-06-07T00:00:00Z,True,0.0025085353,i-0e828c7ac4ff1804e,EC2 - Other,unallocated
2026-06-06T00:00:00Z,2026-06-07T00:00:00Z,True,0.0,i-0e843dc7030e0596f,EC2 - Other,unallocated
2026-06-06T00:00:00Z,2026-06-07T00:00:00Z,True,0.0,i-0e87ad2db12593330,EC2 - Other,unallocated
2026-06-06T00:00:00Z,2026-06-07T00:00:00Z,True,0.0,i-0e91a6004ef23327a,EC2 - Other,unallocated
2026-06-06T00:00:00Z,2026-06-07T00:00:00Z,True,0.0,i-0eabe4d209fe9d401,EC2 - Other,unallocated
2026-06-06T00:00:00Z,2026-06-07T00:00:00Z,True,0.0,i-0ec546decac2be08b,EC2 - Other,unallocated
2026-06-06T00:00:00Z,2026-06-07T00:00:00Z,True,0.0,i-0eca139e5ef7d9707,EC2 - Other,unallocated
2026-06-06T00:00:00Z,2026-06-07T00:00:00Z,True,0.0,i-0edd0ae9cfdb73acc,EC2 - Other,unallocated
2026-06-06T00:00:00Z,2026-06-07T00:00:00Z,True,0.0,i-0ee11718c3ac6b6ad,EC2 - Other,unallocated
2026-06-06T00:00:00Z,2026-06-07T00:00:00Z,True,7.31e-08,i-0ee653e618725d748,EC2 - Other,unallocated
2026-06-06T00:00:00Z,2026-06-07T00:00:00Z,True,0.0,i-0ef4310cb2687a8b6,EC2 - Other,unallocated
2026-06-06T00:00:00Z,2026-06-07T00:00:00Z,True,0.0,i-0efbe9c5e81a30368,EC2 - Other,unallocated
2026-06-06T00:00:00Z,2026-06-07T00:00:00Z,True,0.0,i-0f0649865af477618,EC2 - Other,unallocated
2026-06-06T00:00:00Z,2026-06-07T00:00:00Z,True,0.0,i-0f187c5403e0d86dc,EC2 - Other,unallocated
2026-06-06T00:00:00Z,2026-06-07T00:00:00Z,True,0.0,i-0f29ece45c78b2c4f,EC2 - Other,unallocated
2026-06-06T00:00:00Z,2026-06-07T00:00:00Z,True,0.0,i-0f4618320d91121c9,EC2 - Other,unallocated
2026-06-06T00:00:00Z,2026-06-07T00:00:00Z,True,0.0,i-0f4754dc2d310c3f9,EC2 - Other,unallocated
2026-06-06T00:00:00Z,2026-06-07T00:00:00Z,True,0.0,i-0f49f09bcd8a84ae0,EC2 - Other,unallocated
2026-06-06T00:00:00Z,2026-06-07T00:00:00Z,True,0.0,i-0f56e8ca11d8ac942,EC2 - Other,unallocated
2026-06-06T00:00:00Z,2026-06-07T00:00:00Z,True,0.0005178302,i-0f5fb7f4318358cf5,EC2 - Other,unallocated
2026-06-06T00:00:00Z,2026-06-07T00:00:00Z,True,0.0,i-0f6d144b3a2d835e0,EC2 - Other,unallocated
2026-06-06T00:00:00Z,2026-06-07T00:00:00Z,True,0.0,i-0f73189f0afcd29eb,EC2 - Other,unallocated
2026-06-06T00:00:00Z,2026-06-07T00:00:00Z,True,0.0,i-0f7d472af513d16b6,EC2 - Other,unallocated
2026-06-06T00:00:00Z,2026-06-07T00:00:00Z,True,0.0,i-0f825d0ca994f0bda,EC2 - Other,unallocated
2026-06-06T00:00:00Z,2026-06-07T00:00:00Z,True,0.0,i-0f90566246dadc379,EC2 - Other,unallocated
2026-06-06T00:00:00Z,2026-06-07T00:00:00Z,True,0.0,i-0f9d991187c251164,EC2 - Other,unallocated
2026-06-06T00:00:00Z,2026-06-07T00:00:00Z,True,0.0,i-0f9ed8a70695be0da,EC2 - Other,unallocated
2026-06-06T00:00:00Z,2026-06-07T00:00:00Z,True,0.0,i-0fa28729e0e02d8e0,EC2 - Other,unallocated
2026-06-06T00:00:00Z,2026-06-07T00:00:00Z,True,0.0,i-0fa3915d5399889de,EC2 - Other,unallocated
2026-06-06T00:00:00Z,2026-06-07T00:00:00Z,True,0.0,i-0fa63e2b76c299618,EC2 - Other,unallocated
2026-06-06T00:00:00Z,2026-06-07T00:00:00Z,True,0.0,i-0fd15ee8b9b45e26d,EC2 - Other,unallocated
2026-06-06T00:00:00Z,2026-06-07T00:00:00Z,True,0.0,i-0fd5b903ee8854c3d,EC2 - Other,unallocated
2026-06-06T00:00:00Z,2026-06-07T00:00:00Z,True,0.0,i-0fdb7cc90078379a9,EC2 - Other,unallocated
2026-06-06T00:00:00Z,2026-06-07T00:00:00Z,True,0.0029791667,vol-000e5d932cc94fca9,EC2 - Other,unallocated
2026-06-06T00:00:00Z,2026-06-07T00:00:00Z,True,0.0025805556,vol-001da832f85abb6ca,EC2 - Other,unallocated
2026-06-06T00:00:00Z,2026-06-07T00:00:00Z,True,0.0023097222,vol-001f2708708b50e68,EC2 - Other,unallocated
2026-06-06T00:00:00Z,2026-06-07T00:00:00Z,True,0.0032361111,vol-002134e7ab238f5fe,EC2 - Other,unallocated
2026-06-06T00:00:00Z,2026-06-07T00:00:00Z,True,0.0015041667,vol-0046119670a94c5d1,EC2 - Other,unallocated
2026-06-06T00:00:00Z,2026-06-07T00:00:00Z,True,0.0799999992,vol-0054217b60d3a15d8,EC2 - Other,unallocated
2026-06-06T00:00:00Z,2026-06-07T00:00:00Z,True,0.0032611111,vol-00566310b24085251,EC2 - Other,unallocated
2026-06-06T00:00:00Z,2026-06-07T00:00:00Z,True,0.0020166667,vol-0069b6ec40e0674f2,EC2 - Other,unallocated
2026-06-06T00:00:00Z,2026-06-07T00:00:00Z,True,0.0034097222,vol-006dbc64b2fccc45b,EC2 - Other,unallocated
2026-06-06T00:00:00Z,2026-06-07T00:00:00Z,True,0.0021944444,vol-007594f8f3d7e8046,EC2 - Other,unallocated
2026-06-06T00:00:00Z,2026-06-07T00:00:00Z,True,0.0110805556,vol-00770a479b72b6cf0,EC2 - Other,unallocated
2026-06-06T00:00:00Z,2026-06-07T00:00:00Z,True,0.075797037,vol-009bfd22c5fe64b1f,EC2 - Other,unallocated
2026-06-06T00:00:00Z,2026-06-07T00:00:00Z,True,0.0045083333,vol-00a2248bc33bcec86,EC2 - Other,unallocated
2026-06-06T00:00:00Z,2026-06-07T00:00:00Z,True,0.0033375,vol-00a38611aa1ab3d39,EC2 - Other,unallocated
2026-06-06T00:00:00Z,2026-06-07T00:00:00Z,True,0.01,vol-00c70fcb40c97f288,EC2 - Other,unallocated
2026-06-06T00:00:00Z,2026-06-07T00:00:00Z,True,0.0018402778,vol-00c9c14cd9535f39c,EC2 - Other,unallocated
2026-06-06T00:00:00Z,2026-06-07T00:00:00Z,True,0.8959999992,vol-00cbb7ba932dbd3a4,EC2 - Other,unallocated
2026-06-06T00:00:00Z,2026-06-07T00:00:00Z,True,0.0025763889,vol-00e2b1d4d838503b6,EC2 - Other,unallocated
2026-06-06T00:00:00Z,2026-06-07T00:00:00Z,True,0.0064430556,vol-00e93850db788db9a,EC2 - Other,unallocated
2026-06-06T00:00:00Z,2026-06-07T00:00:00Z,True,0.0015888889,vol-011497f6bf41989af,EC2 - Other,unallocated
2026-06-06T00:00:00Z,2026-06-07T00:00:00Z,True,0.0085277778,vol-0121b50e11c22e939,EC2 - Other,unallocated
2026-06-06T00:00:00Z,2026-06-07T00:00:00Z,True,0.001475,vol-0133c4e6f84e28073,EC2 - Other,unallocated
2026-06-06T00:00:00Z,2026-06-07T00:00:00Z,True,0.0023041667,vol-013729f015c0cbec2,EC2 - Other,unallocated
2026-06-06T00:00:00Z,2026-06-07T00:00:00Z,True,0.0013111111,vol-01435258eccc2e2ac,EC2 - Other,unallocated
2026-06-06T00:00:00Z,2026-06-07T00:00:00Z,True,0.0034930556,vol-01718dccbd2bde000,EC2 - Other,unallocated
2026-06-06T00:00:00Z,2026-06-07T00:00:00Z,True,0.0016680556,vol-0173ed6836031a362,EC2 - Other,unallocated
2026-06-06T00:00:00Z,2026-06-07T00:00:00Z,True,0.0033388889,vol-01789ab7d54549eb2,EC2 - Other,unallocated
2026-06-06T00:00:00Z,2026-06-07T00:00:00Z,True,0.0018430556,vol-017c6d50be8b6d26c,EC2 - Other,unallocated
2026-06-06T00:00:00Z,2026-06-07T00:00:00Z,True,0.0046763889,vol-0181888576419f3bd,EC2 - Other,unallocated
2026-06-06T00:00:00Z,2026-06-07T00:00:00Z,True,0.0015597222,vol-018a600da9a27b3ad,EC2 - Other,unallocated
2026-06-06T00:00:00Z,2026-06-07T00:00:00Z,True,0.0070569444,vol-019bb0af655665bc5,EC2 - Other,unallocated
2026-06-06T00:00:00Z,2026-06-07T00:00:00Z,True,0.0016444444,vol-019f6e2799180c3e8,EC2 - Other,unallocated
2026-06-06T00:00:00Z,2026-06-07T00:00:00Z,True,0.0026555556,vol-01b6b950b0f367d3b,EC2 - Other,unallocated
2026-06-06T00:00:00Z,2026-06-07T00:00:00Z,True,0.0024083333,vol-01bc74a2506b443c7,EC2 - Other,unallocated
2026-06-06T00:00:00Z,2026-06-07T00:00:00Z,True,1.1226666672,vol-01c1767c24b9ae01c,EC2 - Other,unallocated
2026-06-06T00:00:00Z,2026-06-07T00:00:00Z,True,0.0047194444,vol-01c4b858c87549020,EC2 - Other,unallocated
2026-06-06T00:00:00Z,2026-06-07T00:00:00Z,True,0.0008277778,vol-01d4f8b6527391719,EC2 - Other,unallocated
2026-06-06T00:00:00Z,2026-06-07T00:00:00Z,True,0.0039236111,vol-01f05e0620fbe56ae,EC2 - Other,unallocated
2026-06-06T00:00:00Z,2026-06-07T00:00:00Z,True,0.0046819444,vol-01f6b15bef4c243f6,EC2 - Other,unallocated
2026-06-06T00:00:00Z,2026-06-07T00:00:00Z,True,0.0024805556,vol-021a4d5222b72e518,EC2 - Other,unallocated
2026-06-06T00:00:00Z,2026-06-07T00:00:00Z,True,0.0047875,vol-021b1af9df083d0f2,EC2 - Other,unallocated
2026-06-06T00:00:00Z,2026-06-07T00:00:00Z,True,0.0025958333,vol-021f5d0818e7fa031,EC2 - Other,unallocated
2026-06-06T00:00:00Z,2026-06-07T00:00:00Z,True,0.0046791667,vol-022902a934a5e881f,EC2 - Other,unallocated
2026-06-06T00:00:00Z,2026-06-07T00:00:00Z,True,0.0013041667,vol-023296dcd37f70c61,EC2 - Other,unallocated
2026-06-06T00:00:00Z,2026-06-07T00:00:00Z,True,0.0015791667,vol-0245c0f7f16ce1537,EC2 - Other,unallocated
2026-06-06T00:00:00Z,2026-06-07T00:00:00Z,True,0.0011944444,vol-0248627dd3c7ce00e,EC2 - Other,unallocated
2026-06-06T00:00:00Z,2026-06-07T00:00:00Z,True,0.0031318518,vol-024fe63278b11b7f8,EC2 - Other,unallocated
2026-06-06T00:00:00Z,2026-06-07T00:00:00Z,True,0.0017083333,vol-0255e31d569e55654,EC2 - Other,unallocated
2026-06-06T00:00:00Z,2026-06-07T00:00:00Z,True,0.0062888889,vol-027560fd275434963,EC2 - Other,unallocated
2026-06-06T00:00:00Z,2026-06-07T00:00:00Z,True,0.0012819444,vol-0279d43420693f3f3,EC2 - Other,unallocated
2026-06-06T00:00:00Z,2026-06-07T00:00:00Z,True,0.0017430556,vol-027edf3adc1fc5695,EC2 - Other,unallocated
2026-06-06T00:00:00Z,2026-06-07T00:00:00Z,True,0.001375,vol-028eaf30ea6168b20,EC2 - Other,unallocated
2026-06-06T00:00:00Z,2026-06-07T00:00:00Z,True,0.0010638889,vol-02b3a7e89b27e1865,EC2 - Other,unallocated
2026-06-06T00:00:00Z,2026-06-07T00:00:00Z,True,0.0028916667,vol-02b76c7c6f92cc068,EC2 - Other,unallocated
2026-06-06T00:00:00Z,2026-06-07T00:00:00Z,True,0.0015388889,vol-02ba02eb00eb3c707,EC2 - Other,unallocated
2026-06-06T00:00:00Z,2026-06-07T00:00:00Z,True,0.0050930556,vol-02bab460e2e0b0bcd,EC2 - Other,unallocated
2026-06-06T00:00:00Z,2026-06-07T00:00:00Z,True,0.0055263889,vol-02c1460b2de683ecc,EC2 - Other,unallocated
2026-06-06T00:00:00Z,2026-06-07T00:00:00Z,True,0.0014097222,vol-02c39d482ad876db0,EC2 - Other,unallocated
2026-06-06T00:00:00Z,2026-06-07T00:00:00Z,True,0.0533333328,vol-02caa6b741e86c280,EC2 - Other,unallocated
2026-06-06T00:00:00Z,2026-06-07T00:00:00Z,True,0.0024902778,vol-02cc1f01c61011f2c,EC2 - Other,unallocated
2026-06-06T00:00:00Z,2026-06-07T00:00:00Z,True,0.0020638889,vol-031199d004e274112,EC2 - Other,unallocated
2026-06-06T00:00:00Z,2026-06-07T00:00:00Z,True,0.0164541667,vol-0319a1ee9430bc5ef,EC2 - Other,unallocated
2026-06-06T00:00:00Z,2026-06-07T00:00:00Z,True,0.0014944444,vol-032a657b9baf3be1f,EC2 - Other,unallocated
2026-06-06T00:00:00Z,2026-06-07T00:00:00Z,True,0.0056555556,vol-0332b2693bb911e3e,EC2 - Other,unallocated
2026-06-06T00:00:00Z,2026-06-07T00:00:00Z,True,0.0013680556,vol-0340e7ea6dfcbadad,EC2 - Other,unallocated
2026-06-06T00:00:00Z,2026-06-07T00:00:00Z,True,0.0008277778,vol-0354c91aec7ab24ab,EC2 - Other,unallocated
2026-06-06T00:00:00Z,2026-06-07T00:00:00Z,True,0.0020666667,vol-03820744fa0d018d3,EC2 - Other,unallocated
2026-06-06T00:00:00Z,2026-06-07T00:00:00Z,True,0.8959999992,vol-0392bc7824a1e81e8,EC2 - Other,dayhoff
2026-06-06T00:00:00Z,2026-06-07T00:00:00Z,True,0.0022291667,vol-03a3bdc88c40db752,EC2 - Other,unallocated
2026-06-06T00:00:00Z,2026-06-07T00:00:00Z,True,0.0015333333,vol-03a5b0e6d9e081148,EC2 - Other,unallocated
2026-06-06T00:00:00Z,2026-06-07T00:00:00Z,True,0.0078986111,vol-03ba0c09156b454cf,EC2 - Other,unallocated
2026-06-06T00:00:00Z,2026-06-07T00:00:00Z,True,0.0073583333,vol-03c786028f56dcc9b,EC2 - Other,unallocated
2026-06-06T00:00:00Z,2026-06-07T00:00:00Z,True,0.0034972222,vol-03dd6d43f5b3bf9c4,EC2 - Other,unallocated
2026-06-06T00:00:00Z,2026-06-07T00:00:00Z,True,0.0031041667,vol-03e27eed0bd19c02c,EC2 - Other,unallocated
2026-06-06T00:00:00Z,2026-06-07T00:00:00Z,True,0.0033333333,vol-03f0df87bbab225c1,EC2 - Other,unallocated
2026-06-06T00:00:00Z,2026-06-07T00:00:00Z,True,0.0013027778,vol-0400c1a01aeba8da8,EC2 - Other,unallocated
2026-06-06T00:00:00Z,2026-06-07T00:00:00Z,True,0.002325,vol-0401cf467b7049ee8,EC2 - Other,unallocated
2026-06-06T00:00:00Z,2026-06-07T00:00:00Z,True,0.0013041667,vol-040603ab83a8e9724,EC2 - Other,unallocated
2026-06-06T00:00:00Z,2026-06-07T00:00:00Z,True,0.00135,vol-040873094a8b3c998,EC2 - Other,unallocated
2026-06-06T00:00:00Z,2026-06-07T00:00:00Z,True,0.0079986111,vol-041a9368a87af5e56,EC2 - Other,unallocated
2026-06-06T00:00:00Z,2026-06-07T00:00:00Z,True,1.1226666672,vol-042a5f5daead20490,EC2 - Other,unallocated
2026-06-06T00:00:00Z,2026-06-07T00:00:00Z,True,0.0046638889,vol-042a73e7d15c5e5d5,EC2 - Other,unallocated
2026-06-06T00:00:00Z,2026-06-07T00:00:00Z,True,0.0059214815,vol-044866e28e2ec58e3,EC2 - Other,unallocated
2026-06-06T00:00:00Z,2026-06-07T00:00:00Z,True,0.0039472222,vol-044db3c9cce4c0e7b,EC2 - Other,unallocated
2026-06-06T00:00:00Z,2026-06-07T00:00:00Z,True,0.0007916667,vol-045155205208a0dec,EC2 - Other,unallocated
2026-06-06T00:00:00Z,2026-06-07T00:00:00Z,True,0.0066,vol-04576c558e59b2910,EC2 - Other,unallocated
2026-06-06T00:00:00Z,2026-06-07T00:00:00Z,True,0.0048125,vol-045817959755b18d7,EC2 - Other,unallocated
2026-06-06T00:00:00Z,2026-06-07T00:00:00Z,True,0.0008333333,vol-0459bdadeaccaaddc,EC2 - Other,unallocated
2026-06-06T00:00:00Z,2026-06-07T00:00:00Z,True,0.8959999992,vol-04646998d6f1fd325,EC2 - Other,dayhoff
2026-06-06T00:00:00Z,2026-06-07T00:00:00Z,True,0.0015763889,vol-0468d25dd40b6c9ec,EC2 - Other,unallocated
2026-06-06T00:00:00Z,2026-06-07T00:00:00Z,True,0.0055555556,vol-046a3e68a87131369,EC2 - Other,unallocated
2026-06-06T00:00:00Z,2026-06-07T00:00:00Z,True,0.0062986111,vol-049bae9a059ce0ca6,EC2 - Other,unallocated
2026-06-06T00:00:00Z,2026-06-07T00:00:00Z,True,0.0014902778,vol-04a0d7fb4632e0518,EC2 - Other,unallocated
2026-06-06T00:00:00Z,2026-06-07T00:00:00Z,True,0.0028319444,vol-04a68fe52f3585cd8,EC2 - Other,unallocated
2026-06-06T00:00:00Z,2026-06-07T00:00:00Z,True,0.000875,vol-04dbc78b59a90069a,EC2 - Other,unallocated
2026-06-06T00:00:00Z,2026-06-07T00:00:00Z,True,0.0015541667,vol-04e5f26e8308b283b,EC2 - Other,unallocated
2026-06-06T00:00:00Z,2026-06-07T00:00:00Z,True,0.0057866667,vol-04ec45b52ee2edcf6,EC2 - Other,unallocated
2026-06-06T00:00:00Z,2026-06-07T00:00:00Z,True,0.0021444444,vol-04eef75af1ed5428a,EC2 - Other,unallocated
2026-06-06T00:00:00Z,2026-06-07T00:00:00Z,True,0.0036486111,vol-04f0dd1add1cbbb8c,EC2 - Other,unallocated
2026-06-06T00:00:00Z,2026-06-07T00:00:00Z,True,0.0022388889,vol-04f55f3865c5e96bf,EC2 - Other,unallocated
2026-06-06T00:00:00Z,2026-06-07T00:00:00Z,True,0.0008791667,vol-0502a629d276c8559,EC2 - Other,unallocated
2026-06-06T00:00:00Z,2026-06-07T00:00:00Z,True,0.0023555556,vol-05052d32f8591e4e3,EC2 - Other,unallocated
2026-06-06T00:00:00Z,2026-06-07T00:00:00Z,True,0.0038236111,vol-050ca88a80c2c6c33,EC2 - Other,unallocated
2026-06-06T00:00:00Z,2026-06-07T00:00:00Z,True,0.0047555556,vol-055169ca50b9f6b1b,EC2 - Other,unallocated
2026-06-06T00:00:00Z,2026-06-07T00:00:00Z,True,0.0050263889,vol-055deeec4d1e54599,EC2 - Other,unallocated
2026-06-06T00:00:00Z,2026-06-07T00:00:00Z,True,0.0014875,vol-05606276129184817,EC2 - Other,unallocated
2026-06-06T00:00:00Z,2026-06-07T00:00:00Z,True,0.0041486111,vol-0567fe119bde498a8,EC2 - Other,unallocated
2026-06-06T00:00:00Z,2026-06-07T00:00:00Z,True,0.0040666667,vol-05897b37adf021745,EC2 - Other,unallocated
2026-06-06T00:00:00Z,2026-06-07T00:00:00Z,True,0.0021666667,vol-058c3a30c205a3ec9,EC2 - Other,unallocated
2026-06-06T00:00:00Z,2026-06-07T00:00:00Z,True,0.0025791667,vol-05a405119eb7091b1,EC2 - Other,unallocated
2026-06-06T00:00:00Z,2026-06-07T00:00:00Z,True,0.0049833333,vol-060cf145106b0fc81,EC2 - Other,unallocated
2026-06-06T00:00:00Z,2026-06-07T00:00:00Z,True,0.0025777778,vol-0610796b068a282b5,EC2 - Other,unallocated
2026-06-06T00:00:00Z,2026-06-07T00:00:00Z,True,0.0050777778,vol-06160a0d7da8001ca,EC2 - Other,unallocated
2026-06-06T00:00:00Z,2026-06-07T00:00:00Z,True,0.0021513889,vol-06189450f2e93992b,EC2 - Other,unallocated
2026-06-06T00:00:00Z,2026-06-07T00:00:00Z,True,0.0159185185,vol-061e8c3388ddc3ea9,EC2 - Other,unallocated
2026-06-06T00:00:00Z,2026-06-07T00:00:00Z,True,0.0066569444,vol-061ed164381e941ed,EC2 - Other,unallocated
2026-06-06T00:00:00Z,2026-06-07T00:00:00Z,True,0.0033555556,vol-062fdd399ed41e679,EC2 - Other,unallocated
2026-06-06T00:00:00Z,2026-06-07T00:00:00Z,True,0.0057986111,vol-063bf656ee7f7b79e,EC2 - Other,unallocated
2026-06-06T00:00:00Z,2026-06-07T00:00:00Z,True,0.0029569444,vol-064fc03568f4c789a,EC2 - Other,unallocated
2026-06-06T00:00:00Z,2026-06-07T00:00:00Z,True,0.0023236111,vol-06648a58ac8e60194,EC2 - Other,unallocated
2026-06-06T00:00:00Z,2026-06-07T00:00:00Z,True,1.1226666672,vol-066a8039bbbe64479,EC2 - Other,unallocated
2026-06-06T00:00:00Z,2026-06-07T00:00:00Z,True,1.1226666672,vol-067169329e7a92af1,EC2 - Other,unallocated
2026-06-06T00:00:00Z,2026-06-07T00:00:00Z,True,0.0034180556,vol-06750abd85ef7e59a,EC2 - Other,unallocated
2026-06-06T00:00:00Z,2026-06-07T00:00:00Z,True,0.0040097222,vol-06791657dbea91bf8,EC2 - Other,unallocated
2026-06-06T00:00:00Z,2026-06-07T00:00:00Z,True,0.0014097222,vol-06810aabdcd37b8ba,EC2 - Other,unallocated
2026-06-06T00:00:00Z,2026-06-07T00:00:00Z,True,0.0021638889,vol-0684b95f4e4bebe3b,EC2 - Other,unallocated
2026-06-06T00:00:00Z,2026-06-07T00:00:00Z,True,0.0014541667,vol-0689205ab48f853fa,EC2 - Other,unallocated
2026-06-06T00:00:00Z,2026-06-07T00:00:00Z,True,0.0044430556,vol-069d93a5cc0a72136,EC2 - Other,unallocated
2026-06-06T00:00:00Z,2026-06-07T00:00:00Z,True,0.0017416667,vol-06b3a462d08c0aed2,EC2 - Other,unallocated
2026-06-06T00:00:00Z,2026-06-07T00:00:00Z,True,0.0019930556,vol-06ccbfc16bf81e578,EC2 - Other,unallocated
2026-06-06T00:00:00Z,2026-06-07T00:00:00Z,True,0.0136055556,vol-06de95d7843823593,EC2 - Other,unallocated
2026-06-06T00:00:00Z,2026-06-07T00:00:00Z,True,0.0020208333,vol-06ec25e8190ac1a6d,EC2 - Other,unallocated
2026-06-06T00:00:00Z,2026-06-07T00:00:00Z,True,0.0031,vol-06f91703668bb3279,EC2 - Other,unallocated
2026-06-06T00:00:00Z,2026-06-07T00:00:00Z,True,0.0024152778,vol-07224646b9d191403,EC2 - Other,unallocated
2026-06-06T00:00:00Z,2026-06-07T00:00:00Z,True,0.0799999992,vol-0725e7ce2db54e386,EC2 - Other,unallocated
2026-06-06T00:00:00Z,2026-06-07T00:00:00Z,True,0.0017555556,vol-073486d2a4c246df9,EC2 - Other,unallocated
2026-06-06T00:00:00Z,2026-06-07T00:00:00Z,True,0.0021875,vol-074d25bb03d7f9f4c,EC2 - Other,unallocated
2026-06-06T00:00:00Z,2026-06-07T00:00:00Z,True,0.0040291667,vol-0752dad1ab54c986c,EC2 - Other,unallocated
2026-06-06T00:00:00Z,2026-06-07T00:00:00Z,True,0.0035680556,vol-07570c0f761d00eef,EC2 - Other,unallocated
2026-06-06T00:00:00Z,2026-06-07T00:00:00Z,True,0.0026583333,vol-07748ea5e30452b1e,EC2 - Other,unallocated
2026-06-06T00:00:00Z,2026-06-07T00:00:00Z,True,0.0028944444,vol-077798ed941703e93,EC2 - Other,unallocated
2026-06-06T00:00:00Z,2026-06-07T00:00:00Z,True,0.0032111111,vol-077b9d1b7faede8a6,EC2 - Other,unallocated
2026-06-06T00:00:00Z,2026-06-07T00:00:00Z,True,0.0014166667,vol-078a16347ec4aae84,EC2 - Other,unallocated
2026-06-06T00:00:00Z,2026-06-07T00:00:00Z,True,0.0161916667,vol-079ed0365dff9e4b5,EC2 - Other,unallocated
2026-06-06T00:00:00Z,2026-06-07T00:00:00Z,True,0.0058041667,vol-079ff2ec4937ff3b3,EC2 - Other,unallocated
2026-06-06T00:00:00Z,2026-06-07T00:00:00Z,True,0.0021611111,vol-07abd60af97916abc,EC2 - Other,unallocated
2026-06-06T00:00:00Z,2026-06-07T00:00:00Z,True,0.0010791667,vol-07ac9f12bd3b1f5e0,EC2 - Other,unallocated
2026-06-06T00:00:00Z,2026-06-07T00:00:00Z,True,0.0039180556,vol-07ce902bccc97f29b,EC2 - Other,unallocated
2026-06-06T00:00:00Z,2026-06-07T00:00:00Z,True,0.0037388889,vol-07d4e5157c5fabbeb,EC2 - Other,unallocated
2026-06-06T00:00:00Z,2026-06-07T00:00:00Z,True,0.0030722222,vol-07dfc2efdabb40961,EC2 - Other,unallocated
2026-06-06T00:00:00Z,2026-06-07T00:00:00Z,True,0.0054055556,vol-07e4c7402c3d9d808,EC2 - Other,unallocated
2026-06-06T00:00:00Z,2026-06-07T00:00:00Z,True,0.0031388889,vol-07e55cdcadddb26e5,EC2 - Other,unallocated
2026-06-06T00:00:00Z,2026-06-07T00:00:00Z,True,0.0007847222,vol-07ef42b8da7cd55c9,EC2 - Other,unallocated
2026-06-06T00:00:00Z,2026-06-07T00:00:00Z,True,0.0069930556,vol-07ef69725daf58441,EC2 - Other,unallocated
2026-06-06T00:00:00Z,2026-06-07T00:00:00Z,True,0.0010805556,vol-07f58de22e8496cc6,EC2 - Other,unallocated
2026-06-06T00:00:00Z,2026-06-07T00:00:00Z,True,0.0030986111,vol-07f980205fe835a69,EC2 - Other,unallocated
2026-06-06T00:00:00Z,2026-06-07T00:00:00Z,True,0.0039125,vol-07fa6f434d8b38ef2,EC2 - Other,unallocated
2026-06-06T00:00:00Z,2026-06-07T00:00:00Z,True,0.003225,vol-07fde42c7eb9fadf1,EC2 - Other,unallocated
2026-06-06T00:00:00Z,2026-06-07T00:00:00Z,True,0.0031958333,vol-080a0dcfd31f175f9,EC2 - Other,unallocated
2026-06-06T00:00:00Z,2026-06-07T00:00:00Z,True,0.0014972222,vol-08436e1988fd204ce,EC2 - Other,unallocated
2026-06-06T00:00:00Z,2026-06-07T00:00:00Z,True,0.0018930556,vol-0843dc557d439c8c5,EC2 - Other,unallocated
2026-06-06T00:00:00Z,2026-06-07T00:00:00Z,True,0.0017486111,vol-084bd0a494390afea,EC2 - Other,unallocated
2026-06-06T00:00:00Z,2026-06-07T00:00:00Z,True,0.00365,vol-085474d2b51be55d7,EC2 - Other,unallocated
2026-06-06T00:00:00Z,2026-06-07T00:00:00Z,True,0.0020819444,vol-0858a39aba2e386d1,EC2 - Other,unallocated
2026-06-06T00:00:00Z,2026-06-07T00:00:00Z,True,0.0026513889,vol-085e765a7c0fa0229,EC2 - Other,unallocated
2026-06-06T00:00:00Z,2026-06-07T00:00:00Z,True,0.0012430556,vol-0866fecfb84200333,EC2 - Other,unallocated
2026-06-06T00:00:00Z,2026-06-07T00:00:00Z,True,0.0037333333,vol-08670d6c350797044,EC2 - Other,unallocated
2026-06-06T00:00:00Z,2026-06-07T00:00:00Z,True,0.0036861111,vol-086e8d9c0ea9b570b,EC2 - Other,unallocated
2026-06-06T00:00:00Z,2026-06-07T00:00:00Z,True,0.0035569444,vol-08764d373e1f508a0,EC2 - Other,unallocated
2026-06-06T00:00:00Z,2026-06-07T00:00:00Z,True,0.0010944444,vol-08a00bbcadd13a8d9,EC2 - Other,unallocated
2026-06-06T00:00:00Z,2026-06-07T00:00:00Z,True,0.0028152778,vol-08aa8656f40a4abc3,EC2 - Other,unallocated
2026-06-06T00:00:00Z,2026-06-07T00:00:00Z,True,0.0014083333,vol-08bab4a58d9b7c3fe,EC2 - Other,unallocated
2026-06-06T00:00:00Z,2026-06-07T00:00:00Z,True,0.0025097222,vol-08bcaa94a75008714,EC2 - Other,unallocated
2026-06-06T00:00:00Z,2026-06-07T00:00:00Z,True,0.0039263889,vol-08d9dd43ad61684c0,EC2 - Other,unallocated
2026-06-06T00:00:00Z,2026-06-07T00:00:00Z,True,0.1333333344,vol-08dee3ee1394063cb,EC2 - Other,unallocated
2026-06-06T00:00:00Z,2026-06-07T00:00:00Z,True,0.000875,vol-08e19675c77700b64,EC2 - Other,unallocated
2026-06-06T00:00:00Z,2026-06-07T00:00:00Z,True,0.0015027778,vol-08e51d442b0b10984,EC2 - Other,unallocated
2026-06-06T00:00:00Z,2026-06-07T00:00:00Z,True,0.0040722222,vol-08ed9079173b8dfcb,EC2 - Other,unallocated
2026-06-06T00:00:00Z,2026-06-07T00:00:00Z,True,0.0047444444,vol-08fcb80af5c559bf3,EC2 - Other,unallocated
2026-06-06T00:00:00Z,2026-06-07T00:00:00Z,True,0.0023097222,vol-09059d35f4dcd681e,EC2 - Other,unallocated
2026-06-06T00:00:00Z,2026-06-07T00:00:00Z,True,0.12,vol-09098597d17d2bd23,EC2 - Other,unallocated
2026-06-06T00:00:00Z,2026-06-07T00:00:00Z,True,0.0030875,vol-09268e627ffe093a4,EC2 - Other,unallocated
2026-06-06T00:00:00Z,2026-06-07T00:00:00Z,True,0.0016694444,vol-092a1bef916fe1aa8,EC2 - Other,unallocated
2026-06-06T00:00:00Z,2026-06-07T00:00:00Z,True,0.0213333336,vol-0941af554a7184c73,EC2 - Other,dayhoff
2026-06-06T00:00:00Z,2026-06-07T00:00:00Z,True,0.0213333336,vol-09454929e2c583ae7,EC2 - Other,unallocated
2026-06-06T00:00:00Z,2026-06-07T00:00:00Z,True,0.0023541667,vol-09474213ac3768629,EC2 - Other,unallocated
2026-06-06T00:00:00Z,2026-06-07T00:00:00Z,True,0.0050777778,vol-095024eab126447ed,EC2 - Other,unallocated
2026-06-06T00:00:00Z,2026-06-07T00:00:00Z,True,0.0008430556,vol-0967657daab0ec35a,EC2 - Other,unallocated
2026-06-06T00:00:00Z,2026-06-07T00:00:00Z,True,0.0047402778,vol-0969535379b33ddfe,EC2 - Other,unallocated
2026-06-06T00:00:00Z,2026-06-07T00:00:00Z,True,0.01,vol-097888a9200da2558,EC2 - Other,unallocated
2026-06-06T00:00:00Z,2026-06-07T00:00:00Z,True,0.0017652778,vol-09c7aaca22f0db62b,EC2 - Other,unallocated
2026-06-06T00:00:00Z,2026-06-07T00:00:00Z,True,0.0026722222,vol-09d324b5b9cc917bd,EC2 - Other,unallocated
2026-06-06T00:00:00Z,2026-06-07T00:00:00Z,True,0.0033388889,vol-09f4346e9af7e0b27,EC2 - Other,unallocated
2026-06-06T00:00:00Z,2026-06-07T00:00:00Z,True,0.00365,vol-09f67b52df54a2807,EC2 - Other,unallocated
2026-06-06T00:00:00Z,2026-06-07T00:00:00Z,True,0.0025736111,vol-09fb1b27c70463518,EC2 - Other,unallocated
2026-06-06T00:00:00Z,2026-06-07T00:00:00Z,True,0.0085152778,vol-0a0609f2b9612ca6b,EC2 - Other,unallocated
2026-06-06T00:00:00Z,2026-06-07T00:00:00Z,True,0.0014430556,vol-0a13bc42874a1f971,EC2 - Other,unallocated
2026-06-06T00:00:00Z,2026-06-07T00:00:00Z,True,0.0014597222,vol-0a147d1400561112a,EC2 - Other,unallocated
2026-06-06T00:00:00Z,2026-06-07T00:00:00Z,True,0.0034902778,vol-0a1f588822a518bd8,EC2 - Other,unallocated
2026-06-06T00:00:00Z,2026-06-07T00:00:00Z,True,0.0050069444,vol-0a25b8f49b15ec2eb,EC2 - Other,unallocated
2026-06-06T00:00:00Z,2026-06-07T00:00:00Z,True,0.0040291667,vol-0a450f7429fbdda0e,EC2 - Other,unallocated
2026-06-06T00:00:00Z,2026-06-07T00:00:00Z,True,0.0054361111,vol-0a46e2375913aeae2,EC2 - Other,unallocated
2026-06-06T00:00:00Z,2026-06-07T00:00:00Z,True,0.0008375,vol-0a4b5416b42995864,EC2 - Other,unallocated
2026-06-06T00:00:00Z,2026-06-07T00:00:00Z,True,0.0007888889,vol-0a4bce192c8b32844,EC2 - Other,unallocated
2026-06-06T00:00:00Z,2026-06-07T00:00:00Z,True,0.0017847222,vol-0a4e3bea4fc1275bb,EC2 - Other,unallocated
2026-06-06T00:00:00Z,2026-06-07T00:00:00Z,True,0.0062361111,vol-0a5245045ac28f6dc,EC2 - Other,unallocated
2026-06-06T00:00:00Z,2026-06-07T00:00:00Z,True,0.0032166667,vol-0a61dc25fe75bfc8f,EC2 - Other,unallocated
2026-06-06T00:00:00Z,2026-06-07T00:00:00Z,True,0.0035597222,vol-0a78df9c9bed443ac,EC2 - Other,unallocated
2026-06-06T00:00:00Z,2026-06-07T00:00:00Z,True,0.0038986111,vol-0a7fb688087f08457,EC2 - Other,unallocated
2026-06-06T00:00:00Z,2026-06-07T00:00:00Z,True,0.0017472222,vol-0aafdc7b82bd73f44,EC2 - Other,unallocated
2026-06-06T00:00:00Z,2026-06-07T00:00:00Z,True,0.0014111111,vol-0ab0e93c65dc11c9d,EC2 - Other,unallocated
2026-06-06T00:00:00Z,2026-06-07T00:00:00Z,True,0.0045597222,vol-0ab1f308bb8b848d6,EC2 - Other,unallocated
2026-06-06T00:00:00Z,2026-06-07T00:00:00Z,True,0.0014958333,vol-0ab7589f58af056f3,EC2 - Other,unallocated
2026-06-06T00:00:00Z,2026-06-07T00:00:00Z,True,0.003925,vol-0ab8593c0492bba4d,EC2 - Other,unallocated
2026-06-06T00:00:00Z,2026-06-07T00:00:00Z,True,0.0010805556,vol-0accfe2368d3b9021,EC2 - Other,unallocated
2026-06-06T00:00:00Z,2026-06-07T00:00:00Z,True,0.0049777778,vol-0aeb3258c204a3218,EC2 - Other,unallocated
2026-06-06T00:00:00Z,2026-06-07T00:00:00Z,True,0.0746666666,vol-0aeb3e7c0a710e35f,EC2 - Other,unallocated
2026-06-06T00:00:00Z,2026-06-07T00:00:00Z,True,0.0213333336,vol-0af8f94e0cd058ddf,EC2 - Other,unallocated
2026-06-06T00:00:00Z,2026-06-07T00:00:00Z,True,0.0031791667,vol-0b0196b13572dee9b,EC2 - Other,unallocated
2026-06-06T00:00:00Z,2026-06-07T00:00:00Z,True,0.0033958333,vol-0b04592b2564e1695,EC2 - Other,unallocated
2026-06-06T00:00:00Z,2026-06-07T00:00:00Z,True,0.0011625,vol-0b08a097e5cb10156,EC2 - Other,unallocated
2026-06-06T00:00:00Z,2026-06-07T00:00:00Z,True,0.0018277778,vol-0b1a5a9aefaddce16,EC2 - Other,unallocated
2026-06-06T00:00:00Z,2026-06-07T00:00:00Z,True,0.0016083333,vol-0b2cff64033a67861,EC2 - Other,unallocated
2026-06-06T00:00:00Z,2026-06-07T00:00:00Z,True,0.0104722222,vol-0b3d33622e9f24014,EC2 - Other,unallocated
2026-06-06T00:00:00Z,2026-06-07T00:00:00Z,True,0.0029083333,vol-0b3f0a31b08a5b839,EC2 - Other,unallocated
2026-06-06T00:00:00Z,2026-06-07T00:00:00Z,True,0.0046708333,vol-0b5c74fbc35935cd2,EC2 - Other,unallocated
2026-06-06T00:00:00Z,2026-06-07T00:00:00Z,True,0.0020708333,vol-0b607e3fa72d8c520,EC2 - Other,unallocated
2026-06-06T00:00:00Z,2026-06-07T00:00:00Z,True,0.0024111111,vol-0b611ddf1feef0611,EC2 - Other,unallocated
2026-06-06T00:00:00Z,2026-06-07T00:00:00Z,True,0.0037569444,vol-0b6d05d73b05609b1,EC2 - Other,unallocated
2026-06-06T00:00:00Z,2026-06-07T00:00:00Z,True,0.0008208333,vol-0b71e78f06c04f5b0,EC2 - Other,unallocated
2026-06-06T00:00:00Z,2026-06-07T00:00:00Z,True,0.0051819444,vol-0b777cd3dea49229e,EC2 - Other,unallocated
2026-06-06T00:00:00Z,2026-06-07T00:00:00Z,True,0.0027611111,vol-0b7831a55dcee0df5,EC2 - Other,unallocated
2026-06-06T00:00:00Z,2026-06-07T00:00:00Z,True,0.0014805556,vol-0b7acdbc954d725e9,EC2 - Other,unallocated
2026-06-06T00:00:00Z,2026-06-07T00:00:00Z,True,0.0032347222,vol-0b8a46cada2d897d0,EC2 - Other,unallocated
2026-06-06T00:00:00Z,2026-06-07T00:00:00Z,True,0.0008,vol-0b8cf490ed8dbe343,EC2 - Other,unallocated
2026-06-06T00:00:00Z,2026-06-07T00:00:00Z,True,0.0015680556,vol-0b96dc2b625497c9d,EC2 - Other,unallocated
2026-06-06T00:00:00Z,2026-06-07T00:00:00Z,True,0.8959999992,vol-0b99a6dcae2700982,EC2 - Other,dayhoff
2026-06-06T00:00:00Z,2026-06-07T00:00:00Z,True,0.0034597222,vol-0ba5cf3c5e7eb01db,EC2 - Other,unallocated
2026-06-06T00:00:00Z,2026-06-07T00:00:00Z,True,0.0039305556,vol-0baaa296e654bd6b1,EC2 - Other,unallocated
2026-06-06T00:00:00Z,2026-06-07T00:00:00Z,True,0.002025,vol-0bad8cb82b22c16ce,EC2 - Other,unallocated
2026-06-06T00:00:00Z,2026-06-07T00:00:00Z,True,0.0056305556,vol-0bc071fc54ed99f20,EC2 - Other,unallocated
2026-06-06T00:00:00Z,2026-06-07T00:00:00Z,True,0.0020916667,vol-0bc1fcd545ffe6106,EC2 - Other,unallocated
2026-06-06T00:00:00Z,2026-06-07T00:00:00Z,True,0.0018694444,vol-0bca09de8262db35a,EC2 - Other,unallocated
2026-06-06T00:00:00Z,2026-06-07T00:00:00Z,True,0.0022458333,vol-0bdd6fdf2996ad5ac,EC2 - Other,unallocated
2026-06-06T00:00:00Z,2026-06-07T00:00:00Z,True,0.0033194444,vol-0be13f1513c5104de,EC2 - Other,unallocated
2026-06-06T00:00:00Z,2026-06-07T00:00:00Z,True,0.0053541667,vol-0be35ea8dfc63f5da,EC2 - Other,unallocated
2026-06-06T00:00:00Z,2026-06-07T00:00:00Z,True,0.001,vol-0bf52710a224355c2,EC2 - Other,unallocated
2026-06-06T00:00:00Z,2026-06-07T00:00:00Z,True,0.0799999992,vol-0bff19625e45e6e4c,EC2 - Other,unallocated
2026-06-06T00:00:00Z,2026-06-07T00:00:00Z,True,0.002325,vol-0bff3f536997017ca,EC2 - Other,unallocated
2026-06-06T00:00:00Z,2026-06-07T00:00:00Z,True,0.0009888889,vol-0c0c7ab96271330cf,EC2 - Other,unallocated
2026-06-06T00:00:00Z,2026-06-07T00:00:00Z,True,0.0187152778,vol-0c13a9fbecb58ff38,EC2 - Other,unallocated
2026-06-06T00:00:00Z,2026-06-07T00:00:00Z,True,0.624,vol-0c26833469cf6995a,EC2 - Other,unallocated
2026-06-06T00:00:00Z,2026-06-07T00:00:00Z,True,0.0014,vol-0c2945014607f7e5e,EC2 - Other,unallocated
2026-06-06T00:00:00Z,2026-06-07T00:00:00Z,True,0.0052680556,vol-0c3c8bc4949575685,EC2 - Other,unallocated
2026-06-06T00:00:00Z,2026-06-07T00:00:00Z,True,0.0023986111,vol-0c3dc9e3d59d0842c,EC2 - Other,unallocated
2026-06-06T00:00:00Z,2026-06-07T00:00:00Z,True,0.0034597222,vol-0c43c99bcfc7a5578,EC2 - Other,unallocated
2026-06-06T00:00:00Z,2026-06-07T00:00:00Z,True,0.0008861111,vol-0c4b2ec866238848e,EC2 - Other,unallocated
2026-06-06T00:00:00Z,2026-06-07T00:00:00Z,True,0.00165,vol-0c4ec6210a839cdb6,EC2 - Other,unallocated
2026-06-06T00:00:00Z,2026-06-07T00:00:00Z,True,0.0101722222,vol-0c520efa9cf36ce36,EC2 - Other,unallocated
2026-06-06T00:00:00Z,2026-06-07T00:00:00Z,True,0.0037638889,vol-0c583df34f1ed6175,EC2 - Other,unallocated
2026-06-06T00:00:00Z,2026-06-07T00:00:00Z,True,0.0073736111,vol-0c674135ec6cdd2f7,EC2 - Other,unallocated
2026-06-06T00:00:00Z,2026-06-07T00:00:00Z,True,0.8959999992,vol-0c69ba6b467620e14,EC2 - Other,dayhoff
2026-06-06T00:00:00Z,2026-06-07T00:00:00Z,True,0.0030875,vol-0c6d2e01631399e79,EC2 - Other,unallocated
2026-06-06T00:00:00Z,2026-06-07T00:00:00Z,True,0.0008263889,vol-0c71287783b06072d,EC2 - Other,unallocated
2026-06-06T00:00:00Z,2026-06-07T00:00:00Z,True,0.0030986111,vol-0c8c9913c749c37d5,EC2 - Other,unallocated
2026-06-06T00:00:00Z,2026-06-07T00:00:00Z,True,1.1226666672,vol-0c90d4fbaada3820a,EC2 - Other,unallocated
2026-06-06T00:00:00Z,2026-06-07T00:00:00Z,True,0.0014138889,vol-0c9aa8fe3ad53ec91,EC2 - Other,unallocated
2026-06-06T00:00:00Z,2026-06-07T00:00:00Z,True,0.002875,vol-0ca9f7d1b1603c3c7,EC2 - Other,unallocated
2026-06-06T00:00:00Z,2026-06-07T00:00:00Z,True,0.0046527778,vol-0cb55b4394d34a983,EC2 - Other,unallocated
2026-06-06T00:00:00Z,2026-06-07T00:00:00Z,True,0.0040805556,vol-0cbeaa535686ca027,EC2 - Other,unallocated
2026-06-06T00:00:00Z,2026-06-07T00:00:00Z,True,0.0029208333,vol-0cccef54f33251754,EC2 - Other,unallocated
2026-06-06T00:00:00Z,2026-06-07T00:00:00Z,True,0.0031652778,vol-0cd171ead485138dc,EC2 - Other,unallocated
2026-06-06T00:00:00Z,2026-06-07T00:00:00Z,True,0.0071416667,vol-0cdb7e99d40741ef5,EC2 - Other,unallocated
2026-06-06T00:00:00Z,2026-06-07T00:00:00Z,True,0.0059708333,vol-0cdc9c765bf44763a,EC2 - Other,unallocated
2026-06-06T00:00:00Z,2026-06-07T00:00:00Z,True,0.0058402778,vol-0cf85f756ca14b2fc,EC2 - Other,unallocated
2026-06-06T00:00:00Z,2026-06-07T00:00:00Z,True,0.0121361111,vol-0d0504f907c56fb11,EC2 - Other,unallocated
2026-06-06T00:00:00Z,2026-06-07T00:00:00Z,True,0.0050194444,vol-0d1a64b28baed4a9a,EC2 - Other,unallocated
2026-06-06T00:00:00Z,2026-06-07T00:00:00Z,True,0.0047597222,vol-0d20bb4ffae2d87ae,EC2 - Other,unallocated
2026-06-06T00:00:00Z,2026-06-07T00:00:00Z,True,0.0044611111,vol-0d214fbdc9d538b66,EC2 - Other,unallocated
2026-06-06T00:00:00Z,2026-06-07T00:00:00Z,True,0.0018527778,vol-0d3634eba4db34459,EC2 - Other,unallocated
2026-06-06T00:00:00Z,2026-06-07T00:00:00Z,True,0.0016888889,vol-0d432e87bc6e4e10e,EC2 - Other,unallocated
2026-06-06T00:00:00Z,2026-06-07T00:00:00Z,True,0.0057097222,vol-0d4f8e2ab752716ad,EC2 - Other,unallocated
2026-06-06T00:00:00Z,2026-06-07T00:00:00Z,True,0.0180962963,vol-0d521359d5866d85a,EC2 - Other,unallocated
2026-06-06T00:00:00Z,2026-06-07T00:00:00Z,True,0.0040722222,vol-0d565f103410eca0d,EC2 - Other,unallocated
2026-06-06T00:00:00Z,2026-06-07T00:00:00Z,True,0.0025694444,vol-0d684f8dc6cfe26e0,EC2 - Other,unallocated
2026-06-06T00:00:00Z,2026-06-07T00:00:00Z,True,0.0076430556,vol-0d68dcea10f0e102e,EC2 - Other,unallocated
2026-06-06T00:00:00Z,2026-06-07T00:00:00Z,True,0.0373333333,vol-0d81d769d967852e1,EC2 - Other,unallocated
2026-06-06T00:00:00Z,2026-06-07T00:00:00Z,True,0.0051222222,vol-0d9016d4807dec695,EC2 - Other,unallocated
2026-06-06T00:00:00Z,2026-06-07T00:00:00Z,True,0.0017458333,vol-0d926e4c6f0aa18b7,EC2 - Other,unallocated
2026-06-06T00:00:00Z,2026-06-07T00:00:00Z,True,0.0039152778,vol-0d92b66920f852a1d,EC2 - Other,unallocated
2026-06-06T00:00:00Z,2026-06-07T00:00:00Z,True,0.0026680556,vol-0d9d12d71f1381177,EC2 - Other,unallocated
2026-06-06T00:00:00Z,2026-06-07T00:00:00Z,True,0.001675,vol-0da7762c92dd45e61,EC2 - Other,unallocated
2026-06-06T00:00:00Z,2026-06-07T00:00:00Z,True,0.0024083333,vol-0dabd0361eb84d3af,EC2 - Other,unallocated
2026-06-06T00:00:00Z,2026-06-07T00:00:00Z,True,0.0035708333,vol-0db1e34df46ba3ae2,EC2 - Other,unallocated
2026-06-06T00:00:00Z,2026-06-07T00:00:00Z,True,0.0008027778,vol-0dda43f7305428f4d,EC2 - Other,unallocated
2026-06-06T00:00:00Z,2026-06-07T00:00:00Z,True,0.0047611111,vol-0de52a5e26fe64081,EC2 - Other,unallocated
2026-06-06T00:00:00Z,2026-06-07T00:00:00Z,True,0.0055708333,vol-0def6a4e05daa51b9,EC2 - Other,unallocated
2026-06-06T00:00:00Z,2026-06-07T00:00:00Z,True,0.0045638889,vol-0e05d0200f8011b17,EC2 - Other,unallocated
2026-06-06T00:00:00Z,2026-06-07T00:00:00Z,True,0.003425,vol-0e16e3b8f79fa2593,EC2 - Other,unallocated
2026-06-06T00:00:00Z,2026-06-07T00:00:00Z,True,0.0014930556,vol-0e20196d4baa6caef,EC2 - Other,unallocated
2026-06-06T00:00:00Z,2026-06-07T00:00:00Z,True,0.2443362961,vol-0e20bb46174b5aa1d,EC2 - Other,unallocated
2026-06-06T00:00:00Z,2026-06-07T00:00:00Z,True,0.0015208333,vol-0e2121f73df2e7143,EC2 - Other,unallocated
2026-06-06T00:00:00Z,2026-06-07T00:00:00Z,True,0.0014972222,vol-0e2f38fe7d191f343,EC2 - Other,unallocated
2026-06-06T00:00:00Z,2026-06-07T00:00:00Z,True,0.233888889,vol-0e34df95741ceed88,EC2 - Other,unallocated
2026-06-06T00:00:00Z,2026-06-07T00:00:00Z,True,0.0017555556,vol-0e38c859c8d621331,EC2 - Other,unallocated
2026-06-06T00:00:00Z,2026-06-07T00:00:00Z,True,0.0034777778,vol-0e441fc57567d71bc,EC2 - Other,unallocated
2026-06-06T00:00:00Z,2026-06-07T00:00:00Z,True,0.0040902778,vol-0e82524bd48e217b8,EC2 - Other,unallocated
2026-06-06T00:00:00Z,2026-06-07T00:00:00Z,True,0.8959999992,vol-0ea36895cc2b979ac,EC2 - Other,dayhoff
2026-06-06T00:00:00Z,2026-06-07T00:00:00Z,True,0.0037305556,vol-0ea6836843678a489,EC2 - Other,unallocated
2026-06-06T00:00:00Z,2026-06-07T00:00:00Z,True,0.0041694444,vol-0ec4bf5cf3a47fe5c,EC2 - Other,unallocated
2026-06-06T00:00:00Z,2026-06-07T00:00:00Z,True,0.0014847222,vol-0ec4d744ca3bd9d8e,EC2 - Other,unallocated
2026-06-06T00:00:00Z,2026-06-07T00:00:00Z,True,0.0038319444,vol-0ecae212053d5b057,EC2 - Other,unallocated
2026-06-06T00:00:00Z,2026-06-07T00:00:00Z,True,0.0067819444,vol-0ecca04d0ffd95308,EC2 - Other,unallocated
2026-06-06T00:00:00Z,2026-06-07T00:00:00Z,True,0.0012847222,vol-0ed67f03235cf6ec7,EC2 - Other,unallocated
2026-06-06T00:00:00Z,2026-06-07T00:00:00Z,True,0.0037166667,vol-0ee3ec9fb0e6b0836,EC2 - Other,unallocated
2026-06-06T00:00:00Z,2026-06-07T00:00:00Z,True,0.0024013889,vol-0ee96308d70943b6b,EC2 - Other,unallocated
2026-06-06T00:00:00Z,2026-06-07T00:00:00Z,True,0.0020708333,vol-0f08367e02b94efac,EC2 - Other,unallocated
2026-06-06T00:00:00Z,2026-06-07T00:00:00Z,True,0.0010069444,vol-0f0bdc97e63a9d4f3,EC2 - Other,unallocated
2026-06-06T00:00:00Z,2026-06-07T00:00:00Z,True,0.0008722222,vol-0f2310063bf9688fa,EC2 - Other,unallocated
2026-06-06T00:00:00Z,2026-06-07T00:00:00Z,True,0.0023458333,vol-0f459f4c02d8f9258,EC2 - Other,unallocated
2026-06-06T00:00:00Z,2026-06-07T00:00:00Z,True,0.0009013889,vol-0f4a72602032921f5,EC2 - Other,unallocated
2026-06-06T00:00:00Z,2026-06-07T00:00:00Z,True,0.0015902778,vol-0f533f7ef602359e1,EC2 - Other,unallocated
2026-06-06T00:00:00Z,2026-06-07T00:00:00Z,True,1.1226666672,vol-0f5e5d7eec5982fa8,EC2 - Other,unallocated
2026-06-06T00:00:00Z,2026-06-07T00:00:00Z,True,0.00175,vol-0f619ec03e379e6c2,EC2 - Other,unallocated
2026-06-06T00:00:00Z,2026-06-07T00:00:00Z,True,0.0048236111,vol-0f6219a9306717f1f,EC2 - Other,unallocated
2026-06-06T00:00:00Z,2026-06-07T00:00:00Z,True,0.0055569444,vol-0f6775b31b0abf6db,EC2 - Other,unallocated
2026-06-06T00:00:00Z,2026-06-07T00:00:00Z,True,0.0011652778,vol-0f711e088df7eff50,EC2 - Other,unallocated
2026-06-06T00:00:00Z,2026-06-07T00:00:00Z,True,0.0045916667,vol-0f7a87a62944de76c,EC2 - Other,unallocated
2026-06-06T00:00:00Z,2026-06-07T00:00:00Z,True,0.0233022222,vol-0f7bb8a02f2675d33,EC2 - Other,unallocated
2026-06-06T00:00:00Z,2026-06-07T00:00:00Z,True,0.0021597222,vol-0f88d0e5b83f0fb2f,EC2 - Other,unallocated
2026-06-06T00:00:00Z,2026-06-07T00:00:00Z,True,0.0051069444,vol-0f8c2fdde0b68c6d4,EC2 - Other,unallocated
2026-06-06T00:00:00Z,2026-06-07T00:00:00Z,True,0.0020319444,vol-0f91a74cea7db74de,EC2 - Other,unallocated
2026-06-06T00:00:00Z,2026-06-07T00:00:00Z,True,0.0024944444,vol-0f924b8c9930a1042,EC2 - Other,unallocated
2026-06-06T00:00:00Z,2026-06-07T00:00:00Z,True,0.8586666659,vol-0f9efeb41e207d738,EC2 - Other,unallocated
2026-06-06T00:00:00Z,2026-06-07T00:00:00Z,True,0.0064958333,vol-0fa9e49199c62831c,EC2 - Other,unallocated
2026-06-06T00:00:00Z,2026-06-07T00:00:00Z,True,0.0038138889,vol-0fb2c558fa01d152f,EC2 - Other,unallocated
2026-06-06T00:00:00Z,2026-06-07T00:00:00Z,True,0.0029041667,vol-0fb331e313a0dde14,EC2 - Other,unallocated
2026-06-06T00:00:00Z,2026-06-07T00:00:00Z,True,0.0038847222,vol-0fb8b390327ae7d92,EC2 - Other,unallocated
2026-06-06T00:00:00Z,2026-06-07T00:00:00Z,True,0.0046777778,vol-0fbff7c1f4f344a18,EC2 - Other,unallocated
2026-06-06T00:00:00Z,2026-06-07T00:00:00Z,True,0.0077305556,vol-0fc40c400f89b9364,EC2 - Other,unallocated
2026-06-06T00:00:00Z,2026-06-07T00:00:00Z,True,0.0023361111,vol-0fcce0fca6c648144,EC2 - Other,unallocated
2026-06-06T00:00:00Z,2026-06-07T00:00:00Z,True,0.0031013889,vol-0fda8450bbf2d26bb,EC2 - Other,unallocated
2026-06-06T00:00:00Z,2026-06-07T00:00:00Z,True,0.0032569444,vol-0fea9aa63f4775a3c,EC2 - Other,unallocated
2026-06-06T00:00:00Z,2026-06-07T00:00:00Z,True,0.0012069444,vol-0fee219df39d9abbc,EC2 - Other,unallocated
2026-06-06T00:00:00Z,2026-06-07T00:00:00Z,True,0.0022875,vol-0ff6a29c97d52a88a,EC2 - Other,unallocated
2026-06-07T00:00:00Z,2026-06-08T00:00:00Z,True,1.3440009078,arn:aws:ec2:ap-south-1:108782052779:natgateway/nat-01dc061291fc51e75,EC2 - Other,unallocated
2026-06-07T00:00:00Z,2026-06-08T00:00:00Z,True,1.3440003291,arn:aws:ec2:ap-south-1:108782052779:natgateway/nat-05f85018216cac061,EC2 - Other,unallocated
2026-06-07T00:00:00Z,2026-06-08T00:00:00Z,True,0.0802823893,arn:aws:ec2:ap-south-1:108782052779:snapshot/snap-053909bfd492a6457,EC2 - Other,unallocated
2026-06-07T00:00:00Z,2026-06-08T00:00:00Z,True,1.248000328,arn:aws:ec2:eu-central-1:108782052779:natgateway/nat-0a2bfbfedf38f8e87,EC2 - Other,unallocated
2026-06-07T00:00:00Z,2026-06-08T00:00:00Z,True,1.2480004184,arn:aws:ec2:eu-central-1:108782052779:natgateway/nat-0ec6ae9605269bef4,EC2 - Other,unallocated
2026-06-07T00:00:00Z,2026-06-08T00:00:00Z,True,1.0800001601,arn:aws:ec2:us-east-1:108782052779:natgateway/nat-089a96601cfd34f9d,EC2 - Other,dayhoff
2026-06-07T00:00:00Z,2026-06-08T00:00:00Z,True,1.0800001723,arn:aws:ec2:us-west-2:108782052779:natgateway/nat-00246c8ef3b9087f1,EC2 - Other,dayhoff
2026-06-07T00:00:00Z,2026-06-08T00:00:00Z,True,1.0828931124,arn:aws:ec2:us-west-2:108782052779:natgateway/nat-00ac08b685fea726f,EC2 - Other,terrarium
2026-06-07T00:00:00Z,2026-06-08T00:00:00Z,True,6.9771825025,arn:aws:ec2:us-west-2:108782052779:natgateway/nat-00f3c26e43ede9b10,EC2 - Other,unallocated
2026-06-07T00:00:00Z,2026-06-08T00:00:00Z,True,1.0869079654,arn:aws:ec2:us-west-2:108782052779:natgateway/nat-0234e77781575cced,EC2 - Other,terrarium
2026-06-07T00:00:00Z,2026-06-08T00:00:00Z,True,0.0030240885,arn:aws:ec2:us-west-2:108782052779:snapshot/snap-06dc5252fa191f725,EC2 - Other,unallocated
2026-06-07T00:00:00Z,2026-06-08T00:00:00Z,True,0.0016518826,arn:aws:ec2:us-west-2:108782052779:snapshot/snap-078bf0f7717520601,EC2 - Other,unallocated
2026-06-07T00:00:00Z,2026-06-08T00:00:00Z,True,0.0003264703,arn:aws:ec2:us-west-2:108782052779:snapshot/snap-0847cc7cc9b2ccdf0,EC2 - Other,unallocated
2026-06-07T00:00:00Z,2026-06-08T00:00:00Z,True,0.001646186,arn:aws:ec2:us-west-2:108782052779:snapshot/snap-0c0b2a8d01fa24173,EC2 - Other,unallocated
2026-06-07T00:00:00Z,2026-06-08T00:00:00Z,True,1.332604409,arn:aws:ec2:us-west-2:171675361862:natgateway/nat-01432c586ef9dbf51,EC2 - Other,unallocated
2026-06-07T00:00:00Z,2026-06-08T00:00:00Z,True,0.0049544271,arn:aws:ec2:us-west-2:171675361862:snapshot/snap-0093422f7530dd57f,EC2 - Other,unallocated
2026-06-07T00:00:00Z,2026-06-08T00:00:00Z,True,0.0051318359,arn:aws:ec2:us-west-2:171675361862:snapshot/snap-01051ee004e700b1e,EC2 - Other,unallocated
2026-06-07T00:00:00Z,2026-06-08T00:00:00Z,True,0.004831543,arn:aws:ec2:us-west-2:171675361862:snapshot/snap-01617e5cf1a7141a9,EC2 - Other,unallocated
2026-06-07T00:00:00Z,2026-06-08T00:00:00Z,True,0.0065489705,arn:aws:ec2:us-west-2:171675361862:snapshot/snap-0225be64252283430,EC2 - Other,unallocated
2026-06-07T00:00:00Z,2026-06-08T00:00:00Z,True,0.0057283529,arn:aws:ec2:us-west-2:171675361862:snapshot/snap-02e2a477c70bd2d6b,EC2 - Other,unallocated
2026-06-07T00:00:00Z,2026-06-08T00:00:00Z,True,0.0052034505,arn:aws:ec2:us-west-2:171675361862:snapshot/snap-034c0dc963dcc6b4a,EC2 - Other,unallocated
2026-06-07T00:00:00Z,2026-06-08T00:00:00Z,True,0.0051220703,arn:aws:ec2:us-west-2:171675361862:snapshot/snap-0356c62bc9336feef,EC2 - Other,unallocated
2026-06-07T00:00:00Z,2026-06-08T00:00:00Z,True,0.0052278646,arn:aws:ec2:us-west-2:171675361862:snapshot/snap-03e9cddf0760568af,EC2 - Other,unallocated
2026-06-07T00:00:00Z,2026-06-08T00:00:00Z,True,0.0077107747,arn:aws:ec2:us-west-2:171675361862:snapshot/snap-04835772777dad20e,EC2 - Other,unallocated
2026-06-07T00:00:00Z,2026-06-08T00:00:00Z,True,0.005448405,arn:aws:ec2:us-west-2:171675361862:snapshot/snap-049b1328bdd0e2367,EC2 - Other,unallocated
2026-06-07T00:00:00Z,2026-06-08T00:00:00Z,True,0.0071622721,arn:aws:ec2:us-west-2:171675361862:snapshot/snap-05dc35b99f1d66572,EC2 - Other,unallocated
2026-06-07T00:00:00Z,2026-06-08T00:00:00Z,True,0.0059277344,arn:aws:ec2:us-west-2:171675361862:snapshot/snap-068c9cd76d82972c6,EC2 - Other,unallocated
2026-06-07T00:00:00Z,2026-06-08T00:00:00Z,True,0.0049601237,arn:aws:ec2:us-west-2:171675361862:snapshot/snap-0811506c8e0e4c38d,EC2 - Other,unallocated
2026-06-07T00:00:00Z,2026-06-08T00:00:00Z,True,0.0049674479,arn:aws:ec2:us-west-2:171675361862:snapshot/snap-08971cb52b0d65cf4,EC2 - Other,unallocated
2026-06-07T00:00:00Z,2026-06-08T00:00:00Z,True,0.005139974,arn:aws:ec2:us-west-2:171675361862:snapshot/snap-08bba655a6c5cbab1,EC2 - Other,unallocated
2026-06-07T00:00:00Z,2026-06-08T00:00:00Z,True,0.0049023438,arn:aws:ec2:us-west-2:171675361862:snapshot/snap-0912fb835f7ce67e9,EC2 - Other,unallocated
2026-06-07T00:00:00Z,2026-06-08T00:00:00Z,True,0.0051969401,arn:aws:ec2:us-west-2:171675361862:snapshot/snap-0955251ceed89fccd,EC2 - Other,unallocated
2026-06-07T00:00:00Z,2026-06-08T00:00:00Z,True,0.0184960938,arn:aws:ec2:us-west-2:171675361862:snapshot/snap-09b7dcbea493d899c,EC2 - Other,unallocated
2026-06-07T00:00:00Z,2026-06-08T00:00:00Z,True,0.0074602593,arn:aws:ec2:us-west-2:171675361862:snapshot/snap-0a85a694772c6b805,EC2 - Other,unallocated
2026-06-07T00:00:00Z,2026-06-08T00:00:00Z,True,0.0056396484,arn:aws:ec2:us-west-2:171675361862:snapshot/snap-0b57ab838a3d96a1e,EC2 - Other,unallocated
2026-06-07T00:00:00Z,2026-06-08T00:00:00Z,True,0.0114078776,arn:aws:ec2:us-west-2:171675361862:snapshot/snap-0b59545ad20e68906,EC2 - Other,unallocated
2026-06-07T00:00:00Z,2026-06-08T00:00:00Z,True,0.0052132161,arn:aws:ec2:us-west-2:171675361862:snapshot/snap-0bace1a1137e22c44,EC2 - Other,unallocated
2026-06-07T00:00:00Z,2026-06-08T00:00:00Z,True,0.005300293,arn:aws:ec2:us-west-2:171675361862:snapshot/snap-0d0c4af263032230c,EC2 - Other,unallocated
2026-06-07T00:00:00Z,2026-06-08T00:00:00Z,True,0.0049072266,arn:aws:ec2:us-west-2:171675361862:snapshot/snap-0d2a28c3feb1b3215,EC2 - Other,unallocated
2026-06-07T00:00:00Z,2026-06-08T00:00:00Z,True,0.0053548177,arn:aws:ec2:us-west-2:171675361862:snapshot/snap-0d834f9a24c2f6097,EC2 - Other,unallocated
2026-06-07T00:00:00Z,2026-06-08T00:00:00Z,True,0.005164388,arn:aws:ec2:us-west-2:171675361862:snapshot/snap-0daf5245a270f593f,EC2 - Other,unallocated
2026-06-07T00:00:00Z,2026-06-08T00:00:00Z,True,0.0053507487,arn:aws:ec2:us-west-2:171675361862:snapshot/snap-0dd884c697c716097,EC2 - Other,unallocated
2026-06-07T00:00:00Z,2026-06-08T00:00:00Z,True,0.0047631836,arn:aws:ec2:us-west-2:171675361862:snapshot/snap-0ef79544c150b4756,EC2 - Other,unallocated
2026-06-07T00:00:00Z,2026-06-08T00:00:00Z,True,0.0051831055,arn:aws:ec2:us-west-2:171675361862:snapshot/snap-0f167818ffe7feac1,EC2 - Other,unallocated
2026-06-07T00:00:00Z,2026-06-08T00:00:00Z,True,0.0071875,arn:aws:ec2:us-west-2:171675361862:snapshot/snap-0f35a63f136c0ec82,EC2 - Other,unallocated
2026-06-07T00:00:00Z,2026-06-08T00:00:00Z,True,0.0053344727,arn:aws:ec2:us-west-2:171675361862:snapshot/snap-0fbf1eb66ee99723a,EC2 - Other,unallocated
2026-06-07T00:00:00Z,2026-06-08T00:00:00Z,True,0.0128045168,i-0007daa040e97734a,EC2 - Other,unallocated
2026-06-07T00:00:00Z,2026-06-08T00:00:00Z,True,0.0,i-001783ac560712434,EC2 - Other,unallocated
2026-06-07T00:00:00Z,2026-06-08T00:00:00Z,True,0.0,i-00259325f90891a86,EC2 - Other,unallocated
2026-06-07T00:00:00Z,2026-06-08T00:00:00Z,True,0.0,i-004607c9e76825c5d,EC2 - Other,unallocated
2026-06-07T00:00:00Z,2026-06-08T00:00:00Z,True,0.0,i-005b99dac9e42e12a,EC2 - Other,unallocated
2026-06-07T00:00:00Z,2026-06-08T00:00:00Z,True,0.0,i-008156274b1c276e4,EC2 - Other,unallocated
2026-06-07T00:00:00Z,2026-06-08T00:00:00Z,True,0.0,i-008a8767260687aca,EC2 - Other,unallocated
2026-06-07T00:00:00Z,2026-06-08T00:00:00Z,True,0.0,i-00a9d25e0fa9f9a39,EC2 - Other,unallocated
2026-06-07T00:00:00Z,2026-06-08T00:00:00Z,True,0.0,i-00b5ee7b79d813ca7,EC2 - Other,unallocated
2026-06-07T00:00:00Z,2026-06-08T00:00:00Z,True,0.0,i-00c4b82cafcc4e6d5,EC2 - Other,unallocated
2026-06-07T00:00:00Z,2026-06-08T00:00:00Z,True,0.0,i-00f36b249fff97c27,EC2 - Other,unallocated
2026-06-07T00:00:00Z,2026-06-08T00:00:00Z,True,0.0,i-0139a8cd4cb52b804,EC2 - Other,unallocated
2026-06-07T00:00:00Z,2026-06-08T00:00:00Z,True,0.0,i-014657416050587ee,EC2 - Other,unallocated
2026-06-07T00:00:00Z,2026-06-08T00:00:00Z,True,0.0,i-014e071df631ae7a3,EC2 - Other,unallocated
2026-06-07T00:00:00Z,2026-06-08T00:00:00Z,True,0.0,i-018a3a842fcdce249,EC2 - Other,unallocated
2026-06-07T00:00:00Z,2026-06-08T00:00:00Z,True,0.0,i-01b5a0bf1f6fa4a57,EC2 - Other,unallocated
2026-06-07T00:00:00Z,2026-06-08T00:00:00Z,True,0.0,i-01c0fa5fdc19ef523,EC2 - Other,unallocated
2026-06-07T00:00:00Z,2026-06-08T00:00:00Z,True,0.0,i-0201dd0703b0e31a8,EC2 - Other,unallocated
2026-06-07T00:00:00Z,2026-06-08T00:00:00Z,True,0.0,i-020c9465bbc2f507e,EC2 - Other,unallocated
2026-06-07T00:00:00Z,2026-06-08T00:00:00Z,True,0.0,i-0230b71c5b0b1af74,EC2 - Other,unallocated
2026-06-07T00:00:00Z,2026-06-08T00:00:00Z,True,0.0,i-023cf97a746cef4c9,EC2 - Other,unallocated
2026-06-07T00:00:00Z,2026-06-08T00:00:00Z,True,0.0,i-0246951920c60f1cf,EC2 - Other,unallocated
2026-06-07T00:00:00Z,2026-06-08T00:00:00Z,True,0.0,i-02554a54434822339,EC2 - Other,unallocated
2026-06-07T00:00:00Z,2026-06-08T00:00:00Z,True,0.0,i-02558c6d925f6d353,EC2 - Other,unallocated
2026-06-07T00:00:00Z,2026-06-08T00:00:00Z,True,0.0245755646,i-0257a6fe2b31f34ab,EC2 - Other,unallocated
2026-06-07T00:00:00Z,2026-06-08T00:00:00Z,True,0.0,i-025c696cd31ae6b74,EC2 - Other,unallocated
2026-06-07T00:00:00Z,2026-06-08T00:00:00Z,True,0.0,i-02703b0cd91aa87e4,EC2 - Other,unallocated
2026-06-07T00:00:00Z,2026-06-08T00:00:00Z,True,0.0,i-028f4af087e471ead,EC2 - Other,unallocated
2026-06-07T00:00:00Z,2026-06-08T00:00:00Z,True,0.0,i-029712aafaca4c3b9,EC2 - Other,unallocated
2026-06-07T00:00:00Z,2026-06-08T00:00:00Z,True,0.0,i-0297b7c1fbe228c84,EC2 - Other,unallocated
2026-06-07T00:00:00Z,2026-06-08T00:00:00Z,True,0.0,i-02afbc5dbd4ed8d37,EC2 - Other,unallocated
2026-06-07T00:00:00Z,2026-06-08T00:00:00Z,True,0.0,i-02de792f5a138a07d,EC2 - Other,unallocated
2026-06-07T00:00:00Z,2026-06-08T00:00:00Z,True,0.0,i-02dfe627dc162c66a,EC2 - Other,unallocated
2026-06-07T00:00:00Z,2026-06-08T00:00:00Z,True,0.0,i-02e8ec4b7570a3b12,EC2 - Other,unallocated
2026-06-07T00:00:00Z,2026-06-08T00:00:00Z,True,0.0,i-0330e0a3595206e77,EC2 - Other,unallocated
2026-06-07T00:00:00Z,2026-06-08T00:00:00Z,True,6.36e-08,i-0344c2acfc41e3dd9,EC2 - Other,unallocated
2026-06-07T00:00:00Z,2026-06-08T00:00:00Z,True,0.0,i-03684bea94775809a,EC2 - Other,unallocated
2026-06-07T00:00:00Z,2026-06-08T00:00:00Z,True,0.0,i-037d33f7cae86e8a0,EC2 - Other,unallocated
2026-06-07T00:00:00Z,2026-06-08T00:00:00Z,True,0.0,i-0398ce71814515dcd,EC2 - Other,unallocated
2026-06-07T00:00:00Z,2026-06-08T00:00:00Z,True,0.0,i-03c5c2efd03a72ceb,EC2 - Other,unallocated
2026-06-07T00:00:00Z,2026-06-08T00:00:00Z,True,0.0,i-03dc0d5e1db4e8971,EC2 - Other,unallocated
2026-06-07T00:00:00Z,2026-06-08T00:00:00Z,True,0.0,i-03ea03b9a3d20bf24,EC2 - Other,unallocated
2026-06-07T00:00:00Z,2026-06-08T00:00:00Z,True,0.0,i-03ffd410c0a0b1402,EC2 - Other,unallocated
2026-06-07T00:00:00Z,2026-06-08T00:00:00Z,True,0.0,i-040ad8f379da040a3,EC2 - Other,unallocated
2026-06-07T00:00:00Z,2026-06-08T00:00:00Z,True,0.0,i-040cc6f2a43915656,EC2 - Other,unallocated
2026-06-07T00:00:00Z,2026-06-08T00:00:00Z,True,0.0,i-043797f5bb63e079b,EC2 - Other,unallocated
2026-06-07T00:00:00Z,2026-06-08T00:00:00Z,True,0.0,i-0467b2bd8229e7a52,EC2 - Other,unallocated
2026-06-07T00:00:00Z,2026-06-08T00:00:00Z,True,0.0,i-04880983ce667c825,EC2 - Other,unallocated
2026-06-07T00:00:00Z,2026-06-08T00:00:00Z,True,0.0,i-048cdad2f0c5246d2,EC2 - Other,unallocated
2026-06-07T00:00:00Z,2026-06-08T00:00:00Z,True,0.0,i-04a5f753611239f3f,EC2 - Other,unallocated
2026-06-07T00:00:00Z,2026-06-08T00:00:00Z,True,0.0,i-04aee199a81e53e71,EC2 - Other,unallocated
2026-06-07T00:00:00Z,2026-06-08T00:00:00Z,True,0.0,i-04b31226e93091459,EC2 - Other,unallocated
2026-06-07T00:00:00Z,2026-06-08T00:00:00Z,True,3.71803e-05,i-04d3a8c6aae87f818,EC2 - Other,dayhoff
2026-06-07T00:00:00Z,2026-06-08T00:00:00Z,True,0.0,i-050181b1efb2cf468,EC2 - Other,unallocated
2026-06-07T00:00:00Z,2026-06-08T00:00:00Z,True,0.0,i-051798b3dd07c10e2,EC2 - Other,unallocated
2026-06-07T00:00:00Z,2026-06-08T00:00:00Z,True,0.0,i-0525885af3d28c9ff,EC2 - Other,unallocated
2026-06-07T00:00:00Z,2026-06-08T00:00:00Z,True,0.0,i-0526a5171601adfea,EC2 - Other,unallocated
2026-06-07T00:00:00Z,2026-06-08T00:00:00Z,True,0.0,i-05340b52efee5d2bf,EC2 - Other,unallocated
2026-06-07T00:00:00Z,2026-06-08T00:00:00Z,True,1.191e-07,i-05374380b57fad901,EC2 - Other,unallocated
2026-06-07T00:00:00Z,2026-06-08T00:00:00Z,True,0.0,i-0559e478640d6e350,EC2 - Other,unallocated
2026-06-07T00:00:00Z,2026-06-08T00:00:00Z,True,0.0,i-055abe0d8d0448db6,EC2 - Other,unallocated
2026-06-07T00:00:00Z,2026-06-08T00:00:00Z,True,0.0,i-05654c71be48a956c,EC2 - Other,unallocated
2026-06-07T00:00:00Z,2026-06-08T00:00:00Z,True,0.0,i-056d3c7aa6156d5f8,EC2 - Other,unallocated
2026-06-07T00:00:00Z,2026-06-08T00:00:00Z,True,0.0,i-05a41d90ae92f383e,EC2 - Other,unallocated
2026-06-07T00:00:00Z,2026-06-08T00:00:00Z,True,0.0,i-05ab0107053542ec0,EC2 - Other,unallocated
2026-06-07T00:00:00Z,2026-06-08T00:00:00Z,True,0.0,i-05ba34ad8c0b7727d,EC2 - Other,unallocated
2026-06-07T00:00:00Z,2026-06-08T00:00:00Z,True,4.5359e-06,i-05d2f91400f87bdb2,EC2 - Other,unallocated
2026-06-07T00:00:00Z,2026-06-08T00:00:00Z,True,0.0,i-05dca013b9d86a363,EC2 - Other,unallocated
2026-06-07T00:00:00Z,2026-06-08T00:00:00Z,True,0.0771488653,i-05de16a24310099c5,EC2 - Other,dayhoff
2026-06-07T00:00:00Z,2026-06-08T00:00:00Z,True,0.0,i-05f53948450db2ed1,EC2 - Other,unallocated
2026-06-07T00:00:00Z,2026-06-08T00:00:00Z,True,0.0,i-060519b04981b5a64,EC2 - Other,unallocated
2026-06-07T00:00:00Z,2026-06-08T00:00:00Z,True,0.0,i-060ced269794d7f6f,EC2 - Other,unallocated
2026-06-07T00:00:00Z,2026-06-08T00:00:00Z,True,0.0,i-0617e8145ae810753,EC2 - Other,unallocated
2026-06-07T00:00:00Z,2026-06-08T00:00:00Z,True,0.0,i-062f51107aee2e453,EC2 - Other,unallocated
2026-06-07T00:00:00Z,2026-06-08T00:00:00Z,True,0.0,i-06424b086106abbbd,EC2 - Other,unallocated
2026-06-07T00:00:00Z,2026-06-08T00:00:00Z,True,0.0069683003,i-064f2be62adc086c2,EC2 - Other,unallocated
2026-06-07T00:00:00Z,2026-06-08T00:00:00Z,True,0.0,i-065fde3998306fe60,EC2 - Other,unallocated
2026-06-07T00:00:00Z,2026-06-08T00:00:00Z,True,0.0,i-06743f995c6f59adb,EC2 - Other,unallocated
2026-06-07T00:00:00Z,2026-06-08T00:00:00Z,True,0.0,i-067de74d23a36bb84,EC2 - Other,unallocated
2026-06-07T00:00:00Z,2026-06-08T00:00:00Z,True,2.81321e-05,i-068f3aad2bedb9fa6,EC2 - Other,dayhoff
2026-06-07T00:00:00Z,2026-06-08T00:00:00Z,True,0.0,i-07197a22709d828fe,EC2 - Other,unallocated
2026-06-07T00:00:00Z,2026-06-08T00:00:00Z,True,0.0,i-072663bdcc67c4575,EC2 - Other,unallocated
2026-06-07T00:00:00Z,2026-06-08T00:00:00Z,True,0.0,i-0730d036b6eaf9481,EC2 - Other,unallocated
2026-06-07T00:00:00Z,2026-06-08T00:00:00Z,True,0.0,i-073258ad62bfa1ec5,EC2 - Other,unallocated
2026-06-07T00:00:00Z,2026-06-08T00:00:00Z,True,0.0,i-073f3e5c30dc2b1ab,EC2 - Other,unallocated
2026-06-07T00:00:00Z,2026-06-08T00:00:00Z,True,0.0,i-0741444c3647e4e6f,EC2 - Other,unallocated
2026-06-07T00:00:00Z,2026-06-08T00:00:00Z,True,0.0,i-0746dfd7171a15954,EC2 - Other,unallocated
2026-06-07T00:00:00Z,2026-06-08T00:00:00Z,True,0.0,i-076520c795d2055da,EC2 - Other,unallocated
2026-06-07T00:00:00Z,2026-06-08T00:00:00Z,True,0.0,i-0768d4e8d2071d302,EC2 - Other,unallocated
2026-06-07T00:00:00Z,2026-06-08T00:00:00Z,True,0.0,i-07761dfa9d998a505,EC2 - Other,unallocated
2026-06-07T00:00:00Z,2026-06-08T00:00:00Z,True,0.0,i-078d2c56d9433ddf9,EC2 - Other,unallocated
2026-06-07T00:00:00Z,2026-06-08T00:00:00Z,True,0.0034470953,i-07943c205ca7359a0,EC2 - Other,unallocated
2026-06-07T00:00:00Z,2026-06-08T00:00:00Z,True,0.003677055,i-07df3a933e4839f52,EC2 - Other,dayhoff
2026-06-07T00:00:00Z,2026-06-08T00:00:00Z,True,0.0,i-07efb38e8b25bcee1,EC2 - Other,unallocated
2026-06-07T00:00:00Z,2026-06-08T00:00:00Z,True,0.0,i-0808da8af51707ace,EC2 - Other,unallocated
2026-06-07T00:00:00Z,2026-06-08T00:00:00Z,True,0.0,i-08249f085fb798942,EC2 - Other,unallocated
2026-06-07T00:00:00Z,2026-06-08T00:00:00Z,True,0.0,i-0826e7f74cbeff4e5,EC2 - Other,unallocated
2026-06-07T00:00:00Z,2026-06-08T00:00:00Z,True,0.0,i-0829b289cb0fa4bad,EC2 - Other,unallocated
2026-06-07T00:00:00Z,2026-06-08T00:00:00Z,True,0.0,i-08373fb0600c82c78,EC2 - Other,unallocated
2026-06-07T00:00:00Z,2026-06-08T00:00:00Z,True,0.0,i-084e13a8f669156bc,EC2 - Other,unallocated
2026-06-07T00:00:00Z,2026-06-08T00:00:00Z,True,0.0,i-0853c3ffd7ca66807,EC2 - Other,unallocated
2026-06-07T00:00:00Z,2026-06-08T00:00:00Z,True,0.0,i-08764007aaa22d811,EC2 - Other,unallocated
2026-06-07T00:00:00Z,2026-06-08T00:00:00Z,True,0.0,i-08799908168ad0e73,EC2 - Other,unallocated
2026-06-07T00:00:00Z,2026-06-08T00:00:00Z,True,0.0,i-08970a219d8801758,EC2 - Other,unallocated
2026-06-07T00:00:00Z,2026-06-08T00:00:00Z,True,0.0,i-089cf0743bc3dc060,EC2 - Other,unallocated
2026-06-07T00:00:00Z,2026-06-08T00:00:00Z,True,0.0,i-08ae511d2be7c7ae3,EC2 - Other,unallocated
2026-06-07T00:00:00Z,2026-06-08T00:00:00Z,True,0.0,i-08b37c8349724c9f6,EC2 - Other,unallocated
2026-06-07T00:00:00Z,2026-06-08T00:00:00Z,True,0.0,i-090cc28a870f3a286,EC2 - Other,unallocated
2026-06-07T00:00:00Z,2026-06-08T00:00:00Z,True,0.003615946,i-09126000eb19643b0,EC2 - Other,dayhoff
2026-06-07T00:00:00Z,2026-06-08T00:00:00Z,True,0.0,i-091d64c9376aba674,EC2 - Other,unallocated
2026-06-07T00:00:00Z,2026-06-08T00:00:00Z,True,0.0,i-093397607d3b6dd28,EC2 - Other,unallocated
2026-06-07T00:00:00Z,2026-06-08T00:00:00Z,True,0.0,i-094624c1738a3cd25,EC2 - Other,unallocated
2026-06-07T00:00:00Z,2026-06-08T00:00:00Z,True,0.0,i-094979c0ac289ac22,EC2 - Other,unallocated
2026-06-07T00:00:00Z,2026-06-08T00:00:00Z,True,0.0,i-0995cfe0c00d315c5,EC2 - Other,unallocated
2026-06-07T00:00:00Z,2026-06-08T00:00:00Z,True,0.0,i-09bc60b80572e139c,EC2 - Other,unallocated
2026-06-07T00:00:00Z,2026-06-08T00:00:00Z,True,0.0,i-09c0f2db43cae3457,EC2 - Other,unallocated
2026-06-07T00:00:00Z,2026-06-08T00:00:00Z,True,0.0,i-09e5e4bef9a577058,EC2 - Other,unallocated
2026-06-07T00:00:00Z,2026-06-08T00:00:00Z,True,0.0290648566,i-09f4779e2a3d0393e,EC2 - Other,unallocated
2026-06-07T00:00:00Z,2026-06-08T00:00:00Z,True,1.678e-06,i-09f66b3f11ea42c60,EC2 - Other,unallocated
2026-06-07T00:00:00Z,2026-06-08T00:00:00Z,True,0.0,i-09f77dd817f26ac28,EC2 - Other,unallocated
2026-06-07T00:00:00Z,2026-06-08T00:00:00Z,True,0.0,i-0a01240e82d774f7f,EC2 - Other,unallocated
2026-06-07T00:00:00Z,2026-06-08T00:00:00Z,True,0.0,i-0a07d784c2548f675,EC2 - Other,unallocated
2026-06-07T00:00:00Z,2026-06-08T00:00:00Z,True,0.0,i-0a08eddcedea5469f,EC2 - Other,unallocated
2026-06-07T00:00:00Z,2026-06-08T00:00:00Z,True,0.0,i-0a2592e37ca03ab49,EC2 - Other,unallocated
2026-06-07T00:00:00Z,2026-06-08T00:00:00Z,True,0.0,i-0a27ce00daa0f730f,EC2 - Other,unallocated
2026-06-07T00:00:00Z,2026-06-08T00:00:00Z,True,0.0,i-0a2b27b5d39a8e1ac,EC2 - Other,unallocated
2026-06-07T00:00:00Z,2026-06-08T00:00:00Z,True,0.0,i-0a32394ac17804527,EC2 - Other,unallocated
2026-06-07T00:00:00Z,2026-06-08T00:00:00Z,True,0.0,i-0a3703318fb2482a2,EC2 - Other,unallocated
2026-06-07T00:00:00Z,2026-06-08T00:00:00Z,True,0.0,i-0a51de799af69adad,EC2 - Other,unallocated
2026-06-07T00:00:00Z,2026-06-08T00:00:00Z,True,0.0,i-0a6f3fe8a8fea2263,EC2 - Other,unallocated
2026-06-07T00:00:00Z,2026-06-08T00:00:00Z,True,3.05496e-05,i-0a70e6af119b993f3,EC2 - Other,dayhoff
2026-06-07T00:00:00Z,2026-06-08T00:00:00Z,True,0.0,i-0a7193f2512cab8c2,EC2 - Other,unallocated
2026-06-07T00:00:00Z,2026-06-08T00:00:00Z,True,0.0073626464,i-0a7e7b78e94db1d24,EC2 - Other,unallocated
2026-06-07T00:00:00Z,2026-06-08T00:00:00Z,True,0.0,i-0a9108c8caf7e3b6b,EC2 - Other,unallocated
2026-06-07T00:00:00Z,2026-06-08T00:00:00Z,True,0.0604270713,i-0aa0e7256a6e93fe5,EC2 - Other,unallocated
2026-06-07T00:00:00Z,2026-06-08T00:00:00Z,True,1.451e-06,i-0ab7116abc8229a16,EC2 - Other,unallocated
2026-06-07T00:00:00Z,2026-06-08T00:00:00Z,True,0.0,i-0abb6e7fd80b82715,EC2 - Other,unallocated
2026-06-07T00:00:00Z,2026-06-08T00:00:00Z,True,0.0,i-0abf165d0c6833383,EC2 - Other,unallocated
2026-06-07T00:00:00Z,2026-06-08T00:00:00Z,True,0.0,i-0acef443c9c0cff1a,EC2 - Other,unallocated
2026-06-07T00:00:00Z,2026-06-08T00:00:00Z,True,0.0,i-0ad55a6412b725415,EC2 - Other,unallocated
2026-06-07T00:00:00Z,2026-06-08T00:00:00Z,True,0.0,i-0add6fca0bcf5de35,EC2 - Other,unallocated
2026-06-07T00:00:00Z,2026-06-08T00:00:00Z,True,0.0,i-0ae1c575cc3ba6b17,EC2 - Other,unallocated
2026-06-07T00:00:00Z,2026-06-08T00:00:00Z,True,0.0,i-0af1cfd086d2a9ab4,EC2 - Other,unallocated
2026-06-07T00:00:00Z,2026-06-08T00:00:00Z,True,0.0,i-0afbfae7a0cb6fc28,EC2 - Other,unallocated
2026-06-07T00:00:00Z,2026-06-08T00:00:00Z,True,0.0,i-0b03ad5760ea163d9,EC2 - Other,unallocated
2026-06-07T00:00:00Z,2026-06-08T00:00:00Z,True,0.0,i-0b06c638f3f68f8a8,EC2 - Other,unallocated
2026-06-07T00:00:00Z,2026-06-08T00:00:00Z,True,0.0,i-0b0879924b5a307da,EC2 - Other,unallocated
2026-06-07T00:00:00Z,2026-06-08T00:00:00Z,True,0.0,i-0b34dae412efde22e,EC2 - Other,unallocated
2026-06-07T00:00:00Z,2026-06-08T00:00:00Z,True,0.0,i-0b47cc938bff23c21,EC2 - Other,unallocated
2026-06-07T00:00:00Z,2026-06-08T00:00:00Z,True,0.0,i-0b59227318fb92b58,EC2 - Other,unallocated
2026-06-07T00:00:00Z,2026-06-08T00:00:00Z,True,0.0,i-0b5c3ccc0fb26590e,EC2 - Other,unallocated
2026-06-07T00:00:00Z,2026-06-08T00:00:00Z,True,3.01331e-05,i-0b6713cc15f74d360,EC2 - Other,dayhoff
2026-06-07T00:00:00Z,2026-06-08T00:00:00Z,True,0.0,i-0b8304681a40fe7ca,EC2 - Other,unallocated
2026-06-07T00:00:00Z,2026-06-08T00:00:00Z,True,0.0,i-0b90ee76ad7b7c53a,EC2 - Other,unallocated
2026-06-07T00:00:00Z,2026-06-08T00:00:00Z,True,0.0,i-0b97201436eb66b08,EC2 - Other,unallocated
2026-06-07T00:00:00Z,2026-06-08T00:00:00Z,True,0.0,i-0b98708173104cbc0,EC2 - Other,unallocated
2026-06-07T00:00:00Z,2026-06-08T00:00:00Z,True,0.0,i-0b99d9b1e073ec1e0,EC2 - Other,unallocated
2026-06-07T00:00:00Z,2026-06-08T00:00:00Z,True,0.0,i-0b9fee33b337ab9fc,EC2 - Other,unallocated
2026-06-07T00:00:00Z,2026-06-08T00:00:00Z,True,0.0,i-0bbd386703da34897,EC2 - Other,unallocated
2026-06-07T00:00:00Z,2026-06-08T00:00:00Z,True,0.0,i-0bdcfef5997fc3343,EC2 - Other,unallocated
2026-06-07T00:00:00Z,2026-06-08T00:00:00Z,True,0.0,i-0be454372b3541923,EC2 - Other,unallocated
2026-06-07T00:00:00Z,2026-06-08T00:00:00Z,True,0.0,i-0c1a81925a2843bb8,EC2 - Other,unallocated
2026-06-07T00:00:00Z,2026-06-08T00:00:00Z,True,0.0,i-0c32db4338034e772,EC2 - Other,unallocated
2026-06-07T00:00:00Z,2026-06-08T00:00:00Z,True,0.0,i-0c404f5bf8f536b2b,EC2 - Other,unallocated
2026-06-07T00:00:00Z,2026-06-08T00:00:00Z,True,0.0,i-0c4eea5853e00efd0,EC2 - Other,unallocated
2026-06-07T00:00:00Z,2026-06-08T00:00:00Z,True,0.0,i-0cfe927f7ac8427fb,EC2 - Other,unallocated
2026-06-07T00:00:00Z,2026-06-08T00:00:00Z,True,0.0,i-0d1cad8baeb3cce37,EC2 - Other,unallocated
2026-06-07T00:00:00Z,2026-06-08T00:00:00Z,True,0.0,i-0d2c4a99bb21cad0f,EC2 - Other,unallocated
2026-06-07T00:00:00Z,2026-06-08T00:00:00Z,True,0.0,i-0d47564037adc138a,EC2 - Other,unallocated
2026-06-07T00:00:00Z,2026-06-08T00:00:00Z,True,0.0026709636,i-0d552e1e480ada213,EC2 - Other,unallocated
2026-06-07T00:00:00Z,2026-06-08T00:00:00Z,True,0.0,i-0d5dff733fe05ca40,EC2 - Other,unallocated
2026-06-07T00:00:00Z,2026-06-08T00:00:00Z,True,0.0,i-0da2377776e85b5d6,EC2 - Other,unallocated
2026-06-07T00:00:00Z,2026-06-08T00:00:00Z,True,0.0,i-0db1b29a8801e1870,EC2 - Other,unallocated
2026-06-07T00:00:00Z,2026-06-08T00:00:00Z,True,0.0768255909,i-0db26b68f03a4a787,EC2 - Other,unallocated
2026-06-07T00:00:00Z,2026-06-08T00:00:00Z,True,0.0,i-0dbee2cfa5b524ed0,EC2 - Other,unallocated
2026-06-07T00:00:00Z,2026-06-08T00:00:00Z,True,0.0,i-0dce559596c96fa25,EC2 - Other,unallocated
2026-06-07T00:00:00Z,2026-06-08T00:00:00Z,True,0.0,i-0de9be84c77c09e7a,EC2 - Other,unallocated
2026-06-07T00:00:00Z,2026-06-08T00:00:00Z,True,3.76792e-05,i-0de9e3f8d3208cf03,EC2 - Other,dayhoff
2026-06-07T00:00:00Z,2026-06-08T00:00:00Z,True,0.0,i-0dea49e77913e9c3d,EC2 - Other,unallocated
2026-06-07T00:00:00Z,2026-06-08T00:00:00Z,True,0.0,i-0df4b34533ecfa5cb,EC2 - Other,unallocated
2026-06-07T00:00:00Z,2026-06-08T00:00:00Z,True,0.0,i-0e0297fdbc1ff23c6,EC2 - Other,unallocated
2026-06-07T00:00:00Z,2026-06-08T00:00:00Z,True,0.0,i-0e3c8b3c1787aeb7c,EC2 - Other,unallocated
2026-06-07T00:00:00Z,2026-06-08T00:00:00Z,True,0.0,i-0e4ee9b9818328755,EC2 - Other,unallocated
2026-06-07T00:00:00Z,2026-06-08T00:00:00Z,True,0.0,i-0e550671a6071e0b5,EC2 - Other,unallocated
2026-06-07T00:00:00Z,2026-06-08T00:00:00Z,True,3.71123e-05,i-0e70fab85d559c615,EC2 - Other,dayhoff
2026-06-07T00:00:00Z,2026-06-08T00:00:00Z,True,0.0,i-0eb2eb78eb043c11f,EC2 - Other,unallocated
2026-06-07T00:00:00Z,2026-06-08T00:00:00Z,True,0.0,i-0ec829ef54cc22160,EC2 - Other,unallocated
2026-06-07T00:00:00Z,2026-06-08T00:00:00Z,True,0.0,i-0ed80d0a2ee6f563d,EC2 - Other,unallocated
2026-06-07T00:00:00Z,2026-06-08T00:00:00Z,True,0.0,i-0edc71588d43b3c1d,EC2 - Other,unallocated
2026-06-07T00:00:00Z,2026-06-08T00:00:00Z,True,0.0,i-0f1d70f5fe982889b,EC2 - Other,unallocated
2026-06-07T00:00:00Z,2026-06-08T00:00:00Z,True,0.0,i-0f26c13c0b60e9527,EC2 - Other,unallocated
2026-06-07T00:00:00Z,2026-06-08T00:00:00Z,True,0.0,i-0f324b3903ad81c02,EC2 - Other,unallocated
2026-06-07T00:00:00Z,2026-06-08T00:00:00Z,True,0.0,i-0f43992c882f89c9e,EC2 - Other,unallocated
2026-06-07T00:00:00Z,2026-06-08T00:00:00Z,True,0.0,i-0f47a6082b6f0e665,EC2 - Other,unallocated
2026-06-07T00:00:00Z,2026-06-08T00:00:00Z,True,0.0,i-0f56f0c650e39e6b6,EC2 - Other,unallocated
2026-06-07T00:00:00Z,2026-06-08T00:00:00Z,True,0.0,i-0f58bae03c75ccdaa,EC2 - Other,unallocated
2026-06-07T00:00:00Z,2026-06-08T00:00:00Z,True,9.83843e-05,i-0f5fb7f4318358cf5,EC2 - Other,unallocated
2026-06-07T00:00:00Z,2026-06-08T00:00:00Z,True,0.0,i-0f6841aff376764a7,EC2 - Other,unallocated
2026-06-07T00:00:00Z,2026-06-08T00:00:00Z,True,0.0,i-0f69c3274bf3300a4,EC2 - Other,unallocated
2026-06-07T00:00:00Z,2026-06-08T00:00:00Z,True,0.0,i-0f92972d417a09d83,EC2 - Other,unallocated
2026-06-07T00:00:00Z,2026-06-08T00:00:00Z,True,0.0,i-0fd7fc7ed981f17a9,EC2 - Other,unallocated
2026-06-07T00:00:00Z,2026-06-08T00:00:00Z,True,0.0,i-0fe66cc035364e73f,EC2 - Other,unallocated
2026-06-07T00:00:00Z,2026-06-08T00:00:00Z,True,0.0,i-0ff792a4267ef2a3c,EC2 - Other,unallocated
2026-06-07T00:00:00Z,2026-06-08T00:00:00Z,True,0.0,i-0ff87c2814c008d89,EC2 - Other,unallocated
2026-06-07T00:00:00Z,2026-06-08T00:00:00Z,True,0.0,i-0ff9202a941668440,EC2 - Other,unallocated
2026-06-07T00:00:00Z,2026-06-08T00:00:00Z,True,0.0,i-0ffb103af08d42dac,EC2 - Other,unallocated
2026-06-07T00:00:00Z,2026-06-08T00:00:00Z,True,0.0089402778,vol-001d204bfdeefe1ca,EC2 - Other,unallocated
2026-06-07T00:00:00Z,2026-06-08T00:00:00Z,True,0.0005513889,vol-001d76ef96fc95974,EC2 - Other,unallocated
2026-06-07T00:00:00Z,2026-06-08T00:00:00Z,True,0.0047361111,vol-00218782d949cd8eb,EC2 - Other,unallocated
2026-06-07T00:00:00Z,2026-06-08T00:00:00Z,True,0.004475,vol-002a8e0ffceabdfe0,EC2 - Other,unallocated
2026-06-07T00:00:00Z,2026-06-08T00:00:00Z,True,0.0016097222,vol-004780ee00ec56a0e,EC2 - Other,unallocated
2026-06-07T00:00:00Z,2026-06-08T00:00:00Z,True,0.0032722222,vol-004b14f5612d1d6c5,EC2 - Other,unallocated
2026-06-07T00:00:00Z,2026-06-08T00:00:00Z,True,0.0799999992,vol-0054217b60d3a15d8,EC2 - Other,unallocated
2026-06-07T00:00:00Z,2026-06-08T00:00:00Z,True,0.0091055556,vol-0060134a30376705d,EC2 - Other,unallocated
2026-06-07T00:00:00Z,2026-06-08T00:00:00Z,True,0.0033166667,vol-006e1ae24dc8c04fc,EC2 - Other,unallocated
2026-06-07T00:00:00Z,2026-06-08T00:00:00Z,True,0.0018652778,vol-00ad000420342a999,EC2 - Other,unallocated
2026-06-07T00:00:00Z,2026-06-08T00:00:00Z,True,0.0304152778,vol-00c70fcb40c97f288,EC2 - Other,unallocated
2026-06-07T00:00:00Z,2026-06-08T00:00:00Z,True,0.8959999992,vol-00cbb7ba932dbd3a4,EC2 - Other,unallocated
2026-06-07T00:00:00Z,2026-06-08T00:00:00Z,True,0.0026416667,vol-00f18bef44942ad6c,EC2 - Other,unallocated
2026-06-07T00:00:00Z,2026-06-08T00:00:00Z,True,0.0054722222,vol-01005038f040da286,EC2 - Other,unallocated
2026-06-07T00:00:00Z,2026-06-08T00:00:00Z,True,0.0056875,vol-011c27aa018e928d8,EC2 - Other,unallocated
2026-06-07T00:00:00Z,2026-06-08T00:00:00Z,True,0.0128402778,vol-0120264d44bd96296,EC2 - Other,unallocated
2026-06-07T00:00:00Z,2026-06-08T00:00:00Z,True,0.0037805556,vol-01280ed1b7f9fc607,EC2 - Other,unallocated
2026-06-07T00:00:00Z,2026-06-08T00:00:00Z,True,0.0085708333,vol-01520daff3e71359d,EC2 - Other,unallocated
2026-06-07T00:00:00Z,2026-06-08T00:00:00Z,True,0.0023805556,vol-01531a5017f5cdb6e,EC2 - Other,unallocated
2026-06-07T00:00:00Z,2026-06-08T00:00:00Z,True,0.0002263889,vol-016ee056676814f83,EC2 - Other,unallocated
2026-06-07T00:00:00Z,2026-06-08T00:00:00Z,True,0.0033111111,vol-01776a9ee9baf27c7,EC2 - Other,unallocated
2026-06-07T00:00:00Z,2026-06-08T00:00:00Z,True,0.0058333333,vol-01898d0a7bf9e92e7,EC2 - Other,unallocated
2026-06-07T00:00:00Z,2026-06-08T00:00:00Z,True,0.0037611111,vol-0195491ac46e75839,EC2 - Other,unallocated
2026-06-07T00:00:00Z,2026-06-08T00:00:00Z,True,0.0046555556,vol-019fc4ba0e3f5177a,EC2 - Other,unallocated
2026-06-07T00:00:00Z,2026-06-08T00:00:00Z,True,0.1882935495,vol-01c1767c24b9ae01c,EC2 - Other,unallocated
2026-06-07T00:00:00Z,2026-06-08T00:00:00Z,True,0.0021736111,vol-01d7f359715aa781e,EC2 - Other,unallocated
2026-06-07T00:00:00Z,2026-06-08T00:00:00Z,True,0.0049375,vol-01e3a0fd15a325247,EC2 - Other,unallocated
2026-06-07T00:00:00Z,2026-06-08T00:00:00Z,True,0.0043125,vol-01feefcf30988094d,EC2 - Other,unallocated
2026-06-07T00:00:00Z,2026-06-08T00:00:00Z,True,0.0032875,vol-0206819f08dc617d2,EC2 - Other,unallocated
2026-06-07T00:00:00Z,2026-06-08T00:00:00Z,True,0.0042902778,vol-0242ce13a1ae9e277,EC2 - Other,unallocated
2026-06-07T00:00:00Z,2026-06-08T00:00:00Z,True,0.0036277778,vol-0265dd571b9396b43,EC2 - Other,unallocated
2026-06-07T00:00:00Z,2026-06-08T00:00:00Z,True,0.0016930556,vol-0280764beb18e570a,EC2 - Other,unallocated
2026-06-07T00:00:00Z,2026-06-08T00:00:00Z,True,0.0096069444,vol-02a34f86f01984e0f,EC2 - Other,unallocated
2026-06-07T00:00:00Z,2026-06-08T00:00:00Z,True,0.0030472222,vol-02aadeb50b5ad9680,EC2 - Other,unallocated
2026-06-07T00:00:00Z,2026-06-08T00:00:00Z,True,0.0533333328,vol-02caa6b741e86c280,EC2 - Other,unallocated
2026-06-07T00:00:00Z,2026-06-08T00:00:00Z,True,0.0273458333,vol-02cd8bb295bc01371,EC2 - Other,unallocated
2026-06-07T00:00:00Z,2026-06-08T00:00:00Z,True,0.0021263889,vol-02d480d34a6d0e9f4,EC2 - Other,unallocated
2026-06-07T00:00:00Z,2026-06-08T00:00:00Z,True,0.0028736111,vol-02ee3452a3112c5a7,EC2 - Other,unallocated
2026-06-07T00:00:00Z,2026-06-08T00:00:00Z,True,0.0084986111,vol-03283a5a3e0292230,EC2 - Other,unallocated
2026-06-07T00:00:00Z,2026-06-08T00:00:00Z,True,0.0029986111,vol-03743dfb8939f83c2,EC2 - Other,unallocated
2026-06-07T00:00:00Z,2026-06-08T00:00:00Z,True,0.0070125,vol-03910e80927e395fb,EC2 - Other,unallocated
2026-06-07T00:00:00Z,2026-06-08T00:00:00Z,True,0.8959999992,vol-0392bc7824a1e81e8,EC2 - Other,dayhoff
2026-06-07T00:00:00Z,2026-06-08T00:00:00Z,True,0.0043180556,vol-0399986068213f956,EC2 - Other,unallocated
2026-06-07T00:00:00Z,2026-06-08T00:00:00Z,True,0.0021513889,vol-03a063cf4c4bd6b86,EC2 - Other,unallocated
2026-06-07T00:00:00Z,2026-06-08T00:00:00Z,True,0.0015027778,vol-03a4876f58c7afe86,EC2 - Other,unallocated
2026-06-07T00:00:00Z,2026-06-08T00:00:00Z,True,0.0022763889,vol-03b195d7291e399dd,EC2 - Other,unallocated
2026-06-07T00:00:00Z,2026-06-08T00:00:00Z,True,0.0032263889,vol-03d17b8f5fdd52b1f,EC2 - Other,unallocated
2026-06-07T00:00:00Z,2026-06-08T00:00:00Z,True,0.00255,vol-03d3d30d36f467580,EC2 - Other,unallocated
2026-06-07T00:00:00Z,2026-06-08T00:00:00Z,True,0.0253888889,vol-03dedc555102f3da4,EC2 - Other,unallocated
2026-06-07T00:00:00Z,2026-06-08T00:00:00Z,True,0.0070875,vol-03e2f14a982e44edf,EC2 - Other,unallocated
2026-06-07T00:00:00Z,2026-06-08T00:00:00Z,True,0.0049791667,vol-03f821573d10b4701,EC2 - Other,unallocated
2026-06-07T00:00:00Z,2026-06-08T00:00:00Z,True,1.1226666672,vol-042a5f5daead20490,EC2 - Other,unallocated
2026-06-07T00:00:00Z,2026-06-08T00:00:00Z,True,0.8959999992,vol-04646998d6f1fd325,EC2 - Other,dayhoff
2026-06-07T00:00:00Z,2026-06-08T00:00:00Z,True,0.0059652778,vol-046c8d0669d39b625,EC2 - Other,unallocated
2026-06-07T00:00:00Z,2026-06-08T00:00:00Z,True,0.0027333333,vol-04b0fd59ddfdf0fde,EC2 - Other,unallocated
2026-06-07T00:00:00Z,2026-06-08T00:00:00Z,True,0.0094208333,vol-04d17a2c7907cb33d,EC2 - Other,unallocated
2026-06-07T00:00:00Z,2026-06-08T00:00:00Z,True,0.0018736111,vol-04ddcd88f3f0af7a8,EC2 - Other,unallocated
2026-06-07T00:00:00Z,2026-06-08T00:00:00Z,True,0.0068569444,vol-04f2bb0c20d53e6a3,EC2 - Other,unallocated
2026-06-07T00:00:00Z,2026-06-08T00:00:00Z,True,0.0036972222,vol-04ff1376087e4e6d0,EC2 - Other,unallocated
2026-06-07T00:00:00Z,2026-06-08T00:00:00Z,True,0.0036861111,vol-0559873760e7382b0,EC2 - Other,unallocated
2026-06-07T00:00:00Z,2026-06-08T00:00:00Z,True,0.0023916667,vol-0595c8ba1d8f716a0,EC2 - Other,unallocated
2026-06-07T00:00:00Z,2026-06-08T00:00:00Z,True,0.0079652778,vol-05a75cf5ea186f172,EC2 - Other,unallocated
2026-06-07T00:00:00Z,2026-06-08T00:00:00Z,True,0.0022347222,vol-05aceaf05870f1061,EC2 - Other,unallocated
2026-06-07T00:00:00Z,2026-06-08T00:00:00Z,True,0.0284958333,vol-05bb0eb91f35443b4,EC2 - Other,unallocated
2026-06-07T00:00:00Z,2026-06-08T00:00:00Z,True,0.0040708333,vol-05d194efcef7845da,EC2 - Other,unallocated
2026-06-07T00:00:00Z,2026-06-08T00:00:00Z,True,0.0101916667,vol-05fb80c1c555c1fbe,EC2 - Other,unallocated
2026-06-07T00:00:00Z,2026-06-08T00:00:00Z,True,0.0050722222,vol-05feb1c40a4702caf,EC2 - Other,unallocated
2026-06-07T00:00:00Z,2026-06-08T00:00:00Z,True,0.0024972222,vol-0606f938b8e264d52,EC2 - Other,unallocated
2026-06-07T00:00:00Z,2026-06-08T00:00:00Z,True,0.0107902778,vol-06078fd956b451bca,EC2 - Other,unallocated
2026-06-07T00:00:00Z,2026-06-08T00:00:00Z,True,0.0051055556,vol-061396488e9182951,EC2 - Other,unallocated
2026-06-07T00:00:00Z,2026-06-08T00:00:00Z,True,0.0016125,vol-06252f82c775a2178,EC2 - Other,unallocated
2026-06-07T00:00:00Z,2026-06-08T00:00:00Z,True,0.0015458333,vol-063be8f3700e96ca8,EC2 - Other,unallocated
2026-06-07T00:00:00Z,2026-06-08T00:00:00Z,True,0.0126518518,vol-063d59388462043c6,EC2 - Other,unallocated
2026-06-07T00:00:00Z,2026-06-08T00:00:00Z,True,0.0018986111,vol-064ea1597c12d7b3f,EC2 - Other,unallocated
2026-06-07T00:00:00Z,2026-06-08T00:00:00Z,True,1.1226666672,vol-066a8039bbbe64479,EC2 - Other,unallocated
2026-06-07T00:00:00Z,2026-06-08T00:00:00Z,True,1.1226666672,vol-067169329e7a92af1,EC2 - Other,unallocated
2026-06-07T00:00:00Z,2026-06-08T00:00:00Z,True,0.0086236111,vol-0680298af0fec6c80,EC2 - Other,unallocated
2026-06-07T00:00:00Z,2026-06-08T00:00:00Z,True,0.0016958333,vol-068432678e17448df,EC2 - Other,unallocated
2026-06-07T00:00:00Z,2026-06-08T00:00:00Z,True,0.0185680556,vol-0687fc244631efa73,EC2 - Other,unallocated
2026-06-07T00:00:00Z,2026-06-08T00:00:00Z,True,0.004125,vol-06d1ec605c1fbb181,EC2 - Other,unallocated
2026-06-07T00:00:00Z,2026-06-08T00:00:00Z,True,0.002025,vol-06d4eae837cbbd49c,EC2 - Other,unallocated
2026-06-07T00:00:00Z,2026-06-08T00:00:00Z,True,0.0094736111,vol-06d6489cb0b88ac48,EC2 - Other,unallocated
2026-06-07T00:00:00Z,2026-06-08T00:00:00Z,True,0.0014902778,vol-06f196bb1eaaf5f84,EC2 - Other,unallocated
2026-06-07T00:00:00Z,2026-06-08T00:00:00Z,True,0.0086736111,vol-070e0712494e06da6,EC2 - Other,unallocated
2026-06-07T00:00:00Z,2026-06-08T00:00:00Z,True,0.0033486111,vol-0714e6c9432434f44,EC2 - Other,unallocated
2026-06-07T00:00:00Z,2026-06-08T00:00:00Z,True,0.0799999992,vol-0725e7ce2db54e386,EC2 - Other,unallocated
2026-06-07T00:00:00Z,2026-06-08T00:00:00Z,True,0.0030166667,vol-073a89b27f8359ed5,EC2 - Other,unallocated
2026-06-07T00:00:00Z,2026-06-08T00:00:00Z,True,0.0103513889,vol-075a57b969b2b7b80,EC2 - Other,unallocated
2026-06-07T00:00:00Z,2026-06-08T00:00:00Z,True,0.0021902778,vol-07704716dab86a90f,EC2 - Other,unallocated
2026-06-07T00:00:00Z,2026-06-08T00:00:00Z,True,0.0036902778,vol-07720dfdd25a1c4f4,EC2 - Other,unallocated
2026-06-07T00:00:00Z,2026-06-08T00:00:00Z,True,0.0018763889,vol-077e0bc8ab791005d,EC2 - Other,unallocated
2026-06-07T00:00:00Z,2026-06-08T00:00:00Z,True,0.0019333333,vol-07805b391474b13e4,EC2 - Other,unallocated
2026-06-07T00:00:00Z,2026-06-08T00:00:00Z,True,0.0032819444,vol-07aa060135bffa4f1,EC2 - Other,unallocated
2026-06-07T00:00:00Z,2026-06-08T00:00:00Z,True,0.0053444444,vol-07c7021a4da3ca4ec,EC2 - Other,unallocated
2026-06-07T00:00:00Z,2026-06-08T00:00:00Z,True,0.0264277778,vol-07cbe859540959739,EC2 - Other,unallocated
2026-06-07T00:00:00Z,2026-06-08T00:00:00Z,True,0.0057486111,vol-07d35ebeffc3c68e8,EC2 - Other,unallocated
2026-06-07T00:00:00Z,2026-06-08T00:00:00Z,True,0.0049763889,vol-07d4a0918bc56b360,EC2 - Other,unallocated
2026-06-07T00:00:00Z,2026-06-08T00:00:00Z,True,0.0019277778,vol-0817ab11f5a9799f7,EC2 - Other,unallocated
2026-06-07T00:00:00Z,2026-06-08T00:00:00Z,True,0.0050083333,vol-08213f6e7e93f308f,EC2 - Other,unallocated
2026-06-07T00:00:00Z,2026-06-08T00:00:00Z,True,0.0022111111,vol-084f9fa9d356913eb,EC2 - Other,unallocated
2026-06-07T00:00:00Z,2026-06-08T00:00:00Z,True,0.0017319444,vol-086b864f1f1d69ca7,EC2 - Other,unallocated
2026-06-07T00:00:00Z,2026-06-08T00:00:00Z,True,0.0109347222,vol-0874501fde2f2c89a,EC2 - Other,unallocated
2026-06-07T00:00:00Z,2026-06-08T00:00:00Z,True,0.001375,vol-0878b5da68f9de890,EC2 - Other,unallocated
2026-06-07T00:00:00Z,2026-06-08T00:00:00Z,True,0.0019472222,vol-0879c8d4a39bd2076,EC2 - Other,unallocated
2026-06-07T00:00:00Z,2026-06-08T00:00:00Z,True,0.0016138889,vol-08955859131ddd6d1,EC2 - Other,unallocated
2026-06-07T00:00:00Z,2026-06-08T00:00:00Z,True,0.0022875,vol-089eef6888ccefc1a,EC2 - Other,unallocated
2026-06-07T00:00:00Z,2026-06-08T00:00:00Z,True,0.0042722222,vol-08b1bbdc85ca2f95c,EC2 - Other,unallocated
2026-06-07T00:00:00Z,2026-06-08T00:00:00Z,True,0.0049166667,vol-08b818efa3b3f5463,EC2 - Other,unallocated
2026-06-07T00:00:00Z,2026-06-08T00:00:00Z,True,0.0036833333,vol-08c970adac2358dc1,EC2 - Other,unallocated
2026-06-07T00:00:00Z,2026-06-08T00:00:00Z,True,0.1333333344,vol-08dee3ee1394063cb,EC2 - Other,unallocated
2026-06-07T00:00:00Z,2026-06-08T00:00:00Z,True,0.0009458333,vol-09029bc4be6fc6032,EC2 - Other,unallocated
2026-06-07T00:00:00Z,2026-06-08T00:00:00Z,True,0.0168,vol-09098597d17d2bd23,EC2 - Other,unallocated
2026-06-07T00:00:00Z,2026-06-08T00:00:00Z,True,0.0052041667,vol-090b6a6cbfe146202,EC2 - Other,unallocated
2026-06-07T00:00:00Z,2026-06-08T00:00:00Z,True,0.0035652778,vol-090d17fbc6adb5049,EC2 - Other,unallocated
2026-06-07T00:00:00Z,2026-06-08T00:00:00Z,True,0.0065597222,vol-0918aae294960fd30,EC2 - Other,unallocated
2026-06-07T00:00:00Z,2026-06-08T00:00:00Z,True,0.0120888889,vol-0925200c405c7d208,EC2 - Other,unallocated
2026-06-07T00:00:00Z,2026-06-08T00:00:00Z,True,0.0083222222,vol-0932567dadef1b47b,EC2 - Other,unallocated
2026-06-07T00:00:00Z,2026-06-08T00:00:00Z,True,0.0213333336,vol-0941af554a7184c73,EC2 - Other,dayhoff
2026-06-07T00:00:00Z,2026-06-08T00:00:00Z,True,0.0213333336,vol-09454929e2c583ae7,EC2 - Other,unallocated
2026-06-07T00:00:00Z,2026-06-08T00:00:00Z,True,0.0117611111,vol-0945c7eb901bcd08d,EC2 - Other,unallocated
2026-06-07T00:00:00Z,2026-06-08T00:00:00Z,True,0.0029416667,vol-09517d849edc1d9c1,EC2 - Other,unallocated
2026-06-07T00:00:00Z,2026-06-08T00:00:00Z,True,0.0016958333,vol-09562a08cd97e5600,EC2 - Other,unallocated
2026-06-07T00:00:00Z,2026-06-08T00:00:00Z,True,0.0070097222,vol-096017ef2fe5134a5,EC2 - Other,unallocated
2026-06-07T00:00:00Z,2026-06-08T00:00:00Z,True,0.0019916667,vol-0970f2b1d5851eaf7,EC2 - Other,unallocated
2026-06-07T00:00:00Z,2026-06-08T00:00:00Z,True,0.0282819444,vol-097888a9200da2558,EC2 - Other,unallocated
2026-06-07T00:00:00Z,2026-06-08T00:00:00Z,True,0.0017361111,vol-098db7396720745ed,EC2 - Other,unallocated
2026-06-07T00:00:00Z,2026-06-08T00:00:00Z,True,0.0020291667,vol-098dcc3938920acc4,EC2 - Other,unallocated
2026-06-07T00:00:00Z,2026-06-08T00:00:00Z,True,0.0010430556,vol-09cc1740a99a9a53a,EC2 - Other,unallocated
2026-06-07T00:00:00Z,2026-06-08T00:00:00Z,True,0.0048222222,vol-09cc6bc173753f769,EC2 - Other,unallocated
2026-06-07T00:00:00Z,2026-06-08T00:00:00Z,True,0.00245,vol-09d2184b453423ee6,EC2 - Other,unallocated
2026-06-07T00:00:00Z,2026-06-08T00:00:00Z,True,0.0015277778,vol-09db69080e3d18b0f,EC2 - Other,unallocated
2026-06-07T00:00:00Z,2026-06-08T00:00:00Z,True,0.0048597222,vol-09e402352e9f09776,EC2 - Other,unallocated
2026-06-07T00:00:00Z,2026-06-08T00:00:00Z,True,0.0050680556,vol-0a0db8221583b20ad,EC2 - Other,unallocated
2026-06-07T00:00:00Z,2026-06-08T00:00:00Z,True,0.0097611111,vol-0a1f3732d6f9d2762,EC2 - Other,unallocated
2026-06-07T00:00:00Z,2026-06-08T00:00:00Z,True,0.0025277778,vol-0a34a0684847cecef,EC2 - Other,unallocated
2026-06-07T00:00:00Z,2026-06-08T00:00:00Z,True,0.002975,vol-0a5b24f3e2b9c408a,EC2 - Other,unallocated
2026-06-07T00:00:00Z,2026-06-08T00:00:00Z,True,0.0057222222,vol-0a5c1ead4132cf28b,EC2 - Other,unallocated
2026-06-07T00:00:00Z,2026-06-08T00:00:00Z,True,0.3155810804,vol-0a73257603f5a659c,EC2 - Other,unallocated
2026-06-07T00:00:00Z,2026-06-08T00:00:00Z,True,0.0046916667,vol-0a84f46dad6b637d0,EC2 - Other,unallocated
2026-06-07T00:00:00Z,2026-06-08T00:00:00Z,True,0.0101944444,vol-0a88721557762ac3e,EC2 - Other,unallocated
2026-06-07T00:00:00Z,2026-06-08T00:00:00Z,True,0.8959999992,vol-0aa3f5a0f5cdca9a0,EC2 - Other,unallocated
2026-06-07T00:00:00Z,2026-06-08T00:00:00Z,True,0.0118166667,vol-0aa78fc8cba6e2d85,EC2 - Other,unallocated
2026-06-07T00:00:00Z,2026-06-08T00:00:00Z,True,0.0034013889,vol-0aafd7f6f956d0981,EC2 - Other,unallocated
2026-06-07T00:00:00Z,2026-06-08T00:00:00Z,True,0.0120763889,vol-0ab08f71a00fb9a56,EC2 - Other,unallocated
2026-06-07T00:00:00Z,2026-06-08T00:00:00Z,True,0.0048666667,vol-0ab283bdb0ab0eb85,EC2 - Other,unallocated
2026-06-07T00:00:00Z,2026-06-08T00:00:00Z,True,0.0282569444,vol-0acbcff8936628e83,EC2 - Other,unallocated
2026-06-07T00:00:00Z,2026-06-08T00:00:00Z,True,0.0025208333,vol-0acf06d7a6e02137f,EC2 - Other,unallocated
2026-06-07T00:00:00Z,2026-06-08T00:00:00Z,True,0.0070319444,vol-0ae8c3bc9c31e42a5,EC2 - Other,unallocated
2026-06-07T00:00:00Z,2026-06-08T00:00:00Z,True,0.8959999992,vol-0aeb3e7c0a710e35f,EC2 - Other,unallocated
2026-06-07T00:00:00Z,2026-06-08T00:00:00Z,True,0.0033097222,vol-0aec9b439c36f46b1,EC2 - Other,unallocated
2026-06-07T00:00:00Z,2026-06-08T00:00:00Z,True,0.0094680556,vol-0af35ef4e7542d8fe,EC2 - Other,unallocated
2026-06-07T00:00:00Z,2026-06-08T00:00:00Z,True,0.0213333336,vol-0af8f94e0cd058ddf,EC2 - Other,unallocated
2026-06-07T00:00:00Z,2026-06-08T00:00:00Z,True,0.0015611111,vol-0b1048eca9c60b910,EC2 - Other,unallocated
2026-06-07T00:00:00Z,2026-06-08T00:00:00Z,True,0.0036777778,vol-0b235b3e3d14f1430,EC2 - Other,unallocated
2026-06-07T00:00:00Z,2026-06-08T00:00:00Z,True,0.0035166667,vol-0b492042a1b20c678,EC2 - Other,unallocated
2026-06-07T00:00:00Z,2026-06-08T00:00:00Z,True,0.0019597222,vol-0b5e07a225e0fdde9,EC2 - Other,unallocated
2026-06-07T00:00:00Z,2026-06-08T00:00:00Z,True,0.0069388889,vol-0b76effc6f3b290db,EC2 - Other,unallocated
2026-06-07T00:00:00Z,2026-06-08T00:00:00Z,True,0.8959999992,vol-0b99a6dcae2700982,EC2 - Other,dayhoff
2026-06-07T00:00:00Z,2026-06-08T00:00:00Z,True,0.0028611111,vol-0b9d015688ec036a4,EC2 - Other,unallocated
2026-06-07T00:00:00Z,2026-06-08T00:00:00Z,True,0.0029833333,vol-0b9ffcbf0e19696f4,EC2 - Other,unallocated
2026-06-07T00:00:00Z,2026-06-08T00:00:00Z,True,0.0027902778,vol-0ba3cc3542c149ab9,EC2 - Other,unallocated
2026-06-07T00:00:00Z,2026-06-08T00:00:00Z,True,0.0052986111,vol-0bd3cf56c01638305,EC2 - Other,unallocated
2026-06-07T00:00:00Z,2026-06-08T00:00:00Z,True,0.0022625,vol-0bd4e40b57ff377b0,EC2 - Other,unallocated
2026-06-07T00:00:00Z,2026-06-08T00:00:00Z,True,0.0070125,vol-0bf18d25820a2b8e1,EC2 - Other,unallocated
2026-06-07T00:00:00Z,2026-06-08T00:00:00Z,True,0.0799999992,vol-0bff19625e45e6e4c,EC2 - Other,unallocated
2026-06-07T00:00:00Z,2026-06-08T00:00:00Z,True,0.0022527778,vol-0c016348474bfd2c1,EC2 - Other,unallocated
2026-06-07T00:00:00Z,2026-06-08T00:00:00Z,True,0.0053138889,vol-0c1d2884ed69c648e,EC2 - Other,unallocated
2026-06-07T00:00:00Z,2026-06-08T00:00:00Z,True,0.624,vol-0c26833469cf6995a,EC2 - Other,unallocated
2026-06-07T00:00:00Z,2026-06-08T00:00:00Z,True,0.0039638889,vol-0c35d7367067f80d4,EC2 - Other,unallocated
2026-06-07T00:00:00Z,2026-06-08T00:00:00Z,True,0.8959999992,vol-0c69ba6b467620e14,EC2 - Other,dayhoff
2026-06-07T00:00:00Z,2026-06-08T00:00:00Z,True,1.1226666672,vol-0c90d4fbaada3820a,EC2 - Other,unallocated
2026-06-07T00:00:00Z,2026-06-08T00:00:00Z,True,0.0055875,vol-0ca90d60883ca1c65,EC2 - Other,unallocated
2026-06-07T00:00:00Z,2026-06-08T00:00:00Z,True,0.0091819444,vol-0cbb05ca12e061f30,EC2 - Other,unallocated
2026-06-07T00:00:00Z,2026-06-08T00:00:00Z,True,0.0121666667,vol-0cc218925ad27f482,EC2 - Other,unallocated
2026-06-07T00:00:00Z,2026-06-08T00:00:00Z,True,0.0027680556,vol-0cd92c1382920885b,EC2 - Other,unallocated
2026-06-07T00:00:00Z,2026-06-08T00:00:00Z,True,0.0035611111,vol-0d39594a1410712f3,EC2 - Other,unallocated
2026-06-07T00:00:00Z,2026-06-08T00:00:00Z,True,0.0034680556,vol-0d4702358e55ae8db,EC2 - Other,unallocated
2026-06-07T00:00:00Z,2026-06-08T00:00:00Z,True,0.0019055556,vol-0d529e4d9b9d400c0,EC2 - Other,unallocated
2026-06-07T00:00:00Z,2026-06-08T00:00:00Z,True,0.0034305556,vol-0d55c6ac229895270,EC2 - Other,unallocated
2026-06-07T00:00:00Z,2026-06-08T00:00:00Z,True,0.0024944444,vol-0d6b4e3443c46d3f8,EC2 - Other,unallocated
2026-06-07T00:00:00Z,2026-06-08T00:00:00Z,True,0.0175985185,vol-0d79dddcfdff3138d,EC2 - Other,unallocated
2026-06-07T00:00:00Z,2026-06-08T00:00:00Z,True,0.428047407,vol-0d81d769d967852e1,EC2 - Other,unallocated
2026-06-07T00:00:00Z,2026-06-08T00:00:00Z,True,0.0011041667,vol-0d85e0c9cac5c5a26,EC2 - Other,unallocated
2026-06-07T00:00:00Z,2026-06-08T00:00:00Z,True,0.0014111111,vol-0d915a8a1f71f0dd9,EC2 - Other,unallocated
2026-06-07T00:00:00Z,2026-06-08T00:00:00Z,True,0.0119902778,vol-0d969718e5c2e415c,EC2 - Other,unallocated
2026-06-07T00:00:00Z,2026-06-08T00:00:00Z,True,0.1364014814,vol-0d9ac13754bee1e02,EC2 - Other,unallocated
2026-06-07T00:00:00Z,2026-06-08T00:00:00Z,True,0.0084180556,vol-0d9c37e0ba846f6ab,EC2 - Other,unallocated
2026-06-07T00:00:00Z,2026-06-08T00:00:00Z,True,0.0016444444,vol-0da71eb30a552c454,EC2 - Other,unallocated
2026-06-07T00:00:00Z,2026-06-08T00:00:00Z,True,0.0110694444,vol-0db8841936c0eb29f,EC2 - Other,unallocated
2026-06-07T00:00:00Z,2026-06-08T00:00:00Z,True,0.0019527778,vol-0e1cd65315055fad2,EC2 - Other,unallocated
2026-06-07T00:00:00Z,2026-06-08T00:00:00Z,True,0.0047916667,vol-0e2038f473a5b4bb6,EC2 - Other,unallocated
2026-06-07T00:00:00Z,2026-06-08T00:00:00Z,True,0.0017222222,vol-0e2901043522fc057,EC2 - Other,unallocated
2026-06-07T00:00:00Z,2026-06-08T00:00:00Z,True,0.0021958333,vol-0e2d2b470fe93456e,EC2 - Other,unallocated
2026-06-07T00:00:00Z,2026-06-08T00:00:00Z,True,0.6324875312,vol-0e34df95741ceed88,EC2 - Other,unallocated
2026-06-07T00:00:00Z,2026-06-08T00:00:00Z,True,0.0023,vol-0e3ec82f70bc9599e,EC2 - Other,unallocated
2026-06-07T00:00:00Z,2026-06-08T00:00:00Z,True,0.0122486111,vol-0e423329ce9b4ceb7,EC2 - Other,unallocated
2026-06-07T00:00:00Z,2026-06-08T00:00:00Z,True,0.0029194444,vol-0e5614fa411111d66,EC2 - Other,unallocated
2026-06-07T00:00:00Z,2026-06-08T00:00:00Z,True,0.0022402778,vol-0e63c067911707c8f,EC2 - Other,unallocated
2026-06-07T00:00:00Z,2026-06-08T00:00:00Z,True,0.0016027778,vol-0e916430c504a754d,EC2 - Other,unallocated
2026-06-07T00:00:00Z,2026-06-08T00:00:00Z,True,0.8959999992,vol-0ea36895cc2b979ac,EC2 - Other,dayhoff
2026-06-07T00:00:00Z,2026-06-08T00:00:00Z,True,0.0076541667,vol-0ea4dbea6903c80e1,EC2 - Other,unallocated
2026-06-07T00:00:00Z,2026-06-08T00:00:00Z,True,0.0049263889,vol-0eb96cae35614cd76,EC2 - Other,unallocated
2026-06-07T00:00:00Z,2026-06-08T00:00:00Z,True,0.0099583333,vol-0ec82298313b7aa5d,EC2 - Other,unallocated
2026-06-07T00:00:00Z,2026-06-08T00:00:00Z,True,0.1310918517,vol-0edc0b2ccf2d08c9f,EC2 - Other,unallocated
2026-06-07T00:00:00Z,2026-06-08T00:00:00Z,True,0.0014930556,vol-0efee69f879749fba,EC2 - Other,unallocated
2026-06-07T00:00:00Z,2026-06-08T00:00:00Z,True,0.0021944444,vol-0f0def773d9d4d593,EC2 - Other,unallocated
2026-06-07T00:00:00Z,2026-06-08T00:00:00Z,True,0.0197348148,vol-0f14fd5270d861b10,EC2 - Other,unallocated
2026-06-07T00:00:00Z,2026-06-08T00:00:00Z,True,0.0259041667,vol-0f1f430fbc6e9355a,EC2 - Other,unallocated
2026-06-07T00:00:00Z,2026-06-08T00:00:00Z,True,0.1119999999,vol-0f249d328c35df4ad,EC2 - Other,unallocated
2026-06-07T00:00:00Z,2026-06-08T00:00:00Z,True,0.0082083333,vol-0f4564a669fed67c5,EC2 - Other,unallocated
2026-06-07T00:00:00Z,2026-06-08T00:00:00Z,True,0.0067611111,vol-0f47a8fb892de1871,EC2 - Other,unallocated
2026-06-07T00:00:00Z,2026-06-08T00:00:00Z,True,0.0015833333,vol-0f49b15cbcba8e983,EC2 - Other,unallocated
2026-06-07T00:00:00Z,2026-06-08T00:00:00Z,True,0.0055819444,vol-0f4cdb65b1fc33241,EC2 - Other,unallocated
2026-06-07T00:00:00Z,2026-06-08T00:00:00Z,True,0.0049041667,vol-0f52c522ee392ebdf,EC2 - Other,unallocated
2026-06-07T00:00:00Z,2026-06-08T00:00:00Z,True,1.1226666672,vol-0f5e5d7eec5982fa8,EC2 - Other,unallocated
2026-06-07T00:00:00Z,2026-06-08T00:00:00Z,True,0.0023680556,vol-0f72dd097bde4917b,EC2 - Other,unallocated
2026-06-07T00:00:00Z,2026-06-08T00:00:00Z,True,0.0070180556,vol-0f7756a0f570dfd2a,EC2 - Other,unallocated
2026-06-07T00:00:00Z,2026-06-08T00:00:00Z,True,0.0029986111,vol-0f778c58cde8bbe47,EC2 - Other,unallocated
2026-06-07T00:00:00Z,2026-06-08T00:00:00Z,True,0.0020166667,vol-0f899b24ca539c682,EC2 - Other,unallocated
2026-06-07T00:00:00Z,2026-06-08T00:00:00Z,True,0.8959999992,vol-0f9efeb41e207d738,EC2 - Other,unallocated
2026-06-07T00:00:00Z,2026-06-08T00:00:00Z,True,0.0023180556,vol-0fc2fabf96c259cd8,EC2 - Other,unallocated
2026-06-07T00:00:00Z,2026-06-08T00:00:00Z,True,0.0115214815,vol-0fccc436903211d0c,EC2 - Other,unallocated
2026-06-07T00:00:00Z,2026-06-08T00:00:00Z,True,0.0091888889,vol-0fd5d206f6c8e4e54,EC2 - Other,unallocated
2026-06-07T00:00:00Z,2026-06-08T00:00:00Z,True,0.0080777778,vol-0fe430925829052b4,EC2 - Other,unallocated
2026-06-07T00:00:00Z,2026-06-08T00:00:00Z,True,0.0021583333,vol-0ff8469fa33dac957,EC2 - Other,unallocated
2026-06-08T00:00:00Z,2026-06-09T00:00:00Z,True,1.3440004544,arn:aws:ec2:ap-south-1:108782052779:natgateway/nat-01dc061291fc51e75,EC2 - Other,unallocated
2026-06-08T00:00:00Z,2026-06-09T00:00:00Z,True,1.3440006935,arn:aws:ec2:ap-south-1:108782052779:natgateway/nat-05f85018216cac061,EC2 - Other,unallocated
2026-06-08T00:00:00Z,2026-06-09T00:00:00Z,True,0.0802823893,arn:aws:ec2:ap-south-1:108782052779:snapshot/snap-053909bfd492a6457,EC2 - Other,unallocated
2026-06-08T00:00:00Z,2026-06-09T00:00:00Z,True,1.2480000712,arn:aws:ec2:eu-central-1:108782052779:natgateway/nat-0a2bfbfedf38f8e87,EC2 - Other,unallocated
2026-06-08T00:00:00Z,2026-06-09T00:00:00Z,True,1.248000315,arn:aws:ec2:eu-central-1:108782052779:natgateway/nat-0ec6ae9605269bef4,EC2 - Other,unallocated
2026-06-08T00:00:00Z,2026-06-09T00:00:00Z,True,1.0800001953,arn:aws:ec2:us-east-1:108782052779:natgateway/nat-089a96601cfd34f9d,EC2 - Other,dayhoff
2026-06-08T00:00:00Z,2026-06-09T00:00:00Z,True,1.0800001308,arn:aws:ec2:us-west-2:108782052779:natgateway/nat-00246c8ef3b9087f1,EC2 - Other,dayhoff
2026-06-08T00:00:00Z,2026-06-09T00:00:00Z,True,1.0831696135,arn:aws:ec2:us-west-2:108782052779:natgateway/nat-00ac08b685fea726f,EC2 - Other,terrarium
2026-06-08T00:00:00Z,2026-06-09T00:00:00Z,True,2.7402645221,arn:aws:ec2:us-west-2:108782052779:natgateway/nat-00f3c26e43ede9b10,EC2 - Other,unallocated
2026-06-08T00:00:00Z,2026-06-09T00:00:00Z,True,1.0871232422,arn:aws:ec2:us-west-2:108782052779:natgateway/nat-0234e77781575cced,EC2 - Other,terrarium
2026-06-08T00:00:00Z,2026-06-09T00:00:00Z,True,0.0003266059,arn:aws:ec2:us-west-2:108782052779:snapshot/snap-07794c2925c628477,EC2 - Other,unallocated
2026-06-08T00:00:00Z,2026-06-09T00:00:00Z,True,0.0016669379,arn:aws:ec2:us-west-2:108782052779:snapshot/snap-08c614f20cbbae736,EC2 - Other,unallocated
2026-06-08T00:00:00Z,2026-06-09T00:00:00Z,True,0.0016655138,arn:aws:ec2:us-west-2:108782052779:snapshot/snap-08ef086481124ac0b,EC2 - Other,unallocated
2026-06-08T00:00:00Z,2026-06-09T00:00:00Z,True,1.2998623343,arn:aws:ec2:us-west-2:171675361862:natgateway/nat-01432c586ef9dbf51,EC2 - Other,unallocated
2026-06-08T00:00:00Z,2026-06-09T00:00:00Z,True,0.0186729601,arn:aws:ec2:us-west-2:171675361862:snapshot/snap-0093422f7530dd57f,EC2 - Other,unallocated
2026-06-08T00:00:00Z,2026-06-09T00:00:00Z,True,0.0051318359,arn:aws:ec2:us-west-2:171675361862:snapshot/snap-01051ee004e700b1e,EC2 - Other,unallocated
2026-06-08T00:00:00Z,2026-06-09T00:00:00Z,True,0.004831543,arn:aws:ec2:us-west-2:171675361862:snapshot/snap-01617e5cf1a7141a9,EC2 - Other,unallocated
2026-06-08T00:00:00Z,2026-06-09T00:00:00Z,True,0.0074845378,arn:aws:ec2:us-west-2:171675361862:snapshot/snap-0225be64252283430,EC2 - Other,unallocated
2026-06-08T00:00:00Z,2026-06-09T00:00:00Z,True,0.0057283529,arn:aws:ec2:us-west-2:171675361862:snapshot/snap-02e2a477c70bd2d6b,EC2 - Other,unallocated
2026-06-08T00:00:00Z,2026-06-09T00:00:00Z,True,0.0048072306,arn:aws:ec2:us-west-2:171675361862:snapshot/snap-031f9c5ef8426bd1c,EC2 - Other,unallocated
2026-06-08T00:00:00Z,2026-06-09T00:00:00Z,True,0.0052034505,arn:aws:ec2:us-west-2:171675361862:snapshot/snap-034c0dc963dcc6b4a,EC2 - Other,unallocated
2026-06-08T00:00:00Z,2026-06-09T00:00:00Z,True,0.0051220703,arn:aws:ec2:us-west-2:171675361862:snapshot/snap-0356c62bc9336feef,EC2 - Other,unallocated
2026-06-08T00:00:00Z,2026-06-09T00:00:00Z,True,0.0052278646,arn:aws:ec2:us-west-2:171675361862:snapshot/snap-03e9cddf0760568af,EC2 - Other,unallocated
2026-06-08T00:00:00Z,2026-06-09T00:00:00Z,True,0.0077107747,arn:aws:ec2:us-west-2:171675361862:snapshot/snap-04835772777dad20e,EC2 - Other,unallocated
2026-06-08T00:00:00Z,2026-06-09T00:00:00Z,True,0.005448405,arn:aws:ec2:us-west-2:171675361862:snapshot/snap-049b1328bdd0e2367,EC2 - Other,unallocated
2026-06-08T00:00:00Z,2026-06-09T00:00:00Z,True,0.0071622721,arn:aws:ec2:us-west-2:171675361862:snapshot/snap-05dc35b99f1d66572,EC2 - Other,unallocated
2026-06-08T00:00:00Z,2026-06-09T00:00:00Z,True,0.0059277344,arn:aws:ec2:us-west-2:171675361862:snapshot/snap-068c9cd76d82972c6,EC2 - Other,unallocated
2026-06-08T00:00:00Z,2026-06-09T00:00:00Z,True,0.0049601237,arn:aws:ec2:us-west-2:171675361862:snapshot/snap-0811506c8e0e4c38d,EC2 - Other,unallocated
2026-06-08T00:00:00Z,2026-06-09T00:00:00Z,True,0.0049674479,arn:aws:ec2:us-west-2:171675361862:snapshot/snap-08971cb52b0d65cf4,EC2 - Other,unallocated
2026-06-08T00:00:00Z,2026-06-09T00:00:00Z,True,0.005139974,arn:aws:ec2:us-west-2:171675361862:snapshot/snap-08bba655a6c5cbab1,EC2 - Other,unallocated
2026-06-08T00:00:00Z,2026-06-09T00:00:00Z,True,0.0049023438,arn:aws:ec2:us-west-2:171675361862:snapshot/snap-0912fb835f7ce67e9,EC2 - Other,unallocated
2026-06-08T00:00:00Z,2026-06-09T00:00:00Z,True,0.0051969401,arn:aws:ec2:us-west-2:171675361862:snapshot/snap-0955251ceed89fccd,EC2 - Other,unallocated
2026-06-08T00:00:00Z,2026-06-09T00:00:00Z,True,0.0076341417,arn:aws:ec2:us-west-2:171675361862:snapshot/snap-09b7dcbea493d899c,EC2 - Other,unallocated
2026-06-08T00:00:00Z,2026-06-09T00:00:00Z,True,0.0056396484,arn:aws:ec2:us-west-2:171675361862:snapshot/snap-0b57ab838a3d96a1e,EC2 - Other,unallocated
2026-06-08T00:00:00Z,2026-06-09T00:00:00Z,True,0.0114078776,arn:aws:ec2:us-west-2:171675361862:snapshot/snap-0b59545ad20e68906,EC2 - Other,unallocated
2026-06-08T00:00:00Z,2026-06-09T00:00:00Z,True,0.0052132161,arn:aws:ec2:us-west-2:171675361862:snapshot/snap-0bace1a1137e22c44,EC2 - Other,unallocated
2026-06-08T00:00:00Z,2026-06-09T00:00:00Z,True,0.005300293,arn:aws:ec2:us-west-2:171675361862:snapshot/snap-0d0c4af263032230c,EC2 - Other,unallocated
2026-06-08T00:00:00Z,2026-06-09T00:00:00Z,True,0.0049072266,arn:aws:ec2:us-west-2:171675361862:snapshot/snap-0d2a28c3feb1b3215,EC2 - Other,unallocated
2026-06-08T00:00:00Z,2026-06-09T00:00:00Z,True,0.0053548177,arn:aws:ec2:us-west-2:171675361862:snapshot/snap-0d834f9a24c2f6097,EC2 - Other,unallocated
2026-06-08T00:00:00Z,2026-06-09T00:00:00Z,True,0.005164388,arn:aws:ec2:us-west-2:171675361862:snapshot/snap-0daf5245a270f593f,EC2 - Other,unallocated
2026-06-08T00:00:00Z,2026-06-09T00:00:00Z,True,0.0053507487,arn:aws:ec2:us-west-2:171675361862:snapshot/snap-0dd884c697c716097,EC2 - Other,unallocated
2026-06-08T00:00:00Z,2026-06-09T00:00:00Z,True,0.0047631836,arn:aws:ec2:us-west-2:171675361862:snapshot/snap-0ef79544c150b4756,EC2 - Other,unallocated
2026-06-08T00:00:00Z,2026-06-09T00:00:00Z,True,0.0051831055,arn:aws:ec2:us-west-2:171675361862:snapshot/snap-0f167818ffe7feac1,EC2 - Other,unallocated
2026-06-08T00:00:00Z,2026-06-09T00:00:00Z,True,0.0071875,arn:aws:ec2:us-west-2:171675361862:snapshot/snap-0f35a63f136c0ec82,EC2 - Other,unallocated
2026-06-08T00:00:00Z,2026-06-09T00:00:00Z,True,0.0053344727,arn:aws:ec2:us-west-2:171675361862:snapshot/snap-0fbf1eb66ee99723a,EC2 - Other,unallocated
2026-06-08T00:00:00Z,2026-06-09T00:00:00Z,True,0.0,i-0031d25c01b114208,EC2 - Other,unallocated
2026-06-08T00:00:00Z,2026-06-09T00:00:00Z,True,0.0,i-006b12d4e7a8ef347,EC2 - Other,unallocated
2026-06-08T00:00:00Z,2026-06-09T00:00:00Z,True,0.0,i-00d478b91e870fc0e,EC2 - Other,unallocated
2026-06-08T00:00:00Z,2026-06-09T00:00:00Z,True,0.0,i-00f5fadd19d6235af,EC2 - Other,unallocated
2026-06-08T00:00:00Z,2026-06-09T00:00:00Z,True,0.0,i-0123adb259751921f,EC2 - Other,unallocated
2026-06-08T00:00:00Z,2026-06-09T00:00:00Z,True,0.0,i-014987823096f8141,EC2 - Other,unallocated
2026-06-08T00:00:00Z,2026-06-09T00:00:00Z,True,0.0028345431,i-0164db62659ef1a5e,EC2 - Other,unallocated
2026-06-08T00:00:00Z,2026-06-09T00:00:00Z,True,0.0,i-0167d47cc38e3965a,EC2 - Other,unallocated
2026-06-08T00:00:00Z,2026-06-09T00:00:00Z,True,0.0,i-01a61ab0bfed1acd3,EC2 - Other,unallocated
2026-06-08T00:00:00Z,2026-06-09T00:00:00Z,True,0.0,i-01ce66faa72c3831d,EC2 - Other,unallocated
2026-06-08T00:00:00Z,2026-06-09T00:00:00Z,True,0.0082507818,i-01dde42f7b15dfc0f,EC2 - Other,unallocated
2026-06-08T00:00:00Z,2026-06-09T00:00:00Z,True,0.0643597872,i-02acfeda2c1200822,EC2 - Other,unallocated
2026-06-08T00:00:00Z,2026-06-09T00:00:00Z,True,0.0,i-02c165b6596f1760b,EC2 - Other,unallocated
2026-06-08T00:00:00Z,2026-06-09T00:00:00Z,True,0.0026709131,i-02f841c5aab74af02,EC2 - Other,unallocated
2026-06-08T00:00:00Z,2026-06-09T00:00:00Z,True,0.0,i-036e395de62022548,EC2 - Other,unallocated
2026-06-08T00:00:00Z,2026-06-09T00:00:00Z,True,0.0,i-03f1d350eeb3df6b2,EC2 - Other,unallocated
2026-06-08T00:00:00Z,2026-06-09T00:00:00Z,True,0.0034162633,i-043ad00ae9ed027b1,EC2 - Other,unallocated
2026-06-08T00:00:00Z,2026-06-09T00:00:00Z,True,0.0,i-043f90a5823595133,EC2 - Other,unallocated
2026-06-08T00:00:00Z,2026-06-09T00:00:00Z,True,0.0,i-044affd201960d045,EC2 - Other,unallocated
2026-06-08T00:00:00Z,2026-06-09T00:00:00Z,True,0.0,i-04566df0bf336be35,EC2 - Other,unallocated
2026-06-08T00:00:00Z,2026-06-09T00:00:00Z,True,0.0,i-04828da90c22b62cc,EC2 - Other,unallocated
2026-06-08T00:00:00Z,2026-06-09T00:00:00Z,True,0.0,i-04c0787dc65b25ebd,EC2 - Other,unallocated
2026-06-08T00:00:00Z,2026-06-09T00:00:00Z,True,0.0,i-04cd6e5ed967a0788,EC2 - Other,unallocated
2026-06-08T00:00:00Z,2026-06-09T00:00:00Z,True,3.68107e-05,i-04d3a8c6aae87f818,EC2 - Other,dayhoff
2026-06-08T00:00:00Z,2026-06-09T00:00:00Z,True,2.204e-07,i-05374380b57fad901,EC2 - Other,unallocated
2026-06-08T00:00:00Z,2026-06-09T00:00:00Z,True,0.0026735182,i-05657d560f8b90ac0,EC2 - Other,unallocated
2026-06-08T00:00:00Z,2026-06-09T00:00:00Z,True,0.0,i-056d33971ea8b4dfa,EC2 - Other,unallocated
2026-06-08T00:00:00Z,2026-06-09T00:00:00Z,True,0.0,i-05820f67b4f401339,EC2 - Other,unallocated
2026-06-08T00:00:00Z,2026-06-09T00:00:00Z,True,0.0,i-058594f97df7e6234,EC2 - Other,unallocated
2026-06-08T00:00:00Z,2026-06-09T00:00:00Z,True,0.0509836244,i-05aead71efb0c738c,EC2 - Other,unallocated
2026-06-08T00:00:00Z,2026-06-09T00:00:00Z,True,9.6025e-06,i-05d2f91400f87bdb2,EC2 - Other,unallocated
2026-06-08T00:00:00Z,2026-06-09T00:00:00Z,True,9.9384e-06,i-05de16a24310099c5,EC2 - Other,dayhoff
2026-06-08T00:00:00Z,2026-06-09T00:00:00Z,True,0.0,i-06824546da3532e75,EC2 - Other,unallocated
2026-06-08T00:00:00Z,2026-06-09T00:00:00Z,True,8.1551e-06,i-068f3aad2bedb9fa6,EC2 - Other,dayhoff
2026-06-08T00:00:00Z,2026-06-09T00:00:00Z,True,0.0,i-06d14f8b8a97f5730,EC2 - Other,unallocated
2026-06-08T00:00:00Z,2026-06-09T00:00:00Z,True,0.0,i-07443a34bfdb0c8e4,EC2 - Other,unallocated
2026-06-08T00:00:00Z,2026-06-09T00:00:00Z,True,0.0,i-0786960f1e23ffca9,EC2 - Other,unallocated
2026-06-08T00:00:00Z,2026-06-09T00:00:00Z,True,0.0,i-079c9d7bd972e0d65,EC2 - Other,unallocated
2026-06-08T00:00:00Z,2026-06-09T00:00:00Z,True,0.0,i-07a44072b08c05302,EC2 - Other,unallocated
2026-06-08T00:00:00Z,2026-06-09T00:00:00Z,True,0.000313212,i-07df3a933e4839f52,EC2 - Other,dayhoff
2026-06-08T00:00:00Z,2026-06-09T00:00:00Z,True,0.0034209564,i-07f808f18aff905e7,EC2 - Other,unallocated
2026-06-08T00:00:00Z,2026-06-09T00:00:00Z,True,0.0,i-08263ab74372ff2dd,EC2 - Other,unallocated
2026-06-08T00:00:00Z,2026-06-09T00:00:00Z,True,0.0,i-084018cddbe9fe8ae,EC2 - Other,unallocated
2026-06-08T00:00:00Z,2026-06-09T00:00:00Z,True,0.022504168,i-088d74bdad7e8b3de,EC2 - Other,unallocated
2026-06-08T00:00:00Z,2026-06-09T00:00:00Z,True,0.0,i-08c96cc6b86f7bc8b,EC2 - Other,unallocated
2026-06-08T00:00:00Z,2026-06-09T00:00:00Z,True,0.0,i-08ccf25cf15f384ec,EC2 - Other,unallocated
2026-06-08T00:00:00Z,2026-06-09T00:00:00Z,True,0.0026721151,i-0904c289155a24b8e,EC2 - Other,unallocated
2026-06-08T00:00:00Z,2026-06-09T00:00:00Z,True,0.0002436611,i-09126000eb19643b0,EC2 - Other,dayhoff
2026-06-08T00:00:00Z,2026-06-09T00:00:00Z,True,0.0,i-092ad71020f3ecbeb,EC2 - Other,unallocated
2026-06-08T00:00:00Z,2026-06-09T00:00:00Z,True,0.0,i-098de04d25b04f07e,EC2 - Other,unallocated
2026-06-08T00:00:00Z,2026-06-09T00:00:00Z,True,2.4968e-06,i-09f66b3f11ea42c60,EC2 - Other,unallocated
2026-06-08T00:00:00Z,2026-06-09T00:00:00Z,True,0.0,i-09f781852d9b63f79,EC2 - Other,unallocated
2026-06-08T00:00:00Z,2026-06-09T00:00:00Z,True,1.14778e-05,i-0a70e6af119b993f3,EC2 - Other,dayhoff
2026-06-08T00:00:00Z,2026-06-09T00:00:00Z,True,0.0026712592,i-0a7c6036b25cbbc1b,EC2 - Other,unallocated
2026-06-08T00:00:00Z,2026-06-09T00:00:00Z,True,0.0003785013,i-0a7e7b78e94db1d24,EC2 - Other,unallocated
2026-06-08T00:00:00Z,2026-06-09T00:00:00Z,True,1.8646e-06,i-0ab7116abc8229a16,EC2 - Other,unallocated
2026-06-08T00:00:00Z,2026-06-09T00:00:00Z,True,0.0,i-0aeefb9374d079f10,EC2 - Other,unallocated
2026-06-08T00:00:00Z,2026-06-09T00:00:00Z,True,0.0287964016,i-0b53077a10a63e1e6,EC2 - Other,unallocated
2026-06-08T00:00:00Z,2026-06-09T00:00:00Z,True,1.02135e-05,i-0b6713cc15f74d360,EC2 - Other,dayhoff
2026-06-08T00:00:00Z,2026-06-09T00:00:00Z,True,0.0,i-0bc1249c88bed6a96,EC2 - Other,unallocated
2026-06-08T00:00:00Z,2026-06-09T00:00:00Z,True,0.0,i-0bf23827faac9c462,EC2 - Other,unallocated
2026-06-08T00:00:00Z,2026-06-09T00:00:00Z,True,0.0026745541,i-0c5ab5391f0772970,EC2 - Other,unallocated
2026-06-08T00:00:00Z,2026-06-09T00:00:00Z,True,0.0,i-0c7d40a5f04e6afa5,EC2 - Other,unallocated
2026-06-08T00:00:00Z,2026-06-09T00:00:00Z,True,0.0,i-0ce7e82808f01869f,EC2 - Other,unallocated
2026-06-08T00:00:00Z,2026-06-09T00:00:00Z,True,0.0,i-0cf3d8c9675292436,EC2 - Other,unallocated
2026-06-08T00:00:00Z,2026-06-09T00:00:00Z,True,0.0,i-0cf4b058adae18227,EC2 - Other,unallocated
2026-06-08T00:00:00Z,2026-06-09T00:00:00Z,True,0.0,i-0d03d35512d69da2b,EC2 - Other,unallocated
2026-06-08T00:00:00Z,2026-06-09T00:00:00Z,True,0.0,i-0d31b44dc745f0e72,EC2 - Other,unallocated
2026-06-08T00:00:00Z,2026-06-09T00:00:00Z,True,0.0034197595,i-0d4c365ffc617deec,EC2 - Other,unallocated
2026-06-08T00:00:00Z,2026-06-09T00:00:00Z,True,0.0,i-0de1e73eb68ffb4b9,EC2 - Other,unallocated
2026-06-08T00:00:00Z,2026-06-09T00:00:00Z,True,5.9088e-05,i-0de9e3f8d3208cf03,EC2 - Other,dayhoff
2026-06-08T00:00:00Z,2026-06-09T00:00:00Z,True,0.0,i-0e0729e0bf81cb7db,EC2 - Other,unallocated
2026-06-08T00:00:00Z,2026-06-09T00:00:00Z,True,0.0192128518,i-0e2099eec0af324c6,EC2 - Other,unallocated
2026-06-08T00:00:00Z,2026-06-09T00:00:00Z,True,0.027196397,i-0e275a07e9390e8a0,EC2 - Other,unallocated
2026-06-08T00:00:00Z,2026-06-09T00:00:00Z,True,0.0,i-0e534170c2e4e82e7,EC2 - Other,unallocated
2026-06-08T00:00:00Z,2026-06-09T00:00:00Z,True,0.0026707343,i-0e62714389125362b,EC2 - Other,unallocated
2026-06-08T00:00:00Z,2026-06-09T00:00:00Z,True,1.53412e-05,i-0e70fab85d559c615,EC2 - Other,dayhoff
2026-06-08T00:00:00Z,2026-06-09T00:00:00Z,True,0.0,i-0e8cef2324a062177,EC2 - Other,unallocated
2026-06-08T00:00:00Z,2026-06-09T00:00:00Z,True,0.0,i-0e9b676b56410fc45,EC2 - Other,unallocated
2026-06-08T00:00:00Z,2026-06-09T00:00:00Z,True,0.0,i-0eb55c053f9dd16d6,EC2 - Other,unallocated
2026-06-08T00:00:00Z,2026-06-09T00:00:00Z,True,0.0,i-0edd54fb9eaef3327,EC2 - Other,unallocated
2026-06-08T00:00:00Z,2026-06-09T00:00:00Z,True,0.0,i-0ee9136b5c714cdef,EC2 - Other,unallocated
2026-06-08T00:00:00Z,2026-06-09T00:00:00Z,True,0.0192356353,i-0f03dcaf59f26554f,EC2 - Other,unallocated
2026-06-08T00:00:00Z,2026-06-09T00:00:00Z,True,0.0,i-0fbdc11f2b18ef2cc,EC2 - Other,unallocated
2026-06-08T00:00:00Z,2026-06-09T00:00:00Z,True,0.0082108098,i-0ff825cb50708c4bc,EC2 - Other,unallocated
2026-06-08T00:00:00Z,2026-06-09T00:00:00Z,True,0.0035791667,vol-0001f4a8ae0781173,EC2 - Other,unallocated
2026-06-08T00:00:00Z,2026-06-09T00:00:00Z,True,0.0799999992,vol-0054217b60d3a15d8,EC2 - Other,unallocated
2026-06-08T00:00:00Z,2026-06-09T00:00:00Z,True,0.0014555556,vol-005b7ff7750d66540,EC2 - Other,unallocated
2026-06-08T00:00:00Z,2026-06-09T00:00:00Z,True,0.0021361111,vol-006f3284f6f0e1484,EC2 - Other,unallocated
2026-06-08T00:00:00Z,2026-06-09T00:00:00Z,True,0.0012083333,vol-00ba4ee235b2a4660,EC2 - Other,unallocated
2026-06-08T00:00:00Z,2026-06-09T00:00:00Z,True,0.8959999992,vol-00cbb7ba932dbd3a4,EC2 - Other,unallocated
2026-06-08T00:00:00Z,2026-06-09T00:00:00Z,True,0.0013986111,vol-00d715ded05c49f90,EC2 - Other,unallocated
2026-06-08T00:00:00Z,2026-06-09T00:00:00Z,True,0.0035861111,vol-00fbb38cd191a6b34,EC2 - Other,unallocated
2026-06-08T00:00:00Z,2026-06-09T00:00:00Z,True,0.005,vol-013b3888166e755a8,EC2 - Other,unallocated
2026-06-08T00:00:00Z,2026-06-09T00:00:00Z,True,0.0011958333,vol-01734e31983672b12,EC2 - Other,unallocated
2026-06-08T00:00:00Z,2026-06-09T00:00:00Z,True,0.0024138889,vol-0194c250e9378e530,EC2 - Other,unallocated
2026-06-08T00:00:00Z,2026-06-09T00:00:00Z,True,0.0138904012,vol-01988b0f01f2ff43c,EC2 - Other,unallocated
2026-06-08T00:00:00Z,2026-06-09T00:00:00Z,True,0.0312977778,vol-01f075189b8d7b5ae,EC2 - Other,unallocated
2026-06-08T00:00:00Z,2026-06-09T00:00:00Z,True,0.0020430556,vol-023cd95fe9917e201,EC2 - Other,unallocated
2026-06-08T00:00:00Z,2026-06-09T00:00:00Z,True,0.0034902778,vol-0257dde5704506c71,EC2 - Other,unallocated
2026-06-08T00:00:00Z,2026-06-09T00:00:00Z,True,0.0141866667,vol-02806056aca19ecfb,EC2 - Other,unallocated
2026-06-08T00:00:00Z,2026-06-09T00:00:00Z,True,0.0533333328,vol-02caa6b741e86c280,EC2 - Other,unallocated
2026-06-08T00:00:00Z,2026-06-09T00:00:00Z,True,0.005,vol-02fe1942be7a7ee43,EC2 - Other,unallocated
2026-06-08T00:00:00Z,2026-06-09T00:00:00Z,True,0.0018111111,vol-03332f3451ececd90,EC2 - Other,unallocated
2026-06-08T00:00:00Z,2026-06-09T00:00:00Z,True,0.0013055556,vol-0370b51cd1dfdc6bf,EC2 - Other,unallocated
2026-06-08T00:00:00Z,2026-06-09T00:00:00Z,True,0.0047430556,vol-0376671d8bc1b1b4b,EC2 - Other,unallocated
2026-06-08T00:00:00Z,2026-06-09T00:00:00Z,True,0.8959999992,vol-0392bc7824a1e81e8,EC2 - Other,dayhoff
2026-06-08T00:00:00Z,2026-06-09T00:00:00Z,True,0.0050918518,vol-03b4575fe2bb60d1b,EC2 - Other,unallocated
2026-06-08T00:00:00Z,2026-06-09T00:00:00Z,True,0.0014930556,vol-03f02c14579875f06,EC2 - Other,unallocated
2026-06-08T00:00:00Z,2026-06-09T00:00:00Z,True,1.1226666672,vol-042a5f5daead20490,EC2 - Other,unallocated
2026-06-08T00:00:00Z,2026-06-09T00:00:00Z,True,0.8959999992,vol-04646998d6f1fd325,EC2 - Other,dayhoff
2026-06-08T00:00:00Z,2026-06-09T00:00:00Z,True,0.0037625,vol-047c32678680b3303,EC2 - Other,unallocated
2026-06-08T00:00:00Z,2026-06-09T00:00:00Z,True,0.0020222222,vol-04842c044bde707df,EC2 - Other,unallocated
2026-06-08T00:00:00Z,2026-06-09T00:00:00Z,True,0.0034888889,vol-05252e8b2759a0240,EC2 - Other,unallocated
2026-06-08T00:00:00Z,2026-06-09T00:00:00Z,True,0.0016069444,vol-054c736c612a0cee2,EC2 - Other,unallocated
2026-06-08T00:00:00Z,2026-06-09T00:00:00Z,True,0.0020041667,vol-0562b9e44a36334db,EC2 - Other,unallocated
2026-06-08T00:00:00Z,2026-06-09T00:00:00Z,True,0.0028680556,vol-05b8f71cb926f5315,EC2 - Other,unallocated
2026-06-08T00:00:00Z,2026-06-09T00:00:00Z,True,0.9823333338,vol-05c022ec40ad24aa5,EC2 - Other,unallocated
2026-06-08T00:00:00Z,2026-06-09T00:00:00Z,True,1.1226666672,vol-066a8039bbbe64479,EC2 - Other,unallocated
2026-06-08T00:00:00Z,2026-06-09T00:00:00Z,True,1.1226666672,vol-067169329e7a92af1,EC2 - Other,unallocated
2026-06-08T00:00:00Z,2026-06-09T00:00:00Z,True,0.0031069444,vol-06810564abf07fc8b,EC2 - Other,unallocated
2026-06-08T00:00:00Z,2026-06-09T00:00:00Z,True,0.0013138889,vol-06cfa9d501d4f7426,EC2 - Other,unallocated
2026-06-08T00:00:00Z,2026-06-09T00:00:00Z,True,0.0015194444,vol-070197e5f56e40edf,EC2 - Other,unallocated
2026-06-08T00:00:00Z,2026-06-09T00:00:00Z,True,0.0799999992,vol-0725e7ce2db54e386,EC2 - Other,unallocated
2026-06-08T00:00:00Z,2026-06-09T00:00:00Z,True,0.0015027778,vol-0742078d9697b9d72,EC2 - Other,unallocated
2026-06-08T00:00:00Z,2026-06-09T00:00:00Z,True,0.0018708333,vol-07828d8a4141a21fb,EC2 - Other,unallocated
2026-06-08T00:00:00Z,2026-06-09T00:00:00Z,True,0.0022986111,vol-079196368967bd5d8,EC2 - Other,unallocated
2026-06-08T00:00:00Z,2026-06-09T00:00:00Z,True,0.0048638889,vol-0814c0d955c7069d1,EC2 - Other,unallocated
2026-06-08T00:00:00Z,2026-06-09T00:00:00Z,True,0.005,vol-081811bccf7ef1a53,EC2 - Other,unallocated
2026-06-08T00:00:00Z,2026-06-09T00:00:00Z,True,0.0155451852,vol-0858837d9f4fa5f69,EC2 - Other,unallocated
2026-06-08T00:00:00Z,2026-06-09T00:00:00Z,True,0.0013263889,vol-086ea5e3e66badd19,EC2 - Other,unallocated
2026-06-08T00:00:00Z,2026-06-09T00:00:00Z,True,0.0024222222,vol-08cc642ca3fa33ca7,EC2 - Other,unallocated
2026-06-08T00:00:00Z,2026-06-09T00:00:00Z,True,0.1333333344,vol-08dee3ee1394063cb,EC2 - Other,unallocated
2026-06-08T00:00:00Z,2026-06-09T00:00:00Z,True,0.0059422222,vol-08f18d301046e82d3,EC2 - Other,unallocated
2026-06-08T00:00:00Z,2026-06-09T00:00:00Z,True,0.003,vol-090470e12edbdc9bc,EC2 - Other,unallocated
2026-06-08T00:00:00Z,2026-06-09T00:00:00Z,True,0.0213333336,vol-0941af554a7184c73,EC2 - Other,dayhoff
2026-06-08T00:00:00Z,2026-06-09T00:00:00Z,True,0.0213333336,vol-09454929e2c583ae7,EC2 - Other,unallocated
2026-06-08T00:00:00Z,2026-06-09T00:00:00Z,True,0.001475,vol-09adc6ecb7fbdc8d1,EC2 - Other,unallocated
2026-06-08T00:00:00Z,2026-06-09T00:00:00Z,True,0.1908459258,vol-09f6c817150094fe6,EC2 - Other,unallocated
2026-06-08T00:00:00Z,2026-06-09T00:00:00Z,True,0.0025444444,vol-0a40aaab65a3bff53,EC2 - Other,unallocated
2026-06-08T00:00:00Z,2026-06-09T00:00:00Z,True,0.8959999992,vol-0aa3f5a0f5cdca9a0,EC2 - Other,unallocated
2026-06-08T00:00:00Z,2026-06-09T00:00:00Z,True,0.0028736111,vol-0aba6e55f96e81089,EC2 - Other,unallocated
2026-06-08T00:00:00Z,2026-06-09T00:00:00Z,True,0.0013958333,vol-0adc4e6cd84948eed,EC2 - Other,unallocated
2026-06-08T00:00:00Z,2026-06-09T00:00:00Z,True,0.8959999992,vol-0aeb3e7c0a710e35f,EC2 - Other,unallocated
2026-06-08T00:00:00Z,2026-06-09T00:00:00Z,True,0.0213333336,vol-0af8f94e0cd058ddf,EC2 - Other,unallocated
2026-06-08T00:00:00Z,2026-06-09T00:00:00Z,True,0.0044180556,vol-0b92de993b0b398a2,EC2 - Other,unallocated
2026-06-08T00:00:00Z,2026-06-09T00:00:00Z,True,0.005,vol-0b965e91de15e9a0e,EC2 - Other,unallocated
2026-06-08T00:00:00Z,2026-06-09T00:00:00Z,True,0.8959999992,vol-0b99a6dcae2700982,EC2 - Other,dayhoff
2026-06-08T00:00:00Z,2026-06-09T00:00:00Z,True,0.0026263889,vol-0bdfb1fa7b376cbaf,EC2 - Other,unallocated
2026-06-08T00:00:00Z,2026-06-09T00:00:00Z,True,0.0799999992,vol-0bff19625e45e6e4c,EC2 - Other,unallocated
2026-06-08T00:00:00Z,2026-06-09T00:00:00Z,True,0.624,vol-0c26833469cf6995a,EC2 - Other,unallocated
2026-06-08T00:00:00Z,2026-06-09T00:00:00Z,True,0.8959999992,vol-0c69ba6b467620e14,EC2 - Other,dayhoff
2026-06-08T00:00:00Z,2026-06-09T00:00:00Z,True,1.1226666672,vol-0c90d4fbaada3820a,EC2 - Other,unallocated
2026-06-08T00:00:00Z,2026-06-09T00:00:00Z,True,0.0017472222,vol-0ca35c2724e242096,EC2 - Other,unallocated
2026-06-08T00:00:00Z,2026-06-09T00:00:00Z,True,0.0035013889,vol-0cbaf14c35a6527a1,EC2 - Other,unallocated
2026-06-08T00:00:00Z,2026-06-09T00:00:00Z,True,0.0047496296,vol-0cbe355a442c6b06a,EC2 - Other,unallocated
2026-06-08T00:00:00Z,2026-06-09T00:00:00Z,True,0.0084311111,vol-0d43c35f9b0f3fe19,EC2 - Other,unallocated
2026-06-08T00:00:00Z,2026-06-09T00:00:00Z,True,0.0285703704,vol-0d67a044530c7ca5b,EC2 - Other,unallocated
2026-06-08T00:00:00Z,2026-06-09T00:00:00Z,True,0.4106666663,vol-0d6eaad23e3184a42,EC2 - Other,unallocated
2026-06-08T00:00:00Z,2026-06-09T00:00:00Z,True,0.0020305556,vol-0db4cc83d3a2a1e14,EC2 - Other,unallocated
2026-06-08T00:00:00Z,2026-06-09T00:00:00Z,True,0.0142696296,vol-0dbb3ee79c7556da8,EC2 - Other,unallocated
2026-06-08T00:00:00Z,2026-06-09T00:00:00Z,True,0.0022583333,vol-0dc7631f7c293dfb2,EC2 - Other,unallocated
2026-06-08T00:00:00Z,2026-06-09T00:00:00Z,True,0.019962963,vol-0e050d51d1a807844,EC2 - Other,unallocated
2026-06-08T00:00:00Z,2026-06-09T00:00:00Z,True,0.0039416667,vol-0e6d641d7a1a02c2d,EC2 - Other,unallocated
2026-06-08T00:00:00Z,2026-06-09T00:00:00Z,True,0.0016763889,vol-0e84bdbb12e08f2ce,EC2 - Other,unallocated
2026-06-08T00:00:00Z,2026-06-09T00:00:00Z,True,1.0291111116,vol-0ea0d3419abcfd4c2,EC2 - Other,unallocated
2026-06-08T00:00:00Z,2026-06-09T00:00:00Z,True,0.8959999992,vol-0ea36895cc2b979ac,EC2 - Other,dayhoff
2026-06-08T00:00:00Z,2026-06-09T00:00:00Z,True,0.0296177778,vol-0ea857b0f69f2ca74,EC2 - Other,unallocated
2026-06-08T00:00:00Z,2026-06-09T00:00:00Z,True,0.0020305556,vol-0eb1a371d29f4462e,EC2 - Other,unallocated
2026-06-08T00:00:00Z,2026-06-09T00:00:00Z,True,0.0036652778,vol-0ebd7a82d97ee09a2,EC2 - Other,unallocated
2026-06-08T00:00:00Z,2026-06-09T00:00:00Z,True,0.0013472222,vol-0ece0380daf92bba3,EC2 - Other,unallocated
2026-06-08T00:00:00Z,2026-06-09T00:00:00Z,True,0.0022597222,vol-0f1ce5703dbdac912,EC2 - Other,unallocated
2026-06-08T00:00:00Z,2026-06-09T00:00:00Z,True,0.0727066666,vol-0f249d328c35df4ad,EC2 - Other,unallocated
2026-06-08T00:00:00Z,2026-06-09T00:00:00Z,True,0.0177540741,vol-0f29e44d5c83e32da,EC2 - Other,unallocated
2026-06-08T00:00:00Z,2026-06-09T00:00:00Z,True,0.0297525926,vol-0f5524d07942ab430,EC2 - Other,unallocated
2026-06-08T00:00:00Z,2026-06-09T00:00:00Z,True,1.1226666672,vol-0f5e5d7eec5982fa8,EC2 - Other,unallocated
2026-06-08T00:00:00Z,2026-06-09T00:00:00Z,True,0.8959999992,vol-0f9efeb41e207d738,EC2 - Other,unallocated
2026-06-08T00:00:00Z,2026-06-09T00:00:00Z,True,0.0093748148,vol-0faa29c4a643f2113,EC2 - Other,unallocated
2026-06-08T00:00:00Z,2026-06-09T00:00:00Z,True,0.005,vol-0fc593d0606278e33,EC2 - Other,unallocated
2026-06-08T00:00:00Z,2026-06-09T00:00:00Z,True,0.0017416667,vol-0ff835791f3712029,EC2 - Other,unallocated
2026-06-09T00:00:00Z,2026-06-10T00:00:00Z,True,1.3440000415,arn:aws:ec2:ap-south-1:108782052779:natgateway/nat-01dc061291fc51e75,EC2 - Other,unallocated
2026-06-09T00:00:00Z,2026-06-10T00:00:00Z,True,1.3440000294,arn:aws:ec2:ap-south-1:108782052779:natgateway/nat-05f85018216cac061,EC2 - Other,unallocated
2026-06-09T00:00:00Z,2026-06-10T00:00:00Z,True,0.0802823893,arn:aws:ec2:ap-south-1:108782052779:snapshot/snap-053909bfd492a6457,EC2 - Other,unallocated
2026-06-09T00:00:00Z,2026-06-10T00:00:00Z,True,1.2480000949,arn:aws:ec2:eu-central-1:108782052779:natgateway/nat-0a2bfbfedf38f8e87,EC2 - Other,unallocated
2026-06-09T00:00:00Z,2026-06-10T00:00:00Z,True,1.2480000486,arn:aws:ec2:eu-central-1:108782052779:natgateway/nat-0ec6ae9605269bef4,EC2 - Other,unallocated
2026-06-09T00:00:00Z,2026-06-10T00:00:00Z,True,1.0800001542,arn:aws:ec2:us-east-1:108782052779:natgateway/nat-089a96601cfd34f9d,EC2 - Other,dayhoff
2026-06-09T00:00:00Z,2026-06-10T00:00:00Z,True,1.0800000516,arn:aws:ec2:us-west-2:108782052779:natgateway/nat-00246c8ef3b9087f1,EC2 - Other,dayhoff
2026-06-09T00:00:00Z,2026-06-10T00:00:00Z,True,1.0836169949,arn:aws:ec2:us-west-2:108782052779:natgateway/nat-00ac08b685fea726f,EC2 - Other,terrarium
2026-06-09T00:00:00Z,2026-06-10T00:00:00Z,True,1.4039229159,arn:aws:ec2:us-west-2:108782052779:natgateway/nat-00f3c26e43ede9b10,EC2 - Other,unallocated
2026-06-09T00:00:00Z,2026-06-10T00:00:00Z,True,1.087075432,arn:aws:ec2:us-west-2:108782052779:natgateway/nat-0234e77781575cced,EC2 - Other,terrarium
2026-06-09T00:00:00Z,2026-06-10T00:00:00Z,True,0.0016873508,arn:aws:ec2:us-west-2:108782052779:snapshot/snap-030115ef843dd80dd,EC2 - Other,unallocated
2026-06-09T00:00:00Z,2026-06-10T00:00:00Z,True,0.0003271484,arn:aws:ec2:us-west-2:108782052779:snapshot/snap-05355af2e0b420fbb,EC2 - Other,unallocated
2026-06-09T00:00:00Z,2026-06-10T00:00:00Z,True,0.0016767036,arn:aws:ec2:us-west-2:108782052779:snapshot/snap-07a166a618aeade0e,EC2 - Other,unallocated
2026-06-09T00:00:00Z,2026-06-10T00:00:00Z,True,1.3004681242,arn:aws:ec2:us-west-2:171675361862:natgateway/nat-01432c586ef9dbf51,EC2 - Other,unallocated
2026-06-09T00:00:00Z,2026-06-10T00:00:00Z,True,0.0077307129,arn:aws:ec2:us-west-2:171675361862:snapshot/snap-0093422f7530dd57f,EC2 - Other,unallocated
2026-06-09T00:00:00Z,2026-06-10T00:00:00Z,True,0.0051318359,arn:aws:ec2:us-west-2:171675361862:snapshot/snap-01051ee004e700b1e,EC2 - Other,unallocated
2026-06-09T00:00:00Z,2026-06-10T00:00:00Z,True,0.0048706055,arn:aws:ec2:us-west-2:171675361862:snapshot/snap-010eb6cbb466b71fd,EC2 - Other,unallocated
2026-06-09T00:00:00Z,2026-06-10T00:00:00Z,True,0.004831543,arn:aws:ec2:us-west-2:171675361862:snapshot/snap-01617e5cf1a7141a9,EC2 - Other,unallocated
2026-06-09T00:00:00Z,2026-06-10T00:00:00Z,True,0.0074845378,arn:aws:ec2:us-west-2:171675361862:snapshot/snap-0225be64252283430,EC2 - Other,unallocated
2026-06-09T00:00:00Z,2026-06-10T00:00:00Z,True,0.0057283529,arn:aws:ec2:us-west-2:171675361862:snapshot/snap-02e2a477c70bd2d6b,EC2 - Other,unallocated
2026-06-09T00:00:00Z,2026-06-10T00:00:00Z,True,0.0054939779,arn:aws:ec2:us-west-2:171675361862:snapshot/snap-031f9c5ef8426bd1c,EC2 - Other,unallocated
2026-06-09T00:00:00Z,2026-06-10T00:00:00Z,True,0.0052034505,arn:aws:ec2:us-west-2:171675361862:snapshot/snap-034c0dc963dcc6b4a,EC2 - Other,unallocated
2026-06-09T00:00:00Z,2026-06-10T00:00:00Z,True,0.0051220703,arn:aws:ec2:us-west-2:171675361862:snapshot/snap-0356c62bc9336feef,EC2 - Other,unallocated
2026-06-09T00:00:00Z,2026-06-10T00:00:00Z,True,0.0052278646,arn:aws:ec2:us-west-2:171675361862:snapshot/snap-03e9cddf0760568af,EC2 - Other,unallocated
2026-06-09T00:00:00Z,2026-06-10T00:00:00Z,True,0.0077107747,arn:aws:ec2:us-west-2:171675361862:snapshot/snap-04835772777dad20e,EC2 - Other,unallocated
2026-06-09T00:00:00Z,2026-06-10T00:00:00Z,True,0.005448405,arn:aws:ec2:us-west-2:171675361862:snapshot/snap-049b1328bdd0e2367,EC2 - Other,unallocated
2026-06-09T00:00:00Z,2026-06-10T00:00:00Z,True,0.0071622721,arn:aws:ec2:us-west-2:171675361862:snapshot/snap-05dc35b99f1d66572,EC2 - Other,unallocated
2026-06-09T00:00:00Z,2026-06-10T00:00:00Z,True,0.0059277344,arn:aws:ec2:us-west-2:171675361862:snapshot/snap-068c9cd76d82972c6,EC2 - Other,unallocated
2026-06-09T00:00:00Z,2026-06-10T00:00:00Z,True,0.0188614909,arn:aws:ec2:us-west-2:171675361862:snapshot/snap-0811506c8e0e4c38d,EC2 - Other,unallocated
2026-06-09T00:00:00Z,2026-06-10T00:00:00Z,True,0.0049674479,arn:aws:ec2:us-west-2:171675361862:snapshot/snap-08971cb52b0d65cf4,EC2 - Other,unallocated
2026-06-09T00:00:00Z,2026-06-10T00:00:00Z,True,0.005139974,arn:aws:ec2:us-west-2:171675361862:snapshot/snap-08bba655a6c5cbab1,EC2 - Other,unallocated
2026-06-09T00:00:00Z,2026-06-10T00:00:00Z,True,0.0049023438,arn:aws:ec2:us-west-2:171675361862:snapshot/snap-0912fb835f7ce67e9,EC2 - Other,unallocated
2026-06-09T00:00:00Z,2026-06-10T00:00:00Z,True,0.0051969401,arn:aws:ec2:us-west-2:171675361862:snapshot/snap-0955251ceed89fccd,EC2 - Other,unallocated
2026-06-09T00:00:00Z,2026-06-10T00:00:00Z,True,0.0056396484,arn:aws:ec2:us-west-2:171675361862:snapshot/snap-0b57ab838a3d96a1e,EC2 - Other,unallocated
2026-06-09T00:00:00Z,2026-06-10T00:00:00Z,True,0.0114078776,arn:aws:ec2:us-west-2:171675361862:snapshot/snap-0b59545ad20e68906,EC2 - Other,unallocated
2026-06-09T00:00:00Z,2026-06-10T00:00:00Z,True,0.0052132161,arn:aws:ec2:us-west-2:171675361862:snapshot/snap-0bace1a1137e22c44,EC2 - Other,unallocated
2026-06-09T00:00:00Z,2026-06-10T00:00:00Z,True,0.005300293,arn:aws:ec2:us-west-2:171675361862:snapshot/snap-0d0c4af263032230c,EC2 - Other,unallocated
2026-06-09T00:00:00Z,2026-06-10T00:00:00Z,True,0.0049072266,arn:aws:ec2:us-west-2:171675361862:snapshot/snap-0d2a28c3feb1b3215,EC2 - Other,unallocated
2026-06-09T00:00:00Z,2026-06-10T00:00:00Z,True,0.0053548177,arn:aws:ec2:us-west-2:171675361862:snapshot/snap-0d834f9a24c2f6097,EC2 - Other,unallocated
2026-06-09T00:00:00Z,2026-06-10T00:00:00Z,True,0.005164388,arn:aws:ec2:us-west-2:171675361862:snapshot/snap-0daf5245a270f593f,EC2 - Other,unallocated
2026-06-09T00:00:00Z,2026-06-10T00:00:00Z,True,0.0053507487,arn:aws:ec2:us-west-2:171675361862:snapshot/snap-0dd884c697c716097,EC2 - Other,unallocated
2026-06-09T00:00:00Z,2026-06-10T00:00:00Z,True,0.0047631836,arn:aws:ec2:us-west-2:171675361862:snapshot/snap-0ef79544c150b4756,EC2 - Other,unallocated
2026-06-09T00:00:00Z,2026-06-10T00:00:00Z,True,0.0051831055,arn:aws:ec2:us-west-2:171675361862:snapshot/snap-0f167818ffe7feac1,EC2 - Other,unallocated
2026-06-09T00:00:00Z,2026-06-10T00:00:00Z,True,0.0071875,arn:aws:ec2:us-west-2:171675361862:snapshot/snap-0f35a63f136c0ec82,EC2 - Other,unallocated
2026-06-09T00:00:00Z,2026-06-10T00:00:00Z,True,0.0053344727,arn:aws:ec2:us-west-2:171675361862:snapshot/snap-0fbf1eb66ee99723a,EC2 - Other,unallocated
2026-06-09T00:00:00Z,2026-06-10T00:00:00Z,True,0.0,i-0086ffc6caea966a3,EC2 - Other,unallocated
2026-06-09T00:00:00Z,2026-06-10T00:00:00Z,True,0.0772708539,i-010250800c6a59269,EC2 - Other,unallocated
2026-06-09T00:00:00Z,2026-06-10T00:00:00Z,True,0.0043985907,i-01d39bf5d637a0f45,EC2 - Other,unallocated
2026-06-09T00:00:00Z,2026-06-10T00:00:00Z,True,0.0,i-02a232eb7ac297f5b,EC2 - Other,unallocated
2026-06-09T00:00:00Z,2026-06-10T00:00:00Z,True,0.0034239591,i-03a885b673b72f89d,EC2 - Other,unallocated
2026-06-09T00:00:00Z,2026-06-10T00:00:00Z,True,7.51422e-05,i-04d3a8c6aae87f818,EC2 - Other,dayhoff
2026-06-09T00:00:00Z,2026-06-10T00:00:00Z,True,0.0,i-0503a9927d947e75d,EC2 - Other,unallocated
2026-06-09T00:00:00Z,2026-06-10T00:00:00Z,True,0.0,i-056d33971ea8b4dfa,EC2 - Other,unallocated
2026-06-09T00:00:00Z,2026-06-10T00:00:00Z,True,0.003454217,i-05815cdeec4a6dad8,EC2 - Other,unallocated
2026-06-09T00:00:00Z,2026-06-10T00:00:00Z,True,2.81e-07,i-05d2f91400f87bdb2,EC2 - Other,unallocated
2026-06-09T00:00:00Z,2026-06-10T00:00:00Z,True,0.0001489559,i-05de16a24310099c5,EC2 - Other,dayhoff
2026-06-09T00:00:00Z,2026-06-10T00:00:00Z,True,0.0,i-063a50c2a8952b078,EC2 - Other,unallocated
2026-06-09T00:00:00Z,2026-06-10T00:00:00Z,True,0.0001434745,i-068f3aad2bedb9fa6,EC2 - Other,dayhoff
2026-06-09T00:00:00Z,2026-06-10T00:00:00Z,True,0.0,i-06d14f8b8a97f5730,EC2 - Other,unallocated
2026-06-09T00:00:00Z,2026-06-10T00:00:00Z,True,0.0,i-077fc2dd7f074ed7f,EC2 - Other,unallocated
2026-06-09T00:00:00Z,2026-06-10T00:00:00Z,True,0.0002294674,i-07df3a933e4839f52,EC2 - Other,dayhoff
2026-06-09T00:00:00Z,2026-06-10T00:00:00Z,True,0.0001989736,i-07f808f18aff905e7,EC2 - Other,unallocated
2026-06-09T00:00:00Z,2026-06-10T00:00:00Z,True,0.0001574981,i-09126000eb19643b0,EC2 - Other,dayhoff
2026-06-09T00:00:00Z,2026-06-10T00:00:00Z,True,0.0,i-09253dde439fbb2f9,EC2 - Other,unallocated
2026-06-09T00:00:00Z,2026-06-10T00:00:00Z,True,1.4464e-06,i-09f66b3f11ea42c60,EC2 - Other,unallocated
2026-06-09T00:00:00Z,2026-06-10T00:00:00Z,True,0.0,i-09f781852d9b63f79,EC2 - Other,unallocated
2026-06-09T00:00:00Z,2026-06-10T00:00:00Z,True,0.0,i-0a05109d03b0c73cb,EC2 - Other,unallocated
2026-06-09T00:00:00Z,2026-06-10T00:00:00Z,True,0.0001676889,i-0a70e6af119b993f3,EC2 - Other,dayhoff
2026-06-09T00:00:00Z,2026-06-10T00:00:00Z,True,0.0,i-0aa82a10cdc9dfc24,EC2 - Other,unallocated
2026-06-09T00:00:00Z,2026-06-10T00:00:00Z,True,1.5744e-06,i-0ab7116abc8229a16,EC2 - Other,unallocated
2026-06-09T00:00:00Z,2026-06-10T00:00:00Z,True,0.0,i-0abbd7a2e2f46761a,EC2 - Other,unallocated
2026-06-09T00:00:00Z,2026-06-10T00:00:00Z,True,0.0,i-0aeefb9374d079f10,EC2 - Other,unallocated
2026-06-09T00:00:00Z,2026-06-10T00:00:00Z,True,0.0001422761,i-0b6713cc15f74d360,EC2 - Other,dayhoff
2026-06-09T00:00:00Z,2026-06-10T00:00:00Z,True,0.0,i-0c1cd3ae81df3c27d,EC2 - Other,unallocated
2026-06-09T00:00:00Z,2026-06-10T00:00:00Z,True,0.0,i-0cea0c306de87a04b,EC2 - Other,unallocated
2026-06-09T00:00:00Z,2026-06-10T00:00:00Z,True,0.0,i-0cf3d8c9675292436,EC2 - Other,unallocated
2026-06-09T00:00:00Z,2026-06-10T00:00:00Z,True,0.0,i-0dcebdc379d247898,EC2 - Other,unallocated
2026-06-09T00:00:00Z,2026-06-10T00:00:00Z,True,6.60574e-05,i-0de9e3f8d3208cf03,EC2 - Other,dayhoff
2026-06-09T00:00:00Z,2026-06-10T00:00:00Z,True,0.0001882808,i-0e275a07e9390e8a0,EC2 - Other,unallocated
2026-06-09T00:00:00Z,2026-06-10T00:00:00Z,True,0.0238442187,i-0e5e3df7a4f2941a0,EC2 - Other,dayhoff
2026-06-09T00:00:00Z,2026-06-10T00:00:00Z,True,0.0001565614,i-0e70fab85d559c615,EC2 - Other,dayhoff
2026-06-09T00:00:00Z,2026-06-10T00:00:00Z,True,0.019234015,i-0eb2daf686884b78f,EC2 - Other,unallocated
2026-06-09T00:00:00Z,2026-06-10T00:00:00Z,True,0.0,i-0f4241b9fb9004f8f,EC2 - Other,unallocated
2026-06-09T00:00:00Z,2026-06-10T00:00:00Z,True,0.0027958333,vol-004b2eba7897350f5,EC2 - Other,unallocated
2026-06-09T00:00:00Z,2026-06-10T00:00:00Z,True,0.0799999992,vol-0054217b60d3a15d8,EC2 - Other,unallocated
2026-06-09T00:00:00Z,2026-06-10T00:00:00Z,True,0.8959999992,vol-00cbb7ba932dbd3a4,EC2 - Other,unallocated
2026-06-09T00:00:00Z,2026-06-10T00:00:00Z,True,0.0709851851,vol-0116c4ee462c6f0ac,EC2 - Other,unallocated
2026-06-09T00:00:00Z,2026-06-10T00:00:00Z,True,0.0102805556,vol-013b3888166e755a8,EC2 - Other,unallocated
2026-06-09T00:00:00Z,2026-06-10T00:00:00Z,True,0.0013375,vol-013e49bfdcb80dbfc,EC2 - Other,unallocated
2026-06-09T00:00:00Z,2026-06-10T00:00:00Z,True,0.1512829628,vol-0177ae12cbbd46dfc,EC2 - Other,unallocated
2026-06-09T00:00:00Z,2026-06-10T00:00:00Z,True,0.0533333328,vol-02caa6b741e86c280,EC2 - Other,unallocated
2026-06-09T00:00:00Z,2026-06-10T00:00:00Z,True,0.0110069444,vol-02fe1942be7a7ee43,EC2 - Other,unallocated
2026-06-09T00:00:00Z,2026-06-10T00:00:00Z,True,0.0014833333,vol-036c90661f3e13379,EC2 - Other,unallocated
2026-06-09T00:00:00Z,2026-06-10T00:00:00Z,True,0.8959999992,vol-0392bc7824a1e81e8,EC2 - Other,dayhoff
2026-06-09T00:00:00Z,2026-06-10T00:00:00Z,True,1.1226666672,vol-042a5f5daead20490,EC2 - Other,unallocated
2026-06-09T00:00:00Z,2026-06-10T00:00:00Z,True,0.8959999992,vol-04646998d6f1fd325,EC2 - Other,dayhoff
2026-06-09T00:00:00Z,2026-06-10T00:00:00Z,True,0.0150333333,vol-04d0b17ef0e7b6944,EC2 - Other,unallocated
2026-06-09T00:00:00Z,2026-06-10T00:00:00Z,True,1.1226666672,vol-05c022ec40ad24aa5,EC2 - Other,unallocated
2026-06-09T00:00:00Z,2026-06-10T00:00:00Z,True,0.0271570988,vol-066a8039bbbe64479,EC2 - Other,unallocated
2026-06-09T00:00:00Z,2026-06-10T00:00:00Z,True,1.1226666672,vol-067169329e7a92af1,EC2 - Other,unallocated
2026-06-09T00:00:00Z,2026-06-10T00:00:00Z,True,0.0078347222,vol-071e01a9bd9fda255,EC2 - Other,unallocated
2026-06-09T00:00:00Z,2026-06-10T00:00:00Z,True,0.0799999992,vol-0725e7ce2db54e386,EC2 - Other,unallocated
2026-06-09T00:00:00Z,2026-06-10T00:00:00Z,True,0.0022569444,vol-07b9832216010d92a,EC2 - Other,unallocated
2026-06-09T00:00:00Z,2026-06-10T00:00:00Z,True,0.0058555556,vol-07be0ea2695af68b6,EC2 - Other,unallocated
2026-06-09T00:00:00Z,2026-06-10T00:00:00Z,True,0.009825,vol-081811bccf7ef1a53,EC2 - Other,unallocated
2026-06-09T00:00:00Z,2026-06-10T00:00:00Z,True,0.1333333344,vol-08dee3ee1394063cb,EC2 - Other,unallocated
2026-06-09T00:00:00Z,2026-06-10T00:00:00Z,True,0.0213333336,vol-0941af554a7184c73,EC2 - Other,dayhoff
2026-06-09T00:00:00Z,2026-06-10T00:00:00Z,True,0.0213333336,vol-09454929e2c583ae7,EC2 - Other,unallocated
2026-06-09T00:00:00Z,2026-06-10T00:00:00Z,True,0.8959999992,vol-0aa3f5a0f5cdca9a0,EC2 - Other,unallocated
2026-06-09T00:00:00Z,2026-06-10T00:00:00Z,True,0.1455170369,vol-0aeb3e7c0a710e35f,EC2 - Other,unallocated
2026-06-09T00:00:00Z,2026-06-10T00:00:00Z,True,0.0014402778,vol-0aed2b11ee622518c,EC2 - Other,unallocated
2026-06-09T00:00:00Z,2026-06-10T00:00:00Z,True,0.0213333336,vol-0af8f94e0cd058ddf,EC2 - Other,unallocated
2026-06-09T00:00:00Z,2026-06-10T00:00:00Z,True,0.0027416667,vol-0b94a81a62d8d9440,EC2 - Other,unallocated
2026-06-09T00:00:00Z,2026-06-10T00:00:00Z,True,0.0098541667,vol-0b965e91de15e9a0e,EC2 - Other,unallocated
2026-06-09T00:00:00Z,2026-06-10T00:00:00Z,True,0.8959999992,vol-0b99a6dcae2700982,EC2 - Other,dayhoff
2026-06-09T00:00:00Z,2026-06-10T00:00:00Z,True,0.0031277778,vol-0ba39020301dd9516,EC2 - Other,unallocated
2026-06-09T00:00:00Z,2026-06-10T00:00:00Z,True,0.0799999992,vol-0bff19625e45e6e4c,EC2 - Other,unallocated
2026-06-09T00:00:00Z,2026-06-10T00:00:00Z,True,0.624,vol-0c26833469cf6995a,EC2 - Other,unallocated
2026-06-09T00:00:00Z,2026-06-10T00:00:00Z,True,0.8959999992,vol-0c69ba6b467620e14,EC2 - Other,dayhoff
2026-06-09T00:00:00Z,2026-06-10T00:00:00Z,True,1.1226666672,vol-0c90d4fbaada3820a,EC2 - Other,unallocated
2026-06-09T00:00:00Z,2026-06-10T00:00:00Z,True,0.0026041667,vol-0ced89bb6b2dbd659,EC2 - Other,unallocated
2026-06-09T00:00:00Z,2026-06-10T00:00:00Z,True,0.1511792591,vol-0d6eaad23e3184a42,EC2 - Other,unallocated
2026-06-09T00:00:00Z,2026-06-10T00:00:00Z,True,0.4479999996,vol-0d756a965fa46f7c1,EC2 - Other,unallocated
2026-06-09T00:00:00Z,2026-06-10T00:00:00Z,True,0.0027083333,vol-0da18b7bcca05a4f4,EC2 - Other,unallocated
2026-06-09T00:00:00Z,2026-06-10T00:00:00Z,True,0.0272350617,vol-0dcbb288880c033cd,EC2 - Other,unallocated
2026-06-09T00:00:00Z,2026-06-10T00:00:00Z,True,0.0275540741,vol-0ddc2c94b61bd8110,EC2 - Other,unallocated
2026-06-09T00:00:00Z,2026-06-10T00:00:00Z,True,0.0230510494,vol-0ea0d3419abcfd4c2,EC2 - Other,unallocated
2026-06-09T00:00:00Z,2026-06-10T00:00:00Z,True,0.8959999992,vol-0ea36895cc2b979ac,EC2 - Other,dayhoff
2026-06-09T00:00:00Z,2026-06-10T00:00:00Z,True,0.0015125,vol-0f4c1c74f0f6b06a0,EC2 - Other,unallocated
2026-06-09T00:00:00Z,2026-06-10T00:00:00Z,True,1.1226666672,vol-0f5e5d7eec5982fa8,EC2 - Other,unallocated
2026-06-09T00:00:00Z,2026-06-10T00:00:00Z,True,0.0062541667,vol-0f956e2eea4650c8c,EC2 - Other,unallocated
2026-06-09T00:00:00Z,2026-06-10T00:00:00Z,True,0.8887777782,vol-0f9ef75ea2bd0c8f8,EC2 - Other,unallocated
2026-06-09T00:00:00Z,2026-06-10T00:00:00Z,True,0.8959999992,vol-0f9efeb41e207d738,EC2 - Other,unallocated
2026-06-09T00:00:00Z,2026-06-10T00:00:00Z,True,0.0045041667,vol-0fc593d0606278e33,EC2 - Other,unallocated
2026-06-10T00:00:00Z,2026-06-11T00:00:00Z,True,1.3440001107,arn:aws:ec2:ap-south-1:108782052779:natgateway/nat-01dc061291fc51e75,EC2 - Other,unallocated
2026-06-10T00:00:00Z,2026-06-11T00:00:00Z,True,1.3440001087,arn:aws:ec2:ap-south-1:108782052779:natgateway/nat-05f85018216cac061,EC2 - Other,unallocated
2026-06-10T00:00:00Z,2026-06-11T00:00:00Z,True,0.0802823893,arn:aws:ec2:ap-south-1:108782052779:snapshot/snap-053909bfd492a6457,EC2 - Other,unallocated
2026-06-10T00:00:00Z,2026-06-11T00:00:00Z,True,1.2480000713,arn:aws:ec2:eu-central-1:108782052779:natgateway/nat-0a2bfbfedf38f8e87,EC2 - Other,unallocated
2026-06-10T00:00:00Z,2026-06-11T00:00:00Z,True,1.2480000826,arn:aws:ec2:eu-central-1:108782052779:natgateway/nat-0ec6ae9605269bef4,EC2 - Other,unallocated
2026-06-10T00:00:00Z,2026-06-11T00:00:00Z,True,1.0800001984,arn:aws:ec2:us-east-1:108782052779:natgateway/nat-089a96601cfd34f9d,EC2 - Other,dayhoff
2026-06-10T00:00:00Z,2026-06-11T00:00:00Z,True,1.0800000991,arn:aws:ec2:us-west-2:108782052779:natgateway/nat-00246c8ef3b9087f1,EC2 - Other,dayhoff
2026-06-10T00:00:00Z,2026-06-11T00:00:00Z,True,1.0832103229,arn:aws:ec2:us-west-2:108782052779:natgateway/nat-00ac08b685fea726f,EC2 - Other,terrarium
2026-06-10T00:00:00Z,2026-06-11T00:00:00Z,True,1.824044268,arn:aws:ec2:us-west-2:108782052779:natgateway/nat-00f3c26e43ede9b10,EC2 - Other,unallocated
2026-06-10T00:00:00Z,2026-06-11T00:00:00Z,True,1.110768824,arn:aws:ec2:us-west-2:108782052779:natgateway/nat-0234e77781575cced,EC2 - Other,terrarium
2026-06-10T00:00:00Z,2026-06-11T00:00:00Z,True,0.001678399,arn:aws:ec2:us-west-2:108782052779:snapshot/snap-03a1e3fb4ecbed785,EC2 - Other,unallocated
2026-06-10T00:00:00Z,2026-06-11T00:00:00Z,True,0.0017057292,arn:aws:ec2:us-west-2:108782052779:snapshot/snap-0cd48d3e6563f659c,EC2 - Other,unallocated
2026-06-10T00:00:00Z,2026-06-11T00:00:00Z,True,0.0003279622,arn:aws:ec2:us-west-2:108782052779:snapshot/snap-0daa36eccc17e2483,EC2 - Other,unallocated
2026-06-10T00:00:00Z,2026-06-11T00:00:00Z,True,1.3000204659,arn:aws:ec2:us-west-2:171675361862:natgateway/nat-01432c586ef9dbf51,EC2 - Other,unallocated
2026-06-10T00:00:00Z,2026-06-11T00:00:00Z,True,0.0051318359,arn:aws:ec2:us-west-2:171675361862:snapshot/snap-01051ee004e700b1e,EC2 - Other,unallocated
2026-06-10T00:00:00Z,2026-06-11T00:00:00Z,True,0.0055664063,arn:aws:ec2:us-west-2:171675361862:snapshot/snap-010eb6cbb466b71fd,EC2 - Other,unallocated
2026-06-10T00:00:00Z,2026-06-11T00:00:00Z,True,0.004831543,arn:aws:ec2:us-west-2:171675361862:snapshot/snap-01617e5cf1a7141a9,EC2 - Other,unallocated
2026-06-10T00:00:00Z,2026-06-11T00:00:00Z,True,0.0074845378,arn:aws:ec2:us-west-2:171675361862:snapshot/snap-0225be64252283430,EC2 - Other,unallocated
2026-06-10T00:00:00Z,2026-06-11T00:00:00Z,True,0.0057283529,arn:aws:ec2:us-west-2:171675361862:snapshot/snap-02e2a477c70bd2d6b,EC2 - Other,unallocated
2026-06-10T00:00:00Z,2026-06-11T00:00:00Z,True,0.0054939779,arn:aws:ec2:us-west-2:171675361862:snapshot/snap-031f9c5ef8426bd1c,EC2 - Other,unallocated
2026-06-10T00:00:00Z,2026-06-11T00:00:00Z,True,0.0052034505,arn:aws:ec2:us-west-2:171675361862:snapshot/snap-034c0dc963dcc6b4a,EC2 - Other,unallocated
2026-06-10T00:00:00Z,2026-06-11T00:00:00Z,True,0.0191590712,arn:aws:ec2:us-west-2:171675361862:snapshot/snap-0356c62bc9336feef,EC2 - Other,unallocated
2026-06-10T00:00:00Z,2026-06-11T00:00:00Z,True,0.0052278646,arn:aws:ec2:us-west-2:171675361862:snapshot/snap-03e9cddf0760568af,EC2 - Other,unallocated
2026-06-10T00:00:00Z,2026-06-11T00:00:00Z,True,0.0077107747,arn:aws:ec2:us-west-2:171675361862:snapshot/snap-04835772777dad20e,EC2 - Other,unallocated
2026-06-10T00:00:00Z,2026-06-11T00:00:00Z,True,0.005448405,arn:aws:ec2:us-west-2:171675361862:snapshot/snap-049b1328bdd0e2367,EC2 - Other,unallocated
2026-06-10T00:00:00Z,2026-06-11T00:00:00Z,True,0.0046940104,arn:aws:ec2:us-west-2:171675361862:snapshot/snap-050a336ac34adee25,EC2 - Other,unallocated
2026-06-10T00:00:00Z,2026-06-11T00:00:00Z,True,0.0071622721,arn:aws:ec2:us-west-2:171675361862:snapshot/snap-05dc35b99f1d66572,EC2 - Other,unallocated
2026-06-10T00:00:00Z,2026-06-11T00:00:00Z,True,0.0059277344,arn:aws:ec2:us-west-2:171675361862:snapshot/snap-068c9cd76d82972c6,EC2 - Other,unallocated
2026-06-10T00:00:00Z,2026-06-11T00:00:00Z,True,0.0078112793,arn:aws:ec2:us-west-2:171675361862:snapshot/snap-0811506c8e0e4c38d,EC2 - Other,unallocated
2026-06-10T00:00:00Z,2026-06-11T00:00:00Z,True,0.0049674479,arn:aws:ec2:us-west-2:171675361862:snapshot/snap-08971cb52b0d65cf4,EC2 - Other,unallocated
2026-06-10T00:00:00Z,2026-06-11T00:00:00Z,True,0.005139974,arn:aws:ec2:us-west-2:171675361862:snapshot/snap-08bba655a6c5cbab1,EC2 - Other,unallocated
2026-06-10T00:00:00Z,2026-06-11T00:00:00Z,True,0.0049023438,arn:aws:ec2:us-west-2:171675361862:snapshot/snap-0912fb835f7ce67e9,EC2 - Other,unallocated
2026-06-10T00:00:00Z,2026-06-11T00:00:00Z,True,0.0051969401,arn:aws:ec2:us-west-2:171675361862:snapshot/snap-0955251ceed89fccd,EC2 - Other,unallocated
2026-06-10T00:00:00Z,2026-06-11T00:00:00Z,True,0.0056396484,arn:aws:ec2:us-west-2:171675361862:snapshot/snap-0b57ab838a3d96a1e,EC2 - Other,unallocated
2026-06-10T00:00:00Z,2026-06-11T00:00:00Z,True,0.0114078776,arn:aws:ec2:us-west-2:171675361862:snapshot/snap-0b59545ad20e68906,EC2 - Other,unallocated
2026-06-10T00:00:00Z,2026-06-11T00:00:00Z,True,0.0052132161,arn:aws:ec2:us-west-2:171675361862:snapshot/snap-0bace1a1137e22c44,EC2 - Other,unallocated
2026-06-10T00:00:00Z,2026-06-11T00:00:00Z,True,0.005300293,arn:aws:ec2:us-west-2:171675361862:snapshot/snap-0d0c4af263032230c,EC2 - Other,unallocated
2026-06-10T00:00:00Z,2026-06-11T00:00:00Z,True,0.0049072266,arn:aws:ec2:us-west-2:171675361862:snapshot/snap-0d2a28c3feb1b3215,EC2 - Other,unallocated
2026-06-10T00:00:00Z,2026-06-11T00:00:00Z,True,0.0053548177,arn:aws:ec2:us-west-2:171675361862:snapshot/snap-0d834f9a24c2f6097,EC2 - Other,unallocated
2026-06-10T00:00:00Z,2026-06-11T00:00:00Z,True,0.005164388,arn:aws:ec2:us-west-2:171675361862:snapshot/snap-0daf5245a270f593f,EC2 - Other,unallocated
2026-06-10T00:00:00Z,2026-06-11T00:00:00Z,True,0.0053507487,arn:aws:ec2:us-west-2:171675361862:snapshot/snap-0dd884c697c716097,EC2 - Other,unallocated
2026-06-10T00:00:00Z,2026-06-11T00:00:00Z,True,0.0047631836,arn:aws:ec2:us-west-2:171675361862:snapshot/snap-0ef79544c150b4756,EC2 - Other,unallocated
2026-06-10T00:00:00Z,2026-06-11T00:00:00Z,True,0.0051831055,arn:aws:ec2:us-west-2:171675361862:snapshot/snap-0f167818ffe7feac1,EC2 - Other,unallocated
2026-06-10T00:00:00Z,2026-06-11T00:00:00Z,True,0.0071875,arn:aws:ec2:us-west-2:171675361862:snapshot/snap-0f35a63f136c0ec82,EC2 - Other,unallocated
2026-06-10T00:00:00Z,2026-06-11T00:00:00Z,True,0.0053344727,arn:aws:ec2:us-west-2:171675361862:snapshot/snap-0fbf1eb66ee99723a,EC2 - Other,unallocated
2026-06-10T00:00:00Z,2026-06-11T00:00:00Z,True,0.0,i-0039a4faba0c4ff8a,EC2 - Other,unallocated
2026-06-10T00:00:00Z,2026-06-11T00:00:00Z,True,0.0,i-003f21b885a03f1c3,EC2 - Other,unallocated
2026-06-10T00:00:00Z,2026-06-11T00:00:00Z,True,0.0,i-007deaacfbb28910f,EC2 - Other,unallocated
2026-06-10T00:00:00Z,2026-06-11T00:00:00Z,True,0.0,i-00d66192258f047ef,EC2 - Other,unallocated
2026-06-10T00:00:00Z,2026-06-11T00:00:00Z,True,0.0,i-0234861b8a8a33e67,EC2 - Other,unallocated
2026-06-10T00:00:00Z,2026-06-11T00:00:00Z,True,0.0,i-02b74bf216713afac,EC2 - Other,unallocated
2026-06-10T00:00:00Z,2026-06-11T00:00:00Z,True,0.0,i-02e04e3e7ddecd645,EC2 - Other,unallocated
2026-06-10T00:00:00Z,2026-06-11T00:00:00Z,True,0.0,i-03aaa1051cbb8893e,EC2 - Other,unallocated
2026-06-10T00:00:00Z,2026-06-11T00:00:00Z,True,0.0,i-03f85b832cab45fab,EC2 - Other,unallocated
2026-06-10T00:00:00Z,2026-06-11T00:00:00Z,True,0.0,i-0495ea4a74255506e,EC2 - Other,unallocated
2026-06-10T00:00:00Z,2026-06-11T00:00:00Z,True,0.0,i-04ca49be7a7022eda,EC2 - Other,unallocated
2026-06-10T00:00:00Z,2026-06-11T00:00:00Z,True,0.000193828,i-04d3a8c6aae87f818,EC2 - Other,dayhoff
2026-06-10T00:00:00Z,2026-06-11T00:00:00Z,True,0.0,i-0568323b18063533a,EC2 - Other,unallocated
2026-06-10T00:00:00Z,2026-06-11T00:00:00Z,True,1.2898e-06,i-05815cdeec4a6dad8,EC2 - Other,unallocated
2026-06-10T00:00:00Z,2026-06-11T00:00:00Z,True,0.0001793596,i-05de16a24310099c5,EC2 - Other,dayhoff
2026-06-10T00:00:00Z,2026-06-11T00:00:00Z,True,0.0,i-06221d0b730861475,EC2 - Other,unallocated
2026-06-10T00:00:00Z,2026-06-11T00:00:00Z,True,0.0001778683,i-068f3aad2bedb9fa6,EC2 - Other,dayhoff
2026-06-10T00:00:00Z,2026-06-11T00:00:00Z,True,0.0,i-07baa73601353b32d,EC2 - Other,unallocated
2026-06-10T00:00:00Z,2026-06-11T00:00:00Z,True,0.0001976822,i-07df3a933e4839f52,EC2 - Other,dayhoff
2026-06-10T00:00:00Z,2026-06-11T00:00:00Z,True,0.000201807,i-07f808f18aff905e7,EC2 - Other,unallocated
2026-06-10T00:00:00Z,2026-06-11T00:00:00Z,True,0.0,i-0843395fc6d86787e,EC2 - Other,unallocated
2026-06-10T00:00:00Z,2026-06-11T00:00:00Z,True,0.0,i-084a99847aaf0d367,EC2 - Other,unallocated
2026-06-10T00:00:00Z,2026-06-11T00:00:00Z,True,0.0,i-08f1c02a7cc96ad42,EC2 - Other,unallocated
2026-06-10T00:00:00Z,2026-06-11T00:00:00Z,True,0.0,i-08f245297d53842f0,EC2 - Other,unallocated
2026-06-10T00:00:00Z,2026-06-11T00:00:00Z,True,0.0002071113,i-09126000eb19643b0,EC2 - Other,dayhoff
2026-06-10T00:00:00Z,2026-06-11T00:00:00Z,True,0.0,i-097ed626320ea5ace,EC2 - Other,unallocated
2026-06-10T00:00:00Z,2026-06-11T00:00:00Z,True,1.23645e-05,i-09f66b3f11ea42c60,EC2 - Other,unallocated
2026-06-10T00:00:00Z,2026-06-11T00:00:00Z,True,0.0001693973,i-0a70e6af119b993f3,EC2 - Other,dayhoff
2026-06-10T00:00:00Z,2026-06-11T00:00:00Z,True,1.644e-06,i-0ab7116abc8229a16,EC2 - Other,unallocated
2026-06-10T00:00:00Z,2026-06-11T00:00:00Z,True,0.0,i-0b538f6cb0045aa23,EC2 - Other,unallocated
2026-06-10T00:00:00Z,2026-06-11T00:00:00Z,True,0.0,i-0b539656eb171738e,EC2 - Other,unallocated
2026-06-10T00:00:00Z,2026-06-11T00:00:00Z,True,0.0001795801,i-0b6713cc15f74d360,EC2 - Other,dayhoff
2026-06-10T00:00:00Z,2026-06-11T00:00:00Z,True,0.0,i-0bfb56c624f542175,EC2 - Other,unallocated
2026-06-10T00:00:00Z,2026-06-11T00:00:00Z,True,0.0,i-0c3e8789af1fd0867,EC2 - Other,unallocated
2026-06-10T00:00:00Z,2026-06-11T00:00:00Z,True,0.0,i-0c3ecbdf8d2ed28d3,EC2 - Other,unallocated
2026-06-10T00:00:00Z,2026-06-11T00:00:00Z,True,0.0,i-0c768ba13954bc817,EC2 - Other,unallocated
2026-06-10T00:00:00Z,2026-06-11T00:00:00Z,True,0.000187825,i-0de9e3f8d3208cf03,EC2 - Other,dayhoff
2026-06-10T00:00:00Z,2026-06-11T00:00:00Z,True,0.0,i-0dfa63f3d3b18c6dc,EC2 - Other,unallocated
2026-06-10T00:00:00Z,2026-06-11T00:00:00Z,True,0.0,i-0e11fd77bb044e2cc,EC2 - Other,unallocated
2026-06-10T00:00:00Z,2026-06-11T00:00:00Z,True,0.0004983756,i-0e5e3df7a4f2941a0,EC2 - Other,dayhoff
2026-06-10T00:00:00Z,2026-06-11T00:00:00Z,True,0.0001873082,i-0e70fab85d559c615,EC2 - Other,dayhoff
2026-06-10T00:00:00Z,2026-06-11T00:00:00Z,True,0.0,i-0f0d6d4010b096fdd,EC2 - Other,unallocated
2026-06-10T00:00:00Z,2026-06-11T00:00:00Z,True,0.0,i-0f3a56d642391b542,EC2 - Other,unallocated
2026-06-10T00:00:00Z,2026-06-11T00:00:00Z,True,0.0,i-0fb62931499b33c41,EC2 - Other,unallocated
2026-06-10T00:00:00Z,2026-06-11T00:00:00Z,True,0.0070569444,vol-002ba87be454f3794,EC2 - Other,unallocated
2026-06-10T00:00:00Z,2026-06-11T00:00:00Z,True,0.0799999992,vol-0054217b60d3a15d8,EC2 - Other,unallocated
2026-06-10T00:00:00Z,2026-06-11T00:00:00Z,True,0.0008875,vol-008cbcb5346262645,EC2 - Other,unallocated
2026-06-10T00:00:00Z,2026-06-11T00:00:00Z,True,0.8959999992,vol-00cbb7ba932dbd3a4,EC2 - Other,unallocated
2026-06-10T00:00:00Z,2026-06-11T00:00:00Z,True,0.0009638889,vol-0106eaf4b57fc8c51,EC2 - Other,unallocated
2026-06-10T00:00:00Z,2026-06-11T00:00:00Z,True,0.0015166667,vol-01125254062bae534,EC2 - Other,unallocated
2026-06-10T00:00:00Z,2026-06-11T00:00:00Z,True,0.0013958333,vol-0135abd2468749a5c,EC2 - Other,unallocated
2026-06-10T00:00:00Z,2026-06-11T00:00:00Z,True,0.0533333328,vol-02caa6b741e86c280,EC2 - Other,unallocated
2026-06-10T00:00:00Z,2026-06-11T00:00:00Z,True,0.0008958333,vol-0346d833f0814fdce,EC2 - Other,unallocated
2026-06-10T00:00:00Z,2026-06-11T00:00:00Z,True,0.8959999992,vol-0392bc7824a1e81e8,EC2 - Other,dayhoff
2026-06-10T00:00:00Z,2026-06-11T00:00:00Z,True,1.1226666672,vol-042a5f5daead20490,EC2 - Other,unallocated
2026-06-10T00:00:00Z,2026-06-11T00:00:00Z,True,0.8959999992,vol-04646998d6f1fd325,EC2 - Other,dayhoff
2026-06-10T00:00:00Z,2026-06-11T00:00:00Z,True,0.0043916667,vol-04c392ba1d76060bb,EC2 - Other,unallocated
2026-06-10T00:00:00Z,2026-06-11T00:00:00Z,True,0.0009569444,vol-0520d75b60ed15cc4,EC2 - Other,unallocated
2026-06-10T00:00:00Z,2026-06-11T00:00:00Z,True,0.0014666667,vol-0539f2158cc945319,EC2 - Other,unallocated
2026-06-10T00:00:00Z,2026-06-11T00:00:00Z,True,1.1226666672,vol-05c022ec40ad24aa5,EC2 - Other,unallocated
2026-06-10T00:00:00Z,2026-06-11T00:00:00Z,True,0.0015805556,vol-060aef5599433a754,EC2 - Other,unallocated
2026-06-10T00:00:00Z,2026-06-11T00:00:00Z,True,0.0034055556,vol-06125e1f120cf80db,EC2 - Other,unallocated
2026-06-10T00:00:00Z,2026-06-11T00:00:00Z,True,1.1226666672,vol-067169329e7a92af1,EC2 - Other,unallocated
2026-06-10T00:00:00Z,2026-06-11T00:00:00Z,True,0.0799999992,vol-0725e7ce2db54e386,EC2 - Other,unallocated
2026-06-10T00:00:00Z,2026-06-11T00:00:00Z,True,0.0041,vol-077f485ca8aad73a7,EC2 - Other,unallocated
2026-06-10T00:00:00Z,2026-06-11T00:00:00Z,True,0.0027375,vol-07fcdc1a2320c12c3,EC2 - Other,unallocated
2026-06-10T00:00:00Z,2026-06-11T00:00:00Z,True,0.1333333344,vol-08dee3ee1394063cb,EC2 - Other,unallocated
2026-06-10T00:00:00Z,2026-06-11T00:00:00Z,True,0.0031055556,vol-090d0314b1c32004c,EC2 - Other,unallocated
2026-06-10T00:00:00Z,2026-06-11T00:00:00Z,True,0.0213333336,vol-0941af554a7184c73,EC2 - Other,dayhoff
2026-06-10T00:00:00Z,2026-06-11T00:00:00Z,True,0.0213333336,vol-09454929e2c583ae7,EC2 - Other,unallocated
2026-06-10T00:00:00Z,2026-06-11T00:00:00Z,True,0.0022444444,vol-09ae44ca3276f81d7,EC2 - Other,unallocated
2026-06-10T00:00:00Z,2026-06-11T00:00:00Z,True,0.001575,vol-0a11c806d72674102,EC2 - Other,unallocated
2026-06-10T00:00:00Z,2026-06-11T00:00:00Z,True,0.8959999992,vol-0aa3f5a0f5cdca9a0,EC2 - Other,unallocated
2026-06-10T00:00:00Z,2026-06-11T00:00:00Z,True,0.000975,vol-0ab9dee03d7741f7e,EC2 - Other,unallocated
2026-06-10T00:00:00Z,2026-06-11T00:00:00Z,True,0.0213333336,vol-0af8f94e0cd058ddf,EC2 - Other,unallocated
2026-06-10T00:00:00Z,2026-06-11T00:00:00Z,True,0.0056125,vol-0b22542325015070a,EC2 - Other,unallocated
2026-06-10T00:00:00Z,2026-06-11T00:00:00Z,True,0.8959999992,vol-0b99a6dcae2700982,EC2 - Other,dayhoff
2026-06-10T00:00:00Z,2026-06-11T00:00:00Z,True,0.0799999992,vol-0bff19625e45e6e4c,EC2 - Other,unallocated
2026-06-10T00:00:00Z,2026-06-11T00:00:00Z,True,0.624,vol-0c26833469cf6995a,EC2 - Other,unallocated
2026-06-10T00:00:00Z,2026-06-11T00:00:00Z,True,0.8959999992,vol-0c69ba6b467620e14,EC2 - Other,dayhoff
2026-06-10T00:00:00Z,2026-06-11T00:00:00Z,True,1.1226666672,vol-0c90d4fbaada3820a,EC2 - Other,unallocated
2026-06-10T00:00:00Z,2026-06-11T00:00:00Z,True,0.0017416667,vol-0cc049e1e084bad85,EC2 - Other,unallocated
2026-06-10T00:00:00Z,2026-06-11T00:00:00Z,True,0.8959999992,vol-0d756a965fa46f7c1,EC2 - Other,unallocated
2026-06-10T00:00:00Z,2026-06-11T00:00:00Z,True,0.0008458333,vol-0d814d81c1fd60bd0,EC2 - Other,unallocated
2026-06-10T00:00:00Z,2026-06-11T00:00:00Z,True,0.0159347222,vol-0de803b071e49b69b,EC2 - Other,unallocated
2026-06-10T00:00:00Z,2026-06-11T00:00:00Z,True,0.0019819444,vol-0dfc34ff1bb858f88,EC2 - Other,unallocated
2026-06-10T00:00:00Z,2026-06-11T00:00:00Z,True,0.0054527778,vol-0e1c956cfc5479ba1,EC2 - Other,unallocated
2026-06-10T00:00:00Z,2026-06-11T00:00:00Z,True,0.0008388889,vol-0e76308d793dfeb5b,EC2 - Other,unallocated
2026-06-10T00:00:00Z,2026-06-11T00:00:00Z,True,0.0028111111,vol-0e95dee7261b120fa,EC2 - Other,unallocated
2026-06-10T00:00:00Z,2026-06-11T00:00:00Z,True,0.0038027778,vol-0e9e4cf11494a8201,EC2 - Other,unallocated
2026-06-10T00:00:00Z,2026-06-11T00:00:00Z,True,0.8959999992,vol-0ea36895cc2b979ac,EC2 - Other,dayhoff
2026-06-10T00:00:00Z,2026-06-11T00:00:00Z,True,0.0033277778,vol-0f1902bacffb7b5b3,EC2 - Other,unallocated
2026-06-10T00:00:00Z,2026-06-11T00:00:00Z,True,1.1226666672,vol-0f5e5d7eec5982fa8,EC2 - Other,unallocated
2026-06-10T00:00:00Z,2026-06-11T00:00:00Z,True,0.0040847222,vol-0f8e7ad743e89540e,EC2 - Other,unallocated
2026-06-10T00:00:00Z,2026-06-11T00:00:00Z,True,0.0016777778,vol-0f9442bb510d87a75,EC2 - Other,unallocated
2026-06-10T00:00:00Z,2026-06-11T00:00:00Z,True,1.1226666672,vol-0f9ef75ea2bd0c8f8,EC2 - Other,unallocated
2026-06-10T00:00:00Z,2026-06-11T00:00:00Z,True,0.8959999992,vol-0f9efeb41e207d738,EC2 - Other,unallocated
2026-06-10T00:00:00Z,2026-06-11T00:00:00Z,True,0.0015791667,vol-0fe0a0effa8207f35,EC2 - Other,unallocated
2026-06-11T00:00:00Z,2026-06-12T00:00:00Z,True,1.3440001031,arn:aws:ec2:ap-south-1:108782052779:natgateway/nat-01dc061291fc51e75,EC2 - Other,unallocated
2026-06-11T00:00:00Z,2026-06-12T00:00:00Z,True,1.344000082,arn:aws:ec2:ap-south-1:108782052779:natgateway/nat-05f85018216cac061,EC2 - Other,unallocated
2026-06-11T00:00:00Z,2026-06-12T00:00:00Z,True,0.0802823893,arn:aws:ec2:ap-south-1:108782052779:snapshot/snap-053909bfd492a6457,EC2 - Other,unallocated
2026-06-11T00:00:00Z,2026-06-12T00:00:00Z,True,1.2480000548,arn:aws:ec2:eu-central-1:108782052779:natgateway/nat-0a2bfbfedf38f8e87,EC2 - Other,unallocated
2026-06-11T00:00:00Z,2026-06-12T00:00:00Z,True,1.2480000754,arn:aws:ec2:eu-central-1:108782052779:natgateway/nat-0ec6ae9605269bef4,EC2 - Other,unallocated
2026-06-11T00:00:00Z,2026-06-12T00:00:00Z,True,1.0800001809,arn:aws:ec2:us-east-1:108782052779:natgateway/nat-089a96601cfd34f9d,EC2 - Other,dayhoff
2026-06-11T00:00:00Z,2026-06-12T00:00:00Z,True,1.0800000695,arn:aws:ec2:us-west-2:108782052779:natgateway/nat-00246c8ef3b9087f1,EC2 - Other,dayhoff
2026-06-11T00:00:00Z,2026-06-12T00:00:00Z,True,1.0830325789,arn:aws:ec2:us-west-2:108782052779:natgateway/nat-00ac08b685fea726f,EC2 - Other,terrarium
2026-06-11T00:00:00Z,2026-06-12T00:00:00Z,True,1.2471310526,arn:aws:ec2:us-west-2:108782052779:natgateway/nat-00f3c26e43ede9b10,EC2 - Other,unallocated
2026-06-11T00:00:00Z,2026-06-12T00:00:00Z,True,1.0869130927,arn:aws:ec2:us-west-2:108782052779:natgateway/nat-0234e77781575cced,EC2 - Other,terrarium
2026-06-11T00:00:00Z,2026-06-12T00:00:00Z,True,0.0003292847,arn:aws:ec2:us-west-2:108782052779:snapshot/snap-006ffa3e6750ca5db,EC2 - Other,unallocated
2026-06-11T00:00:00Z,2026-06-12T00:00:00Z,True,0.0008588664,arn:aws:ec2:us-west-2:108782052779:snapshot/snap-03f5ac75d9d73b94c,EC2 - Other,unallocated
2026-06-11T00:00:00Z,2026-06-12T00:00:00Z,True,0.0016845703,arn:aws:ec2:us-west-2:108782052779:snapshot/snap-0afa6c07ad3d45c47,EC2 - Other,unallocated
2026-06-11T00:00:00Z,2026-06-12T00:00:00Z,True,1.2995887672,arn:aws:ec2:us-west-2:171675361862:natgateway/nat-01432c586ef9dbf51,EC2 - Other,unallocated
2026-06-11T00:00:00Z,2026-06-12T00:00:00Z,True,0.0051318359,arn:aws:ec2:us-west-2:171675361862:snapshot/snap-01051ee004e700b1e,EC2 - Other,unallocated
2026-06-11T00:00:00Z,2026-06-12T00:00:00Z,True,0.0055664063,arn:aws:ec2:us-west-2:171675361862:snapshot/snap-010eb6cbb466b71fd,EC2 - Other,unallocated
2026-06-11T00:00:00Z,2026-06-12T00:00:00Z,True,0.004831543,arn:aws:ec2:us-west-2:171675361862:snapshot/snap-01617e5cf1a7141a9,EC2 - Other,unallocated
2026-06-11T00:00:00Z,2026-06-12T00:00:00Z,True,0.0049304199,arn:aws:ec2:us-west-2:171675361862:snapshot/snap-016bea26228ab194d,EC2 - Other,unallocated
2026-06-11T00:00:00Z,2026-06-12T00:00:00Z,True,0.0074845378,arn:aws:ec2:us-west-2:171675361862:snapshot/snap-0225be64252283430,EC2 - Other,unallocated
2026-06-11T00:00:00Z,2026-06-12T00:00:00Z,True,0.0057283529,arn:aws:ec2:us-west-2:171675361862:snapshot/snap-02e2a477c70bd2d6b,EC2 - Other,unallocated
2026-06-11T00:00:00Z,2026-06-12T00:00:00Z,True,0.0054939779,arn:aws:ec2:us-west-2:171675361862:snapshot/snap-031f9c5ef8426bd1c,EC2 - Other,unallocated
2026-06-11T00:00:00Z,2026-06-12T00:00:00Z,True,0.0052034505,arn:aws:ec2:us-west-2:171675361862:snapshot/snap-034c0dc963dcc6b4a,EC2 - Other,unallocated
2026-06-11T00:00:00Z,2026-06-12T00:00:00Z,True,0.0076416016,arn:aws:ec2:us-west-2:171675361862:snapshot/snap-0356c62bc9336feef,EC2 - Other,unallocated
2026-06-11T00:00:00Z,2026-06-12T00:00:00Z,True,0.0052278646,arn:aws:ec2:us-west-2:171675361862:snapshot/snap-03e9cddf0760568af,EC2 - Other,unallocated
2026-06-11T00:00:00Z,2026-06-12T00:00:00Z,True,0.0077107747,arn:aws:ec2:us-west-2:171675361862:snapshot/snap-04835772777dad20e,EC2 - Other,unallocated
2026-06-11T00:00:00Z,2026-06-12T00:00:00Z,True,0.005448405,arn:aws:ec2:us-west-2:171675361862:snapshot/snap-049b1328bdd0e2367,EC2 - Other,unallocated
2026-06-11T00:00:00Z,2026-06-12T00:00:00Z,True,0.0053645833,arn:aws:ec2:us-west-2:171675361862:snapshot/snap-050a336ac34adee25,EC2 - Other,unallocated
2026-06-11T00:00:00Z,2026-06-12T00:00:00Z,True,0.020276964,arn:aws:ec2:us-west-2:171675361862:snapshot/snap-05dc35b99f1d66572,EC2 - Other,unallocated
2026-06-11T00:00:00Z,2026-06-12T00:00:00Z,True,0.0059277344,arn:aws:ec2:us-west-2:171675361862:snapshot/snap-068c9cd76d82972c6,EC2 - Other,unallocated
2026-06-11T00:00:00Z,2026-06-12T00:00:00Z,True,0.0049674479,arn:aws:ec2:us-west-2:171675361862:snapshot/snap-08971cb52b0d65cf4,EC2 - Other,unallocated
2026-06-11T00:00:00Z,2026-06-12T00:00:00Z,True,0.005139974,arn:aws:ec2:us-west-2:171675361862:snapshot/snap-08bba655a6c5cbab1,EC2 - Other,unallocated
2026-06-11T00:00:00Z,2026-06-12T00:00:00Z,True,0.0049023438,arn:aws:ec2:us-west-2:171675361862:snapshot/snap-0912fb835f7ce67e9,EC2 - Other,unallocated
2026-06-11T00:00:00Z,2026-06-12T00:00:00Z,True,0.0051969401,arn:aws:ec2:us-west-2:171675361862:snapshot/snap-0955251ceed89fccd,EC2 - Other,unallocated
2026-06-11T00:00:00Z,2026-06-12T00:00:00Z,True,0.0056396484,arn:aws:ec2:us-west-2:171675361862:snapshot/snap-0b57ab838a3d96a1e,EC2 - Other,unallocated
2026-06-11T00:00:00Z,2026-06-12T00:00:00Z,True,0.0114078776,arn:aws:ec2:us-west-2:171675361862:snapshot/snap-0b59545ad20e68906,EC2 - Other,unallocated
2026-06-11T00:00:00Z,2026-06-12T00:00:00Z,True,0.0052132161,arn:aws:ec2:us-west-2:171675361862:snapshot/snap-0bace1a1137e22c44,EC2 - Other,unallocated
2026-06-11T00:00:00Z,2026-06-12T00:00:00Z,True,0.005300293,arn:aws:ec2:us-west-2:171675361862:snapshot/snap-0d0c4af263032230c,EC2 - Other,unallocated
2026-06-11T00:00:00Z,2026-06-12T00:00:00Z,True,0.0049072266,arn:aws:ec2:us-west-2:171675361862:snapshot/snap-0d2a28c3feb1b3215,EC2 - Other,unallocated
2026-06-11T00:00:00Z,2026-06-12T00:00:00Z,True,0.0053548177,arn:aws:ec2:us-west-2:171675361862:snapshot/snap-0d834f9a24c2f6097,EC2 - Other,unallocated
2026-06-11T00:00:00Z,2026-06-12T00:00:00Z,True,0.005164388,arn:aws:ec2:us-west-2:171675361862:snapshot/snap-0daf5245a270f593f,EC2 - Other,unallocated
2026-06-11T00:00:00Z,2026-06-12T00:00:00Z,True,0.0053507487,arn:aws:ec2:us-west-2:171675361862:snapshot/snap-0dd884c697c716097,EC2 - Other,unallocated
2026-06-11T00:00:00Z,2026-06-12T00:00:00Z,True,0.0047631836,arn:aws:ec2:us-west-2:171675361862:snapshot/snap-0ef79544c150b4756,EC2 - Other,unallocated
2026-06-11T00:00:00Z,2026-06-12T00:00:00Z,True,0.0051831055,arn:aws:ec2:us-west-2:171675361862:snapshot/snap-0f167818ffe7feac1,EC2 - Other,unallocated
2026-06-11T00:00:00Z,2026-06-12T00:00:00Z,True,0.0071875,arn:aws:ec2:us-west-2:171675361862:snapshot/snap-0f35a63f136c0ec82,EC2 - Other,unallocated
2026-06-11T00:00:00Z,2026-06-12T00:00:00Z,True,0.0053344727,arn:aws:ec2:us-west-2:171675361862:snapshot/snap-0fbf1eb66ee99723a,EC2 - Other,unallocated
2026-06-11T00:00:00Z,2026-06-12T00:00:00Z,True,0.0,i-0148fd5bdcb69d66e,EC2 - Other,unallocated
2026-06-11T00:00:00Z,2026-06-12T00:00:00Z,True,0.0,i-01a8c86ef5f1deb80,EC2 - Other,unallocated
2026-06-11T00:00:00Z,2026-06-12T00:00:00Z,True,0.0,i-03631d2aedef89c09,EC2 - Other,unallocated
2026-06-11T00:00:00Z,2026-06-12T00:00:00Z,True,6.34555e-05,i-04d3a8c6aae87f818,EC2 - Other,dayhoff
2026-06-11T00:00:00Z,2026-06-12T00:00:00Z,True,0.0,i-0548aa4ae635d5f80,EC2 - Other,unallocated
2026-06-11T00:00:00Z,2026-06-12T00:00:00Z,True,3.663e-07,i-05815cdeec4a6dad8,EC2 - Other,unallocated
2026-06-11T00:00:00Z,2026-06-12T00:00:00Z,True,4.34616e-05,i-05de16a24310099c5,EC2 - Other,dayhoff
2026-06-11T00:00:00Z,2026-06-12T00:00:00Z,True,4.81454e-05,i-068f3aad2bedb9fa6,EC2 - Other,dayhoff
2026-06-11T00:00:00Z,2026-06-12T00:00:00Z,True,6.00177e-05,i-07df3a933e4839f52,EC2 - Other,dayhoff
2026-06-11T00:00:00Z,2026-06-12T00:00:00Z,True,8.36e-08,i-07f808f18aff905e7,EC2 - Other,unallocated
2026-06-11T00:00:00Z,2026-06-12T00:00:00Z,True,5.75299e-05,i-09126000eb19643b0,EC2 - Other,dayhoff
2026-06-11T00:00:00Z,2026-06-12T00:00:00Z,True,2.1942e-06,i-09f66b3f11ea42c60,EC2 - Other,unallocated
2026-06-11T00:00:00Z,2026-06-12T00:00:00Z,True,5.0948e-05,i-0a70e6af119b993f3,EC2 - Other,dayhoff
2026-06-11T00:00:00Z,2026-06-12T00:00:00Z,True,1.2954e-06,i-0ab7116abc8229a16,EC2 - Other,unallocated
2026-06-11T00:00:00Z,2026-06-12T00:00:00Z,True,5.0151e-05,i-0b6713cc15f74d360,EC2 - Other,dayhoff
2026-06-11T00:00:00Z,2026-06-12T00:00:00Z,True,0.0,i-0bf4f80941ff546bf,EC2 - Other,unallocated
2026-06-11T00:00:00Z,2026-06-12T00:00:00Z,True,0.0,i-0c7737740b1e51c0d,EC2 - Other,unallocated
2026-06-11T00:00:00Z,2026-06-12T00:00:00Z,True,0.0,i-0cbd29e15a6d1f0b2,EC2 - Other,unallocated
2026-06-11T00:00:00Z,2026-06-12T00:00:00Z,True,5.87041e-05,i-0de9e3f8d3208cf03,EC2 - Other,dayhoff
2026-06-11T00:00:00Z,2026-06-12T00:00:00Z,True,0.0005559543,i-0e5e3df7a4f2941a0,EC2 - Other,dayhoff
2026-06-11T00:00:00Z,2026-06-12T00:00:00Z,True,5.8149e-05,i-0e70fab85d559c615,EC2 - Other,dayhoff
2026-06-11T00:00:00Z,2026-06-12T00:00:00Z,True,0.0799999992,vol-0054217b60d3a15d8,EC2 - Other,unallocated
2026-06-11T00:00:00Z,2026-06-12T00:00:00Z,True,0.8959999992,vol-00cbb7ba932dbd3a4,EC2 - Other,unallocated
2026-06-11T00:00:00Z,2026-06-12T00:00:00Z,True,0.0026847222,vol-010e436fedd09a84a,EC2 - Other,unallocated
2026-06-11T00:00:00Z,2026-06-12T00:00:00Z,True,0.0016319444,vol-012b0ea87f615a9d0,EC2 - Other,unallocated
2026-06-11T00:00:00Z,2026-06-12T00:00:00Z,True,0.0533333328,vol-02caa6b741e86c280,EC2 - Other,unallocated
2026-06-11T00:00:00Z,2026-06-12T00:00:00Z,True,0.8959999992,vol-0392bc7824a1e81e8,EC2 - Other,dayhoff
2026-06-11T00:00:00Z,2026-06-12T00:00:00Z,True,1.1226666672,vol-042a5f5daead20490,EC2 - Other,unallocated
2026-06-11T00:00:00Z,2026-06-12T00:00:00Z,True,0.8959999992,vol-04646998d6f1fd325,EC2 - Other,dayhoff
2026-06-11T00:00:00Z,2026-06-12T00:00:00Z,True,0.0016597222,vol-04e05d3d84dc1d654,EC2 - Other,unallocated
2026-06-11T00:00:00Z,2026-06-12T00:00:00Z,True,1.1226666672,vol-05c022ec40ad24aa5,EC2 - Other,unallocated
2026-06-11T00:00:00Z,2026-06-12T00:00:00Z,True,0.0015611111,vol-05e2977ee680ce05b,EC2 - Other,unallocated
2026-06-11T00:00:00Z,2026-06-12T00:00:00Z,True,0.0019111111,vol-0628722eea07c46f1,EC2 - Other,unallocated
2026-06-11T00:00:00Z,2026-06-12T00:00:00Z,True,1.1226666672,vol-067169329e7a92af1,EC2 - Other,unallocated
2026-06-11T00:00:00Z,2026-06-12T00:00:00Z,True,0.0799999992,vol-0725e7ce2db54e386,EC2 - Other,unallocated
2026-06-11T00:00:00Z,2026-06-12T00:00:00Z,True,0.1333333344,vol-08dee3ee1394063cb,EC2 - Other,unallocated
2026-06-11T00:00:00Z,2026-06-12T00:00:00Z,True,0.0019902778,vol-092534d7edae9335f,EC2 - Other,unallocated
2026-06-11T00:00:00Z,2026-06-12T00:00:00Z,True,0.0213333336,vol-0941af554a7184c73,EC2 - Other,dayhoff
2026-06-11T00:00:00Z,2026-06-12T00:00:00Z,True,0.0213333336,vol-09454929e2c583ae7,EC2 - Other,unallocated
2026-06-11T00:00:00Z,2026-06-12T00:00:00Z,True,0.8959999992,vol-0aa3f5a0f5cdca9a0,EC2 - Other,unallocated
2026-06-11T00:00:00Z,2026-06-12T00:00:00Z,True,0.0213333336,vol-0af8f94e0cd058ddf,EC2 - Other,unallocated
2026-06-11T00:00:00Z,2026-06-12T00:00:00Z,True,0.00285,vol-0b4f651c6e7fb5d54,EC2 - Other,unallocated
2026-06-11T00:00:00Z,2026-06-12T00:00:00Z,True,0.8959999992,vol-0b99a6dcae2700982,EC2 - Other,dayhoff
2026-06-11T00:00:00Z,2026-06-12T00:00:00Z,True,0.0799999992,vol-0bff19625e45e6e4c,EC2 - Other,unallocated
2026-06-11T00:00:00Z,2026-06-12T00:00:00Z,True,0.624,vol-0c26833469cf6995a,EC2 - Other,unallocated
2026-06-11T00:00:00Z,2026-06-12T00:00:00Z,True,0.8959999992,vol-0c69ba6b467620e14,EC2 - Other,dayhoff
2026-06-11T00:00:00Z,2026-06-12T00:00:00Z,True,1.1226666672,vol-0c90d4fbaada3820a,EC2 - Other,unallocated
2026-06-11T00:00:00Z,2026-06-12T00:00:00Z,True,0.8959999992,vol-0d756a965fa46f7c1,EC2 - Other,unallocated
2026-06-11T00:00:00Z,2026-06-12T00:00:00Z,True,0.8959999992,vol-0ea36895cc2b979ac,EC2 - Other,dayhoff
2026-06-11T00:00:00Z,2026-06-12T00:00:00Z,True,1.1226666672,vol-0f5e5d7eec5982fa8,EC2 - Other,unallocated
2026-06-11T00:00:00Z,2026-06-12T00:00:00Z,True,1.1226666672,vol-0f9ef75ea2bd0c8f8,EC2 - Other,unallocated
2026-06-11T00:00:00Z,2026-06-12T00:00:00Z,True,0.8959999992,vol-0f9efeb41e207d738,EC2 - Other,unallocated
2026-06-12T00:00:00Z,2026-06-13T00:00:00Z,True,1.3440002144,arn:aws:ec2:ap-south-1:108782052779:natgateway/nat-01dc061291fc51e75,EC2 - Other,unallocated
2026-06-12T00:00:00Z,2026-06-13T00:00:00Z,True,1.3440002394,arn:aws:ec2:ap-south-1:108782052779:natgateway/nat-05f85018216cac061,EC2 - Other,unallocated
2026-06-12T00:00:00Z,2026-06-13T00:00:00Z,True,0.0802823893,arn:aws:ec2:ap-south-1:108782052779:snapshot/snap-053909bfd492a6457,EC2 - Other,unallocated
2026-06-12T00:00:00Z,2026-06-13T00:00:00Z,True,1.2480001787,arn:aws:ec2:eu-central-1:108782052779:natgateway/nat-0a2bfbfedf38f8e87,EC2 - Other,unallocated
2026-06-12T00:00:00Z,2026-06-13T00:00:00Z,True,1.2480001126,arn:aws:ec2:eu-central-1:108782052779:natgateway/nat-0ec6ae9605269bef4,EC2 - Other,unallocated
2026-06-12T00:00:00Z,2026-06-13T00:00:00Z,True,1.0800001647,arn:aws:ec2:us-east-1:108782052779:natgateway/nat-089a96601cfd34f9d,EC2 - Other,dayhoff
2026-06-12T00:00:00Z,2026-06-13T00:00:00Z,True,1.0800001711,arn:aws:ec2:us-west-2:108782052779:natgateway/nat-00246c8ef3b9087f1,EC2 - Other,dayhoff
2026-06-12T00:00:00Z,2026-06-13T00:00:00Z,True,1.0829787634,arn:aws:ec2:us-west-2:108782052779:natgateway/nat-00ac08b685fea726f,EC2 - Other,terrarium
2026-06-12T00:00:00Z,2026-06-13T00:00:00Z,True,3.3325165103,arn:aws:ec2:us-west-2:108782052779:natgateway/nat-00f3c26e43ede9b10,EC2 - Other,unallocated
2026-06-12T00:00:00Z,2026-06-13T00:00:00Z,True,1.086906777,arn:aws:ec2:us-west-2:108782052779:natgateway/nat-0234e77781575cced,EC2 - Other,terrarium
2026-06-12T00:00:00Z,2026-06-13T00:00:00Z,True,0.0008588664,arn:aws:ec2:us-west-2:108782052779:snapshot/snap-03f5ac75d9d73b94c,EC2 - Other,unallocated
2026-06-12T00:00:00Z,2026-06-13T00:00:00Z,True,0.0016958279,arn:aws:ec2:us-west-2:108782052779:snapshot/snap-0f76f9b6f72f5207e,EC2 - Other,unallocated
2026-06-12T00:00:00Z,2026-06-13T00:00:00Z,True,0.0003300307,arn:aws:ec2:us-west-2:108782052779:snapshot/snap-0fd23757fe56413f0,EC2 - Other,unallocated
2026-06-12T00:00:00Z,2026-06-13T00:00:00Z,True,1.3028031855,arn:aws:ec2:us-west-2:171675361862:natgateway/nat-01432c586ef9dbf51,EC2 - Other,unallocated
2026-06-12T00:00:00Z,2026-06-13T00:00:00Z,True,0.0051318359,arn:aws:ec2:us-west-2:171675361862:snapshot/snap-01051ee004e700b1e,EC2 - Other,unallocated
2026-06-12T00:00:00Z,2026-06-13T00:00:00Z,True,0.0055664063,arn:aws:ec2:us-west-2:171675361862:snapshot/snap-010eb6cbb466b71fd,EC2 - Other,unallocated
2026-06-12T00:00:00Z,2026-06-13T00:00:00Z,True,0.004831543,arn:aws:ec2:us-west-2:171675361862:snapshot/snap-01617e5cf1a7141a9,EC2 - Other,unallocated
2026-06-12T00:00:00Z,2026-06-13T00:00:00Z,True,0.0056347656,arn:aws:ec2:us-west-2:171675361862:snapshot/snap-016bea26228ab194d,EC2 - Other,unallocated
2026-06-12T00:00:00Z,2026-06-13T00:00:00Z,True,0.0074845378,arn:aws:ec2:us-west-2:171675361862:snapshot/snap-0225be64252283430,EC2 - Other,unallocated
2026-06-12T00:00:00Z,2026-06-13T00:00:00Z,True,0.0057283529,arn:aws:ec2:us-west-2:171675361862:snapshot/snap-02e2a477c70bd2d6b,EC2 - Other,unallocated
2026-06-12T00:00:00Z,2026-06-13T00:00:00Z,True,0.0054939779,arn:aws:ec2:us-west-2:171675361862:snapshot/snap-031f9c5ef8426bd1c,EC2 - Other,unallocated
2026-06-12T00:00:00Z,2026-06-13T00:00:00Z,True,0.0052034505,arn:aws:ec2:us-west-2:171675361862:snapshot/snap-034c0dc963dcc6b4a,EC2 - Other,unallocated
2026-06-12T00:00:00Z,2026-06-13T00:00:00Z,True,0.0052278646,arn:aws:ec2:us-west-2:171675361862:snapshot/snap-03e9cddf0760568af,EC2 - Other,unallocated
2026-06-12T00:00:00Z,2026-06-13T00:00:00Z,True,0.0077107747,arn:aws:ec2:us-west-2:171675361862:snapshot/snap-04835772777dad20e,EC2 - Other,unallocated
2026-06-12T00:00:00Z,2026-06-13T00:00:00Z,True,0.005448405,arn:aws:ec2:us-west-2:171675361862:snapshot/snap-049b1328bdd0e2367,EC2 - Other,unallocated
2026-06-12T00:00:00Z,2026-06-13T00:00:00Z,True,0.0053645833,arn:aws:ec2:us-west-2:171675361862:snapshot/snap-050a336ac34adee25,EC2 - Other,unallocated
2026-06-12T00:00:00Z,2026-06-13T00:00:00Z,True,0.008107232,arn:aws:ec2:us-west-2:171675361862:snapshot/snap-05dc35b99f1d66572,EC2 - Other,unallocated
2026-06-12T00:00:00Z,2026-06-13T00:00:00Z,True,0.0059277344,arn:aws:ec2:us-west-2:171675361862:snapshot/snap-068c9cd76d82972c6,EC2 - Other,unallocated
2026-06-12T00:00:00Z,2026-06-13T00:00:00Z,True,0.0049674479,arn:aws:ec2:us-west-2:171675361862:snapshot/snap-08971cb52b0d65cf4,EC2 - Other,unallocated
2026-06-12T00:00:00Z,2026-06-13T00:00:00Z,True,0.005139974,arn:aws:ec2:us-west-2:171675361862:snapshot/snap-08bba655a6c5cbab1,EC2 - Other,unallocated
2026-06-12T00:00:00Z,2026-06-13T00:00:00Z,True,0.0049023438,arn:aws:ec2:us-west-2:171675361862:snapshot/snap-0912fb835f7ce67e9,EC2 - Other,unallocated
2026-06-12T00:00:00Z,2026-06-13T00:00:00Z,True,0.0051969401,arn:aws:ec2:us-west-2:171675361862:snapshot/snap-0955251ceed89fccd,EC2 - Other,unallocated
2026-06-12T00:00:00Z,2026-06-13T00:00:00Z,True,0.0049012248,arn:aws:ec2:us-west-2:171675361862:snapshot/snap-0a1b0a3f89ddb1991,EC2 - Other,unallocated
2026-06-12T00:00:00Z,2026-06-13T00:00:00Z,True,0.0201790365,arn:aws:ec2:us-west-2:171675361862:snapshot/snap-0b57ab838a3d96a1e,EC2 - Other,unallocated
2026-06-12T00:00:00Z,2026-06-13T00:00:00Z,True,0.0114078776,arn:aws:ec2:us-west-2:171675361862:snapshot/snap-0b59545ad20e68906,EC2 - Other,unallocated
2026-06-12T00:00:00Z,2026-06-13T00:00:00Z,True,0.0052132161,arn:aws:ec2:us-west-2:171675361862:snapshot/snap-0bace1a1137e22c44,EC2 - Other,unallocated
2026-06-12T00:00:00Z,2026-06-13T00:00:00Z,True,0.005300293,arn:aws:ec2:us-west-2:171675361862:snapshot/snap-0d0c4af263032230c,EC2 - Other,unallocated
2026-06-12T00:00:00Z,2026-06-13T00:00:00Z,True,0.0049072266,arn:aws:ec2:us-west-2:171675361862:snapshot/snap-0d2a28c3feb1b3215,EC2 - Other,unallocated
2026-06-12T00:00:00Z,2026-06-13T00:00:00Z,True,0.0053548177,arn:aws:ec2:us-west-2:171675361862:snapshot/snap-0d834f9a24c2f6097,EC2 - Other,unallocated
2026-06-12T00:00:00Z,2026-06-13T00:00:00Z,True,0.005164388,arn:aws:ec2:us-west-2:171675361862:snapshot/snap-0daf5245a270f593f,EC2 - Other,unallocated
2026-06-12T00:00:00Z,2026-06-13T00:00:00Z,True,0.0053507487,arn:aws:ec2:us-west-2:171675361862:snapshot/snap-0dd884c697c716097,EC2 - Other,unallocated
2026-06-12T00:00:00Z,2026-06-13T00:00:00Z,True,0.0047631836,arn:aws:ec2:us-west-2:171675361862:snapshot/snap-0ef79544c150b4756,EC2 - Other,unallocated
2026-06-12T00:00:00Z,2026-06-13T00:00:00Z,True,0.0051831055,arn:aws:ec2:us-west-2:171675361862:snapshot/snap-0f167818ffe7feac1,EC2 - Other,unallocated
2026-06-12T00:00:00Z,2026-06-13T00:00:00Z,True,0.0071875,arn:aws:ec2:us-west-2:171675361862:snapshot/snap-0f35a63f136c0ec82,EC2 - Other,unallocated
2026-06-12T00:00:00Z,2026-06-13T00:00:00Z,True,0.0053344727,arn:aws:ec2:us-west-2:171675361862:snapshot/snap-0fbf1eb66ee99723a,EC2 - Other,unallocated
2026-06-12T00:00:00Z,2026-06-13T00:00:00Z,True,0.0,i-001564707bb1e23bb,EC2 - Other,unallocated
2026-06-12T00:00:00Z,2026-06-13T00:00:00Z,True,0.0,i-003c41b0f4e21fa08,EC2 - Other,unallocated
2026-06-12T00:00:00Z,2026-06-13T00:00:00Z,True,0.0,i-003df34f6fe9fdaaf,EC2 - Other,unallocated
2026-06-12T00:00:00Z,2026-06-13T00:00:00Z,True,0.0,i-00503f91fbbd76317,EC2 - Other,unallocated
2026-06-12T00:00:00Z,2026-06-13T00:00:00Z,True,0.0,i-009990559cd4b8292,EC2 - Other,unallocated
2026-06-12T00:00:00Z,2026-06-13T00:00:00Z,True,0.0,i-00a87b8f94eff1e2c,EC2 - Other,unallocated
2026-06-12T00:00:00Z,2026-06-13T00:00:00Z,True,0.0,i-00c1ecb7cd23fa512,EC2 - Other,unallocated
2026-06-12T00:00:00Z,2026-06-13T00:00:00Z,True,0.0,i-00c5104df1c2d09d2,EC2 - Other,unallocated
2026-06-12T00:00:00Z,2026-06-13T00:00:00Z,True,0.0,i-010f8de065149bf0e,EC2 - Other,unallocated
2026-06-12T00:00:00Z,2026-06-13T00:00:00Z,True,0.0,i-013d7dd4fef9fa4ce,EC2 - Other,unallocated
2026-06-12T00:00:00Z,2026-06-13T00:00:00Z,True,0.0,i-01460da95693c7577,EC2 - Other,unallocated
2026-06-12T00:00:00Z,2026-06-13T00:00:00Z,True,0.0,i-020a7f2f723e6b316,EC2 - Other,unallocated
2026-06-12T00:00:00Z,2026-06-13T00:00:00Z,True,0.0,i-029c81b4febdeee71,EC2 - Other,unallocated
2026-06-12T00:00:00Z,2026-06-13T00:00:00Z,True,0.0,i-02efb01cdf28f7c43,EC2 - Other,unallocated
2026-06-12T00:00:00Z,2026-06-13T00:00:00Z,True,0.0,i-02fdda9bd04037cac,EC2 - Other,unallocated
2026-06-12T00:00:00Z,2026-06-13T00:00:00Z,True,0.0,i-0334beb9942013222,EC2 - Other,unallocated
2026-06-12T00:00:00Z,2026-06-13T00:00:00Z,True,0.0,i-038558cdb335ec451,EC2 - Other,unallocated
2026-06-12T00:00:00Z,2026-06-13T00:00:00Z,True,0.0,i-03a4723a0460f3ab7,EC2 - Other,unallocated
2026-06-12T00:00:00Z,2026-06-13T00:00:00Z,True,0.0,i-03ae1048e4dafafa7,EC2 - Other,unallocated
2026-06-12T00:00:00Z,2026-06-13T00:00:00Z,True,0.0,i-03f951c97686bba6c,EC2 - Other,unallocated
2026-06-12T00:00:00Z,2026-06-13T00:00:00Z,True,0.0,i-04c58d5b320aa9731,EC2 - Other,unallocated
2026-06-12T00:00:00Z,2026-06-13T00:00:00Z,True,5.89814e-05,i-04d3a8c6aae87f818,EC2 - Other,dayhoff
2026-06-12T00:00:00Z,2026-06-13T00:00:00Z,True,0.0,i-0523761798e5f7658,EC2 - Other,unallocated
2026-06-12T00:00:00Z,2026-06-13T00:00:00Z,True,6.0249e-06,i-05815cdeec4a6dad8,EC2 - Other,unallocated
2026-06-12T00:00:00Z,2026-06-13T00:00:00Z,True,0.0,i-059012a0fd81efc97,EC2 - Other,unallocated
2026-06-12T00:00:00Z,2026-06-13T00:00:00Z,True,5.12474e-05,i-05de16a24310099c5,EC2 - Other,dayhoff
2026-06-12T00:00:00Z,2026-06-13T00:00:00Z,True,0.0,i-05edcb15042474b6c,EC2 - Other,unallocated
2026-06-12T00:00:00Z,2026-06-13T00:00:00Z,True,0.0,i-0688d0dbe1ee79ee8,EC2 - Other,unallocated
2026-06-12T00:00:00Z,2026-06-13T00:00:00Z,True,4.36431e-05,i-068f3aad2bedb9fa6,EC2 - Other,dayhoff
2026-06-12T00:00:00Z,2026-06-13T00:00:00Z,True,0.0,i-06a63dbec67038307,EC2 - Other,unallocated
2026-06-12T00:00:00Z,2026-06-13T00:00:00Z,True,0.0,i-06b08fdba98ccd85d,EC2 - Other,unallocated
2026-06-12T00:00:00Z,2026-06-13T00:00:00Z,True,0.0,i-07a2fd655693d6c87,EC2 - Other,unallocated
2026-06-12T00:00:00Z,2026-06-13T00:00:00Z,True,7.28823e-05,i-07df3a933e4839f52,EC2 - Other,dayhoff
2026-06-12T00:00:00Z,2026-06-13T00:00:00Z,True,2.43e-08,i-07f808f18aff905e7,EC2 - Other,unallocated
2026-06-12T00:00:00Z,2026-06-13T00:00:00Z,True,0.0,i-0829862e58fd19e86,EC2 - Other,unallocated
2026-06-12T00:00:00Z,2026-06-13T00:00:00Z,True,0.0,i-08322ad47164d07ec,EC2 - Other,unallocated
2026-06-12T00:00:00Z,2026-06-13T00:00:00Z,True,0.0,i-08367ead2de27b6bf,EC2 - Other,unallocated
2026-06-12T00:00:00Z,2026-06-13T00:00:00Z,True,0.0,i-083e01497d59e48e9,EC2 - Other,unallocated
2026-06-12T00:00:00Z,2026-06-13T00:00:00Z,True,0.0,i-08f7179a1df017ab8,EC2 - Other,unallocated
2026-06-12T00:00:00Z,2026-06-13T00:00:00Z,True,5.29568e-05,i-09126000eb19643b0,EC2 - Other,dayhoff
2026-06-12T00:00:00Z,2026-06-13T00:00:00Z,True,0.0,i-097d07168c3862648,EC2 - Other,unallocated
2026-06-12T00:00:00Z,2026-06-13T00:00:00Z,True,0.0,i-09b911b36a0789615,EC2 - Other,unallocated
2026-06-12T00:00:00Z,2026-06-13T00:00:00Z,True,2.2482e-06,i-09f66b3f11ea42c60,EC2 - Other,unallocated
2026-06-12T00:00:00Z,2026-06-13T00:00:00Z,True,0.0,i-0a1a7296554381f8b,EC2 - Other,unallocated
2026-06-12T00:00:00Z,2026-06-13T00:00:00Z,True,0.0,i-0a1b9d88d89e93bf3,EC2 - Other,unallocated
2026-06-12T00:00:00Z,2026-06-13T00:00:00Z,True,0.0,i-0a38543a225eecfb7,EC2 - Other,unallocated
2026-06-12T00:00:00Z,2026-06-13T00:00:00Z,True,0.0,i-0a3d1153cedfe0ab6,EC2 - Other,unallocated
2026-06-12T00:00:00Z,2026-06-13T00:00:00Z,True,0.0,i-0a4c99c4a85868776,EC2 - Other,unallocated
2026-06-12T00:00:00Z,2026-06-13T00:00:00Z,True,0.0,i-0a5dee8581e5cba22,EC2 - Other,unallocated
2026-06-12T00:00:00Z,2026-06-13T00:00:00Z,True,4.57606e-05,i-0a70e6af119b993f3,EC2 - Other,dayhoff
2026-06-12T00:00:00Z,2026-06-13T00:00:00Z,True,1.5696e-06,i-0ab7116abc8229a16,EC2 - Other,unallocated
2026-06-12T00:00:00Z,2026-06-13T00:00:00Z,True,0.0,i-0ac11645fc12ef7f1,EC2 - Other,unallocated
2026-06-12T00:00:00Z,2026-06-13T00:00:00Z,True,0.0,i-0b079824b466bccb1,EC2 - Other,unallocated
2026-06-12T00:00:00Z,2026-06-13T00:00:00Z,True,0.0,i-0b0fc0cb81afb7c03,EC2 - Other,unallocated
2026-06-12T00:00:00Z,2026-06-13T00:00:00Z,True,0.0,i-0b39091c79f334f9b,EC2 - Other,unallocated
2026-06-12T00:00:00Z,2026-06-13T00:00:00Z,True,5.14216e-05,i-0b6713cc15f74d360,EC2 - Other,dayhoff
2026-06-12T00:00:00Z,2026-06-13T00:00:00Z,True,0.0,i-0b88027b108e80c1d,EC2 - Other,unallocated
2026-06-12T00:00:00Z,2026-06-13T00:00:00Z,True,0.0,i-0b9d3630f1faa56ec,EC2 - Other,unallocated
2026-06-12T00:00:00Z,2026-06-13T00:00:00Z,True,0.0,i-0ba8993480956c094,EC2 - Other,unallocated
2026-06-12T00:00:00Z,2026-06-13T00:00:00Z,True,0.0,i-0bb48b448e4f8fa74,EC2 - Other,unallocated
2026-06-12T00:00:00Z,2026-06-13T00:00:00Z,True,0.0,i-0bc3182300607aba7,EC2 - Other,unallocated
2026-06-12T00:00:00Z,2026-06-13T00:00:00Z,True,0.0,i-0c46f3ed6ea1ce6fc,EC2 - Other,unallocated
2026-06-12T00:00:00Z,2026-06-13T00:00:00Z,True,0.0,i-0c5aa19b873b1e98a,EC2 - Other,unallocated
2026-06-12T00:00:00Z,2026-06-13T00:00:00Z,True,0.0,i-0c5d5b10de55a56bf,EC2 - Other,unallocated
2026-06-12T00:00:00Z,2026-06-13T00:00:00Z,True,0.0,i-0c834b4df5b12a2ee,EC2 - Other,unallocated
2026-06-12T00:00:00Z,2026-06-13T00:00:00Z,True,0.0,i-0c8f560e52be2f9a2,EC2 - Other,unallocated
2026-06-12T00:00:00Z,2026-06-13T00:00:00Z,True,0.0,i-0cff087f0ac68b741,EC2 - Other,unallocated
2026-06-12T00:00:00Z,2026-06-13T00:00:00Z,True,0.0,i-0d1df0b62e0138c4b,EC2 - Other,unallocated
2026-06-12T00:00:00Z,2026-06-13T00:00:00Z,True,0.0,i-0d34fd6789a32e005,EC2 - Other,unallocated
2026-06-12T00:00:00Z,2026-06-13T00:00:00Z,True,0.0,i-0d3a7152ad7abede4,EC2 - Other,unallocated
2026-06-12T00:00:00Z,2026-06-13T00:00:00Z,True,0.0,i-0d88cd375b7c199cb,EC2 - Other,unallocated
2026-06-12T00:00:00Z,2026-06-13T00:00:00Z,True,0.0,i-0de6a550487ae9493,EC2 - Other,unallocated
2026-06-12T00:00:00Z,2026-06-13T00:00:00Z,True,9.66187e-05,i-0de9e3f8d3208cf03,EC2 - Other,dayhoff
2026-06-12T00:00:00Z,2026-06-13T00:00:00Z,True,0.0,i-0e1a44fa904344de4,EC2 - Other,unallocated
2026-06-12T00:00:00Z,2026-06-13T00:00:00Z,True,0.0009158381,i-0e5e3df7a4f2941a0,EC2 - Other,dayhoff
2026-06-12T00:00:00Z,2026-06-13T00:00:00Z,True,9.60224e-05,i-0e70fab85d559c615,EC2 - Other,dayhoff
2026-06-12T00:00:00Z,2026-06-13T00:00:00Z,True,0.0,i-0e76befe7d9caef53,EC2 - Other,unallocated
2026-06-12T00:00:00Z,2026-06-13T00:00:00Z,True,0.0,i-0e78c9a90146161c4,EC2 - Other,unallocated
2026-06-12T00:00:00Z,2026-06-13T00:00:00Z,True,0.0,i-0e840d4124c213c14,EC2 - Other,unallocated
2026-06-12T00:00:00Z,2026-06-13T00:00:00Z,True,0.0,i-0e8aedc1642898633,EC2 - Other,unallocated
2026-06-12T00:00:00Z,2026-06-13T00:00:00Z,True,0.0,i-0e90724cb81efdc40,EC2 - Other,unallocated
2026-06-12T00:00:00Z,2026-06-13T00:00:00Z,True,0.0,i-0ef58acecafc52883,EC2 - Other,unallocated
2026-06-12T00:00:00Z,2026-06-13T00:00:00Z,True,0.0,i-0f2f273468395100d,EC2 - Other,unallocated
2026-06-12T00:00:00Z,2026-06-13T00:00:00Z,True,0.0,i-0f639355f24aca71c,EC2 - Other,unallocated
2026-06-12T00:00:00Z,2026-06-13T00:00:00Z,True,0.0,i-0fb7fa7964ab0db7e,EC2 - Other,unallocated
2026-06-12T00:00:00Z,2026-06-13T00:00:00Z,True,0.0,i-0fdd919309e9bba4d,EC2 - Other,unallocated
2026-06-12T00:00:00Z,2026-06-13T00:00:00Z,True,0.0,i-0ff24636f093f5477,EC2 - Other,unallocated
2026-06-12T00:00:00Z,2026-06-13T00:00:00Z,True,0.0,i-0ff671e48b5fa9db3,EC2 - Other,unallocated
2026-06-12T00:00:00Z,2026-06-13T00:00:00Z,True,0.0,i-0ff7c7657463a70c3,EC2 - Other,unallocated
2026-06-12T00:00:00Z,2026-06-13T00:00:00Z,True,0.0049347222,vol-0006ffa512cd93b73,EC2 - Other,unallocated
2026-06-12T00:00:00Z,2026-06-13T00:00:00Z,True,0.0799999992,vol-0054217b60d3a15d8,EC2 - Other,unallocated
2026-06-12T00:00:00Z,2026-06-13T00:00:00Z,True,0.0008666667,vol-0073598d9ae0253de,EC2 - Other,unallocated
2026-06-12T00:00:00Z,2026-06-13T00:00:00Z,True,0.0022375,vol-00b5e56b90229d192,EC2 - Other,unallocated
2026-06-12T00:00:00Z,2026-06-13T00:00:00Z,True,0.0029152778,vol-00c7ab7fbca391315,EC2 - Other,unallocated
2026-06-12T00:00:00Z,2026-06-13T00:00:00Z,True,0.8959999992,vol-00cbb7ba932dbd3a4,EC2 - Other,unallocated
2026-06-12T00:00:00Z,2026-06-13T00:00:00Z,True,0.0017791667,vol-0116747df8aaf779d,EC2 - Other,unallocated
2026-06-12T00:00:00Z,2026-06-13T00:00:00Z,True,0.0013819444,vol-012426a4922ccf329,EC2 - Other,unallocated
2026-06-12T00:00:00Z,2026-06-13T00:00:00Z,True,0.0015055556,vol-0149c220f6551e5c2,EC2 - Other,unallocated
2026-06-12T00:00:00Z,2026-06-13T00:00:00Z,True,0.0014527778,vol-01711d2252569956f,EC2 - Other,unallocated
2026-06-12T00:00:00Z,2026-06-13T00:00:00Z,True,0.0016638889,vol-01a8a0e992d4155f9,EC2 - Other,unallocated
2026-06-12T00:00:00Z,2026-06-13T00:00:00Z,True,0.0014222222,vol-01b3b569dbae0524f,EC2 - Other,unallocated
2026-06-12T00:00:00Z,2026-06-13T00:00:00Z,True,0.0380847222,vol-02497f8edd4a90407,EC2 - Other,unallocated
2026-06-12T00:00:00Z,2026-06-13T00:00:00Z,True,0.0060222222,vol-02762356ae3771b96,EC2 - Other,unallocated
2026-06-12T00:00:00Z,2026-06-13T00:00:00Z,True,0.0042694444,vol-027c99325299f61c5,EC2 - Other,unallocated
2026-06-12T00:00:00Z,2026-06-13T00:00:00Z,True,0.0533333328,vol-02caa6b741e86c280,EC2 - Other,unallocated
2026-06-12T00:00:00Z,2026-06-13T00:00:00Z,True,0.0383930556,vol-02de6d8bf4d944bce,EC2 - Other,unallocated
2026-06-12T00:00:00Z,2026-06-13T00:00:00Z,True,0.0060472222,vol-02fbe89740bef3869,EC2 - Other,unallocated
2026-06-12T00:00:00Z,2026-06-13T00:00:00Z,True,0.0025930556,vol-030c1eae3319854fd,EC2 - Other,unallocated
2026-06-12T00:00:00Z,2026-06-13T00:00:00Z,True,0.0017861111,vol-0328a37a4962adab4,EC2 - Other,unallocated
2026-06-12T00:00:00Z,2026-06-13T00:00:00Z,True,0.0433430556,vol-033c5d659af5e4016,EC2 - Other,unallocated
2026-06-12T00:00:00Z,2026-06-13T00:00:00Z,True,0.8959999992,vol-0392bc7824a1e81e8,EC2 - Other,dayhoff
2026-06-12T00:00:00Z,2026-06-13T00:00:00Z,True,0.0029416667,vol-03e73032612add901,EC2 - Other,unallocated
2026-06-12T00:00:00Z,2026-06-13T00:00:00Z,True,1.1226666672,vol-042a5f5daead20490,EC2 - Other,unallocated
2026-06-12T00:00:00Z,2026-06-13T00:00:00Z,True,0.0016152778,vol-043f6903c801fb12a,EC2 - Other,unallocated
2026-06-12T00:00:00Z,2026-06-13T00:00:00Z,True,0.04035,vol-04403d1642bde7c92,EC2 - Other,unallocated
2026-06-12T00:00:00Z,2026-06-13T00:00:00Z,True,0.0020486111,vol-044f97d7cb7df8b82,EC2 - Other,unallocated
2026-06-12T00:00:00Z,2026-06-13T00:00:00Z,True,0.0034319444,vol-0462b40cbc3e34013,EC2 - Other,unallocated
2026-06-12T00:00:00Z,2026-06-13T00:00:00Z,True,0.8959999992,vol-04646998d6f1fd325,EC2 - Other,dayhoff
2026-06-12T00:00:00Z,2026-06-13T00:00:00Z,True,0.004825,vol-04e7903b658cc64df,EC2 - Other,unallocated
2026-06-12T00:00:00Z,2026-06-13T00:00:00Z,True,0.00165,vol-050c7aa5aa223a2d6,EC2 - Other,unallocated
2026-06-12T00:00:00Z,2026-06-13T00:00:00Z,True,0.0015,vol-05699ac9b3465f822,EC2 - Other,unallocated
2026-06-12T00:00:00Z,2026-06-13T00:00:00Z,True,0.0915415124,vol-05c022ec40ad24aa5,EC2 - Other,unallocated
2026-06-12T00:00:00Z,2026-06-13T00:00:00Z,True,0.0382819444,vol-05dc2e2d9b0ed4817,EC2 - Other,unallocated
2026-06-12T00:00:00Z,2026-06-13T00:00:00Z,True,0.002925,vol-05ddab1eec8f3fa32,EC2 - Other,unallocated
2026-06-12T00:00:00Z,2026-06-13T00:00:00Z,True,0.0054638889,vol-0618b18ea146af43d,EC2 - Other,unallocated
2026-06-12T00:00:00Z,2026-06-13T00:00:00Z,True,0.0014944444,vol-06247f88b8ac5fc4a,EC2 - Other,unallocated
2026-06-12T00:00:00Z,2026-06-13T00:00:00Z,True,0.0013375,vol-063bcd185469cc213,EC2 - Other,unallocated
2026-06-12T00:00:00Z,2026-06-13T00:00:00Z,True,1.1226666672,vol-067169329e7a92af1,EC2 - Other,unallocated
2026-06-12T00:00:00Z,2026-06-13T00:00:00Z,True,0.0015513889,vol-06a968003bad110d8,EC2 - Other,unallocated
2026-06-12T00:00:00Z,2026-06-13T00:00:00Z,True,0.0051055556,vol-06fe43116bb941a26,EC2 - Other,unallocated
2026-06-12T00:00:00Z,2026-06-13T00:00:00Z,True,0.0799999992,vol-0725e7ce2db54e386,EC2 - Other,unallocated
2026-06-12T00:00:00Z,2026-06-13T00:00:00Z,True,0.0022083333,vol-07287c6956527a1f6,EC2 - Other,unallocated
2026-06-12T00:00:00Z,2026-06-13T00:00:00Z,True,0.0015152778,vol-07b86ded396ec7e3b,EC2 - Other,unallocated
2026-06-12T00:00:00Z,2026-06-13T00:00:00Z,True,0.0022513889,vol-07c5ebf95cab42ffd,EC2 - Other,unallocated
2026-06-12T00:00:00Z,2026-06-13T00:00:00Z,True,0.0015236111,vol-080e2776bd4fc78bd,EC2 - Other,unallocated
2026-06-12T00:00:00Z,2026-06-13T00:00:00Z,True,0.002175,vol-081129778c002df16,EC2 - Other,unallocated
2026-06-12T00:00:00Z,2026-06-13T00:00:00Z,True,0.0015041667,vol-083adf7e65c62899e,EC2 - Other,unallocated
2026-06-12T00:00:00Z,2026-06-13T00:00:00Z,True,0.0013458333,vol-086bc2a1111de753d,EC2 - Other,unallocated
2026-06-12T00:00:00Z,2026-06-13T00:00:00Z,True,0.0013375,vol-087a7af4415dc93ea,EC2 - Other,unallocated
2026-06-12T00:00:00Z,2026-06-13T00:00:00Z,True,0.0014819444,vol-0897a04b0af9a66a1,EC2 - Other,unallocated
2026-06-12T00:00:00Z,2026-06-13T00:00:00Z,True,0.1333333344,vol-08dee3ee1394063cb,EC2 - Other,unallocated
2026-06-12T00:00:00Z,2026-06-13T00:00:00Z,True,0.0016805556,vol-08f118e4d94ce8eae,EC2 - Other,unallocated
2026-06-12T00:00:00Z,2026-06-13T00:00:00Z,True,0.0213333336,vol-0941af554a7184c73,EC2 - Other,dayhoff
2026-06-12T00:00:00Z,2026-06-13T00:00:00Z,True,0.0213333336,vol-09454929e2c583ae7,EC2 - Other,unallocated
2026-06-12T00:00:00Z,2026-06-13T00:00:00Z,True,0.0023111111,vol-09acc9e891c52116a,EC2 - Other,unallocated
2026-06-12T00:00:00Z,2026-06-13T00:00:00Z,True,0.0016125,vol-09c87daa6b19b560d,EC2 - Other,unallocated
2026-06-12T00:00:00Z,2026-06-13T00:00:00Z,True,0.0008791667,vol-09e6482dcdd1f4331,EC2 - Other,unallocated
2026-06-12T00:00:00Z,2026-06-13T00:00:00Z,True,0.0027611111,vol-09f0291de41223868,EC2 - Other,unallocated
2026-06-12T00:00:00Z,2026-06-13T00:00:00Z,True,0.0027194444,vol-09fcba41623fe1906,EC2 - Other,unallocated
2026-06-12T00:00:00Z,2026-06-13T00:00:00Z,True,0.0144361111,vol-0a2b8855c4ec57894,EC2 - Other,unallocated
2026-06-12T00:00:00Z,2026-06-13T00:00:00Z,True,0.0016916667,vol-0a360079de46ebd83,EC2 - Other,unallocated
2026-06-12T00:00:00Z,2026-06-13T00:00:00Z,True,0.0016013889,vol-0a4cc65f1e552c91a,EC2 - Other,unallocated
2026-06-12T00:00:00Z,2026-06-13T00:00:00Z,True,0.0020319444,vol-0a75d9122f7de2046,EC2 - Other,unallocated
2026-06-12T00:00:00Z,2026-06-13T00:00:00Z,True,0.8959999992,vol-0aa3f5a0f5cdca9a0,EC2 - Other,unallocated
2026-06-12T00:00:00Z,2026-06-13T00:00:00Z,True,0.0025819444,vol-0aa7d7349dfde9df0,EC2 - Other,unallocated
2026-06-12T00:00:00Z,2026-06-13T00:00:00Z,True,0.0013916667,vol-0ab0e57fcb1b96558,EC2 - Other,unallocated
2026-06-12T00:00:00Z,2026-06-13T00:00:00Z,True,0.0029166667,vol-0ada0b59ecbb8eafa,EC2 - Other,unallocated
2026-06-12T00:00:00Z,2026-06-13T00:00:00Z,True,0.0015361111,vol-0adb57703b929bdcd,EC2 - Other,unallocated
2026-06-12T00:00:00Z,2026-06-13T00:00:00Z,True,0.0213333336,vol-0af8f94e0cd058ddf,EC2 - Other,unallocated
2026-06-12T00:00:00Z,2026-06-13T00:00:00Z,True,0.0396680556,vol-0b149d31ce0b8ae3d,EC2 - Other,unallocated
2026-06-12T00:00:00Z,2026-06-13T00:00:00Z,True,0.0030805556,vol-0b2475c49b52b6523,EC2 - Other,unallocated
2026-06-12T00:00:00Z,2026-06-13T00:00:00Z,True,0.0025222222,vol-0b28a2762def91aac,EC2 - Other,unallocated
2026-06-12T00:00:00Z,2026-06-13T00:00:00Z,True,0.8959999992,vol-0b99a6dcae2700982,EC2 - Other,dayhoff
2026-06-12T00:00:00Z,2026-06-13T00:00:00Z,True,0.0799999992,vol-0bff19625e45e6e4c,EC2 - Other,unallocated
2026-06-12T00:00:00Z,2026-06-13T00:00:00Z,True,0.0056111111,vol-0c180df3d6aee7048,EC2 - Other,unallocated
2026-06-12T00:00:00Z,2026-06-13T00:00:00Z,True,0.624,vol-0c26833469cf6995a,EC2 - Other,unallocated
2026-06-12T00:00:00Z,2026-06-13T00:00:00Z,True,0.0015069444,vol-0c2b94f997379bb58,EC2 - Other,unallocated
2026-06-12T00:00:00Z,2026-06-13T00:00:00Z,True,0.0022791667,vol-0c5a16f31170949c6,EC2 - Other,unallocated
2026-06-12T00:00:00Z,2026-06-13T00:00:00Z,True,0.8959999992,vol-0c69ba6b467620e14,EC2 - Other,dayhoff
2026-06-12T00:00:00Z,2026-06-13T00:00:00Z,True,0.0049180556,vol-0c7f3940f674e1f89,EC2 - Other,unallocated
2026-06-12T00:00:00Z,2026-06-13T00:00:00Z,True,1.1226666672,vol-0c90d4fbaada3820a,EC2 - Other,unallocated
2026-06-12T00:00:00Z,2026-06-13T00:00:00Z,True,0.0015777778,vol-0c92bf9c376d6028b,EC2 - Other,unallocated
2026-06-12T00:00:00Z,2026-06-13T00:00:00Z,True,0.0014625,vol-0cf4c7ac54969636d,EC2 - Other,unallocated
2026-06-12T00:00:00Z,2026-06-13T00:00:00Z,True,0.0015277778,vol-0cf59446c3415a620,EC2 - Other,unallocated
2026-06-12T00:00:00Z,2026-06-13T00:00:00Z,True,0.0022611111,vol-0cf5f67c3bf16a2c9,EC2 - Other,unallocated
2026-06-12T00:00:00Z,2026-06-13T00:00:00Z,True,0.0200902778,vol-0d477d74692fd307c,EC2 - Other,unallocated
2026-06-12T00:00:00Z,2026-06-13T00:00:00Z,True,0.8959999992,vol-0d756a965fa46f7c1,EC2 - Other,unallocated
2026-06-12T00:00:00Z,2026-06-13T00:00:00Z,True,0.0055958333,vol-0da5080a73af463f8,EC2 - Other,unallocated
2026-06-12T00:00:00Z,2026-06-13T00:00:00Z,True,0.0014694444,vol-0dff8bd4600b2f884,EC2 - Other,unallocated
2026-06-12T00:00:00Z,2026-06-13T00:00:00Z,True,0.0061,vol-0e7fa4c848497e9da,EC2 - Other,unallocated
2026-06-12T00:00:00Z,2026-06-13T00:00:00Z,True,0.8959999992,vol-0ea36895cc2b979ac,EC2 - Other,dayhoff
2026-06-12T00:00:00Z,2026-06-13T00:00:00Z,True,0.0017875,vol-0ed4acdde5e4b2b2c,EC2 - Other,unallocated
2026-06-12T00:00:00Z,2026-06-13T00:00:00Z,True,0.0052097222,vol-0ee9e4118aa1dadac,EC2 - Other,unallocated
2026-06-12T00:00:00Z,2026-06-13T00:00:00Z,True,0.0028194444,vol-0ef1bd12d3db43732,EC2 - Other,unallocated
2026-06-12T00:00:00Z,2026-06-13T00:00:00Z,True,1.1226666672,vol-0f5e5d7eec5982fa8,EC2 - Other,unallocated
2026-06-12T00:00:00Z,2026-06-13T00:00:00Z,True,0.0047444444,vol-0f7242dd640f36a00,EC2 - Other,unallocated
2026-06-12T00:00:00Z,2026-06-13T00:00:00Z,True,1.1226666672,vol-0f9ef75ea2bd0c8f8,EC2 - Other,unallocated
2026-06-12T00:00:00Z,2026-06-13T00:00:00Z,True,0.8959999992,vol-0f9efeb41e207d738,EC2 - Other,unallocated
2026-06-13T00:00:00Z,2026-06-14T00:00:00Z,True,1.34400015,arn:aws:ec2:ap-south-1:108782052779:natgateway/nat-01dc061291fc51e75,EC2 - Other,unallocated
2026-06-13T00:00:00Z,2026-06-14T00:00:00Z,True,1.344000269,arn:aws:ec2:ap-south-1:108782052779:natgateway/nat-05f85018216cac061,EC2 - Other,unallocated
2026-06-13T00:00:00Z,2026-06-14T00:00:00Z,True,0.0802823893,arn:aws:ec2:ap-south-1:108782052779:snapshot/snap-053909bfd492a6457,EC2 - Other,unallocated
2026-06-13T00:00:00Z,2026-06-14T00:00:00Z,True,1.2480004148,arn:aws:ec2:eu-central-1:108782052779:natgateway/nat-0a2bfbfedf38f8e87,EC2 - Other,unallocated
2026-06-13T00:00:00Z,2026-06-14T00:00:00Z,True,1.2480000464,arn:aws:ec2:eu-central-1:108782052779:natgateway/nat-0ec6ae9605269bef4,EC2 - Other,unallocated
2026-06-13T00:00:00Z,2026-06-14T00:00:00Z,True,1.0800001048,arn:aws:ec2:us-east-1:108782052779:natgateway/nat-089a96601cfd34f9d,EC2 - Other,dayhoff
2026-06-13T00:00:00Z,2026-06-14T00:00:00Z,True,1.0800001909,arn:aws:ec2:us-west-2:108782052779:natgateway/nat-00246c8ef3b9087f1,EC2 - Other,dayhoff
2026-06-13T00:00:00Z,2026-06-14T00:00:00Z,True,1.0828876701,arn:aws:ec2:us-west-2:108782052779:natgateway/nat-00ac08b685fea726f,EC2 - Other,terrarium
2026-06-13T00:00:00Z,2026-06-14T00:00:00Z,True,1.0804263917,arn:aws:ec2:us-west-2:108782052779:natgateway/nat-00f3c26e43ede9b10,EC2 - Other,unallocated
2026-06-13T00:00:00Z,2026-06-14T00:00:00Z,True,1.0868910423,arn:aws:ec2:us-west-2:108782052779:natgateway/nat-0234e77781575cced,EC2 - Other,terrarium
2026-06-13T00:00:00Z,2026-06-14T00:00:00Z,True,0.0017128499,arn:aws:ec2:us-west-2:108782052779:snapshot/snap-069197ab07a5079ff,EC2 - Other,unallocated
2026-06-13T00:00:00Z,2026-06-14T00:00:00Z,True,0.0003308445,arn:aws:ec2:us-west-2:108782052779:snapshot/snap-0b52c5e1a39967d78,EC2 - Other,unallocated
2026-06-13T00:00:00Z,2026-06-14T00:00:00Z,True,0.0017201063,arn:aws:ec2:us-west-2:108782052779:snapshot/snap-0be0d9f2fdefa063d,EC2 - Other,unallocated
2026-06-13T00:00:00Z,2026-06-14T00:00:00Z,True,1.3012550563,arn:aws:ec2:us-west-2:171675361862:natgateway/nat-01432c586ef9dbf51,EC2 - Other,unallocated
2026-06-13T00:00:00Z,2026-06-14T00:00:00Z,True,0.0051318359,arn:aws:ec2:us-west-2:171675361862:snapshot/snap-01051ee004e700b1e,EC2 - Other,unallocated
2026-06-13T00:00:00Z,2026-06-14T00:00:00Z,True,0.0055664063,arn:aws:ec2:us-west-2:171675361862:snapshot/snap-010eb6cbb466b71fd,EC2 - Other,unallocated
2026-06-13T00:00:00Z,2026-06-14T00:00:00Z,True,0.004831543,arn:aws:ec2:us-west-2:171675361862:snapshot/snap-01617e5cf1a7141a9,EC2 - Other,unallocated
2026-06-13T00:00:00Z,2026-06-14T00:00:00Z,True,0.0056347656,arn:aws:ec2:us-west-2:171675361862:snapshot/snap-016bea26228ab194d,EC2 - Other,unallocated
2026-06-13T00:00:00Z,2026-06-14T00:00:00Z,True,0.0074845378,arn:aws:ec2:us-west-2:171675361862:snapshot/snap-0225be64252283430,EC2 - Other,unallocated
2026-06-13T00:00:00Z,2026-06-14T00:00:00Z,True,0.0057283529,arn:aws:ec2:us-west-2:171675361862:snapshot/snap-02e2a477c70bd2d6b,EC2 - Other,unallocated
2026-06-13T00:00:00Z,2026-06-14T00:00:00Z,True,0.0054939779,arn:aws:ec2:us-west-2:171675361862:snapshot/snap-031f9c5ef8426bd1c,EC2 - Other,unallocated
2026-06-13T00:00:00Z,2026-06-14T00:00:00Z,True,0.0052034505,arn:aws:ec2:us-west-2:171675361862:snapshot/snap-034c0dc963dcc6b4a,EC2 - Other,unallocated
2026-06-13T00:00:00Z,2026-06-14T00:00:00Z,True,0.0052278646,arn:aws:ec2:us-west-2:171675361862:snapshot/snap-03e9cddf0760568af,EC2 - Other,unallocated
2026-06-13T00:00:00Z,2026-06-14T00:00:00Z,True,0.0077107747,arn:aws:ec2:us-west-2:171675361862:snapshot/snap-04835772777dad20e,EC2 - Other,unallocated
2026-06-13T00:00:00Z,2026-06-14T00:00:00Z,True,0.005448405,arn:aws:ec2:us-west-2:171675361862:snapshot/snap-049b1328bdd0e2367,EC2 - Other,unallocated
2026-06-13T00:00:00Z,2026-06-14T00:00:00Z,True,0.0053645833,arn:aws:ec2:us-west-2:171675361862:snapshot/snap-050a336ac34adee25,EC2 - Other,unallocated
2026-06-13T00:00:00Z,2026-06-14T00:00:00Z,True,0.0059277344,arn:aws:ec2:us-west-2:171675361862:snapshot/snap-068c9cd76d82972c6,EC2 - Other,unallocated
2026-06-13T00:00:00Z,2026-06-14T00:00:00Z,True,0.0049802653,arn:aws:ec2:us-west-2:171675361862:snapshot/snap-07c960f2e8ecd2246,EC2 - Other,unallocated
2026-06-13T00:00:00Z,2026-06-14T00:00:00Z,True,0.0049674479,arn:aws:ec2:us-west-2:171675361862:snapshot/snap-08971cb52b0d65cf4,EC2 - Other,unallocated
2026-06-13T00:00:00Z,2026-06-14T00:00:00Z,True,0.005139974,arn:aws:ec2:us-west-2:171675361862:snapshot/snap-08bba655a6c5cbab1,EC2 - Other,unallocated
2026-06-13T00:00:00Z,2026-06-14T00:00:00Z,True,0.0049023438,arn:aws:ec2:us-west-2:171675361862:snapshot/snap-0912fb835f7ce67e9,EC2 - Other,unallocated
2026-06-13T00:00:00Z,2026-06-14T00:00:00Z,True,0.0203049045,arn:aws:ec2:us-west-2:171675361862:snapshot/snap-0955251ceed89fccd,EC2 - Other,unallocated
2026-06-13T00:00:00Z,2026-06-14T00:00:00Z,True,0.0056013997,arn:aws:ec2:us-west-2:171675361862:snapshot/snap-0a1b0a3f89ddb1991,EC2 - Other,unallocated
2026-06-13T00:00:00Z,2026-06-14T00:00:00Z,True,0.0083517795,arn:aws:ec2:us-west-2:171675361862:snapshot/snap-0b57ab838a3d96a1e,EC2 - Other,unallocated
2026-06-13T00:00:00Z,2026-06-14T00:00:00Z,True,0.0114078776,arn:aws:ec2:us-west-2:171675361862:snapshot/snap-0b59545ad20e68906,EC2 - Other,unallocated
2026-06-13T00:00:00Z,2026-06-14T00:00:00Z,True,0.0052132161,arn:aws:ec2:us-west-2:171675361862:snapshot/snap-0bace1a1137e22c44,EC2 - Other,unallocated
2026-06-13T00:00:00Z,2026-06-14T00:00:00Z,True,0.005300293,arn:aws:ec2:us-west-2:171675361862:snapshot/snap-0d0c4af263032230c,EC2 - Other,unallocated
2026-06-13T00:00:00Z,2026-06-14T00:00:00Z,True,0.0049072266,arn:aws:ec2:us-west-2:171675361862:snapshot/snap-0d2a28c3feb1b3215,EC2 - Other,unallocated
2026-06-13T00:00:00Z,2026-06-14T00:00:00Z,True,0.0053548177,arn:aws:ec2:us-west-2:171675361862:snapshot/snap-0d834f9a24c2f6097,EC2 - Other,unallocated
2026-06-13T00:00:00Z,2026-06-14T00:00:00Z,True,0.005164388,arn:aws:ec2:us-west-2:171675361862:snapshot/snap-0daf5245a270f593f,EC2 - Other,unallocated
2026-06-13T00:00:00Z,2026-06-14T00:00:00Z,True,0.0053507487,arn:aws:ec2:us-west-2:171675361862:snapshot/snap-0dd884c697c716097,EC2 - Other,unallocated
2026-06-13T00:00:00Z,2026-06-14T00:00:00Z,True,0.0047631836,arn:aws:ec2:us-west-2:171675361862:snapshot/snap-0ef79544c150b4756,EC2 - Other,unallocated
2026-06-13T00:00:00Z,2026-06-14T00:00:00Z,True,0.0051831055,arn:aws:ec2:us-west-2:171675361862:snapshot/snap-0f167818ffe7feac1,EC2 - Other,unallocated
2026-06-13T00:00:00Z,2026-06-14T00:00:00Z,True,0.0071875,arn:aws:ec2:us-west-2:171675361862:snapshot/snap-0f35a63f136c0ec82,EC2 - Other,unallocated
2026-06-13T00:00:00Z,2026-06-14T00:00:00Z,True,0.0053344727,arn:aws:ec2:us-west-2:171675361862:snapshot/snap-0fbf1eb66ee99723a,EC2 - Other,unallocated
2026-06-13T00:00:00Z,2026-06-14T00:00:00Z,True,0.0034490648,i-012011bcb57d118cc,EC2 - Other,unallocated
2026-06-13T00:00:00Z,2026-06-14T00:00:00Z,True,9.02289e-05,i-04d3a8c6aae87f818,EC2 - Other,dayhoff
2026-06-13T00:00:00Z,2026-06-14T00:00:00Z,True,2.497e-07,i-05815cdeec4a6dad8,EC2 - Other,unallocated
2026-06-13T00:00:00Z,2026-06-14T00:00:00Z,True,8.20179e-05,i-05de16a24310099c5,EC2 - Other,dayhoff
2026-06-13T00:00:00Z,2026-06-14T00:00:00Z,True,8.03443e-05,i-068f3aad2bedb9fa6,EC2 - Other,dayhoff
2026-06-13T00:00:00Z,2026-06-14T00:00:00Z,True,9.07173e-05,i-07df3a933e4839f52,EC2 - Other,dayhoff
2026-06-13T00:00:00Z,2026-06-14T00:00:00Z,True,8.86914e-05,i-09126000eb19643b0,EC2 - Other,dayhoff
2026-06-13T00:00:00Z,2026-06-14T00:00:00Z,True,2.5496e-06,i-09f66b3f11ea42c60,EC2 - Other,unallocated
2026-06-13T00:00:00Z,2026-06-14T00:00:00Z,True,8.27729e-05,i-0a70e6af119b993f3,EC2 - Other,dayhoff
2026-06-13T00:00:00Z,2026-06-14T00:00:00Z,True,1.607e-06,i-0ab7116abc8229a16,EC2 - Other,unallocated
2026-06-13T00:00:00Z,2026-06-14T00:00:00Z,True,7.66641e-05,i-0b6713cc15f74d360,EC2 - Other,dayhoff
2026-06-13T00:00:00Z,2026-06-14T00:00:00Z,True,8.47335e-05,i-0de9e3f8d3208cf03,EC2 - Other,dayhoff
2026-06-13T00:00:00Z,2026-06-14T00:00:00Z,True,0.0003014999,i-0e5e3df7a4f2941a0,EC2 - Other,dayhoff
2026-06-13T00:00:00Z,2026-06-14T00:00:00Z,True,8.41742e-05,i-0e70fab85d559c615,EC2 - Other,dayhoff
2026-06-13T00:00:00Z,2026-06-14T00:00:00Z,True,0.0799999992,vol-0054217b60d3a15d8,EC2 - Other,unallocated
2026-06-13T00:00:00Z,2026-06-14T00:00:00Z,True,0.8959999992,vol-00cbb7ba932dbd3a4,EC2 - Other,unallocated
2026-06-13T00:00:00Z,2026-06-14T00:00:00Z,True,0.0533333328,vol-02caa6b741e86c280,EC2 - Other,unallocated
2026-06-13T00:00:00Z,2026-06-14T00:00:00Z,True,0.8959999992,vol-0392bc7824a1e81e8,EC2 - Other,dayhoff
2026-06-13T00:00:00Z,2026-06-14T00:00:00Z,True,0.5145555558,vol-042912cf311c9c907,EC2 - Other,unallocated
2026-06-13T00:00:00Z,2026-06-14T00:00:00Z,True,1.1226666672,vol-042a5f5daead20490,EC2 - Other,unallocated
2026-06-13T00:00:00Z,2026-06-14T00:00:00Z,True,0.8959999992,vol-04646998d6f1fd325,EC2 - Other,dayhoff
2026-06-13T00:00:00Z,2026-06-14T00:00:00Z,True,1.1226666672,vol-067169329e7a92af1,EC2 - Other,unallocated
2026-06-13T00:00:00Z,2026-06-14T00:00:00Z,True,0.0799999992,vol-0725e7ce2db54e386,EC2 - Other,unallocated
2026-06-13T00:00:00Z,2026-06-14T00:00:00Z,True,0.1333333344,vol-08dee3ee1394063cb,EC2 - Other,unallocated
2026-06-13T00:00:00Z,2026-06-14T00:00:00Z,True,0.0213333336,vol-0941af554a7184c73,EC2 - Other,dayhoff
2026-06-13T00:00:00Z,2026-06-14T00:00:00Z,True,0.0213333336,vol-09454929e2c583ae7,EC2 - Other,unallocated
2026-06-13T00:00:00Z,2026-06-14T00:00:00Z,True,0.8959999992,vol-0aa3f5a0f5cdca9a0,EC2 - Other,unallocated
2026-06-13T00:00:00Z,2026-06-14T00:00:00Z,True,0.0213333336,vol-0af8f94e0cd058ddf,EC2 - Other,unallocated
2026-06-13T00:00:00Z,2026-06-14T00:00:00Z,True,0.8959999992,vol-0b99a6dcae2700982,EC2 - Other,dayhoff
2026-06-13T00:00:00Z,2026-06-14T00:00:00Z,True,0.0799999992,vol-0bff19625e45e6e4c,EC2 - Other,unallocated
2026-06-13T00:00:00Z,2026-06-14T00:00:00Z,True,0.624,vol-0c26833469cf6995a,EC2 - Other,unallocated
2026-06-13T00:00:00Z,2026-06-14T00:00:00Z,True,0.8959999992,vol-0c69ba6b467620e14,EC2 - Other,dayhoff
2026-06-13T00:00:00Z,2026-06-14T00:00:00Z,True,1.1226666672,vol-0c90d4fbaada3820a,EC2 - Other,unallocated
2026-06-13T00:00:00Z,2026-06-14T00:00:00Z,True,0.8959999992,vol-0d756a965fa46f7c1,EC2 - Other,unallocated
2026-06-13T00:00:00Z,2026-06-14T00:00:00Z,True,0.8959999992,vol-0ea36895cc2b979ac,EC2 - Other,dayhoff
2026-06-13T00:00:00Z,2026-06-14T00:00:00Z,True,1.1226666672,vol-0f5e5d7eec5982fa8,EC2 - Other,unallocated
2026-06-13T00:00:00Z,2026-06-14T00:00:00Z,True,1.1226666672,vol-0f9ef75ea2bd0c8f8,EC2 - Other,unallocated
2026-06-13T00:00:00Z,2026-06-14T00:00:00Z,True,0.8959999992,vol-0f9efeb41e207d738,EC2 - Other,unallocated
2026-06-01T00:00:00Z,2026-06-02T00:00:00Z,True,9.33384e-05,arn:aws:rds:us-east-1:108782052779:cluster-snapshot:dayhoff-dr-drill-use1-20260522-snap,Amazon Relational Database Service,dayhoff
2026-06-01T00:00:00Z,2026-06-02T00:00:00Z,True,4.35408e-05,arn:aws:rds:us-east-1:108782052779:cluster-snapshot:dayhoff-inx-inf5-precleanup-20260528t174313z,Amazon Relational Database Service,dayhoff
2026-06-01T00:00:00Z,2026-06-02T00:00:00Z,True,3.44784e-05,arn:aws:rds:us-east-1:108782052779:cluster-snapshot:marvain-john-major-dev-snapshot-auroracluster-ctvfy1tkxd1i,Amazon Relational Database Service,dayhoff
2026-06-01T00:00:00Z,2026-06-02T00:00:00Z,True,0.0567374904,arn:aws:rds:us-east-1:108782052779:cluster:cluster-bhclwskm5mcqb7l7keks2bcha4,Amazon Relational Database Service,unallocated
2026-06-01T00:00:00Z,2026-06-02T00:00:00Z,True,0.0675637338,arn:aws:rds:us-east-1:108782052779:cluster:cluster-kym7xbonz4xygugh5dp33j3dci,Amazon Relational Database Service,unallocated
2026-06-01T00:00:00Z,2026-06-02T00:00:00Z,True,0.0497094304,arn:aws:rds:us-east-1:108782052779:cluster:cluster-pqpacrqo2fxszto7u4maw3velu,Amazon Relational Database Service,unallocated
2026-06-01T00:00:00Z,2026-06-02T00:00:00Z,True,6.24,arn:aws:rds:us-east-1:108782052779:db:auruse1-writer,Amazon Relational Database Service,dayhoff
2026-06-01T00:00:00Z,2026-06-02T00:00:00Z,True,6.96,arn:aws:rds:us-east-1:108782052779:db:dayhoff-dr-drill-use1-20260522-instance-1,Amazon Relational Database Service,dayhoff
2026-06-01T00:00:00Z,2026-06-02T00:00:00Z,True,6.96,arn:aws:rds:us-east-1:108782052779:db:dayhoff-dr-drill-use1-20260522-reader-api,Amazon Relational Database Service,dayhoff
2026-06-01T00:00:00Z,2026-06-02T00:00:00Z,True,6.96,arn:aws:rds:us-east-1:108782052779:db:dayhoff-dr-drill-use1-20260522-reader-ha,Amazon Relational Database Service,dayhoff
2026-06-01T00:00:00Z,2026-06-02T00:00:00Z,True,0.0009736689,arn:aws:rds:us-east-1:108782052779:db:dayhoff-staging-data-postgres9dc8bb04-avlkcyzjgnwo,Amazon Relational Database Service,dayhoff
2026-06-01T00:00:00Z,2026-06-02T00:00:00Z,True,0.0009792119,arn:aws:rds:us-east-1:108782052779:db:dayhoff-x-data-postgres9dc8bb04-xgjwaetdu22b,Amazon Relational Database Service,dayhoff
2026-06-01T00:00:00Z,2026-06-02T00:00:00Z,True,1.752,arn:aws:rds:us-east-1:108782052779:db:dev-writer,Amazon Relational Database Service,dayhoff
2026-06-01T00:00:00Z,2026-06-02T00:00:00Z,True,1.6366666656,arn:aws:rds:us-east-1:108782052779:db:dr-drill-standalone-use1-20260526,Amazon Relational Database Service,unallocated
2026-06-01T00:00:00Z,2026-06-02T00:00:00Z,True,2.85936e-05,arn:aws:rds:us-west-2:108782052779:cluster-snapshot:labcoredb-final-snapshot,Amazon Relational Database Service,unallocated
2026-06-01T00:00:00Z,2026-06-02T00:00:00Z,True,0.0,arn:aws:rds:us-west-2:108782052779:cluster-snapshot:tapdb-dev-snapshot-auroracluster-9vwkztxfug25,Amazon Relational Database Service,dayhoff
2026-06-01T00:00:00Z,2026-06-02T00:00:00Z,True,0.0,arn:aws:rds:us-west-2:108782052779:cluster-snapshot:tapdb-dev-snapshot-auroracluster-elgxviyi30sp,Amazon Relational Database Service,dayhoff
2026-06-01T00:00:00Z,2026-06-02T00:00:00Z,True,0.0,arn:aws:rds:us-west-2:108782052779:cluster-snapshot:tapdb-dev-snapshot-auroracluster-serncerfuorz,Amazon Relational Database Service,dayhoff
2026-06-01T00:00:00Z,2026-06-02T00:00:00Z,True,0.058804262,arn:aws:rds:us-west-2:108782052779:cluster:cluster-4lrvijmaljrxw3emlp7ao4tioe,Amazon Relational Database Service,unallocated
2026-06-01T00:00:00Z,2026-06-02T00:00:00Z,True,0.0626758885,arn:aws:rds:us-west-2:108782052779:cluster:cluster-aa24mjp2wjnsfofgxghaxwhvku,Amazon Relational Database Service,unallocated
2026-06-01T00:00:00Z,2026-06-02T00:00:00Z,True,0.0593235532,arn:aws:rds:us-west-2:108782052779:cluster:cluster-axxvxcfqcs53p4uqziwtcjft7m,Amazon Relational Database Service,unallocated
2026-06-01T00:00:00Z,2026-06-02T00:00:00Z,True,0.0646462432,arn:aws:rds:us-west-2:108782052779:cluster:cluster-f5lzubv26w3xt5cgdvgfoyhjei,Amazon Relational Database Service,unallocated
2026-06-01T00:00:00Z,2026-06-02T00:00:00Z,True,0.0022006281,arn:aws:rds:us-west-2:108782052779:cluster:cluster-o6yhev2r7ksumoenusvgvwrrae,Amazon Relational Database Service,unallocated
2026-06-01T00:00:00Z,2026-06-02T00:00:00Z,True,0.0004784544,arn:aws:rds:us-west-2:108782052779:cluster:cluster-rit4q5trwzhy6wvk7wvbpfmqam,Amazon Relational Database Service,unallocated
2026-06-01T00:00:00Z,2026-06-02T00:00:00Z,True,0.4606666656,arn:aws:rds:us-west-2:108782052779:db:aquarium-dev-db,Amazon Relational Database Service,aquarium
2026-06-01T00:00:00Z,2026-06-02T00:00:00Z,True,6.96,arn:aws:rds:us-west-2:108782052779:db:dayhoff-dr-drill-20260521-instance-1,Amazon Relational Database Service,dayhoff
2026-06-01T00:00:00Z,2026-06-02T00:00:00Z,True,6.96,arn:aws:rds:us-west-2:108782052779:db:dayhoff-dr-drill-20260521-reader-api,Amazon Relational Database Service,dayhoff
2026-06-01T00:00:00Z,2026-06-02T00:00:00Z,True,6.96,arn:aws:rds:us-west-2:108782052779:db:dayhoff-dr-drill-20260521-reader-ha,Amazon Relational Database Service,dayhoff
2026-06-01T00:00:00Z,2026-06-02T00:00:00Z,True,6.624,arn:aws:rds:us-west-2:108782052779:db:dayhoff-lsmcok1-tapdb-writer,Amazon Relational Database Service,dayhoff
2026-06-01T00:00:00Z,2026-06-02T00:00:00Z,True,17.232,arn:aws:rds:us-west-2:108782052779:db:dayhoff-lsmcq7-tapdb-reader-api,Amazon Relational Database Service,dayhoff
2026-06-01T00:00:00Z,2026-06-02T00:00:00Z,True,17.232,arn:aws:rds:us-west-2:108782052779:db:dayhoff-lsmcq7-tapdb-reader-ha,Amazon Relational Database Service,dayhoff
2026-06-01T00:00:00Z,2026-06-02T00:00:00Z,True,34.464,arn:aws:rds:us-west-2:108782052779:db:dayhoff-lsmcq7-tapdb-writer,Amazon Relational Database Service,dayhoff
2026-06-01T00:00:00Z,2026-06-02T00:00:00Z,True,6.24,arn:aws:rds:us-west-2:108782052779:db:dev-writer,Amazon Relational Database Service,dayhoff
2026-06-01T00:00:00Z,2026-06-02T00:00:00Z,True,2.3266666656,arn:aws:rds:us-west-2:108782052779:db:dr-drill-standalone-20260521,Amazon Relational Database Service,unallocated
2026-06-01T00:00:00Z,2026-06-02T00:00:00Z,True,7.6803111111,arn:aws:rds:us-west-2:108782052779:db:labcore-dev-instance-1,Amazon Relational Database Service,dayhoff
2026-06-01T00:00:00Z,2026-06-02T00:00:00Z,True,1.752,arn:aws:rds:us-west-2:108782052779:db:staging-writer,Amazon Relational Database Service,dayhoff
2026-06-01T00:00:00Z,2026-06-02T00:00:00Z,True,0.4606666656,arn:aws:rds:us-west-2:108782052779:db:terrarium-dev-db,Amazon Relational Database Service,terrarium
2026-06-01T00:00:00Z,2026-06-02T00:00:00Z,True,0.4606666656,arn:aws:rds:us-west-2:108782052779:db:terrarium-prod-db,Amazon Relational Database Service,terrarium
2026-06-02T00:00:00Z,2026-06-03T00:00:00Z,True,9.33384e-05,arn:aws:rds:us-east-1:108782052779:cluster-snapshot:dayhoff-dr-drill-use1-20260522-snap,Amazon Relational Database Service,dayhoff
2026-06-02T00:00:00Z,2026-06-03T00:00:00Z,True,4.35408e-05,arn:aws:rds:us-east-1:108782052779:cluster-snapshot:dayhoff-inx-inf5-precleanup-20260528t174313z,Amazon Relational Database Service,dayhoff
2026-06-02T00:00:00Z,2026-06-03T00:00:00Z,True,3.44784e-05,arn:aws:rds:us-east-1:108782052779:cluster-snapshot:marvain-john-major-dev-snapshot-auroracluster-ctvfy1tkxd1i,Amazon Relational Database Service,dayhoff
2026-06-02T00:00:00Z,2026-06-03T00:00:00Z,True,0.0585928944,arn:aws:rds:us-east-1:108782052779:cluster:cluster-bhclwskm5mcqb7l7keks2bcha4,Amazon Relational Database Service,unallocated
2026-06-02T00:00:00Z,2026-06-03T00:00:00Z,True,0.0531667216,arn:aws:rds:us-east-1:108782052779:cluster:cluster-kym7xbonz4xygugh5dp33j3dci,Amazon Relational Database Service,unallocated
2026-06-02T00:00:00Z,2026-06-03T00:00:00Z,True,0.0755952304,arn:aws:rds:us-east-1:108782052779:cluster:cluster-pqpacrqo2fxszto7u4maw3velu,Amazon Relational Database Service,unallocated
2026-06-02T00:00:00Z,2026-06-03T00:00:00Z,True,6.24,arn:aws:rds:us-east-1:108782052779:db:auruse1-writer,Amazon Relational Database Service,dayhoff
2026-06-02T00:00:00Z,2026-06-03T00:00:00Z,True,6.96,arn:aws:rds:us-east-1:108782052779:db:dayhoff-dr-drill-use1-20260522-instance-1,Amazon Relational Database Service,dayhoff
2026-06-02T00:00:00Z,2026-06-03T00:00:00Z,True,6.96,arn:aws:rds:us-east-1:108782052779:db:dayhoff-dr-drill-use1-20260522-reader-api,Amazon Relational Database Service,dayhoff
2026-06-02T00:00:00Z,2026-06-03T00:00:00Z,True,6.96,arn:aws:rds:us-east-1:108782052779:db:dayhoff-dr-drill-use1-20260522-reader-ha,Amazon Relational Database Service,dayhoff
2026-06-02T00:00:00Z,2026-06-03T00:00:00Z,True,1.752,arn:aws:rds:us-east-1:108782052779:db:dev-writer,Amazon Relational Database Service,dayhoff
2026-06-02T00:00:00Z,2026-06-03T00:00:00Z,True,1.6366666656,arn:aws:rds:us-east-1:108782052779:db:dr-drill-standalone-use1-20260526,Amazon Relational Database Service,unallocated
2026-06-02T00:00:00Z,2026-06-03T00:00:00Z,True,2.85936e-05,arn:aws:rds:us-west-2:108782052779:cluster-snapshot:labcoredb-final-snapshot,Amazon Relational Database Service,unallocated
2026-06-02T00:00:00Z,2026-06-03T00:00:00Z,True,0.0,arn:aws:rds:us-west-2:108782052779:cluster-snapshot:tapdb-dev-snapshot-auroracluster-9vwkztxfug25,Amazon Relational Database Service,dayhoff
2026-06-02T00:00:00Z,2026-06-03T00:00:00Z,True,0.0,arn:aws:rds:us-west-2:108782052779:cluster-snapshot:tapdb-dev-snapshot-auroracluster-elgxviyi30sp,Amazon Relational Database Service,dayhoff
2026-06-02T00:00:00Z,2026-06-03T00:00:00Z,True,0.0,arn:aws:rds:us-west-2:108782052779:cluster-snapshot:tapdb-dev-snapshot-auroracluster-serncerfuorz,Amazon Relational Database Service,dayhoff
2026-06-02T00:00:00Z,2026-06-03T00:00:00Z,True,0.066263752,arn:aws:rds:us-west-2:108782052779:cluster:cluster-4lrvijmaljrxw3emlp7ao4tioe,Amazon Relational Database Service,unallocated
2026-06-02T00:00:00Z,2026-06-03T00:00:00Z,True,0.0692341856,arn:aws:rds:us-west-2:108782052779:cluster:cluster-aa24mjp2wjnsfofgxghaxwhvku,Amazon Relational Database Service,unallocated
2026-06-02T00:00:00Z,2026-06-03T00:00:00Z,True,0.0626323264,arn:aws:rds:us-west-2:108782052779:cluster:cluster-axxvxcfqcs53p4uqziwtcjft7m,Amazon Relational Database Service,unallocated
2026-06-02T00:00:00Z,2026-06-03T00:00:00Z,True,0.0583140432,arn:aws:rds:us-west-2:108782052779:cluster:cluster-f5lzubv26w3xt5cgdvgfoyhjei,Amazon Relational Database Service,unallocated
2026-06-02T00:00:00Z,2026-06-03T00:00:00Z,True,0.0021679638,arn:aws:rds:us-west-2:108782052779:cluster:cluster-o6yhev2r7ksumoenusvgvwrrae,Amazon Relational Database Service,unallocated
2026-06-02T00:00:00Z,2026-06-03T00:00:00Z,True,0.0004784544,arn:aws:rds:us-west-2:108782052779:cluster:cluster-rit4q5trwzhy6wvk7wvbpfmqam,Amazon Relational Database Service,unallocated
2026-06-02T00:00:00Z,2026-06-03T00:00:00Z,True,0.4606666656,arn:aws:rds:us-west-2:108782052779:db:aquarium-dev-db,Amazon Relational Database Service,aquarium
2026-06-02T00:00:00Z,2026-06-03T00:00:00Z,True,6.96,arn:aws:rds:us-west-2:108782052779:db:dayhoff-dr-drill-20260521-instance-1,Amazon Relational Database Service,dayhoff
2026-06-02T00:00:00Z,2026-06-03T00:00:00Z,True,6.96,arn:aws:rds:us-west-2:108782052779:db:dayhoff-dr-drill-20260521-reader-api,Amazon Relational Database Service,dayhoff
2026-06-02T00:00:00Z,2026-06-03T00:00:00Z,True,6.96,arn:aws:rds:us-west-2:108782052779:db:dayhoff-dr-drill-20260521-reader-ha,Amazon Relational Database Service,dayhoff
2026-06-02T00:00:00Z,2026-06-03T00:00:00Z,True,6.624,arn:aws:rds:us-west-2:108782052779:db:dayhoff-lsmcok1-tapdb-writer,Amazon Relational Database Service,dayhoff
2026-06-02T00:00:00Z,2026-06-03T00:00:00Z,True,17.232,arn:aws:rds:us-west-2:108782052779:db:dayhoff-lsmcq7-tapdb-reader-api,Amazon Relational Database Service,dayhoff
2026-06-02T00:00:00Z,2026-06-03T00:00:00Z,True,17.232,arn:aws:rds:us-west-2:108782052779:db:dayhoff-lsmcq7-tapdb-reader-ha,Amazon Relational Database Service,dayhoff
2026-06-02T00:00:00Z,2026-06-03T00:00:00Z,True,34.464,arn:aws:rds:us-west-2:108782052779:db:dayhoff-lsmcq7-tapdb-writer,Amazon Relational Database Service,dayhoff
2026-06-02T00:00:00Z,2026-06-03T00:00:00Z,True,6.24,arn:aws:rds:us-west-2:108782052779:db:dev-writer,Amazon Relational Database Service,dayhoff
2026-06-02T00:00:00Z,2026-06-03T00:00:00Z,True,2.3266666656,arn:aws:rds:us-west-2:108782052779:db:dr-drill-standalone-20260521,Amazon Relational Database Service,unallocated
2026-06-02T00:00:00Z,2026-06-03T00:00:00Z,True,7.6803333333,arn:aws:rds:us-west-2:108782052779:db:labcore-dev-instance-1,Amazon Relational Database Service,dayhoff
2026-06-02T00:00:00Z,2026-06-03T00:00:00Z,True,1.752,arn:aws:rds:us-west-2:108782052779:db:staging-writer,Amazon Relational Database Service,dayhoff
2026-06-02T00:00:00Z,2026-06-03T00:00:00Z,True,0.4606666656,arn:aws:rds:us-west-2:108782052779:db:terrarium-dev-db,Amazon Relational Database Service,terrarium
2026-06-02T00:00:00Z,2026-06-03T00:00:00Z,True,0.4606666656,arn:aws:rds:us-west-2:108782052779:db:terrarium-prod-db,Amazon Relational Database Service,terrarium
2026-06-03T00:00:00Z,2026-06-04T00:00:00Z,True,9.33384e-05,arn:aws:rds:us-east-1:108782052779:cluster-snapshot:dayhoff-dr-drill-use1-20260522-snap,Amazon Relational Database Service,dayhoff
2026-06-03T00:00:00Z,2026-06-04T00:00:00Z,True,4.35408e-05,arn:aws:rds:us-east-1:108782052779:cluster-snapshot:dayhoff-inx-inf5-precleanup-20260528t174313z,Amazon Relational Database Service,dayhoff
2026-06-03T00:00:00Z,2026-06-04T00:00:00Z,True,3.44784e-05,arn:aws:rds:us-east-1:108782052779:cluster-snapshot:marvain-john-major-dev-snapshot-auroracluster-ctvfy1tkxd1i,Amazon Relational Database Service,dayhoff
2026-06-03T00:00:00Z,2026-06-04T00:00:00Z,True,0.07890883,arn:aws:rds:us-east-1:108782052779:cluster:cluster-bhclwskm5mcqb7l7keks2bcha4,Amazon Relational Database Service,unallocated
2026-06-03T00:00:00Z,2026-06-04T00:00:00Z,True,0.05930704,arn:aws:rds:us-east-1:108782052779:cluster:cluster-kym7xbonz4xygugh5dp33j3dci,Amazon Relational Database Service,unallocated
2026-06-03T00:00:00Z,2026-06-04T00:00:00Z,True,0.0528674304,arn:aws:rds:us-east-1:108782052779:cluster:cluster-pqpacrqo2fxszto7u4maw3velu,Amazon Relational Database Service,unallocated
2026-06-03T00:00:00Z,2026-06-04T00:00:00Z,True,6.24,arn:aws:rds:us-east-1:108782052779:db:auruse1-writer,Amazon Relational Database Service,dayhoff
2026-06-03T00:00:00Z,2026-06-04T00:00:00Z,True,6.96,arn:aws:rds:us-east-1:108782052779:db:dayhoff-dr-drill-use1-20260522-instance-1,Amazon Relational Database Service,dayhoff
2026-06-03T00:00:00Z,2026-06-04T00:00:00Z,True,6.96,arn:aws:rds:us-east-1:108782052779:db:dayhoff-dr-drill-use1-20260522-reader-api,Amazon Relational Database Service,dayhoff
2026-06-03T00:00:00Z,2026-06-04T00:00:00Z,True,6.96,arn:aws:rds:us-east-1:108782052779:db:dayhoff-dr-drill-use1-20260522-reader-ha,Amazon Relational Database Service,dayhoff
2026-06-03T00:00:00Z,2026-06-04T00:00:00Z,True,1.752,arn:aws:rds:us-east-1:108782052779:db:dev-writer,Amazon Relational Database Service,dayhoff
2026-06-03T00:00:00Z,2026-06-04T00:00:00Z,True,1.6366666656,arn:aws:rds:us-east-1:108782052779:db:dr-drill-standalone-use1-20260526,Amazon Relational Database Service,unallocated
2026-06-03T00:00:00Z,2026-06-04T00:00:00Z,True,2.85936e-05,arn:aws:rds:us-west-2:108782052779:cluster-snapshot:labcoredb-final-snapshot,Amazon Relational Database Service,unallocated
2026-06-03T00:00:00Z,2026-06-04T00:00:00Z,True,0.0,arn:aws:rds:us-west-2:108782052779:cluster-snapshot:tapdb-dev-snapshot-auroracluster-9vwkztxfug25,Amazon Relational Database Service,dayhoff
2026-06-03T00:00:00Z,2026-06-04T00:00:00Z,True,0.0,arn:aws:rds:us-west-2:108782052779:cluster-snapshot:tapdb-dev-snapshot-auroracluster-elgxviyi30sp,Amazon Relational Database Service,dayhoff
2026-06-03T00:00:00Z,2026-06-04T00:00:00Z,True,0.0,arn:aws:rds:us-west-2:108782052779:cluster-snapshot:tapdb-dev-snapshot-auroracluster-serncerfuorz,Amazon Relational Database Service,dayhoff
2026-06-03T00:00:00Z,2026-06-04T00:00:00Z,True,0.0604075274,arn:aws:rds:us-west-2:108782052779:cluster:cluster-4lrvijmaljrxw3emlp7ao4tioe,Amazon Relational Database Service,unallocated
2026-06-03T00:00:00Z,2026-06-04T00:00:00Z,True,0.0678318378,arn:aws:rds:us-west-2:108782052779:cluster:cluster-aa24mjp2wjnsfofgxghaxwhvku,Amazon Relational Database Service,unallocated
2026-06-03T00:00:00Z,2026-06-04T00:00:00Z,True,0.0587829264,arn:aws:rds:us-west-2:108782052779:cluster:cluster-axxvxcfqcs53p4uqziwtcjft7m,Amazon Relational Database Service,unallocated
2026-06-03T00:00:00Z,2026-06-04T00:00:00Z,True,0.0590126432,arn:aws:rds:us-west-2:108782052779:cluster:cluster-f5lzubv26w3xt5cgdvgfoyhjei,Amazon Relational Database Service,unallocated
2026-06-03T00:00:00Z,2026-06-04T00:00:00Z,True,0.0021525342,arn:aws:rds:us-west-2:108782052779:cluster:cluster-o6yhev2r7ksumoenusvgvwrrae,Amazon Relational Database Service,unallocated
2026-06-03T00:00:00Z,2026-06-04T00:00:00Z,True,0.0004784544,arn:aws:rds:us-west-2:108782052779:cluster:cluster-rit4q5trwzhy6wvk7wvbpfmqam,Amazon Relational Database Service,unallocated
2026-06-03T00:00:00Z,2026-06-04T00:00:00Z,True,0.4606666656,arn:aws:rds:us-west-2:108782052779:db:aquarium-dev-db,Amazon Relational Database Service,aquarium
2026-06-03T00:00:00Z,2026-06-04T00:00:00Z,True,6.96,arn:aws:rds:us-west-2:108782052779:db:dayhoff-dr-drill-20260521-instance-1,Amazon Relational Database Service,dayhoff
2026-06-03T00:00:00Z,2026-06-04T00:00:00Z,True,6.96,arn:aws:rds:us-west-2:108782052779:db:dayhoff-dr-drill-20260521-reader-api,Amazon Relational Database Service,dayhoff
2026-06-03T00:00:00Z,2026-06-04T00:00:00Z,True,6.96,arn:aws:rds:us-west-2:108782052779:db:dayhoff-dr-drill-20260521-reader-ha,Amazon Relational Database Service,dayhoff
2026-06-03T00:00:00Z,2026-06-04T00:00:00Z,True,6.624,arn:aws:rds:us-west-2:108782052779:db:dayhoff-lsmcok1-tapdb-writer,Amazon Relational Database Service,dayhoff
2026-06-03T00:00:00Z,2026-06-04T00:00:00Z,True,17.232,arn:aws:rds:us-west-2:108782052779:db:dayhoff-lsmcq7-tapdb-reader-api,Amazon Relational Database Service,dayhoff
2026-06-03T00:00:00Z,2026-06-04T00:00:00Z,True,17.232,arn:aws:rds:us-west-2:108782052779:db:dayhoff-lsmcq7-tapdb-reader-ha,Amazon Relational Database Service,dayhoff
2026-06-03T00:00:00Z,2026-06-04T00:00:00Z,True,34.464,arn:aws:rds:us-west-2:108782052779:db:dayhoff-lsmcq7-tapdb-writer,Amazon Relational Database Service,dayhoff
2026-06-03T00:00:00Z,2026-06-04T00:00:00Z,True,6.24,arn:aws:rds:us-west-2:108782052779:db:dev-writer,Amazon Relational Database Service,dayhoff
2026-06-03T00:00:00Z,2026-06-04T00:00:00Z,True,2.3266666656,arn:aws:rds:us-west-2:108782052779:db:dr-drill-standalone-20260521,Amazon Relational Database Service,unallocated
2026-06-03T00:00:00Z,2026-06-04T00:00:00Z,True,7.6802444445,arn:aws:rds:us-west-2:108782052779:db:labcore-dev-instance-1,Amazon Relational Database Service,dayhoff
2026-06-03T00:00:00Z,2026-06-04T00:00:00Z,True,1.752,arn:aws:rds:us-west-2:108782052779:db:staging-writer,Amazon Relational Database Service,dayhoff
2026-06-03T00:00:00Z,2026-06-04T00:00:00Z,True,0.4606666656,arn:aws:rds:us-west-2:108782052779:db:terrarium-dev-db,Amazon Relational Database Service,terrarium
2026-06-03T00:00:00Z,2026-06-04T00:00:00Z,True,0.4606666656,arn:aws:rds:us-west-2:108782052779:db:terrarium-prod-db,Amazon Relational Database Service,terrarium
2026-06-04T00:00:00Z,2026-06-05T00:00:00Z,True,9.33384e-05,arn:aws:rds:us-east-1:108782052779:cluster-snapshot:dayhoff-dr-drill-use1-20260522-snap,Amazon Relational Database Service,dayhoff
2026-06-04T00:00:00Z,2026-06-05T00:00:00Z,True,4.35408e-05,arn:aws:rds:us-east-1:108782052779:cluster-snapshot:dayhoff-inx-inf5-precleanup-20260528t174313z,Amazon Relational Database Service,dayhoff
2026-06-04T00:00:00Z,2026-06-05T00:00:00Z,True,3.44784e-05,arn:aws:rds:us-east-1:108782052779:cluster-snapshot:marvain-john-major-dev-snapshot-auroracluster-ctvfy1tkxd1i,Amazon Relational Database Service,dayhoff
2026-06-04T00:00:00Z,2026-06-05T00:00:00Z,True,0.1545915161,arn:aws:rds:us-east-1:108782052779:cluster:cluster-bhclwskm5mcqb7l7keks2bcha4,Amazon Relational Database Service,unallocated
2026-06-04T00:00:00Z,2026-06-05T00:00:00Z,True,0.0609553652,arn:aws:rds:us-east-1:108782052779:cluster:cluster-kym7xbonz4xygugh5dp33j3dci,Amazon Relational Database Service,unallocated
2026-06-04T00:00:00Z,2026-06-05T00:00:00Z,True,0.0602502304,arn:aws:rds:us-east-1:108782052779:cluster:cluster-pqpacrqo2fxszto7u4maw3velu,Amazon Relational Database Service,unallocated
2026-06-04T00:00:00Z,2026-06-05T00:00:00Z,True,6.24,arn:aws:rds:us-east-1:108782052779:db:auruse1-writer,Amazon Relational Database Service,dayhoff
2026-06-04T00:00:00Z,2026-06-05T00:00:00Z,True,6.96,arn:aws:rds:us-east-1:108782052779:db:dayhoff-dr-drill-use1-20260522-instance-1,Amazon Relational Database Service,dayhoff
2026-06-04T00:00:00Z,2026-06-05T00:00:00Z,True,6.96,arn:aws:rds:us-east-1:108782052779:db:dayhoff-dr-drill-use1-20260522-reader-api,Amazon Relational Database Service,dayhoff
2026-06-04T00:00:00Z,2026-06-05T00:00:00Z,True,6.96,arn:aws:rds:us-east-1:108782052779:db:dayhoff-dr-drill-use1-20260522-reader-ha,Amazon Relational Database Service,dayhoff
2026-06-04T00:00:00Z,2026-06-05T00:00:00Z,True,1.752,arn:aws:rds:us-east-1:108782052779:db:dev-writer,Amazon Relational Database Service,dayhoff
2026-06-04T00:00:00Z,2026-06-05T00:00:00Z,True,1.6366666656,arn:aws:rds:us-east-1:108782052779:db:dr-drill-standalone-use1-20260526,Amazon Relational Database Service,unallocated
2026-06-04T00:00:00Z,2026-06-05T00:00:00Z,True,4.27647e-05,arn:aws:rds:us-west-2:108782052779:cluster-snapshot:backup-recovery-east1,Amazon Relational Database Service,unallocated
2026-06-04T00:00:00Z,2026-06-05T00:00:00Z,True,2.85936e-05,arn:aws:rds:us-west-2:108782052779:cluster-snapshot:labcoredb-final-snapshot,Amazon Relational Database Service,unallocated
2026-06-04T00:00:00Z,2026-06-05T00:00:00Z,True,0.0,arn:aws:rds:us-west-2:108782052779:cluster-snapshot:tapdb-dev-snapshot-auroracluster-9vwkztxfug25,Amazon Relational Database Service,dayhoff
2026-06-04T00:00:00Z,2026-06-05T00:00:00Z,True,0.0,arn:aws:rds:us-west-2:108782052779:cluster-snapshot:tapdb-dev-snapshot-auroracluster-elgxviyi30sp,Amazon Relational Database Service,dayhoff
2026-06-04T00:00:00Z,2026-06-05T00:00:00Z,True,0.0,arn:aws:rds:us-west-2:108782052779:cluster-snapshot:tapdb-dev-snapshot-auroracluster-serncerfuorz,Amazon Relational Database Service,dayhoff
2026-06-04T00:00:00Z,2026-06-05T00:00:00Z,True,0.0599830056,arn:aws:rds:us-west-2:108782052779:cluster:cluster-4lrvijmaljrxw3emlp7ao4tioe,Amazon Relational Database Service,unallocated
2026-06-04T00:00:00Z,2026-06-05T00:00:00Z,True,0.0666142227,arn:aws:rds:us-west-2:108782052779:cluster:cluster-aa24mjp2wjnsfofgxghaxwhvku,Amazon Relational Database Service,unallocated
2026-06-04T00:00:00Z,2026-06-05T00:00:00Z,True,0.06382538,arn:aws:rds:us-west-2:108782052779:cluster:cluster-axxvxcfqcs53p4uqziwtcjft7m,Amazon Relational Database Service,unallocated
2026-06-04T00:00:00Z,2026-06-05T00:00:00Z,True,0.0594652432,arn:aws:rds:us-west-2:108782052779:cluster:cluster-f5lzubv26w3xt5cgdvgfoyhjei,Amazon Relational Database Service,unallocated
2026-06-04T00:00:00Z,2026-06-05T00:00:00Z,True,0.0021468563,arn:aws:rds:us-west-2:108782052779:cluster:cluster-o6yhev2r7ksumoenusvgvwrrae,Amazon Relational Database Service,unallocated
2026-06-04T00:00:00Z,2026-06-05T00:00:00Z,True,0.0004784544,arn:aws:rds:us-west-2:108782052779:cluster:cluster-rit4q5trwzhy6wvk7wvbpfmqam,Amazon Relational Database Service,unallocated
2026-06-04T00:00:00Z,2026-06-05T00:00:00Z,True,0.4606666656,arn:aws:rds:us-west-2:108782052779:db:aquarium-dev-db,Amazon Relational Database Service,aquarium
2026-06-04T00:00:00Z,2026-06-05T00:00:00Z,True,6.96,arn:aws:rds:us-west-2:108782052779:db:dayhoff-dr-drill-20260521-instance-1,Amazon Relational Database Service,dayhoff
2026-06-04T00:00:00Z,2026-06-05T00:00:00Z,True,6.96,arn:aws:rds:us-west-2:108782052779:db:dayhoff-dr-drill-20260521-reader-api,Amazon Relational Database Service,dayhoff
2026-06-04T00:00:00Z,2026-06-05T00:00:00Z,True,6.96,arn:aws:rds:us-west-2:108782052779:db:dayhoff-dr-drill-20260521-reader-ha,Amazon Relational Database Service,dayhoff
2026-06-04T00:00:00Z,2026-06-05T00:00:00Z,True,6.624,arn:aws:rds:us-west-2:108782052779:db:dayhoff-lsmcok1-tapdb-writer,Amazon Relational Database Service,dayhoff
2026-06-04T00:00:00Z,2026-06-05T00:00:00Z,True,17.232,arn:aws:rds:us-west-2:108782052779:db:dayhoff-lsmcq7-tapdb-reader-api,Amazon Relational Database Service,dayhoff
2026-06-04T00:00:00Z,2026-06-05T00:00:00Z,True,17.232,arn:aws:rds:us-west-2:108782052779:db:dayhoff-lsmcq7-tapdb-reader-ha,Amazon Relational Database Service,dayhoff
2026-06-04T00:00:00Z,2026-06-05T00:00:00Z,True,34.464,arn:aws:rds:us-west-2:108782052779:db:dayhoff-lsmcq7-tapdb-writer,Amazon Relational Database Service,dayhoff
2026-06-04T00:00:00Z,2026-06-05T00:00:00Z,True,6.24,arn:aws:rds:us-west-2:108782052779:db:dev-writer,Amazon Relational Database Service,dayhoff
2026-06-04T00:00:00Z,2026-06-05T00:00:00Z,True,2.3266666656,arn:aws:rds:us-west-2:108782052779:db:dr-drill-standalone-20260521,Amazon Relational Database Service,unallocated
2026-06-04T00:00:00Z,2026-06-05T00:00:00Z,True,7.6802222222,arn:aws:rds:us-west-2:108782052779:db:labcore-dev-instance-1,Amazon Relational Database Service,dayhoff
2026-06-04T00:00:00Z,2026-06-05T00:00:00Z,True,1.752,arn:aws:rds:us-west-2:108782052779:db:staging-writer,Amazon Relational Database Service,dayhoff
2026-06-04T00:00:00Z,2026-06-05T00:00:00Z,True,0.4606666656,arn:aws:rds:us-west-2:108782052779:db:terrarium-dev-db,Amazon Relational Database Service,terrarium
2026-06-04T00:00:00Z,2026-06-05T00:00:00Z,True,0.4606666656,arn:aws:rds:us-west-2:108782052779:db:terrarium-prod-db,Amazon Relational Database Service,terrarium
2026-06-05T00:00:00Z,2026-06-06T00:00:00Z,True,9.33384e-05,arn:aws:rds:us-east-1:108782052779:cluster-snapshot:dayhoff-dr-drill-use1-20260522-snap,Amazon Relational Database Service,dayhoff
2026-06-05T00:00:00Z,2026-06-06T00:00:00Z,True,4.35408e-05,arn:aws:rds:us-east-1:108782052779:cluster-snapshot:dayhoff-inx-inf5-precleanup-20260528t174313z,Amazon Relational Database Service,dayhoff
2026-06-05T00:00:00Z,2026-06-06T00:00:00Z,True,3.44784e-05,arn:aws:rds:us-east-1:108782052779:cluster-snapshot:marvain-john-major-dev-snapshot-auroracluster-ctvfy1tkxd1i,Amazon Relational Database Service,dayhoff
2026-06-05T00:00:00Z,2026-06-06T00:00:00Z,True,0.0584572256,arn:aws:rds:us-east-1:108782052779:cluster:cluster-bhclwskm5mcqb7l7keks2bcha4,Amazon Relational Database Service,unallocated
2026-06-05T00:00:00Z,2026-06-06T00:00:00Z,True,0.060573587,arn:aws:rds:us-east-1:108782052779:cluster:cluster-kym7xbonz4xygugh5dp33j3dci,Amazon Relational Database Service,unallocated
2026-06-05T00:00:00Z,2026-06-06T00:00:00Z,True,0.0623932304,arn:aws:rds:us-east-1:108782052779:cluster:cluster-pqpacrqo2fxszto7u4maw3velu,Amazon Relational Database Service,unallocated
2026-06-05T00:00:00Z,2026-06-06T00:00:00Z,True,6.24,arn:aws:rds:us-east-1:108782052779:db:auruse1-writer,Amazon Relational Database Service,dayhoff
2026-06-05T00:00:00Z,2026-06-06T00:00:00Z,True,6.96,arn:aws:rds:us-east-1:108782052779:db:dayhoff-dr-drill-use1-20260522-instance-1,Amazon Relational Database Service,dayhoff
2026-06-05T00:00:00Z,2026-06-06T00:00:00Z,True,6.96,arn:aws:rds:us-east-1:108782052779:db:dayhoff-dr-drill-use1-20260522-reader-api,Amazon Relational Database Service,dayhoff
2026-06-05T00:00:00Z,2026-06-06T00:00:00Z,True,6.96,arn:aws:rds:us-east-1:108782052779:db:dayhoff-dr-drill-use1-20260522-reader-ha,Amazon Relational Database Service,dayhoff
2026-06-05T00:00:00Z,2026-06-06T00:00:00Z,True,0.1097941807,arn:aws:rds:us-east-1:108782052779:db:dayhoff-josh-dev-data-postgres9dc8bb04-3uhshdelezxt,Amazon Relational Database Service,dayhoff
2026-06-05T00:00:00Z,2026-06-06T00:00:00Z,True,1.752,arn:aws:rds:us-east-1:108782052779:db:dev-writer,Amazon Relational Database Service,dayhoff
2026-06-05T00:00:00Z,2026-06-06T00:00:00Z,True,1.6366666656,arn:aws:rds:us-east-1:108782052779:db:dr-drill-standalone-use1-20260526,Amazon Relational Database Service,unallocated
2026-06-05T00:00:00Z,2026-06-06T00:00:00Z,True,9.33048e-05,arn:aws:rds:us-west-2:108782052779:cluster-snapshot:backup-recovery-east1,Amazon Relational Database Service,unallocated
2026-06-05T00:00:00Z,2026-06-06T00:00:00Z,True,2.85936e-05,arn:aws:rds:us-west-2:108782052779:cluster-snapshot:labcoredb-final-snapshot,Amazon Relational Database Service,unallocated
2026-06-05T00:00:00Z,2026-06-06T00:00:00Z,True,0.0,arn:aws:rds:us-west-2:108782052779:cluster-snapshot:tapdb-dev-snapshot-auroracluster-9vwkztxfug25,Amazon Relational Database Service,dayhoff
2026-06-05T00:00:00Z,2026-06-06T00:00:00Z,True,0.0,arn:aws:rds:us-west-2:108782052779:cluster-snapshot:tapdb-dev-snapshot-auroracluster-elgxviyi30sp,Amazon Relational Database Service,dayhoff
2026-06-05T00:00:00Z,2026-06-06T00:00:00Z,True,0.0,arn:aws:rds:us-west-2:108782052779:cluster-snapshot:tapdb-dev-snapshot-auroracluster-serncerfuorz,Amazon Relational Database Service,dayhoff
2026-06-05T00:00:00Z,2026-06-06T00:00:00Z,True,0.0593382984,arn:aws:rds:us-west-2:108782052779:cluster:cluster-4lrvijmaljrxw3emlp7ao4tioe,Amazon Relational Database Service,unallocated
2026-06-05T00:00:00Z,2026-06-06T00:00:00Z,True,0.0695347875,arn:aws:rds:us-west-2:108782052779:cluster:cluster-aa24mjp2wjnsfofgxghaxwhvku,Amazon Relational Database Service,unallocated
2026-06-05T00:00:00Z,2026-06-06T00:00:00Z,True,0.0600700398,arn:aws:rds:us-west-2:108782052779:cluster:cluster-axxvxcfqcs53p4uqziwtcjft7m,Amazon Relational Database Service,unallocated
2026-06-05T00:00:00Z,2026-06-06T00:00:00Z,True,0.0658688432,arn:aws:rds:us-west-2:108782052779:cluster:cluster-f5lzubv26w3xt5cgdvgfoyhjei,Amazon Relational Database Service,unallocated
2026-06-05T00:00:00Z,2026-06-06T00:00:00Z,True,0.0021429824,arn:aws:rds:us-west-2:108782052779:cluster:cluster-o6yhev2r7ksumoenusvgvwrrae,Amazon Relational Database Service,unallocated
2026-06-05T00:00:00Z,2026-06-06T00:00:00Z,True,0.0004784544,arn:aws:rds:us-west-2:108782052779:cluster:cluster-rit4q5trwzhy6wvk7wvbpfmqam,Amazon Relational Database Service,unallocated
2026-06-05T00:00:00Z,2026-06-06T00:00:00Z,True,0.4606666656,arn:aws:rds:us-west-2:108782052779:db:aquarium-dev-db,Amazon Relational Database Service,aquarium
2026-06-05T00:00:00Z,2026-06-06T00:00:00Z,True,6.96,arn:aws:rds:us-west-2:108782052779:db:dayhoff-dr-drill-20260521-instance-1,Amazon Relational Database Service,dayhoff
2026-06-05T00:00:00Z,2026-06-06T00:00:00Z,True,6.96,arn:aws:rds:us-west-2:108782052779:db:dayhoff-dr-drill-20260521-reader-api,Amazon Relational Database Service,dayhoff
2026-06-05T00:00:00Z,2026-06-06T00:00:00Z,True,6.96,arn:aws:rds:us-west-2:108782052779:db:dayhoff-dr-drill-20260521-reader-ha,Amazon Relational Database Service,dayhoff
2026-06-05T00:00:00Z,2026-06-06T00:00:00Z,True,6.624,arn:aws:rds:us-west-2:108782052779:db:dayhoff-lsmcok1-tapdb-writer,Amazon Relational Database Service,dayhoff
2026-06-05T00:00:00Z,2026-06-06T00:00:00Z,True,17.232,arn:aws:rds:us-west-2:108782052779:db:dayhoff-lsmcq7-tapdb-reader-api,Amazon Relational Database Service,dayhoff
2026-06-05T00:00:00Z,2026-06-06T00:00:00Z,True,17.232,arn:aws:rds:us-west-2:108782052779:db:dayhoff-lsmcq7-tapdb-reader-ha,Amazon Relational Database Service,dayhoff
2026-06-05T00:00:00Z,2026-06-06T00:00:00Z,True,34.464,arn:aws:rds:us-west-2:108782052779:db:dayhoff-lsmcq7-tapdb-writer,Amazon Relational Database Service,dayhoff
2026-06-05T00:00:00Z,2026-06-06T00:00:00Z,True,6.24,arn:aws:rds:us-west-2:108782052779:db:dev-writer,Amazon Relational Database Service,dayhoff
2026-06-05T00:00:00Z,2026-06-06T00:00:00Z,True,2.3266666656,arn:aws:rds:us-west-2:108782052779:db:dr-drill-standalone-20260521,Amazon Relational Database Service,unallocated
2026-06-05T00:00:00Z,2026-06-06T00:00:00Z,True,7.6803333334,arn:aws:rds:us-west-2:108782052779:db:labcore-dev-instance-1,Amazon Relational Database Service,dayhoff
2026-06-05T00:00:00Z,2026-06-06T00:00:00Z,True,1.752,arn:aws:rds:us-west-2:108782052779:db:staging-writer,Amazon Relational Database Service,dayhoff
2026-06-05T00:00:00Z,2026-06-06T00:00:00Z,True,0.4606666656,arn:aws:rds:us-west-2:108782052779:db:terrarium-dev-db,Amazon Relational Database Service,terrarium
2026-06-05T00:00:00Z,2026-06-06T00:00:00Z,True,0.4606666656,arn:aws:rds:us-west-2:108782052779:db:terrarium-prod-db,Amazon Relational Database Service,terrarium
2026-06-06T00:00:00Z,2026-06-07T00:00:00Z,True,9.33384e-05,arn:aws:rds:us-east-1:108782052779:cluster-snapshot:dayhoff-dr-drill-use1-20260522-snap,Amazon Relational Database Service,dayhoff
2026-06-06T00:00:00Z,2026-06-07T00:00:00Z,True,4.35408e-05,arn:aws:rds:us-east-1:108782052779:cluster-snapshot:dayhoff-inx-inf5-precleanup-20260528t174313z,Amazon Relational Database Service,dayhoff
2026-06-06T00:00:00Z,2026-06-07T00:00:00Z,True,3.44784e-05,arn:aws:rds:us-east-1:108782052779:cluster-snapshot:marvain-john-major-dev-snapshot-auroracluster-ctvfy1tkxd1i,Amazon Relational Database Service,dayhoff
2026-06-06T00:00:00Z,2026-06-07T00:00:00Z,True,0.0772443379,arn:aws:rds:us-east-1:108782052779:cluster:cluster-bhclwskm5mcqb7l7keks2bcha4,Amazon Relational Database Service,unallocated
2026-06-06T00:00:00Z,2026-06-07T00:00:00Z,True,0.0619478252,arn:aws:rds:us-east-1:108782052779:cluster:cluster-kym7xbonz4xygugh5dp33j3dci,Amazon Relational Database Service,unallocated
2026-06-06T00:00:00Z,2026-06-07T00:00:00Z,True,0.0612596304,arn:aws:rds:us-east-1:108782052779:cluster:cluster-pqpacrqo2fxszto7u4maw3velu,Amazon Relational Database Service,unallocated
2026-06-06T00:00:00Z,2026-06-07T00:00:00Z,True,6.24,arn:aws:rds:us-east-1:108782052779:db:auruse1-writer,Amazon Relational Database Service,dayhoff
2026-06-06T00:00:00Z,2026-06-07T00:00:00Z,True,6.96,arn:aws:rds:us-east-1:108782052779:db:dayhoff-dr-drill-use1-20260522-instance-1,Amazon Relational Database Service,dayhoff
2026-06-06T00:00:00Z,2026-06-07T00:00:00Z,True,6.96,arn:aws:rds:us-east-1:108782052779:db:dayhoff-dr-drill-use1-20260522-reader-api,Amazon Relational Database Service,dayhoff
2026-06-06T00:00:00Z,2026-06-07T00:00:00Z,True,6.96,arn:aws:rds:us-east-1:108782052779:db:dayhoff-dr-drill-use1-20260522-reader-ha,Amazon Relational Database Service,dayhoff
2026-06-06T00:00:00Z,2026-06-07T00:00:00Z,True,0.0866281862,arn:aws:rds:us-east-1:108782052779:db:dayhoff-josh-dev-data-postgres9dc8bb04-3uhshdelezxt,Amazon Relational Database Service,dayhoff
2026-06-06T00:00:00Z,2026-06-07T00:00:00Z,True,1.752,arn:aws:rds:us-east-1:108782052779:db:dev-writer,Amazon Relational Database Service,dayhoff
2026-06-06T00:00:00Z,2026-06-07T00:00:00Z,True,1.6366666656,arn:aws:rds:us-east-1:108782052779:db:dr-drill-standalone-use1-20260526,Amazon Relational Database Service,unallocated
2026-06-06T00:00:00Z,2026-06-07T00:00:00Z,True,9.33048e-05,arn:aws:rds:us-west-2:108782052779:cluster-snapshot:backup-recovery-east1,Amazon Relational Database Service,unallocated
2026-06-06T00:00:00Z,2026-06-07T00:00:00Z,True,2.85936e-05,arn:aws:rds:us-west-2:108782052779:cluster-snapshot:labcoredb-final-snapshot,Amazon Relational Database Service,unallocated
2026-06-06T00:00:00Z,2026-06-07T00:00:00Z,True,0.0,arn:aws:rds:us-west-2:108782052779:cluster-snapshot:tapdb-dev-snapshot-auroracluster-9vwkztxfug25,Amazon Relational Database Service,dayhoff
2026-06-06T00:00:00Z,2026-06-07T00:00:00Z,True,0.0,arn:aws:rds:us-west-2:108782052779:cluster-snapshot:tapdb-dev-snapshot-auroracluster-elgxviyi30sp,Amazon Relational Database Service,dayhoff
2026-06-06T00:00:00Z,2026-06-07T00:00:00Z,True,0.0,arn:aws:rds:us-west-2:108782052779:cluster-snapshot:tapdb-dev-snapshot-auroracluster-serncerfuorz,Amazon Relational Database Service,dayhoff
2026-06-06T00:00:00Z,2026-06-07T00:00:00Z,True,0.0605442128,arn:aws:rds:us-west-2:108782052779:cluster:cluster-4lrvijmaljrxw3emlp7ao4tioe,Amazon Relational Database Service,unallocated
2026-06-06T00:00:00Z,2026-06-07T00:00:00Z,True,0.0614758186,arn:aws:rds:us-west-2:108782052779:cluster:cluster-aa24mjp2wjnsfofgxghaxwhvku,Amazon Relational Database Service,unallocated
2026-06-06T00:00:00Z,2026-06-07T00:00:00Z,True,0.0591462099,arn:aws:rds:us-west-2:108782052779:cluster:cluster-axxvxcfqcs53p4uqziwtcjft7m,Amazon Relational Database Service,unallocated
2026-06-06T00:00:00Z,2026-06-07T00:00:00Z,True,0.0592786432,arn:aws:rds:us-west-2:108782052779:cluster:cluster-f5lzubv26w3xt5cgdvgfoyhjei,Amazon Relational Database Service,unallocated
2026-06-06T00:00:00Z,2026-06-07T00:00:00Z,True,0.0021368311,arn:aws:rds:us-west-2:108782052779:cluster:cluster-o6yhev2r7ksumoenusvgvwrrae,Amazon Relational Database Service,unallocated
2026-06-06T00:00:00Z,2026-06-07T00:00:00Z,True,0.0004784544,arn:aws:rds:us-west-2:108782052779:cluster:cluster-rit4q5trwzhy6wvk7wvbpfmqam,Amazon Relational Database Service,unallocated
2026-06-06T00:00:00Z,2026-06-07T00:00:00Z,True,0.4606666656,arn:aws:rds:us-west-2:108782052779:db:aquarium-dev-db,Amazon Relational Database Service,aquarium
2026-06-06T00:00:00Z,2026-06-07T00:00:00Z,True,6.96,arn:aws:rds:us-west-2:108782052779:db:dayhoff-dr-drill-20260521-instance-1,Amazon Relational Database Service,dayhoff
2026-06-06T00:00:00Z,2026-06-07T00:00:00Z,True,6.96,arn:aws:rds:us-west-2:108782052779:db:dayhoff-dr-drill-20260521-reader-api,Amazon Relational Database Service,dayhoff
2026-06-06T00:00:00Z,2026-06-07T00:00:00Z,True,6.96,arn:aws:rds:us-west-2:108782052779:db:dayhoff-dr-drill-20260521-reader-ha,Amazon Relational Database Service,dayhoff
2026-06-06T00:00:00Z,2026-06-07T00:00:00Z,True,6.624,arn:aws:rds:us-west-2:108782052779:db:dayhoff-lsmcok1-tapdb-writer,Amazon Relational Database Service,dayhoff
2026-06-06T00:00:00Z,2026-06-07T00:00:00Z,True,17.232,arn:aws:rds:us-west-2:108782052779:db:dayhoff-lsmcq7-tapdb-reader-api,Amazon Relational Database Service,dayhoff
2026-06-06T00:00:00Z,2026-06-07T00:00:00Z,True,17.232,arn:aws:rds:us-west-2:108782052779:db:dayhoff-lsmcq7-tapdb-reader-ha,Amazon Relational Database Service,dayhoff
2026-06-06T00:00:00Z,2026-06-07T00:00:00Z,True,34.464,arn:aws:rds:us-west-2:108782052779:db:dayhoff-lsmcq7-tapdb-writer,Amazon Relational Database Service,dayhoff
2026-06-06T00:00:00Z,2026-06-07T00:00:00Z,True,6.24,arn:aws:rds:us-west-2:108782052779:db:dev-writer,Amazon Relational Database Service,dayhoff
2026-06-06T00:00:00Z,2026-06-07T00:00:00Z,True,2.3266666656,arn:aws:rds:us-west-2:108782052779:db:dr-drill-standalone-20260521,Amazon Relational Database Service,unallocated
2026-06-06T00:00:00Z,2026-06-07T00:00:00Z,True,7.6802666667,arn:aws:rds:us-west-2:108782052779:db:labcore-dev-instance-1,Amazon Relational Database Service,dayhoff
2026-06-06T00:00:00Z,2026-06-07T00:00:00Z,True,1.752,arn:aws:rds:us-west-2:108782052779:db:staging-writer,Amazon Relational Database Service,dayhoff
2026-06-06T00:00:00Z,2026-06-07T00:00:00Z,True,0.4606666656,arn:aws:rds:us-west-2:108782052779:db:terrarium-dev-db,Amazon Relational Database Service,terrarium
2026-06-06T00:00:00Z,2026-06-07T00:00:00Z,True,0.4606666656,arn:aws:rds:us-west-2:108782052779:db:terrarium-prod-db,Amazon Relational Database Service,terrarium
2026-06-07T00:00:00Z,2026-06-08T00:00:00Z,True,9.33384e-05,arn:aws:rds:us-east-1:108782052779:cluster-snapshot:dayhoff-dr-drill-use1-20260522-snap,Amazon Relational Database Service,dayhoff
2026-06-07T00:00:00Z,2026-06-08T00:00:00Z,True,4.35408e-05,arn:aws:rds:us-east-1:108782052779:cluster-snapshot:dayhoff-inx-inf5-precleanup-20260528t174313z,Amazon Relational Database Service,dayhoff
2026-06-07T00:00:00Z,2026-06-08T00:00:00Z,True,3.44784e-05,arn:aws:rds:us-east-1:108782052779:cluster-snapshot:marvain-john-major-dev-snapshot-auroracluster-ctvfy1tkxd1i,Amazon Relational Database Service,dayhoff
2026-06-07T00:00:00Z,2026-06-08T00:00:00Z,True,0.1813200319,arn:aws:rds:us-east-1:108782052779:cluster:cluster-bhclwskm5mcqb7l7keks2bcha4,Amazon Relational Database Service,unallocated
2026-06-07T00:00:00Z,2026-06-08T00:00:00Z,True,0.0583235256,arn:aws:rds:us-east-1:108782052779:cluster:cluster-kym7xbonz4xygugh5dp33j3dci,Amazon Relational Database Service,unallocated
2026-06-07T00:00:00Z,2026-06-08T00:00:00Z,True,0.0454206304,arn:aws:rds:us-east-1:108782052779:cluster:cluster-pqpacrqo2fxszto7u4maw3velu,Amazon Relational Database Service,unallocated
2026-06-07T00:00:00Z,2026-06-08T00:00:00Z,True,6.24,arn:aws:rds:us-east-1:108782052779:db:auruse1-writer,Amazon Relational Database Service,dayhoff
2026-06-07T00:00:00Z,2026-06-08T00:00:00Z,True,6.96,arn:aws:rds:us-east-1:108782052779:db:dayhoff-dr-drill-use1-20260522-instance-1,Amazon Relational Database Service,dayhoff
2026-06-07T00:00:00Z,2026-06-08T00:00:00Z,True,6.96,arn:aws:rds:us-east-1:108782052779:db:dayhoff-dr-drill-use1-20260522-reader-api,Amazon Relational Database Service,dayhoff
2026-06-07T00:00:00Z,2026-06-08T00:00:00Z,True,6.96,arn:aws:rds:us-east-1:108782052779:db:dayhoff-dr-drill-use1-20260522-reader-ha,Amazon Relational Database Service,dayhoff
2026-06-07T00:00:00Z,2026-06-08T00:00:00Z,True,0.0004829373,arn:aws:rds:us-east-1:108782052779:db:dayhoff-josh-dev-data-postgres9dc8bb04-3uhshdelezxt,Amazon Relational Database Service,dayhoff
2026-06-07T00:00:00Z,2026-06-08T00:00:00Z,True,1.752,arn:aws:rds:us-east-1:108782052779:db:dev-writer,Amazon Relational Database Service,dayhoff
2026-06-07T00:00:00Z,2026-06-08T00:00:00Z,True,1.6405179873,arn:aws:rds:us-east-1:108782052779:db:dr-drill-standalone-use1-20260526,Amazon Relational Database Service,unallocated
2026-06-07T00:00:00Z,2026-06-08T00:00:00Z,True,9.33048e-05,arn:aws:rds:us-west-2:108782052779:cluster-snapshot:backup-recovery-east1,Amazon Relational Database Service,unallocated
2026-06-07T00:00:00Z,2026-06-08T00:00:00Z,True,2.85936e-05,arn:aws:rds:us-west-2:108782052779:cluster-snapshot:labcoredb-final-snapshot,Amazon Relational Database Service,unallocated
2026-06-07T00:00:00Z,2026-06-08T00:00:00Z,True,0.0,arn:aws:rds:us-west-2:108782052779:cluster-snapshot:tapdb-dev-snapshot-auroracluster-9vwkztxfug25,Amazon Relational Database Service,dayhoff
2026-06-07T00:00:00Z,2026-06-08T00:00:00Z,True,0.0,arn:aws:rds:us-west-2:108782052779:cluster-snapshot:tapdb-dev-snapshot-auroracluster-elgxviyi30sp,Amazon Relational Database Service,dayhoff
2026-06-07T00:00:00Z,2026-06-08T00:00:00Z,True,0.0,arn:aws:rds:us-west-2:108782052779:cluster-snapshot:tapdb-dev-snapshot-auroracluster-serncerfuorz,Amazon Relational Database Service,dayhoff
2026-06-07T00:00:00Z,2026-06-08T00:00:00Z,True,0.0667407653,arn:aws:rds:us-west-2:108782052779:cluster:cluster-4lrvijmaljrxw3emlp7ao4tioe,Amazon Relational Database Service,unallocated
2026-06-07T00:00:00Z,2026-06-08T00:00:00Z,True,0.0624005183,arn:aws:rds:us-west-2:108782052779:cluster:cluster-aa24mjp2wjnsfofgxghaxwhvku,Amazon Relational Database Service,unallocated
2026-06-07T00:00:00Z,2026-06-08T00:00:00Z,True,0.0625073264,arn:aws:rds:us-west-2:108782052779:cluster:cluster-axxvxcfqcs53p4uqziwtcjft7m,Amazon Relational Database Service,unallocated
2026-06-07T00:00:00Z,2026-06-08T00:00:00Z,True,0.0582004432,arn:aws:rds:us-west-2:108782052779:cluster:cluster-f5lzubv26w3xt5cgdvgfoyhjei,Amazon Relational Database Service,unallocated
2026-06-07T00:00:00Z,2026-06-08T00:00:00Z,True,0.0021309066,arn:aws:rds:us-west-2:108782052779:cluster:cluster-o6yhev2r7ksumoenusvgvwrrae,Amazon Relational Database Service,unallocated
2026-06-07T00:00:00Z,2026-06-08T00:00:00Z,True,0.0004784544,arn:aws:rds:us-west-2:108782052779:cluster:cluster-rit4q5trwzhy6wvk7wvbpfmqam,Amazon Relational Database Service,unallocated
2026-06-07T00:00:00Z,2026-06-08T00:00:00Z,True,0.4606666656,arn:aws:rds:us-west-2:108782052779:db:aquarium-dev-db,Amazon Relational Database Service,aquarium
2026-06-07T00:00:00Z,2026-06-08T00:00:00Z,True,6.96,arn:aws:rds:us-west-2:108782052779:db:dayhoff-dr-drill-20260521-instance-1,Amazon Relational Database Service,dayhoff
2026-06-07T00:00:00Z,2026-06-08T00:00:00Z,True,6.96,arn:aws:rds:us-west-2:108782052779:db:dayhoff-dr-drill-20260521-reader-api,Amazon Relational Database Service,dayhoff
2026-06-07T00:00:00Z,2026-06-08T00:00:00Z,True,6.9600005607,arn:aws:rds:us-west-2:108782052779:db:dayhoff-dr-drill-20260521-reader-ha,Amazon Relational Database Service,dayhoff
2026-06-07T00:00:00Z,2026-06-08T00:00:00Z,True,6.624,arn:aws:rds:us-west-2:108782052779:db:dayhoff-lsmcok1-tapdb-writer,Amazon Relational Database Service,dayhoff
2026-06-07T00:00:00Z,2026-06-08T00:00:00Z,True,17.232,arn:aws:rds:us-west-2:108782052779:db:dayhoff-lsmcq7-tapdb-reader-api,Amazon Relational Database Service,dayhoff
2026-06-07T00:00:00Z,2026-06-08T00:00:00Z,True,17.232,arn:aws:rds:us-west-2:108782052779:db:dayhoff-lsmcq7-tapdb-reader-ha,Amazon Relational Database Service,dayhoff
2026-06-07T00:00:00Z,2026-06-08T00:00:00Z,True,34.464,arn:aws:rds:us-west-2:108782052779:db:dayhoff-lsmcq7-tapdb-writer,Amazon Relational Database Service,dayhoff
2026-06-07T00:00:00Z,2026-06-08T00:00:00Z,True,6.24,arn:aws:rds:us-west-2:108782052779:db:dev-writer,Amazon Relational Database Service,dayhoff
2026-06-07T00:00:00Z,2026-06-08T00:00:00Z,True,2.3266666656,arn:aws:rds:us-west-2:108782052779:db:dr-drill-standalone-20260521,Amazon Relational Database Service,unallocated
2026-06-07T00:00:00Z,2026-06-08T00:00:00Z,True,7.6802888888,arn:aws:rds:us-west-2:108782052779:db:labcore-dev-instance-1,Amazon Relational Database Service,dayhoff
2026-06-07T00:00:00Z,2026-06-08T00:00:00Z,True,1.752,arn:aws:rds:us-west-2:108782052779:db:staging-writer,Amazon Relational Database Service,dayhoff
2026-06-07T00:00:00Z,2026-06-08T00:00:00Z,True,0.4606666656,arn:aws:rds:us-west-2:108782052779:db:terrarium-dev-db,Amazon Relational Database Service,terrarium
2026-06-07T00:00:00Z,2026-06-08T00:00:00Z,True,0.4606666656,arn:aws:rds:us-west-2:108782052779:db:terrarium-prod-db,Amazon Relational Database Service,terrarium
2026-06-08T00:00:00Z,2026-06-09T00:00:00Z,True,9.33384e-05,arn:aws:rds:us-east-1:108782052779:cluster-snapshot:dayhoff-dr-drill-use1-20260522-snap,Amazon Relational Database Service,dayhoff
2026-06-08T00:00:00Z,2026-06-09T00:00:00Z,True,4.35408e-05,arn:aws:rds:us-east-1:108782052779:cluster-snapshot:dayhoff-inx-inf5-precleanup-20260528t174313z,Amazon Relational Database Service,dayhoff
2026-06-08T00:00:00Z,2026-06-09T00:00:00Z,True,3.44784e-05,arn:aws:rds:us-east-1:108782052779:cluster-snapshot:marvain-john-major-dev-snapshot-auroracluster-ctvfy1tkxd1i,Amazon Relational Database Service,dayhoff
2026-06-08T00:00:00Z,2026-06-09T00:00:00Z,True,0.6214174134,arn:aws:rds:us-east-1:108782052779:cluster:cluster-bhclwskm5mcqb7l7keks2bcha4,Amazon Relational Database Service,unallocated
2026-06-08T00:00:00Z,2026-06-09T00:00:00Z,True,0.0596005752,arn:aws:rds:us-east-1:108782052779:cluster:cluster-kym7xbonz4xygugh5dp33j3dci,Amazon Relational Database Service,unallocated
2026-06-08T00:00:00Z,2026-06-09T00:00:00Z,True,0.0738066304,arn:aws:rds:us-east-1:108782052779:cluster:cluster-pqpacrqo2fxszto7u4maw3velu,Amazon Relational Database Service,unallocated
2026-06-08T00:00:00Z,2026-06-09T00:00:00Z,True,6.24,arn:aws:rds:us-east-1:108782052779:db:auruse1-writer,Amazon Relational Database Service,dayhoff
2026-06-08T00:00:00Z,2026-06-09T00:00:00Z,True,6.96,arn:aws:rds:us-east-1:108782052779:db:dayhoff-dr-drill-use1-20260522-instance-1,Amazon Relational Database Service,dayhoff
2026-06-08T00:00:00Z,2026-06-09T00:00:00Z,True,6.96,arn:aws:rds:us-east-1:108782052779:db:dayhoff-dr-drill-use1-20260522-reader-api,Amazon Relational Database Service,dayhoff
2026-06-08T00:00:00Z,2026-06-09T00:00:00Z,True,6.96,arn:aws:rds:us-east-1:108782052779:db:dayhoff-dr-drill-use1-20260522-reader-ha,Amazon Relational Database Service,dayhoff
2026-06-08T00:00:00Z,2026-06-09T00:00:00Z,True,1.752,arn:aws:rds:us-east-1:108782052779:db:dev-writer,Amazon Relational Database Service,dayhoff
2026-06-08T00:00:00Z,2026-06-09T00:00:00Z,True,1.6409177802,arn:aws:rds:us-east-1:108782052779:db:dr-drill-standalone-use1-20260526,Amazon Relational Database Service,unallocated
2026-06-08T00:00:00Z,2026-06-09T00:00:00Z,True,9.33048e-05,arn:aws:rds:us-west-2:108782052779:cluster-snapshot:backup-recovery-east1,Amazon Relational Database Service,unallocated
2026-06-08T00:00:00Z,2026-06-09T00:00:00Z,True,2.85936e-05,arn:aws:rds:us-west-2:108782052779:cluster-snapshot:labcoredb-final-snapshot,Amazon Relational Database Service,unallocated
2026-06-08T00:00:00Z,2026-06-09T00:00:00Z,True,0.0,arn:aws:rds:us-west-2:108782052779:cluster-snapshot:tapdb-dev-snapshot-auroracluster-9vwkztxfug25,Amazon Relational Database Service,dayhoff
2026-06-08T00:00:00Z,2026-06-09T00:00:00Z,True,0.0,arn:aws:rds:us-west-2:108782052779:cluster-snapshot:tapdb-dev-snapshot-auroracluster-elgxviyi30sp,Amazon Relational Database Service,dayhoff
2026-06-08T00:00:00Z,2026-06-09T00:00:00Z,True,0.0,arn:aws:rds:us-west-2:108782052779:cluster-snapshot:tapdb-dev-snapshot-auroracluster-serncerfuorz,Amazon Relational Database Service,dayhoff
2026-06-08T00:00:00Z,2026-06-09T00:00:00Z,True,0.0592132416,arn:aws:rds:us-west-2:108782052779:cluster:cluster-4lrvijmaljrxw3emlp7ao4tioe,Amazon Relational Database Service,unallocated
2026-06-08T00:00:00Z,2026-06-09T00:00:00Z,True,0.0658419035,arn:aws:rds:us-west-2:108782052779:cluster:cluster-aa24mjp2wjnsfofgxghaxwhvku,Amazon Relational Database Service,unallocated
2026-06-08T00:00:00Z,2026-06-09T00:00:00Z,True,0.0596104367,arn:aws:rds:us-west-2:108782052779:cluster:cluster-axxvxcfqcs53p4uqziwtcjft7m,Amazon Relational Database Service,unallocated
2026-06-08T00:00:00Z,2026-06-09T00:00:00Z,True,0.0579646432,arn:aws:rds:us-west-2:108782052779:cluster:cluster-f5lzubv26w3xt5cgdvgfoyhjei,Amazon Relational Database Service,unallocated
2026-06-08T00:00:00Z,2026-06-09T00:00:00Z,True,0.002126578,arn:aws:rds:us-west-2:108782052779:cluster:cluster-o6yhev2r7ksumoenusvgvwrrae,Amazon Relational Database Service,unallocated
2026-06-08T00:00:00Z,2026-06-09T00:00:00Z,True,0.0004784544,arn:aws:rds:us-west-2:108782052779:cluster:cluster-rit4q5trwzhy6wvk7wvbpfmqam,Amazon Relational Database Service,unallocated
2026-06-08T00:00:00Z,2026-06-09T00:00:00Z,True,0.4606718765,arn:aws:rds:us-west-2:108782052779:db:aquarium-dev-db,Amazon Relational Database Service,aquarium
2026-06-08T00:00:00Z,2026-06-09T00:00:00Z,True,6.9600026373,arn:aws:rds:us-west-2:108782052779:db:dayhoff-dr-drill-20260521-instance-1,Amazon Relational Database Service,dayhoff
2026-06-08T00:00:00Z,2026-06-09T00:00:00Z,True,6.9600028288,arn:aws:rds:us-west-2:108782052779:db:dayhoff-dr-drill-20260521-reader-api,Amazon Relational Database Service,dayhoff
2026-06-08T00:00:00Z,2026-06-09T00:00:00Z,True,6.9600028288,arn:aws:rds:us-west-2:108782052779:db:dayhoff-dr-drill-20260521-reader-ha,Amazon Relational Database Service,dayhoff
2026-06-08T00:00:00Z,2026-06-09T00:00:00Z,True,6.6240024336,arn:aws:rds:us-west-2:108782052779:db:dayhoff-lsmcok1-tapdb-writer,Amazon Relational Database Service,dayhoff
2026-06-08T00:00:00Z,2026-06-09T00:00:00Z,True,17.2320026121,arn:aws:rds:us-west-2:108782052779:db:dayhoff-lsmcq7-tapdb-reader-api,Amazon Relational Database Service,dayhoff
2026-06-08T00:00:00Z,2026-06-09T00:00:00Z,True,17.2320028861,arn:aws:rds:us-west-2:108782052779:db:dayhoff-lsmcq7-tapdb-reader-ha,Amazon Relational Database Service,dayhoff
2026-06-08T00:00:00Z,2026-06-09T00:00:00Z,True,34.46400502,arn:aws:rds:us-west-2:108782052779:db:dayhoff-lsmcq7-tapdb-writer,Amazon Relational Database Service,dayhoff
2026-06-08T00:00:00Z,2026-06-09T00:00:00Z,True,6.2400335917,arn:aws:rds:us-west-2:108782052779:db:dev-writer,Amazon Relational Database Service,dayhoff
2026-06-08T00:00:00Z,2026-06-09T00:00:00Z,True,2.3266712267,arn:aws:rds:us-west-2:108782052779:db:dr-drill-standalone-20260521,Amazon Relational Database Service,unallocated
2026-06-08T00:00:00Z,2026-06-09T00:00:00Z,True,7.680334484,arn:aws:rds:us-west-2:108782052779:db:labcore-dev-instance-1,Amazon Relational Database Service,dayhoff
2026-06-08T00:00:00Z,2026-06-09T00:00:00Z,True,1.7520336102,arn:aws:rds:us-west-2:108782052779:db:staging-writer,Amazon Relational Database Service,dayhoff
2026-06-08T00:00:00Z,2026-06-09T00:00:00Z,True,0.4606692776,arn:aws:rds:us-west-2:108782052779:db:terrarium-dev-db,Amazon Relational Database Service,terrarium
2026-06-08T00:00:00Z,2026-06-09T00:00:00Z,True,0.4606666656,arn:aws:rds:us-west-2:108782052779:db:terrarium-prod-db,Amazon Relational Database Service,terrarium
2026-06-09T00:00:00Z,2026-06-10T00:00:00Z,True,9.33384e-05,arn:aws:rds:us-east-1:108782052779:cluster-snapshot:dayhoff-dr-drill-use1-20260522-snap,Amazon Relational Database Service,dayhoff
2026-06-09T00:00:00Z,2026-06-10T00:00:00Z,True,4.35408e-05,arn:aws:rds:us-east-1:108782052779:cluster-snapshot:dayhoff-inx-inf5-precleanup-20260528t174313z,Amazon Relational Database Service,dayhoff
2026-06-09T00:00:00Z,2026-06-10T00:00:00Z,True,3.44784e-05,arn:aws:rds:us-east-1:108782052779:cluster-snapshot:marvain-john-major-dev-snapshot-auroracluster-ctvfy1tkxd1i,Amazon Relational Database Service,dayhoff
2026-06-09T00:00:00Z,2026-06-10T00:00:00Z,True,0.0884220714,arn:aws:rds:us-east-1:108782052779:cluster:cluster-bhclwskm5mcqb7l7keks2bcha4,Amazon Relational Database Service,unallocated
2026-06-09T00:00:00Z,2026-06-10T00:00:00Z,True,0.0582355504,arn:aws:rds:us-east-1:108782052779:cluster:cluster-kym7xbonz4xygugh5dp33j3dci,Amazon Relational Database Service,unallocated
2026-06-09T00:00:00Z,2026-06-10T00:00:00Z,True,0.0612548304,arn:aws:rds:us-east-1:108782052779:cluster:cluster-pqpacrqo2fxszto7u4maw3velu,Amazon Relational Database Service,unallocated
2026-06-09T00:00:00Z,2026-06-10T00:00:00Z,True,6.24,arn:aws:rds:us-east-1:108782052779:db:auruse1-writer,Amazon Relational Database Service,dayhoff
2026-06-09T00:00:00Z,2026-06-10T00:00:00Z,True,6.96,arn:aws:rds:us-east-1:108782052779:db:dayhoff-dr-drill-use1-20260522-instance-1,Amazon Relational Database Service,dayhoff
2026-06-09T00:00:00Z,2026-06-10T00:00:00Z,True,6.96,arn:aws:rds:us-east-1:108782052779:db:dayhoff-dr-drill-use1-20260522-reader-api,Amazon Relational Database Service,dayhoff
2026-06-09T00:00:00Z,2026-06-10T00:00:00Z,True,6.96,arn:aws:rds:us-east-1:108782052779:db:dayhoff-dr-drill-use1-20260522-reader-ha,Amazon Relational Database Service,dayhoff
2026-06-09T00:00:00Z,2026-06-10T00:00:00Z,True,1.752,arn:aws:rds:us-east-1:108782052779:db:dev-writer,Amazon Relational Database Service,dayhoff
2026-06-09T00:00:00Z,2026-06-10T00:00:00Z,True,1.6412630323,arn:aws:rds:us-east-1:108782052779:db:dr-drill-standalone-use1-20260526,Amazon Relational Database Service,unallocated
2026-06-09T00:00:00Z,2026-06-10T00:00:00Z,True,9.33048e-05,arn:aws:rds:us-west-2:108782052779:cluster-snapshot:backup-recovery-east1,Amazon Relational Database Service,unallocated
2026-06-09T00:00:00Z,2026-06-10T00:00:00Z,True,2.85936e-05,arn:aws:rds:us-west-2:108782052779:cluster-snapshot:labcoredb-final-snapshot,Amazon Relational Database Service,unallocated
2026-06-09T00:00:00Z,2026-06-10T00:00:00Z,True,0.0,arn:aws:rds:us-west-2:108782052779:cluster-snapshot:tapdb-dev-snapshot-auroracluster-9vwkztxfug25,Amazon Relational Database Service,dayhoff
2026-06-09T00:00:00Z,2026-06-10T00:00:00Z,True,0.0,arn:aws:rds:us-west-2:108782052779:cluster-snapshot:tapdb-dev-snapshot-auroracluster-elgxviyi30sp,Amazon Relational Database Service,dayhoff
2026-06-09T00:00:00Z,2026-06-10T00:00:00Z,True,0.0,arn:aws:rds:us-west-2:108782052779:cluster-snapshot:tapdb-dev-snapshot-auroracluster-serncerfuorz,Amazon Relational Database Service,dayhoff
2026-06-09T00:00:00Z,2026-06-10T00:00:00Z,True,0.0609720649,arn:aws:rds:us-west-2:108782052779:cluster:cluster-4lrvijmaljrxw3emlp7ao4tioe,Amazon Relational Database Service,unallocated
2026-06-09T00:00:00Z,2026-06-10T00:00:00Z,True,0.0683477025,arn:aws:rds:us-west-2:108782052779:cluster:cluster-aa24mjp2wjnsfofgxghaxwhvku,Amazon Relational Database Service,unallocated
2026-06-09T00:00:00Z,2026-06-10T00:00:00Z,True,0.0599755233,arn:aws:rds:us-west-2:108782052779:cluster:cluster-axxvxcfqcs53p4uqziwtcjft7m,Amazon Relational Database Service,unallocated
2026-06-09T00:00:00Z,2026-06-10T00:00:00Z,True,0.0665156432,arn:aws:rds:us-west-2:108782052779:cluster:cluster-f5lzubv26w3xt5cgdvgfoyhjei,Amazon Relational Database Service,unallocated
2026-06-09T00:00:00Z,2026-06-10T00:00:00Z,True,0.0021211084,arn:aws:rds:us-west-2:108782052779:cluster:cluster-o6yhev2r7ksumoenusvgvwrrae,Amazon Relational Database Service,unallocated
2026-06-09T00:00:00Z,2026-06-10T00:00:00Z,True,0.0004784544,arn:aws:rds:us-west-2:108782052779:cluster:cluster-rit4q5trwzhy6wvk7wvbpfmqam,Amazon Relational Database Service,unallocated
2026-06-09T00:00:00Z,2026-06-10T00:00:00Z,True,0.460669704,arn:aws:rds:us-west-2:108782052779:db:aquarium-dev-db,Amazon Relational Database Service,aquarium
2026-06-09T00:00:00Z,2026-06-10T00:00:00Z,True,6.9600032236,arn:aws:rds:us-west-2:108782052779:db:dayhoff-dr-drill-20260521-instance-1,Amazon Relational Database Service,dayhoff
2026-06-09T00:00:00Z,2026-06-10T00:00:00Z,True,6.9600025358,arn:aws:rds:us-west-2:108782052779:db:dayhoff-dr-drill-20260521-reader-api,Amazon Relational Database Service,dayhoff
2026-06-09T00:00:00Z,2026-06-10T00:00:00Z,True,6.9600026569,arn:aws:rds:us-west-2:108782052779:db:dayhoff-dr-drill-20260521-reader-ha,Amazon Relational Database Service,dayhoff
2026-06-09T00:00:00Z,2026-06-10T00:00:00Z,True,6.6240023827,arn:aws:rds:us-west-2:108782052779:db:dayhoff-lsmcok1-tapdb-writer,Amazon Relational Database Service,dayhoff
2026-06-09T00:00:00Z,2026-06-10T00:00:00Z,True,17.2320031215,arn:aws:rds:us-west-2:108782052779:db:dayhoff-lsmcq7-tapdb-reader-api,Amazon Relational Database Service,dayhoff
2026-06-09T00:00:00Z,2026-06-10T00:00:00Z,True,17.2320024146,arn:aws:rds:us-west-2:108782052779:db:dayhoff-lsmcq7-tapdb-reader-ha,Amazon Relational Database Service,dayhoff
2026-06-09T00:00:00Z,2026-06-10T00:00:00Z,True,34.4640054212,arn:aws:rds:us-west-2:108782052779:db:dayhoff-lsmcq7-tapdb-writer,Amazon Relational Database Service,dayhoff
2026-06-09T00:00:00Z,2026-06-10T00:00:00Z,True,6.2400336113,arn:aws:rds:us-west-2:108782052779:db:dev-writer,Amazon Relational Database Service,dayhoff
2026-06-09T00:00:00Z,2026-06-10T00:00:00Z,True,2.3266689783,arn:aws:rds:us-west-2:108782052779:db:dr-drill-standalone-20260521,Amazon Relational Database Service,unallocated
2026-06-09T00:00:00Z,2026-06-10T00:00:00Z,True,7.6803070894,arn:aws:rds:us-west-2:108782052779:db:labcore-dev-instance-1,Amazon Relational Database Service,dayhoff
2026-06-09T00:00:00Z,2026-06-10T00:00:00Z,True,1.7520336294,arn:aws:rds:us-west-2:108782052779:db:staging-writer,Amazon Relational Database Service,dayhoff
2026-06-09T00:00:00Z,2026-06-10T00:00:00Z,True,0.4606692647,arn:aws:rds:us-west-2:108782052779:db:terrarium-dev-db,Amazon Relational Database Service,terrarium
2026-06-09T00:00:00Z,2026-06-10T00:00:00Z,True,0.4606666656,arn:aws:rds:us-west-2:108782052779:db:terrarium-prod-db,Amazon Relational Database Service,terrarium
2026-06-10T00:00:00Z,2026-06-11T00:00:00Z,True,9.33384e-05,arn:aws:rds:us-east-1:108782052779:cluster-snapshot:dayhoff-dr-drill-use1-20260522-snap,Amazon Relational Database Service,dayhoff
2026-06-10T00:00:00Z,2026-06-11T00:00:00Z,True,4.35408e-05,arn:aws:rds:us-east-1:108782052779:cluster-snapshot:dayhoff-inx-inf5-precleanup-20260528t174313z,Amazon Relational Database Service,dayhoff
2026-06-10T00:00:00Z,2026-06-11T00:00:00Z,True,3.44784e-05,arn:aws:rds:us-east-1:108782052779:cluster-snapshot:marvain-john-major-dev-snapshot-auroracluster-ctvfy1tkxd1i,Amazon Relational Database Service,dayhoff
2026-06-10T00:00:00Z,2026-06-11T00:00:00Z,True,0.0620536895,arn:aws:rds:us-east-1:108782052779:cluster:cluster-bhclwskm5mcqb7l7keks2bcha4,Amazon Relational Database Service,unallocated
2026-06-10T00:00:00Z,2026-06-11T00:00:00Z,True,0.0634676874,arn:aws:rds:us-east-1:108782052779:cluster:cluster-kym7xbonz4xygugh5dp33j3dci,Amazon Relational Database Service,unallocated
2026-06-10T00:00:00Z,2026-06-11T00:00:00Z,True,0.0595468304,arn:aws:rds:us-east-1:108782052779:cluster:cluster-pqpacrqo2fxszto7u4maw3velu,Amazon Relational Database Service,unallocated
2026-06-10T00:00:00Z,2026-06-11T00:00:00Z,True,6.24,arn:aws:rds:us-east-1:108782052779:db:auruse1-writer,Amazon Relational Database Service,dayhoff
2026-06-10T00:00:00Z,2026-06-11T00:00:00Z,True,6.96,arn:aws:rds:us-east-1:108782052779:db:dayhoff-dr-drill-use1-20260522-instance-1,Amazon Relational Database Service,dayhoff
2026-06-10T00:00:00Z,2026-06-11T00:00:00Z,True,6.96,arn:aws:rds:us-east-1:108782052779:db:dayhoff-dr-drill-use1-20260522-reader-api,Amazon Relational Database Service,dayhoff
2026-06-10T00:00:00Z,2026-06-11T00:00:00Z,True,6.96,arn:aws:rds:us-east-1:108782052779:db:dayhoff-dr-drill-use1-20260522-reader-ha,Amazon Relational Database Service,dayhoff
2026-06-10T00:00:00Z,2026-06-11T00:00:00Z,True,1.752,arn:aws:rds:us-east-1:108782052779:db:dev-writer,Amazon Relational Database Service,dayhoff
2026-06-10T00:00:00Z,2026-06-11T00:00:00Z,True,1.6415214153,arn:aws:rds:us-east-1:108782052779:db:dr-drill-standalone-use1-20260526,Amazon Relational Database Service,unallocated
2026-06-10T00:00:00Z,2026-06-11T00:00:00Z,True,9.33048e-05,arn:aws:rds:us-west-2:108782052779:cluster-snapshot:backup-recovery-east1,Amazon Relational Database Service,unallocated
2026-06-10T00:00:00Z,2026-06-11T00:00:00Z,True,2.85936e-05,arn:aws:rds:us-west-2:108782052779:cluster-snapshot:labcoredb-final-snapshot,Amazon Relational Database Service,unallocated
2026-06-10T00:00:00Z,2026-06-11T00:00:00Z,True,0.0,arn:aws:rds:us-west-2:108782052779:cluster-snapshot:tapdb-dev-snapshot-auroracluster-9vwkztxfug25,Amazon Relational Database Service,dayhoff
2026-06-10T00:00:00Z,2026-06-11T00:00:00Z,True,0.0,arn:aws:rds:us-west-2:108782052779:cluster-snapshot:tapdb-dev-snapshot-auroracluster-elgxviyi30sp,Amazon Relational Database Service,dayhoff
2026-06-10T00:00:00Z,2026-06-11T00:00:00Z,True,0.0,arn:aws:rds:us-west-2:108782052779:cluster-snapshot:tapdb-dev-snapshot-auroracluster-serncerfuorz,Amazon Relational Database Service,dayhoff
2026-06-10T00:00:00Z,2026-06-11T00:00:00Z,True,0.0610476519,arn:aws:rds:us-west-2:108782052779:cluster:cluster-4lrvijmaljrxw3emlp7ao4tioe,Amazon Relational Database Service,unallocated
2026-06-10T00:00:00Z,2026-06-11T00:00:00Z,True,0.0640197499,arn:aws:rds:us-west-2:108782052779:cluster:cluster-aa24mjp2wjnsfofgxghaxwhvku,Amazon Relational Database Service,unallocated
2026-06-10T00:00:00Z,2026-06-11T00:00:00Z,True,0.0624675233,arn:aws:rds:us-west-2:108782052779:cluster:cluster-axxvxcfqcs53p4uqziwtcjft7m,Amazon Relational Database Service,unallocated
2026-06-10T00:00:00Z,2026-06-11T00:00:00Z,True,0.0586234432,arn:aws:rds:us-west-2:108782052779:cluster:cluster-f5lzubv26w3xt5cgdvgfoyhjei,Amazon Relational Database Service,unallocated
2026-06-10T00:00:00Z,2026-06-11T00:00:00Z,True,0.0021156392,arn:aws:rds:us-west-2:108782052779:cluster:cluster-o6yhev2r7ksumoenusvgvwrrae,Amazon Relational Database Service,unallocated
2026-06-10T00:00:00Z,2026-06-11T00:00:00Z,True,0.0004784544,arn:aws:rds:us-west-2:108782052779:cluster:cluster-rit4q5trwzhy6wvk7wvbpfmqam,Amazon Relational Database Service,unallocated
2026-06-10T00:00:00Z,2026-06-11T00:00:00Z,True,0.460669647,arn:aws:rds:us-west-2:108782052779:db:aquarium-dev-db,Amazon Relational Database Service,aquarium
2026-06-10T00:00:00Z,2026-06-11T00:00:00Z,True,6.9600030005,arn:aws:rds:us-west-2:108782052779:db:dayhoff-dr-drill-20260521-instance-1,Amazon Relational Database Service,dayhoff
2026-06-10T00:00:00Z,2026-06-11T00:00:00Z,True,6.9600027395,arn:aws:rds:us-west-2:108782052779:db:dayhoff-dr-drill-20260521-reader-api,Amazon Relational Database Service,dayhoff
2026-06-10T00:00:00Z,2026-06-11T00:00:00Z,True,6.9600021853,arn:aws:rds:us-west-2:108782052779:db:dayhoff-dr-drill-20260521-reader-ha,Amazon Relational Database Service,dayhoff
2026-06-10T00:00:00Z,2026-06-11T00:00:00Z,True,6.6240023058,arn:aws:rds:us-west-2:108782052779:db:dayhoff-lsmcok1-tapdb-writer,Amazon Relational Database Service,dayhoff
2026-06-10T00:00:00Z,2026-06-11T00:00:00Z,True,17.2320028669,arn:aws:rds:us-west-2:108782052779:db:dayhoff-lsmcq7-tapdb-reader-api,Amazon Relational Database Service,dayhoff
2026-06-10T00:00:00Z,2026-06-11T00:00:00Z,True,17.2320027143,arn:aws:rds:us-west-2:108782052779:db:dayhoff-lsmcq7-tapdb-reader-ha,Amazon Relational Database Service,dayhoff
2026-06-10T00:00:00Z,2026-06-11T00:00:00Z,True,34.4640042556,arn:aws:rds:us-west-2:108782052779:db:dayhoff-lsmcq7-tapdb-writer,Amazon Relational Database Service,dayhoff
2026-06-10T00:00:00Z,2026-06-11T00:00:00Z,True,6.2400335984,arn:aws:rds:us-west-2:108782052779:db:dev-writer,Amazon Relational Database Service,dayhoff
2026-06-10T00:00:00Z,2026-06-11T00:00:00Z,True,2.3266704431,arn:aws:rds:us-west-2:108782052779:db:dr-drill-standalone-20260521,Amazon Relational Database Service,unallocated
2026-06-10T00:00:00Z,2026-06-11T00:00:00Z,True,7.6803515211,arn:aws:rds:us-west-2:108782052779:db:labcore-dev-instance-1,Amazon Relational Database Service,dayhoff
2026-06-10T00:00:00Z,2026-06-11T00:00:00Z,True,1.7520335913,arn:aws:rds:us-west-2:108782052779:db:staging-writer,Amazon Relational Database Service,dayhoff
2026-06-10T00:00:00Z,2026-06-11T00:00:00Z,True,0.4606692773,arn:aws:rds:us-west-2:108782052779:db:terrarium-dev-db,Amazon Relational Database Service,terrarium
2026-06-10T00:00:00Z,2026-06-11T00:00:00Z,True,0.4606666656,arn:aws:rds:us-west-2:108782052779:db:terrarium-prod-db,Amazon Relational Database Service,terrarium
2026-06-11T00:00:00Z,2026-06-12T00:00:00Z,True,9.33384e-05,arn:aws:rds:us-east-1:108782052779:cluster-snapshot:dayhoff-dr-drill-use1-20260522-snap,Amazon Relational Database Service,dayhoff
2026-06-11T00:00:00Z,2026-06-12T00:00:00Z,True,4.35408e-05,arn:aws:rds:us-east-1:108782052779:cluster-snapshot:dayhoff-inx-inf5-precleanup-20260528t174313z,Amazon Relational Database Service,dayhoff
2026-06-11T00:00:00Z,2026-06-12T00:00:00Z,True,3.44784e-05,arn:aws:rds:us-east-1:108782052779:cluster-snapshot:marvain-john-major-dev-snapshot-auroracluster-ctvfy1tkxd1i,Amazon Relational Database Service,dayhoff
2026-06-11T00:00:00Z,2026-06-12T00:00:00Z,True,0.0679101396,arn:aws:rds:us-east-1:108782052779:cluster:cluster-bhclwskm5mcqb7l7keks2bcha4,Amazon Relational Database Service,unallocated
2026-06-11T00:00:00Z,2026-06-12T00:00:00Z,True,0.0621203521,arn:aws:rds:us-east-1:108782052779:cluster:cluster-kym7xbonz4xygugh5dp33j3dci,Amazon Relational Database Service,unallocated
2026-06-11T00:00:00Z,2026-06-12T00:00:00Z,True,0.0577784304,arn:aws:rds:us-east-1:108782052779:cluster:cluster-pqpacrqo2fxszto7u4maw3velu,Amazon Relational Database Service,unallocated
2026-06-11T00:00:00Z,2026-06-12T00:00:00Z,True,6.24,arn:aws:rds:us-east-1:108782052779:db:auruse1-writer,Amazon Relational Database Service,dayhoff
2026-06-11T00:00:00Z,2026-06-12T00:00:00Z,True,6.96,arn:aws:rds:us-east-1:108782052779:db:dayhoff-dr-drill-use1-20260522-instance-1,Amazon Relational Database Service,dayhoff
2026-06-11T00:00:00Z,2026-06-12T00:00:00Z,True,6.96,arn:aws:rds:us-east-1:108782052779:db:dayhoff-dr-drill-use1-20260522-reader-api,Amazon Relational Database Service,dayhoff
2026-06-11T00:00:00Z,2026-06-12T00:00:00Z,True,6.96,arn:aws:rds:us-east-1:108782052779:db:dayhoff-dr-drill-use1-20260522-reader-ha,Amazon Relational Database Service,dayhoff
2026-06-11T00:00:00Z,2026-06-12T00:00:00Z,True,1.752,arn:aws:rds:us-east-1:108782052779:db:dev-writer,Amazon Relational Database Service,dayhoff
2026-06-11T00:00:00Z,2026-06-12T00:00:00Z,True,1.6417633461,arn:aws:rds:us-east-1:108782052779:db:dr-drill-standalone-use1-20260526,Amazon Relational Database Service,unallocated
2026-06-11T00:00:00Z,2026-06-12T00:00:00Z,True,9.33048e-05,arn:aws:rds:us-west-2:108782052779:cluster-snapshot:backup-recovery-east1,Amazon Relational Database Service,unallocated
2026-06-11T00:00:00Z,2026-06-12T00:00:00Z,True,2.85936e-05,arn:aws:rds:us-west-2:108782052779:cluster-snapshot:labcoredb-final-snapshot,Amazon Relational Database Service,unallocated
2026-06-11T00:00:00Z,2026-06-12T00:00:00Z,True,0.0,arn:aws:rds:us-west-2:108782052779:cluster-snapshot:tapdb-dev-snapshot-auroracluster-9vwkztxfug25,Amazon Relational Database Service,dayhoff
2026-06-11T00:00:00Z,2026-06-12T00:00:00Z,True,0.0,arn:aws:rds:us-west-2:108782052779:cluster-snapshot:tapdb-dev-snapshot-auroracluster-elgxviyi30sp,Amazon Relational Database Service,dayhoff
2026-06-11T00:00:00Z,2026-06-12T00:00:00Z,True,0.0,arn:aws:rds:us-west-2:108782052779:cluster-snapshot:tapdb-dev-snapshot-auroracluster-serncerfuorz,Amazon Relational Database Service,dayhoff
2026-06-11T00:00:00Z,2026-06-12T00:00:00Z,True,0.0671940728,arn:aws:rds:us-west-2:108782052779:cluster:cluster-4lrvijmaljrxw3emlp7ao4tioe,Amazon Relational Database Service,unallocated
2026-06-11T00:00:00Z,2026-06-12T00:00:00Z,True,0.0618305521,arn:aws:rds:us-west-2:108782052779:cluster:cluster-aa24mjp2wjnsfofgxghaxwhvku,Amazon Relational Database Service,unallocated
2026-06-11T00:00:00Z,2026-06-12T00:00:00Z,True,0.0607156367,arn:aws:rds:us-west-2:108782052779:cluster:cluster-axxvxcfqcs53p4uqziwtcjft7m,Amazon Relational Database Service,unallocated
2026-06-11T00:00:00Z,2026-06-12T00:00:00Z,True,0.0610220432,arn:aws:rds:us-west-2:108782052779:cluster:cluster-f5lzubv26w3xt5cgdvgfoyhjei,Amazon Relational Database Service,unallocated
2026-06-11T00:00:00Z,2026-06-12T00:00:00Z,True,0.0021088042,arn:aws:rds:us-west-2:108782052779:cluster:cluster-o6yhev2r7ksumoenusvgvwrrae,Amazon Relational Database Service,unallocated
2026-06-11T00:00:00Z,2026-06-12T00:00:00Z,True,0.0004784544,arn:aws:rds:us-west-2:108782052779:cluster:cluster-rit4q5trwzhy6wvk7wvbpfmqam,Amazon Relational Database Service,unallocated
2026-06-11T00:00:00Z,2026-06-12T00:00:00Z,True,0.4606721946,arn:aws:rds:us-west-2:108782052779:db:aquarium-dev-db,Amazon Relational Database Service,aquarium
2026-06-11T00:00:00Z,2026-06-12T00:00:00Z,True,6.9600026504,arn:aws:rds:us-west-2:108782052779:db:dayhoff-dr-drill-20260521-instance-1,Amazon Relational Database Service,dayhoff
2026-06-11T00:00:00Z,2026-06-12T00:00:00Z,True,6.9600029435,arn:aws:rds:us-west-2:108782052779:db:dayhoff-dr-drill-20260521-reader-api,Amazon Relational Database Service,dayhoff
2026-06-11T00:00:00Z,2026-06-12T00:00:00Z,True,6.9600022618,arn:aws:rds:us-west-2:108782052779:db:dayhoff-dr-drill-20260521-reader-ha,Amazon Relational Database Service,dayhoff
2026-06-11T00:00:00Z,2026-06-12T00:00:00Z,True,6.6240023763,arn:aws:rds:us-west-2:108782052779:db:dayhoff-lsmcok1-tapdb-writer,Amazon Relational Database Service,dayhoff
2026-06-11T00:00:00Z,2026-06-12T00:00:00Z,True,17.2320028925,arn:aws:rds:us-west-2:108782052779:db:dayhoff-lsmcq7-tapdb-reader-api,Amazon Relational Database Service,dayhoff
2026-06-11T00:00:00Z,2026-06-12T00:00:00Z,True,17.2320026759,arn:aws:rds:us-west-2:108782052779:db:dayhoff-lsmcq7-tapdb-reader-ha,Amazon Relational Database Service,dayhoff
2026-06-11T00:00:00Z,2026-06-12T00:00:00Z,True,34.4640052621,arn:aws:rds:us-west-2:108782052779:db:dayhoff-lsmcq7-tapdb-writer,Amazon Relational Database Service,dayhoff
2026-06-11T00:00:00Z,2026-06-12T00:00:00Z,True,6.2400336168,arn:aws:rds:us-west-2:108782052779:db:dev-writer,Amazon Relational Database Service,dayhoff
2026-06-11T00:00:00Z,2026-06-12T00:00:00Z,True,2.326672036,arn:aws:rds:us-west-2:108782052779:db:dr-drill-standalone-20260521,Amazon Relational Database Service,unallocated
2026-06-11T00:00:00Z,2026-06-12T00:00:00Z,True,7.6802848859,arn:aws:rds:us-west-2:108782052779:db:labcore-dev-instance-1,Amazon Relational Database Service,dayhoff
2026-06-11T00:00:00Z,2026-06-12T00:00:00Z,True,1.7520336229,arn:aws:rds:us-west-2:108782052779:db:staging-writer,Amazon Relational Database Service,dayhoff
2026-06-11T00:00:00Z,2026-06-12T00:00:00Z,True,0.460669271,arn:aws:rds:us-west-2:108782052779:db:terrarium-dev-db,Amazon Relational Database Service,terrarium
2026-06-11T00:00:00Z,2026-06-12T00:00:00Z,True,0.4606666656,arn:aws:rds:us-west-2:108782052779:db:terrarium-prod-db,Amazon Relational Database Service,terrarium
2026-06-12T00:00:00Z,2026-06-13T00:00:00Z,True,9.33384e-05,arn:aws:rds:us-east-1:108782052779:cluster-snapshot:dayhoff-dr-drill-use1-20260522-snap,Amazon Relational Database Service,dayhoff
2026-06-12T00:00:00Z,2026-06-13T00:00:00Z,True,4.35408e-05,arn:aws:rds:us-east-1:108782052779:cluster-snapshot:dayhoff-inx-inf5-precleanup-20260528t174313z,Amazon Relational Database Service,dayhoff
2026-06-12T00:00:00Z,2026-06-13T00:00:00Z,True,3.44784e-05,arn:aws:rds:us-east-1:108782052779:cluster-snapshot:marvain-john-major-dev-snapshot-auroracluster-ctvfy1tkxd1i,Amazon Relational Database Service,dayhoff
2026-06-12T00:00:00Z,2026-06-13T00:00:00Z,True,0.0708854293,arn:aws:rds:us-east-1:108782052779:cluster:cluster-bhclwskm5mcqb7l7keks2bcha4,Amazon Relational Database Service,unallocated
2026-06-12T00:00:00Z,2026-06-13T00:00:00Z,True,0.0637137811,arn:aws:rds:us-east-1:108782052779:cluster:cluster-kym7xbonz4xygugh5dp33j3dci,Amazon Relational Database Service,unallocated
2026-06-12T00:00:00Z,2026-06-13T00:00:00Z,True,0.0578440304,arn:aws:rds:us-east-1:108782052779:cluster:cluster-pqpacrqo2fxszto7u4maw3velu,Amazon Relational Database Service,unallocated
2026-06-12T00:00:00Z,2026-06-13T00:00:00Z,True,6.24,arn:aws:rds:us-east-1:108782052779:db:auruse1-writer,Amazon Relational Database Service,dayhoff
2026-06-12T00:00:00Z,2026-06-13T00:00:00Z,True,6.96,arn:aws:rds:us-east-1:108782052779:db:dayhoff-dr-drill-use1-20260522-instance-1,Amazon Relational Database Service,dayhoff
2026-06-12T00:00:00Z,2026-06-13T00:00:00Z,True,6.96,arn:aws:rds:us-east-1:108782052779:db:dayhoff-dr-drill-use1-20260522-reader-api,Amazon Relational Database Service,dayhoff
2026-06-12T00:00:00Z,2026-06-13T00:00:00Z,True,6.96,arn:aws:rds:us-east-1:108782052779:db:dayhoff-dr-drill-use1-20260522-reader-ha,Amazon Relational Database Service,dayhoff
2026-06-12T00:00:00Z,2026-06-13T00:00:00Z,True,1.752,arn:aws:rds:us-east-1:108782052779:db:dev-writer,Amazon Relational Database Service,dayhoff
2026-06-12T00:00:00Z,2026-06-13T00:00:00Z,True,1.6419865294,arn:aws:rds:us-east-1:108782052779:db:dr-drill-standalone-use1-20260526,Amazon Relational Database Service,unallocated
2026-06-12T00:00:00Z,2026-06-13T00:00:00Z,True,9.33048e-05,arn:aws:rds:us-west-2:108782052779:cluster-snapshot:backup-recovery-east1,Amazon Relational Database Service,unallocated
2026-06-12T00:00:00Z,2026-06-13T00:00:00Z,True,2.85936e-05,arn:aws:rds:us-west-2:108782052779:cluster-snapshot:labcoredb-final-snapshot,Amazon Relational Database Service,unallocated
2026-06-12T00:00:00Z,2026-06-13T00:00:00Z,True,0.0,arn:aws:rds:us-west-2:108782052779:cluster-snapshot:tapdb-dev-snapshot-auroracluster-9vwkztxfug25,Amazon Relational Database Service,dayhoff
2026-06-12T00:00:00Z,2026-06-13T00:00:00Z,True,0.0,arn:aws:rds:us-west-2:108782052779:cluster-snapshot:tapdb-dev-snapshot-auroracluster-elgxviyi30sp,Amazon Relational Database Service,dayhoff
2026-06-12T00:00:00Z,2026-06-13T00:00:00Z,True,0.0,arn:aws:rds:us-west-2:108782052779:cluster-snapshot:tapdb-dev-snapshot-auroracluster-serncerfuorz,Amazon Relational Database Service,dayhoff
2026-06-12T00:00:00Z,2026-06-13T00:00:00Z,True,0.0608432633,arn:aws:rds:us-west-2:108782052779:cluster:cluster-4lrvijmaljrxw3emlp7ao4tioe,Amazon Relational Database Service,unallocated
2026-06-12T00:00:00Z,2026-06-13T00:00:00Z,True,0.0634270773,arn:aws:rds:us-west-2:108782052779:cluster:cluster-aa24mjp2wjnsfofgxghaxwhvku,Amazon Relational Database Service,unallocated
2026-06-12T00:00:00Z,2026-06-13T00:00:00Z,True,0.0616219264,arn:aws:rds:us-west-2:108782052779:cluster:cluster-axxvxcfqcs53p4uqziwtcjft7m,Amazon Relational Database Service,unallocated
2026-06-12T00:00:00Z,2026-06-13T00:00:00Z,True,0.0596798432,arn:aws:rds:us-west-2:108782052779:cluster:cluster-f5lzubv26w3xt5cgdvgfoyhjei,Amazon Relational Database Service,unallocated
2026-06-12T00:00:00Z,2026-06-13T00:00:00Z,True,0.0021033346,arn:aws:rds:us-west-2:108782052779:cluster:cluster-o6yhev2r7ksumoenusvgvwrrae,Amazon Relational Database Service,unallocated
2026-06-12T00:00:00Z,2026-06-13T00:00:00Z,True,0.0004784544,arn:aws:rds:us-west-2:108782052779:cluster:cluster-rit4q5trwzhy6wvk7wvbpfmqam,Amazon Relational Database Service,unallocated
2026-06-12T00:00:00Z,2026-06-13T00:00:00Z,True,0.460671246,arn:aws:rds:us-west-2:108782052779:db:aquarium-dev-db,Amazon Relational Database Service,aquarium
2026-06-12T00:00:00Z,2026-06-13T00:00:00Z,True,6.9600039563,arn:aws:rds:us-west-2:108782052779:db:dayhoff-dr-drill-20260521-instance-1,Amazon Relational Database Service,dayhoff
2026-06-12T00:00:00Z,2026-06-13T00:00:00Z,True,6.9600031729,arn:aws:rds:us-west-2:108782052779:db:dayhoff-dr-drill-20260521-reader-api,Amazon Relational Database Service,dayhoff
2026-06-12T00:00:00Z,2026-06-13T00:00:00Z,True,6.9600026572,arn:aws:rds:us-west-2:108782052779:db:dayhoff-dr-drill-20260521-reader-ha,Amazon Relational Database Service,dayhoff
2026-06-12T00:00:00Z,2026-06-13T00:00:00Z,True,6.6240025353,arn:aws:rds:us-west-2:108782052779:db:dayhoff-lsmcok1-tapdb-writer,Amazon Relational Database Service,dayhoff
2026-06-12T00:00:00Z,2026-06-13T00:00:00Z,True,17.2320033765,arn:aws:rds:us-west-2:108782052779:db:dayhoff-lsmcq7-tapdb-reader-api,Amazon Relational Database Service,dayhoff
2026-06-12T00:00:00Z,2026-06-13T00:00:00Z,True,17.2320023766,arn:aws:rds:us-west-2:108782052779:db:dayhoff-lsmcq7-tapdb-reader-ha,Amazon Relational Database Service,dayhoff
2026-06-12T00:00:00Z,2026-06-13T00:00:00Z,True,34.4640058101,arn:aws:rds:us-west-2:108782052779:db:dayhoff-lsmcq7-tapdb-writer,Amazon Relational Database Service,dayhoff
2026-06-12T00:00:00Z,2026-06-13T00:00:00Z,True,6.2400336174,arn:aws:rds:us-west-2:108782052779:db:dev-writer,Amazon Relational Database Service,dayhoff
2026-06-12T00:00:00Z,2026-06-13T00:00:00Z,True,2.326671246,arn:aws:rds:us-west-2:108782052779:db:dr-drill-standalone-20260521,Amazon Relational Database Service,unallocated
2026-06-12T00:00:00Z,2026-06-13T00:00:00Z,True,7.6803515275,arn:aws:rds:us-west-2:108782052779:db:labcore-dev-instance-1,Amazon Relational Database Service,dayhoff
2026-06-12T00:00:00Z,2026-06-13T00:00:00Z,True,1.7520336108,arn:aws:rds:us-west-2:108782052779:db:staging-writer,Amazon Relational Database Service,dayhoff
2026-06-12T00:00:00Z,2026-06-13T00:00:00Z,True,0.4606699906,arn:aws:rds:us-west-2:108782052779:db:terrarium-dev-db,Amazon Relational Database Service,terrarium
2026-06-12T00:00:00Z,2026-06-13T00:00:00Z,True,0.4606666656,arn:aws:rds:us-west-2:108782052779:db:terrarium-prod-db,Amazon Relational Database Service,terrarium
2026-06-13T00:00:00Z,2026-06-14T00:00:00Z,True,9.33384e-05,arn:aws:rds:us-east-1:108782052779:cluster-snapshot:dayhoff-dr-drill-use1-20260522-snap,Amazon Relational Database Service,dayhoff
2026-06-13T00:00:00Z,2026-06-14T00:00:00Z,True,4.35408e-05,arn:aws:rds:us-east-1:108782052779:cluster-snapshot:dayhoff-inx-inf5-precleanup-20260528t174313z,Amazon Relational Database Service,dayhoff
2026-06-13T00:00:00Z,2026-06-14T00:00:00Z,True,3.44784e-05,arn:aws:rds:us-east-1:108782052779:cluster-snapshot:marvain-john-major-dev-snapshot-auroracluster-ctvfy1tkxd1i,Amazon Relational Database Service,dayhoff
2026-06-13T00:00:00Z,2026-06-14T00:00:00Z,True,0.06469522,arn:aws:rds:us-east-1:108782052779:cluster:cluster-bhclwskm5mcqb7l7keks2bcha4,Amazon Relational Database Service,unallocated
2026-06-13T00:00:00Z,2026-06-14T00:00:00Z,True,0.0586360184,arn:aws:rds:us-east-1:108782052779:cluster:cluster-kym7xbonz4xygugh5dp33j3dci,Amazon Relational Database Service,unallocated
2026-06-13T00:00:00Z,2026-06-14T00:00:00Z,True,0.0561814304,arn:aws:rds:us-east-1:108782052779:cluster:cluster-pqpacrqo2fxszto7u4maw3velu,Amazon Relational Database Service,unallocated
2026-06-13T00:00:00Z,2026-06-14T00:00:00Z,True,6.24,arn:aws:rds:us-east-1:108782052779:db:auruse1-writer,Amazon Relational Database Service,dayhoff
2026-06-13T00:00:00Z,2026-06-14T00:00:00Z,True,6.96,arn:aws:rds:us-east-1:108782052779:db:dayhoff-dr-drill-use1-20260522-instance-1,Amazon Relational Database Service,dayhoff
2026-06-13T00:00:00Z,2026-06-14T00:00:00Z,True,6.96,arn:aws:rds:us-east-1:108782052779:db:dayhoff-dr-drill-use1-20260522-reader-api,Amazon Relational Database Service,dayhoff
2026-06-13T00:00:00Z,2026-06-14T00:00:00Z,True,6.96,arn:aws:rds:us-east-1:108782052779:db:dayhoff-dr-drill-use1-20260522-reader-ha,Amazon Relational Database Service,dayhoff
2026-06-13T00:00:00Z,2026-06-14T00:00:00Z,True,1.752,arn:aws:rds:us-east-1:108782052779:db:dev-writer,Amazon Relational Database Service,dayhoff
2026-06-13T00:00:00Z,2026-06-14T00:00:00Z,True,1.6421932381,arn:aws:rds:us-east-1:108782052779:db:dr-drill-standalone-use1-20260526,Amazon Relational Database Service,unallocated
2026-06-13T00:00:00Z,2026-06-14T00:00:00Z,True,9.33048e-05,arn:aws:rds:us-west-2:108782052779:cluster-snapshot:backup-recovery-east1,Amazon Relational Database Service,unallocated
2026-06-13T00:00:00Z,2026-06-14T00:00:00Z,True,2.85936e-05,arn:aws:rds:us-west-2:108782052779:cluster-snapshot:labcoredb-final-snapshot,Amazon Relational Database Service,unallocated
2026-06-13T00:00:00Z,2026-06-14T00:00:00Z,True,0.0,arn:aws:rds:us-west-2:108782052779:cluster-snapshot:tapdb-dev-snapshot-auroracluster-9vwkztxfug25,Amazon Relational Database Service,dayhoff
2026-06-13T00:00:00Z,2026-06-14T00:00:00Z,True,0.0,arn:aws:rds:us-west-2:108782052779:cluster-snapshot:tapdb-dev-snapshot-auroracluster-elgxviyi30sp,Amazon Relational Database Service,dayhoff
2026-06-13T00:00:00Z,2026-06-14T00:00:00Z,True,0.0,arn:aws:rds:us-west-2:108782052779:cluster-snapshot:tapdb-dev-snapshot-auroracluster-serncerfuorz,Amazon Relational Database Service,dayhoff
2026-06-13T00:00:00Z,2026-06-14T00:00:00Z,True,0.0580401068,arn:aws:rds:us-west-2:108782052779:cluster:cluster-4lrvijmaljrxw3emlp7ao4tioe,Amazon Relational Database Service,unallocated
2026-06-13T00:00:00Z,2026-06-14T00:00:00Z,True,0.0633084896,arn:aws:rds:us-west-2:108782052779:cluster:cluster-aa24mjp2wjnsfofgxghaxwhvku,Amazon Relational Database Service,unallocated
2026-06-13T00:00:00Z,2026-06-14T00:00:00Z,True,0.0631193501,arn:aws:rds:us-west-2:108782052779:cluster:cluster-axxvxcfqcs53p4uqziwtcjft7m,Amazon Relational Database Service,unallocated
2026-06-13T00:00:00Z,2026-06-14T00:00:00Z,True,0.0621186432,arn:aws:rds:us-west-2:108782052779:cluster:cluster-f5lzubv26w3xt5cgdvgfoyhjei,Amazon Relational Database Service,unallocated
2026-06-13T00:00:00Z,2026-06-14T00:00:00Z,True,0.002099005,arn:aws:rds:us-west-2:108782052779:cluster:cluster-o6yhev2r7ksumoenusvgvwrrae,Amazon Relational Database Service,unallocated
2026-06-13T00:00:00Z,2026-06-14T00:00:00Z,True,0.0004784544,arn:aws:rds:us-west-2:108782052779:cluster:cluster-rit4q5trwzhy6wvk7wvbpfmqam,Amazon Relational Database Service,unallocated
2026-06-13T00:00:00Z,2026-06-14T00:00:00Z,True,0.4606741192,arn:aws:rds:us-west-2:108782052779:db:aquarium-dev-db,Amazon Relational Database Service,aquarium
2026-06-13T00:00:00Z,2026-06-14T00:00:00Z,True,6.9600042363,arn:aws:rds:us-west-2:108782052779:db:dayhoff-dr-drill-20260521-instance-1,Amazon Relational Database Service,dayhoff
2026-06-13T00:00:00Z,2026-06-14T00:00:00Z,True,6.9600036824,arn:aws:rds:us-west-2:108782052779:db:dayhoff-dr-drill-20260521-reader-api,Amazon Relational Database Service,dayhoff
2026-06-13T00:00:00Z,2026-06-14T00:00:00Z,True,6.9600024914,arn:aws:rds:us-west-2:108782052779:db:dayhoff-dr-drill-20260521-reader-ha,Amazon Relational Database Service,dayhoff
2026-06-13T00:00:00Z,2026-06-14T00:00:00Z,True,6.6240030387,arn:aws:rds:us-west-2:108782052779:db:dayhoff-lsmcok1-tapdb-writer,Amazon Relational Database Service,dayhoff
2026-06-13T00:00:00Z,2026-06-14T00:00:00Z,True,17.2320034784,arn:aws:rds:us-west-2:108782052779:db:dayhoff-lsmcq7-tapdb-reader-api,Amazon Relational Database Service,dayhoff
2026-06-13T00:00:00Z,2026-06-14T00:00:00Z,True,17.2320030454,arn:aws:rds:us-west-2:108782052779:db:dayhoff-lsmcq7-tapdb-reader-ha,Amazon Relational Database Service,dayhoff
2026-06-13T00:00:00Z,2026-06-14T00:00:00Z,True,34.4640061923,arn:aws:rds:us-west-2:108782052779:db:dayhoff-lsmcq7-tapdb-writer,Amazon Relational Database Service,dayhoff
2026-06-13T00:00:00Z,2026-06-14T00:00:00Z,True,6.2400335919,arn:aws:rds:us-west-2:108782052779:db:dev-writer,Amazon Relational Database Service,dayhoff
2026-06-13T00:00:00Z,2026-06-14T00:00:00Z,True,2.3266710102,arn:aws:rds:us-west-2:108782052779:db:dr-drill-standalone-20260521,Amazon Relational Database Service,unallocated
2026-06-13T00:00:00Z,2026-06-14T00:00:00Z,True,7.6803070894,arn:aws:rds:us-west-2:108782052779:db:labcore-dev-instance-1,Amazon Relational Database Service,dayhoff
2026-06-13T00:00:00Z,2026-06-14T00:00:00Z,True,1.7520336105,arn:aws:rds:us-west-2:108782052779:db:staging-writer,Amazon Relational Database Service,dayhoff
2026-06-13T00:00:00Z,2026-06-14T00:00:00Z,True,0.4606706341,arn:aws:rds:us-west-2:108782052779:db:terrarium-dev-db,Amazon Relational Database Service,terrarium
2026-06-13T00:00:00Z,2026-06-14T00:00:00Z,True,0.4606666656,arn:aws:rds:us-west-2:108782052779:db:terrarium-prod-db,Amazon Relational Database Service,terrarium
2026-06-01T00:00:00Z,2026-06-02T00:00:00Z,True,0.54,arn:aws:elasticloadbalancing:us-east-1:108782052779:loadbalancer/net/lsmc-privatelink-nlb/4ead0a65121bd679,Amazon Elastic Load Balancing,dayhoff
2026-06-01T00:00:00Z,2026-06-02T00:00:00Z,True,0.5401205816,arn:aws:elasticloadbalancing:us-west-2:108782052779:loadbalancer/app/lsmc-mvp-dev-alb/e86b7b9ac25ed9d8,Amazon Elastic Load Balancing,dayhoff
2026-06-02T00:00:00Z,2026-06-03T00:00:00Z,True,0.54,arn:aws:elasticloadbalancing:us-east-1:108782052779:loadbalancer/net/lsmc-privatelink-nlb/4ead0a65121bd679,Amazon Elastic Load Balancing,dayhoff
2026-06-02T00:00:00Z,2026-06-03T00:00:00Z,True,0.5402873372,arn:aws:elasticloadbalancing:us-west-2:108782052779:loadbalancer/app/lsmc-mvp-dev-alb/e86b7b9ac25ed9d8,Amazon Elastic Load Balancing,dayhoff
2026-06-03T00:00:00Z,2026-06-04T00:00:00Z,True,0.54,arn:aws:elasticloadbalancing:us-east-1:108782052779:loadbalancer/net/lsmc-privatelink-nlb/4ead0a65121bd679,Amazon Elastic Load Balancing,dayhoff
2026-06-03T00:00:00Z,2026-06-04T00:00:00Z,True,0.5401818561,arn:aws:elasticloadbalancing:us-west-2:108782052779:loadbalancer/app/lsmc-mvp-dev-alb/e86b7b9ac25ed9d8,Amazon Elastic Load Balancing,dayhoff
2026-06-04T00:00:00Z,2026-06-05T00:00:00Z,True,0.54,arn:aws:elasticloadbalancing:us-east-1:108782052779:loadbalancer/net/lsmc-privatelink-nlb/4ead0a65121bd679,Amazon Elastic Load Balancing,dayhoff
2026-06-04T00:00:00Z,2026-06-05T00:00:00Z,True,0.5402238222,arn:aws:elasticloadbalancing:us-west-2:108782052779:loadbalancer/app/lsmc-mvp-dev-alb/e86b7b9ac25ed9d8,Amazon Elastic Load Balancing,dayhoff
2026-06-05T00:00:00Z,2026-06-06T00:00:00Z,True,0.54,arn:aws:elasticloadbalancing:us-east-1:108782052779:loadbalancer/net/lsmc-privatelink-nlb/4ead0a65121bd679,Amazon Elastic Load Balancing,dayhoff
2026-06-05T00:00:00Z,2026-06-06T00:00:00Z,True,0.5401443315,arn:aws:elasticloadbalancing:us-west-2:108782052779:loadbalancer/app/lsmc-mvp-dev-alb/e86b7b9ac25ed9d8,Amazon Elastic Load Balancing,dayhoff
2026-06-06T00:00:00Z,2026-06-07T00:00:00Z,True,0.54,arn:aws:elasticloadbalancing:us-east-1:108782052779:loadbalancer/net/lsmc-privatelink-nlb/4ead0a65121bd679,Amazon Elastic Load Balancing,dayhoff
2026-06-06T00:00:00Z,2026-06-07T00:00:00Z,True,0.5401603561,arn:aws:elasticloadbalancing:us-west-2:108782052779:loadbalancer/app/lsmc-mvp-dev-alb/e86b7b9ac25ed9d8,Amazon Elastic Load Balancing,dayhoff
2026-06-07T00:00:00Z,2026-06-08T00:00:00Z,True,0.54,arn:aws:elasticloadbalancing:us-east-1:108782052779:loadbalancer/net/lsmc-privatelink-nlb/4ead0a65121bd679,Amazon Elastic Load Balancing,dayhoff
2026-06-07T00:00:00Z,2026-06-08T00:00:00Z,True,0.5403980248,arn:aws:elasticloadbalancing:us-west-2:108782052779:loadbalancer/app/lsmc-mvp-dev-alb/e86b7b9ac25ed9d8,Amazon Elastic Load Balancing,dayhoff
2026-06-08T00:00:00Z,2026-06-09T00:00:00Z,True,0.54,arn:aws:elasticloadbalancing:us-east-1:108782052779:loadbalancer/net/lsmc-privatelink-nlb/4ead0a65121bd679,Amazon Elastic Load Balancing,dayhoff
2026-06-08T00:00:00Z,2026-06-09T00:00:00Z,True,0.5406632165,arn:aws:elasticloadbalancing:us-west-2:108782052779:loadbalancer/app/lsmc-mvp-dev-alb/e86b7b9ac25ed9d8,Amazon Elastic Load Balancing,dayhoff
2026-06-09T00:00:00Z,2026-06-10T00:00:00Z,True,0.54,arn:aws:elasticloadbalancing:us-east-1:108782052779:loadbalancer/net/lsmc-privatelink-nlb/4ead0a65121bd679,Amazon Elastic Load Balancing,dayhoff
2026-06-09T00:00:00Z,2026-06-10T00:00:00Z,True,0.5416587583,arn:aws:elasticloadbalancing:us-west-2:108782052779:loadbalancer/app/lsmc-mvp-dev-alb/e86b7b9ac25ed9d8,Amazon Elastic Load Balancing,dayhoff
2026-06-10T00:00:00Z,2026-06-11T00:00:00Z,True,0.54,arn:aws:elasticloadbalancing:us-east-1:108782052779:loadbalancer/net/lsmc-privatelink-nlb/4ead0a65121bd679,Amazon Elastic Load Balancing,dayhoff
2026-06-10T00:00:00Z,2026-06-11T00:00:00Z,True,0.5408392298,arn:aws:elasticloadbalancing:us-west-2:108782052779:loadbalancer/app/lsmc-mvp-dev-alb/e86b7b9ac25ed9d8,Amazon Elastic Load Balancing,dayhoff
2026-06-11T00:00:00Z,2026-06-12T00:00:00Z,True,0.54,arn:aws:elasticloadbalancing:us-east-1:108782052779:loadbalancer/net/lsmc-privatelink-nlb/4ead0a65121bd679,Amazon Elastic Load Balancing,dayhoff
2026-06-11T00:00:00Z,2026-06-12T00:00:00Z,True,0.5417939075,arn:aws:elasticloadbalancing:us-west-2:108782052779:loadbalancer/app/lsmc-mvp-dev-alb/e86b7b9ac25ed9d8,Amazon Elastic Load Balancing,dayhoff
2026-06-12T00:00:00Z,2026-06-13T00:00:00Z,True,0.54,arn:aws:elasticloadbalancing:us-east-1:108782052779:loadbalancer/net/lsmc-privatelink-nlb/4ead0a65121bd679,Amazon Elastic Load Balancing,dayhoff
2026-06-12T00:00:00Z,2026-06-13T00:00:00Z,True,0.5410111782,arn:aws:elasticloadbalancing:us-west-2:108782052779:loadbalancer/app/lsmc-mvp-dev-alb/e86b7b9ac25ed9d8,Amazon Elastic Load Balancing,dayhoff
2026-06-13T00:00:00Z,2026-06-14T00:00:00Z,True,0.54,arn:aws:elasticloadbalancing:us-east-1:108782052779:loadbalancer/net/lsmc-privatelink-nlb/4ead0a65121bd679,Amazon Elastic Load Balancing,dayhoff
2026-06-13T00:00:00Z,2026-06-14T00:00:00Z,True,0.5429844575,arn:aws:elasticloadbalancing:us-west-2:108782052779:loadbalancer/app/lsmc-mvp-dev-alb/e86b7b9ac25ed9d8,Amazon Elastic Load Balancing,dayhoff
2026-06-01T00:00:00Z,2026-06-02T00:00:00Z,True,0.12,arn:aws:ec2:ap-south-1:108782052779:network-interface/eni-02d1c980266b3afc3,Amazon Virtual Private Cloud,unallocated
2026-06-01T00:00:00Z,2026-06-02T00:00:00Z,True,0.12,arn:aws:ec2:ap-south-1:108782052779:network-interface/eni-0b311a0dcb595e613,Amazon Virtual Private Cloud,unallocated
2026-06-01T00:00:00Z,2026-06-02T00:00:00Z,True,0.12,arn:aws:ec2:eu-central-1:108782052779:network-interface/eni-016caa7d86d41fa17,Amazon Virtual Private Cloud,unallocated
2026-06-01T00:00:00Z,2026-06-02T00:00:00Z,True,0.12,arn:aws:ec2:eu-central-1:108782052779:network-interface/eni-0b8150cde6a5fc7ae,Amazon Virtual Private Cloud,unallocated
2026-06-01T00:00:00Z,2026-06-02T00:00:00Z,True,0.12,arn:aws:ec2:us-east-1:108782052779:network-interface/eni-000a1e5904276b377,Amazon Virtual Private Cloud,unallocated
2026-06-01T00:00:00Z,2026-06-02T00:00:00Z,True,0.12,arn:aws:ec2:us-east-1:108782052779:network-interface/eni-085448ce53cb8a8b8,Amazon Virtual Private Cloud,unallocated
2026-06-01T00:00:00Z,2026-06-02T00:00:00Z,True,0.12,arn:aws:ec2:us-east-1:108782052779:network-interface/eni-08997318714e9b90d,Amazon Virtual Private Cloud,unallocated
2026-06-01T00:00:00Z,2026-06-02T00:00:00Z,True,0.12,arn:aws:ec2:us-east-1:108782052779:network-interface/eni-0d366fd4150dd6012,Amazon Virtual Private Cloud,unallocated
2026-06-01T00:00:00Z,2026-06-02T00:00:00Z,True,0.001120835,arn:aws:ec2:us-west-2:108782052779:elastic-ip/eipalloc-01475d9f7ac8a16ca,Amazon Virtual Private Cloud,unallocated
2026-06-01T00:00:00Z,2026-06-02T00:00:00Z,True,0.12,arn:aws:ec2:us-west-2:108782052779:elastic-ip/eipalloc-02ef5760f8f8700fd,Amazon Virtual Private Cloud,unallocated
2026-06-01T00:00:00Z,2026-06-02T00:00:00Z,True,0.001097225,arn:aws:ec2:us-west-2:108782052779:elastic-ip/eipalloc-0535defc1a36171b5,Amazon Virtual Private Cloud,unallocated
2026-06-01T00:00:00Z,2026-06-02T00:00:00Z,True,8.3335e-05,arn:aws:ec2:us-west-2:108782052779:elastic-ip/eipalloc-09e31b642e5e870fc,Amazon Virtual Private Cloud,unallocated
2026-06-01T00:00:00Z,2026-06-02T00:00:00Z,True,8.3335e-05,arn:aws:ec2:us-west-2:108782052779:elastic-ip/eipalloc-0a37aede87e029cce,Amazon Virtual Private Cloud,unallocated
2026-06-01T00:00:00Z,2026-06-02T00:00:00Z,True,0.12,arn:aws:ec2:us-west-2:108782052779:network-interface/eni-0053a0c36ed8792d5,Amazon Virtual Private Cloud,unallocated
2026-06-01T00:00:00Z,2026-06-02T00:00:00Z,True,0.04398611,arn:aws:ec2:us-west-2:108782052779:network-interface/eni-014645d801ae82b2f,Amazon Virtual Private Cloud,unallocated
2026-06-01T00:00:00Z,2026-06-02T00:00:00Z,True,0.12,arn:aws:ec2:us-west-2:108782052779:network-interface/eni-026f98f985a93c4bc,Amazon Virtual Private Cloud,unallocated
2026-06-01T00:00:00Z,2026-06-02T00:00:00Z,True,0.12,arn:aws:ec2:us-west-2:108782052779:network-interface/eni-0365f5bd1308e7491,Amazon Virtual Private Cloud,unallocated
2026-06-01T00:00:00Z,2026-06-02T00:00:00Z,True,0.12,arn:aws:ec2:us-west-2:108782052779:network-interface/eni-04e9a24108db62c0a,Amazon Virtual Private Cloud,unallocated
2026-06-01T00:00:00Z,2026-06-02T00:00:00Z,True,0.10567639,arn:aws:ec2:us-west-2:108782052779:network-interface/eni-05b104d591c9d2d1e,Amazon Virtual Private Cloud,unallocated
2026-06-01T00:00:00Z,2026-06-02T00:00:00Z,True,0.12,arn:aws:ec2:us-west-2:108782052779:network-interface/eni-064218f01cc92ddaa,Amazon Virtual Private Cloud,unallocated
2026-06-01T00:00:00Z,2026-06-02T00:00:00Z,True,0.05712917,arn:aws:ec2:us-west-2:108782052779:network-interface/eni-06dcd6fec6df81b9c,Amazon Virtual Private Cloud,unallocated
2026-06-01T00:00:00Z,2026-06-02T00:00:00Z,True,0.12,arn:aws:ec2:us-west-2:108782052779:network-interface/eni-0725a15da78e40c9d,Amazon Virtual Private Cloud,unallocated
2026-06-01T00:00:00Z,2026-06-02T00:00:00Z,True,0.12,arn:aws:ec2:us-west-2:108782052779:network-interface/eni-099e96a4f6c1d02b6,Amazon Virtual Private Cloud,unallocated
2026-06-01T00:00:00Z,2026-06-02T00:00:00Z,True,0.12,arn:aws:ec2:us-west-2:108782052779:network-interface/eni-0a0c755b06c71877c,Amazon Virtual Private Cloud,unallocated
2026-06-01T00:00:00Z,2026-06-02T00:00:00Z,True,0.12,arn:aws:ec2:us-west-2:108782052779:network-interface/eni-0b7cb679115d71f09,Amazon Virtual Private Cloud,unallocated
2026-06-01T00:00:00Z,2026-06-02T00:00:00Z,True,0.12,arn:aws:ec2:us-west-2:108782052779:network-interface/eni-0bf0638cf19f78c48,Amazon Virtual Private Cloud,unallocated
2026-06-01T00:00:00Z,2026-06-02T00:00:00Z,True,0.016559725,arn:aws:ec2:us-west-2:108782052779:network-interface/eni-0c9ac0849e5beebb7,Amazon Virtual Private Cloud,unallocated
2026-06-01T00:00:00Z,2026-06-02T00:00:00Z,True,0.12,arn:aws:ec2:us-west-2:108782052779:network-interface/eni-0e8383492c016f0dc,Amazon Virtual Private Cloud,unallocated
2026-06-01T00:00:00Z,2026-06-02T00:00:00Z,True,0.12,arn:aws:ec2:us-west-2:171675361862:network-interface/eni-09dec6f627819db8b,Amazon Virtual Private Cloud,unallocated
2026-06-01T00:00:00Z,2026-06-02T00:00:00Z,True,0.2400029722,arn:aws:ec2:us-west-2:171675361862:vpc-endpoint/vpce-02ac48bf0c4efb877,Amazon Virtual Private Cloud,unallocated
2026-06-01T00:00:00Z,2026-06-02T00:00:00Z,True,0.2400007377,arn:aws:ec2:us-west-2:171675361862:vpc-endpoint/vpce-036891e26dd789978,Amazon Virtual Private Cloud,unallocated
2026-06-01T00:00:00Z,2026-06-02T00:00:00Z,True,0.2400104318,arn:aws:ec2:us-west-2:171675361862:vpc-endpoint/vpce-0384b7109c7362817,Amazon Virtual Private Cloud,unallocated
2026-06-01T00:00:00Z,2026-06-02T00:00:00Z,True,0.24,arn:aws:ec2:us-west-2:171675361862:vpc-endpoint/vpce-0766e7a15cf8b1a9f,Amazon Virtual Private Cloud,unallocated
2026-06-01T00:00:00Z,2026-06-02T00:00:00Z,True,0.2422625575,arn:aws:ec2:us-west-2:171675361862:vpc-endpoint/vpce-07f1e154c6ff3a42f,Amazon Virtual Private Cloud,unallocated
2026-06-01T00:00:00Z,2026-06-02T00:00:00Z,True,0.2426531598,arn:aws:ec2:us-west-2:171675361862:vpc-endpoint/vpce-096eaa1400b8861cb,Amazon Virtual Private Cloud,unallocated
2026-06-01T00:00:00Z,2026-06-02T00:00:00Z,True,0.24,arn:aws:ec2:us-west-2:171675361862:vpc-endpoint/vpce-0f12344d88ada019d,Amazon Virtual Private Cloud,unallocated
2026-06-02T00:00:00Z,2026-06-03T00:00:00Z,True,0.12,arn:aws:ec2:ap-south-1:108782052779:network-interface/eni-02d1c980266b3afc3,Amazon Virtual Private Cloud,unallocated
2026-06-02T00:00:00Z,2026-06-03T00:00:00Z,True,0.12,arn:aws:ec2:ap-south-1:108782052779:network-interface/eni-0b311a0dcb595e613,Amazon Virtual Private Cloud,unallocated
2026-06-02T00:00:00Z,2026-06-03T00:00:00Z,True,0.12,arn:aws:ec2:eu-central-1:108782052779:network-interface/eni-016caa7d86d41fa17,Amazon Virtual Private Cloud,unallocated
2026-06-02T00:00:00Z,2026-06-03T00:00:00Z,True,0.12,arn:aws:ec2:eu-central-1:108782052779:network-interface/eni-0b8150cde6a5fc7ae,Amazon Virtual Private Cloud,unallocated
2026-06-02T00:00:00Z,2026-06-03T00:00:00Z,True,0.12,arn:aws:ec2:us-east-1:108782052779:network-interface/eni-000a1e5904276b377,Amazon Virtual Private Cloud,unallocated
2026-06-02T00:00:00Z,2026-06-03T00:00:00Z,True,0.12,arn:aws:ec2:us-east-1:108782052779:network-interface/eni-085448ce53cb8a8b8,Amazon Virtual Private Cloud,unallocated
2026-06-02T00:00:00Z,2026-06-03T00:00:00Z,True,0.12,arn:aws:ec2:us-east-1:108782052779:network-interface/eni-08997318714e9b90d,Amazon Virtual Private Cloud,unallocated
2026-06-02T00:00:00Z,2026-06-03T00:00:00Z,True,0.12,arn:aws:ec2:us-east-1:108782052779:network-interface/eni-0d366fd4150dd6012,Amazon Virtual Private Cloud,unallocated
2026-06-02T00:00:00Z,2026-06-03T00:00:00Z,True,0.12,arn:aws:ec2:us-west-2:108782052779:elastic-ip/eipalloc-02ef5760f8f8700fd,Amazon Virtual Private Cloud,unallocated
2026-06-02T00:00:00Z,2026-06-03T00:00:00Z,True,0.000119445,arn:aws:ec2:us-west-2:108782052779:elastic-ip/eipalloc-04a30b6312bde260f,Amazon Virtual Private Cloud,unallocated
2026-06-02T00:00:00Z,2026-06-03T00:00:00Z,True,8.3335e-05,arn:aws:ec2:us-west-2:108782052779:elastic-ip/eipalloc-06508272a795b9cf2,Amazon Virtual Private Cloud,unallocated
2026-06-02T00:00:00Z,2026-06-03T00:00:00Z,True,0.001120835,arn:aws:ec2:us-west-2:108782052779:elastic-ip/eipalloc-07011cf9f0f63b830,Amazon Virtual Private Cloud,unallocated
2026-06-02T00:00:00Z,2026-06-03T00:00:00Z,True,8.3335e-05,arn:aws:ec2:us-west-2:108782052779:elastic-ip/eipalloc-0e227f524a1a065c1,Amazon Virtual Private Cloud,unallocated
2026-06-02T00:00:00Z,2026-06-03T00:00:00Z,True,0.000125,arn:aws:ec2:us-west-2:108782052779:elastic-ip/eipalloc-0fa9b61dae39f36fd,Amazon Virtual Private Cloud,unallocated
2026-06-02T00:00:00Z,2026-06-03T00:00:00Z,True,0.12,arn:aws:ec2:us-west-2:108782052779:network-interface/eni-0053a0c36ed8792d5,Amazon Virtual Private Cloud,unallocated
2026-06-02T00:00:00Z,2026-06-03T00:00:00Z,True,0.050083335,arn:aws:ec2:us-west-2:108782052779:network-interface/eni-00d0d767fe52379a8,Amazon Virtual Private Cloud,unallocated
2026-06-02T00:00:00Z,2026-06-03T00:00:00Z,True,0.12,arn:aws:ec2:us-west-2:108782052779:network-interface/eni-014645d801ae82b2f,Amazon Virtual Private Cloud,unallocated
2026-06-02T00:00:00Z,2026-06-03T00:00:00Z,True,0.052597225,arn:aws:ec2:us-west-2:108782052779:network-interface/eni-021eb5cefb9ebcdff,Amazon Virtual Private Cloud,unallocated
2026-06-02T00:00:00Z,2026-06-03T00:00:00Z,True,0.12,arn:aws:ec2:us-west-2:108782052779:network-interface/eni-026f98f985a93c4bc,Amazon Virtual Private Cloud,unallocated
2026-06-02T00:00:00Z,2026-06-03T00:00:00Z,True,0.12,arn:aws:ec2:us-west-2:108782052779:network-interface/eni-0365f5bd1308e7491,Amazon Virtual Private Cloud,unallocated
2026-06-02T00:00:00Z,2026-06-03T00:00:00Z,True,0.12,arn:aws:ec2:us-west-2:108782052779:network-interface/eni-04e9a24108db62c0a,Amazon Virtual Private Cloud,unallocated
2026-06-02T00:00:00Z,2026-06-03T00:00:00Z,True,0.12,arn:aws:ec2:us-west-2:108782052779:network-interface/eni-064218f01cc92ddaa,Amazon Virtual Private Cloud,unallocated
2026-06-02T00:00:00Z,2026-06-03T00:00:00Z,True,0.12,arn:aws:ec2:us-west-2:108782052779:network-interface/eni-0725a15da78e40c9d,Amazon Virtual Private Cloud,unallocated
2026-06-02T00:00:00Z,2026-06-03T00:00:00Z,True,0.12,arn:aws:ec2:us-west-2:108782052779:network-interface/eni-099e96a4f6c1d02b6,Amazon Virtual Private Cloud,unallocated
2026-06-02T00:00:00Z,2026-06-03T00:00:00Z,True,0.0011375,arn:aws:ec2:us-west-2:108782052779:network-interface/eni-09bc761478615dc21,Amazon Virtual Private Cloud,unallocated
2026-06-02T00:00:00Z,2026-06-03T00:00:00Z,True,0.097880555,arn:aws:ec2:us-west-2:108782052779:network-interface/eni-0a0c755b06c71877c,Amazon Virtual Private Cloud,unallocated
2026-06-02T00:00:00Z,2026-06-03T00:00:00Z,True,0.00011389,arn:aws:ec2:us-west-2:108782052779:network-interface/eni-0a9761514db7056cf,Amazon Virtual Private Cloud,unallocated
2026-06-02T00:00:00Z,2026-06-03T00:00:00Z,True,0.12,arn:aws:ec2:us-west-2:108782052779:network-interface/eni-0b7cb679115d71f09,Amazon Virtual Private Cloud,unallocated
2026-06-02T00:00:00Z,2026-06-03T00:00:00Z,True,0.12,arn:aws:ec2:us-west-2:108782052779:network-interface/eni-0bf0638cf19f78c48,Amazon Virtual Private Cloud,unallocated
2026-06-02T00:00:00Z,2026-06-03T00:00:00Z,True,0.024125,arn:aws:ec2:us-west-2:108782052779:network-interface/eni-0d4fe172ce3285626,Amazon Virtual Private Cloud,unallocated
2026-06-02T00:00:00Z,2026-06-03T00:00:00Z,True,0.12,arn:aws:ec2:us-west-2:108782052779:network-interface/eni-0e8383492c016f0dc,Amazon Virtual Private Cloud,unallocated
2026-06-02T00:00:00Z,2026-06-03T00:00:00Z,True,0.12,arn:aws:ec2:us-west-2:171675361862:network-interface/eni-09dec6f627819db8b,Amazon Virtual Private Cloud,unallocated
2026-06-02T00:00:00Z,2026-06-03T00:00:00Z,True,0.240002971,arn:aws:ec2:us-west-2:171675361862:vpc-endpoint/vpce-02ac48bf0c4efb877,Amazon Virtual Private Cloud,unallocated
2026-06-02T00:00:00Z,2026-06-03T00:00:00Z,True,0.2400007362,arn:aws:ec2:us-west-2:171675361862:vpc-endpoint/vpce-036891e26dd789978,Amazon Virtual Private Cloud,unallocated
2026-06-02T00:00:00Z,2026-06-03T00:00:00Z,True,0.2400099935,arn:aws:ec2:us-west-2:171675361862:vpc-endpoint/vpce-0384b7109c7362817,Amazon Virtual Private Cloud,unallocated
2026-06-02T00:00:00Z,2026-06-03T00:00:00Z,True,0.24,arn:aws:ec2:us-west-2:171675361862:vpc-endpoint/vpce-0766e7a15cf8b1a9f,Amazon Virtual Private Cloud,unallocated
2026-06-02T00:00:00Z,2026-06-03T00:00:00Z,True,0.2427543565,arn:aws:ec2:us-west-2:171675361862:vpc-endpoint/vpce-07f1e154c6ff3a42f,Amazon Virtual Private Cloud,unallocated
2026-06-02T00:00:00Z,2026-06-03T00:00:00Z,True,0.2426514065,arn:aws:ec2:us-west-2:171675361862:vpc-endpoint/vpce-096eaa1400b8861cb,Amazon Virtual Private Cloud,unallocated
2026-06-02T00:00:00Z,2026-06-03T00:00:00Z,True,0.24,arn:aws:ec2:us-west-2:171675361862:vpc-endpoint/vpce-0f12344d88ada019d,Amazon Virtual Private Cloud,unallocated
2026-06-03T00:00:00Z,2026-06-04T00:00:00Z,True,0.12,arn:aws:ec2:ap-south-1:108782052779:network-interface/eni-02d1c980266b3afc3,Amazon Virtual Private Cloud,unallocated
2026-06-03T00:00:00Z,2026-06-04T00:00:00Z,True,0.12,arn:aws:ec2:ap-south-1:108782052779:network-interface/eni-0b311a0dcb595e613,Amazon Virtual Private Cloud,unallocated
2026-06-03T00:00:00Z,2026-06-04T00:00:00Z,True,0.12,arn:aws:ec2:eu-central-1:108782052779:network-interface/eni-016caa7d86d41fa17,Amazon Virtual Private Cloud,unallocated
2026-06-03T00:00:00Z,2026-06-04T00:00:00Z,True,0.12,arn:aws:ec2:eu-central-1:108782052779:network-interface/eni-0b8150cde6a5fc7ae,Amazon Virtual Private Cloud,unallocated
2026-06-03T00:00:00Z,2026-06-04T00:00:00Z,True,0.000230555,arn:aws:ec2:us-east-1:108782052779:elastic-ip/eipalloc-0004f38c8ac45ff0f,Amazon Virtual Private Cloud,dayhoff
2026-06-03T00:00:00Z,2026-06-04T00:00:00Z,True,8.3335e-05,arn:aws:ec2:us-east-1:108782052779:elastic-ip/eipalloc-01f4b5e56f06a182c,Amazon Virtual Private Cloud,unallocated
2026-06-03T00:00:00Z,2026-06-04T00:00:00Z,True,0.000230555,arn:aws:ec2:us-east-1:108782052779:elastic-ip/eipalloc-0b6cc46ecf8c48bd3,Amazon Virtual Private Cloud,dayhoff
2026-06-03T00:00:00Z,2026-06-04T00:00:00Z,True,0.12,arn:aws:ec2:us-east-1:108782052779:network-interface/eni-000a1e5904276b377,Amazon Virtual Private Cloud,unallocated
2026-06-03T00:00:00Z,2026-06-04T00:00:00Z,True,0.085191665,arn:aws:ec2:us-east-1:108782052779:network-interface/eni-042ba53ad6a8384a3,Amazon Virtual Private Cloud,unallocated
2026-06-03T00:00:00Z,2026-06-04T00:00:00Z,True,0.12,arn:aws:ec2:us-east-1:108782052779:network-interface/eni-085448ce53cb8a8b8,Amazon Virtual Private Cloud,unallocated
2026-06-03T00:00:00Z,2026-06-04T00:00:00Z,True,0.12,arn:aws:ec2:us-east-1:108782052779:network-interface/eni-08997318714e9b90d,Amazon Virtual Private Cloud,unallocated
2026-06-03T00:00:00Z,2026-06-04T00:00:00Z,True,0.03754861,arn:aws:ec2:us-east-1:108782052779:network-interface/eni-09fc345b72c77f5e5,Amazon Virtual Private Cloud,unallocated
2026-06-03T00:00:00Z,2026-06-04T00:00:00Z,True,0.09349028,arn:aws:ec2:us-east-1:108782052779:network-interface/eni-0bd3433d9edaf167c,Amazon Virtual Private Cloud,unallocated
2026-06-03T00:00:00Z,2026-06-04T00:00:00Z,True,0.12,arn:aws:ec2:us-east-1:108782052779:network-interface/eni-0d366fd4150dd6012,Amazon Virtual Private Cloud,unallocated
2026-06-03T00:00:00Z,2026-06-04T00:00:00Z,True,0.12,arn:aws:ec2:us-west-2:108782052779:elastic-ip/eipalloc-02ef5760f8f8700fd,Amazon Virtual Private Cloud,unallocated
2026-06-03T00:00:00Z,2026-06-04T00:00:00Z,True,8.3335e-05,arn:aws:ec2:us-west-2:108782052779:elastic-ip/eipalloc-0535defc1a36171b5,Amazon Virtual Private Cloud,unallocated
2026-06-03T00:00:00Z,2026-06-04T00:00:00Z,True,8.3335e-05,arn:aws:ec2:us-west-2:108782052779:elastic-ip/eipalloc-07cc1bdce7eb54dda,Amazon Virtual Private Cloud,unallocated
2026-06-03T00:00:00Z,2026-06-04T00:00:00Z,True,0.000954165,arn:aws:ec2:us-west-2:108782052779:elastic-ip/eipalloc-0aa2ba956f7dec22b,Amazon Virtual Private Cloud,unallocated
2026-06-03T00:00:00Z,2026-06-04T00:00:00Z,True,0.00112222,arn:aws:ec2:us-west-2:108782052779:elastic-ip/eipalloc-0e053d474f9ea9edd,Amazon Virtual Private Cloud,unallocated
2026-06-03T00:00:00Z,2026-06-04T00:00:00Z,True,0.001069445,arn:aws:ec2:us-west-2:108782052779:elastic-ip/eipalloc-0e227f524a1a065c1,Amazon Virtual Private Cloud,unallocated
2026-06-03T00:00:00Z,2026-06-04T00:00:00Z,True,0.000630555,arn:aws:ec2:us-west-2:108782052779:elastic-ip/eipalloc-0fedaccdaf7f11e3d,Amazon Virtual Private Cloud,unallocated
2026-06-03T00:00:00Z,2026-06-04T00:00:00Z,True,0.12,arn:aws:ec2:us-west-2:108782052779:network-interface/eni-0053a0c36ed8792d5,Amazon Virtual Private Cloud,unallocated
2026-06-03T00:00:00Z,2026-06-04T00:00:00Z,True,0.12,arn:aws:ec2:us-west-2:108782052779:network-interface/eni-00d0d767fe52379a8,Amazon Virtual Private Cloud,unallocated
2026-06-03T00:00:00Z,2026-06-04T00:00:00Z,True,0.005955555,arn:aws:ec2:us-west-2:108782052779:network-interface/eni-014645d801ae82b2f,Amazon Virtual Private Cloud,unallocated
2026-06-03T00:00:00Z,2026-06-04T00:00:00Z,True,0.12,arn:aws:ec2:us-west-2:108782052779:network-interface/eni-026f98f985a93c4bc,Amazon Virtual Private Cloud,unallocated
2026-06-03T00:00:00Z,2026-06-04T00:00:00Z,True,0.12,arn:aws:ec2:us-west-2:108782052779:network-interface/eni-0365f5bd1308e7491,Amazon Virtual Private Cloud,unallocated
2026-06-03T00:00:00Z,2026-06-04T00:00:00Z,True,0.07695278,arn:aws:ec2:us-west-2:108782052779:network-interface/eni-037b994293240220b,Amazon Virtual Private Cloud,unallocated
2026-06-03T00:00:00Z,2026-06-04T00:00:00Z,True,0.12,arn:aws:ec2:us-west-2:108782052779:network-interface/eni-04e9a24108db62c0a,Amazon Virtual Private Cloud,unallocated
2026-06-03T00:00:00Z,2026-06-04T00:00:00Z,True,0.12,arn:aws:ec2:us-west-2:108782052779:network-interface/eni-064218f01cc92ddaa,Amazon Virtual Private Cloud,unallocated
2026-06-03T00:00:00Z,2026-06-04T00:00:00Z,True,0.12,arn:aws:ec2:us-west-2:108782052779:network-interface/eni-0725a15da78e40c9d,Amazon Virtual Private Cloud,unallocated
2026-06-03T00:00:00Z,2026-06-04T00:00:00Z,True,0.12,arn:aws:ec2:us-west-2:108782052779:network-interface/eni-099e96a4f6c1d02b6,Amazon Virtual Private Cloud,unallocated
2026-06-03T00:00:00Z,2026-06-04T00:00:00Z,True,0.12,arn:aws:ec2:us-west-2:108782052779:network-interface/eni-09bc761478615dc21,Amazon Virtual Private Cloud,unallocated
2026-06-03T00:00:00Z,2026-06-04T00:00:00Z,True,0.12,arn:aws:ec2:us-west-2:108782052779:network-interface/eni-0b7cb679115d71f09,Amazon Virtual Private Cloud,unallocated
2026-06-03T00:00:00Z,2026-06-04T00:00:00Z,True,0.002618055,arn:aws:ec2:us-west-2:108782052779:network-interface/eni-0bf0638cf19f78c48,Amazon Virtual Private Cloud,unallocated
2026-06-03T00:00:00Z,2026-06-04T00:00:00Z,True,0.12,arn:aws:ec2:us-west-2:108782052779:network-interface/eni-0d4fe172ce3285626,Amazon Virtual Private Cloud,unallocated
2026-06-03T00:00:00Z,2026-06-04T00:00:00Z,True,0.04594722,arn:aws:ec2:us-west-2:108782052779:network-interface/eni-0e38dc479e9bccd34,Amazon Virtual Private Cloud,unallocated
2026-06-03T00:00:00Z,2026-06-04T00:00:00Z,True,0.061725005,arn:aws:ec2:us-west-2:108782052779:network-interface/eni-0e76cbe6d0fa2009b,Amazon Virtual Private Cloud,unallocated
2026-06-03T00:00:00Z,2026-06-04T00:00:00Z,True,0.12,arn:aws:ec2:us-west-2:108782052779:network-interface/eni-0e8383492c016f0dc,Amazon Virtual Private Cloud,unallocated
2026-06-03T00:00:00Z,2026-06-04T00:00:00Z,True,0.12,arn:aws:ec2:us-west-2:171675361862:network-interface/eni-09dec6f627819db8b,Amazon Virtual Private Cloud,unallocated
2026-06-03T00:00:00Z,2026-06-04T00:00:00Z,True,0.2400029779,arn:aws:ec2:us-west-2:171675361862:vpc-endpoint/vpce-02ac48bf0c4efb877,Amazon Virtual Private Cloud,unallocated
2026-06-03T00:00:00Z,2026-06-04T00:00:00Z,True,0.2400007362,arn:aws:ec2:us-west-2:171675361862:vpc-endpoint/vpce-036891e26dd789978,Amazon Virtual Private Cloud,unallocated
2026-06-03T00:00:00Z,2026-06-04T00:00:00Z,True,0.2400102141,arn:aws:ec2:us-west-2:171675361862:vpc-endpoint/vpce-0384b7109c7362817,Amazon Virtual Private Cloud,unallocated
2026-06-03T00:00:00Z,2026-06-04T00:00:00Z,True,0.24,arn:aws:ec2:us-west-2:171675361862:vpc-endpoint/vpce-0766e7a15cf8b1a9f,Amazon Virtual Private Cloud,unallocated
2026-06-03T00:00:00Z,2026-06-04T00:00:00Z,True,0.2423918236,arn:aws:ec2:us-west-2:171675361862:vpc-endpoint/vpce-07f1e154c6ff3a42f,Amazon Virtual Private Cloud,unallocated
2026-06-03T00:00:00Z,2026-06-04T00:00:00Z,True,0.2426618043,arn:aws:ec2:us-west-2:171675361862:vpc-endpoint/vpce-096eaa1400b8861cb,Amazon Virtual Private Cloud,unallocated
2026-06-03T00:00:00Z,2026-06-04T00:00:00Z,True,0.24,arn:aws:ec2:us-west-2:171675361862:vpc-endpoint/vpce-0f12344d88ada019d,Amazon Virtual Private Cloud,unallocated
2026-06-04T00:00:00Z,2026-06-05T00:00:00Z,True,0.12,arn:aws:ec2:ap-south-1:108782052779:network-interface/eni-02d1c980266b3afc3,Amazon Virtual Private Cloud,unallocated
2026-06-04T00:00:00Z,2026-06-05T00:00:00Z,True,0.12,arn:aws:ec2:ap-south-1:108782052779:network-interface/eni-0b311a0dcb595e613,Amazon Virtual Private Cloud,unallocated
2026-06-04T00:00:00Z,2026-06-05T00:00:00Z,True,0.12,arn:aws:ec2:eu-central-1:108782052779:network-interface/eni-016caa7d86d41fa17,Amazon Virtual Private Cloud,unallocated
2026-06-04T00:00:00Z,2026-06-05T00:00:00Z,True,0.12,arn:aws:ec2:eu-central-1:108782052779:network-interface/eni-0b8150cde6a5fc7ae,Amazon Virtual Private Cloud,unallocated
2026-06-04T00:00:00Z,2026-06-05T00:00:00Z,True,0.12,arn:aws:ec2:us-east-1:108782052779:network-interface/eni-000a1e5904276b377,Amazon Virtual Private Cloud,unallocated
2026-06-04T00:00:00Z,2026-06-05T00:00:00Z,True,0.12,arn:aws:ec2:us-east-1:108782052779:network-interface/eni-042ba53ad6a8384a3,Amazon Virtual Private Cloud,unallocated
2026-06-04T00:00:00Z,2026-06-05T00:00:00Z,True,0.12,arn:aws:ec2:us-east-1:108782052779:network-interface/eni-085448ce53cb8a8b8,Amazon Virtual Private Cloud,unallocated
2026-06-04T00:00:00Z,2026-06-05T00:00:00Z,True,0.12,arn:aws:ec2:us-east-1:108782052779:network-interface/eni-08997318714e9b90d,Amazon Virtual Private Cloud,unallocated
2026-06-04T00:00:00Z,2026-06-05T00:00:00Z,True,0.12,arn:aws:ec2:us-east-1:108782052779:network-interface/eni-09fc345b72c77f5e5,Amazon Virtual Private Cloud,unallocated
2026-06-04T00:00:00Z,2026-06-05T00:00:00Z,True,0.12,arn:aws:ec2:us-east-1:108782052779:network-interface/eni-0bd3433d9edaf167c,Amazon Virtual Private Cloud,unallocated
2026-06-04T00:00:00Z,2026-06-05T00:00:00Z,True,0.12,arn:aws:ec2:us-east-1:108782052779:network-interface/eni-0d366fd4150dd6012,Amazon Virtual Private Cloud,unallocated
2026-06-04T00:00:00Z,2026-06-05T00:00:00Z,True,0.00103889,arn:aws:ec2:us-west-2:108782052779:elastic-ip/eipalloc-02ebd416ab848888d,Amazon Virtual Private Cloud,unallocated
2026-06-04T00:00:00Z,2026-06-05T00:00:00Z,True,0.12,arn:aws:ec2:us-west-2:108782052779:elastic-ip/eipalloc-02ef5760f8f8700fd,Amazon Virtual Private Cloud,unallocated
2026-06-04T00:00:00Z,2026-06-05T00:00:00Z,True,8.3335e-05,arn:aws:ec2:us-west-2:108782052779:elastic-ip/eipalloc-0aa2ba956f7dec22b,Amazon Virtual Private Cloud,unallocated
2026-06-04T00:00:00Z,2026-06-05T00:00:00Z,True,8.3335e-05,arn:aws:ec2:us-west-2:108782052779:elastic-ip/eipalloc-0e053d474f9ea9edd,Amazon Virtual Private Cloud,unallocated
2026-06-04T00:00:00Z,2026-06-05T00:00:00Z,True,0.000405555,arn:aws:ec2:us-west-2:108782052779:elastic-ip/eipalloc-0fedaccdaf7f11e3d,Amazon Virtual Private Cloud,unallocated
2026-06-04T00:00:00Z,2026-06-05T00:00:00Z,True,0.12,arn:aws:ec2:us-west-2:108782052779:network-interface/eni-0053a0c36ed8792d5,Amazon Virtual Private Cloud,unallocated
2026-06-04T00:00:00Z,2026-06-05T00:00:00Z,True,0.12,arn:aws:ec2:us-west-2:108782052779:network-interface/eni-00d0d767fe52379a8,Amazon Virtual Private Cloud,unallocated
2026-06-04T00:00:00Z,2026-06-05T00:00:00Z,True,0.12,arn:aws:ec2:us-west-2:108782052779:network-interface/eni-026f98f985a93c4bc,Amazon Virtual Private Cloud,unallocated
2026-06-04T00:00:00Z,2026-06-05T00:00:00Z,True,0.12,arn:aws:ec2:us-west-2:108782052779:network-interface/eni-0365f5bd1308e7491,Amazon Virtual Private Cloud,unallocated
2026-06-04T00:00:00Z,2026-06-05T00:00:00Z,True,0.00350694,arn:aws:ec2:us-west-2:108782052779:network-interface/eni-037b994293240220b,Amazon Virtual Private Cloud,unallocated
2026-06-04T00:00:00Z,2026-06-05T00:00:00Z,True,0.119594445,arn:aws:ec2:us-west-2:108782052779:network-interface/eni-04e4d22102609e132,Amazon Virtual Private Cloud,unallocated
2026-06-04T00:00:00Z,2026-06-05T00:00:00Z,True,0.12,arn:aws:ec2:us-west-2:108782052779:network-interface/eni-04e9a24108db62c0a,Amazon Virtual Private Cloud,unallocated
2026-06-04T00:00:00Z,2026-06-05T00:00:00Z,True,0.12,arn:aws:ec2:us-west-2:108782052779:network-interface/eni-064218f01cc92ddaa,Amazon Virtual Private Cloud,unallocated
2026-06-04T00:00:00Z,2026-06-05T00:00:00Z,True,0.12,arn:aws:ec2:us-west-2:108782052779:network-interface/eni-0725a15da78e40c9d,Amazon Virtual Private Cloud,unallocated
2026-06-04T00:00:00Z,2026-06-05T00:00:00Z,True,0.12,arn:aws:ec2:us-west-2:108782052779:network-interface/eni-099e96a4f6c1d02b6,Amazon Virtual Private Cloud,unallocated
2026-06-04T00:00:00Z,2026-06-05T00:00:00Z,True,0.12,arn:aws:ec2:us-west-2:108782052779:network-interface/eni-09bc761478615dc21,Amazon Virtual Private Cloud,unallocated
2026-06-04T00:00:00Z,2026-06-05T00:00:00Z,True,0.11383889,arn:aws:ec2:us-west-2:108782052779:network-interface/eni-0a8508c605feeb56d,Amazon Virtual Private Cloud,unallocated
2026-06-04T00:00:00Z,2026-06-05T00:00:00Z,True,0.12,arn:aws:ec2:us-west-2:108782052779:network-interface/eni-0b7cb679115d71f09,Amazon Virtual Private Cloud,unallocated
2026-06-04T00:00:00Z,2026-06-05T00:00:00Z,True,0.12,arn:aws:ec2:us-west-2:108782052779:network-interface/eni-0d4fe172ce3285626,Amazon Virtual Private Cloud,unallocated
2026-06-04T00:00:00Z,2026-06-05T00:00:00Z,True,0.003208335,arn:aws:ec2:us-west-2:108782052779:network-interface/eni-0e38dc479e9bccd34,Amazon Virtual Private Cloud,unallocated
2026-06-04T00:00:00Z,2026-06-05T00:00:00Z,True,0.12,arn:aws:ec2:us-west-2:108782052779:network-interface/eni-0e8383492c016f0dc,Amazon Virtual Private Cloud,unallocated
2026-06-04T00:00:00Z,2026-06-05T00:00:00Z,True,0.12,arn:aws:ec2:us-west-2:171675361862:network-interface/eni-09dec6f627819db8b,Amazon Virtual Private Cloud,unallocated
2026-06-04T00:00:00Z,2026-06-05T00:00:00Z,True,0.2400029872,arn:aws:ec2:us-west-2:171675361862:vpc-endpoint/vpce-02ac48bf0c4efb877,Amazon Virtual Private Cloud,unallocated
2026-06-04T00:00:00Z,2026-06-05T00:00:00Z,True,0.2400007366,arn:aws:ec2:us-west-2:171675361862:vpc-endpoint/vpce-036891e26dd789978,Amazon Virtual Private Cloud,unallocated
2026-06-04T00:00:00Z,2026-06-05T00:00:00Z,True,0.2400104387,arn:aws:ec2:us-west-2:171675361862:vpc-endpoint/vpce-0384b7109c7362817,Amazon Virtual Private Cloud,unallocated
2026-06-04T00:00:00Z,2026-06-05T00:00:00Z,True,0.24,arn:aws:ec2:us-west-2:171675361862:vpc-endpoint/vpce-0766e7a15cf8b1a9f,Amazon Virtual Private Cloud,unallocated
2026-06-04T00:00:00Z,2026-06-05T00:00:00Z,True,0.2429332169,arn:aws:ec2:us-west-2:171675361862:vpc-endpoint/vpce-07f1e154c6ff3a42f,Amazon Virtual Private Cloud,unallocated
2026-06-04T00:00:00Z,2026-06-05T00:00:00Z,True,0.2426772053,arn:aws:ec2:us-west-2:171675361862:vpc-endpoint/vpce-096eaa1400b8861cb,Amazon Virtual Private Cloud,unallocated
2026-06-04T00:00:00Z,2026-06-05T00:00:00Z,True,0.24,arn:aws:ec2:us-west-2:171675361862:vpc-endpoint/vpce-0f12344d88ada019d,Amazon Virtual Private Cloud,unallocated
2026-06-05T00:00:00Z,2026-06-06T00:00:00Z,True,0.12,arn:aws:ec2:ap-south-1:108782052779:network-interface/eni-02d1c980266b3afc3,Amazon Virtual Private Cloud,unallocated
2026-06-05T00:00:00Z,2026-06-06T00:00:00Z,True,0.12,arn:aws:ec2:ap-south-1:108782052779:network-interface/eni-0b311a0dcb595e613,Amazon Virtual Private Cloud,unallocated
2026-06-05T00:00:00Z,2026-06-06T00:00:00Z,True,0.12,arn:aws:ec2:eu-central-1:108782052779:network-interface/eni-016caa7d86d41fa17,Amazon Virtual Private Cloud,unallocated
2026-06-05T00:00:00Z,2026-06-06T00:00:00Z,True,0.12,arn:aws:ec2:eu-central-1:108782052779:network-interface/eni-0b8150cde6a5fc7ae,Amazon Virtual Private Cloud,unallocated
2026-06-05T00:00:00Z,2026-06-06T00:00:00Z,True,0.00012222,arn:aws:ec2:us-east-1:108782052779:elastic-ip/eipalloc-0b43d16bdf1e9f3df,Amazon Virtual Private Cloud,dayhoff
2026-06-05T00:00:00Z,2026-06-06T00:00:00Z,True,0.12,arn:aws:ec2:us-east-1:108782052779:network-interface/eni-000a1e5904276b377,Amazon Virtual Private Cloud,unallocated
2026-06-05T00:00:00Z,2026-06-06T00:00:00Z,True,0.005586115,arn:aws:ec2:us-east-1:108782052779:network-interface/eni-00d701892e7aedd72,Amazon Virtual Private Cloud,unallocated
2026-06-05T00:00:00Z,2026-06-06T00:00:00Z,True,0.12,arn:aws:ec2:us-east-1:108782052779:network-interface/eni-042ba53ad6a8384a3,Amazon Virtual Private Cloud,unallocated
2026-06-05T00:00:00Z,2026-06-06T00:00:00Z,True,0.12,arn:aws:ec2:us-east-1:108782052779:network-interface/eni-085448ce53cb8a8b8,Amazon Virtual Private Cloud,unallocated
2026-06-05T00:00:00Z,2026-06-06T00:00:00Z,True,0.12,arn:aws:ec2:us-east-1:108782052779:network-interface/eni-08997318714e9b90d,Amazon Virtual Private Cloud,unallocated
2026-06-05T00:00:00Z,2026-06-06T00:00:00Z,True,0.12,arn:aws:ec2:us-east-1:108782052779:network-interface/eni-09fc345b72c77f5e5,Amazon Virtual Private Cloud,unallocated
2026-06-05T00:00:00Z,2026-06-06T00:00:00Z,True,0.00695972,arn:aws:ec2:us-east-1:108782052779:network-interface/eni-0b7b49dac37ac7562,Amazon Virtual Private Cloud,unallocated
2026-06-05T00:00:00Z,2026-06-06T00:00:00Z,True,0.12,arn:aws:ec2:us-east-1:108782052779:network-interface/eni-0bd3433d9edaf167c,Amazon Virtual Private Cloud,unallocated
2026-06-05T00:00:00Z,2026-06-06T00:00:00Z,True,0.12,arn:aws:ec2:us-east-1:108782052779:network-interface/eni-0d366fd4150dd6012,Amazon Virtual Private Cloud,unallocated
2026-06-05T00:00:00Z,2026-06-06T00:00:00Z,True,0.000468055,arn:aws:ec2:us-west-2:108782052779:elastic-ip/eipalloc-0255c5e112a4b5c39,Amazon Virtual Private Cloud,unallocated
2026-06-05T00:00:00Z,2026-06-06T00:00:00Z,True,8.3335e-05,arn:aws:ec2:us-west-2:108782052779:elastic-ip/eipalloc-02ebd416ab848888d,Amazon Virtual Private Cloud,unallocated
2026-06-05T00:00:00Z,2026-06-06T00:00:00Z,True,0.12,arn:aws:ec2:us-west-2:108782052779:elastic-ip/eipalloc-02ef5760f8f8700fd,Amazon Virtual Private Cloud,unallocated
2026-06-05T00:00:00Z,2026-06-06T00:00:00Z,True,0.12,arn:aws:ec2:us-west-2:108782052779:network-interface/eni-0053a0c36ed8792d5,Amazon Virtual Private Cloud,unallocated
2026-06-05T00:00:00Z,2026-06-06T00:00:00Z,True,0.12,arn:aws:ec2:us-west-2:108782052779:network-interface/eni-00d0d767fe52379a8,Amazon Virtual Private Cloud,unallocated
2026-06-05T00:00:00Z,2026-06-06T00:00:00Z,True,0.12,arn:aws:ec2:us-west-2:108782052779:network-interface/eni-026f98f985a93c4bc,Amazon Virtual Private Cloud,unallocated
2026-06-05T00:00:00Z,2026-06-06T00:00:00Z,True,0.12,arn:aws:ec2:us-west-2:108782052779:network-interface/eni-0365f5bd1308e7491,Amazon Virtual Private Cloud,unallocated
2026-06-05T00:00:00Z,2026-06-06T00:00:00Z,True,0.12,arn:aws:ec2:us-west-2:108782052779:network-interface/eni-04e4d22102609e132,Amazon Virtual Private Cloud,unallocated
2026-06-05T00:00:00Z,2026-06-06T00:00:00Z,True,0.12,arn:aws:ec2:us-west-2:108782052779:network-interface/eni-04e9a24108db62c0a,Amazon Virtual Private Cloud,unallocated
2026-06-05T00:00:00Z,2026-06-06T00:00:00Z,True,0.12,arn:aws:ec2:us-west-2:108782052779:network-interface/eni-064218f01cc92ddaa,Amazon Virtual Private Cloud,unallocated
2026-06-05T00:00:00Z,2026-06-06T00:00:00Z,True,0.12,arn:aws:ec2:us-west-2:108782052779:network-interface/eni-0725a15da78e40c9d,Amazon Virtual Private Cloud,unallocated
2026-06-05T00:00:00Z,2026-06-06T00:00:00Z,True,0.12,arn:aws:ec2:us-west-2:108782052779:network-interface/eni-099e96a4f6c1d02b6,Amazon Virtual Private Cloud,unallocated
2026-06-05T00:00:00Z,2026-06-06T00:00:00Z,True,0.12,arn:aws:ec2:us-west-2:108782052779:network-interface/eni-09bc761478615dc21,Amazon Virtual Private Cloud,unallocated
2026-06-05T00:00:00Z,2026-06-06T00:00:00Z,True,0.11847778,arn:aws:ec2:us-west-2:108782052779:network-interface/eni-0a8508c605feeb56d,Amazon Virtual Private Cloud,unallocated
2026-06-05T00:00:00Z,2026-06-06T00:00:00Z,True,0.12,arn:aws:ec2:us-west-2:108782052779:network-interface/eni-0b7cb679115d71f09,Amazon Virtual Private Cloud,unallocated
2026-06-05T00:00:00Z,2026-06-06T00:00:00Z,True,0.12,arn:aws:ec2:us-west-2:108782052779:network-interface/eni-0d4fe172ce3285626,Amazon Virtual Private Cloud,unallocated
2026-06-05T00:00:00Z,2026-06-06T00:00:00Z,True,0.12,arn:aws:ec2:us-west-2:108782052779:network-interface/eni-0e8383492c016f0dc,Amazon Virtual Private Cloud,unallocated
2026-06-05T00:00:00Z,2026-06-06T00:00:00Z,True,0.12,arn:aws:ec2:us-west-2:171675361862:network-interface/eni-09dec6f627819db8b,Amazon Virtual Private Cloud,unallocated
2026-06-05T00:00:00Z,2026-06-06T00:00:00Z,True,0.2400029891,arn:aws:ec2:us-west-2:171675361862:vpc-endpoint/vpce-02ac48bf0c4efb877,Amazon Virtual Private Cloud,unallocated
2026-06-05T00:00:00Z,2026-06-06T00:00:00Z,True,0.240000737,arn:aws:ec2:us-west-2:171675361862:vpc-endpoint/vpce-036891e26dd789978,Amazon Virtual Private Cloud,unallocated
2026-06-05T00:00:00Z,2026-06-06T00:00:00Z,True,0.2400100719,arn:aws:ec2:us-west-2:171675361862:vpc-endpoint/vpce-0384b7109c7362817,Amazon Virtual Private Cloud,unallocated
2026-06-05T00:00:00Z,2026-06-06T00:00:00Z,True,0.24,arn:aws:ec2:us-west-2:171675361862:vpc-endpoint/vpce-0766e7a15cf8b1a9f,Amazon Virtual Private Cloud,unallocated
2026-06-05T00:00:00Z,2026-06-06T00:00:00Z,True,0.2428985099,arn:aws:ec2:us-west-2:171675361862:vpc-endpoint/vpce-07f1e154c6ff3a42f,Amazon Virtual Private Cloud,unallocated
2026-06-05T00:00:00Z,2026-06-06T00:00:00Z,True,0.2426785766,arn:aws:ec2:us-west-2:171675361862:vpc-endpoint/vpce-096eaa1400b8861cb,Amazon Virtual Private Cloud,unallocated
2026-06-05T00:00:00Z,2026-06-06T00:00:00Z,True,0.24,arn:aws:ec2:us-west-2:171675361862:vpc-endpoint/vpce-0f12344d88ada019d,Amazon Virtual Private Cloud,unallocated
2026-06-06T00:00:00Z,2026-06-07T00:00:00Z,True,0.12,arn:aws:ec2:ap-south-1:108782052779:network-interface/eni-02d1c980266b3afc3,Amazon Virtual Private Cloud,unallocated
2026-06-06T00:00:00Z,2026-06-07T00:00:00Z,True,0.12,arn:aws:ec2:ap-south-1:108782052779:network-interface/eni-0b311a0dcb595e613,Amazon Virtual Private Cloud,unallocated
2026-06-06T00:00:00Z,2026-06-07T00:00:00Z,True,0.12,arn:aws:ec2:eu-central-1:108782052779:network-interface/eni-016caa7d86d41fa17,Amazon Virtual Private Cloud,unallocated
2026-06-06T00:00:00Z,2026-06-07T00:00:00Z,True,0.12,arn:aws:ec2:eu-central-1:108782052779:network-interface/eni-0b8150cde6a5fc7ae,Amazon Virtual Private Cloud,unallocated
2026-06-06T00:00:00Z,2026-06-07T00:00:00Z,True,0.00048195,arn:aws:ec2:us-east-1:108782052779:elastic-ip/eipalloc-049b017d2312c6a7d,Amazon Virtual Private Cloud,unallocated
2026-06-06T00:00:00Z,2026-06-07T00:00:00Z,True,0.000256945,arn:aws:ec2:us-east-1:108782052779:elastic-ip/eipalloc-09642cb3fef68b2ae,Amazon Virtual Private Cloud,unallocated
2026-06-06T00:00:00Z,2026-06-07T00:00:00Z,True,0.000229165,arn:aws:ec2:us-east-1:108782052779:elastic-ip/eipalloc-09b4b34f9fd305661,Amazon Virtual Private Cloud,unallocated
2026-06-06T00:00:00Z,2026-06-07T00:00:00Z,True,0.000323615,arn:aws:ec2:us-east-1:108782052779:elastic-ip/eipalloc-0de52ee5ec826bdf6,Amazon Virtual Private Cloud,unallocated
2026-06-06T00:00:00Z,2026-06-07T00:00:00Z,True,0.12,arn:aws:ec2:us-east-1:108782052779:network-interface/eni-000a1e5904276b377,Amazon Virtual Private Cloud,unallocated
2026-06-06T00:00:00Z,2026-06-07T00:00:00Z,True,0.004820835,arn:aws:ec2:us-east-1:108782052779:network-interface/eni-00d701892e7aedd72,Amazon Virtual Private Cloud,unallocated
2026-06-06T00:00:00Z,2026-06-07T00:00:00Z,True,0.00803889,arn:aws:ec2:us-east-1:108782052779:network-interface/eni-0167bb4e066f9f50f,Amazon Virtual Private Cloud,unallocated
2026-06-06T00:00:00Z,2026-06-07T00:00:00Z,True,0.00204028,arn:aws:ec2:us-east-1:108782052779:network-interface/eni-027e7af0efae0f0f4,Amazon Virtual Private Cloud,unallocated
2026-06-06T00:00:00Z,2026-06-07T00:00:00Z,True,0.00304722,arn:aws:ec2:us-east-1:108782052779:network-interface/eni-0319531bf3cdcf680,Amazon Virtual Private Cloud,unallocated
2026-06-06T00:00:00Z,2026-06-07T00:00:00Z,True,0.12,arn:aws:ec2:us-east-1:108782052779:network-interface/eni-042ba53ad6a8384a3,Amazon Virtual Private Cloud,unallocated
2026-06-06T00:00:00Z,2026-06-07T00:00:00Z,True,0.00234028,arn:aws:ec2:us-east-1:108782052779:network-interface/eni-04eb5a334866bdeb0,Amazon Virtual Private Cloud,unallocated
2026-06-06T00:00:00Z,2026-06-07T00:00:00Z,True,0.11445,arn:aws:ec2:us-east-1:108782052779:network-interface/eni-05395958a77582f2b,Amazon Virtual Private Cloud,unallocated
2026-06-06T00:00:00Z,2026-06-07T00:00:00Z,True,0.03264444,arn:aws:ec2:us-east-1:108782052779:network-interface/eni-053b226d261f29708,Amazon Virtual Private Cloud,unallocated
2026-06-06T00:00:00Z,2026-06-07T00:00:00Z,True,0.000681945,arn:aws:ec2:us-east-1:108782052779:network-interface/eni-0762bdb500906a5a9,Amazon Virtual Private Cloud,unallocated
2026-06-06T00:00:00Z,2026-06-07T00:00:00Z,True,0.12,arn:aws:ec2:us-east-1:108782052779:network-interface/eni-085448ce53cb8a8b8,Amazon Virtual Private Cloud,unallocated
2026-06-06T00:00:00Z,2026-06-07T00:00:00Z,True,0.12,arn:aws:ec2:us-east-1:108782052779:network-interface/eni-08997318714e9b90d,Amazon Virtual Private Cloud,unallocated
2026-06-06T00:00:00Z,2026-06-07T00:00:00Z,True,0.00072639,arn:aws:ec2:us-east-1:108782052779:network-interface/eni-09a551466000ed2f3,Amazon Virtual Private Cloud,unallocated
2026-06-06T00:00:00Z,2026-06-07T00:00:00Z,True,0.12,arn:aws:ec2:us-east-1:108782052779:network-interface/eni-09fc345b72c77f5e5,Amazon Virtual Private Cloud,unallocated
2026-06-06T00:00:00Z,2026-06-07T00:00:00Z,True,0.00010139,arn:aws:ec2:us-east-1:108782052779:network-interface/eni-0b0b1414332196a71,Amazon Virtual Private Cloud,unallocated
2026-06-06T00:00:00Z,2026-06-07T00:00:00Z,True,0.12,arn:aws:ec2:us-east-1:108782052779:network-interface/eni-0b7b49dac37ac7562,Amazon Virtual Private Cloud,unallocated
2026-06-06T00:00:00Z,2026-06-07T00:00:00Z,True,0.12,arn:aws:ec2:us-east-1:108782052779:network-interface/eni-0bd3433d9edaf167c,Amazon Virtual Private Cloud,unallocated
2026-06-06T00:00:00Z,2026-06-07T00:00:00Z,True,0.12,arn:aws:ec2:us-east-1:108782052779:network-interface/eni-0d366fd4150dd6012,Amazon Virtual Private Cloud,unallocated
2026-06-06T00:00:00Z,2026-06-07T00:00:00Z,True,0.010083335,arn:aws:ec2:us-east-1:108782052779:network-interface/eni-0ea9f5c4de22550ec,Amazon Virtual Private Cloud,unallocated
2026-06-06T00:00:00Z,2026-06-07T00:00:00Z,True,0.000569445,arn:aws:ec2:us-west-2:108782052779:elastic-ip/eipalloc-0255c5e112a4b5c39,Amazon Virtual Private Cloud,unallocated
2026-06-06T00:00:00Z,2026-06-07T00:00:00Z,True,0.12,arn:aws:ec2:us-west-2:108782052779:elastic-ip/eipalloc-02ef5760f8f8700fd,Amazon Virtual Private Cloud,unallocated
2026-06-06T00:00:00Z,2026-06-07T00:00:00Z,True,0.000954165,arn:aws:ec2:us-west-2:108782052779:elastic-ip/eipalloc-0fb6e7c6dc92e3ae7,Amazon Virtual Private Cloud,unallocated
2026-06-06T00:00:00Z,2026-06-07T00:00:00Z,True,0.12,arn:aws:ec2:us-west-2:108782052779:network-interface/eni-0053a0c36ed8792d5,Amazon Virtual Private Cloud,unallocated
2026-06-06T00:00:00Z,2026-06-07T00:00:00Z,True,0.12,arn:aws:ec2:us-west-2:108782052779:network-interface/eni-00d0d767fe52379a8,Amazon Virtual Private Cloud,unallocated
2026-06-06T00:00:00Z,2026-06-07T00:00:00Z,True,0.12,arn:aws:ec2:us-west-2:108782052779:network-interface/eni-026f98f985a93c4bc,Amazon Virtual Private Cloud,unallocated
2026-06-06T00:00:00Z,2026-06-07T00:00:00Z,True,0.12,arn:aws:ec2:us-west-2:108782052779:network-interface/eni-0365f5bd1308e7491,Amazon Virtual Private Cloud,unallocated
2026-06-06T00:00:00Z,2026-06-07T00:00:00Z,True,0.02422778,arn:aws:ec2:us-west-2:108782052779:network-interface/eni-0498613234f5440b7,Amazon Virtual Private Cloud,unallocated
2026-06-06T00:00:00Z,2026-06-07T00:00:00Z,True,0.12,arn:aws:ec2:us-west-2:108782052779:network-interface/eni-04e4d22102609e132,Amazon Virtual Private Cloud,unallocated
2026-06-06T00:00:00Z,2026-06-07T00:00:00Z,True,0.12,arn:aws:ec2:us-west-2:108782052779:network-interface/eni-04e9a24108db62c0a,Amazon Virtual Private Cloud,unallocated
2026-06-06T00:00:00Z,2026-06-07T00:00:00Z,True,0.119430555,arn:aws:ec2:us-west-2:108782052779:network-interface/eni-056cca991f5bdb19d,Amazon Virtual Private Cloud,unallocated
2026-06-06T00:00:00Z,2026-06-07T00:00:00Z,True,0.12,arn:aws:ec2:us-west-2:108782052779:network-interface/eni-064218f01cc92ddaa,Amazon Virtual Private Cloud,unallocated
2026-06-06T00:00:00Z,2026-06-07T00:00:00Z,True,0.12,arn:aws:ec2:us-west-2:108782052779:network-interface/eni-0725a15da78e40c9d,Amazon Virtual Private Cloud,unallocated
2026-06-06T00:00:00Z,2026-06-07T00:00:00Z,True,0.12,arn:aws:ec2:us-west-2:108782052779:network-interface/eni-099e96a4f6c1d02b6,Amazon Virtual Private Cloud,unallocated
2026-06-06T00:00:00Z,2026-06-07T00:00:00Z,True,0.12,arn:aws:ec2:us-west-2:108782052779:network-interface/eni-09bc761478615dc21,Amazon Virtual Private Cloud,unallocated
2026-06-06T00:00:00Z,2026-06-07T00:00:00Z,True,0.12,arn:aws:ec2:us-west-2:108782052779:network-interface/eni-0b7cb679115d71f09,Amazon Virtual Private Cloud,unallocated
2026-06-06T00:00:00Z,2026-06-07T00:00:00Z,True,0.12,arn:aws:ec2:us-west-2:108782052779:network-interface/eni-0d4fe172ce3285626,Amazon Virtual Private Cloud,unallocated
2026-06-06T00:00:00Z,2026-06-07T00:00:00Z,True,0.12,arn:aws:ec2:us-west-2:108782052779:network-interface/eni-0e8383492c016f0dc,Amazon Virtual Private Cloud,unallocated
2026-06-06T00:00:00Z,2026-06-07T00:00:00Z,True,0.12,arn:aws:ec2:us-west-2:171675361862:network-interface/eni-09dec6f627819db8b,Amazon Virtual Private Cloud,unallocated
2026-06-06T00:00:00Z,2026-06-07T00:00:00Z,True,0.2400029918,arn:aws:ec2:us-west-2:171675361862:vpc-endpoint/vpce-02ac48bf0c4efb877,Amazon Virtual Private Cloud,unallocated
2026-06-06T00:00:00Z,2026-06-07T00:00:00Z,True,0.2400007384,arn:aws:ec2:us-west-2:171675361862:vpc-endpoint/vpce-036891e26dd789978,Amazon Virtual Private Cloud,unallocated
2026-06-06T00:00:00Z,2026-06-07T00:00:00Z,True,0.2400103051,arn:aws:ec2:us-west-2:171675361862:vpc-endpoint/vpce-0384b7109c7362817,Amazon Virtual Private Cloud,unallocated
2026-06-06T00:00:00Z,2026-06-07T00:00:00Z,True,0.24,arn:aws:ec2:us-west-2:171675361862:vpc-endpoint/vpce-0766e7a15cf8b1a9f,Amazon Virtual Private Cloud,unallocated
2026-06-06T00:00:00Z,2026-06-07T00:00:00Z,True,0.2423960765,arn:aws:ec2:us-west-2:171675361862:vpc-endpoint/vpce-07f1e154c6ff3a42f,Amazon Virtual Private Cloud,unallocated
2026-06-06T00:00:00Z,2026-06-07T00:00:00Z,True,0.2426859767,arn:aws:ec2:us-west-2:171675361862:vpc-endpoint/vpce-096eaa1400b8861cb,Amazon Virtual Private Cloud,unallocated
2026-06-06T00:00:00Z,2026-06-07T00:00:00Z,True,0.24,arn:aws:ec2:us-west-2:171675361862:vpc-endpoint/vpce-0f12344d88ada019d,Amazon Virtual Private Cloud,unallocated
2026-06-07T00:00:00Z,2026-06-08T00:00:00Z,True,0.12,arn:aws:ec2:ap-south-1:108782052779:network-interface/eni-02d1c980266b3afc3,Amazon Virtual Private Cloud,unallocated
2026-06-07T00:00:00Z,2026-06-08T00:00:00Z,True,0.12,arn:aws:ec2:ap-south-1:108782052779:network-interface/eni-0b311a0dcb595e613,Amazon Virtual Private Cloud,unallocated
2026-06-07T00:00:00Z,2026-06-08T00:00:00Z,True,0.12,arn:aws:ec2:eu-central-1:108782052779:network-interface/eni-016caa7d86d41fa17,Amazon Virtual Private Cloud,unallocated
2026-06-07T00:00:00Z,2026-06-08T00:00:00Z,True,0.12,arn:aws:ec2:eu-central-1:108782052779:network-interface/eni-0b8150cde6a5fc7ae,Amazon Virtual Private Cloud,unallocated
2026-06-07T00:00:00Z,2026-06-08T00:00:00Z,True,0.000229165,arn:aws:ec2:us-east-1:108782052779:elastic-ip/eipalloc-0279920cf8bf8ec52,Amazon Virtual Private Cloud,dayhoff
2026-06-07T00:00:00Z,2026-06-08T00:00:00Z,True,0.000416675,arn:aws:ec2:us-east-1:108782052779:elastic-ip/eipalloc-09b4b34f9fd305661,Amazon Virtual Private Cloud,unallocated
2026-06-07T00:00:00Z,2026-06-08T00:00:00Z,True,0.12,arn:aws:ec2:us-east-1:108782052779:network-interface/eni-000a1e5904276b377,Amazon Virtual Private Cloud,unallocated
2026-06-07T00:00:00Z,2026-06-08T00:00:00Z,True,0.12,arn:aws:ec2:us-east-1:108782052779:network-interface/eni-0167bb4e066f9f50f,Amazon Virtual Private Cloud,unallocated
2026-06-07T00:00:00Z,2026-06-08T00:00:00Z,True,0.017473615,arn:aws:ec2:us-east-1:108782052779:network-interface/eni-01cc29ddc8963fab0,Amazon Virtual Private Cloud,unallocated
2026-06-07T00:00:00Z,2026-06-08T00:00:00Z,True,0.0016125,arn:aws:ec2:us-east-1:108782052779:network-interface/eni-03b287c391cc4e626,Amazon Virtual Private Cloud,unallocated
2026-06-07T00:00:00Z,2026-06-08T00:00:00Z,True,0.12,arn:aws:ec2:us-east-1:108782052779:network-interface/eni-042ba53ad6a8384a3,Amazon Virtual Private Cloud,unallocated
2026-06-07T00:00:00Z,2026-06-08T00:00:00Z,True,0.12,arn:aws:ec2:us-east-1:108782052779:network-interface/eni-05395958a77582f2b,Amazon Virtual Private Cloud,unallocated
2026-06-07T00:00:00Z,2026-06-08T00:00:00Z,True,0.11590972,arn:aws:ec2:us-east-1:108782052779:network-interface/eni-06e73bf21a00d71ee,Amazon Virtual Private Cloud,unallocated
2026-06-07T00:00:00Z,2026-06-08T00:00:00Z,True,0.12,arn:aws:ec2:us-east-1:108782052779:network-interface/eni-085448ce53cb8a8b8,Amazon Virtual Private Cloud,unallocated
2026-06-07T00:00:00Z,2026-06-08T00:00:00Z,True,0.12,arn:aws:ec2:us-east-1:108782052779:network-interface/eni-08997318714e9b90d,Amazon Virtual Private Cloud,unallocated
2026-06-07T00:00:00Z,2026-06-08T00:00:00Z,True,0.0022875,arn:aws:ec2:us-east-1:108782052779:network-interface/eni-09f79149cc7222183,Amazon Virtual Private Cloud,unallocated
2026-06-07T00:00:00Z,2026-06-08T00:00:00Z,True,0.12,arn:aws:ec2:us-east-1:108782052779:network-interface/eni-09fc345b72c77f5e5,Amazon Virtual Private Cloud,unallocated
2026-06-07T00:00:00Z,2026-06-08T00:00:00Z,True,0.0181875,arn:aws:ec2:us-east-1:108782052779:network-interface/eni-0a60f6669b5cf34d1,Amazon Virtual Private Cloud,unallocated
2026-06-07T00:00:00Z,2026-06-08T00:00:00Z,True,0.062141665,arn:aws:ec2:us-east-1:108782052779:network-interface/eni-0b0b1414332196a71,Amazon Virtual Private Cloud,unallocated
2026-06-07T00:00:00Z,2026-06-08T00:00:00Z,True,0.12,arn:aws:ec2:us-east-1:108782052779:network-interface/eni-0b7b49dac37ac7562,Amazon Virtual Private Cloud,unallocated
2026-06-07T00:00:00Z,2026-06-08T00:00:00Z,True,0.12,arn:aws:ec2:us-east-1:108782052779:network-interface/eni-0bd3433d9edaf167c,Amazon Virtual Private Cloud,unallocated
2026-06-07T00:00:00Z,2026-06-08T00:00:00Z,True,0.00145972,arn:aws:ec2:us-east-1:108782052779:network-interface/eni-0c1daaa36bfeb53ca,Amazon Virtual Private Cloud,unallocated
2026-06-07T00:00:00Z,2026-06-08T00:00:00Z,True,0.00256111,arn:aws:ec2:us-east-1:108782052779:network-interface/eni-0ca9b67391a5ebdfd,Amazon Virtual Private Cloud,unallocated
2026-06-07T00:00:00Z,2026-06-08T00:00:00Z,True,0.12,arn:aws:ec2:us-east-1:108782052779:network-interface/eni-0d366fd4150dd6012,Amazon Virtual Private Cloud,unallocated
2026-06-07T00:00:00Z,2026-06-08T00:00:00Z,True,0.01424028,arn:aws:ec2:us-east-1:108782052779:network-interface/eni-0f3ddaeec9ccf547e,Amazon Virtual Private Cloud,unallocated
2026-06-07T00:00:00Z,2026-06-08T00:00:00Z,True,0.00120417,arn:aws:ec2:us-west-2:108782052779:elastic-ip/eipalloc-007b8c51dd531d420,Amazon Virtual Private Cloud,unallocated
2026-06-07T00:00:00Z,2026-06-08T00:00:00Z,True,0.12,arn:aws:ec2:us-west-2:108782052779:elastic-ip/eipalloc-02ef5760f8f8700fd,Amazon Virtual Private Cloud,unallocated
2026-06-07T00:00:00Z,2026-06-08T00:00:00Z,True,0.00011528,arn:aws:ec2:us-west-2:108782052779:elastic-ip/eipalloc-03dd2617080037f65,Amazon Virtual Private Cloud,unallocated
2026-06-07T00:00:00Z,2026-06-08T00:00:00Z,True,8.3335e-05,arn:aws:ec2:us-west-2:108782052779:elastic-ip/eipalloc-0fa9b61dae39f36fd,Amazon Virtual Private Cloud,unallocated
2026-06-07T00:00:00Z,2026-06-08T00:00:00Z,True,8.3335e-05,arn:aws:ec2:us-west-2:108782052779:elastic-ip/eipalloc-0fb6e7c6dc92e3ae7,Amazon Virtual Private Cloud,unallocated
2026-06-07T00:00:00Z,2026-06-08T00:00:00Z,True,8.3335e-05,arn:aws:ec2:us-west-2:108782052779:elastic-ip/eipalloc-0fedaccdaf7f11e3d,Amazon Virtual Private Cloud,unallocated
2026-06-07T00:00:00Z,2026-06-08T00:00:00Z,True,0.12,arn:aws:ec2:us-west-2:108782052779:network-interface/eni-0053a0c36ed8792d5,Amazon Virtual Private Cloud,unallocated
2026-06-07T00:00:00Z,2026-06-08T00:00:00Z,True,0.12,arn:aws:ec2:us-west-2:108782052779:network-interface/eni-00d0d767fe52379a8,Amazon Virtual Private Cloud,unallocated
2026-06-07T00:00:00Z,2026-06-08T00:00:00Z,True,0.12,arn:aws:ec2:us-west-2:108782052779:network-interface/eni-026f98f985a93c4bc,Amazon Virtual Private Cloud,unallocated
2026-06-07T00:00:00Z,2026-06-08T00:00:00Z,True,0.12,arn:aws:ec2:us-west-2:108782052779:network-interface/eni-0365f5bd1308e7491,Amazon Virtual Private Cloud,unallocated
2026-06-07T00:00:00Z,2026-06-08T00:00:00Z,True,0.068386115,arn:aws:ec2:us-west-2:108782052779:network-interface/eni-0498613234f5440b7,Amazon Virtual Private Cloud,unallocated
2026-06-07T00:00:00Z,2026-06-08T00:00:00Z,True,0.020536115,arn:aws:ec2:us-west-2:108782052779:network-interface/eni-04e4d22102609e132,Amazon Virtual Private Cloud,unallocated
2026-06-07T00:00:00Z,2026-06-08T00:00:00Z,True,0.12,arn:aws:ec2:us-west-2:108782052779:network-interface/eni-04e9a24108db62c0a,Amazon Virtual Private Cloud,unallocated
2026-06-07T00:00:00Z,2026-06-08T00:00:00Z,True,0.12,arn:aws:ec2:us-west-2:108782052779:network-interface/eni-056cca991f5bdb19d,Amazon Virtual Private Cloud,unallocated
2026-06-07T00:00:00Z,2026-06-08T00:00:00Z,True,0.12,arn:aws:ec2:us-west-2:108782052779:network-interface/eni-064218f01cc92ddaa,Amazon Virtual Private Cloud,unallocated
2026-06-07T00:00:00Z,2026-06-08T00:00:00Z,True,0.12,arn:aws:ec2:us-west-2:108782052779:network-interface/eni-0725a15da78e40c9d,Amazon Virtual Private Cloud,unallocated
2026-06-07T00:00:00Z,2026-06-08T00:00:00Z,True,0.039643055,arn:aws:ec2:us-west-2:108782052779:network-interface/eni-07cff4be011b59eb4,Amazon Virtual Private Cloud,unallocated
2026-06-07T00:00:00Z,2026-06-08T00:00:00Z,True,0.12,arn:aws:ec2:us-west-2:108782052779:network-interface/eni-099e96a4f6c1d02b6,Amazon Virtual Private Cloud,unallocated
2026-06-07T00:00:00Z,2026-06-08T00:00:00Z,True,0.081116665,arn:aws:ec2:us-west-2:108782052779:network-interface/eni-09bc761478615dc21,Amazon Virtual Private Cloud,unallocated
2026-06-07T00:00:00Z,2026-06-08T00:00:00Z,True,0.12,arn:aws:ec2:us-west-2:108782052779:network-interface/eni-0b7cb679115d71f09,Amazon Virtual Private Cloud,unallocated
2026-06-07T00:00:00Z,2026-06-08T00:00:00Z,True,0.12,arn:aws:ec2:us-west-2:108782052779:network-interface/eni-0d4fe172ce3285626,Amazon Virtual Private Cloud,unallocated
2026-06-07T00:00:00Z,2026-06-08T00:00:00Z,True,0.03375417,arn:aws:ec2:us-west-2:108782052779:network-interface/eni-0d8e306f514c47f3d,Amazon Virtual Private Cloud,unallocated
2026-06-07T00:00:00Z,2026-06-08T00:00:00Z,True,0.12,arn:aws:ec2:us-west-2:108782052779:network-interface/eni-0e8383492c016f0dc,Amazon Virtual Private Cloud,unallocated
2026-06-07T00:00:00Z,2026-06-08T00:00:00Z,True,0.12,arn:aws:ec2:us-west-2:171675361862:network-interface/eni-09dec6f627819db8b,Amazon Virtual Private Cloud,unallocated
2026-06-07T00:00:00Z,2026-06-08T00:00:00Z,True,0.2400029878,arn:aws:ec2:us-west-2:171675361862:vpc-endpoint/vpce-02ac48bf0c4efb877,Amazon Virtual Private Cloud,unallocated
2026-06-07T00:00:00Z,2026-06-08T00:00:00Z,True,0.2400007398,arn:aws:ec2:us-west-2:171675361862:vpc-endpoint/vpce-036891e26dd789978,Amazon Virtual Private Cloud,unallocated
2026-06-07T00:00:00Z,2026-06-08T00:00:00Z,True,0.2400103105,arn:aws:ec2:us-west-2:171675361862:vpc-endpoint/vpce-0384b7109c7362817,Amazon Virtual Private Cloud,unallocated
2026-06-07T00:00:00Z,2026-06-08T00:00:00Z,True,0.24,arn:aws:ec2:us-west-2:171675361862:vpc-endpoint/vpce-0766e7a15cf8b1a9f,Amazon Virtual Private Cloud,unallocated
2026-06-07T00:00:00Z,2026-06-08T00:00:00Z,True,0.2429065446,arn:aws:ec2:us-west-2:171675361862:vpc-endpoint/vpce-07f1e154c6ff3a42f,Amazon Virtual Private Cloud,unallocated
2026-06-07T00:00:00Z,2026-06-08T00:00:00Z,True,0.2427007849,arn:aws:ec2:us-west-2:171675361862:vpc-endpoint/vpce-096eaa1400b8861cb,Amazon Virtual Private Cloud,unallocated
2026-06-07T00:00:00Z,2026-06-08T00:00:00Z,True,0.24,arn:aws:ec2:us-west-2:171675361862:vpc-endpoint/vpce-0f12344d88ada019d,Amazon Virtual Private Cloud,unallocated
2026-06-08T00:00:00Z,2026-06-09T00:00:00Z,True,0.12,arn:aws:ec2:ap-south-1:108782052779:network-interface/eni-02d1c980266b3afc3,Amazon Virtual Private Cloud,unallocated
2026-06-08T00:00:00Z,2026-06-09T00:00:00Z,True,0.12,arn:aws:ec2:ap-south-1:108782052779:network-interface/eni-0b311a0dcb595e613,Amazon Virtual Private Cloud,unallocated
2026-06-08T00:00:00Z,2026-06-09T00:00:00Z,True,0.12,arn:aws:ec2:eu-central-1:108782052779:network-interface/eni-016caa7d86d41fa17,Amazon Virtual Private Cloud,unallocated
2026-06-08T00:00:00Z,2026-06-09T00:00:00Z,True,0.12,arn:aws:ec2:eu-central-1:108782052779:network-interface/eni-0b8150cde6a5fc7ae,Amazon Virtual Private Cloud,unallocated
2026-06-08T00:00:00Z,2026-06-09T00:00:00Z,True,0.00066668,arn:aws:ec2:us-east-1:108782052779:elastic-ip/eipalloc-09b4b34f9fd305661,Amazon Virtual Private Cloud,unallocated
2026-06-08T00:00:00Z,2026-06-09T00:00:00Z,True,0.12,arn:aws:ec2:us-east-1:108782052779:network-interface/eni-000a1e5904276b377,Amazon Virtual Private Cloud,unallocated
2026-06-08T00:00:00Z,2026-06-09T00:00:00Z,True,0.001820835,arn:aws:ec2:us-east-1:108782052779:network-interface/eni-00fd5b04febb1e565,Amazon Virtual Private Cloud,unallocated
2026-06-08T00:00:00Z,2026-06-09T00:00:00Z,True,0.12,arn:aws:ec2:us-east-1:108782052779:network-interface/eni-0167bb4e066f9f50f,Amazon Virtual Private Cloud,unallocated
2026-06-08T00:00:00Z,2026-06-09T00:00:00Z,True,0.000595835,arn:aws:ec2:us-east-1:108782052779:network-interface/eni-01861d8b1416a478f,Amazon Virtual Private Cloud,unallocated
2026-06-08T00:00:00Z,2026-06-09T00:00:00Z,True,0.00198472,arn:aws:ec2:us-east-1:108782052779:network-interface/eni-0283de9fdf2eddbe5,Amazon Virtual Private Cloud,unallocated
2026-06-08T00:00:00Z,2026-06-09T00:00:00Z,True,0.00055,arn:aws:ec2:us-east-1:108782052779:network-interface/eni-02ca2320f29d4154d,Amazon Virtual Private Cloud,unallocated
2026-06-08T00:00:00Z,2026-06-09T00:00:00Z,True,0.12,arn:aws:ec2:us-east-1:108782052779:network-interface/eni-042ba53ad6a8384a3,Amazon Virtual Private Cloud,unallocated
2026-06-08T00:00:00Z,2026-06-09T00:00:00Z,True,0.12,arn:aws:ec2:us-east-1:108782052779:network-interface/eni-05395958a77582f2b,Amazon Virtual Private Cloud,unallocated
2026-06-08T00:00:00Z,2026-06-09T00:00:00Z,True,0.001181945,arn:aws:ec2:us-east-1:108782052779:network-interface/eni-0609306842696e5a6,Amazon Virtual Private Cloud,unallocated
2026-06-08T00:00:00Z,2026-06-09T00:00:00Z,True,0.05380972,arn:aws:ec2:us-east-1:108782052779:network-interface/eni-0681a476fccbcccd1,Amazon Virtual Private Cloud,unallocated
2026-06-08T00:00:00Z,2026-06-09T00:00:00Z,True,0.12,arn:aws:ec2:us-east-1:108782052779:network-interface/eni-06e73bf21a00d71ee,Amazon Virtual Private Cloud,unallocated
2026-06-08T00:00:00Z,2026-06-09T00:00:00Z,True,0.003731945,arn:aws:ec2:us-east-1:108782052779:network-interface/eni-08001d3732ea67e1c,Amazon Virtual Private Cloud,unallocated
2026-06-08T00:00:00Z,2026-06-09T00:00:00Z,True,0.12,arn:aws:ec2:us-east-1:108782052779:network-interface/eni-085448ce53cb8a8b8,Amazon Virtual Private Cloud,unallocated
2026-06-08T00:00:00Z,2026-06-09T00:00:00Z,True,0.12,arn:aws:ec2:us-east-1:108782052779:network-interface/eni-08997318714e9b90d,Amazon Virtual Private Cloud,unallocated
2026-06-08T00:00:00Z,2026-06-09T00:00:00Z,True,0.001043055,arn:aws:ec2:us-east-1:108782052779:network-interface/eni-08b1a4aedd74df7a9,Amazon Virtual Private Cloud,unallocated
2026-06-08T00:00:00Z,2026-06-09T00:00:00Z,True,0.00072222,arn:aws:ec2:us-east-1:108782052779:network-interface/eni-0913345455a7c0dca,Amazon Virtual Private Cloud,unallocated
2026-06-08T00:00:00Z,2026-06-09T00:00:00Z,True,0.00230972,arn:aws:ec2:us-east-1:108782052779:network-interface/eni-09f390112a892b04d,Amazon Virtual Private Cloud,unallocated
2026-06-08T00:00:00Z,2026-06-09T00:00:00Z,True,0.12,arn:aws:ec2:us-east-1:108782052779:network-interface/eni-09fc345b72c77f5e5,Amazon Virtual Private Cloud,unallocated
2026-06-08T00:00:00Z,2026-06-09T00:00:00Z,True,0.02547639,arn:aws:ec2:us-east-1:108782052779:network-interface/eni-0a7aff002dfb3f24d,Amazon Virtual Private Cloud,unallocated
2026-06-08T00:00:00Z,2026-06-09T00:00:00Z,True,0.12,arn:aws:ec2:us-east-1:108782052779:network-interface/eni-0b7b49dac37ac7562,Amazon Virtual Private Cloud,unallocated
2026-06-08T00:00:00Z,2026-06-09T00:00:00Z,True,0.12,arn:aws:ec2:us-east-1:108782052779:network-interface/eni-0bd3433d9edaf167c,Amazon Virtual Private Cloud,unallocated
2026-06-08T00:00:00Z,2026-06-09T00:00:00Z,True,0.0025875,arn:aws:ec2:us-east-1:108782052779:network-interface/eni-0c1fa4afe3dc86f4f,Amazon Virtual Private Cloud,unallocated
2026-06-08T00:00:00Z,2026-06-09T00:00:00Z,True,0.003881945,arn:aws:ec2:us-east-1:108782052779:network-interface/eni-0c286e1029055b12c,Amazon Virtual Private Cloud,unallocated
2026-06-08T00:00:00Z,2026-06-09T00:00:00Z,True,0.004115275,arn:aws:ec2:us-east-1:108782052779:network-interface/eni-0c9a314afc5a38baf,Amazon Virtual Private Cloud,unallocated
2026-06-08T00:00:00Z,2026-06-09T00:00:00Z,True,0.12,arn:aws:ec2:us-east-1:108782052779:network-interface/eni-0d366fd4150dd6012,Amazon Virtual Private Cloud,unallocated
2026-06-08T00:00:00Z,2026-06-09T00:00:00Z,True,0.003891665,arn:aws:ec2:us-east-1:108782052779:network-interface/eni-0e14d3d1743bf44ff,Amazon Virtual Private Cloud,unallocated
2026-06-08T00:00:00Z,2026-06-09T00:00:00Z,True,0.0018,arn:aws:ec2:us-east-1:108782052779:network-interface/eni-0e166dc2b4246f335,Amazon Virtual Private Cloud,unallocated
2026-06-08T00:00:00Z,2026-06-09T00:00:00Z,True,0.010416665,arn:aws:ec2:us-east-1:108782052779:network-interface/eni-0f3ddaeec9ccf547e,Amazon Virtual Private Cloud,unallocated
2026-06-08T00:00:00Z,2026-06-09T00:00:00Z,True,0.001018055,arn:aws:ec2:us-west-2:108782052779:elastic-ip/eipalloc-00d54525c8f415b09,Amazon Virtual Private Cloud,unallocated
2026-06-08T00:00:00Z,2026-06-09T00:00:00Z,True,0.001038885,arn:aws:ec2:us-west-2:108782052779:elastic-ip/eipalloc-023cd21307a88e882,Amazon Virtual Private Cloud,unallocated
2026-06-08T00:00:00Z,2026-06-09T00:00:00Z,True,0.12,arn:aws:ec2:us-west-2:108782052779:elastic-ip/eipalloc-02ef5760f8f8700fd,Amazon Virtual Private Cloud,unallocated
2026-06-08T00:00:00Z,2026-06-09T00:00:00Z,True,0.00095278,arn:aws:ec2:us-west-2:108782052779:elastic-ip/eipalloc-0e072addf412fd6af,Amazon Virtual Private Cloud,unallocated
2026-06-08T00:00:00Z,2026-06-09T00:00:00Z,True,0.12,arn:aws:ec2:us-west-2:108782052779:network-interface/eni-0053a0c36ed8792d5,Amazon Virtual Private Cloud,unallocated
2026-06-08T00:00:00Z,2026-06-09T00:00:00Z,True,0.12,arn:aws:ec2:us-west-2:108782052779:network-interface/eni-00d0d767fe52379a8,Amazon Virtual Private Cloud,unallocated
2026-06-08T00:00:00Z,2026-06-09T00:00:00Z,True,0.10906528,arn:aws:ec2:us-west-2:108782052779:network-interface/eni-01375a164abcfc4d7,Amazon Virtual Private Cloud,unallocated
2026-06-08T00:00:00Z,2026-06-09T00:00:00Z,True,0.12,arn:aws:ec2:us-west-2:108782052779:network-interface/eni-026f98f985a93c4bc,Amazon Virtual Private Cloud,unallocated
2026-06-08T00:00:00Z,2026-06-09T00:00:00Z,True,0.12,arn:aws:ec2:us-west-2:108782052779:network-interface/eni-0365f5bd1308e7491,Amazon Virtual Private Cloud,unallocated
2026-06-08T00:00:00Z,2026-06-09T00:00:00Z,True,0.12,arn:aws:ec2:us-west-2:108782052779:network-interface/eni-04e9a24108db62c0a,Amazon Virtual Private Cloud,unallocated
2026-06-08T00:00:00Z,2026-06-09T00:00:00Z,True,0.12,arn:aws:ec2:us-west-2:108782052779:network-interface/eni-056cca991f5bdb19d,Amazon Virtual Private Cloud,unallocated
2026-06-08T00:00:00Z,2026-06-09T00:00:00Z,True,0.12,arn:aws:ec2:us-west-2:108782052779:network-interface/eni-064218f01cc92ddaa,Amazon Virtual Private Cloud,unallocated
2026-06-08T00:00:00Z,2026-06-09T00:00:00Z,True,0.12,arn:aws:ec2:us-west-2:108782052779:network-interface/eni-0725a15da78e40c9d,Amazon Virtual Private Cloud,unallocated
2026-06-08T00:00:00Z,2026-06-09T00:00:00Z,True,0.12,arn:aws:ec2:us-west-2:108782052779:network-interface/eni-07cff4be011b59eb4,Amazon Virtual Private Cloud,unallocated
2026-06-08T00:00:00Z,2026-06-09T00:00:00Z,True,0.12,arn:aws:ec2:us-west-2:108782052779:network-interface/eni-099e96a4f6c1d02b6,Amazon Virtual Private Cloud,unallocated
2026-06-08T00:00:00Z,2026-06-09T00:00:00Z,True,0.103691665,arn:aws:ec2:us-west-2:108782052779:network-interface/eni-0b34d79d126f5b67d,Amazon Virtual Private Cloud,unallocated
2026-06-08T00:00:00Z,2026-06-09T00:00:00Z,True,0.12,arn:aws:ec2:us-west-2:108782052779:network-interface/eni-0b7cb679115d71f09,Amazon Virtual Private Cloud,unallocated
2026-06-08T00:00:00Z,2026-06-09T00:00:00Z,True,0.12,arn:aws:ec2:us-west-2:108782052779:network-interface/eni-0d4fe172ce3285626,Amazon Virtual Private Cloud,unallocated
2026-06-08T00:00:00Z,2026-06-09T00:00:00Z,True,0.12,arn:aws:ec2:us-west-2:108782052779:network-interface/eni-0e8383492c016f0dc,Amazon Virtual Private Cloud,unallocated
2026-06-08T00:00:00Z,2026-06-09T00:00:00Z,True,0.001523615,arn:aws:ec2:us-west-2:108782052779:network-interface/eni-0eebbba34f556ec28,Amazon Virtual Private Cloud,unallocated
2026-06-08T00:00:00Z,2026-06-09T00:00:00Z,True,0.12,arn:aws:ec2:us-west-2:171675361862:network-interface/eni-09dec6f627819db8b,Amazon Virtual Private Cloud,unallocated
2026-06-08T00:00:00Z,2026-06-09T00:00:00Z,True,0.2400029861,arn:aws:ec2:us-west-2:171675361862:vpc-endpoint/vpce-02ac48bf0c4efb877,Amazon Virtual Private Cloud,unallocated
2026-06-08T00:00:00Z,2026-06-09T00:00:00Z,True,0.2400007402,arn:aws:ec2:us-west-2:171675361862:vpc-endpoint/vpce-036891e26dd789978,Amazon Virtual Private Cloud,unallocated
2026-06-08T00:00:00Z,2026-06-09T00:00:00Z,True,0.2400102999,arn:aws:ec2:us-west-2:171675361862:vpc-endpoint/vpce-0384b7109c7362817,Amazon Virtual Private Cloud,unallocated
2026-06-08T00:00:00Z,2026-06-09T00:00:00Z,True,0.24,arn:aws:ec2:us-west-2:171675361862:vpc-endpoint/vpce-0766e7a15cf8b1a9f,Amazon Virtual Private Cloud,unallocated
2026-06-08T00:00:00Z,2026-06-09T00:00:00Z,True,0.2430905564,arn:aws:ec2:us-west-2:171675361862:vpc-endpoint/vpce-07f1e154c6ff3a42f,Amazon Virtual Private Cloud,unallocated
2026-06-08T00:00:00Z,2026-06-09T00:00:00Z,True,0.2426752254,arn:aws:ec2:us-west-2:171675361862:vpc-endpoint/vpce-096eaa1400b8861cb,Amazon Virtual Private Cloud,unallocated
2026-06-08T00:00:00Z,2026-06-09T00:00:00Z,True,0.24,arn:aws:ec2:us-west-2:171675361862:vpc-endpoint/vpce-0f12344d88ada019d,Amazon Virtual Private Cloud,unallocated
2026-06-09T00:00:00Z,2026-06-10T00:00:00Z,True,0.12,arn:aws:ec2:ap-south-1:108782052779:network-interface/eni-02d1c980266b3afc3,Amazon Virtual Private Cloud,unallocated
2026-06-09T00:00:00Z,2026-06-10T00:00:00Z,True,0.12,arn:aws:ec2:ap-south-1:108782052779:network-interface/eni-0b311a0dcb595e613,Amazon Virtual Private Cloud,unallocated
2026-06-09T00:00:00Z,2026-06-10T00:00:00Z,True,0.12,arn:aws:ec2:eu-central-1:108782052779:network-interface/eni-016caa7d86d41fa17,Amazon Virtual Private Cloud,unallocated
2026-06-09T00:00:00Z,2026-06-10T00:00:00Z,True,0.12,arn:aws:ec2:eu-central-1:108782052779:network-interface/eni-0b8150cde6a5fc7ae,Amazon Virtual Private Cloud,unallocated
2026-06-09T00:00:00Z,2026-06-10T00:00:00Z,True,8.3335e-05,arn:aws:ec2:us-east-1:108782052779:elastic-ip/eipalloc-09b4b34f9fd305661,Amazon Virtual Private Cloud,unallocated
2026-06-09T00:00:00Z,2026-06-10T00:00:00Z,True,8.3335e-05,arn:aws:ec2:us-east-1:108782052779:elastic-ip/eipalloc-0de52ee5ec826bdf6,Amazon Virtual Private Cloud,unallocated
2026-06-09T00:00:00Z,2026-06-10T00:00:00Z,True,0.00048056,arn:aws:ec2:us-east-1:108782052779:elastic-ip/eipalloc-0e5344572ea8cc7d0,Amazon Virtual Private Cloud,dayhoff
2026-06-09T00:00:00Z,2026-06-10T00:00:00Z,True,0.12,arn:aws:ec2:us-east-1:108782052779:network-interface/eni-000a1e5904276b377,Amazon Virtual Private Cloud,unallocated
2026-06-09T00:00:00Z,2026-06-10T00:00:00Z,True,0.02137222,arn:aws:ec2:us-east-1:108782052779:network-interface/eni-0167bb4e066f9f50f,Amazon Virtual Private Cloud,unallocated
2026-06-09T00:00:00Z,2026-06-10T00:00:00Z,True,0.05918889,arn:aws:ec2:us-east-1:108782052779:network-interface/eni-024ed5a73a4f31826,Amazon Virtual Private Cloud,unallocated
2026-06-09T00:00:00Z,2026-06-10T00:00:00Z,True,0.12,arn:aws:ec2:us-east-1:108782052779:network-interface/eni-042ba53ad6a8384a3,Amazon Virtual Private Cloud,unallocated
2026-06-09T00:00:00Z,2026-06-10T00:00:00Z,True,0.12,arn:aws:ec2:us-east-1:108782052779:network-interface/eni-05395958a77582f2b,Amazon Virtual Private Cloud,unallocated
2026-06-09T00:00:00Z,2026-06-10T00:00:00Z,True,0.02137361,arn:aws:ec2:us-east-1:108782052779:network-interface/eni-0681a476fccbcccd1,Amazon Virtual Private Cloud,unallocated
2026-06-09T00:00:00Z,2026-06-10T00:00:00Z,True,0.12,arn:aws:ec2:us-east-1:108782052779:network-interface/eni-06e73bf21a00d71ee,Amazon Virtual Private Cloud,unallocated
2026-06-09T00:00:00Z,2026-06-10T00:00:00Z,True,0.12,arn:aws:ec2:us-east-1:108782052779:network-interface/eni-085448ce53cb8a8b8,Amazon Virtual Private Cloud,unallocated
2026-06-09T00:00:00Z,2026-06-10T00:00:00Z,True,0.12,arn:aws:ec2:us-east-1:108782052779:network-interface/eni-08997318714e9b90d,Amazon Virtual Private Cloud,unallocated
2026-06-09T00:00:00Z,2026-06-10T00:00:00Z,True,0.009420835,arn:aws:ec2:us-east-1:108782052779:network-interface/eni-08da9659b3b051802,Amazon Virtual Private Cloud,unallocated
2026-06-09T00:00:00Z,2026-06-10T00:00:00Z,True,0.12,arn:aws:ec2:us-east-1:108782052779:network-interface/eni-09fc345b72c77f5e5,Amazon Virtual Private Cloud,unallocated
2026-06-09T00:00:00Z,2026-06-10T00:00:00Z,True,0.0201625,arn:aws:ec2:us-east-1:108782052779:network-interface/eni-0a4ca5d43605bff03,Amazon Virtual Private Cloud,unallocated
2026-06-09T00:00:00Z,2026-06-10T00:00:00Z,True,0.12,arn:aws:ec2:us-east-1:108782052779:network-interface/eni-0b7b49dac37ac7562,Amazon Virtual Private Cloud,unallocated
2026-06-09T00:00:00Z,2026-06-10T00:00:00Z,True,0.12,arn:aws:ec2:us-east-1:108782052779:network-interface/eni-0bd3433d9edaf167c,Amazon Virtual Private Cloud,unallocated
2026-06-09T00:00:00Z,2026-06-10T00:00:00Z,True,0.00360278,arn:aws:ec2:us-east-1:108782052779:network-interface/eni-0c1eb14b8d4cb54c4,Amazon Virtual Private Cloud,unallocated
2026-06-09T00:00:00Z,2026-06-10T00:00:00Z,True,0.12,arn:aws:ec2:us-east-1:108782052779:network-interface/eni-0d366fd4150dd6012,Amazon Virtual Private Cloud,unallocated
2026-06-09T00:00:00Z,2026-06-10T00:00:00Z,True,8.3335e-05,arn:aws:ec2:us-west-2:108782052779:elastic-ip/eipalloc-00d54525c8f415b09,Amazon Virtual Private Cloud,unallocated
2026-06-09T00:00:00Z,2026-06-10T00:00:00Z,True,8.3335e-05,arn:aws:ec2:us-west-2:108782052779:elastic-ip/eipalloc-0255c5e112a4b5c39,Amazon Virtual Private Cloud,unallocated
2026-06-09T00:00:00Z,2026-06-10T00:00:00Z,True,0.12,arn:aws:ec2:us-west-2:108782052779:elastic-ip/eipalloc-02ef5760f8f8700fd,Amazon Virtual Private Cloud,unallocated
2026-06-09T00:00:00Z,2026-06-10T00:00:00Z,True,0.001120835,arn:aws:ec2:us-west-2:108782052779:elastic-ip/eipalloc-04cb91dafeaac6884,Amazon Virtual Private Cloud,unallocated
2026-06-09T00:00:00Z,2026-06-10T00:00:00Z,True,0.00095278,arn:aws:ec2:us-west-2:108782052779:elastic-ip/eipalloc-06c2ff8cb4315bbd2,Amazon Virtual Private Cloud,unallocated
2026-06-09T00:00:00Z,2026-06-10T00:00:00Z,True,0.12,arn:aws:ec2:us-west-2:108782052779:network-interface/eni-0053a0c36ed8792d5,Amazon Virtual Private Cloud,unallocated
2026-06-09T00:00:00Z,2026-06-10T00:00:00Z,True,0.12,arn:aws:ec2:us-west-2:108782052779:network-interface/eni-00d0d767fe52379a8,Amazon Virtual Private Cloud,unallocated
2026-06-09T00:00:00Z,2026-06-10T00:00:00Z,True,0.003434725,arn:aws:ec2:us-west-2:108782052779:network-interface/eni-01375a164abcfc4d7,Amazon Virtual Private Cloud,unallocated
2026-06-09T00:00:00Z,2026-06-10T00:00:00Z,True,0.12,arn:aws:ec2:us-west-2:108782052779:network-interface/eni-026f98f985a93c4bc,Amazon Virtual Private Cloud,unallocated
2026-06-09T00:00:00Z,2026-06-10T00:00:00Z,True,0.12,arn:aws:ec2:us-west-2:108782052779:network-interface/eni-0365f5bd1308e7491,Amazon Virtual Private Cloud,unallocated
2026-06-09T00:00:00Z,2026-06-10T00:00:00Z,True,0.12,arn:aws:ec2:us-west-2:108782052779:network-interface/eni-04e9a24108db62c0a,Amazon Virtual Private Cloud,unallocated
2026-06-09T00:00:00Z,2026-06-10T00:00:00Z,True,0.003470835,arn:aws:ec2:us-west-2:108782052779:network-interface/eni-056cca991f5bdb19d,Amazon Virtual Private Cloud,unallocated
2026-06-09T00:00:00Z,2026-06-10T00:00:00Z,True,0.12,arn:aws:ec2:us-west-2:108782052779:network-interface/eni-064218f01cc92ddaa,Amazon Virtual Private Cloud,unallocated
2026-06-09T00:00:00Z,2026-06-10T00:00:00Z,True,0.12,arn:aws:ec2:us-west-2:108782052779:network-interface/eni-0725a15da78e40c9d,Amazon Virtual Private Cloud,unallocated
2026-06-09T00:00:00Z,2026-06-10T00:00:00Z,True,0.12,arn:aws:ec2:us-west-2:108782052779:network-interface/eni-07cff4be011b59eb4,Amazon Virtual Private Cloud,unallocated
2026-06-09T00:00:00Z,2026-06-10T00:00:00Z,True,0.12,arn:aws:ec2:us-west-2:108782052779:network-interface/eni-099e96a4f6c1d02b6,Amazon Virtual Private Cloud,unallocated
2026-06-09T00:00:00Z,2026-06-10T00:00:00Z,True,0.09129861,arn:aws:ec2:us-west-2:108782052779:network-interface/eni-09bfd9b21dde2725c,Amazon Virtual Private Cloud,unallocated
2026-06-09T00:00:00Z,2026-06-10T00:00:00Z,True,0.12,arn:aws:ec2:us-west-2:108782052779:network-interface/eni-0b34d79d126f5b67d,Amazon Virtual Private Cloud,unallocated
2026-06-09T00:00:00Z,2026-06-10T00:00:00Z,True,0.12,arn:aws:ec2:us-west-2:108782052779:network-interface/eni-0b7cb679115d71f09,Amazon Virtual Private Cloud,unallocated
2026-06-09T00:00:00Z,2026-06-10T00:00:00Z,True,0.002943055,arn:aws:ec2:us-west-2:108782052779:network-interface/eni-0c66d3a31eb5b1df2,Amazon Virtual Private Cloud,unallocated
2026-06-09T00:00:00Z,2026-06-10T00:00:00Z,True,0.12,arn:aws:ec2:us-west-2:108782052779:network-interface/eni-0d4fe172ce3285626,Amazon Virtual Private Cloud,unallocated
2026-06-09T00:00:00Z,2026-06-10T00:00:00Z,True,0.12,arn:aws:ec2:us-west-2:108782052779:network-interface/eni-0e8383492c016f0dc,Amazon Virtual Private Cloud,unallocated
2026-06-09T00:00:00Z,2026-06-10T00:00:00Z,True,0.12,arn:aws:ec2:us-west-2:171675361862:network-interface/eni-09dec6f627819db8b,Amazon Virtual Private Cloud,unallocated
2026-06-09T00:00:00Z,2026-06-10T00:00:00Z,True,0.2400029905,arn:aws:ec2:us-west-2:171675361862:vpc-endpoint/vpce-02ac48bf0c4efb877,Amazon Virtual Private Cloud,unallocated
2026-06-09T00:00:00Z,2026-06-10T00:00:00Z,True,0.240000736,arn:aws:ec2:us-west-2:171675361862:vpc-endpoint/vpce-036891e26dd789978,Amazon Virtual Private Cloud,unallocated
2026-06-09T00:00:00Z,2026-06-10T00:00:00Z,True,0.2400100645,arn:aws:ec2:us-west-2:171675361862:vpc-endpoint/vpce-0384b7109c7362817,Amazon Virtual Private Cloud,unallocated
2026-06-09T00:00:00Z,2026-06-10T00:00:00Z,True,0.24,arn:aws:ec2:us-west-2:171675361862:vpc-endpoint/vpce-0766e7a15cf8b1a9f,Amazon Virtual Private Cloud,unallocated
2026-06-09T00:00:00Z,2026-06-10T00:00:00Z,True,0.2430827981,arn:aws:ec2:us-west-2:171675361862:vpc-endpoint/vpce-07f1e154c6ff3a42f,Amazon Virtual Private Cloud,unallocated
2026-06-09T00:00:00Z,2026-06-10T00:00:00Z,True,0.2426747008,arn:aws:ec2:us-west-2:171675361862:vpc-endpoint/vpce-096eaa1400b8861cb,Amazon Virtual Private Cloud,unallocated
2026-06-09T00:00:00Z,2026-06-10T00:00:00Z,True,0.24,arn:aws:ec2:us-west-2:171675361862:vpc-endpoint/vpce-0f12344d88ada019d,Amazon Virtual Private Cloud,unallocated
2026-06-10T00:00:00Z,2026-06-11T00:00:00Z,True,0.12,arn:aws:ec2:ap-south-1:108782052779:network-interface/eni-02d1c980266b3afc3,Amazon Virtual Private Cloud,unallocated
2026-06-10T00:00:00Z,2026-06-11T00:00:00Z,True,0.12,arn:aws:ec2:ap-south-1:108782052779:network-interface/eni-0b311a0dcb595e613,Amazon Virtual Private Cloud,unallocated
2026-06-10T00:00:00Z,2026-06-11T00:00:00Z,True,0.12,arn:aws:ec2:eu-central-1:108782052779:network-interface/eni-016caa7d86d41fa17,Amazon Virtual Private Cloud,unallocated
2026-06-10T00:00:00Z,2026-06-11T00:00:00Z,True,0.12,arn:aws:ec2:eu-central-1:108782052779:network-interface/eni-0b8150cde6a5fc7ae,Amazon Virtual Private Cloud,unallocated
2026-06-10T00:00:00Z,2026-06-11T00:00:00Z,True,0.12,arn:aws:ec2:us-east-1:108782052779:network-interface/eni-000a1e5904276b377,Amazon Virtual Private Cloud,unallocated
2026-06-10T00:00:00Z,2026-06-11T00:00:00Z,True,0.12,arn:aws:ec2:us-east-1:108782052779:network-interface/eni-024ed5a73a4f31826,Amazon Virtual Private Cloud,unallocated
2026-06-10T00:00:00Z,2026-06-11T00:00:00Z,True,0.12,arn:aws:ec2:us-east-1:108782052779:network-interface/eni-042ba53ad6a8384a3,Amazon Virtual Private Cloud,unallocated
2026-06-10T00:00:00Z,2026-06-11T00:00:00Z,True,0.12,arn:aws:ec2:us-east-1:108782052779:network-interface/eni-05395958a77582f2b,Amazon Virtual Private Cloud,unallocated
2026-06-10T00:00:00Z,2026-06-11T00:00:00Z,True,0.12,arn:aws:ec2:us-east-1:108782052779:network-interface/eni-06e73bf21a00d71ee,Amazon Virtual Private Cloud,unallocated
2026-06-10T00:00:00Z,2026-06-11T00:00:00Z,True,0.12,arn:aws:ec2:us-east-1:108782052779:network-interface/eni-085448ce53cb8a8b8,Amazon Virtual Private Cloud,unallocated
2026-06-10T00:00:00Z,2026-06-11T00:00:00Z,True,0.12,arn:aws:ec2:us-east-1:108782052779:network-interface/eni-08997318714e9b90d,Amazon Virtual Private Cloud,unallocated
2026-06-10T00:00:00Z,2026-06-11T00:00:00Z,True,0.12,arn:aws:ec2:us-east-1:108782052779:network-interface/eni-09fc345b72c77f5e5,Amazon Virtual Private Cloud,unallocated
2026-06-10T00:00:00Z,2026-06-11T00:00:00Z,True,0.12,arn:aws:ec2:us-east-1:108782052779:network-interface/eni-0b7b49dac37ac7562,Amazon Virtual Private Cloud,unallocated
2026-06-10T00:00:00Z,2026-06-11T00:00:00Z,True,0.12,arn:aws:ec2:us-east-1:108782052779:network-interface/eni-0bd3433d9edaf167c,Amazon Virtual Private Cloud,unallocated
2026-06-10T00:00:00Z,2026-06-11T00:00:00Z,True,0.12,arn:aws:ec2:us-east-1:108782052779:network-interface/eni-0d366fd4150dd6012,Amazon Virtual Private Cloud,unallocated
2026-06-10T00:00:00Z,2026-06-11T00:00:00Z,True,0.12,arn:aws:ec2:us-west-2:108782052779:elastic-ip/eipalloc-02ef5760f8f8700fd,Amazon Virtual Private Cloud,unallocated
2026-06-10T00:00:00Z,2026-06-11T00:00:00Z,True,8.3335e-05,arn:aws:ec2:us-west-2:108782052779:elastic-ip/eipalloc-04a30b6312bde260f,Amazon Virtual Private Cloud,unallocated
2026-06-10T00:00:00Z,2026-06-11T00:00:00Z,True,0.00011389,arn:aws:ec2:us-west-2:108782052779:elastic-ip/eipalloc-0afac19bd56e88559,Amazon Virtual Private Cloud,unallocated
2026-06-10T00:00:00Z,2026-06-11T00:00:00Z,True,0.12,arn:aws:ec2:us-west-2:108782052779:network-interface/eni-0053a0c36ed8792d5,Amazon Virtual Private Cloud,unallocated
2026-06-10T00:00:00Z,2026-06-11T00:00:00Z,True,0.12,arn:aws:ec2:us-west-2:108782052779:network-interface/eni-00d0d767fe52379a8,Amazon Virtual Private Cloud,unallocated
2026-06-10T00:00:00Z,2026-06-11T00:00:00Z,True,0.12,arn:aws:ec2:us-west-2:108782052779:network-interface/eni-026f98f985a93c4bc,Amazon Virtual Private Cloud,unallocated
2026-06-10T00:00:00Z,2026-06-11T00:00:00Z,True,0.12,arn:aws:ec2:us-west-2:108782052779:network-interface/eni-0365f5bd1308e7491,Amazon Virtual Private Cloud,unallocated
2026-06-10T00:00:00Z,2026-06-11T00:00:00Z,True,0.12,arn:aws:ec2:us-west-2:108782052779:network-interface/eni-04e9a24108db62c0a,Amazon Virtual Private Cloud,unallocated
2026-06-10T00:00:00Z,2026-06-11T00:00:00Z,True,0.12,arn:aws:ec2:us-west-2:108782052779:network-interface/eni-064218f01cc92ddaa,Amazon Virtual Private Cloud,unallocated
2026-06-10T00:00:00Z,2026-06-11T00:00:00Z,True,0.12,arn:aws:ec2:us-west-2:108782052779:network-interface/eni-0725a15da78e40c9d,Amazon Virtual Private Cloud,unallocated
2026-06-10T00:00:00Z,2026-06-11T00:00:00Z,True,0.12,arn:aws:ec2:us-west-2:108782052779:network-interface/eni-07cff4be011b59eb4,Amazon Virtual Private Cloud,unallocated
2026-06-10T00:00:00Z,2026-06-11T00:00:00Z,True,0.019875,arn:aws:ec2:us-west-2:108782052779:network-interface/eni-08bb6791a416126f7,Amazon Virtual Private Cloud,unallocated
2026-06-10T00:00:00Z,2026-06-11T00:00:00Z,True,0.12,arn:aws:ec2:us-west-2:108782052779:network-interface/eni-099e96a4f6c1d02b6,Amazon Virtual Private Cloud,unallocated
2026-06-10T00:00:00Z,2026-06-11T00:00:00Z,True,0.12,arn:aws:ec2:us-west-2:108782052779:network-interface/eni-09bfd9b21dde2725c,Amazon Virtual Private Cloud,unallocated
2026-06-10T00:00:00Z,2026-06-11T00:00:00Z,True,0.12,arn:aws:ec2:us-west-2:108782052779:network-interface/eni-0b34d79d126f5b67d,Amazon Virtual Private Cloud,unallocated
2026-06-10T00:00:00Z,2026-06-11T00:00:00Z,True,0.12,arn:aws:ec2:us-west-2:108782052779:network-interface/eni-0b7cb679115d71f09,Amazon Virtual Private Cloud,unallocated
2026-06-10T00:00:00Z,2026-06-11T00:00:00Z,True,0.101305555,arn:aws:ec2:us-west-2:108782052779:network-interface/eni-0d4fe172ce3285626,Amazon Virtual Private Cloud,unallocated
2026-06-10T00:00:00Z,2026-06-11T00:00:00Z,True,0.12,arn:aws:ec2:us-west-2:108782052779:network-interface/eni-0e8383492c016f0dc,Amazon Virtual Private Cloud,unallocated
2026-06-10T00:00:00Z,2026-06-11T00:00:00Z,True,0.12,arn:aws:ec2:us-west-2:171675361862:network-interface/eni-09dec6f627819db8b,Amazon Virtual Private Cloud,unallocated
2026-06-10T00:00:00Z,2026-06-11T00:00:00Z,True,0.2400029887,arn:aws:ec2:us-west-2:171675361862:vpc-endpoint/vpce-02ac48bf0c4efb877,Amazon Virtual Private Cloud,unallocated
2026-06-10T00:00:00Z,2026-06-11T00:00:00Z,True,0.2400007389,arn:aws:ec2:us-west-2:171675361862:vpc-endpoint/vpce-036891e26dd789978,Amazon Virtual Private Cloud,unallocated
2026-06-10T00:00:00Z,2026-06-11T00:00:00Z,True,0.2400103009,arn:aws:ec2:us-west-2:171675361862:vpc-endpoint/vpce-0384b7109c7362817,Amazon Virtual Private Cloud,unallocated
2026-06-10T00:00:00Z,2026-06-11T00:00:00Z,True,0.24,arn:aws:ec2:us-west-2:171675361862:vpc-endpoint/vpce-0766e7a15cf8b1a9f,Amazon Virtual Private Cloud,unallocated
2026-06-10T00:00:00Z,2026-06-11T00:00:00Z,True,0.2430746467,arn:aws:ec2:us-west-2:171675361862:vpc-endpoint/vpce-07f1e154c6ff3a42f,Amazon Virtual Private Cloud,unallocated
2026-06-10T00:00:00Z,2026-06-11T00:00:00Z,True,0.2426836799,arn:aws:ec2:us-west-2:171675361862:vpc-endpoint/vpce-096eaa1400b8861cb,Amazon Virtual Private Cloud,unallocated
2026-06-10T00:00:00Z,2026-06-11T00:00:00Z,True,0.24,arn:aws:ec2:us-west-2:171675361862:vpc-endpoint/vpce-0f12344d88ada019d,Amazon Virtual Private Cloud,unallocated
2026-06-11T00:00:00Z,2026-06-12T00:00:00Z,True,0.12,arn:aws:ec2:ap-south-1:108782052779:network-interface/eni-02d1c980266b3afc3,Amazon Virtual Private Cloud,unallocated
2026-06-11T00:00:00Z,2026-06-12T00:00:00Z,True,0.12,arn:aws:ec2:ap-south-1:108782052779:network-interface/eni-0b311a0dcb595e613,Amazon Virtual Private Cloud,unallocated
2026-06-11T00:00:00Z,2026-06-12T00:00:00Z,True,0.12,arn:aws:ec2:eu-central-1:108782052779:network-interface/eni-016caa7d86d41fa17,Amazon Virtual Private Cloud,unallocated
2026-06-11T00:00:00Z,2026-06-12T00:00:00Z,True,0.12,arn:aws:ec2:eu-central-1:108782052779:network-interface/eni-0b8150cde6a5fc7ae,Amazon Virtual Private Cloud,unallocated
2026-06-11T00:00:00Z,2026-06-12T00:00:00Z,True,0.12,arn:aws:ec2:us-east-1:108782052779:network-interface/eni-000a1e5904276b377,Amazon Virtual Private Cloud,unallocated
2026-06-11T00:00:00Z,2026-06-12T00:00:00Z,True,0.12,arn:aws:ec2:us-east-1:108782052779:network-interface/eni-024ed5a73a4f31826,Amazon Virtual Private Cloud,unallocated
2026-06-11T00:00:00Z,2026-06-12T00:00:00Z,True,0.12,arn:aws:ec2:us-east-1:108782052779:network-interface/eni-042ba53ad6a8384a3,Amazon Virtual Private Cloud,unallocated
2026-06-11T00:00:00Z,2026-06-12T00:00:00Z,True,0.12,arn:aws:ec2:us-east-1:108782052779:network-interface/eni-05395958a77582f2b,Amazon Virtual Private Cloud,unallocated
2026-06-11T00:00:00Z,2026-06-12T00:00:00Z,True,0.12,arn:aws:ec2:us-east-1:108782052779:network-interface/eni-06e73bf21a00d71ee,Amazon Virtual Private Cloud,unallocated
2026-06-11T00:00:00Z,2026-06-12T00:00:00Z,True,0.12,arn:aws:ec2:us-east-1:108782052779:network-interface/eni-085448ce53cb8a8b8,Amazon Virtual Private Cloud,unallocated
2026-06-11T00:00:00Z,2026-06-12T00:00:00Z,True,0.12,arn:aws:ec2:us-east-1:108782052779:network-interface/eni-08997318714e9b90d,Amazon Virtual Private Cloud,unallocated
2026-06-11T00:00:00Z,2026-06-12T00:00:00Z,True,0.12,arn:aws:ec2:us-east-1:108782052779:network-interface/eni-09fc345b72c77f5e5,Amazon Virtual Private Cloud,unallocated
2026-06-11T00:00:00Z,2026-06-12T00:00:00Z,True,0.12,arn:aws:ec2:us-east-1:108782052779:network-interface/eni-0b7b49dac37ac7562,Amazon Virtual Private Cloud,unallocated
2026-06-11T00:00:00Z,2026-06-12T00:00:00Z,True,0.12,arn:aws:ec2:us-east-1:108782052779:network-interface/eni-0bd3433d9edaf167c,Amazon Virtual Private Cloud,unallocated
2026-06-11T00:00:00Z,2026-06-12T00:00:00Z,True,0.12,arn:aws:ec2:us-east-1:108782052779:network-interface/eni-0d366fd4150dd6012,Amazon Virtual Private Cloud,unallocated
2026-06-11T00:00:00Z,2026-06-12T00:00:00Z,True,0.12,arn:aws:ec2:us-west-2:108782052779:elastic-ip/eipalloc-02ef5760f8f8700fd,Amazon Virtual Private Cloud,unallocated
2026-06-11T00:00:00Z,2026-06-12T00:00:00Z,True,0.12,arn:aws:ec2:us-west-2:108782052779:network-interface/eni-0053a0c36ed8792d5,Amazon Virtual Private Cloud,unallocated
2026-06-11T00:00:00Z,2026-06-12T00:00:00Z,True,0.12,arn:aws:ec2:us-west-2:108782052779:network-interface/eni-00d0d767fe52379a8,Amazon Virtual Private Cloud,unallocated
2026-06-11T00:00:00Z,2026-06-12T00:00:00Z,True,0.12,arn:aws:ec2:us-west-2:108782052779:network-interface/eni-026f98f985a93c4bc,Amazon Virtual Private Cloud,unallocated
2026-06-11T00:00:00Z,2026-06-12T00:00:00Z,True,0.12,arn:aws:ec2:us-west-2:108782052779:network-interface/eni-0365f5bd1308e7491,Amazon Virtual Private Cloud,unallocated
2026-06-11T00:00:00Z,2026-06-12T00:00:00Z,True,0.12,arn:aws:ec2:us-west-2:108782052779:network-interface/eni-04e9a24108db62c0a,Amazon Virtual Private Cloud,unallocated
2026-06-11T00:00:00Z,2026-06-12T00:00:00Z,True,0.12,arn:aws:ec2:us-west-2:108782052779:network-interface/eni-064218f01cc92ddaa,Amazon Virtual Private Cloud,unallocated
2026-06-11T00:00:00Z,2026-06-12T00:00:00Z,True,0.12,arn:aws:ec2:us-west-2:108782052779:network-interface/eni-0725a15da78e40c9d,Amazon Virtual Private Cloud,unallocated
2026-06-11T00:00:00Z,2026-06-12T00:00:00Z,True,0.12,arn:aws:ec2:us-west-2:108782052779:network-interface/eni-07cff4be011b59eb4,Amazon Virtual Private Cloud,unallocated
2026-06-11T00:00:00Z,2026-06-12T00:00:00Z,True,0.12,arn:aws:ec2:us-west-2:108782052779:network-interface/eni-08bb6791a416126f7,Amazon Virtual Private Cloud,unallocated
2026-06-11T00:00:00Z,2026-06-12T00:00:00Z,True,0.12,arn:aws:ec2:us-west-2:108782052779:network-interface/eni-099e96a4f6c1d02b6,Amazon Virtual Private Cloud,unallocated
2026-06-11T00:00:00Z,2026-06-12T00:00:00Z,True,0.12,arn:aws:ec2:us-west-2:108782052779:network-interface/eni-09bfd9b21dde2725c,Amazon Virtual Private Cloud,unallocated
2026-06-11T00:00:00Z,2026-06-12T00:00:00Z,True,0.12,arn:aws:ec2:us-west-2:108782052779:network-interface/eni-0b34d79d126f5b67d,Amazon Virtual Private Cloud,unallocated
2026-06-11T00:00:00Z,2026-06-12T00:00:00Z,True,0.12,arn:aws:ec2:us-west-2:108782052779:network-interface/eni-0b7cb679115d71f09,Amazon Virtual Private Cloud,unallocated
2026-06-11T00:00:00Z,2026-06-12T00:00:00Z,True,0.12,arn:aws:ec2:us-west-2:108782052779:network-interface/eni-0e8383492c016f0dc,Amazon Virtual Private Cloud,unallocated
2026-06-11T00:00:00Z,2026-06-12T00:00:00Z,True,0.12,arn:aws:ec2:us-west-2:171675361862:network-interface/eni-09dec6f627819db8b,Amazon Virtual Private Cloud,unallocated
2026-06-11T00:00:00Z,2026-06-12T00:00:00Z,True,0.2400029839,arn:aws:ec2:us-west-2:171675361862:vpc-endpoint/vpce-02ac48bf0c4efb877,Amazon Virtual Private Cloud,unallocated
2026-06-11T00:00:00Z,2026-06-12T00:00:00Z,True,0.2400007371,arn:aws:ec2:us-west-2:171675361862:vpc-endpoint/vpce-036891e26dd789978,Amazon Virtual Private Cloud,unallocated
2026-06-11T00:00:00Z,2026-06-12T00:00:00Z,True,0.2400105268,arn:aws:ec2:us-west-2:171675361862:vpc-endpoint/vpce-0384b7109c7362817,Amazon Virtual Private Cloud,unallocated
2026-06-11T00:00:00Z,2026-06-12T00:00:00Z,True,0.24,arn:aws:ec2:us-west-2:171675361862:vpc-endpoint/vpce-0766e7a15cf8b1a9f,Amazon Virtual Private Cloud,unallocated
2026-06-11T00:00:00Z,2026-06-12T00:00:00Z,True,0.2430864076,arn:aws:ec2:us-west-2:171675361862:vpc-endpoint/vpce-07f1e154c6ff3a42f,Amazon Virtual Private Cloud,unallocated
2026-06-11T00:00:00Z,2026-06-12T00:00:00Z,True,0.2426854788,arn:aws:ec2:us-west-2:171675361862:vpc-endpoint/vpce-096eaa1400b8861cb,Amazon Virtual Private Cloud,unallocated
2026-06-11T00:00:00Z,2026-06-12T00:00:00Z,True,0.24,arn:aws:ec2:us-west-2:171675361862:vpc-endpoint/vpce-0f12344d88ada019d,Amazon Virtual Private Cloud,unallocated
2026-06-12T00:00:00Z,2026-06-13T00:00:00Z,True,0.12,arn:aws:ec2:ap-south-1:108782052779:network-interface/eni-02d1c980266b3afc3,Amazon Virtual Private Cloud,unallocated
2026-06-12T00:00:00Z,2026-06-13T00:00:00Z,True,0.12,arn:aws:ec2:ap-south-1:108782052779:network-interface/eni-0b311a0dcb595e613,Amazon Virtual Private Cloud,unallocated
2026-06-12T00:00:00Z,2026-06-13T00:00:00Z,True,0.12,arn:aws:ec2:eu-central-1:108782052779:network-interface/eni-016caa7d86d41fa17,Amazon Virtual Private Cloud,unallocated
2026-06-12T00:00:00Z,2026-06-13T00:00:00Z,True,0.12,arn:aws:ec2:eu-central-1:108782052779:network-interface/eni-0b8150cde6a5fc7ae,Amazon Virtual Private Cloud,unallocated
2026-06-12T00:00:00Z,2026-06-13T00:00:00Z,True,0.12,arn:aws:ec2:us-east-1:108782052779:network-interface/eni-000a1e5904276b377,Amazon Virtual Private Cloud,unallocated
2026-06-12T00:00:00Z,2026-06-13T00:00:00Z,True,0.12,arn:aws:ec2:us-east-1:108782052779:network-interface/eni-024ed5a73a4f31826,Amazon Virtual Private Cloud,unallocated
2026-06-12T00:00:00Z,2026-06-13T00:00:00Z,True,0.12,arn:aws:ec2:us-east-1:108782052779:network-interface/eni-042ba53ad6a8384a3,Amazon Virtual Private Cloud,unallocated
2026-06-12T00:00:00Z,2026-06-13T00:00:00Z,True,0.12,arn:aws:ec2:us-east-1:108782052779:network-interface/eni-05395958a77582f2b,Amazon Virtual Private Cloud,unallocated
2026-06-12T00:00:00Z,2026-06-13T00:00:00Z,True,0.12,arn:aws:ec2:us-east-1:108782052779:network-interface/eni-06e73bf21a00d71ee,Amazon Virtual Private Cloud,unallocated
2026-06-12T00:00:00Z,2026-06-13T00:00:00Z,True,0.12,arn:aws:ec2:us-east-1:108782052779:network-interface/eni-085448ce53cb8a8b8,Amazon Virtual Private Cloud,unallocated
2026-06-12T00:00:00Z,2026-06-13T00:00:00Z,True,0.12,arn:aws:ec2:us-east-1:108782052779:network-interface/eni-08997318714e9b90d,Amazon Virtual Private Cloud,unallocated
2026-06-12T00:00:00Z,2026-06-13T00:00:00Z,True,0.12,arn:aws:ec2:us-east-1:108782052779:network-interface/eni-09fc345b72c77f5e5,Amazon Virtual Private Cloud,unallocated
2026-06-12T00:00:00Z,2026-06-13T00:00:00Z,True,0.12,arn:aws:ec2:us-east-1:108782052779:network-interface/eni-0b7b49dac37ac7562,Amazon Virtual Private Cloud,unallocated
2026-06-12T00:00:00Z,2026-06-13T00:00:00Z,True,0.12,arn:aws:ec2:us-east-1:108782052779:network-interface/eni-0bd3433d9edaf167c,Amazon Virtual Private Cloud,unallocated
2026-06-12T00:00:00Z,2026-06-13T00:00:00Z,True,0.12,arn:aws:ec2:us-east-1:108782052779:network-interface/eni-0d366fd4150dd6012,Amazon Virtual Private Cloud,unallocated
2026-06-12T00:00:00Z,2026-06-13T00:00:00Z,True,0.12,arn:aws:ec2:us-west-2:108782052779:elastic-ip/eipalloc-02ef5760f8f8700fd,Amazon Virtual Private Cloud,unallocated
2026-06-12T00:00:00Z,2026-06-13T00:00:00Z,True,8.3335e-05,arn:aws:ec2:us-west-2:108782052779:elastic-ip/eipalloc-0e072addf412fd6af,Amazon Virtual Private Cloud,unallocated
2026-06-12T00:00:00Z,2026-06-13T00:00:00Z,True,0.12,arn:aws:ec2:us-west-2:108782052779:network-interface/eni-0053a0c36ed8792d5,Amazon Virtual Private Cloud,unallocated
2026-06-12T00:00:00Z,2026-06-13T00:00:00Z,True,0.12,arn:aws:ec2:us-west-2:108782052779:network-interface/eni-00d0d767fe52379a8,Amazon Virtual Private Cloud,unallocated
2026-06-12T00:00:00Z,2026-06-13T00:00:00Z,True,0.12,arn:aws:ec2:us-west-2:108782052779:network-interface/eni-026f98f985a93c4bc,Amazon Virtual Private Cloud,unallocated
2026-06-12T00:00:00Z,2026-06-13T00:00:00Z,True,0.12,arn:aws:ec2:us-west-2:108782052779:network-interface/eni-0365f5bd1308e7491,Amazon Virtual Private Cloud,unallocated
2026-06-12T00:00:00Z,2026-06-13T00:00:00Z,True,0.12,arn:aws:ec2:us-west-2:108782052779:network-interface/eni-04e9a24108db62c0a,Amazon Virtual Private Cloud,unallocated
2026-06-12T00:00:00Z,2026-06-13T00:00:00Z,True,0.12,arn:aws:ec2:us-west-2:108782052779:network-interface/eni-064218f01cc92ddaa,Amazon Virtual Private Cloud,unallocated
2026-06-12T00:00:00Z,2026-06-13T00:00:00Z,True,0.12,arn:aws:ec2:us-west-2:108782052779:network-interface/eni-0725a15da78e40c9d,Amazon Virtual Private Cloud,unallocated
2026-06-12T00:00:00Z,2026-06-13T00:00:00Z,True,0.12,arn:aws:ec2:us-west-2:108782052779:network-interface/eni-07cff4be011b59eb4,Amazon Virtual Private Cloud,unallocated
2026-06-12T00:00:00Z,2026-06-13T00:00:00Z,True,0.12,arn:aws:ec2:us-west-2:108782052779:network-interface/eni-08bb6791a416126f7,Amazon Virtual Private Cloud,unallocated
2026-06-12T00:00:00Z,2026-06-13T00:00:00Z,True,0.12,arn:aws:ec2:us-west-2:108782052779:network-interface/eni-099e96a4f6c1d02b6,Amazon Virtual Private Cloud,unallocated
2026-06-12T00:00:00Z,2026-06-13T00:00:00Z,True,0.12,arn:aws:ec2:us-west-2:108782052779:network-interface/eni-09bfd9b21dde2725c,Amazon Virtual Private Cloud,unallocated
2026-06-12T00:00:00Z,2026-06-13T00:00:00Z,True,0.01114028,arn:aws:ec2:us-west-2:108782052779:network-interface/eni-0b34d79d126f5b67d,Amazon Virtual Private Cloud,unallocated
2026-06-12T00:00:00Z,2026-06-13T00:00:00Z,True,0.12,arn:aws:ec2:us-west-2:108782052779:network-interface/eni-0b7cb679115d71f09,Amazon Virtual Private Cloud,unallocated
2026-06-12T00:00:00Z,2026-06-13T00:00:00Z,True,0.12,arn:aws:ec2:us-west-2:108782052779:network-interface/eni-0e8383492c016f0dc,Amazon Virtual Private Cloud,unallocated
2026-06-12T00:00:00Z,2026-06-13T00:00:00Z,True,0.12,arn:aws:ec2:us-west-2:171675361862:network-interface/eni-09dec6f627819db8b,Amazon Virtual Private Cloud,unallocated
2026-06-12T00:00:00Z,2026-06-13T00:00:00Z,True,0.2400029816,arn:aws:ec2:us-west-2:171675361862:vpc-endpoint/vpce-02ac48bf0c4efb877,Amazon Virtual Private Cloud,unallocated
2026-06-12T00:00:00Z,2026-06-13T00:00:00Z,True,0.2400007386,arn:aws:ec2:us-west-2:171675361862:vpc-endpoint/vpce-036891e26dd789978,Amazon Virtual Private Cloud,unallocated
2026-06-12T00:00:00Z,2026-06-13T00:00:00Z,True,0.2400103061,arn:aws:ec2:us-west-2:171675361862:vpc-endpoint/vpce-0384b7109c7362817,Amazon Virtual Private Cloud,unallocated
2026-06-12T00:00:00Z,2026-06-13T00:00:00Z,True,0.24,arn:aws:ec2:us-west-2:171675361862:vpc-endpoint/vpce-0766e7a15cf8b1a9f,Amazon Virtual Private Cloud,unallocated
2026-06-12T00:00:00Z,2026-06-13T00:00:00Z,True,0.2428970754,arn:aws:ec2:us-west-2:171675361862:vpc-endpoint/vpce-07f1e154c6ff3a42f,Amazon Virtual Private Cloud,unallocated
2026-06-12T00:00:00Z,2026-06-13T00:00:00Z,True,0.2427106136,arn:aws:ec2:us-west-2:171675361862:vpc-endpoint/vpce-096eaa1400b8861cb,Amazon Virtual Private Cloud,unallocated
2026-06-12T00:00:00Z,2026-06-13T00:00:00Z,True,0.24,arn:aws:ec2:us-west-2:171675361862:vpc-endpoint/vpce-0f12344d88ada019d,Amazon Virtual Private Cloud,unallocated
2026-06-13T00:00:00Z,2026-06-14T00:00:00Z,True,0.12,arn:aws:ec2:ap-south-1:108782052779:network-interface/eni-02d1c980266b3afc3,Amazon Virtual Private Cloud,unallocated
2026-06-13T00:00:00Z,2026-06-14T00:00:00Z,True,0.12,arn:aws:ec2:ap-south-1:108782052779:network-interface/eni-0b311a0dcb595e613,Amazon Virtual Private Cloud,unallocated
2026-06-13T00:00:00Z,2026-06-14T00:00:00Z,True,0.12,arn:aws:ec2:eu-central-1:108782052779:network-interface/eni-016caa7d86d41fa17,Amazon Virtual Private Cloud,unallocated
2026-06-13T00:00:00Z,2026-06-14T00:00:00Z,True,0.12,arn:aws:ec2:eu-central-1:108782052779:network-interface/eni-0b8150cde6a5fc7ae,Amazon Virtual Private Cloud,unallocated
2026-06-13T00:00:00Z,2026-06-14T00:00:00Z,True,0.12,arn:aws:ec2:us-east-1:108782052779:network-interface/eni-000a1e5904276b377,Amazon Virtual Private Cloud,unallocated
2026-06-13T00:00:00Z,2026-06-14T00:00:00Z,True,0.12,arn:aws:ec2:us-east-1:108782052779:network-interface/eni-024ed5a73a4f31826,Amazon Virtual Private Cloud,unallocated
2026-06-13T00:00:00Z,2026-06-14T00:00:00Z,True,0.12,arn:aws:ec2:us-east-1:108782052779:network-interface/eni-042ba53ad6a8384a3,Amazon Virtual Private Cloud,unallocated
2026-06-13T00:00:00Z,2026-06-14T00:00:00Z,True,0.12,arn:aws:ec2:us-east-1:108782052779:network-interface/eni-05395958a77582f2b,Amazon Virtual Private Cloud,unallocated
2026-06-13T00:00:00Z,2026-06-14T00:00:00Z,True,0.12,arn:aws:ec2:us-east-1:108782052779:network-interface/eni-06e73bf21a00d71ee,Amazon Virtual Private Cloud,unallocated
2026-06-13T00:00:00Z,2026-06-14T00:00:00Z,True,0.12,arn:aws:ec2:us-east-1:108782052779:network-interface/eni-085448ce53cb8a8b8,Amazon Virtual Private Cloud,unallocated
2026-06-13T00:00:00Z,2026-06-14T00:00:00Z,True,0.12,arn:aws:ec2:us-east-1:108782052779:network-interface/eni-08997318714e9b90d,Amazon Virtual Private Cloud,unallocated
2026-06-13T00:00:00Z,2026-06-14T00:00:00Z,True,0.12,arn:aws:ec2:us-east-1:108782052779:network-interface/eni-09fc345b72c77f5e5,Amazon Virtual Private Cloud,unallocated
2026-06-13T00:00:00Z,2026-06-14T00:00:00Z,True,0.12,arn:aws:ec2:us-east-1:108782052779:network-interface/eni-0b7b49dac37ac7562,Amazon Virtual Private Cloud,unallocated
2026-06-13T00:00:00Z,2026-06-14T00:00:00Z,True,0.12,arn:aws:ec2:us-east-1:108782052779:network-interface/eni-0bd3433d9edaf167c,Amazon Virtual Private Cloud,unallocated
2026-06-13T00:00:00Z,2026-06-14T00:00:00Z,True,0.12,arn:aws:ec2:us-east-1:108782052779:network-interface/eni-0d366fd4150dd6012,Amazon Virtual Private Cloud,unallocated
2026-06-13T00:00:00Z,2026-06-14T00:00:00Z,True,0.12,arn:aws:ec2:us-west-2:108782052779:elastic-ip/eipalloc-02ef5760f8f8700fd,Amazon Virtual Private Cloud,unallocated
2026-06-13T00:00:00Z,2026-06-14T00:00:00Z,True,0.00095278,arn:aws:ec2:us-west-2:108782052779:elastic-ip/eipalloc-0985e45bd61c81b67,Amazon Virtual Private Cloud,unallocated
2026-06-13T00:00:00Z,2026-06-14T00:00:00Z,True,0.12,arn:aws:ec2:us-west-2:108782052779:network-interface/eni-0053a0c36ed8792d5,Amazon Virtual Private Cloud,unallocated
2026-06-13T00:00:00Z,2026-06-14T00:00:00Z,True,0.12,arn:aws:ec2:us-west-2:108782052779:network-interface/eni-00d0d767fe52379a8,Amazon Virtual Private Cloud,unallocated
2026-06-13T00:00:00Z,2026-06-14T00:00:00Z,True,0.12,arn:aws:ec2:us-west-2:108782052779:network-interface/eni-026f98f985a93c4bc,Amazon Virtual Private Cloud,unallocated
2026-06-13T00:00:00Z,2026-06-14T00:00:00Z,True,0.12,arn:aws:ec2:us-west-2:108782052779:network-interface/eni-0365f5bd1308e7491,Amazon Virtual Private Cloud,unallocated
2026-06-13T00:00:00Z,2026-06-14T00:00:00Z,True,0.12,arn:aws:ec2:us-west-2:108782052779:network-interface/eni-04e9a24108db62c0a,Amazon Virtual Private Cloud,unallocated
2026-06-13T00:00:00Z,2026-06-14T00:00:00Z,True,0.12,arn:aws:ec2:us-west-2:108782052779:network-interface/eni-064218f01cc92ddaa,Amazon Virtual Private Cloud,unallocated
2026-06-13T00:00:00Z,2026-06-14T00:00:00Z,True,0.12,arn:aws:ec2:us-west-2:108782052779:network-interface/eni-0725a15da78e40c9d,Amazon Virtual Private Cloud,unallocated
2026-06-13T00:00:00Z,2026-06-14T00:00:00Z,True,0.12,arn:aws:ec2:us-west-2:108782052779:network-interface/eni-07cff4be011b59eb4,Amazon Virtual Private Cloud,unallocated
2026-06-13T00:00:00Z,2026-06-14T00:00:00Z,True,0.050180555,arn:aws:ec2:us-west-2:108782052779:network-interface/eni-0861b7f1f7b602745,Amazon Virtual Private Cloud,unallocated
2026-06-13T00:00:00Z,2026-06-14T00:00:00Z,True,0.12,arn:aws:ec2:us-west-2:108782052779:network-interface/eni-08bb6791a416126f7,Amazon Virtual Private Cloud,unallocated
2026-06-13T00:00:00Z,2026-06-14T00:00:00Z,True,0.12,arn:aws:ec2:us-west-2:108782052779:network-interface/eni-099e96a4f6c1d02b6,Amazon Virtual Private Cloud,unallocated
2026-06-13T00:00:00Z,2026-06-14T00:00:00Z,True,0.12,arn:aws:ec2:us-west-2:108782052779:network-interface/eni-09bfd9b21dde2725c,Amazon Virtual Private Cloud,unallocated
2026-06-13T00:00:00Z,2026-06-14T00:00:00Z,True,0.12,arn:aws:ec2:us-west-2:108782052779:network-interface/eni-0b7cb679115d71f09,Amazon Virtual Private Cloud,unallocated
2026-06-13T00:00:00Z,2026-06-14T00:00:00Z,True,0.12,arn:aws:ec2:us-west-2:108782052779:network-interface/eni-0e8383492c016f0dc,Amazon Virtual Private Cloud,unallocated
2026-06-13T00:00:00Z,2026-06-14T00:00:00Z,True,0.12,arn:aws:ec2:us-west-2:171675361862:network-interface/eni-09dec6f627819db8b,Amazon Virtual Private Cloud,unallocated
2026-06-13T00:00:00Z,2026-06-14T00:00:00Z,True,0.2400029858,arn:aws:ec2:us-west-2:171675361862:vpc-endpoint/vpce-02ac48bf0c4efb877,Amazon Virtual Private Cloud,unallocated
2026-06-13T00:00:00Z,2026-06-14T00:00:00Z,True,0.2400007347,arn:aws:ec2:us-west-2:171675361862:vpc-endpoint/vpce-036891e26dd789978,Amazon Virtual Private Cloud,unallocated
2026-06-13T00:00:00Z,2026-06-14T00:00:00Z,True,0.2400100736,arn:aws:ec2:us-west-2:171675361862:vpc-endpoint/vpce-0384b7109c7362817,Amazon Virtual Private Cloud,unallocated
2026-06-13T00:00:00Z,2026-06-14T00:00:00Z,True,0.24,arn:aws:ec2:us-west-2:171675361862:vpc-endpoint/vpce-0766e7a15cf8b1a9f,Amazon Virtual Private Cloud,unallocated
2026-06-13T00:00:00Z,2026-06-14T00:00:00Z,True,0.2430883472,arn:aws:ec2:us-west-2:171675361862:vpc-endpoint/vpce-07f1e154c6ff3a42f,Amazon Virtual Private Cloud,unallocated
2026-06-13T00:00:00Z,2026-06-14T00:00:00Z,True,0.2427080116,arn:aws:ec2:us-west-2:171675361862:vpc-endpoint/vpce-096eaa1400b8861cb,Amazon Virtual Private Cloud,unallocated
2026-06-13T00:00:00Z,2026-06-14T00:00:00Z,True,0.24,arn:aws:ec2:us-west-2:171675361862:vpc-endpoint/vpce-0f12344d88ada019d,Amazon Virtual Private Cloud,unallocated
2026-06-01T00:00:00Z,2026-06-02T00:00:00Z,True,0.3784840442,arn:aws:ecs:us-west-2:108782052779:task/aquarium-dev-cluster/13f2b920e36f442aa0dbee4fbce41a51,Amazon Elastic Container Service,aquarium
2026-06-01T00:00:00Z,2026-06-02T00:00:00Z,True,0.2151853189,arn:aws:ecs:us-west-2:108782052779:task/aquarium-dev-cluster/5dbd8406f6884703ba10fefc89a36fc5,Amazon Elastic Container Service,aquarium
2026-06-01T00:00:00Z,2026-06-02T00:00:00Z,True,0.0010132237,arn:aws:ecs:us-west-2:108782052779:task/aquarium-dev-cluster/f6cfd1e8ded74c0c89d1fe1df57ce4db,Amazon Elastic Container Service,aquarium
2026-06-01T00:00:00Z,2026-06-02T00:00:00Z,True,0.0004114166,arn:aws:ecs:us-west-2:108782052779:task/terrarium-dev-cluster/40a6ec90a3bc4e6f9ef13434d5d264bf,Amazon Elastic Container Service,terrarium
2026-06-01T00:00:00Z,2026-06-02T00:00:00Z,True,0.3964940033,arn:aws:ecs:us-west-2:108782052779:task/terrarium-dev-cluster/8e5c21dcfda141af8901fc99f03fb726,Amazon Elastic Container Service,terrarium
2026-06-01T00:00:00Z,2026-06-02T00:00:00Z,True,0.1980219642,arn:aws:ecs:us-west-2:108782052779:task/terrarium-dev-cluster/d37ff001431f42299b9f0a11e6b74ee6,Amazon Elastic Container Service,terrarium
2026-06-01T00:00:00Z,2026-06-02T00:00:00Z,True,0.0021792219,arn:aws:ecs:us-west-2:108782052779:task/terrarium-prod-cluster/062c45ab71ef4e26ada8a2b7fc8dd98f,Amazon Elastic Container Service,terrarium
2026-06-01T00:00:00Z,2026-06-02T00:00:00Z,True,0.0021648299,arn:aws:ecs:us-west-2:108782052779:task/terrarium-prod-cluster/a861240803484e45a2bc9ccd6a29adcf,Amazon Elastic Container Service,terrarium
2026-06-01T00:00:00Z,2026-06-02T00:00:00Z,True,0.0004114166,arn:aws:ecs:us-west-2:108782052779:task/terrarium-prod-cluster/cfca66a1c88b48e2b1b337c6c1cf43dc,Amazon Elastic Container Service,terrarium
2026-06-01T00:00:00Z,2026-06-02T00:00:00Z,True,0.3889720772,arn:aws:ecs:us-west-2:108782052779:task/terrarium-prod-cluster/df0a70e06221411dbd2395b541967b65,Amazon Elastic Container Service,terrarium
2026-06-01T00:00:00Z,2026-06-02T00:00:00Z,True,0.2029169947,arn:aws:ecs:us-west-2:108782052779:task/terrarium-prod-cluster/e01c00af97c5463c989e573c34899473,Amazon Elastic Container Service,terrarium
2026-06-02T00:00:00Z,2026-06-03T00:00:00Z,True,0.5218657377,arn:aws:ecs:us-west-2:108782052779:task/aquarium-dev-cluster/5dbd8406f6884703ba10fefc89a36fc5,Amazon Elastic Container Service,aquarium
2026-06-02T00:00:00Z,2026-06-03T00:00:00Z,True,0.0010162775,arn:aws:ecs:us-west-2:108782052779:task/aquarium-dev-cluster/a4e603d801e44fa18471fd3fca00f27b,Amazon Elastic Container Service,aquarium
2026-06-02T00:00:00Z,2026-06-03T00:00:00Z,True,0.0721215927,arn:aws:ecs:us-west-2:108782052779:task/aquarium-dev-cluster/fa660c40190e4e9b947aa18b1b8f6d83,Amazon Elastic Container Service,aquarium
2026-06-02T00:00:00Z,2026-06-03T00:00:00Z,True,0.2244447118,arn:aws:ecs:us-west-2:108782052779:task/terrarium-dev-cluster/197d52dc708b4d0a9eca1583d1efcaef,Amazon Elastic Container Service,terrarium
2026-06-02T00:00:00Z,2026-06-03T00:00:00Z,True,0.0004114166,arn:aws:ecs:us-west-2:108782052779:task/terrarium-dev-cluster/979264d7b1f04046bca7e626998b13e9,Amazon Elastic Container Service,terrarium
2026-06-02T00:00:00Z,2026-06-03T00:00:00Z,True,0.3700317672,arn:aws:ecs:us-west-2:108782052779:task/terrarium-dev-cluster/d37ff001431f42299b9f0a11e6b74ee6,Amazon Elastic Container Service,terrarium
2026-06-02T00:00:00Z,2026-06-03T00:00:00Z,True,0.2138741039,arn:aws:ecs:us-west-2:108782052779:task/terrarium-prod-cluster/c1cc158a4476495e89e2abd6d597835e,Amazon Elastic Container Service,terrarium
2026-06-02T00:00:00Z,2026-06-03T00:00:00Z,True,0.3780581942,arn:aws:ecs:us-west-2:108782052779:task/terrarium-prod-cluster/e01c00af97c5463c989e573c34899473,Amazon Elastic Container Service,terrarium
2026-06-02T00:00:00Z,2026-06-03T00:00:00Z,True,0.0004114166,arn:aws:ecs:us-west-2:108782052779:task/terrarium-prod-cluster/ff17a0f6fa774dfab3b949e4a56fe767,Amazon Elastic Container Service,terrarium
2026-06-03T00:00:00Z,2026-06-04T00:00:00Z,True,0.593081349,arn:aws:ecs:us-west-2:108782052779:task/aquarium-dev-cluster/fa660c40190e4e9b947aa18b1b8f6d83,Amazon Elastic Container Service,aquarium
2026-06-03T00:00:00Z,2026-06-04T00:00:00Z,True,0.5930410483,arn:aws:ecs:us-west-2:108782052779:task/terrarium-dev-cluster/197d52dc708b4d0a9eca1583d1efcaef,Amazon Elastic Container Service,terrarium
2026-06-03T00:00:00Z,2026-06-04T00:00:00Z,True,0.59244,arn:aws:ecs:us-west-2:108782052779:task/terrarium-prod-cluster/c1cc158a4476495e89e2abd6d597835e,Amazon Elastic Container Service,terrarium
2026-06-04T00:00:00Z,2026-06-05T00:00:00Z,True,0.5930374472,arn:aws:ecs:us-west-2:108782052779:task/aquarium-dev-cluster/fa660c40190e4e9b947aa18b1b8f6d83,Amazon Elastic Container Service,aquarium
2026-06-04T00:00:00Z,2026-06-05T00:00:00Z,True,0.5930408454,arn:aws:ecs:us-west-2:108782052779:task/terrarium-dev-cluster/197d52dc708b4d0a9eca1583d1efcaef,Amazon Elastic Container Service,terrarium
2026-06-04T00:00:00Z,2026-06-05T00:00:00Z,True,0.59244,arn:aws:ecs:us-west-2:108782052779:task/terrarium-prod-cluster/c1cc158a4476495e89e2abd6d597835e,Amazon Elastic Container Service,terrarium
2026-06-05T00:00:00Z,2026-06-06T00:00:00Z,True,0.5930380196,arn:aws:ecs:us-west-2:108782052779:task/aquarium-dev-cluster/fa660c40190e4e9b947aa18b1b8f6d83,Amazon Elastic Container Service,aquarium
2026-06-05T00:00:00Z,2026-06-06T00:00:00Z,True,0.5930413361,arn:aws:ecs:us-west-2:108782052779:task/terrarium-dev-cluster/197d52dc708b4d0a9eca1583d1efcaef,Amazon Elastic Container Service,terrarium
2026-06-05T00:00:00Z,2026-06-06T00:00:00Z,True,0.59244,arn:aws:ecs:us-west-2:108782052779:task/terrarium-prod-cluster/c1cc158a4476495e89e2abd6d597835e,Amazon Elastic Container Service,terrarium
2026-06-06T00:00:00Z,2026-06-07T00:00:00Z,True,0.5930379855,arn:aws:ecs:us-west-2:108782052779:task/aquarium-dev-cluster/fa660c40190e4e9b947aa18b1b8f6d83,Amazon Elastic Container Service,aquarium
2026-06-06T00:00:00Z,2026-06-07T00:00:00Z,True,0.5930405882,arn:aws:ecs:us-west-2:108782052779:task/terrarium-dev-cluster/197d52dc708b4d0a9eca1583d1efcaef,Amazon Elastic Container Service,terrarium
2026-06-06T00:00:00Z,2026-06-07T00:00:00Z,True,0.59244,arn:aws:ecs:us-west-2:108782052779:task/terrarium-prod-cluster/c1cc158a4476495e89e2abd6d597835e,Amazon Elastic Container Service,terrarium
2026-06-07T00:00:00Z,2026-06-08T00:00:00Z,True,0.5930383848,arn:aws:ecs:us-west-2:108782052779:task/aquarium-dev-cluster/fa660c40190e4e9b947aa18b1b8f6d83,Amazon Elastic Container Service,aquarium
2026-06-07T00:00:00Z,2026-06-08T00:00:00Z,True,0.593040726,arn:aws:ecs:us-west-2:108782052779:task/terrarium-dev-cluster/197d52dc708b4d0a9eca1583d1efcaef,Amazon Elastic Container Service,terrarium
2026-06-07T00:00:00Z,2026-06-08T00:00:00Z,True,0.59244,arn:aws:ecs:us-west-2:108782052779:task/terrarium-prod-cluster/c1cc158a4476495e89e2abd6d597835e,Amazon Elastic Container Service,terrarium
2026-06-08T00:00:00Z,2026-06-09T00:00:00Z,True,0.5930411349,arn:aws:ecs:us-west-2:108782052779:task/aquarium-dev-cluster/fa660c40190e4e9b947aa18b1b8f6d83,Amazon Elastic Container Service,aquarium
2026-06-08T00:00:00Z,2026-06-09T00:00:00Z,True,0.5930810365,arn:aws:ecs:us-west-2:108782052779:task/terrarium-dev-cluster/197d52dc708b4d0a9eca1583d1efcaef,Amazon Elastic Container Service,terrarium
2026-06-08T00:00:00Z,2026-06-09T00:00:00Z,True,0.59244,arn:aws:ecs:us-west-2:108782052779:task/terrarium-prod-cluster/c1cc158a4476495e89e2abd6d597835e,Amazon Elastic Container Service,terrarium
2026-06-09T00:00:00Z,2026-06-10T00:00:00Z,True,0.5930402428,arn:aws:ecs:us-west-2:108782052779:task/aquarium-dev-cluster/fa660c40190e4e9b947aa18b1b8f6d83,Amazon Elastic Container Service,aquarium
2026-06-09T00:00:00Z,2026-06-10T00:00:00Z,True,0.5930704263,arn:aws:ecs:us-west-2:108782052779:task/terrarium-dev-cluster/197d52dc708b4d0a9eca1583d1efcaef,Amazon Elastic Container Service,terrarium
2026-06-09T00:00:00Z,2026-06-10T00:00:00Z,True,0.59244,arn:aws:ecs:us-west-2:108782052779:task/terrarium-prod-cluster/c1cc158a4476495e89e2abd6d597835e,Amazon Elastic Container Service,terrarium
2026-06-10T00:00:00Z,2026-06-11T00:00:00Z,True,0.2078581073,arn:aws:ecs:us-west-2:108782052779:task/aquarium-dev-cluster/514b827a7eb641c295c4138b0cec1b79,Amazon Elastic Container Service,aquarium
2026-06-10T00:00:00Z,2026-06-11T00:00:00Z,True,0.0010066096,arn:aws:ecs:us-west-2:108782052779:task/aquarium-dev-cluster/9320946185a844f5aa811c1cff0f87b3,Amazon Elastic Container Service,aquarium
2026-06-10T00:00:00Z,2026-06-11T00:00:00Z,True,0.0002079372,arn:aws:ecs:us-west-2:108782052779:task/aquarium-dev-cluster/b7a90f0429c34f62bd2548d233de630a,Amazon Elastic Container Service,aquarium
2026-06-10T00:00:00Z,2026-06-11T00:00:00Z,True,0.002203296,arn:aws:ecs:us-west-2:108782052779:task/aquarium-dev-cluster/d13feb146a784d67b5b10975111cfe45,Amazon Elastic Container Service,aquarium
2026-06-10T00:00:00Z,2026-06-11T00:00:00Z,True,0.3835021392,arn:aws:ecs:us-west-2:108782052779:task/aquarium-dev-cluster/fa660c40190e4e9b947aa18b1b8f6d83,Amazon Elastic Container Service,aquarium
2026-06-10T00:00:00Z,2026-06-11T00:00:00Z,True,0.5930419233,arn:aws:ecs:us-west-2:108782052779:task/terrarium-dev-cluster/197d52dc708b4d0a9eca1583d1efcaef,Amazon Elastic Container Service,terrarium
2026-06-10T00:00:00Z,2026-06-11T00:00:00Z,True,0.59244,arn:aws:ecs:us-west-2:108782052779:task/terrarium-prod-cluster/c1cc158a4476495e89e2abd6d597835e,Amazon Elastic Container Service,terrarium
2026-06-11T00:00:00Z,2026-06-12T00:00:00Z,True,0.5930378897,arn:aws:ecs:us-west-2:108782052779:task/aquarium-dev-cluster/514b827a7eb641c295c4138b0cec1b79,Amazon Elastic Container Service,aquarium
2026-06-11T00:00:00Z,2026-06-12T00:00:00Z,True,0.5930404045,arn:aws:ecs:us-west-2:108782052779:task/terrarium-dev-cluster/197d52dc708b4d0a9eca1583d1efcaef,Amazon Elastic Container Service,terrarium
2026-06-11T00:00:00Z,2026-06-12T00:00:00Z,True,0.59244,arn:aws:ecs:us-west-2:108782052779:task/terrarium-prod-cluster/c1cc158a4476495e89e2abd6d597835e,Amazon Elastic Container Service,terrarium
2026-06-12T00:00:00Z,2026-06-13T00:00:00Z,True,0.593037162,arn:aws:ecs:us-west-2:108782052779:task/aquarium-dev-cluster/514b827a7eb641c295c4138b0cec1b79,Amazon Elastic Container Service,aquarium
2026-06-12T00:00:00Z,2026-06-13T00:00:00Z,True,0.5930401601,arn:aws:ecs:us-west-2:108782052779:task/terrarium-dev-cluster/197d52dc708b4d0a9eca1583d1efcaef,Amazon Elastic Container Service,terrarium
2026-06-12T00:00:00Z,2026-06-13T00:00:00Z,True,0.59244,arn:aws:ecs:us-west-2:108782052779:task/terrarium-prod-cluster/c1cc158a4476495e89e2abd6d597835e,Amazon Elastic Container Service,terrarium
2026-06-13T00:00:00Z,2026-06-14T00:00:00Z,True,0.5930358585,arn:aws:ecs:us-west-2:108782052779:task/aquarium-dev-cluster/514b827a7eb641c295c4138b0cec1b79,Amazon Elastic Container Service,aquarium
2026-06-13T00:00:00Z,2026-06-14T00:00:00Z,True,0.5930385707,arn:aws:ecs:us-west-2:108782052779:task/terrarium-dev-cluster/197d52dc708b4d0a9eca1583d1efcaef,Amazon Elastic Container Service,terrarium
2026-06-13T00:00:00Z,2026-06-14T00:00:00Z,True,0.59244,arn:aws:ecs:us-west-2:108782052779:task/terrarium-prod-cluster/c1cc158a4476495e89e2abd6d597835e,Amazon Elastic Container Service,terrarium
