observation_id	experiment	analysis_id	au	runtime_au	plot_label	ilmn_measured_token	ont_measured_token	rule	successful_records	priced_records	unpriced_records	longest_walltime_s	total_cost_usd	allocated_vcpu_h	observed_cpu_h
OBS01	E2	prod-cand-1703-hg002-bjuice-v2-seqkitfix-20260815T080300Z	p5xp5	HG002-5r2pnnjbw114ye	E2:p5xp5	0.11	0.57	expansionhunter_vcf.vcf-sv-stats	1	1	0	0.8819	1.8e-05	0.0004899444444444444	2.2222222222222223e-05
OBS01	E2	prod-cand-1703-hg002-bjuice-v2-seqkitfix-20260815T080300Z	p5xp5	HG002-5r2pnnjbw114ye	E2:p5xp5	0.11	0.57	fastqc	1	1	0	673.0188	0.075107	2.991194666666667	0.21841666666666665
OBS01	E2	prod-cand-1703-hg002-bjuice-v2-seqkitfix-20260815T080300Z	p5xp5	HG002-5r2pnnjbw114ye	E2:p5xp5	0.11	0.57	mitochondrial_vcf.vcf-sv-stats	1	1	0	4.8708	9.6e-05	0.002706	0.00010277777777777778
OBS01	E2	prod-cand-1703-hg002-bjuice-v2-seqkitfix-20260815T080300Z	p5xp5	HG002-5r2pnnjbw114ye	E2:p5xp5	0.11	0.57	normalized_longreadsv_vcf.vcf-sv-stats	1	1	0	2.6971	5.9e-05	0.0014983888888888887	0.00013055555555555555
OBS01	E2	prod-cand-1703-hg002-bjuice-v2-seqkitfix-20260815T080300Z	p5xp5	HG002-5r2pnnjbw114ye	E2:p5xp5	0.11	0.57	normalized_sniffles2_vcf.vcf-sv-stats	1	1	0	2.8254	5.9e-05	0.0015696666666666667	0.00010277777777777778
OBS01	E2	prod-cand-1703-hg002-bjuice-v2-seqkitfix-20260815T080300Z	p5xp5	HG002-5r2pnnjbw114ye	E2:p5xp5	0.11	0.57	normalized_tiddit_vcf.vcf-sv-stats	1	1	0	0.9157	1.9e-05	0.0005087222222222221	2.4999999999999998e-05
OBS01	E2	prod-cand-1703-hg002-bjuice-v2-seqkitfix-20260815T080300Z	p5xp5	HG002-5r2pnnjbw114ye	E2:p5xp5	0.11	0.57	segdup_CFH_vcf.vcf-sv-stats	1	1	0	2.9314	4.1e-05	0.0016285555555555556	0.00010555555555555555
OBS01	E2	prod-cand-1703-hg002-bjuice-v2-seqkitfix-20260815T080300Z	p5xp5	HG002-5r2pnnjbw114ye	E2:p5xp5	0.11	0.57	segdup_CYP11B1_vcf.vcf-sv-stats	1	1	0	3.4103	6.9e-05	0.001894611111111111	0.00011944444444444444
OBS01	E2	prod-cand-1703-hg002-bjuice-v2-seqkitfix-20260815T080300Z	p5xp5	HG002-5r2pnnjbw114ye	E2:p5xp5	0.11	0.57	segdup_CYP2A6_vcf.vcf-sv-stats	1	1	0	3.3647	6.8e-05	0.0018692777777777779	0.00011944444444444444
OBS01	E2	prod-cand-1703-hg002-bjuice-v2-seqkitfix-20260815T080300Z	p5xp5	HG002-5r2pnnjbw114ye	E2:p5xp5	0.11	0.57	segdup_CYP2B6_vcf.vcf-sv-stats	1	1	0	2.83	5.7e-05	0.0015722222222222223	0.00011111111111111112
OBS01	E2	prod-cand-1703-hg002-bjuice-v2-seqkitfix-20260815T080300Z	p5xp5	HG002-5r2pnnjbw114ye	E2:p5xp5	0.11	0.57	segdup_CYP2D6_vcf.vcf-sv-stats	1	1	0	2.8319	3.6e-05	0.0015732777777777778	9.999999999999999e-05
OBS01	E2	prod-cand-1703-hg002-bjuice-v2-seqkitfix-20260815T080300Z	p5xp5	HG002-5r2pnnjbw114ye	E2:p5xp5	0.11	0.57	segdup_GBA1_vcf.vcf-sv-stats	1	1	0	0.8693	1.2e-05	0.0004829444444444444	2.777777777777778e-05
OBS01	E2	prod-cand-1703-hg002-bjuice-v2-seqkitfix-20260815T080300Z	p5xp5	HG002-5r2pnnjbw114ye	E2:p5xp5	0.11	0.57	segdup_HBA_vcf.vcf-sv-stats	1	1	0	3.065	4.3e-05	0.0017027777777777777	8.055555555555556e-05
OBS01	E2	prod-cand-1703-hg002-bjuice-v2-seqkitfix-20260815T080300Z	p5xp5	HG002-5r2pnnjbw114ye	E2:p5xp5	0.11	0.57	segdup_NCF1_vcf.vcf-sv-stats	1	1	0	2.9355	4.1e-05	0.0016308333333333335	8.61111111111111e-05
OBS01	E2	prod-cand-1703-hg002-bjuice-v2-seqkitfix-20260815T080300Z	p5xp5	HG002-5r2pnnjbw114ye	E2:p5xp5	0.11	0.57	segdup_OTOA_vcf.vcf-sv-stats	1	1	0	1.0973	1.4e-05	0.0006096111111111111	1.388888888888889e-05
OBS01	E2	prod-cand-1703-hg002-bjuice-v2-seqkitfix-20260815T080300Z	p5xp5	HG002-5r2pnnjbw114ye	E2:p5xp5	0.11	0.57	segdup_PMS2_vcf.vcf-sv-stats	1	1	0	3.4287	6.9e-05	0.0019048333333333335	9.444444444444446e-05
OBS01	E2	prod-cand-1703-hg002-bjuice-v2-seqkitfix-20260815T080300Z	p5xp5	HG002-5r2pnnjbw114ye	E2:p5xp5	0.11	0.57	segdup_RCCX1_vcf.vcf-sv-stats	1	1	0	3.497	7.1e-05	0.0019427777777777776	9.166666666666667e-05
OBS01	E2	prod-cand-1703-hg002-bjuice-v2-seqkitfix-20260815T080300Z	p5xp5	HG002-5r2pnnjbw114ye	E2:p5xp5	0.11	0.57	segdup_RHD_vcf.vcf-sv-stats	1	1	0	3.8932	8.2e-05	0.002162888888888889	9.999999999999999e-05
OBS01	E2	prod-cand-1703-hg002-bjuice-v2-seqkitfix-20260815T080300Z	p5xp5	HG002-5r2pnnjbw114ye	E2:p5xp5	0.11	0.57	segdup_SBDS_vcf.vcf-sv-stats	1	1	0	3.8873	8.2e-05	0.0021596111111111113	9.999999999999999e-05
OBS01	E2	prod-cand-1703-hg002-bjuice-v2-seqkitfix-20260815T080300Z	p5xp5	HG002-5r2pnnjbw114ye	E2:p5xp5	0.11	0.57	segdup_SMN1_vcf.vcf-sv-stats	1	1	0	4.8452	0.000106	0.0026917777777777777	0.00011111111111111112
OBS01	E2	prod-cand-1703-hg002-bjuice-v2-seqkitfix-20260815T080300Z	p5xp5	HG002-5r2pnnjbw114ye	E2:p5xp5	0.11	0.57	segdup_STRC_vcf.vcf-sv-stats	1	1	0	1.2463	1.6e-05	0.0006923888888888889	6.944444444444444e-05
OBS01	E2	prod-cand-1703-hg002-bjuice-v2-seqkitfix-20260815T080300Z	p5xp5	HG002-5r2pnnjbw114ye	E2:p5xp5	0.11	0.57	sentdhiomr2.command-manifest	1	1	0	0.5883	0.000826	0.020917333333333336	5.555555555555556e-06
OBS01	E2	prod-cand-1703-hg002-bjuice-v2-seqkitfix-20260815T080300Z	p5xp5	HG002-5r2pnnjbw114ye	E2:p5xp5	0.11	0.57	sentdhiomr2.five-chromosome-hard-vcf	1	1	0	33.8118	0.047502	1.2021973333333333	0.12024166666666666
OBS01	E2	prod-cand-1703-hg002-bjuice-v2-seqkitfix-20260815T080300Z	p5xp5	HG002-5r2pnnjbw114ye	E2:p5xp5	0.11	0.57	sentdhiomr2.hybrid-cli172i-core	1	1	0	911.1854	1.221832	32.39770311111111	0.005908333333333333
OBS01	E2	prod-cand-1703-hg002-bjuice-v2-seqkitfix-20260815T080300Z	p5xp5	HG002-5r2pnnjbw114ye	E2:p5xp5	0.11	0.57	sentdhiomr2.hybrid-cli172i-finalize-1	1	1	0	68.7405	0.001681	0.07637833333333333	0.0062944444444444445
OBS01	E2	prod-cand-1703-hg002-bjuice-v2-seqkitfix-20260815T080300Z	p5xp5	HG002-5r2pnnjbw114ye	E2:p5xp5	0.11	0.57	sentdhiomr2.hybrid-cli172i-finalize-10	1	1	0	31.5364	0.001246	0.035040444444444444	8.61111111111111e-05
OBS01	E2	prod-cand-1703-hg002-bjuice-v2-seqkitfix-20260815T080300Z	p5xp5	HG002-5r2pnnjbw114ye	E2:p5xp5	0.11	0.57	sentdhiomr2.hybrid-cli172i-finalize-11	1	1	0	39.4351	0.001558	0.043816777777777774	0.0
OBS01	E2	prod-cand-1703-hg002-bjuice-v2-seqkitfix-20260815T080300Z	p5xp5	HG002-5r2pnnjbw114ye	E2:p5xp5	0.11	0.57	sentdhiomr2.hybrid-cli172i-finalize-12	1	1	0	35.3393	0.001396	0.03926588888888889	0.0015999999999999999
OBS01	E2	prod-cand-1703-hg002-bjuice-v2-seqkitfix-20260815T080300Z	p5xp5	HG002-5r2pnnjbw114ye	E2:p5xp5	0.11	0.57	sentdhiomr2.hybrid-cli172i-finalize-13	1	1	0	31.0996	0.001229	0.03455511111111111	0.0008833333333333334
OBS01	E2	prod-cand-1703-hg002-bjuice-v2-seqkitfix-20260815T080300Z	p5xp5	HG002-5r2pnnjbw114ye	E2:p5xp5	0.11	0.57	sentdhiomr2.hybrid-cli172i-finalize-14	1	1	0	23.2642	0.000919	0.02584911111111111	0.0015472222222222224
OBS01	E2	prod-cand-1703-hg002-bjuice-v2-seqkitfix-20260815T080300Z	p5xp5	HG002-5r2pnnjbw114ye	E2:p5xp5	0.11	0.57	sentdhiomr2.hybrid-cli172i-finalize-15	1	1	0	25.9384	0.001025	0.028820444444444447	0.0023138888888888888
OBS01	E2	prod-cand-1703-hg002-bjuice-v2-seqkitfix-20260815T080300Z	p5xp5	HG002-5r2pnnjbw114ye	E2:p5xp5	0.11	0.57	sentdhiomr2.hybrid-cli172i-finalize-16	1	1	0	33.8611	0.001419	0.037623444444444445	0.0
OBS01	E2	prod-cand-1703-hg002-bjuice-v2-seqkitfix-20260815T080300Z	p5xp5	HG002-5r2pnnjbw114ye	E2:p5xp5	0.11	0.57	sentdhiomr2.hybrid-cli172i-finalize-17	1	1	0	22.5555	0.000891	0.025061666666666666	0.0015194444444444444
OBS01	E2	prod-cand-1703-hg002-bjuice-v2-seqkitfix-20260815T080300Z	p5xp5	HG002-5r2pnnjbw114ye	E2:p5xp5	0.11	0.57	sentdhiomr2.hybrid-cli172i-finalize-18	1	1	0	27.0893	0.000662	0.030099222222222225	0.0029694444444444443
OBS01	E2	prod-cand-1703-hg002-bjuice-v2-seqkitfix-20260815T080300Z	p5xp5	HG002-5r2pnnjbw114ye	E2:p5xp5	0.11	0.57	sentdhiomr2.hybrid-cli172i-finalize-19	1	1	0	21.9156	0.000866	0.02435066666666667	0.0005666666666666667
OBS01	E2	prod-cand-1703-hg002-bjuice-v2-seqkitfix-20260815T080300Z	p5xp5	HG002-5r2pnnjbw114ye	E2:p5xp5	0.11	0.57	sentdhiomr2.hybrid-cli172i-finalize-2	1	1	0	46.9111	0.001854	0.052123444444444444	0.0027555555555555554
OBS01	E2	prod-cand-1703-hg002-bjuice-v2-seqkitfix-20260815T080300Z	p5xp5	HG002-5r2pnnjbw114ye	E2:p5xp5	0.11	0.57	sentdhiomr2.hybrid-cli172i-finalize-20	1	1	0	27.2177	0.001141	0.03024188888888889	0.00036666666666666667
OBS01	E2	prod-cand-1703-hg002-bjuice-v2-seqkitfix-20260815T080300Z	p5xp5	HG002-5r2pnnjbw114ye	E2:p5xp5	0.11	0.57	sentdhiomr2.hybrid-cli172i-finalize-21	1	1	0	23.9087	0.001002	0.026565222222222223	0.0
OBS01	E2	prod-cand-1703-hg002-bjuice-v2-seqkitfix-20260815T080300Z	p5xp5	HG002-5r2pnnjbw114ye	E2:p5xp5	0.11	0.57	sentdhiomr2.hybrid-cli172i-finalize-22	1	1	0	24.5785	0.000971	0.027309444444444442	0.0
OBS01	E2	prod-cand-1703-hg002-bjuice-v2-seqkitfix-20260815T080300Z	p5xp5	HG002-5r2pnnjbw114ye	E2:p5xp5	0.11	0.57	sentdhiomr2.hybrid-cli172i-finalize-23	1	1	0	29.4497	0.001164	0.03272188888888889	0.0
OBS01	E2	prod-cand-1703-hg002-bjuice-v2-seqkitfix-20260815T080300Z	p5xp5	HG002-5r2pnnjbw114ye	E2:p5xp5	0.11	0.57	sentdhiomr2.hybrid-cli172i-finalize-24	1	1	0	20.9756	0.000829	0.02330622222222222	0.0
OBS01	E2	prod-cand-1703-hg002-bjuice-v2-seqkitfix-20260815T080300Z	p5xp5	HG002-5r2pnnjbw114ye	E2:p5xp5	0.11	0.57	sentdhiomr2.hybrid-cli172i-finalize-25	1	1	0	11.7972	0.000466	0.013108	1.9444444444444445e-05
OBS01	E2	prod-cand-1703-hg002-bjuice-v2-seqkitfix-20260815T080300Z	p5xp5	HG002-5r2pnnjbw114ye	E2:p5xp5	0.11	0.57	sentdhiomr2.hybrid-cli172i-finalize-3	1	1	0	54.6357	0.002159	0.060706333333333334	0.0010194444444444443
OBS01	E2	prod-cand-1703-hg002-bjuice-v2-seqkitfix-20260815T080300Z	p5xp5	HG002-5r2pnnjbw114ye	E2:p5xp5	0.11	0.57	sentdhiomr2.hybrid-cli172i-finalize-4	1	1	0	53.8167	0.002127	0.05979633333333333	0.00013333333333333334
OBS01	E2	prod-cand-1703-hg002-bjuice-v2-seqkitfix-20260815T080300Z	p5xp5	HG002-5r2pnnjbw114ye	E2:p5xp5	0.11	0.57	sentdhiomr2.hybrid-cli172i-finalize-5	1	1	0	47.0892	0.001861	0.05232133333333333	0.0018805555555555555
OBS01	E2	prod-cand-1703-hg002-bjuice-v2-seqkitfix-20260815T080300Z	p5xp5	HG002-5r2pnnjbw114ye	E2:p5xp5	0.11	0.57	sentdhiomr2.hybrid-cli172i-finalize-6	1	1	0	43.7326	0.001728	0.048591777777777775	8.333333333333334e-06
OBS01	E2	prod-cand-1703-hg002-bjuice-v2-seqkitfix-20260815T080300Z	p5xp5	HG002-5r2pnnjbw114ye	E2:p5xp5	0.11	0.57	sentdhiomr2.hybrid-cli172i-finalize-7	1	1	0	47.166	0.001864	0.052406666666666664	0.001636111111111111
OBS01	E2	prod-cand-1703-hg002-bjuice-v2-seqkitfix-20260815T080300Z	p5xp5	HG002-5r2pnnjbw114ye	E2:p5xp5	0.11	0.57	sentdhiomr2.hybrid-cli172i-finalize-8	1	1	0	31.8132	0.001257	0.035348	0.00043055555555555555
OBS01	E2	prod-cand-1703-hg002-bjuice-v2-seqkitfix-20260815T080300Z	p5xp5	HG002-5r2pnnjbw114ye	E2:p5xp5	0.11	0.57	sentdhiomr2.hybrid-cli172i-finalize-9	1	1	0	38.6474	0.001527	0.04294155555555555	0.0
OBS01	E2	prod-cand-1703-hg002-bjuice-v2-seqkitfix-20260815T080300Z	p5xp5	HG002-5r2pnnjbw114ye	E2:p5xp5	0.11	0.57	sentdhiomr2.hybrid-cli172i-gather	1	1	0	62.5531	0.005474	0.1390068888888889	0.002363888888888889
OBS01	E2	prod-cand-1703-hg002-bjuice-v2-seqkitfix-20260815T080300Z	p5xp5	HG002-5r2pnnjbw114ye	E2:p5xp5	0.11	0.57	sentdhiomr2.inflection-analytical-ancillary	1	1	0	3.5147	0.006328	0.12496711111111111	6.944444444444444e-05
OBS01	E2	prod-cand-1703-hg002-bjuice-v2-seqkitfix-20260815T080300Z	p5xp5	HG002-5r2pnnjbw114ye	E2:p5xp5	0.11	0.57	sentdhiomr2.inflection-analytical.prod-cand-1703-hg002-bjuice-v2-seqkitfix-20260815T080300Z	1	1	0	69.0389	0.048486	2.4547164444444443	0.008486111111111111
OBS01	E2	prod-cand-1703-hg002-bjuice-v2-seqkitfix-20260815T080300Z	p5xp5	HG002-5r2pnnjbw114ye	E2:p5xp5	0.11	0.57	sentdhiomr2.inflection-multiqc-stage	1	1	0	10.0996	8e-05	0.0028054444444444446	0.002477777777777778
OBS01	E2	prod-cand-1703-hg002-bjuice-v2-seqkitfix-20260815T080300Z	p5xp5	HG002-5r2pnnjbw114ye	E2:p5xp5	0.11	0.57	sentdhiomr2.inflection-multiqc	1	1	0	9.532	5.2e-05	0.002647777777777778	2.4999999999999998e-05
OBS01	E2	prod-cand-1703-hg002-bjuice-v2-seqkitfix-20260815T080300Z	p5xp5	HG002-5r2pnnjbw114ye	E2:p5xp5	0.11	0.57	sentdhiomr2.mito	1	1	0	38.1524	0.048242	1.3565297777777778	0.0
OBS01	E2	prod-cand-1703-hg002-bjuice-v2-seqkitfix-20260815T080300Z	p5xp5	HG002-5r2pnnjbw114ye	E2:p5xp5	0.11	0.57	sentdhiomr2.normalize-smn12	1	1	0	0.3039	2e-06	8.441666666666667e-05	0.0
OBS01	E2	prod-cand-1703-hg002-bjuice-v2-seqkitfix-20260815T080300Z	p5xp5	HG002-5r2pnnjbw114ye	E2:p5xp5	0.11	0.57	sentdhiomr2.roh_upd	1	1	0	49.5013	0.064156	1.7600462222222222	0.015966666666666667
OBS01	E2	prod-cand-1703-hg002-bjuice-v2-seqkitfix-20260815T080300Z	p5xp5	HG002-5r2pnnjbw114ye	E2:p5xp5	0.11	0.57	sentdhiomr2.rsr-publish	1	1	0	0.8652	7e-06	0.0002403333333333333	2.777777777777778e-06
OBS01	E2	prod-cand-1703-hg002-bjuice-v2-seqkitfix-20260815T080300Z	p5xp5	HG002-5r2pnnjbw114ye	E2:p5xp5	0.11	0.57	sentdhiomr2.scope	1	1	0	0.6339	5e-06	0.00017608333333333335	2.777777777777778e-06
OBS01	E2	prod-cand-1703-hg002-bjuice-v2-seqkitfix-20260815T080300Z	p5xp5	HG002-5r2pnnjbw114ye	E2:p5xp5	0.11	0.57	sentdhiomr2.segdup.CFH	1	1	0	145.3405	0.194891	5.167662222222222	0.02149166666666667
OBS01	E2	prod-cand-1703-hg002-bjuice-v2-seqkitfix-20260815T080300Z	p5xp5	HG002-5r2pnnjbw114ye	E2:p5xp5	0.11	0.57	sentdhiomr2.segdup.CYP11B1	1	1	0	73.5564	0.093729	2.6153386666666667	0.030816666666666666
OBS01	E2	prod-cand-1703-hg002-bjuice-v2-seqkitfix-20260815T080300Z	p5xp5	HG002-5r2pnnjbw114ye	E2:p5xp5	0.11	0.57	sentdhiomr2.segdup.CYP2A6	1	1	0	66.7696	0.093487	2.3740302222222223	0.011658333333333333
OBS01	E2	prod-cand-1703-hg002-bjuice-v2-seqkitfix-20260815T080300Z	p5xp5	HG002-5r2pnnjbw114ye	E2:p5xp5	0.11	0.57	sentdhiomr2.segdup.CYP2B6	1	1	0	64.1189	0.085979	2.279783111111111	0.00823611111111111
OBS01	E2	prod-cand-1703-hg002-bjuice-v2-seqkitfix-20260815T080300Z	p5xp5	HG002-5r2pnnjbw114ye	E2:p5xp5	0.11	0.57	sentdhiomr2.segdup.CYP2D6	1	1	0	35.4045	0.045114	1.2588266666666665	0.007858333333333333
OBS01	E2	prod-cand-1703-hg002-bjuice-v2-seqkitfix-20260815T080300Z	p5xp5	HG002-5r2pnnjbw114ye	E2:p5xp5	0.11	0.57	sentdhiomr2.segdup.GBA	1	1	0	147.524	0.206555	5.245297777777778	0.02453611111111111
OBS01	E2	prod-cand-1703-hg002-bjuice-v2-seqkitfix-20260815T080300Z	p5xp5	HG002-5r2pnnjbw114ye	E2:p5xp5	0.11	0.57	sentdhiomr2.segdup.HBA	1	1	0	68.3827	0.087136	2.4313848888888887	0.014025000000000001
OBS01	E2	prod-cand-1703-hg002-bjuice-v2-seqkitfix-20260815T080300Z	p5xp5	HG002-5r2pnnjbw114ye	E2:p5xp5	0.11	0.57	sentdhiomr2.segdup.IKBKG	1	1	0	64.3472	0.057475	2.2879004444444444	0.019016666666666664
OBS01	E2	prod-cand-1703-hg002-bjuice-v2-seqkitfix-20260815T080300Z	p5xp5	HG002-5r2pnnjbw114ye	E2:p5xp5	0.11	0.57	sentdhiomr2.segdup.LPA	1	1	0	15.047	0.019173	0.5350044444444445	0.005908333333333333
OBS01	E2	prod-cand-1703-hg002-bjuice-v2-seqkitfix-20260815T080300Z	p5xp5	HG002-5r2pnnjbw114ye	E2:p5xp5	0.11	0.57	sentdhiomr2.segdup.NCF1	1	1	0	105.0091	0.147028	3.733656888888889	0.028900000000000002
OBS01	E2	prod-cand-1703-hg002-bjuice-v2-seqkitfix-20260815T080300Z	p5xp5	HG002-5r2pnnjbw114ye	E2:p5xp5	0.11	0.57	sentdhiomr2.segdup.OTOA	1	1	0	53.9367	0.068728	1.9177493333333333	0.014588888888888889
OBS01	E2	prod-cand-1703-hg002-bjuice-v2-seqkitfix-20260815T080300Z	p5xp5	HG002-5r2pnnjbw114ye	E2:p5xp5	0.11	0.57	sentdhiomr2.segdup.PMS2	1	1	0	78.4776	0.070096	2.7903146666666667	0.010808333333333333
OBS01	E2	prod-cand-1703-hg002-bjuice-v2-seqkitfix-20260815T080300Z	p5xp5	HG002-5r2pnnjbw114ye	E2:p5xp5	0.11	0.57	sentdhiomr2.segdup.RCCX	1	1	0	166.4115	0.212048	5.916853333333333	1.388888888888889e-05
OBS01	E2	prod-cand-1703-hg002-bjuice-v2-seqkitfix-20260815T080300Z	p5xp5	HG002-5r2pnnjbw114ye	E2:p5xp5	0.11	0.57	sentdhiomr2.segdup.RH	1	1	0	130.4594	0.116527	4.638556444444444	0.011588888888888888
OBS01	E2	prod-cand-1703-hg002-bjuice-v2-seqkitfix-20260815T080300Z	p5xp5	HG002-5r2pnnjbw114ye	E2:p5xp5	0.11	0.57	sentdhiomr2.segdup.SBDS	1	1	0	91.794	0.123089	3.2637866666666664	0.010727777777777777
OBS01	E2	prod-cand-1703-hg002-bjuice-v2-seqkitfix-20260815T080300Z	p5xp5	HG002-5r2pnnjbw114ye	E2:p5xp5	0.11	0.57	sentdhiomr2.segdup.SMN1	1	1	0	101.8524	0.142608	3.6214186666666666	0.02875
OBS01	E2	prod-cand-1703-hg002-bjuice-v2-seqkitfix-20260815T080300Z	p5xp5	HG002-5r2pnnjbw114ye	E2:p5xp5	0.11	0.57	sentdhiomr2.segdup.STRC	1	1	0	79.4299	0.111214	2.824174222222222	0.04926111111111111
OBS01	E2	prod-cand-1703-hg002-bjuice-v2-seqkitfix-20260815T080300Z	p5xp5	HG002-5r2pnnjbw114ye	E2:p5xp5	0.11	0.57	sentdhiomr2.slim-longreadsv-normalize	1	1	0	3.4473	0.001156	0.030642666666666665	0.0
OBS01	E2	prod-cand-1703-hg002-bjuice-v2-seqkitfix-20260815T080300Z	p5xp5	HG002-5r2pnnjbw114ye	E2:p5xp5	0.11	0.57	sentdhiomr2.slim-sniffles2-normalize	1	1	0	1.4795	0.000496	0.013151111111111112	2.4999999999999998e-05
OBS01	E2	prod-cand-1703-hg002-bjuice-v2-seqkitfix-20260815T080300Z	p5xp5	HG002-5r2pnnjbw114ye	E2:p5xp5	0.11	0.57	sentdhiomr2.slim-tag-cnv	1	1	0	5.1996	0.001052	0.04621866666666667	0.0011111111111111111
OBS01	E2	prod-cand-1703-hg002-bjuice-v2-seqkitfix-20260815T080300Z	p5xp5	HG002-5r2pnnjbw114ye	E2:p5xp5	0.11	0.57	sentdhiomr2.slim-tag-sv	1	1	0	2.6186	0.00092	0.023276444444444443	0.0002916666666666667
OBS01	E2	prod-cand-1703-hg002-bjuice-v2-seqkitfix-20260815T080300Z	p5xp5	HG002-5r2pnnjbw114ye	E2:p5xp5	0.11	0.57	sentdhiomr2.slim-tiddit-normalize	1	1	0	2.1612	0.000437	0.019210666666666668	0.0
OBS01	E2	prod-cand-1703-hg002-bjuice-v2-seqkitfix-20260815T080300Z	p5xp5	HG002-5r2pnnjbw114ye	E2:p5xp5	0.11	0.57	sentdhiomr2.slim-tiddit-repair	1	1	0	1.5087	0.000481	0.013410666666666666	1.6666666666666667e-05
OBS01	E2	prod-cand-1703-hg002-bjuice-v2-seqkitfix-20260815T080300Z	p5xp5	HG002-5r2pnnjbw114ye	E2:p5xp5	0.11	0.57	sentdhiomr2.slim-trussv	1	1	0	4.4264	0.001498	0.03934577777777778	0.0
OBS01	E2	prod-cand-1703-hg002-bjuice-v2-seqkitfix-20260815T080300Z	p5xp5	HG002-5r2pnnjbw114ye	E2:p5xp5	0.11	0.57	sentdhiomr2.slim-truvari-aggregate	1	1	0	0.4584	4e-06	0.00012733333333333333	0.0
OBS01	E2	prod-cand-1703-hg002-bjuice-v2-seqkitfix-20260815T080300Z	p5xp5	HG002-5r2pnnjbw114ye	E2:p5xp5	0.11	0.57	sentdhiomr2.slim-truvari-longreadsv	1	1	0	194.9564	0.068242	1.7329457777777777	0.045625
OBS01	E2	prod-cand-1703-hg002-bjuice-v2-seqkitfix-20260815T080300Z	p5xp5	HG002-5r2pnnjbw114ye	E2:p5xp5	0.11	0.57	sentdhiomr2.slim-truvari-sniffles2	1	1	0	156.7907	0.049564	1.3936951111111109	0.03754722222222222
OBS01	E2	prod-cand-1703-hg002-bjuice-v2-seqkitfix-20260815T080300Z	p5xp5	HG002-5r2pnnjbw114ye	E2:p5xp5	0.11	0.57	sentdhiomr2.slim-truvari-tagged_trussv	1	1	0	195.2036	0.037676	1.735143111111111	0.04643888888888889
OBS01	E2	prod-cand-1703-hg002-bjuice-v2-seqkitfix-20260815T080300Z	p5xp5	HG002-5r2pnnjbw114ye	E2:p5xp5	0.11	0.57	sentdhiomr2.slim-truvari-tiddit	1	1	0	178.2915	0.06262	1.5848133333333334	0.04586388888888889
OBS01	E2	prod-cand-1703-hg002-bjuice-v2-seqkitfix-20260815T080300Z	p5xp5	HG002-5r2pnnjbw114ye	E2:p5xp5	0.11	0.57	sentdhiomr2.sniffles2	1	1	0	10.1516	0.013613	0.3609457777777778	5.555555555555556e-06
OBS01	E2	prod-cand-1703-hg002-bjuice-v2-seqkitfix-20260815T080300Z	p5xp5	HG002-5r2pnnjbw114ye	E2:p5xp5	0.11	0.57	sentdhiomr2.sr-prepare	1	1	0	670.5798	1.271885	35.764255999999996	0.011436111111111112
OBS01	E2	prod-cand-1703-hg002-bjuice-v2-seqkitfix-20260815T080300Z	p5xp5	HG002-5r2pnnjbw114ye	E2:p5xp5	0.11	0.57	sentdhiomr2.terminal-hybrid-validate	1	1	0	58.9794	0.079857	2.0970453333333334	0.02341388888888889
OBS01	E2	prod-cand-1703-hg002-bjuice-v2-seqkitfix-20260815T080300Z	p5xp5	HG002-5r2pnnjbw114ye	E2:p5xp5	0.11	0.57	sentdhiomr2.tiddit	1	1	0	109.8201	0.138863	3.9047146666666666	3.888888888888889e-05
OBS01	E2	prod-cand-1703-hg002-bjuice-v2-seqkitfix-20260815T080300Z	p5xp5	HG002-5r2pnnjbw114ye	E2:p5xp5	0.11	0.57	sentdhiomr2.tiddit.sort	1	1	0	0.6703	0.000848	0.02383288888888889	0.0
OBS01	E2	prod-cand-1703-hg002-bjuice-v2-seqkitfix-20260815T080300Z	p5xp5	HG002-5r2pnnjbw114ye	E2:p5xp5	0.11	0.57	sentdhiomr2lr.na.alignstats	1	1	0	18.319	0.000768	0.020354444444444442	0.011108333333333335
OBS01	E2	prod-cand-1703-hg002-bjuice-v2-seqkitfix-20260815T080300Z	p5xp5	HG002-5r2pnnjbw114ye	E2:p5xp5	0.11	0.57	sentdhiomr2lr.na.coverage_evenness_two	1	1	0	200.4944	0.033606	0.8910862222222223	0.645825
OBS01	E2	prod-cand-1703-hg002-bjuice-v2-seqkitfix-20260815T080300Z	p5xp5	HG002-5r2pnnjbw114ye	E2:p5xp5	0.11	0.57	sentdhiomr2lr.na.gatk_contam	1	1	0	2.9205	5.8e-05	0.0016225	0.0011333333333333334
OBS01	E2	prod-cand-1703-hg002-bjuice-v2-seqkitfix-20260815T080300Z	p5xp5	HG002-5r2pnnjbw114ye	E2:p5xp5	0.11	0.57	sentdhiomr2lr.na.goleft	1	1	0	1.4191	2.8e-05	0.0007883888888888889	0.00017777777777777779
OBS01	E2	prod-cand-1703-hg002-bjuice-v2-seqkitfix-20260815T080300Z	p5xp5	HG002-5r2pnnjbw114ye	E2:p5xp5	0.11	0.57	sentdhiomr2lr.na.infer_sex_complement	1	1	0	1.3803	1.5e-05	0.00038341666666666667	1.1111111111111112e-05
OBS01	E2	prod-cand-1703-hg002-bjuice-v2-seqkitfix-20260815T080300Z	p5xp5	HG002-5r2pnnjbw114ye	E2:p5xp5	0.11	0.57	sentdhiomr2lr.na.mosdepth	1	1	0	78.3357	0.002186	0.08703966666666667	0.02138611111111111
OBS01	E2	prod-cand-1703-hg002-bjuice-v2-seqkitfix-20260815T080300Z	p5xp5	HG002-5r2pnnjbw114ye	E2:p5xp5	0.11	0.57	sentdhiomr2lr.na.norm_cov_eveness	1	1	0	426.7253	0.017881	0.4741392222222222	0.0009777777777777777
OBS01	E2	prod-cand-1703-hg002-bjuice-v2-seqkitfix-20260815T080300Z	p5xp5	HG002-5r2pnnjbw114ye	E2:p5xp5	0.11	0.57	sentdhiomr2lr.na.p.ganon2_multiqc_log	1	1	0	0.0541	0.0	1.502777777777778e-05	0.0
OBS01	E2	prod-cand-1703-hg002-bjuice-v2-seqkitfix-20260815T080300Z	p5xp5	HG002-5r2pnnjbw114ye	E2:p5xp5	0.11	0.57	sentdhiomr2lr.na.p.unmapped_metagenomics_ganon2_quick	1	1	0	25.1561	0.033732	0.8944391111111111	0.003822222222222222
OBS01	E2	prod-cand-1703-hg002-bjuice-v2-seqkitfix-20260815T080300Z	p5xp5	HG002-5r2pnnjbw114ye	E2:p5xp5	0.11	0.57	sentdhiomr2lr.na.samt	1	1	0	31.9111	0.001337	0.03545677777777778	0.007805555555555556
OBS01	E2	prod-cand-1703-hg002-bjuice-v2-seqkitfix-20260815T080300Z	p5xp5	HG002-5r2pnnjbw114ye	E2:p5xp5	0.11	0.57	sentdhiomr2lr.na.sex_complement_somalier_metrics	1	1	0	0.6591	1.3e-05	0.00036616666666666666	0.0
OBS01	E2	prod-cand-1703-hg002-bjuice-v2-seqkitfix-20260815T080300Z	p5xp5	HG002-5r2pnnjbw114ye	E2:p5xp5	0.11	0.57	sentdhiomr2lr.na.site_mix_contam	1	1	0	3.0165	3e-05	0.0008379166666666667	0.0004583333333333333
OBS01	E2	prod-cand-1703-hg002-bjuice-v2-seqkitfix-20260815T080300Z	p5xp5	HG002-5r2pnnjbw114ye	E2:p5xp5	0.11	0.57	sentdhiomr2lr.na.site_mix_contam_pileups	1	1	0	200.6239	0.008407	0.22291544444444444	0.05746944444444444
OBS01	E2	prod-cand-1703-hg002-bjuice-v2-seqkitfix-20260815T080300Z	p5xp5	HG002-5r2pnnjbw114ye	E2:p5xp5	0.11	0.57	sentdhiomr2rsr.na.alignstats	1	1	0	14.5552	0.000356	0.016172444444444444	0.006797222222222222
OBS01	E2	prod-cand-1703-hg002-bjuice-v2-seqkitfix-20260815T080300Z	p5xp5	HG002-5r2pnnjbw114ye	E2:p5xp5	0.11	0.57	sentdhiomr2rsr.na.coverage_evenness_two	1	1	0	195.9025	0.031203	0.8706777777777778	0.6329111111111111
OBS01	E2	prod-cand-1703-hg002-bjuice-v2-seqkitfix-20260815T080300Z	p5xp5	HG002-5r2pnnjbw114ye	E2:p5xp5	0.11	0.57	sentdhiomr2rsr.na.gatk_contam	1	1	0	3.7419	7.8e-05	0.002078833333333333	0.0008083333333333333
OBS01	E2	prod-cand-1703-hg002-bjuice-v2-seqkitfix-20260815T080300Z	p5xp5	HG002-5r2pnnjbw114ye	E2:p5xp5	0.11	0.57	sentdhiomr2rsr.na.goleft	1	1	0	1.3112	1.6e-05	0.0007284444444444444	0.0002138888888888889
OBS01	E2	prod-cand-1703-hg002-bjuice-v2-seqkitfix-20260815T080300Z	p5xp5	HG002-5r2pnnjbw114ye	E2:p5xp5	0.11	0.57	sentdhiomr2rsr.na.infer_sex_complement	1	1	0	0.7837	9e-06	0.00021769444444444443	2.777777777777778e-06
OBS01	E2	prod-cand-1703-hg002-bjuice-v2-seqkitfix-20260815T080300Z	p5xp5	HG002-5r2pnnjbw114ye	E2:p5xp5	0.11	0.57	sentdhiomr2rsr.na.mosdepth	1	1	0	77.945	0.003104	0.08660555555555555	0.021119444444444444
OBS01	E2	prod-cand-1703-hg002-bjuice-v2-seqkitfix-20260815T080300Z	p5xp5	HG002-5r2pnnjbw114ye	E2:p5xp5	0.11	0.57	sentdhiomr2rsr.na.norm_cov_eveness	1	1	0	411.1361	0.011476	0.4568178888888889	0.0006055555555555556
OBS01	E2	prod-cand-1703-hg002-bjuice-v2-seqkitfix-20260815T080300Z	p5xp5	HG002-5r2pnnjbw114ye	E2:p5xp5	0.11	0.57	sentdhiomr2rsr.na.p.ganon2_multiqc_log	1	0	1	0.2171	0	0	0
OBS01	E2	prod-cand-1703-hg002-bjuice-v2-seqkitfix-20260815T080300Z	p5xp5	HG002-5r2pnnjbw114ye	E2:p5xp5	0.11	0.57	sentdhiomr2rsr.na.p.unmapped_metagenomics_ganon2_quick	1	1	0	24.4331	0.021902	0.8687324444444444	0.003622222222222222
OBS01	E2	prod-cand-1703-hg002-bjuice-v2-seqkitfix-20260815T080300Z	p5xp5	HG002-5r2pnnjbw114ye	E2:p5xp5	0.11	0.57	sentdhiomr2rsr.na.samt	1	1	0	6.8904	0.000289	0.007656	8.888888888888889e-05
OBS01	E2	prod-cand-1703-hg002-bjuice-v2-seqkitfix-20260815T080300Z	p5xp5	HG002-5r2pnnjbw114ye	E2:p5xp5	0.11	0.57	sentdhiomr2rsr.na.sex_complement_somalier_metrics	1	1	0	0.4789	1e-05	0.00026605555555555557	8.333333333333334e-06
OBS01	E2	prod-cand-1703-hg002-bjuice-v2-seqkitfix-20260815T080300Z	p5xp5	HG002-5r2pnnjbw114ye	E2:p5xp5	0.11	0.57	sentdhiomr2rsr.na.site_mix_contam	1	1	0	1.0304	1.1e-05	0.0002862222222222222	2.777777777777778e-05
OBS01	E2	prod-cand-1703-hg002-bjuice-v2-seqkitfix-20260815T080300Z	p5xp5	HG002-5r2pnnjbw114ye	E2:p5xp5	0.11	0.57	sentdhiomr2rsr.na.site_mix_contam_pileups	1	1	0	44.5347	0.001089	0.049483	0.0019249999999999998
OBS01	E2	prod-cand-1703-hg002-bjuice-v2-seqkitfix-20260815T080300Z	p5xp5	HG002-5r2pnnjbw114ye	E2:p5xp5	0.11	0.57	sentdhiomr2sr.smd.alignstats	1	1	0	23.6348	0.000934	0.026260888888888886	0.007952777777777777
OBS01	E2	prod-cand-1703-hg002-bjuice-v2-seqkitfix-20260815T080300Z	p5xp5	HG002-5r2pnnjbw114ye	E2:p5xp5	0.11	0.57	sentdhiomr2sr.smd.coverage_evenness_two	1	1	0	195.8453	0.030955	0.8704235555555556	0.6288555555555556
OBS01	E2	prod-cand-1703-hg002-bjuice-v2-seqkitfix-20260815T080300Z	p5xp5	HG002-5r2pnnjbw114ye	E2:p5xp5	0.11	0.57	sentdhiomr2sr.smd.gatk_contam	1	1	0	5.7499	0.000114	0.003194388888888889	0.0010083333333333333
OBS01	E2	prod-cand-1703-hg002-bjuice-v2-seqkitfix-20260815T080300Z	p5xp5	HG002-5r2pnnjbw114ye	E2:p5xp5	0.11	0.57	sentdhiomr2sr.smd.goleft	1	1	0	1.2079	2.4e-05	0.0006710555555555555	0.00021666666666666668
OBS01	E2	prod-cand-1703-hg002-bjuice-v2-seqkitfix-20260815T080300Z	p5xp5	HG002-5r2pnnjbw114ye	E2:p5xp5	0.11	0.57	sentdhiomr2sr.smd.infer_sex_complement	1	1	0	0.5659	6e-06	0.00015719444444444442	5.555555555555556e-06
OBS01	E2	prod-cand-1703-hg002-bjuice-v2-seqkitfix-20260815T080300Z	p5xp5	HG002-5r2pnnjbw114ye	E2:p5xp5	0.11	0.57	sentdhiomr2sr.smd.mosdepth	1	1	0	90.0359	0.003558	0.10003988888888889	0.021325
OBS01	E2	prod-cand-1703-hg002-bjuice-v2-seqkitfix-20260815T080300Z	p5xp5	HG002-5r2pnnjbw114ye	E2:p5xp5	0.11	0.57	sentdhiomr2sr.smd.norm_cov_eveness	1	1	0	413.8726	0.016354	0.4598584444444444	0.00035555555555555557
OBS01	E2	prod-cand-1703-hg002-bjuice-v2-seqkitfix-20260815T080300Z	p5xp5	HG002-5r2pnnjbw114ye	E2:p5xp5	0.11	0.57	sentdhiomr2sr.smd.p.ganon2_multiqc_log	1	0	1	0.0734	0	0	0
OBS01	E2	prod-cand-1703-hg002-bjuice-v2-seqkitfix-20260815T080300Z	p5xp5	HG002-5r2pnnjbw114ye	E2:p5xp5	0.11	0.57	sentdhiomr2sr.smd.p.unmapped_metagenomics_ganon2_quick	1	1	0	45.2293	0.057191	1.608152888888889	0.0035194444444444444
OBS01	E2	prod-cand-1703-hg002-bjuice-v2-seqkitfix-20260815T080300Z	p5xp5	HG002-5r2pnnjbw114ye	E2:p5xp5	0.11	0.57	sentdhiomr2sr.smd.samt	1	1	0	29.1243	0.001151	0.03236033333333334	0.006497222222222223
OBS01	E2	prod-cand-1703-hg002-bjuice-v2-seqkitfix-20260815T080300Z	p5xp5	HG002-5r2pnnjbw114ye	E2:p5xp5	0.11	0.57	sentdhiomr2sr.smd.sex_complement_somalier_metrics	1	1	0	1.0931	2.2e-05	0.0006072777777777778	0.0
OBS01	E2	prod-cand-1703-hg002-bjuice-v2-seqkitfix-20260815T080300Z	p5xp5	HG002-5r2pnnjbw114ye	E2:p5xp5	0.11	0.57	sentdhiomr2sr.smd.site_mix_contam	1	1	0	2.3701	2.3e-05	0.0006583611111111111	0.00025833333333333334
OBS01	E2	prod-cand-1703-hg002-bjuice-v2-seqkitfix-20260815T080300Z	p5xp5	HG002-5r2pnnjbw114ye	E2:p5xp5	0.11	0.57	sentdhiomr2sr.smd.site_mix_contam_pileups	1	1	0	73.9323	0.002921	0.082147	0.015383333333333334
OBS01	E2	prod-cand-1703-hg002-bjuice-v2-seqkitfix-20260815T080300Z	p5xp5	HG002-5r2pnnjbw114ye	E2:p5xp5	0.11	0.57	sentmm2ont.na.expansionhunter	1	1	0	1.905	0.000213	0.008466666666666667	0.0005888888888888889
OBS01	E2	prod-cand-1703-hg002-bjuice-v2-seqkitfix-20260815T080300Z	p5xp5	HG002-5r2pnnjbw114ye	E2:p5xp5	0.11	0.57	sentmm2ont.na.expansionhunter_json_to_tsv	1	1	0	1.0363	1e-05	0.00028786111111111113	5.555555555555556e-06
OBS01	E2	prod-cand-1703-hg002-bjuice-v2-seqkitfix-20260815T080300Z	p5xp5	HG002-5r2pnnjbw114ye	E2:p5xp5	0.11	0.57	sentmm2ont.na.sentdhiomr2.altair-v1.1.parse_vcfeval_summary	1	1	0	5.1535	7.2e-05	0.0028630555555555558	0.0003111111111111111
OBS01	E2	prod-cand-1703-hg002-bjuice-v2-seqkitfix-20260815T080300Z	p5xp5	HG002-5r2pnnjbw114ye	E2:p5xp5	0.11	0.57	sentmm2ont.na.sentdhiomr2.altair-v1.1.rtg_vcfeval	1	1	0	39.4199	0.006923	0.17519955555555555	0.019188888888888887
OBS01	E2	prod-cand-1703-hg002-bjuice-v2-seqkitfix-20260815T080300Z	p5xp5	HG002-5r2pnnjbw114ye	E2:p5xp5	0.11	0.57	sentmm2ont.na.sentdhiomr2.bcfstat	1	1	0	6.4641	0.000237	0.0107735	0.001625
OBS01	E2	prod-cand-1703-hg002-bjuice-v2-seqkitfix-20260815T080300Z	p5xp5	HG002-5r2pnnjbw114ye	E2:p5xp5	0.11	0.57	sentmm2ont.na.sentdhiomr2.chr1.vep	1	1	0	189.8679	0.008336	0.21096433333333334	0.0015027777777777778
OBS01	E2	prod-cand-1703-hg002-bjuice-v2-seqkitfix-20260815T080300Z	p5xp5	HG002-5r2pnnjbw114ye	E2:p5xp5	0.11	0.57	sentmm2ont.na.sentdhiomr2.chr1.vep_input	1	1	0	1.2757	1.3e-05	0.0003543611111111111	0.00015833333333333332
OBS01	E2	prod-cand-1703-hg002-bjuice-v2-seqkitfix-20260815T080300Z	p5xp5	HG002-5r2pnnjbw114ye	E2:p5xp5	0.11	0.57	sentmm2ont.na.sentdhiomr2.chr10.vep	1	1	0	121.8835	0.002941	0.1354261111111111	0.0034777777777777776
OBS01	E2	prod-cand-1703-hg002-bjuice-v2-seqkitfix-20260815T080300Z	p5xp5	HG002-5r2pnnjbw114ye	E2:p5xp5	0.11	0.57	sentmm2ont.na.sentdhiomr2.chr10.vep_input	1	1	0	1.2957	1.4e-05	0.0003599166666666667	2.777777777777778e-06
OBS01	E2	prod-cand-1703-hg002-bjuice-v2-seqkitfix-20260815T080300Z	p5xp5	HG002-5r2pnnjbw114ye	E2:p5xp5	0.11	0.57	sentmm2ont.na.sentdhiomr2.chr11.vep	1	1	0	109.3234	0.0048	0.12147044444444445	0.0049138888888888895
OBS01	E2	prod-cand-1703-hg002-bjuice-v2-seqkitfix-20260815T080300Z	p5xp5	HG002-5r2pnnjbw114ye	E2:p5xp5	0.11	0.57	sentmm2ont.na.sentdhiomr2.chr11.vep_input	1	1	0	1.276	1.3e-05	0.00035444444444444445	8.333333333333334e-06
OBS01	E2	prod-cand-1703-hg002-bjuice-v2-seqkitfix-20260815T080300Z	p5xp5	HG002-5r2pnnjbw114ye	E2:p5xp5	0.11	0.57	sentmm2ont.na.sentdhiomr2.chr12.vep	1	1	0	69.8013	0.001766	0.077557	0.004130555555555556
OBS01	E2	prod-cand-1703-hg002-bjuice-v2-seqkitfix-20260815T080300Z	p5xp5	HG002-5r2pnnjbw114ye	E2:p5xp5	0.11	0.57	sentmm2ont.na.sentdhiomr2.chr12.vep_input	1	1	0	1.2624	1.3e-05	0.00035066666666666666	8.333333333333334e-06
OBS01	E2	prod-cand-1703-hg002-bjuice-v2-seqkitfix-20260815T080300Z	p5xp5	HG002-5r2pnnjbw114ye	E2:p5xp5	0.11	0.57	sentmm2ont.na.sentdhiomr2.chr13.vep	1	1	0	54.7125	0.002216	0.06079166666666667	0.0018972222222222222
OBS01	E2	prod-cand-1703-hg002-bjuice-v2-seqkitfix-20260815T080300Z	p5xp5	HG002-5r2pnnjbw114ye	E2:p5xp5	0.11	0.57	sentmm2ont.na.sentdhiomr2.chr13.vep_input	1	1	0	0.8932	9e-06	0.0002481111111111111	2.2222222222222223e-05
OBS01	E2	prod-cand-1703-hg002-bjuice-v2-seqkitfix-20260815T080300Z	p5xp5	HG002-5r2pnnjbw114ye	E2:p5xp5	0.11	0.57	sentmm2ont.na.sentdhiomr2.chr14.vep	1	1	0	58.8839	0.00149	0.06542655555555556	0.0007472222222222223
OBS01	E2	prod-cand-1703-hg002-bjuice-v2-seqkitfix-20260815T080300Z	p5xp5	HG002-5r2pnnjbw114ye	E2:p5xp5	0.11	0.57	sentmm2ont.na.sentdhiomr2.chr14.vep_input	1	1	0	0.8479	9e-06	0.00023552777777777778	2.2222222222222223e-05
OBS01	E2	prod-cand-1703-hg002-bjuice-v2-seqkitfix-20260815T080300Z	p5xp5	HG002-5r2pnnjbw114ye	E2:p5xp5	0.11	0.57	sentmm2ont.na.sentdhiomr2.chr15.vep	1	1	0	69.3998	0.003047	0.07711088888888888	0.006152777777777777
OBS01	E2	prod-cand-1703-hg002-bjuice-v2-seqkitfix-20260815T080300Z	p5xp5	HG002-5r2pnnjbw114ye	E2:p5xp5	0.11	0.57	sentmm2ont.na.sentdhiomr2.chr15.vep_input	1	1	0	0.8441	9e-06	0.0002344722222222222	2.2222222222222223e-05
OBS01	E2	prod-cand-1703-hg002-bjuice-v2-seqkitfix-20260815T080300Z	p5xp5	HG002-5r2pnnjbw114ye	E2:p5xp5	0.11	0.57	sentmm2ont.na.sentdhiomr2.chr16.vep	1	1	0	76.1641	0.003344	0.08462677777777779	0.001988888888888889
OBS01	E2	prod-cand-1703-hg002-bjuice-v2-seqkitfix-20260815T080300Z	p5xp5	HG002-5r2pnnjbw114ye	E2:p5xp5	0.11	0.57	sentmm2ont.na.sentdhiomr2.chr16.vep_input	1	1	0	0.852	9e-06	0.00023666666666666665	2.2222222222222223e-05
OBS01	E2	prod-cand-1703-hg002-bjuice-v2-seqkitfix-20260815T080300Z	p5xp5	HG002-5r2pnnjbw114ye	E2:p5xp5	0.11	0.57	sentmm2ont.na.sentdhiomr2.chr17.vep	1	1	0	61.0866	0.002585	0.06787399999999999	0.0037166666666666667
OBS01	E2	prod-cand-1703-hg002-bjuice-v2-seqkitfix-20260815T080300Z	p5xp5	HG002-5r2pnnjbw114ye	E2:p5xp5	0.11	0.57	sentmm2ont.na.sentdhiomr2.chr17.vep_input	1	1	0	0.8949	9e-06	0.00024858333333333335	8.333333333333334e-06
OBS01	E2	prod-cand-1703-hg002-bjuice-v2-seqkitfix-20260815T080300Z	p5xp5	HG002-5r2pnnjbw114ye	E2:p5xp5	0.11	0.57	sentmm2ont.na.sentdhiomr2.chr18.vep	1	1	0	48.6782	0.001231	0.054086888888888886	0.0012749999999999999
OBS01	E2	prod-cand-1703-hg002-bjuice-v2-seqkitfix-20260815T080300Z	p5xp5	HG002-5r2pnnjbw114ye	E2:p5xp5	0.11	0.57	sentmm2ont.na.sentdhiomr2.chr18.vep_input	1	1	0	1.1064	1.1e-05	0.00030733333333333334	0.0
OBS01	E2	prod-cand-1703-hg002-bjuice-v2-seqkitfix-20260815T080300Z	p5xp5	HG002-5r2pnnjbw114ye	E2:p5xp5	0.11	0.57	sentmm2ont.na.sentdhiomr2.chr19.vep	1	1	0	46.6577	0.001301	0.05184188888888889	0.005258333333333334
OBS01	E2	prod-cand-1703-hg002-bjuice-v2-seqkitfix-20260815T080300Z	p5xp5	HG002-5r2pnnjbw114ye	E2:p5xp5	0.11	0.57	sentmm2ont.na.sentdhiomr2.chr19.vep_input	1	1	0	0.796	8e-06	0.00022111111111111113	1.9444444444444445e-05
OBS01	E2	prod-cand-1703-hg002-bjuice-v2-seqkitfix-20260815T080300Z	p5xp5	HG002-5r2pnnjbw114ye	E2:p5xp5	0.11	0.57	sentmm2ont.na.sentdhiomr2.chr2.vep	1	1	0	173.721	0.007627	0.19302333333333332	0.004936111111111111
OBS01	E2	prod-cand-1703-hg002-bjuice-v2-seqkitfix-20260815T080300Z	p5xp5	HG002-5r2pnnjbw114ye	E2:p5xp5	0.11	0.57	sentmm2ont.na.sentdhiomr2.chr2.vep_input	1	1	0	1.4974	1.5e-05	0.0004159444444444445	0.00013333333333333334
OBS01	E2	prod-cand-1703-hg002-bjuice-v2-seqkitfix-20260815T080300Z	p5xp5	HG002-5r2pnnjbw114ye	E2:p5xp5	0.11	0.57	sentmm2ont.na.sentdhiomr2.chr20.vep	1	1	0	56.3329	0.002473	0.06259211111111111	0.0048000000000000004
OBS01	E2	prod-cand-1703-hg002-bjuice-v2-seqkitfix-20260815T080300Z	p5xp5	HG002-5r2pnnjbw114ye	E2:p5xp5	0.11	0.57	sentmm2ont.na.sentdhiomr2.chr20.vep_input	1	1	0	1.0692	1.1e-05	0.00029699999999999996	5.555555555555556e-06
OBS01	E2	prod-cand-1703-hg002-bjuice-v2-seqkitfix-20260815T080300Z	p5xp5	HG002-5r2pnnjbw114ye	E2:p5xp5	0.11	0.57	sentmm2ont.na.sentdhiomr2.chr21.vep	1	1	0	75.1756	0.0033	0.08352844444444445	0.006108333333333333
OBS01	E2	prod-cand-1703-hg002-bjuice-v2-seqkitfix-20260815T080300Z	p5xp5	HG002-5r2pnnjbw114ye	E2:p5xp5	0.11	0.57	sentmm2ont.na.sentdhiomr2.chr21.vep_input	1	1	0	1.1837	8e-06	0.00032880555555555555	5.555555555555556e-06
OBS01	E2	prod-cand-1703-hg002-bjuice-v2-seqkitfix-20260815T080300Z	p5xp5	HG002-5r2pnnjbw114ye	E2:p5xp5	0.11	0.57	sentmm2ont.na.sentdhiomr2.chr22.vep	1	1	0	42.9389	0.001885	0.047709888888888885	0.004963888888888889
OBS01	E2	prod-cand-1703-hg002-bjuice-v2-seqkitfix-20260815T080300Z	p5xp5	HG002-5r2pnnjbw114ye	E2:p5xp5	0.11	0.57	sentmm2ont.na.sentdhiomr2.chr22.vep_input	1	1	0	0.8369	6e-06	0.0002324722222222222	0.0
OBS01	E2	prod-cand-1703-hg002-bjuice-v2-seqkitfix-20260815T080300Z	p5xp5	HG002-5r2pnnjbw114ye	E2:p5xp5	0.11	0.57	sentmm2ont.na.sentdhiomr2.chr3.vep	1	1	0	147.541	0.006477	0.16393444444444444	0.004719444444444444
OBS01	E2	prod-cand-1703-hg002-bjuice-v2-seqkitfix-20260815T080300Z	p5xp5	HG002-5r2pnnjbw114ye	E2:p5xp5	0.11	0.57	sentmm2ont.na.sentdhiomr2.chr3.vep_input	1	1	0	1.1757	1.2e-05	0.00032658333333333335	0.0
OBS01	E2	prod-cand-1703-hg002-bjuice-v2-seqkitfix-20260815T080300Z	p5xp5	HG002-5r2pnnjbw114ye	E2:p5xp5	0.11	0.57	sentmm2ont.na.sentdhiomr2.chr4.vep	1	1	0	189.834	0.008334	0.21092666666666668	0.00012222222222222221
OBS01	E2	prod-cand-1703-hg002-bjuice-v2-seqkitfix-20260815T080300Z	p5xp5	HG002-5r2pnnjbw114ye	E2:p5xp5	0.11	0.57	sentmm2ont.na.sentdhiomr2.chr4.vep_input	1	1	0	1.1023	1.1e-05	0.00030619444444444444	2.4999999999999998e-05
OBS01	E2	prod-cand-1703-hg002-bjuice-v2-seqkitfix-20260815T080300Z	p5xp5	HG002-5r2pnnjbw114ye	E2:p5xp5	0.11	0.57	sentmm2ont.na.sentdhiomr2.chr5.vep	1	1	0	156.6476	0.006877	0.1740528888888889	0.000125
OBS01	E2	prod-cand-1703-hg002-bjuice-v2-seqkitfix-20260815T080300Z	p5xp5	HG002-5r2pnnjbw114ye	E2:p5xp5	0.11	0.57	sentmm2ont.na.sentdhiomr2.chr5.vep_input	1	1	0	1.0516	1.1e-05	0.00029211111111111115	2.2222222222222223e-05
OBS01	E2	prod-cand-1703-hg002-bjuice-v2-seqkitfix-20260815T080300Z	p5xp5	HG002-5r2pnnjbw114ye	E2:p5xp5	0.11	0.57	sentmm2ont.na.sentdhiomr2.chr6.vep	1	1	0	117.6248	0.004977	0.1306942222222222	0.0018861111111111112
OBS01	E2	prod-cand-1703-hg002-bjuice-v2-seqkitfix-20260815T080300Z	p5xp5	HG002-5r2pnnjbw114ye	E2:p5xp5	0.11	0.57	sentmm2ont.na.sentdhiomr2.chr6.vep_input	1	1	0	1.4447	1.5e-05	0.0004013055555555556	0.000125
OBS01	E2	prod-cand-1703-hg002-bjuice-v2-seqkitfix-20260815T080300Z	p5xp5	HG002-5r2pnnjbw114ye	E2:p5xp5	0.11	0.57	sentmm2ont.na.sentdhiomr2.chr7.vep	1	1	0	98.3016	0.003981	0.10922399999999999	0.004341666666666667
OBS01	E2	prod-cand-1703-hg002-bjuice-v2-seqkitfix-20260815T080300Z	p5xp5	HG002-5r2pnnjbw114ye	E2:p5xp5	0.11	0.57	sentmm2ont.na.sentdhiomr2.chr7.vep_input	1	1	0	1.0174	7e-06	0.00028261111111111114	2.2222222222222223e-05
OBS01	E2	prod-cand-1703-hg002-bjuice-v2-seqkitfix-20260815T080300Z	p5xp5	HG002-5r2pnnjbw114ye	E2:p5xp5	0.11	0.57	sentmm2ont.na.sentdhiomr2.chr8.vep	1	1	0	141.091	0.006194	0.15676777777777778	0.004925
OBS01	E2	prod-cand-1703-hg002-bjuice-v2-seqkitfix-20260815T080300Z	p5xp5	HG002-5r2pnnjbw114ye	E2:p5xp5	0.11	0.57	sentmm2ont.na.sentdhiomr2.chr8.vep_input	1	1	0	1.2194	8e-06	0.00033872222222222225	0.0
OBS01	E2	prod-cand-1703-hg002-bjuice-v2-seqkitfix-20260815T080300Z	p5xp5	HG002-5r2pnnjbw114ye	E2:p5xp5	0.11	0.57	sentmm2ont.na.sentdhiomr2.chr9.vep	1	1	0	99.7551	0.00438	0.110839	0.004808333333333333
OBS01	E2	prod-cand-1703-hg002-bjuice-v2-seqkitfix-20260815T080300Z	p5xp5	HG002-5r2pnnjbw114ye	E2:p5xp5	0.11	0.57	sentmm2ont.na.sentdhiomr2.chr9.vep_input	1	1	0	0.926	6e-06	0.0002572222222222222	2.2222222222222223e-05
OBS01	E2	prod-cand-1703-hg002-bjuice-v2-seqkitfix-20260815T080300Z	p5xp5	HG002-5r2pnnjbw114ye	E2:p5xp5	0.11	0.57	sentmm2ont.na.sentdhiomr2.chrM.vep	1	1	0	1.0777	4.7e-05	0.0011974444444444446	0.00013055555555555555
OBS01	E2	prod-cand-1703-hg002-bjuice-v2-seqkitfix-20260815T080300Z	p5xp5	HG002-5r2pnnjbw114ye	E2:p5xp5	0.11	0.57	sentmm2ont.na.sentdhiomr2.chrM.vep_input	1	1	0	0.7595	5e-06	0.0002109722222222222	8.333333333333334e-06
OBS01	E2	prod-cand-1703-hg002-bjuice-v2-seqkitfix-20260815T080300Z	p5xp5	HG002-5r2pnnjbw114ye	E2:p5xp5	0.11	0.57	sentmm2ont.na.sentdhiomr2.chrX.vep	1	1	0	26.2019	0.00115	0.02911322222222222	0.004936111111111111
OBS01	E2	prod-cand-1703-hg002-bjuice-v2-seqkitfix-20260815T080300Z	p5xp5	HG002-5r2pnnjbw114ye	E2:p5xp5	0.11	0.57	sentmm2ont.na.sentdhiomr2.chrX.vep_input	1	1	0	0.8868	6e-06	0.0002463333333333333	1.1111111111111112e-05
OBS01	E2	prod-cand-1703-hg002-bjuice-v2-seqkitfix-20260815T080300Z	p5xp5	HG002-5r2pnnjbw114ye	E2:p5xp5	0.11	0.57	sentmm2ont.na.sentdhiomr2.chrY.vep	1	1	0	6.2878	0.000276	0.006986444444444444	0.00010555555555555555
OBS01	E2	prod-cand-1703-hg002-bjuice-v2-seqkitfix-20260815T080300Z	p5xp5	HG002-5r2pnnjbw114ye	E2:p5xp5	0.11	0.57	sentmm2ont.na.sentdhiomr2.chrY.vep_input	1	1	0	0.6728	4e-06	0.00018688888888888886	0.0
OBS01	E2	prod-cand-1703-hg002-bjuice-v2-seqkitfix-20260815T080300Z	p5xp5	HG002-5r2pnnjbw114ye	E2:p5xp5	0.11	0.57	sentmm2ont.na.sentdhiomr2.cli-gvcf.altair-v1.1.parse_vcfeval_summary	1	1	0	6.295	0.000127	0.0034972222222222223	0.0003222222222222222
OBS01	E2	prod-cand-1703-hg002-bjuice-v2-seqkitfix-20260815T080300Z	p5xp5	HG002-5r2pnnjbw114ye	E2:p5xp5	0.11	0.57	sentmm2ont.na.sentdhiomr2.cli-gvcf.altair-v1.1.rtg_vcfeval	1	1	0	262.7373	0.044468	1.1677213333333334	0.1836611111111111
OBS01	E2	prod-cand-1703-hg002-bjuice-v2-seqkitfix-20260815T080300Z	p5xp5	HG002-5r2pnnjbw114ye	E2:p5xp5	0.11	0.57	sentmm2ont.na.sentdhiomr2.cli-gvcf.clinvar_genes.parse_vcfeval_summary	1	1	0	7.0851	0.000156	0.003936166666666667	0.0003333333333333333
OBS01	E2	prod-cand-1703-hg002-bjuice-v2-seqkitfix-20260815T080300Z	p5xp5	HG002-5r2pnnjbw114ye	E2:p5xp5	0.11	0.57	sentmm2ont.na.sentdhiomr2.cli-gvcf.clinvar_genes.rtg_vcfeval	1	1	0	328.6191	0.057709	1.4605293333333333	0.225675
OBS01	E2	prod-cand-1703-hg002-bjuice-v2-seqkitfix-20260815T080300Z	p5xp5	HG002-5r2pnnjbw114ye	E2:p5xp5	0.11	0.57	sentmm2ont.na.sentdhiomr2.cli-gvcf.concordance	1	1	0	0.4619	4.1e-05	0.0010264444444444444	5.555555555555556e-06
OBS01	E2	prod-cand-1703-hg002-bjuice-v2-seqkitfix-20260815T080300Z	p5xp5	HG002-5r2pnnjbw114ye	E2:p5xp5	0.11	0.57	sentmm2ont.na.sentdhiomr2.cli-gvcf.giabHC.parse_vcfeval_summary	1	1	0	35.8933	0.000727	0.019940722222222224	0.0010944444444444443
OBS01	E2	prod-cand-1703-hg002-bjuice-v2-seqkitfix-20260815T080300Z	p5xp5	HG002-5r2pnnjbw114ye	E2:p5xp5	0.11	0.57	sentmm2ont.na.sentdhiomr2.cli-gvcf.giabHC.rtg_vcfeval	1	1	0	256.877	0.041616	1.1416755555555556	0.17504722222222222
OBS01	E2	prod-cand-1703-hg002-bjuice-v2-seqkitfix-20260815T080300Z	p5xp5	HG002-5r2pnnjbw114ye	E2:p5xp5	0.11	0.57	sentmm2ont.na.sentdhiomr2.cli-gvcf.giabHC_x_clinvar_genes.parse_vcfeval_summary	1	1	0	5.1557	0.000104	0.002864277777777778	0.00030000000000000003
OBS01	E2	prod-cand-1703-hg002-bjuice-v2-seqkitfix-20260815T080300Z	p5xp5	HG002-5r2pnnjbw114ye	E2:p5xp5	0.11	0.57	sentmm2ont.na.sentdhiomr2.cli-gvcf.giabHC_x_clinvar_genes.rtg_vcfeval	1	1	0	240.9327	0.021151	1.070812	0.1673
OBS01	E2	prod-cand-1703-hg002-bjuice-v2-seqkitfix-20260815T080300Z	p5xp5	HG002-5r2pnnjbw114ye	E2:p5xp5	0.11	0.57	sentmm2ont.na.sentdhiomr2.cli-gvcf.giabHC_x_ultima.parse_vcfeval_summary	1	1	0	31.9122	0.000646	0.017728999999999998	0.00065
OBS01	E2	prod-cand-1703-hg002-bjuice-v2-seqkitfix-20260815T080300Z	p5xp5	HG002-5r2pnnjbw114ye	E2:p5xp5	0.11	0.57	sentmm2ont.na.sentdhiomr2.cli-gvcf.giabHC_x_ultima.rtg_vcfeval	1	1	0	258.2359	0.026132	1.1477151111111112	2.2222222222222223e-05
OBS01	E2	prod-cand-1703-hg002-bjuice-v2-seqkitfix-20260815T080300Z	p5xp5	HG002-5r2pnnjbw114ye	E2:p5xp5	0.11	0.57	sentmm2ont.na.sentdhiomr2.cli-gvcf.giabHC_x_ultima_x_clinvar.parse_vcfeval_summary	1	1	0	5.1686	0.000105	0.0028714444444444443	0.00025277777777777777
OBS01	E2	prod-cand-1703-hg002-bjuice-v2-seqkitfix-20260815T080300Z	p5xp5	HG002-5r2pnnjbw114ye	E2:p5xp5	0.11	0.57	sentmm2ont.na.sentdhiomr2.cli-gvcf.giabHC_x_ultima_x_clinvar.rtg_vcfeval	1	1	0	242.0975	0.027002	1.0759888888888889	0.16670555555555555
OBS01	E2	prod-cand-1703-hg002-bjuice-v2-seqkitfix-20260815T080300Z	p5xp5	HG002-5r2pnnjbw114ye	E2:p5xp5	0.11	0.57	sentmm2ont.na.sentdhiomr2.cli-gvcf.giabHCv5q.parse_vcfeval_summary	1	1	0	33.969	0.000746	0.01887166666666667	0.0012083333333333332
OBS01	E2	prod-cand-1703-hg002-bjuice-v2-seqkitfix-20260815T080300Z	p5xp5	HG002-5r2pnnjbw114ye	E2:p5xp5	0.11	0.57	sentmm2ont.na.sentdhiomr2.cli-gvcf.giabHCv5q.rtg_vcfeval	1	1	0	828.0877	0.092361	3.680389777777778	0.41611666666666663
OBS01	E2	prod-cand-1703-hg002-bjuice-v2-seqkitfix-20260815T080300Z	p5xp5	HG002-5r2pnnjbw114ye	E2:p5xp5	0.11	0.57	sentmm2ont.na.sentdhiomr2.cli-gvcf.hg38.parse_vcfeval_summary	1	1	0	35.9552	0.000501	0.01997511111111111	2.777777777777778e-06
OBS01	E2	prod-cand-1703-hg002-bjuice-v2-seqkitfix-20260815T080300Z	p5xp5	HG002-5r2pnnjbw114ye	E2:p5xp5	0.11	0.57	sentmm2ont.na.sentdhiomr2.cli-gvcf.hg38.rtg_vcfeval	1	1	0	266.9618	0.04325	1.1864968888888887	0.19621666666666668
OBS01	E2	prod-cand-1703-hg002-bjuice-v2-seqkitfix-20260815T080300Z	p5xp5	HG002-5r2pnnjbw114ye	E2:p5xp5	0.11	0.57	sentmm2ont.na.sentdhiomr2.cli-gvcf.hg38_m_giabHC.parse_vcfeval_summary	1	1	0	6.2257	0.000126	0.003458722222222222	0.00011388888888888888
OBS01	E2	prod-cand-1703-hg002-bjuice-v2-seqkitfix-20260815T080300Z	p5xp5	HG002-5r2pnnjbw114ye	E2:p5xp5	0.11	0.57	sentmm2ont.na.sentdhiomr2.cli-gvcf.hg38_m_giabHC.rtg_vcfeval	1	1	0	258.7062	0.041912	1.1498053333333333	0.0
OBS01	E2	prod-cand-1703-hg002-bjuice-v2-seqkitfix-20260815T080300Z	p5xp5	HG002-5r2pnnjbw114ye	E2:p5xp5	0.11	0.57	sentmm2ont.na.sentdhiomr2.cli-gvcf.ultima.parse_vcfeval_summary	1	1	0	46.0149	0.000932	0.02556383333333333	0.0008333333333333334
OBS01	E2	prod-cand-1703-hg002-bjuice-v2-seqkitfix-20260815T080300Z	p5xp5	HG002-5r2pnnjbw114ye	E2:p5xp5	0.11	0.57	sentmm2ont.na.sentdhiomr2.cli-gvcf.ultima.rtg_vcfeval	1	1	0	298.2445	0.048318	1.3255311111111112	0.21976388888888887
OBS01	E2	prod-cand-1703-hg002-bjuice-v2-seqkitfix-20260815T080300Z	p5xp5	HG002-5r2pnnjbw114ye	E2:p5xp5	0.11	0.57	sentmm2ont.na.sentdhiomr2.clinvar_genes.parse_vcfeval_summary	1	1	0	5.5631	0.000118	0.0030906111111111112	0.0002916666666666667
OBS01	E2	prod-cand-1703-hg002-bjuice-v2-seqkitfix-20260815T080300Z	p5xp5	HG002-5r2pnnjbw114ye	E2:p5xp5	0.11	0.57	sentmm2ont.na.sentdhiomr2.clinvar_genes.rtg_vcfeval	1	1	0	35.766	0.005794	0.15896	0.018475000000000002
OBS01	E2	prod-cand-1703-hg002-bjuice-v2-seqkitfix-20260815T080300Z	p5xp5	HG002-5r2pnnjbw114ye	E2:p5xp5	0.11	0.57	sentmm2ont.na.sentdhiomr2.concordance	1	1	0	0.6205	3e-05	0.001378888888888889	0.0001361111111111111
OBS01	E2	prod-cand-1703-hg002-bjuice-v2-seqkitfix-20260815T080300Z	p5xp5	HG002-5r2pnnjbw114ye	E2:p5xp5	0.11	0.57	sentmm2ont.na.sentdhiomr2.giabHC.parse_vcfeval_summary	1	1	0	32.006	0.000677	0.017781111111111112	0.002288888888888889
OBS01	E2	prod-cand-1703-hg002-bjuice-v2-seqkitfix-20260815T080300Z	p5xp5	HG002-5r2pnnjbw114ye	E2:p5xp5	0.11	0.57	sentmm2ont.na.sentdhiomr2.giabHC.rtg_vcfeval	1	1	0	41.9504	0.007367	0.18644622222222224	0.024147222222222223
OBS01	E2	prod-cand-1703-hg002-bjuice-v2-seqkitfix-20260815T080300Z	p5xp5	HG002-5r2pnnjbw114ye	E2:p5xp5	0.11	0.57	sentmm2ont.na.sentdhiomr2.giabHC_x_clinvar_genes.parse_vcfeval_summary	1	1	0	5.0161	0.000102	0.002786722222222222	0.00026944444444444444
OBS01	E2	prod-cand-1703-hg002-bjuice-v2-seqkitfix-20260815T080300Z	p5xp5	HG002-5r2pnnjbw114ye	E2:p5xp5	0.11	0.57	sentmm2ont.na.sentdhiomr2.giabHC_x_clinvar_genes.rtg_vcfeval	1	1	0	38.3504	0.006735	0.17044622222222222	0.01991944444444444
OBS01	E2	prod-cand-1703-hg002-bjuice-v2-seqkitfix-20260815T080300Z	p5xp5	HG002-5r2pnnjbw114ye	E2:p5xp5	0.11	0.57	sentmm2ont.na.sentdhiomr2.giabHC_x_ultima.parse_vcfeval_summary	1	1	0	40.0237	0.000879	0.022235388888888888	2.2222222222222223e-05
OBS01	E2	prod-cand-1703-hg002-bjuice-v2-seqkitfix-20260815T080300Z	p5xp5	HG002-5r2pnnjbw114ye	E2:p5xp5	0.11	0.57	sentmm2ont.na.sentdhiomr2.giabHC_x_ultima.rtg_vcfeval	1	1	0	41.6465	0.006747	0.18509555555555557	0.018102777777777777
OBS01	E2	prod-cand-1703-hg002-bjuice-v2-seqkitfix-20260815T080300Z	p5xp5	HG002-5r2pnnjbw114ye	E2:p5xp5	0.11	0.57	sentmm2ont.na.sentdhiomr2.giabHC_x_ultima_x_clinvar.parse_vcfeval_summary	1	1	0	6.2322	0.000137	0.0034623333333333333	0.00029444444444444445
OBS01	E2	prod-cand-1703-hg002-bjuice-v2-seqkitfix-20260815T080300Z	p5xp5	HG002-5r2pnnjbw114ye	E2:p5xp5	0.11	0.57	sentmm2ont.na.sentdhiomr2.giabHC_x_ultima_x_clinvar.rtg_vcfeval	1	1	0	35.8173	0.005803	0.15918800000000002	0.018602777777777777
OBS01	E2	prod-cand-1703-hg002-bjuice-v2-seqkitfix-20260815T080300Z	p5xp5	HG002-5r2pnnjbw114ye	E2:p5xp5	0.11	0.57	sentmm2ont.na.sentdhiomr2.giabHCv5q.parse_vcfeval_summary	1	1	0	27.4077	0.000346	0.015226499999999999	0.0013833333333333334
OBS01	E2	prod-cand-1703-hg002-bjuice-v2-seqkitfix-20260815T080300Z	p5xp5	HG002-5r2pnnjbw114ye	E2:p5xp5	0.11	0.57	sentmm2ont.na.sentdhiomr2.giabHCv5q.rtg_vcfeval	1	1	0	983.9962	0.172801	4.373316444444445	0.32159166666666666
OBS01	E2	prod-cand-1703-hg002-bjuice-v2-seqkitfix-20260815T080300Z	p5xp5	HG002-5r2pnnjbw114ye	E2:p5xp5	0.11	0.57	sentmm2ont.na.sentdhiomr2.hg38.parse_vcfeval_summary	1	1	0	41.1703	0.000834	0.022872388888888887	0.00041944444444444445
OBS01	E2	prod-cand-1703-hg002-bjuice-v2-seqkitfix-20260815T080300Z	p5xp5	HG002-5r2pnnjbw114ye	E2:p5xp5	0.11	0.57	sentmm2ont.na.sentdhiomr2.hg38.rtg_vcfeval	1	1	0	43.2766	0.0076	0.19234044444444445	0.02230277777777778
OBS01	E2	prod-cand-1703-hg002-bjuice-v2-seqkitfix-20260815T080300Z	p5xp5	HG002-5r2pnnjbw114ye	E2:p5xp5	0.11	0.57	sentmm2ont.na.sentdhiomr2.hg38_m_giabHC.parse_vcfeval_summary	1	1	0	5.8408	0.000118	0.0032448888888888887	0.00010277777777777778
OBS01	E2	prod-cand-1703-hg002-bjuice-v2-seqkitfix-20260815T080300Z	p5xp5	HG002-5r2pnnjbw114ye	E2:p5xp5	0.11	0.57	sentmm2ont.na.sentdhiomr2.hg38_m_giabHC.rtg_vcfeval	1	1	0	34.0071	0.003793	0.15114266666666668	0.01875
OBS01	E2	prod-cand-1703-hg002-bjuice-v2-seqkitfix-20260815T080300Z	p5xp5	HG002-5r2pnnjbw114ye	E2:p5xp5	0.11	0.57	sentmm2ont.na.sentdhiomr2.peddy	1	1	0	11.423	0.000251	0.012692222222222223	0.0011416666666666667
OBS01	E2	prod-cand-1703-hg002-bjuice-v2-seqkitfix-20260815T080300Z	p5xp5	HG002-5r2pnnjbw114ye	E2:p5xp5	0.11	0.57	sentmm2ont.na.sentdhiomr2.rtgvcfstats	1	1	0	6.645	0.000135	0.0036916666666666664	0.002063888888888889
OBS01	E2	prod-cand-1703-hg002-bjuice-v2-seqkitfix-20260815T080300Z	p5xp5	HG002-5r2pnnjbw114ye	E2:p5xp5	0.11	0.57	sentmm2ont.na.sentdhiomr2.ultima.parse_vcfeval_summary	1	1	0	34.159	0.000476	0.01897722222222222	0.0002861111111111111
OBS01	E2	prod-cand-1703-hg002-bjuice-v2-seqkitfix-20260815T080300Z	p5xp5	HG002-5r2pnnjbw114ye	E2:p5xp5	0.11	0.57	sentmm2ont.na.sentdhiomr2.ultima.rtg_vcfeval	1	1	0	46.9249	0.008241	0.2085551111111111	2.4999999999999998e-05
OBS01	E2	prod-cand-1703-hg002-bjuice-v2-seqkitfix-20260815T080300Z	p5xp5	HG002-5r2pnnjbw114ye	E2:p5xp5	0.11	0.57	sentmm2ont.na.sentdhiomr2.vep_concat	1	1	0	15.02	0.000719	0.03337777777777778	4.722222222222223e-05
OBS01	E2	prod-cand-1703-hg002-bjuice-v2-seqkitfix-20260815T080300Z	p5xp5	HG002-5r2pnnjbw114ye	E2:p5xp5	0.11	0.57	sentmm2ont.na.sentdhiomr2.vep_concat_fofn	1	1	0	0.2228	2e-06	6.188888888888889e-05	0.0
OBS01	E2	prod-cand-1703-hg002-bjuice-v2-seqkitfix-20260815T080300Z	p5xp5	HG002-5r2pnnjbw114ye	E2:p5xp5	0.11	0.57	sentmm2ont.na.sentdhiomr2.vep_validate_input_contigs	1	1	0	0.7329	6e-06	0.00020358333333333334	0.0
OBS01	E2	prod-cand-1703-hg002-bjuice-v2-seqkitfix-20260815T080300Z	p5xp5	HG002-5r2pnnjbw114ye	E2:p5xp5	0.11	0.57	seqfu	1	1	0	929.6121	0.0551	1.5493535	0.9125583333333334
OBS01	E2	prod-cand-1703-hg002-bjuice-v2-seqkitfix-20260815T080300Z	p5xp5	HG002-5r2pnnjbw114ye	E2:p5xp5	0.11	0.57	snv_vcf.vcf-sv-stats	1	1	0	40.4315	0.000444	0.022461944444444444	0.003927777777777778
OBS01	E2	prod-cand-1703-hg002-bjuice-v2-seqkitfix-20260815T080300Z	p5xp5	HG002-5r2pnnjbw114ye	E2:p5xp5	0.11	0.57	source_reheadered_cnvscope_vcf.vcf-sv-stats	1	1	0	3.1235	6.5e-05	0.0017352777777777776	0.0001722222222222222
OBS01	E2	prod-cand-1703-hg002-bjuice-v2-seqkitfix-20260815T080300Z	p5xp5	HG002-5r2pnnjbw114ye	E2:p5xp5	0.11	0.57	synthetic_smn_vcf.vcf-sv-stats	1	1	0	0.7791	1.1e-05	0.00043283333333333336	3.3333333333333335e-05
OBS01	E2	prod-cand-1703-hg002-bjuice-v2-seqkitfix-20260815T080300Z	p5xp5	HG002-5r2pnnjbw114ye	E2:p5xp5	0.11	0.57	tagged_cnv_vcf.vcf-sv-stats	1	1	0	1.5383	3.4e-05	0.0008546111111111111	0.00017777777777777779
OBS01	E2	prod-cand-1703-hg002-bjuice-v2-seqkitfix-20260815T080300Z	p5xp5	HG002-5r2pnnjbw114ye	E2:p5xp5	0.11	0.57	tagged_sv_vcf.vcf-sv-stats	1	1	0	0.8694	1.8e-05	0.000483	3.611111111111111e-05
OBS01	E2	prod-cand-1703-hg002-bjuice-v2-seqkitfix-20260815T080300Z	p5xp5	HG002-5r2pnnjbw114ye	E2:p5xp5	0.11	0.57	untagged_trussv_vcf.vcf-sv-stats	1	1	0	1.1567	2.5e-05	0.0006426111111111112	0.00010833333333333334
OBS02	E2	prod-cand-1703-hg002-bjuice-v2-seqkitfix-20260815T080300Z	1x1	HG002-dhcejhqjtfa8my	E2:1x1	0.27	1.16	expansionhunter_vcf.vcf-sv-stats	1	1	0	0.9081	1.8e-05	0.0005045	1.6666666666666667e-05
OBS02	E2	prod-cand-1703-hg002-bjuice-v2-seqkitfix-20260815T080300Z	1x1	HG002-dhcejhqjtfa8my	E2:1x1	0.27	1.16	fastqc	1	1	0	690.402	0.109123	3.0684533333333337	0.26486944444444444
OBS02	E2	prod-cand-1703-hg002-bjuice-v2-seqkitfix-20260815T080300Z	1x1	HG002-dhcejhqjtfa8my	E2:1x1	0.27	1.16	mitochondrial_vcf.vcf-sv-stats	1	1	0	2.1654	2.6e-05	0.001203	2.2222222222222223e-05
OBS02	E2	prod-cand-1703-hg002-bjuice-v2-seqkitfix-20260815T080300Z	1x1	HG002-dhcejhqjtfa8my	E2:1x1	0.27	1.16	normalized_longreadsv_vcf.vcf-sv-stats	1	1	0	2.1653	4.7e-05	0.0012029444444444444	0.000175
OBS02	E2	prod-cand-1703-hg002-bjuice-v2-seqkitfix-20260815T080300Z	1x1	HG002-dhcejhqjtfa8my	E2:1x1	0.27	1.16	normalized_sniffles2_vcf.vcf-sv-stats	1	1	0	2.2083	3.1e-05	0.0012268333333333332	0.00010555555555555555
OBS02	E2	prod-cand-1703-hg002-bjuice-v2-seqkitfix-20260815T080300Z	1x1	HG002-dhcejhqjtfa8my	E2:1x1	0.27	1.16	normalized_tiddit_vcf.vcf-sv-stats	1	1	0	2.5399	5.1e-05	0.0014110555555555554	7.222222222222222e-05
OBS02	E2	prod-cand-1703-hg002-bjuice-v2-seqkitfix-20260815T080300Z	1x1	HG002-dhcejhqjtfa8my	E2:1x1	0.27	1.16	segdup_CFH_vcf.vcf-sv-stats	1	1	0	0.8787	1.9e-05	0.0004881666666666667	2.777777777777778e-05
OBS02	E2	prod-cand-1703-hg002-bjuice-v2-seqkitfix-20260815T080300Z	1x1	HG002-dhcejhqjtfa8my	E2:1x1	0.27	1.16	segdup_CYP11B1_vcf.vcf-sv-stats	1	1	0	1.007	2.2e-05	0.0005594444444444443	2.4999999999999998e-05
OBS02	E2	prod-cand-1703-hg002-bjuice-v2-seqkitfix-20260815T080300Z	1x1	HG002-dhcejhqjtfa8my	E2:1x1	0.27	1.16	segdup_CYP2A6_vcf.vcf-sv-stats	1	1	0	1.1066	2.2e-05	0.0006147777777777778	2.777777777777778e-06
OBS02	E2	prod-cand-1703-hg002-bjuice-v2-seqkitfix-20260815T080300Z	1x1	HG002-dhcejhqjtfa8my	E2:1x1	0.27	1.16	segdup_CYP2B6_vcf.vcf-sv-stats	1	1	0	2.2374	3.1e-05	0.001243	8.61111111111111e-05
OBS02	E2	prod-cand-1703-hg002-bjuice-v2-seqkitfix-20260815T080300Z	1x1	HG002-dhcejhqjtfa8my	E2:1x1	0.27	1.16	segdup_CYP2D6_vcf.vcf-sv-stats	1	1	0	2.279	5e-05	0.001266111111111111	9.999999999999999e-05
OBS02	E2	prod-cand-1703-hg002-bjuice-v2-seqkitfix-20260815T080300Z	1x1	HG002-dhcejhqjtfa8my	E2:1x1	0.27	1.16	segdup_GBA1_vcf.vcf-sv-stats	1	1	0	2.2726	4.6e-05	0.0012625555555555556	9.722222222222222e-05
OBS02	E2	prod-cand-1703-hg002-bjuice-v2-seqkitfix-20260815T080300Z	1x1	HG002-dhcejhqjtfa8my	E2:1x1	0.27	1.16	segdup_HBA_vcf.vcf-sv-stats	1	1	0	2.0605	4.5e-05	0.0011447222222222223	7.222222222222222e-05
OBS02	E2	prod-cand-1703-hg002-bjuice-v2-seqkitfix-20260815T080300Z	1x1	HG002-dhcejhqjtfa8my	E2:1x1	0.27	1.16	segdup_NCF1_vcf.vcf-sv-stats	1	1	0	0.926	1.9e-05	0.0005144444444444444	3.0555555555555554e-05
OBS02	E2	prod-cand-1703-hg002-bjuice-v2-seqkitfix-20260815T080300Z	1x1	HG002-dhcejhqjtfa8my	E2:1x1	0.27	1.16	segdup_OTOA_vcf.vcf-sv-stats	1	1	0	1.0078	2.2e-05	0.000559888888888889	2.2222222222222223e-05
OBS02	E2	prod-cand-1703-hg002-bjuice-v2-seqkitfix-20260815T080300Z	1x1	HG002-dhcejhqjtfa8my	E2:1x1	0.27	1.16	segdup_PMS2_vcf.vcf-sv-stats	1	1	0	0.8066	1.6e-05	0.0004481111111111111	3.888888888888889e-05
OBS02	E2	prod-cand-1703-hg002-bjuice-v2-seqkitfix-20260815T080300Z	1x1	HG002-dhcejhqjtfa8my	E2:1x1	0.27	1.16	segdup_RCCX1_vcf.vcf-sv-stats	1	1	0	0.9689	1.2e-05	0.0005382777777777778	3.0555555555555554e-05
OBS02	E2	prod-cand-1703-hg002-bjuice-v2-seqkitfix-20260815T080300Z	1x1	HG002-dhcejhqjtfa8my	E2:1x1	0.27	1.16	segdup_RHD_vcf.vcf-sv-stats	1	1	0	0.7982	1.6e-05	0.00044344444444444444	2.777777777777778e-05
OBS02	E2	prod-cand-1703-hg002-bjuice-v2-seqkitfix-20260815T080300Z	1x1	HG002-dhcejhqjtfa8my	E2:1x1	0.27	1.16	segdup_SBDS_vcf.vcf-sv-stats	1	1	0	1.0643	1.3e-05	0.0005912777777777778	2.4999999999999998e-05
OBS02	E2	prod-cand-1703-hg002-bjuice-v2-seqkitfix-20260815T080300Z	1x1	HG002-dhcejhqjtfa8my	E2:1x1	0.27	1.16	segdup_SMN1_vcf.vcf-sv-stats	1	1	0	0.9788	1.4e-05	0.0005437777777777778	2.4999999999999998e-05
OBS02	E2	prod-cand-1703-hg002-bjuice-v2-seqkitfix-20260815T080300Z	1x1	HG002-dhcejhqjtfa8my	E2:1x1	0.27	1.16	segdup_STRC_vcf.vcf-sv-stats	1	1	0	2.4487	5.4e-05	0.0013603888888888888	9.166666666666667e-05
OBS02	E2	prod-cand-1703-hg002-bjuice-v2-seqkitfix-20260815T080300Z	1x1	HG002-dhcejhqjtfa8my	E2:1x1	0.27	1.16	sentdhiomr2.command-manifest	1	1	0	0.5354	0.000694	0.019036444444444443	5.555555555555556e-06
OBS02	E2	prod-cand-1703-hg002-bjuice-v2-seqkitfix-20260815T080300Z	1x1	HG002-dhcejhqjtfa8my	E2:1x1	0.27	1.16	sentdhiomr2.five-chromosome-hard-vcf	1	1	0	33.5813	0.043523	1.1940017777777778	0.005125
OBS02	E2	prod-cand-1703-hg002-bjuice-v2-seqkitfix-20260815T080300Z	1x1	HG002-dhcejhqjtfa8my	E2:1x1	0.27	1.16	sentdhiomr2.hybrid-cli172i-core	1	1	0	1609.5866	2.158336	57.22974577777778	0.0008527777777777777
OBS02	E2	prod-cand-1703-hg002-bjuice-v2-seqkitfix-20260815T080300Z	1x1	HG002-dhcejhqjtfa8my	E2:1x1	0.27	1.16	sentdhiomr2.hybrid-cli172i-finalize-1	1	1	0	104.039	0.004111	0.11559888888888889	0.013155555555555556
OBS02	E2	prod-cand-1703-hg002-bjuice-v2-seqkitfix-20260815T080300Z	1x1	HG002-dhcejhqjtfa8my	E2:1x1	0.27	1.16	sentdhiomr2.hybrid-cli172i-finalize-10	1	1	0	60.8787	0.002406	0.06764300000000001	0.007727777777777778
OBS02	E2	prod-cand-1703-hg002-bjuice-v2-seqkitfix-20260815T080300Z	1x1	HG002-dhcejhqjtfa8my	E2:1x1	0.27	1.16	sentdhiomr2.hybrid-cli172i-finalize-11	1	1	0	63.7222	0.002518	0.07080244444444445	0.005941666666666667
OBS02	E2	prod-cand-1703-hg002-bjuice-v2-seqkitfix-20260815T080300Z	1x1	HG002-dhcejhqjtfa8my	E2:1x1	0.27	1.16	sentdhiomr2.hybrid-cli172i-finalize-12	1	1	0	64.883	0.002719	0.07209222222222222	0.005497222222222222
OBS02	E2	prod-cand-1703-hg002-bjuice-v2-seqkitfix-20260815T080300Z	1x1	HG002-dhcejhqjtfa8my	E2:1x1	0.27	1.16	sentdhiomr2.hybrid-cli172i-finalize-13	1	1	0	43.3479	0.001816	0.04816433333333334	0.0031027777777777777
OBS02	E2	prod-cand-1703-hg002-bjuice-v2-seqkitfix-20260815T080300Z	1x1	HG002-dhcejhqjtfa8my	E2:1x1	0.27	1.16	sentdhiomr2.hybrid-cli172i-finalize-14	1	1	0	47.3287	0.00187	0.052587444444444444	0.0017388888888888888
OBS02	E2	prod-cand-1703-hg002-bjuice-v2-seqkitfix-20260815T080300Z	1x1	HG002-dhcejhqjtfa8my	E2:1x1	0.27	1.16	sentdhiomr2.hybrid-cli172i-finalize-15	1	1	0	49.1516	0.001202	0.05461288888888889	0.0016805555555555556
OBS02	E2	prod-cand-1703-hg002-bjuice-v2-seqkitfix-20260815T080300Z	1x1	HG002-dhcejhqjtfa8my	E2:1x1	0.27	1.16	sentdhiomr2.hybrid-cli172i-finalize-16	1	1	0	44.4487	0.001756	0.04938744444444445	0.0009083333333333334
OBS02	E2	prod-cand-1703-hg002-bjuice-v2-seqkitfix-20260815T080300Z	1x1	HG002-dhcejhqjtfa8my	E2:1x1	0.27	1.16	sentdhiomr2.hybrid-cli172i-finalize-17	1	1	0	39.5574	0.001658	0.04395266666666667	0.00325
OBS02	E2	prod-cand-1703-hg002-bjuice-v2-seqkitfix-20260815T080300Z	1x1	HG002-dhcejhqjtfa8my	E2:1x1	0.27	1.16	sentdhiomr2.hybrid-cli172i-finalize-18	1	1	0	37.2975	0.001474	0.04144166666666667	0.003033333333333333
OBS02	E2	prod-cand-1703-hg002-bjuice-v2-seqkitfix-20260815T080300Z	1x1	HG002-dhcejhqjtfa8my	E2:1x1	0.27	1.16	sentdhiomr2.hybrid-cli172i-finalize-19	1	1	0	33.092	0.001308	0.036768888888888886	0.002125
OBS02	E2	prod-cand-1703-hg002-bjuice-v2-seqkitfix-20260815T080300Z	1x1	HG002-dhcejhqjtfa8my	E2:1x1	0.27	1.16	sentdhiomr2.hybrid-cli172i-finalize-2	1	1	0	91.3658	0.00361	0.10151755555555554	0.0014722222222222222
OBS02	E2	prod-cand-1703-hg002-bjuice-v2-seqkitfix-20260815T080300Z	1x1	HG002-dhcejhqjtfa8my	E2:1x1	0.27	1.16	sentdhiomr2.hybrid-cli172i-finalize-20	1	1	0	30.8035	0.001217	0.03422611111111111	0.0009361111111111112
OBS02	E2	prod-cand-1703-hg002-bjuice-v2-seqkitfix-20260815T080300Z	1x1	HG002-dhcejhqjtfa8my	E2:1x1	0.27	1.16	sentdhiomr2.hybrid-cli172i-finalize-21	1	1	0	32.4896	0.001284	0.03609955555555556	0.0
OBS02	E2	prod-cand-1703-hg002-bjuice-v2-seqkitfix-20260815T080300Z	1x1	HG002-dhcejhqjtfa8my	E2:1x1	0.27	1.16	sentdhiomr2.hybrid-cli172i-finalize-22	1	1	0	23.7049	0.000937	0.026338777777777777	0.0012638888888888888
OBS02	E2	prod-cand-1703-hg002-bjuice-v2-seqkitfix-20260815T080300Z	1x1	HG002-dhcejhqjtfa8my	E2:1x1	0.27	1.16	sentdhiomr2.hybrid-cli172i-finalize-23	1	1	0	30.1264	0.001262	0.033473777777777776	0.0008055555555555556
OBS02	E2	prod-cand-1703-hg002-bjuice-v2-seqkitfix-20260815T080300Z	1x1	HG002-dhcejhqjtfa8my	E2:1x1	0.27	1.16	sentdhiomr2.hybrid-cli172i-finalize-24	1	1	0	15.6576	0.000656	0.017397333333333334	0.00022500000000000002
OBS02	E2	prod-cand-1703-hg002-bjuice-v2-seqkitfix-20260815T080300Z	1x1	HG002-dhcejhqjtfa8my	E2:1x1	0.27	1.16	sentdhiomr2.hybrid-cli172i-finalize-25	1	1	0	10.8393	0.000428	0.012043666666666666	0.0
OBS02	E2	prod-cand-1703-hg002-bjuice-v2-seqkitfix-20260815T080300Z	1x1	HG002-dhcejhqjtfa8my	E2:1x1	0.27	1.16	sentdhiomr2.hybrid-cli172i-finalize-3	1	1	0	85.5774	0.003382	0.095086	0.001983333333333333
OBS02	E2	prod-cand-1703-hg002-bjuice-v2-seqkitfix-20260815T080300Z	1x1	HG002-dhcejhqjtfa8my	E2:1x1	0.27	1.16	sentdhiomr2.hybrid-cli172i-finalize-4	1	1	0	76.4341	0.00302	0.08492677777777778	0.004341666666666667
OBS02	E2	prod-cand-1703-hg002-bjuice-v2-seqkitfix-20260815T080300Z	1x1	HG002-dhcejhqjtfa8my	E2:1x1	0.27	1.16	sentdhiomr2.hybrid-cli172i-finalize-5	1	1	0	76.2166	0.003012	0.08468511111111111	0.004194444444444444
OBS02	E2	prod-cand-1703-hg002-bjuice-v2-seqkitfix-20260815T080300Z	1x1	HG002-dhcejhqjtfa8my	E2:1x1	0.27	1.16	sentdhiomr2.hybrid-cli172i-finalize-6	1	1	0	66.1205	0.002613	0.07346722222222223	0.009613888888888889
OBS02	E2	prod-cand-1703-hg002-bjuice-v2-seqkitfix-20260815T080300Z	1x1	HG002-dhcejhqjtfa8my	E2:1x1	0.27	1.16	sentdhiomr2.hybrid-cli172i-finalize-7	1	1	0	66.994	0.002647	0.07443777777777778	0.0064111111111111105
OBS02	E2	prod-cand-1703-hg002-bjuice-v2-seqkitfix-20260815T080300Z	1x1	HG002-dhcejhqjtfa8my	E2:1x1	0.27	1.16	sentdhiomr2.hybrid-cli172i-finalize-8	1	1	0	100.3458	0.002454	0.11149533333333334	0.012613888888888888
OBS02	E2	prod-cand-1703-hg002-bjuice-v2-seqkitfix-20260815T080300Z	1x1	HG002-dhcejhqjtfa8my	E2:1x1	0.27	1.16	sentdhiomr2.hybrid-cli172i-finalize-9	1	1	0	65.1015	0.001592	0.072335	0.008005555555555556
OBS02	E2	prod-cand-1703-hg002-bjuice-v2-seqkitfix-20260815T080300Z	1x1	HG002-dhcejhqjtfa8my	E2:1x1	0.27	1.16	sentdhiomr2.hybrid-cli172i-gather	1	1	0	86.3648	0.007238	0.19192177777777777	0.010572222222222222
OBS02	E2	prod-cand-1703-hg002-bjuice-v2-seqkitfix-20260815T080300Z	1x1	HG002-dhcejhqjtfa8my	E2:1x1	0.27	1.16	sentdhiomr2.inflection-analytical-ancillary	1	1	0	2.7321	0.003838	0.09714133333333333	5.277777777777778e-05
OBS02	E2	prod-cand-1703-hg002-bjuice-v2-seqkitfix-20260815T080300Z	1x1	HG002-dhcejhqjtfa8my	E2:1x1	0.27	1.16	sentdhiomr2.inflection-multiqc-stage	1	1	0	20.1904	0.00016	0.0056084444444444445	0.00415
OBS02	E2	prod-cand-1703-hg002-bjuice-v2-seqkitfix-20260815T080300Z	1x1	HG002-dhcejhqjtfa8my	E2:1x1	0.27	1.16	sentdhiomr2.inflection-multiqc	1	1	0	11.623	6.4e-05	0.003228611111111111	6.38888888888889e-05
OBS02	E2	prod-cand-1703-hg002-bjuice-v2-seqkitfix-20260815T080300Z	1x1	HG002-dhcejhqjtfa8my	E2:1x1	0.27	1.16	sentdhiomr2.mito	1	1	0	44.8282	0.060111	1.5938915555555557	0.0
OBS02	E2	prod-cand-1703-hg002-bjuice-v2-seqkitfix-20260815T080300Z	1x1	HG002-dhcejhqjtfa8my	E2:1x1	0.27	1.16	sentdhiomr2.normalize-smn12	1	1	0	0.2784	2e-06	7.733333333333333e-05	1.6666666666666667e-05
OBS02	E2	prod-cand-1703-hg002-bjuice-v2-seqkitfix-20260815T080300Z	1x1	HG002-dhcejhqjtfa8my	E2:1x1	0.27	1.16	sentdhiomr2.roh_upd	1	1	0	93.5532	0.126669	3.326336	0.02433888888888889
OBS02	E2	prod-cand-1703-hg002-bjuice-v2-seqkitfix-20260815T080300Z	1x1	HG002-dhcejhqjtfa8my	E2:1x1	0.27	1.16	sentdhiomr2.rsr-publish	1	1	0	1.1904	9e-06	0.00033066666666666666	6.111111111111111e-05
OBS02	E2	prod-cand-1703-hg002-bjuice-v2-seqkitfix-20260815T080300Z	1x1	HG002-dhcejhqjtfa8my	E2:1x1	0.27	1.16	sentdhiomr2.scope	1	1	0	0.6744	5e-06	0.00018733333333333332	0.0
OBS02	E2	prod-cand-1703-hg002-bjuice-v2-seqkitfix-20260815T080300Z	1x1	HG002-dhcejhqjtfa8my	E2:1x1	0.27	1.16	sentdhiomr2.segdup.CFH	1	1	0	305.0166	0.428514	10.845034666666667	0.02188888888888889
OBS02	E2	prod-cand-1703-hg002-bjuice-v2-seqkitfix-20260815T080300Z	1x1	HG002-dhcejhqjtfa8my	E2:1x1	0.27	1.16	sentdhiomr2.segdup.CYP11B1	1	1	0	96.0432	0.077752	3.4148693333333333	0.008444444444444444
OBS02	E2	prod-cand-1703-hg002-bjuice-v2-seqkitfix-20260815T080300Z	1x1	HG002-dhcejhqjtfa8my	E2:1x1	0.27	1.16	sentdhiomr2.segdup.CYP2A6	1	1	0	61.3291	0.083039	2.180590222222222	0.007188888888888889
OBS02	E2	prod-cand-1703-hg002-bjuice-v2-seqkitfix-20260815T080300Z	1x1	HG002-dhcejhqjtfa8my	E2:1x1	0.27	1.16	sentdhiomr2.segdup.CYP2B6	1	1	0	93.1802	0.126164	3.313073777777778	0.04395555555555556
OBS02	E2	prod-cand-1703-hg002-bjuice-v2-seqkitfix-20260815T080300Z	1x1	HG002-dhcejhqjtfa8my	E2:1x1	0.27	1.16	sentdhiomr2.segdup.CYP2D6	1	1	0	61.6244	0.083438	2.191089777777778	0.042322222222222226
OBS02	E2	prod-cand-1703-hg002-bjuice-v2-seqkitfix-20260815T080300Z	1x1	HG002-dhcejhqjtfa8my	E2:1x1	0.27	1.16	sentdhiomr2.segdup.GBA	1	1	0	165.141	0.232005	5.87168	0.013552777777777778
OBS02	E2	prod-cand-1703-hg002-bjuice-v2-seqkitfix-20260815T080300Z	1x1	HG002-dhcejhqjtfa8my	E2:1x1	0.27	1.16	sentdhiomr2.segdup.HBA	1	1	0	75.2954	0.097587	2.677169777777778	0.007816666666666666
OBS02	E2	prod-cand-1703-hg002-bjuice-v2-seqkitfix-20260815T080300Z	1x1	HG002-dhcejhqjtfa8my	E2:1x1	0.27	1.16	sentdhiomr2.segdup.IKBKG	1	1	0	76.2962	0.068077	2.712753777777778	0.03150833333333333
OBS02	E2	prod-cand-1703-hg002-bjuice-v2-seqkitfix-20260815T080300Z	1x1	HG002-dhcejhqjtfa8my	E2:1x1	0.27	1.16	sentdhiomr2.segdup.LPA	1	1	0	20.5331	0.028847	0.7300657777777778	0.006566666666666667
OBS02	E2	prod-cand-1703-hg002-bjuice-v2-seqkitfix-20260815T080300Z	1x1	HG002-dhcejhqjtfa8my	E2:1x1	0.27	1.16	sentdhiomr2.segdup.NCF1	1	1	0	97.8827	0.068743	3.4802737777777777	0.031072222222222223
OBS02	E2	prod-cand-1703-hg002-bjuice-v2-seqkitfix-20260815T080300Z	1x1	HG002-dhcejhqjtfa8my	E2:1x1	0.27	1.16	sentdhiomr2.segdup.OTOA	1	1	0	69.4587	0.061976	2.469642666666666	0.011177777777777778
OBS02	E2	prod-cand-1703-hg002-bjuice-v2-seqkitfix-20260815T080300Z	1x1	HG002-dhcejhqjtfa8my	E2:1x1	0.27	1.16	sentdhiomr2.segdup.PMS2	1	1	0	157.9961	0.221967	5.617639111111112	0.013605555555555555
OBS02	E2	prod-cand-1703-hg002-bjuice-v2-seqkitfix-20260815T080300Z	1x1	HG002-dhcejhqjtfa8my	E2:1x1	0.27	1.16	sentdhiomr2.segdup.RCCX	1	1	0	207.6051	0.291662	7.381514666666666	0.030708333333333334
OBS02	E2	prod-cand-1703-hg002-bjuice-v2-seqkitfix-20260815T080300Z	1x1	HG002-dhcejhqjtfa8my	E2:1x1	0.27	1.16	sentdhiomr2.segdup.RH	1	1	0	171.9603	0.241585	6.114144	0.013872222222222222
OBS02	E2	prod-cand-1703-hg002-bjuice-v2-seqkitfix-20260815T080300Z	1x1	HG002-dhcejhqjtfa8my	E2:1x1	0.27	1.16	sentdhiomr2.segdup.SBDS	1	1	0	118.2239	0.166091	4.203516444444444	0.028433333333333335
OBS02	E2	prod-cand-1703-hg002-bjuice-v2-seqkitfix-20260815T080300Z	1x1	HG002-dhcejhqjtfa8my	E2:1x1	0.27	1.16	sentdhiomr2.segdup.SMN1	1	1	0	130.1531	0.182851	4.627665777777778	0.01155
OBS02	E2	prod-cand-1703-hg002-bjuice-v2-seqkitfix-20260815T080300Z	1x1	HG002-dhcejhqjtfa8my	E2:1x1	0.27	1.16	sentdhiomr2.segdup.STRC	1	1	0	74.9956	0.060713	2.666510222222222	0.0077666666666666665
OBS02	E2	prod-cand-1703-hg002-bjuice-v2-seqkitfix-20260815T080300Z	1x1	HG002-dhcejhqjtfa8my	E2:1x1	0.27	1.16	sentdhiomr2.slim-longreadsv-normalize	1	1	0	4.9305	0.001653	0.04382666666666667	0.000925
OBS02	E2	prod-cand-1703-hg002-bjuice-v2-seqkitfix-20260815T080300Z	1x1	HG002-dhcejhqjtfa8my	E2:1x1	0.27	1.16	sentdhiomr2.slim-sniffles2-normalize	1	1	0	1.643	0.000551	0.014604444444444444	2.777777777777778e-06
OBS02	E2	prod-cand-1703-hg002-bjuice-v2-seqkitfix-20260815T080300Z	1x1	HG002-dhcejhqjtfa8my	E2:1x1	0.27	1.16	sentdhiomr2.slim-tag-cnv	1	1	0	10.1876	0.003578	0.09055644444444444	0.002525
OBS02	E2	prod-cand-1703-hg002-bjuice-v2-seqkitfix-20260815T080300Z	1x1	HG002-dhcejhqjtfa8my	E2:1x1	0.27	1.16	sentdhiomr2.slim-tag-sv	1	1	0	7.826	0.001584	0.06956444444444444	0.00175
OBS02	E2	prod-cand-1703-hg002-bjuice-v2-seqkitfix-20260815T080300Z	1x1	HG002-dhcejhqjtfa8my	E2:1x1	0.27	1.16	sentdhiomr2.slim-tiddit-normalize	1	1	0	2.2762	0.0004	0.020232888888888887	5.555555555555556e-06
OBS02	E2	prod-cand-1703-hg002-bjuice-v2-seqkitfix-20260815T080300Z	1x1	HG002-dhcejhqjtfa8my	E2:1x1	0.27	1.16	sentdhiomr2.slim-tiddit-repair	1	1	0	1.1224	0.000376	0.00997688888888889	2.777777777777778e-06
OBS02	E2	prod-cand-1703-hg002-bjuice-v2-seqkitfix-20260815T080300Z	1x1	HG002-dhcejhqjtfa8my	E2:1x1	0.27	1.16	sentdhiomr2.slim-trussv	1	1	0	4.3303	0.001466	0.03849155555555556	0.0
OBS02	E2	prod-cand-1703-hg002-bjuice-v2-seqkitfix-20260815T080300Z	1x1	HG002-dhcejhqjtfa8my	E2:1x1	0.27	1.16	sentdhiomr2.slim-truvari-aggregate	1	1	0	0.2857	2e-06	7.936111111111112e-05	0.0
OBS02	E2	prod-cand-1703-hg002-bjuice-v2-seqkitfix-20260815T080300Z	1x1	HG002-dhcejhqjtfa8my	E2:1x1	0.27	1.16	sentdhiomr2.slim-truvari-longreadsv	1	1	0	159.2274	0.035556	1.4153546666666665	0.03766111111111112
OBS02	E2	prod-cand-1703-hg002-bjuice-v2-seqkitfix-20260815T080300Z	1x1	HG002-dhcejhqjtfa8my	E2:1x1	0.27	1.16	sentdhiomr2.slim-truvari-sniffles2	1	1	0	159.7588	0.053556	1.4200782222222224	0.03755
OBS02	E2	prod-cand-1703-hg002-bjuice-v2-seqkitfix-20260815T080300Z	1x1	HG002-dhcejhqjtfa8my	E2:1x1	0.27	1.16	sentdhiomr2.slim-truvari-tagged_trussv	1	1	0	191.1812	0.067147	1.6993884444444443	0.04629166666666667
OBS02	E2	prod-cand-1703-hg002-bjuice-v2-seqkitfix-20260815T080300Z	1x1	HG002-dhcejhqjtfa8my	E2:1x1	0.27	1.16	sentdhiomr2.slim-truvari-tiddit	1	1	0	156.8082	0.050808	1.3938506666666666	0.03749722222222222
OBS02	E2	prod-cand-1703-hg002-bjuice-v2-seqkitfix-20260815T080300Z	1x1	HG002-dhcejhqjtfa8my	E2:1x1	0.27	1.16	sentdhiomr2.sniffles2	1	1	0	13.3806	0.017942	0.47575466666666666	1.1111111111111112e-05
OBS02	E2	prod-cand-1703-hg002-bjuice-v2-seqkitfix-20260815T080300Z	1x1	HG002-dhcejhqjtfa8my	E2:1x1	0.27	1.16	sentdhiomr2.sr-prepare	1	1	0	687.8137	1.304572	36.68339733333333	0.013336111111111111
OBS02	E2	prod-cand-1703-hg002-bjuice-v2-seqkitfix-20260815T080300Z	1x1	HG002-dhcejhqjtfa8my	E2:1x1	0.27	1.16	sentdhiomr2.terminal-hybrid-validate	1	1	0	112.7386	0.079176	4.008483555555555	0.050888888888888886
OBS02	E2	prod-cand-1703-hg002-bjuice-v2-seqkitfix-20260815T080300Z	1x1	HG002-dhcejhqjtfa8my	E2:1x1	0.27	1.16	sentdhiomr2.tiddit	1	1	0	148.9119	0.120544	5.294645333333333	1.388888888888889e-05
OBS02	E2	prod-cand-1703-hg002-bjuice-v2-seqkitfix-20260815T080300Z	1x1	HG002-dhcejhqjtfa8my	E2:1x1	0.27	1.16	sentdhiomr2.tiddit.sort	1	1	0	0.7362	0.000987	0.026175999999999998	0.0
OBS02	E2	prod-cand-1703-hg002-bjuice-v2-seqkitfix-20260815T080300Z	1x1	HG002-dhcejhqjtfa8my	E2:1x1	0.27	1.16	sentdhiomr2lr.na.alignstats	1	1	0	26.7431	0.001121	0.029714555555555553	0.011741666666666668
OBS02	E2	prod-cand-1703-hg002-bjuice-v2-seqkitfix-20260815T080300Z	1x1	HG002-dhcejhqjtfa8my	E2:1x1	0.27	1.16	sentdhiomr2lr.na.coverage_evenness_two	1	1	0	203.9802	0.03419	0.9065786666666666	0.6520055555555555
OBS02	E2	prod-cand-1703-hg002-bjuice-v2-seqkitfix-20260815T080300Z	1x1	HG002-dhcejhqjtfa8my	E2:1x1	0.27	1.16	sentdhiomr2lr.na.gatk_contam	1	1	0	2.1434	4.2e-05	0.0011907777777777778	0.0005916666666666667
OBS02	E2	prod-cand-1703-hg002-bjuice-v2-seqkitfix-20260815T080300Z	1x1	HG002-dhcejhqjtfa8my	E2:1x1	0.27	1.16	sentdhiomr2lr.na.goleft	1	1	0	1.1588	2.4e-05	0.0006437777777777778	2.777777777777778e-06
OBS02	E2	prod-cand-1703-hg002-bjuice-v2-seqkitfix-20260815T080300Z	1x1	HG002-dhcejhqjtfa8my	E2:1x1	0.27	1.16	sentdhiomr2lr.na.infer_sex_complement	1	1	0	0.6157	6e-06	0.00017102777777777778	8.333333333333334e-06
OBS02	E2	prod-cand-1703-hg002-bjuice-v2-seqkitfix-20260815T080300Z	1x1	HG002-dhcejhqjtfa8my	E2:1x1	0.27	1.16	sentdhiomr2lr.na.mosdepth	1	1	0	82.3686	0.003452	0.09152066666666667	0.02217777777777778
OBS02	E2	prod-cand-1703-hg002-bjuice-v2-seqkitfix-20260815T080300Z	1x1	HG002-dhcejhqjtfa8my	E2:1x1	0.27	1.16	sentdhiomr2lr.na.norm_cov_eveness	1	1	0	395.2425	0.016562	0.4391583333333333	0.0010277777777777778
OBS02	E2	prod-cand-1703-hg002-bjuice-v2-seqkitfix-20260815T080300Z	1x1	HG002-dhcejhqjtfa8my	E2:1x1	0.27	1.16	sentdhiomr2lr.na.p.ganon2_multiqc_log	1	1	0	0.0453	0.0	1.2583333333333334e-05	0.0
OBS02	E2	prod-cand-1703-hg002-bjuice-v2-seqkitfix-20260815T080300Z	1x1	HG002-dhcejhqjtfa8my	E2:1x1	0.27	1.16	sentdhiomr2lr.na.p.unmapped_metagenomics_ganon2_quick	1	1	0	19.5376	0.026199	0.6946702222222223	0.006380555555555555
OBS02	E2	prod-cand-1703-hg002-bjuice-v2-seqkitfix-20260815T080300Z	1x1	HG002-dhcejhqjtfa8my	E2:1x1	0.27	1.16	sentdhiomr2lr.na.samt	1	1	0	57.6808	0.002417	0.06408977777777777	0.02115
OBS02	E2	prod-cand-1703-hg002-bjuice-v2-seqkitfix-20260815T080300Z	1x1	HG002-dhcejhqjtfa8my	E2:1x1	0.27	1.16	sentdhiomr2lr.na.sex_complement_somalier_metrics	1	1	0	1.1765	2.3e-05	0.0006536111111111112	0.0
OBS02	E2	prod-cand-1703-hg002-bjuice-v2-seqkitfix-20260815T080300Z	1x1	HG002-dhcejhqjtfa8my	E2:1x1	0.27	1.16	sentdhiomr2lr.na.site_mix_contam	1	1	0	3.0434	3e-05	0.0008453888888888889	0.0006000000000000001
OBS02	E2	prod-cand-1703-hg002-bjuice-v2-seqkitfix-20260815T080300Z	1x1	HG002-dhcejhqjtfa8my	E2:1x1	0.27	1.16	sentdhiomr2lr.na.site_mix_contam_pileups	1	1	0	344.8939	0.013628	0.38321544444444444	0.09182777777777777
OBS02	E2	prod-cand-1703-hg002-bjuice-v2-seqkitfix-20260815T080300Z	1x1	HG002-dhcejhqjtfa8my	E2:1x1	0.27	1.16	sentdhiomr2rsr.na.alignstats	1	1	0	17.8785	0.000706	0.019864999999999997	0.007194444444444444
OBS02	E2	prod-cand-1703-hg002-bjuice-v2-seqkitfix-20260815T080300Z	1x1	HG002-dhcejhqjtfa8my	E2:1x1	0.27	1.16	sentdhiomr2rsr.na.coverage_evenness_two	1	1	0	195.6044	0.032786	0.8693528888888888	0.6319111111111111
OBS02	E2	prod-cand-1703-hg002-bjuice-v2-seqkitfix-20260815T080300Z	1x1	HG002-dhcejhqjtfa8my	E2:1x1	0.27	1.16	sentdhiomr2rsr.na.gatk_contam	1	1	0	5.0886	0.000111	0.0028269999999999997	0.0012111111111111112
OBS02	E2	prod-cand-1703-hg002-bjuice-v2-seqkitfix-20260815T080300Z	1x1	HG002-dhcejhqjtfa8my	E2:1x1	0.27	1.16	sentdhiomr2rsr.na.goleft	1	1	0	1.5401	1.9e-05	0.0008556111111111111	0.00017777777777777779
OBS02	E2	prod-cand-1703-hg002-bjuice-v2-seqkitfix-20260815T080300Z	1x1	HG002-dhcejhqjtfa8my	E2:1x1	0.27	1.16	sentdhiomr2rsr.na.infer_sex_complement	1	1	0	0.7061	7e-06	0.00019613888888888887	5.555555555555556e-06
OBS02	E2	prod-cand-1703-hg002-bjuice-v2-seqkitfix-20260815T080300Z	1x1	HG002-dhcejhqjtfa8my	E2:1x1	0.27	1.16	sentdhiomr2rsr.na.mosdepth	1	1	0	79.0964	0.003461	0.08788488888888889	0.020844444444444447
OBS02	E2	prod-cand-1703-hg002-bjuice-v2-seqkitfix-20260815T080300Z	1x1	HG002-dhcejhqjtfa8my	E2:1x1	0.27	1.16	sentdhiomr2rsr.na.norm_cov_eveness	1	1	0	429.2619	0.017988	0.47695766666666667	0.0009138888888888889
OBS02	E2	prod-cand-1703-hg002-bjuice-v2-seqkitfix-20260815T080300Z	1x1	HG002-dhcejhqjtfa8my	E2:1x1	0.27	1.16	sentdhiomr2rsr.na.p.ganon2_multiqc_log	1	1	0	0.2098	2e-06	5.8277777777777775e-05	0.0
OBS02	E2	prod-cand-1703-hg002-bjuice-v2-seqkitfix-20260815T080300Z	1x1	HG002-dhcejhqjtfa8my	E2:1x1	0.27	1.16	sentdhiomr2rsr.na.p.unmapped_metagenomics_ganon2_quick	1	1	0	29.193	0.023679	1.0379733333333334	0.0035
OBS02	E2	prod-cand-1703-hg002-bjuice-v2-seqkitfix-20260815T080300Z	1x1	HG002-dhcejhqjtfa8my	E2:1x1	0.27	1.16	sentdhiomr2rsr.na.samt	1	1	0	14.8312	0.000363	0.01647911111111111	5.555555555555556e-05
OBS02	E2	prod-cand-1703-hg002-bjuice-v2-seqkitfix-20260815T080300Z	1x1	HG002-dhcejhqjtfa8my	E2:1x1	0.27	1.16	sentdhiomr2rsr.na.sex_complement_somalier_metrics	1	1	0	0.5112	6e-06	0.000284	8.333333333333334e-06
OBS02	E2	prod-cand-1703-hg002-bjuice-v2-seqkitfix-20260815T080300Z	1x1	HG002-dhcejhqjtfa8my	E2:1x1	0.27	1.16	sentdhiomr2rsr.na.site_mix_contam	1	1	0	1.8243	2e-05	0.00050675	0.0002611111111111111
OBS02	E2	prod-cand-1703-hg002-bjuice-v2-seqkitfix-20260815T080300Z	1x1	HG002-dhcejhqjtfa8my	E2:1x1	0.27	1.16	sentdhiomr2rsr.na.site_mix_contam_pileups	1	1	0	53.1025	0.002098	0.05900277777777778	0.011333333333333332
OBS02	E2	prod-cand-1703-hg002-bjuice-v2-seqkitfix-20260815T080300Z	1x1	HG002-dhcejhqjtfa8my	E2:1x1	0.27	1.16	sentdhiomr2sr.smd.alignstats	1	1	0	31.8019	0.001257	0.03533544444444445	0.00823611111111111
OBS02	E2	prod-cand-1703-hg002-bjuice-v2-seqkitfix-20260815T080300Z	1x1	HG002-dhcejhqjtfa8my	E2:1x1	0.27	1.16	sentdhiomr2sr.smd.coverage_evenness_two	1	1	0	203.9906	0.034192	0.9066248888888889	0.6508861111111112
OBS02	E2	prod-cand-1703-hg002-bjuice-v2-seqkitfix-20260815T080300Z	1x1	HG002-dhcejhqjtfa8my	E2:1x1	0.27	1.16	sentdhiomr2sr.smd.gatk_contam	1	1	0	4.7972	0.000101	0.002665111111111111	0.0011444444444444445
OBS02	E2	prod-cand-1703-hg002-bjuice-v2-seqkitfix-20260815T080300Z	1x1	HG002-dhcejhqjtfa8my	E2:1x1	0.27	1.16	sentdhiomr2sr.smd.goleft	1	1	0	2.1031	4.2e-05	0.001168388888888889	0.0
OBS02	E2	prod-cand-1703-hg002-bjuice-v2-seqkitfix-20260815T080300Z	1x1	HG002-dhcejhqjtfa8my	E2:1x1	0.27	1.16	sentdhiomr2sr.smd.infer_sex_complement	1	1	0	0.7848	9e-06	0.000218	2.777777777777778e-06
OBS02	E2	prod-cand-1703-hg002-bjuice-v2-seqkitfix-20260815T080300Z	1x1	HG002-dhcejhqjtfa8my	E2:1x1	0.27	1.16	sentdhiomr2sr.smd.mosdepth	1	1	0	84.7381	0.003551	0.09415344444444444	0.02220277777777778
OBS02	E2	prod-cand-1703-hg002-bjuice-v2-seqkitfix-20260815T080300Z	1x1	HG002-dhcejhqjtfa8my	E2:1x1	0.27	1.16	sentdhiomr2sr.smd.norm_cov_eveness	1	1	0	394.1967	0.015576	0.4379963333333334	0.0015277777777777779
OBS02	E2	prod-cand-1703-hg002-bjuice-v2-seqkitfix-20260815T080300Z	1x1	HG002-dhcejhqjtfa8my	E2:1x1	0.27	1.16	sentdhiomr2sr.smd.p.ganon2_multiqc_log	1	0	1	0.084	0	0	0
OBS02	E2	prod-cand-1703-hg002-bjuice-v2-seqkitfix-20260815T080300Z	1x1	HG002-dhcejhqjtfa8my	E2:1x1	0.27	1.16	sentdhiomr2sr.smd.p.unmapped_metagenomics_ganon2_quick	1	1	0	60.5468	0.076559	2.152775111111111	0.005875
OBS02	E2	prod-cand-1703-hg002-bjuice-v2-seqkitfix-20260815T080300Z	1x1	HG002-dhcejhqjtfa8my	E2:1x1	0.27	1.16	sentdhiomr2sr.smd.samt	1	1	0	55.5571	0.002195	0.06173011111111111	0.020194444444444445
OBS02	E2	prod-cand-1703-hg002-bjuice-v2-seqkitfix-20260815T080300Z	1x1	HG002-dhcejhqjtfa8my	E2:1x1	0.27	1.16	sentdhiomr2sr.smd.sex_complement_somalier_metrics	1	1	0	0.918	1.8e-05	0.00051	0.0
OBS02	E2	prod-cand-1703-hg002-bjuice-v2-seqkitfix-20260815T080300Z	1x1	HG002-dhcejhqjtfa8my	E2:1x1	0.27	1.16	sentdhiomr2sr.smd.site_mix_contam	1	1	0	3.6439	2.2e-05	0.0010121944444444445	0.0005722222222222222
OBS02	E2	prod-cand-1703-hg002-bjuice-v2-seqkitfix-20260815T080300Z	1x1	HG002-dhcejhqjtfa8my	E2:1x1	0.27	1.16	sentdhiomr2sr.smd.site_mix_contam_pileups	1	1	0	110.7094	0.002801	0.12301044444444445	0.031625
OBS02	E2	prod-cand-1703-hg002-bjuice-v2-seqkitfix-20260815T080300Z	1x1	HG002-dhcejhqjtfa8my	E2:1x1	0.27	1.16	sentmm2ont.na.expansionhunter	1	1	0	1.6044	0.000162	0.007130666666666667	5.555555555555556e-06
OBS02	E2	prod-cand-1703-hg002-bjuice-v2-seqkitfix-20260815T080300Z	1x1	HG002-dhcejhqjtfa8my	E2:1x1	0.27	1.16	sentmm2ont.na.expansionhunter_json_to_tsv	1	1	0	0.496	5e-06	0.0001377777777777778	5.555555555555556e-06
OBS02	E2	prod-cand-1703-hg002-bjuice-v2-seqkitfix-20260815T080300Z	1x1	HG002-dhcejhqjtfa8my	E2:1x1	0.27	1.16	sentmm2ont.na.sentdhiomr2.altair-v1.1.parse_vcfeval_summary	1	1	0	6.4001	8.1e-05	0.0035556111111111114	0.00022222222222222223
OBS02	E2	prod-cand-1703-hg002-bjuice-v2-seqkitfix-20260815T080300Z	1x1	HG002-dhcejhqjtfa8my	E2:1x1	0.27	1.16	sentmm2ont.na.sentdhiomr2.altair-v1.1.rtg_vcfeval	1	1	0	38.3525	0.003367	0.17045555555555555	0.023541666666666666
OBS02	E2	prod-cand-1703-hg002-bjuice-v2-seqkitfix-20260815T080300Z	1x1	HG002-dhcejhqjtfa8my	E2:1x1	0.27	1.16	sentmm2ont.na.sentdhiomr2.bcfstat	1	1	0	8.1133	0.000297	0.013522166666666667	0.0023166666666666665
OBS02	E2	prod-cand-1703-hg002-bjuice-v2-seqkitfix-20260815T080300Z	1x1	HG002-dhcejhqjtfa8my	E2:1x1	0.27	1.16	sentmm2ont.na.sentdhiomr2.chr1.vep	1	1	0	304.0853	0.007667	0.33787255555555556	0.005761111111111111
OBS02	E2	prod-cand-1703-hg002-bjuice-v2-seqkitfix-20260815T080300Z	1x1	HG002-dhcejhqjtfa8my	E2:1x1	0.27	1.16	sentmm2ont.na.sentdhiomr2.chr1.vep_input	1	1	0	1.9183	1.9e-05	0.0005328611111111111	0.00030833333333333337
OBS02	E2	prod-cand-1703-hg002-bjuice-v2-seqkitfix-20260815T080300Z	1x1	HG002-dhcejhqjtfa8my	E2:1x1	0.27	1.16	sentmm2ont.na.sentdhiomr2.chr10.vep	1	1	0	244.4806	0.010733	0.2716451111111111	0.0021333333333333334
OBS02	E2	prod-cand-1703-hg002-bjuice-v2-seqkitfix-20260815T080300Z	1x1	HG002-dhcejhqjtfa8my	E2:1x1	0.27	1.16	sentmm2ont.na.sentdhiomr2.chr10.vep_input	1	1	0	1.4819	1.5e-05	0.0004116388888888889	0.00016388888888888887
OBS02	E2	prod-cand-1703-hg002-bjuice-v2-seqkitfix-20260815T080300Z	1x1	HG002-dhcejhqjtfa8my	E2:1x1	0.27	1.16	sentmm2ont.na.sentdhiomr2.chr11.vep	1	1	0	266.0905	0.011682	0.2956561111111111	0.00013055555555555555
OBS02	E2	prod-cand-1703-hg002-bjuice-v2-seqkitfix-20260815T080300Z	1x1	HG002-dhcejhqjtfa8my	E2:1x1	0.27	1.16	sentmm2ont.na.sentdhiomr2.chr11.vep_input	1	1	0	1.4026	1.4e-05	0.00038961111111111114	0.00016666666666666666
OBS02	E2	prod-cand-1703-hg002-bjuice-v2-seqkitfix-20260815T080300Z	1x1	HG002-dhcejhqjtfa8my	E2:1x1	0.27	1.16	sentmm2ont.na.sentdhiomr2.chr12.vep	1	1	0	218.5437	0.005273	0.24282633333333334	0.0030444444444444447
OBS02	E2	prod-cand-1703-hg002-bjuice-v2-seqkitfix-20260815T080300Z	1x1	HG002-dhcejhqjtfa8my	E2:1x1	0.27	1.16	sentmm2ont.na.sentdhiomr2.chr12.vep_input	1	1	0	1.3797	1.4e-05	0.00038324999999999996	0.00016388888888888887
OBS02	E2	prod-cand-1703-hg002-bjuice-v2-seqkitfix-20260815T080300Z	1x1	HG002-dhcejhqjtfa8my	E2:1x1	0.27	1.16	sentmm2ont.na.sentdhiomr2.chr13.vep	1	1	0	150.2809	0.003626	0.16697877777777778	0.004555555555555555
OBS02	E2	prod-cand-1703-hg002-bjuice-v2-seqkitfix-20260815T080300Z	1x1	HG002-dhcejhqjtfa8my	E2:1x1	0.27	1.16	sentmm2ont.na.sentdhiomr2.chr13.vep_input	1	1	0	1.2575	1.3e-05	0.00034930555555555556	0.0
OBS02	E2	prod-cand-1703-hg002-bjuice-v2-seqkitfix-20260815T080300Z	1x1	HG002-dhcejhqjtfa8my	E2:1x1	0.27	1.16	sentmm2ont.na.sentdhiomr2.chr14.vep	1	1	0	118.3096	0.002993	0.1314551111111111	0.0049972222222222215
OBS02	E2	prod-cand-1703-hg002-bjuice-v2-seqkitfix-20260815T080300Z	1x1	HG002-dhcejhqjtfa8my	E2:1x1	0.27	1.16	sentmm2ont.na.sentdhiomr2.chr14.vep_input	1	1	0	1.1665	1.2e-05	0.0003240277777777778	2.777777777777778e-06
OBS02	E2	prod-cand-1703-hg002-bjuice-v2-seqkitfix-20260815T080300Z	1x1	HG002-dhcejhqjtfa8my	E2:1x1	0.27	1.16	sentmm2ont.na.sentdhiomr2.chr15.vep	1	1	0	150.4519	0.006605	0.16716877777777778	0.0067
OBS02	E2	prod-cand-1703-hg002-bjuice-v2-seqkitfix-20260815T080300Z	1x1	HG002-dhcejhqjtfa8my	E2:1x1	0.27	1.16	sentmm2ont.na.sentdhiomr2.chr15.vep_input	1	1	0	1.1259	1.1e-05	0.00031275	5.555555555555556e-06
OBS02	E2	prod-cand-1703-hg002-bjuice-v2-seqkitfix-20260815T080300Z	1x1	HG002-dhcejhqjtfa8my	E2:1x1	0.27	1.16	sentmm2ont.na.sentdhiomr2.chr16.vep	1	1	0	150.1234	0.006591	0.16680377777777777	0.007147222222222222
OBS02	E2	prod-cand-1703-hg002-bjuice-v2-seqkitfix-20260815T080300Z	1x1	HG002-dhcejhqjtfa8my	E2:1x1	0.27	1.16	sentmm2ont.na.sentdhiomr2.chr16.vep_input	1	1	0	1.2299	1.2e-05	0.0003416388888888889	5.555555555555556e-06
OBS02	E2	prod-cand-1703-hg002-bjuice-v2-seqkitfix-20260815T080300Z	1x1	HG002-dhcejhqjtfa8my	E2:1x1	0.27	1.16	sentmm2ont.na.sentdhiomr2.chr17.vep	1	1	0	152.8975	0.006713	0.16988611111111113	0.008277777777777778
OBS02	E2	prod-cand-1703-hg002-bjuice-v2-seqkitfix-20260815T080300Z	1x1	HG002-dhcejhqjtfa8my	E2:1x1	0.27	1.16	sentmm2ont.na.sentdhiomr2.chr17.vep_input	1	1	0	1.4925	1e-05	0.0004145833333333333	0.00010555555555555555
OBS02	E2	prod-cand-1703-hg002-bjuice-v2-seqkitfix-20260815T080300Z	1x1	HG002-dhcejhqjtfa8my	E2:1x1	0.27	1.16	sentmm2ont.na.sentdhiomr2.chr18.vep	1	1	0	130.7406	0.00574	0.14526733333333333	0.0026555555555555555
OBS02	E2	prod-cand-1703-hg002-bjuice-v2-seqkitfix-20260815T080300Z	1x1	HG002-dhcejhqjtfa8my	E2:1x1	0.27	1.16	sentmm2ont.na.sentdhiomr2.chr18.vep_input	1	1	0	1.0585	7e-06	0.00029402777777777777	2.2222222222222223e-05
OBS02	E2	prod-cand-1703-hg002-bjuice-v2-seqkitfix-20260815T080300Z	1x1	HG002-dhcejhqjtfa8my	E2:1x1	0.27	1.16	sentmm2ont.na.sentdhiomr2.chr19.vep	1	1	0	94.7813	0.003839	0.10531255555555556	0.0019222222222222223
OBS02	E2	prod-cand-1703-hg002-bjuice-v2-seqkitfix-20260815T080300Z	1x1	HG002-dhcejhqjtfa8my	E2:1x1	0.27	1.16	sentmm2ont.na.sentdhiomr2.chr19.vep_input	1	1	0	1.442	9e-06	0.00040055555555555553	0.00011111111111111112
OBS02	E2	prod-cand-1703-hg002-bjuice-v2-seqkitfix-20260815T080300Z	1x1	HG002-dhcejhqjtfa8my	E2:1x1	0.27	1.16	sentmm2ont.na.sentdhiomr2.chr2.vep	1	1	0	264.3998	0.011608	0.29377755555555557	0.002577777777777778
OBS02	E2	prod-cand-1703-hg002-bjuice-v2-seqkitfix-20260815T080300Z	1x1	HG002-dhcejhqjtfa8my	E2:1x1	0.27	1.16	sentmm2ont.na.sentdhiomr2.chr2.vep_input	1	1	0	2.0941	2.1e-05	0.0005816944444444445	0.00028333333333333335
OBS02	E2	prod-cand-1703-hg002-bjuice-v2-seqkitfix-20260815T080300Z	1x1	HG002-dhcejhqjtfa8my	E2:1x1	0.27	1.16	sentmm2ont.na.sentdhiomr2.chr20.vep	1	1	0	116.4938	0.005114	0.12943755555555556	0.003955555555555556
OBS02	E2	prod-cand-1703-hg002-bjuice-v2-seqkitfix-20260815T080300Z	1x1	HG002-dhcejhqjtfa8my	E2:1x1	0.27	1.16	sentmm2ont.na.sentdhiomr2.chr20.vep_input	1	1	0	1.4301	9e-06	0.00039725	0.00013055555555555555
OBS02	E2	prod-cand-1703-hg002-bjuice-v2-seqkitfix-20260815T080300Z	1x1	HG002-dhcejhqjtfa8my	E2:1x1	0.27	1.16	sentmm2ont.na.sentdhiomr2.chr21.vep	1	1	0	107.3625	0.004714	0.11929166666666666	0.006161111111111111
OBS02	E2	prod-cand-1703-hg002-bjuice-v2-seqkitfix-20260815T080300Z	1x1	HG002-dhcejhqjtfa8my	E2:1x1	0.27	1.16	sentmm2ont.na.sentdhiomr2.chr21.vep_input	1	1	0	1.0661	1.1e-05	0.0002961388888888889	0.0
OBS02	E2	prod-cand-1703-hg002-bjuice-v2-seqkitfix-20260815T080300Z	1x1	HG002-dhcejhqjtfa8my	E2:1x1	0.27	1.16	sentmm2ont.na.sentdhiomr2.chr22.vep	1	1	0	91.082	0.003999	0.10120222222222222	0.006322222222222223
OBS02	E2	prod-cand-1703-hg002-bjuice-v2-seqkitfix-20260815T080300Z	1x1	HG002-dhcejhqjtfa8my	E2:1x1	0.27	1.16	sentmm2ont.na.sentdhiomr2.chr22.vep_input	1	1	0	0.9119	9e-06	0.00025330555555555555	1.9444444444444445e-05
OBS02	E2	prod-cand-1703-hg002-bjuice-v2-seqkitfix-20260815T080300Z	1x1	HG002-dhcejhqjtfa8my	E2:1x1	0.27	1.16	sentmm2ont.na.sentdhiomr2.chr3.vep	1	1	0	257.2728	0.010886	0.2858586666666667	0.004091666666666667
OBS02	E2	prod-cand-1703-hg002-bjuice-v2-seqkitfix-20260815T080300Z	1x1	HG002-dhcejhqjtfa8my	E2:1x1	0.27	1.16	sentmm2ont.na.sentdhiomr2.chr3.vep_input	1	1	0	1.8623	1.3e-05	0.0005173055555555556	0.0002916666666666667
OBS02	E2	prod-cand-1703-hg002-bjuice-v2-seqkitfix-20260815T080300Z	1x1	HG002-dhcejhqjtfa8my	E2:1x1	0.27	1.16	sentmm2ont.na.sentdhiomr2.chr4.vep	1	1	0	243.9523	0.00988	0.2710581111111111	0.0027805555555555556
OBS02	E2	prod-cand-1703-hg002-bjuice-v2-seqkitfix-20260815T080300Z	1x1	HG002-dhcejhqjtfa8my	E2:1x1	0.27	1.16	sentmm2ont.na.sentdhiomr2.chr4.vep_input	1	1	0	2.0014	1.4e-05	0.0005559444444444444	0.00030000000000000003
OBS02	E2	prod-cand-1703-hg002-bjuice-v2-seqkitfix-20260815T080300Z	1x1	HG002-dhcejhqjtfa8my	E2:1x1	0.27	1.16	sentmm2ont.na.sentdhiomr2.chr5.vep	1	1	0	208.1981	0.00914	0.23133122222222224	0.004163888888888889
OBS02	E2	prod-cand-1703-hg002-bjuice-v2-seqkitfix-20260815T080300Z	1x1	HG002-dhcejhqjtfa8my	E2:1x1	0.27	1.16	sentmm2ont.na.sentdhiomr2.chr5.vep_input	1	1	0	2.2904	1.4e-05	0.0006362222222222223	8.333333333333334e-06
OBS02	E2	prod-cand-1703-hg002-bjuice-v2-seqkitfix-20260815T080300Z	1x1	HG002-dhcejhqjtfa8my	E2:1x1	0.27	1.16	sentmm2ont.na.sentdhiomr2.chr6.vep	1	1	0	293.0108	0.012864	0.32556755555555555	0.00515
OBS02	E2	prod-cand-1703-hg002-bjuice-v2-seqkitfix-20260815T080300Z	1x1	HG002-dhcejhqjtfa8my	E2:1x1	0.27	1.16	sentmm2ont.na.sentdhiomr2.chr6.vep_input	1	1	0	1.8991	1.2e-05	0.0005275277777777778	0.0001361111111111111
OBS02	E2	prod-cand-1703-hg002-bjuice-v2-seqkitfix-20260815T080300Z	1x1	HG002-dhcejhqjtfa8my	E2:1x1	0.27	1.16	sentmm2ont.na.sentdhiomr2.chr7.vep	1	1	0	259.7342	0.011403	0.28859355555555555	0.00022222222222222223
OBS02	E2	prod-cand-1703-hg002-bjuice-v2-seqkitfix-20260815T080300Z	1x1	HG002-dhcejhqjtfa8my	E2:1x1	0.27	1.16	sentmm2ont.na.sentdhiomr2.chr7.vep_input	1	1	0	1.8412	1.9e-05	0.0005114444444444445	0.0
OBS02	E2	prod-cand-1703-hg002-bjuice-v2-seqkitfix-20260815T080300Z	1x1	HG002-dhcejhqjtfa8my	E2:1x1	0.27	1.16	sentmm2ont.na.sentdhiomr2.chr8.vep	1	1	0	277.8678	0.012199	0.30874199999999996	0.005430555555555556
OBS02	E2	prod-cand-1703-hg002-bjuice-v2-seqkitfix-20260815T080300Z	1x1	HG002-dhcejhqjtfa8my	E2:1x1	0.27	1.16	sentmm2ont.na.sentdhiomr2.chr8.vep_input	1	1	0	1.4365	1.5e-05	0.0003990277777777778	0.00016666666666666666
OBS02	E2	prod-cand-1703-hg002-bjuice-v2-seqkitfix-20260815T080300Z	1x1	HG002-dhcejhqjtfa8my	E2:1x1	0.27	1.16	sentmm2ont.na.sentdhiomr2.chr9.vep	1	1	0	212.8821	0.009346	0.23653566666666667	0.005730555555555556
OBS02	E2	prod-cand-1703-hg002-bjuice-v2-seqkitfix-20260815T080300Z	1x1	HG002-dhcejhqjtfa8my	E2:1x1	0.27	1.16	sentmm2ont.na.sentdhiomr2.chr9.vep_input	1	1	0	1.3469	1.4e-05	0.00037413888888888886	0.00016388888888888887
OBS02	E2	prod-cand-1703-hg002-bjuice-v2-seqkitfix-20260815T080300Z	1x1	HG002-dhcejhqjtfa8my	E2:1x1	0.27	1.16	sentmm2ont.na.sentdhiomr2.chrM.vep	1	1	0	1.1521	5.1e-05	0.001280111111111111	0.00011944444444444444
OBS02	E2	prod-cand-1703-hg002-bjuice-v2-seqkitfix-20260815T080300Z	1x1	HG002-dhcejhqjtfa8my	E2:1x1	0.27	1.16	sentmm2ont.na.sentdhiomr2.chrM.vep_input	1	1	0	0.6335	6e-06	0.00017597222222222222	0.0
OBS02	E2	prod-cand-1703-hg002-bjuice-v2-seqkitfix-20260815T080300Z	1x1	HG002-dhcejhqjtfa8my	E2:1x1	0.27	1.16	sentmm2ont.na.sentdhiomr2.chrX.vep	1	1	0	61.6985	0.002709	0.06855388888888889	0.00365
OBS02	E2	prod-cand-1703-hg002-bjuice-v2-seqkitfix-20260815T080300Z	1x1	HG002-dhcejhqjtfa8my	E2:1x1	0.27	1.16	sentmm2ont.na.sentdhiomr2.chrX.vep_input	1	1	0	1.2052	1.2e-05	0.0003347777777777778	5.555555555555556e-06
OBS02	E2	prod-cand-1703-hg002-bjuice-v2-seqkitfix-20260815T080300Z	1x1	HG002-dhcejhqjtfa8my	E2:1x1	0.27	1.16	sentmm2ont.na.sentdhiomr2.chrY.vep	1	1	0	8.0036	0.000351	0.00889288888888889	0.0017027777777777777
OBS02	E2	prod-cand-1703-hg002-bjuice-v2-seqkitfix-20260815T080300Z	1x1	HG002-dhcejhqjtfa8my	E2:1x1	0.27	1.16	sentmm2ont.na.sentdhiomr2.chrY.vep_input	1	1	0	0.7026	7e-06	0.00019516666666666668	1.9444444444444445e-05
OBS02	E2	prod-cand-1703-hg002-bjuice-v2-seqkitfix-20260815T080300Z	1x1	HG002-dhcejhqjtfa8my	E2:1x1	0.27	1.16	sentmm2ont.na.sentdhiomr2.cli-gvcf.altair-v1.1.parse_vcfeval_summary	1	1	0	8.1029	0.000164	0.004501611111111111	0.0002861111111111111
OBS02	E2	prod-cand-1703-hg002-bjuice-v2-seqkitfix-20260815T080300Z	1x1	HG002-dhcejhqjtfa8my	E2:1x1	0.27	1.16	sentmm2ont.na.sentdhiomr2.cli-gvcf.altair-v1.1.rtg_vcfeval	1	1	0	470.4226	0.076212	2.090767111111111	0.30561944444444444
OBS02	E2	prod-cand-1703-hg002-bjuice-v2-seqkitfix-20260815T080300Z	1x1	HG002-dhcejhqjtfa8my	E2:1x1	0.27	1.16	sentmm2ont.na.sentdhiomr2.cli-gvcf.clinvar_genes.parse_vcfeval_summary	1	1	0	8.8344	0.000194	0.004908	0.00023333333333333333
OBS02	E2	prod-cand-1703-hg002-bjuice-v2-seqkitfix-20260815T080300Z	1x1	HG002-dhcejhqjtfa8my	E2:1x1	0.27	1.16	sentmm2ont.na.sentdhiomr2.cli-gvcf.clinvar_genes.rtg_vcfeval	1	1	0	468.0562	0.075828	2.0802497777777775	0.3029777777777778
OBS02	E2	prod-cand-1703-hg002-bjuice-v2-seqkitfix-20260815T080300Z	1x1	HG002-dhcejhqjtfa8my	E2:1x1	0.27	1.16	sentmm2ont.na.sentdhiomr2.cli-gvcf.concordance	1	1	0	0.488	4.3e-05	0.0010844444444444445	5.555555555555556e-06
OBS02	E2	prod-cand-1703-hg002-bjuice-v2-seqkitfix-20260815T080300Z	1x1	HG002-dhcejhqjtfa8my	E2:1x1	0.27	1.16	sentmm2ont.na.sentdhiomr2.cli-gvcf.giabHC.parse_vcfeval_summary	1	1	0	54.6026	0.001199	0.03033477777777778	0.001063888888888889
OBS02	E2	prod-cand-1703-hg002-bjuice-v2-seqkitfix-20260815T080300Z	1x1	HG002-dhcejhqjtfa8my	E2:1x1	0.27	1.16	sentmm2ont.na.sentdhiomr2.cli-gvcf.giabHC.rtg_vcfeval	1	1	0	467.9364	0.079197	2.0797173333333334	0.3210388888888889
OBS02	E2	prod-cand-1703-hg002-bjuice-v2-seqkitfix-20260815T080300Z	1x1	HG002-dhcejhqjtfa8my	E2:1x1	0.27	1.16	sentmm2ont.na.sentdhiomr2.cli-gvcf.giabHC_x_clinvar_genes.parse_vcfeval_summary	1	1	0	7.7086	0.000169	0.004282555555555555	0.00021666666666666668
OBS02	E2	prod-cand-1703-hg002-bjuice-v2-seqkitfix-20260815T080300Z	1x1	HG002-dhcejhqjtfa8my	E2:1x1	0.27	1.16	sentmm2ont.na.sentdhiomr2.cli-gvcf.giabHC_x_clinvar_genes.rtg_vcfeval	1	1	0	469.2024	0.079411	2.085344	0.3075416666666667
OBS02	E2	prod-cand-1703-hg002-bjuice-v2-seqkitfix-20260815T080300Z	1x1	HG002-dhcejhqjtfa8my	E2:1x1	0.27	1.16	sentmm2ont.na.sentdhiomr2.cli-gvcf.giabHC_x_ultima.parse_vcfeval_summary	1	1	0	52.0113	0.001142	0.028895166666666666	0.0013222222222222222
OBS02	E2	prod-cand-1703-hg002-bjuice-v2-seqkitfix-20260815T080300Z	1x1	HG002-dhcejhqjtfa8my	E2:1x1	0.27	1.16	sentmm2ont.na.sentdhiomr2.cli-gvcf.giabHC_x_ultima.rtg_vcfeval	1	1	0	632.7036	0.11111	2.8120160000000003	0.4356472222222222
OBS02	E2	prod-cand-1703-hg002-bjuice-v2-seqkitfix-20260815T080300Z	1x1	HG002-dhcejhqjtfa8my	E2:1x1	0.27	1.16	sentmm2ont.na.sentdhiomr2.cli-gvcf.giabHC_x_ultima_x_clinvar.parse_vcfeval_summary	1	1	0	7.8538	0.000172	0.004363222222222222	0.00019444444444444443
OBS02	E2	prod-cand-1703-hg002-bjuice-v2-seqkitfix-20260815T080300Z	1x1	HG002-dhcejhqjtfa8my	E2:1x1	0.27	1.16	sentmm2ont.na.sentdhiomr2.cli-gvcf.giabHC_x_ultima_x_clinvar.rtg_vcfeval	1	1	0	472.5139	0.047816	2.1000617777777775	0.31976111111111116
OBS02	E2	prod-cand-1703-hg002-bjuice-v2-seqkitfix-20260815T080300Z	1x1	HG002-dhcejhqjtfa8my	E2:1x1	0.27	1.16	sentmm2ont.na.sentdhiomr2.cli-gvcf.giabHCv5q.parse_vcfeval_summary	1	1	0	50.7406	0.001114	0.028189222222222223	0.00115
OBS02	E2	prod-cand-1703-hg002-bjuice-v2-seqkitfix-20260815T080300Z	1x1	HG002-dhcejhqjtfa8my	E2:1x1	0.27	1.16	sentmm2ont.na.sentdhiomr2.cli-gvcf.giabHCv5q.rtg_vcfeval	1	1	0	898.4556	0.152062	3.993136	0.5715333333333333
OBS02	E2	prod-cand-1703-hg002-bjuice-v2-seqkitfix-20260815T080300Z	1x1	HG002-dhcejhqjtfa8my	E2:1x1	0.27	1.16	sentmm2ont.na.sentdhiomr2.cli-gvcf.hg38.parse_vcfeval_summary	1	1	0	63.4289	0.001392	0.03523827777777778	0.0016333333333333332
OBS02	E2	prod-cand-1703-hg002-bjuice-v2-seqkitfix-20260815T080300Z	1x1	HG002-dhcejhqjtfa8my	E2:1x1	0.27	1.16	sentmm2ont.na.sentdhiomr2.cli-gvcf.hg38.rtg_vcfeval	1	1	0	482.6328	0.081684	2.1450346666666666	0.33635833333333337
OBS02	E2	prod-cand-1703-hg002-bjuice-v2-seqkitfix-20260815T080300Z	1x1	HG002-dhcejhqjtfa8my	E2:1x1	0.27	1.16	sentmm2ont.na.sentdhiomr2.cli-gvcf.hg38_m_giabHC.parse_vcfeval_summary	1	1	0	10.4811	0.000133	0.0058228333333333335	0.00011388888888888888
OBS02	E2	prod-cand-1703-hg002-bjuice-v2-seqkitfix-20260815T080300Z	1x1	HG002-dhcejhqjtfa8my	E2:1x1	0.27	1.16	sentmm2ont.na.sentdhiomr2.cli-gvcf.hg38_m_giabHC.rtg_vcfeval	1	1	0	485.8649	0.082232	2.1593995555555554	0.319975
OBS02	E2	prod-cand-1703-hg002-bjuice-v2-seqkitfix-20260815T080300Z	1x1	HG002-dhcejhqjtfa8my	E2:1x1	0.27	1.16	sentmm2ont.na.sentdhiomr2.cli-gvcf.ultima.parse_vcfeval_summary	1	1	0	45.9072	0.00093	0.025504000000000002	0.0
OBS02	E2	prod-cand-1703-hg002-bjuice-v2-seqkitfix-20260815T080300Z	1x1	HG002-dhcejhqjtfa8my	E2:1x1	0.27	1.16	sentmm2ont.na.sentdhiomr2.cli-gvcf.ultima.rtg_vcfeval	1	1	0	479.168	0.048489	2.1296355555555557	0.33590555555555557
OBS02	E2	prod-cand-1703-hg002-bjuice-v2-seqkitfix-20260815T080300Z	1x1	HG002-dhcejhqjtfa8my	E2:1x1	0.27	1.16	sentmm2ont.na.sentdhiomr2.clinvar_genes.parse_vcfeval_summary	1	1	0	6.6073	0.000134	0.0036707222222222224	0.00019722222222222222
OBS02	E2	prod-cand-1703-hg002-bjuice-v2-seqkitfix-20260815T080300Z	1x1	HG002-dhcejhqjtfa8my	E2:1x1	0.27	1.16	sentmm2ont.na.sentdhiomr2.clinvar_genes.rtg_vcfeval	1	1	0	41.8282	0.007345	0.18590311111111113	0.024244444444444443
OBS02	E2	prod-cand-1703-hg002-bjuice-v2-seqkitfix-20260815T080300Z	1x1	HG002-dhcejhqjtfa8my	E2:1x1	0.27	1.16	sentmm2ont.na.sentdhiomr2.concordance	1	1	0	0.4457	3.9e-05	0.0009904444444444444	5.555555555555556e-06
OBS02	E2	prod-cand-1703-hg002-bjuice-v2-seqkitfix-20260815T080300Z	1x1	HG002-dhcejhqjtfa8my	E2:1x1	0.27	1.16	sentmm2ont.na.sentdhiomr2.giabHC.parse_vcfeval_summary	1	1	0	36.5143	0.000772	0.020285722222222222	0.002102777777777778
OBS02	E2	prod-cand-1703-hg002-bjuice-v2-seqkitfix-20260815T080300Z	1x1	HG002-dhcejhqjtfa8my	E2:1x1	0.27	1.16	sentmm2ont.na.sentdhiomr2.giabHC.rtg_vcfeval	1	1	0	46.5653	0.008177	0.20695688888888888	0.028069444444444442
OBS02	E2	prod-cand-1703-hg002-bjuice-v2-seqkitfix-20260815T080300Z	1x1	HG002-dhcejhqjtfa8my	E2:1x1	0.27	1.16	sentmm2ont.na.sentdhiomr2.giabHC_x_clinvar_genes.parse_vcfeval_summary	1	1	0	7.1358	0.000157	0.003964333333333334	0.00022222222222222223
OBS02	E2	prod-cand-1703-hg002-bjuice-v2-seqkitfix-20260815T080300Z	1x1	HG002-dhcejhqjtfa8my	E2:1x1	0.27	1.16	sentmm2ont.na.sentdhiomr2.giabHC_x_clinvar_genes.rtg_vcfeval	1	1	0	41.9366	0.007365	0.18638488888888888	0.023450000000000002
OBS02	E2	prod-cand-1703-hg002-bjuice-v2-seqkitfix-20260815T080300Z	1x1	HG002-dhcejhqjtfa8my	E2:1x1	0.27	1.16	sentmm2ont.na.sentdhiomr2.giabHC_x_ultima.parse_vcfeval_summary	1	1	0	48.1845	0.001058	0.026769166666666667	0.0020055555555555556
OBS02	E2	prod-cand-1703-hg002-bjuice-v2-seqkitfix-20260815T080300Z	1x1	HG002-dhcejhqjtfa8my	E2:1x1	0.27	1.16	sentmm2ont.na.sentdhiomr2.giabHC_x_ultima.rtg_vcfeval	1	1	0	41.6317	0.006745	0.1850297777777778	0.024966666666666665
OBS02	E2	prod-cand-1703-hg002-bjuice-v2-seqkitfix-20260815T080300Z	1x1	HG002-dhcejhqjtfa8my	E2:1x1	0.27	1.16	sentmm2ont.na.sentdhiomr2.giabHC_x_ultima_x_clinvar.parse_vcfeval_summary	1	1	0	7.2841	0.00016	0.004046722222222222	0.00020555555555555556
OBS02	E2	prod-cand-1703-hg002-bjuice-v2-seqkitfix-20260815T080300Z	1x1	HG002-dhcejhqjtfa8my	E2:1x1	0.27	1.16	sentmm2ont.na.sentdhiomr2.giabHC_x_ultima_x_clinvar.rtg_vcfeval	1	1	0	38.0362	0.006162	0.16904977777777777	0.022880555555555557
OBS02	E2	prod-cand-1703-hg002-bjuice-v2-seqkitfix-20260815T080300Z	1x1	HG002-dhcejhqjtfa8my	E2:1x1	0.27	1.16	sentmm2ont.na.sentdhiomr2.giabHCv5q.parse_vcfeval_summary	1	1	0	43.7177	0.00096	0.02428761111111111	0.0012861111111111111
OBS02	E2	prod-cand-1703-hg002-bjuice-v2-seqkitfix-20260815T080300Z	1x1	HG002-dhcejhqjtfa8my	E2:1x1	0.27	1.16	sentmm2ont.na.sentdhiomr2.giabHCv5q.rtg_vcfeval	1	1	0	983.2181	0.172664	4.369858222222223	0.3450611111111111
OBS02	E2	prod-cand-1703-hg002-bjuice-v2-seqkitfix-20260815T080300Z	1x1	HG002-dhcejhqjtfa8my	E2:1x1	0.27	1.16	sentmm2ont.na.sentdhiomr2.hg38.parse_vcfeval_summary	1	1	0	44.8667	0.000568	0.024925944444444445	0.0018694444444444446
OBS02	E2	prod-cand-1703-hg002-bjuice-v2-seqkitfix-20260815T080300Z	1x1	HG002-dhcejhqjtfa8my	E2:1x1	0.27	1.16	sentmm2ont.na.sentdhiomr2.hg38.rtg_vcfeval	1	1	0	49.6491	0.008719	0.22066266666666665	0.024669444444444445
OBS02	E2	prod-cand-1703-hg002-bjuice-v2-seqkitfix-20260815T080300Z	1x1	HG002-dhcejhqjtfa8my	E2:1x1	0.27	1.16	sentmm2ont.na.sentdhiomr2.hg38_m_giabHC.parse_vcfeval_summary	1	1	0	8.6667	0.000121	0.004814833333333333	0.0001277777777777778
OBS02	E2	prod-cand-1703-hg002-bjuice-v2-seqkitfix-20260815T080300Z	1x1	HG002-dhcejhqjtfa8my	E2:1x1	0.27	1.16	sentmm2ont.na.sentdhiomr2.hg38_m_giabHC.rtg_vcfeval	1	1	0	42.3383	0.007435	0.1881702222222222	0.023147222222222222
OBS02	E2	prod-cand-1703-hg002-bjuice-v2-seqkitfix-20260815T080300Z	1x1	HG002-dhcejhqjtfa8my	E2:1x1	0.27	1.16	sentmm2ont.na.sentdhiomr2.peddy	1	1	0	16.0894	0.000706	0.01787711111111111	0.0012694444444444446
OBS02	E2	prod-cand-1703-hg002-bjuice-v2-seqkitfix-20260815T080300Z	1x1	HG002-dhcejhqjtfa8my	E2:1x1	0.27	1.16	sentmm2ont.na.sentdhiomr2.rtgvcfstats	1	1	0	9.5719	0.000105	0.005317722222222222	0.002875
OBS02	E2	prod-cand-1703-hg002-bjuice-v2-seqkitfix-20260815T080300Z	1x1	HG002-dhcejhqjtfa8my	E2:1x1	0.27	1.16	sentmm2ont.na.sentdhiomr2.ultima.parse_vcfeval_summary	1	1	0	41.3581	0.000838	0.02297672222222222	0.0012666666666666666
OBS02	E2	prod-cand-1703-hg002-bjuice-v2-seqkitfix-20260815T080300Z	1x1	HG002-dhcejhqjtfa8my	E2:1x1	0.27	1.16	sentmm2ont.na.sentdhiomr2.ultima.rtg_vcfeval	1	1	0	45.4123	0.003987	0.20183244444444445	0.02252222222222222
OBS02	E2	prod-cand-1703-hg002-bjuice-v2-seqkitfix-20260815T080300Z	1x1	HG002-dhcejhqjtfa8my	E2:1x1	0.27	1.16	sentmm2ont.na.sentdhiomr2.vep_concat	1	1	0	28.9496	0.001385	0.06433244444444444	0.015219444444444443
OBS02	E2	prod-cand-1703-hg002-bjuice-v2-seqkitfix-20260815T080300Z	1x1	HG002-dhcejhqjtfa8my	E2:1x1	0.27	1.16	sentmm2ont.na.sentdhiomr2.vep_concat_fofn	1	1	0	0.1914	2e-06	5.316666666666666e-05	0.0
OBS02	E2	prod-cand-1703-hg002-bjuice-v2-seqkitfix-20260815T080300Z	1x1	HG002-dhcejhqjtfa8my	E2:1x1	0.27	1.16	sentmm2ont.na.sentdhiomr2.vep_validate_input_contigs	1	1	0	0.6973	6e-06	0.00019369444444444444	0.0
OBS02	E2	prod-cand-1703-hg002-bjuice-v2-seqkitfix-20260815T080300Z	1x1	HG002-dhcejhqjtfa8my	E2:1x1	0.27	1.16	seqfu	1	1	0	942.889	0.055887	1.5714816666666667	0.888675
OBS02	E2	prod-cand-1703-hg002-bjuice-v2-seqkitfix-20260815T080300Z	1x1	HG002-dhcejhqjtfa8my	E2:1x1	0.27	1.16	snv_vcf.vcf-sv-stats	1	1	0	88.5577	0.001793	0.04919872222222222	0.020597222222222225
OBS02	E2	prod-cand-1703-hg002-bjuice-v2-seqkitfix-20260815T080300Z	1x1	HG002-dhcejhqjtfa8my	E2:1x1	0.27	1.16	source_reheadered_cnvscope_vcf.vcf-sv-stats	1	1	0	2.7743	5.5e-05	0.001541277777777778	0.00016388888888888887
OBS02	E2	prod-cand-1703-hg002-bjuice-v2-seqkitfix-20260815T080300Z	1x1	HG002-dhcejhqjtfa8my	E2:1x1	0.27	1.16	synthetic_smn_vcf.vcf-sv-stats	1	1	0	0.9273	2e-05	0.0005151666666666667	2.2222222222222223e-05
OBS02	E2	prod-cand-1703-hg002-bjuice-v2-seqkitfix-20260815T080300Z	1x1	HG002-dhcejhqjtfa8my	E2:1x1	0.27	1.16	tagged_cnv_vcf.vcf-sv-stats	1	1	0	2.8674	6.3e-05	0.001593	0.00019722222222222222
OBS02	E2	prod-cand-1703-hg002-bjuice-v2-seqkitfix-20260815T080300Z	1x1	HG002-dhcejhqjtfa8my	E2:1x1	0.27	1.16	tagged_sv_vcf.vcf-sv-stats	1	1	0	1.1633	2.6e-05	0.0006462777777777777	0.00014166666666666668
OBS02	E2	prod-cand-1703-hg002-bjuice-v2-seqkitfix-20260815T080300Z	1x1	HG002-dhcejhqjtfa8my	E2:1x1	0.27	1.16	untagged_trussv_vcf.vcf-sv-stats	1	1	0	1.2921	1.6e-05	0.0007178333333333333	0.00015000000000000001
OBS03	E2	prod-cand-1703-hg002-bjuice-v2-seqkitfix-20260815T080300Z	3x3	HG002-pw12ff0qe3akkp	E2:3x3	1.01	2.96	expansionhunter_vcf.vcf-sv-stats	1	1	0	0.8203	1e-05	0.0004557222222222222	4.4444444444444447e-05
OBS03	E2	prod-cand-1703-hg002-bjuice-v2-seqkitfix-20260815T080300Z	3x3	HG002-pw12ff0qe3akkp	E2:3x3	1.01	2.96	fastqc	1	1	0	674.952	0.075323	2.9997866666666666	0.21878333333333333
OBS03	E2	prod-cand-1703-hg002-bjuice-v2-seqkitfix-20260815T080300Z	3x3	HG002-pw12ff0qe3akkp	E2:3x3	1.01	2.96	mitochondrial_vcf.vcf-sv-stats	1	1	0	1.1483	2.5e-05	0.0006379444444444445	8.61111111111111e-05
OBS03	E2	prod-cand-1703-hg002-bjuice-v2-seqkitfix-20260815T080300Z	3x3	HG002-pw12ff0qe3akkp	E2:3x3	1.01	2.96	normalized_longreadsv_vcf.vcf-sv-stats	1	1	0	3.4879	4.9e-05	0.0019377222222222222	0.00018611111111111112
OBS03	E2	prod-cand-1703-hg002-bjuice-v2-seqkitfix-20260815T080300Z	3x3	HG002-pw12ff0qe3akkp	E2:3x3	1.01	2.96	normalized_sniffles2_vcf.vcf-sv-stats	1	1	0	2.6074	5.2e-05	0.0014485555555555556	9.999999999999999e-05
OBS03	E2	prod-cand-1703-hg002-bjuice-v2-seqkitfix-20260815T080300Z	3x3	HG002-pw12ff0qe3akkp	E2:3x3	1.01	2.96	normalized_tiddit_vcf.vcf-sv-stats	1	1	0	2.111	4.6e-05	0.0011727777777777778	7.500000000000001e-05
OBS03	E2	prod-cand-1703-hg002-bjuice-v2-seqkitfix-20260815T080300Z	3x3	HG002-pw12ff0qe3akkp	E2:3x3	1.01	2.96	segdup_CFH_vcf.vcf-sv-stats	1	1	0	0.779	1.6e-05	0.0004327777777777778	3.611111111111111e-05
OBS03	E2	prod-cand-1703-hg002-bjuice-v2-seqkitfix-20260815T080300Z	3x3	HG002-pw12ff0qe3akkp	E2:3x3	1.01	2.96	segdup_CYP11B1_vcf.vcf-sv-stats	1	1	0	0.8851	1.9e-05	0.0004917222222222222	2.777777777777778e-05
OBS03	E2	prod-cand-1703-hg002-bjuice-v2-seqkitfix-20260815T080300Z	3x3	HG002-pw12ff0qe3akkp	E2:3x3	1.01	2.96	segdup_CYP2A6_vcf.vcf-sv-stats	1	1	0	0.8872	1.9e-05	0.0004928888888888888	2.777777777777778e-05
OBS03	E2	prod-cand-1703-hg002-bjuice-v2-seqkitfix-20260815T080300Z	3x3	HG002-pw12ff0qe3akkp	E2:3x3	1.01	2.96	segdup_CYP2B6_vcf.vcf-sv-stats	1	1	0	0.8852	1.9e-05	0.0004917777777777777	3.0555555555555554e-05
OBS03	E2	prod-cand-1703-hg002-bjuice-v2-seqkitfix-20260815T080300Z	3x3	HG002-pw12ff0qe3akkp	E2:3x3	1.01	2.96	segdup_CYP2D6_vcf.vcf-sv-stats	1	1	0	0.7793	1e-05	0.00043294444444444446	3.611111111111111e-05
OBS03	E2	prod-cand-1703-hg002-bjuice-v2-seqkitfix-20260815T080300Z	3x3	HG002-pw12ff0qe3akkp	E2:3x3	1.01	2.96	segdup_GBA1_vcf.vcf-sv-stats	1	1	0	1.1923	2.6e-05	0.0006623888888888888	9.166666666666667e-05
OBS03	E2	prod-cand-1703-hg002-bjuice-v2-seqkitfix-20260815T080300Z	3x3	HG002-pw12ff0qe3akkp	E2:3x3	1.01	2.96	segdup_HBA_vcf.vcf-sv-stats	1	1	0	0.8503	1.7e-05	0.00047238888888888884	3.888888888888889e-05
OBS03	E2	prod-cand-1703-hg002-bjuice-v2-seqkitfix-20260815T080300Z	3x3	HG002-pw12ff0qe3akkp	E2:3x3	1.01	2.96	segdup_NCF1_vcf.vcf-sv-stats	1	1	0	1.0678	2.3e-05	0.0005932222222222223	2.4999999999999998e-05
OBS03	E2	prod-cand-1703-hg002-bjuice-v2-seqkitfix-20260815T080300Z	3x3	HG002-pw12ff0qe3akkp	E2:3x3	1.01	2.96	segdup_OTOA_vcf.vcf-sv-stats	1	1	0	0.783	1.6e-05	0.000435	3.611111111111111e-05
OBS03	E2	prod-cand-1703-hg002-bjuice-v2-seqkitfix-20260815T080300Z	3x3	HG002-pw12ff0qe3akkp	E2:3x3	1.01	2.96	segdup_PMS2_vcf.vcf-sv-stats	1	1	0	0.9116	2e-05	0.0005064444444444445	2.4999999999999998e-05
OBS03	E2	prod-cand-1703-hg002-bjuice-v2-seqkitfix-20260815T080300Z	3x3	HG002-pw12ff0qe3akkp	E2:3x3	1.01	2.96	segdup_RCCX1_vcf.vcf-sv-stats	1	1	0	0.9139	2e-05	0.0005077222222222222	2.2222222222222223e-05
OBS03	E2	prod-cand-1703-hg002-bjuice-v2-seqkitfix-20260815T080300Z	3x3	HG002-pw12ff0qe3akkp	E2:3x3	1.01	2.96	segdup_RHD_vcf.vcf-sv-stats	1	1	0	0.8823	1.9e-05	0.0004901666666666666	2.777777777777778e-05
OBS03	E2	prod-cand-1703-hg002-bjuice-v2-seqkitfix-20260815T080300Z	3x3	HG002-pw12ff0qe3akkp	E2:3x3	1.01	2.96	segdup_SBDS_vcf.vcf-sv-stats	1	1	0	0.9021	2e-05	0.0005011666666666667	2.4999999999999998e-05
OBS03	E2	prod-cand-1703-hg002-bjuice-v2-seqkitfix-20260815T080300Z	3x3	HG002-pw12ff0qe3akkp	E2:3x3	1.01	2.96	segdup_SMN1_vcf.vcf-sv-stats	1	1	0	0.8665	1.1e-05	0.0004813888888888889	3.3333333333333335e-05
OBS03	E2	prod-cand-1703-hg002-bjuice-v2-seqkitfix-20260815T080300Z	3x3	HG002-pw12ff0qe3akkp	E2:3x3	1.01	2.96	segdup_STRC_vcf.vcf-sv-stats	1	1	0	2.0729	2.9e-05	0.0011516111111111113	6.111111111111111e-05
OBS03	E2	prod-cand-1703-hg002-bjuice-v2-seqkitfix-20260815T080300Z	3x3	HG002-pw12ff0qe3akkp	E2:3x3	1.01	2.96	sentdhiomr2.command-manifest	1	1	0	0.5933	0.000833	0.021095111111111113	5.555555555555556e-06
OBS03	E2	prod-cand-1703-hg002-bjuice-v2-seqkitfix-20260815T080300Z	3x3	HG002-pw12ff0qe3akkp	E2:3x3	1.01	2.96	sentdhiomr2.five-chromosome-hard-vcf	1	1	0	69.462	0.097586	2.46976	0.012666666666666666
OBS03	E2	prod-cand-1703-hg002-bjuice-v2-seqkitfix-20260815T080300Z	3x3	HG002-pw12ff0qe3akkp	E2:3x3	1.01	2.96	sentdhiomr2.hybrid-cli172i-core	1	1	0	3487.5529	4.409882	124.00188088888889	0.0007944444444444444
OBS03	E2	prod-cand-1703-hg002-bjuice-v2-seqkitfix-20260815T080300Z	3x3	HG002-pw12ff0qe3akkp	E2:3x3	1.01	2.96	sentdhiomr2.hybrid-cli172i-finalize-1	1	1	0	297.5121	0.013018	0.33056899999999995	0.013333333333333334
OBS03	E2	prod-cand-1703-hg002-bjuice-v2-seqkitfix-20260815T080300Z	3x3	HG002-pw12ff0qe3akkp	E2:3x3	1.01	2.96	sentdhiomr2.hybrid-cli172i-finalize-10	1	1	0	184.4101	0.008069	0.20490011111111112	0.004327777777777778
OBS03	E2	prod-cand-1703-hg002-bjuice-v2-seqkitfix-20260815T080300Z	3x3	HG002-pw12ff0qe3akkp	E2:3x3	1.01	2.96	sentdhiomr2.hybrid-cli172i-finalize-11	1	1	0	137.6842	0.005483	0.15298244444444445	0.007027777777777778
OBS03	E2	prod-cand-1703-hg002-bjuice-v2-seqkitfix-20260815T080300Z	3x3	HG002-pw12ff0qe3akkp	E2:3x3	1.01	2.96	sentdhiomr2.hybrid-cli172i-finalize-12	1	1	0	148.5184	0.005914	0.16502044444444447	0.003988888888888889
OBS03	E2	prod-cand-1703-hg002-bjuice-v2-seqkitfix-20260815T080300Z	3x3	HG002-pw12ff0qe3akkp	E2:3x3	1.01	2.96	sentdhiomr2.hybrid-cli172i-finalize-13	1	1	0	128.3983	0.005618	0.14266477777777778	0.0009722222222222222
OBS03	E2	prod-cand-1703-hg002-bjuice-v2-seqkitfix-20260815T080300Z	3x3	HG002-pw12ff0qe3akkp	E2:3x3	1.01	2.96	sentdhiomr2.hybrid-cli172i-finalize-14	1	1	0	95.2877	0.003993	0.10587522222222222	0.017133333333333334
OBS03	E2	prod-cand-1703-hg002-bjuice-v2-seqkitfix-20260815T080300Z	3x3	HG002-pw12ff0qe3akkp	E2:3x3	1.01	2.96	sentdhiomr2.hybrid-cli172i-finalize-15	1	1	0	92.6344	0.003882	0.10292711111111111	0.0001388888888888889
OBS03	E2	prod-cand-1703-hg002-bjuice-v2-seqkitfix-20260815T080300Z	3x3	HG002-pw12ff0qe3akkp	E2:3x3	1.01	2.96	sentdhiomr2.hybrid-cli172i-finalize-16	1	1	0	126.6625	0.005542	0.14073611111111112	0.00034722222222222224
OBS03	E2	prod-cand-1703-hg002-bjuice-v2-seqkitfix-20260815T080300Z	3x3	HG002-pw12ff0qe3akkp	E2:3x3	1.01	2.96	sentdhiomr2.hybrid-cli172i-finalize-17	1	1	0	93.7858	0.003735	0.10420644444444443	0.016766666666666666
OBS03	E2	prod-cand-1703-hg002-bjuice-v2-seqkitfix-20260815T080300Z	3x3	HG002-pw12ff0qe3akkp	E2:3x3	1.01	2.96	sentdhiomr2.hybrid-cli172i-finalize-18	1	1	0	107.799	0.004717	0.11977666666666667	0.004841666666666667
OBS03	E2	prod-cand-1703-hg002-bjuice-v2-seqkitfix-20260815T080300Z	3x3	HG002-pw12ff0qe3akkp	E2:3x3	1.01	2.96	sentdhiomr2.hybrid-cli172i-finalize-19	1	1	0	72.9826	0.002906	0.08109177777777778	0.006061111111111111
OBS03	E2	prod-cand-1703-hg002-bjuice-v2-seqkitfix-20260815T080300Z	3x3	HG002-pw12ff0qe3akkp	E2:3x3	1.01	2.96	sentdhiomr2.hybrid-cli172i-finalize-2	1	1	0	296.8694	0.012989	0.32985488888888886	0.013574999999999999
OBS03	E2	prod-cand-1703-hg002-bjuice-v2-seqkitfix-20260815T080300Z	3x3	HG002-pw12ff0qe3akkp	E2:3x3	1.01	2.96	sentdhiomr2.hybrid-cli172i-finalize-20	1	1	0	76.1216	0.00319	0.08457955555555556	0.004075
OBS03	E2	prod-cand-1703-hg002-bjuice-v2-seqkitfix-20260815T080300Z	3x3	HG002-pw12ff0qe3akkp	E2:3x3	1.01	2.96	sentdhiomr2.hybrid-cli172i-finalize-21	1	1	0	55.2538	0.002315	0.06139311111111111	0.007116666666666667
OBS03	E2	prod-cand-1703-hg002-bjuice-v2-seqkitfix-20260815T080300Z	3x3	HG002-pw12ff0qe3akkp	E2:3x3	1.01	2.96	sentdhiomr2.hybrid-cli172i-finalize-22	1	1	0	70.1116	0.003068	0.07790177777777778	0.005849999999999999
OBS03	E2	prod-cand-1703-hg002-bjuice-v2-seqkitfix-20260815T080300Z	3x3	HG002-pw12ff0qe3akkp	E2:3x3	1.01	2.96	sentdhiomr2.hybrid-cli172i-finalize-23	1	1	0	91.897	0.004021	0.10210777777777778	0.0009666666666666667
OBS03	E2	prod-cand-1703-hg002-bjuice-v2-seqkitfix-20260815T080300Z	3x3	HG002-pw12ff0qe3akkp	E2:3x3	1.01	2.96	sentdhiomr2.hybrid-cli172i-finalize-24	1	1	0	25.6788	0.001023	0.028532	0.0008777777777777778
OBS03	E2	prod-cand-1703-hg002-bjuice-v2-seqkitfix-20260815T080300Z	3x3	HG002-pw12ff0qe3akkp	E2:3x3	1.01	2.96	sentdhiomr2.hybrid-cli172i-finalize-25	1	1	0	12.8666	0.000539	0.014296222222222222	0.0
OBS03	E2	prod-cand-1703-hg002-bjuice-v2-seqkitfix-20260815T080300Z	3x3	HG002-pw12ff0qe3akkp	E2:3x3	1.01	2.96	sentdhiomr2.hybrid-cli172i-finalize-3	1	1	0	200.4934	0.008401	0.22277044444444447	0.009761111111111111
OBS03	E2	prod-cand-1703-hg002-bjuice-v2-seqkitfix-20260815T080300Z	3x3	HG002-pw12ff0qe3akkp	E2:3x3	1.01	2.96	sentdhiomr2.hybrid-cli172i-finalize-4	1	1	0	178.4034	0.00498	0.198226	0.006897222222222222
OBS03	E2	prod-cand-1703-hg002-bjuice-v2-seqkitfix-20260815T080300Z	3x3	HG002-pw12ff0qe3akkp	E2:3x3	1.01	2.96	sentdhiomr2.hybrid-cli172i-finalize-5	1	1	0	227.1285	0.009938	0.252365	0.012019444444444445
OBS03	E2	prod-cand-1703-hg002-bjuice-v2-seqkitfix-20260815T080300Z	3x3	HG002-pw12ff0qe3akkp	E2:3x3	1.01	2.96	sentdhiomr2.hybrid-cli172i-finalize-6	1	1	0	175.8269	0.007001	0.19536322222222222	0.006786111111111111
OBS03	E2	prod-cand-1703-hg002-bjuice-v2-seqkitfix-20260815T080300Z	3x3	HG002-pw12ff0qe3akkp	E2:3x3	1.01	2.96	sentdhiomr2.hybrid-cli172i-finalize-7	1	1	0	152.0058	0.00637	0.16889533333333331	0.0044555555555555555
OBS03	E2	prod-cand-1703-hg002-bjuice-v2-seqkitfix-20260815T080300Z	3x3	HG002-pw12ff0qe3akkp	E2:3x3	1.01	2.96	sentdhiomr2.hybrid-cli172i-finalize-8	1	1	0	151.7189	0.006358	0.16857655555555554	0.0037305555555555555
OBS03	E2	prod-cand-1703-hg002-bjuice-v2-seqkitfix-20260815T080300Z	3x3	HG002-pw12ff0qe3akkp	E2:3x3	1.01	2.96	sentdhiomr2.hybrid-cli172i-finalize-9	1	1	0	124.1139	0.005201	0.13790433333333332	0.0017944444444444444
OBS03	E2	prod-cand-1703-hg002-bjuice-v2-seqkitfix-20260815T080300Z	3x3	HG002-pw12ff0qe3akkp	E2:3x3	1.01	2.96	sentdhiomr2.hybrid-cli172i-gather	1	1	0	191.3812	0.015503	0.4252915555555556	0.022552777777777776
OBS03	E2	prod-cand-1703-hg002-bjuice-v2-seqkitfix-20260815T080300Z	3x3	HG002-pw12ff0qe3akkp	E2:3x3	1.01	2.96	sentdhiomr2.inflection-analytical-ancillary	1	1	0	1.5901	0.001287	0.05653688888888889	2.2222222222222223e-05
OBS03	E2	prod-cand-1703-hg002-bjuice-v2-seqkitfix-20260815T080300Z	3x3	HG002-pw12ff0qe3akkp	E2:3x3	1.01	2.96	sentdhiomr2.inflection-multiqc-stage	1	1	0	38.5702	0.000305	0.010713944444444444	0.004094444444444445
OBS03	E2	prod-cand-1703-hg002-bjuice-v2-seqkitfix-20260815T080300Z	3x3	HG002-pw12ff0qe3akkp	E2:3x3	1.01	2.96	sentdhiomr2.inflection-multiqc	1	1	0	23.5056	0.000129	0.006529333333333334	0.0035416666666666665
OBS03	E2	prod-cand-1703-hg002-bjuice-v2-seqkitfix-20260815T080300Z	3x3	HG002-pw12ff0qe3akkp	E2:3x3	1.01	2.96	sentdhiomr2.mito	1	1	0	45.0824	0.033051	1.6029297777777778	0.0
OBS03	E2	prod-cand-1703-hg002-bjuice-v2-seqkitfix-20260815T080300Z	3x3	HG002-pw12ff0qe3akkp	E2:3x3	1.01	2.96	sentdhiomr2.normalize-smn12	1	1	0	0.1474	1e-06	4.094444444444444e-05	0.0
OBS03	E2	prod-cand-1703-hg002-bjuice-v2-seqkitfix-20260815T080300Z	3x3	HG002-pw12ff0qe3akkp	E2:3x3	1.01	2.96	sentdhiomr2.roh_upd	1	1	0	216.5902	0.175342	7.70098488888889	0.05767222222222222
OBS03	E2	prod-cand-1703-hg002-bjuice-v2-seqkitfix-20260815T080300Z	3x3	HG002-pw12ff0qe3akkp	E2:3x3	1.01	2.96	sentdhiomr2.rsr-publish	1	1	0	6.7767	5.4e-05	0.0018824166666666666	0.00021666666666666668
OBS03	E2	prod-cand-1703-hg002-bjuice-v2-seqkitfix-20260815T080300Z	3x3	HG002-pw12ff0qe3akkp	E2:3x3	1.01	2.96	sentdhiomr2.scope	1	1	0	0.8103	6e-06	0.00022508333333333335	0.0
OBS03	E2	prod-cand-1703-hg002-bjuice-v2-seqkitfix-20260815T080300Z	3x3	HG002-pw12ff0qe3akkp	E2:3x3	1.01	2.96	sentdhiomr2.segdup.CFH	1	1	0	223.5965	0.314128	7.950097777777778	0.028399999999999998
OBS03	E2	prod-cand-1703-hg002-bjuice-v2-seqkitfix-20260815T080300Z	3x3	HG002-pw12ff0qe3akkp	E2:3x3	1.01	2.96	sentdhiomr2.segdup.CYP11B1	1	1	0	105.7635	0.143202	3.76048	0.0277
OBS03	E2	prod-cand-1703-hg002-bjuice-v2-seqkitfix-20260815T080300Z	3x3	HG002-pw12ff0qe3akkp	E2:3x3	1.01	2.96	sentdhiomr2.segdup.CYP2A6	1	1	0	81.7361	0.11483	2.906172444444444	0.010280555555555555
OBS03	E2	prod-cand-1703-hg002-bjuice-v2-seqkitfix-20260815T080300Z	3x3	HG002-pw12ff0qe3akkp	E2:3x3	1.01	2.96	sentdhiomr2.segdup.CYP2B6	1	1	0	131.0741	0.177472	4.660412444444444	0.014299999999999998
OBS03	E2	prod-cand-1703-hg002-bjuice-v2-seqkitfix-20260815T080300Z	3x3	HG002-pw12ff0qe3akkp	E2:3x3	1.01	2.96	sentdhiomr2.segdup.CYP2D6	1	1	0	68.4959	0.123323	2.435409777777778	0.009422222222222222
OBS03	E2	prod-cand-1703-hg002-bjuice-v2-seqkitfix-20260815T080300Z	3x3	HG002-pw12ff0qe3akkp	E2:3x3	1.01	2.96	sentdhiomr2.segdup.GBA	1	1	0	201.5129	0.283103	7.164903111111111	0.02094722222222222
OBS03	E2	prod-cand-1703-hg002-bjuice-v2-seqkitfix-20260815T080300Z	3x3	HG002-pw12ff0qe3akkp	E2:3x3	1.01	2.96	sentdhiomr2.segdup.HBA	1	1	0	82.5206	0.087632	2.9340657777777777	0.014775
OBS03	E2	prod-cand-1703-hg002-bjuice-v2-seqkitfix-20260815T080300Z	3x3	HG002-pw12ff0qe3akkp	E2:3x3	1.01	2.96	sentdhiomr2.segdup.IKBKG	1	1	0	90.2658	0.11699	3.2094506666666667	0.02568611111111111
OBS03	E2	prod-cand-1703-hg002-bjuice-v2-seqkitfix-20260815T080300Z	3x3	HG002-pw12ff0qe3akkp	E2:3x3	1.01	2.96	sentdhiomr2.segdup.LPA	1	1	0	28.8563	0.04054	1.026001777777778	0.10653055555555556
OBS03	E2	prod-cand-1703-hg002-bjuice-v2-seqkitfix-20260815T080300Z	3x3	HG002-pw12ff0qe3akkp	E2:3x3	1.01	2.96	sentdhiomr2.segdup.NCF1	1	1	0	105.4851	0.094122	3.7505813333333333	0.028230555555555554
OBS03	E2	prod-cand-1703-hg002-bjuice-v2-seqkitfix-20260815T080300Z	3x3	HG002-pw12ff0qe3akkp	E2:3x3	1.01	2.96	sentdhiomr2.segdup.OTOA	1	1	0	79.8275	0.098691	2.838311111111111	0.029719444444444444
OBS03	E2	prod-cand-1703-hg002-bjuice-v2-seqkitfix-20260815T080300Z	3x3	HG002-pw12ff0qe3akkp	E2:3x3	1.01	2.96	sentdhiomr2.segdup.PMS2	1	1	0	156.8268	0.220324	5.576064	0.011063888888888889
OBS03	E2	prod-cand-1703-hg002-bjuice-v2-seqkitfix-20260815T080300Z	3x3	HG002-pw12ff0qe3akkp	E2:3x3	1.01	2.96	sentdhiomr2.segdup.RCCX	1	1	0	177.6217	0.249539	6.315438222222222	0.02906388888888889
OBS03	E2	prod-cand-1703-hg002-bjuice-v2-seqkitfix-20260815T080300Z	3x3	HG002-pw12ff0qe3akkp	E2:3x3	1.01	2.96	sentdhiomr2.segdup.RH	1	1	0	213.7048	0.300232	7.598392888888889	0.02145277777777778
OBS03	E2	prod-cand-1703-hg002-bjuice-v2-seqkitfix-20260815T080300Z	3x3	HG002-pw12ff0qe3akkp	E2:3x3	1.01	2.96	sentdhiomr2.segdup.SBDS	1	1	0	110.4399	0.143136	3.926752	0.05572222222222222
OBS03	E2	prod-cand-1703-hg002-bjuice-v2-seqkitfix-20260815T080300Z	3x3	HG002-pw12ff0qe3akkp	E2:3x3	1.01	2.96	sentdhiomr2.segdup.SMN1	1	1	0	115.4983	0.103057	4.106606222222222	0.010672222222222222
OBS03	E2	prod-cand-1703-hg002-bjuice-v2-seqkitfix-20260815T080300Z	3x3	HG002-pw12ff0qe3akkp	E2:3x3	1.01	2.96	sentdhiomr2.segdup.STRC	1	1	0	81.0732	0.109772	2.8826026666666666	0.00983888888888889
OBS03	E2	prod-cand-1703-hg002-bjuice-v2-seqkitfix-20260815T080300Z	3x3	HG002-pw12ff0qe3akkp	E2:3x3	1.01	2.96	sentdhiomr2.slim-longreadsv-normalize	1	1	0	4.8036	0.001681	0.04269866666666667	5.555555555555556e-06
OBS03	E2	prod-cand-1703-hg002-bjuice-v2-seqkitfix-20260815T080300Z	3x3	HG002-pw12ff0qe3akkp	E2:3x3	1.01	2.96	sentdhiomr2.slim-sniffles2-normalize	1	1	0	1.4483	0.000486	0.012873777777777777	0.0009138888888888889
OBS03	E2	prod-cand-1703-hg002-bjuice-v2-seqkitfix-20260815T080300Z	3x3	HG002-pw12ff0qe3akkp	E2:3x3	1.01	2.96	sentdhiomr2.slim-tag-cnv	1	1	0	12.7752	0.00285	0.11355733333333333	0.0031444444444444445
OBS03	E2	prod-cand-1703-hg002-bjuice-v2-seqkitfix-20260815T080300Z	3x3	HG002-pw12ff0qe3akkp	E2:3x3	1.01	2.96	sentdhiomr2.slim-tag-sv	1	1	0	63.384	0.020537	0.5634133333333333	0.012361111111111111
OBS03	E2	prod-cand-1703-hg002-bjuice-v2-seqkitfix-20260815T080300Z	3x3	HG002-pw12ff0qe3akkp	E2:3x3	1.01	2.96	sentdhiomr2.slim-tiddit-normalize	1	1	0	1.0946	0.000371	0.009729777777777778	5.555555555555556e-06
OBS03	E2	prod-cand-1703-hg002-bjuice-v2-seqkitfix-20260815T080300Z	3x3	HG002-pw12ff0qe3akkp	E2:3x3	1.01	2.96	sentdhiomr2.slim-tiddit-repair	1	1	0	2.9633	0.001003	0.026340444444444444	0.00013333333333333334
OBS03	E2	prod-cand-1703-hg002-bjuice-v2-seqkitfix-20260815T080300Z	3x3	HG002-pw12ff0qe3akkp	E2:3x3	1.01	2.96	sentdhiomr2.slim-trussv	1	1	0	4.5251	0.001466	0.04022311111111111	0.00010277777777777778
OBS03	E2	prod-cand-1703-hg002-bjuice-v2-seqkitfix-20260815T080300Z	3x3	HG002-pw12ff0qe3akkp	E2:3x3	1.01	2.96	sentdhiomr2.slim-truvari-aggregate	1	1	0	1.5192	1.2e-05	0.000422	1.9444444444444445e-05
OBS03	E2	prod-cand-1703-hg002-bjuice-v2-seqkitfix-20260815T080300Z	3x3	HG002-pw12ff0qe3akkp	E2:3x3	1.01	2.96	sentdhiomr2.slim-truvari-longreadsv	1	1	0	166.4393	0.053929	1.4794604444444446	8.333333333333334e-06
OBS03	E2	prod-cand-1703-hg002-bjuice-v2-seqkitfix-20260815T080300Z	3x3	HG002-pw12ff0qe3akkp	E2:3x3	1.01	2.96	sentdhiomr2.slim-truvari-sniffles2	1	1	0	159.3316	0.053413	1.416280888888889	0.03831388888888889
OBS03	E2	prod-cand-1703-hg002-bjuice-v2-seqkitfix-20260815T080300Z	3x3	HG002-pw12ff0qe3akkp	E2:3x3	1.01	2.96	sentdhiomr2.slim-truvari-tagged_trussv	1	1	0	160.7026	0.054397	1.4284675555555555	0.037649999999999996
OBS03	E2	prod-cand-1703-hg002-bjuice-v2-seqkitfix-20260815T080300Z	3x3	HG002-pw12ff0qe3akkp	E2:3x3	1.01	2.96	sentdhiomr2.slim-truvari-tiddit	1	1	0	154.8598	0.034544	1.3765315555555555	0.03769722222222222
OBS03	E2	prod-cand-1703-hg002-bjuice-v2-seqkitfix-20260815T080300Z	3x3	HG002-pw12ff0qe3akkp	E2:3x3	1.01	2.96	sentdhiomr2.sniffles2	1	1	0	27.7392	0.035075	0.9862826666666666	0.0035583333333333335
OBS03	E2	prod-cand-1703-hg002-bjuice-v2-seqkitfix-20260815T080300Z	3x3	HG002-pw12ff0qe3akkp	E2:3x3	1.01	2.96	sentdhiomr2.sr-prepare	1	1	0	729.0328	1.382752	38.88174933333333	0.013175
OBS03	E2	prod-cand-1703-hg002-bjuice-v2-seqkitfix-20260815T080300Z	3x3	HG002-pw12ff0qe3akkp	E2:3x3	1.01	2.96	sentdhiomr2.terminal-hybrid-validate	1	1	0	253.578	0.205285	9.016106666666667	0.10589722222222223
OBS03	E2	prod-cand-1703-hg002-bjuice-v2-seqkitfix-20260815T080300Z	3x3	HG002-pw12ff0qe3akkp	E2:3x3	1.01	2.96	sentdhiomr2.tiddit	1	1	0	173.0405	0.155112	6.152551111111111	4.722222222222223e-05
OBS03	E2	prod-cand-1703-hg002-bjuice-v2-seqkitfix-20260815T080300Z	3x3	HG002-pw12ff0qe3akkp	E2:3x3	1.01	2.96	sentdhiomr2.tiddit.sort	1	1	0	0.6059	0.000772	0.02154311111111111	0.0
OBS03	E2	prod-cand-1703-hg002-bjuice-v2-seqkitfix-20260815T080300Z	3x3	HG002-pw12ff0qe3akkp	E2:3x3	1.01	2.96	sentdhiomr2lr.na.alignstats	1	1	0	50.1879	0.001983	0.05576433333333333	0.036075
OBS03	E2	prod-cand-1703-hg002-bjuice-v2-seqkitfix-20260815T080300Z	3x3	HG002-pw12ff0qe3akkp	E2:3x3	1.01	2.96	sentdhiomr2lr.na.coverage_evenness_two	1	1	0	209.9298	0.033181	0.9330213333333334	0.6479916666666666
OBS03	E2	prod-cand-1703-hg002-bjuice-v2-seqkitfix-20260815T080300Z	3x3	HG002-pw12ff0qe3akkp	E2:3x3	1.01	2.96	sentdhiomr2lr.na.gatk_contam	1	1	0	2.9094	5.7e-05	0.0016163333333333336	0.0012027777777777779
OBS03	E2	prod-cand-1703-hg002-bjuice-v2-seqkitfix-20260815T080300Z	3x3	HG002-pw12ff0qe3akkp	E2:3x3	1.01	2.96	sentdhiomr2lr.na.goleft	1	1	0	1.1277	2.4e-05	0.0006265	5.555555555555556e-06
OBS03	E2	prod-cand-1703-hg002-bjuice-v2-seqkitfix-20260815T080300Z	3x3	HG002-pw12ff0qe3akkp	E2:3x3	1.01	2.96	sentdhiomr2lr.na.infer_sex_complement	1	1	0	0.6177	4e-06	0.00017158333333333335	8.333333333333334e-06
OBS03	E2	prod-cand-1703-hg002-bjuice-v2-seqkitfix-20260815T080300Z	3x3	HG002-pw12ff0qe3akkp	E2:3x3	1.01	2.96	sentdhiomr2lr.na.mosdepth	1	1	0	90.6326	0.003581	0.10070288888888888	0.023608333333333332
OBS03	E2	prod-cand-1703-hg002-bjuice-v2-seqkitfix-20260815T080300Z	3x3	HG002-pw12ff0qe3akkp	E2:3x3	1.01	2.96	sentdhiomr2lr.na.norm_cov_eveness	1	1	0	379.0282	0.010575	0.4211424444444445	0.0015944444444444446
OBS03	E2	prod-cand-1703-hg002-bjuice-v2-seqkitfix-20260815T080300Z	3x3	HG002-pw12ff0qe3akkp	E2:3x3	1.01	2.96	sentdhiomr2lr.na.p.ganon2_multiqc_log	1	1	0	0.0505	0.0	1.4027777777777779e-05	0.0
OBS03	E2	prod-cand-1703-hg002-bjuice-v2-seqkitfix-20260815T080300Z	3x3	HG002-pw12ff0qe3akkp	E2:3x3	1.01	2.96	sentdhiomr2lr.na.p.unmapped_metagenomics_ganon2_quick	1	1	0	24.4828	0.03283	0.8704995555555556	0.0034694444444444447
OBS03	E2	prod-cand-1703-hg002-bjuice-v2-seqkitfix-20260815T080300Z	3x3	HG002-pw12ff0qe3akkp	E2:3x3	1.01	2.96	sentdhiomr2lr.na.samt	1	1	0	137.9207	0.00545	0.15324522222222223	0.0006305555555555555
OBS03	E2	prod-cand-1703-hg002-bjuice-v2-seqkitfix-20260815T080300Z	3x3	HG002-pw12ff0qe3akkp	E2:3x3	1.01	2.96	sentdhiomr2lr.na.sex_complement_somalier_metrics	1	1	0	1.037	1.3e-05	0.0005761111111111111	0.0
OBS03	E2	prod-cand-1703-hg002-bjuice-v2-seqkitfix-20260815T080300Z	3x3	HG002-pw12ff0qe3akkp	E2:3x3	1.01	2.96	sentdhiomr2lr.na.site_mix_contam	1	1	0	5.0623	5e-05	0.0014061944444444443	0.001125
OBS03	E2	prod-cand-1703-hg002-bjuice-v2-seqkitfix-20260815T080300Z	3x3	HG002-pw12ff0qe3akkp	E2:3x3	1.01	2.96	sentdhiomr2lr.na.site_mix_contam_pileups	1	1	0	601.673	0.025212	0.6685255555555556	0.16779444444444444
OBS03	E2	prod-cand-1703-hg002-bjuice-v2-seqkitfix-20260815T080300Z	3x3	HG002-pw12ff0qe3akkp	E2:3x3	1.01	2.96	sentdhiomr2rsr.na.alignstats	1	1	0	37.561	0.001649	0.04173444444444444	0.0073416666666666665
OBS03	E2	prod-cand-1703-hg002-bjuice-v2-seqkitfix-20260815T080300Z	3x3	HG002-pw12ff0qe3akkp	E2:3x3	1.01	2.96	sentdhiomr2rsr.na.coverage_evenness_two	1	1	0	197.8713	0.032057	0.879428	0.6371444444444444
OBS03	E2	prod-cand-1703-hg002-bjuice-v2-seqkitfix-20260815T080300Z	3x3	HG002-pw12ff0qe3akkp	E2:3x3	1.01	2.96	sentdhiomr2rsr.na.gatk_contam	1	1	0	5.024	0.00011	0.002791111111111111	0.0016194444444444444
OBS03	E2	prod-cand-1703-hg002-bjuice-v2-seqkitfix-20260815T080300Z	3x3	HG002-pw12ff0qe3akkp	E2:3x3	1.01	2.96	sentdhiomr2rsr.na.goleft	1	1	0	1.5986	3.2e-05	0.0008881111111111111	6.38888888888889e-05
OBS03	E2	prod-cand-1703-hg002-bjuice-v2-seqkitfix-20260815T080300Z	3x3	HG002-pw12ff0qe3akkp	E2:3x3	1.01	2.96	sentdhiomr2rsr.na.infer_sex_complement	1	1	0	0.4864	5e-06	0.0001351111111111111	2.777777777777778e-06
OBS03	E2	prod-cand-1703-hg002-bjuice-v2-seqkitfix-20260815T080300Z	3x3	HG002-pw12ff0qe3akkp	E2:3x3	1.01	2.96	sentdhiomr2rsr.na.mosdepth	1	1	0	83.6846	0.002117	0.09298288888888889	0.02181388888888889
OBS03	E2	prod-cand-1703-hg002-bjuice-v2-seqkitfix-20260815T080300Z	3x3	HG002-pw12ff0qe3akkp	E2:3x3	1.01	2.96	sentdhiomr2rsr.na.norm_cov_eveness	1	1	0	425.863	0.018019	0.4731811111111111	0.0014527777777777779
OBS03	E2	prod-cand-1703-hg002-bjuice-v2-seqkitfix-20260815T080300Z	3x3	HG002-pw12ff0qe3akkp	E2:3x3	1.01	2.96	sentdhiomr2rsr.na.p.ganon2_multiqc_log	1	1	0	0.049	0.0	1.3611111111111111e-05	0.0
OBS03	E2	prod-cand-1703-hg002-bjuice-v2-seqkitfix-20260815T080300Z	3x3	HG002-pw12ff0qe3akkp	E2:3x3	1.01	2.96	sentdhiomr2rsr.na.p.unmapped_metagenomics_ganon2_quick	1	1	0	44.0549	0.057098	1.5663964444444445	0.0026416666666666667
OBS03	E2	prod-cand-1703-hg002-bjuice-v2-seqkitfix-20260815T080300Z	3x3	HG002-pw12ff0qe3akkp	E2:3x3	1.01	2.96	sentdhiomr2rsr.na.samt	1	1	0	38.5954	0.001563	0.04288377777777778	0.006394444444444444
OBS03	E2	prod-cand-1703-hg002-bjuice-v2-seqkitfix-20260815T080300Z	3x3	HG002-pw12ff0qe3akkp	E2:3x3	1.01	2.96	sentdhiomr2rsr.na.sex_complement_somalier_metrics	1	1	0	0.4785	1e-05	0.0002658333333333333	8.333333333333334e-06
OBS03	E2	prod-cand-1703-hg002-bjuice-v2-seqkitfix-20260815T080300Z	3x3	HG002-pw12ff0qe3akkp	E2:3x3	1.01	2.96	sentdhiomr2rsr.na.site_mix_contam	1	1	0	3.8406	4.2e-05	0.0010668333333333333	0.0
OBS03	E2	prod-cand-1703-hg002-bjuice-v2-seqkitfix-20260815T080300Z	3x3	HG002-pw12ff0qe3akkp	E2:3x3	1.01	2.96	sentdhiomr2rsr.na.site_mix_contam_pileups	1	1	0	114.4119	0.004634	0.12712433333333334	0.02451111111111111
OBS03	E2	prod-cand-1703-hg002-bjuice-v2-seqkitfix-20260815T080300Z	3x3	HG002-pw12ff0qe3akkp	E2:3x3	1.01	2.96	sentdhiomr2sr.smd.alignstats	1	1	0	73.0289	0.002886	0.08114322222222221	0.025108333333333333
OBS03	E2	prod-cand-1703-hg002-bjuice-v2-seqkitfix-20260815T080300Z	3x3	HG002-pw12ff0qe3akkp	E2:3x3	1.01	2.96	sentdhiomr2sr.smd.coverage_evenness_two	1	1	0	218.6318	0.034556	0.9716968888888888	0.6551805555555555
OBS03	E2	prod-cand-1703-hg002-bjuice-v2-seqkitfix-20260815T080300Z	3x3	HG002-pw12ff0qe3akkp	E2:3x3	1.01	2.96	sentdhiomr2sr.smd.gatk_contam	1	1	0	3.7699	7.9e-05	0.0020943888888888887	0.0008388888888888889
OBS03	E2	prod-cand-1703-hg002-bjuice-v2-seqkitfix-20260815T080300Z	3x3	HG002-pw12ff0qe3akkp	E2:3x3	1.01	2.96	sentdhiomr2sr.smd.goleft	1	1	0	1.5581	3.1e-05	0.0008656111111111112	0.00010277777777777778
OBS03	E2	prod-cand-1703-hg002-bjuice-v2-seqkitfix-20260815T080300Z	3x3	HG002-pw12ff0qe3akkp	E2:3x3	1.01	2.96	sentdhiomr2sr.smd.infer_sex_complement	1	1	0	0.5274	5e-06	0.00014649999999999998	5.555555555555556e-06
OBS03	E2	prod-cand-1703-hg002-bjuice-v2-seqkitfix-20260815T080300Z	3x3	HG002-pw12ff0qe3akkp	E2:3x3	1.01	2.96	sentdhiomr2sr.smd.mosdepth	1	1	0	91.1032	0.0036	0.10122577777777778	0.024608333333333333
OBS03	E2	prod-cand-1703-hg002-bjuice-v2-seqkitfix-20260815T080300Z	3x3	HG002-pw12ff0qe3akkp	E2:3x3	1.01	2.96	sentdhiomr2sr.smd.norm_cov_eveness	1	1	0	401.2525	0.016814	0.4458361111111111	0.0020333333333333336
OBS03	E2	prod-cand-1703-hg002-bjuice-v2-seqkitfix-20260815T080300Z	3x3	HG002-pw12ff0qe3akkp	E2:3x3	1.01	2.96	sentdhiomr2sr.smd.p.ganon2_multiqc_log	1	1	0	0.101	1e-06	2.8055555555555557e-05	0.0
OBS03	E2	prod-cand-1703-hg002-bjuice-v2-seqkitfix-20260815T080300Z	3x3	HG002-pw12ff0qe3akkp	E2:3x3	1.01	2.96	sentdhiomr2sr.smd.p.unmapped_metagenomics_ganon2_quick	1	1	0	187.8057	0.262956	6.677536	0.018419444444444447
OBS03	E2	prod-cand-1703-hg002-bjuice-v2-seqkitfix-20260815T080300Z	3x3	HG002-pw12ff0qe3akkp	E2:3x3	1.01	2.96	sentdhiomr2sr.smd.samt	1	1	0	165.4261	0.004045	0.18380677777777776	0.060991666666666666
OBS03	E2	prod-cand-1703-hg002-bjuice-v2-seqkitfix-20260815T080300Z	3x3	HG002-pw12ff0qe3akkp	E2:3x3	1.01	2.96	sentdhiomr2sr.smd.sex_complement_somalier_metrics	1	1	0	0.5053	1.1e-05	0.0002807222222222222	5.555555555555556e-06
OBS03	E2	prod-cand-1703-hg002-bjuice-v2-seqkitfix-20260815T080300Z	3x3	HG002-pw12ff0qe3akkp	E2:3x3	1.01	2.96	sentdhiomr2sr.smd.site_mix_contam	1	1	0	6.4224	7e-05	0.001784	0.0013944444444444442
OBS03	E2	prod-cand-1703-hg002-bjuice-v2-seqkitfix-20260815T080300Z	3x3	HG002-pw12ff0qe3akkp	E2:3x3	1.01	2.96	sentdhiomr2sr.smd.site_mix_contam_pileups	1	1	0	247.5198	0.009781	0.275022	0.06614444444444445
OBS03	E2	prod-cand-1703-hg002-bjuice-v2-seqkitfix-20260815T080300Z	3x3	HG002-pw12ff0qe3akkp	E2:3x3	1.01	2.96	sentmm2ont.na.expansionhunter	1	1	0	4.644	0.000816	0.020640000000000002	0.007508333333333334
OBS03	E2	prod-cand-1703-hg002-bjuice-v2-seqkitfix-20260815T080300Z	3x3	HG002-pw12ff0qe3akkp	E2:3x3	1.01	2.96	sentmm2ont.na.expansionhunter_json_to_tsv	1	1	0	0.7242	5e-06	0.00020116666666666666	5.555555555555556e-06
OBS03	E2	prod-cand-1703-hg002-bjuice-v2-seqkitfix-20260815T080300Z	3x3	HG002-pw12ff0qe3akkp	E2:3x3	1.01	2.96	sentmm2ont.na.sentdhiomr2.altair-v1.1.parse_vcfeval_summary	1	1	0	9.7537	0.000214	0.005418722222222222	0.0
OBS03	E2	prod-cand-1703-hg002-bjuice-v2-seqkitfix-20260815T080300Z	3x3	HG002-pw12ff0qe3akkp	E2:3x3	1.01	2.96	sentmm2ont.na.sentdhiomr2.altair-v1.1.rtg_vcfeval	1	1	0	74.2966	0.013047	0.3302071111111111	0.07336111111111111
OBS03	E2	prod-cand-1703-hg002-bjuice-v2-seqkitfix-20260815T080300Z	3x3	HG002-pw12ff0qe3akkp	E2:3x3	1.01	2.96	sentmm2ont.na.sentdhiomr2.bcfstat	1	1	0	13.7215	0.000904	0.02286916666666667	0.0042
OBS03	E2	prod-cand-1703-hg002-bjuice-v2-seqkitfix-20260815T080300Z	3x3	HG002-pw12ff0qe3akkp	E2:3x3	1.01	2.96	sentmm2ont.na.sentdhiomr2.chr1.vep	1	1	0	737.3855	0.032373	0.8193172222222223	0.01056388888888889
OBS03	E2	prod-cand-1703-hg002-bjuice-v2-seqkitfix-20260815T080300Z	3x3	HG002-pw12ff0qe3akkp	E2:3x3	1.01	2.96	sentmm2ont.na.sentdhiomr2.chr1.vep_input	1	1	0	4.1367	4.5e-05	0.0011490833333333333	2.777777777777778e-05
OBS03	E2	prod-cand-1703-hg002-bjuice-v2-seqkitfix-20260815T080300Z	3x3	HG002-pw12ff0qe3akkp	E2:3x3	1.01	2.96	sentmm2ont.na.sentdhiomr2.chr10.vep	1	1	0	457.4516	0.020083	0.5082795555555555	0.0076055555555555555
OBS03	E2	prod-cand-1703-hg002-bjuice-v2-seqkitfix-20260815T080300Z	3x3	HG002-pw12ff0qe3akkp	E2:3x3	1.01	2.96	sentmm2ont.na.sentdhiomr2.chr10.vep_input	1	1	0	2.6192	2.8e-05	0.0007275555555555556	0.00041944444444444445
OBS03	E2	prod-cand-1703-hg002-bjuice-v2-seqkitfix-20260815T080300Z	3x3	HG002-pw12ff0qe3akkp	E2:3x3	1.01	2.96	sentmm2ont.na.sentdhiomr2.chr11.vep	1	1	0	441.8061	0.019397	0.4908956666666667	0.00021944444444444444
OBS03	E2	prod-cand-1703-hg002-bjuice-v2-seqkitfix-20260815T080300Z	3x3	HG002-pw12ff0qe3akkp	E2:3x3	1.01	2.96	sentmm2ont.na.sentdhiomr2.chr11.vep_input	1	1	0	4.019	4.4e-05	0.001116388888888889	2.777777777777778e-06
OBS03	E2	prod-cand-1703-hg002-bjuice-v2-seqkitfix-20260815T080300Z	3x3	HG002-pw12ff0qe3akkp	E2:3x3	1.01	2.96	sentmm2ont.na.sentdhiomr2.chr12.vep	1	1	0	364.879	0.0092	0.4054211111111111	0.010016666666666667
OBS03	E2	prod-cand-1703-hg002-bjuice-v2-seqkitfix-20260815T080300Z	3x3	HG002-pw12ff0qe3akkp	E2:3x3	1.01	2.96	sentmm2ont.na.sentdhiomr2.chr12.vep_input	1	1	0	2.7612	3e-05	0.000767	5.555555555555556e-06
OBS03	E2	prod-cand-1703-hg002-bjuice-v2-seqkitfix-20260815T080300Z	3x3	HG002-pw12ff0qe3akkp	E2:3x3	1.01	2.96	sentmm2ont.na.sentdhiomr2.chr13.vep	1	1	0	296.2164	0.013005	0.3291293333333334	0.008430555555555556
OBS03	E2	prod-cand-1703-hg002-bjuice-v2-seqkitfix-20260815T080300Z	3x3	HG002-pw12ff0qe3akkp	E2:3x3	1.01	2.96	sentmm2ont.na.sentdhiomr2.chr13.vep_input	1	1	0	3.4913	3.8e-05	0.0009698055555555555	5.555555555555556e-06
OBS03	E2	prod-cand-1703-hg002-bjuice-v2-seqkitfix-20260815T080300Z	3x3	HG002-pw12ff0qe3akkp	E2:3x3	1.01	2.96	sentmm2ont.na.sentdhiomr2.chr14.vep	1	1	0	236.7311	0.010017	0.26303455555555555	0.0045
OBS03	E2	prod-cand-1703-hg002-bjuice-v2-seqkitfix-20260815T080300Z	3x3	HG002-pw12ff0qe3akkp	E2:3x3	1.01	2.96	sentmm2ont.na.sentdhiomr2.chr14.vep_input	1	1	0	2.0939	2.3e-05	0.0005816388888888889	0.0002972222222222222
OBS03	E2	prod-cand-1703-hg002-bjuice-v2-seqkitfix-20260815T080300Z	3x3	HG002-pw12ff0qe3akkp	E2:3x3	1.01	2.96	sentmm2ont.na.sentdhiomr2.chr15.vep	1	1	0	290.7048	0.012763	0.3230053333333333	0.00026944444444444444
OBS03	E2	prod-cand-1703-hg002-bjuice-v2-seqkitfix-20260815T080300Z	3x3	HG002-pw12ff0qe3akkp	E2:3x3	1.01	2.96	sentmm2ont.na.sentdhiomr2.chr15.vep_input	1	1	0	2.0058	2.2e-05	0.0005571666666666666	0.0002972222222222222
OBS03	E2	prod-cand-1703-hg002-bjuice-v2-seqkitfix-20260815T080300Z	3x3	HG002-pw12ff0qe3akkp	E2:3x3	1.01	2.96	sentmm2ont.na.sentdhiomr2.chr16.vep	1	1	0	266.1675	0.006711	0.2957416666666667	0.003741666666666667
OBS03	E2	prod-cand-1703-hg002-bjuice-v2-seqkitfix-20260815T080300Z	3x3	HG002-pw12ff0qe3akkp	E2:3x3	1.01	2.96	sentmm2ont.na.sentdhiomr2.chr16.vep_input	1	1	0	2.5089	2.8e-05	0.0006969166666666668	1.6666666666666667e-05
OBS03	E2	prod-cand-1703-hg002-bjuice-v2-seqkitfix-20260815T080300Z	3x3	HG002-pw12ff0qe3akkp	E2:3x3	1.01	2.96	sentmm2ont.na.sentdhiomr2.chr17.vep	1	1	0	231.0925	0.005827	0.25676944444444444	0.0028777777777777777
OBS03	E2	prod-cand-1703-hg002-bjuice-v2-seqkitfix-20260815T080300Z	3x3	HG002-pw12ff0qe3akkp	E2:3x3	1.01	2.96	sentmm2ont.na.sentdhiomr2.chr17.vep_input	1	1	0	2.0292	2.2e-05	0.0005636666666666666	0.00029444444444444445
OBS03	E2	prod-cand-1703-hg002-bjuice-v2-seqkitfix-20260815T080300Z	3x3	HG002-pw12ff0qe3akkp	E2:3x3	1.01	2.96	sentmm2ont.na.sentdhiomr2.chr18.vep	1	1	0	214.3844	0.005405	0.23820488888888888	0.005813888888888888
OBS03	E2	prod-cand-1703-hg002-bjuice-v2-seqkitfix-20260815T080300Z	3x3	HG002-pw12ff0qe3akkp	E2:3x3	1.01	2.96	sentmm2ont.na.sentdhiomr2.chr18.vep_input	1	1	0	2.7646	3e-05	0.0007679444444444445	0.00039999999999999996
OBS03	E2	prod-cand-1703-hg002-bjuice-v2-seqkitfix-20260815T080300Z	3x3	HG002-pw12ff0qe3akkp	E2:3x3	1.01	2.96	sentmm2ont.na.sentdhiomr2.chr19.vep	1	1	0	195.3194	0.004925	0.21702155555555555	0.0025944444444444444
OBS03	E2	prod-cand-1703-hg002-bjuice-v2-seqkitfix-20260815T080300Z	3x3	HG002-pw12ff0qe3akkp	E2:3x3	1.01	2.96	sentmm2ont.na.sentdhiomr2.chr19.vep_input	1	1	0	1.9018	1.3e-05	0.0005282777777777778	0.0002722222222222222
OBS03	E2	prod-cand-1703-hg002-bjuice-v2-seqkitfix-20260815T080300Z	3x3	HG002-pw12ff0qe3akkp	E2:3x3	1.01	2.96	sentmm2ont.na.sentdhiomr2.chr2.vep	1	1	0	664.6329	0.029179	0.7384809999999999	0.011591666666666665
OBS03	E2	prod-cand-1703-hg002-bjuice-v2-seqkitfix-20260815T080300Z	3x3	HG002-pw12ff0qe3akkp	E2:3x3	1.01	2.96	sentmm2ont.na.sentdhiomr2.chr2.vep_input	1	1	0	4.8649	5.3e-05	0.001351361111111111	2.777777777777778e-05
OBS03	E2	prod-cand-1703-hg002-bjuice-v2-seqkitfix-20260815T080300Z	3x3	HG002-pw12ff0qe3akkp	E2:3x3	1.01	2.96	sentmm2ont.na.sentdhiomr2.chr20.vep	1	1	0	224.5021	0.009856	0.2494467777777778	0.0014305555555555556
OBS03	E2	prod-cand-1703-hg002-bjuice-v2-seqkitfix-20260815T080300Z	3x3	HG002-pw12ff0qe3akkp	E2:3x3	1.01	2.96	sentmm2ont.na.sentdhiomr2.chr20.vep_input	1	1	0	1.5545	1e-05	0.00043180555555555556	0.00016666666666666666
OBS03	E2	prod-cand-1703-hg002-bjuice-v2-seqkitfix-20260815T080300Z	3x3	HG002-pw12ff0qe3akkp	E2:3x3	1.01	2.96	sentmm2ont.na.sentdhiomr2.chr21.vep	1	1	0	196.8213	0.008641	0.21869033333333335	0.003875
OBS03	E2	prod-cand-1703-hg002-bjuice-v2-seqkitfix-20260815T080300Z	3x3	HG002-pw12ff0qe3akkp	E2:3x3	1.01	2.96	sentmm2ont.na.sentdhiomr2.chr21.vep_input	1	1	0	1.4317	1.6e-05	0.00039769444444444444	0.00015555555555555556
OBS03	E2	prod-cand-1703-hg002-bjuice-v2-seqkitfix-20260815T080300Z	3x3	HG002-pw12ff0qe3akkp	E2:3x3	1.01	2.96	sentmm2ont.na.sentdhiomr2.chr22.vep	1	1	0	140.877	0.003552	0.15653	0.0017916666666666667
OBS03	E2	prod-cand-1703-hg002-bjuice-v2-seqkitfix-20260815T080300Z	3x3	HG002-pw12ff0qe3akkp	E2:3x3	1.01	2.96	sentmm2ont.na.sentdhiomr2.chr22.vep_input	1	1	0	1.5203	1.7e-05	0.00042230555555555554	0.00014444444444444444
OBS03	E2	prod-cand-1703-hg002-bjuice-v2-seqkitfix-20260815T080300Z	3x3	HG002-pw12ff0qe3akkp	E2:3x3	1.01	2.96	sentmm2ont.na.sentdhiomr2.chr3.vep	1	1	0	533.8388	0.01277	0.5931542222222222	0.00034166666666666666
OBS03	E2	prod-cand-1703-hg002-bjuice-v2-seqkitfix-20260815T080300Z	3x3	HG002-pw12ff0qe3akkp	E2:3x3	1.01	2.96	sentmm2ont.na.sentdhiomr2.chr3.vep_input	1	1	0	4.8043	5.3e-05	0.0013345277777777776	8.055555555555556e-05
OBS03	E2	prod-cand-1703-hg002-bjuice-v2-seqkitfix-20260815T080300Z	3x3	HG002-pw12ff0qe3akkp	E2:3x3	1.01	2.96	sentmm2ont.na.sentdhiomr2.chr4.vep	1	1	0	636.7452	0.027955	0.7074946666666666	0.008944444444444446
OBS03	E2	prod-cand-1703-hg002-bjuice-v2-seqkitfix-20260815T080300Z	3x3	HG002-pw12ff0qe3akkp	E2:3x3	1.01	2.96	sentmm2ont.na.sentdhiomr2.chr4.vep_input	1	1	0	3.7907	4.2e-05	0.0010529722222222223	0.0007055555555555555
OBS03	E2	prod-cand-1703-hg002-bjuice-v2-seqkitfix-20260815T080300Z	3x3	HG002-pw12ff0qe3akkp	E2:3x3	1.01	2.96	sentmm2ont.na.sentdhiomr2.chr5.vep	1	1	0	416.1317	0.010492	0.46236855555555556	0.006544444444444444
OBS03	E2	prod-cand-1703-hg002-bjuice-v2-seqkitfix-20260815T080300Z	3x3	HG002-pw12ff0qe3akkp	E2:3x3	1.01	2.96	sentmm2ont.na.sentdhiomr2.chr5.vep_input	1	1	0	2.9021	2e-05	0.0008061388888888889	2.777777777777778e-05
OBS03	E2	prod-cand-1703-hg002-bjuice-v2-seqkitfix-20260815T080300Z	3x3	HG002-pw12ff0qe3akkp	E2:3x3	1.01	2.96	sentmm2ont.na.sentdhiomr2.chr6.vep	1	1	0	603.8385	0.02651	0.6709316666666666	0.009227777777777777
OBS03	E2	prod-cand-1703-hg002-bjuice-v2-seqkitfix-20260815T080300Z	3x3	HG002-pw12ff0qe3akkp	E2:3x3	1.01	2.96	sentmm2ont.na.sentdhiomr2.chr6.vep_input	1	1	0	4.4263	4.9e-05	0.001229527777777778	0.0008611111111111111
OBS03	E2	prod-cand-1703-hg002-bjuice-v2-seqkitfix-20260815T080300Z	3x3	HG002-pw12ff0qe3akkp	E2:3x3	1.01	2.96	sentmm2ont.na.sentdhiomr2.chr7.vep	1	1	0	443.1575	0.011173	0.49239722222222226	0.007747222222222222
OBS03	E2	prod-cand-1703-hg002-bjuice-v2-seqkitfix-20260815T080300Z	3x3	HG002-pw12ff0qe3akkp	E2:3x3	1.01	2.96	sentmm2ont.na.sentdhiomr2.chr7.vep_input	1	1	0	3.1748	3.5e-05	0.0008818888888888889	0.0005944444444444444
OBS03	E2	prod-cand-1703-hg002-bjuice-v2-seqkitfix-20260815T080300Z	3x3	HG002-pw12ff0qe3akkp	E2:3x3	1.01	2.96	sentmm2ont.na.sentdhiomr2.chr8.vep	1	1	0	452.6208	0.011412	0.502912	0.008305555555555556
OBS03	E2	prod-cand-1703-hg002-bjuice-v2-seqkitfix-20260815T080300Z	3x3	HG002-pw12ff0qe3akkp	E2:3x3	1.01	2.96	sentmm2ont.na.sentdhiomr2.chr8.vep_input	1	1	0	2.9882	3.3e-05	0.0008300555555555556	1.9444444444444445e-05
OBS03	E2	prod-cand-1703-hg002-bjuice-v2-seqkitfix-20260815T080300Z	3x3	HG002-pw12ff0qe3akkp	E2:3x3	1.01	2.96	sentmm2ont.na.sentdhiomr2.chr9.vep	1	1	0	344.4172	0.008684	0.38268577777777774	0.005816666666666667
OBS03	E2	prod-cand-1703-hg002-bjuice-v2-seqkitfix-20260815T080300Z	3x3	HG002-pw12ff0qe3akkp	E2:3x3	1.01	2.96	sentmm2ont.na.sentdhiomr2.chr9.vep_input	1	1	0	3.9112	4.3e-05	0.0010864444444444443	0.0006888888888888888
OBS03	E2	prod-cand-1703-hg002-bjuice-v2-seqkitfix-20260815T080300Z	3x3	HG002-pw12ff0qe3akkp	E2:3x3	1.01	2.96	sentmm2ont.na.sentdhiomr2.chrM.vep	1	1	0	1.1984	5.3e-05	0.0013315555555555554	0.0001361111111111111
OBS03	E2	prod-cand-1703-hg002-bjuice-v2-seqkitfix-20260815T080300Z	3x3	HG002-pw12ff0qe3akkp	E2:3x3	1.01	2.96	sentmm2ont.na.sentdhiomr2.chrM.vep_input	1	1	0	0.9224	1e-05	0.00025622222222222225	0.0
OBS03	E2	prod-cand-1703-hg002-bjuice-v2-seqkitfix-20260815T080300Z	3x3	HG002-pw12ff0qe3akkp	E2:3x3	1.01	2.96	sentmm2ont.na.sentdhiomr2.chrX.vep	1	1	0	151.1726	0.006637	0.16796955555555554	0.0030083333333333333
OBS03	E2	prod-cand-1703-hg002-bjuice-v2-seqkitfix-20260815T080300Z	3x3	HG002-pw12ff0qe3akkp	E2:3x3	1.01	2.96	sentmm2ont.na.sentdhiomr2.chrX.vep_input	1	1	0	1.8138	2e-05	0.0005038333333333333	0.0
OBS03	E2	prod-cand-1703-hg002-bjuice-v2-seqkitfix-20260815T080300Z	3x3	HG002-pw12ff0qe3akkp	E2:3x3	1.01	2.96	sentmm2ont.na.sentdhiomr2.chrY.vep	1	1	0	8.2574	0.000208	0.009174888888888889	0.00010277777777777778
OBS03	E2	prod-cand-1703-hg002-bjuice-v2-seqkitfix-20260815T080300Z	3x3	HG002-pw12ff0qe3akkp	E2:3x3	1.01	2.96	sentmm2ont.na.sentdhiomr2.chrY.vep_input	1	1	0	1.1254	1.2e-05	0.0003126111111111111	8.333333333333334e-06
OBS03	E2	prod-cand-1703-hg002-bjuice-v2-seqkitfix-20260815T080300Z	3x3	HG002-pw12ff0qe3akkp	E2:3x3	1.01	2.96	sentmm2ont.na.sentdhiomr2.cli-gvcf.altair-v1.1.parse_vcfeval_summary	1	1	0	9.5637	0.000121	0.005313166666666667	2.777777777777778e-05
OBS03	E2	prod-cand-1703-hg002-bjuice-v2-seqkitfix-20260815T080300Z	3x3	HG002-pw12ff0qe3akkp	E2:3x3	1.01	2.96	sentmm2ont.na.sentdhiomr2.cli-gvcf.altair-v1.1.rtg_vcfeval	1	1	0	1084.6273	0.120974	4.820565777777778	0.6972972222222222
OBS03	E2	prod-cand-1703-hg002-bjuice-v2-seqkitfix-20260815T080300Z	3x3	HG002-pw12ff0qe3akkp	E2:3x3	1.01	2.96	sentmm2ont.na.sentdhiomr2.cli-gvcf.clinvar_genes.parse_vcfeval_summary	1	1	0	10.557	0.000133	0.005865	4.9999999999999996e-05
OBS03	E2	prod-cand-1703-hg002-bjuice-v2-seqkitfix-20260815T080300Z	3x3	HG002-pw12ff0qe3akkp	E2:3x3	1.01	2.96	sentmm2ont.na.sentdhiomr2.cli-gvcf.clinvar_genes.rtg_vcfeval	1	1	0	1089.4669	0.176501	4.842075111111111	0.7004027777777777
OBS03	E2	prod-cand-1703-hg002-bjuice-v2-seqkitfix-20260815T080300Z	3x3	HG002-pw12ff0qe3akkp	E2:3x3	1.01	2.96	sentmm2ont.na.sentdhiomr2.cli-gvcf.concordance	1	1	0	0.4078	2.3e-05	0.0009062222222222222	5.555555555555556e-06
OBS03	E2	prod-cand-1703-hg002-bjuice-v2-seqkitfix-20260815T080300Z	3x3	HG002-pw12ff0qe3akkp	E2:3x3	1.01	2.96	sentmm2ont.na.sentdhiomr2.cli-gvcf.giabHC.parse_vcfeval_summary	1	1	0	63.5382	0.000801	0.035299000000000004	0.004711111111111111
OBS03	E2	prod-cand-1703-hg002-bjuice-v2-seqkitfix-20260815T080300Z	3x3	HG002-pw12ff0qe3akkp	E2:3x3	1.01	2.96	sentmm2ont.na.sentdhiomr2.cli-gvcf.giabHC.rtg_vcfeval	1	1	0	1461.1445	0.256593	6.493975555555556	0.9479722222222222
OBS03	E2	prod-cand-1703-hg002-bjuice-v2-seqkitfix-20260815T080300Z	3x3	HG002-pw12ff0qe3akkp	E2:3x3	1.01	2.96	sentmm2ont.na.sentdhiomr2.cli-gvcf.giabHC_x_clinvar_genes.parse_vcfeval_summary	1	1	0	12.2314	0.000268	0.0067952222222222225	3.0555555555555554e-05
OBS03	E2	prod-cand-1703-hg002-bjuice-v2-seqkitfix-20260815T080300Z	3x3	HG002-pw12ff0qe3akkp	E2:3x3	1.01	2.96	sentmm2ont.na.sentdhiomr2.cli-gvcf.giabHC_x_clinvar_genes.rtg_vcfeval	1	1	0	1462.618	0.256852	6.500524444444444	0.9201944444444444
OBS03	E2	prod-cand-1703-hg002-bjuice-v2-seqkitfix-20260815T080300Z	3x3	HG002-pw12ff0qe3akkp	E2:3x3	1.01	2.96	sentmm2ont.na.sentdhiomr2.cli-gvcf.giabHC_x_ultima.parse_vcfeval_summary	1	1	0	74.5029	0.001635	0.0413905	0.004377777777777777
OBS03	E2	prod-cand-1703-hg002-bjuice-v2-seqkitfix-20260815T080300Z	3x3	HG002-pw12ff0qe3akkp	E2:3x3	1.01	2.96	sentmm2ont.na.sentdhiomr2.cli-gvcf.giabHC_x_ultima.rtg_vcfeval	1	1	0	1408.5225	0.247352	6.2601	0.9356583333333333
OBS03	E2	prod-cand-1703-hg002-bjuice-v2-seqkitfix-20260815T080300Z	3x3	HG002-pw12ff0qe3akkp	E2:3x3	1.01	2.96	sentmm2ont.na.sentdhiomr2.cli-gvcf.giabHC_x_ultima_x_clinvar.parse_vcfeval_summary	1	1	0	7.9994	0.000112	0.0044441111111111105	5.555555555555556e-06
OBS03	E2	prod-cand-1703-hg002-bjuice-v2-seqkitfix-20260815T080300Z	3x3	HG002-pw12ff0qe3akkp	E2:3x3	1.01	2.96	sentmm2ont.na.sentdhiomr2.cli-gvcf.giabHC_x_ultima_x_clinvar.rtg_vcfeval	1	1	0	1068.9112	0.093837	4.7507164444444445	0.6806500000000001
OBS03	E2	prod-cand-1703-hg002-bjuice-v2-seqkitfix-20260815T080300Z	3x3	HG002-pw12ff0qe3akkp	E2:3x3	1.01	2.96	sentmm2ont.na.sentdhiomr2.cli-gvcf.giabHCv5q.parse_vcfeval_summary	1	1	0	109.9413	0.001315	0.0610785	0.0004388888888888889
OBS03	E2	prod-cand-1703-hg002-bjuice-v2-seqkitfix-20260815T080300Z	3x3	HG002-pw12ff0qe3akkp	E2:3x3	1.01	2.96	sentmm2ont.na.sentdhiomr2.cli-gvcf.giabHCv5q.rtg_vcfeval	1	1	0	1625.5727	0.285469	7.224767555555555	1.2434555555555555
OBS03	E2	prod-cand-1703-hg002-bjuice-v2-seqkitfix-20260815T080300Z	3x3	HG002-pw12ff0qe3akkp	E2:3x3	1.01	2.96	sentmm2ont.na.sentdhiomr2.cli-gvcf.hg38.parse_vcfeval_summary	1	1	0	80.0337	0.001009	0.044463166666666665	0.0006805555555555556
OBS03	E2	prod-cand-1703-hg002-bjuice-v2-seqkitfix-20260815T080300Z	3x3	HG002-pw12ff0qe3akkp	E2:3x3	1.01	2.96	sentmm2ont.na.sentdhiomr2.cli-gvcf.hg38.rtg_vcfeval	1	1	0	1076.588	0.09451	4.7848355555555555	0.709275
OBS03	E2	prod-cand-1703-hg002-bjuice-v2-seqkitfix-20260815T080300Z	3x3	HG002-pw12ff0qe3akkp	E2:3x3	1.01	2.96	sentmm2ont.na.sentdhiomr2.cli-gvcf.hg38_m_giabHC.parse_vcfeval_summary	1	1	0	21.7769	0.000478	0.012098277777777779	0.0012000000000000001
OBS03	E2	prod-cand-1703-hg002-bjuice-v2-seqkitfix-20260815T080300Z	3x3	HG002-pw12ff0qe3akkp	E2:3x3	1.01	2.96	sentmm2ont.na.sentdhiomr2.cli-gvcf.hg38_m_giabHC.rtg_vcfeval	1	1	0	1436.9122	0.252338	6.386276444444444	0.9333833333333333
OBS03	E2	prod-cand-1703-hg002-bjuice-v2-seqkitfix-20260815T080300Z	3x3	HG002-pw12ff0qe3akkp	E2:3x3	1.01	2.96	sentmm2ont.na.sentdhiomr2.cli-gvcf.ultima.parse_vcfeval_summary	1	1	0	67.8857	0.000856	0.03771427777777778	0.0038666666666666667
OBS03	E2	prod-cand-1703-hg002-bjuice-v2-seqkitfix-20260815T080300Z	3x3	HG002-pw12ff0qe3akkp	E2:3x3	1.01	2.96	sentmm2ont.na.sentdhiomr2.cli-gvcf.ultima.rtg_vcfeval	1	1	0	1460.8878	0.256548	6.492834666666667	0.9547
OBS03	E2	prod-cand-1703-hg002-bjuice-v2-seqkitfix-20260815T080300Z	3x3	HG002-pw12ff0qe3akkp	E2:3x3	1.01	2.96	sentmm2ont.na.sentdhiomr2.clinvar_genes.parse_vcfeval_summary	1	1	0	13.7215	0.000301	0.007623055555555556	9.722222222222222e-05
OBS03	E2	prod-cand-1703-hg002-bjuice-v2-seqkitfix-20260815T080300Z	3x3	HG002-pw12ff0qe3akkp	E2:3x3	1.01	2.96	sentmm2ont.na.sentdhiomr2.clinvar_genes.rtg_vcfeval	1	1	0	49.2121	0.008329	0.21872044444444444	0.02436111111111111
OBS03	E2	prod-cand-1703-hg002-bjuice-v2-seqkitfix-20260815T080300Z	3x3	HG002-pw12ff0qe3akkp	E2:3x3	1.01	2.96	sentmm2ont.na.sentdhiomr2.concordance	1	1	0	0.6481	3.1e-05	0.0014402222222222223	0.00014166666666666668
OBS03	E2	prod-cand-1703-hg002-bjuice-v2-seqkitfix-20260815T080300Z	3x3	HG002-pw12ff0qe3akkp	E2:3x3	1.01	2.96	sentmm2ont.na.sentdhiomr2.giabHC.parse_vcfeval_summary	1	1	0	68.0224	0.001493	0.037790222222222225	0.004316666666666667
OBS03	E2	prod-cand-1703-hg002-bjuice-v2-seqkitfix-20260815T080300Z	3x3	HG002-pw12ff0qe3akkp	E2:3x3	1.01	2.96	sentmm2ont.na.sentdhiomr2.giabHC.rtg_vcfeval	1	1	0	92.2768	0.016205	0.4101191111111111	0.12714722222222222
OBS03	E2	prod-cand-1703-hg002-bjuice-v2-seqkitfix-20260815T080300Z	3x3	HG002-pw12ff0qe3akkp	E2:3x3	1.01	2.96	sentmm2ont.na.sentdhiomr2.giabHC_x_clinvar_genes.parse_vcfeval_summary	1	1	0	9.5404	0.000209	0.005300222222222222	5.833333333333333e-05
OBS03	E2	prod-cand-1703-hg002-bjuice-v2-seqkitfix-20260815T080300Z	3x3	HG002-pw12ff0qe3akkp	E2:3x3	1.01	2.96	sentmm2ont.na.sentdhiomr2.giabHC_x_clinvar_genes.rtg_vcfeval	1	1	0	50.4717	0.005629	0.22431866666666667	0.06360277777777777
OBS03	E2	prod-cand-1703-hg002-bjuice-v2-seqkitfix-20260815T080300Z	3x3	HG002-pw12ff0qe3akkp	E2:3x3	1.01	2.96	sentmm2ont.na.sentdhiomr2.giabHC_x_ultima.parse_vcfeval_summary	1	1	0	62.7047	0.001376	0.03483594444444445	0.004497222222222223
OBS03	E2	prod-cand-1703-hg002-bjuice-v2-seqkitfix-20260815T080300Z	3x3	HG002-pw12ff0qe3akkp	E2:3x3	1.01	2.96	sentmm2ont.na.sentdhiomr2.giabHC_x_ultima.rtg_vcfeval	1	1	0	68.0293	0.011947	0.3023524444444445	0.07731666666666666
OBS03	E2	prod-cand-1703-hg002-bjuice-v2-seqkitfix-20260815T080300Z	3x3	HG002-pw12ff0qe3akkp	E2:3x3	1.01	2.96	sentmm2ont.na.sentdhiomr2.giabHC_x_ultima_x_clinvar.parse_vcfeval_summary	1	1	0	9.6754	0.000212	0.005375222222222222	2.777777777777778e-06
OBS03	E2	prod-cand-1703-hg002-bjuice-v2-seqkitfix-20260815T080300Z	3x3	HG002-pw12ff0qe3akkp	E2:3x3	1.01	2.96	sentmm2ont.na.sentdhiomr2.giabHC_x_ultima_x_clinvar.rtg_vcfeval	1	1	0	72.3233	0.012701	0.3214368888888889	0.07268055555555555
OBS03	E2	prod-cand-1703-hg002-bjuice-v2-seqkitfix-20260815T080300Z	3x3	HG002-pw12ff0qe3akkp	E2:3x3	1.01	2.96	sentmm2ont.na.sentdhiomr2.giabHCv5q.parse_vcfeval_summary	1	1	0	60.3163	0.00076	0.033509055555555556	0.005080555555555555
OBS03	E2	prod-cand-1703-hg002-bjuice-v2-seqkitfix-20260815T080300Z	3x3	HG002-pw12ff0qe3akkp	E2:3x3	1.01	2.96	sentmm2ont.na.sentdhiomr2.giabHCv5q.rtg_vcfeval	1	1	0	1013.0511	0.097764	4.502449333333334	0.0
OBS03	E2	prod-cand-1703-hg002-bjuice-v2-seqkitfix-20260815T080300Z	3x3	HG002-pw12ff0qe3akkp	E2:3x3	1.01	2.96	sentmm2ont.na.sentdhiomr2.hg38.parse_vcfeval_summary	1	1	0	63.9999	0.000892	0.0355555	0.0035583333333333335
OBS03	E2	prod-cand-1703-hg002-bjuice-v2-seqkitfix-20260815T080300Z	3x3	HG002-pw12ff0qe3akkp	E2:3x3	1.01	2.96	sentmm2ont.na.sentdhiomr2.hg38.rtg_vcfeval	1	1	0	91.8798	0.016135	0.4083546666666667	0.13295555555555555
OBS03	E2	prod-cand-1703-hg002-bjuice-v2-seqkitfix-20260815T080300Z	3x3	HG002-pw12ff0qe3akkp	E2:3x3	1.01	2.96	sentmm2ont.na.sentdhiomr2.hg38_m_giabHC.parse_vcfeval_summary	1	1	0	22.6126	0.000496	0.012562555555555556	0.001788888888888889
OBS03	E2	prod-cand-1703-hg002-bjuice-v2-seqkitfix-20260815T080300Z	3x3	HG002-pw12ff0qe3akkp	E2:3x3	1.01	2.96	sentmm2ont.na.sentdhiomr2.hg38_m_giabHC.rtg_vcfeval	1	1	0	56.0938	0.009088	0.2493057777777778	0.06684444444444444
OBS03	E2	prod-cand-1703-hg002-bjuice-v2-seqkitfix-20260815T080300Z	3x3	HG002-pw12ff0qe3akkp	E2:3x3	1.01	2.96	sentmm2ont.na.sentdhiomr2.peddy	1	1	0	11.0821	0.000449	0.012313444444444445	0.0009611111111111112
OBS03	E2	prod-cand-1703-hg002-bjuice-v2-seqkitfix-20260815T080300Z	3x3	HG002-pw12ff0qe3akkp	E2:3x3	1.01	2.96	sentmm2ont.na.sentdhiomr2.rtgvcfstats	1	1	0	24.8766	0.000546	0.013820333333333334	0.006072222222222222
OBS03	E2	prod-cand-1703-hg002-bjuice-v2-seqkitfix-20260815T080300Z	3x3	HG002-pw12ff0qe3akkp	E2:3x3	1.01	2.96	sentmm2ont.na.sentdhiomr2.ultima.parse_vcfeval_summary	1	1	0	77.4447	0.0017	0.04302483333333333	0.0005305555555555555
OBS03	E2	prod-cand-1703-hg002-bjuice-v2-seqkitfix-20260815T080300Z	3x3	HG002-pw12ff0qe3akkp	E2:3x3	1.01	2.96	sentmm2ont.na.sentdhiomr2.ultima.rtg_vcfeval	1	1	0	69.1738	0.012148	0.3074391111111111	0.07649166666666667
OBS03	E2	prod-cand-1703-hg002-bjuice-v2-seqkitfix-20260815T080300Z	3x3	HG002-pw12ff0qe3akkp	E2:3x3	1.01	2.96	sentmm2ont.na.sentdhiomr2.vep_concat	1	1	0	41.3822	0.002308	0.09196044444444444	0.01508888888888889
OBS03	E2	prod-cand-1703-hg002-bjuice-v2-seqkitfix-20260815T080300Z	3x3	HG002-pw12ff0qe3akkp	E2:3x3	1.01	2.96	sentmm2ont.na.sentdhiomr2.vep_concat_fofn	1	1	0	0.153	1e-06	4.2499999999999996e-05	0.0
OBS03	E2	prod-cand-1703-hg002-bjuice-v2-seqkitfix-20260815T080300Z	3x3	HG002-pw12ff0qe3akkp	E2:3x3	1.01	2.96	sentmm2ont.na.sentdhiomr2.vep_validate_input_contigs	1	1	0	0.5821	5e-06	0.00016169444444444442	8.333333333333334e-06
OBS03	E2	prod-cand-1703-hg002-bjuice-v2-seqkitfix-20260815T080300Z	3x3	HG002-pw12ff0qe3akkp	E2:3x3	1.01	2.96	seqfu	1	1	0	872.7243	0.036523	1.4545405	0.8656972222222222
OBS03	E2	prod-cand-1703-hg002-bjuice-v2-seqkitfix-20260815T080300Z	3x3	HG002-pw12ff0qe3akkp	E2:3x3	1.01	2.96	snv_vcf.vcf-sv-stats	1	1	0	211.0789	0.004633	0.11726605555555555	0.05399444444444444
OBS03	E2	prod-cand-1703-hg002-bjuice-v2-seqkitfix-20260815T080300Z	3x3	HG002-pw12ff0qe3akkp	E2:3x3	1.01	2.96	source_reheadered_cnvscope_vcf.vcf-sv-stats	1	1	0	1.9124	2.7e-05	0.0010624444444444444	7.500000000000001e-05
OBS03	E2	prod-cand-1703-hg002-bjuice-v2-seqkitfix-20260815T080300Z	3x3	HG002-pw12ff0qe3akkp	E2:3x3	1.01	2.96	synthetic_smn_vcf.vcf-sv-stats	1	1	0	0.7986	1e-05	0.00044366666666666664	3.3333333333333335e-05
OBS03	E2	prod-cand-1703-hg002-bjuice-v2-seqkitfix-20260815T080300Z	3x3	HG002-pw12ff0qe3akkp	E2:3x3	1.01	2.96	tagged_cnv_vcf.vcf-sv-stats	1	1	0	1.5295	3.4e-05	0.0008497222222222223	0.00011944444444444444
OBS03	E2	prod-cand-1703-hg002-bjuice-v2-seqkitfix-20260815T080300Z	3x3	HG002-pw12ff0qe3akkp	E2:3x3	1.01	2.96	tagged_sv_vcf.vcf-sv-stats	1	1	0	1.6403	3.6e-05	0.0009112777777777778	0.0001722222222222222
OBS03	E2	prod-cand-1703-hg002-bjuice-v2-seqkitfix-20260815T080300Z	3x3	HG002-pw12ff0qe3akkp	E2:3x3	1.01	2.96	untagged_trussv_vcf.vcf-sv-stats	1	1	0	1.4148	2.9e-05	0.000786	0.00017777777777777779
OBS04	E2	prod-cand-1703-hg002-bjuice-v2-seqkitfix-20260815T080300Z	5x5	HG002-qp0pfqh42zyaqs	E2:5x5	1.82	5.17	expansionhunter_vcf.vcf-sv-stats	1	1	0	1.0913	2.4e-05	0.0006062777777777777	5.555555555555556e-06
OBS04	E2	prod-cand-1703-hg002-bjuice-v2-seqkitfix-20260815T080300Z	5x5	HG002-qp0pfqh42zyaqs	E2:5x5	1.82	5.17	fastqc	1	1	0	673.9312	0.075209	2.9952497777777776	0.21895
OBS04	E2	prod-cand-1703-hg002-bjuice-v2-seqkitfix-20260815T080300Z	5x5	HG002-qp0pfqh42zyaqs	E2:5x5	1.82	5.17	mitochondrial_vcf.vcf-sv-stats	1	1	0	1.7966	3.8e-05	0.000998111111111111	8.61111111111111e-05
OBS04	E2	prod-cand-1703-hg002-bjuice-v2-seqkitfix-20260815T080300Z	5x5	HG002-qp0pfqh42zyaqs	E2:5x5	1.82	5.17	normalized_longreadsv_vcf.vcf-sv-stats	1	1	0	4.6259	9.8e-05	0.002569944444444444	0.0002555555555555556
OBS04	E2	prod-cand-1703-hg002-bjuice-v2-seqkitfix-20260815T080300Z	5x5	HG002-qp0pfqh42zyaqs	E2:5x5	1.82	5.17	normalized_sniffles2_vcf.vcf-sv-stats	1	1	0	1.4446	3e-05	0.0008025555555555556	0.00015000000000000001
OBS04	E2	prod-cand-1703-hg002-bjuice-v2-seqkitfix-20260815T080300Z	5x5	HG002-qp0pfqh42zyaqs	E2:5x5	1.82	5.17	normalized_tiddit_vcf.vcf-sv-stats	1	1	0	2.1332	4.3e-05	0.0011851111111111112	7.500000000000001e-05
OBS04	E2	prod-cand-1703-hg002-bjuice-v2-seqkitfix-20260815T080300Z	5x5	HG002-qp0pfqh42zyaqs	E2:5x5	1.82	5.17	segdup_CFH_vcf.vcf-sv-stats	1	1	0	0.8979	2e-05	0.0004988333333333333	3.0555555555555554e-05
OBS04	E2	prod-cand-1703-hg002-bjuice-v2-seqkitfix-20260815T080300Z	5x5	HG002-qp0pfqh42zyaqs	E2:5x5	1.82	5.17	segdup_CYP11B1_vcf.vcf-sv-stats	1	1	0	0.8066	1.6e-05	0.0004481111111111111	3.611111111111111e-05
OBS04	E2	prod-cand-1703-hg002-bjuice-v2-seqkitfix-20260815T080300Z	5x5	HG002-qp0pfqh42zyaqs	E2:5x5	1.82	5.17	segdup_CYP2A6_vcf.vcf-sv-stats	1	1	0	0.9033	1.1e-05	0.0005018333333333333	1.9444444444444445e-05
OBS04	E2	prod-cand-1703-hg002-bjuice-v2-seqkitfix-20260815T080300Z	5x5	HG002-qp0pfqh42zyaqs	E2:5x5	1.82	5.17	segdup_CYP2B6_vcf.vcf-sv-stats	1	1	0	0.8577	1.2e-05	0.00047650000000000004	3.0555555555555554e-05
OBS04	E2	prod-cand-1703-hg002-bjuice-v2-seqkitfix-20260815T080300Z	5x5	HG002-qp0pfqh42zyaqs	E2:5x5	1.82	5.17	segdup_CYP2D6_vcf.vcf-sv-stats	1	1	0	2.331	4.9e-05	0.001295	9.722222222222222e-05
OBS04	E2	prod-cand-1703-hg002-bjuice-v2-seqkitfix-20260815T080300Z	5x5	HG002-qp0pfqh42zyaqs	E2:5x5	1.82	5.17	segdup_GBA1_vcf.vcf-sv-stats	1	1	0	0.8914	2e-05	0.0004952222222222222	2.4999999999999998e-05
OBS04	E2	prod-cand-1703-hg002-bjuice-v2-seqkitfix-20260815T080300Z	5x5	HG002-qp0pfqh42zyaqs	E2:5x5	1.82	5.17	segdup_HBA_vcf.vcf-sv-stats	1	1	0	0.893	2e-05	0.0004961111111111111	2.777777777777778e-05
OBS04	E2	prod-cand-1703-hg002-bjuice-v2-seqkitfix-20260815T080300Z	5x5	HG002-qp0pfqh42zyaqs	E2:5x5	1.82	5.17	segdup_NCF1_vcf.vcf-sv-stats	1	1	0	0.8821	1.9e-05	0.0004900555555555555	2.777777777777778e-05
OBS04	E2	prod-cand-1703-hg002-bjuice-v2-seqkitfix-20260815T080300Z	5x5	HG002-qp0pfqh42zyaqs	E2:5x5	1.82	5.17	segdup_OTOA_vcf.vcf-sv-stats	1	1	0	0.9516	1.9e-05	0.0005286666666666667	1.1111111111111112e-05
OBS04	E2	prod-cand-1703-hg002-bjuice-v2-seqkitfix-20260815T080300Z	5x5	HG002-qp0pfqh42zyaqs	E2:5x5	1.82	5.17	segdup_PMS2_vcf.vcf-sv-stats	1	1	0	2.8943	3.7e-05	0.0016079444444444444	9.999999999999999e-05
OBS04	E2	prod-cand-1703-hg002-bjuice-v2-seqkitfix-20260815T080300Z	5x5	HG002-qp0pfqh42zyaqs	E2:5x5	1.82	5.17	segdup_RCCX1_vcf.vcf-sv-stats	1	1	0	0.9012	1.1e-05	0.0005006666666666666	1.1111111111111112e-05
OBS04	E2	prod-cand-1703-hg002-bjuice-v2-seqkitfix-20260815T080300Z	5x5	HG002-qp0pfqh42zyaqs	E2:5x5	1.82	5.17	segdup_RHD_vcf.vcf-sv-stats	1	1	0	1.1689	2.6e-05	0.0006493888888888889	7.500000000000001e-05
OBS04	E2	prod-cand-1703-hg002-bjuice-v2-seqkitfix-20260815T080300Z	5x5	HG002-qp0pfqh42zyaqs	E2:5x5	1.82	5.17	segdup_SBDS_vcf.vcf-sv-stats	1	1	0	1.0971	2.4e-05	0.0006095	1.6666666666666667e-05
OBS04	E2	prod-cand-1703-hg002-bjuice-v2-seqkitfix-20260815T080300Z	5x5	HG002-qp0pfqh42zyaqs	E2:5x5	1.82	5.17	segdup_SMN1_vcf.vcf-sv-stats	1	1	0	1.002	2.2e-05	0.0005566666666666667	2.4999999999999998e-05
OBS04	E2	prod-cand-1703-hg002-bjuice-v2-seqkitfix-20260815T080300Z	5x5	HG002-qp0pfqh42zyaqs	E2:5x5	1.82	5.17	segdup_STRC_vcf.vcf-sv-stats	1	1	0	0.9727	2e-05	0.0005403888888888889	0.0
OBS04	E2	prod-cand-1703-hg002-bjuice-v2-seqkitfix-20260815T080300Z	5x5	HG002-qp0pfqh42zyaqs	E2:5x5	1.82	5.17	sentdhiomr2.command-manifest	1	1	0	87.9849	0.123609	3.128352	0.0
OBS04	E2	prod-cand-1703-hg002-bjuice-v2-seqkitfix-20260815T080300Z	5x5	HG002-qp0pfqh42zyaqs	E2:5x5	1.82	5.17	sentdhiomr2.five-chromosome-hard-vcf	1	1	0	87.2558	0.122585	3.102428444444444	0.00023055555555555554
OBS04	E2	prod-cand-1703-hg002-bjuice-v2-seqkitfix-20260815T080300Z	5x5	HG002-qp0pfqh42zyaqs	E2:5x5	1.82	5.17	sentdhiomr2.hybrid-cli172i-core	1	1	0	6381.6816	4.963885	226.90423466666667	0.0021194444444444446
OBS04	E2	prod-cand-1703-hg002-bjuice-v2-seqkitfix-20260815T080300Z	5x5	HG002-qp0pfqh42zyaqs	E2:5x5	1.82	5.17	sentdhiomr2.hybrid-cli172i-finalize-1	1	1	0	504.9237	0.022093	0.5610263333333333	0.02292777777777778
OBS04	E2	prod-cand-1703-hg002-bjuice-v2-seqkitfix-20260815T080300Z	5x5	HG002-qp0pfqh42zyaqs	E2:5x5	1.82	5.17	sentdhiomr2.hybrid-cli172i-finalize-10	1	1	0	293.4744	0.012841	0.3260826666666667	0.012552777777777777
OBS04	E2	prod-cand-1703-hg002-bjuice-v2-seqkitfix-20260815T080300Z	5x5	HG002-qp0pfqh42zyaqs	E2:5x5	1.82	5.17	sentdhiomr2.hybrid-cli172i-finalize-11	1	1	0	236.76	0.009921	0.26306666666666667	0.008741666666666667
OBS04	E2	prod-cand-1703-hg002-bjuice-v2-seqkitfix-20260815T080300Z	5x5	HG002-qp0pfqh42zyaqs	E2:5x5	1.82	5.17	sentdhiomr2.hybrid-cli172i-finalize-12	1	1	0	228.37	0.009094	0.25374444444444444	0.010930555555555556
OBS04	E2	prod-cand-1703-hg002-bjuice-v2-seqkitfix-20260815T080300Z	5x5	HG002-qp0pfqh42zyaqs	E2:5x5	1.82	5.17	sentdhiomr2.hybrid-cli172i-finalize-13	1	1	0	169.553	0.007105	0.1883922222222222	0.007463888888888889
OBS04	E2	prod-cand-1703-hg002-bjuice-v2-seqkitfix-20260815T080300Z	5x5	HG002-qp0pfqh42zyaqs	E2:5x5	1.82	5.17	sentdhiomr2.hybrid-cli172i-finalize-14	1	1	0	156.7495	0.006568	0.17416611111111113	0.00205
OBS04	E2	prod-cand-1703-hg002-bjuice-v2-seqkitfix-20260815T080300Z	5x5	HG002-qp0pfqh42zyaqs	E2:5x5	1.82	5.17	sentdhiomr2.hybrid-cli172i-finalize-15	1	1	0	192.9398	0.008442	0.21437755555555554	0.0017305555555555557
OBS04	E2	prod-cand-1703-hg002-bjuice-v2-seqkitfix-20260815T080300Z	5x5	HG002-qp0pfqh42zyaqs	E2:5x5	1.82	5.17	sentdhiomr2.hybrid-cli172i-finalize-16	1	1	0	151.5401	0.006034	0.16837788888888888	0.0032416666666666666
OBS04	E2	prod-cand-1703-hg002-bjuice-v2-seqkitfix-20260815T080300Z	5x5	HG002-qp0pfqh42zyaqs	E2:5x5	1.82	5.17	sentdhiomr2.hybrid-cli172i-finalize-17	1	1	0	153.6538	0.006118	0.17072644444444443	0.002466666666666667
OBS04	E2	prod-cand-1703-hg002-bjuice-v2-seqkitfix-20260815T080300Z	5x5	HG002-qp0pfqh42zyaqs	E2:5x5	1.82	5.17	sentdhiomr2.hybrid-cli172i-finalize-18	1	1	0	168.5392	0.007374	0.18726577777777778	0.0076972222222222225
OBS04	E2	prod-cand-1703-hg002-bjuice-v2-seqkitfix-20260815T080300Z	5x5	HG002-qp0pfqh42zyaqs	E2:5x5	1.82	5.17	sentdhiomr2.hybrid-cli172i-finalize-19	1	1	0	110.8262	0.004644	0.12314022222222222	0.004008333333333333
OBS04	E2	prod-cand-1703-hg002-bjuice-v2-seqkitfix-20260815T080300Z	5x5	HG002-qp0pfqh42zyaqs	E2:5x5	1.82	5.17	sentdhiomr2.hybrid-cli172i-finalize-2	1	1	0	392.3819	0.015625	0.43597988888888883	0.016408333333333334
OBS04	E2	prod-cand-1703-hg002-bjuice-v2-seqkitfix-20260815T080300Z	5x5	HG002-qp0pfqh42zyaqs	E2:5x5	1.82	5.17	sentdhiomr2.hybrid-cli172i-finalize-20	1	1	0	120.0468	0.00503	0.13338533333333333	0.0019555555555555554
OBS04	E2	prod-cand-1703-hg002-bjuice-v2-seqkitfix-20260815T080300Z	5x5	HG002-qp0pfqh42zyaqs	E2:5x5	1.82	5.17	sentdhiomr2.hybrid-cli172i-finalize-21	1	1	0	69.2585	0.002758	0.07695388888888889	0.008727777777777779
OBS04	E2	prod-cand-1703-hg002-bjuice-v2-seqkitfix-20260815T080300Z	5x5	HG002-qp0pfqh42zyaqs	E2:5x5	1.82	5.17	sentdhiomr2.hybrid-cli172i-finalize-22	1	1	0	98.5834	0.004313	0.10953711111111111	0.014886111111111112
OBS04	E2	prod-cand-1703-hg002-bjuice-v2-seqkitfix-20260815T080300Z	5x5	HG002-qp0pfqh42zyaqs	E2:5x5	1.82	5.17	sentdhiomr2.hybrid-cli172i-finalize-23	1	1	0	122.4923	0.004878	0.13610255555555556	0.0022277777777777777
OBS04	E2	prod-cand-1703-hg002-bjuice-v2-seqkitfix-20260815T080300Z	5x5	HG002-qp0pfqh42zyaqs	E2:5x5	1.82	5.17	sentdhiomr2.hybrid-cli172i-finalize-24	1	1	0	37.2655	0.001562	0.041406111111111116	0.0
OBS04	E2	prod-cand-1703-hg002-bjuice-v2-seqkitfix-20260815T080300Z	5x5	HG002-qp0pfqh42zyaqs	E2:5x5	1.82	5.17	sentdhiomr2.hybrid-cli172i-finalize-25	1	1	0	17.1579	0.000479	0.019064333333333336	0.0
OBS04	E2	prod-cand-1703-hg002-bjuice-v2-seqkitfix-20260815T080300Z	5x5	HG002-qp0pfqh42zyaqs	E2:5x5	1.82	5.17	sentdhiomr2.hybrid-cli172i-finalize-3	1	1	0	333.238	0.013964	0.37026444444444445	0.012422222222222222
OBS04	E2	prod-cand-1703-hg002-bjuice-v2-seqkitfix-20260815T080300Z	5x5	HG002-qp0pfqh42zyaqs	E2:5x5	1.82	5.17	sentdhiomr2.hybrid-cli172i-finalize-4	1	1	0	405.806	0.017756	0.45089555555555555	0.012269444444444446
OBS04	E2	prod-cand-1703-hg002-bjuice-v2-seqkitfix-20260815T080300Z	5x5	HG002-qp0pfqh42zyaqs	E2:5x5	1.82	5.17	sentdhiomr2.hybrid-cli172i-finalize-5	1	1	0	376.203	0.016461	0.4180033333333333	6.38888888888889e-05
OBS04	E2	prod-cand-1703-hg002-bjuice-v2-seqkitfix-20260815T080300Z	5x5	HG002-qp0pfqh42zyaqs	E2:5x5	1.82	5.17	sentdhiomr2.hybrid-cli172i-finalize-6	1	1	0	274.1269	0.010916	0.3045854444444444	0.009813888888888888
OBS04	E2	prod-cand-1703-hg002-bjuice-v2-seqkitfix-20260815T080300Z	5x5	HG002-qp0pfqh42zyaqs	E2:5x5	1.82	5.17	sentdhiomr2.hybrid-cli172i-finalize-7	1	1	0	267.7031	0.011218	0.2974478888888889	0.010549999999999999
OBS04	E2	prod-cand-1703-hg002-bjuice-v2-seqkitfix-20260815T080300Z	5x5	HG002-qp0pfqh42zyaqs	E2:5x5	1.82	5.17	sentdhiomr2.hybrid-cli172i-finalize-8	1	1	0	235.2459	0.009858	0.26138433333333333	0.010066666666666666
OBS04	E2	prod-cand-1703-hg002-bjuice-v2-seqkitfix-20260815T080300Z	5x5	HG002-qp0pfqh42zyaqs	E2:5x5	1.82	5.17	sentdhiomr2.hybrid-cli172i-finalize-9	1	1	0	259.9724	0.011375	0.28885822222222224	0.012041666666666668
OBS04	E2	prod-cand-1703-hg002-bjuice-v2-seqkitfix-20260815T080300Z	5x5	HG002-qp0pfqh42zyaqs	E2:5x5	1.82	5.17	sentdhiomr2.hybrid-cli172i-gather	1	1	0	280.1837	0.022696	0.6226304444444444	0.04023055555555556
OBS04	E2	prod-cand-1703-hg002-bjuice-v2-seqkitfix-20260815T080300Z	5x5	HG002-qp0pfqh42zyaqs	E2:5x5	1.82	5.17	sentdhiomr2.inflection-analytical-ancillary	1	1	0	1.3688	0.001923	0.048668444444444445	2.4999999999999998e-05
OBS04	E2	prod-cand-1703-hg002-bjuice-v2-seqkitfix-20260815T080300Z	5x5	HG002-qp0pfqh42zyaqs	E2:5x5	1.82	5.17	sentdhiomr2.inflection-analytical.prod-cand-1703-hg002-bjuice-v2-seqkitfix-20260815T080300Z	1	1	0	356.9851	0.31853	12.692803555555555	0.05423055555555555
OBS04	E2	prod-cand-1703-hg002-bjuice-v2-seqkitfix-20260815T080300Z	5x5	HG002-qp0pfqh42zyaqs	E2:5x5	1.82	5.17	sentdhiomr2.inflection-multiqc-stage	1	1	0	45.731	0.000361	0.012703055555555556	0.0041333333333333335
OBS04	E2	prod-cand-1703-hg002-bjuice-v2-seqkitfix-20260815T080300Z	5x5	HG002-qp0pfqh42zyaqs	E2:5x5	1.82	5.17	sentdhiomr2.inflection-multiqc	1	1	0	28.8246	0.000158	0.008006833333333333	0.003547222222222222
OBS04	E2	prod-cand-1703-hg002-bjuice-v2-seqkitfix-20260815T080300Z	5x5	HG002-qp0pfqh42zyaqs	E2:5x5	1.82	5.17	sentdhiomr2.mito	1	1	0	53.0515	0.038894	1.8862755555555555	0.0
OBS04	E2	prod-cand-1703-hg002-bjuice-v2-seqkitfix-20260815T080300Z	5x5	HG002-qp0pfqh42zyaqs	E2:5x5	1.82	5.17	sentdhiomr2.normalize-smn12	1	1	0	0.1675	1e-06	4.652777777777778e-05	0.0
OBS04	E2	prod-cand-1703-hg002-bjuice-v2-seqkitfix-20260815T080300Z	5x5	HG002-qp0pfqh42zyaqs	E2:5x5	1.82	5.17	sentdhiomr2.roh_upd	1	1	0	327.1917	0.424059	11.633482666666668	0.09103611111111111
OBS04	E2	prod-cand-1703-hg002-bjuice-v2-seqkitfix-20260815T080300Z	5x5	HG002-qp0pfqh42zyaqs	E2:5x5	1.82	5.17	sentdhiomr2.rsr-publish	1	1	0	6.652	5.3e-05	0.0018477777777777778	0.0003444444444444444
OBS04	E2	prod-cand-1703-hg002-bjuice-v2-seqkitfix-20260815T080300Z	5x5	HG002-qp0pfqh42zyaqs	E2:5x5	1.82	5.17	sentdhiomr2.scope	1	1	0	0.6987	6e-06	0.00019408333333333333	2.777777777777778e-06
OBS04	E2	prod-cand-1703-hg002-bjuice-v2-seqkitfix-20260815T080300Z	5x5	HG002-qp0pfqh42zyaqs	E2:5x5	1.82	5.17	sentdhiomr2.segdup.CFH	1	1	0	196.4436	0.175282	6.984661333333333	0.020638888888888887
OBS04	E2	prod-cand-1703-hg002-bjuice-v2-seqkitfix-20260815T080300Z	5x5	HG002-qp0pfqh42zyaqs	E2:5x5	1.82	5.17	sentdhiomr2.segdup.CYP11B1	1	1	0	117.8102	0.159513	4.188807111111111	0.013591666666666667
OBS04	E2	prod-cand-1703-hg002-bjuice-v2-seqkitfix-20260815T080300Z	5x5	HG002-qp0pfqh42zyaqs	E2:5x5	1.82	5.17	sentdhiomr2.segdup.CYP2A6	1	1	0	81.2275	0.10998	2.888088888888889	0.009058333333333333
OBS04	E2	prod-cand-1703-hg002-bjuice-v2-seqkitfix-20260815T080300Z	5x5	HG002-qp0pfqh42zyaqs	E2:5x5	1.82	5.17	sentdhiomr2.segdup.CYP2B6	1	1	0	110.4943	0.149607	3.928686222222222	0.04864444444444445
OBS04	E2	prod-cand-1703-hg002-bjuice-v2-seqkitfix-20260815T080300Z	5x5	HG002-qp0pfqh42zyaqs	E2:5x5	1.82	5.17	sentdhiomr2.segdup.CYP2D6	1	1	0	85.8586	0.091177	3.052750222222222	0.01248888888888889
OBS04	E2	prod-cand-1703-hg002-bjuice-v2-seqkitfix-20260815T080300Z	5x5	HG002-qp0pfqh42zyaqs	E2:5x5	1.82	5.17	sentdhiomr2.segdup.GBA	1	1	0	186.2313	0.241366	6.6215573333333335	0.038525
OBS04	E2	prod-cand-1703-hg002-bjuice-v2-seqkitfix-20260815T080300Z	5x5	HG002-qp0pfqh42zyaqs	E2:5x5	1.82	5.17	sentdhiomr2.segdup.HBA	1	1	0	154.8504	0.217548	5.5057920000000005	0.009041666666666667
OBS04	E2	prod-cand-1703-hg002-bjuice-v2-seqkitfix-20260815T080300Z	5x5	HG002-qp0pfqh42zyaqs	E2:5x5	1.82	5.17	sentdhiomr2.segdup.IKBKG	1	1	0	118.4925	0.166469	4.213066666666667	0.029569444444444447
OBS04	E2	prod-cand-1703-hg002-bjuice-v2-seqkitfix-20260815T080300Z	5x5	HG002-qp0pfqh42zyaqs	E2:5x5	1.82	5.17	sentdhiomr2.segdup.LPA	1	1	0	49.4322	0.069447	1.7575893333333334	0.006805555555555555
OBS04	E2	prod-cand-1703-hg002-bjuice-v2-seqkitfix-20260815T080300Z	5x5	HG002-qp0pfqh42zyaqs	E2:5x5	1.82	5.17	sentdhiomr2.segdup.NCF1	1	1	0	141.9699	0.199452	5.047818666666666	0.05266111111111112
OBS04	E2	prod-cand-1703-hg002-bjuice-v2-seqkitfix-20260815T080300Z	5x5	HG002-qp0pfqh42zyaqs	E2:5x5	1.82	5.17	sentdhiomr2.segdup.OTOA	1	1	0	119.0288	0.167222	4.232135111111111	0.012472222222222221
OBS04	E2	prod-cand-1703-hg002-bjuice-v2-seqkitfix-20260815T080300Z	5x5	HG002-qp0pfqh42zyaqs	E2:5x5	1.82	5.17	sentdhiomr2.segdup.PMS2	1	1	0	180.3027	0.1392	6.410762666666666	0.016183333333333334
OBS04	E2	prod-cand-1703-hg002-bjuice-v2-seqkitfix-20260815T080300Z	5x5	HG002-qp0pfqh42zyaqs	E2:5x5	1.82	5.17	sentdhiomr2.segdup.RCCX	1	1	0	175.7794	0.24695	6.2499342222222225	0.021627777777777777
OBS04	E2	prod-cand-1703-hg002-bjuice-v2-seqkitfix-20260815T080300Z	5x5	HG002-qp0pfqh42zyaqs	E2:5x5	1.82	5.17	sentdhiomr2.segdup.RH	1	1	0	194.4544	0.350104	6.913934222222222	0.021558333333333332
OBS04	E2	prod-cand-1703-hg002-bjuice-v2-seqkitfix-20260815T080300Z	5x5	HG002-qp0pfqh42zyaqs	E2:5x5	1.82	5.17	sentdhiomr2.segdup.SBDS	1	1	0	129.1814	0.167426	4.593116444444444	0.03275555555555556
OBS04	E2	prod-cand-1703-hg002-bjuice-v2-seqkitfix-20260815T080300Z	5x5	HG002-qp0pfqh42zyaqs	E2:5x5	1.82	5.17	sentdhiomr2.segdup.SMN1	1	1	0	158.8232	0.223129	5.647047111111112	0.012258333333333335
OBS04	E2	prod-cand-1703-hg002-bjuice-v2-seqkitfix-20260815T080300Z	5x5	HG002-qp0pfqh42zyaqs	E2:5x5	1.82	5.17	sentdhiomr2.segdup.STRC	1	1	0	96.5077	0.13067	3.4313848888888887	0.016263888888888887
OBS04	E2	prod-cand-1703-hg002-bjuice-v2-seqkitfix-20260815T080300Z	5x5	HG002-qp0pfqh42zyaqs	E2:5x5	1.82	5.17	sentdhiomr2.slim-longreadsv-normalize	1	1	0	4.0646	0.000908	0.03612977777777778	0.0005361111111111111
OBS04	E2	prod-cand-1703-hg002-bjuice-v2-seqkitfix-20260815T080300Z	5x5	HG002-qp0pfqh42zyaqs	E2:5x5	1.82	5.17	sentdhiomr2.slim-sniffles2-normalize	1	1	0	1.7501	0.000553	0.015556444444444444	0.0004277777777777778
OBS04	E2	prod-cand-1703-hg002-bjuice-v2-seqkitfix-20260815T080300Z	5x5	HG002-qp0pfqh42zyaqs	E2:5x5	1.82	5.17	sentdhiomr2.slim-tag-cnv	1	1	0	17.3632	0.006098	0.15433955555555554	0.004044444444444444
OBS04	E2	prod-cand-1703-hg002-bjuice-v2-seqkitfix-20260815T080300Z	5x5	HG002-qp0pfqh42zyaqs	E2:5x5	1.82	5.17	sentdhiomr2.slim-tag-sv	1	1	0	204.9608	0.039559	1.8218737777777778	0.05409722222222222
OBS04	E2	prod-cand-1703-hg002-bjuice-v2-seqkitfix-20260815T080300Z	5x5	HG002-qp0pfqh42zyaqs	E2:5x5	1.82	5.17	sentdhiomr2.slim-tiddit-normalize	1	1	0	1.3569	0.000477	0.012061333333333334	0.0010333333333333334
OBS04	E2	prod-cand-1703-hg002-bjuice-v2-seqkitfix-20260815T080300Z	5x5	HG002-qp0pfqh42zyaqs	E2:5x5	1.82	5.17	sentdhiomr2.slim-tiddit-repair	1	1	0	3.7036	0.001254	0.03292088888888889	2.777777777777778e-06
OBS04	E2	prod-cand-1703-hg002-bjuice-v2-seqkitfix-20260815T080300Z	5x5	HG002-qp0pfqh42zyaqs	E2:5x5	1.82	5.17	sentdhiomr2.slim-trussv	1	1	0	4.9162	0.001097	0.043699555555555554	0.00020277777777777777
OBS04	E2	prod-cand-1703-hg002-bjuice-v2-seqkitfix-20260815T080300Z	5x5	HG002-qp0pfqh42zyaqs	E2:5x5	1.82	5.17	sentdhiomr2.slim-truvari-aggregate	1	1	0	0.2444	2e-06	6.788888888888888e-05	0.0
OBS04	E2	prod-cand-1703-hg002-bjuice-v2-seqkitfix-20260815T080300Z	5x5	HG002-qp0pfqh42zyaqs	E2:5x5	1.82	5.17	sentdhiomr2.slim-truvari-longreadsv	1	1	0	167.2581	0.056616	1.4867386666666669	8.333333333333334e-06
OBS04	E2	prod-cand-1703-hg002-bjuice-v2-seqkitfix-20260815T080300Z	5x5	HG002-qp0pfqh42zyaqs	E2:5x5	1.82	5.17	sentdhiomr2.slim-truvari-sniffles2	1	1	0	158.1839	0.050004	1.406079111111111	0.03831388888888889
OBS04	E2	prod-cand-1703-hg002-bjuice-v2-seqkitfix-20260815T080300Z	5x5	HG002-qp0pfqh42zyaqs	E2:5x5	1.82	5.17	sentdhiomr2.slim-truvari-tagged_trussv	1	1	0	208.2088	0.073128	1.8507448888888889	0.05430833333333333
OBS04	E2	prod-cand-1703-hg002-bjuice-v2-seqkitfix-20260815T080300Z	5x5	HG002-qp0pfqh42zyaqs	E2:5x5	1.82	5.17	sentdhiomr2.slim-truvari-tiddit	1	1	0	194.217	0.068213	1.7263733333333335	0.045755555555555556
OBS04	E2	prod-cand-1703-hg002-bjuice-v2-seqkitfix-20260815T080300Z	5x5	HG002-qp0pfqh42zyaqs	E2:5x5	1.82	5.17	sentdhiomr2.sniffles2	1	1	0	41.6086	0.052613	1.479416888888889	0.0035555555555555557
OBS04	E2	prod-cand-1703-hg002-bjuice-v2-seqkitfix-20260815T080300Z	5x5	HG002-qp0pfqh42zyaqs	E2:5x5	1.82	5.17	sentdhiomr2.sr-prepare	1	1	0	820.8641	1.556928	43.77941866666667	0.013244444444444444
OBS04	E2	prod-cand-1703-hg002-bjuice-v2-seqkitfix-20260815T080300Z	5x5	HG002-qp0pfqh42zyaqs	E2:5x5	1.82	5.17	sentdhiomr2.terminal-hybrid-validate	1	1	0	383.292	0.342003	13.62816	0.09744444444444444
OBS04	E2	prod-cand-1703-hg002-bjuice-v2-seqkitfix-20260815T080300Z	5x5	HG002-qp0pfqh42zyaqs	E2:5x5	1.82	5.17	sentdhiomr2.tiddit	1	1	0	203.7068	0.25758	7.242908444444444	6.111111111111111e-05
OBS04	E2	prod-cand-1703-hg002-bjuice-v2-seqkitfix-20260815T080300Z	5x5	HG002-qp0pfqh42zyaqs	E2:5x5	1.82	5.17	sentdhiomr2.tiddit.sort	1	1	0	0.6553	0.000918	0.023299555555555556	0.0
OBS04	E2	prod-cand-1703-hg002-bjuice-v2-seqkitfix-20260815T080300Z	5x5	HG002-qp0pfqh42zyaqs	E2:5x5	1.82	5.17	sentdhiomr2lr.na.alignstats	1	1	0	79.9069	0.003348	0.08878544444444443	0.06040277777777778
OBS04	E2	prod-cand-1703-hg002-bjuice-v2-seqkitfix-20260815T080300Z	5x5	HG002-qp0pfqh42zyaqs	E2:5x5	1.82	5.17	sentdhiomr2lr.na.coverage_evenness_two	1	1	0	218.4878	0.034534	0.9710568888888889	0.6683527777777778
OBS04	E2	prod-cand-1703-hg002-bjuice-v2-seqkitfix-20260815T080300Z	5x5	HG002-qp0pfqh42zyaqs	E2:5x5	1.82	5.17	sentdhiomr2lr.na.gatk_contam	1	1	0	6.9119	0.000137	0.0038399444444444444	0.001563888888888889
OBS04	E2	prod-cand-1703-hg002-bjuice-v2-seqkitfix-20260815T080300Z	5x5	HG002-qp0pfqh42zyaqs	E2:5x5	1.82	5.17	sentdhiomr2lr.na.goleft	1	1	0	1.3292	2.8e-05	0.0007384444444444445	0.00019444444444444443
OBS04	E2	prod-cand-1703-hg002-bjuice-v2-seqkitfix-20260815T080300Z	5x5	HG002-qp0pfqh42zyaqs	E2:5x5	1.82	5.17	sentdhiomr2lr.na.infer_sex_complement	1	1	0	0.7127	4e-06	0.0001979722222222222	8.333333333333334e-06
OBS04	E2	prod-cand-1703-hg002-bjuice-v2-seqkitfix-20260815T080300Z	5x5	HG002-qp0pfqh42zyaqs	E2:5x5	1.82	5.17	sentdhiomr2lr.na.mosdepth	1	1	0	97.6873	0.00386	0.10854144444444444	0.025636111111111113
OBS04	E2	prod-cand-1703-hg002-bjuice-v2-seqkitfix-20260815T080300Z	5x5	HG002-qp0pfqh42zyaqs	E2:5x5	1.82	5.17	sentdhiomr2lr.na.norm_cov_eveness	1	1	0	395.1388	0.016558	0.4390431111111111	0.0013638888888888889
OBS04	E2	prod-cand-1703-hg002-bjuice-v2-seqkitfix-20260815T080300Z	5x5	HG002-qp0pfqh42zyaqs	E2:5x5	1.82	5.17	sentdhiomr2lr.na.p.ganon2_multiqc_log	1	0	1	0.0842	0	0	0
OBS04	E2	prod-cand-1703-hg002-bjuice-v2-seqkitfix-20260815T080300Z	5x5	HG002-qp0pfqh42zyaqs	E2:5x5	1.82	5.17	sentdhiomr2lr.na.p.unmapped_metagenomics_ganon2_quick	1	1	0	44.9984	0.063004	1.599943111111111	0.0008416666666666666
OBS04	E2	prod-cand-1703-hg002-bjuice-v2-seqkitfix-20260815T080300Z	5x5	HG002-qp0pfqh42zyaqs	E2:5x5	1.82	5.17	sentdhiomr2lr.na.samt	1	1	0	232.9	0.009203	0.2587777777777778	0.10105555555555557
OBS04	E2	prod-cand-1703-hg002-bjuice-v2-seqkitfix-20260815T080300Z	5x5	HG002-qp0pfqh42zyaqs	E2:5x5	1.82	5.17	sentdhiomr2lr.na.sex_complement_somalier_metrics	1	1	0	1.044	1.3e-05	0.00058	0.0
OBS04	E2	prod-cand-1703-hg002-bjuice-v2-seqkitfix-20260815T080300Z	5x5	HG002-qp0pfqh42zyaqs	E2:5x5	1.82	5.17	sentdhiomr2lr.na.site_mix_contam	1	1	0	10.2197	0.000101	0.0028388055555555554	0.002475
OBS04	E2	prod-cand-1703-hg002-bjuice-v2-seqkitfix-20260815T080300Z	5x5	HG002-qp0pfqh42zyaqs	E2:5x5	1.82	5.17	sentdhiomr2lr.na.site_mix_contam_pileups	1	1	0	793.0518	0.031337	0.8811686666666666	0.2182111111111111
OBS04	E2	prod-cand-1703-hg002-bjuice-v2-seqkitfix-20260815T080300Z	5x5	HG002-qp0pfqh42zyaqs	E2:5x5	1.82	5.17	sentdhiomr2rsr.na.alignstats	1	1	0	47.3649	0.001321	0.05262766666666666	0.022375
OBS04	E2	prod-cand-1703-hg002-bjuice-v2-seqkitfix-20260815T080300Z	5x5	HG002-qp0pfqh42zyaqs	E2:5x5	1.82	5.17	sentdhiomr2rsr.na.coverage_evenness_two	1	1	0	285.8387	0.050196	1.2703942222222222	0.9427861111111112
OBS04	E2	prod-cand-1703-hg002-bjuice-v2-seqkitfix-20260815T080300Z	5x5	HG002-qp0pfqh42zyaqs	E2:5x5	1.82	5.17	sentdhiomr2rsr.na.gatk_contam	1	1	0	4.4319	9e-05	0.0024621666666666663	0.0013444444444444443
OBS04	E2	prod-cand-1703-hg002-bjuice-v2-seqkitfix-20260815T080300Z	5x5	HG002-qp0pfqh42zyaqs	E2:5x5	1.82	5.17	sentdhiomr2rsr.na.goleft	1	1	0	1.5188	3.2e-05	0.0008437777777777777	0.00019999999999999998
OBS04	E2	prod-cand-1703-hg002-bjuice-v2-seqkitfix-20260815T080300Z	5x5	HG002-qp0pfqh42zyaqs	E2:5x5	1.82	5.17	sentdhiomr2rsr.na.infer_sex_complement	1	1	0	0.78	8e-06	0.00021666666666666668	2.777777777777778e-06
OBS04	E2	prod-cand-1703-hg002-bjuice-v2-seqkitfix-20260815T080300Z	5x5	HG002-qp0pfqh42zyaqs	E2:5x5	1.82	5.17	sentdhiomr2rsr.na.mosdepth	1	1	0	85.9739	0.002175	0.09552655555555556	0.021852777777777777
OBS04	E2	prod-cand-1703-hg002-bjuice-v2-seqkitfix-20260815T080300Z	5x5	HG002-qp0pfqh42zyaqs	E2:5x5	1.82	5.17	sentdhiomr2rsr.na.norm_cov_eveness	1	1	0	430.4489	0.017434	0.47827655555555554	0.000575
OBS04	E2	prod-cand-1703-hg002-bjuice-v2-seqkitfix-20260815T080300Z	5x5	HG002-qp0pfqh42zyaqs	E2:5x5	1.82	5.17	sentdhiomr2rsr.na.p.ganon2_multiqc_log	1	0	1	0.2294	0	0	0
OBS04	E2	prod-cand-1703-hg002-bjuice-v2-seqkitfix-20260815T080300Z	5x5	HG002-qp0pfqh42zyaqs	E2:5x5	1.82	5.17	sentdhiomr2rsr.na.p.unmapped_metagenomics_ganon2_quick	1	1	0	63.0603	0.08173	2.242144	0.48886388888888893
OBS04	E2	prod-cand-1703-hg002-bjuice-v2-seqkitfix-20260815T080300Z	5x5	HG002-qp0pfqh42zyaqs	E2:5x5	1.82	5.17	sentdhiomr2rsr.na.samt	1	1	0	63.9798	0.002591	0.07108866666666666	0.018533333333333332
OBS04	E2	prod-cand-1703-hg002-bjuice-v2-seqkitfix-20260815T080300Z	5x5	HG002-qp0pfqh42zyaqs	E2:5x5	1.82	5.17	sentdhiomr2rsr.na.sex_complement_somalier_metrics	1	1	0	0.542	6e-06	0.00030111111111111115	5.555555555555556e-06
OBS04	E2	prod-cand-1703-hg002-bjuice-v2-seqkitfix-20260815T080300Z	5x5	HG002-qp0pfqh42zyaqs	E2:5x5	1.82	5.17	sentdhiomr2rsr.na.site_mix_contam	1	1	0	4.9211	5e-05	0.0013669722222222223	0.0011361111111111112
OBS04	E2	prod-cand-1703-hg002-bjuice-v2-seqkitfix-20260815T080300Z	5x5	HG002-qp0pfqh42zyaqs	E2:5x5	1.82	5.17	sentdhiomr2rsr.na.site_mix_contam_pileups	1	1	0	179.4332	0.007592	0.19937022222222223	0.03685555555555556
OBS04	E2	prod-cand-1703-hg002-bjuice-v2-seqkitfix-20260815T080300Z	5x5	HG002-qp0pfqh42zyaqs	E2:5x5	1.82	5.17	sentdhiomr2sr.smd.alignstats	1	1	0	113.4615	0.004754	0.12606833333333334	0.060566666666666664
OBS04	E2	prod-cand-1703-hg002-bjuice-v2-seqkitfix-20260815T080300Z	5x5	HG002-qp0pfqh42zyaqs	E2:5x5	1.82	5.17	sentdhiomr2sr.smd.coverage_evenness_two	1	1	0	228.8529	0.036172	1.017124	0.6783805555555555
OBS04	E2	prod-cand-1703-hg002-bjuice-v2-seqkitfix-20260815T080300Z	5x5	HG002-qp0pfqh42zyaqs	E2:5x5	1.82	5.17	sentdhiomr2sr.smd.gatk_contam	1	1	0	7.8268	0.000171	0.004348222222222222	0.0026444444444444445
OBS04	E2	prod-cand-1703-hg002-bjuice-v2-seqkitfix-20260815T080300Z	5x5	HG002-qp0pfqh42zyaqs	E2:5x5	1.82	5.17	sentdhiomr2sr.smd.goleft	1	1	0	1.3676	1.7e-05	0.0007597777777777777	0.0001888888888888889
OBS04	E2	prod-cand-1703-hg002-bjuice-v2-seqkitfix-20260815T080300Z	5x5	HG002-qp0pfqh42zyaqs	E2:5x5	1.82	5.17	sentdhiomr2sr.smd.infer_sex_complement	1	1	0	0.5666	4e-06	0.00015738888888888888	5.555555555555556e-06
OBS04	E2	prod-cand-1703-hg002-bjuice-v2-seqkitfix-20260815T080300Z	5x5	HG002-qp0pfqh42zyaqs	E2:5x5	1.82	5.17	sentdhiomr2sr.smd.mosdepth	1	1	0	94.9144	0.00375	0.10546044444444444	0.02653611111111111
OBS04	E2	prod-cand-1703-hg002-bjuice-v2-seqkitfix-20260815T080300Z	5x5	HG002-qp0pfqh42zyaqs	E2:5x5	1.82	5.17	sentdhiomr2sr.smd.norm_cov_eveness	1	1	0	417.0786	0.016481	0.46342066666666665	0.0011555555555555555
OBS04	E2	prod-cand-1703-hg002-bjuice-v2-seqkitfix-20260815T080300Z	5x5	HG002-qp0pfqh42zyaqs	E2:5x5	1.82	5.17	sentdhiomr2sr.smd.p.ganon2_multiqc_log	1	1	0	0.0508	0.0	1.411111111111111e-05	0.0
OBS04	E2	prod-cand-1703-hg002-bjuice-v2-seqkitfix-20260815T080300Z	5x5	HG002-qp0pfqh42zyaqs	E2:5x5	1.82	5.17	sentdhiomr2sr.smd.p.unmapped_metagenomics_ganon2_quick	1	1	0	260.8468	0.349776	9.274552888888888	0.023836111111111113
OBS04	E2	prod-cand-1703-hg002-bjuice-v2-seqkitfix-20260815T080300Z	5x5	HG002-qp0pfqh42zyaqs	E2:5x5	1.82	5.17	sentdhiomr2sr.smd.samt	1	1	0	214.2376	0.008465	0.23804177777777777	0.08758333333333333
OBS04	E2	prod-cand-1703-hg002-bjuice-v2-seqkitfix-20260815T080300Z	5x5	HG002-qp0pfqh42zyaqs	E2:5x5	1.82	5.17	sentdhiomr2sr.smd.sex_complement_somalier_metrics	1	1	0	0.6939	1.5e-05	0.0003855	0.0
OBS04	E2	prod-cand-1703-hg002-bjuice-v2-seqkitfix-20260815T080300Z	5x5	HG002-qp0pfqh42zyaqs	E2:5x5	1.82	5.17	sentdhiomr2sr.smd.site_mix_contam	1	1	0	7.4399	7.8e-05	0.0020666388888888887	0.0017555555555555556
OBS04	E2	prod-cand-1703-hg002-bjuice-v2-seqkitfix-20260815T080300Z	5x5	HG002-qp0pfqh42zyaqs	E2:5x5	1.82	5.17	sentdhiomr2sr.smd.site_mix_contam_pileups	1	1	0	373.1586	0.014745	0.41462066666666664	0.09869722222222223
OBS04	E2	prod-cand-1703-hg002-bjuice-v2-seqkitfix-20260815T080300Z	5x5	HG002-qp0pfqh42zyaqs	E2:5x5	1.82	5.17	sentmm2ont.na.expansionhunter	1	1	0	6.8419	0.001108	0.030408444444444443	0.013852777777777776
OBS04	E2	prod-cand-1703-hg002-bjuice-v2-seqkitfix-20260815T080300Z	5x5	HG002-qp0pfqh42zyaqs	E2:5x5	1.82	5.17	sentmm2ont.na.expansionhunter_json_to_tsv	1	1	0	0.6705	7e-06	0.00018625	5.555555555555556e-06
OBS04	E2	prod-cand-1703-hg002-bjuice-v2-seqkitfix-20260815T080300Z	5x5	HG002-qp0pfqh42zyaqs	E2:5x5	1.82	5.17	sentmm2ont.na.sentdhiomr2.altair-v1.1.parse_vcfeval_summary	1	1	0	10.9801	0.000241	0.006100055555555556	5.555555555555556e-06
OBS04	E2	prod-cand-1703-hg002-bjuice-v2-seqkitfix-20260815T080300Z	5x5	HG002-qp0pfqh42zyaqs	E2:5x5	1.82	5.17	sentmm2ont.na.sentdhiomr2.altair-v1.1.rtg_vcfeval	1	1	0	62.8297	0.011034	0.2792431111111111	0.06406666666666666
OBS04	E2	prod-cand-1703-hg002-bjuice-v2-seqkitfix-20260815T080300Z	5x5	HG002-qp0pfqh42zyaqs	E2:5x5	1.82	5.17	sentmm2ont.na.sentdhiomr2.bcfstat	1	1	0	18.3673	0.00121	0.030612166666666666	0.005077777777777778
OBS04	E2	prod-cand-1703-hg002-bjuice-v2-seqkitfix-20260815T080300Z	5x5	HG002-qp0pfqh42zyaqs	E2:5x5	1.82	5.17	sentmm2ont.na.sentdhiomr2.chr1.vep	1	1	0	815.1046	0.035785	0.9056717777777777	0.013747222222222223
OBS04	E2	prod-cand-1703-hg002-bjuice-v2-seqkitfix-20260815T080300Z	5x5	HG002-qp0pfqh42zyaqs	E2:5x5	1.82	5.17	sentmm2ont.na.sentdhiomr2.chr1.vep_input	1	1	0	6.4535	7.1e-05	0.001792638888888889	0.00010277777777777778
OBS04	E2	prod-cand-1703-hg002-bjuice-v2-seqkitfix-20260815T080300Z	5x5	HG002-qp0pfqh42zyaqs	E2:5x5	1.82	5.17	sentmm2ont.na.sentdhiomr2.chr10.vep	1	1	0	463.1677	0.011678	0.5146307777777778	0.007941666666666666
OBS04	E2	prod-cand-1703-hg002-bjuice-v2-seqkitfix-20260815T080300Z	5x5	HG002-qp0pfqh42zyaqs	E2:5x5	1.82	5.17	sentmm2ont.na.sentdhiomr2.chr10.vep_input	1	1	0	4.5293	5e-05	0.001258138888888889	8.333333333333334e-06
OBS04	E2	prod-cand-1703-hg002-bjuice-v2-seqkitfix-20260815T080300Z	5x5	HG002-qp0pfqh42zyaqs	E2:5x5	1.82	5.17	sentmm2ont.na.sentdhiomr2.chr11.vep	1	1	0	412.1903	0.010393	0.4579892222222222	0.0068805555555555556
OBS04	E2	prod-cand-1703-hg002-bjuice-v2-seqkitfix-20260815T080300Z	5x5	HG002-qp0pfqh42zyaqs	E2:5x5	1.82	5.17	sentmm2ont.na.sentdhiomr2.chr11.vep_input	1	1	0	3.6562	4e-05	0.0010156111111111112	3.3333333333333335e-05
OBS04	E2	prod-cand-1703-hg002-bjuice-v2-seqkitfix-20260815T080300Z	5x5	HG002-qp0pfqh42zyaqs	E2:5x5	1.82	5.17	sentmm2ont.na.sentdhiomr2.chr12.vep	1	1	0	419.3709	0.010574	0.46596766666666667	0.010680555555555556
OBS04	E2	prod-cand-1703-hg002-bjuice-v2-seqkitfix-20260815T080300Z	5x5	HG002-qp0pfqh42zyaqs	E2:5x5	1.82	5.17	sentmm2ont.na.sentdhiomr2.chr12.vep_input	1	1	0	3.3546	3.7e-05	0.0009318333333333333	0.0005916666666666667
OBS04	E2	prod-cand-1703-hg002-bjuice-v2-seqkitfix-20260815T080300Z	5x5	HG002-qp0pfqh42zyaqs	E2:5x5	1.82	5.17	sentmm2ont.na.sentdhiomr2.chr13.vep	1	1	0	331.1567	0.014539	0.3679518888888889	0.009105555555555556
OBS04	E2	prod-cand-1703-hg002-bjuice-v2-seqkitfix-20260815T080300Z	5x5	HG002-qp0pfqh42zyaqs	E2:5x5	1.82	5.17	sentmm2ont.na.sentdhiomr2.chr13.vep_input	1	1	0	2.7143	3e-05	0.0007539722222222223	0.00044444444444444447
OBS04	E2	prod-cand-1703-hg002-bjuice-v2-seqkitfix-20260815T080300Z	5x5	HG002-qp0pfqh42zyaqs	E2:5x5	1.82	5.17	sentmm2ont.na.sentdhiomr2.chr14.vep	1	1	0	270.4906	0.011445	0.3005451111111111	0.0025
OBS04	E2	prod-cand-1703-hg002-bjuice-v2-seqkitfix-20260815T080300Z	5x5	HG002-qp0pfqh42zyaqs	E2:5x5	1.82	5.17	sentmm2ont.na.sentdhiomr2.chr14.vep_input	1	1	0	2.3654	2.6e-05	0.0006570555555555556	2.4999999999999998e-05
OBS04	E2	prod-cand-1703-hg002-bjuice-v2-seqkitfix-20260815T080300Z	5x5	HG002-qp0pfqh42zyaqs	E2:5x5	1.82	5.17	sentmm2ont.na.sentdhiomr2.chr15.vep	1	1	0	303.4761	0.007652	0.3371956666666666	0.006808333333333334
OBS04	E2	prod-cand-1703-hg002-bjuice-v2-seqkitfix-20260815T080300Z	5x5	HG002-qp0pfqh42zyaqs	E2:5x5	1.82	5.17	sentmm2ont.na.sentdhiomr2.chr15.vep_input	1	1	0	2.3044	2.5e-05	0.000640111111111111	0.0
OBS04	E2	prod-cand-1703-hg002-bjuice-v2-seqkitfix-20260815T080300Z	5x5	HG002-qp0pfqh42zyaqs	E2:5x5	1.82	5.17	sentmm2ont.na.sentdhiomr2.chr16.vep	1	1	0	337.1221	0.014801	0.3745801111111111	0.0065
OBS04	E2	prod-cand-1703-hg002-bjuice-v2-seqkitfix-20260815T080300Z	5x5	HG002-qp0pfqh42zyaqs	E2:5x5	1.82	5.17	sentmm2ont.na.sentdhiomr2.chr16.vep_input	1	1	0	3.2137	3.5e-05	0.0008926944444444443	0.0004111111111111111
OBS04	E2	prod-cand-1703-hg002-bjuice-v2-seqkitfix-20260815T080300Z	5x5	HG002-qp0pfqh42zyaqs	E2:5x5	1.82	5.17	sentmm2ont.na.sentdhiomr2.chr17.vep	1	1	0	334.55	0.014688	0.37172222222222223	0.0034583333333333332
OBS04	E2	prod-cand-1703-hg002-bjuice-v2-seqkitfix-20260815T080300Z	5x5	HG002-qp0pfqh42zyaqs	E2:5x5	1.82	5.17	sentmm2ont.na.sentdhiomr2.chr17.vep_input	1	1	0	3.0584	3.4e-05	0.0008495555555555555	3.0555555555555554e-05
OBS04	E2	prod-cand-1703-hg002-bjuice-v2-seqkitfix-20260815T080300Z	5x5	HG002-qp0pfqh42zyaqs	E2:5x5	1.82	5.17	sentmm2ont.na.sentdhiomr2.chr18.vep	1	1	0	283.1545	0.012431	0.3146161111111111	0.004952777777777777
OBS04	E2	prod-cand-1703-hg002-bjuice-v2-seqkitfix-20260815T080300Z	5x5	HG002-qp0pfqh42zyaqs	E2:5x5	1.82	5.17	sentmm2ont.na.sentdhiomr2.chr18.vep_input	1	1	0	3.1429	3.4e-05	0.0008730277777777778	3.3333333333333335e-05
OBS04	E2	prod-cand-1703-hg002-bjuice-v2-seqkitfix-20260815T080300Z	5x5	HG002-qp0pfqh42zyaqs	E2:5x5	1.82	5.17	sentmm2ont.na.sentdhiomr2.chr19.vep	1	1	0	255.7823	0.006119	0.28420255555555557	0.004538888888888889
OBS04	E2	prod-cand-1703-hg002-bjuice-v2-seqkitfix-20260815T080300Z	5x5	HG002-qp0pfqh42zyaqs	E2:5x5	1.82	5.17	sentmm2ont.na.sentdhiomr2.chr19.vep_input	1	1	0	2.5322	2.8e-05	0.0007033888888888889	2.2222222222222223e-05
OBS04	E2	prod-cand-1703-hg002-bjuice-v2-seqkitfix-20260815T080300Z	5x5	HG002-qp0pfqh42zyaqs	E2:5x5	1.82	5.17	sentmm2ont.na.sentdhiomr2.chr2.vep	1	1	0	648.8901	0.027456	0.720989	0.00016944444444444445
OBS04	E2	prod-cand-1703-hg002-bjuice-v2-seqkitfix-20260815T080300Z	5x5	HG002-qp0pfqh42zyaqs	E2:5x5	1.82	5.17	sentmm2ont.na.sentdhiomr2.chr2.vep_input	1	1	0	6.4257	7.1e-05	0.0017849166666666666	9.166666666666667e-05
OBS04	E2	prod-cand-1703-hg002-bjuice-v2-seqkitfix-20260815T080300Z	5x5	HG002-qp0pfqh42zyaqs	E2:5x5	1.82	5.17	sentmm2ont.na.sentdhiomr2.chr20.vep	1	1	0	193.9719	0.004891	0.21552433333333335	0.0012333333333333335
OBS04	E2	prod-cand-1703-hg002-bjuice-v2-seqkitfix-20260815T080300Z	5x5	HG002-qp0pfqh42zyaqs	E2:5x5	1.82	5.17	sentmm2ont.na.sentdhiomr2.chr20.vep_input	1	1	0	2.1639	1.5e-05	0.0006010833333333334	0.00025833333333333334
OBS04	E2	prod-cand-1703-hg002-bjuice-v2-seqkitfix-20260815T080300Z	5x5	HG002-qp0pfqh42zyaqs	E2:5x5	1.82	5.17	sentmm2ont.na.sentdhiomr2.chr21.vep	1	1	0	197.5776	0.008674	0.21953066666666665	0.005055555555555555
OBS04	E2	prod-cand-1703-hg002-bjuice-v2-seqkitfix-20260815T080300Z	5x5	HG002-qp0pfqh42zyaqs	E2:5x5	1.82	5.17	sentmm2ont.na.sentdhiomr2.chr21.vep_input	1	1	0	1.6196	1.1e-05	0.0004498888888888889	0.00013333333333333334
OBS04	E2	prod-cand-1703-hg002-bjuice-v2-seqkitfix-20260815T080300Z	5x5	HG002-qp0pfqh42zyaqs	E2:5x5	1.82	5.17	sentmm2ont.na.sentdhiomr2.chr22.vep	1	1	0	158.8911	0.004006	0.17654566666666666	0.003947222222222223
OBS04	E2	prod-cand-1703-hg002-bjuice-v2-seqkitfix-20260815T080300Z	5x5	HG002-qp0pfqh42zyaqs	E2:5x5	1.82	5.17	sentmm2ont.na.sentdhiomr2.chr22.vep_input	1	1	0	2.0075	2.2e-05	0.0005576388888888889	0.0002861111111111111
OBS04	E2	prod-cand-1703-hg002-bjuice-v2-seqkitfix-20260815T080300Z	5x5	HG002-qp0pfqh42zyaqs	E2:5x5	1.82	5.17	sentmm2ont.na.sentdhiomr2.chr3.vep	1	1	0	655.5826	0.028782	0.7284251111111111	0.0006083333333333333
OBS04	E2	prod-cand-1703-hg002-bjuice-v2-seqkitfix-20260815T080300Z	5x5	HG002-qp0pfqh42zyaqs	E2:5x5	1.82	5.17	sentmm2ont.na.sentdhiomr2.chr3.vep_input	1	1	0	4.1625	4.6e-05	0.00115625	1.6666666666666667e-05
OBS04	E2	prod-cand-1703-hg002-bjuice-v2-seqkitfix-20260815T080300Z	5x5	HG002-qp0pfqh42zyaqs	E2:5x5	1.82	5.17	sentmm2ont.na.sentdhiomr2.chr4.vep	1	1	0	707.6646	0.031068	0.7862939999999999	0.010369444444444443
OBS04	E2	prod-cand-1703-hg002-bjuice-v2-seqkitfix-20260815T080300Z	5x5	HG002-qp0pfqh42zyaqs	E2:5x5	1.82	5.17	sentmm2ont.na.sentdhiomr2.chr4.vep_input	1	1	0	5.3412	5.9e-05	0.0014836666666666666	8.333333333333333e-05
OBS04	E2	prod-cand-1703-hg002-bjuice-v2-seqkitfix-20260815T080300Z	5x5	HG002-qp0pfqh42zyaqs	E2:5x5	1.82	5.17	sentmm2ont.na.sentdhiomr2.chr5.vep	1	1	0	543.8233	0.013009	0.6042481111111111	0.011305555555555557
OBS04	E2	prod-cand-1703-hg002-bjuice-v2-seqkitfix-20260815T080300Z	5x5	HG002-qp0pfqh42zyaqs	E2:5x5	1.82	5.17	sentmm2ont.na.sentdhiomr2.chr5.vep_input	1	1	0	4.8787	5.4e-05	0.0013551944444444445	4.722222222222223e-05
OBS04	E2	prod-cand-1703-hg002-bjuice-v2-seqkitfix-20260815T080300Z	5x5	HG002-qp0pfqh42zyaqs	E2:5x5	1.82	5.17	sentmm2ont.na.sentdhiomr2.chr6.vep	1	1	0	635.1345	0.027884	0.705705	0.010130555555555556
OBS04	E2	prod-cand-1703-hg002-bjuice-v2-seqkitfix-20260815T080300Z	5x5	HG002-qp0pfqh42zyaqs	E2:5x5	1.82	5.17	sentmm2ont.na.sentdhiomr2.chr6.vep_input	1	1	0	3.8957	2.7e-05	0.001082138888888889	2.777777777777778e-06
OBS04	E2	prod-cand-1703-hg002-bjuice-v2-seqkitfix-20260815T080300Z	5x5	HG002-qp0pfqh42zyaqs	E2:5x5	1.82	5.17	sentmm2ont.na.sentdhiomr2.chr7.vep	1	1	0	605.0444	0.026563	0.6722715555555555	0.013088888888888888
OBS04	E2	prod-cand-1703-hg002-bjuice-v2-seqkitfix-20260815T080300Z	5x5	HG002-qp0pfqh42zyaqs	E2:5x5	1.82	5.17	sentmm2ont.na.sentdhiomr2.chr7.vep_input	1	1	0	4.8776	5.4e-05	0.001354888888888889	3.3333333333333335e-05
OBS04	E2	prod-cand-1703-hg002-bjuice-v2-seqkitfix-20260815T080300Z	5x5	HG002-qp0pfqh42zyaqs	E2:5x5	1.82	5.17	sentmm2ont.na.sentdhiomr2.chr8.vep	1	1	0	533.1845	0.013443	0.5924272222222222	0.00032777777777777775
OBS04	E2	prod-cand-1703-hg002-bjuice-v2-seqkitfix-20260815T080300Z	5x5	HG002-qp0pfqh42zyaqs	E2:5x5	1.82	5.17	sentmm2ont.na.sentdhiomr2.chr8.vep_input	1	1	0	3.7889	4.2e-05	0.0010524722222222222	0.0006944444444444445
OBS04	E2	prod-cand-1703-hg002-bjuice-v2-seqkitfix-20260815T080300Z	5x5	HG002-qp0pfqh42zyaqs	E2:5x5	1.82	5.17	sentmm2ont.na.sentdhiomr2.chr9.vep	1	1	0	396.7028	0.010002	0.4407808888888889	0.009247222222222223
OBS04	E2	prod-cand-1703-hg002-bjuice-v2-seqkitfix-20260815T080300Z	5x5	HG002-qp0pfqh42zyaqs	E2:5x5	1.82	5.17	sentmm2ont.na.sentdhiomr2.chr9.vep_input	1	1	0	3.0398	3.3e-05	0.0008443888888888889	1.6666666666666667e-05
OBS04	E2	prod-cand-1703-hg002-bjuice-v2-seqkitfix-20260815T080300Z	5x5	HG002-qp0pfqh42zyaqs	E2:5x5	1.82	5.17	sentmm2ont.na.sentdhiomr2.chrM.vep	1	1	0	0.9688	2.4e-05	0.0010764444444444445	0.00013055555555555555
OBS04	E2	prod-cand-1703-hg002-bjuice-v2-seqkitfix-20260815T080300Z	5x5	HG002-qp0pfqh42zyaqs	E2:5x5	1.82	5.17	sentmm2ont.na.sentdhiomr2.chrM.vep_input	1	1	0	0.7203	8e-06	0.00020008333333333334	5.555555555555556e-06
OBS04	E2	prod-cand-1703-hg002-bjuice-v2-seqkitfix-20260815T080300Z	5x5	HG002-qp0pfqh42zyaqs	E2:5x5	1.82	5.17	sentmm2ont.na.sentdhiomr2.chrX.vep	1	1	0	177.9487	0.007812	0.19772077777777777	0.004333333333333333
OBS04	E2	prod-cand-1703-hg002-bjuice-v2-seqkitfix-20260815T080300Z	5x5	HG002-qp0pfqh42zyaqs	E2:5x5	1.82	5.17	sentmm2ont.na.sentdhiomr2.chrX.vep_input	1	1	0	2.1144	2.3e-05	0.0005873333333333333	0.0002972222222222222
OBS04	E2	prod-cand-1703-hg002-bjuice-v2-seqkitfix-20260815T080300Z	5x5	HG002-qp0pfqh42zyaqs	E2:5x5	1.82	5.17	sentmm2ont.na.sentdhiomr2.chrY.vep	1	1	0	8.5358	0.000215	0.009484222222222222	9.444444444444446e-05
OBS04	E2	prod-cand-1703-hg002-bjuice-v2-seqkitfix-20260815T080300Z	5x5	HG002-qp0pfqh42zyaqs	E2:5x5	1.82	5.17	sentmm2ont.na.sentdhiomr2.chrY.vep_input	1	1	0	1.041	1.1e-05	0.00028916666666666663	0.0
OBS04	E2	prod-cand-1703-hg002-bjuice-v2-seqkitfix-20260815T080300Z	5x5	HG002-qp0pfqh42zyaqs	E2:5x5	1.82	5.17	sentmm2ont.na.sentdhiomr2.cli-gvcf.altair-v1.1.parse_vcfeval_summary	1	1	0	10.5664	0.000133	0.005870222222222222	4.722222222222223e-05
OBS04	E2	prod-cand-1703-hg002-bjuice-v2-seqkitfix-20260815T080300Z	5x5	HG002-qp0pfqh42zyaqs	E2:5x5	1.82	5.17	sentmm2ont.na.sentdhiomr2.cli-gvcf.altair-v1.1.rtg_vcfeval	1	1	0	1765.1407	0.298746	7.845069777777778	1.1038055555555555
OBS04	E2	prod-cand-1703-hg002-bjuice-v2-seqkitfix-20260815T080300Z	5x5	HG002-qp0pfqh42zyaqs	E2:5x5	1.82	5.17	sentmm2ont.na.sentdhiomr2.cli-gvcf.clinvar_genes.parse_vcfeval_summary	1	1	0	16.9197	0.000202	0.009399833333333333	0.00016388888888888887
OBS04	E2	prod-cand-1703-hg002-bjuice-v2-seqkitfix-20260815T080300Z	5x5	HG002-qp0pfqh42zyaqs	E2:5x5	1.82	5.17	sentmm2ont.na.sentdhiomr2.cli-gvcf.clinvar_genes.rtg_vcfeval	1	1	0	1723.842	0.291756	7.66152	1.0945527777777777
OBS04	E2	prod-cand-1703-hg002-bjuice-v2-seqkitfix-20260815T080300Z	5x5	HG002-qp0pfqh42zyaqs	E2:5x5	1.82	5.17	sentmm2ont.na.sentdhiomr2.cli-gvcf.concordance	1	1	0	0.4063	2.3e-05	0.0009028888888888888	2.777777777777778e-06
OBS04	E2	prod-cand-1703-hg002-bjuice-v2-seqkitfix-20260815T080300Z	5x5	HG002-qp0pfqh42zyaqs	E2:5x5	1.82	5.17	sentmm2ont.na.sentdhiomr2.cli-gvcf.giabHC.parse_vcfeval_summary	1	1	0	110.8607	0.001326	0.06158927777777778	0.009027777777777777
OBS04	E2	prod-cand-1703-hg002-bjuice-v2-seqkitfix-20260815T080300Z	5x5	HG002-qp0pfqh42zyaqs	E2:5x5	1.82	5.17	sentmm2ont.na.sentdhiomr2.cli-gvcf.giabHC.rtg_vcfeval	1	1	0	1701.6025	0.275671	7.562677777777778	1.0997472222222222
OBS04	E2	prod-cand-1703-hg002-bjuice-v2-seqkitfix-20260815T080300Z	5x5	HG002-qp0pfqh42zyaqs	E2:5x5	1.82	5.17	sentmm2ont.na.sentdhiomr2.cli-gvcf.giabHC_x_clinvar_genes.parse_vcfeval_summary	1	1	0	14.7004	0.000176	0.008166888888888888	3.3333333333333335e-05
OBS04	E2	prod-cand-1703-hg002-bjuice-v2-seqkitfix-20260815T080300Z	5x5	HG002-qp0pfqh42zyaqs	E2:5x5	1.82	5.17	sentmm2ont.na.sentdhiomr2.cli-gvcf.giabHC_x_clinvar_genes.rtg_vcfeval	1	1	0	2253.7259	0.217495	10.016559555555554	1.4126944444444445
OBS04	E2	prod-cand-1703-hg002-bjuice-v2-seqkitfix-20260815T080300Z	5x5	HG002-qp0pfqh42zyaqs	E2:5x5	1.82	5.17	sentmm2ont.na.sentdhiomr2.cli-gvcf.giabHC_x_ultima.parse_vcfeval_summary	1	1	0	82.3395	0.000985	0.04574416666666667	0.00515
OBS04	E2	prod-cand-1703-hg002-bjuice-v2-seqkitfix-20260815T080300Z	5x5	HG002-qp0pfqh42zyaqs	E2:5x5	1.82	5.17	sentmm2ont.na.sentdhiomr2.cli-gvcf.giabHC_x_ultima.rtg_vcfeval	1	1	0	2234.1561	0.215606	9.929582666666667	1.4432583333333333
OBS04	E2	prod-cand-1703-hg002-bjuice-v2-seqkitfix-20260815T080300Z	5x5	HG002-qp0pfqh42zyaqs	E2:5x5	1.82	5.17	sentmm2ont.na.sentdhiomr2.cli-gvcf.giabHC_x_ultima_x_clinvar.parse_vcfeval_summary	1	1	0	9.3846	0.000118	0.005213666666666667	8.333333333333334e-06
OBS04	E2	prod-cand-1703-hg002-bjuice-v2-seqkitfix-20260815T080300Z	5x5	HG002-qp0pfqh42zyaqs	E2:5x5	1.82	5.17	sentmm2ont.na.sentdhiomr2.cli-gvcf.giabHC_x_ultima_x_clinvar.rtg_vcfeval	1	1	0	1667.723	0.186009	7.412102222222222	1.057611111111111
OBS04	E2	prod-cand-1703-hg002-bjuice-v2-seqkitfix-20260815T080300Z	5x5	HG002-qp0pfqh42zyaqs	E2:5x5	1.82	5.17	sentmm2ont.na.sentdhiomr2.cli-gvcf.giabHCv5q.parse_vcfeval_summary	1	1	0	96.057	0.001149	0.053365	0.008555555555555556
OBS04	E2	prod-cand-1703-hg002-bjuice-v2-seqkitfix-20260815T080300Z	5x5	HG002-qp0pfqh42zyaqs	E2:5x5	1.82	5.17	sentmm2ont.na.sentdhiomr2.cli-gvcf.giabHCv5q.rtg_vcfeval	1	1	0	1873.0211	0.188898	8.324538222222222	1.3714333333333333
OBS04	E2	prod-cand-1703-hg002-bjuice-v2-seqkitfix-20260815T080300Z	5x5	HG002-qp0pfqh42zyaqs	E2:5x5	1.82	5.17	sentmm2ont.na.sentdhiomr2.cli-gvcf.hg38.parse_vcfeval_summary	1	1	0	109.3653	0.001308	0.0607585	0.0016500000000000002
OBS04	E2	prod-cand-1703-hg002-bjuice-v2-seqkitfix-20260815T080300Z	5x5	HG002-qp0pfqh42zyaqs	E2:5x5	1.82	5.17	sentmm2ont.na.sentdhiomr2.cli-gvcf.hg38.rtg_vcfeval	1	1	0	1763.1701	0.298412	7.836311555555556	1.1183
OBS04	E2	prod-cand-1703-hg002-bjuice-v2-seqkitfix-20260815T080300Z	5x5	HG002-qp0pfqh42zyaqs	E2:5x5	1.82	5.17	sentmm2ont.na.sentdhiomr2.cli-gvcf.hg38_m_giabHC.parse_vcfeval_summary	1	1	0	29.6259	0.000354	0.016458833333333336	0.00055
OBS04	E2	prod-cand-1703-hg002-bjuice-v2-seqkitfix-20260815T080300Z	5x5	HG002-qp0pfqh42zyaqs	E2:5x5	1.82	5.17	sentmm2ont.na.sentdhiomr2.cli-gvcf.hg38_m_giabHC.rtg_vcfeval	1	1	0	2308.7792	0.405447	10.261240888888889	1.3936527777777776
OBS04	E2	prod-cand-1703-hg002-bjuice-v2-seqkitfix-20260815T080300Z	5x5	HG002-qp0pfqh42zyaqs	E2:5x5	1.82	5.17	sentmm2ont.na.sentdhiomr2.cli-gvcf.ultima.parse_vcfeval_summary	1	1	0	73.6303	0.000928	0.040905722222222225	0.004533333333333334
OBS04	E2	prod-cand-1703-hg002-bjuice-v2-seqkitfix-20260815T080300Z	5x5	HG002-qp0pfqh42zyaqs	E2:5x5	1.82	5.17	sentmm2ont.na.sentdhiomr2.cli-gvcf.ultima.rtg_vcfeval	1	1	0	1714.8218	0.29023	7.621430222222222	1.1212166666666668
OBS04	E2	prod-cand-1703-hg002-bjuice-v2-seqkitfix-20260815T080300Z	5x5	HG002-qp0pfqh42zyaqs	E2:5x5	1.82	5.17	sentmm2ont.na.sentdhiomr2.clinvar_genes.parse_vcfeval_summary	1	1	0	12.0614	0.000265	0.006700777777777779	5.555555555555556e-06
OBS04	E2	prod-cand-1703-hg002-bjuice-v2-seqkitfix-20260815T080300Z	5x5	HG002-qp0pfqh42zyaqs	E2:5x5	1.82	5.17	sentmm2ont.na.sentdhiomr2.clinvar_genes.rtg_vcfeval	1	1	0	63.335	0.011122	0.2814888888888889	0.0632111111111111
OBS04	E2	prod-cand-1703-hg002-bjuice-v2-seqkitfix-20260815T080300Z	5x5	HG002-qp0pfqh42zyaqs	E2:5x5	1.82	5.17	sentmm2ont.na.sentdhiomr2.concordance	1	1	0	0.3777	2.1e-05	0.0008393333333333333	2.777777777777778e-06
OBS04	E2	prod-cand-1703-hg002-bjuice-v2-seqkitfix-20260815T080300Z	5x5	HG002-qp0pfqh42zyaqs	E2:5x5	1.82	5.17	sentmm2ont.na.sentdhiomr2.giabHC.parse_vcfeval_summary	1	1	0	62.574	0.000789	0.034763333333333334	0.004594444444444444
OBS04	E2	prod-cand-1703-hg002-bjuice-v2-seqkitfix-20260815T080300Z	5x5	HG002-qp0pfqh42zyaqs	E2:5x5	1.82	5.17	sentmm2ont.na.sentdhiomr2.giabHC.rtg_vcfeval	1	1	0	87.8433	0.009798	0.3904146666666667	0.0
OBS04	E2	prod-cand-1703-hg002-bjuice-v2-seqkitfix-20260815T080300Z	5x5	HG002-qp0pfqh42zyaqs	E2:5x5	1.82	5.17	sentmm2ont.na.sentdhiomr2.giabHC_x_clinvar_genes.parse_vcfeval_summary	1	1	0	12.9163	0.000284	0.007175722222222222	3.888888888888889e-05
OBS04	E2	prod-cand-1703-hg002-bjuice-v2-seqkitfix-20260815T080300Z	5x5	HG002-qp0pfqh42zyaqs	E2:5x5	1.82	5.17	sentmm2ont.na.sentdhiomr2.giabHC_x_clinvar_genes.rtg_vcfeval	1	1	0	96.5272	0.016951	0.42900977777777777	0.0
OBS04	E2	prod-cand-1703-hg002-bjuice-v2-seqkitfix-20260815T080300Z	5x5	HG002-qp0pfqh42zyaqs	E2:5x5	1.82	5.17	sentmm2ont.na.sentdhiomr2.giabHC_x_ultima.parse_vcfeval_summary	1	1	0	56.6869	0.00079	0.03149272222222222	0.004577777777777778
OBS04	E2	prod-cand-1703-hg002-bjuice-v2-seqkitfix-20260815T080300Z	5x5	HG002-qp0pfqh42zyaqs	E2:5x5	1.82	5.17	sentmm2ont.na.sentdhiomr2.giabHC_x_ultima.rtg_vcfeval	1	1	0	71.1667	0.012498	0.3162964444444445	0.07209166666666667
OBS04	E2	prod-cand-1703-hg002-bjuice-v2-seqkitfix-20260815T080300Z	5x5	HG002-qp0pfqh42zyaqs	E2:5x5	1.82	5.17	sentmm2ont.na.sentdhiomr2.giabHC_x_ultima_x_clinvar.parse_vcfeval_summary	1	1	0	10.0705	0.000221	0.005594722222222221	5.555555555555556e-06
OBS04	E2	prod-cand-1703-hg002-bjuice-v2-seqkitfix-20260815T080300Z	5x5	HG002-qp0pfqh42zyaqs	E2:5x5	1.82	5.17	sentmm2ont.na.sentdhiomr2.giabHC_x_ultima_x_clinvar.rtg_vcfeval	1	1	0	65.8342	0.011561	0.29259644444444444	0.062455555555555556
OBS04	E2	prod-cand-1703-hg002-bjuice-v2-seqkitfix-20260815T080300Z	5x5	HG002-qp0pfqh42zyaqs	E2:5x5	1.82	5.17	sentmm2ont.na.sentdhiomr2.giabHCv5q.parse_vcfeval_summary	1	1	0	68.6728	0.000866	0.03815155555555555	0.005438888888888888
OBS04	E2	prod-cand-1703-hg002-bjuice-v2-seqkitfix-20260815T080300Z	5x5	HG002-qp0pfqh42zyaqs	E2:5x5	1.82	5.17	sentmm2ont.na.sentdhiomr2.giabHCv5q.rtg_vcfeval	1	1	0	1168.4803	0.205198	5.193245777777777	0.46521111111111113
OBS04	E2	prod-cand-1703-hg002-bjuice-v2-seqkitfix-20260815T080300Z	5x5	HG002-qp0pfqh42zyaqs	E2:5x5	1.82	5.17	sentmm2ont.na.sentdhiomr2.hg38.parse_vcfeval_summary	1	1	0	90.2181	0.00198	0.05012116666666667	0.002402777777777778
OBS04	E2	prod-cand-1703-hg002-bjuice-v2-seqkitfix-20260815T080300Z	5x5	HG002-qp0pfqh42zyaqs	E2:5x5	1.82	5.17	sentmm2ont.na.sentdhiomr2.hg38.rtg_vcfeval	1	1	0	94.3536	0.01657	0.41934933333333335	0.13425
OBS04	E2	prod-cand-1703-hg002-bjuice-v2-seqkitfix-20260815T080300Z	5x5	HG002-qp0pfqh42zyaqs	E2:5x5	1.82	5.17	sentmm2ont.na.sentdhiomr2.hg38_m_giabHC.parse_vcfeval_summary	1	1	0	22.5987	0.000496	0.012554833333333335	0.0014055555555555555
OBS04	E2	prod-cand-1703-hg002-bjuice-v2-seqkitfix-20260815T080300Z	5x5	HG002-qp0pfqh42zyaqs	E2:5x5	1.82	5.17	sentmm2ont.na.sentdhiomr2.hg38_m_giabHC.rtg_vcfeval	1	1	0	66.686	0.011711	0.29638222222222227	0.06384444444444444
OBS04	E2	prod-cand-1703-hg002-bjuice-v2-seqkitfix-20260815T080300Z	5x5	HG002-qp0pfqh42zyaqs	E2:5x5	1.82	5.17	sentmm2ont.na.sentdhiomr2.peddy	1	1	0	6.2163	0.000273	0.006907000000000001	0.0011083333333333333
OBS04	E2	prod-cand-1703-hg002-bjuice-v2-seqkitfix-20260815T080300Z	5x5	HG002-qp0pfqh42zyaqs	E2:5x5	1.82	5.17	sentmm2ont.na.sentdhiomr2.rtgvcfstats	1	1	0	22.0828	0.000279	0.012268222222222222	0.00595
OBS04	E2	prod-cand-1703-hg002-bjuice-v2-seqkitfix-20260815T080300Z	5x5	HG002-qp0pfqh42zyaqs	E2:5x5	1.82	5.17	sentmm2ont.na.sentdhiomr2.ultima.parse_vcfeval_summary	1	1	0	81.7327	0.001794	0.045407055555555555	0.0007138888888888888
OBS04	E2	prod-cand-1703-hg002-bjuice-v2-seqkitfix-20260815T080300Z	5x5	HG002-qp0pfqh42zyaqs	E2:5x5	1.82	5.17	sentmm2ont.na.sentdhiomr2.ultima.rtg_vcfeval	1	1	0	75.9618	0.01334	0.33760799999999996	0.07186666666666668
OBS04	E2	prod-cand-1703-hg002-bjuice-v2-seqkitfix-20260815T080300Z	5x5	HG002-qp0pfqh42zyaqs	E2:5x5	1.82	5.17	sentmm2ont.na.sentdhiomr2.vep_concat	1	1	0	47.0508	0.002624	0.10455733333333334	0.00335
OBS04	E2	prod-cand-1703-hg002-bjuice-v2-seqkitfix-20260815T080300Z	5x5	HG002-qp0pfqh42zyaqs	E2:5x5	1.82	5.17	sentmm2ont.na.sentdhiomr2.vep_concat_fofn	1	1	0	0.1574	1e-06	4.3722222222222224e-05	0.0
OBS04	E2	prod-cand-1703-hg002-bjuice-v2-seqkitfix-20260815T080300Z	5x5	HG002-qp0pfqh42zyaqs	E2:5x5	1.82	5.17	sentmm2ont.na.sentdhiomr2.vep_validate_input_contigs	1	1	0	0.6191	5e-06	0.00017197222222222223	5.555555555555556e-06
OBS04	E2	prod-cand-1703-hg002-bjuice-v2-seqkitfix-20260815T080300Z	5x5	HG002-qp0pfqh42zyaqs	E2:5x5	1.82	5.17	seqfu	1	1	0	881.4583	0.036888	1.4690971666666666	0.8617222222222222
OBS04	E2	prod-cand-1703-hg002-bjuice-v2-seqkitfix-20260815T080300Z	5x5	HG002-qp0pfqh42zyaqs	E2:5x5	1.82	5.17	snv_vcf.vcf-sv-stats	1	1	0	197.704	0.002492	0.10983555555555556	0.05385555555555555
OBS04	E2	prod-cand-1703-hg002-bjuice-v2-seqkitfix-20260815T080300Z	5x5	HG002-qp0pfqh42zyaqs	E2:5x5	1.82	5.17	source_reheadered_cnvscope_vcf.vcf-sv-stats	1	1	0	2.741	5.7e-05	0.0015227777777777778	0.000125
OBS04	E2	prod-cand-1703-hg002-bjuice-v2-seqkitfix-20260815T080300Z	5x5	HG002-qp0pfqh42zyaqs	E2:5x5	1.82	5.17	synthetic_smn_vcf.vcf-sv-stats	1	1	0	2.0045	4.2e-05	0.0011136111111111112	6.666666666666667e-05
OBS04	E2	prod-cand-1703-hg002-bjuice-v2-seqkitfix-20260815T080300Z	5x5	HG002-qp0pfqh42zyaqs	E2:5x5	1.82	5.17	tagged_cnv_vcf.vcf-sv-stats	1	1	0	0.9611	1.2e-05	0.0005339444444444444	3.0555555555555554e-05
OBS04	E2	prod-cand-1703-hg002-bjuice-v2-seqkitfix-20260815T080300Z	5x5	HG002-qp0pfqh42zyaqs	E2:5x5	1.82	5.17	tagged_sv_vcf.vcf-sv-stats	1	1	0	2.0553	2.9e-05	0.0011418333333333332	0.0002972222222222222
OBS04	E2	prod-cand-1703-hg002-bjuice-v2-seqkitfix-20260815T080300Z	5x5	HG002-qp0pfqh42zyaqs	E2:5x5	1.82	5.17	untagged_trussv_vcf.vcf-sv-stats	1	1	0	1.7829	3.6e-05	0.0009905	0.0003055555555555556
OBS05	E2	prod-cand-1703-hg002-bjuice-v2-seqkitfix-20260815T080300Z	10x5	HG002-tb1jdkbzdpwenh	E2:10x5	3.50	5.17	expansionhunter_vcf.vcf-sv-stats	1	1	0	0.9497	2.1e-05	0.0005276111111111111	2.777777777777778e-05
OBS05	E2	prod-cand-1703-hg002-bjuice-v2-seqkitfix-20260815T080300Z	10x5	HG002-tb1jdkbzdpwenh	E2:10x5	3.50	5.17	fastqc	1	1	0	688.3146	0.115372	3.0591760000000003	0.2732361111111111
OBS05	E2	prod-cand-1703-hg002-bjuice-v2-seqkitfix-20260815T080300Z	10x5	HG002-tb1jdkbzdpwenh	E2:10x5	3.50	5.17	mitochondrial_vcf.vcf-sv-stats	1	1	0	2.5623	5.6e-05	0.0014235	7.222222222222222e-05
OBS05	E2	prod-cand-1703-hg002-bjuice-v2-seqkitfix-20260815T080300Z	10x5	HG002-tb1jdkbzdpwenh	E2:10x5	3.50	5.17	normalized_longreadsv_vcf.vcf-sv-stats	1	1	0	3.528	4.5e-05	0.00196	0.000275
OBS05	E2	prod-cand-1703-hg002-bjuice-v2-seqkitfix-20260815T080300Z	10x5	HG002-tb1jdkbzdpwenh	E2:10x5	3.50	5.17	normalized_sniffles2_vcf.vcf-sv-stats	1	1	0	1.7808	3.7e-05	0.0009893333333333334	0.00028333333333333335
OBS05	E2	prod-cand-1703-hg002-bjuice-v2-seqkitfix-20260815T080300Z	10x5	HG002-tb1jdkbzdpwenh	E2:10x5	3.50	5.17	normalized_tiddit_vcf.vcf-sv-stats	1	1	0	2.4696	5.4e-05	0.001372	0.00015833333333333332
OBS05	E2	prod-cand-1703-hg002-bjuice-v2-seqkitfix-20260815T080300Z	10x5	HG002-tb1jdkbzdpwenh	E2:10x5	3.50	5.17	segdup_CFH_vcf.vcf-sv-stats	1	1	0	1.144	1.4e-05	0.0006355555555555555	0.00010833333333333334
OBS05	E2	prod-cand-1703-hg002-bjuice-v2-seqkitfix-20260815T080300Z	10x5	HG002-tb1jdkbzdpwenh	E2:10x5	3.50	5.17	segdup_CYP11B1_vcf.vcf-sv-stats	1	1	0	0.998	2.2e-05	0.0005544444444444444	2.4999999999999998e-05
OBS05	E2	prod-cand-1703-hg002-bjuice-v2-seqkitfix-20260815T080300Z	10x5	HG002-tb1jdkbzdpwenh	E2:10x5	3.50	5.17	segdup_CYP2A6_vcf.vcf-sv-stats	1	1	0	1.175	1.5e-05	0.0006527777777777778	7.500000000000001e-05
OBS05	E2	prod-cand-1703-hg002-bjuice-v2-seqkitfix-20260815T080300Z	10x5	HG002-tb1jdkbzdpwenh	E2:10x5	3.50	5.17	segdup_CYP2B6_vcf.vcf-sv-stats	1	1	0	0.8941	2e-05	0.0004967222222222222	2.2222222222222223e-05
OBS05	E2	prod-cand-1703-hg002-bjuice-v2-seqkitfix-20260815T080300Z	10x5	HG002-tb1jdkbzdpwenh	E2:10x5	3.50	5.17	segdup_CYP2D6_vcf.vcf-sv-stats	1	1	0	0.8823	1.9e-05	0.0004901666666666666	2.4999999999999998e-05
OBS05	E2	prod-cand-1703-hg002-bjuice-v2-seqkitfix-20260815T080300Z	10x5	HG002-tb1jdkbzdpwenh	E2:10x5	3.50	5.17	segdup_GBA1_vcf.vcf-sv-stats	1	1	0	1.0214	2.1e-05	0.0005674444444444445	8.333333333333334e-06
OBS05	E2	prod-cand-1703-hg002-bjuice-v2-seqkitfix-20260815T080300Z	10x5	HG002-tb1jdkbzdpwenh	E2:10x5	3.50	5.17	segdup_HBA_vcf.vcf-sv-stats	1	1	0	1.6196	2e-05	0.0008997777777777778	5.833333333333333e-05
OBS05	E2	prod-cand-1703-hg002-bjuice-v2-seqkitfix-20260815T080300Z	10x5	HG002-tb1jdkbzdpwenh	E2:10x5	3.50	5.17	segdup_NCF1_vcf.vcf-sv-stats	1	1	0	0.9486	1.9e-05	0.000527	2.777777777777778e-05
OBS05	E2	prod-cand-1703-hg002-bjuice-v2-seqkitfix-20260815T080300Z	10x5	HG002-tb1jdkbzdpwenh	E2:10x5	3.50	5.17	segdup_OTOA_vcf.vcf-sv-stats	1	1	0	3.4542	4.4e-05	0.0019190000000000001	9.999999999999999e-05
OBS05	E2	prod-cand-1703-hg002-bjuice-v2-seqkitfix-20260815T080300Z	10x5	HG002-tb1jdkbzdpwenh	E2:10x5	3.50	5.17	segdup_PMS2_vcf.vcf-sv-stats	1	1	0	1.3021	2.9e-05	0.0007233888888888889	8.333333333333333e-05
OBS05	E2	prod-cand-1703-hg002-bjuice-v2-seqkitfix-20260815T080300Z	10x5	HG002-tb1jdkbzdpwenh	E2:10x5	3.50	5.17	segdup_RCCX1_vcf.vcf-sv-stats	1	1	0	0.7823	1.6e-05	0.0004346111111111111	3.888888888888889e-05
OBS05	E2	prod-cand-1703-hg002-bjuice-v2-seqkitfix-20260815T080300Z	10x5	HG002-tb1jdkbzdpwenh	E2:10x5	3.50	5.17	segdup_RHD_vcf.vcf-sv-stats	1	1	0	0.8809	1.9e-05	0.0004893888888888889	3.0555555555555554e-05
OBS05	E2	prod-cand-1703-hg002-bjuice-v2-seqkitfix-20260815T080300Z	10x5	HG002-tb1jdkbzdpwenh	E2:10x5	3.50	5.17	segdup_SBDS_vcf.vcf-sv-stats	1	1	0	0.8619	1.7e-05	0.00047883333333333334	3.3333333333333335e-05
OBS05	E2	prod-cand-1703-hg002-bjuice-v2-seqkitfix-20260815T080300Z	10x5	HG002-tb1jdkbzdpwenh	E2:10x5	3.50	5.17	segdup_SMN1_vcf.vcf-sv-stats	1	1	0	0.819	1.7e-05	0.00045499999999999995	3.611111111111111e-05
OBS05	E2	prod-cand-1703-hg002-bjuice-v2-seqkitfix-20260815T080300Z	10x5	HG002-tb1jdkbzdpwenh	E2:10x5	3.50	5.17	segdup_STRC_vcf.vcf-sv-stats	1	1	0	0.8797	1.9e-05	0.0004887222222222222	2.777777777777778e-05
OBS05	E2	prod-cand-1703-hg002-bjuice-v2-seqkitfix-20260815T080300Z	10x5	HG002-tb1jdkbzdpwenh	E2:10x5	3.50	5.17	sentdhiomr2.command-manifest	1	1	0	1.26	0.001017	0.0448	1.388888888888889e-05
OBS05	E2	prod-cand-1703-hg002-bjuice-v2-seqkitfix-20260815T080300Z	10x5	HG002-tb1jdkbzdpwenh	E2:10x5	3.50	5.17	sentdhiomr2.five-chromosome-hard-vcf	1	1	0	79.7349	0.103341	2.8350186666666666	0.002102777777777778
OBS05	E2	prod-cand-1703-hg002-bjuice-v2-seqkitfix-20260815T080300Z	10x5	HG002-tb1jdkbzdpwenh	E2:10x5	3.50	5.17	sentdhiomr2.hybrid-cli172i-core	1	1	0	5615.941	7.530561	199.6779022222222	0.0017555555555555556
OBS05	E2	prod-cand-1703-hg002-bjuice-v2-seqkitfix-20260815T080300Z	10x5	HG002-tb1jdkbzdpwenh	E2:10x5	3.50	5.17	sentdhiomr2.hybrid-cli172i-finalize-1	1	1	0	801.4616	0.035068	0.8905128888888889	0.03006111111111111
OBS05	E2	prod-cand-1703-hg002-bjuice-v2-seqkitfix-20260815T080300Z	10x5	HG002-tb1jdkbzdpwenh	E2:10x5	3.50	5.17	sentdhiomr2.hybrid-cli172i-finalize-10	1	1	0	382.6659	0.016743	0.42518433333333333	0.016177777777777777
OBS05	E2	prod-cand-1703-hg002-bjuice-v2-seqkitfix-20260815T080300Z	10x5	HG002-tb1jdkbzdpwenh	E2:10x5	3.50	5.17	sentdhiomr2.hybrid-cli172i-finalize-11	1	1	0	385.3671	0.016862	0.4281856666666667	0.015416666666666667
OBS05	E2	prod-cand-1703-hg002-bjuice-v2-seqkitfix-20260815T080300Z	10x5	HG002-tb1jdkbzdpwenh	E2:10x5	3.50	5.17	sentdhiomr2.hybrid-cli172i-finalize-12	1	1	0	290.664	0.01218	0.32295999999999997	0.013022222222222223
OBS05	E2	prod-cand-1703-hg002-bjuice-v2-seqkitfix-20260815T080300Z	10x5	HG002-tb1jdkbzdpwenh	E2:10x5	3.50	5.17	sentdhiomr2.hybrid-cli172i-finalize-13	1	1	0	207.9219	0.008713	0.23102433333333333	0.007102777777777778
OBS05	E2	prod-cand-1703-hg002-bjuice-v2-seqkitfix-20260815T080300Z	10x5	HG002-tb1jdkbzdpwenh	E2:10x5	3.50	5.17	sentdhiomr2.hybrid-cli172i-finalize-14	1	1	0	199.8362	0.007957	0.22204022222222222	0.008466666666666667
OBS05	E2	prod-cand-1703-hg002-bjuice-v2-seqkitfix-20260815T080300Z	10x5	HG002-tb1jdkbzdpwenh	E2:10x5	3.50	5.17	sentdhiomr2.hybrid-cli172i-finalize-15	1	1	0	239.3075	0.010471	0.26589722222222223	0.007544444444444445
OBS05	E2	prod-cand-1703-hg002-bjuice-v2-seqkitfix-20260815T080300Z	10x5	HG002-tb1jdkbzdpwenh	E2:10x5	3.50	5.17	sentdhiomr2.hybrid-cli172i-finalize-16	1	1	0	192.7505	0.007675	0.2141672222222222	0.0017749999999999999
OBS05	E2	prod-cand-1703-hg002-bjuice-v2-seqkitfix-20260815T080300Z	10x5	HG002-tb1jdkbzdpwenh	E2:10x5	3.50	5.17	sentdhiomr2.hybrid-cli172i-finalize-17	1	1	0	205.8905	0.008628	0.22876722222222223	0.006325
OBS05	E2	prod-cand-1703-hg002-bjuice-v2-seqkitfix-20260815T080300Z	10x5	HG002-tb1jdkbzdpwenh	E2:10x5	3.50	5.17	sentdhiomr2.hybrid-cli172i-finalize-18	1	1	0	172.1276	0.004805	0.1912528888888889	0.006575
OBS05	E2	prod-cand-1703-hg002-bjuice-v2-seqkitfix-20260815T080300Z	10x5	HG002-tb1jdkbzdpwenh	E2:10x5	3.50	5.17	sentdhiomr2.hybrid-cli172i-finalize-19	1	1	0	182.955	0.008005	0.20328333333333334	0.00345
OBS05	E2	prod-cand-1703-hg002-bjuice-v2-seqkitfix-20260815T080300Z	10x5	HG002-tb1jdkbzdpwenh	E2:10x5	3.50	5.17	sentdhiomr2.hybrid-cli172i-finalize-2	1	1	0	603.9253	0.025307	0.6710281111111112	0.0
OBS05	E2	prod-cand-1703-hg002-bjuice-v2-seqkitfix-20260815T080300Z	10x5	HG002-tb1jdkbzdpwenh	E2:10x5	3.50	5.17	sentdhiomr2.hybrid-cli172i-finalize-20	1	1	0	159.5858	0.006355	0.17731755555555556	0.0005833333333333334
OBS05	E2	prod-cand-1703-hg002-bjuice-v2-seqkitfix-20260815T080300Z	10x5	HG002-tb1jdkbzdpwenh	E2:10x5	3.50	5.17	sentdhiomr2.hybrid-cli172i-finalize-21	1	1	0	82.1414	0.002293	0.09126822222222222	0.0022694444444444446
OBS05	E2	prod-cand-1703-hg002-bjuice-v2-seqkitfix-20260815T080300Z	10x5	HG002-tb1jdkbzdpwenh	E2:10x5	3.50	5.17	sentdhiomr2.hybrid-cli172i-finalize-22	1	1	0	117.9337	0.00516	0.13103744444444446	0.002061111111111111
OBS05	E2	prod-cand-1703-hg002-bjuice-v2-seqkitfix-20260815T080300Z	10x5	HG002-tb1jdkbzdpwenh	E2:10x5	3.50	5.17	sentdhiomr2.hybrid-cli172i-finalize-23	1	1	0	176.5385	0.007398	0.19615388888888888	0.006247222222222222
OBS05	E2	prod-cand-1703-hg002-bjuice-v2-seqkitfix-20260815T080300Z	10x5	HG002-tb1jdkbzdpwenh	E2:10x5	3.50	5.17	sentdhiomr2.hybrid-cli172i-finalize-24	1	1	0	37.496	0.001571	0.041662222222222225	0.0022777777777777774
OBS05	E2	prod-cand-1703-hg002-bjuice-v2-seqkitfix-20260815T080300Z	10x5	HG002-tb1jdkbzdpwenh	E2:10x5	3.50	5.17	sentdhiomr2.hybrid-cli172i-finalize-25	1	1	0	8.1747	0.000358	0.009082999999999999	0.0001361111111111111
OBS05	E2	prod-cand-1703-hg002-bjuice-v2-seqkitfix-20260815T080300Z	10x5	HG002-tb1jdkbzdpwenh	E2:10x5	3.50	5.17	sentdhiomr2.hybrid-cli172i-finalize-3	1	1	0	431.4231	0.017179	0.479359	0.014152777777777778
OBS05	E2	prod-cand-1703-hg002-bjuice-v2-seqkitfix-20260815T080300Z	10x5	HG002-tb1jdkbzdpwenh	E2:10x5	3.50	5.17	sentdhiomr2.hybrid-cli172i-finalize-4	1	1	0	515.1687	0.022541	0.5724096666666666	0.01959722222222222
OBS05	E2	prod-cand-1703-hg002-bjuice-v2-seqkitfix-20260815T080300Z	10x5	HG002-tb1jdkbzdpwenh	E2:10x5	3.50	5.17	sentdhiomr2.hybrid-cli172i-finalize-5	1	1	0	395.8687	0.015764	0.4398541111111111	0.01355
OBS05	E2	prod-cand-1703-hg002-bjuice-v2-seqkitfix-20260815T080300Z	10x5	HG002-tb1jdkbzdpwenh	E2:10x5	3.50	5.17	sentdhiomr2.hybrid-cli172i-finalize-6	1	1	0	367.3897	0.015395	0.40821077777777776	0.012275
OBS05	E2	prod-cand-1703-hg002-bjuice-v2-seqkitfix-20260815T080300Z	10x5	HG002-tb1jdkbzdpwenh	E2:10x5	3.50	5.17	sentdhiomr2.hybrid-cli172i-finalize-7	1	1	0	449.0865	0.01965	0.498985	0.01753888888888889
OBS05	E2	prod-cand-1703-hg002-bjuice-v2-seqkitfix-20260815T080300Z	10x5	HG002-tb1jdkbzdpwenh	E2:10x5	3.50	5.17	sentdhiomr2.hybrid-cli172i-finalize-8	1	1	0	325.4094	0.012958	0.361566	0.012941666666666667
OBS05	E2	prod-cand-1703-hg002-bjuice-v2-seqkitfix-20260815T080300Z	10x5	HG002-tb1jdkbzdpwenh	E2:10x5	3.50	5.17	sentdhiomr2.hybrid-cli172i-finalize-9	1	1	0	268.8914	0.007505	0.2987682222222222	0.009297222222222222
OBS05	E2	prod-cand-1703-hg002-bjuice-v2-seqkitfix-20260815T080300Z	10x5	HG002-tb1jdkbzdpwenh	E2:10x5	3.50	5.17	sentdhiomr2.hybrid-cli172i-gather	1	1	0	343.9211	0.029104	0.7642691111111112	0.050105555555555556
OBS05	E2	prod-cand-1703-hg002-bjuice-v2-seqkitfix-20260815T080300Z	10x5	HG002-tb1jdkbzdpwenh	E2:10x5	3.50	5.17	sentdhiomr2.inflection-analytical-ancillary	1	1	0	1.1893	0.001541	0.042286222222222225	3.0555555555555554e-05
OBS05	E2	prod-cand-1703-hg002-bjuice-v2-seqkitfix-20260815T080300Z	10x5	HG002-tb1jdkbzdpwenh	E2:10x5	3.50	5.17	sentdhiomr2.inflection-multiqc-stage	1	1	0	48.2105	0.000381	0.013391805555555556	0.012408333333333334
OBS05	E2	prod-cand-1703-hg002-bjuice-v2-seqkitfix-20260815T080300Z	10x5	HG002-tb1jdkbzdpwenh	E2:10x5	3.50	5.17	sentdhiomr2.inflection-multiqc	1	1	0	33.9241	0.000186	0.009423361111111112	0.0035416666666666665
OBS05	E2	prod-cand-1703-hg002-bjuice-v2-seqkitfix-20260815T080300Z	10x5	HG002-tb1jdkbzdpwenh	E2:10x5	3.50	5.17	sentdhiomr2.mito	1	1	0	52.6822	0.038623	1.8731448888888889	0.0
OBS05	E2	prod-cand-1703-hg002-bjuice-v2-seqkitfix-20260815T080300Z	10x5	HG002-tb1jdkbzdpwenh	E2:10x5	3.50	5.17	sentdhiomr2.normalize-smn12	1	1	0	0.6019	5e-06	0.00016719444444444445	1.9444444444444445e-05
OBS05	E2	prod-cand-1703-hg002-bjuice-v2-seqkitfix-20260815T080300Z	10x5	HG002-tb1jdkbzdpwenh	E2:10x5	3.50	5.17	sentdhiomr2.roh_upd	1	1	0	401.685	0.520606	14.282133333333334	0.10775833333333333
OBS05	E2	prod-cand-1703-hg002-bjuice-v2-seqkitfix-20260815T080300Z	10x5	HG002-tb1jdkbzdpwenh	E2:10x5	3.50	5.17	sentdhiomr2.rsr-publish	1	1	0	8.7758	7e-05	0.002437722222222222	0.000725
OBS05	E2	prod-cand-1703-hg002-bjuice-v2-seqkitfix-20260815T080300Z	10x5	HG002-tb1jdkbzdpwenh	E2:10x5	3.50	5.17	sentdhiomr2.scope	1	1	0	0.7241	6e-06	0.00020113888888888888	0.0
OBS05	E2	prod-cand-1703-hg002-bjuice-v2-seqkitfix-20260815T080300Z	10x5	HG002-tb1jdkbzdpwenh	E2:10x5	3.50	5.17	sentdhiomr2.segdup.CFH	1	1	0	310.2831	0.435913	11.032288	0.07169166666666665
OBS05	E2	prod-cand-1703-hg002-bjuice-v2-seqkitfix-20260815T080300Z	10x5	HG002-tb1jdkbzdpwenh	E2:10x5	3.50	5.17	sentdhiomr2.segdup.CYP11B1	1	1	0	162.61	0.220171	5.7816888888888895	0.03176388888888889
OBS05	E2	prod-cand-1703-hg002-bjuice-v2-seqkitfix-20260815T080300Z	10x5	HG002-tb1jdkbzdpwenh	E2:10x5	3.50	5.17	sentdhiomr2.segdup.CYP2A6	1	1	0	113.0101	0.153014	4.018136888888889	0.010752777777777778
OBS05	E2	prod-cand-1703-hg002-bjuice-v2-seqkitfix-20260815T080300Z	10x5	HG002-tb1jdkbzdpwenh	E2:10x5	3.50	5.17	sentdhiomr2.segdup.CYP2B6	1	1	0	215.8837	0.279797	7.675864888888889	0.04565555555555556
OBS05	E2	prod-cand-1703-hg002-bjuice-v2-seqkitfix-20260815T080300Z	10x5	HG002-tb1jdkbzdpwenh	E2:10x5	3.50	5.17	sentdhiomr2.segdup.CYP2D6	1	1	0	121.6514	0.157667	4.325383111111111	0.013725
OBS05	E2	prod-cand-1703-hg002-bjuice-v2-seqkitfix-20260815T080300Z	10x5	HG002-tb1jdkbzdpwenh	E2:10x5	3.50	5.17	sentdhiomr2.segdup.GBA	1	1	0	229.3738	0.297281	8.155512888888888	0.015897222222222222
OBS05	E2	prod-cand-1703-hg002-bjuice-v2-seqkitfix-20260815T080300Z	10x5	HG002-tb1jdkbzdpwenh	E2:10x5	3.50	5.17	sentdhiomr2.segdup.HBA	1	1	0	132.4485	0.171661	4.70928	0.015419444444444444
OBS05	E2	prod-cand-1703-hg002-bjuice-v2-seqkitfix-20260815T080300Z	10x5	HG002-tb1jdkbzdpwenh	E2:10x5	3.50	5.17	sentdhiomr2.segdup.IKBKG	1	1	0	133.2206	0.172661	4.736732444444444	0.008
OBS05	E2	prod-cand-1703-hg002-bjuice-v2-seqkitfix-20260815T080300Z	10x5	HG002-tb1jdkbzdpwenh	E2:10x5	3.50	5.17	sentdhiomr2.segdup.LPA	1	1	0	71.329	0.128424	2.536142222222222	0.0006527777777777778
OBS05	E2	prod-cand-1703-hg002-bjuice-v2-seqkitfix-20260815T080300Z	10x5	HG002-tb1jdkbzdpwenh	E2:10x5	3.50	5.17	sentdhiomr2.segdup.NCF1	1	1	0	149.8783	0.202932	5.329006222222222	0.007047222222222222
OBS05	E2	prod-cand-1703-hg002-bjuice-v2-seqkitfix-20260815T080300Z	10x5	HG002-tb1jdkbzdpwenh	E2:10x5	3.50	5.17	sentdhiomr2.segdup.OTOA	1	1	0	131.3376	0.162373	4.669781333333334	0.015680555555555555
OBS05	E2	prod-cand-1703-hg002-bjuice-v2-seqkitfix-20260815T080300Z	10x5	HG002-tb1jdkbzdpwenh	E2:10x5	3.50	5.17	sentdhiomr2.segdup.PMS2	1	1	0	183.8216	0.238243	6.535879111111111	0.03768055555555556
OBS05	E2	prod-cand-1703-hg002-bjuice-v2-seqkitfix-20260815T080300Z	10x5	HG002-tb1jdkbzdpwenh	E2:10x5	3.50	5.17	sentdhiomr2.segdup.RCCX	1	1	0	180.2643	0.324556	6.409397333333333	0.021372222222222223
OBS05	E2	prod-cand-1703-hg002-bjuice-v2-seqkitfix-20260815T080300Z	10x5	HG002-tb1jdkbzdpwenh	E2:10x5	3.50	5.17	sentdhiomr2.segdup.RH	1	1	0	248.9022	0.448135	8.849855999999999	0.029069444444444446
OBS05	E2	prod-cand-1703-hg002-bjuice-v2-seqkitfix-20260815T080300Z	10x5	HG002-tb1jdkbzdpwenh	E2:10x5	3.50	5.17	sentdhiomr2.segdup.SBDS	1	1	0	153.0359	0.136551	5.441276444444444	0.00836111111111111
OBS05	E2	prod-cand-1703-hg002-bjuice-v2-seqkitfix-20260815T080300Z	10x5	HG002-tb1jdkbzdpwenh	E2:10x5	3.50	5.17	sentdhiomr2.segdup.SMN1	1	1	0	161.3309	0.113302	5.736209777777778	0.03172777777777778
OBS05	E2	prod-cand-1703-hg002-bjuice-v2-seqkitfix-20260815T080300Z	10x5	HG002-tb1jdkbzdpwenh	E2:10x5	3.50	5.17	sentdhiomr2.segdup.STRC	1	1	0	183.0273	0.247816	6.507637333333333	0.012327777777777778
OBS05	E2	prod-cand-1703-hg002-bjuice-v2-seqkitfix-20260815T080300Z	10x5	HG002-tb1jdkbzdpwenh	E2:10x5	3.50	5.17	sentdhiomr2.slim-longreadsv-normalize	1	1	0	4.695	0.001496	0.04173333333333334	0.0004583333333333333
OBS05	E2	prod-cand-1703-hg002-bjuice-v2-seqkitfix-20260815T080300Z	10x5	HG002-tb1jdkbzdpwenh	E2:10x5	3.50	5.17	sentdhiomr2.slim-sniffles2-normalize	1	1	0	1.705	0.000539	0.015155555555555556	0.0
OBS05	E2	prod-cand-1703-hg002-bjuice-v2-seqkitfix-20260815T080300Z	10x5	HG002-tb1jdkbzdpwenh	E2:10x5	3.50	5.17	sentdhiomr2.slim-tag-cnv	1	1	0	14.5778	0.004935	0.12958044444444444	0.0036805555555555554
OBS05	E2	prod-cand-1703-hg002-bjuice-v2-seqkitfix-20260815T080300Z	10x5	HG002-tb1jdkbzdpwenh	E2:10x5	3.50	5.17	sentdhiomr2.slim-tag-sv	1	1	0	258.1328	0.090662	2.2945137777777775	0.07075555555555556
OBS05	E2	prod-cand-1703-hg002-bjuice-v2-seqkitfix-20260815T080300Z	10x5	HG002-tb1jdkbzdpwenh	E2:10x5	3.50	5.17	sentdhiomr2.slim-tiddit-normalize	1	1	0	6.0429	0.002122	0.05371466666666667	0.0011805555555555556
OBS05	E2	prod-cand-1703-hg002-bjuice-v2-seqkitfix-20260815T080300Z	10x5	HG002-tb1jdkbzdpwenh	E2:10x5	3.50	5.17	sentdhiomr2.slim-tiddit-repair	1	1	0	3.3967	0.00115	0.03019288888888889	0.00023888888888888888
OBS05	E2	prod-cand-1703-hg002-bjuice-v2-seqkitfix-20260815T080300Z	10x5	HG002-tb1jdkbzdpwenh	E2:10x5	3.50	5.17	sentdhiomr2.slim-trussv	1	1	0	2.6136	0.000847	0.023232	9.999999999999999e-05
OBS05	E2	prod-cand-1703-hg002-bjuice-v2-seqkitfix-20260815T080300Z	10x5	HG002-tb1jdkbzdpwenh	E2:10x5	3.50	5.17	sentdhiomr2.slim-truvari-aggregate	1	1	0	0.2865	2e-06	7.958333333333332e-05	0.0
OBS05	E2	prod-cand-1703-hg002-bjuice-v2-seqkitfix-20260815T080300Z	10x5	HG002-tb1jdkbzdpwenh	E2:10x5	3.50	5.17	sentdhiomr2.slim-truvari-longreadsv	1	1	0	166.7867	0.054041	1.4825484444444443	8.333333333333334e-06
OBS05	E2	prod-cand-1703-hg002-bjuice-v2-seqkitfix-20260815T080300Z	10x5	HG002-tb1jdkbzdpwenh	E2:10x5	3.50	5.17	sentdhiomr2.slim-truvari-sniffles2	1	1	0	156.8865	0.049594	1.3945466666666668	0.038175
OBS05	E2	prod-cand-1703-hg002-bjuice-v2-seqkitfix-20260815T080300Z	10x5	HG002-tb1jdkbzdpwenh	E2:10x5	3.50	5.17	sentdhiomr2.slim-truvari-tagged_trussv	1	1	0	197.1264	0.069235	1.7522346666666666	1.1111111111111112e-05
OBS05	E2	prod-cand-1703-hg002-bjuice-v2-seqkitfix-20260815T080300Z	10x5	HG002-tb1jdkbzdpwenh	E2:10x5	3.50	5.17	sentdhiomr2.slim-truvari-tiddit	1	1	0	194.8371	0.068431	1.7318853333333333	0.04635555555555555
OBS05	E2	prod-cand-1703-hg002-bjuice-v2-seqkitfix-20260815T080300Z	10x5	HG002-tb1jdkbzdpwenh	E2:10x5	3.50	5.17	sentdhiomr2.sniffles2	1	1	0	40.1987	0.053904	1.4292871111111112	0.003236111111111111
OBS05	E2	prod-cand-1703-hg002-bjuice-v2-seqkitfix-20260815T080300Z	10x5	HG002-tb1jdkbzdpwenh	E2:10x5	3.50	5.17	sentdhiomr2.sr-prepare	1	1	0	968.6223	1.83718	51.659856	0.018861111111111113
OBS05	E2	prod-cand-1703-hg002-bjuice-v2-seqkitfix-20260815T080300Z	10x5	HG002-tb1jdkbzdpwenh	E2:10x5	3.50	5.17	sentdhiomr2.terminal-hybrid-validate	1	1	0	591.0022	0.830292	21.013411555555557	0.0010916666666666668
OBS05	E2	prod-cand-1703-hg002-bjuice-v2-seqkitfix-20260815T080300Z	10x5	HG002-tb1jdkbzdpwenh	E2:10x5	3.50	5.17	sentdhiomr2.tiddit	1	1	0	295.7337	0.373944	10.514976	9.166666666666667e-05
OBS05	E2	prod-cand-1703-hg002-bjuice-v2-seqkitfix-20260815T080300Z	10x5	HG002-tb1jdkbzdpwenh	E2:10x5	3.50	5.17	sentdhiomr2.tiddit.sort	1	1	0	0.777	0.001088	0.027626666666666667	1.1111111111111112e-05
OBS05	E2	prod-cand-1703-hg002-bjuice-v2-seqkitfix-20260815T080300Z	10x5	HG002-tb1jdkbzdpwenh	E2:10x5	3.50	5.17	sentdhiomr2lr.na.alignstats	1	1	0	80.1208	0.003166	0.08902311111111111	0.060319444444444446
OBS05	E2	prod-cand-1703-hg002-bjuice-v2-seqkitfix-20260815T080300Z	10x5	HG002-tb1jdkbzdpwenh	E2:10x5	3.50	5.17	sentdhiomr2lr.na.coverage_evenness_two	1	1	0	211.4145	0.033416	0.93962	0.6285305555555556
OBS05	E2	prod-cand-1703-hg002-bjuice-v2-seqkitfix-20260815T080300Z	10x5	HG002-tb1jdkbzdpwenh	E2:10x5	3.50	5.17	sentdhiomr2lr.na.gatk_contam	1	1	0	5.3708	6.6e-05	0.002983777777777778	0.0015055555555555556
OBS05	E2	prod-cand-1703-hg002-bjuice-v2-seqkitfix-20260815T080300Z	10x5	HG002-tb1jdkbzdpwenh	E2:10x5	3.50	5.17	sentdhiomr2lr.na.goleft	1	1	0	1.125	2.4e-05	0.000625	5.555555555555556e-06
OBS05	E2	prod-cand-1703-hg002-bjuice-v2-seqkitfix-20260815T080300Z	10x5	HG002-tb1jdkbzdpwenh	E2:10x5	3.50	5.17	sentdhiomr2lr.na.infer_sex_complement	1	1	0	0.4859	5e-06	0.00013497222222222223	5.555555555555556e-06
OBS05	E2	prod-cand-1703-hg002-bjuice-v2-seqkitfix-20260815T080300Z	10x5	HG002-tb1jdkbzdpwenh	E2:10x5	3.50	5.17	sentdhiomr2lr.na.mosdepth	1	1	0	95.4625	0.004	0.10606944444444445	0.024633333333333337
OBS05	E2	prod-cand-1703-hg002-bjuice-v2-seqkitfix-20260815T080300Z	10x5	HG002-tb1jdkbzdpwenh	E2:10x5	3.50	5.17	sentdhiomr2lr.na.norm_cov_eveness	1	1	0	399.2569	0.01673	0.44361877777777775	0.0006777777777777778
OBS05	E2	prod-cand-1703-hg002-bjuice-v2-seqkitfix-20260815T080300Z	10x5	HG002-tb1jdkbzdpwenh	E2:10x5	3.50	5.17	sentdhiomr2lr.na.p.ganon2_multiqc_log	1	1	0	0.0513	0.0	1.4249999999999999e-05	0.0
OBS05	E2	prod-cand-1703-hg002-bjuice-v2-seqkitfix-20260815T080300Z	10x5	HG002-tb1jdkbzdpwenh	E2:10x5	3.50	5.17	sentdhiomr2lr.na.p.unmapped_metagenomics_ganon2_quick	1	1	0	39.0892	0.031643	1.389838222222222	0.00015555555555555556
OBS05	E2	prod-cand-1703-hg002-bjuice-v2-seqkitfix-20260815T080300Z	10x5	HG002-tb1jdkbzdpwenh	E2:10x5	3.50	5.17	sentdhiomr2lr.na.samt	1	1	0	224.9156	0.009425	0.24990622222222222	0.08718611111111112
OBS05	E2	prod-cand-1703-hg002-bjuice-v2-seqkitfix-20260815T080300Z	10x5	HG002-tb1jdkbzdpwenh	E2:10x5	3.50	5.17	sentdhiomr2lr.na.sex_complement_somalier_metrics	1	1	0	1.1954	2.4e-05	0.0006641111111111111	0.0
OBS05	E2	prod-cand-1703-hg002-bjuice-v2-seqkitfix-20260815T080300Z	10x5	HG002-tb1jdkbzdpwenh	E2:10x5	3.50	5.17	sentdhiomr2lr.na.site_mix_contam	1	1	0	7.4889	7.4e-05	0.00208025	0.0015416666666666667
OBS05	E2	prod-cand-1703-hg002-bjuice-v2-seqkitfix-20260815T080300Z	10x5	HG002-tb1jdkbzdpwenh	E2:10x5	3.50	5.17	sentdhiomr2lr.na.site_mix_contam_pileups	1	1	0	926.1277	0.038808	1.0290307777777778	0.2600388888888889
OBS05	E2	prod-cand-1703-hg002-bjuice-v2-seqkitfix-20260815T080300Z	10x5	HG002-tb1jdkbzdpwenh	E2:10x5	3.50	5.17	sentdhiomr2rsr.na.alignstats	1	1	0	71.5977	0.001996	0.079553	0.022913888888888886
OBS05	E2	prod-cand-1703-hg002-bjuice-v2-seqkitfix-20260815T080300Z	10x5	HG002-tb1jdkbzdpwenh	E2:10x5	3.50	5.17	sentdhiomr2rsr.na.coverage_evenness_two	1	1	0	199.1012	0.020148	0.8848942222222222	0.6035444444444445
OBS05	E2	prod-cand-1703-hg002-bjuice-v2-seqkitfix-20260815T080300Z	10x5	HG002-tb1jdkbzdpwenh	E2:10x5	3.50	5.17	sentdhiomr2rsr.na.gatk_contam	1	1	0	7.3623	0.000156	0.004090166666666666	0.002672222222222222
OBS05	E2	prod-cand-1703-hg002-bjuice-v2-seqkitfix-20260815T080300Z	10x5	HG002-tb1jdkbzdpwenh	E2:10x5	3.50	5.17	sentdhiomr2rsr.na.goleft	1	1	0	1.1551	1.5e-05	0.0006417222222222222	0.0
OBS05	E2	prod-cand-1703-hg002-bjuice-v2-seqkitfix-20260815T080300Z	10x5	HG002-tb1jdkbzdpwenh	E2:10x5	3.50	5.17	sentdhiomr2rsr.na.infer_sex_complement	1	1	0	0.7811	8e-06	0.00021697222222222221	5.555555555555556e-06
OBS05	E2	prod-cand-1703-hg002-bjuice-v2-seqkitfix-20260815T080300Z	10x5	HG002-tb1jdkbzdpwenh	E2:10x5	3.50	5.17	sentdhiomr2rsr.na.mosdepth	1	1	0	91.3342	0.003865	0.10148244444444444	0.024163888888888888
OBS05	E2	prod-cand-1703-hg002-bjuice-v2-seqkitfix-20260815T080300Z	10x5	HG002-tb1jdkbzdpwenh	E2:10x5	3.50	5.17	sentdhiomr2rsr.na.norm_cov_eveness	1	1	0	452.278	0.018318	0.5025311111111112	0.00035
OBS05	E2	prod-cand-1703-hg002-bjuice-v2-seqkitfix-20260815T080300Z	10x5	HG002-tb1jdkbzdpwenh	E2:10x5	3.50	5.17	sentdhiomr2rsr.na.p.ganon2_multiqc_log	1	1	0	0.0532	0.0	1.4777777777777777e-05	0.0
OBS05	E2	prod-cand-1703-hg002-bjuice-v2-seqkitfix-20260815T080300Z	10x5	HG002-tb1jdkbzdpwenh	E2:10x5	3.50	5.17	sentdhiomr2rsr.na.p.unmapped_metagenomics_ganon2_quick	1	1	0	123.3556	0.173301	4.385976888888889	0.007097222222222223
OBS05	E2	prod-cand-1703-hg002-bjuice-v2-seqkitfix-20260815T080300Z	10x5	HG002-tb1jdkbzdpwenh	E2:10x5	3.50	5.17	sentdhiomr2rsr.na.samt	1	1	0	112.153	0.002837	0.12461444444444444	0.043694444444444445
OBS05	E2	prod-cand-1703-hg002-bjuice-v2-seqkitfix-20260815T080300Z	10x5	HG002-tb1jdkbzdpwenh	E2:10x5	3.50	5.17	sentdhiomr2rsr.na.sex_complement_somalier_metrics	1	1	0	0.5651	6e-06	0.0003139444444444445	5.555555555555556e-06
OBS05	E2	prod-cand-1703-hg002-bjuice-v2-seqkitfix-20260815T080300Z	10x5	HG002-tb1jdkbzdpwenh	E2:10x5	3.50	5.17	sentdhiomr2rsr.na.site_mix_contam	1	1	0	7.4926	7.6e-05	0.002081277777777778	0.0017638888888888888
OBS05	E2	prod-cand-1703-hg002-bjuice-v2-seqkitfix-20260815T080300Z	10x5	HG002-tb1jdkbzdpwenh	E2:10x5	3.50	5.17	sentdhiomr2rsr.na.site_mix_contam_pileups	1	1	0	305.1107	0.012358	0.3390118888888889	0.06307777777777779
OBS05	E2	prod-cand-1703-hg002-bjuice-v2-seqkitfix-20260815T080300Z	10x5	HG002-tb1jdkbzdpwenh	E2:10x5	3.50	5.17	sentdhiomr2sr.smd.alignstats	1	1	0	211.5374	0.008359	0.23504155555555556	0.11424722222222222
OBS05	E2	prod-cand-1703-hg002-bjuice-v2-seqkitfix-20260815T080300Z	10x5	HG002-tb1jdkbzdpwenh	E2:10x5	3.50	5.17	sentdhiomr2sr.smd.coverage_evenness_two	1	1	0	240.5694	0.038024	1.0691973333333333	0.6346138888888889
OBS05	E2	prod-cand-1703-hg002-bjuice-v2-seqkitfix-20260815T080300Z	10x5	HG002-tb1jdkbzdpwenh	E2:10x5	3.50	5.17	sentdhiomr2sr.smd.gatk_contam	1	1	0	15.7177	0.000344	0.008732055555555555	0.005527777777777777
OBS05	E2	prod-cand-1703-hg002-bjuice-v2-seqkitfix-20260815T080300Z	10x5	HG002-tb1jdkbzdpwenh	E2:10x5	3.50	5.17	sentdhiomr2sr.smd.goleft	1	1	0	1.3817	2.7e-05	0.0007676111111111111	0.00018333333333333334
OBS05	E2	prod-cand-1703-hg002-bjuice-v2-seqkitfix-20260815T080300Z	10x5	HG002-tb1jdkbzdpwenh	E2:10x5	3.50	5.17	sentdhiomr2sr.smd.infer_sex_complement	1	1	0	1.3069	1.3e-05	0.00036302777777777776	8.333333333333334e-06
OBS05	E2	prod-cand-1703-hg002-bjuice-v2-seqkitfix-20260815T080300Z	10x5	HG002-tb1jdkbzdpwenh	E2:10x5	3.50	5.17	sentdhiomr2sr.smd.mosdepth	1	1	0	121.3892	0.002968	0.13487688888888888	0.044524999999999995
OBS05	E2	prod-cand-1703-hg002-bjuice-v2-seqkitfix-20260815T080300Z	10x5	HG002-tb1jdkbzdpwenh	E2:10x5	3.50	5.17	sentdhiomr2sr.smd.norm_cov_eveness	1	1	0	559.6322	0.013685	0.6218135555555556	0.003091666666666667
OBS05	E2	prod-cand-1703-hg002-bjuice-v2-seqkitfix-20260815T080300Z	10x5	HG002-tb1jdkbzdpwenh	E2:10x5	3.50	5.17	sentdhiomr2sr.smd.p.ganon2_multiqc_log	1	0	1	0.2304	0	0	0
OBS05	E2	prod-cand-1703-hg002-bjuice-v2-seqkitfix-20260815T080300Z	10x5	HG002-tb1jdkbzdpwenh	E2:10x5	3.50	5.17	sentdhiomr2sr.smd.p.unmapped_metagenomics_ganon2_quick	1	1	0	501.0001	0.633496	17.813336888888887	0.05476944444444444
OBS05	E2	prod-cand-1703-hg002-bjuice-v2-seqkitfix-20260815T080300Z	10x5	HG002-tb1jdkbzdpwenh	E2:10x5	3.50	5.17	sentdhiomr2sr.smd.samt	1	1	0	349.6436	0.013816	0.3884928888888889	0.0056055555555555555
OBS05	E2	prod-cand-1703-hg002-bjuice-v2-seqkitfix-20260815T080300Z	10x5	HG002-tb1jdkbzdpwenh	E2:10x5	3.50	5.17	sentdhiomr2sr.smd.sex_complement_somalier_metrics	1	1	0	0.7029	1.5e-05	0.0003905	0.0
OBS05	E2	prod-cand-1703-hg002-bjuice-v2-seqkitfix-20260815T080300Z	10x5	HG002-tb1jdkbzdpwenh	E2:10x5	3.50	5.17	sentdhiomr2sr.smd.site_mix_contam	1	1	0	11.9918	0.000126	0.0033310555555555554	0.002822222222222222
OBS05	E2	prod-cand-1703-hg002-bjuice-v2-seqkitfix-20260815T080300Z	10x5	HG002-tb1jdkbzdpwenh	E2:10x5	3.50	5.17	sentdhiomr2sr.smd.site_mix_contam_pileups	1	1	0	870.7497	0.021293	0.9674996666666666	0.2428611111111111
OBS05	E2	prod-cand-1703-hg002-bjuice-v2-seqkitfix-20260815T080300Z	10x5	HG002-tb1jdkbzdpwenh	E2:10x5	3.50	5.17	sentmm2ont.na.expansionhunter	1	1	0	22.1966	0.003596	0.09865155555555556	0.06121388888888889
OBS05	E2	prod-cand-1703-hg002-bjuice-v2-seqkitfix-20260815T080300Z	10x5	HG002-tb1jdkbzdpwenh	E2:10x5	3.50	5.17	sentmm2ont.na.expansionhunter_json_to_tsv	1	1	0	0.7792	5e-06	0.00021644444444444445	2.777777777777778e-06
OBS05	E2	prod-cand-1703-hg002-bjuice-v2-seqkitfix-20260815T080300Z	10x5	HG002-tb1jdkbzdpwenh	E2:10x5	3.50	5.17	sentmm2ont.na.sentdhiomr2.altair-v1.1.parse_vcfeval_summary	1	1	0	10.5602	0.000232	0.005866777777777778	5.555555555555556e-06
OBS05	E2	prod-cand-1703-hg002-bjuice-v2-seqkitfix-20260815T080300Z	10x5	HG002-tb1jdkbzdpwenh	E2:10x5	3.50	5.17	sentmm2ont.na.sentdhiomr2.altair-v1.1.rtg_vcfeval	1	1	0	69.6501	0.012231	0.309556	0.06526388888888889
OBS05	E2	prod-cand-1703-hg002-bjuice-v2-seqkitfix-20260815T080300Z	10x5	HG002-tb1jdkbzdpwenh	E2:10x5	3.50	5.17	sentmm2ont.na.sentdhiomr2.bcfstat	1	1	0	17.602	0.000637	0.029336666666666664	0.005058333333333334
OBS05	E2	prod-cand-1703-hg002-bjuice-v2-seqkitfix-20260815T080300Z	10x5	HG002-tb1jdkbzdpwenh	E2:10x5	3.50	5.17	sentmm2ont.na.sentdhiomr2.chr1.vep	1	1	0	816.1111	0.03583	0.9067901111111111	0.015377777777777778
OBS05	E2	prod-cand-1703-hg002-bjuice-v2-seqkitfix-20260815T080300Z	10x5	HG002-tb1jdkbzdpwenh	E2:10x5	3.50	5.17	sentmm2ont.na.sentdhiomr2.chr1.vep_input	1	1	0	5.4274	6e-05	0.001507611111111111	8.333333333333334e-06
OBS05	E2	prod-cand-1703-hg002-bjuice-v2-seqkitfix-20260815T080300Z	10x5	HG002-tb1jdkbzdpwenh	E2:10x5	3.50	5.17	sentmm2ont.na.sentdhiomr2.chr10.vep	1	1	0	517.0606	0.012369	0.5745117777777778	0.010091666666666665
OBS05	E2	prod-cand-1703-hg002-bjuice-v2-seqkitfix-20260815T080300Z	10x5	HG002-tb1jdkbzdpwenh	E2:10x5	3.50	5.17	sentmm2ont.na.sentdhiomr2.chr10.vep_input	1	1	0	4.8992	5.4e-05	0.001360888888888889	2.4999999999999998e-05
OBS05	E2	prod-cand-1703-hg002-bjuice-v2-seqkitfix-20260815T080300Z	10x5	HG002-tb1jdkbzdpwenh	E2:10x5	3.50	5.17	sentmm2ont.na.sentdhiomr2.chr11.vep	1	1	0	447.6716	0.010709	0.4974128888888889	0.007005555555555556
OBS05	E2	prod-cand-1703-hg002-bjuice-v2-seqkitfix-20260815T080300Z	10x5	HG002-tb1jdkbzdpwenh	E2:10x5	3.50	5.17	sentmm2ont.na.sentdhiomr2.chr11.vep_input	1	1	0	3.3514	3.7e-05	0.0009309444444444444	2.777777777777778e-06
OBS05	E2	prod-cand-1703-hg002-bjuice-v2-seqkitfix-20260815T080300Z	10x5	HG002-tb1jdkbzdpwenh	E2:10x5	3.50	5.17	sentmm2ont.na.sentdhiomr2.chr12.vep	1	1	0	461.6779	0.011044	0.5129754444444444	0.01096388888888889
OBS05	E2	prod-cand-1703-hg002-bjuice-v2-seqkitfix-20260815T080300Z	10x5	HG002-tb1jdkbzdpwenh	E2:10x5	3.50	5.17	sentmm2ont.na.sentdhiomr2.chr12.vep_input	1	1	0	3.4039	3.7e-05	0.0009455277777777778	5.555555555555556e-06
OBS05	E2	prod-cand-1703-hg002-bjuice-v2-seqkitfix-20260815T080300Z	10x5	HG002-tb1jdkbzdpwenh	E2:10x5	3.50	5.17	sentmm2ont.na.sentdhiomr2.chr13.vep	1	1	0	340.4594	0.014947	0.37828822222222225	0.010841666666666666
OBS05	E2	prod-cand-1703-hg002-bjuice-v2-seqkitfix-20260815T080300Z	10x5	HG002-tb1jdkbzdpwenh	E2:10x5	3.50	5.17	sentmm2ont.na.sentdhiomr2.chr13.vep_input	1	1	0	2.6111	1.8e-05	0.0007253055555555555	0.00044444444444444447
OBS05	E2	prod-cand-1703-hg002-bjuice-v2-seqkitfix-20260815T080300Z	10x5	HG002-tb1jdkbzdpwenh	E2:10x5	3.50	5.17	sentmm2ont.na.sentdhiomr2.chr14.vep	1	1	0	351.2462	0.015421	0.39027355555555554	0.00030833333333333337
OBS05	E2	prod-cand-1703-hg002-bjuice-v2-seqkitfix-20260815T080300Z	10x5	HG002-tb1jdkbzdpwenh	E2:10x5	3.50	5.17	sentmm2ont.na.sentdhiomr2.chr14.vep_input	1	1	0	2.6809	1.7e-05	0.0007446944444444444	0.0004166666666666667
OBS05	E2	prod-cand-1703-hg002-bjuice-v2-seqkitfix-20260815T080300Z	10x5	HG002-tb1jdkbzdpwenh	E2:10x5	3.50	5.17	sentmm2ont.na.sentdhiomr2.chr15.vep	1	1	0	361.731	0.015881	0.40192333333333335	0.00915
OBS05	E2	prod-cand-1703-hg002-bjuice-v2-seqkitfix-20260815T080300Z	10x5	HG002-tb1jdkbzdpwenh	E2:10x5	3.50	5.17	sentmm2ont.na.sentdhiomr2.chr15.vep_input	1	1	0	3.2988	3.6e-05	0.0009163333333333333	0.0005527777777777778
OBS05	E2	prod-cand-1703-hg002-bjuice-v2-seqkitfix-20260815T080300Z	10x5	HG002-tb1jdkbzdpwenh	E2:10x5	3.50	5.17	sentmm2ont.na.sentdhiomr2.chr16.vep	1	1	0	300.1532	0.007568	0.3335035555555556	0.003230555555555556
OBS05	E2	prod-cand-1703-hg002-bjuice-v2-seqkitfix-20260815T080300Z	10x5	HG002-tb1jdkbzdpwenh	E2:10x5	3.50	5.17	sentmm2ont.na.sentdhiomr2.chr16.vep_input	1	1	0	3.1778	3.5e-05	0.0008827222222222222	1.1111111111111112e-05
OBS05	E2	prod-cand-1703-hg002-bjuice-v2-seqkitfix-20260815T080300Z	10x5	HG002-tb1jdkbzdpwenh	E2:10x5	3.50	5.17	sentmm2ont.na.sentdhiomr2.chr17.vep	1	1	0	288.4795	0.007273	0.3205327777777777	0.00012222222222222221
OBS05	E2	prod-cand-1703-hg002-bjuice-v2-seqkitfix-20260815T080300Z	10x5	HG002-tb1jdkbzdpwenh	E2:10x5	3.50	5.17	sentmm2ont.na.sentdhiomr2.chr17.vep_input	1	1	0	2.6076	2.9e-05	0.0007243333333333333	0.0004166666666666667
OBS05	E2	prod-cand-1703-hg002-bjuice-v2-seqkitfix-20260815T080300Z	10x5	HG002-tb1jdkbzdpwenh	E2:10x5	3.50	5.17	sentmm2ont.na.sentdhiomr2.chr18.vep	1	1	0	251.9934	0.006354	0.27999266666666667	0.0031583333333333333
OBS05	E2	prod-cand-1703-hg002-bjuice-v2-seqkitfix-20260815T080300Z	10x5	HG002-tb1jdkbzdpwenh	E2:10x5	3.50	5.17	sentmm2ont.na.sentdhiomr2.chr18.vep_input	1	1	0	2.3809	2.6e-05	0.0006613611111111112	2.777777777777778e-05
OBS05	E2	prod-cand-1703-hg002-bjuice-v2-seqkitfix-20260815T080300Z	10x5	HG002-tb1jdkbzdpwenh	E2:10x5	3.50	5.17	sentmm2ont.na.sentdhiomr2.chr19.vep	1	1	0	240.077	0.006053	0.2667522222222222	0.0056055555555555555
OBS05	E2	prod-cand-1703-hg002-bjuice-v2-seqkitfix-20260815T080300Z	10x5	HG002-tb1jdkbzdpwenh	E2:10x5	3.50	5.17	sentmm2ont.na.sentdhiomr2.chr19.vep_input	1	1	0	2.017	2.2e-05	0.0005602777777777777	0.0002972222222222222
OBS05	E2	prod-cand-1703-hg002-bjuice-v2-seqkitfix-20260815T080300Z	10x5	HG002-tb1jdkbzdpwenh	E2:10x5	3.50	5.17	sentmm2ont.na.sentdhiomr2.chr2.vep	1	1	0	691.7228	0.01744	0.7685808888888889	0.006977777777777778
OBS05	E2	prod-cand-1703-hg002-bjuice-v2-seqkitfix-20260815T080300Z	10x5	HG002-tb1jdkbzdpwenh	E2:10x5	3.50	5.17	sentmm2ont.na.sentdhiomr2.chr2.vep_input	1	1	0	4.9913	5.5e-05	0.001386472222222222	2.777777777777778e-06
OBS05	E2	prod-cand-1703-hg002-bjuice-v2-seqkitfix-20260815T080300Z	10x5	HG002-tb1jdkbzdpwenh	E2:10x5	3.50	5.17	sentmm2ont.na.sentdhiomr2.chr20.vep	1	1	0	229.6509	0.010082	0.2551676666666667	0.00026388888888888886
OBS05	E2	prod-cand-1703-hg002-bjuice-v2-seqkitfix-20260815T080300Z	10x5	HG002-tb1jdkbzdpwenh	E2:10x5	3.50	5.17	sentmm2ont.na.sentdhiomr2.chr20.vep_input	1	1	0	2.9685	3.3e-05	0.0008245833333333334	5.555555555555556e-06
OBS05	E2	prod-cand-1703-hg002-bjuice-v2-seqkitfix-20260815T080300Z	10x5	HG002-tb1jdkbzdpwenh	E2:10x5	3.50	5.17	sentmm2ont.na.sentdhiomr2.chr21.vep	1	1	0	177.2983	0.00447	0.19699811111111112	0.004966666666666666
OBS05	E2	prod-cand-1703-hg002-bjuice-v2-seqkitfix-20260815T080300Z	10x5	HG002-tb1jdkbzdpwenh	E2:10x5	3.50	5.17	sentmm2ont.na.sentdhiomr2.chr21.vep_input	1	1	0	2.2904	2.5e-05	0.0006362222222222223	0.0002555555555555556
OBS05	E2	prod-cand-1703-hg002-bjuice-v2-seqkitfix-20260815T080300Z	10x5	HG002-tb1jdkbzdpwenh	E2:10x5	3.50	5.17	sentmm2ont.na.sentdhiomr2.chr22.vep	1	1	0	162.4056	0.006872	0.18045066666666665	0.004258333333333334
OBS05	E2	prod-cand-1703-hg002-bjuice-v2-seqkitfix-20260815T080300Z	10x5	HG002-tb1jdkbzdpwenh	E2:10x5	3.50	5.17	sentmm2ont.na.sentdhiomr2.chr22.vep_input	1	1	0	2.0717	2.3e-05	0.0005754722222222222	0.00026944444444444444
OBS05	E2	prod-cand-1703-hg002-bjuice-v2-seqkitfix-20260815T080300Z	10x5	HG002-tb1jdkbzdpwenh	E2:10x5	3.50	5.17	sentmm2ont.na.sentdhiomr2.chr3.vep	1	1	0	619.21	0.015612	0.6880111111111111	0.011305555555555557
OBS05	E2	prod-cand-1703-hg002-bjuice-v2-seqkitfix-20260815T080300Z	10x5	HG002-tb1jdkbzdpwenh	E2:10x5	3.50	5.17	sentmm2ont.na.sentdhiomr2.chr3.vep_input	1	1	0	4.4209	4.9e-05	0.0012280277777777778	0.0
OBS05	E2	prod-cand-1703-hg002-bjuice-v2-seqkitfix-20260815T080300Z	10x5	HG002-tb1jdkbzdpwenh	E2:10x5	3.50	5.17	sentmm2ont.na.sentdhiomr2.chr4.vep	1	1	0	571.7523	0.014416	0.6352803333333333	0.011769444444444443
OBS05	E2	prod-cand-1703-hg002-bjuice-v2-seqkitfix-20260815T080300Z	10x5	HG002-tb1jdkbzdpwenh	E2:10x5	3.50	5.17	sentmm2ont.na.sentdhiomr2.chr4.vep_input	1	1	0	5.4592	6e-05	0.0015164444444444444	5.555555555555556e-06
OBS05	E2	prod-cand-1703-hg002-bjuice-v2-seqkitfix-20260815T080300Z	10x5	HG002-tb1jdkbzdpwenh	E2:10x5	3.50	5.17	sentmm2ont.na.sentdhiomr2.chr5.vep	1	1	0	496.7542	0.012525	0.5519491111111111	0.0074888888888888895
OBS05	E2	prod-cand-1703-hg002-bjuice-v2-seqkitfix-20260815T080300Z	10x5	HG002-tb1jdkbzdpwenh	E2:10x5	3.50	5.17	sentmm2ont.na.sentdhiomr2.chr5.vep_input	1	1	0	5.442	6e-05	0.0015116666666666668	2.4999999999999998e-05
OBS05	E2	prod-cand-1703-hg002-bjuice-v2-seqkitfix-20260815T080300Z	10x5	HG002-tb1jdkbzdpwenh	E2:10x5	3.50	5.17	sentmm2ont.na.sentdhiomr2.chr6.vep	1	1	0	681.4727	0.029919	0.7571918888888889	0.0008611111111111111
OBS05	E2	prod-cand-1703-hg002-bjuice-v2-seqkitfix-20260815T080300Z	10x5	HG002-tb1jdkbzdpwenh	E2:10x5	3.50	5.17	sentmm2ont.na.sentdhiomr2.chr6.vep_input	1	1	0	4.266	4.7e-05	0.001185	0.0008444444444444444
OBS05	E2	prod-cand-1703-hg002-bjuice-v2-seqkitfix-20260815T080300Z	10x5	HG002-tb1jdkbzdpwenh	E2:10x5	3.50	5.17	sentmm2ont.na.sentdhiomr2.chr7.vep	1	1	0	566.5595	0.024874	0.6295105555555555	0.010908333333333334
OBS05	E2	prod-cand-1703-hg002-bjuice-v2-seqkitfix-20260815T080300Z	10x5	HG002-tb1jdkbzdpwenh	E2:10x5	3.50	5.17	sentmm2ont.na.sentdhiomr2.chr7.vep_input	1	1	0	3.8726	4.3e-05	0.0010757222222222223	5.555555555555556e-06
OBS05	E2	prod-cand-1703-hg002-bjuice-v2-seqkitfix-20260815T080300Z	10x5	HG002-tb1jdkbzdpwenh	E2:10x5	3.50	5.17	sentmm2ont.na.sentdhiomr2.chr8.vep	1	1	0	626.0284	0.027484	0.6955871111111112	0.007344444444444445
OBS05	E2	prod-cand-1703-hg002-bjuice-v2-seqkitfix-20260815T080300Z	10x5	HG002-tb1jdkbzdpwenh	E2:10x5	3.50	5.17	sentmm2ont.na.sentdhiomr2.chr8.vep_input	1	1	0	3.5705	3.9e-05	0.0009918055555555555	1.6666666666666667e-05
OBS05	E2	prod-cand-1703-hg002-bjuice-v2-seqkitfix-20260815T080300Z	10x5	HG002-tb1jdkbzdpwenh	E2:10x5	3.50	5.17	sentmm2ont.na.sentdhiomr2.chr9.vep	1	1	0	483.7476	0.021238	0.5374973333333333	0.008980555555555556
OBS05	E2	prod-cand-1703-hg002-bjuice-v2-seqkitfix-20260815T080300Z	10x5	HG002-tb1jdkbzdpwenh	E2:10x5	3.50	5.17	sentmm2ont.na.sentdhiomr2.chr9.vep_input	1	1	0	4.4691	4.9e-05	0.0012414166666666667	0.0
OBS05	E2	prod-cand-1703-hg002-bjuice-v2-seqkitfix-20260815T080300Z	10x5	HG002-tb1jdkbzdpwenh	E2:10x5	3.50	5.17	sentmm2ont.na.sentdhiomr2.chrM.vep	1	1	0	1.1129	4.9e-05	0.0012365555555555556	0.00014166666666666668
OBS05	E2	prod-cand-1703-hg002-bjuice-v2-seqkitfix-20260815T080300Z	10x5	HG002-tb1jdkbzdpwenh	E2:10x5	3.50	5.17	sentmm2ont.na.sentdhiomr2.chrM.vep_input	1	1	0	0.7103	8e-06	0.00019730555555555557	5.555555555555556e-06
OBS05	E2	prod-cand-1703-hg002-bjuice-v2-seqkitfix-20260815T080300Z	10x5	HG002-tb1jdkbzdpwenh	E2:10x5	3.50	5.17	sentmm2ont.na.sentdhiomr2.chrX.vep	1	1	0	192.6906	0.00846	0.21410066666666666	0.003425
OBS05	E2	prod-cand-1703-hg002-bjuice-v2-seqkitfix-20260815T080300Z	10x5	HG002-tb1jdkbzdpwenh	E2:10x5	3.50	5.17	sentmm2ont.na.sentdhiomr2.chrX.vep_input	1	1	0	2.1769	2.4e-05	0.0006046944444444444	0.0002611111111111111
OBS05	E2	prod-cand-1703-hg002-bjuice-v2-seqkitfix-20260815T080300Z	10x5	HG002-tb1jdkbzdpwenh	E2:10x5	3.50	5.17	sentmm2ont.na.sentdhiomr2.chrY.vep	1	1	0	10.0873	0.000443	0.011208111111111111	0.0014055555555555555
OBS05	E2	prod-cand-1703-hg002-bjuice-v2-seqkitfix-20260815T080300Z	10x5	HG002-tb1jdkbzdpwenh	E2:10x5	3.50	5.17	sentmm2ont.na.sentdhiomr2.chrY.vep_input	1	1	0	0.818	9e-06	0.00022722222222222222	5.555555555555556e-06
OBS05	E2	prod-cand-1703-hg002-bjuice-v2-seqkitfix-20260815T080300Z	10x5	HG002-tb1jdkbzdpwenh	E2:10x5	3.50	5.17	sentmm2ont.na.sentdhiomr2.cli-gvcf.altair-v1.1.parse_vcfeval_summary	1	1	0	10.34	0.00013	0.005744444444444444	5.555555555555556e-05
OBS05	E2	prod-cand-1703-hg002-bjuice-v2-seqkitfix-20260815T080300Z	10x5	HG002-tb1jdkbzdpwenh	E2:10x5	3.50	5.17	sentmm2ont.na.sentdhiomr2.cli-gvcf.altair-v1.1.rtg_vcfeval	1	1	0	2858.1347	0.275823	12.702820888888889	1.7385722222222222
OBS05	E2	prod-cand-1703-hg002-bjuice-v2-seqkitfix-20260815T080300Z	10x5	HG002-tb1jdkbzdpwenh	E2:10x5	3.50	5.17	sentmm2ont.na.sentdhiomr2.cli-gvcf.clinvar_genes.parse_vcfeval_summary	1	1	0	12.2862	0.000155	0.0068256666666666665	1.1111111111111112e-05
OBS05	E2	prod-cand-1703-hg002-bjuice-v2-seqkitfix-20260815T080300Z	10x5	HG002-tb1jdkbzdpwenh	E2:10x5	3.50	5.17	sentmm2ont.na.sentdhiomr2.cli-gvcf.clinvar_genes.rtg_vcfeval	1	1	0	2187.3896	0.370211	9.721731555555555	1.3598805555555555
OBS05	E2	prod-cand-1703-hg002-bjuice-v2-seqkitfix-20260815T080300Z	10x5	HG002-tb1jdkbzdpwenh	E2:10x5	3.50	5.17	sentmm2ont.na.sentdhiomr2.cli-gvcf.concordance	1	1	0	0.4004	2.2e-05	0.0008897777777777777	2.777777777777778e-06
OBS05	E2	prod-cand-1703-hg002-bjuice-v2-seqkitfix-20260815T080300Z	10x5	HG002-tb1jdkbzdpwenh	E2:10x5	3.50	5.17	sentmm2ont.na.sentdhiomr2.cli-gvcf.giabHC.parse_vcfeval_summary	1	1	0	85.4667	0.001022	0.0474815	0.010005555555555556
OBS05	E2	prod-cand-1703-hg002-bjuice-v2-seqkitfix-20260815T080300Z	10x5	HG002-tb1jdkbzdpwenh	E2:10x5	3.50	5.17	sentmm2ont.na.sentdhiomr2.cli-gvcf.giabHC.rtg_vcfeval	1	1	0	2155.7411	0.349245	9.581071555555557	1.3678305555555554
OBS05	E2	prod-cand-1703-hg002-bjuice-v2-seqkitfix-20260815T080300Z	10x5	HG002-tb1jdkbzdpwenh	E2:10x5	3.50	5.17	sentmm2ont.na.sentdhiomr2.cli-gvcf.giabHC_x_clinvar_genes.parse_vcfeval_summary	1	1	0	9.9301	0.000125	0.005516722222222222	0.000525
OBS05	E2	prod-cand-1703-hg002-bjuice-v2-seqkitfix-20260815T080300Z	10x5	HG002-tb1jdkbzdpwenh	E2:10x5	3.50	5.17	sentmm2ont.na.sentdhiomr2.cli-gvcf.giabHC_x_clinvar_genes.rtg_vcfeval	1	1	0	2141.0904	0.362375	9.515957333333333	1.339336111111111
OBS05	E2	prod-cand-1703-hg002-bjuice-v2-seqkitfix-20260815T080300Z	10x5	HG002-tb1jdkbzdpwenh	E2:10x5	3.50	5.17	sentmm2ont.na.sentdhiomr2.cli-gvcf.giabHC_x_ultima.parse_vcfeval_summary	1	1	0	86.323	0.001032	0.04795722222222222	0.00866388888888889
OBS05	E2	prod-cand-1703-hg002-bjuice-v2-seqkitfix-20260815T080300Z	10x5	HG002-tb1jdkbzdpwenh	E2:10x5	3.50	5.17	sentmm2ont.na.sentdhiomr2.cli-gvcf.giabHC_x_ultima.rtg_vcfeval	1	1	0	2192.3099	0.371043	9.743599555555557	1.3785888888888889
OBS05	E2	prod-cand-1703-hg002-bjuice-v2-seqkitfix-20260815T080300Z	10x5	HG002-tb1jdkbzdpwenh	E2:10x5	3.50	5.17	sentmm2ont.na.sentdhiomr2.cli-gvcf.giabHC_x_ultima_x_clinvar.parse_vcfeval_summary	1	1	0	9.4923	0.00012	0.0052735	0.00047777777777777776
OBS05	E2	prod-cand-1703-hg002-bjuice-v2-seqkitfix-20260815T080300Z	10x5	HG002-tb1jdkbzdpwenh	E2:10x5	3.50	5.17	sentmm2ont.na.sentdhiomr2.cli-gvcf.giabHC_x_ultima_x_clinvar.rtg_vcfeval	1	1	0	2179.9243	0.368947	9.688552444444445	1.3543916666666669
OBS05	E2	prod-cand-1703-hg002-bjuice-v2-seqkitfix-20260815T080300Z	10x5	HG002-tb1jdkbzdpwenh	E2:10x5	3.50	5.17	sentmm2ont.na.sentdhiomr2.cli-gvcf.giabHCv5q.parse_vcfeval_summary	1	1	0	81.6599	0.001029	0.04536661111111111	0.005761111111111111
OBS05	E2	prod-cand-1703-hg002-bjuice-v2-seqkitfix-20260815T080300Z	10x5	HG002-tb1jdkbzdpwenh	E2:10x5	3.50	5.17	sentmm2ont.na.sentdhiomr2.cli-gvcf.giabHCv5q.rtg_vcfeval	1	1	0	3014.6334	0.290926	13.398370666666667	2.088452777777778
OBS05	E2	prod-cand-1703-hg002-bjuice-v2-seqkitfix-20260815T080300Z	10x5	HG002-tb1jdkbzdpwenh	E2:10x5	3.50	5.17	sentmm2ont.na.sentdhiomr2.cli-gvcf.hg38.parse_vcfeval_summary	1	1	0	115.6125	0.001383	0.06422916666666667	0.001575
OBS05	E2	prod-cand-1703-hg002-bjuice-v2-seqkitfix-20260815T080300Z	10x5	HG002-tb1jdkbzdpwenh	E2:10x5	3.50	5.17	sentmm2ont.na.sentdhiomr2.cli-gvcf.hg38.rtg_vcfeval	1	1	0	2847.8755	0.274833	12.657224444444445	1.7635972222222223
OBS05	E2	prod-cand-1703-hg002-bjuice-v2-seqkitfix-20260815T080300Z	10x5	HG002-tb1jdkbzdpwenh	E2:10x5	3.50	5.17	sentmm2ont.na.sentdhiomr2.cli-gvcf.hg38_m_giabHC.parse_vcfeval_summary	1	1	0	22.6143	0.000285	0.0125635	0.0012472222222222223
OBS05	E2	prod-cand-1703-hg002-bjuice-v2-seqkitfix-20260815T080300Z	10x5	HG002-tb1jdkbzdpwenh	E2:10x5	3.50	5.17	sentmm2ont.na.sentdhiomr2.cli-gvcf.hg38_m_giabHC.rtg_vcfeval	1	1	0	2881.3908	0.278068	12.806181333333335	1.9444444444444445e-05
OBS05	E2	prod-cand-1703-hg002-bjuice-v2-seqkitfix-20260815T080300Z	10x5	HG002-tb1jdkbzdpwenh	E2:10x5	3.50	5.17	sentmm2ont.na.sentdhiomr2.cli-gvcf.ultima.parse_vcfeval_summary	1	1	0	75.3711	0.00095	0.04187283333333333	0.004222222222222222
OBS05	E2	prod-cand-1703-hg002-bjuice-v2-seqkitfix-20260815T080300Z	10x5	HG002-tb1jdkbzdpwenh	E2:10x5	3.50	5.17	sentmm2ont.na.sentdhiomr2.cli-gvcf.ultima.rtg_vcfeval	1	1	0	2080.5609	0.232055	9.246937333333333	1.3211583333333334
OBS05	E2	prod-cand-1703-hg002-bjuice-v2-seqkitfix-20260815T080300Z	10x5	HG002-tb1jdkbzdpwenh	E2:10x5	3.50	5.17	sentmm2ont.na.sentdhiomr2.clinvar_genes.parse_vcfeval_summary	1	1	0	11.3521	0.000143	0.006306722222222222	0.00015833333333333332
OBS05	E2	prod-cand-1703-hg002-bjuice-v2-seqkitfix-20260815T080300Z	10x5	HG002-tb1jdkbzdpwenh	E2:10x5	3.50	5.17	sentmm2ont.na.sentdhiomr2.clinvar_genes.rtg_vcfeval	1	1	0	79.9445	0.014039	0.3553088888888889	8.333333333333334e-06
OBS05	E2	prod-cand-1703-hg002-bjuice-v2-seqkitfix-20260815T080300Z	10x5	HG002-tb1jdkbzdpwenh	E2:10x5	3.50	5.17	sentmm2ont.na.sentdhiomr2.concordance	1	1	0	0.3817	2.1e-05	0.0008482222222222222	2.777777777777778e-06
OBS05	E2	prod-cand-1703-hg002-bjuice-v2-seqkitfix-20260815T080300Z	10x5	HG002-tb1jdkbzdpwenh	E2:10x5	3.50	5.17	sentmm2ont.na.sentdhiomr2.giabHC.parse_vcfeval_summary	1	1	0	77.6222	0.001704	0.04312344444444445	0.00516111111111111
OBS05	E2	prod-cand-1703-hg002-bjuice-v2-seqkitfix-20260815T080300Z	10x5	HG002-tb1jdkbzdpwenh	E2:10x5	3.50	5.17	sentmm2ont.na.sentdhiomr2.giabHC.rtg_vcfeval	1	1	0	71.0471	0.012477	0.3157648888888889	0.07595833333333334
OBS05	E2	prod-cand-1703-hg002-bjuice-v2-seqkitfix-20260815T080300Z	10x5	HG002-tb1jdkbzdpwenh	E2:10x5	3.50	5.17	sentmm2ont.na.sentdhiomr2.giabHC_x_clinvar_genes.parse_vcfeval_summary	1	1	0	10.818	0.000237	0.00601	2.777777777777778e-06
OBS05	E2	prod-cand-1703-hg002-bjuice-v2-seqkitfix-20260815T080300Z	10x5	HG002-tb1jdkbzdpwenh	E2:10x5	3.50	5.17	sentmm2ont.na.sentdhiomr2.giabHC_x_clinvar_genes.rtg_vcfeval	1	1	0	77.9029	0.013681	0.3462351111111111	5.555555555555556e-06
OBS05	E2	prod-cand-1703-hg002-bjuice-v2-seqkitfix-20260815T080300Z	10x5	HG002-tb1jdkbzdpwenh	E2:10x5	3.50	5.17	sentmm2ont.na.sentdhiomr2.giabHC_x_ultima.parse_vcfeval_summary	1	1	0	70.0258	0.001537	0.03890322222222222	0.004986111111111111
OBS05	E2	prod-cand-1703-hg002-bjuice-v2-seqkitfix-20260815T080300Z	10x5	HG002-tb1jdkbzdpwenh	E2:10x5	3.50	5.17	sentmm2ont.na.sentdhiomr2.giabHC_x_ultima.rtg_vcfeval	1	1	0	78.2234	0.013737	0.34765955555555556	0.07229999999999999
OBS05	E2	prod-cand-1703-hg002-bjuice-v2-seqkitfix-20260815T080300Z	10x5	HG002-tb1jdkbzdpwenh	E2:10x5	3.50	5.17	sentmm2ont.na.sentdhiomr2.giabHC_x_ultima_x_clinvar.parse_vcfeval_summary	1	1	0	8.4544	0.000118	0.0046968888888888885	2.777777777777778e-06
OBS05	E2	prod-cand-1703-hg002-bjuice-v2-seqkitfix-20260815T080300Z	10x5	HG002-tb1jdkbzdpwenh	E2:10x5	3.50	5.17	sentmm2ont.na.sentdhiomr2.giabHC_x_ultima_x_clinvar.rtg_vcfeval	1	1	0	70.4817	0.012377	0.31325200000000003	0.06171388888888889
OBS05	E2	prod-cand-1703-hg002-bjuice-v2-seqkitfix-20260815T080300Z	10x5	HG002-tb1jdkbzdpwenh	E2:10x5	3.50	5.17	sentmm2ont.na.sentdhiomr2.giabHCv5q.parse_vcfeval_summary	1	1	0	106.9734	0.001279	0.059429666666666665	0.0001361111111111111
OBS05	E2	prod-cand-1703-hg002-bjuice-v2-seqkitfix-20260815T080300Z	10x5	HG002-tb1jdkbzdpwenh	E2:10x5	3.50	5.17	sentmm2ont.na.sentdhiomr2.giabHCv5q.rtg_vcfeval	1	1	0	989.5287	0.173772	4.397905333333333	0.3821333333333333
OBS05	E2	prod-cand-1703-hg002-bjuice-v2-seqkitfix-20260815T080300Z	10x5	HG002-tb1jdkbzdpwenh	E2:10x5	3.50	5.17	sentmm2ont.na.sentdhiomr2.hg38.parse_vcfeval_summary	1	1	0	115.3799	0.002533	0.06409994444444445	0.0020666666666666667
OBS05	E2	prod-cand-1703-hg002-bjuice-v2-seqkitfix-20260815T080300Z	10x5	HG002-tb1jdkbzdpwenh	E2:10x5	3.50	5.17	sentmm2ont.na.sentdhiomr2.hg38.rtg_vcfeval	1	1	0	64.8124	0.006559	0.2880551111111111	0.07982500000000001
OBS05	E2	prod-cand-1703-hg002-bjuice-v2-seqkitfix-20260815T080300Z	10x5	HG002-tb1jdkbzdpwenh	E2:10x5	3.50	5.17	sentmm2ont.na.sentdhiomr2.hg38_m_giabHC.parse_vcfeval_summary	1	1	0	19.1637	0.000405	0.0106465	0.0015222222222222223
OBS05	E2	prod-cand-1703-hg002-bjuice-v2-seqkitfix-20260815T080300Z	10x5	HG002-tb1jdkbzdpwenh	E2:10x5	3.50	5.17	sentmm2ont.na.sentdhiomr2.hg38_m_giabHC.rtg_vcfeval	1	1	0	80.6934	0.014171	0.3586373333333333	0.06806944444444445
OBS05	E2	prod-cand-1703-hg002-bjuice-v2-seqkitfix-20260815T080300Z	10x5	HG002-tb1jdkbzdpwenh	E2:10x5	3.50	5.17	sentmm2ont.na.sentdhiomr2.peddy	1	1	0	12.2642	0.000538	0.01362688888888889	0.0012305555555555555
OBS05	E2	prod-cand-1703-hg002-bjuice-v2-seqkitfix-20260815T080300Z	10x5	HG002-tb1jdkbzdpwenh	E2:10x5	3.50	5.17	sentmm2ont.na.sentdhiomr2.rtgvcfstats	1	1	0	30.1737	0.000662	0.016763166666666666	0.005983333333333333
OBS05	E2	prod-cand-1703-hg002-bjuice-v2-seqkitfix-20260815T080300Z	10x5	HG002-tb1jdkbzdpwenh	E2:10x5	3.50	5.17	sentmm2ont.na.sentdhiomr2.ultima.parse_vcfeval_summary	1	1	0	89.7676	0.001971	0.04987088888888889	0.009580555555555556
OBS05	E2	prod-cand-1703-hg002-bjuice-v2-seqkitfix-20260815T080300Z	10x5	HG002-tb1jdkbzdpwenh	E2:10x5	3.50	5.17	sentmm2ont.na.sentdhiomr2.ultima.rtg_vcfeval	1	1	0	65.0406	0.007254	0.28906933333333334	0.06775555555555555
OBS05	E2	prod-cand-1703-hg002-bjuice-v2-seqkitfix-20260815T080300Z	10x5	HG002-tb1jdkbzdpwenh	E2:10x5	3.50	5.17	sentmm2ont.na.sentdhiomr2.vep_concat	1	1	0	49.7803	0.002776	0.11062288888888888	0.0030222222222222226
OBS05	E2	prod-cand-1703-hg002-bjuice-v2-seqkitfix-20260815T080300Z	10x5	HG002-tb1jdkbzdpwenh	E2:10x5	3.50	5.17	sentmm2ont.na.sentdhiomr2.vep_concat_fofn	1	1	0	0.1613	1e-06	4.4805555555555554e-05	0.0
OBS05	E2	prod-cand-1703-hg002-bjuice-v2-seqkitfix-20260815T080300Z	10x5	HG002-tb1jdkbzdpwenh	E2:10x5	3.50	5.17	sentmm2ont.na.sentdhiomr2.vep_validate_input_contigs	1	1	0	0.6995	6e-06	0.00019430555555555556	0.0
OBS05	E2	prod-cand-1703-hg002-bjuice-v2-seqkitfix-20260815T080300Z	10x5	HG002-tb1jdkbzdpwenh	E2:10x5	3.50	5.17	seqfu	1	1	0	948.2303	0.056203	1.5803838333333333	0.4428611111111111
OBS05	E2	prod-cand-1703-hg002-bjuice-v2-seqkitfix-20260815T080300Z	10x5	HG002-tb1jdkbzdpwenh	E2:10x5	3.50	5.17	snv_vcf.vcf-sv-stats	1	1	0	267.4109	0.003226	0.14856161111111113	0.06976666666666667
OBS05	E2	prod-cand-1703-hg002-bjuice-v2-seqkitfix-20260815T080300Z	10x5	HG002-tb1jdkbzdpwenh	E2:10x5	3.50	5.17	source_reheadered_cnvscope_vcf.vcf-sv-stats	1	1	0	4.097	8.6e-05	0.002276111111111111	8.61111111111111e-05
OBS05	E2	prod-cand-1703-hg002-bjuice-v2-seqkitfix-20260815T080300Z	10x5	HG002-tb1jdkbzdpwenh	E2:10x5	3.50	5.17	synthetic_smn_vcf.vcf-sv-stats	1	1	0	0.7612	1e-05	0.0004228888888888889	3.3333333333333335e-05
OBS05	E2	prod-cand-1703-hg002-bjuice-v2-seqkitfix-20260815T080300Z	10x5	HG002-tb1jdkbzdpwenh	E2:10x5	3.50	5.17	tagged_cnv_vcf.vcf-sv-stats	1	1	0	4.397	5.5e-05	0.002442777777777778	0.00011666666666666667
OBS05	E2	prod-cand-1703-hg002-bjuice-v2-seqkitfix-20260815T080300Z	10x5	HG002-tb1jdkbzdpwenh	E2:10x5	3.50	5.17	tagged_sv_vcf.vcf-sv-stats	1	1	0	2.0216	2.5e-05	0.001123111111111111	0.00031666666666666665
OBS05	E2	prod-cand-1703-hg002-bjuice-v2-seqkitfix-20260815T080300Z	10x5	HG002-tb1jdkbzdpwenh	E2:10x5	3.50	5.17	untagged_trussv_vcf.vcf-sv-stats	1	1	0	2.1986	4.8e-05	0.0012214444444444445	0.0003194444444444444
OBS06	E3	prod-cand-1703-hg002-bjuice-4au-kitchensink-20260817T025004Z	10xby10x	HG002-nxw0jbvh1h5mqx	E3:10xby10x	3.72	9.67	expansionhunter_vcf.vcf-sv-stats	1	1	0	1.0164	2.1e-05	0.0005646666666666667	1.388888888888889e-05
OBS06	E3	prod-cand-1703-hg002-bjuice-4au-kitchensink-20260817T025004Z	10xby10x	HG002-nxw0jbvh1h5mqx	E3:10xby10x	3.72	9.67	fastqc	1	1	0	681.6739	0.117707	3.0296617777777777	0.2709638888888889
OBS06	E3	prod-cand-1703-hg002-bjuice-4au-kitchensink-20260817T025004Z	10xby10x	HG002-nxw0jbvh1h5mqx	E3:10xby10x	3.72	9.67	mitochondrial_vcf.vcf-sv-stats	1	1	0	0.9639	1e-05	0.0005355	1.9444444444444445e-05
OBS06	E3	prod-cand-1703-hg002-bjuice-4au-kitchensink-20260817T025004Z	10xby10x	HG002-nxw0jbvh1h5mqx	E3:10xby10x	3.72	9.67	normalized_longreadsv_vcf.vcf-sv-stats	1	1	0	3.4253	7e-05	0.0019029444444444445	0.00039444444444444444
OBS06	E3	prod-cand-1703-hg002-bjuice-4au-kitchensink-20260817T025004Z	10xby10x	HG002-nxw0jbvh1h5mqx	E3:10xby10x	3.72	9.67	normalized_sniffles2_vcf.vcf-sv-stats	1	1	0	3.5936	7.8e-05	0.0019964444444444444	0.00026388888888888886
OBS06	E3	prod-cand-1703-hg002-bjuice-4au-kitchensink-20260817T025004Z	10xby10x	HG002-nxw0jbvh1h5mqx	E3:10xby10x	3.72	9.67	normalized_tiddit_vcf.vcf-sv-stats	1	1	0	1.2372	1.6e-05	0.0006873333333333334	0.0001361111111111111
OBS06	E3	prod-cand-1703-hg002-bjuice-4au-kitchensink-20260817T025004Z	10xby10x	HG002-nxw0jbvh1h5mqx	E3:10xby10x	3.72	9.67	segdup_CFH_vcf.vcf-sv-stats	1	1	0	0.7867	8e-06	0.00043705555555555555	3.611111111111111e-05
OBS06	E3	prod-cand-1703-hg002-bjuice-4au-kitchensink-20260817T025004Z	10xby10x	HG002-nxw0jbvh1h5mqx	E3:10xby10x	3.72	9.67	segdup_CYP11B1_vcf.vcf-sv-stats	1	1	0	0.7846	1e-05	0.00043588888888888887	3.611111111111111e-05
OBS06	E3	prod-cand-1703-hg002-bjuice-4au-kitchensink-20260817T025004Z	10xby10x	HG002-nxw0jbvh1h5mqx	E3:10xby10x	3.72	9.67	segdup_CYP2A6_vcf.vcf-sv-stats	1	1	0	0.8771	1.1e-05	0.0004872777777777778	3.0555555555555554e-05
OBS06	E3	prod-cand-1703-hg002-bjuice-4au-kitchensink-20260817T025004Z	10xby10x	HG002-nxw0jbvh1h5mqx	E3:10xby10x	3.72	9.67	segdup_CYP2B6_vcf.vcf-sv-stats	1	1	0	0.7657	1e-05	0.00042538888888888894	3.888888888888889e-05
OBS06	E3	prod-cand-1703-hg002-bjuice-4au-kitchensink-20260817T025004Z	10xby10x	HG002-nxw0jbvh1h5mqx	E3:10xby10x	3.72	9.67	segdup_CYP2D6_vcf.vcf-sv-stats	1	1	0	0.8035	8e-06	0.0004463888888888889	3.3333333333333335e-05
OBS06	E3	prod-cand-1703-hg002-bjuice-4au-kitchensink-20260817T025004Z	10xby10x	HG002-nxw0jbvh1h5mqx	E3:10xby10x	3.72	9.67	segdup_GBA1_vcf.vcf-sv-stats	1	1	0	0.8169	9e-06	0.0004538333333333333	3.3333333333333335e-05
OBS06	E3	prod-cand-1703-hg002-bjuice-4au-kitchensink-20260817T025004Z	10xby10x	HG002-nxw0jbvh1h5mqx	E3:10xby10x	3.72	9.67	segdup_HBA_vcf.vcf-sv-stats	1	1	0	0.7731	8e-06	0.00042950000000000003	3.3333333333333335e-05
OBS06	E3	prod-cand-1703-hg002-bjuice-4au-kitchensink-20260817T025004Z	10xby10x	HG002-nxw0jbvh1h5mqx	E3:10xby10x	3.72	9.67	segdup_NCF1_vcf.vcf-sv-stats	1	1	0	0.778	1e-05	0.00043222222222222224	3.888888888888889e-05
OBS06	E3	prod-cand-1703-hg002-bjuice-4au-kitchensink-20260817T025004Z	10xby10x	HG002-nxw0jbvh1h5mqx	E3:10xby10x	3.72	9.67	segdup_OTOA_vcf.vcf-sv-stats	1	1	0	0.8033	1e-05	0.0004462777777777778	3.611111111111111e-05
OBS06	E3	prod-cand-1703-hg002-bjuice-4au-kitchensink-20260817T025004Z	10xby10x	HG002-nxw0jbvh1h5mqx	E3:10xby10x	3.72	9.67	segdup_PMS2_vcf.vcf-sv-stats	1	1	0	0.7827	1e-05	0.0004348333333333333	4.1666666666666665e-05
OBS06	E3	prod-cand-1703-hg002-bjuice-4au-kitchensink-20260817T025004Z	10xby10x	HG002-nxw0jbvh1h5mqx	E3:10xby10x	3.72	9.67	segdup_RCCX1_vcf.vcf-sv-stats	1	1	0	0.7893	1e-05	0.0004385	3.888888888888889e-05
OBS06	E3	prod-cand-1703-hg002-bjuice-4au-kitchensink-20260817T025004Z	10xby10x	HG002-nxw0jbvh1h5mqx	E3:10xby10x	3.72	9.67	segdup_RHD_vcf.vcf-sv-stats	1	1	0	0.7707	8e-06	0.0004281666666666667	3.611111111111111e-05
OBS06	E3	prod-cand-1703-hg002-bjuice-4au-kitchensink-20260817T025004Z	10xby10x	HG002-nxw0jbvh1h5mqx	E3:10xby10x	3.72	9.67	segdup_SBDS_vcf.vcf-sv-stats	1	1	0	0.8141	9e-06	0.0004522777777777778	3.3333333333333335e-05
OBS06	E3	prod-cand-1703-hg002-bjuice-4au-kitchensink-20260817T025004Z	10xby10x	HG002-nxw0jbvh1h5mqx	E3:10xby10x	3.72	9.67	segdup_SMN1_vcf.vcf-sv-stats	1	1	0	0.7947	8e-06	0.0004415	3.888888888888889e-05
OBS06	E3	prod-cand-1703-hg002-bjuice-4au-kitchensink-20260817T025004Z	10xby10x	HG002-nxw0jbvh1h5mqx	E3:10xby10x	3.72	9.67	segdup_STRC_vcf.vcf-sv-stats	1	1	0	0.9022	1.2e-05	0.0005012222222222222	2.777777777777778e-05
OBS06	E3	prod-cand-1703-hg002-bjuice-4au-kitchensink-20260817T025004Z	10xby10x	HG002-nxw0jbvh1h5mqx	E3:10xby10x	3.72	9.67	sentdhiomr2.command-manifest	1	1	0	0.826	0.001172	0.02936888888888889	2.777777777777778e-06
OBS06	E3	prod-cand-1703-hg002-bjuice-4au-kitchensink-20260817T025004Z	10xby10x	HG002-nxw0jbvh1h5mqx	E3:10xby10x	3.72	9.67	sentdhiomr2.five-chromosome-hard-vcf	1	1	0	100.2614	0.142018	3.5648497777777775	0.018580555555555555
OBS06	E3	prod-cand-1703-hg002-bjuice-4au-kitchensink-20260817T025004Z	10xby10x	HG002-nxw0jbvh1h5mqx	E3:10xby10x	3.72	9.67	sentdhiomr2.hybrid-cli172i-core	1	1	0	9109.1275	12.90291	323.8800888888889	0.016375
OBS06	E3	prod-cand-1703-hg002-bjuice-4au-kitchensink-20260817T025004Z	10xby10x	HG002-nxw0jbvh1h5mqx	E3:10xby10x	3.72	9.67	sentdhiomr2.hybrid-cli172i-finalize-1	1	1	0	829.7368	0.020185	0.9219297777777778	0.03623888888888889
OBS06	E3	prod-cand-1703-hg002-bjuice-4au-kitchensink-20260817T025004Z	10xby10x	HG002-nxw0jbvh1h5mqx	E3:10xby10x	3.72	9.67	sentdhiomr2.hybrid-cli172i-finalize-10	1	1	0	382.6853	0.015706	0.4252058888888889	0.015475000000000001
OBS06	E3	prod-cand-1703-hg002-bjuice-4au-kitchensink-20260817T025004Z	10xby10x	HG002-nxw0jbvh1h5mqx	E3:10xby10x	3.72	9.67	sentdhiomr2.hybrid-cli172i-finalize-11	1	1	0	487.9968	0.011872	0.5422186666666666	0.015452777777777779
OBS06	E3	prod-cand-1703-hg002-bjuice-4au-kitchensink-20260817T025004Z	10xby10x	HG002-nxw0jbvh1h5mqx	E3:10xby10x	3.72	9.67	sentdhiomr2.hybrid-cli172i-finalize-12	1	1	0	380.8591	0.015631	0.4231767777777778	0.015772222222222222
OBS06	E3	prod-cand-1703-hg002-bjuice-4au-kitchensink-20260817T025004Z	10xby10x	HG002-nxw0jbvh1h5mqx	E3:10xby10x	3.72	9.67	sentdhiomr2.hybrid-cli172i-finalize-13	1	1	0	287.3872	0.011795	0.3193191111111111	0.012130555555555556
OBS06	E3	prod-cand-1703-hg002-bjuice-4au-kitchensink-20260817T025004Z	10xby10x	HG002-nxw0jbvh1h5mqx	E3:10xby10x	3.72	9.67	sentdhiomr2.hybrid-cli172i-finalize-14	1	1	0	256.7496	0.010537	0.2852773333333333	0.011327777777777779
OBS06	E3	prod-cand-1703-hg002-bjuice-4au-kitchensink-20260817T025004Z	10xby10x	HG002-nxw0jbvh1h5mqx	E3:10xby10x	3.72	9.67	sentdhiomr2.hybrid-cli172i-finalize-15	1	1	0	305.8514	0.007441	0.3398348888888889	0.00796388888888889
OBS06	E3	prod-cand-1703-hg002-bjuice-4au-kitchensink-20260817T025004Z	10xby10x	HG002-nxw0jbvh1h5mqx	E3:10xby10x	3.72	9.67	sentdhiomr2.hybrid-cli172i-finalize-16	1	1	0	243.1548	0.009979	0.27017199999999997	0.006155555555555556
OBS06	E3	prod-cand-1703-hg002-bjuice-4au-kitchensink-20260817T025004Z	10xby10x	HG002-nxw0jbvh1h5mqx	E3:10xby10x	3.72	9.67	sentdhiomr2.hybrid-cli172i-finalize-17	1	1	0	296.2158	0.007206	0.3291286666666667	0.010525
OBS06	E3	prod-cand-1703-hg002-bjuice-4au-kitchensink-20260817T025004Z	10xby10x	HG002-nxw0jbvh1h5mqx	E3:10xby10x	3.72	9.67	sentdhiomr2.hybrid-cli172i-finalize-18	1	1	0	289.6339	0.007046	0.32181544444444443	0.011452777777777777
OBS06	E3	prod-cand-1703-hg002-bjuice-4au-kitchensink-20260817T025004Z	10xby10x	HG002-nxw0jbvh1h5mqx	E3:10xby10x	3.72	9.67	sentdhiomr2.hybrid-cli172i-finalize-19	1	1	0	216.5003	0.005267	0.2405558888888889	0.0038333333333333336
OBS06	E3	prod-cand-1703-hg002-bjuice-4au-kitchensink-20260817T025004Z	10xby10x	HG002-nxw0jbvh1h5mqx	E3:10xby10x	3.72	9.67	sentdhiomr2.hybrid-cli172i-finalize-2	1	1	0	852.287	0.020734	0.9469855555555556	0.03116666666666667
OBS06	E3	prod-cand-1703-hg002-bjuice-4au-kitchensink-20260817T025004Z	10xby10x	HG002-nxw0jbvh1h5mqx	E3:10xby10x	3.72	9.67	sentdhiomr2.hybrid-cli172i-finalize-20	1	1	0	194.6059	0.007987	0.21622877777777777	0.0005416666666666666
OBS06	E3	prod-cand-1703-hg002-bjuice-4au-kitchensink-20260817T025004Z	10xby10x	HG002-nxw0jbvh1h5mqx	E3:10xby10x	3.72	9.67	sentdhiomr2.hybrid-cli172i-finalize-21	1	1	0	112.6418	0.004623	0.12515755555555555	0.002972222222222222
OBS06	E3	prod-cand-1703-hg002-bjuice-4au-kitchensink-20260817T025004Z	10xby10x	HG002-nxw0jbvh1h5mqx	E3:10xby10x	3.72	9.67	sentdhiomr2.hybrid-cli172i-finalize-22	1	1	0	148.082	0.003602	0.16453555555555555	0.002975
OBS06	E3	prod-cand-1703-hg002-bjuice-4au-kitchensink-20260817T025004Z	10xby10x	HG002-nxw0jbvh1h5mqx	E3:10xby10x	3.72	9.67	sentdhiomr2.hybrid-cli172i-finalize-23	1	1	0	248.6734	0.010206	0.27630377777777776	0.005561111111111111
OBS06	E3	prod-cand-1703-hg002-bjuice-4au-kitchensink-20260817T025004Z	10xby10x	HG002-nxw0jbvh1h5mqx	E3:10xby10x	3.72	9.67	sentdhiomr2.hybrid-cli172i-finalize-24	1	1	0	54.7319	0.001331	0.06081322222222223	0.009147222222222222
OBS06	E3	prod-cand-1703-hg002-bjuice-4au-kitchensink-20260817T025004Z	10xby10x	HG002-nxw0jbvh1h5mqx	E3:10xby10x	3.72	9.67	sentdhiomr2.hybrid-cli172i-finalize-25	1	1	0	16.895	0.000693	0.01877222222222222	0.0
OBS06	E3	prod-cand-1703-hg002-bjuice-4au-kitchensink-20260817T025004Z	10xby10x	HG002-nxw0jbvh1h5mqx	E3:10xby10x	3.72	9.67	sentdhiomr2.hybrid-cli172i-finalize-3	1	1	0	718.863	0.017488	0.7987366666666668	0.028158333333333334
OBS06	E3	prod-cand-1703-hg002-bjuice-4au-kitchensink-20260817T025004Z	10xby10x	HG002-nxw0jbvh1h5mqx	E3:10xby10x	3.72	9.67	sentdhiomr2.hybrid-cli172i-finalize-4	1	1	0	521.3102	0.021395	0.5792335555555556	0.017247222222222223
OBS06	E3	prod-cand-1703-hg002-bjuice-4au-kitchensink-20260817T025004Z	10xby10x	HG002-nxw0jbvh1h5mqx	E3:10xby10x	3.72	9.67	sentdhiomr2.hybrid-cli172i-finalize-5	1	1	0	509.8141	0.020923	0.566460111111111	0.01902222222222222
OBS06	E3	prod-cand-1703-hg002-bjuice-4au-kitchensink-20260817T025004Z	10xby10x	HG002-nxw0jbvh1h5mqx	E3:10xby10x	3.72	9.67	sentdhiomr2.hybrid-cli172i-finalize-6	1	1	0	476.5673	0.019559	0.5295192222222223	0.01901111111111111
OBS06	E3	prod-cand-1703-hg002-bjuice-4au-kitchensink-20260817T025004Z	10xby10x	HG002-nxw0jbvh1h5mqx	E3:10xby10x	3.72	9.67	sentdhiomr2.hybrid-cli172i-finalize-7	1	1	0	437.936	0.017973	0.48659555555555556	0.019875
OBS06	E3	prod-cand-1703-hg002-bjuice-4au-kitchensink-20260817T025004Z	10xby10x	HG002-nxw0jbvh1h5mqx	E3:10xby10x	3.72	9.67	sentdhiomr2.hybrid-cli172i-finalize-8	1	1	0	415.866	0.017068	0.46207333333333334	0.015983333333333332
OBS06	E3	prod-cand-1703-hg002-bjuice-4au-kitchensink-20260817T025004Z	10xby10x	HG002-nxw0jbvh1h5mqx	E3:10xby10x	3.72	9.67	sentdhiomr2.hybrid-cli172i-finalize-9	1	1	0	441.09	0.010731	0.4901	0.018011111111111113
OBS06	E3	prod-cand-1703-hg002-bjuice-4au-kitchensink-20260817T025004Z	10xby10x	HG002-nxw0jbvh1h5mqx	E3:10xby10x	3.72	9.67	sentdhiomr2.hybrid-cli172i-gather	1	1	0	395.1457	0.032434	0.8781015555555555	0.0023583333333333334
OBS06	E3	prod-cand-1703-hg002-bjuice-4au-kitchensink-20260817T025004Z	10xby10x	HG002-nxw0jbvh1h5mqx	E3:10xby10x	3.72	9.67	sentdhiomr2.inflection-analytical-ancillary	1	1	0	1.6461	0.002332	0.058528	4.722222222222223e-05
OBS06	E3	prod-cand-1703-hg002-bjuice-4au-kitchensink-20260817T025004Z	10xby10x	HG002-nxw0jbvh1h5mqx	E3:10xby10x	3.72	9.67	sentdhiomr2.inflection-multiqc-stage	1	1	0	46.8616	0.000372	0.013017111111111111	0.012294444444444445
OBS06	E3	prod-cand-1703-hg002-bjuice-4au-kitchensink-20260817T025004Z	10xby10x	HG002-nxw0jbvh1h5mqx	E3:10xby10x	3.72	9.67	sentdhiomr2.inflection-multiqc	1	1	0	43.2866	0.000444	0.012024055555555555	0.0031444444444444445
OBS06	E3	prod-cand-1703-hg002-bjuice-4au-kitchensink-20260817T025004Z	10xby10x	HG002-nxw0jbvh1h5mqx	E3:10xby10x	3.72	9.67	sentdhiomr2.mito	1	1	0	38.8989	0.053735	1.3830719999999999	0.0
OBS06	E3	prod-cand-1703-hg002-bjuice-4au-kitchensink-20260817T025004Z	10xby10x	HG002-nxw0jbvh1h5mqx	E3:10xby10x	3.72	9.67	sentdhiomr2.normalize-smn12	1	1	0	0.2975	2e-06	8.263888888888889e-05	0.0
OBS06	E3	prod-cand-1703-hg002-bjuice-4au-kitchensink-20260817T025004Z	10xby10x	HG002-nxw0jbvh1h5mqx	E3:10xby10x	3.72	9.67	sentdhiomr2.roh_upd	1	1	0	591.4556	0.839506	21.029532444444445	0.16655
OBS06	E3	prod-cand-1703-hg002-bjuice-4au-kitchensink-20260817T025004Z	10xby10x	HG002-nxw0jbvh1h5mqx	E3:10xby10x	3.72	9.67	sentdhiomr2.rsr-publish	1	1	0	5.3894	4.3e-05	0.0014970555555555555	0.0005305555555555555
OBS06	E3	prod-cand-1703-hg002-bjuice-4au-kitchensink-20260817T025004Z	10xby10x	HG002-nxw0jbvh1h5mqx	E3:10xby10x	3.72	9.67	sentdhiomr2.scope	1	1	0	0.7798	6e-06	0.00021661111111111113	0.0
OBS06	E3	prod-cand-1703-hg002-bjuice-4au-kitchensink-20260817T025004Z	10xby10x	HG002-nxw0jbvh1h5mqx	E3:10xby10x	3.72	9.67	sentdhiomr2.segdup.CFH	1	1	0	263.9412	0.346638	9.384576	0.06621666666666666
OBS06	E3	prod-cand-1703-hg002-bjuice-4au-kitchensink-20260817T025004Z	10xby10x	HG002-nxw0jbvh1h5mqx	E3:10xby10x	3.72	9.67	sentdhiomr2.segdup.CYP11B1	1	1	0	166.3427	0.21846	5.914407111111111	0.03003888888888889
OBS06	E3	prod-cand-1703-hg002-bjuice-4au-kitchensink-20260817T025004Z	10xby10x	HG002-nxw0jbvh1h5mqx	E3:10xby10x	3.72	9.67	sentdhiomr2.segdup.CYP2A6	1	1	0	139.8723	0.197756	4.9732373333333335	0.032466666666666665
OBS06	E3	prod-cand-1703-hg002-bjuice-4au-kitchensink-20260817T025004Z	10xby10x	HG002-nxw0jbvh1h5mqx	E3:10xby10x	3.72	9.67	sentdhiomr2.segdup.CYP2B6	1	1	0	161.2683	0.222774	5.733984	0.020641666666666666
OBS06	E3	prod-cand-1703-hg002-bjuice-4au-kitchensink-20260817T025004Z	10xby10x	HG002-nxw0jbvh1h5mqx	E3:10xby10x	3.72	9.67	sentdhiomr2.segdup.CYP2D6	1	1	0	143.0729	0.202281	5.087036444444444	0.05477777777777777
OBS06	E3	prod-cand-1703-hg002-bjuice-4au-kitchensink-20260817T025004Z	10xby10x	HG002-nxw0jbvh1h5mqx	E3:10xby10x	3.72	9.67	sentdhiomr2.segdup.GBA	1	1	0	279.4596	0.395109	9.936341333333335	0.049930555555555554
OBS06	E3	prod-cand-1703-hg002-bjuice-4au-kitchensink-20260817T025004Z	10xby10x	HG002-nxw0jbvh1h5mqx	E3:10xby10x	3.72	9.67	sentdhiomr2.segdup.HBA	1	1	0	134.4549	0.176582	4.780618666666667	0.015313888888888889
OBS06	E3	prod-cand-1703-hg002-bjuice-4au-kitchensink-20260817T025004Z	10xby10x	HG002-nxw0jbvh1h5mqx	E3:10xby10x	3.72	9.67	sentdhiomr2.segdup.IKBKG	1	1	0	139.5457	0.183267	4.961624888888889	0.010352777777777778
OBS06	E3	prod-cand-1703-hg002-bjuice-4au-kitchensink-20260817T025004Z	10xby10x	HG002-nxw0jbvh1h5mqx	E3:10xby10x	3.72	9.67	sentdhiomr2.segdup.LPA	1	1	0	70.8733	0.093079	2.5199395555555557	0.001972222222222222
OBS06	E3	prod-cand-1703-hg002-bjuice-4au-kitchensink-20260817T025004Z	10xby10x	HG002-nxw0jbvh1h5mqx	E3:10xby10x	3.72	9.67	sentdhiomr2.segdup.NCF1	1	1	0	160.1784	0.221269	5.695232000000001	0.029224999999999998
OBS06	E3	prod-cand-1703-hg002-bjuice-4au-kitchensink-20260817T025004Z	10xby10x	HG002-nxw0jbvh1h5mqx	E3:10xby10x	3.72	9.67	sentdhiomr2.segdup.OTOA	1	1	0	132.6394	0.174197	4.716067555555555	0.0152
OBS06	E3	prod-cand-1703-hg002-bjuice-4au-kitchensink-20260817T025004Z	10xby10x	HG002-nxw0jbvh1h5mqx	E3:10xby10x	3.72	9.67	sentdhiomr2.segdup.PMS2	1	1	0	192.2007	0.25242	6.833802666666667	0.02368611111111111
OBS06	E3	prod-cand-1703-hg002-bjuice-4au-kitchensink-20260817T025004Z	10xby10x	HG002-nxw0jbvh1h5mqx	E3:10xby10x	3.72	9.67	sentdhiomr2.segdup.RCCX	1	1	0	183.4528	0.25342	6.522766222222222	0.032938888888888886
OBS06	E3	prod-cand-1703-hg002-bjuice-4au-kitchensink-20260817T025004Z	10xby10x	HG002-nxw0jbvh1h5mqx	E3:10xby10x	3.72	9.67	sentdhiomr2.segdup.RH	1	1	0	302.5174	0.427709	10.756174222222223	0.027025
OBS06	E3	prod-cand-1703-hg002-bjuice-4au-kitchensink-20260817T025004Z	10xby10x	HG002-nxw0jbvh1h5mqx	E3:10xby10x	3.72	9.67	sentdhiomr2.segdup.SBDS	1	1	0	162.6424	0.224672	5.782840888888889	0.029972222222222223
OBS06	E3	prod-cand-1703-hg002-bjuice-4au-kitchensink-20260817T025004Z	10xby10x	HG002-nxw0jbvh1h5mqx	E3:10xby10x	3.72	9.67	sentdhiomr2.segdup.SMN1	1	1	0	171.1734	0.236457	6.086165333333333	0.04186388888888889
OBS06	E3	prod-cand-1703-hg002-bjuice-4au-kitchensink-20260817T025004Z	10xby10x	HG002-nxw0jbvh1h5mqx	E3:10xby10x	3.72	9.67	sentdhiomr2.segdup.STRC	1	1	0	133.6118	0.175474	4.750641777777777	0.016047222222222223
OBS06	E3	prod-cand-1703-hg002-bjuice-4au-kitchensink-20260817T025004Z	10xby10x	HG002-nxw0jbvh1h5mqx	E3:10xby10x	3.72	9.67	sentdhiomr2.slim-longreadsv-normalize	1	1	0	3.2762	0.000638	0.029121777777777774	2.777777777777778e-06
OBS06	E3	prod-cand-1703-hg002-bjuice-4au-kitchensink-20260817T025004Z	10xby10x	HG002-nxw0jbvh1h5mqx	E3:10xby10x	3.72	9.67	sentdhiomr2.slim-sniffles2-normalize	1	1	0	5.9221	0.002045	0.05264088888888889	0.0
OBS06	E3	prod-cand-1703-hg002-bjuice-4au-kitchensink-20260817T025004Z	10xby10x	HG002-nxw0jbvh1h5mqx	E3:10xby10x	3.72	9.67	sentdhiomr2.slim-tag-cnv	1	1	0	17.5499	0.005762	0.15599911111111112	0.0041333333333333335
OBS06	E3	prod-cand-1703-hg002-bjuice-4au-kitchensink-20260817T025004Z	10xby10x	HG002-nxw0jbvh1h5mqx	E3:10xby10x	3.72	9.67	sentdhiomr2.slim-tag-sv	1	1	0	417.1728	0.147729	3.7082026666666668	0.112475
OBS06	E3	prod-cand-1703-hg002-bjuice-4au-kitchensink-20260817T025004Z	10xby10x	HG002-nxw0jbvh1h5mqx	E3:10xby10x	3.72	9.67	sentdhiomr2.slim-tiddit-normalize	1	1	0	2.2628	0.000468	0.020113777777777776	2.777777777777778e-06
OBS06	E3	prod-cand-1703-hg002-bjuice-4au-kitchensink-20260817T025004Z	10xby10x	HG002-nxw0jbvh1h5mqx	E3:10xby10x	3.72	9.67	sentdhiomr2.slim-tiddit-repair	1	1	0	1.4886	0.000308	0.013231999999999999	6.666666666666667e-05
OBS06	E3	prod-cand-1703-hg002-bjuice-4au-kitchensink-20260817T025004Z	10xby10x	HG002-nxw0jbvh1h5mqx	E3:10xby10x	3.72	9.67	sentdhiomr2.slim-trussv	1	1	0	3.7296	0.001225	0.033152	0.00017777777777777779
OBS06	E3	prod-cand-1703-hg002-bjuice-4au-kitchensink-20260817T025004Z	10xby10x	HG002-nxw0jbvh1h5mqx	E3:10xby10x	3.72	9.67	sentdhiomr2.slim-truvari-aggregate	1	1	0	0.2492	2e-06	6.922222222222223e-05	0.0
OBS06	E3	prod-cand-1703-hg002-bjuice-4au-kitchensink-20260817T025004Z	10xby10x	HG002-nxw0jbvh1h5mqx	E3:10xby10x	3.72	9.67	sentdhiomr2.slim-truvari-longreadsv	1	1	0	203.1542	0.071941	1.8058151111111111	0.05433611111111111
OBS06	E3	prod-cand-1703-hg002-bjuice-4au-kitchensink-20260817T025004Z	10xby10x	HG002-nxw0jbvh1h5mqx	E3:10xby10x	3.72	9.67	sentdhiomr2.slim-truvari-sniffles2	1	1	0	165.4527	0.054323	1.4706906666666666	0.03746388888888889
OBS06	E3	prod-cand-1703-hg002-bjuice-4au-kitchensink-20260817T025004Z	10xby10x	HG002-nxw0jbvh1h5mqx	E3:10xby10x	3.72	9.67	sentdhiomr2.slim-truvari-tagged_trussv	1	1	0	170.3068	0.055917	1.5138382222222224	0.04591666666666667
OBS06	E3	prod-cand-1703-hg002-bjuice-4au-kitchensink-20260817T025004Z	10xby10x	HG002-nxw0jbvh1h5mqx	E3:10xby10x	3.72	9.67	sentdhiomr2.slim-truvari-tiddit	1	1	0	164.0526	0.033906	1.4582453333333334	0.03659166666666666
OBS06	E3	prod-cand-1703-hg002-bjuice-4au-kitchensink-20260817T025004Z	10xby10x	HG002-nxw0jbvh1h5mqx	E3:10xby10x	3.72	9.67	sentdhiomr2.sniffles2	1	1	0	69.5883	0.046604	2.474250666666667	0.0034805555555555553
OBS06	E3	prod-cand-1703-hg002-bjuice-4au-kitchensink-20260817T025004Z	10xby10x	HG002-nxw0jbvh1h5mqx	E3:10xby10x	3.72	9.67	sentdhiomr2.sr-prepare	1	1	0	1046.7133	2.219817	55.824709333333324	0.021338888888888886
OBS06	E3	prod-cand-1703-hg002-bjuice-4au-kitchensink-20260817T025004Z	10xby10x	HG002-nxw0jbvh1h5mqx	E3:10xby10x	3.72	9.67	sentdhiomr2.terminal-hybrid-validate	1	1	0	697.1017	0.542681	24.785838222222225	0.16897222222222222
OBS06	E3	prod-cand-1703-hg002-bjuice-4au-kitchensink-20260817T025004Z	10xby10x	HG002-nxw0jbvh1h5mqx	E3:10xby10x	3.72	9.67	sentdhiomr2.tiddit	1	1	0	290.7719	0.381875	10.338556444444444	0.00010555555555555555
OBS06	E3	prod-cand-1703-hg002-bjuice-4au-kitchensink-20260817T025004Z	10xby10x	HG002-nxw0jbvh1h5mqx	E3:10xby10x	3.72	9.67	sentdhiomr2.tiddit.sort	1	1	0	1.2833	0.001814	0.04562844444444445	1.388888888888889e-05
OBS06	E3	prod-cand-1703-hg002-bjuice-4au-kitchensink-20260817T025004Z	10xby10x	HG002-nxw0jbvh1h5mqx	E3:10xby10x	3.72	9.67	sentdhiomr2lr.na.alignstats	1	1	0	124.7809	0.002611	0.13864544444444446	0.08269166666666666
OBS06	E3	prod-cand-1703-hg002-bjuice-4au-kitchensink-20260817T025004Z	10xby10x	HG002-nxw0jbvh1h5mqx	E3:10xby10x	3.72	9.67	sentdhiomr2lr.na.coverage_evenness_two	1	1	0	229.541	0.039636	1.020182222222222	0.6772805555555556
OBS06	E3	prod-cand-1703-hg002-bjuice-4au-kitchensink-20260817T025004Z	10xby10x	HG002-nxw0jbvh1h5mqx	E3:10xby10x	3.72	9.67	sentdhiomr2lr.na.gatk_contam	1	1	0	8.7262	9.1e-05	0.004847888888888889	0.0033555555555555556
OBS06	E3	prod-cand-1703-hg002-bjuice-4au-kitchensink-20260817T025004Z	10xby10x	HG002-nxw0jbvh1h5mqx	E3:10xby10x	3.72	9.67	sentdhiomr2lr.na.goleft	1	1	0	1.5173	1.6e-05	0.0008429444444444444	0.00015555555555555556
OBS06	E3	prod-cand-1703-hg002-bjuice-4au-kitchensink-20260817T025004Z	10xby10x	HG002-nxw0jbvh1h5mqx	E3:10xby10x	3.72	9.67	sentdhiomr2lr.na.infer_sex_complement	1	1	0	0.7052	4e-06	0.0001958888888888889	8.333333333333334e-06
OBS06	E3	prod-cand-1703-hg002-bjuice-4au-kitchensink-20260817T025004Z	10xby10x	HG002-nxw0jbvh1h5mqx	E3:10xby10x	3.72	9.67	sentdhiomr2lr.na.mosdepth	1	1	0	104.5804	0.002189	0.11620044444444444	0.027530555555555555
OBS06	E3	prod-cand-1703-hg002-bjuice-4au-kitchensink-20260817T025004Z	10xby10x	HG002-nxw0jbvh1h5mqx	E3:10xby10x	3.72	9.67	sentdhiomr2lr.na.norm_cov_eveness	1	1	0	423.795	0.008869	0.4708833333333334	0.0021833333333333336
OBS06	E3	prod-cand-1703-hg002-bjuice-4au-kitchensink-20260817T025004Z	10xby10x	HG002-nxw0jbvh1h5mqx	E3:10xby10x	3.72	9.67	sentdhiomr2lr.na.p.ganon2_multiqc_log	1	1	0	0.0513	0.0	1.4249999999999999e-05	0.0
OBS06	E3	prod-cand-1703-hg002-bjuice-4au-kitchensink-20260817T025004Z	10xby10x	HG002-nxw0jbvh1h5mqx	E3:10xby10x	3.72	9.67	sentdhiomr2lr.na.p.unmapped_metagenomics_ganon2_quick	1	1	0	57.0405	0.045821	2.0281066666666665	0.041419444444444446
OBS06	E3	prod-cand-1703-hg002-bjuice-4au-kitchensink-20260817T025004Z	10xby10x	HG002-nxw0jbvh1h5mqx	E3:10xby10x	3.72	9.67	sentdhiomr2lr.na.samt	1	1	0	503.8619	0.022349	0.5598465555555555	0.0036555555555555556
OBS06	E3	prod-cand-1703-hg002-bjuice-4au-kitchensink-20260817T025004Z	10xby10x	HG002-nxw0jbvh1h5mqx	E3:10xby10x	3.72	9.67	sentdhiomr2lr.na.sex_complement_somalier_metrics	1	1	0	0.4941	5e-06	0.0002745	8.333333333333334e-06
OBS06	E3	prod-cand-1703-hg002-bjuice-4au-kitchensink-20260817T025004Z	10xby10x	HG002-nxw0jbvh1h5mqx	E3:10xby10x	3.72	9.67	sentdhiomr2lr.na.site_mix_contam	1	1	0	12.35	6.5e-05	0.0034305555555555556	0.0030444444444444447
OBS06	E3	prod-cand-1703-hg002-bjuice-4au-kitchensink-20260817T025004Z	10xby10x	HG002-nxw0jbvh1h5mqx	E3:10xby10x	3.72	9.67	sentdhiomr2lr.na.site_mix_contam_pileups	1	1	0	1213.528	0.052386	1.3483644444444445	0.3347027777777778
OBS06	E3	prod-cand-1703-hg002-bjuice-4au-kitchensink-20260817T025004Z	10xby10x	HG002-nxw0jbvh1h5mqx	E3:10xby10x	3.72	9.67	sentdhiomr2rsr.na.alignstats	1	1	0	86.1401	0.003535	0.09571122222222223	0.03853055555555556
OBS06	E3	prod-cand-1703-hg002-bjuice-4au-kitchensink-20260817T025004Z	10xby10x	HG002-nxw0jbvh1h5mqx	E3:10xby10x	3.72	9.67	sentdhiomr2rsr.na.coverage_evenness_two	1	1	0	211.861	0.03478	0.9416044444444444	0.6447083333333333
OBS06	E3	prod-cand-1703-hg002-bjuice-4au-kitchensink-20260817T025004Z	10xby10x	HG002-nxw0jbvh1h5mqx	E3:10xby10x	3.72	9.67	sentdhiomr2rsr.na.gatk_contam	1	1	0	7.5781	9.2e-05	0.004210055555555555	0.002994444444444444
OBS06	E3	prod-cand-1703-hg002-bjuice-4au-kitchensink-20260817T025004Z	10xby10x	HG002-nxw0jbvh1h5mqx	E3:10xby10x	3.72	9.67	sentdhiomr2rsr.na.goleft	1	1	0	1.2844	2.6e-05	0.0007135555555555556	0.00021944444444444444
OBS06	E3	prod-cand-1703-hg002-bjuice-4au-kitchensink-20260817T025004Z	10xby10x	HG002-nxw0jbvh1h5mqx	E3:10xby10x	3.72	9.67	sentdhiomr2rsr.na.infer_sex_complement	1	1	0	0.7429	5e-06	0.0002063611111111111	5.555555555555556e-06
OBS06	E3	prod-cand-1703-hg002-bjuice-4au-kitchensink-20260817T025004Z	10xby10x	HG002-nxw0jbvh1h5mqx	E3:10xby10x	3.72	9.67	sentdhiomr2rsr.na.mosdepth	1	1	0	93.1059	0.003821	0.103451	0.02496388888888889
OBS06	E3	prod-cand-1703-hg002-bjuice-4au-kitchensink-20260817T025004Z	10xby10x	HG002-nxw0jbvh1h5mqx	E3:10xby10x	3.72	9.67	sentdhiomr2rsr.na.norm_cov_eveness	1	1	0	440.6951	0.018087	0.48966122222222225	0.0015277777777777779
OBS06	E3	prod-cand-1703-hg002-bjuice-4au-kitchensink-20260817T025004Z	10xby10x	HG002-nxw0jbvh1h5mqx	E3:10xby10x	3.72	9.67	sentdhiomr2rsr.na.p.ganon2_multiqc_log	1	1	0	0.0564	0.0	1.5666666666666667e-05	0.0
OBS06	E3	prod-cand-1703-hg002-bjuice-4au-kitchensink-20260817T025004Z	10xby10x	HG002-nxw0jbvh1h5mqx	E3:10xby10x	3.72	9.67	sentdhiomr2rsr.na.p.unmapped_metagenomics_ganon2_quick	1	1	0	131.9065	0.186843	4.6900088888888884	0.005519444444444445
OBS06	E3	prod-cand-1703-hg002-bjuice-4au-kitchensink-20260817T025004Z	10xby10x	HG002-nxw0jbvh1h5mqx	E3:10xby10x	3.72	9.67	sentdhiomr2rsr.na.samt	1	1	0	124.6257	0.005115	0.13847299999999998	0.04358055555555555
OBS06	E3	prod-cand-1703-hg002-bjuice-4au-kitchensink-20260817T025004Z	10xby10x	HG002-nxw0jbvh1h5mqx	E3:10xby10x	3.72	9.67	sentdhiomr2rsr.na.sex_complement_somalier_metrics	1	1	0	0.6145	7e-06	0.0003413888888888889	8.333333333333334e-06
OBS06	E3	prod-cand-1703-hg002-bjuice-4au-kitchensink-20260817T025004Z	10xby10x	HG002-nxw0jbvh1h5mqx	E3:10xby10x	3.72	9.67	sentdhiomr2rsr.na.site_mix_contam	1	1	0	10.7716	6.6e-05	0.0029921111111111108	0.0025583333333333335
OBS06	E3	prod-cand-1703-hg002-bjuice-4au-kitchensink-20260817T025004Z	10xby10x	HG002-nxw0jbvh1h5mqx	E3:10xby10x	3.72	9.67	sentdhiomr2rsr.na.site_mix_contam_pileups	1	1	0	327.3006	0.013433	0.3636673333333333	0.06823888888888889
OBS06	E3	prod-cand-1703-hg002-bjuice-4au-kitchensink-20260817T025004Z	10xby10x	HG002-nxw0jbvh1h5mqx	E3:10xby10x	3.72	9.67	sentdhiomr2sr.smd.alignstats	1	1	0	207.36	0.008951	0.23040000000000002	0.11385277777777777
OBS06	E3	prod-cand-1703-hg002-bjuice-4au-kitchensink-20260817T025004Z	10xby10x	HG002-nxw0jbvh1h5mqx	E3:10xby10x	3.72	9.67	sentdhiomr2sr.smd.coverage_evenness_two	1	1	0	254.9406	0.044022	1.1330693333333333	0.6936
OBS06	E3	prod-cand-1703-hg002-bjuice-4au-kitchensink-20260817T025004Z	10xby10x	HG002-nxw0jbvh1h5mqx	E3:10xby10x	3.72	9.67	sentdhiomr2sr.smd.gatk_contam	1	1	0	12.3869	0.00016	0.006881611111111112	0.004025
OBS06	E3	prod-cand-1703-hg002-bjuice-4au-kitchensink-20260817T025004Z	10xby10x	HG002-nxw0jbvh1h5mqx	E3:10xby10x	3.72	9.67	sentdhiomr2sr.smd.goleft	1	1	0	1.2363	1.3e-05	0.0006868333333333333	0.00021666666666666668
OBS06	E3	prod-cand-1703-hg002-bjuice-4au-kitchensink-20260817T025004Z	10xby10x	HG002-nxw0jbvh1h5mqx	E3:10xby10x	3.72	9.67	sentdhiomr2sr.smd.infer_sex_complement	1	1	0	0.6929	4e-06	0.00019247222222222221	5.555555555555556e-06
OBS06	E3	prod-cand-1703-hg002-bjuice-4au-kitchensink-20260817T025004Z	10xby10x	HG002-nxw0jbvh1h5mqx	E3:10xby10x	3.72	9.67	sentdhiomr2sr.smd.mosdepth	1	1	0	105.4218	0.002206	0.11713533333333334	0.029977777777777777
OBS06	E3	prod-cand-1703-hg002-bjuice-4au-kitchensink-20260817T025004Z	10xby10x	HG002-nxw0jbvh1h5mqx	E3:10xby10x	3.72	9.67	sentdhiomr2sr.smd.norm_cov_eveness	1	1	0	455.1702	0.009526	0.5057446666666667	0.002266666666666667
OBS06	E3	prod-cand-1703-hg002-bjuice-4au-kitchensink-20260817T025004Z	10xby10x	HG002-nxw0jbvh1h5mqx	E3:10xby10x	3.72	9.67	sentdhiomr2sr.smd.p.ganon2_multiqc_log	1	1	0	0.0461	0.0	1.2805555555555556e-05	0.0
OBS06	E3	prod-cand-1703-hg002-bjuice-4au-kitchensink-20260817T025004Z	10xby10x	HG002-nxw0jbvh1h5mqx	E3:10xby10x	3.72	9.67	sentdhiomr2sr.smd.p.unmapped_metagenomics_ganon2_quick	1	1	0	587.0106	0.833196	20.871488	0.06948888888888889
OBS06	E3	prod-cand-1703-hg002-bjuice-4au-kitchensink-20260817T025004Z	10xby10x	HG002-nxw0jbvh1h5mqx	E3:10xby10x	3.72	9.67	sentdhiomr2sr.smd.samt	1	1	0	347.5977	0.007275	0.38621966666666663	0.00775
OBS06	E3	prod-cand-1703-hg002-bjuice-4au-kitchensink-20260817T025004Z	10xby10x	HG002-nxw0jbvh1h5mqx	E3:10xby10x	3.72	9.67	sentdhiomr2sr.smd.sex_complement_somalier_metrics	1	1	0	0.4754	5e-06	0.0002641111111111111	8.333333333333334e-06
OBS06	E3	prod-cand-1703-hg002-bjuice-4au-kitchensink-20260817T025004Z	10xby10x	HG002-nxw0jbvh1h5mqx	E3:10xby10x	3.72	9.67	sentdhiomr2sr.smd.site_mix_contam	1	1	0	13.0213	8.4e-05	0.0036170277777777776	0.0031416666666666667
OBS06	E3	prod-cand-1703-hg002-bjuice-4au-kitchensink-20260817T025004Z	10xby10x	HG002-nxw0jbvh1h5mqx	E3:10xby10x	3.72	9.67	sentdhiomr2sr.smd.site_mix_contam_pileups	1	1	0	670.8127	0.014039	0.7453474444444443	0.18390555555555554
OBS06	E3	prod-cand-1703-hg002-bjuice-4au-kitchensink-20260817T025004Z	10xby10x	HG002-nxw0jbvh1h5mqx	E3:10xby10x	3.72	9.67	sentmm2ont.na.expansionhunter	1	1	0	21.0698	0.002177	0.09364355555555556	0.06243888888888889
OBS06	E3	prod-cand-1703-hg002-bjuice-4au-kitchensink-20260817T025004Z	10xby10x	HG002-nxw0jbvh1h5mqx	E3:10xby10x	3.72	9.67	sentmm2ont.na.expansionhunter_json_to_tsv	1	1	0	0.6459	4e-06	0.00017941666666666667	5.555555555555556e-06
OBS06	E3	prod-cand-1703-hg002-bjuice-4au-kitchensink-20260817T025004Z	10xby10x	HG002-nxw0jbvh1h5mqx	E3:10xby10x	3.72	9.67	sentmm2ont.na.sentdhiomr2.altair-v1.1.parse_vcfeval_summary	1	1	0	9.3877	0.000193	0.005215388888888889	4.1666666666666665e-05
OBS06	E3	prod-cand-1703-hg002-bjuice-4au-kitchensink-20260817T025004Z	10xby10x	HG002-nxw0jbvh1h5mqx	E3:10xby10x	3.72	9.67	sentmm2ont.na.sentdhiomr2.altair-v1.1.rtg_vcfeval	1	1	0	59.8791	0.00983	0.26612933333333333	0.06056944444444445
OBS06	E3	prod-cand-1703-hg002-bjuice-4au-kitchensink-20260817T025004Z	10xby10x	HG002-nxw0jbvh1h5mqx	E3:10xby10x	3.72	9.67	sentmm2ont.na.sentdhiomr2.bcfstat	1	1	0	13.5193	0.000832	0.022532166666666666	0.0042361111111111115
OBS06	E3	prod-cand-1703-hg002-bjuice-4au-kitchensink-20260817T025004Z	10xby10x	HG002-nxw0jbvh1h5mqx	E3:10xby10x	3.72	9.67	sentmm2ont.na.sentdhiomr2.chr1.vep	1	1	0	691.8319	0.028394	0.7687021111111111	0.015155555555555556
OBS06	E3	prod-cand-1703-hg002-bjuice-4au-kitchensink-20260817T025004Z	10xby10x	HG002-nxw0jbvh1h5mqx	E3:10xby10x	3.72	9.67	sentmm2ont.na.sentdhiomr2.chr1.vep_input	1	1	0	7.1794	4.4e-05	0.001994277777777778	6.111111111111111e-05
OBS06	E3	prod-cand-1703-hg002-bjuice-4au-kitchensink-20260817T025004Z	10xby10x	HG002-nxw0jbvh1h5mqx	E3:10xby10x	3.72	9.67	sentmm2ont.na.sentdhiomr2.chr10.vep	1	1	0	448.1958	0.018394	0.49799533333333335	0.007736111111111111
OBS06	E3	prod-cand-1703-hg002-bjuice-4au-kitchensink-20260817T025004Z	10xby10x	HG002-nxw0jbvh1h5mqx	E3:10xby10x	3.72	9.67	sentmm2ont.na.sentdhiomr2.chr10.vep_input	1	1	0	3.982	4.4e-05	0.001106111111111111	2.777777777777778e-06
OBS06	E3	prod-cand-1703-hg002-bjuice-4au-kitchensink-20260817T025004Z	10xby10x	HG002-nxw0jbvh1h5mqx	E3:10xby10x	3.72	9.67	sentmm2ont.na.sentdhiomr2.chr11.vep	1	1	0	422.0697	0.017322	0.4689663333333334	0.007316666666666667
OBS06	E3	prod-cand-1703-hg002-bjuice-4au-kitchensink-20260817T025004Z	10xby10x	HG002-nxw0jbvh1h5mqx	E3:10xby10x	3.72	9.67	sentmm2ont.na.sentdhiomr2.chr11.vep_input	1	1	0	4.7736	2.9e-05	0.001326	5.555555555555556e-05
OBS06	E3	prod-cand-1703-hg002-bjuice-4au-kitchensink-20260817T025004Z	10xby10x	HG002-nxw0jbvh1h5mqx	E3:10xby10x	3.72	9.67	sentmm2ont.na.sentdhiomr2.chr12.vep	1	1	0	536.9984	0.013064	0.5966648888888888	0.00956388888888889
OBS06	E3	prod-cand-1703-hg002-bjuice-4au-kitchensink-20260817T025004Z	10xby10x	HG002-nxw0jbvh1h5mqx	E3:10xby10x	3.72	9.67	sentmm2ont.na.sentdhiomr2.chr12.vep_input	1	1	0	3.8064	3.9e-05	0.0010573333333333333	8.333333333333334e-06
OBS06	E3	prod-cand-1703-hg002-bjuice-4au-kitchensink-20260817T025004Z	10xby10x	HG002-nxw0jbvh1h5mqx	E3:10xby10x	3.72	9.67	sentmm2ont.na.sentdhiomr2.chr13.vep	1	1	0	354.9082	0.008634	0.3943424444444445	0.005277777777777778
OBS06	E3	prod-cand-1703-hg002-bjuice-4au-kitchensink-20260817T025004Z	10xby10x	HG002-nxw0jbvh1h5mqx	E3:10xby10x	3.72	9.67	sentmm2ont.na.sentdhiomr2.chr13.vep_input	1	1	0	3.8821	2.4e-05	0.001078361111111111	0.0006888888888888888
OBS06	E3	prod-cand-1703-hg002-bjuice-4au-kitchensink-20260817T025004Z	10xby10x	HG002-nxw0jbvh1h5mqx	E3:10xby10x	3.72	9.67	sentmm2ont.na.sentdhiomr2.chr14.vep	1	1	0	287.9746	0.011819	0.3199717777777778	0.000125
OBS06	E3	prod-cand-1703-hg002-bjuice-4au-kitchensink-20260817T025004Z	10xby10x	HG002-nxw0jbvh1h5mqx	E3:10xby10x	3.72	9.67	sentmm2ont.na.sentdhiomr2.chr14.vep_input	1	1	0	2.9072	3e-05	0.0008075555555555556	0.00042500000000000003
OBS06	E3	prod-cand-1703-hg002-bjuice-4au-kitchensink-20260817T025004Z	10xby10x	HG002-nxw0jbvh1h5mqx	E3:10xby10x	3.72	9.67	sentmm2ont.na.sentdhiomr2.chr15.vep	1	1	0	288.917	0.011857	0.32101888888888885	0.0003777777777777778
OBS06	E3	prod-cand-1703-hg002-bjuice-4au-kitchensink-20260817T025004Z	10xby10x	HG002-nxw0jbvh1h5mqx	E3:10xby10x	3.72	9.67	sentmm2ont.na.sentdhiomr2.chr15.vep_input	1	1	0	3.391	2.1e-05	0.0009419444444444445	2.777777777777778e-06
OBS06	E3	prod-cand-1703-hg002-bjuice-4au-kitchensink-20260817T025004Z	10xby10x	HG002-nxw0jbvh1h5mqx	E3:10xby10x	3.72	9.67	sentmm2ont.na.sentdhiomr2.chr16.vep	1	1	0	367.0435	0.008929	0.4078261111111111	0.009341666666666667
OBS06	E3	prod-cand-1703-hg002-bjuice-4au-kitchensink-20260817T025004Z	10xby10x	HG002-nxw0jbvh1h5mqx	E3:10xby10x	3.72	9.67	sentmm2ont.na.sentdhiomr2.chr16.vep_input	1	1	0	2.1511	2.2e-05	0.0005975277777777778	0.00030000000000000003
OBS06	E3	prod-cand-1703-hg002-bjuice-4au-kitchensink-20260817T025004Z	10xby10x	HG002-nxw0jbvh1h5mqx	E3:10xby10x	3.72	9.67	sentmm2ont.na.sentdhiomr2.chr17.vep	1	1	0	350.9062	0.008537	0.3898957777777778	0.00044444444444444447
OBS06	E3	prod-cand-1703-hg002-bjuice-4au-kitchensink-20260817T025004Z	10xby10x	HG002-nxw0jbvh1h5mqx	E3:10xby10x	3.72	9.67	sentmm2ont.na.sentdhiomr2.chr17.vep_input	1	1	0	1.9676	2e-05	0.0005465555555555556	0.0003111111111111111
OBS06	E3	prod-cand-1703-hg002-bjuice-4au-kitchensink-20260817T025004Z	10xby10x	HG002-nxw0jbvh1h5mqx	E3:10xby10x	3.72	9.67	sentmm2ont.na.sentdhiomr2.chr18.vep	1	1	0	242.153	0.009938	0.2690588888888889	0.005475
OBS06	E3	prod-cand-1703-hg002-bjuice-4au-kitchensink-20260817T025004Z	10xby10x	HG002-nxw0jbvh1h5mqx	E3:10xby10x	3.72	9.67	sentmm2ont.na.sentdhiomr2.chr18.vep_input	1	1	0	3.4562	3.8e-05	0.0009600555555555556	0.0005194444444444444
OBS06	E3	prod-cand-1703-hg002-bjuice-4au-kitchensink-20260817T025004Z	10xby10x	HG002-nxw0jbvh1h5mqx	E3:10xby10x	3.72	9.67	sentmm2ont.na.sentdhiomr2.chr19.vep	1	1	0	236.4225	0.009703	0.26269166666666666	0.004549999999999999
OBS06	E3	prod-cand-1703-hg002-bjuice-4au-kitchensink-20260817T025004Z	10xby10x	HG002-nxw0jbvh1h5mqx	E3:10xby10x	3.72	9.67	sentmm2ont.na.sentdhiomr2.chr19.vep_input	1	1	0	3.2071	2e-05	0.0008908611111111112	8.333333333333334e-06
OBS06	E3	prod-cand-1703-hg002-bjuice-4au-kitchensink-20260817T025004Z	10xby10x	HG002-nxw0jbvh1h5mqx	E3:10xby10x	3.72	9.67	sentmm2ont.na.sentdhiomr2.chr2.vep	1	1	0	851.5761	0.020717	0.9461956666666667	0.014044444444444444
OBS06	E3	prod-cand-1703-hg002-bjuice-4au-kitchensink-20260817T025004Z	10xby10x	HG002-nxw0jbvh1h5mqx	E3:10xby10x	3.72	9.67	sentmm2ont.na.sentdhiomr2.chr2.vep_input	1	1	0	6.9469	4.2e-05	0.0019296944444444446	5.555555555555556e-06
OBS06	E3	prod-cand-1703-hg002-bjuice-4au-kitchensink-20260817T025004Z	10xby10x	HG002-nxw0jbvh1h5mqx	E3:10xby10x	3.72	9.67	sentmm2ont.na.sentdhiomr2.chr20.vep	1	1	0	193.1648	0.007928	0.21462755555555557	0.005669444444444445
OBS06	E3	prod-cand-1703-hg002-bjuice-4au-kitchensink-20260817T025004Z	10xby10x	HG002-nxw0jbvh1h5mqx	E3:10xby10x	3.72	9.67	sentmm2ont.na.sentdhiomr2.chr20.vep_input	1	1	0	3.1245	1.9e-05	0.0008679166666666666	3.0555555555555554e-05
OBS06	E3	prod-cand-1703-hg002-bjuice-4au-kitchensink-20260817T025004Z	10xby10x	HG002-nxw0jbvh1h5mqx	E3:10xby10x	3.72	9.67	sentmm2ont.na.sentdhiomr2.chr21.vep	1	1	0	180.6623	0.007415	0.20073588888888888	0.005266666666666667
OBS06	E3	prod-cand-1703-hg002-bjuice-4au-kitchensink-20260817T025004Z	10xby10x	HG002-nxw0jbvh1h5mqx	E3:10xby10x	3.72	9.67	sentmm2ont.na.sentdhiomr2.chr21.vep_input	1	1	0	2.4086	1.5e-05	0.0006690555555555555	5.555555555555556e-06
OBS06	E3	prod-cand-1703-hg002-bjuice-4au-kitchensink-20260817T025004Z	10xby10x	HG002-nxw0jbvh1h5mqx	E3:10xby10x	3.72	9.67	sentmm2ont.na.sentdhiomr2.chr22.vep	1	1	0	161.2243	0.006617	0.1791381111111111	0.003372222222222222
OBS06	E3	prod-cand-1703-hg002-bjuice-4au-kitchensink-20260817T025004Z	10xby10x	HG002-nxw0jbvh1h5mqx	E3:10xby10x	3.72	9.67	sentmm2ont.na.sentdhiomr2.chr22.vep_input	1	1	0	2.395	1.5e-05	0.0006652777777777778	8.333333333333334e-06
OBS06	E3	prod-cand-1703-hg002-bjuice-4au-kitchensink-20260817T025004Z	10xby10x	HG002-nxw0jbvh1h5mqx	E3:10xby10x	3.72	9.67	sentmm2ont.na.sentdhiomr2.chr3.vep	1	1	0	767.2795	0.018666	0.8525327777777778	0.01208888888888889
OBS06	E3	prod-cand-1703-hg002-bjuice-4au-kitchensink-20260817T025004Z	10xby10x	HG002-nxw0jbvh1h5mqx	E3:10xby10x	3.72	9.67	sentmm2ont.na.sentdhiomr2.chr3.vep_input	1	1	0	5.0577	5.2e-05	0.0014049166666666665	0.001011111111111111
OBS06	E3	prod-cand-1703-hg002-bjuice-4au-kitchensink-20260817T025004Z	10xby10x	HG002-nxw0jbvh1h5mqx	E3:10xby10x	3.72	9.67	sentmm2ont.na.sentdhiomr2.chr4.vep	1	1	0	596.3628	0.024475	0.6626253333333333	0.008372222222222222
OBS06	E3	prod-cand-1703-hg002-bjuice-4au-kitchensink-20260817T025004Z	10xby10x	HG002-nxw0jbvh1h5mqx	E3:10xby10x	3.72	9.67	sentmm2ont.na.sentdhiomr2.chr4.vep_input	1	1	0	4.3332	4.4e-05	0.0012036666666666667	0.0008583333333333333
OBS06	E3	prod-cand-1703-hg002-bjuice-4au-kitchensink-20260817T025004Z	10xby10x	HG002-nxw0jbvh1h5mqx	E3:10xby10x	3.72	9.67	sentmm2ont.na.sentdhiomr2.chr5.vep	1	1	0	632.8781	0.015396	0.7031978888888889	0.011427777777777778
OBS06	E3	prod-cand-1703-hg002-bjuice-4au-kitchensink-20260817T025004Z	10xby10x	HG002-nxw0jbvh1h5mqx	E3:10xby10x	3.72	9.67	sentmm2ont.na.sentdhiomr2.chr5.vep_input	1	1	0	6.1562	3.7e-05	0.0017100555555555556	4.722222222222223e-05
OBS06	E3	prod-cand-1703-hg002-bjuice-4au-kitchensink-20260817T025004Z	10xby10x	HG002-nxw0jbvh1h5mqx	E3:10xby10x	3.72	9.67	sentmm2ont.na.sentdhiomr2.chr6.vep	1	1	0	716.809	0.017438	0.7964544444444445	0.011997222222222222
OBS06	E3	prod-cand-1703-hg002-bjuice-4au-kitchensink-20260817T025004Z	10xby10x	HG002-nxw0jbvh1h5mqx	E3:10xby10x	3.72	9.67	sentmm2ont.na.sentdhiomr2.chr6.vep_input	1	1	0	5.9752	3.6e-05	0.0016597777777777778	8.055555555555556e-05
OBS06	E3	prod-cand-1703-hg002-bjuice-4au-kitchensink-20260817T025004Z	10xby10x	HG002-nxw0jbvh1h5mqx	E3:10xby10x	3.72	9.67	sentmm2ont.na.sentdhiomr2.chr7.vep	1	1	0	507.443	0.020826	0.5638255555555556	0.007747222222222222
OBS06	E3	prod-cand-1703-hg002-bjuice-4au-kitchensink-20260817T025004Z	10xby10x	HG002-nxw0jbvh1h5mqx	E3:10xby10x	3.72	9.67	sentmm2ont.na.sentdhiomr2.chr7.vep_input	1	1	0	3.9113	4e-05	0.0010864722222222222	0.0007277777777777778
OBS06	E3	prod-cand-1703-hg002-bjuice-4au-kitchensink-20260817T025004Z	10xby10x	HG002-nxw0jbvh1h5mqx	E3:10xby10x	3.72	9.67	sentmm2ont.na.sentdhiomr2.chr8.vep	1	1	0	647.3127	0.015748	0.7192363333333333	0.009002777777777776
OBS06	E3	prod-cand-1703-hg002-bjuice-4au-kitchensink-20260817T025004Z	10xby10x	HG002-nxw0jbvh1h5mqx	E3:10xby10x	3.72	9.67	sentmm2ont.na.sentdhiomr2.chr8.vep_input	1	1	0	2.9888	3.1e-05	0.0008302222222222222	2.4999999999999998e-05
OBS06	E3	prod-cand-1703-hg002-bjuice-4au-kitchensink-20260817T025004Z	10xby10x	HG002-nxw0jbvh1h5mqx	E3:10xby10x	3.72	9.67	sentmm2ont.na.sentdhiomr2.chr9.vep	1	1	0	396.8939	0.016289	0.4409932222222222	0.003916666666666666
OBS06	E3	prod-cand-1703-hg002-bjuice-4au-kitchensink-20260817T025004Z	10xby10x	HG002-nxw0jbvh1h5mqx	E3:10xby10x	3.72	9.67	sentmm2ont.na.sentdhiomr2.chr9.vep_input	1	1	0	4.7372	2.9e-05	0.0013158888888888888	2.777777777777778e-06
OBS06	E3	prod-cand-1703-hg002-bjuice-4au-kitchensink-20260817T025004Z	10xby10x	HG002-nxw0jbvh1h5mqx	E3:10xby10x	3.72	9.67	sentmm2ont.na.sentdhiomr2.chrM.vep	1	1	0	0.9619	3.9e-05	0.0010687777777777777	0.00013333333333333334
OBS06	E3	prod-cand-1703-hg002-bjuice-4au-kitchensink-20260817T025004Z	10xby10x	HG002-nxw0jbvh1h5mqx	E3:10xby10x	3.72	9.67	sentmm2ont.na.sentdhiomr2.chrM.vep_input	1	1	0	1.0513	6e-06	0.00029202777777777777	0.00015000000000000001
OBS06	E3	prod-cand-1703-hg002-bjuice-4au-kitchensink-20260817T025004Z	10xby10x	HG002-nxw0jbvh1h5mqx	E3:10xby10x	3.72	9.67	sentmm2ont.na.sentdhiomr2.chrX.vep	1	1	0	205.1704	0.004991	0.22796711111111112	0.002922222222222222
OBS06	E3	prod-cand-1703-hg002-bjuice-4au-kitchensink-20260817T025004Z	10xby10x	HG002-nxw0jbvh1h5mqx	E3:10xby10x	3.72	9.67	sentmm2ont.na.sentdhiomr2.chrX.vep_input	1	1	0	2.2759	2.3e-05	0.0006321944444444444	0.000275
OBS06	E3	prod-cand-1703-hg002-bjuice-4au-kitchensink-20260817T025004Z	10xby10x	HG002-nxw0jbvh1h5mqx	E3:10xby10x	3.72	9.67	sentmm2ont.na.sentdhiomr2.chrY.vep	1	1	0	10.0787	0.000245	0.011198555555555555	0.0011083333333333333
OBS06	E3	prod-cand-1703-hg002-bjuice-4au-kitchensink-20260817T025004Z	10xby10x	HG002-nxw0jbvh1h5mqx	E3:10xby10x	3.72	9.67	sentmm2ont.na.sentdhiomr2.chrY.vep_input	1	1	0	1.258	8e-06	0.00034944444444444443	8.333333333333334e-06
OBS06	E3	prod-cand-1703-hg002-bjuice-4au-kitchensink-20260817T025004Z	10xby10x	HG002-nxw0jbvh1h5mqx	E3:10xby10x	3.72	9.67	sentmm2ont.na.sentdhiomr2.cli-gvcf.altair-v1.1.parse_vcfeval_summary	1	1	0	10.4089	0.000214	0.005782722222222222	4.722222222222223e-05
OBS06	E3	prod-cand-1703-hg002-bjuice-4au-kitchensink-20260817T025004Z	10xby10x	HG002-nxw0jbvh1h5mqx	E3:10xby10x	3.72	9.67	sentmm2ont.na.sentdhiomr2.cli-gvcf.altair-v1.1.rtg_vcfeval	1	1	0	2513.0284	0.41255	11.169015111111111	1.564888888888889
OBS06	E3	prod-cand-1703-hg002-bjuice-4au-kitchensink-20260817T025004Z	10xby10x	HG002-nxw0jbvh1h5mqx	E3:10xby10x	3.72	9.67	sentmm2ont.na.sentdhiomr2.cli-gvcf.clinvar_genes.parse_vcfeval_summary	1	1	0	15.0982	0.000334	0.00838788888888889	0.00018611111111111112
OBS06	E3	prod-cand-1703-hg002-bjuice-4au-kitchensink-20260817T025004Z	10xby10x	HG002-nxw0jbvh1h5mqx	E3:10xby10x	3.72	9.67	sentmm2ont.na.sentdhiomr2.cli-gvcf.clinvar_genes.rtg_vcfeval	1	1	0	2586.1265	0.42455	11.493895555555556	1.578738888888889
OBS06	E3	prod-cand-1703-hg002-bjuice-4au-kitchensink-20260817T025004Z	10xby10x	HG002-nxw0jbvh1h5mqx	E3:10xby10x	3.72	9.67	sentmm2ont.na.sentdhiomr2.cli-gvcf.concordance	1	1	0	0.4655	4.1e-05	0.0010344444444444446	5.555555555555556e-06
OBS06	E3	prod-cand-1703-hg002-bjuice-4au-kitchensink-20260817T025004Z	10xby10x	HG002-nxw0jbvh1h5mqx	E3:10xby10x	3.72	9.67	sentmm2ont.na.sentdhiomr2.cli-gvcf.giabHC.parse_vcfeval_summary	1	1	0	89.2933	0.001976	0.04960738888888889	0.008647222222222223
OBS06	E3	prod-cand-1703-hg002-bjuice-4au-kitchensink-20260817T025004Z	10xby10x	HG002-nxw0jbvh1h5mqx	E3:10xby10x	3.72	9.67	sentmm2ont.na.sentdhiomr2.cli-gvcf.giabHC.rtg_vcfeval	1	1	0	2567.2797	0.421456	11.410132	1.61875
OBS06	E3	prod-cand-1703-hg002-bjuice-4au-kitchensink-20260817T025004Z	10xby10x	HG002-nxw0jbvh1h5mqx	E3:10xby10x	3.72	9.67	sentmm2ont.na.sentdhiomr2.cli-gvcf.giabHC_x_clinvar_genes.parse_vcfeval_summary	1	1	0	11.9715	0.000265	0.006650833333333334	2.777777777777778e-06
OBS06	E3	prod-cand-1703-hg002-bjuice-4au-kitchensink-20260817T025004Z	10xby10x	HG002-nxw0jbvh1h5mqx	E3:10xby10x	3.72	9.67	sentmm2ont.na.sentdhiomr2.cli-gvcf.giabHC_x_clinvar_genes.rtg_vcfeval	1	1	0	3264.364	0.317656	14.508284444444445	2.0014833333333333
OBS06	E3	prod-cand-1703-hg002-bjuice-4au-kitchensink-20260817T025004Z	10xby10x	HG002-nxw0jbvh1h5mqx	E3:10xby10x	3.72	9.67	sentmm2ont.na.sentdhiomr2.cli-gvcf.giabHC_x_ultima.parse_vcfeval_summary	1	1	0	85.1027	0.001884	0.047279277777777774	0.008641666666666667
OBS06	E3	prod-cand-1703-hg002-bjuice-4au-kitchensink-20260817T025004Z	10xby10x	HG002-nxw0jbvh1h5mqx	E3:10xby10x	3.72	9.67	sentmm2ont.na.sentdhiomr2.cli-gvcf.giabHC_x_ultima.rtg_vcfeval	1	1	0	3280.1657	0.580787	14.578514222222223	2.074805555555556
OBS06	E3	prod-cand-1703-hg002-bjuice-4au-kitchensink-20260817T025004Z	10xby10x	HG002-nxw0jbvh1h5mqx	E3:10xby10x	3.72	9.67	sentmm2ont.na.sentdhiomr2.cli-gvcf.giabHC_x_ultima_x_clinvar.parse_vcfeval_summary	1	1	0	11.6664	0.000258	0.006481333333333333	1.6666666666666667e-05
OBS06	E3	prod-cand-1703-hg002-bjuice-4au-kitchensink-20260817T025004Z	10xby10x	HG002-nxw0jbvh1h5mqx	E3:10xby10x	3.72	9.67	sentmm2ont.na.sentdhiomr2.cli-gvcf.giabHC_x_ultima_x_clinvar.rtg_vcfeval	1	1	0	3242.1394	0.574054	14.409508444444445	0.0
OBS06	E3	prod-cand-1703-hg002-bjuice-4au-kitchensink-20260817T025004Z	10xby10x	HG002-nxw0jbvh1h5mqx	E3:10xby10x	3.72	9.67	sentmm2ont.na.sentdhiomr2.cli-gvcf.giabHCv5q.parse_vcfeval_summary	1	1	0	103.2557	0.002285	0.05736427777777778	0.007130555555555556
OBS06	E3	prod-cand-1703-hg002-bjuice-4au-kitchensink-20260817T025004Z	10xby10x	HG002-nxw0jbvh1h5mqx	E3:10xby10x	3.72	9.67	sentmm2ont.na.sentdhiomr2.cli-gvcf.giabHCv5q.rtg_vcfeval	1	1	0	2852.6973	0.468311	12.678654666666667	1.990936111111111
OBS06	E3	prod-cand-1703-hg002-bjuice-4au-kitchensink-20260817T025004Z	10xby10x	HG002-nxw0jbvh1h5mqx	E3:10xby10x	3.72	9.67	sentmm2ont.na.sentdhiomr2.cli-gvcf.hg38.parse_vcfeval_summary	1	1	0	115.5856	0.002558	0.06421422222222223	0.0016194444444444444
OBS06	E3	prod-cand-1703-hg002-bjuice-4au-kitchensink-20260817T025004Z	10xby10x	HG002-nxw0jbvh1h5mqx	E3:10xby10x	3.72	9.67	sentmm2ont.na.sentdhiomr2.cli-gvcf.hg38.rtg_vcfeval	1	1	0	2535.0513	0.416165	11.266894666666667	1.5889666666666666
OBS06	E3	prod-cand-1703-hg002-bjuice-4au-kitchensink-20260817T025004Z	10xby10x	HG002-nxw0jbvh1h5mqx	E3:10xby10x	3.72	9.67	sentmm2ont.na.sentdhiomr2.cli-gvcf.hg38_m_giabHC.parse_vcfeval_summary	1	1	0	22.8457	0.000469	0.012692055555555555	0.0013277777777777778
OBS06	E3	prod-cand-1703-hg002-bjuice-4au-kitchensink-20260817T025004Z	10xby10x	HG002-nxw0jbvh1h5mqx	E3:10xby10x	3.72	9.67	sentmm2ont.na.sentdhiomr2.cli-gvcf.hg38_m_giabHC.rtg_vcfeval	1	1	0	2494.3617	0.409485	11.086052	1.5481833333333332
OBS06	E3	prod-cand-1703-hg002-bjuice-4au-kitchensink-20260817T025004Z	10xby10x	HG002-nxw0jbvh1h5mqx	E3:10xby10x	3.72	9.67	sentmm2ont.na.sentdhiomr2.cli-gvcf.ultima.parse_vcfeval_summary	1	1	0	96.0159	0.002125	0.05334216666666667	0.007805555555555556
OBS06	E3	prod-cand-1703-hg002-bjuice-4au-kitchensink-20260817T025004Z	10xby10x	HG002-nxw0jbvh1h5mqx	E3:10xby10x	3.72	9.67	sentmm2ont.na.sentdhiomr2.cli-gvcf.ultima.rtg_vcfeval	1	1	0	3263.5205	0.57784	14.504535555555556	2.054886111111111
OBS06	E3	prod-cand-1703-hg002-bjuice-4au-kitchensink-20260817T025004Z	10xby10x	HG002-nxw0jbvh1h5mqx	E3:10xby10x	3.72	9.67	sentmm2ont.na.sentdhiomr2.clinvar_genes.parse_vcfeval_summary	1	1	0	15.9163	0.000194	0.00884238888888889	4.1666666666666665e-05
OBS06	E3	prod-cand-1703-hg002-bjuice-4au-kitchensink-20260817T025004Z	10xby10x	HG002-nxw0jbvh1h5mqx	E3:10xby10x	3.72	9.67	sentmm2ont.na.sentdhiomr2.clinvar_genes.rtg_vcfeval	1	1	0	60.0555	0.009859	0.26691333333333334	0.05819722222222222
OBS06	E3	prod-cand-1703-hg002-bjuice-4au-kitchensink-20260817T025004Z	10xby10x	HG002-nxw0jbvh1h5mqx	E3:10xby10x	3.72	9.67	sentmm2ont.na.sentdhiomr2.concordance	1	1	0	0.4749	4.2e-05	0.0010553333333333333	5.555555555555556e-06
OBS06	E3	prod-cand-1703-hg002-bjuice-4au-kitchensink-20260817T025004Z	10xby10x	HG002-nxw0jbvh1h5mqx	E3:10xby10x	3.72	9.67	sentmm2ont.na.sentdhiomr2.giabHC.parse_vcfeval_summary	1	1	0	63.1347	0.001296	0.03507483333333333	0.004219444444444444
OBS06	E3	prod-cand-1703-hg002-bjuice-4au-kitchensink-20260817T025004Z	10xby10x	HG002-nxw0jbvh1h5mqx	E3:10xby10x	3.72	9.67	sentmm2ont.na.sentdhiomr2.giabHC.rtg_vcfeval	1	1	0	76.1767	0.013488	0.3385631111111111	0.07605277777777779
OBS06	E3	prod-cand-1703-hg002-bjuice-4au-kitchensink-20260817T025004Z	10xby10x	HG002-nxw0jbvh1h5mqx	E3:10xby10x	3.72	9.67	sentmm2ont.na.sentdhiomr2.giabHC_x_clinvar_genes.parse_vcfeval_summary	1	1	0	8.8537	0.000182	0.004918722222222222	1.1111111111111112e-05
OBS06	E3	prod-cand-1703-hg002-bjuice-4au-kitchensink-20260817T025004Z	10xby10x	HG002-nxw0jbvh1h5mqx	E3:10xby10x	3.72	9.67	sentmm2ont.na.sentdhiomr2.giabHC_x_clinvar_genes.rtg_vcfeval	1	1	0	70.2414	0.012437	0.312184	0.062327777777777774
OBS06	E3	prod-cand-1703-hg002-bjuice-4au-kitchensink-20260817T025004Z	10xby10x	HG002-nxw0jbvh1h5mqx	E3:10xby10x	3.72	9.67	sentmm2ont.na.sentdhiomr2.giabHC_x_ultima.parse_vcfeval_summary	1	1	0	60.3941	0.001239	0.03355227777777778	0.0040527777777777775
OBS06	E3	prod-cand-1703-hg002-bjuice-4au-kitchensink-20260817T025004Z	10xby10x	HG002-nxw0jbvh1h5mqx	E3:10xby10x	3.72	9.67	sentmm2ont.na.sentdhiomr2.giabHC_x_ultima.rtg_vcfeval	1	1	0	74.9778	0.007296	0.3332346666666667	0.07141388888888889
OBS06	E3	prod-cand-1703-hg002-bjuice-4au-kitchensink-20260817T025004Z	10xby10x	HG002-nxw0jbvh1h5mqx	E3:10xby10x	3.72	9.67	sentmm2ont.na.sentdhiomr2.giabHC_x_ultima_x_clinvar.parse_vcfeval_summary	1	1	0	8.4673	0.000174	0.004704055555555555	0.0004583333333333333
OBS06	E3	prod-cand-1703-hg002-bjuice-4au-kitchensink-20260817T025004Z	10xby10x	HG002-nxw0jbvh1h5mqx	E3:10xby10x	3.72	9.67	sentmm2ont.na.sentdhiomr2.giabHC_x_ultima_x_clinvar.rtg_vcfeval	1	1	0	73.0703	0.012938	0.32475688888888893	0.061344444444444444
OBS06	E3	prod-cand-1703-hg002-bjuice-4au-kitchensink-20260817T025004Z	10xby10x	HG002-nxw0jbvh1h5mqx	E3:10xby10x	3.72	9.67	sentmm2ont.na.sentdhiomr2.giabHCv5q.parse_vcfeval_summary	1	1	0	93.0043	0.001131	0.05166905555555556	0.0088
OBS06	E3	prod-cand-1703-hg002-bjuice-4au-kitchensink-20260817T025004Z	10xby10x	HG002-nxw0jbvh1h5mqx	E3:10xby10x	3.72	9.67	sentmm2ont.na.sentdhiomr2.giabHCv5q.rtg_vcfeval	1	1	0	906.6662	0.148842	4.029627555555556	0.3664111111111111
OBS06	E3	prod-cand-1703-hg002-bjuice-4au-kitchensink-20260817T025004Z	10xby10x	HG002-nxw0jbvh1h5mqx	E3:10xby10x	3.72	9.67	sentmm2ont.na.sentdhiomr2.hg38.parse_vcfeval_summary	1	1	0	81.3494	0.001669	0.045194111111111115	0.0012416666666666665
OBS06	E3	prod-cand-1703-hg002-bjuice-4au-kitchensink-20260817T025004Z	10xby10x	HG002-nxw0jbvh1h5mqx	E3:10xby10x	3.72	9.67	sentmm2ont.na.sentdhiomr2.hg38.rtg_vcfeval	1	1	0	75.1768	0.007315	0.3341191111111111	0.0773888888888889
OBS06	E3	prod-cand-1703-hg002-bjuice-4au-kitchensink-20260817T025004Z	10xby10x	HG002-nxw0jbvh1h5mqx	E3:10xby10x	3.72	9.67	sentmm2ont.na.sentdhiomr2.hg38_m_giabHC.parse_vcfeval_summary	1	1	0	20.5619	0.000422	0.011423277777777779	0.0012972222222222222
OBS06	E3	prod-cand-1703-hg002-bjuice-4au-kitchensink-20260817T025004Z	10xby10x	HG002-nxw0jbvh1h5mqx	E3:10xby10x	3.72	9.67	sentmm2ont.na.sentdhiomr2.hg38_m_giabHC.rtg_vcfeval	1	1	0	72.0654	0.01276	0.32029066666666667	0.06305277777777778
OBS06	E3	prod-cand-1703-hg002-bjuice-4au-kitchensink-20260817T025004Z	10xby10x	HG002-nxw0jbvh1h5mqx	E3:10xby10x	3.72	9.67	sentmm2ont.na.sentdhiomr2.peddy	1	1	0	23.2988	0.000956	0.025887555555555556	0.00039444444444444444
OBS06	E3	prod-cand-1703-hg002-bjuice-4au-kitchensink-20260817T025004Z	10xby10x	HG002-nxw0jbvh1h5mqx	E3:10xby10x	3.72	9.67	sentmm2ont.na.sentdhiomr2.rtgvcfstats	1	1	0	22.558	0.000463	0.012532222222222222	0.006061111111111111
OBS06	E3	prod-cand-1703-hg002-bjuice-4au-kitchensink-20260817T025004Z	10xby10x	HG002-nxw0jbvh1h5mqx	E3:10xby10x	3.72	9.67	sentmm2ont.na.sentdhiomr2.ultima.parse_vcfeval_summary	1	1	0	67.9133	0.001394	0.03772961111111112	0.005263888888888888
OBS06	E3	prod-cand-1703-hg002-bjuice-4au-kitchensink-20260817T025004Z	10xby10x	HG002-nxw0jbvh1h5mqx	E3:10xby10x	3.72	9.67	sentmm2ont.na.sentdhiomr2.ultima.rtg_vcfeval	1	1	0	77.5949	0.013739	0.3448662222222222	2.777777777777778e-06
OBS06	E3	prod-cand-1703-hg002-bjuice-4au-kitchensink-20260817T025004Z	10xby10x	HG002-nxw0jbvh1h5mqx	E3:10xby10x	3.72	9.67	sentmm2ont.na.sentdhiomr2.vep_concat	1	1	0	48.8435	0.004009	0.1085411111111111	0.003172222222222222
OBS06	E3	prod-cand-1703-hg002-bjuice-4au-kitchensink-20260817T025004Z	10xby10x	HG002-nxw0jbvh1h5mqx	E3:10xby10x	3.72	9.67	sentmm2ont.na.sentdhiomr2.vep_concat_fofn	1	1	0	0.1602	1e-06	4.4500000000000004e-05	0.0
OBS06	E3	prod-cand-1703-hg002-bjuice-4au-kitchensink-20260817T025004Z	10xby10x	HG002-nxw0jbvh1h5mqx	E3:10xby10x	3.72	9.67	sentmm2ont.na.sentdhiomr2.vep_validate_input_contigs	1	1	0	0.6477	5e-06	0.00017991666666666669	0.0
OBS06	E3	prod-cand-1703-hg002-bjuice-4au-kitchensink-20260817T025004Z	10xby10x	HG002-nxw0jbvh1h5mqx	E3:10xby10x	3.72	9.67	seqfu	1	1	0	1112.0544	0.073989	1.853424	1.1081833333333333
OBS06	E3	prod-cand-1703-hg002-bjuice-4au-kitchensink-20260817T025004Z	10xby10x	HG002-nxw0jbvh1h5mqx	E3:10xby10x	3.72	9.67	snv_vcf.vcf-sv-stats	1	1	0	213.704	0.004385	0.11872444444444445	0.05388333333333333
OBS06	E3	prod-cand-1703-hg002-bjuice-4au-kitchensink-20260817T025004Z	10xby10x	HG002-nxw0jbvh1h5mqx	E3:10xby10x	3.72	9.67	source_reheadered_cnvscope_vcf.vcf-sv-stats	1	1	0	1.1013	1.3e-05	0.0006118333333333333	2.4999999999999998e-05
OBS06	E3	prod-cand-1703-hg002-bjuice-4au-kitchensink-20260817T025004Z	10xby10x	HG002-nxw0jbvh1h5mqx	E3:10xby10x	3.72	9.67	synthetic_smn_vcf.vcf-sv-stats	1	1	0	0.9764	2e-05	0.0005424444444444445	2.4999999999999998e-05
OBS06	E3	prod-cand-1703-hg002-bjuice-4au-kitchensink-20260817T025004Z	10xby10x	HG002-nxw0jbvh1h5mqx	E3:10xby10x	3.72	9.67	tagged_cnv_vcf.vcf-sv-stats	1	1	0	1.0952	1.3e-05	0.0006084444444444444	1.9444444444444445e-05
OBS06	E3	prod-cand-1703-hg002-bjuice-4au-kitchensink-20260817T025004Z	10xby10x	HG002-nxw0jbvh1h5mqx	E3:10xby10x	3.72	9.67	tagged_sv_vcf.vcf-sv-stats	1	1	0	2.7286	3.3e-05	0.0015158888888888889	0.00045000000000000004
OBS06	E3	prod-cand-1703-hg002-bjuice-4au-kitchensink-20260817T025004Z	10xby10x	HG002-nxw0jbvh1h5mqx	E3:10xby10x	3.72	9.67	untagged_trussv_vcf.vcf-sv-stats	1	1	0	2.6104	3.2e-05	0.001450222222222222	0.00045000000000000004
OBS07	E3	prod-cand-1703-hg002-bjuice-4au-kitchensink-20260817T025004Z	12xby12x	HG002-nfjdv62wjc8dwr	E3:12xby12x	4.77	11.43	expansionhunter_vcf.vcf-sv-stats	1	1	0	0.9533	2e-05	0.0005296111111111111	2.2222222222222223e-05
OBS07	E3	prod-cand-1703-hg002-bjuice-4au-kitchensink-20260817T025004Z	12xby12x	HG002-nfjdv62wjc8dwr	E3:12xby12x	4.77	11.43	fastqc	1	1	0	830.0518	0.147271	3.689119111111111	0.0006722222222222222
OBS07	E3	prod-cand-1703-hg002-bjuice-4au-kitchensink-20260817T025004Z	12xby12x	HG002-nfjdv62wjc8dwr	E3:12xby12x	4.77	11.43	mitochondrial_vcf.vcf-sv-stats	1	1	0	0.8162	9e-06	0.00045344444444444447	2.777777777777778e-05
OBS07	E3	prod-cand-1703-hg002-bjuice-4au-kitchensink-20260817T025004Z	12xby12x	HG002-nfjdv62wjc8dwr	E3:12xby12x	4.77	11.43	normalized_longreadsv_vcf.vcf-sv-stats	1	1	0	2.2489	4.6e-05	0.0012493888888888889	0.0003861111111111111
OBS07	E3	prod-cand-1703-hg002-bjuice-4au-kitchensink-20260817T025004Z	12xby12x	HG002-nfjdv62wjc8dwr	E3:12xby12x	4.77	11.43	normalized_sniffles2_vcf.vcf-sv-stats	1	1	0	3.5246	3.7e-05	0.001958111111111111	0.0002972222222222222
OBS07	E3	prod-cand-1703-hg002-bjuice-4au-kitchensink-20260817T025004Z	12xby12x	HG002-nfjdv62wjc8dwr	E3:12xby12x	4.77	11.43	normalized_tiddit_vcf.vcf-sv-stats	1	1	0	1.1121	1.2e-05	0.0006178333333333334	1.1111111111111112e-05
OBS07	E3	prod-cand-1703-hg002-bjuice-4au-kitchensink-20260817T025004Z	12xby12x	HG002-nfjdv62wjc8dwr	E3:12xby12x	4.77	11.43	segdup_CFH_vcf.vcf-sv-stats	1	1	0	0.7867	8e-06	0.00043705555555555555	4.1666666666666665e-05
OBS07	E3	prod-cand-1703-hg002-bjuice-4au-kitchensink-20260817T025004Z	12xby12x	HG002-nfjdv62wjc8dwr	E3:12xby12x	4.77	11.43	segdup_CYP11B1_vcf.vcf-sv-stats	1	1	0	0.7893	8e-06	0.0004385	3.611111111111111e-05
OBS07	E3	prod-cand-1703-hg002-bjuice-4au-kitchensink-20260817T025004Z	12xby12x	HG002-nfjdv62wjc8dwr	E3:12xby12x	4.77	11.43	segdup_CYP2A6_vcf.vcf-sv-stats	1	1	0	1.0648	1.1e-05	0.0005915555555555556	0.00014444444444444444
OBS07	E3	prod-cand-1703-hg002-bjuice-4au-kitchensink-20260817T025004Z	12xby12x	HG002-nfjdv62wjc8dwr	E3:12xby12x	4.77	11.43	segdup_CYP2B6_vcf.vcf-sv-stats	1	1	0	0.7858	1e-05	0.0004365555555555556	4.1666666666666665e-05
OBS07	E3	prod-cand-1703-hg002-bjuice-4au-kitchensink-20260817T025004Z	12xby12x	HG002-nfjdv62wjc8dwr	E3:12xby12x	4.77	11.43	segdup_CYP2D6_vcf.vcf-sv-stats	1	1	0	0.808	8e-06	0.0004488888888888889	3.611111111111111e-05
OBS07	E3	prod-cand-1703-hg002-bjuice-4au-kitchensink-20260817T025004Z	12xby12x	HG002-nfjdv62wjc8dwr	E3:12xby12x	4.77	11.43	segdup_GBA1_vcf.vcf-sv-stats	1	1	0	0.7696	8e-06	0.00042755555555555553	3.888888888888889e-05
OBS07	E3	prod-cand-1703-hg002-bjuice-4au-kitchensink-20260817T025004Z	12xby12x	HG002-nfjdv62wjc8dwr	E3:12xby12x	4.77	11.43	segdup_HBA_vcf.vcf-sv-stats	1	1	0	0.7945	8e-06	0.0004413888888888889	3.3333333333333335e-05
OBS07	E3	prod-cand-1703-hg002-bjuice-4au-kitchensink-20260817T025004Z	12xby12x	HG002-nfjdv62wjc8dwr	E3:12xby12x	4.77	11.43	segdup_NCF1_vcf.vcf-sv-stats	1	1	0	0.945	1e-05	0.000525	2.777777777777778e-05
OBS07	E3	prod-cand-1703-hg002-bjuice-4au-kitchensink-20260817T025004Z	12xby12x	HG002-nfjdv62wjc8dwr	E3:12xby12x	4.77	11.43	segdup_OTOA_vcf.vcf-sv-stats	1	1	0	0.771	8e-06	0.00042833333333333335	3.3333333333333335e-05
OBS07	E3	prod-cand-1703-hg002-bjuice-4au-kitchensink-20260817T025004Z	12xby12x	HG002-nfjdv62wjc8dwr	E3:12xby12x	4.77	11.43	segdup_PMS2_vcf.vcf-sv-stats	1	1	0	0.7767	8e-06	0.00043149999999999997	3.888888888888889e-05
OBS07	E3	prod-cand-1703-hg002-bjuice-4au-kitchensink-20260817T025004Z	12xby12x	HG002-nfjdv62wjc8dwr	E3:12xby12x	4.77	11.43	segdup_RCCX1_vcf.vcf-sv-stats	1	1	0	0.8375	9e-06	0.0004652777777777778	3.611111111111111e-05
OBS07	E3	prod-cand-1703-hg002-bjuice-4au-kitchensink-20260817T025004Z	12xby12x	HG002-nfjdv62wjc8dwr	E3:12xby12x	4.77	11.43	segdup_RHD_vcf.vcf-sv-stats	1	1	0	0.766	8e-06	0.00042555555555555554	3.888888888888889e-05
OBS07	E3	prod-cand-1703-hg002-bjuice-4au-kitchensink-20260817T025004Z	12xby12x	HG002-nfjdv62wjc8dwr	E3:12xby12x	4.77	11.43	segdup_SBDS_vcf.vcf-sv-stats	1	1	0	0.8441	9e-06	0.0004689444444444444	3.888888888888889e-05
OBS07	E3	prod-cand-1703-hg002-bjuice-4au-kitchensink-20260817T025004Z	12xby12x	HG002-nfjdv62wjc8dwr	E3:12xby12x	4.77	11.43	segdup_SMN1_vcf.vcf-sv-stats	1	1	0	0.8982	1.2e-05	0.000499	3.0555555555555554e-05
OBS07	E3	prod-cand-1703-hg002-bjuice-4au-kitchensink-20260817T025004Z	12xby12x	HG002-nfjdv62wjc8dwr	E3:12xby12x	4.77	11.43	segdup_STRC_vcf.vcf-sv-stats	1	1	0	0.7861	8e-06	0.00043672222222222224	3.611111111111111e-05
OBS07	E3	prod-cand-1703-hg002-bjuice-4au-kitchensink-20260817T025004Z	12xby12x	HG002-nfjdv62wjc8dwr	E3:12xby12x	4.77	11.43	sentdhiomr2.command-manifest	1	1	0	0.6029	0.000469	0.021436444444444445	8.333333333333334e-06
OBS07	E3	prod-cand-1703-hg002-bjuice-4au-kitchensink-20260817T025004Z	12xby12x	HG002-nfjdv62wjc8dwr	E3:12xby12x	4.77	11.43	sentdhiomr2.five-chromosome-hard-vcf	1	1	0	100.047	0.077885	3.5572266666666668	0.019275
OBS07	E3	prod-cand-1703-hg002-bjuice-4au-kitchensink-20260817T025004Z	12xby12x	HG002-nfjdv62wjc8dwr	E3:12xby12x	4.77	11.43	sentdhiomr2.hybrid-cli172i-core	1	1	0	9796.5394	13.905099	348.3214008888889	0.01767777777777778
OBS07	E3	prod-cand-1703-hg002-bjuice-4au-kitchensink-20260817T025004Z	12xby12x	HG002-nfjdv62wjc8dwr	E3:12xby12x	4.77	11.43	sentdhiomr2.hybrid-cli172i-finalize-1	1	1	0	849.5583	0.020668	0.9439536666666667	0.03173333333333333
OBS07	E3	prod-cand-1703-hg002-bjuice-4au-kitchensink-20260817T025004Z	12xby12x	HG002-nfjdv62wjc8dwr	E3:12xby12x	4.77	11.43	sentdhiomr2.hybrid-cli172i-finalize-10	1	1	0	382.2013	0.015686	0.42466811111111114	0.01597222222222222
OBS07	E3	prod-cand-1703-hg002-bjuice-4au-kitchensink-20260817T025004Z	12xby12x	HG002-nfjdv62wjc8dwr	E3:12xby12x	4.77	11.43	sentdhiomr2.hybrid-cli172i-finalize-11	1	1	0	490.7673	0.021724	0.5452969999999999	0.015133333333333332
OBS07	E3	prod-cand-1703-hg002-bjuice-4au-kitchensink-20260817T025004Z	12xby12x	HG002-nfjdv62wjc8dwr	E3:12xby12x	4.77	11.43	sentdhiomr2.hybrid-cli172i-finalize-12	1	1	0	486.3199	0.021527	0.5403554444444445	0.016016666666666665
OBS07	E3	prod-cand-1703-hg002-bjuice-4au-kitchensink-20260817T025004Z	12xby12x	HG002-nfjdv62wjc8dwr	E3:12xby12x	4.77	11.43	sentdhiomr2.hybrid-cli172i-finalize-13	1	1	0	276.1886	0.011335	0.3068762222222222	0.007161111111111111
OBS07	E3	prod-cand-1703-hg002-bjuice-4au-kitchensink-20260817T025004Z	12xby12x	HG002-nfjdv62wjc8dwr	E3:12xby12x	4.77	11.43	sentdhiomr2.hybrid-cli172i-finalize-14	1	1	0	322.0744	0.007835	0.3578604444444445	0.01280277777777778
OBS07	E3	prod-cand-1703-hg002-bjuice-4au-kitchensink-20260817T025004Z	12xby12x	HG002-nfjdv62wjc8dwr	E3:12xby12x	4.77	11.43	sentdhiomr2.hybrid-cli172i-finalize-15	1	1	0	310.0344	0.007542	0.34448266666666666	0.007141666666666667
OBS07	E3	prod-cand-1703-hg002-bjuice-4au-kitchensink-20260817T025004Z	12xby12x	HG002-nfjdv62wjc8dwr	E3:12xby12x	4.77	11.43	sentdhiomr2.hybrid-cli172i-finalize-16	1	1	0	309.063	0.007519	0.34340333333333334	0.0074333333333333335
OBS07	E3	prod-cand-1703-hg002-bjuice-4au-kitchensink-20260817T025004Z	12xby12x	HG002-nfjdv62wjc8dwr	E3:12xby12x	4.77	11.43	sentdhiomr2.hybrid-cli172i-finalize-17	1	1	0	235.5619	0.009668	0.26173544444444446	0.008261111111111111
OBS07	E3	prod-cand-1703-hg002-bjuice-4au-kitchensink-20260817T025004Z	12xby12x	HG002-nfjdv62wjc8dwr	E3:12xby12x	4.77	11.43	sentdhiomr2.hybrid-cli172i-finalize-18	1	1	0	294.3447	0.007161	0.3270496666666666	0.010472222222222223
OBS07	E3	prod-cand-1703-hg002-bjuice-4au-kitchensink-20260817T025004Z	12xby12x	HG002-nfjdv62wjc8dwr	E3:12xby12x	4.77	11.43	sentdhiomr2.hybrid-cli172i-finalize-19	1	1	0	222.4608	0.005412	0.24717866666666669	0.002427777777777778
OBS07	E3	prod-cand-1703-hg002-bjuice-4au-kitchensink-20260817T025004Z	12xby12x	HG002-nfjdv62wjc8dwr	E3:12xby12x	4.77	11.43	sentdhiomr2.hybrid-cli172i-finalize-2	1	1	0	874.56	0.021276	0.9717333333333332	0.034333333333333334
OBS07	E3	prod-cand-1703-hg002-bjuice-4au-kitchensink-20260817T025004Z	12xby12x	HG002-nfjdv62wjc8dwr	E3:12xby12x	4.77	11.43	sentdhiomr2.hybrid-cli172i-finalize-20	1	1	0	190.546	0.00782	0.21171777777777778	0.0018805555555555555
OBS07	E3	prod-cand-1703-hg002-bjuice-4au-kitchensink-20260817T025004Z	12xby12x	HG002-nfjdv62wjc8dwr	E3:12xby12x	4.77	11.43	sentdhiomr2.hybrid-cli172i-finalize-21	1	1	0	111.7391	0.004586	0.12415455555555555	0.0032972222222222222
OBS07	E3	prod-cand-1703-hg002-bjuice-4au-kitchensink-20260817T025004Z	12xby12x	HG002-nfjdv62wjc8dwr	E3:12xby12x	4.77	11.43	sentdhiomr2.hybrid-cli172i-finalize-22	1	1	0	118.2415	0.004853	0.13137944444444444	0.0017222222222222222
OBS07	E3	prod-cand-1703-hg002-bjuice-4au-kitchensink-20260817T025004Z	12xby12x	HG002-nfjdv62wjc8dwr	E3:12xby12x	4.77	11.43	sentdhiomr2.hybrid-cli172i-finalize-23	1	1	0	374.5928	0.009113	0.4162142222222222	0.009297222222222222
OBS07	E3	prod-cand-1703-hg002-bjuice-4au-kitchensink-20260817T025004Z	12xby12x	HG002-nfjdv62wjc8dwr	E3:12xby12x	4.77	11.43	sentdhiomr2.hybrid-cli172i-finalize-24	1	1	0	63.5061	0.002811	0.07056233333333334	0.008752777777777778
OBS07	E3	prod-cand-1703-hg002-bjuice-4au-kitchensink-20260817T025004Z	12xby12x	HG002-nfjdv62wjc8dwr	E3:12xby12x	4.77	11.43	sentdhiomr2.hybrid-cli172i-finalize-25	1	1	0	12.0564	0.000293	0.013396	0.0
OBS07	E3	prod-cand-1703-hg002-bjuice-4au-kitchensink-20260817T025004Z	12xby12x	HG002-nfjdv62wjc8dwr	E3:12xby12x	4.77	11.43	sentdhiomr2.hybrid-cli172i-finalize-3	1	1	0	727.6529	0.017702	0.8085032222222223	0.02673611111111111
OBS07	E3	prod-cand-1703-hg002-bjuice-4au-kitchensink-20260817T025004Z	12xby12x	HG002-nfjdv62wjc8dwr	E3:12xby12x	4.77	11.43	sentdhiomr2.hybrid-cli172i-finalize-4	1	1	0	526.6085	0.021613	0.5851205555555556	2.777777777777778e-05
OBS07	E3	prod-cand-1703-hg002-bjuice-4au-kitchensink-20260817T025004Z	12xby12x	HG002-nfjdv62wjc8dwr	E3:12xby12x	4.77	11.43	sentdhiomr2.hybrid-cli172i-finalize-5	1	1	0	498.5499	0.020461	0.5539443333333333	0.022766666666666664
OBS07	E3	prod-cand-1703-hg002-bjuice-4au-kitchensink-20260817T025004Z	12xby12x	HG002-nfjdv62wjc8dwr	E3:12xby12x	4.77	11.43	sentdhiomr2.hybrid-cli172i-finalize-6	1	1	0	628.5227	0.01529	0.6983585555555556	0.024427777777777777
OBS07	E3	prod-cand-1703-hg002-bjuice-4au-kitchensink-20260817T025004Z	12xby12x	HG002-nfjdv62wjc8dwr	E3:12xby12x	4.77	11.43	sentdhiomr2.hybrid-cli172i-finalize-7	1	1	0	435.9188	0.017891	0.4843542222222222	0.012619444444444444
OBS07	E3	prod-cand-1703-hg002-bjuice-4au-kitchensink-20260817T025004Z	12xby12x	HG002-nfjdv62wjc8dwr	E3:12xby12x	4.77	11.43	sentdhiomr2.hybrid-cli172i-finalize-8	1	1	0	530.6712	0.01291	0.5896346666666666	0.022488888888888888
OBS07	E3	prod-cand-1703-hg002-bjuice-4au-kitchensink-20260817T025004Z	12xby12x	HG002-nfjdv62wjc8dwr	E3:12xby12x	4.77	11.43	sentdhiomr2.hybrid-cli172i-finalize-9	1	1	0	431.9384	0.010508	0.47993155555555556	0.012727777777777777
OBS07	E3	prod-cand-1703-hg002-bjuice-4au-kitchensink-20260817T025004Z	12xby12x	HG002-nfjdv62wjc8dwr	E3:12xby12x	4.77	11.43	sentdhiomr2.hybrid-cli172i-gather	1	1	0	519.7468	0.025288	1.154992888888889	0.002719444444444444
OBS07	E3	prod-cand-1703-hg002-bjuice-4au-kitchensink-20260817T025004Z	12xby12x	HG002-nfjdv62wjc8dwr	E3:12xby12x	4.77	11.43	sentdhiomr2.inflection-analytical-ancillary	1	1	0	1.7357	0.002459	0.06171377777777778	4.4444444444444447e-05
OBS07	E3	prod-cand-1703-hg002-bjuice-4au-kitchensink-20260817T025004Z	12xby12x	HG002-nfjdv62wjc8dwr	E3:12xby12x	4.77	11.43	sentdhiomr2.inflection-multiqc-stage	1	1	0	46.4711	0.000369	0.01290863888888889	0.012319444444444445
OBS07	E3	prod-cand-1703-hg002-bjuice-4au-kitchensink-20260817T025004Z	12xby12x	HG002-nfjdv62wjc8dwr	E3:12xby12x	4.77	11.43	sentdhiomr2.inflection-multiqc	1	1	0	35.976	0.000398	0.009993333333333333	0.003127777777777778
OBS07	E3	prod-cand-1703-hg002-bjuice-4au-kitchensink-20260817T025004Z	12xby12x	HG002-nfjdv62wjc8dwr	E3:12xby12x	4.77	11.43	sentdhiomr2.mito	1	1	0	57.3811	0.079266	2.040216888888889	0.0020055555555555556
OBS07	E3	prod-cand-1703-hg002-bjuice-4au-kitchensink-20260817T025004Z	12xby12x	HG002-nfjdv62wjc8dwr	E3:12xby12x	4.77	11.43	sentdhiomr2.normalize-smn12	1	1	0	0.1466	1e-06	4.0722222222222226e-05	0.0
OBS07	E3	prod-cand-1703-hg002-bjuice-4au-kitchensink-20260817T025004Z	12xby12x	HG002-nfjdv62wjc8dwr	E3:12xby12x	4.77	11.43	sentdhiomr2.roh_upd	1	1	0	604.3467	0.857803	21.487882666666668	0.16646666666666665
OBS07	E3	prod-cand-1703-hg002-bjuice-4au-kitchensink-20260817T025004Z	12xby12x	HG002-nfjdv62wjc8dwr	E3:12xby12x	4.77	11.43	sentdhiomr2.rsr-publish	1	1	0	6.1003	4.8e-05	0.0016945277777777777	0.0006472222222222222
OBS07	E3	prod-cand-1703-hg002-bjuice-4au-kitchensink-20260817T025004Z	12xby12x	HG002-nfjdv62wjc8dwr	E3:12xby12x	4.77	11.43	sentdhiomr2.scope	1	1	0	0.6856	5e-06	0.00019044444444444444	2.777777777777778e-06
OBS07	E3	prod-cand-1703-hg002-bjuice-4au-kitchensink-20260817T025004Z	12xby12x	HG002-nfjdv62wjc8dwr	E3:12xby12x	4.77	11.43	sentdhiomr2.segdup.CFH	1	1	0	372.6139	0.526814	13.248494222222222	0.03266111111111111
OBS07	E3	prod-cand-1703-hg002-bjuice-4au-kitchensink-20260817T025004Z	12xby12x	HG002-nfjdv62wjc8dwr	E3:12xby12x	4.77	11.43	sentdhiomr2.segdup.CYP11B1	1	1	0	191.2777	0.15813	6.800984888888889	0.03481111111111111
OBS07	E3	prod-cand-1703-hg002-bjuice-4au-kitchensink-20260817T025004Z	12xby12x	HG002-nfjdv62wjc8dwr	E3:12xby12x	4.77	11.43	sentdhiomr2.segdup.CYP2A6	1	1	0	167.6326	0.237005	5.960270222222222	0.00024722222222222224
OBS07	E3	prod-cand-1703-hg002-bjuice-4au-kitchensink-20260817T025004Z	12xby12x	HG002-nfjdv62wjc8dwr	E3:12xby12x	4.77	11.43	sentdhiomr2.segdup.CYP2B6	1	1	0	192.4513	0.252749	6.842712888888889	0.025633333333333334
OBS07	E3	prod-cand-1703-hg002-bjuice-4au-kitchensink-20260817T025004Z	12xby12x	HG002-nfjdv62wjc8dwr	E3:12xby12x	4.77	11.43	sentdhiomr2.segdup.CYP2D6	1	1	0	172.4725	0.243847	6.132355555555556	0.03915277777777777
OBS07	E3	prod-cand-1703-hg002-bjuice-4au-kitchensink-20260817T025004Z	12xby12x	HG002-nfjdv62wjc8dwr	E3:12xby12x	4.77	11.43	sentdhiomr2.segdup.GBA	1	1	0	317.6037	0.449039	11.292576	0.025652777777777778
OBS07	E3	prod-cand-1703-hg002-bjuice-4au-kitchensink-20260817T025004Z	12xby12x	HG002-nfjdv62wjc8dwr	E3:12xby12x	4.77	11.43	sentdhiomr2.segdup.HBA	1	1	0	185.8284	0.26273	6.607232	0.01468888888888889
OBS07	E3	prod-cand-1703-hg002-bjuice-4au-kitchensink-20260817T025004Z	12xby12x	HG002-nfjdv62wjc8dwr	E3:12xby12x	4.77	11.43	sentdhiomr2.segdup.IKBKG	1	1	0	154.4555	0.127689	5.491751111111111	0.02546388888888889
OBS07	E3	prod-cand-1703-hg002-bjuice-4au-kitchensink-20260817T025004Z	12xby12x	HG002-nfjdv62wjc8dwr	E3:12xby12x	4.77	11.43	sentdhiomr2.segdup.LPA	1	1	0	84.3371	0.076036	2.9986524444444447	0.005694444444444445
OBS07	E3	prod-cand-1703-hg002-bjuice-4au-kitchensink-20260817T025004Z	12xby12x	HG002-nfjdv62wjc8dwr	E3:12xby12x	4.77	11.43	sentdhiomr2.segdup.NCF1	1	1	0	215.8167	0.305129	7.673482666666667	0.039425
OBS07	E3	prod-cand-1703-hg002-bjuice-4au-kitchensink-20260817T025004Z	12xby12x	HG002-nfjdv62wjc8dwr	E3:12xby12x	4.77	11.43	sentdhiomr2.segdup.OTOA	1	1	0	188.9746	0.267179	6.719096888888889	0.011725000000000001
OBS07	E3	prod-cand-1703-hg002-bjuice-4au-kitchensink-20260817T025004Z	12xby12x	HG002-nfjdv62wjc8dwr	E3:12xby12x	4.77	11.43	sentdhiomr2.segdup.PMS2	1	1	0	263.814	0.219405	9.380053333333334	0.021752777777777777
OBS07	E3	prod-cand-1703-hg002-bjuice-4au-kitchensink-20260817T025004Z	12xby12x	HG002-nfjdv62wjc8dwr	E3:12xby12x	4.77	11.43	sentdhiomr2.segdup.RCCX	1	1	0	244.7667	0.346059	8.702816	0.02640277777777778
OBS07	E3	prod-cand-1703-hg002-bjuice-4au-kitchensink-20260817T025004Z	12xby12x	HG002-nfjdv62wjc8dwr	E3:12xby12x	4.77	11.43	sentdhiomr2.segdup.RH	1	1	0	362.2429	0.512151	12.879747555555555	0.03380277777777778
OBS07	E3	prod-cand-1703-hg002-bjuice-4au-kitchensink-20260817T025004Z	12xby12x	HG002-nfjdv62wjc8dwr	E3:12xby12x	4.77	11.43	sentdhiomr2.segdup.SBDS	1	1	0	270.7994	0.382865	9.628423111111111	0.01755
OBS07	E3	prod-cand-1703-hg002-bjuice-4au-kitchensink-20260817T025004Z	12xby12x	HG002-nfjdv62wjc8dwr	E3:12xby12x	4.77	11.43	sentdhiomr2.segdup.SMN1	1	1	0	184.132	0.254358	6.546915555555556	0.011944444444444445
OBS07	E3	prod-cand-1703-hg002-bjuice-4au-kitchensink-20260817T025004Z	12xby12x	HG002-nfjdv62wjc8dwr	E3:12xby12x	4.77	11.43	sentdhiomr2.segdup.STRC	1	1	0	184.1385	0.260341	6.5471466666666664	0.009869444444444445
OBS07	E3	prod-cand-1703-hg002-bjuice-4au-kitchensink-20260817T025004Z	12xby12x	HG002-nfjdv62wjc8dwr	E3:12xby12x	4.77	11.43	sentdhiomr2.slim-longreadsv-normalize	1	1	0	3.1387	0.000611	0.027899555555555556	0.0006194444444444445
OBS07	E3	prod-cand-1703-hg002-bjuice-4au-kitchensink-20260817T025004Z	12xby12x	HG002-nfjdv62wjc8dwr	E3:12xby12x	4.77	11.43	sentdhiomr2.slim-sniffles2-normalize	1	1	0	2.2747	0.000786	0.020219555555555557	0.0005805555555555555
OBS07	E3	prod-cand-1703-hg002-bjuice-4au-kitchensink-20260817T025004Z	12xby12x	HG002-nfjdv62wjc8dwr	E3:12xby12x	4.77	11.43	sentdhiomr2.slim-tag-cnv	1	1	0	19.5213	0.006409	0.17352266666666666	0.0042138888888888885
OBS07	E3	prod-cand-1703-hg002-bjuice-4au-kitchensink-20260817T025004Z	12xby12x	HG002-nfjdv62wjc8dwr	E3:12xby12x	4.77	11.43	sentdhiomr2.slim-tag-sv	1	1	0	400.619	0.131535	3.561057777777778	0.104325
OBS07	E3	prod-cand-1703-hg002-bjuice-4au-kitchensink-20260817T025004Z	12xby12x	HG002-nfjdv62wjc8dwr	E3:12xby12x	4.77	11.43	sentdhiomr2.slim-tiddit-normalize	1	1	0	1.7793	0.000357	0.015816	0.0010833333333333333
OBS07	E3	prod-cand-1703-hg002-bjuice-4au-kitchensink-20260817T025004Z	12xby12x	HG002-nfjdv62wjc8dwr	E3:12xby12x	4.77	11.43	sentdhiomr2.slim-tiddit-repair	1	1	0	1.1194	0.000225	0.009950222222222221	0.0
OBS07	E3	prod-cand-1703-hg002-bjuice-4au-kitchensink-20260817T025004Z	12xby12x	HG002-nfjdv62wjc8dwr	E3:12xby12x	4.77	11.43	sentdhiomr2.slim-trussv	1	1	0	2.9622	0.000973	0.02633066666666667	0.0002361111111111111
OBS07	E3	prod-cand-1703-hg002-bjuice-4au-kitchensink-20260817T025004Z	12xby12x	HG002-nfjdv62wjc8dwr	E3:12xby12x	4.77	11.43	sentdhiomr2.slim-truvari-aggregate	1	1	0	0.2772	2e-06	7.7e-05	0.0
OBS07	E3	prod-cand-1703-hg002-bjuice-4au-kitchensink-20260817T025004Z	12xby12x	HG002-nfjdv62wjc8dwr	E3:12xby12x	4.77	11.43	sentdhiomr2.slim-truvari-longreadsv	1	1	0	167.7688	0.055083	1.4912782222222223	0.0005666666666666667
OBS07	E3	prod-cand-1703-hg002-bjuice-4au-kitchensink-20260817T025004Z	12xby12x	HG002-nfjdv62wjc8dwr	E3:12xby12x	4.77	11.43	sentdhiomr2.slim-truvari-sniffles2	1	1	0	165.1199	0.057024	1.4677324444444444	0.037422222222222225
OBS07	E3	prod-cand-1703-hg002-bjuice-4au-kitchensink-20260817T025004Z	12xby12x	HG002-nfjdv62wjc8dwr	E3:12xby12x	4.77	11.43	sentdhiomr2.slim-truvari-tagged_trussv	1	1	0	167.723	0.055068	1.4908711111111113	0.0006611111111111111
OBS07	E3	prod-cand-1703-hg002-bjuice-4au-kitchensink-20260817T025004Z	12xby12x	HG002-nfjdv62wjc8dwr	E3:12xby12x	4.77	11.43	sentdhiomr2.slim-truvari-tiddit	1	1	0	153.4451	0.030816	1.3639564444444443	0.03831944444444444
OBS07	E3	prod-cand-1703-hg002-bjuice-4au-kitchensink-20260817T025004Z	12xby12x	HG002-nfjdv62wjc8dwr	E3:12xby12x	4.77	11.43	sentdhiomr2.sniffles2	1	1	0	102.3058	0.145212	3.6375395555555556	0.0037944444444444445
OBS07	E3	prod-cand-1703-hg002-bjuice-4au-kitchensink-20260817T025004Z	12xby12x	HG002-nfjdv62wjc8dwr	E3:12xby12x	4.77	11.43	sentdhiomr2.sr-prepare	1	1	0	1118.8466	2.372794	59.671818666666674	0.0006083333333333333
OBS07	E3	prod-cand-1703-hg002-bjuice-4au-kitchensink-20260817T025004Z	12xby12x	HG002-nfjdv62wjc8dwr	E3:12xby12x	4.77	11.43	sentdhiomr2.terminal-hybrid-validate	1	1	0	700.0388	0.544967	24.890268444444445	0.1684388888888889
OBS07	E3	prod-cand-1703-hg002-bjuice-4au-kitchensink-20260817T025004Z	12xby12x	HG002-nfjdv62wjc8dwr	E3:12xby12x	4.77	11.43	sentdhiomr2.tiddit	1	1	0	426.0733	0.602397	15.14927288888889	6.666666666666667e-05
OBS07	E3	prod-cand-1703-hg002-bjuice-4au-kitchensink-20260817T025004Z	12xby12x	HG002-nfjdv62wjc8dwr	E3:12xby12x	4.77	11.43	sentdhiomr2.tiddit.sort	1	1	0	0.8635	0.001221	0.030702222222222224	0.0
OBS07	E3	prod-cand-1703-hg002-bjuice-4au-kitchensink-20260817T025004Z	12xby12x	HG002-nfjdv62wjc8dwr	E3:12xby12x	4.77	11.43	sentdhiomr2lr.na.alignstats	1	1	0	234.1082	0.010384	0.26012022222222225	0.16389722222222222
OBS07	E3	prod-cand-1703-hg002-bjuice-4au-kitchensink-20260817T025004Z	12xby12x	HG002-nfjdv62wjc8dwr	E3:12xby12x	4.77	11.43	sentdhiomr2lr.na.coverage_evenness_two	1	1	0	229.6295	0.037697	1.0205755555555556	0.6757916666666667
OBS07	E3	prod-cand-1703-hg002-bjuice-4au-kitchensink-20260817T025004Z	12xby12x	HG002-nfjdv62wjc8dwr	E3:12xby12x	4.77	11.43	sentdhiomr2lr.na.gatk_contam	1	1	0	12.9235	0.000155	0.007179722222222223	0.004822222222222222
OBS07	E3	prod-cand-1703-hg002-bjuice-4au-kitchensink-20260817T025004Z	12xby12x	HG002-nfjdv62wjc8dwr	E3:12xby12x	4.77	11.43	sentdhiomr2lr.na.goleft	1	1	0	1.1778	2.4e-05	0.0006543333333333333	0.0
OBS07	E3	prod-cand-1703-hg002-bjuice-4au-kitchensink-20260817T025004Z	12xby12x	HG002-nfjdv62wjc8dwr	E3:12xby12x	4.77	11.43	sentdhiomr2lr.na.infer_sex_complement	1	1	0	0.4858	3e-06	0.00013494444444444445	5.555555555555556e-06
OBS07	E3	prod-cand-1703-hg002-bjuice-4au-kitchensink-20260817T025004Z	12xby12x	HG002-nfjdv62wjc8dwr	E3:12xby12x	4.77	11.43	sentdhiomr2lr.na.mosdepth	1	1	0	110.8514	0.004549	0.12316822222222222	0.04173611111111111
OBS07	E3	prod-cand-1703-hg002-bjuice-4au-kitchensink-20260817T025004Z	12xby12x	HG002-nfjdv62wjc8dwr	E3:12xby12x	4.77	11.43	sentdhiomr2lr.na.norm_cov_eveness	1	1	0	405.1245	0.016627	0.45013833333333336	0.0010777777777777778
OBS07	E3	prod-cand-1703-hg002-bjuice-4au-kitchensink-20260817T025004Z	12xby12x	HG002-nfjdv62wjc8dwr	E3:12xby12x	4.77	11.43	sentdhiomr2lr.na.p.ganon2_multiqc_log	1	1	0	0.0464	0.0	1.2888888888888887e-05	0.0
OBS07	E3	prod-cand-1703-hg002-bjuice-4au-kitchensink-20260817T025004Z	12xby12x	HG002-nfjdv62wjc8dwr	E3:12xby12x	4.77	11.43	sentdhiomr2lr.na.p.unmapped_metagenomics_ganon2_quick	1	1	0	62.3289	0.051528	2.2161386666666667	0.03448888888888889
OBS07	E3	prod-cand-1703-hg002-bjuice-4au-kitchensink-20260817T025004Z	12xby12x	HG002-nfjdv62wjc8dwr	E3:12xby12x	4.77	11.43	sentdhiomr2lr.na.samt	1	1	0	477.1303	0.019582	0.5301447777777778	0.0009944444444444445
OBS07	E3	prod-cand-1703-hg002-bjuice-4au-kitchensink-20260817T025004Z	12xby12x	HG002-nfjdv62wjc8dwr	E3:12xby12x	4.77	11.43	sentdhiomr2lr.na.sex_complement_somalier_metrics	1	1	0	0.463	5e-06	0.0002572222222222222	5.555555555555556e-06
OBS07	E3	prod-cand-1703-hg002-bjuice-4au-kitchensink-20260817T025004Z	12xby12x	HG002-nfjdv62wjc8dwr	E3:12xby12x	4.77	11.43	sentdhiomr2lr.na.site_mix_contam	1	1	0	13.9637	8.4e-05	0.0038788055555555555	0.003483333333333333
OBS07	E3	prod-cand-1703-hg002-bjuice-4au-kitchensink-20260817T025004Z	12xby12x	HG002-nfjdv62wjc8dwr	E3:12xby12x	4.77	11.43	sentdhiomr2lr.na.site_mix_contam_pileups	1	1	0	1915.1749	0.084949	2.127972111111111	0.5375472222222223
OBS07	E3	prod-cand-1703-hg002-bjuice-4au-kitchensink-20260817T025004Z	12xby12x	HG002-nfjdv62wjc8dwr	E3:12xby12x	4.77	11.43	sentdhiomr2rsr.na.alignstats	1	1	0	99.3803	0.004079	0.11042255555555557	0.03777222222222222
OBS07	E3	prod-cand-1703-hg002-bjuice-4au-kitchensink-20260817T025004Z	12xby12x	HG002-nfjdv62wjc8dwr	E3:12xby12x	4.77	11.43	sentdhiomr2rsr.na.coverage_evenness_two	1	1	0	201.2229	0.033034	0.894324	0.5871
OBS07	E3	prod-cand-1703-hg002-bjuice-4au-kitchensink-20260817T025004Z	12xby12x	HG002-nfjdv62wjc8dwr	E3:12xby12x	4.77	11.43	sentdhiomr2rsr.na.gatk_contam	1	1	0	10.0045	0.000122	0.005558055555555556	0.0036472222222222223
OBS07	E3	prod-cand-1703-hg002-bjuice-4au-kitchensink-20260817T025004Z	12xby12x	HG002-nfjdv62wjc8dwr	E3:12xby12x	4.77	11.43	sentdhiomr2rsr.na.goleft	1	1	0	1.2686	2.6e-05	0.0007047777777777778	0.0002138888888888889
OBS07	E3	prod-cand-1703-hg002-bjuice-4au-kitchensink-20260817T025004Z	12xby12x	HG002-nfjdv62wjc8dwr	E3:12xby12x	4.77	11.43	sentdhiomr2rsr.na.infer_sex_complement	1	1	0	0.6507	7e-06	0.00018074999999999998	8.333333333333334e-06
OBS07	E3	prod-cand-1703-hg002-bjuice-4au-kitchensink-20260817T025004Z	12xby12x	HG002-nfjdv62wjc8dwr	E3:12xby12x	4.77	11.43	sentdhiomr2rsr.na.mosdepth	1	1	0	91.056	0.003737	0.10117333333333334	0.024733333333333336
OBS07	E3	prod-cand-1703-hg002-bjuice-4au-kitchensink-20260817T025004Z	12xby12x	HG002-nfjdv62wjc8dwr	E3:12xby12x	4.77	11.43	sentdhiomr2rsr.na.norm_cov_eveness	1	1	0	443.0637	0.018184	0.492293	0.0005555555555555556
OBS07	E3	prod-cand-1703-hg002-bjuice-4au-kitchensink-20260817T025004Z	12xby12x	HG002-nfjdv62wjc8dwr	E3:12xby12x	4.77	11.43	sentdhiomr2rsr.na.p.ganon2_multiqc_log	1	1	0	0.0533	0.0	1.4805555555555555e-05	0.0
OBS07	E3	prod-cand-1703-hg002-bjuice-4au-kitchensink-20260817T025004Z	12xby12x	HG002-nfjdv62wjc8dwr	E3:12xby12x	4.77	11.43	sentdhiomr2rsr.na.p.unmapped_metagenomics_ganon2_quick	1	1	0	159.1305	0.225405	5.6579733333333335	0.008408333333333334
OBS07	E3	prod-cand-1703-hg002-bjuice-4au-kitchensink-20260817T025004Z	12xby12x	HG002-nfjdv62wjc8dwr	E3:12xby12x	4.77	11.43	sentdhiomr2rsr.na.samt	1	1	0	157.3356	0.006457	0.17481733333333332	0.056775
OBS07	E3	prod-cand-1703-hg002-bjuice-4au-kitchensink-20260817T025004Z	12xby12x	HG002-nfjdv62wjc8dwr	E3:12xby12x	4.77	11.43	sentdhiomr2rsr.na.sex_complement_somalier_metrics	1	1	0	0.4689	1e-05	0.0002605	8.333333333333334e-06
OBS07	E3	prod-cand-1703-hg002-bjuice-4au-kitchensink-20260817T025004Z	12xby12x	HG002-nfjdv62wjc8dwr	E3:12xby12x	4.77	11.43	sentdhiomr2rsr.na.site_mix_contam	1	1	0	12.0634	7.3e-05	0.003350944444444444	0.003002777777777778
OBS07	E3	prod-cand-1703-hg002-bjuice-4au-kitchensink-20260817T025004Z	12xby12x	HG002-nfjdv62wjc8dwr	E3:12xby12x	4.77	11.43	sentdhiomr2rsr.na.site_mix_contam_pileups	1	1	0	380.8919	0.015632	0.42321322222222224	0.08116111111111111
OBS07	E3	prod-cand-1703-hg002-bjuice-4au-kitchensink-20260817T025004Z	12xby12x	HG002-nfjdv62wjc8dwr	E3:12xby12x	4.77	11.43	sentdhiomr2sr.smd.alignstats	1	1	0	275.931	0.005775	0.30659	0.1502777777777778
OBS07	E3	prod-cand-1703-hg002-bjuice-4au-kitchensink-20260817T025004Z	12xby12x	HG002-nfjdv62wjc8dwr	E3:12xby12x	4.77	11.43	sentdhiomr2sr.smd.coverage_evenness_two	1	1	0	266.0884	0.022275	1.182615111111111	0.6966249999999999
OBS07	E3	prod-cand-1703-hg002-bjuice-4au-kitchensink-20260817T025004Z	12xby12x	HG002-nfjdv62wjc8dwr	E3:12xby12x	4.77	11.43	sentdhiomr2sr.smd.gatk_contam	1	1	0	14.1138	0.000148	0.007840999999999999	0.0046749999999999995
OBS07	E3	prod-cand-1703-hg002-bjuice-4au-kitchensink-20260817T025004Z	12xby12x	HG002-nfjdv62wjc8dwr	E3:12xby12x	4.77	11.43	sentdhiomr2sr.smd.goleft	1	1	0	1.2487	1.3e-05	0.0006937222222222222	0.00023888888888888888
OBS07	E3	prod-cand-1703-hg002-bjuice-4au-kitchensink-20260817T025004Z	12xby12x	HG002-nfjdv62wjc8dwr	E3:12xby12x	4.77	11.43	sentdhiomr2sr.smd.infer_sex_complement	1	1	0	0.6442	4e-06	0.00017894444444444444	5.555555555555556e-06
OBS07	E3	prod-cand-1703-hg002-bjuice-4au-kitchensink-20260817T025004Z	12xby12x	HG002-nfjdv62wjc8dwr	E3:12xby12x	4.77	11.43	sentdhiomr2sr.smd.mosdepth	1	1	0	109.2178	0.002286	0.1213531111111111	0.04683333333333333
OBS07	E3	prod-cand-1703-hg002-bjuice-4au-kitchensink-20260817T025004Z	12xby12x	HG002-nfjdv62wjc8dwr	E3:12xby12x	4.77	11.43	sentdhiomr2sr.smd.norm_cov_eveness	1	1	0	478.0164	0.010004	0.5311293333333333	0.001475
OBS07	E3	prod-cand-1703-hg002-bjuice-4au-kitchensink-20260817T025004Z	12xby12x	HG002-nfjdv62wjc8dwr	E3:12xby12x	4.77	11.43	sentdhiomr2sr.smd.p.ganon2_multiqc_log	1	1	0	0.0476	0.0	1.3222222222222223e-05	0.0
OBS07	E3	prod-cand-1703-hg002-bjuice-4au-kitchensink-20260817T025004Z	12xby12x	HG002-nfjdv62wjc8dwr	E3:12xby12x	4.77	11.43	sentdhiomr2sr.smd.p.unmapped_metagenomics_ganon2_quick	1	1	0	626.1501	0.502996	22.263114666666667	0.07085555555555556
OBS07	E3	prod-cand-1703-hg002-bjuice-4au-kitchensink-20260817T025004Z	12xby12x	HG002-nfjdv62wjc8dwr	E3:12xby12x	4.77	11.43	sentdhiomr2sr.smd.samt	1	1	0	441.6151	0.009242	0.49068344444444445	0.007227777777777777
OBS07	E3	prod-cand-1703-hg002-bjuice-4au-kitchensink-20260817T025004Z	12xby12x	HG002-nfjdv62wjc8dwr	E3:12xby12x	4.77	11.43	sentdhiomr2sr.smd.sex_complement_somalier_metrics	1	1	0	0.5363	7e-06	0.00029794444444444443	5.555555555555556e-06
OBS07	E3	prod-cand-1703-hg002-bjuice-4au-kitchensink-20260817T025004Z	12xby12x	HG002-nfjdv62wjc8dwr	E3:12xby12x	4.77	11.43	sentdhiomr2sr.smd.site_mix_contam	1	1	0	15.6203	8.2e-05	0.004338972222222222	0.003963888888888889
OBS07	E3	prod-cand-1703-hg002-bjuice-4au-kitchensink-20260817T025004Z	12xby12x	HG002-nfjdv62wjc8dwr	E3:12xby12x	4.77	11.43	sentdhiomr2sr.smd.site_mix_contam_pileups	1	1	0	843.1337	0.017645	0.9368152222222222	0.23438888888888887
OBS07	E3	prod-cand-1703-hg002-bjuice-4au-kitchensink-20260817T025004Z	12xby12x	HG002-nfjdv62wjc8dwr	E3:12xby12x	4.77	11.43	sentmm2ont.na.expansionhunter	1	1	0	33.4747	0.003459	0.14877644444444443	0.07415277777777778
OBS07	E3	prod-cand-1703-hg002-bjuice-4au-kitchensink-20260817T025004Z	12xby12x	HG002-nfjdv62wjc8dwr	E3:12xby12x	4.77	11.43	sentmm2ont.na.expansionhunter_json_to_tsv	1	1	0	0.6756	4e-06	0.00018766666666666666	8.333333333333334e-06
OBS07	E3	prod-cand-1703-hg002-bjuice-4au-kitchensink-20260817T025004Z	12xby12x	HG002-nfjdv62wjc8dwr	E3:12xby12x	4.77	11.43	sentmm2ont.na.sentdhiomr2.altair-v1.1.parse_vcfeval_summary	1	1	0	11.8261	0.000262	0.0065700555555555555	7.500000000000001e-05
OBS07	E3	prod-cand-1703-hg002-bjuice-4au-kitchensink-20260817T025004Z	12xby12x	HG002-nfjdv62wjc8dwr	E3:12xby12x	4.77	11.43	sentmm2ont.na.sentdhiomr2.altair-v1.1.rtg_vcfeval	1	1	0	72.7504	0.007079	0.32333511111111113	0.06278888888888888
OBS07	E3	prod-cand-1703-hg002-bjuice-4au-kitchensink-20260817T025004Z	12xby12x	HG002-nfjdv62wjc8dwr	E3:12xby12x	4.77	11.43	sentmm2ont.na.sentdhiomr2.bcfstat	1	1	0	21.5551	0.000787	0.03592516666666667	0.004925
OBS07	E3	prod-cand-1703-hg002-bjuice-4au-kitchensink-20260817T025004Z	12xby12x	HG002-nfjdv62wjc8dwr	E3:12xby12x	4.77	11.43	sentmm2ont.na.sentdhiomr2.chr1.vep	1	1	0	659.4296	0.027064	0.7326995555555557	0.012566666666666667
OBS07	E3	prod-cand-1703-hg002-bjuice-4au-kitchensink-20260817T025004Z	12xby12x	HG002-nfjdv62wjc8dwr	E3:12xby12x	4.77	11.43	sentmm2ont.na.sentdhiomr2.chr1.vep_input	1	1	0	4.2024	4.3e-05	0.0011673333333333334	1.6666666666666667e-05
OBS07	E3	prod-cand-1703-hg002-bjuice-4au-kitchensink-20260817T025004Z	12xby12x	HG002-nfjdv62wjc8dwr	E3:12xby12x	4.77	11.43	sentmm2ont.na.sentdhiomr2.chr10.vep	1	1	0	420.6045	0.017262	0.4673383333333333	0.009752777777777777
OBS07	E3	prod-cand-1703-hg002-bjuice-4au-kitchensink-20260817T025004Z	12xby12x	HG002-nfjdv62wjc8dwr	E3:12xby12x	4.77	11.43	sentmm2ont.na.sentdhiomr2.chr10.vep_input	1	1	0	4.686	2.8e-05	0.0013016666666666667	5.555555555555556e-06
OBS07	E3	prod-cand-1703-hg002-bjuice-4au-kitchensink-20260817T025004Z	12xby12x	HG002-nfjdv62wjc8dwr	E3:12xby12x	4.77	11.43	sentmm2ont.na.sentdhiomr2.chr11.vep	1	1	0	509.8681	0.022569	0.5665201111111111	0.007644444444444444
OBS07	E3	prod-cand-1703-hg002-bjuice-4au-kitchensink-20260817T025004Z	12xby12x	HG002-nfjdv62wjc8dwr	E3:12xby12x	4.77	11.43	sentmm2ont.na.sentdhiomr2.chr11.vep_input	1	1	0	5.2789	3.2e-05	0.0014663611111111112	5.555555555555556e-06
OBS07	E3	prod-cand-1703-hg002-bjuice-4au-kitchensink-20260817T025004Z	12xby12x	HG002-nfjdv62wjc8dwr	E3:12xby12x	4.77	11.43	sentmm2ont.na.sentdhiomr2.chr12.vep	1	1	0	540.2974	0.023965	0.6003304444444445	0.012388888888888889
OBS07	E3	prod-cand-1703-hg002-bjuice-4au-kitchensink-20260817T025004Z	12xby12x	HG002-nfjdv62wjc8dwr	E3:12xby12x	4.77	11.43	sentmm2ont.na.sentdhiomr2.chr12.vep_input	1	1	0	5.0913	3.1e-05	0.0014142500000000001	1.9444444444444445e-05
OBS07	E3	prod-cand-1703-hg002-bjuice-4au-kitchensink-20260817T025004Z	12xby12x	HG002-nfjdv62wjc8dwr	E3:12xby12x	4.77	11.43	sentmm2ont.na.sentdhiomr2.chr13.vep	1	1	0	348.1809	0.015412	0.38686766666666667	0.0052138888888888886
OBS07	E3	prod-cand-1703-hg002-bjuice-4au-kitchensink-20260817T025004Z	12xby12x	HG002-nfjdv62wjc8dwr	E3:12xby12x	4.77	11.43	sentmm2ont.na.sentdhiomr2.chr13.vep_input	1	1	0	3.4049	3.5e-05	0.0009458055555555555	0.0005583333333333333
OBS07	E3	prod-cand-1703-hg002-bjuice-4au-kitchensink-20260817T025004Z	12xby12x	HG002-nfjdv62wjc8dwr	E3:12xby12x	4.77	11.43	sentmm2ont.na.sentdhiomr2.chr14.vep	1	1	0	353.1563	0.015632	0.3923958888888889	0.005666666666666666
OBS07	E3	prod-cand-1703-hg002-bjuice-4au-kitchensink-20260817T025004Z	12xby12x	HG002-nfjdv62wjc8dwr	E3:12xby12x	4.77	11.43	sentmm2ont.na.sentdhiomr2.chr14.vep_input	1	1	0	2.0933	2.1e-05	0.0005814722222222223	0.0003111111111111111
OBS07	E3	prod-cand-1703-hg002-bjuice-4au-kitchensink-20260817T025004Z	12xby12x	HG002-nfjdv62wjc8dwr	E3:12xby12x	4.77	11.43	sentmm2ont.na.sentdhiomr2.chr15.vep	1	1	0	364.7534	0.016146	0.40528155555555556	0.008691666666666667
OBS07	E3	prod-cand-1703-hg002-bjuice-4au-kitchensink-20260817T025004Z	12xby12x	HG002-nfjdv62wjc8dwr	E3:12xby12x	4.77	11.43	sentmm2ont.na.sentdhiomr2.chr15.vep_input	1	1	0	2.0469	2.1e-05	0.0005685833333333333	0.00031388888888888883
OBS07	E3	prod-cand-1703-hg002-bjuice-4au-kitchensink-20260817T025004Z	12xby12x	HG002-nfjdv62wjc8dwr	E3:12xby12x	4.77	11.43	sentmm2ont.na.sentdhiomr2.chr16.vep	1	1	0	367.7611	0.016312	0.40862344444444443	0.007052777777777778
OBS07	E3	prod-cand-1703-hg002-bjuice-4au-kitchensink-20260817T025004Z	12xby12x	HG002-nfjdv62wjc8dwr	E3:12xby12x	4.77	11.43	sentmm2ont.na.sentdhiomr2.chr16.vep_input	1	1	0	2.8241	2.9e-05	0.0007844722222222222	0.0004111111111111111
OBS07	E3	prod-cand-1703-hg002-bjuice-4au-kitchensink-20260817T025004Z	12xby12x	HG002-nfjdv62wjc8dwr	E3:12xby12x	4.77	11.43	sentmm2ont.na.sentdhiomr2.chr17.vep	1	1	0	346.5751	0.015341	0.3850834444444445	0.006394444444444444
OBS07	E3	prod-cand-1703-hg002-bjuice-4au-kitchensink-20260817T025004Z	12xby12x	HG002-nfjdv62wjc8dwr	E3:12xby12x	4.77	11.43	sentmm2ont.na.sentdhiomr2.chr17.vep_input	1	1	0	2.6181	2.7e-05	0.00072725	0.00043611111111111113
OBS07	E3	prod-cand-1703-hg002-bjuice-4au-kitchensink-20260817T025004Z	12xby12x	HG002-nfjdv62wjc8dwr	E3:12xby12x	4.77	11.43	sentmm2ont.na.sentdhiomr2.chr18.vep	1	1	0	295.9273	0.013126	0.32880811111111113	0.006
OBS07	E3	prod-cand-1703-hg002-bjuice-4au-kitchensink-20260817T025004Z	12xby12x	HG002-nfjdv62wjc8dwr	E3:12xby12x	4.77	11.43	sentmm2ont.na.sentdhiomr2.chr18.vep_input	1	1	0	3.3635	2e-05	0.0009343055555555556	0.0005611111111111111
OBS07	E3	prod-cand-1703-hg002-bjuice-4au-kitchensink-20260817T025004Z	12xby12x	HG002-nfjdv62wjc8dwr	E3:12xby12x	4.77	11.43	sentmm2ont.na.sentdhiomr2.chr19.vep	1	1	0	300.1439	0.013313	0.3334932222222222	0.0064333333333333334
OBS07	E3	prod-cand-1703-hg002-bjuice-4au-kitchensink-20260817T025004Z	12xby12x	HG002-nfjdv62wjc8dwr	E3:12xby12x	4.77	11.43	sentmm2ont.na.sentdhiomr2.chr19.vep_input	1	1	0	3.0616	1.9e-05	0.0008504444444444444	0.0
OBS07	E3	prod-cand-1703-hg002-bjuice-4au-kitchensink-20260817T025004Z	12xby12x	HG002-nfjdv62wjc8dwr	E3:12xby12x	4.77	11.43	sentmm2ont.na.sentdhiomr2.chr2.vep	1	1	0	870.591	0.038616	0.9673233333333333	0.013308333333333332
OBS07	E3	prod-cand-1703-hg002-bjuice-4au-kitchensink-20260817T025004Z	12xby12x	HG002-nfjdv62wjc8dwr	E3:12xby12x	4.77	11.43	sentmm2ont.na.sentdhiomr2.chr2.vep_input	1	1	0	5.242	3.2e-05	0.0014561111111111111	7.500000000000001e-05
OBS07	E3	prod-cand-1703-hg002-bjuice-4au-kitchensink-20260817T025004Z	12xby12x	HG002-nfjdv62wjc8dwr	E3:12xby12x	4.77	11.43	sentmm2ont.na.sentdhiomr2.chr20.vep	1	1	0	238.0609	0.010559	0.2645121111111111	0.006272222222222222
OBS07	E3	prod-cand-1703-hg002-bjuice-4au-kitchensink-20260817T025004Z	12xby12x	HG002-nfjdv62wjc8dwr	E3:12xby12x	4.77	11.43	sentmm2ont.na.sentdhiomr2.chr20.vep_input	1	1	0	2.0555	2.1e-05	0.0005709722222222222	0.0003111111111111111
OBS07	E3	prod-cand-1703-hg002-bjuice-4au-kitchensink-20260817T025004Z	12xby12x	HG002-nfjdv62wjc8dwr	E3:12xby12x	4.77	11.43	sentmm2ont.na.sentdhiomr2.chr21.vep	1	1	0	204.1156	0.009054	0.22679511111111111	0.0017972222222222222
OBS07	E3	prod-cand-1703-hg002-bjuice-4au-kitchensink-20260817T025004Z	12xby12x	HG002-nfjdv62wjc8dwr	E3:12xby12x	4.77	11.43	sentmm2ont.na.sentdhiomr2.chr21.vep_input	1	1	0	1.4016	1.4e-05	0.00038933333333333333	0.00016666666666666666
OBS07	E3	prod-cand-1703-hg002-bjuice-4au-kitchensink-20260817T025004Z	12xby12x	HG002-nfjdv62wjc8dwr	E3:12xby12x	4.77	11.43	sentmm2ont.na.sentdhiomr2.chr22.vep	1	1	0	171.3397	0.007032	0.19037744444444443	0.0033583333333333334
OBS07	E3	prod-cand-1703-hg002-bjuice-4au-kitchensink-20260817T025004Z	12xby12x	HG002-nfjdv62wjc8dwr	E3:12xby12x	4.77	11.43	sentmm2ont.na.sentdhiomr2.chr22.vep_input	1	1	0	2.4237	1.5e-05	0.00067325	5.555555555555556e-06
OBS07	E3	prod-cand-1703-hg002-bjuice-4au-kitchensink-20260817T025004Z	12xby12x	HG002-nfjdv62wjc8dwr	E3:12xby12x	4.77	11.43	sentmm2ont.na.sentdhiomr2.chr3.vep	1	1	0	761.1993	0.033695	0.845777	0.010108333333333334
OBS07	E3	prod-cand-1703-hg002-bjuice-4au-kitchensink-20260817T025004Z	12xby12x	HG002-nfjdv62wjc8dwr	E3:12xby12x	4.77	11.43	sentmm2ont.na.sentdhiomr2.chr3.vep_input	1	1	0	4.8446	5e-05	0.0013457222222222221	3.3333333333333335e-05
OBS07	E3	prod-cand-1703-hg002-bjuice-4au-kitchensink-20260817T025004Z	12xby12x	HG002-nfjdv62wjc8dwr	E3:12xby12x	4.77	11.43	sentmm2ont.na.sentdhiomr2.chr4.vep	1	1	0	734.631	0.032518	0.8162566666666666	0.014444444444444444
OBS07	E3	prod-cand-1703-hg002-bjuice-4au-kitchensink-20260817T025004Z	12xby12x	HG002-nfjdv62wjc8dwr	E3:12xby12x	4.77	11.43	sentmm2ont.na.sentdhiomr2.chr4.vep_input	1	1	0	5.1687	5.3e-05	0.0014357500000000002	5.555555555555556e-06
OBS07	E3	prod-cand-1703-hg002-bjuice-4au-kitchensink-20260817T025004Z	12xby12x	HG002-nfjdv62wjc8dwr	E3:12xby12x	4.77	11.43	sentmm2ont.na.sentdhiomr2.chr5.vep	1	1	0	629.634	0.027871	0.6995933333333334	0.011283333333333333
OBS07	E3	prod-cand-1703-hg002-bjuice-4au-kitchensink-20260817T025004Z	12xby12x	HG002-nfjdv62wjc8dwr	E3:12xby12x	4.77	11.43	sentmm2ont.na.sentdhiomr2.chr5.vep_input	1	1	0	4.3637	2.7e-05	0.001212138888888889	0.000875
OBS07	E3	prod-cand-1703-hg002-bjuice-4au-kitchensink-20260817T025004Z	12xby12x	HG002-nfjdv62wjc8dwr	E3:12xby12x	4.77	11.43	sentmm2ont.na.sentdhiomr2.chr6.vep	1	1	0	715.3542	0.031665	0.794838	0.0005638888888888888
OBS07	E3	prod-cand-1703-hg002-bjuice-4au-kitchensink-20260817T025004Z	12xby12x	HG002-nfjdv62wjc8dwr	E3:12xby12x	4.77	11.43	sentmm2ont.na.sentdhiomr2.chr6.vep_input	1	1	0	4.5989	4.7e-05	0.0012774722222222224	8.333333333333334e-06
OBS07	E3	prod-cand-1703-hg002-bjuice-4au-kitchensink-20260817T025004Z	12xby12x	HG002-nfjdv62wjc8dwr	E3:12xby12x	4.77	11.43	sentmm2ont.na.sentdhiomr2.chr7.vep	1	1	0	623.4999	0.027599	0.6927776666666667	0.0007999999999999999
OBS07	E3	prod-cand-1703-hg002-bjuice-4au-kitchensink-20260817T025004Z	12xby12x	HG002-nfjdv62wjc8dwr	E3:12xby12x	4.77	11.43	sentmm2ont.na.sentdhiomr2.chr7.vep_input	1	1	0	5.2622	3.2e-05	0.0014617222222222221	0.0
OBS07	E3	prod-cand-1703-hg002-bjuice-4au-kitchensink-20260817T025004Z	12xby12x	HG002-nfjdv62wjc8dwr	E3:12xby12x	4.77	11.43	sentmm2ont.na.sentdhiomr2.chr8.vep	1	1	0	648.4168	0.028761	0.720463111111111	0.008691666666666667
OBS07	E3	prod-cand-1703-hg002-bjuice-4au-kitchensink-20260817T025004Z	12xby12x	HG002-nfjdv62wjc8dwr	E3:12xby12x	4.77	11.43	sentmm2ont.na.sentdhiomr2.chr8.vep_input	1	1	0	3.2067	3.3e-05	0.00089075	0.0005694444444444444
OBS07	E3	prod-cand-1703-hg002-bjuice-4au-kitchensink-20260817T025004Z	12xby12x	HG002-nfjdv62wjc8dwr	E3:12xby12x	4.77	11.43	sentmm2ont.na.sentdhiomr2.chr9.vep	1	1	0	498.1437	0.02205	0.553493	0.007258333333333333
OBS07	E3	prod-cand-1703-hg002-bjuice-4au-kitchensink-20260817T025004Z	12xby12x	HG002-nfjdv62wjc8dwr	E3:12xby12x	4.77	11.43	sentmm2ont.na.sentdhiomr2.chr9.vep_input	1	1	0	3.7721	3.9e-05	0.0010478055555555555	1.6666666666666667e-05
OBS07	E3	prod-cand-1703-hg002-bjuice-4au-kitchensink-20260817T025004Z	12xby12x	HG002-nfjdv62wjc8dwr	E3:12xby12x	4.77	11.43	sentmm2ont.na.sentdhiomr2.chrM.vep	1	1	0	1.1016	4.9e-05	0.0012239999999999998	0.0001388888888888889
OBS07	E3	prod-cand-1703-hg002-bjuice-4au-kitchensink-20260817T025004Z	12xby12x	HG002-nfjdv62wjc8dwr	E3:12xby12x	4.77	11.43	sentmm2ont.na.sentdhiomr2.chrM.vep_input	1	1	0	1.0996	7e-06	0.0003054444444444444	0.00015000000000000001
OBS07	E3	prod-cand-1703-hg002-bjuice-4au-kitchensink-20260817T025004Z	12xby12x	HG002-nfjdv62wjc8dwr	E3:12xby12x	4.77	11.43	sentmm2ont.na.sentdhiomr2.chrX.vep	1	1	0	200.6587	0.0089	0.22295411111111113	0.0038
OBS07	E3	prod-cand-1703-hg002-bjuice-4au-kitchensink-20260817T025004Z	12xby12x	HG002-nfjdv62wjc8dwr	E3:12xby12x	4.77	11.43	sentmm2ont.na.sentdhiomr2.chrX.vep_input	1	1	0	2.0153	1.2e-05	0.0005598055555555555	0.00029444444444444445
OBS07	E3	prod-cand-1703-hg002-bjuice-4au-kitchensink-20260817T025004Z	12xby12x	HG002-nfjdv62wjc8dwr	E3:12xby12x	4.77	11.43	sentmm2ont.na.sentdhiomr2.chrY.vep	1	1	0	9.3253	0.000413	0.010361444444444446	0.0012416666666666665
OBS07	E3	prod-cand-1703-hg002-bjuice-4au-kitchensink-20260817T025004Z	12xby12x	HG002-nfjdv62wjc8dwr	E3:12xby12x	4.77	11.43	sentmm2ont.na.sentdhiomr2.chrY.vep_input	1	1	0	1.0122	1e-05	0.00028116666666666665	0.0
OBS07	E3	prod-cand-1703-hg002-bjuice-4au-kitchensink-20260817T025004Z	12xby12x	HG002-nfjdv62wjc8dwr	E3:12xby12x	4.77	11.43	sentmm2ont.na.sentdhiomr2.cli-gvcf.altair-v1.1.parse_vcfeval_summary	1	1	0	13.1893	0.00016	0.0073273888888888885	6.111111111111111e-05
OBS07	E3	prod-cand-1703-hg002-bjuice-4au-kitchensink-20260817T025004Z	12xby12x	HG002-nfjdv62wjc8dwr	E3:12xby12x	4.77	11.43	sentmm2ont.na.sentdhiomr2.cli-gvcf.altair-v1.1.rtg_vcfeval	1	1	0	3372.6765	0.597167	14.989673333333334	2.103877777777778
OBS07	E3	prod-cand-1703-hg002-bjuice-4au-kitchensink-20260817T025004Z	12xby12x	HG002-nfjdv62wjc8dwr	E3:12xby12x	4.77	11.43	sentmm2ont.na.sentdhiomr2.cli-gvcf.clinvar_genes.parse_vcfeval_summary	1	1	0	15.1501	0.000335	0.008416722222222223	0.00018333333333333334
OBS07	E3	prod-cand-1703-hg002-bjuice-4au-kitchensink-20260817T025004Z	12xby12x	HG002-nfjdv62wjc8dwr	E3:12xby12x	4.77	11.43	sentmm2ont.na.sentdhiomr2.cli-gvcf.clinvar_genes.rtg_vcfeval	1	1	0	2602.5192	0.427241	11.566752000000001	1.6216722222222224
OBS07	E3	prod-cand-1703-hg002-bjuice-4au-kitchensink-20260817T025004Z	12xby12x	HG002-nfjdv62wjc8dwr	E3:12xby12x	4.77	11.43	sentmm2ont.na.sentdhiomr2.cli-gvcf.concordance	1	1	0	0.4588	2.2e-05	0.0010195555555555554	5.555555555555556e-06
OBS07	E3	prod-cand-1703-hg002-bjuice-4au-kitchensink-20260817T025004Z	12xby12x	HG002-nfjdv62wjc8dwr	E3:12xby12x	4.77	11.43	sentmm2ont.na.sentdhiomr2.cli-gvcf.giabHC.parse_vcfeval_summary	1	1	0	89.3883	0.001978	0.049660166666666665	0.0086
OBS07	E3	prod-cand-1703-hg002-bjuice-4au-kitchensink-20260817T025004Z	12xby12x	HG002-nfjdv62wjc8dwr	E3:12xby12x	4.77	11.43	sentmm2ont.na.sentdhiomr2.cli-gvcf.giabHC.rtg_vcfeval	1	1	0	3316.7367	0.587262	14.741052	2.108175
OBS07	E3	prod-cand-1703-hg002-bjuice-4au-kitchensink-20260817T025004Z	12xby12x	HG002-nfjdv62wjc8dwr	E3:12xby12x	4.77	11.43	sentmm2ont.na.sentdhiomr2.cli-gvcf.giabHC_x_clinvar_genes.parse_vcfeval_summary	1	1	0	12.0751	0.000267	0.00670838888888889	5.555555555555556e-06
OBS07	E3	prod-cand-1703-hg002-bjuice-4au-kitchensink-20260817T025004Z	12xby12x	HG002-nfjdv62wjc8dwr	E3:12xby12x	4.77	11.43	sentmm2ont.na.sentdhiomr2.cli-gvcf.giabHC_x_clinvar_genes.rtg_vcfeval	1	1	0	2616.763	0.429579	11.630057777777777	1.618313888888889
OBS07	E3	prod-cand-1703-hg002-bjuice-4au-kitchensink-20260817T025004Z	12xby12x	HG002-nfjdv62wjc8dwr	E3:12xby12x	4.77	11.43	sentmm2ont.na.sentdhiomr2.cli-gvcf.giabHC_x_ultima.parse_vcfeval_summary	1	1	0	85.506	0.001892	0.047503333333333335	0.008588888888888889
OBS07	E3	prod-cand-1703-hg002-bjuice-4au-kitchensink-20260817T025004Z	12xby12x	HG002-nfjdv62wjc8dwr	E3:12xby12x	4.77	11.43	sentmm2ont.na.sentdhiomr2.cli-gvcf.giabHC_x_ultima.rtg_vcfeval	1	1	0	2715.1152	0.445725	12.067178666666667	1.6666666666666667e-05
OBS07	E3	prod-cand-1703-hg002-bjuice-4au-kitchensink-20260817T025004Z	12xby12x	HG002-nfjdv62wjc8dwr	E3:12xby12x	4.77	11.43	sentmm2ont.na.sentdhiomr2.cli-gvcf.giabHC_x_ultima_x_clinvar.parse_vcfeval_summary	1	1	0	11.6797	0.000259	0.006488722222222222	5.555555555555556e-06
OBS07	E3	prod-cand-1703-hg002-bjuice-4au-kitchensink-20260817T025004Z	12xby12x	HG002-nfjdv62wjc8dwr	E3:12xby12x	4.77	11.43	sentmm2ont.na.sentdhiomr2.cli-gvcf.giabHC_x_ultima_x_clinvar.rtg_vcfeval	1	1	0	2601.8898	0.427138	11.563954666666666	1.588138888888889
OBS07	E3	prod-cand-1703-hg002-bjuice-4au-kitchensink-20260817T025004Z	12xby12x	HG002-nfjdv62wjc8dwr	E3:12xby12x	4.77	11.43	sentmm2ont.na.sentdhiomr2.cli-gvcf.giabHCv5q.parse_vcfeval_summary	1	1	0	104.2423	0.002307	0.05791238888888889	0.006933333333333334
OBS07	E3	prod-cand-1703-hg002-bjuice-4au-kitchensink-20260817T025004Z	12xby12x	HG002-nfjdv62wjc8dwr	E3:12xby12x	4.77	11.43	sentmm2ont.na.sentdhiomr2.cli-gvcf.giabHCv5q.rtg_vcfeval	1	1	0	2712.767	0.44534	12.056742222222221	1.9239861111111112
OBS07	E3	prod-cand-1703-hg002-bjuice-4au-kitchensink-20260817T025004Z	12xby12x	HG002-nfjdv62wjc8dwr	E3:12xby12x	4.77	11.43	sentmm2ont.na.sentdhiomr2.cli-gvcf.hg38.parse_vcfeval_summary	1	1	0	116.1903	0.002572	0.06455016666666666	0.0013555555555555556
OBS07	E3	prod-cand-1703-hg002-bjuice-4au-kitchensink-20260817T025004Z	12xby12x	HG002-nfjdv62wjc8dwr	E3:12xby12x	4.77	11.43	sentmm2ont.na.sentdhiomr2.cli-gvcf.hg38.rtg_vcfeval	1	1	0	3325.0117	0.588727	14.777829777777779	2.1066083333333334
OBS07	E3	prod-cand-1703-hg002-bjuice-4au-kitchensink-20260817T025004Z	12xby12x	HG002-nfjdv62wjc8dwr	E3:12xby12x	4.77	11.43	sentmm2ont.na.sentdhiomr2.cli-gvcf.hg38_m_giabHC.parse_vcfeval_summary	1	1	0	29.5397	0.000359	0.016410944444444443	0.00039166666666666663
OBS07	E3	prod-cand-1703-hg002-bjuice-4au-kitchensink-20260817T025004Z	12xby12x	HG002-nfjdv62wjc8dwr	E3:12xby12x	4.77	11.43	sentmm2ont.na.sentdhiomr2.cli-gvcf.hg38_m_giabHC.rtg_vcfeval	1	1	0	3349.0019	0.592975	14.88445288888889	2.0867416666666667
OBS07	E3	prod-cand-1703-hg002-bjuice-4au-kitchensink-20260817T025004Z	12xby12x	HG002-nfjdv62wjc8dwr	E3:12xby12x	4.77	11.43	sentmm2ont.na.sentdhiomr2.cli-gvcf.ultima.parse_vcfeval_summary	1	1	0	97.634	0.001188	0.05424111111111111	0.007541666666666666
OBS07	E3	prod-cand-1703-hg002-bjuice-4au-kitchensink-20260817T025004Z	12xby12x	HG002-nfjdv62wjc8dwr	E3:12xby12x	4.77	11.43	sentmm2ont.na.sentdhiomr2.cli-gvcf.ultima.rtg_vcfeval	1	1	0	3343.1946	0.591947	14.858642666666666	2.106838888888889
OBS07	E3	prod-cand-1703-hg002-bjuice-4au-kitchensink-20260817T025004Z	12xby12x	HG002-nfjdv62wjc8dwr	E3:12xby12x	4.77	11.43	sentmm2ont.na.sentdhiomr2.clinvar_genes.parse_vcfeval_summary	1	1	0	13.4921	0.000299	0.007495611111111112	0.0001722222222222222
OBS07	E3	prod-cand-1703-hg002-bjuice-4au-kitchensink-20260817T025004Z	12xby12x	HG002-nfjdv62wjc8dwr	E3:12xby12x	4.77	11.43	sentmm2ont.na.sentdhiomr2.clinvar_genes.rtg_vcfeval	1	1	0	71.8276	0.00699	0.3192337777777778	0.06174444444444444
OBS07	E3	prod-cand-1703-hg002-bjuice-4au-kitchensink-20260817T025004Z	12xby12x	HG002-nfjdv62wjc8dwr	E3:12xby12x	4.77	11.43	sentmm2ont.na.sentdhiomr2.concordance	1	1	0	0.4154	3.4e-05	0.0009231111111111111	5.555555555555556e-06
OBS07	E3	prod-cand-1703-hg002-bjuice-4au-kitchensink-20260817T025004Z	12xby12x	HG002-nfjdv62wjc8dwr	E3:12xby12x	4.77	11.43	sentmm2ont.na.sentdhiomr2.giabHC.parse_vcfeval_summary	1	1	0	78.9962	0.001748	0.04388677777777778	0.005208333333333333
OBS07	E3	prod-cand-1703-hg002-bjuice-4au-kitchensink-20260817T025004Z	12xby12x	HG002-nfjdv62wjc8dwr	E3:12xby12x	4.77	11.43	sentmm2ont.na.sentdhiomr2.giabHC.rtg_vcfeval	1	1	0	77.8374	0.007574	0.34594400000000003	0.07779722222222223
OBS07	E3	prod-cand-1703-hg002-bjuice-4au-kitchensink-20260817T025004Z	12xby12x	HG002-nfjdv62wjc8dwr	E3:12xby12x	4.77	11.43	sentmm2ont.na.sentdhiomr2.giabHC_x_clinvar_genes.parse_vcfeval_summary	1	1	0	9.9716	0.000205	0.005539777777777778	8.333333333333334e-06
OBS07	E3	prod-cand-1703-hg002-bjuice-4au-kitchensink-20260817T025004Z	12xby12x	HG002-nfjdv62wjc8dwr	E3:12xby12x	4.77	11.43	sentmm2ont.na.sentdhiomr2.giabHC_x_clinvar_genes.rtg_vcfeval	1	1	0	68.9738	0.012213	0.3065502222222222	0.06121666666666666
OBS07	E3	prod-cand-1703-hg002-bjuice-4au-kitchensink-20260817T025004Z	12xby12x	HG002-nfjdv62wjc8dwr	E3:12xby12x	4.77	11.43	sentmm2ont.na.sentdhiomr2.giabHC_x_ultima.parse_vcfeval_summary	1	1	0	71.9736	0.001477	0.03998533333333334	0.0049
OBS07	E3	prod-cand-1703-hg002-bjuice-4au-kitchensink-20260817T025004Z	12xby12x	HG002-nfjdv62wjc8dwr	E3:12xby12x	4.77	11.43	sentmm2ont.na.sentdhiomr2.giabHC_x_ultima.rtg_vcfeval	1	1	0	74.2936	0.013154	0.33019377777777775	0.07260277777777778
OBS07	E3	prod-cand-1703-hg002-bjuice-4au-kitchensink-20260817T025004Z	12xby12x	HG002-nfjdv62wjc8dwr	E3:12xby12x	4.77	11.43	sentmm2ont.na.sentdhiomr2.giabHC_x_ultima_x_clinvar.parse_vcfeval_summary	1	1	0	10.7713	0.000238	0.005984055555555556	0.0005527777777777778
OBS07	E3	prod-cand-1703-hg002-bjuice-4au-kitchensink-20260817T025004Z	12xby12x	HG002-nfjdv62wjc8dwr	E3:12xby12x	4.77	11.43	sentmm2ont.na.sentdhiomr2.giabHC_x_ultima_x_clinvar.rtg_vcfeval	1	1	0	71.0597	0.012582	0.31582088888888893	0.061391666666666664
OBS07	E3	prod-cand-1703-hg002-bjuice-4au-kitchensink-20260817T025004Z	12xby12x	HG002-nfjdv62wjc8dwr	E3:12xby12x	4.77	11.43	sentmm2ont.na.sentdhiomr2.giabHCv5q.parse_vcfeval_summary	1	1	0	74.1228	0.001521	0.04117933333333333	0.004969444444444445
OBS07	E3	prod-cand-1703-hg002-bjuice-4au-kitchensink-20260817T025004Z	12xby12x	HG002-nfjdv62wjc8dwr	E3:12xby12x	4.77	11.43	sentmm2ont.na.sentdhiomr2.giabHCv5q.rtg_vcfeval	1	1	0	985.5586	0.174503	4.380260444444445	0.3864111111111111
OBS07	E3	prod-cand-1703-hg002-bjuice-4au-kitchensink-20260817T025004Z	12xby12x	HG002-nfjdv62wjc8dwr	E3:12xby12x	4.77	11.43	sentmm2ont.na.sentdhiomr2.hg38.parse_vcfeval_summary	1	1	0	104.045	0.002308	0.05780277777777778	0.005652777777777778
OBS07	E3	prod-cand-1703-hg002-bjuice-4au-kitchensink-20260817T025004Z	12xby12x	HG002-nfjdv62wjc8dwr	E3:12xby12x	4.77	11.43	sentmm2ont.na.sentdhiomr2.hg38.rtg_vcfeval	1	1	0	98.4115	0.009576	0.43738444444444446	0.1352472222222222
OBS07	E3	prod-cand-1703-hg002-bjuice-4au-kitchensink-20260817T025004Z	12xby12x	HG002-nfjdv62wjc8dwr	E3:12xby12x	4.77	11.43	sentmm2ont.na.sentdhiomr2.hg38_m_giabHC.parse_vcfeval_summary	1	1	0	26.411	0.000586	0.01467277777777778	0.0009305555555555556
OBS07	E3	prod-cand-1703-hg002-bjuice-4au-kitchensink-20260817T025004Z	12xby12x	HG002-nfjdv62wjc8dwr	E3:12xby12x	4.77	11.43	sentmm2ont.na.sentdhiomr2.hg38_m_giabHC.rtg_vcfeval	1	1	0	75.002	0.007298	0.3333422222222222	0.06363055555555555
OBS07	E3	prod-cand-1703-hg002-bjuice-4au-kitchensink-20260817T025004Z	12xby12x	HG002-nfjdv62wjc8dwr	E3:12xby12x	4.77	11.43	sentmm2ont.na.sentdhiomr2.peddy	1	1	0	11.5437	0.000474	0.012826333333333332	0.0010527777777777777
OBS07	E3	prod-cand-1703-hg002-bjuice-4au-kitchensink-20260817T025004Z	12xby12x	HG002-nfjdv62wjc8dwr	E3:12xby12x	4.77	11.43	sentmm2ont.na.sentdhiomr2.rtgvcfstats	1	1	0	23.2935	0.000478	0.012940833333333334	0.006325
OBS07	E3	prod-cand-1703-hg002-bjuice-4au-kitchensink-20260817T025004Z	12xby12x	HG002-nfjdv62wjc8dwr	E3:12xby12x	4.77	11.43	sentmm2ont.na.sentdhiomr2.ultima.parse_vcfeval_summary	1	1	0	86.2293	0.001912	0.047905166666666665	0.0052361111111111115
OBS07	E3	prod-cand-1703-hg002-bjuice-4au-kitchensink-20260817T025004Z	12xby12x	HG002-nfjdv62wjc8dwr	E3:12xby12x	4.77	11.43	sentmm2ont.na.sentdhiomr2.ultima.rtg_vcfeval	1	1	0	83.7217	0.008147	0.37209644444444445	0.12037222222222221
OBS07	E3	prod-cand-1703-hg002-bjuice-4au-kitchensink-20260817T025004Z	12xby12x	HG002-nfjdv62wjc8dwr	E3:12xby12x	4.77	11.43	sentmm2ont.na.sentdhiomr2.vep_concat	1	1	0	48.7158	0.003999	0.10825733333333333	0.003255555555555556
OBS07	E3	prod-cand-1703-hg002-bjuice-4au-kitchensink-20260817T025004Z	12xby12x	HG002-nfjdv62wjc8dwr	E3:12xby12x	4.77	11.43	sentmm2ont.na.sentdhiomr2.vep_concat_fofn	1	1	0	0.1601	1e-06	4.447222222222222e-05	0.0
OBS07	E3	prod-cand-1703-hg002-bjuice-4au-kitchensink-20260817T025004Z	12xby12x	HG002-nfjdv62wjc8dwr	E3:12xby12x	4.77	11.43	sentmm2ont.na.sentdhiomr2.vep_validate_input_contigs	1	1	0	0.6522	5e-06	0.00018116666666666666	2.777777777777778e-06
OBS07	E3	prod-cand-1703-hg002-bjuice-4au-kitchensink-20260817T025004Z	12xby12x	HG002-nfjdv62wjc8dwr	E3:12xby12x	4.77	11.43	seqfu	1	1	0	898.7543	0.058197	1.4979238333333331	0.8961722222222221
OBS07	E3	prod-cand-1703-hg002-bjuice-4au-kitchensink-20260817T025004Z	12xby12x	HG002-nfjdv62wjc8dwr	E3:12xby12x	4.77	11.43	snv_vcf.vcf-sv-stats	1	1	0	214.4231	0.0044	0.11912394444444445	0.053552777777777776
OBS07	E3	prod-cand-1703-hg002-bjuice-4au-kitchensink-20260817T025004Z	12xby12x	HG002-nfjdv62wjc8dwr	E3:12xby12x	4.77	11.43	source_reheadered_cnvscope_vcf.vcf-sv-stats	1	1	0	1.83	3.8e-05	0.0010166666666666668	8.61111111111111e-05
OBS07	E3	prod-cand-1703-hg002-bjuice-4au-kitchensink-20260817T025004Z	12xby12x	HG002-nfjdv62wjc8dwr	E3:12xby12x	4.77	11.43	synthetic_smn_vcf.vcf-sv-stats	1	1	0	0.9179	1.9e-05	0.0005099444444444445	2.2222222222222223e-05
OBS07	E3	prod-cand-1703-hg002-bjuice-4au-kitchensink-20260817T025004Z	12xby12x	HG002-nfjdv62wjc8dwr	E3:12xby12x	4.77	11.43	tagged_cnv_vcf.vcf-sv-stats	1	1	0	2.8182	3.4e-05	0.0015656666666666666	0.00013055555555555555
OBS07	E3	prod-cand-1703-hg002-bjuice-4au-kitchensink-20260817T025004Z	12xby12x	HG002-nfjdv62wjc8dwr	E3:12xby12x	4.77	11.43	tagged_sv_vcf.vcf-sv-stats	1	1	0	3.6724	8.1e-05	0.0020402222222222224	0.0005138888888888889
OBS07	E3	prod-cand-1703-hg002-bjuice-4au-kitchensink-20260817T025004Z	12xby12x	HG002-nfjdv62wjc8dwr	E3:12xby12x	4.77	11.43	untagged_trussv_vcf.vcf-sv-stats	1	1	0	2.185	4.5e-05	0.001213888888888889	0.00044444444444444447
OBS08	E2	prod-cand-1703-hg002-bjuice-v2-seqkitfix-20260815T080300Z	15x5	HG002-56db7xrgpanwkk	E2:15x5	4.96	5.17	expansionhunter_vcf.vcf-sv-stats	1	1	0	0.8691	1.9e-05	0.0004828333333333333	2.4999999999999998e-05
OBS08	E2	prod-cand-1703-hg002-bjuice-v2-seqkitfix-20260815T080300Z	15x5	HG002-56db7xrgpanwkk	E2:15x5	4.96	5.17	fastqc	1	1	0	689.1906	0.108932	3.0630693333333334	0.2760944444444445
OBS08	E2	prod-cand-1703-hg002-bjuice-v2-seqkitfix-20260815T080300Z	15x5	HG002-56db7xrgpanwkk	E2:15x5	4.96	5.17	mitochondrial_vcf.vcf-sv-stats	1	1	0	0.994	2.1e-05	0.0005522222222222222	2.2222222222222223e-05
OBS08	E2	prod-cand-1703-hg002-bjuice-v2-seqkitfix-20260815T080300Z	15x5	HG002-56db7xrgpanwkk	E2:15x5	4.96	5.17	normalized_longreadsv_vcf.vcf-sv-stats	1	1	0	5.6681	0.000124	0.0031489444444444442	0.0003222222222222222
OBS08	E2	prod-cand-1703-hg002-bjuice-v2-seqkitfix-20260815T080300Z	15x5	HG002-56db7xrgpanwkk	E2:15x5	4.96	5.17	normalized_sniffles2_vcf.vcf-sv-stats	1	1	0	3.0035	6.3e-05	0.001668611111111111	0.00019166666666666665
OBS08	E2	prod-cand-1703-hg002-bjuice-v2-seqkitfix-20260815T080300Z	15x5	HG002-56db7xrgpanwkk	E2:15x5	4.96	5.17	normalized_tiddit_vcf.vcf-sv-stats	1	1	0	2.6384	3.7e-05	0.0014657777777777777	0.00010277777777777778
OBS08	E2	prod-cand-1703-hg002-bjuice-v2-seqkitfix-20260815T080300Z	15x5	HG002-56db7xrgpanwkk	E2:15x5	4.96	5.17	segdup_CFH_vcf.vcf-sv-stats	1	1	0	0.9191	2e-05	0.0005106111111111111	2.4999999999999998e-05
OBS08	E2	prod-cand-1703-hg002-bjuice-v2-seqkitfix-20260815T080300Z	15x5	HG002-56db7xrgpanwkk	E2:15x5	4.96	5.17	segdup_CYP11B1_vcf.vcf-sv-stats	1	1	0	0.8578	1.7e-05	0.0004765555555555556	3.888888888888889e-05
OBS08	E2	prod-cand-1703-hg002-bjuice-v2-seqkitfix-20260815T080300Z	15x5	HG002-56db7xrgpanwkk	E2:15x5	4.96	5.17	segdup_CYP2A6_vcf.vcf-sv-stats	1	1	0	2.0227	2.8e-05	0.0011237222222222221	6.944444444444444e-05
OBS08	E2	prod-cand-1703-hg002-bjuice-v2-seqkitfix-20260815T080300Z	15x5	HG002-56db7xrgpanwkk	E2:15x5	4.96	5.17	segdup_CYP2B6_vcf.vcf-sv-stats	1	1	0	0.9002	2e-05	0.0005001111111111111	3.0555555555555554e-05
OBS08	E2	prod-cand-1703-hg002-bjuice-v2-seqkitfix-20260815T080300Z	15x5	HG002-56db7xrgpanwkk	E2:15x5	4.96	5.17	segdup_CYP2D6_vcf.vcf-sv-stats	1	1	0	0.9171	2e-05	0.0005095	2.777777777777778e-05
OBS08	E2	prod-cand-1703-hg002-bjuice-v2-seqkitfix-20260815T080300Z	15x5	HG002-56db7xrgpanwkk	E2:15x5	4.96	5.17	segdup_GBA1_vcf.vcf-sv-stats	1	1	0	0.905	2e-05	0.0005027777777777778	2.4999999999999998e-05
OBS08	E2	prod-cand-1703-hg002-bjuice-v2-seqkitfix-20260815T080300Z	15x5	HG002-56db7xrgpanwkk	E2:15x5	4.96	5.17	segdup_HBA_vcf.vcf-sv-stats	1	1	0	0.8634	1.7e-05	0.00047966666666666665	3.0555555555555554e-05
OBS08	E2	prod-cand-1703-hg002-bjuice-v2-seqkitfix-20260815T080300Z	15x5	HG002-56db7xrgpanwkk	E2:15x5	4.96	5.17	segdup_NCF1_vcf.vcf-sv-stats	1	1	0	0.8564	1.1e-05	0.0004757777777777778	3.0555555555555554e-05
OBS08	E2	prod-cand-1703-hg002-bjuice-v2-seqkitfix-20260815T080300Z	15x5	HG002-56db7xrgpanwkk	E2:15x5	4.96	5.17	segdup_OTOA_vcf.vcf-sv-stats	1	1	0	0.9948	2e-05	0.0005526666666666667	1.1111111111111112e-05
OBS08	E2	prod-cand-1703-hg002-bjuice-v2-seqkitfix-20260815T080300Z	15x5	HG002-56db7xrgpanwkk	E2:15x5	4.96	5.17	segdup_PMS2_vcf.vcf-sv-stats	1	1	0	0.9529	1.9e-05	0.0005293888888888889	1.6666666666666667e-05
OBS08	E2	prod-cand-1703-hg002-bjuice-v2-seqkitfix-20260815T080300Z	15x5	HG002-56db7xrgpanwkk	E2:15x5	4.96	5.17	segdup_RCCX1_vcf.vcf-sv-stats	1	1	0	1.0006	1.4e-05	0.0005558888888888889	1.1111111111111112e-05
OBS08	E2	prod-cand-1703-hg002-bjuice-v2-seqkitfix-20260815T080300Z	15x5	HG002-56db7xrgpanwkk	E2:15x5	4.96	5.17	segdup_RHD_vcf.vcf-sv-stats	1	1	0	1.1382	2.3e-05	0.0006323333333333334	6.111111111111111e-05
OBS08	E2	prod-cand-1703-hg002-bjuice-v2-seqkitfix-20260815T080300Z	15x5	HG002-56db7xrgpanwkk	E2:15x5	4.96	5.17	segdup_SBDS_vcf.vcf-sv-stats	1	1	0	0.9139	2e-05	0.0005077222222222222	2.2222222222222223e-05
OBS08	E2	prod-cand-1703-hg002-bjuice-v2-seqkitfix-20260815T080300Z	15x5	HG002-56db7xrgpanwkk	E2:15x5	4.96	5.17	segdup_SMN1_vcf.vcf-sv-stats	1	1	0	0.8782	1.9e-05	0.0004878888888888889	3.0555555555555554e-05
OBS08	E2	prod-cand-1703-hg002-bjuice-v2-seqkitfix-20260815T080300Z	15x5	HG002-56db7xrgpanwkk	E2:15x5	4.96	5.17	segdup_STRC_vcf.vcf-sv-stats	1	1	0	0.8911	2e-05	0.0004950555555555555	3.0555555555555554e-05
OBS08	E2	prod-cand-1703-hg002-bjuice-v2-seqkitfix-20260815T080300Z	15x5	HG002-56db7xrgpanwkk	E2:15x5	4.96	5.17	sentdhiomr2.command-manifest	1	1	0	0.5615	0.000453	0.019964444444444444	0.0
OBS08	E2	prod-cand-1703-hg002-bjuice-v2-seqkitfix-20260815T080300Z	15x5	HG002-56db7xrgpanwkk	E2:15x5	4.96	5.17	sentdhiomr2.five-chromosome-hard-vcf	1	1	0	91.9435	0.12917	3.269102222222222	0.004413888888888889
OBS08	E2	prod-cand-1703-hg002-bjuice-v2-seqkitfix-20260815T080300Z	15x5	HG002-56db7xrgpanwkk	E2:15x5	4.96	5.17	sentdhiomr2.hybrid-cli172i-core	1	1	0	5562.8498	7.45937	197.7902151111111	0.010405555555555555
OBS08	E2	prod-cand-1703-hg002-bjuice-v2-seqkitfix-20260815T080300Z	15x5	HG002-56db7xrgpanwkk	E2:15x5	4.96	5.17	sentdhiomr2.hybrid-cli172i-finalize-1	1	1	0	766.9136	0.033556	0.8521262222222222	6.111111111111111e-05
OBS08	E2	prod-cand-1703-hg002-bjuice-v2-seqkitfix-20260815T080300Z	15x5	HG002-56db7xrgpanwkk	E2:15x5	4.96	5.17	sentdhiomr2.hybrid-cli172i-finalize-10	1	1	0	300.7573	0.012603	0.33417477777777777	0.010441666666666667
OBS08	E2	prod-cand-1703-hg002-bjuice-v2-seqkitfix-20260815T080300Z	15x5	HG002-56db7xrgpanwkk	E2:15x5	4.96	5.17	sentdhiomr2.hybrid-cli172i-finalize-11	1	1	0	310.7147	0.012373	0.34523855555555555	0.007647222222222223
OBS08	E2	prod-cand-1703-hg002-bjuice-v2-seqkitfix-20260815T080300Z	15x5	HG002-56db7xrgpanwkk	E2:15x5	4.96	5.17	sentdhiomr2.hybrid-cli172i-finalize-12	1	1	0	305.2643	0.012156	0.33918255555555554	0.009038888888888888
OBS08	E2	prod-cand-1703-hg002-bjuice-v2-seqkitfix-20260815T080300Z	15x5	HG002-56db7xrgpanwkk	E2:15x5	4.96	5.17	sentdhiomr2.hybrid-cli172i-finalize-13	1	1	0	214.248	0.008531	0.2380533333333333	0.0054666666666666665
OBS08	E2	prod-cand-1703-hg002-bjuice-v2-seqkitfix-20260815T080300Z	15x5	HG002-56db7xrgpanwkk	E2:15x5	4.96	5.17	sentdhiomr2.hybrid-cli172i-finalize-14	1	1	0	255.7398	0.01119	0.2841553333333333	0.0035361111111111114
OBS08	E2	prod-cand-1703-hg002-bjuice-v2-seqkitfix-20260815T080300Z	15x5	HG002-56db7xrgpanwkk	E2:15x5	4.96	5.17	sentdhiomr2.hybrid-cli172i-finalize-15	1	1	0	194.0806	0.008133	0.21564511111111112	0.001302777777777778
OBS08	E2	prod-cand-1703-hg002-bjuice-v2-seqkitfix-20260815T080300Z	15x5	HG002-56db7xrgpanwkk	E2:15x5	4.96	5.17	sentdhiomr2.hybrid-cli172i-finalize-16	1	1	0	195.3309	0.008185	0.21703433333333336	0.001075
OBS08	E2	prod-cand-1703-hg002-bjuice-v2-seqkitfix-20260815T080300Z	15x5	HG002-56db7xrgpanwkk	E2:15x5	4.96	5.17	sentdhiomr2.hybrid-cli172i-finalize-17	1	1	0	194.4503	0.008148	0.21605588888888888	0.001225
OBS08	E2	prod-cand-1703-hg002-bjuice-v2-seqkitfix-20260815T080300Z	15x5	HG002-56db7xrgpanwkk	E2:15x5	4.96	5.17	sentdhiomr2.hybrid-cli172i-finalize-18	1	1	0	227.0905	0.009936	0.2523227777777778	0.010163888888888889
OBS08	E2	prod-cand-1703-hg002-bjuice-v2-seqkitfix-20260815T080300Z	15x5	HG002-56db7xrgpanwkk	E2:15x5	4.96	5.17	sentdhiomr2.hybrid-cli172i-finalize-19	1	1	0	181.0269	0.007921	0.20114100000000001	0.004022222222222222
OBS08	E2	prod-cand-1703-hg002-bjuice-v2-seqkitfix-20260815T080300Z	15x5	HG002-56db7xrgpanwkk	E2:15x5	4.96	5.17	sentdhiomr2.hybrid-cli172i-finalize-2	1	1	0	517.454	0.020605	0.5749488888888888	0.019944444444444445
OBS08	E2	prod-cand-1703-hg002-bjuice-v2-seqkitfix-20260815T080300Z	15x5	HG002-56db7xrgpanwkk	E2:15x5	4.96	5.17	sentdhiomr2.hybrid-cli172i-finalize-20	1	1	0	151.6751	0.00604	0.16852788888888887	0.0027416666666666666
OBS08	E2	prod-cand-1703-hg002-bjuice-v2-seqkitfix-20260815T080300Z	15x5	HG002-56db7xrgpanwkk	E2:15x5	4.96	5.17	sentdhiomr2.hybrid-cli172i-finalize-21	1	1	0	91.0605	0.003816	0.10117833333333334	0.016441666666666667
OBS08	E2	prod-cand-1703-hg002-bjuice-v2-seqkitfix-20260815T080300Z	15x5	HG002-56db7xrgpanwkk	E2:15x5	4.96	5.17	sentdhiomr2.hybrid-cli172i-finalize-22	1	1	0	89.1849	0.003737	0.09909433333333333	0.0006333333333333333
OBS08	E2	prod-cand-1703-hg002-bjuice-v2-seqkitfix-20260815T080300Z	15x5	HG002-56db7xrgpanwkk	E2:15x5	4.96	5.17	sentdhiomr2.hybrid-cli172i-finalize-23	1	1	0	224.3836	0.009403	0.24931511111111113	0.003211111111111111
OBS08	E2	prod-cand-1703-hg002-bjuice-v2-seqkitfix-20260815T080300Z	15x5	HG002-56db7xrgpanwkk	E2:15x5	4.96	5.17	sentdhiomr2.hybrid-cli172i-finalize-24	1	1	0	46.2678	0.001842	0.051408666666666665	0.0015027777777777778
OBS08	E2	prod-cand-1703-hg002-bjuice-v2-seqkitfix-20260815T080300Z	15x5	HG002-56db7xrgpanwkk	E2:15x5	4.96	5.17	sentdhiomr2.hybrid-cli172i-finalize-25	1	1	0	15.2289	0.000666	0.016921	0.00014166666666666668
OBS08	E2	prod-cand-1703-hg002-bjuice-v2-seqkitfix-20260815T080300Z	15x5	HG002-56db7xrgpanwkk	E2:15x5	4.96	5.17	sentdhiomr2.hybrid-cli172i-finalize-3	1	1	0	620.2422	0.027138	0.689158	0.0
OBS08	E2	prod-cand-1703-hg002-bjuice-v2-seqkitfix-20260815T080300Z	15x5	HG002-56db7xrgpanwkk	E2:15x5	4.96	5.17	sentdhiomr2.hybrid-cli172i-finalize-4	1	1	0	417.6088	0.017499	0.46400977777777774	0.017133333333333334
OBS08	E2	prod-cand-1703-hg002-bjuice-v2-seqkitfix-20260815T080300Z	15x5	HG002-56db7xrgpanwkk	E2:15x5	4.96	5.17	sentdhiomr2.hybrid-cli172i-finalize-5	1	1	0	381.7938	0.015999	0.42421533333333333	0.017611111111111112
OBS08	E2	prod-cand-1703-hg002-bjuice-v2-seqkitfix-20260815T080300Z	15x5	HG002-56db7xrgpanwkk	E2:15x5	4.96	5.17	sentdhiomr2.hybrid-cli172i-finalize-6	1	1	0	488.1173	0.021357	0.5423525555555555	0.016708333333333332
OBS08	E2	prod-cand-1703-hg002-bjuice-v2-seqkitfix-20260815T080300Z	15x5	HG002-56db7xrgpanwkk	E2:15x5	4.96	5.17	sentdhiomr2.hybrid-cli172i-finalize-7	1	1	0	353.7927	0.014088	0.39310300000000004	0.015130555555555555
OBS08	E2	prod-cand-1703-hg002-bjuice-v2-seqkitfix-20260815T080300Z	15x5	HG002-56db7xrgpanwkk	E2:15x5	4.96	5.17	sentdhiomr2.hybrid-cli172i-finalize-8	1	1	0	316.9615	0.008847	0.35217944444444443	0.015188888888888889
OBS08	E2	prod-cand-1703-hg002-bjuice-v2-seqkitfix-20260815T080300Z	15x5	HG002-56db7xrgpanwkk	E2:15x5	4.96	5.17	sentdhiomr2.hybrid-cli172i-finalize-9	1	1	0	266.0379	0.007426	0.29559766666666665	0.01021388888888889
OBS08	E2	prod-cand-1703-hg002-bjuice-v2-seqkitfix-20260815T080300Z	15x5	HG002-56db7xrgpanwkk	E2:15x5	4.96	5.17	sentdhiomr2.hybrid-cli172i-gather	1	1	0	343.1092	0.027793	0.7624648888888889	0.05025555555555555
OBS08	E2	prod-cand-1703-hg002-bjuice-v2-seqkitfix-20260815T080300Z	15x5	HG002-56db7xrgpanwkk	E2:15x5	4.96	5.17	sentdhiomr2.inflection-analytical-ancillary	1	1	0	1.2806	0.000989	0.045532444444444445	3.611111111111111e-05
OBS08	E2	prod-cand-1703-hg002-bjuice-v2-seqkitfix-20260815T080300Z	15x5	HG002-56db7xrgpanwkk	E2:15x5	4.96	5.17	sentdhiomr2.inflection-analytical.prod-cand-1703-hg002-bjuice-v2-seqkitfix-20260815T080300Z	1	1	0	557.4083	0.754721	19.81896177777778	0.05818333333333334
OBS08	E2	prod-cand-1703-hg002-bjuice-v2-seqkitfix-20260815T080300Z	15x5	HG002-56db7xrgpanwkk	E2:15x5	4.96	5.17	sentdhiomr2.inflection-multiqc-stage	1	1	0	47.1446	0.000372	0.013095722222222222	0.012472222222222221
OBS08	E2	prod-cand-1703-hg002-bjuice-v2-seqkitfix-20260815T080300Z	15x5	HG002-56db7xrgpanwkk	E2:15x5	4.96	5.17	sentdhiomr2.inflection-multiqc	1	1	0	26.726	0.000147	0.007423888888888889	0.003336111111111111
OBS08	E2	prod-cand-1703-hg002-bjuice-v2-seqkitfix-20260815T080300Z	15x5	HG002-56db7xrgpanwkk	E2:15x5	4.96	5.17	sentdhiomr2.mito	1	1	0	71.3211	0.100551	2.5358613333333335	6.666666666666667e-05
OBS08	E2	prod-cand-1703-hg002-bjuice-v2-seqkitfix-20260815T080300Z	15x5	HG002-56db7xrgpanwkk	E2:15x5	4.96	5.17	sentdhiomr2.normalize-smn12	1	0	1	0.3351	0	0	0
OBS08	E2	prod-cand-1703-hg002-bjuice-v2-seqkitfix-20260815T080300Z	15x5	HG002-56db7xrgpanwkk	E2:15x5	4.96	5.17	sentdhiomr2.roh_upd	1	1	0	510.5335	0.717243	18.15230222222222	0.14143611111111112
OBS08	E2	prod-cand-1703-hg002-bjuice-v2-seqkitfix-20260815T080300Z	15x5	HG002-56db7xrgpanwkk	E2:15x5	4.96	5.17	sentdhiomr2.rsr-publish	1	1	0	8.6122	6.8e-05	0.002392277777777778	0.0008583333333333333
OBS08	E2	prod-cand-1703-hg002-bjuice-v2-seqkitfix-20260815T080300Z	15x5	HG002-56db7xrgpanwkk	E2:15x5	4.96	5.17	sentdhiomr2.scope	1	1	0	0.6516	5e-06	0.00018099999999999998	2.777777777777778e-06
OBS08	E2	prod-cand-1703-hg002-bjuice-v2-seqkitfix-20260815T080300Z	15x5	HG002-56db7xrgpanwkk	E2:15x5	4.96	5.17	sentdhiomr2.segdup.CFH	1	1	0	311.3903	0.421617	11.071655111111111	0.034772222222222225
OBS08	E2	prod-cand-1703-hg002-bjuice-v2-seqkitfix-20260815T080300Z	15x5	HG002-56db7xrgpanwkk	E2:15x5	4.96	5.17	sentdhiomr2.segdup.CYP11B1	1	1	0	203.1983	0.263356	7.224828444444444	0.019883333333333333
OBS08	E2	prod-cand-1703-hg002-bjuice-v2-seqkitfix-20260815T080300Z	15x5	HG002-56db7xrgpanwkk	E2:15x5	4.96	5.17	sentdhiomr2.segdup.CYP2A6	1	1	0	146.1419	0.197873	5.196156444444444	0.010205555555555556
OBS08	E2	prod-cand-1703-hg002-bjuice-v2-seqkitfix-20260815T080300Z	15x5	HG002-56db7xrgpanwkk	E2:15x5	4.96	5.17	sentdhiomr2.segdup.CYP2B6	1	1	0	265.581	0.344208	9.44288	0.05245
OBS08	E2	prod-cand-1703-hg002-bjuice-v2-seqkitfix-20260815T080300Z	15x5	HG002-56db7xrgpanwkk	E2:15x5	4.96	5.17	sentdhiomr2.segdup.CYP2D6	1	1	0	155.6465	0.165288	5.534097777777778	0.006402777777777778
OBS08	E2	prod-cand-1703-hg002-bjuice-v2-seqkitfix-20260815T080300Z	15x5	HG002-56db7xrgpanwkk	E2:15x5	4.96	5.17	sentdhiomr2.segdup.GBA	1	1	0	265.8318	0.22962	9.451797333333333	0.02003611111111111
OBS08	E2	prod-cand-1703-hg002-bjuice-v2-seqkitfix-20260815T080300Z	15x5	HG002-56db7xrgpanwkk	E2:15x5	4.96	5.17	sentdhiomr2.segdup.HBA	1	1	0	163.6317	0.212076	5.818016	0.016416666666666666
OBS08	E2	prod-cand-1703-hg002-bjuice-v2-seqkitfix-20260815T080300Z	15x5	HG002-56db7xrgpanwkk	E2:15x5	4.96	5.17	sentdhiomr2.segdup.IKBKG	1	1	0	160.9488	0.208599	5.722624000000001	0.008955555555555557
OBS08	E2	prod-cand-1703-hg002-bjuice-v2-seqkitfix-20260815T080300Z	15x5	HG002-56db7xrgpanwkk	E2:15x5	4.96	5.17	sentdhiomr2.segdup.LPA	1	1	0	98.7094	0.127933	3.5096675555555557	0.01661111111111111
OBS08	E2	prod-cand-1703-hg002-bjuice-v2-seqkitfix-20260815T080300Z	15x5	HG002-56db7xrgpanwkk	E2:15x5	4.96	5.17	sentdhiomr2.segdup.NCF1	1	1	0	182.4191	0.225526	6.486012444444444	0.011152777777777777
OBS08	E2	prod-cand-1703-hg002-bjuice-v2-seqkitfix-20260815T080300Z	15x5	HG002-56db7xrgpanwkk	E2:15x5	4.96	5.17	sentdhiomr2.segdup.OTOA	1	1	0	159.8404	0.1294	5.6832142222222215	0.016716666666666668
OBS08	E2	prod-cand-1703-hg002-bjuice-v2-seqkitfix-20260815T080300Z	15x5	HG002-56db7xrgpanwkk	E2:15x5	4.96	5.17	sentdhiomr2.segdup.PMS2	1	1	0	218.7105	0.177058	7.776373333333333	0.02211944444444444
OBS08	E2	prod-cand-1703-hg002-bjuice-v2-seqkitfix-20260815T080300Z	15x5	HG002-56db7xrgpanwkk	E2:15x5	4.96	5.17	sentdhiomr2.segdup.RCCX	1	1	0	201.5253	0.179817	7.165343999999999	0.010974999999999999
OBS08	E2	prod-cand-1703-hg002-bjuice-v2-seqkitfix-20260815T080300Z	15x5	HG002-56db7xrgpanwkk	E2:15x5	4.96	5.17	sentdhiomr2.segdup.RH	1	1	0	353.5219	0.496659	12.569667555555556	0.033694444444444444
OBS08	E2	prod-cand-1703-hg002-bjuice-v2-seqkitfix-20260815T080300Z	15x5	HG002-56db7xrgpanwkk	E2:15x5	4.96	5.17	sentdhiomr2.segdup.SBDS	1	1	0	197.0715	0.243641	7.006986666666666	0.00024722222222222224
OBS08	E2	prod-cand-1703-hg002-bjuice-v2-seqkitfix-20260815T080300Z	15x5	HG002-56db7xrgpanwkk	E2:15x5	4.96	5.17	sentdhiomr2.segdup.SMN1	1	1	0	245.4846	0.450103	8.728341333333333	0.013822222222222222
OBS08	E2	prod-cand-1703-hg002-bjuice-v2-seqkitfix-20260815T080300Z	15x5	HG002-56db7xrgpanwkk	E2:15x5	4.96	5.17	sentdhiomr2.segdup.STRC	1	1	0	199.668	0.280511	7.099306666666667	0.014938888888888889
OBS08	E2	prod-cand-1703-hg002-bjuice-v2-seqkitfix-20260815T080300Z	15x5	HG002-56db7xrgpanwkk	E2:15x5	4.96	5.17	sentdhiomr2.slim-longreadsv-normalize	1	1	0	5.4713	0.001915	0.04863377777777778	0.0006694444444444445
OBS08	E2	prod-cand-1703-hg002-bjuice-v2-seqkitfix-20260815T080300Z	15x5	HG002-56db7xrgpanwkk	E2:15x5	4.96	5.17	sentdhiomr2.slim-sniffles2-normalize	1	1	0	2.6401	0.000835	0.023467555555555554	0.0009638888888888889
OBS08	E2	prod-cand-1703-hg002-bjuice-v2-seqkitfix-20260815T080300Z	15x5	HG002-56db7xrgpanwkk	E2:15x5	4.96	5.17	sentdhiomr2.slim-tag-cnv	1	1	0	15.7348	0.005326	0.1398648888888889	0.0
OBS08	E2	prod-cand-1703-hg002-bjuice-v2-seqkitfix-20260815T080300Z	15x5	HG002-56db7xrgpanwkk	E2:15x5	4.96	5.17	sentdhiomr2.slim-tag-sv	1	1	0	261.4615	0.052917	2.3241022222222223	0.07089444444444444
OBS08	E2	prod-cand-1703-hg002-bjuice-v2-seqkitfix-20260815T080300Z	15x5	HG002-56db7xrgpanwkk	E2:15x5	4.96	5.17	sentdhiomr2.slim-tiddit-normalize	1	1	0	2.1556	0.000378	0.01916088888888889	5.555555555555556e-06
OBS08	E2	prod-cand-1703-hg002-bjuice-v2-seqkitfix-20260815T080300Z	15x5	HG002-56db7xrgpanwkk	E2:15x5	4.96	5.17	sentdhiomr2.slim-tiddit-repair	1	1	0	3.3991	0.001151	0.03021422222222222	0.0002111111111111111
OBS08	E2	prod-cand-1703-hg002-bjuice-v2-seqkitfix-20260815T080300Z	15x5	HG002-56db7xrgpanwkk	E2:15x5	4.96	5.17	sentdhiomr2.slim-trussv	1	1	0	5.4549	0.001916	0.048488	0.0
OBS08	E2	prod-cand-1703-hg002-bjuice-v2-seqkitfix-20260815T080300Z	15x5	HG002-56db7xrgpanwkk	E2:15x5	4.96	5.17	sentdhiomr2.slim-truvari-aggregate	1	1	0	1.3765	1.1e-05	0.00038236111111111115	1.9444444444444445e-05
OBS08	E2	prod-cand-1703-hg002-bjuice-v2-seqkitfix-20260815T080300Z	15x5	HG002-56db7xrgpanwkk	E2:15x5	4.96	5.17	sentdhiomr2.slim-truvari-longreadsv	1	1	0	171.2392	0.055484	1.5221262222222223	0.04568055555555555
OBS08	E2	prod-cand-1703-hg002-bjuice-v2-seqkitfix-20260815T080300Z	15x5	HG002-56db7xrgpanwkk	E2:15x5	4.96	5.17	sentdhiomr2.slim-truvari-sniffles2	1	1	0	162.8871	0.051491	1.4478853333333335	0.03830833333333333
OBS08	E2	prod-cand-1703-hg002-bjuice-v2-seqkitfix-20260815T080300Z	15x5	HG002-56db7xrgpanwkk	E2:15x5	4.96	5.17	sentdhiomr2.slim-truvari-tagged_trussv	1	1	0	161.309	0.054602	1.4338577777777777	0.03775
OBS08	E2	prod-cand-1703-hg002-bjuice-v2-seqkitfix-20260815T080300Z	15x5	HG002-56db7xrgpanwkk	E2:15x5	4.96	5.17	sentdhiomr2.slim-truvari-tiddit	1	1	0	194.4352	0.06829	1.728312888888889	0.04605
OBS08	E2	prod-cand-1703-hg002-bjuice-v2-seqkitfix-20260815T080300Z	15x5	HG002-56db7xrgpanwkk	E2:15x5	4.96	5.17	sentdhiomr2.sniffles2	1	1	0	42.214	0.056606	1.5009422222222222	0.0035
OBS08	E2	prod-cand-1703-hg002-bjuice-v2-seqkitfix-20260815T080300Z	15x5	HG002-56db7xrgpanwkk	E2:15x5	4.96	5.17	sentdhiomr2.sr-prepare	1	1	0	1136.7596	2.286466	60.627178666666666	0.01795
OBS08	E2	prod-cand-1703-hg002-bjuice-v2-seqkitfix-20260815T080300Z	15x5	HG002-56db7xrgpanwkk	E2:15x5	4.96	5.17	sentdhiomr2.terminal-hybrid-validate	1	1	0	595.6454	0.836816	21.178503111111112	2.777777777777778e-06
OBS08	E2	prod-cand-1703-hg002-bjuice-v2-seqkitfix-20260815T080300Z	15x5	HG002-56db7xrgpanwkk	E2:15x5	4.96	5.17	sentdhiomr2.tiddit	1	1	0	402.0496	0.294755	14.295096888888889	8.333333333333334e-06
OBS08	E2	prod-cand-1703-hg002-bjuice-v2-seqkitfix-20260815T080300Z	15x5	HG002-56db7xrgpanwkk	E2:15x5	4.96	5.17	sentdhiomr2.tiddit.sort	1	1	0	0.7702	0.000981	0.02738488888888889	0.0
OBS08	E2	prod-cand-1703-hg002-bjuice-v2-seqkitfix-20260815T080300Z	15x5	HG002-56db7xrgpanwkk	E2:15x5	4.96	5.17	sentdhiomr2lr.na.alignstats	1	1	0	79.5827	0.003335	0.08842522222222222	0.060969444444444444
OBS08	E2	prod-cand-1703-hg002-bjuice-v2-seqkitfix-20260815T080300Z	15x5	HG002-56db7xrgpanwkk	E2:15x5	4.96	5.17	sentdhiomr2lr.na.coverage_evenness_two	1	1	0	215.7955	0.034108	0.9590911111111111	0.6583861111111111
OBS08	E2	prod-cand-1703-hg002-bjuice-v2-seqkitfix-20260815T080300Z	15x5	HG002-56db7xrgpanwkk	E2:15x5	4.96	5.17	sentdhiomr2lr.na.gatk_contam	1	1	0	6.2966	0.000132	0.003498111111111111	0.0018388888888888888
OBS08	E2	prod-cand-1703-hg002-bjuice-v2-seqkitfix-20260815T080300Z	15x5	HG002-56db7xrgpanwkk	E2:15x5	4.96	5.17	sentdhiomr2lr.na.goleft	1	1	0	1.199	2.4e-05	0.0006661111111111111	0.0
OBS08	E2	prod-cand-1703-hg002-bjuice-v2-seqkitfix-20260815T080300Z	15x5	HG002-56db7xrgpanwkk	E2:15x5	4.96	5.17	sentdhiomr2lr.na.infer_sex_complement	1	1	0	0.8958	9e-06	0.00024883333333333333	0.0
OBS08	E2	prod-cand-1703-hg002-bjuice-v2-seqkitfix-20260815T080300Z	15x5	HG002-56db7xrgpanwkk	E2:15x5	4.96	5.17	sentdhiomr2lr.na.mosdepth	1	1	0	99.1039	0.004153	0.11011544444444445	0.025183333333333332
OBS08	E2	prod-cand-1703-hg002-bjuice-v2-seqkitfix-20260815T080300Z	15x5	HG002-56db7xrgpanwkk	E2:15x5	4.96	5.17	sentdhiomr2lr.na.norm_cov_eveness	1	1	0	401.702	0.016833	0.44633555555555554	0.0002111111111111111
OBS08	E2	prod-cand-1703-hg002-bjuice-v2-seqkitfix-20260815T080300Z	15x5	HG002-56db7xrgpanwkk	E2:15x5	4.96	5.17	sentdhiomr2lr.na.p.ganon2_multiqc_log	1	1	0	0.045	0.0	1.2499999999999999e-05	0.0
OBS08	E2	prod-cand-1703-hg002-bjuice-v2-seqkitfix-20260815T080300Z	15x5	HG002-56db7xrgpanwkk	E2:15x5	4.96	5.17	sentdhiomr2lr.na.p.unmapped_metagenomics_ganon2_quick	1	1	0	30.2255	0.04053	1.0746844444444446	0.0008555555555555556
OBS08	E2	prod-cand-1703-hg002-bjuice-v2-seqkitfix-20260815T080300Z	15x5	HG002-56db7xrgpanwkk	E2:15x5	4.96	5.17	sentdhiomr2lr.na.samt	1	1	0	230.1695	0.009645	0.2557438888888889	0.0018666666666666666
OBS08	E2	prod-cand-1703-hg002-bjuice-v2-seqkitfix-20260815T080300Z	15x5	HG002-56db7xrgpanwkk	E2:15x5	4.96	5.17	sentdhiomr2lr.na.sex_complement_somalier_metrics	1	1	0	0.4984	1e-05	0.0002768888888888889	5.555555555555556e-06
OBS08	E2	prod-cand-1703-hg002-bjuice-v2-seqkitfix-20260815T080300Z	15x5	HG002-56db7xrgpanwkk	E2:15x5	4.96	5.17	sentdhiomr2lr.na.site_mix_contam	1	1	0	8.9441	5.5e-05	0.0024844722222222226	0.0020555555555555557
OBS08	E2	prod-cand-1703-hg002-bjuice-v2-seqkitfix-20260815T080300Z	15x5	HG002-56db7xrgpanwkk	E2:15x5	4.96	5.17	sentdhiomr2lr.na.site_mix_contam_pileups	1	1	0	922.5078	0.038657	1.0250086666666667	0.25992777777777776
OBS08	E2	prod-cand-1703-hg002-bjuice-v2-seqkitfix-20260815T080300Z	15x5	HG002-56db7xrgpanwkk	E2:15x5	4.96	5.17	sentdhiomr2rsr.na.alignstats	1	1	0	105.476	0.004272	0.11719555555555555	0.03801666666666667
OBS08	E2	prod-cand-1703-hg002-bjuice-v2-seqkitfix-20260815T080300Z	15x5	HG002-56db7xrgpanwkk	E2:15x5	4.96	5.17	sentdhiomr2rsr.na.coverage_evenness_two	1	1	0	216.0203	0.034997	0.9600902222222222	0.6376611111111111
OBS08	E2	prod-cand-1703-hg002-bjuice-v2-seqkitfix-20260815T080300Z	15x5	HG002-56db7xrgpanwkk	E2:15x5	4.96	5.17	sentdhiomr2rsr.na.gatk_contam	1	1	0	6.4168	0.00013	0.003564888888888889	0.002402777777777778
OBS08	E2	prod-cand-1703-hg002-bjuice-v2-seqkitfix-20260815T080300Z	15x5	HG002-56db7xrgpanwkk	E2:15x5	4.96	5.17	sentdhiomr2rsr.na.goleft	1	1	0	1.5364	2.1e-05	0.0008535555555555555	9.722222222222222e-05
OBS08	E2	prod-cand-1703-hg002-bjuice-v2-seqkitfix-20260815T080300Z	15x5	HG002-56db7xrgpanwkk	E2:15x5	4.96	5.17	sentdhiomr2rsr.na.infer_sex_complement	1	1	0	0.7443	8e-06	0.00020674999999999998	0.00014444444444444444
OBS08	E2	prod-cand-1703-hg002-bjuice-v2-seqkitfix-20260815T080300Z	15x5	HG002-56db7xrgpanwkk	E2:15x5	4.96	5.17	sentdhiomr2rsr.na.mosdepth	1	1	0	94.3194	0.004141	0.10479933333333334	0.025852777777777777
OBS08	E2	prod-cand-1703-hg002-bjuice-v2-seqkitfix-20260815T080300Z	15x5	HG002-56db7xrgpanwkk	E2:15x5	4.96	5.17	sentdhiomr2rsr.na.norm_cov_eveness	1	1	0	453.1961	0.018355	0.5035512222222223	0.00023333333333333333
OBS08	E2	prod-cand-1703-hg002-bjuice-v2-seqkitfix-20260815T080300Z	15x5	HG002-56db7xrgpanwkk	E2:15x5	4.96	5.17	sentdhiomr2rsr.na.p.ganon2_multiqc_log	1	0	1	0.2483	0	0	0
OBS08	E2	prod-cand-1703-hg002-bjuice-v2-seqkitfix-20260815T080300Z	15x5	HG002-56db7xrgpanwkk	E2:15x5	4.96	5.17	sentdhiomr2rsr.na.p.unmapped_metagenomics_ganon2_quick	1	1	0	168.0105	0.236036	5.973706666666667	0.004069444444444445
OBS08	E2	prod-cand-1703-hg002-bjuice-v2-seqkitfix-20260815T080300Z	15x5	HG002-56db7xrgpanwkk	E2:15x5	4.96	5.17	sentdhiomr2rsr.na.samt	1	1	0	155.2801	0.00433	0.17253344444444446	0.05576944444444445
OBS08	E2	prod-cand-1703-hg002-bjuice-v2-seqkitfix-20260815T080300Z	15x5	HG002-56db7xrgpanwkk	E2:15x5	4.96	5.17	sentdhiomr2rsr.na.sex_complement_somalier_metrics	1	1	0	0.5266	1.1e-05	0.0002925555555555555	5.555555555555556e-06
OBS08	E2	prod-cand-1703-hg002-bjuice-v2-seqkitfix-20260815T080300Z	15x5	HG002-56db7xrgpanwkk	E2:15x5	4.96	5.17	sentdhiomr2rsr.na.site_mix_contam	1	1	0	13.4176	8.5e-05	0.003727111111111111	0.0032583333333333336
OBS08	E2	prod-cand-1703-hg002-bjuice-v2-seqkitfix-20260815T080300Z	15x5	HG002-56db7xrgpanwkk	E2:15x5	4.96	5.17	sentdhiomr2rsr.na.site_mix_contam_pileups	1	1	0	403.7899	0.010215	0.44865544444444444	0.07875
OBS08	E2	prod-cand-1703-hg002-bjuice-v2-seqkitfix-20260815T080300Z	15x5	HG002-56db7xrgpanwkk	E2:15x5	4.96	5.17	sentdhiomr2sr.smd.alignstats	1	1	0	465.353	0.011379	0.5170588888888888	0.24250555555555556
OBS08	E2	prod-cand-1703-hg002-bjuice-v2-seqkitfix-20260815T080300Z	15x5	HG002-56db7xrgpanwkk	E2:15x5	4.96	5.17	sentdhiomr2sr.smd.coverage_evenness_two	1	1	0	381.0728	0.037274	1.6936568888888888	1.0344666666666666
OBS08	E2	prod-cand-1703-hg002-bjuice-v2-seqkitfix-20260815T080300Z	15x5	HG002-56db7xrgpanwkk	E2:15x5	4.96	5.17	sentdhiomr2sr.smd.gatk_contam	1	1	0	15.9974	0.000223	0.008887444444444444	0.005055555555555555
OBS08	E2	prod-cand-1703-hg002-bjuice-v2-seqkitfix-20260815T080300Z	15x5	HG002-56db7xrgpanwkk	E2:15x5	4.96	5.17	sentdhiomr2sr.smd.goleft	1	1	0	1.5201	3e-05	0.0008445	0.00017777777777777779
OBS08	E2	prod-cand-1703-hg002-bjuice-v2-seqkitfix-20260815T080300Z	15x5	HG002-56db7xrgpanwkk	E2:15x5	4.96	5.17	sentdhiomr2sr.smd.infer_sex_complement	1	1	0	1.382	9e-06	0.00038388888888888885	8.333333333333334e-06
OBS08	E2	prod-cand-1703-hg002-bjuice-v2-seqkitfix-20260815T080300Z	15x5	HG002-56db7xrgpanwkk	E2:15x5	4.96	5.17	sentdhiomr2sr.smd.mosdepth	1	1	0	119.2858	0.004999	0.13253977777777778	0.04777777777777778
OBS08	E2	prod-cand-1703-hg002-bjuice-v2-seqkitfix-20260815T080300Z	15x5	HG002-56db7xrgpanwkk	E2:15x5	4.96	5.17	sentdhiomr2sr.smd.norm_cov_eveness	1	1	0	479.4429	0.018945	0.5327143333333333	0.0012222222222222224
OBS08	E2	prod-cand-1703-hg002-bjuice-v2-seqkitfix-20260815T080300Z	15x5	HG002-56db7xrgpanwkk	E2:15x5	4.96	5.17	sentdhiomr2sr.smd.p.ganon2_multiqc_log	1	1	0	0.1055	1e-06	2.9305555555555554e-05	0.0
OBS08	E2	prod-cand-1703-hg002-bjuice-v2-seqkitfix-20260815T080300Z	15x5	HG002-56db7xrgpanwkk	E2:15x5	4.96	5.17	sentdhiomr2sr.smd.p.unmapped_metagenomics_ganon2_quick	1	1	0	742.7777	0.99601	26.409873777777776	0.09041666666666667
OBS08	E2	prod-cand-1703-hg002-bjuice-v2-seqkitfix-20260815T080300Z	15x5	HG002-56db7xrgpanwkk	E2:15x5	4.96	5.17	sentdhiomr2sr.smd.samt	1	1	0	515.8223	0.020382	0.5731358888888889	0.021305555555555557
OBS08	E2	prod-cand-1703-hg002-bjuice-v2-seqkitfix-20260815T080300Z	15x5	HG002-56db7xrgpanwkk	E2:15x5	4.96	5.17	sentdhiomr2sr.smd.sex_complement_somalier_metrics	1	1	0	0.5863	1.2e-05	0.00032572222222222225	0.0
OBS08	E2	prod-cand-1703-hg002-bjuice-v2-seqkitfix-20260815T080300Z	15x5	HG002-56db7xrgpanwkk	E2:15x5	4.96	5.17	sentdhiomr2sr.smd.site_mix_contam	1	1	0	18.4653	0.000202	0.00512925	0.004158333333333333
OBS08	E2	prod-cand-1703-hg002-bjuice-v2-seqkitfix-20260815T080300Z	15x5	HG002-56db7xrgpanwkk	E2:15x5	4.96	5.17	sentdhiomr2sr.smd.site_mix_contam_pileups	1	1	0	994.0086	0.039278	1.104454	0.2761777777777778
OBS08	E2	prod-cand-1703-hg002-bjuice-v2-seqkitfix-20260815T080300Z	15x5	HG002-56db7xrgpanwkk	E2:15x5	4.96	5.17	sentmm2ont.na.expansionhunter	1	1	0	43.3556	0.007338	0.19269155555555556	0.07125
OBS08	E2	prod-cand-1703-hg002-bjuice-v2-seqkitfix-20260815T080300Z	15x5	HG002-56db7xrgpanwkk	E2:15x5	4.96	5.17	sentmm2ont.na.expansionhunter_json_to_tsv	1	1	0	0.6831	4e-06	0.00018975	5.555555555555556e-06
OBS08	E2	prod-cand-1703-hg002-bjuice-v2-seqkitfix-20260815T080300Z	15x5	HG002-56db7xrgpanwkk	E2:15x5	4.96	5.17	sentmm2ont.na.sentdhiomr2.altair-v1.1.parse_vcfeval_summary	1	1	0	10.9287	0.00024	0.0060715	6.111111111111111e-05
OBS08	E2	prod-cand-1703-hg002-bjuice-v2-seqkitfix-20260815T080300Z	15x5	HG002-56db7xrgpanwkk	E2:15x5	4.96	5.17	sentmm2ont.na.sentdhiomr2.altair-v1.1.rtg_vcfeval	1	1	0	68.9705	0.012112	0.30653555555555556	0.062158333333333336
OBS08	E2	prod-cand-1703-hg002-bjuice-v2-seqkitfix-20260815T080300Z	15x5	HG002-56db7xrgpanwkk	E2:15x5	4.96	5.17	sentmm2ont.na.sentdhiomr2.bcfstat	1	1	0	18.2063	0.001199	0.03034383333333333	0.005052777777777778
OBS08	E2	prod-cand-1703-hg002-bjuice-v2-seqkitfix-20260815T080300Z	15x5	HG002-56db7xrgpanwkk	E2:15x5	4.96	5.17	sentmm2ont.na.sentdhiomr2.chr1.vep	1	1	0	728.291	0.017422	0.8092122222222223	0.010952777777777778
OBS08	E2	prod-cand-1703-hg002-bjuice-v2-seqkitfix-20260815T080300Z	15x5	HG002-56db7xrgpanwkk	E2:15x5	4.96	5.17	sentmm2ont.na.sentdhiomr2.chr1.vep_input	1	1	0	7.4408	8.2e-05	0.002066888888888889	5.277777777777778e-05
OBS08	E2	prod-cand-1703-hg002-bjuice-v2-seqkitfix-20260815T080300Z	15x5	HG002-56db7xrgpanwkk	E2:15x5	4.96	5.17	sentmm2ont.na.sentdhiomr2.chr10.vep	1	1	0	439.6047	0.018601	0.48844966666666667	0.00039999999999999996
OBS08	E2	prod-cand-1703-hg002-bjuice-v2-seqkitfix-20260815T080300Z	15x5	HG002-56db7xrgpanwkk	E2:15x5	4.96	5.17	sentmm2ont.na.sentdhiomr2.chr10.vep_input	1	1	0	4.4573	4.9e-05	0.0012381388888888889	0.0008777777777777778
OBS08	E2	prod-cand-1703-hg002-bjuice-v2-seqkitfix-20260815T080300Z	15x5	HG002-56db7xrgpanwkk	E2:15x5	4.96	5.17	sentmm2ont.na.sentdhiomr2.chr11.vep	1	1	0	511.0612	0.022437	0.5678457777777778	0.005533333333333334
OBS08	E2	prod-cand-1703-hg002-bjuice-v2-seqkitfix-20260815T080300Z	15x5	HG002-56db7xrgpanwkk	E2:15x5	4.96	5.17	sentmm2ont.na.sentdhiomr2.chr11.vep_input	1	1	0	3.4018	3.7e-05	0.0009449444444444444	0.0
OBS08	E2	prod-cand-1703-hg002-bjuice-v2-seqkitfix-20260815T080300Z	15x5	HG002-56db7xrgpanwkk	E2:15x5	4.96	5.17	sentmm2ont.na.sentdhiomr2.chr12.vep	1	1	0	467.9443	0.020544	0.5199381111111111	0.009388888888888888
OBS08	E2	prod-cand-1703-hg002-bjuice-v2-seqkitfix-20260815T080300Z	15x5	HG002-56db7xrgpanwkk	E2:15x5	4.96	5.17	sentmm2ont.na.sentdhiomr2.chr12.vep_input	1	1	0	4.6024	5.1e-05	0.0012784444444444445	5.555555555555556e-06
OBS08	E2	prod-cand-1703-hg002-bjuice-v2-seqkitfix-20260815T080300Z	15x5	HG002-56db7xrgpanwkk	E2:15x5	4.96	5.17	sentmm2ont.na.sentdhiomr2.chr13.vep	1	1	0	291.8008	0.007357	0.3242231111111111	0.0032083333333333334
OBS08	E2	prod-cand-1703-hg002-bjuice-v2-seqkitfix-20260815T080300Z	15x5	HG002-56db7xrgpanwkk	E2:15x5	4.96	5.17	sentmm2ont.na.sentdhiomr2.chr13.vep_input	1	1	0	4.0345	4.4e-05	0.0011206944444444446	8.333333333333334e-06
OBS08	E2	prod-cand-1703-hg002-bjuice-v2-seqkitfix-20260815T080300Z	15x5	HG002-56db7xrgpanwkk	E2:15x5	4.96	5.17	sentmm2ont.na.sentdhiomr2.chr14.vep	1	1	0	280.4562	0.007071	0.311618	0.005219444444444444
OBS08	E2	prod-cand-1703-hg002-bjuice-v2-seqkitfix-20260815T080300Z	15x5	HG002-56db7xrgpanwkk	E2:15x5	4.96	5.17	sentmm2ont.na.sentdhiomr2.chr14.vep_input	1	1	0	3.1296	3.4e-05	0.0008693333333333333	3.3333333333333335e-05
OBS08	E2	prod-cand-1703-hg002-bjuice-v2-seqkitfix-20260815T080300Z	15x5	HG002-56db7xrgpanwkk	E2:15x5	4.96	5.17	sentmm2ont.na.sentdhiomr2.chr15.vep	1	1	0	293.7666	0.007407	0.3264073333333333	0.006819444444444445
OBS08	E2	prod-cand-1703-hg002-bjuice-v2-seqkitfix-20260815T080300Z	15x5	HG002-56db7xrgpanwkk	E2:15x5	4.96	5.17	sentmm2ont.na.sentdhiomr2.chr15.vep_input	1	1	0	2.434	2.7e-05	0.0006761111111111112	8.333333333333334e-06
OBS08	E2	prod-cand-1703-hg002-bjuice-v2-seqkitfix-20260815T080300Z	15x5	HG002-56db7xrgpanwkk	E2:15x5	4.96	5.17	sentmm2ont.na.sentdhiomr2.chr16.vep	1	1	0	356.5996	0.015656	0.3962217777777778	0.008069444444444445
OBS08	E2	prod-cand-1703-hg002-bjuice-v2-seqkitfix-20260815T080300Z	15x5	HG002-56db7xrgpanwkk	E2:15x5	4.96	5.17	sentmm2ont.na.sentdhiomr2.chr16.vep_input	1	1	0	2.1356	1.5e-05	0.0005932222222222223	0.0002861111111111111
OBS08	E2	prod-cand-1703-hg002-bjuice-v2-seqkitfix-20260815T080300Z	15x5	HG002-56db7xrgpanwkk	E2:15x5	4.96	5.17	sentmm2ont.na.sentdhiomr2.chr17.vep	1	1	0	333.4779	0.014641	0.370531	0.006025
OBS08	E2	prod-cand-1703-hg002-bjuice-v2-seqkitfix-20260815T080300Z	15x5	HG002-56db7xrgpanwkk	E2:15x5	4.96	5.17	sentmm2ont.na.sentdhiomr2.chr17.vep_input	1	1	0	2.9024	1.8e-05	0.0008062222222222223	2.777777777777778e-06
OBS08	E2	prod-cand-1703-hg002-bjuice-v2-seqkitfix-20260815T080300Z	15x5	HG002-56db7xrgpanwkk	E2:15x5	4.96	5.17	sentmm2ont.na.sentdhiomr2.chr18.vep	1	1	0	242.7944	0.006122	0.26977155555555554	0.0033888888888888888
OBS08	E2	prod-cand-1703-hg002-bjuice-v2-seqkitfix-20260815T080300Z	15x5	HG002-56db7xrgpanwkk	E2:15x5	4.96	5.17	sentmm2ont.na.sentdhiomr2.chr18.vep_input	1	1	0	2.7722	3e-05	0.0007700555555555556	0.00043611111111111113
OBS08	E2	prod-cand-1703-hg002-bjuice-v2-seqkitfix-20260815T080300Z	15x5	HG002-56db7xrgpanwkk	E2:15x5	4.96	5.17	sentmm2ont.na.sentdhiomr2.chr19.vep	1	1	0	246.3796	0.006212	0.2737551111111111	0.003133333333333333
OBS08	E2	prod-cand-1703-hg002-bjuice-v2-seqkitfix-20260815T080300Z	15x5	HG002-56db7xrgpanwkk	E2:15x5	4.96	5.17	sentmm2ont.na.sentdhiomr2.chr19.vep_input	1	1	0	2.2825	2.5e-05	0.0006340277777777778	5.555555555555556e-06
OBS08	E2	prod-cand-1703-hg002-bjuice-v2-seqkitfix-20260815T080300Z	15x5	HG002-56db7xrgpanwkk	E2:15x5	4.96	5.17	sentmm2ont.na.sentdhiomr2.chr2.vep	1	1	0	832.3762	0.036544	0.9248624444444445	0.0008027777777777778
OBS08	E2	prod-cand-1703-hg002-bjuice-v2-seqkitfix-20260815T080300Z	15x5	HG002-56db7xrgpanwkk	E2:15x5	4.96	5.17	sentmm2ont.na.sentdhiomr2.chr2.vep_input	1	1	0	4.3501	3e-05	0.0012083611111111112	0.0008833333333333334
OBS08	E2	prod-cand-1703-hg002-bjuice-v2-seqkitfix-20260815T080300Z	15x5	HG002-56db7xrgpanwkk	E2:15x5	4.96	5.17	sentmm2ont.na.sentdhiomr2.chr20.vep	1	1	0	200.498	0.005055	0.22277555555555553	0.0034027777777777776
OBS08	E2	prod-cand-1703-hg002-bjuice-v2-seqkitfix-20260815T080300Z	15x5	HG002-56db7xrgpanwkk	E2:15x5	4.96	5.17	sentmm2ont.na.sentdhiomr2.chr20.vep_input	1	1	0	2.9142	3.2e-05	0.0008095	0.0003972222222222222
OBS08	E2	prod-cand-1703-hg002-bjuice-v2-seqkitfix-20260815T080300Z	15x5	HG002-56db7xrgpanwkk	E2:15x5	4.96	5.17	sentmm2ont.na.sentdhiomr2.chr21.vep	1	1	0	180.2261	0.004544	0.20025122222222222	0.0053972222222222225
OBS08	E2	prod-cand-1703-hg002-bjuice-v2-seqkitfix-20260815T080300Z	15x5	HG002-56db7xrgpanwkk	E2:15x5	4.96	5.17	sentmm2ont.na.sentdhiomr2.chr21.vep_input	1	1	0	1.673	1.8e-05	0.0004647222222222222	0.00015000000000000001
OBS08	E2	prod-cand-1703-hg002-bjuice-v2-seqkitfix-20260815T080300Z	15x5	HG002-56db7xrgpanwkk	E2:15x5	4.96	5.17	sentmm2ont.na.sentdhiomr2.chr22.vep	1	1	0	161.3034	0.004067	0.17922600000000002	0.0019277777777777778
OBS08	E2	prod-cand-1703-hg002-bjuice-v2-seqkitfix-20260815T080300Z	15x5	HG002-56db7xrgpanwkk	E2:15x5	4.96	5.17	sentmm2ont.na.sentdhiomr2.chr22.vep_input	1	1	0	2.24	2.5e-05	0.0006222222222222223	0.0002555555555555556
OBS08	E2	prod-cand-1703-hg002-bjuice-v2-seqkitfix-20260815T080300Z	15x5	HG002-56db7xrgpanwkk	E2:15x5	4.96	5.17	sentmm2ont.na.sentdhiomr2.chr3.vep	1	1	0	749.0829	0.032887	0.8323143333333334	0.011330555555555556
OBS08	E2	prod-cand-1703-hg002-bjuice-v2-seqkitfix-20260815T080300Z	15x5	HG002-56db7xrgpanwkk	E2:15x5	4.96	5.17	sentmm2ont.na.sentdhiomr2.chr3.vep_input	1	1	0	4.5805	5e-05	0.001272361111111111	5.555555555555556e-05
OBS08	E2	prod-cand-1703-hg002-bjuice-v2-seqkitfix-20260815T080300Z	15x5	HG002-56db7xrgpanwkk	E2:15x5	4.96	5.17	sentmm2ont.na.sentdhiomr2.chr4.vep	1	1	0	756.9676	0.033233	0.8410751111111111	0.014477777777777777
OBS08	E2	prod-cand-1703-hg002-bjuice-v2-seqkitfix-20260815T080300Z	15x5	HG002-56db7xrgpanwkk	E2:15x5	4.96	5.17	sentmm2ont.na.sentdhiomr2.chr4.vep_input	1	1	0	6.0912	6.7e-05	0.001692	3.611111111111111e-05
OBS08	E2	prod-cand-1703-hg002-bjuice-v2-seqkitfix-20260815T080300Z	15x5	HG002-56db7xrgpanwkk	E2:15x5	4.96	5.17	sentmm2ont.na.sentdhiomr2.chr5.vep	1	1	0	517.1578	0.013039	0.5746197777777777	0.008416666666666666
OBS08	E2	prod-cand-1703-hg002-bjuice-v2-seqkitfix-20260815T080300Z	15x5	HG002-56db7xrgpanwkk	E2:15x5	4.96	5.17	sentmm2ont.na.sentdhiomr2.chr5.vep_input	1	1	0	6.0646	6.7e-05	0.0016846111111111113	4.722222222222223e-05
OBS08	E2	prod-cand-1703-hg002-bjuice-v2-seqkitfix-20260815T080300Z	15x5	HG002-56db7xrgpanwkk	E2:15x5	4.96	5.17	sentmm2ont.na.sentdhiomr2.chr6.vep	1	1	0	593.3133	0.014959	0.6592370000000001	0.0005722222222222222
OBS08	E2	prod-cand-1703-hg002-bjuice-v2-seqkitfix-20260815T080300Z	15x5	HG002-56db7xrgpanwkk	E2:15x5	4.96	5.17	sentmm2ont.na.sentdhiomr2.chr6.vep_input	1	1	0	5.2535	5.8e-05	0.0014593055555555555	0.0
OBS08	E2	prod-cand-1703-hg002-bjuice-v2-seqkitfix-20260815T080300Z	15x5	HG002-56db7xrgpanwkk	E2:15x5	4.96	5.17	sentmm2ont.na.sentdhiomr2.chr7.vep	1	1	0	560.8881	0.024625	0.623209	0.0008222222222222222
OBS08	E2	prod-cand-1703-hg002-bjuice-v2-seqkitfix-20260815T080300Z	15x5	HG002-56db7xrgpanwkk	E2:15x5	4.96	5.17	sentmm2ont.na.sentdhiomr2.chr7.vep_input	1	1	0	5.4556	6e-05	0.0015154444444444443	3.3333333333333335e-05
OBS08	E2	prod-cand-1703-hg002-bjuice-v2-seqkitfix-20260815T080300Z	15x5	HG002-56db7xrgpanwkk	E2:15x5	4.96	5.17	sentmm2ont.na.sentdhiomr2.chr8.vep	1	1	0	599.5662	0.026323	0.6661846666666666	0.011488888888888889
OBS08	E2	prod-cand-1703-hg002-bjuice-v2-seqkitfix-20260815T080300Z	15x5	HG002-56db7xrgpanwkk	E2:15x5	4.96	5.17	sentmm2ont.na.sentdhiomr2.chr8.vep_input	1	1	0	3.6317	4e-05	0.0010088055555555555	2.777777777777778e-06
OBS08	E2	prod-cand-1703-hg002-bjuice-v2-seqkitfix-20260815T080300Z	15x5	HG002-56db7xrgpanwkk	E2:15x5	4.96	5.17	sentmm2ont.na.sentdhiomr2.chr9.vep	1	1	0	496.8758	0.021814	0.5520842222222222	0.006783333333333334
OBS08	E2	prod-cand-1703-hg002-bjuice-v2-seqkitfix-20260815T080300Z	15x5	HG002-56db7xrgpanwkk	E2:15x5	4.96	5.17	sentmm2ont.na.sentdhiomr2.chr9.vep_input	1	1	0	3.6149	4e-05	0.0010041388888888888	1.388888888888889e-05
OBS08	E2	prod-cand-1703-hg002-bjuice-v2-seqkitfix-20260815T080300Z	15x5	HG002-56db7xrgpanwkk	E2:15x5	4.96	5.17	sentmm2ont.na.sentdhiomr2.chrM.vep	1	1	0	1.0427	2.6e-05	0.0011585555555555555	0.00013333333333333334
OBS08	E2	prod-cand-1703-hg002-bjuice-v2-seqkitfix-20260815T080300Z	15x5	HG002-56db7xrgpanwkk	E2:15x5	4.96	5.17	sentmm2ont.na.sentdhiomr2.chrM.vep_input	1	1	0	0.966	1.1e-05	0.0002683333333333333	0.00014722222222222223
OBS08	E2	prod-cand-1703-hg002-bjuice-v2-seqkitfix-20260815T080300Z	15x5	HG002-56db7xrgpanwkk	E2:15x5	4.96	5.17	sentmm2ont.na.sentdhiomr2.chrX.vep	1	1	0	213.6252	0.009379	0.23736133333333334	0.004522222222222223
OBS08	E2	prod-cand-1703-hg002-bjuice-v2-seqkitfix-20260815T080300Z	15x5	HG002-56db7xrgpanwkk	E2:15x5	4.96	5.17	sentmm2ont.na.sentdhiomr2.chrX.vep_input	1	1	0	1.9043	2.1e-05	0.0005289722222222222	0.00030000000000000003
OBS08	E2	prod-cand-1703-hg002-bjuice-v2-seqkitfix-20260815T080300Z	15x5	HG002-56db7xrgpanwkk	E2:15x5	4.96	5.17	sentmm2ont.na.sentdhiomr2.chrY.vep	1	1	0	8.8105	0.000222	0.009789444444444444	0.00010277777777777778
OBS08	E2	prod-cand-1703-hg002-bjuice-v2-seqkitfix-20260815T080300Z	15x5	HG002-56db7xrgpanwkk	E2:15x5	4.96	5.17	sentmm2ont.na.sentdhiomr2.chrY.vep_input	1	1	0	0.8831	1e-05	0.0002453055555555556	1.1111111111111112e-05
OBS08	E2	prod-cand-1703-hg002-bjuice-v2-seqkitfix-20260815T080300Z	15x5	HG002-56db7xrgpanwkk	E2:15x5	4.96	5.17	sentmm2ont.na.sentdhiomr2.cli-gvcf.altair-v1.1.parse_vcfeval_summary	1	1	0	10.7907	0.000136	0.005994833333333333	8.333333333333334e-06
OBS08	E2	prod-cand-1703-hg002-bjuice-v2-seqkitfix-20260815T080300Z	15x5	HG002-56db7xrgpanwkk	E2:15x5	4.96	5.17	sentmm2ont.na.sentdhiomr2.cli-gvcf.altair-v1.1.rtg_vcfeval	1	1	0	2865.853	0.276568	12.737124444444445	1.7294916666666666
OBS08	E2	prod-cand-1703-hg002-bjuice-v2-seqkitfix-20260815T080300Z	15x5	HG002-56db7xrgpanwkk	E2:15x5	4.96	5.17	sentmm2ont.na.sentdhiomr2.cli-gvcf.clinvar_genes.parse_vcfeval_summary	1	1	0	12.3687	0.000156	0.0068715	8.333333333333334e-06
OBS08	E2	prod-cand-1703-hg002-bjuice-v2-seqkitfix-20260815T080300Z	15x5	HG002-56db7xrgpanwkk	E2:15x5	4.96	5.17	sentmm2ont.na.sentdhiomr2.cli-gvcf.clinvar_genes.rtg_vcfeval	1	1	0	2858.5947	0.275868	12.704865333333334	1.7463527777777776
OBS08	E2	prod-cand-1703-hg002-bjuice-v2-seqkitfix-20260815T080300Z	15x5	HG002-56db7xrgpanwkk	E2:15x5	4.96	5.17	sentmm2ont.na.sentdhiomr2.cli-gvcf.concordance	1	1	0	0.412	2.3e-05	0.0009155555555555555	5.555555555555556e-06
OBS08	E2	prod-cand-1703-hg002-bjuice-v2-seqkitfix-20260815T080300Z	15x5	HG002-56db7xrgpanwkk	E2:15x5	4.96	5.17	sentmm2ont.na.sentdhiomr2.cli-gvcf.giabHC.parse_vcfeval_summary	1	1	0	84.178	0.001007	0.04676555555555555	0.009886111111111113
OBS08	E2	prod-cand-1703-hg002-bjuice-v2-seqkitfix-20260815T080300Z	15x5	HG002-56db7xrgpanwkk	E2:15x5	4.96	5.17	sentmm2ont.na.sentdhiomr2.cli-gvcf.giabHC.rtg_vcfeval	1	1	0	2032.3978	0.226683	9.03287911111111	1.2925250000000001
OBS08	E2	prod-cand-1703-hg002-bjuice-v2-seqkitfix-20260815T080300Z	15x5	HG002-56db7xrgpanwkk	E2:15x5	4.96	5.17	sentmm2ont.na.sentdhiomr2.cli-gvcf.giabHC_x_clinvar_genes.parse_vcfeval_summary	1	1	0	9.9657	0.000126	0.0055365	0.0005777777777777778
OBS08	E2	prod-cand-1703-hg002-bjuice-v2-seqkitfix-20260815T080300Z	15x5	HG002-56db7xrgpanwkk	E2:15x5	4.96	5.17	sentmm2ont.na.sentdhiomr2.cli-gvcf.giabHC_x_clinvar_genes.rtg_vcfeval	1	1	0	2194.3477	0.221304	9.752656444444444	1.3350805555555556
OBS08	E2	prod-cand-1703-hg002-bjuice-v2-seqkitfix-20260815T080300Z	15x5	HG002-56db7xrgpanwkk	E2:15x5	4.96	5.17	sentmm2ont.na.sentdhiomr2.cli-gvcf.giabHC_x_ultima.parse_vcfeval_summary	1	1	0	67.6542	0.000853	0.03758566666666667	0.004716666666666667
OBS08	E2	prod-cand-1703-hg002-bjuice-v2-seqkitfix-20260815T080300Z	15x5	HG002-56db7xrgpanwkk	E2:15x5	4.96	5.17	sentmm2ont.na.sentdhiomr2.cli-gvcf.giabHC_x_ultima.rtg_vcfeval	1	1	0	2133.9114	0.36116	9.484050666666667	1.3402444444444446
OBS08	E2	prod-cand-1703-hg002-bjuice-v2-seqkitfix-20260815T080300Z	15x5	HG002-56db7xrgpanwkk	E2:15x5	4.96	5.17	sentmm2ont.na.sentdhiomr2.cli-gvcf.giabHC_x_ultima_x_clinvar.parse_vcfeval_summary	1	1	0	13.7943	0.000165	0.0076635	0.0009277777777777777
OBS08	E2	prod-cand-1703-hg002-bjuice-v2-seqkitfix-20260815T080300Z	15x5	HG002-56db7xrgpanwkk	E2:15x5	4.96	5.17	sentmm2ont.na.sentdhiomr2.cli-gvcf.giabHC_x_ultima_x_clinvar.rtg_vcfeval	1	1	0	2903.6393	0.280215	12.905063555555556	1.743013888888889
OBS08	E2	prod-cand-1703-hg002-bjuice-v2-seqkitfix-20260815T080300Z	15x5	HG002-56db7xrgpanwkk	E2:15x5	4.96	5.17	sentmm2ont.na.sentdhiomr2.cli-gvcf.giabHCv5q.parse_vcfeval_summary	1	1	0	105.1722	0.001258	0.058429	0.00673888888888889
OBS08	E2	prod-cand-1703-hg002-bjuice-v2-seqkitfix-20260815T080300Z	15x5	HG002-56db7xrgpanwkk	E2:15x5	4.96	5.17	sentmm2ont.na.sentdhiomr2.cli-gvcf.giabHCv5q.rtg_vcfeval	1	1	0	2302.6733	0.389722	10.234103555555555	2.777777777777778e-06
OBS08	E2	prod-cand-1703-hg002-bjuice-v2-seqkitfix-20260815T080300Z	15x5	HG002-56db7xrgpanwkk	E2:15x5	4.96	5.17	sentmm2ont.na.sentdhiomr2.cli-gvcf.hg38.parse_vcfeval_summary	1	1	0	91.3908	0.001152	0.05077266666666667	0.001911111111111111
OBS08	E2	prod-cand-1703-hg002-bjuice-v2-seqkitfix-20260815T080300Z	15x5	HG002-56db7xrgpanwkk	E2:15x5	4.96	5.17	sentmm2ont.na.sentdhiomr2.cli-gvcf.hg38.rtg_vcfeval	1	1	0	2182.3127	0.369351	9.699167555555555	1.3680361111111112
OBS08	E2	prod-cand-1703-hg002-bjuice-v2-seqkitfix-20260815T080300Z	15x5	HG002-56db7xrgpanwkk	E2:15x5	4.96	5.17	sentmm2ont.na.sentdhiomr2.cli-gvcf.hg38_m_giabHC.parse_vcfeval_summary	1	1	0	35.5051	0.000425	0.019725055555555555	0.0001888888888888889
OBS08	E2	prod-cand-1703-hg002-bjuice-v2-seqkitfix-20260815T080300Z	15x5	HG002-56db7xrgpanwkk	E2:15x5	4.96	5.17	sentmm2ont.na.sentdhiomr2.cli-gvcf.hg38_m_giabHC.rtg_vcfeval	1	1	0	2190.2168	0.35483	9.73429688888889	1.3458694444444446
OBS08	E2	prod-cand-1703-hg002-bjuice-v2-seqkitfix-20260815T080300Z	15x5	HG002-56db7xrgpanwkk	E2:15x5	4.96	5.17	sentmm2ont.na.sentdhiomr2.cli-gvcf.ultima.parse_vcfeval_summary	1	1	0	75.6244	0.000953	0.042013555555555554	0.004208333333333333
OBS08	E2	prod-cand-1703-hg002-bjuice-v2-seqkitfix-20260815T080300Z	15x5	HG002-56db7xrgpanwkk	E2:15x5	4.96	5.17	sentmm2ont.na.sentdhiomr2.cli-gvcf.ultima.rtg_vcfeval	1	1	0	2146.9436	0.34782	9.541971555555556	1.3677694444444446
OBS08	E2	prod-cand-1703-hg002-bjuice-v2-seqkitfix-20260815T080300Z	15x5	HG002-56db7xrgpanwkk	E2:15x5	4.96	5.17	sentmm2ont.na.sentdhiomr2.clinvar_genes.parse_vcfeval_summary	1	1	0	12.4761	0.000274	0.006931166666666667	2.777777777777778e-06
OBS08	E2	prod-cand-1703-hg002-bjuice-v2-seqkitfix-20260815T080300Z	15x5	HG002-56db7xrgpanwkk	E2:15x5	4.96	5.17	sentmm2ont.na.sentdhiomr2.clinvar_genes.rtg_vcfeval	1	1	0	68.9932	0.012116	0.30663644444444443	0.06268055555555556
OBS08	E2	prod-cand-1703-hg002-bjuice-v2-seqkitfix-20260815T080300Z	15x5	HG002-56db7xrgpanwkk	E2:15x5	4.96	5.17	sentmm2ont.na.sentdhiomr2.concordance	1	1	0	0.3774	2.1e-05	0.0008386666666666667	2.777777777777778e-06
OBS08	E2	prod-cand-1703-hg002-bjuice-v2-seqkitfix-20260815T080300Z	15x5	HG002-56db7xrgpanwkk	E2:15x5	4.96	5.17	sentmm2ont.na.sentdhiomr2.giabHC.parse_vcfeval_summary	1	1	0	58.0334	0.000732	0.03224077777777778	0.005358333333333333
OBS08	E2	prod-cand-1703-hg002-bjuice-v2-seqkitfix-20260815T080300Z	15x5	HG002-56db7xrgpanwkk	E2:15x5	4.96	5.17	sentmm2ont.na.sentdhiomr2.giabHC.rtg_vcfeval	1	1	0	88.6935	0.015576	0.39419333333333334	0.13448055555555555
OBS08	E2	prod-cand-1703-hg002-bjuice-v2-seqkitfix-20260815T080300Z	15x5	HG002-56db7xrgpanwkk	E2:15x5	4.96	5.17	sentmm2ont.na.sentdhiomr2.giabHC_x_clinvar_genes.parse_vcfeval_summary	1	1	0	10.509	0.000231	0.005838333333333333	8.333333333333334e-06
OBS08	E2	prod-cand-1703-hg002-bjuice-v2-seqkitfix-20260815T080300Z	15x5	HG002-56db7xrgpanwkk	E2:15x5	4.96	5.17	sentmm2ont.na.sentdhiomr2.giabHC_x_clinvar_genes.rtg_vcfeval	1	1	0	68.3498	0.012003	0.3037768888888889	0.06148888888888889
OBS08	E2	prod-cand-1703-hg002-bjuice-v2-seqkitfix-20260815T080300Z	15x5	HG002-56db7xrgpanwkk	E2:15x5	4.96	5.17	sentmm2ont.na.sentdhiomr2.giabHC_x_ultima.parse_vcfeval_summary	1	1	0	72.8725	0.0016	0.04048472222222222	0.004302777777777778
OBS08	E2	prod-cand-1703-hg002-bjuice-v2-seqkitfix-20260815T080300Z	15x5	HG002-56db7xrgpanwkk	E2:15x5	4.96	5.17	sentmm2ont.na.sentdhiomr2.giabHC_x_ultima.rtg_vcfeval	1	1	0	75.3076	0.013225	0.3347004444444444	0.07132777777777777
OBS08	E2	prod-cand-1703-hg002-bjuice-v2-seqkitfix-20260815T080300Z	15x5	HG002-56db7xrgpanwkk	E2:15x5	4.96	5.17	sentmm2ont.na.sentdhiomr2.giabHC_x_ultima_x_clinvar.parse_vcfeval_summary	1	1	0	12.5092	0.000275	0.006949555555555555	5.555555555555556e-06
OBS08	E2	prod-cand-1703-hg002-bjuice-v2-seqkitfix-20260815T080300Z	15x5	HG002-56db7xrgpanwkk	E2:15x5	4.96	5.17	sentmm2ont.na.sentdhiomr2.giabHC_x_ultima_x_clinvar.rtg_vcfeval	1	1	0	59.8171	0.010124	0.2658537777777778	0.05899444444444445
OBS08	E2	prod-cand-1703-hg002-bjuice-v2-seqkitfix-20260815T080300Z	15x5	HG002-56db7xrgpanwkk	E2:15x5	4.96	5.17	sentmm2ont.na.sentdhiomr2.giabHCv5q.parse_vcfeval_summary	1	1	0	73.3709	0.000925	0.040761611111111117	0.0047666666666666664
OBS08	E2	prod-cand-1703-hg002-bjuice-v2-seqkitfix-20260815T080300Z	15x5	HG002-56db7xrgpanwkk	E2:15x5	4.96	5.17	sentmm2ont.na.sentdhiomr2.giabHCv5q.rtg_vcfeval	1	1	0	997.4947	0.175171	4.433309777777778	0.3854138888888889
OBS08	E2	prod-cand-1703-hg002-bjuice-v2-seqkitfix-20260815T080300Z	15x5	HG002-56db7xrgpanwkk	E2:15x5	4.96	5.17	sentmm2ont.na.sentdhiomr2.hg38.parse_vcfeval_summary	1	1	0	102.1854	0.002243	0.05676966666666667	0.005530555555555556
OBS08	E2	prod-cand-1703-hg002-bjuice-v2-seqkitfix-20260815T080300Z	15x5	HG002-56db7xrgpanwkk	E2:15x5	4.96	5.17	sentmm2ont.na.sentdhiomr2.hg38.rtg_vcfeval	1	1	0	98.7641	0.017344	0.43895155555555554	0.0
OBS08	E2	prod-cand-1703-hg002-bjuice-v2-seqkitfix-20260815T080300Z	15x5	HG002-56db7xrgpanwkk	E2:15x5	4.96	5.17	sentmm2ont.na.sentdhiomr2.hg38_m_giabHC.parse_vcfeval_summary	1	1	0	24.3459	0.000534	0.0135255	0.0012166666666666667
OBS08	E2	prod-cand-1703-hg002-bjuice-v2-seqkitfix-20260815T080300Z	15x5	HG002-56db7xrgpanwkk	E2:15x5	4.96	5.17	sentmm2ont.na.sentdhiomr2.hg38_m_giabHC.rtg_vcfeval	1	1	0	60.2684	0.0102	0.2678595555555556	0.060005555555555555
OBS08	E2	prod-cand-1703-hg002-bjuice-v2-seqkitfix-20260815T080300Z	15x5	HG002-56db7xrgpanwkk	E2:15x5	4.96	5.17	sentmm2ont.na.sentdhiomr2.peddy	1	1	0	6.2668	0.000275	0.006963111111111111	0.0010805555555555555
OBS08	E2	prod-cand-1703-hg002-bjuice-v2-seqkitfix-20260815T080300Z	15x5	HG002-56db7xrgpanwkk	E2:15x5	4.96	5.17	sentmm2ont.na.sentdhiomr2.rtgvcfstats	1	1	0	29.6673	0.000651	0.016481833333333334	0.006277777777777778
OBS08	E2	prod-cand-1703-hg002-bjuice-v2-seqkitfix-20260815T080300Z	15x5	HG002-56db7xrgpanwkk	E2:15x5	4.96	5.17	sentmm2ont.na.sentdhiomr2.ultima.parse_vcfeval_summary	1	1	0	81.1347	0.001781	0.04507483333333333	0.0005083333333333334
OBS08	E2	prod-cand-1703-hg002-bjuice-v2-seqkitfix-20260815T080300Z	15x5	HG002-56db7xrgpanwkk	E2:15x5	4.96	5.17	sentmm2ont.na.sentdhiomr2.ultima.rtg_vcfeval	1	1	0	77.8064	0.013664	0.3458062222222222	1.6666666666666667e-05
OBS08	E2	prod-cand-1703-hg002-bjuice-v2-seqkitfix-20260815T080300Z	15x5	HG002-56db7xrgpanwkk	E2:15x5	4.96	5.17	sentmm2ont.na.sentdhiomr2.vep_concat	1	1	0	49.7821	0.002776	0.11062688888888889	0.00295
OBS08	E2	prod-cand-1703-hg002-bjuice-v2-seqkitfix-20260815T080300Z	15x5	HG002-56db7xrgpanwkk	E2:15x5	4.96	5.17	sentmm2ont.na.sentdhiomr2.vep_concat_fofn	1	1	0	0.1488	1e-06	4.133333333333333e-05	0.0
OBS08	E2	prod-cand-1703-hg002-bjuice-v2-seqkitfix-20260815T080300Z	15x5	HG002-56db7xrgpanwkk	E2:15x5	4.96	5.17	sentmm2ont.na.sentdhiomr2.vep_validate_input_contigs	1	1	0	0.7695	6e-06	0.00021375	0.0
OBS08	E2	prod-cand-1703-hg002-bjuice-v2-seqkitfix-20260815T080300Z	15x5	HG002-56db7xrgpanwkk	E2:15x5	4.96	5.17	seqfu	1	1	0	915.1334	0.054242	1.5252223333333335	0.875136111111111
OBS08	E2	prod-cand-1703-hg002-bjuice-v2-seqkitfix-20260815T080300Z	15x5	HG002-56db7xrgpanwkk	E2:15x5	4.96	5.17	snv_vcf.vcf-sv-stats	1	1	0	257.4809	0.005652	0.14304494444444446	0.07052777777777777
OBS08	E2	prod-cand-1703-hg002-bjuice-v2-seqkitfix-20260815T080300Z	15x5	HG002-56db7xrgpanwkk	E2:15x5	4.96	5.17	source_reheadered_cnvscope_vcf.vcf-sv-stats	1	1	0	2.0473	4.5e-05	0.0011373888888888887	6.666666666666667e-05
OBS08	E2	prod-cand-1703-hg002-bjuice-v2-seqkitfix-20260815T080300Z	15x5	HG002-56db7xrgpanwkk	E2:15x5	4.96	5.17	synthetic_smn_vcf.vcf-sv-stats	1	1	0	1.4193	1.8e-05	0.0007885	7.222222222222222e-05
OBS08	E2	prod-cand-1703-hg002-bjuice-v2-seqkitfix-20260815T080300Z	15x5	HG002-56db7xrgpanwkk	E2:15x5	4.96	5.17	tagged_cnv_vcf.vcf-sv-stats	1	1	0	0.9287	1.2e-05	0.0005159444444444444	1.6666666666666667e-05
OBS08	E2	prod-cand-1703-hg002-bjuice-v2-seqkitfix-20260815T080300Z	15x5	HG002-56db7xrgpanwkk	E2:15x5	4.96	5.17	tagged_sv_vcf.vcf-sv-stats	1	1	0	2.3822	5.2e-05	0.0013234444444444446	0.0004694444444444444
OBS08	E2	prod-cand-1703-hg002-bjuice-v2-seqkitfix-20260815T080300Z	15x5	HG002-56db7xrgpanwkk	E2:15x5	4.96	5.17	untagged_trussv_vcf.vcf-sv-stats	1	1	0	2.6194	3.3e-05	0.0014552222222222223	0.0004111111111111111
OBS09	E2	prod-cand-1703-hg002-bjuice-v2-seqkitfix-20260815T080300Z	15x10	HG002-p2tc9mz7wbv628	E2:15x10	5.47	10.05	expansionhunter_vcf.vcf-sv-stats	1	1	0	0.8964	2e-05	0.000498	2.777777777777778e-05
OBS09	E2	prod-cand-1703-hg002-bjuice-v2-seqkitfix-20260815T080300Z	15x10	HG002-p2tc9mz7wbv628	E2:15x10	5.47	10.05	fastqc	1	1	0	688.2154	0.115356	3.0587351111111114	0.27142499999999997
OBS09	E2	prod-cand-1703-hg002-bjuice-v2-seqkitfix-20260815T080300Z	15x10	HG002-p2tc9mz7wbv628	E2:15x10	5.47	10.05	mitochondrial_vcf.vcf-sv-stats	1	1	0	2.0457	4.5e-05	0.0011365000000000001	6.944444444444444e-05
OBS09	E2	prod-cand-1703-hg002-bjuice-v2-seqkitfix-20260815T080300Z	15x10	HG002-p2tc9mz7wbv628	E2:15x10	5.47	10.05	normalized_longreadsv_vcf.vcf-sv-stats	1	1	0	5.9018	0.00013	0.0032787777777777776	0.00045277777777777775
OBS09	E2	prod-cand-1703-hg002-bjuice-v2-seqkitfix-20260815T080300Z	15x10	HG002-p2tc9mz7wbv628	E2:15x10	5.47	10.05	normalized_sniffles2_vcf.vcf-sv-stats	1	1	0	3.5886	7.1e-05	0.0019936666666666666	0.00022777777777777775
OBS09	E2	prod-cand-1703-hg002-bjuice-v2-seqkitfix-20260815T080300Z	15x10	HG002-p2tc9mz7wbv628	E2:15x10	5.47	10.05	normalized_tiddit_vcf.vcf-sv-stats	1	1	0	1.4702	2e-05	0.0008167777777777777	0.00016388888888888887
OBS09	E2	prod-cand-1703-hg002-bjuice-v2-seqkitfix-20260815T080300Z	15x10	HG002-p2tc9mz7wbv628	E2:15x10	5.47	10.05	segdup_CFH_vcf.vcf-sv-stats	1	1	0	0.7859	1e-05	0.00043661111111111114	3.888888888888889e-05
OBS09	E2	prod-cand-1703-hg002-bjuice-v2-seqkitfix-20260815T080300Z	15x10	HG002-p2tc9mz7wbv628	E2:15x10	5.47	10.05	segdup_CYP11B1_vcf.vcf-sv-stats	1	1	0	1.6889	3.7e-05	0.0009382777777777778	7.777777777777778e-05
OBS09	E2	prod-cand-1703-hg002-bjuice-v2-seqkitfix-20260815T080300Z	15x10	HG002-p2tc9mz7wbv628	E2:15x10	5.47	10.05	segdup_CYP2A6_vcf.vcf-sv-stats	1	1	0	1.7639	3.9e-05	0.0009799444444444445	7.777777777777778e-05
OBS09	E2	prod-cand-1703-hg002-bjuice-v2-seqkitfix-20260815T080300Z	15x10	HG002-p2tc9mz7wbv628	E2:15x10	5.47	10.05	segdup_CYP2B6_vcf.vcf-sv-stats	1	1	0	0.9289	2e-05	0.0005160555555555555	2.777777777777778e-05
OBS09	E2	prod-cand-1703-hg002-bjuice-v2-seqkitfix-20260815T080300Z	15x10	HG002-p2tc9mz7wbv628	E2:15x10	5.47	10.05	segdup_CYP2D6_vcf.vcf-sv-stats	1	1	0	1.2415	2.7e-05	0.0006897222222222222	7.222222222222222e-05
OBS09	E2	prod-cand-1703-hg002-bjuice-v2-seqkitfix-20260815T080300Z	15x10	HG002-p2tc9mz7wbv628	E2:15x10	5.47	10.05	segdup_GBA1_vcf.vcf-sv-stats	1	1	0	0.889	2e-05	0.0004938888888888889	2.4999999999999998e-05
OBS09	E2	prod-cand-1703-hg002-bjuice-v2-seqkitfix-20260815T080300Z	15x10	HG002-p2tc9mz7wbv628	E2:15x10	5.47	10.05	segdup_HBA_vcf.vcf-sv-stats	1	1	0	0.9979	1.3e-05	0.0005543888888888889	2.777777777777778e-05
OBS09	E2	prod-cand-1703-hg002-bjuice-v2-seqkitfix-20260815T080300Z	15x10	HG002-p2tc9mz7wbv628	E2:15x10	5.47	10.05	segdup_NCF1_vcf.vcf-sv-stats	1	1	0	1.4106	2.9e-05	0.0007836666666666667	5.833333333333333e-05
OBS09	E2	prod-cand-1703-hg002-bjuice-v2-seqkitfix-20260815T080300Z	15x10	HG002-p2tc9mz7wbv628	E2:15x10	5.47	10.05	segdup_OTOA_vcf.vcf-sv-stats	1	1	0	0.9089	2e-05	0.0005049444444444445	2.2222222222222223e-05
OBS09	E2	prod-cand-1703-hg002-bjuice-v2-seqkitfix-20260815T080300Z	15x10	HG002-p2tc9mz7wbv628	E2:15x10	5.47	10.05	segdup_PMS2_vcf.vcf-sv-stats	1	1	0	1.0653	2.2e-05	0.0005918333333333333	5.555555555555556e-06
OBS09	E2	prod-cand-1703-hg002-bjuice-v2-seqkitfix-20260815T080300Z	15x10	HG002-p2tc9mz7wbv628	E2:15x10	5.47	10.05	segdup_RCCX1_vcf.vcf-sv-stats	1	1	0	0.8017	1.6e-05	0.0004453888888888889	3.611111111111111e-05
OBS09	E2	prod-cand-1703-hg002-bjuice-v2-seqkitfix-20260815T080300Z	15x10	HG002-p2tc9mz7wbv628	E2:15x10	5.47	10.05	segdup_RHD_vcf.vcf-sv-stats	1	1	0	0.7935	1.6e-05	0.00044083333333333333	3.888888888888889e-05
OBS09	E2	prod-cand-1703-hg002-bjuice-v2-seqkitfix-20260815T080300Z	15x10	HG002-p2tc9mz7wbv628	E2:15x10	5.47	10.05	segdup_SBDS_vcf.vcf-sv-stats	1	1	0	1.0249	2.1e-05	0.0005693888888888888	2.4999999999999998e-05
OBS09	E2	prod-cand-1703-hg002-bjuice-v2-seqkitfix-20260815T080300Z	15x10	HG002-p2tc9mz7wbv628	E2:15x10	5.47	10.05	segdup_SMN1_vcf.vcf-sv-stats	1	1	0	0.7799	1.6e-05	0.0004332777777777778	3.888888888888889e-05
OBS09	E2	prod-cand-1703-hg002-bjuice-v2-seqkitfix-20260815T080300Z	15x10	HG002-p2tc9mz7wbv628	E2:15x10	5.47	10.05	segdup_STRC_vcf.vcf-sv-stats	1	1	0	0.8545	1.9e-05	0.00047472222222222224	3.0555555555555554e-05
OBS09	E2	prod-cand-1703-hg002-bjuice-v2-seqkitfix-20260815T080300Z	15x10	HG002-p2tc9mz7wbv628	E2:15x10	5.47	10.05	sentdhiomr2.command-manifest	1	1	0	0.9361	0.001315	0.03328355555555556	2.777777777777778e-06
OBS09	E2	prod-cand-1703-hg002-bjuice-v2-seqkitfix-20260815T080300Z	15x10	HG002-p2tc9mz7wbv628	E2:15x10	5.47	10.05	sentdhiomr2.five-chromosome-hard-vcf	1	1	0	96.9716	0.136234	3.447879111111111	0.01965277777777778
OBS09	E2	prod-cand-1703-hg002-bjuice-v2-seqkitfix-20260815T080300Z	15x10	HG002-p2tc9mz7wbv628	E2:15x10	5.47	10.05	sentdhiomr2.hybrid-cli172i-core	1	1	0	7345.5633	9.288193	261.175584	0.01536111111111111
OBS09	E2	prod-cand-1703-hg002-bjuice-v2-seqkitfix-20260815T080300Z	15x10	HG002-p2tc9mz7wbv628	E2:15x10	5.47	10.05	sentdhiomr2.hybrid-cli172i-finalize-1	1	1	0	595.5427	0.024956	0.6617141111111111	0.02644722222222222
OBS09	E2	prod-cand-1703-hg002-bjuice-v2-seqkitfix-20260815T080300Z	15x10	HG002-p2tc9mz7wbv628	E2:15x10	5.47	10.05	sentdhiomr2.hybrid-cli172i-finalize-10	1	1	0	350.7064	0.014696	0.38967377777777773	0.015530555555555554
OBS09	E2	prod-cand-1703-hg002-bjuice-v2-seqkitfix-20260815T080300Z	15x10	HG002-p2tc9mz7wbv628	E2:15x10	5.47	10.05	sentdhiomr2.hybrid-cli172i-finalize-11	1	1	0	354.9734	0.014135	0.3944148888888889	0.014305555555555556
OBS09	E2	prod-cand-1703-hg002-bjuice-v2-seqkitfix-20260815T080300Z	15x10	HG002-p2tc9mz7wbv628	E2:15x10	5.47	10.05	sentdhiomr2.hybrid-cli172i-finalize-12	1	1	0	363.3222	0.015225	0.40369133333333335	0.011830555555555556
OBS09	E2	prod-cand-1703-hg002-bjuice-v2-seqkitfix-20260815T080300Z	15x10	HG002-p2tc9mz7wbv628	E2:15x10	5.47	10.05	sentdhiomr2.hybrid-cli172i-finalize-13	1	1	0	264.062	0.010515	0.29340222222222223	0.00993888888888889
OBS09	E2	prod-cand-1703-hg002-bjuice-v2-seqkitfix-20260815T080300Z	15x10	HG002-p2tc9mz7wbv628	E2:15x10	5.47	10.05	sentdhiomr2.hybrid-cli172i-finalize-14	1	1	0	242.2986	0.009648	0.26922066666666666	0.006452777777777778
OBS09	E2	prod-cand-1703-hg002-bjuice-v2-seqkitfix-20260815T080300Z	15x10	HG002-p2tc9mz7wbv628	E2:15x10	5.47	10.05	sentdhiomr2.hybrid-cli172i-finalize-15	1	1	0	217.2044	0.006063	0.2413382222222222	0.004469444444444444
OBS09	E2	prod-cand-1703-hg002-bjuice-v2-seqkitfix-20260815T080300Z	15x10	HG002-p2tc9mz7wbv628	E2:15x10	5.47	10.05	sentdhiomr2.hybrid-cli172i-finalize-16	1	1	0	222.0728	0.009306	0.24674755555555555	0.0033000000000000004
OBS09	E2	prod-cand-1703-hg002-bjuice-v2-seqkitfix-20260815T080300Z	15x10	HG002-p2tc9mz7wbv628	E2:15x10	5.47	10.05	sentdhiomr2.hybrid-cli172i-finalize-17	1	1	0	232.9773	0.009763	0.25886366666666666	0.008475
OBS09	E2	prod-cand-1703-hg002-bjuice-v2-seqkitfix-20260815T080300Z	15x10	HG002-p2tc9mz7wbv628	E2:15x10	5.47	10.05	sentdhiomr2.hybrid-cli172i-finalize-18	1	1	0	274.3254	0.012003	0.304806	0.006994444444444445
OBS09	E2	prod-cand-1703-hg002-bjuice-v2-seqkitfix-20260815T080300Z	15x10	HG002-p2tc9mz7wbv628	E2:15x10	5.47	10.05	sentdhiomr2.hybrid-cli172i-finalize-19	1	1	0	208.8072	0.009136	0.232008	0.005705555555555556
OBS09	E2	prod-cand-1703-hg002-bjuice-v2-seqkitfix-20260815T080300Z	15x10	HG002-p2tc9mz7wbv628	E2:15x10	5.47	10.05	sentdhiomr2.hybrid-cli172i-finalize-2	1	1	0	901.4441	0.039442	1.0016045555555557	0.03340833333333333
OBS09	E2	prod-cand-1703-hg002-bjuice-v2-seqkitfix-20260815T080300Z	15x10	HG002-p2tc9mz7wbv628	E2:15x10	5.47	10.05	sentdhiomr2.hybrid-cli172i-finalize-20	1	1	0	233.487	0.010216	0.25943	0.008019444444444445
OBS09	E2	prod-cand-1703-hg002-bjuice-v2-seqkitfix-20260815T080300Z	15x10	HG002-p2tc9mz7wbv628	E2:15x10	5.47	10.05	sentdhiomr2.hybrid-cli172i-finalize-21	1	1	0	108.6697	0.004554	0.12074411111111112	0.003941666666666666
OBS09	E2	prod-cand-1703-hg002-bjuice-v2-seqkitfix-20260815T080300Z	15x10	HG002-p2tc9mz7wbv628	E2:15x10	5.47	10.05	sentdhiomr2.hybrid-cli172i-finalize-22	1	1	0	109.7169	0.003062	0.12190766666666666	0.0038444444444444446
OBS09	E2	prod-cand-1703-hg002-bjuice-v2-seqkitfix-20260815T080300Z	15x10	HG002-p2tc9mz7wbv628	E2:15x10	5.47	10.05	sentdhiomr2.hybrid-cli172i-finalize-23	1	1	0	364.7074	0.015958	0.40523044444444445	0.011891666666666667
OBS09	E2	prod-cand-1703-hg002-bjuice-v2-seqkitfix-20260815T080300Z	15x10	HG002-p2tc9mz7wbv628	E2:15x10	5.47	10.05	sentdhiomr2.hybrid-cli172i-finalize-24	1	1	0	53.1604	0.002117	0.05906711111111111	0.009366666666666666
OBS09	E2	prod-cand-1703-hg002-bjuice-v2-seqkitfix-20260815T080300Z	15x10	HG002-p2tc9mz7wbv628	E2:15x10	5.47	10.05	sentdhiomr2.hybrid-cli172i-finalize-25	1	1	0	5.8737	0.000164	0.006526333333333334	0.00010277777777777778
OBS09	E2	prod-cand-1703-hg002-bjuice-v2-seqkitfix-20260815T080300Z	15x10	HG002-p2tc9mz7wbv628	E2:15x10	5.47	10.05	sentdhiomr2.hybrid-cli172i-finalize-3	1	1	0	495.1645	0.013821	0.5501827777777778	0.016391666666666665
OBS09	E2	prod-cand-1703-hg002-bjuice-v2-seqkitfix-20260815T080300Z	15x10	HG002-p2tc9mz7wbv628	E2:15x10	5.47	10.05	sentdhiomr2.hybrid-cli172i-finalize-4	1	1	0	681.7171	0.029828	0.7574634444444444	0.0
OBS09	E2	prod-cand-1703-hg002-bjuice-v2-seqkitfix-20260815T080300Z	15x10	HG002-p2tc9mz7wbv628	E2:15x10	5.47	10.05	sentdhiomr2.hybrid-cli172i-finalize-5	1	1	0	458.1571	0.019199	0.5090634444444445	0.01608888888888889
OBS09	E2	prod-cand-1703-hg002-bjuice-v2-seqkitfix-20260815T080300Z	15x10	HG002-p2tc9mz7wbv628	E2:15x10	5.47	10.05	sentdhiomr2.hybrid-cli172i-finalize-6	1	1	0	572.135	0.025034	0.6357055555555555	0.021891666666666667
OBS09	E2	prod-cand-1703-hg002-bjuice-v2-seqkitfix-20260815T080300Z	15x10	HG002-p2tc9mz7wbv628	E2:15x10	5.47	10.05	sentdhiomr2.hybrid-cli172i-finalize-7	1	1	0	419.5953	0.016708	0.466217	0.01613888888888889
OBS09	E2	prod-cand-1703-hg002-bjuice-v2-seqkitfix-20260815T080300Z	15x10	HG002-p2tc9mz7wbv628	E2:15x10	5.47	10.05	sentdhiomr2.hybrid-cli172i-finalize-8	1	1	0	379.6502	0.015118	0.4218335555555555	0.01706111111111111
OBS09	E2	prod-cand-1703-hg002-bjuice-v2-seqkitfix-20260815T080300Z	15x10	HG002-p2tc9mz7wbv628	E2:15x10	5.47	10.05	sentdhiomr2.hybrid-cli172i-finalize-9	1	1	0	318.7306	0.012692	0.3541451111111111	0.014444444444444444
OBS09	E2	prod-cand-1703-hg002-bjuice-v2-seqkitfix-20260815T080300Z	15x10	HG002-p2tc9mz7wbv628	E2:15x10	5.47	10.05	sentdhiomr2.hybrid-cli172i-gather	1	1	0	401.9996	0.032563	0.8933324444444444	0.0001722222222222222
OBS09	E2	prod-cand-1703-hg002-bjuice-v2-seqkitfix-20260815T080300Z	15x10	HG002-p2tc9mz7wbv628	E2:15x10	5.47	10.05	sentdhiomr2.inflection-analytical-ancillary	1	1	0	1.1706	0.001517	0.04162133333333334	3.0555555555555554e-05
OBS09	E2	prod-cand-1703-hg002-bjuice-v2-seqkitfix-20260815T080300Z	15x10	HG002-p2tc9mz7wbv628	E2:15x10	5.47	10.05	sentdhiomr2.inflection-multiqc-stage	1	1	0	47.8532	0.000378	0.013292555555555556	0.012477777777777779
OBS09	E2	prod-cand-1703-hg002-bjuice-v2-seqkitfix-20260815T080300Z	15x10	HG002-p2tc9mz7wbv628	E2:15x10	5.47	10.05	sentdhiomr2.inflection-multiqc	1	1	0	40.7585	0.000224	0.011321805555555555	0.0035416666666666665
OBS09	E2	prod-cand-1703-hg002-bjuice-v2-seqkitfix-20260815T080300Z	15x10	HG002-p2tc9mz7wbv628	E2:15x10	5.47	10.05	sentdhiomr2.mito	1	1	0	60.5888	0.08542	2.1542684444444444	0.003669444444444445
OBS09	E2	prod-cand-1703-hg002-bjuice-v2-seqkitfix-20260815T080300Z	15x10	HG002-p2tc9mz7wbv628	E2:15x10	5.47	10.05	sentdhiomr2.normalize-smn12	1	1	0	0.1884	1e-06	5.2333333333333336e-05	0.0
OBS09	E2	prod-cand-1703-hg002-bjuice-v2-seqkitfix-20260815T080300Z	15x10	HG002-p2tc9mz7wbv628	E2:15x10	5.47	10.05	sentdhiomr2.roh_upd	1	1	0	580.162	0.815063	20.627982222222222	0.15814444444444445
OBS09	E2	prod-cand-1703-hg002-bjuice-v2-seqkitfix-20260815T080300Z	15x10	HG002-p2tc9mz7wbv628	E2:15x10	5.47	10.05	sentdhiomr2.rsr-publish	1	1	0	8.82	7e-05	0.00245	0.0007527777777777778
OBS09	E2	prod-cand-1703-hg002-bjuice-v2-seqkitfix-20260815T080300Z	15x10	HG002-p2tc9mz7wbv628	E2:15x10	5.47	10.05	sentdhiomr2.scope	1	1	0	0.7456	6e-06	0.00020711111111111112	0.0
OBS09	E2	prod-cand-1703-hg002-bjuice-v2-seqkitfix-20260815T080300Z	15x10	HG002-p2tc9mz7wbv628	E2:15x10	5.47	10.05	sentdhiomr2.segdup.CFH	1	1	0	314.2687	0.254418	11.173998222222224	0.036894444444444445
OBS09	E2	prod-cand-1703-hg002-bjuice-v2-seqkitfix-20260815T080300Z	15x10	HG002-p2tc9mz7wbv628	E2:15x10	5.47	10.05	sentdhiomr2.segdup.CYP11B1	1	1	0	204.2202	0.27651	7.261162666666666	0.019225
OBS09	E2	prod-cand-1703-hg002-bjuice-v2-seqkitfix-20260815T080300Z	15x10	HG002-p2tc9mz7wbv628	E2:15x10	5.47	10.05	sentdhiomr2.segdup.CYP2A6	1	1	0	177.8472	0.249856	6.323455999999999	0.012002777777777779
OBS09	E2	prod-cand-1703-hg002-bjuice-v2-seqkitfix-20260815T080300Z	15x10	HG002-p2tc9mz7wbv628	E2:15x10	5.47	10.05	sentdhiomr2.segdup.CYP2B6	1	1	0	207.027	0.280311	7.3609599999999995	0.021022222222222223
OBS09	E2	prod-cand-1703-hg002-bjuice-v2-seqkitfix-20260815T080300Z	15x10	HG002-p2tc9mz7wbv628	E2:15x10	5.47	10.05	sentdhiomr2.segdup.CYP2D6	1	1	0	185.1096	0.260058	6.581674666666666	0.00823611111111111
OBS09	E2	prod-cand-1703-hg002-bjuice-v2-seqkitfix-20260815T080300Z	15x10	HG002-p2tc9mz7wbv628	E2:15x10	5.47	10.05	sentdhiomr2.segdup.GBA	1	1	0	324.4149	0.455767	11.534752	0.050930555555555555
OBS09	E2	prod-cand-1703-hg002-bjuice-v2-seqkitfix-20260815T080300Z	15x10	HG002-p2tc9mz7wbv628	E2:15x10	5.47	10.05	sentdhiomr2.segdup.HBA	1	1	0	240.693	0.338147	8.557973333333333	0.011477777777777778
OBS09	E2	prod-cand-1703-hg002-bjuice-v2-seqkitfix-20260815T080300Z	15x10	HG002-p2tc9mz7wbv628	E2:15x10	5.47	10.05	sentdhiomr2.segdup.IKBKG	1	1	0	167.27	0.206797	5.9473777777777785	0.00017777777777777779
OBS09	E2	prod-cand-1703-hg002-bjuice-v2-seqkitfix-20260815T080300Z	15x10	HG002-p2tc9mz7wbv628	E2:15x10	5.47	10.05	sentdhiomr2.segdup.LPA	1	1	0	119.0315	0.105402	4.232231111111111	0.005172222222222222
OBS09	E2	prod-cand-1703-hg002-bjuice-v2-seqkitfix-20260815T080300Z	15x10	HG002-p2tc9mz7wbv628	E2:15x10	5.47	10.05	sentdhiomr2.segdup.NCF1	1	1	0	187.1831	0.2426	6.655399111111111	0.009552777777777778
OBS09	E2	prod-cand-1703-hg002-bjuice-v2-seqkitfix-20260815T080300Z	15x10	HG002-p2tc9mz7wbv628	E2:15x10	5.47	10.05	sentdhiomr2.segdup.OTOA	1	1	0	210.6115	0.194652	7.488408888888889	0.01785
OBS09	E2	prod-cand-1703-hg002-bjuice-v2-seqkitfix-20260815T080300Z	15x10	HG002-p2tc9mz7wbv628	E2:15x10	5.47	10.05	sentdhiomr2.segdup.PMS2	1	1	0	221.6302	0.179422	7.880184888888889	0.01892777777777778
OBS09	E2	prod-cand-1703-hg002-bjuice-v2-seqkitfix-20260815T080300Z	15x10	HG002-p2tc9mz7wbv628	E2:15x10	5.47	10.05	sentdhiomr2.segdup.RCCX	1	1	0	213.3659	0.263785	7.586343111111112	0.051277777777777776
OBS09	E2	prod-cand-1703-hg002-bjuice-v2-seqkitfix-20260815T080300Z	15x10	HG002-p2tc9mz7wbv628	E2:15x10	5.47	10.05	sentdhiomr2.segdup.RH	1	1	0	306.3426	0.325319	10.892181333333333	0.07742777777777778
OBS09	E2	prod-cand-1703-hg002-bjuice-v2-seqkitfix-20260815T080300Z	15x10	HG002-p2tc9mz7wbv628	E2:15x10	5.47	10.05	sentdhiomr2.segdup.SBDS	1	1	0	196.5981	0.26619	6.990154666666666	0.029208333333333336
OBS09	E2	prod-cand-1703-hg002-bjuice-v2-seqkitfix-20260815T080300Z	15x10	HG002-p2tc9mz7wbv628	E2:15x10	5.47	10.05	sentdhiomr2.segdup.SMN1	1	1	0	203.3052	0.275271	7.228629333333334	0.014005555555555556
OBS09	E2	prod-cand-1703-hg002-bjuice-v2-seqkitfix-20260815T080300Z	15x10	HG002-p2tc9mz7wbv628	E2:15x10	5.47	10.05	sentdhiomr2.segdup.STRC	1	1	0	167.7986	0.217476	5.966172444444444	5.833333333333333e-05
OBS09	E2	prod-cand-1703-hg002-bjuice-v2-seqkitfix-20260815T080300Z	15x10	HG002-p2tc9mz7wbv628	E2:15x10	5.47	10.05	sentdhiomr2.slim-longreadsv-normalize	1	1	0	5.6419	0.001975	0.05015022222222222	0.0006472222222222222
OBS09	E2	prod-cand-1703-hg002-bjuice-v2-seqkitfix-20260815T080300Z	15x10	HG002-p2tc9mz7wbv628	E2:15x10	5.47	10.05	sentdhiomr2.slim-sniffles2-normalize	1	1	0	5.2851	0.001671	0.04697866666666667	0.0
OBS09	E2	prod-cand-1703-hg002-bjuice-v2-seqkitfix-20260815T080300Z	15x10	HG002-p2tc9mz7wbv628	E2:15x10	5.47	10.05	sentdhiomr2.slim-tag-cnv	1	1	0	24.6382	0.008653	0.21900622222222224	0.004022222222222222
OBS09	E2	prod-cand-1703-hg002-bjuice-v2-seqkitfix-20260815T080300Z	15x10	HG002-p2tc9mz7wbv628	E2:15x10	5.47	10.05	sentdhiomr2.slim-tag-sv	1	1	0	410.1499	0.138834	3.645776888888889	0.11251944444444444
OBS09	E2	prod-cand-1703-hg002-bjuice-v2-seqkitfix-20260815T080300Z	15x10	HG002-p2tc9mz7wbv628	E2:15x10	5.47	10.05	sentdhiomr2.slim-tiddit-normalize	1	1	0	2.6181	0.00092	0.023272	0.0012694444444444446
OBS09	E2	prod-cand-1703-hg002-bjuice-v2-seqkitfix-20260815T080300Z	15x10	HG002-p2tc9mz7wbv628	E2:15x10	5.47	10.05	sentdhiomr2.slim-tiddit-repair	1	1	0	3.6893	0.000823	0.032793777777777776	5.555555555555556e-06
OBS09	E2	prod-cand-1703-hg002-bjuice-v2-seqkitfix-20260815T080300Z	15x10	HG002-p2tc9mz7wbv628	E2:15x10	5.47	10.05	sentdhiomr2.slim-trussv	1	1	0	3.8859	0.001315	0.034541333333333334	0.0
OBS09	E2	prod-cand-1703-hg002-bjuice-v2-seqkitfix-20260815T080300Z	15x10	HG002-p2tc9mz7wbv628	E2:15x10	5.47	10.05	sentdhiomr2.slim-truvari-aggregate	1	1	0	0.2699	2e-06	7.497222222222222e-05	0.0
OBS09	E2	prod-cand-1703-hg002-bjuice-v2-seqkitfix-20260815T080300Z	15x10	HG002-p2tc9mz7wbv628	E2:15x10	5.47	10.05	sentdhiomr2.slim-truvari-longreadsv	1	1	0	170.0778	0.034422	1.5118026666666666	0.045144444444444445
OBS09	E2	prod-cand-1703-hg002-bjuice-v2-seqkitfix-20260815T080300Z	15x10	HG002-p2tc9mz7wbv628	E2:15x10	5.47	10.05	sentdhiomr2.slim-truvari-sniffles2	1	1	0	164.3338	0.05509	1.4607448888888888	0.03780833333333334
OBS09	E2	prod-cand-1703-hg002-bjuice-v2-seqkitfix-20260815T080300Z	15x10	HG002-p2tc9mz7wbv628	E2:15x10	5.47	10.05	sentdhiomr2.slim-truvari-tagged_trussv	1	1	0	170.1541	0.057596	1.512480888888889	0.04611111111111111
OBS09	E2	prod-cand-1703-hg002-bjuice-v2-seqkitfix-20260815T080300Z	15x10	HG002-p2tc9mz7wbv628	E2:15x10	5.47	10.05	sentdhiomr2.slim-truvari-tiddit	1	1	0	157.4931	0.053311	1.3999386666666667	0.03788888888888889
OBS09	E2	prod-cand-1703-hg002-bjuice-v2-seqkitfix-20260815T080300Z	15x10	HG002-p2tc9mz7wbv628	E2:15x10	5.47	10.05	sentdhiomr2.sniffles2	1	1	0	71.2337	0.090072	2.5327537777777778	0.002247222222222222
OBS09	E2	prod-cand-1703-hg002-bjuice-v2-seqkitfix-20260815T080300Z	15x10	HG002-p2tc9mz7wbv628	E2:15x10	5.47	10.05	sentdhiomr2.sr-prepare	1	1	0	1118.5307	2.121511	59.654970666666664	0.017716666666666665
OBS09	E2	prod-cand-1703-hg002-bjuice-v2-seqkitfix-20260815T080300Z	15x10	HG002-p2tc9mz7wbv628	E2:15x10	5.47	10.05	sentdhiomr2.terminal-hybrid-validate	1	1	0	682.6436	0.959038	24.271772444444444	0.0013972222222222222
OBS09	E2	prod-cand-1703-hg002-bjuice-v2-seqkitfix-20260815T080300Z	15x10	HG002-p2tc9mz7wbv628	E2:15x10	5.47	10.05	sentdhiomr2.tiddit	1	1	0	407.8008	0.515649	14.499583999999999	0.0002777777777777778
OBS09	E2	prod-cand-1703-hg002-bjuice-v2-seqkitfix-20260815T080300Z	15x10	HG002-p2tc9mz7wbv628	E2:15x10	5.47	10.05	sentdhiomr2.tiddit.sort	1	1	0	0.8524	0.001194	0.030307555555555556	0.0
OBS09	E2	prod-cand-1703-hg002-bjuice-v2-seqkitfix-20260815T080300Z	15x10	HG002-p2tc9mz7wbv628	E2:15x10	5.47	10.05	sentdhiomr2lr.na.alignstats	1	1	0	144.7057	0.006064	0.16078411111111113	0.10931388888888888
OBS09	E2	prod-cand-1703-hg002-bjuice-v2-seqkitfix-20260815T080300Z	15x10	HG002-p2tc9mz7wbv628	E2:15x10	5.47	10.05	sentdhiomr2lr.na.coverage_evenness_two	1	1	0	234.5322	0.023732	1.0423653333333334	0.6450138888888889
OBS09	E2	prod-cand-1703-hg002-bjuice-v2-seqkitfix-20260815T080300Z	15x10	HG002-p2tc9mz7wbv628	E2:15x10	5.47	10.05	sentdhiomr2lr.na.gatk_contam	1	1	0	11.5256	0.000228	0.006403111111111111	0.003386111111111111
OBS09	E2	prod-cand-1703-hg002-bjuice-v2-seqkitfix-20260815T080300Z	15x10	HG002-p2tc9mz7wbv628	E2:15x10	5.47	10.05	sentdhiomr2lr.na.goleft	1	1	0	2.1128	4.2e-05	0.0011737777777777777	2.777777777777778e-06
OBS09	E2	prod-cand-1703-hg002-bjuice-v2-seqkitfix-20260815T080300Z	15x10	HG002-p2tc9mz7wbv628	E2:15x10	5.47	10.05	sentdhiomr2lr.na.infer_sex_complement	1	1	0	0.6421	7e-06	0.00017836111111111112	8.333333333333334e-06
OBS09	E2	prod-cand-1703-hg002-bjuice-v2-seqkitfix-20260815T080300Z	15x10	HG002-p2tc9mz7wbv628	E2:15x10	5.47	10.05	sentdhiomr2lr.na.mosdepth	1	1	0	106.6606	0.002698	0.11851177777777779	0.03958611111111111
OBS09	E2	prod-cand-1703-hg002-bjuice-v2-seqkitfix-20260815T080300Z	15x10	HG002-p2tc9mz7wbv628	E2:15x10	5.47	10.05	sentdhiomr2lr.na.norm_cov_eveness	1	1	0	392.1359	0.00992	0.43570655555555554	0.0023666666666666667
OBS09	E2	prod-cand-1703-hg002-bjuice-v2-seqkitfix-20260815T080300Z	15x10	HG002-p2tc9mz7wbv628	E2:15x10	5.47	10.05	sentdhiomr2lr.na.p.ganon2_multiqc_log	1	1	0	0.0482	0.0	1.338888888888889e-05	0.0
OBS09	E2	prod-cand-1703-hg002-bjuice-v2-seqkitfix-20260815T080300Z	15x10	HG002-p2tc9mz7wbv628	E2:15x10	5.47	10.05	sentdhiomr2lr.na.p.unmapped_metagenomics_ganon2_quick	1	1	0	62.357	0.078848	2.217137777777778	0.007386111111111111
OBS09	E2	prod-cand-1703-hg002-bjuice-v2-seqkitfix-20260815T080300Z	15x10	HG002-p2tc9mz7wbv628	E2:15x10	5.47	10.05	sentdhiomr2lr.na.samt	1	1	0	432.5591	0.017092	0.4806212222222222	0.18307777777777778
OBS09	E2	prod-cand-1703-hg002-bjuice-v2-seqkitfix-20260815T080300Z	15x10	HG002-p2tc9mz7wbv628	E2:15x10	5.47	10.05	sentdhiomr2lr.na.sex_complement_somalier_metrics	1	1	0	0.9075	1.8e-05	0.0005041666666666667	0.0
OBS09	E2	prod-cand-1703-hg002-bjuice-v2-seqkitfix-20260815T080300Z	15x10	HG002-p2tc9mz7wbv628	E2:15x10	5.47	10.05	sentdhiomr2lr.na.site_mix_contam	1	1	0	11.4843	0.000113	0.003190083333333333	0.0029083333333333335
OBS09	E2	prod-cand-1703-hg002-bjuice-v2-seqkitfix-20260815T080300Z	15x10	HG002-p2tc9mz7wbv628	E2:15x10	5.47	10.05	sentdhiomr2lr.na.site_mix_contam_pileups	1	1	0	1251.3336	0.049446	1.3903706666666666	0.35234166666666666
OBS09	E2	prod-cand-1703-hg002-bjuice-v2-seqkitfix-20260815T080300Z	15x10	HG002-p2tc9mz7wbv628	E2:15x10	5.47	10.05	sentdhiomr2rsr.na.alignstats	1	1	0	109.7407	0.002776	0.12193411111111112	0.05316666666666667
OBS09	E2	prod-cand-1703-hg002-bjuice-v2-seqkitfix-20260815T080300Z	15x10	HG002-p2tc9mz7wbv628	E2:15x10	5.47	10.05	sentdhiomr2rsr.na.coverage_evenness_two	1	1	0	215.2371	0.024006	0.9566093333333333	0.6434194444444444
OBS09	E2	prod-cand-1703-hg002-bjuice-v2-seqkitfix-20260815T080300Z	15x10	HG002-p2tc9mz7wbv628	E2:15x10	5.47	10.05	sentdhiomr2rsr.na.gatk_contam	1	1	0	10.0904	0.000221	0.005605777777777778	0.0035194444444444444
OBS09	E2	prod-cand-1703-hg002-bjuice-v2-seqkitfix-20260815T080300Z	15x10	HG002-p2tc9mz7wbv628	E2:15x10	5.47	10.05	sentdhiomr2rsr.na.goleft	1	1	0	1.2776	1.6e-05	0.0007097777777777778	0.00020833333333333335
OBS09	E2	prod-cand-1703-hg002-bjuice-v2-seqkitfix-20260815T080300Z	15x10	HG002-p2tc9mz7wbv628	E2:15x10	5.47	10.05	sentdhiomr2rsr.na.infer_sex_complement	1	1	0	0.7679	8e-06	0.00021330555555555556	5.555555555555556e-06
OBS09	E2	prod-cand-1703-hg002-bjuice-v2-seqkitfix-20260815T080300Z	15x10	HG002-p2tc9mz7wbv628	E2:15x10	5.47	10.05	sentdhiomr2rsr.na.mosdepth	1	1	0	94.1961	0.003986	0.10466233333333333	0.025930555555555554
OBS09	E2	prod-cand-1703-hg002-bjuice-v2-seqkitfix-20260815T080300Z	15x10	HG002-p2tc9mz7wbv628	E2:15x10	5.47	10.05	sentdhiomr2rsr.na.norm_cov_eveness	1	1	0	453.0024	0.018347	0.503336	0.00031666666666666665
OBS09	E2	prod-cand-1703-hg002-bjuice-v2-seqkitfix-20260815T080300Z	15x10	HG002-p2tc9mz7wbv628	E2:15x10	5.47	10.05	sentdhiomr2rsr.na.p.ganon2_multiqc_log	1	1	0	0.0542	0.0	1.5055555555555555e-05	0.0
OBS09	E2	prod-cand-1703-hg002-bjuice-v2-seqkitfix-20260815T080300Z	15x10	HG002-p2tc9mz7wbv628	E2:15x10	5.47	10.05	sentdhiomr2rsr.na.p.unmapped_metagenomics_ganon2_quick	1	1	0	147.7085	0.199995	5.2518577777777775	0.010708333333333332
OBS09	E2	prod-cand-1703-hg002-bjuice-v2-seqkitfix-20260815T080300Z	15x10	HG002-p2tc9mz7wbv628	E2:15x10	5.47	10.05	sentdhiomr2rsr.na.samt	1	1	0	172.9062	0.004374	0.192118	0.0019805555555555557
OBS09	E2	prod-cand-1703-hg002-bjuice-v2-seqkitfix-20260815T080300Z	15x10	HG002-p2tc9mz7wbv628	E2:15x10	5.47	10.05	sentdhiomr2rsr.na.sex_complement_somalier_metrics	1	1	0	0.5869	1.2e-05	0.00032605555555555556	0.0
OBS09	E2	prod-cand-1703-hg002-bjuice-v2-seqkitfix-20260815T080300Z	15x10	HG002-p2tc9mz7wbv628	E2:15x10	5.47	10.05	sentdhiomr2rsr.na.site_mix_contam	1	1	0	21.1798	0.000232	0.005883277777777778	0.0042361111111111115
OBS09	E2	prod-cand-1703-hg002-bjuice-v2-seqkitfix-20260815T080300Z	15x10	HG002-p2tc9mz7wbv628	E2:15x10	5.47	10.05	sentdhiomr2rsr.na.site_mix_contam_pileups	1	1	0	418.1706	0.016937	0.464634	0.08950277777777778
OBS09	E2	prod-cand-1703-hg002-bjuice-v2-seqkitfix-20260815T080300Z	15x10	HG002-p2tc9mz7wbv628	E2:15x10	5.47	10.05	sentdhiomr2sr.smd.alignstats	1	1	0	307.0111	0.012131	0.3411234444444444	0.1688111111111111
OBS09	E2	prod-cand-1703-hg002-bjuice-v2-seqkitfix-20260815T080300Z	15x10	HG002-p2tc9mz7wbv628	E2:15x10	5.47	10.05	sentdhiomr2sr.smd.coverage_evenness_two	1	1	0	271.5427	0.042919	1.2068564444444445	0.6868777777777778
OBS09	E2	prod-cand-1703-hg002-bjuice-v2-seqkitfix-20260815T080300Z	15x10	HG002-p2tc9mz7wbv628	E2:15x10	5.47	10.05	sentdhiomr2sr.smd.gatk_contam	1	1	0	20.6748	0.000452	0.011486000000000001	0.0051333333333333335
OBS09	E2	prod-cand-1703-hg002-bjuice-v2-seqkitfix-20260815T080300Z	15x10	HG002-p2tc9mz7wbv628	E2:15x10	5.47	10.05	sentdhiomr2sr.smd.goleft	1	1	0	1.4012	2.8e-05	0.0007784444444444445	0.00018611111111111112
OBS09	E2	prod-cand-1703-hg002-bjuice-v2-seqkitfix-20260815T080300Z	15x10	HG002-p2tc9mz7wbv628	E2:15x10	5.47	10.05	sentdhiomr2sr.smd.infer_sex_complement	1	1	0	1.0637	7e-06	0.00029547222222222225	0.0
OBS09	E2	prod-cand-1703-hg002-bjuice-v2-seqkitfix-20260815T080300Z	15x10	HG002-p2tc9mz7wbv628	E2:15x10	5.47	10.05	sentdhiomr2sr.smd.mosdepth	1	1	0	127.0377	0.00502	0.141153	0.04527777777777778
OBS09	E2	prod-cand-1703-hg002-bjuice-v2-seqkitfix-20260815T080300Z	15x10	HG002-p2tc9mz7wbv628	E2:15x10	5.47	10.05	sentdhiomr2sr.smd.norm_cov_eveness	1	1	0	581.7708	0.014226	0.646412	0.0029333333333333334
OBS09	E2	prod-cand-1703-hg002-bjuice-v2-seqkitfix-20260815T080300Z	15x10	HG002-p2tc9mz7wbv628	E2:15x10	5.47	10.05	sentdhiomr2sr.smd.p.ganon2_multiqc_log	1	0	1	0.2118	0	0	0
OBS09	E2	prod-cand-1703-hg002-bjuice-v2-seqkitfix-20260815T080300Z	15x10	HG002-p2tc9mz7wbv628	E2:15x10	5.47	10.05	sentdhiomr2sr.smd.p.unmapped_metagenomics_ganon2_quick	1	1	0	775.4505	1.039822	27.571573333333333	0.09227777777777778
OBS09	E2	prod-cand-1703-hg002-bjuice-v2-seqkitfix-20260815T080300Z	15x10	HG002-p2tc9mz7wbv628	E2:15x10	5.47	10.05	sentdhiomr2sr.smd.samt	1	1	0	519.635	0.021775	0.5773722222222222	0.01868888888888889
OBS09	E2	prod-cand-1703-hg002-bjuice-v2-seqkitfix-20260815T080300Z	15x10	HG002-p2tc9mz7wbv628	E2:15x10	5.47	10.05	sentdhiomr2sr.smd.sex_complement_somalier_metrics	1	1	0	0.5929	1.2e-05	0.0003293888888888889	0.0
OBS09	E2	prod-cand-1703-hg002-bjuice-v2-seqkitfix-20260815T080300Z	15x10	HG002-p2tc9mz7wbv628	E2:15x10	5.47	10.05	sentdhiomr2sr.smd.site_mix_contam	1	1	0	19.7669	0.000216	0.005490805555555555	0.00405
OBS09	E2	prod-cand-1703-hg002-bjuice-v2-seqkitfix-20260815T080300Z	15x10	HG002-p2tc9mz7wbv628	E2:15x10	5.47	10.05	sentdhiomr2sr.smd.site_mix_contam_pileups	1	1	0	1009.386	0.039885	1.12154	0.28436666666666666
OBS09	E2	prod-cand-1703-hg002-bjuice-v2-seqkitfix-20260815T080300Z	15x10	HG002-p2tc9mz7wbv628	E2:15x10	5.47	10.05	sentmm2ont.na.expansionhunter	1	1	0	43.6135	0.003829	0.19383777777777778	0.06604722222222223
OBS09	E2	prod-cand-1703-hg002-bjuice-v2-seqkitfix-20260815T080300Z	15x10	HG002-p2tc9mz7wbv628	E2:15x10	5.47	10.05	sentmm2ont.na.expansionhunter_json_to_tsv	1	1	0	0.7109	7e-06	0.00019747222222222223	5.555555555555556e-06
OBS09	E2	prod-cand-1703-hg002-bjuice-v2-seqkitfix-20260815T080300Z	15x10	HG002-p2tc9mz7wbv628	E2:15x10	5.47	10.05	sentmm2ont.na.sentdhiomr2.altair-v1.1.parse_vcfeval_summary	1	1	0	11.625	0.000255	0.006458333333333333	4.9999999999999996e-05
OBS09	E2	prod-cand-1703-hg002-bjuice-v2-seqkitfix-20260815T080300Z	15x10	HG002-p2tc9mz7wbv628	E2:15x10	5.47	10.05	sentmm2ont.na.sentdhiomr2.altair-v1.1.rtg_vcfeval	1	1	0	59.9847	0.00607	0.26659866666666665	0.05905277777777778
OBS09	E2	prod-cand-1703-hg002-bjuice-v2-seqkitfix-20260815T080300Z	15x10	HG002-p2tc9mz7wbv628	E2:15x10	5.47	10.05	sentmm2ont.na.sentdhiomr2.bcfstat	1	1	0	13.4421	0.000817	0.022403500000000003	0.004222222222222222
OBS09	E2	prod-cand-1703-hg002-bjuice-v2-seqkitfix-20260815T080300Z	15x10	HG002-p2tc9mz7wbv628	E2:15x10	5.47	10.05	sentmm2ont.na.sentdhiomr2.chr1.vep	1	1	0	840.9099	0.036918	0.9343443333333333	0.009725
OBS09	E2	prod-cand-1703-hg002-bjuice-v2-seqkitfix-20260815T080300Z	15x10	HG002-p2tc9mz7wbv628	E2:15x10	5.47	10.05	sentmm2ont.na.sentdhiomr2.chr1.vep_input	1	1	0	4.7099	3.3e-05	0.0013083055555555556	2.4999999999999998e-05
OBS09	E2	prod-cand-1703-hg002-bjuice-v2-seqkitfix-20260815T080300Z	15x10	HG002-p2tc9mz7wbv628	E2:15x10	5.47	10.05	sentmm2ont.na.sentdhiomr2.chr10.vep	1	1	0	556.7421	0.024443	0.6186023333333334	0.007772222222222222
OBS09	E2	prod-cand-1703-hg002-bjuice-v2-seqkitfix-20260815T080300Z	15x10	HG002-p2tc9mz7wbv628	E2:15x10	5.47	10.05	sentmm2ont.na.sentdhiomr2.chr10.vep_input	1	1	0	3.7417	4.1e-05	0.0010393611111111111	0.0007166666666666667
OBS09	E2	prod-cand-1703-hg002-bjuice-v2-seqkitfix-20260815T080300Z	15x10	HG002-p2tc9mz7wbv628	E2:15x10	5.47	10.05	sentmm2ont.na.sentdhiomr2.chr11.vep	1	1	0	521.6199	0.022901	0.5795776666666667	0.010319444444444444
OBS09	E2	prod-cand-1703-hg002-bjuice-v2-seqkitfix-20260815T080300Z	15x10	HG002-p2tc9mz7wbv628	E2:15x10	5.47	10.05	sentmm2ont.na.sentdhiomr2.chr11.vep_input	1	1	0	4.6928	5.2e-05	0.0013035555555555556	0.0
OBS09	E2	prod-cand-1703-hg002-bjuice-v2-seqkitfix-20260815T080300Z	15x10	HG002-p2tc9mz7wbv628	E2:15x10	5.47	10.05	sentmm2ont.na.sentdhiomr2.chr12.vep	1	1	0	426.2446	0.018035	0.4736051111111111	0.008027777777777778
OBS09	E2	prod-cand-1703-hg002-bjuice-v2-seqkitfix-20260815T080300Z	15x10	HG002-p2tc9mz7wbv628	E2:15x10	5.47	10.05	sentmm2ont.na.sentdhiomr2.chr12.vep_input	1	1	0	4.2028	4.6e-05	0.0011674444444444445	4.4444444444444447e-05
OBS09	E2	prod-cand-1703-hg002-bjuice-v2-seqkitfix-20260815T080300Z	15x10	HG002-p2tc9mz7wbv628	E2:15x10	5.47	10.05	sentmm2ont.na.sentdhiomr2.chr13.vep	1	1	0	312.3355	0.007471	0.34703944444444446	0.007816666666666666
OBS09	E2	prod-cand-1703-hg002-bjuice-v2-seqkitfix-20260815T080300Z	15x10	HG002-p2tc9mz7wbv628	E2:15x10	5.47	10.05	sentmm2ont.na.sentdhiomr2.chr13.vep_input	1	1	0	2.9827	3.3e-05	0.0008285277777777777	2.4999999999999998e-05
OBS09	E2	prod-cand-1703-hg002-bjuice-v2-seqkitfix-20260815T080300Z	15x10	HG002-p2tc9mz7wbv628	E2:15x10	5.47	10.05	sentmm2ont.na.sentdhiomr2.chr14.vep	1	1	0	291.6414	0.007353	0.324046	0.002288888888888889
OBS09	E2	prod-cand-1703-hg002-bjuice-v2-seqkitfix-20260815T080300Z	15x10	HG002-p2tc9mz7wbv628	E2:15x10	5.47	10.05	sentmm2ont.na.sentdhiomr2.chr14.vep_input	1	1	0	2.3242	1.6e-05	0.000645611111111111	0.0
OBS09	E2	prod-cand-1703-hg002-bjuice-v2-seqkitfix-20260815T080300Z	15x10	HG002-p2tc9mz7wbv628	E2:15x10	5.47	10.05	sentmm2ont.na.sentdhiomr2.chr15.vep	1	1	0	290.4246	0.007322	0.322694	0.0003833333333333333
OBS09	E2	prod-cand-1703-hg002-bjuice-v2-seqkitfix-20260815T080300Z	15x10	HG002-p2tc9mz7wbv628	E2:15x10	5.47	10.05	sentmm2ont.na.sentdhiomr2.chr15.vep_input	1	1	0	2.6358	1.8e-05	0.0007321666666666667	0.0004277777777777778
OBS09	E2	prod-cand-1703-hg002-bjuice-v2-seqkitfix-20260815T080300Z	15x10	HG002-p2tc9mz7wbv628	E2:15x10	5.47	10.05	sentmm2ont.na.sentdhiomr2.chr16.vep	1	1	0	302.2885	0.007622	0.3358761111111111	0.004475
OBS09	E2	prod-cand-1703-hg002-bjuice-v2-seqkitfix-20260815T080300Z	15x10	HG002-p2tc9mz7wbv628	E2:15x10	5.47	10.05	sentmm2ont.na.sentdhiomr2.chr16.vep_input	1	1	0	2.5044	2.7e-05	0.0006956666666666667	0.00043055555555555555
OBS09	E2	prod-cand-1703-hg002-bjuice-v2-seqkitfix-20260815T080300Z	15x10	HG002-p2tc9mz7wbv628	E2:15x10	5.47	10.05	sentmm2ont.na.sentdhiomr2.chr17.vep	1	1	0	292.8836	0.007384	0.32542622222222223	0.005022222222222221
OBS09	E2	prod-cand-1703-hg002-bjuice-v2-seqkitfix-20260815T080300Z	15x10	HG002-p2tc9mz7wbv628	E2:15x10	5.47	10.05	sentmm2ont.na.sentdhiomr2.chr17.vep_input	1	1	0	3.3048	3.6e-05	0.0009180000000000001	0.0005555555555555556
OBS09	E2	prod-cand-1703-hg002-bjuice-v2-seqkitfix-20260815T080300Z	15x10	HG002-p2tc9mz7wbv628	E2:15x10	5.47	10.05	sentmm2ont.na.sentdhiomr2.chr18.vep	1	1	0	250.9036	0.006326	0.2787817777777778	0.005866666666666667
OBS09	E2	prod-cand-1703-hg002-bjuice-v2-seqkitfix-20260815T080300Z	15x10	HG002-p2tc9mz7wbv628	E2:15x10	5.47	10.05	sentmm2ont.na.sentdhiomr2.chr18.vep_input	1	1	0	2.735	3e-05	0.0007597222222222222	0.0004222222222222222
OBS09	E2	prod-cand-1703-hg002-bjuice-v2-seqkitfix-20260815T080300Z	15x10	HG002-p2tc9mz7wbv628	E2:15x10	5.47	10.05	sentmm2ont.na.sentdhiomr2.chr19.vep	1	1	0	244.0048	0.006152	0.27111644444444444	0.004461111111111111
OBS09	E2	prod-cand-1703-hg002-bjuice-v2-seqkitfix-20260815T080300Z	15x10	HG002-p2tc9mz7wbv628	E2:15x10	5.47	10.05	sentmm2ont.na.sentdhiomr2.chr19.vep_input	1	1	0	2.067	2.3e-05	0.0005741666666666667	0.0003027777777777778
OBS09	E2	prod-cand-1703-hg002-bjuice-v2-seqkitfix-20260815T080300Z	15x10	HG002-p2tc9mz7wbv628	E2:15x10	5.47	10.05	sentmm2ont.na.sentdhiomr2.chr2.vep	1	1	0	814.6631	0.035766	0.9051812222222222	0.013975000000000001
OBS09	E2	prod-cand-1703-hg002-bjuice-v2-seqkitfix-20260815T080300Z	15x10	HG002-p2tc9mz7wbv628	E2:15x10	5.47	10.05	sentmm2ont.na.sentdhiomr2.chr2.vep_input	1	1	0	3.9626	2.8e-05	0.0011007222222222223	4.9999999999999996e-05
OBS09	E2	prod-cand-1703-hg002-bjuice-v2-seqkitfix-20260815T080300Z	15x10	HG002-p2tc9mz7wbv628	E2:15x10	5.47	10.05	sentmm2ont.na.sentdhiomr2.chr20.vep	1	1	0	200.2454	0.005049	0.22249488888888888	0.0001611111111111111
OBS09	E2	prod-cand-1703-hg002-bjuice-v2-seqkitfix-20260815T080300Z	15x10	HG002-p2tc9mz7wbv628	E2:15x10	5.47	10.05	sentmm2ont.na.sentdhiomr2.chr20.vep_input	1	1	0	1.9933	2.2e-05	0.0005536944444444444	0.00030000000000000003
OBS09	E2	prod-cand-1703-hg002-bjuice-v2-seqkitfix-20260815T080300Z	15x10	HG002-p2tc9mz7wbv628	E2:15x10	5.47	10.05	sentmm2ont.na.sentdhiomr2.chr21.vep	1	1	0	218.3307	0.009585	0.24258966666666668	0.00445
OBS09	E2	prod-cand-1703-hg002-bjuice-v2-seqkitfix-20260815T080300Z	15x10	HG002-p2tc9mz7wbv628	E2:15x10	5.47	10.05	sentmm2ont.na.sentdhiomr2.chr21.vep_input	1	1	0	1.8755	2e-05	0.0005209722222222223	1.388888888888889e-05
OBS09	E2	prod-cand-1703-hg002-bjuice-v2-seqkitfix-20260815T080300Z	15x10	HG002-p2tc9mz7wbv628	E2:15x10	5.47	10.05	sentmm2ont.na.sentdhiomr2.chr22.vep	1	1	0	158.415	0.006703	0.17601666666666665	0.004502777777777778
OBS09	E2	prod-cand-1703-hg002-bjuice-v2-seqkitfix-20260815T080300Z	15x10	HG002-p2tc9mz7wbv628	E2:15x10	5.47	10.05	sentmm2ont.na.sentdhiomr2.chr22.vep_input	1	1	0	1.8274	2e-05	0.0005076111111111111	2.777777777777778e-06
OBS09	E2	prod-cand-1703-hg002-bjuice-v2-seqkitfix-20260815T080300Z	15x10	HG002-p2tc9mz7wbv628	E2:15x10	5.47	10.05	sentmm2ont.na.sentdhiomr2.chr3.vep	1	1	0	722.0163	0.031699	0.8022403333333333	0.010924999999999999
OBS09	E2	prod-cand-1703-hg002-bjuice-v2-seqkitfix-20260815T080300Z	15x10	HG002-p2tc9mz7wbv628	E2:15x10	5.47	10.05	sentmm2ont.na.sentdhiomr2.chr3.vep_input	1	1	0	4.4574	4.9e-05	0.0012381666666666667	2.777777777777778e-06
OBS09	E2	prod-cand-1703-hg002-bjuice-v2-seqkitfix-20260815T080300Z	15x10	HG002-p2tc9mz7wbv628	E2:15x10	5.47	10.05	sentmm2ont.na.sentdhiomr2.chr4.vep	1	1	0	613.9881	0.01548	0.6822090000000001	0.010561111111111111
OBS09	E2	prod-cand-1703-hg002-bjuice-v2-seqkitfix-20260815T080300Z	15x10	HG002-p2tc9mz7wbv628	E2:15x10	5.47	10.05	sentmm2ont.na.sentdhiomr2.chr4.vep_input	1	1	0	4.6418	5.1e-05	0.001289388888888889	4.722222222222223e-05
OBS09	E2	prod-cand-1703-hg002-bjuice-v2-seqkitfix-20260815T080300Z	15x10	HG002-p2tc9mz7wbv628	E2:15x10	5.47	10.05	sentmm2ont.na.sentdhiomr2.chr5.vep	1	1	0	501.8562	0.012653	0.557618	0.000625
OBS09	E2	prod-cand-1703-hg002-bjuice-v2-seqkitfix-20260815T080300Z	15x10	HG002-p2tc9mz7wbv628	E2:15x10	5.47	10.05	sentmm2ont.na.sentdhiomr2.chr5.vep_input	1	1	0	4.1898	4.6e-05	0.0011638333333333333	8.333333333333334e-06
OBS09	E2	prod-cand-1703-hg002-bjuice-v2-seqkitfix-20260815T080300Z	15x10	HG002-p2tc9mz7wbv628	E2:15x10	5.47	10.05	sentmm2ont.na.sentdhiomr2.chr6.vep	1	1	0	586.1047	0.014777	0.6512274444444445	0.012799999999999999
OBS09	E2	prod-cand-1703-hg002-bjuice-v2-seqkitfix-20260815T080300Z	15x10	HG002-p2tc9mz7wbv628	E2:15x10	5.47	10.05	sentmm2ont.na.sentdhiomr2.chr6.vep_input	1	1	0	5.8856	6.5e-05	0.0016348888888888888	9.999999999999999e-05
OBS09	E2	prod-cand-1703-hg002-bjuice-v2-seqkitfix-20260815T080300Z	15x10	HG002-p2tc9mz7wbv628	E2:15x10	5.47	10.05	sentmm2ont.na.sentdhiomr2.chr7.vep	1	1	0	609.7854	0.026771	0.6775393333333333	0.011072222222222223
OBS09	E2	prod-cand-1703-hg002-bjuice-v2-seqkitfix-20260815T080300Z	15x10	HG002-p2tc9mz7wbv628	E2:15x10	5.47	10.05	sentmm2ont.na.sentdhiomr2.chr7.vep_input	1	1	0	4.4499	4.9e-05	0.0012360833333333334	0.0
OBS09	E2	prod-cand-1703-hg002-bjuice-v2-seqkitfix-20260815T080300Z	15x10	HG002-p2tc9mz7wbv628	E2:15x10	5.47	10.05	sentmm2ont.na.sentdhiomr2.chr8.vep	1	1	0	512.7436	0.021695	0.5697151111111112	0.007136111111111111
OBS09	E2	prod-cand-1703-hg002-bjuice-v2-seqkitfix-20260815T080300Z	15x10	HG002-p2tc9mz7wbv628	E2:15x10	5.47	10.05	sentmm2ont.na.sentdhiomr2.chr8.vep_input	1	1	0	3.6608	4e-05	0.001016888888888889	0.0007333333333333333
OBS09	E2	prod-cand-1703-hg002-bjuice-v2-seqkitfix-20260815T080300Z	15x10	HG002-p2tc9mz7wbv628	E2:15x10	5.47	10.05	sentmm2ont.na.sentdhiomr2.chr9.vep	1	1	0	444.796	0.019528	0.49421777777777776	0.008602777777777777
OBS09	E2	prod-cand-1703-hg002-bjuice-v2-seqkitfix-20260815T080300Z	15x10	HG002-p2tc9mz7wbv628	E2:15x10	5.47	10.05	sentmm2ont.na.sentdhiomr2.chr9.vep_input	1	1	0	4.3533	4.8e-05	0.00120925	2.777777777777778e-05
OBS09	E2	prod-cand-1703-hg002-bjuice-v2-seqkitfix-20260815T080300Z	15x10	HG002-p2tc9mz7wbv628	E2:15x10	5.47	10.05	sentmm2ont.na.sentdhiomr2.chrM.vep	1	1	0	1.1229	4.9e-05	0.0012476666666666667	0.00011666666666666667
OBS09	E2	prod-cand-1703-hg002-bjuice-v2-seqkitfix-20260815T080300Z	15x10	HG002-p2tc9mz7wbv628	E2:15x10	5.47	10.05	sentmm2ont.na.sentdhiomr2.chrM.vep_input	1	1	0	0.6803	7e-06	0.00018897222222222224	1.1111111111111112e-05
OBS09	E2	prod-cand-1703-hg002-bjuice-v2-seqkitfix-20260815T080300Z	15x10	HG002-p2tc9mz7wbv628	E2:15x10	5.47	10.05	sentmm2ont.na.sentdhiomr2.chrX.vep	1	1	0	194.5298	0.00854	0.2161442222222222	0.0058222222222222226
OBS09	E2	prod-cand-1703-hg002-bjuice-v2-seqkitfix-20260815T080300Z	15x10	HG002-p2tc9mz7wbv628	E2:15x10	5.47	10.05	sentmm2ont.na.sentdhiomr2.chrX.vep_input	1	1	0	2.3468	2.6e-05	0.0006518888888888889	2.777777777777778e-05
OBS09	E2	prod-cand-1703-hg002-bjuice-v2-seqkitfix-20260815T080300Z	15x10	HG002-p2tc9mz7wbv628	E2:15x10	5.47	10.05	sentmm2ont.na.sentdhiomr2.chrY.vep	1	1	0	9.1521	0.000402	0.010169000000000001	0.0010722222222222222
OBS09	E2	prod-cand-1703-hg002-bjuice-v2-seqkitfix-20260815T080300Z	15x10	HG002-p2tc9mz7wbv628	E2:15x10	5.47	10.05	sentmm2ont.na.sentdhiomr2.chrY.vep_input	1	1	0	0.8061	9e-06	0.00022391666666666667	1.1111111111111112e-05
OBS09	E2	prod-cand-1703-hg002-bjuice-v2-seqkitfix-20260815T080300Z	15x10	HG002-p2tc9mz7wbv628	E2:15x10	5.47	10.05	sentmm2ont.na.sentdhiomr2.cli-gvcf.altair-v1.1.parse_vcfeval_summary	1	1	0	13.4935	0.000161	0.007496388888888888	7.222222222222222e-05
OBS09	E2	prod-cand-1703-hg002-bjuice-v2-seqkitfix-20260815T080300Z	15x10	HG002-p2tc9mz7wbv628	E2:15x10	5.47	10.05	sentmm2ont.na.sentdhiomr2.cli-gvcf.altair-v1.1.rtg_vcfeval	1	1	0	2436.7962	0.245755	10.830205333333334	5.555555555555556e-06
OBS09	E2	prod-cand-1703-hg002-bjuice-v2-seqkitfix-20260815T080300Z	15x10	HG002-p2tc9mz7wbv628	E2:15x10	5.47	10.05	sentmm2ont.na.sentdhiomr2.cli-gvcf.clinvar_genes.parse_vcfeval_summary	1	1	0	12.6263	0.000159	0.007014611111111111	0.00017777777777777779
OBS09	E2	prod-cand-1703-hg002-bjuice-v2-seqkitfix-20260815T080300Z	15x10	HG002-p2tc9mz7wbv628	E2:15x10	5.47	10.05	sentmm2ont.na.sentdhiomr2.cli-gvcf.clinvar_genes.rtg_vcfeval	1	1	0	2455.9108	0.415657	10.915159111111112	1.4846222222222223
OBS09	E2	prod-cand-1703-hg002-bjuice-v2-seqkitfix-20260815T080300Z	15x10	HG002-p2tc9mz7wbv628	E2:15x10	5.47	10.05	sentmm2ont.na.sentdhiomr2.cli-gvcf.concordance	1	1	0	0.3802	2.1e-05	0.0008448888888888888	5.555555555555556e-06
OBS09	E2	prod-cand-1703-hg002-bjuice-v2-seqkitfix-20260815T080300Z	15x10	HG002-p2tc9mz7wbv628	E2:15x10	5.47	10.05	sentmm2ont.na.sentdhiomr2.cli-gvcf.giabHC.parse_vcfeval_summary	1	1	0	71.7094	0.000904	0.03983855555555556	0.004677777777777778
OBS09	E2	prod-cand-1703-hg002-bjuice-v2-seqkitfix-20260815T080300Z	15x10	HG002-p2tc9mz7wbv628	E2:15x10	5.47	10.05	sentmm2ont.na.sentdhiomr2.cli-gvcf.giabHC.rtg_vcfeval	1	1	0	2546.5023	0.43099	11.317788	1.5797999999999999
OBS09	E2	prod-cand-1703-hg002-bjuice-v2-seqkitfix-20260815T080300Z	15x10	HG002-p2tc9mz7wbv628	E2:15x10	5.47	10.05	sentmm2ont.na.sentdhiomr2.cli-gvcf.giabHC_x_clinvar_genes.parse_vcfeval_summary	1	1	0	9.7383	0.000123	0.005410166666666667	5.555555555555556e-06
OBS09	E2	prod-cand-1703-hg002-bjuice-v2-seqkitfix-20260815T080300Z	15x10	HG002-p2tc9mz7wbv628	E2:15x10	5.47	10.05	sentmm2ont.na.sentdhiomr2.cli-gvcf.giabHC_x_clinvar_genes.rtg_vcfeval	1	1	0	2494.6107	0.422207	11.087158666666667	1.541438888888889
OBS09	E2	prod-cand-1703-hg002-bjuice-v2-seqkitfix-20260815T080300Z	15x10	HG002-p2tc9mz7wbv628	E2:15x10	5.47	10.05	sentmm2ont.na.sentdhiomr2.cli-gvcf.giabHC_x_ultima.parse_vcfeval_summary	1	1	0	68.4498	0.000863	0.03802766666666667	0.0046
OBS09	E2	prod-cand-1703-hg002-bjuice-v2-seqkitfix-20260815T080300Z	15x10	HG002-p2tc9mz7wbv628	E2:15x10	5.47	10.05	sentmm2ont.na.sentdhiomr2.cli-gvcf.giabHC_x_ultima.rtg_vcfeval	1	1	0	2432.6843	0.394112	10.811930222222221	1.5263805555555556
OBS09	E2	prod-cand-1703-hg002-bjuice-v2-seqkitfix-20260815T080300Z	15x10	HG002-p2tc9mz7wbv628	E2:15x10	5.47	10.05	sentmm2ont.na.sentdhiomr2.cli-gvcf.giabHC_x_ultima_x_clinvar.parse_vcfeval_summary	1	1	0	14.8535	0.000178	0.008251944444444445	0.0008472222222222222
OBS09	E2	prod-cand-1703-hg002-bjuice-v2-seqkitfix-20260815T080300Z	15x10	HG002-p2tc9mz7wbv628	E2:15x10	5.47	10.05	sentmm2ont.na.sentdhiomr2.cli-gvcf.giabHC_x_ultima_x_clinvar.rtg_vcfeval	1	1	0	2357.4129	0.381917	10.477390666666667	1.4743805555555556
OBS09	E2	prod-cand-1703-hg002-bjuice-v2-seqkitfix-20260815T080300Z	15x10	HG002-p2tc9mz7wbv628	E2:15x10	5.47	10.05	sentmm2ont.na.sentdhiomr2.cli-gvcf.giabHCv5q.parse_vcfeval_summary	1	1	0	83.7648	0.001056	0.046535999999999994	0.005308333333333333
OBS09	E2	prod-cand-1703-hg002-bjuice-v2-seqkitfix-20260815T080300Z	15x10	HG002-p2tc9mz7wbv628	E2:15x10	5.47	10.05	sentmm2ont.na.sentdhiomr2.cli-gvcf.giabHCv5q.rtg_vcfeval	1	1	0	2666.0044	0.451215	11.848908444444444	0.0
OBS09	E2	prod-cand-1703-hg002-bjuice-v2-seqkitfix-20260815T080300Z	15x10	HG002-p2tc9mz7wbv628	E2:15x10	5.47	10.05	sentmm2ont.na.sentdhiomr2.cli-gvcf.hg38.parse_vcfeval_summary	1	1	0	112.1835	0.001342	0.06232416666666667	0.001938888888888889
OBS09	E2	prod-cand-1703-hg002-bjuice-v2-seqkitfix-20260815T080300Z	15x10	HG002-p2tc9mz7wbv628	E2:15x10	5.47	10.05	sentmm2ont.na.sentdhiomr2.cli-gvcf.hg38.rtg_vcfeval	1	1	0	2545.0456	0.430743	11.311313777777777	1.5767694444444444
OBS09	E2	prod-cand-1703-hg002-bjuice-v2-seqkitfix-20260815T080300Z	15x10	HG002-p2tc9mz7wbv628	E2:15x10	5.47	10.05	sentmm2ont.na.sentdhiomr2.cli-gvcf.hg38_m_giabHC.parse_vcfeval_summary	1	1	0	23.5523	0.000297	0.013084611111111111	0.001172222222222222
OBS09	E2	prod-cand-1703-hg002-bjuice-v2-seqkitfix-20260815T080300Z	15x10	HG002-p2tc9mz7wbv628	E2:15x10	5.47	10.05	sentmm2ont.na.sentdhiomr2.cli-gvcf.hg38_m_giabHC.rtg_vcfeval	1	1	0	2363.4333	0.382893	10.504148	1.4802416666666667
OBS09	E2	prod-cand-1703-hg002-bjuice-v2-seqkitfix-20260815T080300Z	15x10	HG002-p2tc9mz7wbv628	E2:15x10	5.47	10.05	sentmm2ont.na.sentdhiomr2.cli-gvcf.ultima.parse_vcfeval_summary	1	1	0	76.796	0.000968	0.04266444444444445	0.00037222222222222225
OBS09	E2	prod-cand-1703-hg002-bjuice-v2-seqkitfix-20260815T080300Z	15x10	HG002-p2tc9mz7wbv628	E2:15x10	5.47	10.05	sentmm2ont.na.sentdhiomr2.cli-gvcf.ultima.rtg_vcfeval	1	1	0	3334.5903	0.321803	14.820401333333333	2.016236111111111
OBS09	E2	prod-cand-1703-hg002-bjuice-v2-seqkitfix-20260815T080300Z	15x10	HG002-p2tc9mz7wbv628	E2:15x10	5.47	10.05	sentmm2ont.na.sentdhiomr2.clinvar_genes.parse_vcfeval_summary	1	1	0	13.0069	0.000286	0.007226055555555556	0.00019722222222222222
OBS09	E2	prod-cand-1703-hg002-bjuice-v2-seqkitfix-20260815T080300Z	15x10	HG002-p2tc9mz7wbv628	E2:15x10	5.47	10.05	sentmm2ont.na.sentdhiomr2.clinvar_genes.rtg_vcfeval	1	1	0	69.1572	0.012145	0.3073653333333333	0.06349166666666667
OBS09	E2	prod-cand-1703-hg002-bjuice-v2-seqkitfix-20260815T080300Z	15x10	HG002-p2tc9mz7wbv628	E2:15x10	5.47	10.05	sentmm2ont.na.sentdhiomr2.concordance	1	1	0	0.3774	2.1e-05	0.0008386666666666667	2.777777777777778e-06
OBS09	E2	prod-cand-1703-hg002-bjuice-v2-seqkitfix-20260815T080300Z	15x10	HG002-p2tc9mz7wbv628	E2:15x10	5.47	10.05	sentmm2ont.na.sentdhiomr2.giabHC.parse_vcfeval_summary	1	1	0	77.4253	0.0017	0.04301405555555555	0.005497222222222222
OBS09	E2	prod-cand-1703-hg002-bjuice-v2-seqkitfix-20260815T080300Z	15x10	HG002-p2tc9mz7wbv628	E2:15x10	5.47	10.05	sentmm2ont.na.sentdhiomr2.giabHC.rtg_vcfeval	1	1	0	76.5079	0.013436	0.3400351111111111	0.0759611111111111
OBS09	E2	prod-cand-1703-hg002-bjuice-v2-seqkitfix-20260815T080300Z	15x10	HG002-p2tc9mz7wbv628	E2:15x10	5.47	10.05	sentmm2ont.na.sentdhiomr2.giabHC_x_clinvar_genes.parse_vcfeval_summary	1	1	0	9.1374	0.000193	0.005076333333333333	2.777777777777778e-06
OBS09	E2	prod-cand-1703-hg002-bjuice-v2-seqkitfix-20260815T080300Z	15x10	HG002-p2tc9mz7wbv628	E2:15x10	5.47	10.05	sentmm2ont.na.sentdhiomr2.giabHC_x_clinvar_genes.rtg_vcfeval	1	1	0	64.8475	0.010975	0.2882111111111111	0.05746944444444444
OBS09	E2	prod-cand-1703-hg002-bjuice-v2-seqkitfix-20260815T080300Z	15x10	HG002-p2tc9mz7wbv628	E2:15x10	5.47	10.05	sentmm2ont.na.sentdhiomr2.giabHC_x_ultima.parse_vcfeval_summary	1	1	0	76.1763	0.001672	0.042320166666666666	0.003880555555555556
OBS09	E2	prod-cand-1703-hg002-bjuice-v2-seqkitfix-20260815T080300Z	15x10	HG002-p2tc9mz7wbv628	E2:15x10	5.47	10.05	sentmm2ont.na.sentdhiomr2.giabHC_x_ultima.rtg_vcfeval	1	1	0	72.5413	0.008091	0.3224057777777778	0.06875277777777777
OBS09	E2	prod-cand-1703-hg002-bjuice-v2-seqkitfix-20260815T080300Z	15x10	HG002-p2tc9mz7wbv628	E2:15x10	5.47	10.05	sentmm2ont.na.sentdhiomr2.giabHC_x_ultima_x_clinvar.parse_vcfeval_summary	1	1	0	10.3539	0.000227	0.005752166666666667	5.555555555555556e-06
OBS09	E2	prod-cand-1703-hg002-bjuice-v2-seqkitfix-20260815T080300Z	15x10	HG002-p2tc9mz7wbv628	E2:15x10	5.47	10.05	sentmm2ont.na.sentdhiomr2.giabHC_x_ultima_x_clinvar.rtg_vcfeval	1	1	0	71.6754	0.012587	0.3185573333333333	0.06123888888888889
OBS09	E2	prod-cand-1703-hg002-bjuice-v2-seqkitfix-20260815T080300Z	15x10	HG002-p2tc9mz7wbv628	E2:15x10	5.47	10.05	sentmm2ont.na.sentdhiomr2.giabHCv5q.parse_vcfeval_summary	1	1	0	89.4069	0.001069	0.0496705	0.009663888888888889
OBS09	E2	prod-cand-1703-hg002-bjuice-v2-seqkitfix-20260815T080300Z	15x10	HG002-p2tc9mz7wbv628	E2:15x10	5.47	10.05	sentmm2ont.na.sentdhiomr2.giabHCv5q.rtg_vcfeval	1	1	0	983.4869	0.172711	4.371052888888888	7.500000000000001e-05
OBS09	E2	prod-cand-1703-hg002-bjuice-v2-seqkitfix-20260815T080300Z	15x10	HG002-p2tc9mz7wbv628	E2:15x10	5.47	10.05	sentmm2ont.na.sentdhiomr2.hg38.parse_vcfeval_summary	1	1	0	99.0902	0.002175	0.05505011111111111	0.005744444444444444
OBS09	E2	prod-cand-1703-hg002-bjuice-v2-seqkitfix-20260815T080300Z	15x10	HG002-p2tc9mz7wbv628	E2:15x10	5.47	10.05	sentmm2ont.na.sentdhiomr2.hg38.rtg_vcfeval	1	1	0	78.7744	0.013834	0.35010844444444444	0.00014444444444444444
OBS09	E2	prod-cand-1703-hg002-bjuice-v2-seqkitfix-20260815T080300Z	15x10	HG002-p2tc9mz7wbv628	E2:15x10	5.47	10.05	sentmm2ont.na.sentdhiomr2.hg38_m_giabHC.parse_vcfeval_summary	1	1	0	25.2902	0.000555	0.01405011111111111	0.0012166666666666667
OBS09	E2	prod-cand-1703-hg002-bjuice-v2-seqkitfix-20260815T080300Z	15x10	HG002-p2tc9mz7wbv628	E2:15x10	5.47	10.05	sentmm2ont.na.sentdhiomr2.hg38_m_giabHC.rtg_vcfeval	1	1	0	71.6515	0.012583	0.31845111111111113	0.06341944444444444
OBS09	E2	prod-cand-1703-hg002-bjuice-v2-seqkitfix-20260815T080300Z	15x10	HG002-p2tc9mz7wbv628	E2:15x10	5.47	10.05	sentmm2ont.na.sentdhiomr2.peddy	1	1	0	7.2895	0.00032	0.008099444444444446	0.0011027777777777778
OBS09	E2	prod-cand-1703-hg002-bjuice-v2-seqkitfix-20260815T080300Z	15x10	HG002-p2tc9mz7wbv628	E2:15x10	5.47	10.05	sentmm2ont.na.sentdhiomr2.rtgvcfstats	1	1	0	29.9603	0.000658	0.01664461111111111	0.0061916666666666665
OBS09	E2	prod-cand-1703-hg002-bjuice-v2-seqkitfix-20260815T080300Z	15x10	HG002-p2tc9mz7wbv628	E2:15x10	5.47	10.05	sentmm2ont.na.sentdhiomr2.ultima.parse_vcfeval_summary	1	1	0	85.968	0.001887	0.047760000000000004	0.004775000000000001
OBS09	E2	prod-cand-1703-hg002-bjuice-v2-seqkitfix-20260815T080300Z	15x10	HG002-p2tc9mz7wbv628	E2:15x10	5.47	10.05	sentmm2ont.na.sentdhiomr2.ultima.rtg_vcfeval	1	1	0	79.4545	0.013953	0.3531311111111111	0.06892777777777777
OBS09	E2	prod-cand-1703-hg002-bjuice-v2-seqkitfix-20260815T080300Z	15x10	HG002-p2tc9mz7wbv628	E2:15x10	5.47	10.05	sentmm2ont.na.sentdhiomr2.vep_concat	1	1	0	49.7773	0.002776	0.11061622222222221	0.002988888888888889
OBS09	E2	prod-cand-1703-hg002-bjuice-v2-seqkitfix-20260815T080300Z	15x10	HG002-p2tc9mz7wbv628	E2:15x10	5.47	10.05	sentmm2ont.na.sentdhiomr2.vep_concat_fofn	1	1	0	0.1589	1e-06	4.413888888888889e-05	0.0
OBS09	E2	prod-cand-1703-hg002-bjuice-v2-seqkitfix-20260815T080300Z	15x10	HG002-p2tc9mz7wbv628	E2:15x10	5.47	10.05	sentmm2ont.na.sentdhiomr2.vep_validate_input_contigs	1	1	0	0.7587	6e-06	0.00021075	0.0
OBS09	E2	prod-cand-1703-hg002-bjuice-v2-seqkitfix-20260815T080300Z	15x10	HG002-p2tc9mz7wbv628	E2:15x10	5.47	10.05	seqfu	1	1	0	930.545	0.055155	1.5509083333333331	0.8935
OBS09	E2	prod-cand-1703-hg002-bjuice-v2-seqkitfix-20260815T080300Z	15x10	HG002-p2tc9mz7wbv628	E2:15x10	5.47	10.05	snv_vcf.vcf-sv-stats	1	1	0	271.2737	0.003272	0.1507076111111111	0.06951388888888889
OBS09	E2	prod-cand-1703-hg002-bjuice-v2-seqkitfix-20260815T080300Z	15x10	HG002-p2tc9mz7wbv628	E2:15x10	5.47	10.05	source_reheadered_cnvscope_vcf.vcf-sv-stats	1	1	0	2.9358	5.8e-05	0.001631	9.166666666666667e-05
OBS09	E2	prod-cand-1703-hg002-bjuice-v2-seqkitfix-20260815T080300Z	15x10	HG002-p2tc9mz7wbv628	E2:15x10	5.47	10.05	synthetic_smn_vcf.vcf-sv-stats	1	1	0	0.7613	1e-05	0.00042294444444444443	3.888888888888889e-05
OBS09	E2	prod-cand-1703-hg002-bjuice-v2-seqkitfix-20260815T080300Z	15x10	HG002-p2tc9mz7wbv628	E2:15x10	5.47	10.05	tagged_cnv_vcf.vcf-sv-stats	1	1	0	4.4371	5.6e-05	0.0024650555555555554	0.00011388888888888888
OBS09	E2	prod-cand-1703-hg002-bjuice-v2-seqkitfix-20260815T080300Z	15x10	HG002-p2tc9mz7wbv628	E2:15x10	5.47	10.05	tagged_sv_vcf.vcf-sv-stats	1	1	0	2.9811	3.8e-05	0.0016561666666666667	0.0005833333333333334
OBS09	E2	prod-cand-1703-hg002-bjuice-v2-seqkitfix-20260815T080300Z	15x10	HG002-p2tc9mz7wbv628	E2:15x10	5.47	10.05	untagged_trussv_vcf.vcf-sv-stats	1	1	0	2.6123	5.7e-05	0.0014512777777777777	0.0004722222222222222
OBS10	E3	prod-cand-1703-hg002-bjuice-4au-kitchensink-20260817T025004Z	20xby15x	HG002-wesenyqd5xz29g	E3:20xby15x	7.36	14.71	expansionhunter_vcf.vcf-sv-stats	1	1	0	0.8489	1.7e-05	0.0004716111111111111	3.3333333333333335e-05
OBS10	E3	prod-cand-1703-hg002-bjuice-4au-kitchensink-20260817T025004Z	20xby15x	HG002-wesenyqd5xz29g	E3:20xby15x	7.36	14.71	fastqc	1	1	0	828.8241	0.147053	3.6836626666666668	0.001011111111111111
OBS10	E3	prod-cand-1703-hg002-bjuice-4au-kitchensink-20260817T025004Z	20xby15x	HG002-wesenyqd5xz29g	E3:20xby15x	7.36	14.71	mitochondrial_vcf.vcf-sv-stats	1	1	0	2.2978	3e-05	0.0012765555555555555	9.444444444444446e-05
OBS10	E3	prod-cand-1703-hg002-bjuice-4au-kitchensink-20260817T025004Z	20xby15x	HG002-wesenyqd5xz29g	E3:20xby15x	7.36	14.71	normalized_longreadsv_vcf.vcf-sv-stats	1	1	0	1.9337	4e-05	0.0010742777777777777	0.0003333333333333333
OBS10	E3	prod-cand-1703-hg002-bjuice-4au-kitchensink-20260817T025004Z	20xby15x	HG002-wesenyqd5xz29g	E3:20xby15x	7.36	14.71	normalized_sniffles2_vcf.vcf-sv-stats	1	1	0	1.7587	1.8e-05	0.0009770555555555554	0.00030000000000000003
OBS10	E3	prod-cand-1703-hg002-bjuice-4au-kitchensink-20260817T025004Z	20xby15x	HG002-wesenyqd5xz29g	E3:20xby15x	7.36	14.71	normalized_tiddit_vcf.vcf-sv-stats	1	1	0	1.3887	1.5e-05	0.0007715	0.000175
OBS10	E3	prod-cand-1703-hg002-bjuice-4au-kitchensink-20260817T025004Z	20xby15x	HG002-wesenyqd5xz29g	E3:20xby15x	7.36	14.71	segdup_CFH_vcf.vcf-sv-stats	1	1	0	0.7519	8e-06	0.0004177222222222222	4.1666666666666665e-05
OBS10	E3	prod-cand-1703-hg002-bjuice-4au-kitchensink-20260817T025004Z	20xby15x	HG002-wesenyqd5xz29g	E3:20xby15x	7.36	14.71	segdup_CYP11B1_vcf.vcf-sv-stats	1	1	0	0.7362	8e-06	0.00040899999999999997	4.1666666666666665e-05
OBS10	E3	prod-cand-1703-hg002-bjuice-4au-kitchensink-20260817T025004Z	20xby15x	HG002-wesenyqd5xz29g	E3:20xby15x	7.36	14.71	segdup_CYP2A6_vcf.vcf-sv-stats	1	1	0	1.0785	1.1e-05	0.0005991666666666667	4.1666666666666665e-05
OBS10	E3	prod-cand-1703-hg002-bjuice-4au-kitchensink-20260817T025004Z	20xby15x	HG002-wesenyqd5xz29g	E3:20xby15x	7.36	14.71	segdup_CYP2B6_vcf.vcf-sv-stats	1	1	0	0.8021	8e-06	0.00044561111111111114	3.611111111111111e-05
OBS10	E3	prod-cand-1703-hg002-bjuice-4au-kitchensink-20260817T025004Z	20xby15x	HG002-wesenyqd5xz29g	E3:20xby15x	7.36	14.71	segdup_CYP2D6_vcf.vcf-sv-stats	1	1	0	0.7529	8e-06	0.0004182777777777778	3.888888888888889e-05
OBS10	E3	prod-cand-1703-hg002-bjuice-4au-kitchensink-20260817T025004Z	20xby15x	HG002-wesenyqd5xz29g	E3:20xby15x	7.36	14.71	segdup_GBA1_vcf.vcf-sv-stats	1	1	0	0.7966	8e-06	0.0004425555555555555	3.3333333333333335e-05
OBS10	E3	prod-cand-1703-hg002-bjuice-4au-kitchensink-20260817T025004Z	20xby15x	HG002-wesenyqd5xz29g	E3:20xby15x	7.36	14.71	segdup_HBA_vcf.vcf-sv-stats	1	1	0	0.7732	8e-06	0.00042955555555555553	3.888888888888889e-05
OBS10	E3	prod-cand-1703-hg002-bjuice-4au-kitchensink-20260817T025004Z	20xby15x	HG002-wesenyqd5xz29g	E3:20xby15x	7.36	14.71	segdup_NCF1_vcf.vcf-sv-stats	1	1	0	0.7744	8e-06	0.0004302222222222222	3.3333333333333335e-05
OBS10	E3	prod-cand-1703-hg002-bjuice-4au-kitchensink-20260817T025004Z	20xby15x	HG002-wesenyqd5xz29g	E3:20xby15x	7.36	14.71	segdup_OTOA_vcf.vcf-sv-stats	1	1	0	0.7579	8e-06	0.0004210555555555556	3.611111111111111e-05
OBS10	E3	prod-cand-1703-hg002-bjuice-4au-kitchensink-20260817T025004Z	20xby15x	HG002-wesenyqd5xz29g	E3:20xby15x	7.36	14.71	segdup_PMS2_vcf.vcf-sv-stats	1	1	0	0.771	8e-06	0.00042833333333333335	3.888888888888889e-05
OBS10	E3	prod-cand-1703-hg002-bjuice-4au-kitchensink-20260817T025004Z	20xby15x	HG002-wesenyqd5xz29g	E3:20xby15x	7.36	14.71	segdup_RCCX1_vcf.vcf-sv-stats	1	1	0	0.7642	8e-06	0.00042455555555555557	4.1666666666666665e-05
OBS10	E3	prod-cand-1703-hg002-bjuice-4au-kitchensink-20260817T025004Z	20xby15x	HG002-wesenyqd5xz29g	E3:20xby15x	7.36	14.71	segdup_RHD_vcf.vcf-sv-stats	1	1	0	0.7718	8e-06	0.0004287777777777778	3.888888888888889e-05
OBS10	E3	prod-cand-1703-hg002-bjuice-4au-kitchensink-20260817T025004Z	20xby15x	HG002-wesenyqd5xz29g	E3:20xby15x	7.36	14.71	segdup_SBDS_vcf.vcf-sv-stats	1	1	0	0.7378	8e-06	0.0004098888888888889	3.3333333333333335e-05
OBS10	E3	prod-cand-1703-hg002-bjuice-4au-kitchensink-20260817T025004Z	20xby15x	HG002-wesenyqd5xz29g	E3:20xby15x	7.36	14.71	segdup_SMN1_vcf.vcf-sv-stats	1	1	0	0.8287	9e-06	0.00046038888888888887	3.888888888888889e-05
OBS10	E3	prod-cand-1703-hg002-bjuice-4au-kitchensink-20260817T025004Z	20xby15x	HG002-wesenyqd5xz29g	E3:20xby15x	7.36	14.71	segdup_STRC_vcf.vcf-sv-stats	1	1	0	0.758	8e-06	0.0004211111111111111	4.1666666666666665e-05
OBS10	E3	prod-cand-1703-hg002-bjuice-4au-kitchensink-20260817T025004Z	20xby15x	HG002-wesenyqd5xz29g	E3:20xby15x	7.36	14.71	sentdhiomr2.command-manifest	1	1	0	0.6255	0.000888	0.02224	5.555555555555556e-06
OBS10	E3	prod-cand-1703-hg002-bjuice-4au-kitchensink-20260817T025004Z	20xby15x	HG002-wesenyqd5xz29g	E3:20xby15x	7.36	14.71	sentdhiomr2.five-chromosome-hard-vcf	1	1	0	103.1909	0.080332	3.6690097777777777	0.018319444444444444
OBS10	E3	prod-cand-1703-hg002-bjuice-4au-kitchensink-20260817T025004Z	20xby15x	HG002-wesenyqd5xz29g	E3:20xby15x	7.36	14.71	sentdhiomr2.hybrid-cli172i-core	1	1	0	10291.411	8.011673	365.91683555555556	0.0019444444444444444
OBS10	E3	prod-cand-1703-hg002-bjuice-4au-kitchensink-20260817T025004Z	20xby15x	HG002-wesenyqd5xz29g	E3:20xby15x	7.36	14.71	sentdhiomr2.hybrid-cli172i-finalize-1	1	1	0	576.7932	0.023672	0.6408813333333333	0.02298333333333333
OBS10	E3	prod-cand-1703-hg002-bjuice-4au-kitchensink-20260817T025004Z	20xby15x	HG002-wesenyqd5xz29g	E3:20xby15x	7.36	14.71	sentdhiomr2.hybrid-cli172i-finalize-10	1	1	0	431.4976	0.0191	0.47944177777777774	0.01347777777777778
OBS10	E3	prod-cand-1703-hg002-bjuice-4au-kitchensink-20260817T025004Z	20xby15x	HG002-wesenyqd5xz29g	E3:20xby15x	7.36	14.71	sentdhiomr2.hybrid-cli172i-finalize-11	1	1	0	449.9853	0.019919	0.49998366666666666	0.016608333333333333
OBS10	E3	prod-cand-1703-hg002-bjuice-4au-kitchensink-20260817T025004Z	20xby15x	HG002-wesenyqd5xz29g	E3:20xby15x	7.36	14.71	sentdhiomr2.hybrid-cli172i-finalize-12	1	1	0	429.5173	0.019013	0.47724144444444444	0.013836111111111112
OBS10	E3	prod-cand-1703-hg002-bjuice-4au-kitchensink-20260817T025004Z	20xby15x	HG002-wesenyqd5xz29g	E3:20xby15x	7.36	14.71	sentdhiomr2.hybrid-cli172i-finalize-13	1	1	0	331.4931	0.014674	0.3683256666666667	0.010805555555555554
OBS10	E3	prod-cand-1703-hg002-bjuice-4au-kitchensink-20260817T025004Z	20xby15x	HG002-wesenyqd5xz29g	E3:20xby15x	7.36	14.71	sentdhiomr2.hybrid-cli172i-finalize-14	1	1	0	292.0047	0.012926	0.3244496666666667	0.011933333333333334
OBS10	E3	prod-cand-1703-hg002-bjuice-4au-kitchensink-20260817T025004Z	20xby15x	HG002-wesenyqd5xz29g	E3:20xby15x	7.36	14.71	sentdhiomr2.hybrid-cli172i-finalize-15	1	1	0	272.7626	0.012074	0.3030695555555556	0.008144444444444444
OBS10	E3	prod-cand-1703-hg002-bjuice-4au-kitchensink-20260817T025004Z	20xby15x	HG002-wesenyqd5xz29g	E3:20xby15x	7.36	14.71	sentdhiomr2.hybrid-cli172i-finalize-16	1	1	0	213.0633	0.008744	0.236737	0.005633333333333334
OBS10	E3	prod-cand-1703-hg002-bjuice-4au-kitchensink-20260817T025004Z	20xby15x	HG002-wesenyqd5xz29g	E3:20xby15x	7.36	14.71	sentdhiomr2.hybrid-cli172i-finalize-17	1	1	0	272.5883	0.012066	0.3028758888888889	0.007947222222222222
OBS10	E3	prod-cand-1703-hg002-bjuice-4au-kitchensink-20260817T025004Z	20xby15x	HG002-wesenyqd5xz29g	E3:20xby15x	7.36	14.71	sentdhiomr2.hybrid-cli172i-finalize-18	1	1	0	211.9345	0.008698	0.2354827777777778	0.005391666666666667
OBS10	E3	prod-cand-1703-hg002-bjuice-4au-kitchensink-20260817T025004Z	20xby15x	HG002-wesenyqd5xz29g	E3:20xby15x	7.36	14.71	sentdhiomr2.hybrid-cli172i-finalize-19	1	1	0	195.3164	0.008646	0.2170182222222222	0.0009972222222222223
OBS10	E3	prod-cand-1703-hg002-bjuice-4au-kitchensink-20260817T025004Z	20xby15x	HG002-wesenyqd5xz29g	E3:20xby15x	7.36	14.71	sentdhiomr2.hybrid-cli172i-finalize-2	1	1	0	587.3281	0.024105	0.6525867777777777	1.1111111111111112e-05
OBS10	E3	prod-cand-1703-hg002-bjuice-4au-kitchensink-20260817T025004Z	20xby15x	HG002-wesenyqd5xz29g	E3:20xby15x	7.36	14.71	sentdhiomr2.hybrid-cli172i-finalize-20	1	1	0	215.857	0.009555	0.23984111111111112	0.004391666666666667
OBS10	E3	prod-cand-1703-hg002-bjuice-4au-kitchensink-20260817T025004Z	20xby15x	HG002-wesenyqd5xz29g	E3:20xby15x	7.36	14.71	sentdhiomr2.hybrid-cli172i-finalize-21	1	1	0	133.719	0.005919	0.14857666666666666	0.02332777777777778
OBS10	E3	prod-cand-1703-hg002-bjuice-4au-kitchensink-20260817T025004Z	20xby15x	HG002-wesenyqd5xz29g	E3:20xby15x	7.36	14.71	sentdhiomr2.hybrid-cli172i-finalize-22	1	1	0	126.6323	0.005605	0.14070255555555555	9.444444444444446e-05
OBS10	E3	prod-cand-1703-hg002-bjuice-4au-kitchensink-20260817T025004Z	20xby15x	HG002-wesenyqd5xz29g	E3:20xby15x	7.36	14.71	sentdhiomr2.hybrid-cli172i-finalize-23	1	1	0	369.5511	0.015167	0.41061233333333336	0.010488888888888888
OBS10	E3	prod-cand-1703-hg002-bjuice-4au-kitchensink-20260817T025004Z	20xby15x	HG002-wesenyqd5xz29g	E3:20xby15x	7.36	14.71	sentdhiomr2.hybrid-cli172i-finalize-24	1	1	0	80.827	0.003578	0.08980777777777778	0.0016111111111111111
OBS10	E3	prod-cand-1703-hg002-bjuice-4au-kitchensink-20260817T025004Z	20xby15x	HG002-wesenyqd5xz29g	E3:20xby15x	7.36	14.71	sentdhiomr2.hybrid-cli172i-finalize-25	1	1	0	15.038	0.000666	0.016708888888888888	0.0
OBS10	E3	prod-cand-1703-hg002-bjuice-4au-kitchensink-20260817T025004Z	20xby15x	HG002-wesenyqd5xz29g	E3:20xby15x	7.36	14.71	sentdhiomr2.hybrid-cli172i-finalize-3	1	1	0	644.2179	0.028516	0.7157976666666667	0.02260277777777778
OBS10	E3	prod-cand-1703-hg002-bjuice-4au-kitchensink-20260817T025004Z	20xby15x	HG002-wesenyqd5xz29g	E3:20xby15x	7.36	14.71	sentdhiomr2.hybrid-cli172i-finalize-4	1	1	0	610.492	0.027023	0.6783244444444444	0.022433333333333336
OBS10	E3	prod-cand-1703-hg002-bjuice-4au-kitchensink-20260817T025004Z	20xby15x	HG002-wesenyqd5xz29g	E3:20xby15x	7.36	14.71	sentdhiomr2.hybrid-cli172i-finalize-5	1	1	0	580.7297	0.025706	0.6452552222222222	0.02054722222222222
OBS10	E3	prod-cand-1703-hg002-bjuice-4au-kitchensink-20260817T025004Z	20xby15x	HG002-wesenyqd5xz29g	E3:20xby15x	7.36	14.71	sentdhiomr2.hybrid-cli172i-finalize-6	1	1	0	551.2788	0.024402	0.6125320000000001	0.01905
OBS10	E3	prod-cand-1703-hg002-bjuice-4au-kitchensink-20260817T025004Z	20xby15x	HG002-wesenyqd5xz29g	E3:20xby15x	7.36	14.71	sentdhiomr2.hybrid-cli172i-finalize-7	1	1	0	509.2989	0.022544	0.5658876666666667	0.020802777777777778
OBS10	E3	prod-cand-1703-hg002-bjuice-4au-kitchensink-20260817T025004Z	20xby15x	HG002-wesenyqd5xz29g	E3:20xby15x	7.36	14.71	sentdhiomr2.hybrid-cli172i-finalize-8	1	1	0	378.841	0.015548	0.42093444444444444	0.017394444444444445
OBS10	E3	prod-cand-1703-hg002-bjuice-4au-kitchensink-20260817T025004Z	20xby15x	HG002-wesenyqd5xz29g	E3:20xby15x	7.36	14.71	sentdhiomr2.hybrid-cli172i-finalize-9	1	1	0	387.6515	0.017159	0.4307238888888889	0.015372222222222223
OBS10	E3	prod-cand-1703-hg002-bjuice-4au-kitchensink-20260817T025004Z	20xby15x	HG002-wesenyqd5xz29g	E3:20xby15x	7.36	14.71	sentdhiomr2.hybrid-cli172i-gather	1	1	0	484.7777	0.023587	1.0772837777777777	0.0038361111111111113
OBS10	E3	prod-cand-1703-hg002-bjuice-4au-kitchensink-20260817T025004Z	20xby15x	HG002-wesenyqd5xz29g	E3:20xby15x	7.36	14.71	sentdhiomr2.inflection-analytical-ancillary	1	1	0	1.281	0.001814	0.045546666666666666	2.777777777777778e-05
OBS10	E3	prod-cand-1703-hg002-bjuice-4au-kitchensink-20260817T025004Z	20xby15x	HG002-wesenyqd5xz29g	E3:20xby15x	7.36	14.71	sentdhiomr2.inflection-multiqc-stage	1	1	0	47.0896	0.000374	0.013080444444444443	0.012322222222222222
OBS10	E3	prod-cand-1703-hg002-bjuice-4au-kitchensink-20260817T025004Z	20xby15x	HG002-wesenyqd5xz29g	E3:20xby15x	7.36	14.71	sentdhiomr2.inflection-multiqc	1	1	0	48.7973	0.000501	0.013554805555555556	0.00011388888888888888
OBS10	E3	prod-cand-1703-hg002-bjuice-4au-kitchensink-20260817T025004Z	20xby15x	HG002-wesenyqd5xz29g	E3:20xby15x	7.36	14.71	sentdhiomr2.mito	1	1	0	52.287	0.072229	1.8590933333333333	0.011083333333333332
OBS10	E3	prod-cand-1703-hg002-bjuice-4au-kitchensink-20260817T025004Z	20xby15x	HG002-wesenyqd5xz29g	E3:20xby15x	7.36	14.71	sentdhiomr2.normalize-smn12	1	1	0	0.1449	1e-06	4.025e-05	0.0
OBS10	E3	prod-cand-1703-hg002-bjuice-4au-kitchensink-20260817T025004Z	20xby15x	HG002-wesenyqd5xz29g	E3:20xby15x	7.36	14.71	sentdhiomr2.roh_upd	1	1	0	563.4274	0.798085	20.032974222222222	0.1582083333333333
OBS10	E3	prod-cand-1703-hg002-bjuice-4au-kitchensink-20260817T025004Z	20xby15x	HG002-wesenyqd5xz29g	E3:20xby15x	7.36	14.71	sentdhiomr2.rsr-publish	1	1	0	8.4542	6.7e-05	0.002348388888888889	0.0010555555555555555
OBS10	E3	prod-cand-1703-hg002-bjuice-4au-kitchensink-20260817T025004Z	20xby15x	HG002-wesenyqd5xz29g	E3:20xby15x	7.36	14.71	sentdhiomr2.scope	1	1	0	0.7606	6e-06	0.0002112777777777778	2.777777777777778e-06
OBS10	E3	prod-cand-1703-hg002-bjuice-4au-kitchensink-20260817T025004Z	20xby15x	HG002-wesenyqd5xz29g	E3:20xby15x	7.36	14.71	sentdhiomr2.segdup.CFH	1	1	0	448.0697	0.482994	15.931367111111111	0.04509722222222222
OBS10	E3	prod-cand-1703-hg002-bjuice-4au-kitchensink-20260817T025004Z	20xby15x	HG002-wesenyqd5xz29g	E3:20xby15x	7.36	14.71	sentdhiomr2.segdup.CYP11B1	1	1	0	294.2264	0.244698	10.461383111111111	0.026491666666666667
OBS10	E3	prod-cand-1703-hg002-bjuice-4au-kitchensink-20260817T025004Z	20xby15x	HG002-wesenyqd5xz29g	E3:20xby15x	7.36	14.71	sentdhiomr2.segdup.CYP2A6	1	1	0	217.2787	0.234214	7.725464888888888	0.011191666666666666
OBS10	E3	prod-cand-1703-hg002-bjuice-4au-kitchensink-20260817T025004Z	20xby15x	HG002-wesenyqd5xz29g	E3:20xby15x	7.36	14.71	sentdhiomr2.segdup.CYP2B6	1	1	0	232.0879	0.244459	8.252014222222222	0.026752777777777778
OBS10	E3	prod-cand-1703-hg002-bjuice-4au-kitchensink-20260817T025004Z	20xby15x	HG002-wesenyqd5xz29g	E3:20xby15x	7.36	14.71	sentdhiomr2.segdup.CYP2D6	1	1	0	176.5013	0.159129	6.275601777777777	0.015419444444444444
OBS10	E3	prod-cand-1703-hg002-bjuice-4au-kitchensink-20260817T025004Z	20xby15x	HG002-wesenyqd5xz29g	E3:20xby15x	7.36	14.71	sentdhiomr2.segdup.GBA	1	1	0	326.1253	0.218407	11.59556622222222	0.02216111111111111
OBS10	E3	prod-cand-1703-hg002-bjuice-4au-kitchensink-20260817T025004Z	20xby15x	HG002-wesenyqd5xz29g	E3:20xby15x	7.36	14.71	sentdhiomr2.segdup.HBA	1	1	0	247.8429	0.267161	8.812192	0.041305555555555554
OBS10	E3	prod-cand-1703-hg002-bjuice-4au-kitchensink-20260817T025004Z	20xby15x	HG002-wesenyqd5xz29g	E3:20xby15x	7.36	14.71	sentdhiomr2.segdup.IKBKG	1	1	0	239.3523	0.258009	8.510304	0.029108333333333337
OBS10	E3	prod-cand-1703-hg002-bjuice-4au-kitchensink-20260817T025004Z	20xby15x	HG002-wesenyqd5xz29g	E3:20xby15x	7.36	14.71	sentdhiomr2.segdup.LPA	1	1	0	128.2899	0.135128	4.5614186666666665	0.02899166666666667
OBS10	E3	prod-cand-1703-hg002-bjuice-4au-kitchensink-20260817T025004Z	20xby15x	HG002-wesenyqd5xz29g	E3:20xby15x	7.36	14.71	sentdhiomr2.segdup.NCF1	1	1	0	215.4744	0.22696	7.661312	0.03376111111111111
OBS10	E3	prod-cand-1703-hg002-bjuice-4au-kitchensink-20260817T025004Z	20xby15x	HG002-wesenyqd5xz29g	E3:20xby15x	7.36	14.71	sentdhiomr2.segdup.OTOA	1	1	0	238.7813	0.257393	8.490001777777778	0.016208333333333335
OBS10	E3	prod-cand-1703-hg002-bjuice-4au-kitchensink-20260817T025004Z	20xby15x	HG002-wesenyqd5xz29g	E3:20xby15x	7.36	14.71	sentdhiomr2.segdup.PMS2	1	1	0	319.019	0.265317	11.342897777777779	0.0002555555555555556
OBS10	E3	prod-cand-1703-hg002-bjuice-4au-kitchensink-20260817T025004Z	20xby15x	HG002-wesenyqd5xz29g	E3:20xby15x	7.36	14.71	sentdhiomr2.segdup.RCCX	1	1	0	363.6517	0.302437	12.929838222222223	0.023805555555555555
OBS10	E3	prod-cand-1703-hg002-bjuice-4au-kitchensink-20260817T025004Z	20xby15x	HG002-wesenyqd5xz29g	E3:20xby15x	7.36	14.71	sentdhiomr2.segdup.RH	1	1	0	439.6502	0.473919	15.632007111111111	0.00018333333333333334
OBS10	E3	prod-cand-1703-hg002-bjuice-4au-kitchensink-20260817T025004Z	20xby15x	HG002-wesenyqd5xz29g	E3:20xby15x	7.36	14.71	sentdhiomr2.segdup.SBDS	1	1	0	229.7345	0.241981	8.168337777777777	0.014558333333333333
OBS10	E3	prod-cand-1703-hg002-bjuice-4au-kitchensink-20260817T025004Z	20xby15x	HG002-wesenyqd5xz29g	E3:20xby15x	7.36	14.71	sentdhiomr2.segdup.SMN1	1	1	0	231.9006	0.244262	8.245354666666666	0.035088888888888885
OBS10	E3	prod-cand-1703-hg002-bjuice-4au-kitchensink-20260817T025004Z	20xby15x	HG002-wesenyqd5xz29g	E3:20xby15x	7.36	14.71	sentdhiomr2.segdup.STRC	1	1	0	242.3456	0.201551	8.616732444444445	0.022191666666666665
OBS10	E3	prod-cand-1703-hg002-bjuice-4au-kitchensink-20260817T025004Z	20xby15x	HG002-wesenyqd5xz29g	E3:20xby15x	7.36	14.71	sentdhiomr2.slim-longreadsv-normalize	1	1	0	3.2911	0.001165	0.029254222222222223	0.0
OBS10	E3	prod-cand-1703-hg002-bjuice-4au-kitchensink-20260817T025004Z	20xby15x	HG002-wesenyqd5xz29g	E3:20xby15x	7.36	14.71	sentdhiomr2.slim-sniffles2-normalize	1	1	0	2.9251	0.00096	0.02600088888888889	0.0005944444444444444
OBS10	E3	prod-cand-1703-hg002-bjuice-4au-kitchensink-20260817T025004Z	20xby15x	HG002-wesenyqd5xz29g	E3:20xby15x	7.36	14.71	sentdhiomr2.slim-tag-cnv	1	1	0	28.3041	0.005509	0.251592	0.004094444444444445
OBS10	E3	prod-cand-1703-hg002-bjuice-4au-kitchensink-20260817T025004Z	20xby15x	HG002-wesenyqd5xz29g	E3:20xby15x	7.36	14.71	sentdhiomr2.slim-tag-sv	1	1	0	663.8263	0.129194	5.900678222222222	0.17918055555555554
OBS10	E3	prod-cand-1703-hg002-bjuice-4au-kitchensink-20260817T025004Z	20xby15x	HG002-wesenyqd5xz29g	E3:20xby15x	7.36	14.71	sentdhiomr2.slim-tiddit-normalize	1	1	0	2.8811	0.000579	0.025609777777777776	0.0012361111111111112
OBS10	E3	prod-cand-1703-hg002-bjuice-4au-kitchensink-20260817T025004Z	20xby15x	HG002-wesenyqd5xz29g	E3:20xby15x	7.36	14.71	sentdhiomr2.slim-tiddit-repair	1	1	0	2.9572	0.000594	0.02628622222222222	0.00026944444444444444
OBS10	E3	prod-cand-1703-hg002-bjuice-4au-kitchensink-20260817T025004Z	20xby15x	HG002-wesenyqd5xz29g	E3:20xby15x	7.36	14.71	sentdhiomr2.slim-trussv	1	1	0	7.8438	0.002778	0.06972266666666667	0.00026388888888888886
OBS10	E3	prod-cand-1703-hg002-bjuice-4au-kitchensink-20260817T025004Z	20xby15x	HG002-wesenyqd5xz29g	E3:20xby15x	7.36	14.71	sentdhiomr2.slim-truvari-aggregate	1	1	0	0.2181	2e-06	6.058333333333333e-05	0.0
OBS10	E3	prod-cand-1703-hg002-bjuice-4au-kitchensink-20260817T025004Z	20xby15x	HG002-wesenyqd5xz29g	E3:20xby15x	7.36	14.71	sentdhiomr2.slim-truvari-longreadsv	1	1	0	207.6596	0.073536	1.8458631111111112	0.05433333333333333
OBS10	E3	prod-cand-1703-hg002-bjuice-4au-kitchensink-20260817T025004Z	20xby15x	HG002-wesenyqd5xz29g	E3:20xby15x	7.36	14.71	sentdhiomr2.slim-truvari-sniffles2	1	1	0	163.4304	0.053659	1.4527146666666666	0.0383
OBS10	E3	prod-cand-1703-hg002-bjuice-4au-kitchensink-20260817T025004Z	20xby15x	HG002-wesenyqd5xz29g	E3:20xby15x	7.36	14.71	sentdhiomr2.slim-truvari-tagged_trussv	1	1	0	211.0844	0.041081	1.8763057777777776	0.054375
OBS10	E3	prod-cand-1703-hg002-bjuice-4au-kitchensink-20260817T025004Z	20xby15x	HG002-wesenyqd5xz29g	E3:20xby15x	7.36	14.71	sentdhiomr2.slim-truvari-tiddit	1	1	0	163.0364	0.032742	1.4492124444444443	0.037644444444444446
OBS10	E3	prod-cand-1703-hg002-bjuice-4au-kitchensink-20260817T025004Z	20xby15x	HG002-wesenyqd5xz29g	E3:20xby15x	7.36	14.71	sentdhiomr2.sniffles2	1	1	0	121.4917	0.172444	4.3197048888888885	0.003958333333333334
OBS10	E3	prod-cand-1703-hg002-bjuice-4au-kitchensink-20260817T025004Z	20xby15x	HG002-wesenyqd5xz29g	E3:20xby15x	7.36	14.71	sentdhiomr2.sr-prepare	1	1	0	1279.0429	1.28487	68.21562133333333	0.019308333333333334
OBS10	E3	prod-cand-1703-hg002-bjuice-4au-kitchensink-20260817T025004Z	20xby15x	HG002-wesenyqd5xz29g	E3:20xby15x	7.36	14.71	sentdhiomr2.terminal-hybrid-validate	1	1	0	654.8823	0.929533	23.284703999999998	0.0005777777777777778
OBS10	E3	prod-cand-1703-hg002-bjuice-4au-kitchensink-20260817T025004Z	20xby15x	HG002-wesenyqd5xz29g	E3:20xby15x	7.36	14.71	sentdhiomr2.tiddit	1	1	0	535.2638	0.442505	19.031601777777777	0.0007277777777777778
OBS10	E3	prod-cand-1703-hg002-bjuice-4au-kitchensink-20260817T025004Z	20xby15x	HG002-wesenyqd5xz29g	E3:20xby15x	7.36	14.71	sentdhiomr2.tiddit.sort	1	1	0	0.8536	0.001207	0.030350222222222223	2.777777777777778e-06
OBS10	E3	prod-cand-1703-hg002-bjuice-4au-kitchensink-20260817T025004Z	20xby15x	HG002-wesenyqd5xz29g	E3:20xby15x	7.36	14.71	sentdhiomr2lr.na.alignstats	1	1	0	185.0995	0.003874	0.2056661111111111	0.1354861111111111
OBS10	E3	prod-cand-1703-hg002-bjuice-4au-kitchensink-20260817T025004Z	20xby15x	HG002-wesenyqd5xz29g	E3:20xby15x	7.36	14.71	sentdhiomr2lr.na.coverage_evenness_two	1	1	0	229.2844	0.019194	1.0190417777777778	0.632261111111111
OBS10	E3	prod-cand-1703-hg002-bjuice-4au-kitchensink-20260817T025004Z	20xby15x	HG002-wesenyqd5xz29g	E3:20xby15x	7.36	14.71	sentdhiomr2lr.na.gatk_contam	1	1	0	16.437	0.000198	0.009131666666666668	0.005333333333333333
OBS10	E3	prod-cand-1703-hg002-bjuice-4au-kitchensink-20260817T025004Z	20xby15x	HG002-wesenyqd5xz29g	E3:20xby15x	7.36	14.71	sentdhiomr2lr.na.goleft	1	1	0	1.4143	1.5e-05	0.0007857222222222222	0.00018333333333333334
OBS10	E3	prod-cand-1703-hg002-bjuice-4au-kitchensink-20260817T025004Z	20xby15x	HG002-wesenyqd5xz29g	E3:20xby15x	7.36	14.71	sentdhiomr2lr.na.infer_sex_complement	1	1	0	0.8128	5e-06	0.00022577777777777776	0.00015000000000000001
OBS10	E3	prod-cand-1703-hg002-bjuice-4au-kitchensink-20260817T025004Z	20xby15x	HG002-wesenyqd5xz29g	E3:20xby15x	7.36	14.71	sentdhiomr2lr.na.mosdepth	1	1	0	123.3023	0.00258	0.13700255555555557	0.04290833333333333
OBS10	E3	prod-cand-1703-hg002-bjuice-4au-kitchensink-20260817T025004Z	20xby15x	HG002-wesenyqd5xz29g	E3:20xby15x	7.36	14.71	sentdhiomr2lr.na.norm_cov_eveness	1	1	0	416.9581	0.008726	0.46328677777777777	0.0014305555555555556
OBS10	E3	prod-cand-1703-hg002-bjuice-4au-kitchensink-20260817T025004Z	20xby15x	HG002-wesenyqd5xz29g	E3:20xby15x	7.36	14.71	sentdhiomr2lr.na.p.ganon2_multiqc_log	1	1	0	0.0522	0.0	1.45e-05	0.0
OBS10	E3	prod-cand-1703-hg002-bjuice-4au-kitchensink-20260817T025004Z	20xby15x	HG002-wesenyqd5xz29g	E3:20xby15x	7.36	14.71	sentdhiomr2lr.na.p.unmapped_metagenomics_ganon2_quick	1	1	0	77.3557	0.069742	2.750424888888889	0.004505555555555555
OBS10	E3	prod-cand-1703-hg002-bjuice-4au-kitchensink-20260817T025004Z	20xby15x	HG002-wesenyqd5xz29g	E3:20xby15x	7.36	14.71	sentdhiomr2lr.na.samt	1	1	0	623.4478	0.013048	0.6927197777777778	0.0006666666666666666
OBS10	E3	prod-cand-1703-hg002-bjuice-4au-kitchensink-20260817T025004Z	20xby15x	HG002-wesenyqd5xz29g	E3:20xby15x	7.36	14.71	sentdhiomr2lr.na.sex_complement_somalier_metrics	1	1	0	0.5386	6e-06	0.0002992222222222222	8.333333333333334e-06
OBS10	E3	prod-cand-1703-hg002-bjuice-4au-kitchensink-20260817T025004Z	20xby15x	HG002-wesenyqd5xz29g	E3:20xby15x	7.36	14.71	sentdhiomr2lr.na.site_mix_contam	1	1	0	20.0802	0.000121	0.005577833333333334	0.004244444444444444
OBS10	E3	prod-cand-1703-hg002-bjuice-4au-kitchensink-20260817T025004Z	20xby15x	HG002-wesenyqd5xz29g	E3:20xby15x	7.36	14.71	sentdhiomr2lr.na.site_mix_contam_pileups	1	1	0	1659.197	0.034724	1.843552222222222	0.4578805555555555
OBS10	E3	prod-cand-1703-hg002-bjuice-4au-kitchensink-20260817T025004Z	20xby15x	HG002-wesenyqd5xz29g	E3:20xby15x	7.36	14.71	sentdhiomr2rsr.na.alignstats	1	1	0	204.1449	0.009036	0.22682766666666668	0.09265000000000001
OBS10	E3	prod-cand-1703-hg002-bjuice-4au-kitchensink-20260817T025004Z	20xby15x	HG002-wesenyqd5xz29g	E3:20xby15x	7.36	14.71	sentdhiomr2rsr.na.coverage_evenness_two	1	1	0	317.9349	0.030938	1.4130440000000002	0.9753722222222223
OBS10	E3	prod-cand-1703-hg002-bjuice-4au-kitchensink-20260817T025004Z	20xby15x	HG002-wesenyqd5xz29g	E3:20xby15x	7.36	14.71	sentdhiomr2rsr.na.gatk_contam	1	1	0	13.3768	0.000163	0.007431555555555555	0.0044666666666666665
OBS10	E3	prod-cand-1703-hg002-bjuice-4au-kitchensink-20260817T025004Z	20xby15x	HG002-wesenyqd5xz29g	E3:20xby15x	7.36	14.71	sentdhiomr2rsr.na.goleft	1	1	0	1.6299	3.6e-05	0.0009055	8.333333333333334e-06
OBS10	E3	prod-cand-1703-hg002-bjuice-4au-kitchensink-20260817T025004Z	20xby15x	HG002-wesenyqd5xz29g	E3:20xby15x	7.36	14.71	sentdhiomr2rsr.na.infer_sex_complement	1	1	0	0.6654	7e-06	0.00018483333333333332	8.333333333333334e-06
OBS10	E3	prod-cand-1703-hg002-bjuice-4au-kitchensink-20260817T025004Z	20xby15x	HG002-wesenyqd5xz29g	E3:20xby15x	7.36	14.71	sentdhiomr2rsr.na.mosdepth	1	1	0	102.275	0.002488	0.1136388888888889	0.028430555555555553
OBS10	E3	prod-cand-1703-hg002-bjuice-4au-kitchensink-20260817T025004Z	20xby15x	HG002-wesenyqd5xz29g	E3:20xby15x	7.36	14.71	sentdhiomr2rsr.na.norm_cov_eveness	1	1	0	542.8631	0.02403	0.6031812222222223	0.0023694444444444444
OBS10	E3	prod-cand-1703-hg002-bjuice-4au-kitchensink-20260817T025004Z	20xby15x	HG002-wesenyqd5xz29g	E3:20xby15x	7.36	14.71	sentdhiomr2rsr.na.p.ganon2_multiqc_log	1	1	0	0.0504	0.0	1.4e-05	0.0
OBS10	E3	prod-cand-1703-hg002-bjuice-4au-kitchensink-20260817T025004Z	20xby15x	HG002-wesenyqd5xz29g	E3:20xby15x	7.36	14.71	sentdhiomr2rsr.na.p.unmapped_metagenomics_ganon2_quick	1	1	0	192.0611	0.173157	6.828839111111112	0.010113888888888888
OBS10	E3	prod-cand-1703-hg002-bjuice-4au-kitchensink-20260817T025004Z	20xby15x	HG002-wesenyqd5xz29g	E3:20xby15x	7.36	14.71	sentdhiomr2rsr.na.samt	1	1	0	256.843	0.011369	0.28538111111111114	0.0057083333333333335
OBS10	E3	prod-cand-1703-hg002-bjuice-4au-kitchensink-20260817T025004Z	20xby15x	HG002-wesenyqd5xz29g	E3:20xby15x	7.36	14.71	sentdhiomr2rsr.na.sex_complement_somalier_metrics	1	1	0	0.4693	1e-05	0.0002607222222222222	8.333333333333334e-06
OBS10	E3	prod-cand-1703-hg002-bjuice-4au-kitchensink-20260817T025004Z	20xby15x	HG002-wesenyqd5xz29g	E3:20xby15x	7.36	14.71	sentdhiomr2rsr.na.site_mix_contam	1	1	0	24.7586	0.000151	0.0068773888888888895	0.004263888888888889
OBS10	E3	prod-cand-1703-hg002-bjuice-4au-kitchensink-20260817T025004Z	20xby15x	HG002-wesenyqd5xz29g	E3:20xby15x	7.36	14.71	sentdhiomr2rsr.na.site_mix_contam_pileups	1	1	0	694.4541	0.016894	0.7716156666666667	0.1428222222222222
OBS10	E3	prod-cand-1703-hg002-bjuice-4au-kitchensink-20260817T025004Z	20xby15x	HG002-wesenyqd5xz29g	E3:20xby15x	7.36	14.71	sentdhiomr2sr.smd.alignstats	1	1	0	412.0294	0.008623	0.45781044444444446	0.24288055555555554
OBS10	E3	prod-cand-1703-hg002-bjuice-4au-kitchensink-20260817T025004Z	20xby15x	HG002-wesenyqd5xz29g	E3:20xby15x	7.36	14.71	sentdhiomr2sr.smd.coverage_evenness_two	1	1	0	296.2861	0.024803	1.316827111111111	0.698111111111111
OBS10	E3	prod-cand-1703-hg002-bjuice-4au-kitchensink-20260817T025004Z	20xby15x	HG002-wesenyqd5xz29g	E3:20xby15x	7.36	14.71	sentdhiomr2sr.smd.gatk_contam	1	1	0	22.9019	0.000275	0.012723277777777778	0.005794444444444444
OBS10	E3	prod-cand-1703-hg002-bjuice-4au-kitchensink-20260817T025004Z	20xby15x	HG002-wesenyqd5xz29g	E3:20xby15x	7.36	14.71	sentdhiomr2sr.smd.goleft	1	1	0	1.3052	1.4e-05	0.000725111111111111	0.00023333333333333333
OBS10	E3	prod-cand-1703-hg002-bjuice-4au-kitchensink-20260817T025004Z	20xby15x	HG002-wesenyqd5xz29g	E3:20xby15x	7.36	14.71	sentdhiomr2sr.smd.infer_sex_complement	1	1	0	0.4888	3e-06	0.00013577777777777777	5.555555555555556e-06
OBS10	E3	prod-cand-1703-hg002-bjuice-4au-kitchensink-20260817T025004Z	20xby15x	HG002-wesenyqd5xz29g	E3:20xby15x	7.36	14.71	sentdhiomr2sr.smd.mosdepth	1	1	0	129.5349	0.002711	0.14392766666666665	0.051458333333333335
OBS10	E3	prod-cand-1703-hg002-bjuice-4au-kitchensink-20260817T025004Z	20xby15x	HG002-wesenyqd5xz29g	E3:20xby15x	7.36	14.71	sentdhiomr2sr.smd.norm_cov_eveness	1	1	0	506.1715	0.010593	0.5624127777777778	0.002436111111111111
OBS10	E3	prod-cand-1703-hg002-bjuice-4au-kitchensink-20260817T025004Z	20xby15x	HG002-wesenyqd5xz29g	E3:20xby15x	7.36	14.71	sentdhiomr2sr.smd.p.ganon2_multiqc_log	1	1	0	0.0518	0.0	1.4388888888888888e-05	0.0
OBS10	E3	prod-cand-1703-hg002-bjuice-4au-kitchensink-20260817T025004Z	20xby15x	HG002-wesenyqd5xz29g	E3:20xby15x	7.36	14.71	sentdhiomr2sr.smd.p.unmapped_metagenomics_ganon2_quick	1	1	0	967.7431	0.648101	34.40864355555556	0.11074444444444445
OBS10	E3	prod-cand-1703-hg002-bjuice-4au-kitchensink-20260817T025004Z	20xby15x	HG002-wesenyqd5xz29g	E3:20xby15x	7.36	14.71	sentdhiomr2sr.smd.samt	1	1	0	673.6769	0.014099	0.7485298888888889	0.024633333333333337
OBS10	E3	prod-cand-1703-hg002-bjuice-4au-kitchensink-20260817T025004Z	20xby15x	HG002-wesenyqd5xz29g	E3:20xby15x	7.36	14.71	sentdhiomr2sr.smd.sex_complement_somalier_metrics	1	1	0	0.4912	6e-06	0.0002728888888888889	5.555555555555556e-06
OBS10	E3	prod-cand-1703-hg002-bjuice-4au-kitchensink-20260817T025004Z	20xby15x	HG002-wesenyqd5xz29g	E3:20xby15x	7.36	14.71	sentdhiomr2sr.smd.site_mix_contam	1	1	0	27.9566	0.000168	0.0077657222222222225	0.0042361111111111115
OBS10	E3	prod-cand-1703-hg002-bjuice-4au-kitchensink-20260817T025004Z	20xby15x	HG002-wesenyqd5xz29g	E3:20xby15x	7.36	14.71	sentdhiomr2sr.smd.site_mix_contam_pileups	1	1	0	1327.9134	0.027791	1.4754593333333332	0.0
OBS10	E3	prod-cand-1703-hg002-bjuice-4au-kitchensink-20260817T025004Z	20xby15x	HG002-wesenyqd5xz29g	E3:20xby15x	7.36	14.71	sentmm2ont.na.expansionhunter	1	1	0	75.1832	0.007769	0.33414755555555553	0.20752500000000002
OBS10	E3	prod-cand-1703-hg002-bjuice-4au-kitchensink-20260817T025004Z	20xby15x	HG002-wesenyqd5xz29g	E3:20xby15x	7.36	14.71	sentmm2ont.na.expansionhunter_json_to_tsv	1	1	0	0.4978	3e-06	0.00013827777777777777	2.777777777777778e-06
OBS10	E3	prod-cand-1703-hg002-bjuice-4au-kitchensink-20260817T025004Z	20xby15x	HG002-wesenyqd5xz29g	E3:20xby15x	7.36	14.71	sentmm2ont.na.sentdhiomr2.altair-v1.1.parse_vcfeval_summary	1	1	0	14.6598	0.000324	0.008144333333333333	1.6666666666666667e-05
OBS10	E3	prod-cand-1703-hg002-bjuice-4au-kitchensink-20260817T025004Z	20xby15x	HG002-wesenyqd5xz29g	E3:20xby15x	7.36	14.71	sentmm2ont.na.sentdhiomr2.altair-v1.1.rtg_vcfeval	1	1	0	72.1605	0.007022	0.32071333333333335	0.06223611111111112
OBS10	E3	prod-cand-1703-hg002-bjuice-4au-kitchensink-20260817T025004Z	20xby15x	HG002-wesenyqd5xz29g	E3:20xby15x	7.36	14.71	sentmm2ont.na.sentdhiomr2.bcfstat	1	1	0	19.5011	0.001201	0.032501833333333334	0.004875
OBS10	E3	prod-cand-1703-hg002-bjuice-4au-kitchensink-20260817T025004Z	20xby15x	HG002-wesenyqd5xz29g	E3:20xby15x	7.36	14.71	sentmm2ont.na.sentdhiomr2.chr1.vep	1	1	0	870.09	0.021167	0.9667666666666667	0.011738888888888889
OBS10	E3	prod-cand-1703-hg002-bjuice-4au-kitchensink-20260817T025004Z	20xby15x	HG002-wesenyqd5xz29g	E3:20xby15x	7.36	14.71	sentmm2ont.na.sentdhiomr2.chr1.vep_input	1	1	0	5.5981	6.2e-05	0.0015550277777777776	5.555555555555556e-06
OBS10	E3	prod-cand-1703-hg002-bjuice-4au-kitchensink-20260817T025004Z	20xby15x	HG002-wesenyqd5xz29g	E3:20xby15x	7.36	14.71	sentmm2ont.na.sentdhiomr2.chr10.vep	1	1	0	559.6952	0.024775	0.6218835555555555	0.011144444444444443
OBS10	E3	prod-cand-1703-hg002-bjuice-4au-kitchensink-20260817T025004Z	20xby15x	HG002-wesenyqd5xz29g	E3:20xby15x	7.36	14.71	sentmm2ont.na.sentdhiomr2.chr10.vep_input	1	1	0	5.6289	6.2e-05	0.0015635833333333333	3.611111111111111e-05
OBS10	E3	prod-cand-1703-hg002-bjuice-4au-kitchensink-20260817T025004Z	20xby15x	HG002-wesenyqd5xz29g	E3:20xby15x	7.36	14.71	sentmm2ont.na.sentdhiomr2.chr11.vep	1	1	0	535.3501	0.013024	0.5948334444444444	0.009691666666666666
OBS10	E3	prod-cand-1703-hg002-bjuice-4au-kitchensink-20260817T025004Z	20xby15x	HG002-wesenyqd5xz29g	E3:20xby15x	7.36	14.71	sentmm2ont.na.sentdhiomr2.chr11.vep_input	1	1	0	5.1881	5.8e-05	0.001441138888888889	1.1111111111111112e-05
OBS10	E3	prod-cand-1703-hg002-bjuice-4au-kitchensink-20260817T025004Z	20xby15x	HG002-wesenyqd5xz29g	E3:20xby15x	7.36	14.71	sentmm2ont.na.sentdhiomr2.chr12.vep	1	1	0	525.5764	0.023265	0.5839737777777778	0.006569444444444444
OBS10	E3	prod-cand-1703-hg002-bjuice-4au-kitchensink-20260817T025004Z	20xby15x	HG002-wesenyqd5xz29g	E3:20xby15x	7.36	14.71	sentmm2ont.na.sentdhiomr2.chr12.vep_input	1	1	0	3.7269	4.1e-05	0.00103525	2.4999999999999998e-05
OBS10	E3	prod-cand-1703-hg002-bjuice-4au-kitchensink-20260817T025004Z	20xby15x	HG002-wesenyqd5xz29g	E3:20xby15x	7.36	14.71	sentmm2ont.na.sentdhiomr2.chr13.vep	1	1	0	355.3221	0.015728	0.3948023333333333	0.006797222222222222
OBS10	E3	prod-cand-1703-hg002-bjuice-4au-kitchensink-20260817T025004Z	20xby15x	HG002-wesenyqd5xz29g	E3:20xby15x	7.36	14.71	sentmm2ont.na.sentdhiomr2.chr13.vep_input	1	1	0	4.5646	5.1e-05	0.0012679444444444446	0.0
OBS10	E3	prod-cand-1703-hg002-bjuice-4au-kitchensink-20260817T025004Z	20xby15x	HG002-wesenyqd5xz29g	E3:20xby15x	7.36	14.71	sentmm2ont.na.sentdhiomr2.chr14.vep	1	1	0	358.0658	0.008711	0.3978508888888889	0.006102777777777777
OBS10	E3	prod-cand-1703-hg002-bjuice-4au-kitchensink-20260817T025004Z	20xby15x	HG002-wesenyqd5xz29g	E3:20xby15x	7.36	14.71	sentmm2ont.na.sentdhiomr2.chr14.vep_input	1	1	0	3.8913	4.3e-05	0.0010809166666666667	1.6666666666666667e-05
OBS10	E3	prod-cand-1703-hg002-bjuice-4au-kitchensink-20260817T025004Z	20xby15x	HG002-wesenyqd5xz29g	E3:20xby15x	7.36	14.71	sentmm2ont.na.sentdhiomr2.chr15.vep	1	1	0	297.0096	0.01219	0.3300106666666666	0.004877777777777778
OBS10	E3	prod-cand-1703-hg002-bjuice-4au-kitchensink-20260817T025004Z	20xby15x	HG002-wesenyqd5xz29g	E3:20xby15x	7.36	14.71	sentmm2ont.na.sentdhiomr2.chr15.vep_input	1	1	0	3.6268	4e-05	0.0010074444444444445	2.777777777777778e-06
OBS10	E3	prod-cand-1703-hg002-bjuice-4au-kitchensink-20260817T025004Z	20xby15x	HG002-wesenyqd5xz29g	E3:20xby15x	7.36	14.71	sentmm2ont.na.sentdhiomr2.chr16.vep	1	1	0	282.4376	0.011592	0.3138195555555555	0.004847222222222222
OBS10	E3	prod-cand-1703-hg002-bjuice-4au-kitchensink-20260817T025004Z	20xby15x	HG002-wesenyqd5xz29g	E3:20xby15x	7.36	14.71	sentmm2ont.na.sentdhiomr2.chr16.vep_input	1	1	0	3.2871	3.6e-05	0.0009130833333333333	0.0
OBS10	E3	prod-cand-1703-hg002-bjuice-4au-kitchensink-20260817T025004Z	20xby15x	HG002-wesenyqd5xz29g	E3:20xby15x	7.36	14.71	sentmm2ont.na.sentdhiomr2.chr17.vep	1	1	0	288.7411	0.012781	0.32082344444444444	0.0004222222222222222
OBS10	E3	prod-cand-1703-hg002-bjuice-4au-kitchensink-20260817T025004Z	20xby15x	HG002-wesenyqd5xz29g	E3:20xby15x	7.36	14.71	sentmm2ont.na.sentdhiomr2.chr17.vep_input	1	1	0	3.8248	4.2e-05	0.0010624444444444444	3.611111111111111e-05
OBS10	E3	prod-cand-1703-hg002-bjuice-4au-kitchensink-20260817T025004Z	20xby15x	HG002-wesenyqd5xz29g	E3:20xby15x	7.36	14.71	sentmm2ont.na.sentdhiomr2.chr18.vep	1	1	0	247.8072	0.010969	0.2753413333333333	0.0037916666666666667
OBS10	E3	prod-cand-1703-hg002-bjuice-4au-kitchensink-20260817T025004Z	20xby15x	HG002-wesenyqd5xz29g	E3:20xby15x	7.36	14.71	sentmm2ont.na.sentdhiomr2.chr18.vep_input	1	1	0	2.0861	2.1e-05	0.0005794722222222222	0.00031388888888888883
OBS10	E3	prod-cand-1703-hg002-bjuice-4au-kitchensink-20260817T025004Z	20xby15x	HG002-wesenyqd5xz29g	E3:20xby15x	7.36	14.71	sentmm2ont.na.sentdhiomr2.chr19.vep	1	1	0	301.0508	0.013353	0.33450088888888885	0.009238888888888888
OBS10	E3	prod-cand-1703-hg002-bjuice-4au-kitchensink-20260817T025004Z	20xby15x	HG002-wesenyqd5xz29g	E3:20xby15x	7.36	14.71	sentmm2ont.na.sentdhiomr2.chr19.vep_input	1	1	0	2.4384	2.5e-05	0.0006773333333333334	2.777777777777778e-05
OBS10	E3	prod-cand-1703-hg002-bjuice-4au-kitchensink-20260817T025004Z	20xby15x	HG002-wesenyqd5xz29g	E3:20xby15x	7.36	14.71	sentmm2ont.na.sentdhiomr2.chr2.vep	1	1	0	862.4574	0.038255	0.958286	0.0010277777777777778
OBS10	E3	prod-cand-1703-hg002-bjuice-4au-kitchensink-20260817T025004Z	20xby15x	HG002-wesenyqd5xz29g	E3:20xby15x	7.36	14.71	sentmm2ont.na.sentdhiomr2.chr2.vep_input	1	1	0	7.4015	8.2e-05	0.0020559722222222225	9.999999999999999e-05
OBS10	E3	prod-cand-1703-hg002-bjuice-4au-kitchensink-20260817T025004Z	20xby15x	HG002-wesenyqd5xz29g	E3:20xby15x	7.36	14.71	sentmm2ont.na.sentdhiomr2.chr20.vep	1	1	0	244.0958	0.010827	0.27121755555555555	0.006280555555555556
OBS10	E3	prod-cand-1703-hg002-bjuice-4au-kitchensink-20260817T025004Z	20xby15x	HG002-wesenyqd5xz29g	E3:20xby15x	7.36	14.71	sentmm2ont.na.sentdhiomr2.chr20.vep_input	1	1	0	2.0756	2.1e-05	0.0005765555555555556	0.00031388888888888883
OBS10	E3	prod-cand-1703-hg002-bjuice-4au-kitchensink-20260817T025004Z	20xby15x	HG002-wesenyqd5xz29g	E3:20xby15x	7.36	14.71	sentmm2ont.na.sentdhiomr2.chr21.vep	1	1	0	188.9833	0.008365	0.20998144444444447	0.007313888888888888
OBS10	E3	prod-cand-1703-hg002-bjuice-4au-kitchensink-20260817T025004Z	20xby15x	HG002-wesenyqd5xz29g	E3:20xby15x	7.36	14.71	sentmm2ont.na.sentdhiomr2.chr21.vep_input	1	1	0	1.7835	2e-05	0.0004954166666666667	2.777777777777778e-06
OBS10	E3	prod-cand-1703-hg002-bjuice-4au-kitchensink-20260817T025004Z	20xby15x	HG002-wesenyqd5xz29g	E3:20xby15x	7.36	14.71	sentmm2ont.na.sentdhiomr2.chr22.vep	1	1	0	202.2638	0.008953	0.22473755555555555	0.0052138888888888886
OBS10	E3	prod-cand-1703-hg002-bjuice-4au-kitchensink-20260817T025004Z	20xby15x	HG002-wesenyqd5xz29g	E3:20xby15x	7.36	14.71	sentmm2ont.na.sentdhiomr2.chr22.vep_input	1	1	0	2.2385	2.5e-05	0.0006218055555555556	0.00023333333333333333
OBS10	E3	prod-cand-1703-hg002-bjuice-4au-kitchensink-20260817T025004Z	20xby15x	HG002-wesenyqd5xz29g	E3:20xby15x	7.36	14.71	sentmm2ont.na.sentdhiomr2.chr3.vep	1	1	0	759.1585	0.033604	0.8435094444444444	0.010069444444444445
OBS10	E3	prod-cand-1703-hg002-bjuice-4au-kitchensink-20260817T025004Z	20xby15x	HG002-wesenyqd5xz29g	E3:20xby15x	7.36	14.71	sentmm2ont.na.sentdhiomr2.chr3.vep_input	1	1	0	6.6892	7.4e-05	0.001858111111111111	0.00010833333333333334
OBS10	E3	prod-cand-1703-hg002-bjuice-4au-kitchensink-20260817T025004Z	20xby15x	HG002-wesenyqd5xz29g	E3:20xby15x	7.36	14.71	sentmm2ont.na.sentdhiomr2.chr4.vep	1	1	0	631.0151	0.027932	0.7011278888888889	0.011566666666666666
OBS10	E3	prod-cand-1703-hg002-bjuice-4au-kitchensink-20260817T025004Z	20xby15x	HG002-wesenyqd5xz29g	E3:20xby15x	7.36	14.71	sentmm2ont.na.sentdhiomr2.chr4.vep_input	1	1	0	5.0396	5.2e-05	0.0013998888888888889	0.001
OBS10	E3	prod-cand-1703-hg002-bjuice-4au-kitchensink-20260817T025004Z	20xby15x	HG002-wesenyqd5xz29g	E3:20xby15x	7.36	14.71	sentmm2ont.na.sentdhiomr2.chr5.vep	1	1	0	646.1973	0.028663	0.717997	0.01015
OBS10	E3	prod-cand-1703-hg002-bjuice-4au-kitchensink-20260817T025004Z	20xby15x	HG002-wesenyqd5xz29g	E3:20xby15x	7.36	14.71	sentmm2ont.na.sentdhiomr2.chr5.vep_input	1	1	0	4.8636	5e-05	0.001351	3.888888888888889e-05
OBS10	E3	prod-cand-1703-hg002-bjuice-4au-kitchensink-20260817T025004Z	20xby15x	HG002-wesenyqd5xz29g	E3:20xby15x	7.36	14.71	sentmm2ont.na.sentdhiomr2.chr6.vep	1	1	0	604.1398	0.024795	0.6712664444444445	0.009580555555555556
OBS10	E3	prod-cand-1703-hg002-bjuice-4au-kitchensink-20260817T025004Z	20xby15x	HG002-wesenyqd5xz29g	E3:20xby15x	7.36	14.71	sentmm2ont.na.sentdhiomr2.chr6.vep_input	1	1	0	4.828	5e-05	0.0013411111111111113	5.555555555555556e-05
OBS10	E3	prod-cand-1703-hg002-bjuice-4au-kitchensink-20260817T025004Z	20xby15x	HG002-wesenyqd5xz29g	E3:20xby15x	7.36	14.71	sentmm2ont.na.sentdhiomr2.chr7.vep	1	1	0	632.5367	0.028057	0.7028185555555555	0.009244444444444444
OBS10	E3	prod-cand-1703-hg002-bjuice-4au-kitchensink-20260817T025004Z	20xby15x	HG002-wesenyqd5xz29g	E3:20xby15x	7.36	14.71	sentmm2ont.na.sentdhiomr2.chr7.vep_input	1	1	0	4.5774	4.7e-05	0.0012715	0.0008722222222222223
OBS10	E3	prod-cand-1703-hg002-bjuice-4au-kitchensink-20260817T025004Z	20xby15x	HG002-wesenyqd5xz29g	E3:20xby15x	7.36	14.71	sentmm2ont.na.sentdhiomr2.chr8.vep	1	1	0	650.9507	0.028814	0.7232785555555555	0.000925
OBS10	E3	prod-cand-1703-hg002-bjuice-4au-kitchensink-20260817T025004Z	20xby15x	HG002-wesenyqd5xz29g	E3:20xby15x	7.36	14.71	sentmm2ont.na.sentdhiomr2.chr8.vep_input	1	1	0	5.6004	6.2e-05	0.0015556666666666666	2.2222222222222223e-05
OBS10	E3	prod-cand-1703-hg002-bjuice-4au-kitchensink-20260817T025004Z	20xby15x	HG002-wesenyqd5xz29g	E3:20xby15x	7.36	14.71	sentmm2ont.na.sentdhiomr2.chr9.vep	1	1	0	502.4716	0.022288	0.5583017777777778	0.0005944444444444444
OBS10	E3	prod-cand-1703-hg002-bjuice-4au-kitchensink-20260817T025004Z	20xby15x	HG002-wesenyqd5xz29g	E3:20xby15x	7.36	14.71	sentmm2ont.na.sentdhiomr2.chr9.vep_input	1	1	0	4.9931	5.5e-05	0.0013869722222222222	5.833333333333333e-05
OBS10	E3	prod-cand-1703-hg002-bjuice-4au-kitchensink-20260817T025004Z	20xby15x	HG002-wesenyqd5xz29g	E3:20xby15x	7.36	14.71	sentmm2ont.na.sentdhiomr2.chrM.vep	1	1	0	1.0855	4.8e-05	0.001206111111111111	0.00011111111111111112
OBS10	E3	prod-cand-1703-hg002-bjuice-4au-kitchensink-20260817T025004Z	20xby15x	HG002-wesenyqd5xz29g	E3:20xby15x	7.36	14.71	sentmm2ont.na.sentdhiomr2.chrM.vep_input	1	1	0	0.7872	9e-06	0.00021866666666666668	5.555555555555556e-06
OBS10	E3	prod-cand-1703-hg002-bjuice-4au-kitchensink-20260817T025004Z	20xby15x	HG002-wesenyqd5xz29g	E3:20xby15x	7.36	14.71	sentmm2ont.na.sentdhiomr2.chrX.vep	1	1	0	182.0207	0.008057	0.20224522222222222	0.004033333333333333
OBS10	E3	prod-cand-1703-hg002-bjuice-4au-kitchensink-20260817T025004Z	20xby15x	HG002-wesenyqd5xz29g	E3:20xby15x	7.36	14.71	sentmm2ont.na.sentdhiomr2.chrX.vep_input	1	1	0	3.007	3.3e-05	0.0008352777777777778	8.333333333333334e-06
OBS10	E3	prod-cand-1703-hg002-bjuice-4au-kitchensink-20260817T025004Z	20xby15x	HG002-wesenyqd5xz29g	E3:20xby15x	7.36	14.71	sentmm2ont.na.sentdhiomr2.chrY.vep	1	1	0	8.2852	0.00034	0.009205777777777778	0.00010833333333333334
OBS10	E3	prod-cand-1703-hg002-bjuice-4au-kitchensink-20260817T025004Z	20xby15x	HG002-wesenyqd5xz29g	E3:20xby15x	7.36	14.71	sentmm2ont.na.sentdhiomr2.chrY.vep_input	1	1	0	0.7569	8e-06	0.00021025000000000001	2.2222222222222223e-05
OBS10	E3	prod-cand-1703-hg002-bjuice-4au-kitchensink-20260817T025004Z	20xby15x	HG002-wesenyqd5xz29g	E3:20xby15x	7.36	14.71	sentmm2ont.na.sentdhiomr2.cli-gvcf.altair-v1.1.parse_vcfeval_summary	1	1	0	13.3136	0.000162	0.007396444444444444	5.555555555555556e-05
OBS10	E3	prod-cand-1703-hg002-bjuice-4au-kitchensink-20260817T025004Z	20xby15x	HG002-wesenyqd5xz29g	E3:20xby15x	7.36	14.71	sentmm2ont.na.sentdhiomr2.cli-gvcf.altair-v1.1.rtg_vcfeval	1	1	0	3139.7652	0.305531	13.954512	1.942225
OBS10	E3	prod-cand-1703-hg002-bjuice-4au-kitchensink-20260817T025004Z	20xby15x	HG002-wesenyqd5xz29g	E3:20xby15x	7.36	14.71	sentmm2ont.na.sentdhiomr2.cli-gvcf.clinvar_genes.parse_vcfeval_summary	1	1	0	15.4288	0.000188	0.008571555555555556	0.00018333333333333334
OBS10	E3	prod-cand-1703-hg002-bjuice-4au-kitchensink-20260817T025004Z	20xby15x	HG002-wesenyqd5xz29g	E3:20xby15x	7.36	14.71	sentmm2ont.na.sentdhiomr2.cli-gvcf.clinvar_genes.rtg_vcfeval	1	1	0	3030.0444	0.5365	13.466864000000001	1.8716416666666666
OBS10	E3	prod-cand-1703-hg002-bjuice-4au-kitchensink-20260817T025004Z	20xby15x	HG002-wesenyqd5xz29g	E3:20xby15x	7.36	14.71	sentmm2ont.na.sentdhiomr2.cli-gvcf.concordance	1	1	0	0.4611	2.2e-05	0.0010246666666666668	5.555555555555556e-06
OBS10	E3	prod-cand-1703-hg002-bjuice-4au-kitchensink-20260817T025004Z	20xby15x	HG002-wesenyqd5xz29g	E3:20xby15x	7.36	14.71	sentmm2ont.na.sentdhiomr2.cli-gvcf.giabHC.parse_vcfeval_summary	1	1	0	91.1299	0.001108	0.05062772222222223	0.008294444444444445
OBS10	E3	prod-cand-1703-hg002-bjuice-4au-kitchensink-20260817T025004Z	20xby15x	HG002-wesenyqd5xz29g	E3:20xby15x	7.36	14.71	sentmm2ont.na.sentdhiomr2.cli-gvcf.giabHC.rtg_vcfeval	1	1	0	3193.6079	0.566621	14.193812888888889	1.981138888888889
OBS10	E3	prod-cand-1703-hg002-bjuice-4au-kitchensink-20260817T025004Z	20xby15x	HG002-wesenyqd5xz29g	E3:20xby15x	7.36	14.71	sentmm2ont.na.sentdhiomr2.cli-gvcf.giabHC_x_clinvar_genes.parse_vcfeval_summary	1	1	0	12.1551	0.000148	0.006752833333333333	0.0007416666666666666
OBS10	E3	prod-cand-1703-hg002-bjuice-4au-kitchensink-20260817T025004Z	20xby15x	HG002-wesenyqd5xz29g	E3:20xby15x	7.36	14.71	sentmm2ont.na.sentdhiomr2.cli-gvcf.giabHC_x_clinvar_genes.rtg_vcfeval	1	1	0	3153.351	0.306853	14.014893333333333	1.9425555555555556
OBS10	E3	prod-cand-1703-hg002-bjuice-4au-kitchensink-20260817T025004Z	20xby15x	HG002-wesenyqd5xz29g	E3:20xby15x	7.36	14.71	sentmm2ont.na.sentdhiomr2.cli-gvcf.giabHC_x_ultima.parse_vcfeval_summary	1	1	0	87.4812	0.001064	0.04860066666666667	0.0082
OBS10	E3	prod-cand-1703-hg002-bjuice-4au-kitchensink-20260817T025004Z	20xby15x	HG002-wesenyqd5xz29g	E3:20xby15x	7.36	14.71	sentmm2ont.na.sentdhiomr2.cli-gvcf.giabHC_x_ultima.rtg_vcfeval	1	1	0	3163.576	0.307848	14.060337777777779	1.9750750000000001
OBS10	E3	prod-cand-1703-hg002-bjuice-4au-kitchensink-20260817T025004Z	20xby15x	HG002-wesenyqd5xz29g	E3:20xby15x	7.36	14.71	sentmm2ont.na.sentdhiomr2.cli-gvcf.giabHC_x_ultima_x_clinvar.parse_vcfeval_summary	1	1	0	11.9958	0.000146	0.006664333333333333	1.1111111111111112e-05
OBS10	E3	prod-cand-1703-hg002-bjuice-4au-kitchensink-20260817T025004Z	20xby15x	HG002-wesenyqd5xz29g	E3:20xby15x	7.36	14.71	sentmm2ont.na.sentdhiomr2.cli-gvcf.giabHC_x_ultima_x_clinvar.rtg_vcfeval	1	1	0	3183.0853	0.564754	14.147045777777778	1.926661111111111
OBS10	E3	prod-cand-1703-hg002-bjuice-4au-kitchensink-20260817T025004Z	20xby15x	HG002-wesenyqd5xz29g	E3:20xby15x	7.36	14.71	sentmm2ont.na.sentdhiomr2.cli-gvcf.giabHCv5q.parse_vcfeval_summary	1	1	0	106.8423	0.0013	0.05935683333333333	6.38888888888889e-05
OBS10	E3	prod-cand-1703-hg002-bjuice-4au-kitchensink-20260817T025004Z	20xby15x	HG002-wesenyqd5xz29g	E3:20xby15x	7.36	14.71	sentmm2ont.na.sentdhiomr2.cli-gvcf.giabHCv5q.rtg_vcfeval	1	1	0	3317.3762	0.322814	14.743894222222224	2.3168666666666664
OBS10	E3	prod-cand-1703-hg002-bjuice-4au-kitchensink-20260817T025004Z	20xby15x	HG002-wesenyqd5xz29g	E3:20xby15x	7.36	14.71	sentmm2ont.na.sentdhiomr2.cli-gvcf.hg38.parse_vcfeval_summary	1	1	0	119.8904	0.001458	0.06660577777777778	0.0004805555555555556
OBS10	E3	prod-cand-1703-hg002-bjuice-4au-kitchensink-20260817T025004Z	20xby15x	HG002-wesenyqd5xz29g	E3:20xby15x	7.36	14.71	sentmm2ont.na.sentdhiomr2.cli-gvcf.hg38.rtg_vcfeval	1	1	0	3083.6258	0.300068	13.705003555555555	1.9450083333333332
OBS10	E3	prod-cand-1703-hg002-bjuice-4au-kitchensink-20260817T025004Z	20xby15x	HG002-wesenyqd5xz29g	E3:20xby15x	7.36	14.71	sentmm2ont.na.sentdhiomr2.cli-gvcf.hg38_m_giabHC.parse_vcfeval_summary	1	1	0	30.0801	0.000366	0.016711166666666666	0.0003111111111111111
OBS10	E3	prod-cand-1703-hg002-bjuice-4au-kitchensink-20260817T025004Z	20xby15x	HG002-wesenyqd5xz29g	E3:20xby15x	7.36	14.71	sentmm2ont.na.sentdhiomr2.cli-gvcf.hg38_m_giabHC.rtg_vcfeval	1	1	0	3127.249	0.304313	13.898884444444443	1.9195083333333331
OBS10	E3	prod-cand-1703-hg002-bjuice-4au-kitchensink-20260817T025004Z	20xby15x	HG002-wesenyqd5xz29g	E3:20xby15x	7.36	14.71	sentmm2ont.na.sentdhiomr2.cli-gvcf.ultima.parse_vcfeval_summary	1	1	0	97.5931	0.001187	0.05421838888888889	0.007569444444444445
OBS10	E3	prod-cand-1703-hg002-bjuice-4au-kitchensink-20260817T025004Z	20xby15x	HG002-wesenyqd5xz29g	E3:20xby15x	7.36	14.71	sentmm2ont.na.sentdhiomr2.cli-gvcf.ultima.rtg_vcfeval	1	1	0	3136.1197	0.305176	13.938309777777778	1.6666666666666667e-05
OBS10	E3	prod-cand-1703-hg002-bjuice-4au-kitchensink-20260817T025004Z	20xby15x	HG002-wesenyqd5xz29g	E3:20xby15x	7.36	14.71	sentmm2ont.na.sentdhiomr2.clinvar_genes.parse_vcfeval_summary	1	1	0	13.5931	0.000301	0.007551722222222222	0.00016388888888888887
OBS10	E3	prod-cand-1703-hg002-bjuice-4au-kitchensink-20260817T025004Z	20xby15x	HG002-wesenyqd5xz29g	E3:20xby15x	7.36	14.71	sentmm2ont.na.sentdhiomr2.clinvar_genes.rtg_vcfeval	1	1	0	71.5366	0.006961	0.31794044444444447	0.061900000000000004
OBS10	E3	prod-cand-1703-hg002-bjuice-4au-kitchensink-20260817T025004Z	20xby15x	HG002-wesenyqd5xz29g	E3:20xby15x	7.36	14.71	sentmm2ont.na.sentdhiomr2.concordance	1	1	0	0.4667	4.1e-05	0.001037111111111111	5.555555555555556e-06
OBS10	E3	prod-cand-1703-hg002-bjuice-4au-kitchensink-20260817T025004Z	20xby15x	HG002-wesenyqd5xz29g	E3:20xby15x	7.36	14.71	sentmm2ont.na.sentdhiomr2.giabHC.parse_vcfeval_summary	1	1	0	80.8761	0.000984	0.04493116666666666	0.005316666666666667
OBS10	E3	prod-cand-1703-hg002-bjuice-4au-kitchensink-20260817T025004Z	20xby15x	HG002-wesenyqd5xz29g	E3:20xby15x	7.36	14.71	sentmm2ont.na.sentdhiomr2.giabHC.rtg_vcfeval	1	1	0	77.1885	0.007511	0.34306000000000003	0.07609722222222222
OBS10	E3	prod-cand-1703-hg002-bjuice-4au-kitchensink-20260817T025004Z	20xby15x	HG002-wesenyqd5xz29g	E3:20xby15x	7.36	14.71	sentmm2ont.na.sentdhiomr2.giabHC_x_clinvar_genes.parse_vcfeval_summary	1	1	0	13.4104	0.000297	0.007450222222222222	0.0009944444444444445
OBS10	E3	prod-cand-1703-hg002-bjuice-4au-kitchensink-20260817T025004Z	20xby15x	HG002-wesenyqd5xz29g	E3:20xby15x	7.36	14.71	sentmm2ont.na.sentdhiomr2.giabHC_x_clinvar_genes.rtg_vcfeval	1	1	0	73.3437	0.007137	0.325972	0.06154722222222222
OBS10	E3	prod-cand-1703-hg002-bjuice-4au-kitchensink-20260817T025004Z	20xby15x	HG002-wesenyqd5xz29g	E3:20xby15x	7.36	14.71	sentmm2ont.na.sentdhiomr2.giabHC_x_ultima.parse_vcfeval_summary	1	1	0	76.3485	0.00169	0.04241583333333333	0.0036916666666666664
OBS10	E3	prod-cand-1703-hg002-bjuice-4au-kitchensink-20260817T025004Z	20xby15x	HG002-wesenyqd5xz29g	E3:20xby15x	7.36	14.71	sentmm2ont.na.sentdhiomr2.giabHC_x_ultima.rtg_vcfeval	1	1	0	77.4155	0.007533	0.34406888888888887	0.07190833333333334
OBS10	E3	prod-cand-1703-hg002-bjuice-4au-kitchensink-20260817T025004Z	20xby15x	HG002-wesenyqd5xz29g	E3:20xby15x	7.36	14.71	sentmm2ont.na.sentdhiomr2.giabHC_x_ultima_x_clinvar.parse_vcfeval_summary	1	1	0	13.2646	0.000294	0.007369222222222222	0.0009333333333333333
OBS10	E3	prod-cand-1703-hg002-bjuice-4au-kitchensink-20260817T025004Z	20xby15x	HG002-wesenyqd5xz29g	E3:20xby15x	7.36	14.71	sentmm2ont.na.sentdhiomr2.giabHC_x_ultima_x_clinvar.rtg_vcfeval	1	1	0	74.3078	0.007231	0.3302568888888889	0.06038888888888889
OBS10	E3	prod-cand-1703-hg002-bjuice-4au-kitchensink-20260817T025004Z	20xby15x	HG002-wesenyqd5xz29g	E3:20xby15x	7.36	14.71	sentmm2ont.na.sentdhiomr2.giabHCv5q.parse_vcfeval_summary	1	1	0	93.5223	0.00207	0.051956833333333334	0.008638888888888889
OBS10	E3	prod-cand-1703-hg002-bjuice-4au-kitchensink-20260817T025004Z	20xby15x	HG002-wesenyqd5xz29g	E3:20xby15x	7.36	14.71	sentmm2ont.na.sentdhiomr2.giabHCv5q.rtg_vcfeval	1	1	0	1038.5896	0.101065	4.6159537777777775	0.3948361111111111
OBS10	E3	prod-cand-1703-hg002-bjuice-4au-kitchensink-20260817T025004Z	20xby15x	HG002-wesenyqd5xz29g	E3:20xby15x	7.36	14.71	sentmm2ont.na.sentdhiomr2.hg38.parse_vcfeval_summary	1	1	0	104.7347	0.002318	0.05818594444444445	0.005722222222222222
OBS10	E3	prod-cand-1703-hg002-bjuice-4au-kitchensink-20260817T025004Z	20xby15x	HG002-wesenyqd5xz29g	E3:20xby15x	7.36	14.71	sentmm2ont.na.sentdhiomr2.hg38.rtg_vcfeval	1	1	0	80.9783	0.00788	0.3599035555555556	0.0
OBS10	E3	prod-cand-1703-hg002-bjuice-4au-kitchensink-20260817T025004Z	20xby15x	HG002-wesenyqd5xz29g	E3:20xby15x	7.36	14.71	sentmm2ont.na.sentdhiomr2.hg38_m_giabHC.parse_vcfeval_summary	1	1	0	26.7236	0.000591	0.014846444444444445	0.0008250000000000001
OBS10	E3	prod-cand-1703-hg002-bjuice-4au-kitchensink-20260817T025004Z	20xby15x	HG002-wesenyqd5xz29g	E3:20xby15x	7.36	14.71	sentmm2ont.na.sentdhiomr2.hg38_m_giabHC.rtg_vcfeval	1	1	0	71.1749	0.012628	0.3163328888888889	0.06234166666666667
OBS10	E3	prod-cand-1703-hg002-bjuice-4au-kitchensink-20260817T025004Z	20xby15x	HG002-wesenyqd5xz29g	E3:20xby15x	7.36	14.71	sentmm2ont.na.sentdhiomr2.peddy	1	1	0	6.2339	0.000256	0.006926555555555556	0.0010277777777777778
OBS10	E3	prod-cand-1703-hg002-bjuice-4au-kitchensink-20260817T025004Z	20xby15x	HG002-wesenyqd5xz29g	E3:20xby15x	7.36	14.71	sentmm2ont.na.sentdhiomr2.rtgvcfstats	1	1	0	30.3108	0.000671	0.016839333333333335	0.006136111111111111
OBS10	E3	prod-cand-1703-hg002-bjuice-4au-kitchensink-20260817T025004Z	20xby15x	HG002-wesenyqd5xz29g	E3:20xby15x	7.36	14.71	sentmm2ont.na.sentdhiomr2.ultima.parse_vcfeval_summary	1	1	0	85.7173	0.001897	0.04762072222222222	0.004841666666666667
OBS10	E3	prod-cand-1703-hg002-bjuice-4au-kitchensink-20260817T025004Z	20xby15x	HG002-wesenyqd5xz29g	E3:20xby15x	7.36	14.71	sentmm2ont.na.sentdhiomr2.ultima.rtg_vcfeval	1	1	0	96.8836	0.017154	0.4305937777777778	0.12413055555555556
OBS10	E3	prod-cand-1703-hg002-bjuice-4au-kitchensink-20260817T025004Z	20xby15x	HG002-wesenyqd5xz29g	E3:20xby15x	7.36	14.71	sentmm2ont.na.sentdhiomr2.vep_concat	1	1	0	65.4217	0.005792	0.14538155555555557	8.61111111111111e-05
OBS10	E3	prod-cand-1703-hg002-bjuice-4au-kitchensink-20260817T025004Z	20xby15x	HG002-wesenyqd5xz29g	E3:20xby15x	7.36	14.71	sentmm2ont.na.sentdhiomr2.vep_concat_fofn	1	1	0	0.1619	1e-06	4.497222222222222e-05	0.0
OBS10	E3	prod-cand-1703-hg002-bjuice-4au-kitchensink-20260817T025004Z	20xby15x	HG002-wesenyqd5xz29g	E3:20xby15x	7.36	14.71	sentmm2ont.na.sentdhiomr2.vep_validate_input_contigs	1	1	0	0.6442	5e-06	0.00017894444444444444	0.0
OBS10	E3	prod-cand-1703-hg002-bjuice-4au-kitchensink-20260817T025004Z	20xby15x	HG002-wesenyqd5xz29g	E3:20xby15x	7.36	14.71	seqfu	1	1	0	1096.3597	0.072945	1.8272661666666665	1.078861111111111
OBS10	E3	prod-cand-1703-hg002-bjuice-4au-kitchensink-20260817T025004Z	20xby15x	HG002-wesenyqd5xz29g	E3:20xby15x	7.36	14.71	snv_vcf.vcf-sv-stats	1	1	0	253.8614	0.005619	0.1410341111111111	0.06223333333333333
OBS10	E3	prod-cand-1703-hg002-bjuice-4au-kitchensink-20260817T025004Z	20xby15x	HG002-wesenyqd5xz29g	E3:20xby15x	7.36	14.71	source_reheadered_cnvscope_vcf.vcf-sv-stats	1	1	0	0.9612	2e-05	0.0005340000000000001	3.0555555555555554e-05
OBS10	E3	prod-cand-1703-hg002-bjuice-4au-kitchensink-20260817T025004Z	20xby15x	HG002-wesenyqd5xz29g	E3:20xby15x	7.36	14.71	synthetic_smn_vcf.vcf-sv-stats	1	1	0	1.0199	2.3e-05	0.0005666111111111112	1.388888888888889e-05
OBS10	E3	prod-cand-1703-hg002-bjuice-4au-kitchensink-20260817T025004Z	20xby15x	HG002-wesenyqd5xz29g	E3:20xby15x	7.36	14.71	tagged_cnv_vcf.vcf-sv-stats	1	1	0	2.0178	4.5e-05	0.0011209999999999998	9.166666666666667e-05
OBS10	E3	prod-cand-1703-hg002-bjuice-4au-kitchensink-20260817T025004Z	20xby15x	HG002-wesenyqd5xz29g	E3:20xby15x	7.36	14.71	tagged_sv_vcf.vcf-sv-stats	1	1	0	5.7521	7e-05	0.0031956111111111113	0.0009722222222222222
OBS10	E3	prod-cand-1703-hg002-bjuice-4au-kitchensink-20260817T025004Z	20xby15x	HG002-wesenyqd5xz29g	E3:20xby15x	7.36	14.71	untagged_trussv_vcf.vcf-sv-stats	1	1	0	3.6487	8.1e-05	0.0020270555555555554	0.0006222222222222223
OBS11	E1	prod-cand-1703-hg002-bjuice-v2-multiau-20260814T114522Z	p5xp5	HG002-082hc3dnbehb1c	E1:p5xp5	8.54	0.57	expansionhunter_vcf.vcf-sv-stats	1	1	0	0.8088	1.6e-05	0.0004493333333333333	3.611111111111111e-05
OBS11	E1	prod-cand-1703-hg002-bjuice-v2-multiau-20260814T114522Z	p5xp5	HG002-082hc3dnbehb1c	E1:p5xp5	8.54	0.57	fastqc	1	1	0	688.5415	0.116174	3.060184444444445	0.27615555555555554
OBS11	E1	prod-cand-1703-hg002-bjuice-v2-multiau-20260814T114522Z	p5xp5	HG002-082hc3dnbehb1c	E1:p5xp5	8.54	0.57	mitochondrial_vcf.vcf-sv-stats	1	1	0	2.7686	5.8e-05	0.0015381111111111112	0.00013333333333333334
OBS11	E1	prod-cand-1703-hg002-bjuice-v2-multiau-20260814T114522Z	p5xp5	HG002-082hc3dnbehb1c	E1:p5xp5	8.54	0.57	normalized_longreadsv_vcf.vcf-sv-stats	1	1	0	0.8876	1.8e-05	0.000493111111111111	3.3333333333333335e-05
OBS11	E1	prod-cand-1703-hg002-bjuice-v2-multiau-20260814T114522Z	p5xp5	HG002-082hc3dnbehb1c	E1:p5xp5	8.54	0.57	normalized_sniffles2_vcf.vcf-sv-stats	1	1	0	2.6955	5.7e-05	0.0014975	0.0001277777777777778
OBS11	E1	prod-cand-1703-hg002-bjuice-v2-multiau-20260814T114522Z	p5xp5	HG002-082hc3dnbehb1c	E1:p5xp5	8.54	0.57	normalized_tiddit_vcf.vcf-sv-stats	1	1	0	2.7138	5.9e-05	0.0015076666666666667	1.388888888888889e-05
OBS11	E1	prod-cand-1703-hg002-bjuice-v2-multiau-20260814T114522Z	p5xp5	HG002-082hc3dnbehb1c	E1:p5xp5	8.54	0.57	segdup_CFH_vcf.vcf-sv-stats	1	1	0	2.6425	3.1e-05	0.0014680555555555556	3.0555555555555554e-05
OBS11	E1	prod-cand-1703-hg002-bjuice-v2-multiau-20260814T114522Z	p5xp5	HG002-082hc3dnbehb1c	E1:p5xp5	8.54	0.57	segdup_CYP11B1_vcf.vcf-sv-stats	1	1	0	2.6536	3.1e-05	0.0014742222222222223	0.0001277777777777778
OBS11	E1	prod-cand-1703-hg002-bjuice-v2-multiau-20260814T114522Z	p5xp5	HG002-082hc3dnbehb1c	E1:p5xp5	8.54	0.57	segdup_CYP2A6_vcf.vcf-sv-stats	1	1	0	2.6626	3.2e-05	0.001479222222222222	0.00013055555555555555
OBS11	E1	prod-cand-1703-hg002-bjuice-v2-multiau-20260814T114522Z	p5xp5	HG002-082hc3dnbehb1c	E1:p5xp5	8.54	0.57	segdup_CYP2B6_vcf.vcf-sv-stats	1	1	0	0.8451	1.9e-05	0.0004695	2.777777777777778e-05
OBS11	E1	prod-cand-1703-hg002-bjuice-v2-multiau-20260814T114522Z	p5xp5	HG002-082hc3dnbehb1c	E1:p5xp5	8.54	0.57	segdup_CYP2D6_vcf.vcf-sv-stats	1	1	0	2.1511	2.6e-05	0.0011950555555555555	0.00012222222222222221
OBS11	E1	prod-cand-1703-hg002-bjuice-v2-multiau-20260814T114522Z	p5xp5	HG002-082hc3dnbehb1c	E1:p5xp5	8.54	0.57	segdup_GBA1_vcf.vcf-sv-stats	1	1	0	2.6615	3.2e-05	0.0014786111111111113	0.0001277777777777778
OBS11	E1	prod-cand-1703-hg002-bjuice-v2-multiau-20260814T114522Z	p5xp5	HG002-082hc3dnbehb1c	E1:p5xp5	8.54	0.57	segdup_HBA_vcf.vcf-sv-stats	1	1	0	0.9666	2.1e-05	0.000537	2.4999999999999998e-05
OBS11	E1	prod-cand-1703-hg002-bjuice-v2-multiau-20260814T114522Z	p5xp5	HG002-082hc3dnbehb1c	E1:p5xp5	8.54	0.57	segdup_NCF1_vcf.vcf-sv-stats	1	1	0	2.6665	3.2e-05	0.0014813888888888889	0.0001361111111111111
OBS11	E1	prod-cand-1703-hg002-bjuice-v2-multiau-20260814T114522Z	p5xp5	HG002-082hc3dnbehb1c	E1:p5xp5	8.54	0.57	segdup_OTOA_vcf.vcf-sv-stats	1	1	0	1.0022	2.2e-05	0.0005567777777777778	2.4999999999999998e-05
OBS11	E1	prod-cand-1703-hg002-bjuice-v2-multiau-20260814T114522Z	p5xp5	HG002-082hc3dnbehb1c	E1:p5xp5	8.54	0.57	segdup_PMS2_vcf.vcf-sv-stats	1	1	0	2.6671	3.2e-05	0.0014817222222222222	9.722222222222222e-05
OBS11	E1	prod-cand-1703-hg002-bjuice-v2-multiau-20260814T114522Z	p5xp5	HG002-082hc3dnbehb1c	E1:p5xp5	8.54	0.57	segdup_RCCX1_vcf.vcf-sv-stats	1	1	0	2.6465	3.1e-05	0.0014702777777777778	3.0555555555555554e-05
OBS11	E1	prod-cand-1703-hg002-bjuice-v2-multiau-20260814T114522Z	p5xp5	HG002-082hc3dnbehb1c	E1:p5xp5	8.54	0.57	segdup_RHD_vcf.vcf-sv-stats	1	1	0	0.7684	1.5e-05	0.00042688888888888887	4.1666666666666665e-05
OBS11	E1	prod-cand-1703-hg002-bjuice-v2-multiau-20260814T114522Z	p5xp5	HG002-082hc3dnbehb1c	E1:p5xp5	8.54	0.57	segdup_SBDS_vcf.vcf-sv-stats	1	1	0	0.9159	1.1e-05	0.0005088333333333334	3.0555555555555554e-05
OBS11	E1	prod-cand-1703-hg002-bjuice-v2-multiau-20260814T114522Z	p5xp5	HG002-082hc3dnbehb1c	E1:p5xp5	8.54	0.57	segdup_SMN1_vcf.vcf-sv-stats	1	1	0	2.6464	3.1e-05	0.0014702222222222222	3.3333333333333335e-05
OBS11	E1	prod-cand-1703-hg002-bjuice-v2-multiau-20260814T114522Z	p5xp5	HG002-082hc3dnbehb1c	E1:p5xp5	8.54	0.57	segdup_STRC_vcf.vcf-sv-stats	1	1	0	2.643	3.1e-05	0.0014683333333333332	3.0555555555555554e-05
OBS11	E1	prod-cand-1703-hg002-bjuice-v2-multiau-20260814T114522Z	p5xp5	HG002-082hc3dnbehb1c	E1:p5xp5	8.54	0.57	sentdhiomr2.command-manifest	1	1	0	0.4993	0.000631	0.01775288888888889	5.555555555555556e-06
OBS11	E1	prod-cand-1703-hg002-bjuice-v2-multiau-20260814T114522Z	p5xp5	HG002-082hc3dnbehb1c	E1:p5xp5	8.54	0.57	sentdhiomr2.five-chromosome-hard-vcf	1	1	0	71.4419	0.0903	2.5401564444444444	0.011738888888888889
OBS11	E1	prod-cand-1703-hg002-bjuice-v2-multiau-20260814T114522Z	p5xp5	HG002-082hc3dnbehb1c	E1:p5xp5	8.54	0.57	sentdhiomr2.hybrid-cli172i-core	1	1	0	3042.1486	4.106281	108.16528355555556	0.0013
OBS11	E1	prod-cand-1703-hg002-bjuice-v2-multiau-20260814T114522Z	p5xp5	HG002-082hc3dnbehb1c	E1:p5xp5	8.54	0.57	sentdhiomr2.hybrid-cli172i-finalize-1	1	1	0	171.863	0.004482	0.1909588888888889	0.0097
OBS11	E1	prod-cand-1703-hg002-bjuice-v2-multiau-20260814T114522Z	p5xp5	HG002-082hc3dnbehb1c	E1:p5xp5	8.54	0.57	sentdhiomr2.hybrid-cli172i-finalize-10	1	1	0	110.3879	0.002879	0.12265322222222222	0.005511111111111111
OBS11	E1	prod-cand-1703-hg002-bjuice-v2-multiau-20260814T114522Z	p5xp5	HG002-082hc3dnbehb1c	E1:p5xp5	8.54	0.57	sentdhiomr2.hybrid-cli172i-finalize-11	1	1	0	105.6348	0.002755	0.117372	1.6666666666666667e-05
OBS11	E1	prod-cand-1703-hg002-bjuice-v2-multiau-20260814T114522Z	p5xp5	HG002-082hc3dnbehb1c	E1:p5xp5	8.54	0.57	sentdhiomr2.hybrid-cli172i-finalize-12	1	1	0	114.6157	0.002989	0.12735077777777778	0.004255555555555556
OBS11	E1	prod-cand-1703-hg002-bjuice-v2-multiau-20260814T114522Z	p5xp5	HG002-082hc3dnbehb1c	E1:p5xp5	8.54	0.57	sentdhiomr2.hybrid-cli172i-finalize-13	1	1	0	86.6597	0.00226	0.09628855555555556	0.0020944444444444443
OBS11	E1	prod-cand-1703-hg002-bjuice-v2-multiau-20260814T114522Z	p5xp5	HG002-082hc3dnbehb1c	E1:p5xp5	8.54	0.57	sentdhiomr2.hybrid-cli172i-finalize-14	1	1	0	75.1739	0.001961	0.08352655555555556	0.005411111111111111
OBS11	E1	prod-cand-1703-hg002-bjuice-v2-multiau-20260814T114522Z	p5xp5	HG002-082hc3dnbehb1c	E1:p5xp5	8.54	0.57	sentdhiomr2.hybrid-cli172i-finalize-15	1	1	0	77.9309	0.002032	0.08658988888888888	0.0036361111111111112
OBS11	E1	prod-cand-1703-hg002-bjuice-v2-multiau-20260814T114522Z	p5xp5	HG002-082hc3dnbehb1c	E1:p5xp5	8.54	0.57	sentdhiomr2.hybrid-cli172i-finalize-16	1	1	0	71.1451	0.001855	0.07905011111111111	0.006905555555555555
OBS11	E1	prod-cand-1703-hg002-bjuice-v2-multiau-20260814T114522Z	p5xp5	HG002-082hc3dnbehb1c	E1:p5xp5	8.54	0.57	sentdhiomr2.hybrid-cli172i-finalize-17	1	1	0	70.7296	0.001845	0.07858844444444445	0.008422222222222222
OBS11	E1	prod-cand-1703-hg002-bjuice-v2-multiau-20260814T114522Z	p5xp5	HG002-082hc3dnbehb1c	E1:p5xp5	8.54	0.57	sentdhiomr2.hybrid-cli172i-finalize-18	1	1	0	68.4895	0.001786	0.07609944444444446	0.006877777777777778
OBS11	E1	prod-cand-1703-hg002-bjuice-v2-multiau-20260814T114522Z	p5xp5	HG002-082hc3dnbehb1c	E1:p5xp5	8.54	0.57	sentdhiomr2.hybrid-cli172i-finalize-19	1	1	0	60.697	0.001583	0.06744111111111112	0.007555555555555555
OBS11	E1	prod-cand-1703-hg002-bjuice-v2-multiau-20260814T114522Z	p5xp5	HG002-082hc3dnbehb1c	E1:p5xp5	8.54	0.57	sentdhiomr2.hybrid-cli172i-finalize-2	1	1	0	171.8598	0.004482	0.19095533333333334	0.009847222222222222
OBS11	E1	prod-cand-1703-hg002-bjuice-v2-multiau-20260814T114522Z	p5xp5	HG002-082hc3dnbehb1c	E1:p5xp5	8.54	0.57	sentdhiomr2.hybrid-cli172i-finalize-20	1	1	0	53.6988	0.0014	0.059665333333333334	0.0011333333333333334
OBS11	E1	prod-cand-1703-hg002-bjuice-v2-multiau-20260814T114522Z	p5xp5	HG002-082hc3dnbehb1c	E1:p5xp5	8.54	0.57	sentdhiomr2.hybrid-cli172i-finalize-21	1	1	0	41.184	0.001074	0.045759999999999995	0.002322222222222222
OBS11	E1	prod-cand-1703-hg002-bjuice-v2-multiau-20260814T114522Z	p5xp5	HG002-082hc3dnbehb1c	E1:p5xp5	8.54	0.57	sentdhiomr2.hybrid-cli172i-finalize-22	1	1	0	39.579	0.001032	0.043976666666666664	0.0026916666666666664
OBS11	E1	prod-cand-1703-hg002-bjuice-v2-multiau-20260814T114522Z	p5xp5	HG002-082hc3dnbehb1c	E1:p5xp5	8.54	0.57	sentdhiomr2.hybrid-cli172i-finalize-23	1	1	0	267.6216	0.00698	0.2973573333333333	0.010336111111111112
OBS11	E1	prod-cand-1703-hg002-bjuice-v2-multiau-20260814T114522Z	p5xp5	HG002-082hc3dnbehb1c	E1:p5xp5	8.54	0.57	sentdhiomr2.hybrid-cli172i-finalize-24	1	1	0	61.7988	0.001612	0.06866533333333333	0.005716666666666666
OBS11	E1	prod-cand-1703-hg002-bjuice-v2-multiau-20260814T114522Z	p5xp5	HG002-082hc3dnbehb1c	E1:p5xp5	8.54	0.57	sentdhiomr2.hybrid-cli172i-finalize-25	1	1	0	14.2404	0.000371	0.015822666666666665	0.0
OBS11	E1	prod-cand-1703-hg002-bjuice-v2-multiau-20260814T114522Z	p5xp5	HG002-082hc3dnbehb1c	E1:p5xp5	8.54	0.57	sentdhiomr2.hybrid-cli172i-finalize-3	1	1	0	155.1157	0.004045	0.17235077777777777	0.004302777777777778
OBS11	E1	prod-cand-1703-hg002-bjuice-v2-multiau-20260814T114522Z	p5xp5	HG002-082hc3dnbehb1c	E1:p5xp5	8.54	0.57	sentdhiomr2.hybrid-cli172i-finalize-4	1	1	0	148.4295	0.003871	0.16492166666666666	0.006111111111111111
OBS11	E1	prod-cand-1703-hg002-bjuice-v2-multiau-20260814T114522Z	p5xp5	HG002-082hc3dnbehb1c	E1:p5xp5	8.54	0.57	sentdhiomr2.hybrid-cli172i-finalize-5	1	1	0	130.4565	0.003402	0.14495166666666667	0.0018527777777777778
OBS11	E1	prod-cand-1703-hg002-bjuice-v2-multiau-20260814T114522Z	p5xp5	HG002-082hc3dnbehb1c	E1:p5xp5	8.54	0.57	sentdhiomr2.hybrid-cli172i-finalize-6	1	1	0	122.9632	0.003207	0.1366257777777778	0.0035277777777777777
OBS11	E1	prod-cand-1703-hg002-bjuice-v2-multiau-20260814T114522Z	p5xp5	HG002-082hc3dnbehb1c	E1:p5xp5	8.54	0.57	sentdhiomr2.hybrid-cli172i-finalize-7	1	1	0	126.3417	0.003295	0.14037966666666668	0.0025527777777777775
OBS11	E1	prod-cand-1703-hg002-bjuice-v2-multiau-20260814T114522Z	p5xp5	HG002-082hc3dnbehb1c	E1:p5xp5	8.54	0.57	sentdhiomr2.hybrid-cli172i-finalize-8	1	1	0	114.6814	0.002991	0.12742377777777777	0.004688888888888888
OBS11	E1	prod-cand-1703-hg002-bjuice-v2-multiau-20260814T114522Z	p5xp5	HG002-082hc3dnbehb1c	E1:p5xp5	8.54	0.57	sentdhiomr2.hybrid-cli172i-finalize-9	1	1	0	101.3807	0.002644	0.11264522222222223	0.01463888888888889
OBS11	E1	prod-cand-1703-hg002-bjuice-v2-multiau-20260814T114522Z	p5xp5	HG002-082hc3dnbehb1c	E1:p5xp5	8.54	0.57	sentdhiomr2.hybrid-cli172i-gather	1	1	0	166.0422	0.008661	0.3689826666666667	0.0007277777777777778
OBS11	E1	prod-cand-1703-hg002-bjuice-v2-multiau-20260814T114522Z	p5xp5	HG002-082hc3dnbehb1c	E1:p5xp5	8.54	0.57	sentdhiomr2.inflection-analytical-ancillary	1	1	0	1.7875	0.002504	0.06355555555555556	5.277777777777778e-05
OBS11	E1	prod-cand-1703-hg002-bjuice-v2-multiau-20260814T114522Z	p5xp5	HG002-082hc3dnbehb1c	E1:p5xp5	8.54	0.57	sentdhiomr2.inflection-analytical.prod-cand-1703-hg002-bjuice-v2-multiau-20260814T114522Z	1	1	0	995.315	1.258041	35.38897777777778	0.09726388888888889
OBS11	E1	prod-cand-1703-hg002-bjuice-v2-multiau-20260814T114522Z	p5xp5	HG002-082hc3dnbehb1c	E1:p5xp5	8.54	0.57	sentdhiomr2.inflection-multiqc-stage	1	1	0	45.4771	0.00036	0.012632527777777777	0.003966666666666666
OBS11	E1	prod-cand-1703-hg002-bjuice-v2-multiau-20260814T114522Z	p5xp5	HG002-082hc3dnbehb1c	E1:p5xp5	8.54	0.57	sentdhiomr2.inflection-multiqc	1	1	0	36.0991	0.000395	0.010027527777777778	0.002266666666666667
OBS11	E1	prod-cand-1703-hg002-bjuice-v2-multiau-20260814T114522Z	p5xp5	HG002-082hc3dnbehb1c	E1:p5xp5	8.54	0.57	sentdhiomr2.mito	1	1	0	97.3185	0.13136	3.4602133333333334	0.0025361111111111114
OBS11	E1	prod-cand-1703-hg002-bjuice-v2-multiau-20260814T114522Z	p5xp5	HG002-082hc3dnbehb1c	E1:p5xp5	8.54	0.57	sentdhiomr2.normalize-smn12	1	1	0	0.223	2e-06	6.194444444444445e-05	0.0
OBS11	E1	prod-cand-1703-hg002-bjuice-v2-multiau-20260814T114522Z	p5xp5	HG002-082hc3dnbehb1c	E1:p5xp5	8.54	0.57	sentdhiomr2.roh_upd	1	1	0	189.0587	0.264882	6.722087111111111	0.049758333333333335
OBS11	E1	prod-cand-1703-hg002-bjuice-v2-multiau-20260814T114522Z	p5xp5	HG002-082hc3dnbehb1c	E1:p5xp5	8.54	0.57	sentdhiomr2.rsr-publish	1	1	0	11.021	8.7e-05	0.003061388888888889	0.0013555555555555556
OBS11	E1	prod-cand-1703-hg002-bjuice-v2-multiau-20260814T114522Z	p5xp5	HG002-082hc3dnbehb1c	E1:p5xp5	8.54	0.57	sentdhiomr2.scope	1	1	0	0.6372	5e-06	0.000177	5.555555555555556e-06
OBS11	E1	prod-cand-1703-hg002-bjuice-v2-multiau-20260814T114522Z	p5xp5	HG002-082hc3dnbehb1c	E1:p5xp5	8.54	0.57	sentdhiomr2.segdup.CFH	1	1	0	467.7595	0.355055	16.63144888888889	0.0009416666666666667
OBS11	E1	prod-cand-1703-hg002-bjuice-v2-multiau-20260814T114522Z	p5xp5	HG002-082hc3dnbehb1c	E1:p5xp5	8.54	0.57	sentdhiomr2.segdup.CYP11B1	1	1	0	365.7307	0.27761	13.003758222222222	0.019569444444444445
OBS11	E1	prod-cand-1703-hg002-bjuice-v2-multiau-20260814T114522Z	p5xp5	HG002-082hc3dnbehb1c	E1:p5xp5	8.54	0.57	sentdhiomr2.segdup.CYP2A6	1	1	0	376.6245	0.527672	13.391093333333334	0.02168611111111111
OBS11	E1	prod-cand-1703-hg002-bjuice-v2-multiau-20260814T114522Z	p5xp5	HG002-082hc3dnbehb1c	E1:p5xp5	8.54	0.57	sentdhiomr2.segdup.CYP2B6	1	1	0	366.3542	0.494504	13.02592711111111	0.02788611111111111
OBS11	E1	prod-cand-1703-hg002-bjuice-v2-multiau-20260814T114522Z	p5xp5	HG002-082hc3dnbehb1c	E1:p5xp5	8.54	0.57	sentdhiomr2.segdup.CYP2D6	1	1	0	313.7916	0.238185	11.157034666666668	0.017272222222222224
OBS11	E1	prod-cand-1703-hg002-bjuice-v2-multiau-20260814T114522Z	p5xp5	HG002-082hc3dnbehb1c	E1:p5xp5	8.54	0.57	sentdhiomr2.segdup.GBA	1	1	0	429.1906	0.57932	15.260110222222222	0.05998888888888889
OBS11	E1	prod-cand-1703-hg002-bjuice-v2-multiau-20260814T114522Z	p5xp5	HG002-082hc3dnbehb1c	E1:p5xp5	8.54	0.57	sentdhiomr2.segdup.HBA	1	1	0	320.4257	0.298423	11.392913777777778	0.00015000000000000001
OBS11	E1	prod-cand-1703-hg002-bjuice-v2-multiau-20260814T114522Z	p5xp5	HG002-082hc3dnbehb1c	E1:p5xp5	8.54	0.57	sentdhiomr2.segdup.IKBKG	1	1	0	321.849	0.334616	11.44352	0.010502777777777778
OBS11	E1	prod-cand-1703-hg002-bjuice-v2-multiau-20260814T114522Z	p5xp5	HG002-082hc3dnbehb1c	E1:p5xp5	8.54	0.57	sentdhiomr2.segdup.LPA	1	1	0	262.471	0.272882	9.332302222222223	0.0075
OBS11	E1	prod-cand-1703-hg002-bjuice-v2-multiau-20260814T114522Z	p5xp5	HG002-082hc3dnbehb1c	E1:p5xp5	8.54	0.57	sentdhiomr2.segdup.NCF1	1	1	0	338.6413	0.42602	12.040579555555556	0.009983333333333332
OBS11	E1	prod-cand-1703-hg002-bjuice-v2-multiau-20260814T114522Z	p5xp5	HG002-082hc3dnbehb1c	E1:p5xp5	8.54	0.57	sentdhiomr2.segdup.OTOA	1	1	0	327.4839	0.340474	11.643872	0.013169444444444444
OBS11	E1	prod-cand-1703-hg002-bjuice-v2-multiau-20260814T114522Z	p5xp5	HG002-082hc3dnbehb1c	E1:p5xp5	8.54	0.57	sentdhiomr2.segdup.PMS2	1	1	0	380.4446	0.354321	13.526919111111111	4.722222222222223e-05
OBS11	E1	prod-cand-1703-hg002-bjuice-v2-multiau-20260814T114522Z	p5xp5	HG002-082hc3dnbehb1c	E1:p5xp5	8.54	0.57	sentdhiomr2.segdup.RCCX	1	1	0	375.3809	0.284935	13.346876444444444	0.015425
OBS11	E1	prod-cand-1703-hg002-bjuice-v2-multiau-20260814T114522Z	p5xp5	HG002-082hc3dnbehb1c	E1:p5xp5	8.54	0.57	sentdhiomr2.segdup.RH	1	1	0	465.4671	0.588333	16.549941333333333	0.031711111111111114
OBS11	E1	prod-cand-1703-hg002-bjuice-v2-multiau-20260814T114522Z	p5xp5	HG002-082hc3dnbehb1c	E1:p5xp5	8.54	0.57	sentdhiomr2.segdup.SBDS	1	1	0	456.5928	0.639712	16.234410666666665	0.019955555555555556
OBS11	E1	prod-cand-1703-hg002-bjuice-v2-multiau-20260814T114522Z	p5xp5	HG002-082hc3dnbehb1c	E1:p5xp5	8.54	0.57	sentdhiomr2.segdup.SMN1	1	1	0	360.9766	0.33619	12.834723555555556	0.015080555555555555
OBS11	E1	prod-cand-1703-hg002-bjuice-v2-multiau-20260814T114522Z	p5xp5	HG002-082hc3dnbehb1c	E1:p5xp5	8.54	0.57	sentdhiomr2.segdup.STRC	1	1	0	331.4196	0.447349	11.783808	0.017505555555555555
OBS11	E1	prod-cand-1703-hg002-bjuice-v2-multiau-20260814T114522Z	p5xp5	HG002-082hc3dnbehb1c	E1:p5xp5	8.54	0.57	sentdhiomr2.slim-longreadsv-normalize	1	1	0	1.6754	0.000529	0.014892444444444444	0.0
OBS11	E1	prod-cand-1703-hg002-bjuice-v2-multiau-20260814T114522Z	p5xp5	HG002-082hc3dnbehb1c	E1:p5xp5	8.54	0.57	sentdhiomr2.slim-sniffles2-normalize	1	1	0	1.4514	0.00049	0.012901333333333334	2.777777777777778e-05
OBS11	E1	prod-cand-1703-hg002-bjuice-v2-multiau-20260814T114522Z	p5xp5	HG002-082hc3dnbehb1c	E1:p5xp5	8.54	0.57	sentdhiomr2.slim-tag-cnv	1	1	0	8.4553	0.002672	0.07515822222222222	0.0
OBS11	E1	prod-cand-1703-hg002-bjuice-v2-multiau-20260814T114522Z	p5xp5	HG002-082hc3dnbehb1c	E1:p5xp5	8.54	0.57	sentdhiomr2.slim-tag-sv	1	1	0	245.2462	0.077496	2.1799662222222222	0.06250277777777778
OBS11	E1	prod-cand-1703-hg002-bjuice-v2-multiau-20260814T114522Z	p5xp5	HG002-082hc3dnbehb1c	E1:p5xp5	8.54	0.57	sentdhiomr2.slim-tiddit-normalize	1	1	0	6.508	0.00228	0.05784888888888889	0.0006388888888888888
OBS11	E1	prod-cand-1703-hg002-bjuice-v2-multiau-20260814T114522Z	p5xp5	HG002-082hc3dnbehb1c	E1:p5xp5	8.54	0.57	sentdhiomr2.slim-tiddit-repair	1	1	0	5.1239	0.001795	0.045545777777777775	0.0004888888888888889
OBS11	E1	prod-cand-1703-hg002-bjuice-v2-multiau-20260814T114522Z	p5xp5	HG002-082hc3dnbehb1c	E1:p5xp5	8.54	0.57	sentdhiomr2.slim-trussv	1	1	0	4.2968	0.001358	0.03819377777777778	0.0
OBS11	E1	prod-cand-1703-hg002-bjuice-v2-multiau-20260814T114522Z	p5xp5	HG002-082hc3dnbehb1c	E1:p5xp5	8.54	0.57	sentdhiomr2.slim-truvari-aggregate	1	1	0	0.2545	2e-06	7.069444444444445e-05	0.0
OBS11	E1	prod-cand-1703-hg002-bjuice-v2-multiau-20260814T114522Z	p5xp5	HG002-082hc3dnbehb1c	E1:p5xp5	8.54	0.57	sentdhiomr2.slim-truvari-longreadsv	1	1	0	159.0345	0.050253	1.41364	0.03771111111111111
OBS11	E1	prod-cand-1703-hg002-bjuice-v2-multiau-20260814T114522Z	p5xp5	HG002-082hc3dnbehb1c	E1:p5xp5	8.54	0.57	sentdhiomr2.slim-truvari-sniffles2	1	1	0	161.8893	0.054629	1.4390159999999999	0.037477777777777777
OBS11	E1	prod-cand-1703-hg002-bjuice-v2-multiau-20260814T114522Z	p5xp5	HG002-082hc3dnbehb1c	E1:p5xp5	8.54	0.57	sentdhiomr2.slim-truvari-tagged_trussv	1	1	0	163.3508	0.051617	1.452007111111111	0.03791388888888889
OBS11	E1	prod-cand-1703-hg002-bjuice-v2-multiau-20260814T114522Z	p5xp5	HG002-082hc3dnbehb1c	E1:p5xp5	8.54	0.57	sentdhiomr2.slim-truvari-tiddit	1	1	0	195.4866	0.068472	1.7376586666666667	0.04606388888888889
OBS11	E1	prod-cand-1703-hg002-bjuice-v2-multiau-20260814T114522Z	p5xp5	HG002-082hc3dnbehb1c	E1:p5xp5	8.54	0.57	sentdhiomr2.sniffles2	1	1	0	10.2898	0.013021	0.36585955555555555	0.0
OBS11	E1	prod-cand-1703-hg002-bjuice-v2-multiau-20260814T114522Z	p5xp5	HG002-082hc3dnbehb1c	E1:p5xp5	8.54	0.57	sentdhiomr2.sr-prepare	1	1	0	2052.1322	3.890729	109.44705066666667	0.020911111111111113
OBS11	E1	prod-cand-1703-hg002-bjuice-v2-multiau-20260814T114522Z	p5xp5	HG002-082hc3dnbehb1c	E1:p5xp5	8.54	0.57	sentdhiomr2.terminal-hybrid-validate	1	1	0	224.1353	0.283299	7.969255111111111	0.03934722222222222
OBS11	E1	prod-cand-1703-hg002-bjuice-v2-multiau-20260814T114522Z	p5xp5	HG002-082hc3dnbehb1c	E1:p5xp5	8.54	0.57	sentdhiomr2.tiddit	1	1	0	1305.0465	1.64953	46.40165333333333	0.5648972222222223
OBS11	E1	prod-cand-1703-hg002-bjuice-v2-multiau-20260814T114522Z	p5xp5	HG002-082hc3dnbehb1c	E1:p5xp5	8.54	0.57	sentdhiomr2.tiddit.sort	1	1	0	1.3627	0.001909	0.04845155555555555	9.444444444444446e-05
OBS11	E1	prod-cand-1703-hg002-bjuice-v2-multiau-20260814T114522Z	p5xp5	HG002-082hc3dnbehb1c	E1:p5xp5	8.54	0.57	sentdhiomr2lr.na.alignstats	1	1	0	18.367	0.000775	0.020407777777777778	0.011041666666666667
OBS11	E1	prod-cand-1703-hg002-bjuice-v2-multiau-20260814T114522Z	p5xp5	HG002-082hc3dnbehb1c	E1:p5xp5	8.54	0.57	sentdhiomr2lr.na.coverage_evenness_two	1	1	0	196.9565	0.033231	0.8753622222222223	0.629211111111111
OBS11	E1	prod-cand-1703-hg002-bjuice-v2-multiau-20260814T114522Z	p5xp5	HG002-082hc3dnbehb1c	E1:p5xp5	8.54	0.57	sentdhiomr2lr.na.gatk_contam	1	1	0	2.8011	5.9e-05	0.0015561666666666666	0.0009055555555555555
OBS11	E1	prod-cand-1703-hg002-bjuice-v2-multiau-20260814T114522Z	p5xp5	HG002-082hc3dnbehb1c	E1:p5xp5	8.54	0.57	sentdhiomr2lr.na.goleft	1	1	0	1.2605	2.7e-05	0.0007002777777777777	0.00019166666666666665
OBS11	E1	prod-cand-1703-hg002-bjuice-v2-multiau-20260814T114522Z	p5xp5	HG002-082hc3dnbehb1c	E1:p5xp5	8.54	0.57	sentdhiomr2lr.na.infer_sex_complement	1	1	0	0.4853	5e-06	0.00013480555555555555	2.777777777777778e-06
OBS11	E1	prod-cand-1703-hg002-bjuice-v2-multiau-20260814T114522Z	p5xp5	HG002-082hc3dnbehb1c	E1:p5xp5	8.54	0.57	sentdhiomr2lr.na.mosdepth	1	1	0	81.7053	0.003446	0.09078366666666667	0.021355555555555555
OBS11	E1	prod-cand-1703-hg002-bjuice-v2-multiau-20260814T114522Z	p5xp5	HG002-082hc3dnbehb1c	E1:p5xp5	8.54	0.57	sentdhiomr2lr.na.norm_cov_eveness	1	1	0	410.1769	0.017302	0.4557521111111111	0.0009722222222222222
OBS11	E1	prod-cand-1703-hg002-bjuice-v2-multiau-20260814T114522Z	p5xp5	HG002-082hc3dnbehb1c	E1:p5xp5	8.54	0.57	sentdhiomr2lr.na.p.ganon2_multiqc_log	1	1	0	0.0493	0.0	1.3694444444444443e-05	0.0
OBS11	E1	prod-cand-1703-hg002-bjuice-v2-multiau-20260814T114522Z	p5xp5	HG002-082hc3dnbehb1c	E1:p5xp5	8.54	0.57	sentdhiomr2lr.na.p.unmapped_metagenomics_ganon2_quick	1	1	0	24.9663	0.033699	0.8876906666666666	0.0035499999999999998
OBS11	E1	prod-cand-1703-hg002-bjuice-v2-multiau-20260814T114522Z	p5xp5	HG002-082hc3dnbehb1c	E1:p5xp5	8.54	0.57	sentdhiomr2lr.na.samt	1	1	0	29.3027	0.001236	0.032558555555555556	0.007861111111111112
OBS11	E1	prod-cand-1703-hg002-bjuice-v2-multiau-20260814T114522Z	p5xp5	HG002-082hc3dnbehb1c	E1:p5xp5	8.54	0.57	sentdhiomr2lr.na.sex_complement_somalier_metrics	1	1	0	0.4606	9e-06	0.0002558888888888889	5.555555555555556e-06
OBS11	E1	prod-cand-1703-hg002-bjuice-v2-multiau-20260814T114522Z	p5xp5	HG002-082hc3dnbehb1c	E1:p5xp5	8.54	0.57	sentdhiomr2lr.na.site_mix_contam	1	1	0	3.0642	3.2e-05	0.0008511666666666666	0.0004694444444444444
OBS11	E1	prod-cand-1703-hg002-bjuice-v2-multiau-20260814T114522Z	p5xp5	HG002-082hc3dnbehb1c	E1:p5xp5	8.54	0.57	sentdhiomr2lr.na.site_mix_contam_pileups	1	1	0	197.0969	0.008314	0.21899655555555556	0.04911111111111111
OBS11	E1	prod-cand-1703-hg002-bjuice-v2-multiau-20260814T114522Z	p5xp5	HG002-082hc3dnbehb1c	E1:p5xp5	8.54	0.57	sentdhiomr2rsr.na.alignstats	1	1	0	161.6187	0.006384	0.1795763333333333	0.07224444444444444
OBS11	E1	prod-cand-1703-hg002-bjuice-v2-multiau-20260814T114522Z	p5xp5	HG002-082hc3dnbehb1c	E1:p5xp5	8.54	0.57	sentdhiomr2rsr.na.coverage_evenness_two	1	1	0	226.4242	0.035774	1.0063297777777778	0.6390111111111111
OBS11	E1	prod-cand-1703-hg002-bjuice-v2-multiau-20260814T114522Z	p5xp5	HG002-082hc3dnbehb1c	E1:p5xp5	8.54	0.57	sentdhiomr2rsr.na.gatk_contam	1	1	0	7.0881	0.00014	0.003937833333333333	0.0024722222222222224
OBS11	E1	prod-cand-1703-hg002-bjuice-v2-multiau-20260814T114522Z	p5xp5	HG002-082hc3dnbehb1c	E1:p5xp5	8.54	0.57	sentdhiomr2rsr.na.goleft	1	1	0	1.3804	2.7e-05	0.0007668888888888889	0.0002111111111111111
OBS11	E1	prod-cand-1703-hg002-bjuice-v2-multiau-20260814T114522Z	p5xp5	HG002-082hc3dnbehb1c	E1:p5xp5	8.54	0.57	sentdhiomr2rsr.na.infer_sex_complement	1	1	0	0.6713	7e-06	0.00018647222222222223	8.333333333333334e-06
OBS11	E1	prod-cand-1703-hg002-bjuice-v2-multiau-20260814T114522Z	p5xp5	HG002-082hc3dnbehb1c	E1:p5xp5	8.54	0.57	sentdhiomr2rsr.na.mosdepth	1	1	0	102.3497	0.004043	0.11372188888888889	0.028275
OBS11	E1	prod-cand-1703-hg002-bjuice-v2-multiau-20260814T114522Z	p5xp5	HG002-082hc3dnbehb1c	E1:p5xp5	8.54	0.57	sentdhiomr2rsr.na.norm_cov_eveness	1	1	0	451.1507	0.01782	0.5012785555555556	0.0007944444444444444
OBS11	E1	prod-cand-1703-hg002-bjuice-v2-multiau-20260814T114522Z	p5xp5	HG002-082hc3dnbehb1c	E1:p5xp5	8.54	0.57	sentdhiomr2rsr.na.p.ganon2_multiqc_log	1	1	0	0.0498	0.0	1.3833333333333332e-05	0.0
OBS11	E1	prod-cand-1703-hg002-bjuice-v2-multiau-20260814T114522Z	p5xp5	HG002-082hc3dnbehb1c	E1:p5xp5	8.54	0.57	sentdhiomr2rsr.na.p.unmapped_metagenomics_ganon2_quick	1	1	0	330.9776	0.463718	11.768092444444445	0.019822222222222224
OBS11	E1	prod-cand-1703-hg002-bjuice-v2-multiau-20260814T114522Z	p5xp5	HG002-082hc3dnbehb1c	E1:p5xp5	8.54	0.57	sentdhiomr2rsr.na.samt	1	1	0	245.0026	0.009677	0.27222511111111114	0.0947888888888889
OBS11	E1	prod-cand-1703-hg002-bjuice-v2-multiau-20260814T114522Z	p5xp5	HG002-082hc3dnbehb1c	E1:p5xp5	8.54	0.57	sentdhiomr2rsr.na.sex_complement_somalier_metrics	1	1	0	0.4757	9e-06	0.0002642777777777778	8.333333333333334e-06
OBS11	E1	prod-cand-1703-hg002-bjuice-v2-multiau-20260814T114522Z	p5xp5	HG002-082hc3dnbehb1c	E1:p5xp5	8.54	0.57	sentdhiomr2rsr.na.site_mix_contam	1	1	0	21.1812	0.000209	0.005883666666666666	0.004138888888888889
OBS11	E1	prod-cand-1703-hg002-bjuice-v2-multiau-20260814T114522Z	p5xp5	HG002-082hc3dnbehb1c	E1:p5xp5	8.54	0.57	sentdhiomr2rsr.na.site_mix_contam_pileups	1	1	0	597.1289	0.023586	0.6634765555555556	0.11624166666666667
OBS11	E1	prod-cand-1703-hg002-bjuice-v2-multiau-20260814T114522Z	p5xp5	HG002-082hc3dnbehb1c	E1:p5xp5	8.54	0.57	sentdhiomr2sr.smd.alignstats	1	1	0	881.3191	0.037175	0.9792434444444444	0.5204166666666666
OBS11	E1	prod-cand-1703-hg002-bjuice-v2-multiau-20260814T114522Z	p5xp5	HG002-082hc3dnbehb1c	E1:p5xp5	8.54	0.57	sentdhiomr2sr.smd.coverage_evenness_two	1	1	0	382.8343	0.064594	1.7014857777777777	0.6608416666666668
OBS11	E1	prod-cand-1703-hg002-bjuice-v2-multiau-20260814T114522Z	p5xp5	HG002-082hc3dnbehb1c	E1:p5xp5	8.54	0.57	sentdhiomr2sr.smd.gatk_contam	1	1	0	24.8813	0.000491	0.013822944444444445	0.005491666666666666
OBS11	E1	prod-cand-1703-hg002-bjuice-v2-multiau-20260814T114522Z	p5xp5	HG002-082hc3dnbehb1c	E1:p5xp5	8.54	0.57	sentdhiomr2sr.smd.goleft	1	1	0	1.3312	2.8e-05	0.0007395555555555555	0.00019999999999999998
OBS11	E1	prod-cand-1703-hg002-bjuice-v2-multiau-20260814T114522Z	p5xp5	HG002-082hc3dnbehb1c	E1:p5xp5	8.54	0.57	sentdhiomr2sr.smd.infer_sex_complement	1	1	0	0.7082	7e-06	0.00019672222222222224	5.555555555555556e-06
OBS11	E1	prod-cand-1703-hg002-bjuice-v2-multiau-20260814T114522Z	p5xp5	HG002-082hc3dnbehb1c	E1:p5xp5	8.54	0.57	sentdhiomr2sr.smd.mosdepth	1	1	0	173.9048	0.007336	0.19322755555555554	0.0922111111111111
OBS11	E1	prod-cand-1703-hg002-bjuice-v2-multiau-20260814T114522Z	p5xp5	HG002-082hc3dnbehb1c	E1:p5xp5	8.54	0.57	sentdhiomr2sr.smd.norm_cov_eveness	1	1	0	622.7175	0.026267	0.6919083333333333	0.002075
OBS11	E1	prod-cand-1703-hg002-bjuice-v2-multiau-20260814T114522Z	p5xp5	HG002-082hc3dnbehb1c	E1:p5xp5	8.54	0.57	sentdhiomr2sr.smd.p.ganon2_multiqc_log	1	1	0	0.0546	0.0	1.5166666666666667e-05	0.0
OBS11	E1	prod-cand-1703-hg002-bjuice-v2-multiau-20260814T114522Z	p5xp5	HG002-082hc3dnbehb1c	E1:p5xp5	8.54	0.57	sentdhiomr2sr.smd.p.unmapped_metagenomics_ganon2_quick	1	1	0	2367.0329	3.195012	84.16116977777779	0.0035555555555555557
OBS11	E1	prod-cand-1703-hg002-bjuice-v2-multiau-20260814T114522Z	p5xp5	HG002-082hc3dnbehb1c	E1:p5xp5	8.54	0.57	sentdhiomr2sr.smd.samt	1	1	0	1443.6994	0.060897	1.6041104444444445	0.035244444444444446
OBS11	E1	prod-cand-1703-hg002-bjuice-v2-multiau-20260814T114522Z	p5xp5	HG002-082hc3dnbehb1c	E1:p5xp5	8.54	0.57	sentdhiomr2sr.smd.sex_complement_somalier_metrics	1	1	0	0.6241	1.3e-05	0.0003467222222222222	0.0
OBS11	E1	prod-cand-1703-hg002-bjuice-v2-multiau-20260814T114522Z	p5xp5	HG002-082hc3dnbehb1c	E1:p5xp5	8.54	0.57	sentdhiomr2sr.smd.site_mix_contam	1	1	0	41.8691	0.000413	0.011630305555555557	0.0042250000000000005
OBS11	E1	prod-cand-1703-hg002-bjuice-v2-multiau-20260814T114522Z	p5xp5	HG002-082hc3dnbehb1c	E1:p5xp5	8.54	0.57	sentdhiomr2sr.smd.site_mix_contam_pileups	1	1	0	2839.8599	0.119789	3.155399888888889	0.7884333333333333
OBS11	E1	prod-cand-1703-hg002-bjuice-v2-multiau-20260814T114522Z	p5xp5	HG002-082hc3dnbehb1c	E1:p5xp5	8.54	0.57	sentmm2ont.na.expansionhunter	1	1	0	366.8031	0.061889	1.6302359999999998	1.419088888888889
OBS11	E1	prod-cand-1703-hg002-bjuice-v2-multiau-20260814T114522Z	p5xp5	HG002-082hc3dnbehb1c	E1:p5xp5	8.54	0.57	sentmm2ont.na.expansionhunter_json_to_tsv	1	1	0	0.6692	4e-06	0.0001858888888888889	0.0
OBS11	E1	prod-cand-1703-hg002-bjuice-v2-multiau-20260814T114522Z	p5xp5	HG002-082hc3dnbehb1c	E1:p5xp5	8.54	0.57	sentmm2ont.na.sentdhiomr2.altair-v1.1.parse_vcfeval_summary	1	1	0	11.6658	0.000255	0.006481000000000001	5.555555555555556e-06
OBS11	E1	prod-cand-1703-hg002-bjuice-v2-multiau-20260814T114522Z	p5xp5	HG002-082hc3dnbehb1c	E1:p5xp5	8.54	0.57	sentmm2ont.na.sentdhiomr2.altair-v1.1.rtg_vcfeval	1	1	0	217.5105	0.034366	0.9667133333333333	0.06860833333333334
OBS11	E1	prod-cand-1703-hg002-bjuice-v2-multiau-20260814T114522Z	p5xp5	HG002-082hc3dnbehb1c	E1:p5xp5	8.54	0.57	sentmm2ont.na.sentdhiomr2.bcfstat	1	1	0	29.0977	0.001074	0.04849616666666667	0.004702777777777778
OBS11	E1	prod-cand-1703-hg002-bjuice-v2-multiau-20260814T114522Z	p5xp5	HG002-082hc3dnbehb1c	E1:p5xp5	8.54	0.57	sentmm2ont.na.sentdhiomr2.chr1.vep	1	1	0	688.7265	0.027204	0.7652516666666667	0.01466388888888889
OBS11	E1	prod-cand-1703-hg002-bjuice-v2-multiau-20260814T114522Z	p5xp5	HG002-082hc3dnbehb1c	E1:p5xp5	8.54	0.57	sentmm2ont.na.sentdhiomr2.chr1.vep_input	1	1	0	4.354	4.3e-05	0.0012094444444444444	0.0008916666666666667
OBS11	E1	prod-cand-1703-hg002-bjuice-v2-multiau-20260814T114522Z	p5xp5	HG002-082hc3dnbehb1c	E1:p5xp5	8.54	0.57	sentmm2ont.na.sentdhiomr2.chr10.vep	1	1	0	452.0885	0.017857	0.5023205555555555	0.005233333333333333
OBS11	E1	prod-cand-1703-hg002-bjuice-v2-multiau-20260814T114522Z	p5xp5	HG002-082hc3dnbehb1c	E1:p5xp5	8.54	0.57	sentmm2ont.na.sentdhiomr2.chr10.vep_input	1	1	0	4.1906	4.1e-05	0.0011640555555555555	4.9999999999999996e-05
OBS11	E1	prod-cand-1703-hg002-bjuice-v2-multiau-20260814T114522Z	p5xp5	HG002-082hc3dnbehb1c	E1:p5xp5	8.54	0.57	sentmm2ont.na.sentdhiomr2.chr11.vep	1	1	0	506.8501	0.022191	0.5631667777777778	0.013152777777777779
OBS11	E1	prod-cand-1703-hg002-bjuice-v2-multiau-20260814T114522Z	p5xp5	HG002-082hc3dnbehb1c	E1:p5xp5	8.54	0.57	sentmm2ont.na.sentdhiomr2.chr11.vep_input	1	1	0	3.8313	3.8e-05	0.00106425	0.0006916666666666667
OBS11	E1	prod-cand-1703-hg002-bjuice-v2-multiau-20260814T114522Z	p5xp5	HG002-082hc3dnbehb1c	E1:p5xp5	8.54	0.57	sentmm2ont.na.sentdhiomr2.chr12.vep	1	1	0	507.6468	0.022226	0.564052	0.014672222222222222
OBS11	E1	prod-cand-1703-hg002-bjuice-v2-multiau-20260814T114522Z	p5xp5	HG002-082hc3dnbehb1c	E1:p5xp5	8.54	0.57	sentmm2ont.na.sentdhiomr2.chr12.vep_input	1	1	0	3.8851	3.8e-05	0.0010791944444444445	0.0006944444444444445
OBS11	E1	prod-cand-1703-hg002-bjuice-v2-multiau-20260814T114522Z	p5xp5	HG002-082hc3dnbehb1c	E1:p5xp5	8.54	0.57	sentmm2ont.na.sentdhiomr2.chr13.vep	1	1	0	283.2596	0.011188	0.31473288888888884	0.006422222222222222
OBS11	E1	prod-cand-1703-hg002-bjuice-v2-multiau-20260814T114522Z	p5xp5	HG002-082hc3dnbehb1c	E1:p5xp5	8.54	0.57	sentmm2ont.na.sentdhiomr2.chr13.vep_input	1	1	0	3.5681	3.5e-05	0.0009911388888888888	3.611111111111111e-05
OBS11	E1	prod-cand-1703-hg002-bjuice-v2-multiau-20260814T114522Z	p5xp5	HG002-082hc3dnbehb1c	E1:p5xp5	8.54	0.57	sentmm2ont.na.sentdhiomr2.chr14.vep	1	1	0	273.9647	0.010821	0.3044052222222222	0.008108333333333334
OBS11	E1	prod-cand-1703-hg002-bjuice-v2-multiau-20260814T114522Z	p5xp5	HG002-082hc3dnbehb1c	E1:p5xp5	8.54	0.57	sentmm2ont.na.sentdhiomr2.chr14.vep_input	1	1	0	2.0781	2.1e-05	0.00057725	0.00031388888888888883
OBS11	E1	prod-cand-1703-hg002-bjuice-v2-multiau-20260814T114522Z	p5xp5	HG002-082hc3dnbehb1c	E1:p5xp5	8.54	0.57	sentmm2ont.na.sentdhiomr2.chr15.vep	1	1	0	346.3506	0.015164	0.384834	0.009166666666666667
OBS11	E1	prod-cand-1703-hg002-bjuice-v2-multiau-20260814T114522Z	p5xp5	HG002-082hc3dnbehb1c	E1:p5xp5	8.54	0.57	sentmm2ont.na.sentdhiomr2.chr15.vep_input	1	1	0	2.6709	2.6e-05	0.0007419166666666667	0.0004027777777777778
OBS11	E1	prod-cand-1703-hg002-bjuice-v2-multiau-20260814T114522Z	p5xp5	HG002-082hc3dnbehb1c	E1:p5xp5	8.54	0.57	sentmm2ont.na.sentdhiomr2.chr16.vep	1	1	0	356.4432	0.015606	0.396048	0.006627777777777778
OBS11	E1	prod-cand-1703-hg002-bjuice-v2-multiau-20260814T114522Z	p5xp5	HG002-082hc3dnbehb1c	E1:p5xp5	8.54	0.57	sentmm2ont.na.sentdhiomr2.chr16.vep_input	1	1	0	2.7395	2.7e-05	0.0007609722222222222	0.0004083333333333333
OBS11	E1	prod-cand-1703-hg002-bjuice-v2-multiau-20260814T114522Z	p5xp5	HG002-082hc3dnbehb1c	E1:p5xp5	8.54	0.57	sentmm2ont.na.sentdhiomr2.chr17.vep	1	1	0	336.8056	0.014746	0.3742284444444445	0.006177777777777778
OBS11	E1	prod-cand-1703-hg002-bjuice-v2-multiau-20260814T114522Z	p5xp5	HG002-082hc3dnbehb1c	E1:p5xp5	8.54	0.57	sentmm2ont.na.sentdhiomr2.chr17.vep_input	1	1	0	2.7191	2.7e-05	0.0007553055555555556	0.0004166666666666667
OBS11	E1	prod-cand-1703-hg002-bjuice-v2-multiau-20260814T114522Z	p5xp5	HG002-082hc3dnbehb1c	E1:p5xp5	8.54	0.57	sentmm2ont.na.sentdhiomr2.chr18.vep	1	1	0	294.7794	0.012906	0.3275326666666667	0.006066666666666666
OBS11	E1	prod-cand-1703-hg002-bjuice-v2-multiau-20260814T114522Z	p5xp5	HG002-082hc3dnbehb1c	E1:p5xp5	8.54	0.57	sentmm2ont.na.sentdhiomr2.chr18.vep_input	1	1	0	2.3527	2.3e-05	0.0006535277777777778	5.555555555555556e-06
OBS11	E1	prod-cand-1703-hg002-bjuice-v2-multiau-20260814T114522Z	p5xp5	HG002-082hc3dnbehb1c	E1:p5xp5	8.54	0.57	sentmm2ont.na.sentdhiomr2.chr19.vep	1	1	0	286.9141	0.012562	0.31879344444444446	0.007966666666666667
OBS11	E1	prod-cand-1703-hg002-bjuice-v2-multiau-20260814T114522Z	p5xp5	HG002-082hc3dnbehb1c	E1:p5xp5	8.54	0.57	sentmm2ont.na.sentdhiomr2.chr19.vep_input	1	1	0	1.7245	1.7e-05	0.00047902777777777776	0.0
OBS11	E1	prod-cand-1703-hg002-bjuice-v2-multiau-20260814T114522Z	p5xp5	HG002-082hc3dnbehb1c	E1:p5xp5	8.54	0.57	sentmm2ont.na.sentdhiomr2.chr2.vep	1	1	0	824.3494	0.036092	0.9159437777777777	0.010958333333333334
OBS11	E1	prod-cand-1703-hg002-bjuice-v2-multiau-20260814T114522Z	p5xp5	HG002-082hc3dnbehb1c	E1:p5xp5	8.54	0.57	sentmm2ont.na.sentdhiomr2.chr2.vep_input	1	1	0	5.2261	5.2e-05	0.0014516944444444445	0.0
OBS11	E1	prod-cand-1703-hg002-bjuice-v2-multiau-20260814T114522Z	p5xp5	HG002-082hc3dnbehb1c	E1:p5xp5	8.54	0.57	sentmm2ont.na.sentdhiomr2.chr20.vep	1	1	0	194.3169	0.007675	0.21590766666666666	0.0037277777777777778
OBS11	E1	prod-cand-1703-hg002-bjuice-v2-multiau-20260814T114522Z	p5xp5	HG002-082hc3dnbehb1c	E1:p5xp5	8.54	0.57	sentmm2ont.na.sentdhiomr2.chr20.vep_input	1	1	0	2.7255	2.7e-05	0.0007570833333333332	0.0002888888888888889
OBS11	E1	prod-cand-1703-hg002-bjuice-v2-multiau-20260814T114522Z	p5xp5	HG002-082hc3dnbehb1c	E1:p5xp5	8.54	0.57	sentmm2ont.na.sentdhiomr2.chr21.vep	1	1	0	188.1022	0.008236	0.20900244444444446	0.004438888888888889
OBS11	E1	prod-cand-1703-hg002-bjuice-v2-multiau-20260814T114522Z	p5xp5	HG002-082hc3dnbehb1c	E1:p5xp5	8.54	0.57	sentmm2ont.na.sentdhiomr2.chr21.vep_input	1	1	0	1.924	1.9e-05	0.0005344444444444444	1.1111111111111112e-05
OBS11	E1	prod-cand-1703-hg002-bjuice-v2-multiau-20260814T114522Z	p5xp5	HG002-082hc3dnbehb1c	E1:p5xp5	8.54	0.57	sentmm2ont.na.sentdhiomr2.chr22.vep	1	1	0	186.5871	0.008169	0.207319	0.003966666666666666
OBS11	E1	prod-cand-1703-hg002-bjuice-v2-multiau-20260814T114522Z	p5xp5	HG002-082hc3dnbehb1c	E1:p5xp5	8.54	0.57	sentmm2ont.na.sentdhiomr2.chr22.vep_input	1	1	0	1.8641	1.8e-05	0.0005178055555555555	0.0
OBS11	E1	prod-cand-1703-hg002-bjuice-v2-multiau-20260814T114522Z	p5xp5	HG002-082hc3dnbehb1c	E1:p5xp5	8.54	0.57	sentmm2ont.na.sentdhiomr2.chr3.vep	1	1	0	603.1756	0.023825	0.6701951111111112	0.00986111111111111
OBS11	E1	prod-cand-1703-hg002-bjuice-v2-multiau-20260814T114522Z	p5xp5	HG002-082hc3dnbehb1c	E1:p5xp5	8.54	0.57	sentmm2ont.na.sentdhiomr2.chr3.vep_input	1	1	0	3.6644	3.6e-05	0.001017888888888889	1.6666666666666667e-05
OBS11	E1	prod-cand-1703-hg002-bjuice-v2-multiau-20260814T114522Z	p5xp5	HG002-082hc3dnbehb1c	E1:p5xp5	8.54	0.57	sentmm2ont.na.sentdhiomr2.chr4.vep	1	1	0	600.5733	0.023722	0.6673036666666667	0.010808333333333333
OBS11	E1	prod-cand-1703-hg002-bjuice-v2-multiau-20260814T114522Z	p5xp5	HG002-082hc3dnbehb1c	E1:p5xp5	8.54	0.57	sentmm2ont.na.sentdhiomr2.chr4.vep_input	1	1	0	4.049	4e-05	0.0011247222222222223	0.0
OBS11	E1	prod-cand-1703-hg002-bjuice-v2-multiau-20260814T114522Z	p5xp5	HG002-082hc3dnbehb1c	E1:p5xp5	8.54	0.57	sentmm2ont.na.sentdhiomr2.chr5.vep	1	1	0	612.3205	0.026809	0.6803561111111112	0.012005555555555556
OBS11	E1	prod-cand-1703-hg002-bjuice-v2-multiau-20260814T114522Z	p5xp5	HG002-082hc3dnbehb1c	E1:p5xp5	8.54	0.57	sentmm2ont.na.sentdhiomr2.chr5.vep_input	1	1	0	3.6321	3.6e-05	0.0010089166666666666	1.6666666666666667e-05
OBS11	E1	prod-cand-1703-hg002-bjuice-v2-multiau-20260814T114522Z	p5xp5	HG002-082hc3dnbehb1c	E1:p5xp5	8.54	0.57	sentmm2ont.na.sentdhiomr2.chr6.vep	1	1	0	556.0804	0.021965	0.6178671111111111	0.008366666666666666
OBS11	E1	prod-cand-1703-hg002-bjuice-v2-multiau-20260814T114522Z	p5xp5	HG002-082hc3dnbehb1c	E1:p5xp5	8.54	0.57	sentmm2ont.na.sentdhiomr2.chr6.vep_input	1	1	0	3.4411	3.4e-05	0.0009558611111111111	0.0
OBS11	E1	prod-cand-1703-hg002-bjuice-v2-multiau-20260814T114522Z	p5xp5	HG002-082hc3dnbehb1c	E1:p5xp5	8.54	0.57	sentmm2ont.na.sentdhiomr2.chr7.vep	1	1	0	605.9799	0.026532	0.673311	0.0074222222222222215
OBS11	E1	prod-cand-1703-hg002-bjuice-v2-multiau-20260814T114522Z	p5xp5	HG002-082hc3dnbehb1c	E1:p5xp5	8.54	0.57	sentmm2ont.na.sentdhiomr2.chr7.vep_input	1	1	0	3.9679	3.9e-05	0.0011021944444444445	5.555555555555556e-06
OBS11	E1	prod-cand-1703-hg002-bjuice-v2-multiau-20260814T114522Z	p5xp5	HG002-082hc3dnbehb1c	E1:p5xp5	8.54	0.57	sentmm2ont.na.sentdhiomr2.chr8.vep	1	1	0	534.3478	0.021106	0.5937197777777777	0.007469444444444444
OBS11	E1	prod-cand-1703-hg002-bjuice-v2-multiau-20260814T114522Z	p5xp5	HG002-082hc3dnbehb1c	E1:p5xp5	8.54	0.57	sentmm2ont.na.sentdhiomr2.chr8.vep_input	1	1	0	155.3486	0.001534	0.04315238888888889	0.0
OBS11	E1	prod-cand-1703-hg002-bjuice-v2-multiau-20260814T114522Z	p5xp5	HG002-082hc3dnbehb1c	E1:p5xp5	8.54	0.57	sentmm2ont.na.sentdhiomr2.chr9.vep	1	1	0	470.0081	0.020578	0.5222312222222223	0.000725
OBS11	E1	prod-cand-1703-hg002-bjuice-v2-multiau-20260814T114522Z	p5xp5	HG002-082hc3dnbehb1c	E1:p5xp5	8.54	0.57	sentmm2ont.na.sentdhiomr2.chr9.vep_input	1	1	0	2.7898	2.8e-05	0.0007749444444444444	0.0004166666666666667
OBS11	E1	prod-cand-1703-hg002-bjuice-v2-multiau-20260814T114522Z	p5xp5	HG002-082hc3dnbehb1c	E1:p5xp5	8.54	0.57	sentmm2ont.na.sentdhiomr2.chrM.vep	1	1	0	1.1974	5.2e-05	0.0013304444444444444	0.00012222222222222221
OBS11	E1	prod-cand-1703-hg002-bjuice-v2-multiau-20260814T114522Z	p5xp5	HG002-082hc3dnbehb1c	E1:p5xp5	8.54	0.57	sentmm2ont.na.sentdhiomr2.chrM.vep_input	1	1	0	0.8325	8e-06	0.00023125	8.333333333333334e-06
OBS11	E1	prod-cand-1703-hg002-bjuice-v2-multiau-20260814T114522Z	p5xp5	HG002-082hc3dnbehb1c	E1:p5xp5	8.54	0.57	sentmm2ont.na.sentdhiomr2.chrX.vep	1	1	0	198.1991	0.008678	0.2202212222222222	0.004994444444444445
OBS11	E1	prod-cand-1703-hg002-bjuice-v2-multiau-20260814T114522Z	p5xp5	HG002-082hc3dnbehb1c	E1:p5xp5	8.54	0.57	sentmm2ont.na.sentdhiomr2.chrX.vep_input	1	1	0	2.3579	2.3e-05	0.0006549722222222222	2.777777777777778e-06
OBS11	E1	prod-cand-1703-hg002-bjuice-v2-multiau-20260814T114522Z	p5xp5	HG002-082hc3dnbehb1c	E1:p5xp5	8.54	0.57	sentmm2ont.na.sentdhiomr2.chrY.vep	1	1	0	6.0772	0.00024	0.006752444444444445	0.0011666666666666668
OBS11	E1	prod-cand-1703-hg002-bjuice-v2-multiau-20260814T114522Z	p5xp5	HG002-082hc3dnbehb1c	E1:p5xp5	8.54	0.57	sentmm2ont.na.sentdhiomr2.chrY.vep_input	1	1	0	0.7677	8e-06	0.00021325	1.388888888888889e-05
OBS11	E1	prod-cand-1703-hg002-bjuice-v2-multiau-20260814T114522Z	p5xp5	HG002-082hc3dnbehb1c	E1:p5xp5	8.54	0.57	sentmm2ont.na.sentdhiomr2.cli-gvcf.altair-v1.1.parse_vcfeval_summary	1	1	0	10.2398	0.000202	0.005688777777777778	1.1111111111111112e-05
OBS11	E1	prod-cand-1703-hg002-bjuice-v2-multiau-20260814T114522Z	p5xp5	HG002-082hc3dnbehb1c	E1:p5xp5	8.54	0.57	sentmm2ont.na.sentdhiomr2.cli-gvcf.altair-v1.1.rtg_vcfeval	1	1	0	973.3117	0.153779	4.325829777777778	0.5127638888888889
OBS11	E1	prod-cand-1703-hg002-bjuice-v2-multiau-20260814T114522Z	p5xp5	HG002-082hc3dnbehb1c	E1:p5xp5	8.54	0.57	sentmm2ont.na.sentdhiomr2.cli-gvcf.clinvar_genes.parse_vcfeval_summary	1	1	0	11.5683	0.000228	0.006426833333333334	0.00011944444444444444
OBS11	E1	prod-cand-1703-hg002-bjuice-v2-multiau-20260814T114522Z	p5xp5	HG002-082hc3dnbehb1c	E1:p5xp5	8.54	0.57	sentmm2ont.na.sentdhiomr2.cli-gvcf.clinvar_genes.rtg_vcfeval	1	1	0	1011.8818	0.159873	4.497252444444444	0.5304055555555556
OBS11	E1	prod-cand-1703-hg002-bjuice-v2-multiau-20260814T114522Z	p5xp5	HG002-082hc3dnbehb1c	E1:p5xp5	8.54	0.57	sentmm2ont.na.sentdhiomr2.cli-gvcf.concordance	1	1	0	0.4334	3.8e-05	0.0009631111111111111	8.333333333333334e-06
OBS11	E1	prod-cand-1703-hg002-bjuice-v2-multiau-20260814T114522Z	p5xp5	HG002-082hc3dnbehb1c	E1:p5xp5	8.54	0.57	sentmm2ont.na.sentdhiomr2.cli-gvcf.giabHC.parse_vcfeval_summary	1	1	0	70.0278	0.001383	0.03890433333333333	0.005086111111111111
OBS11	E1	prod-cand-1703-hg002-bjuice-v2-multiau-20260814T114522Z	p5xp5	HG002-082hc3dnbehb1c	E1:p5xp5	8.54	0.57	sentmm2ont.na.sentdhiomr2.cli-gvcf.giabHC.rtg_vcfeval	1	1	0	991.3741	0.156633	4.406107111111111	0.5578
OBS11	E1	prod-cand-1703-hg002-bjuice-v2-multiau-20260814T114522Z	p5xp5	HG002-082hc3dnbehb1c	E1:p5xp5	8.54	0.57	sentmm2ont.na.sentdhiomr2.cli-gvcf.giabHC_x_clinvar_genes.parse_vcfeval_summary	1	1	0	9.4464	0.000187	0.005248	0.0005305555555555555
OBS11	E1	prod-cand-1703-hg002-bjuice-v2-multiau-20260814T114522Z	p5xp5	HG002-082hc3dnbehb1c	E1:p5xp5	8.54	0.57	sentmm2ont.na.sentdhiomr2.cli-gvcf.giabHC_x_clinvar_genes.rtg_vcfeval	1	1	0	970.1091	0.153273	4.311596	0.5245416666666667
OBS11	E1	prod-cand-1703-hg002-bjuice-v2-multiau-20260814T114522Z	p5xp5	HG002-082hc3dnbehb1c	E1:p5xp5	8.54	0.57	sentmm2ont.na.sentdhiomr2.cli-gvcf.giabHC_x_ultima.parse_vcfeval_summary	1	1	0	66.717	0.001318	0.037065	0.0049138888888888895
OBS11	E1	prod-cand-1703-hg002-bjuice-v2-multiau-20260814T114522Z	p5xp5	HG002-082hc3dnbehb1c	E1:p5xp5	8.54	0.57	sentmm2ont.na.sentdhiomr2.cli-gvcf.giabHC_x_ultima.rtg_vcfeval	1	1	0	1002.0687	0.158322	4.4536386666666665	0.5535222222222222
OBS11	E1	prod-cand-1703-hg002-bjuice-v2-multiau-20260814T114522Z	p5xp5	HG002-082hc3dnbehb1c	E1:p5xp5	8.54	0.57	sentmm2ont.na.sentdhiomr2.cli-gvcf.giabHC_x_ultima_x_clinvar.parse_vcfeval_summary	1	1	0	8.622	0.00017	0.00479	2.777777777777778e-06
OBS11	E1	prod-cand-1703-hg002-bjuice-v2-multiau-20260814T114522Z	p5xp5	HG002-082hc3dnbehb1c	E1:p5xp5	8.54	0.57	sentmm2ont.na.sentdhiomr2.cli-gvcf.giabHC_x_ultima_x_clinvar.rtg_vcfeval	1	1	0	970.7686	0.153377	4.314527111111111	0.5204333333333333
OBS11	E1	prod-cand-1703-hg002-bjuice-v2-multiau-20260814T114522Z	p5xp5	HG002-082hc3dnbehb1c	E1:p5xp5	8.54	0.57	sentmm2ont.na.sentdhiomr2.cli-gvcf.giabHCv5q.parse_vcfeval_summary	1	1	0	101.9286	0.002231	0.056627000000000004	0.007358333333333333
OBS11	E1	prod-cand-1703-hg002-bjuice-v2-multiau-20260814T114522Z	p5xp5	HG002-082hc3dnbehb1c	E1:p5xp5	8.54	0.57	sentmm2ont.na.sentdhiomr2.cli-gvcf.giabHCv5q.rtg_vcfeval	1	1	0	1173.9841	0.185484	5.21770711111111	0.7682333333333333
OBS11	E1	prod-cand-1703-hg002-bjuice-v2-multiau-20260814T114522Z	p5xp5	HG002-082hc3dnbehb1c	E1:p5xp5	8.54	0.57	sentmm2ont.na.sentdhiomr2.cli-gvcf.hg38.parse_vcfeval_summary	1	1	0	89.4363	0.001766	0.04968683333333333	0.002263888888888889
OBS11	E1	prod-cand-1703-hg002-bjuice-v2-multiau-20260814T114522Z	p5xp5	HG002-082hc3dnbehb1c	E1:p5xp5	8.54	0.57	sentmm2ont.na.sentdhiomr2.cli-gvcf.hg38.rtg_vcfeval	1	1	0	983.0727	0.155321	4.369212	0.5484666666666667
OBS11	E1	prod-cand-1703-hg002-bjuice-v2-multiau-20260814T114522Z	p5xp5	HG002-082hc3dnbehb1c	E1:p5xp5	8.54	0.57	sentmm2ont.na.sentdhiomr2.cli-gvcf.hg38_m_giabHC.parse_vcfeval_summary	1	1	0	21.4493	0.000424	0.011916277777777779	0.0014666666666666667
OBS11	E1	prod-cand-1703-hg002-bjuice-v2-multiau-20260814T114522Z	p5xp5	HG002-082hc3dnbehb1c	E1:p5xp5	8.54	0.57	sentmm2ont.na.sentdhiomr2.cli-gvcf.hg38_m_giabHC.rtg_vcfeval	1	1	0	1005.9642	0.158938	4.470952	0.5261944444444444
OBS11	E1	prod-cand-1703-hg002-bjuice-v2-multiau-20260814T114522Z	p5xp5	HG002-082hc3dnbehb1c	E1:p5xp5	8.54	0.57	sentmm2ont.na.sentdhiomr2.cli-gvcf.ultima.parse_vcfeval_summary	1	1	0	74.2072	0.001466	0.04122622222222222	0.004441666666666667
OBS11	E1	prod-cand-1703-hg002-bjuice-v2-multiau-20260814T114522Z	p5xp5	HG002-082hc3dnbehb1c	E1:p5xp5	8.54	0.57	sentmm2ont.na.sentdhiomr2.cli-gvcf.ultima.rtg_vcfeval	1	1	0	984.6452	0.155569	4.3762008888888895	0.5428666666666666
OBS11	E1	prod-cand-1703-hg002-bjuice-v2-multiau-20260814T114522Z	p5xp5	HG002-082hc3dnbehb1c	E1:p5xp5	8.54	0.57	sentmm2ont.na.sentdhiomr2.clinvar_genes.parse_vcfeval_summary	1	1	0	11.0041	0.000217	0.006113388888888889	0.00013055555555555555
OBS11	E1	prod-cand-1703-hg002-bjuice-v2-multiau-20260814T114522Z	p5xp5	HG002-082hc3dnbehb1c	E1:p5xp5	8.54	0.57	sentmm2ont.na.sentdhiomr2.clinvar_genes.rtg_vcfeval	1	1	0	216.1402	0.034149	0.9606231111111111	0.06330833333333333
OBS11	E1	prod-cand-1703-hg002-bjuice-v2-multiau-20260814T114522Z	p5xp5	HG002-082hc3dnbehb1c	E1:p5xp5	8.54	0.57	sentmm2ont.na.sentdhiomr2.concordance	1	1	0	0.4282	3.7e-05	0.0009515555555555556	5.555555555555556e-06
OBS11	E1	prod-cand-1703-hg002-bjuice-v2-multiau-20260814T114522Z	p5xp5	HG002-082hc3dnbehb1c	E1:p5xp5	8.54	0.57	sentmm2ont.na.sentdhiomr2.giabHC.parse_vcfeval_summary	1	1	0	65.577	0.001295	0.03643166666666667	0.005705555555555556
OBS11	E1	prod-cand-1703-hg002-bjuice-v2-multiau-20260814T114522Z	p5xp5	HG002-082hc3dnbehb1c	E1:p5xp5	8.54	0.57	sentmm2ont.na.sentdhiomr2.giabHC.rtg_vcfeval	1	1	0	64.8443	0.010245	0.2881968888888889	0.07518611111111112
OBS11	E1	prod-cand-1703-hg002-bjuice-v2-multiau-20260814T114522Z	p5xp5	HG002-082hc3dnbehb1c	E1:p5xp5	8.54	0.57	sentmm2ont.na.sentdhiomr2.giabHC_x_clinvar_genes.parse_vcfeval_summary	1	1	0	9.0174	0.000178	0.005009666666666667	0.0005138888888888889
OBS11	E1	prod-cand-1703-hg002-bjuice-v2-multiau-20260814T114522Z	p5xp5	HG002-082hc3dnbehb1c	E1:p5xp5	8.54	0.57	sentmm2ont.na.sentdhiomr2.giabHC_x_clinvar_genes.rtg_vcfeval	1	1	0	216.2615	0.034168	0.9611622222222223	0.06985833333333334
OBS11	E1	prod-cand-1703-hg002-bjuice-v2-multiau-20260814T114522Z	p5xp5	HG002-082hc3dnbehb1c	E1:p5xp5	8.54	0.57	sentmm2ont.na.sentdhiomr2.giabHC_x_ultima.parse_vcfeval_summary	1	1	0	75.501	0.001653	0.041945	0.0038444444444444446
OBS11	E1	prod-cand-1703-hg002-bjuice-v2-multiau-20260814T114522Z	p5xp5	HG002-082hc3dnbehb1c	E1:p5xp5	8.54	0.57	sentmm2ont.na.sentdhiomr2.giabHC_x_ultima.rtg_vcfeval	1	1	0	222.1037	0.035091	0.9871275555555555	0.07006388888888888
OBS11	E1	prod-cand-1703-hg002-bjuice-v2-multiau-20260814T114522Z	p5xp5	HG002-082hc3dnbehb1c	E1:p5xp5	8.54	0.57	sentmm2ont.na.sentdhiomr2.giabHC_x_ultima_x_clinvar.parse_vcfeval_summary	1	1	0	9.2258	0.000182	0.005125444444444445	1.388888888888889e-05
OBS11	E1	prod-cand-1703-hg002-bjuice-v2-multiau-20260814T114522Z	p5xp5	HG002-082hc3dnbehb1c	E1:p5xp5	8.54	0.57	sentmm2ont.na.sentdhiomr2.giabHC_x_ultima_x_clinvar.rtg_vcfeval	1	1	0	219.4546	0.034673	0.9753537777777778	0.07371666666666667
OBS11	E1	prod-cand-1703-hg002-bjuice-v2-multiau-20260814T114522Z	p5xp5	HG002-082hc3dnbehb1c	E1:p5xp5	8.54	0.57	sentmm2ont.na.sentdhiomr2.giabHCv5q.parse_vcfeval_summary	1	1	0	89.7623	0.001965	0.049867944444444444	0.009172222222222222
OBS11	E1	prod-cand-1703-hg002-bjuice-v2-multiau-20260814T114522Z	p5xp5	HG002-082hc3dnbehb1c	E1:p5xp5	8.54	0.57	sentmm2ont.na.sentdhiomr2.giabHCv5q.rtg_vcfeval	1	1	0	908.5486	0.143546	4.0379937777777775	0.3273416666666667
OBS11	E1	prod-cand-1703-hg002-bjuice-v2-multiau-20260814T114522Z	p5xp5	HG002-082hc3dnbehb1c	E1:p5xp5	8.54	0.57	sentmm2ont.na.sentdhiomr2.hg38.parse_vcfeval_summary	1	1	0	100.698	0.002204	0.05594333333333333	0.0054444444444444445
OBS11	E1	prod-cand-1703-hg002-bjuice-v2-multiau-20260814T114522Z	p5xp5	HG002-082hc3dnbehb1c	E1:p5xp5	8.54	0.57	sentmm2ont.na.sentdhiomr2.hg38.rtg_vcfeval	1	1	0	220.3515	0.034815	0.97934	0.07634444444444444
OBS11	E1	prod-cand-1703-hg002-bjuice-v2-multiau-20260814T114522Z	p5xp5	HG002-082hc3dnbehb1c	E1:p5xp5	8.54	0.57	sentmm2ont.na.sentdhiomr2.hg38_m_giabHC.parse_vcfeval_summary	1	1	0	24.8165	0.000543	0.013786944444444445	0.0011555555555555555
OBS11	E1	prod-cand-1703-hg002-bjuice-v2-multiau-20260814T114522Z	p5xp5	HG002-082hc3dnbehb1c	E1:p5xp5	8.54	0.57	sentmm2ont.na.sentdhiomr2.hg38_m_giabHC.rtg_vcfeval	1	1	0	218.4893	0.03452	0.9710635555555555	0.07342777777777777
OBS11	E1	prod-cand-1703-hg002-bjuice-v2-multiau-20260814T114522Z	p5xp5	HG002-082hc3dnbehb1c	E1:p5xp5	8.54	0.57	sentmm2ont.na.sentdhiomr2.peddy	1	1	0	15.987	0.000631	0.017763333333333332	0.0012694444444444446
OBS11	E1	prod-cand-1703-hg002-bjuice-v2-multiau-20260814T114522Z	p5xp5	HG002-082hc3dnbehb1c	E1:p5xp5	8.54	0.57	sentmm2ont.na.sentdhiomr2.rtgvcfstats	1	1	0	22.8231	0.000451	0.0126795	0.006011111111111111
OBS11	E1	prod-cand-1703-hg002-bjuice-v2-multiau-20260814T114522Z	p5xp5	HG002-082hc3dnbehb1c	E1:p5xp5	8.54	0.57	sentmm2ont.na.sentdhiomr2.ultima.parse_vcfeval_summary	1	1	0	67.7022	0.001337	0.03761233333333334	0.004991666666666666
OBS11	E1	prod-cand-1703-hg002-bjuice-v2-multiau-20260814T114522Z	p5xp5	HG002-082hc3dnbehb1c	E1:p5xp5	8.54	0.57	sentmm2ont.na.sentdhiomr2.ultima.rtg_vcfeval	1	1	0	222.0388	0.035081	0.9868391111111111	0.07255833333333332
OBS11	E1	prod-cand-1703-hg002-bjuice-v2-multiau-20260814T114522Z	p5xp5	HG002-082hc3dnbehb1c	E1:p5xp5	8.54	0.57	sentmm2ont.na.sentdhiomr2.vep_concat	1	1	0	48.0611	0.003797	0.10680244444444445	0.0033166666666666665
OBS11	E1	prod-cand-1703-hg002-bjuice-v2-multiau-20260814T114522Z	p5xp5	HG002-082hc3dnbehb1c	E1:p5xp5	8.54	0.57	sentmm2ont.na.sentdhiomr2.vep_concat_fofn	1	1	0	0.0895	1e-06	2.486111111111111e-05	0.0
OBS11	E1	prod-cand-1703-hg002-bjuice-v2-multiau-20260814T114522Z	p5xp5	HG002-082hc3dnbehb1c	E1:p5xp5	8.54	0.57	sentmm2ont.na.sentdhiomr2.vep_validate_input_contigs	1	1	0	0.665	5e-06	0.00018472222222222224	0.0
OBS11	E1	prod-cand-1703-hg002-bjuice-v2-multiau-20260814T114522Z	p5xp5	HG002-082hc3dnbehb1c	E1:p5xp5	8.54	0.57	seqfu	1	1	0	915.8033	0.05426	1.5263388333333334	0.8678888888888889
OBS11	E1	prod-cand-1703-hg002-bjuice-v2-multiau-20260814T114522Z	p5xp5	HG002-082hc3dnbehb1c	E1:p5xp5	8.54	0.57	snv_vcf.vcf-sv-stats	1	1	0	218.8903	0.004323	0.12160572222222223	0.05355833333333333
OBS11	E1	prod-cand-1703-hg002-bjuice-v2-multiau-20260814T114522Z	p5xp5	HG002-082hc3dnbehb1c	E1:p5xp5	8.54	0.57	source_reheadered_cnvscope_vcf.vcf-sv-stats	1	1	0	2.3624	4.7e-05	0.0013124444444444444	8.888888888888889e-05
OBS11	E1	prod-cand-1703-hg002-bjuice-v2-multiau-20260814T114522Z	p5xp5	HG002-082hc3dnbehb1c	E1:p5xp5	8.54	0.57	synthetic_smn_vcf.vcf-sv-stats	1	1	0	2.4353	4.8e-05	0.0013529444444444444	8.61111111111111e-05
OBS11	E1	prod-cand-1703-hg002-bjuice-v2-multiau-20260814T114522Z	p5xp5	HG002-082hc3dnbehb1c	E1:p5xp5	8.54	0.57	tagged_cnv_vcf.vcf-sv-stats	1	1	0	1.0319	2e-05	0.0005732777777777778	2.4999999999999998e-05
OBS11	E1	prod-cand-1703-hg002-bjuice-v2-multiau-20260814T114522Z	p5xp5	HG002-082hc3dnbehb1c	E1:p5xp5	8.54	0.57	tagged_sv_vcf.vcf-sv-stats	1	1	0	1.8225	3.6e-05	0.0010125	0.00033055555555555556
OBS11	E1	prod-cand-1703-hg002-bjuice-v2-multiau-20260814T114522Z	p5xp5	HG002-082hc3dnbehb1c	E1:p5xp5	8.54	0.57	untagged_trussv_vcf.vcf-sv-stats	1	1	0	1.8226	3.6e-05	0.0010125555555555556	0.0003222222222222222
OBS12	E1	prod-cand-1703-hg002-bjuice-v2-multiau-20260814T114522Z	1x1	HG002-98xq4xrqz7dwy9	E1:1x1	9.85	1.16	expansionhunter_vcf.vcf-sv-stats	1	1	0	0.9958	2e-05	0.0005532222222222222	2.4999999999999998e-05
OBS12	E1	prod-cand-1703-hg002-bjuice-v2-multiau-20260814T114522Z	1x1	HG002-98xq4xrqz7dwy9	E1:1x1	9.85	1.16	fastqc	1	1	0	690.4628	0.116498	3.0687235555555556	0.27061666666666667
OBS12	E1	prod-cand-1703-hg002-bjuice-v2-multiau-20260814T114522Z	1x1	HG002-98xq4xrqz7dwy9	E1:1x1	9.85	1.16	mitochondrial_vcf.vcf-sv-stats	1	1	0	2.8899	6.3e-05	0.0016055	9.444444444444446e-05
OBS12	E1	prod-cand-1703-hg002-bjuice-v2-multiau-20260814T114522Z	1x1	HG002-98xq4xrqz7dwy9	E1:1x1	9.85	1.16	normalized_longreadsv_vcf.vcf-sv-stats	1	1	0	1.116	2.2e-05	0.0006200000000000001	1.388888888888889e-05
OBS12	E1	prod-cand-1703-hg002-bjuice-v2-multiau-20260814T114522Z	1x1	HG002-98xq4xrqz7dwy9	E1:1x1	9.85	1.16	normalized_sniffles2_vcf.vcf-sv-stats	1	1	0	1.1485	2.4e-05	0.0006380555555555556	8.61111111111111e-05
OBS12	E1	prod-cand-1703-hg002-bjuice-v2-multiau-20260814T114522Z	1x1	HG002-98xq4xrqz7dwy9	E1:1x1	9.85	1.16	normalized_tiddit_vcf.vcf-sv-stats	1	1	0	2.2177	4.4e-05	0.0012320555555555555	0.00046388888888888885
OBS12	E1	prod-cand-1703-hg002-bjuice-v2-multiau-20260814T114522Z	1x1	HG002-98xq4xrqz7dwy9	E1:1x1	9.85	1.16	segdup_CFH_vcf.vcf-sv-stats	1	1	0	0.8105	1.6e-05	0.0004502777777777778	3.3333333333333335e-05
OBS12	E1	prod-cand-1703-hg002-bjuice-v2-multiau-20260814T114522Z	1x1	HG002-98xq4xrqz7dwy9	E1:1x1	9.85	1.16	segdup_CYP11B1_vcf.vcf-sv-stats	1	1	0	0.8794	1.9e-05	0.0004885555555555556	2.4999999999999998e-05
OBS12	E1	prod-cand-1703-hg002-bjuice-v2-multiau-20260814T114522Z	1x1	HG002-98xq4xrqz7dwy9	E1:1x1	9.85	1.16	segdup_CYP2A6_vcf.vcf-sv-stats	1	1	0	0.8952	2e-05	0.0004973333333333334	3.0555555555555554e-05
OBS12	E1	prod-cand-1703-hg002-bjuice-v2-multiau-20260814T114522Z	1x1	HG002-98xq4xrqz7dwy9	E1:1x1	9.85	1.16	segdup_CYP2B6_vcf.vcf-sv-stats	1	1	0	0.7619	1.5e-05	0.0004232777777777778	3.888888888888889e-05
OBS12	E1	prod-cand-1703-hg002-bjuice-v2-multiau-20260814T114522Z	1x1	HG002-98xq4xrqz7dwy9	E1:1x1	9.85	1.16	segdup_CYP2D6_vcf.vcf-sv-stats	1	1	0	0.8563	1.9e-05	0.0004757222222222222	3.3333333333333335e-05
OBS12	E1	prod-cand-1703-hg002-bjuice-v2-multiau-20260814T114522Z	1x1	HG002-98xq4xrqz7dwy9	E1:1x1	9.85	1.16	segdup_GBA1_vcf.vcf-sv-stats	1	1	0	0.9312	1.8e-05	0.0005173333333333333	2.777777777777778e-05
OBS12	E1	prod-cand-1703-hg002-bjuice-v2-multiau-20260814T114522Z	1x1	HG002-98xq4xrqz7dwy9	E1:1x1	9.85	1.16	segdup_HBA_vcf.vcf-sv-stats	1	1	0	0.7661	1.5e-05	0.0004256111111111111	3.611111111111111e-05
OBS12	E1	prod-cand-1703-hg002-bjuice-v2-multiau-20260814T114522Z	1x1	HG002-98xq4xrqz7dwy9	E1:1x1	9.85	1.16	segdup_NCF1_vcf.vcf-sv-stats	1	1	0	0.8144	1.8e-05	0.00045244444444444444	2.777777777777778e-05
OBS12	E1	prod-cand-1703-hg002-bjuice-v2-multiau-20260814T114522Z	1x1	HG002-98xq4xrqz7dwy9	E1:1x1	9.85	1.16	segdup_OTOA_vcf.vcf-sv-stats	1	1	0	0.7678	1.5e-05	0.00042655555555555556	4.1666666666666665e-05
OBS12	E1	prod-cand-1703-hg002-bjuice-v2-multiau-20260814T114522Z	1x1	HG002-98xq4xrqz7dwy9	E1:1x1	9.85	1.16	segdup_PMS2_vcf.vcf-sv-stats	1	1	0	0.8932	2e-05	0.0004962222222222222	2.2222222222222223e-05
OBS12	E1	prod-cand-1703-hg002-bjuice-v2-multiau-20260814T114522Z	1x1	HG002-98xq4xrqz7dwy9	E1:1x1	9.85	1.16	segdup_RCCX1_vcf.vcf-sv-stats	1	1	0	1.0315	2.3e-05	0.0005730555555555556	2.4999999999999998e-05
OBS12	E1	prod-cand-1703-hg002-bjuice-v2-multiau-20260814T114522Z	1x1	HG002-98xq4xrqz7dwy9	E1:1x1	9.85	1.16	segdup_RHD_vcf.vcf-sv-stats	1	1	0	0.775	1.5e-05	0.00043055555555555555	3.888888888888889e-05
OBS12	E1	prod-cand-1703-hg002-bjuice-v2-multiau-20260814T114522Z	1x1	HG002-98xq4xrqz7dwy9	E1:1x1	9.85	1.16	segdup_SBDS_vcf.vcf-sv-stats	1	1	0	0.8498	1.9e-05	0.00047211111111111114	3.3333333333333335e-05
OBS12	E1	prod-cand-1703-hg002-bjuice-v2-multiau-20260814T114522Z	1x1	HG002-98xq4xrqz7dwy9	E1:1x1	9.85	1.16	segdup_SMN1_vcf.vcf-sv-stats	1	1	0	0.8189	1.8e-05	0.00045494444444444445	2.4999999999999998e-05
OBS12	E1	prod-cand-1703-hg002-bjuice-v2-multiau-20260814T114522Z	1x1	HG002-98xq4xrqz7dwy9	E1:1x1	9.85	1.16	segdup_STRC_vcf.vcf-sv-stats	1	1	0	2.9757	5.9e-05	0.0016531666666666665	8.888888888888889e-05
OBS12	E1	prod-cand-1703-hg002-bjuice-v2-multiau-20260814T114522Z	1x1	HG002-98xq4xrqz7dwy9	E1:1x1	9.85	1.16	sentdhiomr2.command-manifest	1	1	0	0.5306	0.000716	0.018865777777777776	2.777777777777778e-06
OBS12	E1	prod-cand-1703-hg002-bjuice-v2-multiau-20260814T114522Z	1x1	HG002-98xq4xrqz7dwy9	E1:1x1	9.85	1.16	sentdhiomr2.five-chromosome-hard-vcf	1	1	0	70.3108	0.08887	2.4999395555555557	0.012244444444444443
OBS12	E1	prod-cand-1703-hg002-bjuice-v2-multiau-20260814T114522Z	1x1	HG002-98xq4xrqz7dwy9	E1:1x1	9.85	1.16	sentdhiomr2.hybrid-cli172i-core	1	1	0	3462.0669	4.375924	123.09571199999999	0.004147222222222222
OBS12	E1	prod-cand-1703-hg002-bjuice-v2-multiau-20260814T114522Z	1x1	HG002-98xq4xrqz7dwy9	E1:1x1	9.85	1.16	sentdhiomr2.hybrid-cli172i-finalize-1	1	1	0	223.6892	0.005548	0.24854355555555555	0.006747222222222222
OBS12	E1	prod-cand-1703-hg002-bjuice-v2-multiau-20260814T114522Z	1x1	HG002-98xq4xrqz7dwy9	E1:1x1	9.85	1.16	sentdhiomr2.hybrid-cli172i-finalize-10	1	1	0	141.6239	0.003513	0.15735988888888888	0.007105555555555555
OBS12	E1	prod-cand-1703-hg002-bjuice-v2-multiau-20260814T114522Z	1x1	HG002-98xq4xrqz7dwy9	E1:1x1	9.85	1.16	sentdhiomr2.hybrid-cli172i-finalize-11	1	1	0	86.9584	0.003435	0.09662044444444444	0.0024944444444444445
OBS12	E1	prod-cand-1703-hg002-bjuice-v2-multiau-20260814T114522Z	1x1	HG002-98xq4xrqz7dwy9	E1:1x1	9.85	1.16	sentdhiomr2.hybrid-cli172i-finalize-12	1	1	0	148.3663	0.00368	0.16485144444444444	0.005027777777777779
OBS12	E1	prod-cand-1703-hg002-bjuice-v2-multiau-20260814T114522Z	1x1	HG002-98xq4xrqz7dwy9	E1:1x1	9.85	1.16	sentdhiomr2.hybrid-cli172i-finalize-13	1	1	0	114.9785	0.002852	0.1277538888888889	0.0040416666666666665
OBS12	E1	prod-cand-1703-hg002-bjuice-v2-multiau-20260814T114522Z	1x1	HG002-98xq4xrqz7dwy9	E1:1x1	9.85	1.16	sentdhiomr2.hybrid-cli172i-finalize-14	1	1	0	95.8847	0.002378	0.10653855555555555	0.01435
OBS12	E1	prod-cand-1703-hg002-bjuice-v2-multiau-20260814T114522Z	1x1	HG002-98xq4xrqz7dwy9	E1:1x1	9.85	1.16	sentdhiomr2.hybrid-cli172i-finalize-15	1	1	0	91.4606	0.002269	0.10162288888888889	0.0011361111111111112
OBS12	E1	prod-cand-1703-hg002-bjuice-v2-multiau-20260814T114522Z	1x1	HG002-98xq4xrqz7dwy9	E1:1x1	9.85	1.16	sentdhiomr2.hybrid-cli172i-finalize-16	1	1	0	101.8503	0.002526	0.113167	0.012424999999999999
OBS12	E1	prod-cand-1703-hg002-bjuice-v2-multiau-20260814T114522Z	1x1	HG002-98xq4xrqz7dwy9	E1:1x1	9.85	1.16	sentdhiomr2.hybrid-cli172i-finalize-17	1	1	0	101.6184	0.00252	0.11290933333333332	0.013822222222222222
OBS12	E1	prod-cand-1703-hg002-bjuice-v2-multiau-20260814T114522Z	1x1	HG002-98xq4xrqz7dwy9	E1:1x1	9.85	1.16	sentdhiomr2.hybrid-cli172i-finalize-18	1	1	0	94.0377	0.002332	0.10448633333333333	0.00017777777777777779
OBS12	E1	prod-cand-1703-hg002-bjuice-v2-multiau-20260814T114522Z	1x1	HG002-98xq4xrqz7dwy9	E1:1x1	9.85	1.16	sentdhiomr2.hybrid-cli172i-finalize-19	1	1	0	77.8691	0.001931	0.08652122222222222	0.0036166666666666665
OBS12	E1	prod-cand-1703-hg002-bjuice-v2-multiau-20260814T114522Z	1x1	HG002-98xq4xrqz7dwy9	E1:1x1	9.85	1.16	sentdhiomr2.hybrid-cli172i-finalize-2	1	1	0	237.1369	0.005882	0.26348544444444444	0.011533333333333335
OBS12	E1	prod-cand-1703-hg002-bjuice-v2-multiau-20260814T114522Z	1x1	HG002-98xq4xrqz7dwy9	E1:1x1	9.85	1.16	sentdhiomr2.hybrid-cli172i-finalize-20	1	1	0	74.3577	0.001844	0.08261966666666666	0.006219444444444445
OBS12	E1	prod-cand-1703-hg002-bjuice-v2-multiau-20260814T114522Z	1x1	HG002-98xq4xrqz7dwy9	E1:1x1	9.85	1.16	sentdhiomr2.hybrid-cli172i-finalize-21	1	1	0	50.4884	0.001252	0.05609822222222222	0.001477777777777778
OBS12	E1	prod-cand-1703-hg002-bjuice-v2-multiau-20260814T114522Z	1x1	HG002-98xq4xrqz7dwy9	E1:1x1	9.85	1.16	sentdhiomr2.hybrid-cli172i-finalize-22	1	1	0	52.9596	0.001314	0.058844	0.0007
OBS12	E1	prod-cand-1703-hg002-bjuice-v2-multiau-20260814T114522Z	1x1	HG002-98xq4xrqz7dwy9	E1:1x1	9.85	1.16	sentdhiomr2.hybrid-cli172i-finalize-23	1	1	0	226.0451	0.008929	0.2511612222222222	7.500000000000001e-05
OBS12	E1	prod-cand-1703-hg002-bjuice-v2-multiau-20260814T114522Z	1x1	HG002-98xq4xrqz7dwy9	E1:1x1	9.85	1.16	sentdhiomr2.hybrid-cli172i-finalize-24	1	1	0	70.2055	0.001741	0.07800611111111111	0.006505555555555556
OBS12	E1	prod-cand-1703-hg002-bjuice-v2-multiau-20260814T114522Z	1x1	HG002-98xq4xrqz7dwy9	E1:1x1	9.85	1.16	sentdhiomr2.hybrid-cli172i-finalize-25	1	1	0	16.2794	0.000404	0.01808822222222222	0.0
OBS12	E1	prod-cand-1703-hg002-bjuice-v2-multiau-20260814T114522Z	1x1	HG002-98xq4xrqz7dwy9	E1:1x1	9.85	1.16	sentdhiomr2.hybrid-cli172i-finalize-3	1	1	0	204.9883	0.005084	0.2277647777777778	0.009855555555555555
OBS12	E1	prod-cand-1703-hg002-bjuice-v2-multiau-20260814T114522Z	1x1	HG002-98xq4xrqz7dwy9	E1:1x1	9.85	1.16	sentdhiomr2.hybrid-cli172i-finalize-4	1	1	0	202.3447	0.005019	0.22482744444444444	0.010525
OBS12	E1	prod-cand-1703-hg002-bjuice-v2-multiau-20260814T114522Z	1x1	HG002-98xq4xrqz7dwy9	E1:1x1	9.85	1.16	sentdhiomr2.hybrid-cli172i-finalize-5	1	1	0	175.0419	0.004342	0.194491	0.008622222222222222
OBS12	E1	prod-cand-1703-hg002-bjuice-v2-multiau-20260814T114522Z	1x1	HG002-98xq4xrqz7dwy9	E1:1x1	9.85	1.16	sentdhiomr2.hybrid-cli172i-finalize-6	1	1	0	181.0498	0.004491	0.20116644444444445	0.0064111111111111105
OBS12	E1	prod-cand-1703-hg002-bjuice-v2-multiau-20260814T114522Z	1x1	HG002-98xq4xrqz7dwy9	E1:1x1	9.85	1.16	sentdhiomr2.hybrid-cli172i-finalize-7	1	1	0	107.5319	0.004247	0.11947988888888889	0.0064444444444444445
OBS12	E1	prod-cand-1703-hg002-bjuice-v2-multiau-20260814T114522Z	1x1	HG002-98xq4xrqz7dwy9	E1:1x1	9.85	1.16	sentdhiomr2.hybrid-cli172i-finalize-8	1	1	0	153.8755	0.003817	0.17097277777777775	0.004161111111111111
OBS12	E1	prod-cand-1703-hg002-bjuice-v2-multiau-20260814T114522Z	1x1	HG002-98xq4xrqz7dwy9	E1:1x1	9.85	1.16	sentdhiomr2.hybrid-cli172i-finalize-9	1	1	0	137.7026	0.003415	0.15300288888888888	0.007563888888888889
OBS12	E1	prod-cand-1703-hg002-bjuice-v2-multiau-20260814T114522Z	1x1	HG002-98xq4xrqz7dwy9	E1:1x1	9.85	1.16	sentdhiomr2.hybrid-cli172i-gather	1	1	0	253.965	0.020063	0.5643666666666667	0.0
OBS12	E1	prod-cand-1703-hg002-bjuice-v2-multiau-20260814T114522Z	1x1	HG002-98xq4xrqz7dwy9	E1:1x1	9.85	1.16	sentdhiomr2.inflection-analytical-ancillary	1	1	0	1.2256	0.001549	0.04357688888888889	3.0555555555555554e-05
OBS12	E1	prod-cand-1703-hg002-bjuice-v2-multiau-20260814T114522Z	1x1	HG002-98xq4xrqz7dwy9	E1:1x1	9.85	1.16	sentdhiomr2.inflection-analytical.prod-cand-1703-hg002-bjuice-v2-multiau-20260814T114522Z	1	1	0	1042.0324	1.314524	37.050040888888894	0.0637361111111111
OBS12	E1	prod-cand-1703-hg002-bjuice-v2-multiau-20260814T114522Z	1x1	HG002-98xq4xrqz7dwy9	E1:1x1	9.85	1.16	sentdhiomr2.inflection-multiqc-stage	1	1	0	44.7225	0.000354	0.012422916666666665	0.004102777777777777
OBS12	E1	prod-cand-1703-hg002-bjuice-v2-multiau-20260814T114522Z	1x1	HG002-98xq4xrqz7dwy9	E1:1x1	9.85	1.16	sentdhiomr2.inflection-multiqc	1	1	0	36.7062	0.000362	0.010196166666666668	0.0039
OBS12	E1	prod-cand-1703-hg002-bjuice-v2-multiau-20260814T114522Z	1x1	HG002-98xq4xrqz7dwy9	E1:1x1	9.85	1.16	sentdhiomr2.mito	1	1	0	88.1263	0.124349	3.1333795555555555	0.00020555555555555556
OBS12	E1	prod-cand-1703-hg002-bjuice-v2-multiau-20260814T114522Z	1x1	HG002-98xq4xrqz7dwy9	E1:1x1	9.85	1.16	sentdhiomr2.normalize-smn12	1	1	0	0.2906	2e-06	8.072222222222224e-05	0.0
OBS12	E1	prod-cand-1703-hg002-bjuice-v2-multiau-20260814T114522Z	1x1	HG002-98xq4xrqz7dwy9	E1:1x1	9.85	1.16	sentdhiomr2.roh_upd	1	1	0	151.3082	0.204235	5.379847111111111	0.041008333333333334
OBS12	E1	prod-cand-1703-hg002-bjuice-v2-multiau-20260814T114522Z	1x1	HG002-98xq4xrqz7dwy9	E1:1x1	9.85	1.16	sentdhiomr2.rsr-publish	1	1	0	11.1339	8.8e-05	0.00309275	0.0015166666666666666
OBS12	E1	prod-cand-1703-hg002-bjuice-v2-multiau-20260814T114522Z	1x1	HG002-98xq4xrqz7dwy9	E1:1x1	9.85	1.16	sentdhiomr2.scope	1	1	0	0.7613	6e-06	0.00021147222222222222	0.0
OBS12	E1	prod-cand-1703-hg002-bjuice-v2-multiau-20260814T114522Z	1x1	HG002-98xq4xrqz7dwy9	E1:1x1	9.85	1.16	sentdhiomr2.segdup.CFH	1	1	0	569.6398	0.798097	20.253859555555557	0.07859444444444444
OBS12	E1	prod-cand-1703-hg002-bjuice-v2-multiau-20260814T114522Z	1x1	HG002-98xq4xrqz7dwy9	E1:1x1	9.85	1.16	sentdhiomr2.segdup.CYP11B1	1	1	0	355.2427	0.269649	12.630851555555555	0.02035
OBS12	E1	prod-cand-1703-hg002-bjuice-v2-multiau-20260814T114522Z	1x1	HG002-98xq4xrqz7dwy9	E1:1x1	9.85	1.16	sentdhiomr2.segdup.CYP2A6	1	1	0	309.3249	0.389139	10.998218666666666	0.019305555555555555
OBS12	E1	prod-cand-1703-hg002-bjuice-v2-multiau-20260814T114522Z	1x1	HG002-98xq4xrqz7dwy9	E1:1x1	9.85	1.16	sentdhiomr2.segdup.CYP2B6	1	1	0	368.8897	0.497926	13.116078222222223	0.05932777777777778
OBS12	E1	prod-cand-1703-hg002-bjuice-v2-multiau-20260814T114522Z	1x1	HG002-98xq4xrqz7dwy9	E1:1x1	9.85	1.16	sentdhiomr2.segdup.CYP2D6	1	1	0	313.0054	0.39377	11.12908088888889	0.017430555555555557
OBS12	E1	prod-cand-1703-hg002-bjuice-v2-multiau-20260814T114522Z	1x1	HG002-98xq4xrqz7dwy9	E1:1x1	9.85	1.16	sentdhiomr2.segdup.GBA	1	1	0	429.8687	0.44692	15.284220444444443	0.05694166666666667
OBS12	E1	prod-cand-1703-hg002-bjuice-v2-multiau-20260814T114522Z	1x1	HG002-98xq4xrqz7dwy9	E1:1x1	9.85	1.16	sentdhiomr2.segdup.HBA	1	1	0	323.9781	0.407573	11.519221333333332	0.009108333333333333
OBS12	E1	prod-cand-1703-hg002-bjuice-v2-multiau-20260814T114522Z	1x1	HG002-98xq4xrqz7dwy9	E1:1x1	9.85	1.16	sentdhiomr2.segdup.IKBKG	1	1	0	390.6543	0.547328	13.889930666666666	0.010330555555555555
OBS12	E1	prod-cand-1703-hg002-bjuice-v2-multiau-20260814T114522Z	1x1	HG002-98xq4xrqz7dwy9	E1:1x1	9.85	1.16	sentdhiomr2.segdup.LPA	1	1	0	356.0199	0.502357	12.658485333333333	0.008336111111111112
OBS12	E1	prod-cand-1703-hg002-bjuice-v2-multiau-20260814T114522Z	1x1	HG002-98xq4xrqz7dwy9	E1:1x1	9.85	1.16	sentdhiomr2.segdup.NCF1	1	1	0	347.2948	0.468777	12.348259555555556	0.0010527777777777777
OBS12	E1	prod-cand-1703-hg002-bjuice-v2-multiau-20260814T114522Z	1x1	HG002-98xq4xrqz7dwy9	E1:1x1	9.85	1.16	sentdhiomr2.segdup.OTOA	1	1	0	325.7642	0.303395	11.582727111111112	0.014266666666666667
OBS12	E1	prod-cand-1703-hg002-bjuice-v2-multiau-20260814T114522Z	1x1	HG002-98xq4xrqz7dwy9	E1:1x1	9.85	1.16	sentdhiomr2.segdup.PMS2	1	1	0	382.1279	0.290056	13.586769777777779	0.017205555555555554
OBS12	E1	prod-cand-1703-hg002-bjuice-v2-multiau-20260814T114522Z	1x1	HG002-98xq4xrqz7dwy9	E1:1x1	9.85	1.16	sentdhiomr2.segdup.RCCX	1	1	0	373.3316	0.38814	13.274012444444443	0.015916666666666666
OBS12	E1	prod-cand-1703-hg002-bjuice-v2-multiau-20260814T114522Z	1x1	HG002-98xq4xrqz7dwy9	E1:1x1	9.85	1.16	sentdhiomr2.segdup.RH	1	1	0	462.0403	0.584002	16.428099555555555	0.07088333333333334
OBS12	E1	prod-cand-1703-hg002-bjuice-v2-multiau-20260814T114522Z	1x1	HG002-98xq4xrqz7dwy9	E1:1x1	9.85	1.16	sentdhiomr2.segdup.SBDS	1	1	0	358.6483	0.484102	12.751939555555555	0.015327777777777777
OBS12	E1	prod-cand-1703-hg002-bjuice-v2-multiau-20260814T114522Z	1x1	HG002-98xq4xrqz7dwy9	E1:1x1	9.85	1.16	sentdhiomr2.segdup.SMN1	1	1	0	361.565	0.454859	12.855644444444444	0.015130555555555555
OBS12	E1	prod-cand-1703-hg002-bjuice-v2-multiau-20260814T114522Z	1x1	HG002-98xq4xrqz7dwy9	E1:1x1	9.85	1.16	sentdhiomr2.segdup.STRC	1	1	0	332.5802	0.420369	11.825073777777778	0.017013888888888887
OBS12	E1	prod-cand-1703-hg002-bjuice-v2-multiau-20260814T114522Z	1x1	HG002-98xq4xrqz7dwy9	E1:1x1	9.85	1.16	sentdhiomr2.slim-longreadsv-normalize	1	1	0	1.8241	0.000576	0.016214222222222224	0.0009416666666666667
OBS12	E1	prod-cand-1703-hg002-bjuice-v2-multiau-20260814T114522Z	1x1	HG002-98xq4xrqz7dwy9	E1:1x1	9.85	1.16	sentdhiomr2.slim-sniffles2-normalize	1	1	0	1.6033	0.000507	0.014251555555555556	5.555555555555556e-06
OBS12	E1	prod-cand-1703-hg002-bjuice-v2-multiau-20260814T114522Z	1x1	HG002-98xq4xrqz7dwy9	E1:1x1	9.85	1.16	sentdhiomr2.slim-tag-cnv	1	1	0	11.0203	0.003482	0.09795822222222222	5.555555555555556e-06
OBS12	E1	prod-cand-1703-hg002-bjuice-v2-multiau-20260814T114522Z	1x1	HG002-98xq4xrqz7dwy9	E1:1x1	9.85	1.16	sentdhiomr2.slim-tag-sv	1	1	0	284.651	0.089947	2.530231111111111	0.07084722222222223
OBS12	E1	prod-cand-1703-hg002-bjuice-v2-multiau-20260814T114522Z	1x1	HG002-98xq4xrqz7dwy9	E1:1x1	9.85	1.16	sentdhiomr2.slim-tiddit-normalize	1	1	0	4.8788	0.001542	0.04336711111111111	0.0005527777777777778
OBS12	E1	prod-cand-1703-hg002-bjuice-v2-multiau-20260814T114522Z	1x1	HG002-98xq4xrqz7dwy9	E1:1x1	9.85	1.16	sentdhiomr2.slim-tiddit-repair	1	1	0	1.6391	0.000518	0.014569777777777777	2.777777777777778e-06
OBS12	E1	prod-cand-1703-hg002-bjuice-v2-multiau-20260814T114522Z	1x1	HG002-98xq4xrqz7dwy9	E1:1x1	9.85	1.16	sentdhiomr2.slim-trussv	1	1	0	2.5372	0.000802	0.02255288888888889	1.6666666666666667e-05
OBS12	E1	prod-cand-1703-hg002-bjuice-v2-multiau-20260814T114522Z	1x1	HG002-98xq4xrqz7dwy9	E1:1x1	9.85	1.16	sentdhiomr2.slim-truvari-aggregate	1	1	0	1.167	9e-06	0.00032416666666666667	1.9444444444444445e-05
OBS12	E1	prod-cand-1703-hg002-bjuice-v2-multiau-20260814T114522Z	1x1	HG002-98xq4xrqz7dwy9	E1:1x1	9.85	1.16	sentdhiomr2.slim-truvari-longreadsv	1	1	0	160.3141	0.050658	1.4250142222222222	0.038344444444444445
OBS12	E1	prod-cand-1703-hg002-bjuice-v2-multiau-20260814T114522Z	1x1	HG002-98xq4xrqz7dwy9	E1:1x1	9.85	1.16	sentdhiomr2.slim-truvari-sniffles2	1	1	0	156.1003	0.049326	1.3875582222222222	0.03763611111111111
OBS12	E1	prod-cand-1703-hg002-bjuice-v2-multiau-20260814T114522Z	1x1	HG002-98xq4xrqz7dwy9	E1:1x1	9.85	1.16	sentdhiomr2.slim-truvari-tagged_trussv	1	1	0	162.8764	0.051467	1.447790222222222	0.037705555555555555
OBS12	E1	prod-cand-1703-hg002-bjuice-v2-multiau-20260814T114522Z	1x1	HG002-98xq4xrqz7dwy9	E1:1x1	9.85	1.16	sentdhiomr2.slim-truvari-tiddit	1	1	0	283.4556	0.089569	2.5196053333333333	0.00014444444444444444
OBS12	E1	prod-cand-1703-hg002-bjuice-v2-multiau-20260814T114522Z	1x1	HG002-98xq4xrqz7dwy9	E1:1x1	9.85	1.16	sentdhiomr2.sniffles2	1	1	0	13.3866	0.016939	0.475968	2.777777777777778e-06
OBS12	E1	prod-cand-1703-hg002-bjuice-v2-multiau-20260814T114522Z	1x1	HG002-98xq4xrqz7dwy9	E1:1x1	9.85	1.16	sentdhiomr2.sr-prepare	1	1	0	2056.2116	3.898463	109.66461866666667	0.0025305555555555554
OBS12	E1	prod-cand-1703-hg002-bjuice-v2-multiau-20260814T114522Z	1x1	HG002-98xq4xrqz7dwy9	E1:1x1	9.85	1.16	sentdhiomr2.terminal-hybrid-validate	1	1	0	177.4087	0.239466	6.307864888888889	0.04042777777777778
OBS12	E1	prod-cand-1703-hg002-bjuice-v2-multiau-20260814T114522Z	1x1	HG002-98xq4xrqz7dwy9	E1:1x1	9.85	1.16	sentdhiomr2.tiddit	1	1	0	1535.8858	2.151861	54.60927288888889	0.6761722222222222
OBS12	E1	prod-cand-1703-hg002-bjuice-v2-multiau-20260814T114522Z	1x1	HG002-98xq4xrqz7dwy9	E1:1x1	9.85	1.16	sentdhiomr2.tiddit.sort	1	1	0	1.1517	0.001456	0.04094933333333333	0.0
OBS12	E1	prod-cand-1703-hg002-bjuice-v2-multiau-20260814T114522Z	1x1	HG002-98xq4xrqz7dwy9	E1:1x1	9.85	1.16	sentdhiomr2lr.na.alignstats	1	1	0	27.096	0.001143	0.030106666666666667	0.011747222222222221
OBS12	E1	prod-cand-1703-hg002-bjuice-v2-multiau-20260814T114522Z	1x1	HG002-98xq4xrqz7dwy9	E1:1x1	9.85	1.16	sentdhiomr2lr.na.coverage_evenness_two	1	1	0	202.2122	0.034118	0.8987208888888889	0.6470777777777778
OBS12	E1	prod-cand-1703-hg002-bjuice-v2-multiau-20260814T114522Z	1x1	HG002-98xq4xrqz7dwy9	E1:1x1	9.85	1.16	sentdhiomr2lr.na.gatk_contam	1	1	0	2.8892	5.7e-05	0.0016051111111111112	0.0011444444444444445
OBS12	E1	prod-cand-1703-hg002-bjuice-v2-multiau-20260814T114522Z	1x1	HG002-98xq4xrqz7dwy9	E1:1x1	9.85	1.16	sentdhiomr2lr.na.goleft	1	1	0	1.1305	2.4e-05	0.0006280555555555556	5.555555555555556e-06
OBS12	E1	prod-cand-1703-hg002-bjuice-v2-multiau-20260814T114522Z	1x1	HG002-98xq4xrqz7dwy9	E1:1x1	9.85	1.16	sentdhiomr2lr.na.infer_sex_complement	1	1	0	0.6572	6e-06	0.00018255555555555557	8.333333333333334e-06
OBS12	E1	prod-cand-1703-hg002-bjuice-v2-multiau-20260814T114522Z	1x1	HG002-98xq4xrqz7dwy9	E1:1x1	9.85	1.16	sentdhiomr2lr.na.mosdepth	1	1	0	83.4666	0.003521	0.09274066666666667	0.022269444444444446
OBS12	E1	prod-cand-1703-hg002-bjuice-v2-multiau-20260814T114522Z	1x1	HG002-98xq4xrqz7dwy9	E1:1x1	9.85	1.16	sentdhiomr2lr.na.norm_cov_eveness	1	1	0	400.0481	0.016874	0.44449788888888886	0.00015555555555555556
OBS12	E1	prod-cand-1703-hg002-bjuice-v2-multiau-20260814T114522Z	1x1	HG002-98xq4xrqz7dwy9	E1:1x1	9.85	1.16	sentdhiomr2lr.na.p.ganon2_multiqc_log	1	1	0	0.0472	0.0	1.3111111111111111e-05	0.0
OBS12	E1	prod-cand-1703-hg002-bjuice-v2-multiau-20260814T114522Z	1x1	HG002-98xq4xrqz7dwy9	E1:1x1	9.85	1.16	sentdhiomr2lr.na.p.unmapped_metagenomics_ganon2_quick	1	1	0	26.1862	0.035346	0.9310648888888888	0.003736111111111111
OBS12	E1	prod-cand-1703-hg002-bjuice-v2-multiau-20260814T114522Z	1x1	HG002-98xq4xrqz7dwy9	E1:1x1	9.85	1.16	sentdhiomr2lr.na.samt	1	1	0	56.7216	0.002393	0.063024	0.021602777777777776
OBS12	E1	prod-cand-1703-hg002-bjuice-v2-multiau-20260814T114522Z	1x1	HG002-98xq4xrqz7dwy9	E1:1x1	9.85	1.16	sentdhiomr2lr.na.sex_complement_somalier_metrics	1	1	0	0.5371	1.1e-05	0.0002983888888888889	5.555555555555556e-06
OBS12	E1	prod-cand-1703-hg002-bjuice-v2-multiau-20260814T114522Z	1x1	HG002-98xq4xrqz7dwy9	E1:1x1	9.85	1.16	sentdhiomr2lr.na.site_mix_contam	1	1	0	4.2222	4.5e-05	0.0011728333333333332	0.0008722222222222223
OBS12	E1	prod-cand-1703-hg002-bjuice-v2-multiau-20260814T114522Z	1x1	HG002-98xq4xrqz7dwy9	E1:1x1	9.85	1.16	sentdhiomr2lr.na.site_mix_contam_pileups	1	1	0	340.2536	0.014352	0.37805955555555554	0.0917
OBS12	E1	prod-cand-1703-hg002-bjuice-v2-multiau-20260814T114522Z	1x1	HG002-98xq4xrqz7dwy9	E1:1x1	9.85	1.16	sentdhiomr2rsr.na.alignstats	1	1	0	189.6305	0.00749	0.21070055555555556	0.0878638888888889
OBS12	E1	prod-cand-1703-hg002-bjuice-v2-multiau-20260814T114522Z	1x1	HG002-98xq4xrqz7dwy9	E1:1x1	9.85	1.16	sentdhiomr2rsr.na.coverage_evenness_two	1	1	0	229.7439	0.036298	1.0210839999999999	0.6360611111111112
OBS12	E1	prod-cand-1703-hg002-bjuice-v2-multiau-20260814T114522Z	1x1	HG002-98xq4xrqz7dwy9	E1:1x1	9.85	1.16	sentdhiomr2rsr.na.gatk_contam	1	1	0	8.588	0.00017	0.0047711111111111105	0.0028055555555555555
OBS12	E1	prod-cand-1703-hg002-bjuice-v2-multiau-20260814T114522Z	1x1	HG002-98xq4xrqz7dwy9	E1:1x1	9.85	1.16	sentdhiomr2rsr.na.goleft	1	1	0	1.449	2.9e-05	0.000805	0.0002138888888888889
OBS12	E1	prod-cand-1703-hg002-bjuice-v2-multiau-20260814T114522Z	1x1	HG002-98xq4xrqz7dwy9	E1:1x1	9.85	1.16	sentdhiomr2rsr.na.infer_sex_complement	1	1	0	0.7025	7e-06	0.0001951388888888889	5.555555555555556e-06
OBS12	E1	prod-cand-1703-hg002-bjuice-v2-multiau-20260814T114522Z	1x1	HG002-98xq4xrqz7dwy9	E1:1x1	9.85	1.16	sentdhiomr2rsr.na.mosdepth	1	1	0	106.8896	0.004222	0.11876622222222222	0.029830555555555555
OBS12	E1	prod-cand-1703-hg002-bjuice-v2-multiau-20260814T114522Z	1x1	HG002-98xq4xrqz7dwy9	E1:1x1	9.85	1.16	sentdhiomr2rsr.na.norm_cov_eveness	1	1	0	470.9818	0.018603	0.5233131111111111	0.0021555555555555555
OBS12	E1	prod-cand-1703-hg002-bjuice-v2-multiau-20260814T114522Z	1x1	HG002-98xq4xrqz7dwy9	E1:1x1	9.85	1.16	sentdhiomr2rsr.na.p.ganon2_multiqc_log	1	1	0	0.0557	0.0	1.5472222222222222e-05	0.0
OBS12	E1	prod-cand-1703-hg002-bjuice-v2-multiau-20260814T114522Z	1x1	HG002-98xq4xrqz7dwy9	E1:1x1	9.85	1.16	sentdhiomr2rsr.na.p.unmapped_metagenomics_ganon2_quick	1	1	0	300.1075	0.405084	10.67048888888889	0.019486111111111114
OBS12	E1	prod-cand-1703-hg002-bjuice-v2-multiau-20260814T114522Z	1x1	HG002-98xq4xrqz7dwy9	E1:1x1	9.85	1.16	sentdhiomr2rsr.na.samt	1	1	0	290.2469	0.011464	0.3224965555555555	0.0031944444444444446
OBS12	E1	prod-cand-1703-hg002-bjuice-v2-multiau-20260814T114522Z	1x1	HG002-98xq4xrqz7dwy9	E1:1x1	9.85	1.16	sentdhiomr2rsr.na.sex_complement_somalier_metrics	1	1	0	0.5732	1.1e-05	0.0003184444444444445	5.555555555555556e-06
OBS12	E1	prod-cand-1703-hg002-bjuice-v2-multiau-20260814T114522Z	1x1	HG002-98xq4xrqz7dwy9	E1:1x1	9.85	1.16	sentdhiomr2rsr.na.site_mix_contam	1	1	0	30.8307	0.000304	0.008564083333333333	0.0042250000000000005
OBS12	E1	prod-cand-1703-hg002-bjuice-v2-multiau-20260814T114522Z	1x1	HG002-98xq4xrqz7dwy9	E1:1x1	9.85	1.16	sentdhiomr2rsr.na.site_mix_contam_pileups	1	1	0	695.6677	0.027478	0.7729641111111111	0.1338638888888889
OBS12	E1	prod-cand-1703-hg002-bjuice-v2-multiau-20260814T114522Z	1x1	HG002-98xq4xrqz7dwy9	E1:1x1	9.85	1.16	sentdhiomr2sr.smd.alignstats	1	1	0	867.4243	0.034262	0.9638047777777778	0.5231944444444444
OBS12	E1	prod-cand-1703-hg002-bjuice-v2-multiau-20260814T114522Z	1x1	HG002-98xq4xrqz7dwy9	E1:1x1	9.85	1.16	sentdhiomr2sr.smd.coverage_evenness_two	1	1	0	390.4333	0.061687	1.735259111111111	0.7116055555555556
OBS12	E1	prod-cand-1703-hg002-bjuice-v2-multiau-20260814T114522Z	1x1	HG002-98xq4xrqz7dwy9	E1:1x1	9.85	1.16	sentdhiomr2sr.smd.gatk_contam	1	1	0	19.0548	0.000376	0.010586	0.0059
OBS12	E1	prod-cand-1703-hg002-bjuice-v2-multiau-20260814T114522Z	1x1	HG002-98xq4xrqz7dwy9	E1:1x1	9.85	1.16	sentdhiomr2sr.smd.goleft	1	1	0	1.4277	3e-05	0.0007931666666666666	0.00021666666666666668
OBS12	E1	prod-cand-1703-hg002-bjuice-v2-multiau-20260814T114522Z	1x1	HG002-98xq4xrqz7dwy9	E1:1x1	9.85	1.16	sentdhiomr2sr.smd.infer_sex_complement	1	1	0	0.6862	7e-06	0.00019061111111111112	8.333333333333334e-06
OBS12	E1	prod-cand-1703-hg002-bjuice-v2-multiau-20260814T114522Z	1x1	HG002-98xq4xrqz7dwy9	E1:1x1	9.85	1.16	sentdhiomr2sr.smd.mosdepth	1	1	0	188.8842	0.007461	0.20987133333333333	0.09782777777777778
OBS12	E1	prod-cand-1703-hg002-bjuice-v2-multiau-20260814T114522Z	1x1	HG002-98xq4xrqz7dwy9	E1:1x1	9.85	1.16	sentdhiomr2sr.smd.norm_cov_eveness	1	1	0	606.1196	0.023941	0.6734662222222222	0.0013750000000000001
OBS12	E1	prod-cand-1703-hg002-bjuice-v2-multiau-20260814T114522Z	1x1	HG002-98xq4xrqz7dwy9	E1:1x1	9.85	1.16	sentdhiomr2sr.smd.p.ganon2_multiqc_log	1	1	0	0.0471	0.0	1.3083333333333334e-05	0.0
OBS12	E1	prod-cand-1703-hg002-bjuice-v2-multiau-20260814T114522Z	1x1	HG002-98xq4xrqz7dwy9	E1:1x1	9.85	1.16	sentdhiomr2sr.smd.p.unmapped_metagenomics_ganon2_quick	1	1	0	2670.7623	3.741886	94.96043733333333	0.3517694444444444
OBS12	E1	prod-cand-1703-hg002-bjuice-v2-multiau-20260814T114522Z	1x1	HG002-98xq4xrqz7dwy9	E1:1x1	9.85	1.16	sentdhiomr2sr.smd.samt	1	1	0	1441.4253	0.060801	1.6015836666666667	0.02659444444444444
OBS12	E1	prod-cand-1703-hg002-bjuice-v2-multiau-20260814T114522Z	1x1	HG002-98xq4xrqz7dwy9	E1:1x1	9.85	1.16	sentdhiomr2sr.smd.sex_complement_somalier_metrics	1	1	0	0.5107	1e-05	0.00028372222222222226	8.333333333333334e-06
OBS12	E1	prod-cand-1703-hg002-bjuice-v2-multiau-20260814T114522Z	1x1	HG002-98xq4xrqz7dwy9	E1:1x1	9.85	1.16	sentdhiomr2sr.smd.site_mix_contam	1	1	0	42.4924	0.00042	0.011803444444444446	0.004308333333333333
OBS12	E1	prod-cand-1703-hg002-bjuice-v2-multiau-20260814T114522Z	1x1	HG002-98xq4xrqz7dwy9	E1:1x1	9.85	1.16	sentdhiomr2sr.smd.site_mix_contam_pileups	1	1	0	2746.7935	0.108495	3.051992777777778	0.7629638888888889
OBS12	E1	prod-cand-1703-hg002-bjuice-v2-multiau-20260814T114522Z	1x1	HG002-98xq4xrqz7dwy9	E1:1x1	9.85	1.16	sentmm2ont.na.expansionhunter	1	1	0	427.4404	0.074858	1.8997351111111112	1.5971388888888889
OBS12	E1	prod-cand-1703-hg002-bjuice-v2-multiau-20260814T114522Z	1x1	HG002-98xq4xrqz7dwy9	E1:1x1	9.85	1.16	sentmm2ont.na.expansionhunter_json_to_tsv	1	1	0	0.6838	7e-06	0.00018994444444444443	8.333333333333334e-06
OBS12	E1	prod-cand-1703-hg002-bjuice-v2-multiau-20260814T114522Z	1x1	HG002-98xq4xrqz7dwy9	E1:1x1	9.85	1.16	sentmm2ont.na.sentdhiomr2.altair-v1.1.parse_vcfeval_summary	1	1	0	9.48	0.000187	0.005266666666666667	3.888888888888889e-05
OBS12	E1	prod-cand-1703-hg002-bjuice-v2-multiau-20260814T114522Z	1x1	HG002-98xq4xrqz7dwy9	E1:1x1	9.85	1.16	sentmm2ont.na.sentdhiomr2.altair-v1.1.rtg_vcfeval	1	1	0	67.3694	0.010644	0.29941955555555555	0.06452777777777778
OBS12	E1	prod-cand-1703-hg002-bjuice-v2-multiau-20260814T114522Z	1x1	HG002-98xq4xrqz7dwy9	E1:1x1	9.85	1.16	sentmm2ont.na.sentdhiomr2.bcfstat	1	1	0	14.0298	0.000831	0.023382999999999998	0.004413888888888889
OBS12	E1	prod-cand-1703-hg002-bjuice-v2-multiau-20260814T114522Z	1x1	HG002-98xq4xrqz7dwy9	E1:1x1	9.85	1.16	sentmm2ont.na.sentdhiomr2.chr1.vep	1	1	0	617.2737	0.024382	0.6858596666666666	0.011580555555555556
OBS12	E1	prod-cand-1703-hg002-bjuice-v2-multiau-20260814T114522Z	1x1	HG002-98xq4xrqz7dwy9	E1:1x1	9.85	1.16	sentmm2ont.na.sentdhiomr2.chr1.vep_input	1	1	0	5.1957	5.1e-05	0.00144325	5.555555555555556e-06
OBS12	E1	prod-cand-1703-hg002-bjuice-v2-multiau-20260814T114522Z	1x1	HG002-98xq4xrqz7dwy9	E1:1x1	9.85	1.16	sentmm2ont.na.sentdhiomr2.chr10.vep	1	1	0	392.3855	0.015499	0.4359838888888889	0.008472222222222223
OBS12	E1	prod-cand-1703-hg002-bjuice-v2-multiau-20260814T114522Z	1x1	HG002-98xq4xrqz7dwy9	E1:1x1	9.85	1.16	sentmm2ont.na.sentdhiomr2.chr10.vep_input	1	1	0	3.8638	3.8e-05	0.0010732777777777778	5.555555555555556e-06
OBS12	E1	prod-cand-1703-hg002-bjuice-v2-multiau-20260814T114522Z	1x1	HG002-98xq4xrqz7dwy9	E1:1x1	9.85	1.16	sentmm2ont.na.sentdhiomr2.chr11.vep	1	1	0	353.7254	0.013972	0.3930282222222222	0.005838888888888889
OBS12	E1	prod-cand-1703-hg002-bjuice-v2-multiau-20260814T114522Z	1x1	HG002-98xq4xrqz7dwy9	E1:1x1	9.85	1.16	sentmm2ont.na.sentdhiomr2.chr11.vep_input	1	1	0	3.8556	3.8e-05	0.001071	0.0
OBS12	E1	prod-cand-1703-hg002-bjuice-v2-multiau-20260814T114522Z	1x1	HG002-98xq4xrqz7dwy9	E1:1x1	9.85	1.16	sentmm2ont.na.sentdhiomr2.chr12.vep	1	1	0	348.7695	0.013776	0.38752166666666665	0.00016944444444444445
OBS12	E1	prod-cand-1703-hg002-bjuice-v2-multiau-20260814T114522Z	1x1	HG002-98xq4xrqz7dwy9	E1:1x1	9.85	1.16	sentmm2ont.na.sentdhiomr2.chr12.vep_input	1	1	0	4.0737	4e-05	0.0011315833333333332	0.0006861111111111112
OBS12	E1	prod-cand-1703-hg002-bjuice-v2-multiau-20260814T114522Z	1x1	HG002-98xq4xrqz7dwy9	E1:1x1	9.85	1.16	sentmm2ont.na.sentdhiomr2.chr13.vep	1	1	0	283.486	0.011197	0.31498444444444446	0.007058333333333333
OBS12	E1	prod-cand-1703-hg002-bjuice-v2-multiau-20260814T114522Z	1x1	HG002-98xq4xrqz7dwy9	E1:1x1	9.85	1.16	sentmm2ont.na.sentdhiomr2.chr13.vep_input	1	1	0	3.4447	3.4e-05	0.0009568611111111111	0.0005638888888888888
OBS12	E1	prod-cand-1703-hg002-bjuice-v2-multiau-20260814T114522Z	1x1	HG002-98xq4xrqz7dwy9	E1:1x1	9.85	1.16	sentmm2ont.na.sentdhiomr2.chr14.vep	1	1	0	263.1021	0.010392	0.29233566666666666	0.003175
OBS12	E1	prod-cand-1703-hg002-bjuice-v2-multiau-20260814T114522Z	1x1	HG002-98xq4xrqz7dwy9	E1:1x1	9.85	1.16	sentmm2ont.na.sentdhiomr2.chr14.vep_input	1	1	0	2.7705	2.7e-05	0.0007695833333333334	0.0004166666666666667
OBS12	E1	prod-cand-1703-hg002-bjuice-v2-multiau-20260814T114522Z	1x1	HG002-98xq4xrqz7dwy9	E1:1x1	9.85	1.16	sentmm2ont.na.sentdhiomr2.chr15.vep	1	1	0	263.6216	0.010413	0.2929128888888889	0.00575
OBS12	E1	prod-cand-1703-hg002-bjuice-v2-multiau-20260814T114522Z	1x1	HG002-98xq4xrqz7dwy9	E1:1x1	9.85	1.16	sentmm2ont.na.sentdhiomr2.chr15.vep_input	1	1	0	2.6391	2.6e-05	0.0007330833333333333	0.0004416666666666667
OBS12	E1	prod-cand-1703-hg002-bjuice-v2-multiau-20260814T114522Z	1x1	HG002-98xq4xrqz7dwy9	E1:1x1	9.85	1.16	sentmm2ont.na.sentdhiomr2.chr16.vep	1	1	0	254.0783	0.010036	0.2823092222222222	0.0044444444444444444
OBS12	E1	prod-cand-1703-hg002-bjuice-v2-multiau-20260814T114522Z	1x1	HG002-98xq4xrqz7dwy9	E1:1x1	9.85	1.16	sentmm2ont.na.sentdhiomr2.chr16.vep_input	1	1	0	2.0285	2e-05	0.0005634722222222223	0.0003055555555555556
OBS12	E1	prod-cand-1703-hg002-bjuice-v2-multiau-20260814T114522Z	1x1	HG002-98xq4xrqz7dwy9	E1:1x1	9.85	1.16	sentmm2ont.na.sentdhiomr2.chr17.vep	1	1	0	209.9684	0.008294	0.2332982222222222	0.004022222222222222
OBS12	E1	prod-cand-1703-hg002-bjuice-v2-multiau-20260814T114522Z	1x1	HG002-98xq4xrqz7dwy9	E1:1x1	9.85	1.16	sentmm2ont.na.sentdhiomr2.chr17.vep_input	1	1	0	2.5189	2.5e-05	0.0006996944444444444	1.388888888888889e-05
OBS12	E1	prod-cand-1703-hg002-bjuice-v2-multiau-20260814T114522Z	1x1	HG002-98xq4xrqz7dwy9	E1:1x1	9.85	1.16	sentmm2ont.na.sentdhiomr2.chr18.vep	1	1	0	225.0095	0.008888	0.25001055555555557	0.003775
OBS12	E1	prod-cand-1703-hg002-bjuice-v2-multiau-20260814T114522Z	1x1	HG002-98xq4xrqz7dwy9	E1:1x1	9.85	1.16	sentmm2ont.na.sentdhiomr2.chr18.vep_input	1	1	0	2.6893	2.7e-05	0.0007470277777777778	0.00041944444444444445
OBS12	E1	prod-cand-1703-hg002-bjuice-v2-multiau-20260814T114522Z	1x1	HG002-98xq4xrqz7dwy9	E1:1x1	9.85	1.16	sentmm2ont.na.sentdhiomr2.chr19.vep	1	1	0	232.886	0.009199	0.2587622222222222	0.004655555555555556
OBS12	E1	prod-cand-1703-hg002-bjuice-v2-multiau-20260814T114522Z	1x1	HG002-98xq4xrqz7dwy9	E1:1x1	9.85	1.16	sentmm2ont.na.sentdhiomr2.chr19.vep_input	1	1	0	2.1148	2.1e-05	0.0005874444444444444	0.00026944444444444444
OBS12	E1	prod-cand-1703-hg002-bjuice-v2-multiau-20260814T114522Z	1x1	HG002-98xq4xrqz7dwy9	E1:1x1	9.85	1.16	sentmm2ont.na.sentdhiomr2.chr2.vep	1	1	0	687.3147	0.027148	0.763683	0.01285
OBS12	E1	prod-cand-1703-hg002-bjuice-v2-multiau-20260814T114522Z	1x1	HG002-98xq4xrqz7dwy9	E1:1x1	9.85	1.16	sentmm2ont.na.sentdhiomr2.chr2.vep_input	1	1	0	5.479	5.4e-05	0.0015219444444444445	5.277777777777778e-05
OBS12	E1	prod-cand-1703-hg002-bjuice-v2-multiau-20260814T114522Z	1x1	HG002-98xq4xrqz7dwy9	E1:1x1	9.85	1.16	sentmm2ont.na.sentdhiomr2.chr20.vep	1	1	0	179.2665	0.007081	0.199185	0.002777777777777778
OBS12	E1	prod-cand-1703-hg002-bjuice-v2-multiau-20260814T114522Z	1x1	HG002-98xq4xrqz7dwy9	E1:1x1	9.85	1.16	sentmm2ont.na.sentdhiomr2.chr20.vep_input	1	1	0	1.6956	1.7e-05	0.000471	0.0001611111111111111
OBS12	E1	prod-cand-1703-hg002-bjuice-v2-multiau-20260814T114522Z	1x1	HG002-98xq4xrqz7dwy9	E1:1x1	9.85	1.16	sentmm2ont.na.sentdhiomr2.chr21.vep	1	1	0	152.2465	0.006014	0.16916277777777777	0.005833333333333334
OBS12	E1	prod-cand-1703-hg002-bjuice-v2-multiau-20260814T114522Z	1x1	HG002-98xq4xrqz7dwy9	E1:1x1	9.85	1.16	sentmm2ont.na.sentdhiomr2.chr21.vep_input	1	1	0	1.5617	1.5e-05	0.0004338055555555556	0.0001611111111111111
OBS12	E1	prod-cand-1703-hg002-bjuice-v2-multiau-20260814T114522Z	1x1	HG002-98xq4xrqz7dwy9	E1:1x1	9.85	1.16	sentmm2ont.na.sentdhiomr2.chr22.vep	1	1	0	150.0493	0.005927	0.16672144444444442	0.0008194444444444445
OBS12	E1	prod-cand-1703-hg002-bjuice-v2-multiau-20260814T114522Z	1x1	HG002-98xq4xrqz7dwy9	E1:1x1	9.85	1.16	sentmm2ont.na.sentdhiomr2.chr22.vep_input	1	1	0	1.8309	1.8e-05	0.0005085833333333333	5.555555555555556e-06
OBS12	E1	prod-cand-1703-hg002-bjuice-v2-multiau-20260814T114522Z	1x1	HG002-98xq4xrqz7dwy9	E1:1x1	9.85	1.16	sentmm2ont.na.sentdhiomr2.chr3.vep	1	1	0	580.2048	0.022917	0.644672	0.008338888888888889
OBS12	E1	prod-cand-1703-hg002-bjuice-v2-multiau-20260814T114522Z	1x1	HG002-98xq4xrqz7dwy9	E1:1x1	9.85	1.16	sentmm2ont.na.sentdhiomr2.chr3.vep_input	1	1	0	3.663	3.6e-05	0.0010175	1.9444444444444445e-05
OBS12	E1	prod-cand-1703-hg002-bjuice-v2-multiau-20260814T114522Z	1x1	HG002-98xq4xrqz7dwy9	E1:1x1	9.85	1.16	sentmm2ont.na.sentdhiomr2.chr4.vep	1	1	0	526.9917	0.020816	0.5855463333333334	0.01023611111111111
OBS12	E1	prod-cand-1703-hg002-bjuice-v2-multiau-20260814T114522Z	1x1	HG002-98xq4xrqz7dwy9	E1:1x1	9.85	1.16	sentmm2ont.na.sentdhiomr2.chr4.vep_input	1	1	0	3.8191	3.8e-05	0.0010608611111111112	0.00075
OBS12	E1	prod-cand-1703-hg002-bjuice-v2-multiau-20260814T114522Z	1x1	HG002-98xq4xrqz7dwy9	E1:1x1	9.85	1.16	sentmm2ont.na.sentdhiomr2.chr5.vep	1	1	0	457.9944	0.01809	0.5088826666666666	0.009416666666666667
OBS12	E1	prod-cand-1703-hg002-bjuice-v2-multiau-20260814T114522Z	1x1	HG002-98xq4xrqz7dwy9	E1:1x1	9.85	1.16	sentmm2ont.na.sentdhiomr2.chr5.vep_input	1	1	0	4.6954	4.6e-05	0.001304277777777778	2.777777777777778e-06
OBS12	E1	prod-cand-1703-hg002-bjuice-v2-multiau-20260814T114522Z	1x1	HG002-98xq4xrqz7dwy9	E1:1x1	9.85	1.16	sentmm2ont.na.sentdhiomr2.chr6.vep	1	1	0	556.6079	0.021985	0.6184532222222222	0.010052777777777777
OBS12	E1	prod-cand-1703-hg002-bjuice-v2-multiau-20260814T114522Z	1x1	HG002-98xq4xrqz7dwy9	E1:1x1	9.85	1.16	sentmm2ont.na.sentdhiomr2.chr6.vep_input	1	1	0	3.4406	3.4e-05	0.0009557222222222222	0.0
OBS12	E1	prod-cand-1703-hg002-bjuice-v2-multiau-20260814T114522Z	1x1	HG002-98xq4xrqz7dwy9	E1:1x1	9.85	1.16	sentmm2ont.na.sentdhiomr2.chr7.vep	1	1	0	412.7034	0.016301	0.4585593333333333	0.0003361111111111111
OBS12	E1	prod-cand-1703-hg002-bjuice-v2-multiau-20260814T114522Z	1x1	HG002-98xq4xrqz7dwy9	E1:1x1	9.85	1.16	sentmm2ont.na.sentdhiomr2.chr7.vep_input	1	1	0	3.4336	3.4e-05	0.0009537777777777778	2.777777777777778e-06
OBS12	E1	prod-cand-1703-hg002-bjuice-v2-multiau-20260814T114522Z	1x1	HG002-98xq4xrqz7dwy9	E1:1x1	9.85	1.16	sentmm2ont.na.sentdhiomr2.chr8.vep	1	1	0	511.4864	0.020203	0.5683182222222223	0.008925
OBS12	E1	prod-cand-1703-hg002-bjuice-v2-multiau-20260814T114522Z	1x1	HG002-98xq4xrqz7dwy9	E1:1x1	9.85	1.16	sentmm2ont.na.sentdhiomr2.chr8.vep_input	1	1	0	3.2724	3.2e-05	0.0009090000000000001	0.0005722222222222222
OBS12	E1	prod-cand-1703-hg002-bjuice-v2-multiau-20260814T114522Z	1x1	HG002-98xq4xrqz7dwy9	E1:1x1	9.85	1.16	sentmm2ont.na.sentdhiomr2.chr9.vep	1	1	0	342.7702	0.013539	0.38085577777777774	0.005527777777777777
OBS12	E1	prod-cand-1703-hg002-bjuice-v2-multiau-20260814T114522Z	1x1	HG002-98xq4xrqz7dwy9	E1:1x1	9.85	1.16	sentmm2ont.na.sentdhiomr2.chr9.vep_input	1	1	0	2.6286	2.6e-05	0.0007301666666666667	0.0004583333333333333
OBS12	E1	prod-cand-1703-hg002-bjuice-v2-multiau-20260814T114522Z	1x1	HG002-98xq4xrqz7dwy9	E1:1x1	9.85	1.16	sentmm2ont.na.sentdhiomr2.chrM.vep	1	1	0	0.9985	3.9e-05	0.0011094444444444446	0.00013333333333333334
OBS12	E1	prod-cand-1703-hg002-bjuice-v2-multiau-20260814T114522Z	1x1	HG002-98xq4xrqz7dwy9	E1:1x1	9.85	1.16	sentmm2ont.na.sentdhiomr2.chrM.vep_input	1	1	0	0.9582	9e-06	0.00026616666666666667	8.333333333333334e-06
OBS12	E1	prod-cand-1703-hg002-bjuice-v2-multiau-20260814T114522Z	1x1	HG002-98xq4xrqz7dwy9	E1:1x1	9.85	1.16	sentmm2ont.na.sentdhiomr2.chrX.vep	1	1	0	161.6849	0.006386	0.1796498888888889	0.0021916666666666664
OBS12	E1	prod-cand-1703-hg002-bjuice-v2-multiau-20260814T114522Z	1x1	HG002-98xq4xrqz7dwy9	E1:1x1	9.85	1.16	sentmm2ont.na.sentdhiomr2.chrX.vep_input	1	1	0	2.2601	2.2e-05	0.0006278055555555556	0.00025
OBS12	E1	prod-cand-1703-hg002-bjuice-v2-multiau-20260814T114522Z	1x1	HG002-98xq4xrqz7dwy9	E1:1x1	9.85	1.16	sentmm2ont.na.sentdhiomr2.chrY.vep	1	1	0	6.4211	0.000254	0.0071345555555555554	0.00010833333333333334
OBS12	E1	prod-cand-1703-hg002-bjuice-v2-multiau-20260814T114522Z	1x1	HG002-98xq4xrqz7dwy9	E1:1x1	9.85	1.16	sentmm2ont.na.sentdhiomr2.chrY.vep_input	1	1	0	1.0196	1e-05	0.00028322222222222225	0.0
OBS12	E1	prod-cand-1703-hg002-bjuice-v2-multiau-20260814T114522Z	1x1	HG002-98xq4xrqz7dwy9	E1:1x1	9.85	1.16	sentmm2ont.na.sentdhiomr2.cli-gvcf.altair-v1.1.parse_vcfeval_summary	1	1	0	11.2909	0.000223	0.006272722222222223	5.833333333333333e-05
OBS12	E1	prod-cand-1703-hg002-bjuice-v2-multiau-20260814T114522Z	1x1	HG002-98xq4xrqz7dwy9	E1:1x1	9.85	1.16	sentmm2ont.na.sentdhiomr2.cli-gvcf.altair-v1.1.rtg_vcfeval	1	1	0	822.0857	0.138706	3.6537142222222223	0.5204833333333333
OBS12	E1	prod-cand-1703-hg002-bjuice-v2-multiau-20260814T114522Z	1x1	HG002-98xq4xrqz7dwy9	E1:1x1	9.85	1.16	sentmm2ont.na.sentdhiomr2.cli-gvcf.clinvar_genes.parse_vcfeval_summary	1	1	0	12.655	0.00025	0.0070305555555555555	0.00018333333333333334
OBS12	E1	prod-cand-1703-hg002-bjuice-v2-multiau-20260814T114522Z	1x1	HG002-98xq4xrqz7dwy9	E1:1x1	9.85	1.16	sentmm2ont.na.sentdhiomr2.cli-gvcf.clinvar_genes.rtg_vcfeval	1	1	0	844.0724	0.13336	3.751432888888889	0.5286694444444444
OBS12	E1	prod-cand-1703-hg002-bjuice-v2-multiau-20260814T114522Z	1x1	HG002-98xq4xrqz7dwy9	E1:1x1	9.85	1.16	sentmm2ont.na.sentdhiomr2.cli-gvcf.concordance	1	1	0	0.3851	3e-05	0.0008557777777777778	2.777777777777778e-06
OBS12	E1	prod-cand-1703-hg002-bjuice-v2-multiau-20260814T114522Z	1x1	HG002-98xq4xrqz7dwy9	E1:1x1	9.85	1.16	sentmm2ont.na.sentdhiomr2.cli-gvcf.giabHC.parse_vcfeval_summary	1	1	0	76.7389	0.001516	0.042632722222222225	2.777777777777778e-06
OBS12	E1	prod-cand-1703-hg002-bjuice-v2-multiau-20260814T114522Z	1x1	HG002-98xq4xrqz7dwy9	E1:1x1	9.85	1.16	sentmm2ont.na.sentdhiomr2.cli-gvcf.giabHC.rtg_vcfeval	1	1	0	820.3658	0.138416	3.6460702222222223	0.5419694444444444
OBS12	E1	prod-cand-1703-hg002-bjuice-v2-multiau-20260814T114522Z	1x1	HG002-98xq4xrqz7dwy9	E1:1x1	9.85	1.16	sentmm2ont.na.sentdhiomr2.cli-gvcf.giabHC_x_clinvar_genes.parse_vcfeval_summary	1	1	0	11.6568	0.00023	0.006476	5.555555555555556e-06
OBS12	E1	prod-cand-1703-hg002-bjuice-v2-multiau-20260814T114522Z	1x1	HG002-98xq4xrqz7dwy9	E1:1x1	9.85	1.16	sentmm2ont.na.sentdhiomr2.cli-gvcf.giabHC_x_clinvar_genes.rtg_vcfeval	1	1	0	821.6478	0.138632	3.6517679999999997	0.5168111111111111
OBS12	E1	prod-cand-1703-hg002-bjuice-v2-multiau-20260814T114522Z	1x1	HG002-98xq4xrqz7dwy9	E1:1x1	9.85	1.16	sentmm2ont.na.sentdhiomr2.cli-gvcf.giabHC_x_ultima.parse_vcfeval_summary	1	1	0	88.6015	0.00175	0.049223055555555555	0.00796388888888889
OBS12	E1	prod-cand-1703-hg002-bjuice-v2-multiau-20260814T114522Z	1x1	HG002-98xq4xrqz7dwy9	E1:1x1	9.85	1.16	sentmm2ont.na.sentdhiomr2.cli-gvcf.giabHC_x_ultima.rtg_vcfeval	1	1	0	852.4725	0.134687	3.7887666666666666	0.5549638888888888
OBS12	E1	prod-cand-1703-hg002-bjuice-v2-multiau-20260814T114522Z	1x1	HG002-98xq4xrqz7dwy9	E1:1x1	9.85	1.16	sentmm2ont.na.sentdhiomr2.cli-gvcf.giabHC_x_ultima_x_clinvar.parse_vcfeval_summary	1	1	0	10.5465	0.000208	0.005859166666666667	2.2222222222222223e-05
OBS12	E1	prod-cand-1703-hg002-bjuice-v2-multiau-20260814T114522Z	1x1	HG002-98xq4xrqz7dwy9	E1:1x1	9.85	1.16	sentmm2ont.na.sentdhiomr2.cli-gvcf.giabHC_x_ultima_x_clinvar.rtg_vcfeval	1	1	0	811.394	0.136902	3.6061955555555554	0.5120694444444445
OBS12	E1	prod-cand-1703-hg002-bjuice-v2-multiau-20260814T114522Z	1x1	HG002-98xq4xrqz7dwy9	E1:1x1	9.85	1.16	sentmm2ont.na.sentdhiomr2.cli-gvcf.giabHCv5q.parse_vcfeval_summary	1	1	0	82.3976	0.001734	0.045776444444444446	0.005602777777777779
OBS12	E1	prod-cand-1703-hg002-bjuice-v2-multiau-20260814T114522Z	1x1	HG002-98xq4xrqz7dwy9	E1:1x1	9.85	1.16	sentmm2ont.na.sentdhiomr2.cli-gvcf.giabHCv5q.rtg_vcfeval	1	1	0	1044.5423	0.17624	4.642410222222223	0.7722916666666667
OBS12	E1	prod-cand-1703-hg002-bjuice-v2-multiau-20260814T114522Z	1x1	HG002-98xq4xrqz7dwy9	E1:1x1	9.85	1.16	sentmm2ont.na.sentdhiomr2.cli-gvcf.hg38.parse_vcfeval_summary	1	1	0	90.7467	0.001789	0.05041483333333333	0.0015805555555555557
OBS12	E1	prod-cand-1703-hg002-bjuice-v2-multiau-20260814T114522Z	1x1	HG002-98xq4xrqz7dwy9	E1:1x1	9.85	1.16	sentmm2ont.na.sentdhiomr2.cli-gvcf.hg38.rtg_vcfeval	1	1	0	952.4548	0.150483	4.233132444444444	0.6173805555555556
OBS12	E1	prod-cand-1703-hg002-bjuice-v2-multiau-20260814T114522Z	1x1	HG002-98xq4xrqz7dwy9	E1:1x1	9.85	1.16	sentmm2ont.na.sentdhiomr2.cli-gvcf.hg38_m_giabHC.parse_vcfeval_summary	1	1	0	24.0472	0.000475	0.013359555555555555	0.0012222222222222224
OBS12	E1	prod-cand-1703-hg002-bjuice-v2-multiau-20260814T114522Z	1x1	HG002-98xq4xrqz7dwy9	E1:1x1	9.85	1.16	sentmm2ont.na.sentdhiomr2.cli-gvcf.hg38_m_giabHC.rtg_vcfeval	1	1	0	832.803	0.131579	3.701346666666667	0.5221083333333333
OBS12	E1	prod-cand-1703-hg002-bjuice-v2-multiau-20260814T114522Z	1x1	HG002-98xq4xrqz7dwy9	E1:1x1	9.85	1.16	sentmm2ont.na.sentdhiomr2.cli-gvcf.ultima.parse_vcfeval_summary	1	1	0	77.1688	0.001524	0.04287155555555556	0.00033055555555555556
OBS12	E1	prod-cand-1703-hg002-bjuice-v2-multiau-20260814T114522Z	1x1	HG002-98xq4xrqz7dwy9	E1:1x1	9.85	1.16	sentmm2ont.na.sentdhiomr2.cli-gvcf.ultima.rtg_vcfeval	1	1	0	823.1444	0.138885	3.6584195555555556	0.5422027777777778
OBS12	E1	prod-cand-1703-hg002-bjuice-v2-multiau-20260814T114522Z	1x1	HG002-98xq4xrqz7dwy9	E1:1x1	9.85	1.16	sentmm2ont.na.sentdhiomr2.clinvar_genes.parse_vcfeval_summary	1	1	0	11.4393	0.000226	0.006355166666666666	8.333333333333334e-06
OBS12	E1	prod-cand-1703-hg002-bjuice-v2-multiau-20260814T114522Z	1x1	HG002-98xq4xrqz7dwy9	E1:1x1	9.85	1.16	sentmm2ont.na.sentdhiomr2.clinvar_genes.rtg_vcfeval	1	1	0	61.1467	0.009661	0.2717631111111111	0.06136666666666667
OBS12	E1	prod-cand-1703-hg002-bjuice-v2-multiau-20260814T114522Z	1x1	HG002-98xq4xrqz7dwy9	E1:1x1	9.85	1.16	sentmm2ont.na.sentdhiomr2.concordance	1	1	0	0.3882	3.1e-05	0.0008626666666666666	2.777777777777778e-06
OBS12	E1	prod-cand-1703-hg002-bjuice-v2-multiau-20260814T114522Z	1x1	HG002-98xq4xrqz7dwy9	E1:1x1	9.85	1.16	sentmm2ont.na.sentdhiomr2.giabHC.parse_vcfeval_summary	1	1	0	74.8812	0.001479	0.04160066666666667	0.006036111111111111
OBS12	E1	prod-cand-1703-hg002-bjuice-v2-multiau-20260814T114522Z	1x1	HG002-98xq4xrqz7dwy9	E1:1x1	9.85	1.16	sentmm2ont.na.sentdhiomr2.giabHC.rtg_vcfeval	1	1	0	68.2877	0.010789	0.3035008888888889	0.07544722222222222
OBS12	E1	prod-cand-1703-hg002-bjuice-v2-multiau-20260814T114522Z	1x1	HG002-98xq4xrqz7dwy9	E1:1x1	9.85	1.16	sentmm2ont.na.sentdhiomr2.giabHC_x_clinvar_genes.parse_vcfeval_summary	1	1	0	9.027	0.000178	0.0050149999999999995	0.0006666666666666666
OBS12	E1	prod-cand-1703-hg002-bjuice-v2-multiau-20260814T114522Z	1x1	HG002-98xq4xrqz7dwy9	E1:1x1	9.85	1.16	sentmm2ont.na.sentdhiomr2.giabHC_x_clinvar_genes.rtg_vcfeval	1	1	0	59.8213	0.009451	0.26587244444444447	0.059458333333333335
OBS12	E1	prod-cand-1703-hg002-bjuice-v2-multiau-20260814T114522Z	1x1	HG002-98xq4xrqz7dwy9	E1:1x1	9.85	1.16	sentmm2ont.na.sentdhiomr2.giabHC_x_ultima.parse_vcfeval_summary	1	1	0	67.2257	0.001328	0.037347611111111116	0.005688888888888889
OBS12	E1	prod-cand-1703-hg002-bjuice-v2-multiau-20260814T114522Z	1x1	HG002-98xq4xrqz7dwy9	E1:1x1	9.85	1.16	sentmm2ont.na.sentdhiomr2.giabHC_x_ultima.rtg_vcfeval	1	1	0	76.0879	0.012022	0.33816844444444444	0.07185833333333333
OBS12	E1	prod-cand-1703-hg002-bjuice-v2-multiau-20260814T114522Z	1x1	HG002-98xq4xrqz7dwy9	E1:1x1	9.85	1.16	sentmm2ont.na.sentdhiomr2.giabHC_x_ultima_x_clinvar.parse_vcfeval_summary	1	1	0	9.5683	0.000189	0.0053157222222222225	5.555555555555556e-06
OBS12	E1	prod-cand-1703-hg002-bjuice-v2-multiau-20260814T114522Z	1x1	HG002-98xq4xrqz7dwy9	E1:1x1	9.85	1.16	sentmm2ont.na.sentdhiomr2.giabHC_x_ultima_x_clinvar.rtg_vcfeval	1	1	0	67.6656	0.010691	0.300736	0.06053055555555555
OBS12	E1	prod-cand-1703-hg002-bjuice-v2-multiau-20260814T114522Z	1x1	HG002-98xq4xrqz7dwy9	E1:1x1	9.85	1.16	sentmm2ont.na.sentdhiomr2.giabHCv5q.parse_vcfeval_summary	1	1	0	72.7116	0.001531	0.04039533333333334	0.004969444444444445
OBS12	E1	prod-cand-1703-hg002-bjuice-v2-multiau-20260814T114522Z	1x1	HG002-98xq4xrqz7dwy9	E1:1x1	9.85	1.16	sentmm2ont.na.sentdhiomr2.giabHCv5q.rtg_vcfeval	1	1	0	849.2025	0.13417	3.774233333333333	0.32211944444444446
OBS12	E1	prod-cand-1703-hg002-bjuice-v2-multiau-20260814T114522Z	1x1	HG002-98xq4xrqz7dwy9	E1:1x1	9.85	1.16	sentmm2ont.na.sentdhiomr2.hg38.parse_vcfeval_summary	1	1	0	85.4307	0.001687	0.047461500000000004	0.00043333333333333337
OBS12	E1	prod-cand-1703-hg002-bjuice-v2-multiau-20260814T114522Z	1x1	HG002-98xq4xrqz7dwy9	E1:1x1	9.85	1.16	sentmm2ont.na.sentdhiomr2.hg38.rtg_vcfeval	1	1	0	70.1809	0.011088	0.3119151111111111	0.0807388888888889
OBS12	E1	prod-cand-1703-hg002-bjuice-v2-multiau-20260814T114522Z	1x1	HG002-98xq4xrqz7dwy9	E1:1x1	9.85	1.16	sentmm2ont.na.sentdhiomr2.hg38_m_giabHC.parse_vcfeval_summary	1	1	0	21.364	0.000422	0.011868888888888889	0.001425
OBS12	E1	prod-cand-1703-hg002-bjuice-v2-multiau-20260814T114522Z	1x1	HG002-98xq4xrqz7dwy9	E1:1x1	9.85	1.16	sentmm2ont.na.sentdhiomr2.hg38_m_giabHC.rtg_vcfeval	1	1	0	62.4504	0.009867	0.2775573333333333	0.06184722222222223
OBS12	E1	prod-cand-1703-hg002-bjuice-v2-multiau-20260814T114522Z	1x1	HG002-98xq4xrqz7dwy9	E1:1x1	9.85	1.16	sentmm2ont.na.sentdhiomr2.peddy	1	1	0	22.6329	0.000894	0.025147666666666665	0.0004111111111111111
OBS12	E1	prod-cand-1703-hg002-bjuice-v2-multiau-20260814T114522Z	1x1	HG002-98xq4xrqz7dwy9	E1:1x1	9.85	1.16	sentmm2ont.na.sentdhiomr2.rtgvcfstats	1	1	0	20.3149	0.000401	0.011286055555555556	0.005766666666666667
OBS12	E1	prod-cand-1703-hg002-bjuice-v2-multiau-20260814T114522Z	1x1	HG002-98xq4xrqz7dwy9	E1:1x1	9.85	1.16	sentmm2ont.na.sentdhiomr2.ultima.parse_vcfeval_summary	1	1	0	67.1336	0.001326	0.037296444444444445	0.003813888888888889
OBS12	E1	prod-cand-1703-hg002-bjuice-v2-multiau-20260814T114522Z	1x1	HG002-98xq4xrqz7dwy9	E1:1x1	9.85	1.16	sentmm2ont.na.sentdhiomr2.ultima.rtg_vcfeval	1	1	0	69.672	0.011008	0.30965333333333334	0.06759722222222223
OBS12	E1	prod-cand-1703-hg002-bjuice-v2-multiau-20260814T114522Z	1x1	HG002-98xq4xrqz7dwy9	E1:1x1	9.85	1.16	sentmm2ont.na.sentdhiomr2.vep_concat	1	1	0	48.2369	0.003803	0.10719311111111111	0.003211111111111111
OBS12	E1	prod-cand-1703-hg002-bjuice-v2-multiau-20260814T114522Z	1x1	HG002-98xq4xrqz7dwy9	E1:1x1	9.85	1.16	sentmm2ont.na.sentdhiomr2.vep_concat_fofn	1	1	0	0.184	1e-06	5.111111111111111e-05	0.0
OBS12	E1	prod-cand-1703-hg002-bjuice-v2-multiau-20260814T114522Z	1x1	HG002-98xq4xrqz7dwy9	E1:1x1	9.85	1.16	sentmm2ont.na.sentdhiomr2.vep_validate_input_contigs	1	1	0	0.5426	4e-06	0.0001507222222222222	0.0
OBS12	E1	prod-cand-1703-hg002-bjuice-v2-multiau-20260814T114522Z	1x1	HG002-98xq4xrqz7dwy9	E1:1x1	9.85	1.16	seqfu	1	1	0	914.223	0.054166	1.5237049999999999	0.8705805555555556
OBS12	E1	prod-cand-1703-hg002-bjuice-v2-multiau-20260814T114522Z	1x1	HG002-98xq4xrqz7dwy9	E1:1x1	9.85	1.16	snv_vcf.vcf-sv-stats	1	1	0	210.3798	0.004155	0.11687766666666666	0.05379722222222222
OBS12	E1	prod-cand-1703-hg002-bjuice-v2-multiau-20260814T114522Z	1x1	HG002-98xq4xrqz7dwy9	E1:1x1	9.85	1.16	source_reheadered_cnvscope_vcf.vcf-sv-stats	1	1	0	1.0097	2e-05	0.0005609444444444444	2.4999999999999998e-05
OBS12	E1	prod-cand-1703-hg002-bjuice-v2-multiau-20260814T114522Z	1x1	HG002-98xq4xrqz7dwy9	E1:1x1	9.85	1.16	synthetic_smn_vcf.vcf-sv-stats	1	1	0	2.0198	4e-05	0.001122111111111111	7.500000000000001e-05
OBS12	E1	prod-cand-1703-hg002-bjuice-v2-multiau-20260814T114522Z	1x1	HG002-98xq4xrqz7dwy9	E1:1x1	9.85	1.16	tagged_cnv_vcf.vcf-sv-stats	1	1	0	1.2025	2.4e-05	0.0006680555555555555	8.888888888888889e-05
OBS12	E1	prod-cand-1703-hg002-bjuice-v2-multiau-20260814T114522Z	1x1	HG002-98xq4xrqz7dwy9	E1:1x1	9.85	1.16	tagged_sv_vcf.vcf-sv-stats	1	1	0	2.578	5.1e-05	0.001432222222222222	0.00040555555555555554
OBS12	E1	prod-cand-1703-hg002-bjuice-v2-multiau-20260814T114522Z	1x1	HG002-98xq4xrqz7dwy9	E1:1x1	9.85	1.16	untagged_trussv_vcf.vcf-sv-stats	1	1	0	2.516	5e-05	0.0013977777777777777	0.0003777777777777778
OBS13	E3	prod-cand-1703-hg002-bjuice-4au-kitchensink-20260817T025004Z	30xby15x	HG002-q73e7s390m0hjt	E3:30xby15x	10.50	14.71	expansionhunter_vcf.vcf-sv-stats	1	1	0	1.9422	4.3e-05	0.0010789999999999999	7.500000000000001e-05
OBS13	E3	prod-cand-1703-hg002-bjuice-4au-kitchensink-20260817T025004Z	30xby15x	HG002-q73e7s390m0hjt	E3:30xby15x	10.50	14.71	fastqc	1	1	0	829.1946	0.147119	3.6853093333333335	0.0009138888888888889
OBS13	E3	prod-cand-1703-hg002-bjuice-4au-kitchensink-20260817T025004Z	30xby15x	HG002-q73e7s390m0hjt	E3:30xby15x	10.50	14.71	mitochondrial_vcf.vcf-sv-stats	1	1	0	0.8168	1.1e-05	0.0004537777777777778	3.611111111111111e-05
OBS13	E3	prod-cand-1703-hg002-bjuice-4au-kitchensink-20260817T025004Z	30xby15x	HG002-q73e7s390m0hjt	E3:30xby15x	10.50	14.71	normalized_longreadsv_vcf.vcf-sv-stats	1	1	0	2.3829	5.3e-05	0.0013238333333333331	0.00043333333333333337
OBS13	E3	prod-cand-1703-hg002-bjuice-4au-kitchensink-20260817T025004Z	30xby15x	HG002-q73e7s390m0hjt	E3:30xby15x	10.50	14.71	normalized_sniffles2_vcf.vcf-sv-stats	1	1	0	1.756	1.8e-05	0.0009755555555555556	0.00031388888888888883
OBS13	E3	prod-cand-1703-hg002-bjuice-4au-kitchensink-20260817T025004Z	30xby15x	HG002-q73e7s390m0hjt	E3:30xby15x	10.50	14.71	normalized_tiddit_vcf.vcf-sv-stats	1	1	0	3.5533	4.3e-05	0.0019740555555555557	0.0003972222222222222
OBS13	E3	prod-cand-1703-hg002-bjuice-4au-kitchensink-20260817T025004Z	30xby15x	HG002-q73e7s390m0hjt	E3:30xby15x	10.50	14.71	segdup_CFH_vcf.vcf-sv-stats	1	1	0	0.7715	8e-06	0.0004286111111111111	4.1666666666666665e-05
OBS13	E3	prod-cand-1703-hg002-bjuice-4au-kitchensink-20260817T025004Z	30xby15x	HG002-q73e7s390m0hjt	E3:30xby15x	10.50	14.71	segdup_CYP11B1_vcf.vcf-sv-stats	1	1	0	1.0165	1.1e-05	0.0005647222222222222	4.4444444444444447e-05
OBS13	E3	prod-cand-1703-hg002-bjuice-4au-kitchensink-20260817T025004Z	30xby15x	HG002-q73e7s390m0hjt	E3:30xby15x	10.50	14.71	segdup_CYP2A6_vcf.vcf-sv-stats	1	1	0	0.7517	8e-06	0.0004176111111111111	4.1666666666666665e-05
OBS13	E3	prod-cand-1703-hg002-bjuice-4au-kitchensink-20260817T025004Z	30xby15x	HG002-q73e7s390m0hjt	E3:30xby15x	10.50	14.71	segdup_CYP2B6_vcf.vcf-sv-stats	1	1	0	0.7599	8e-06	0.00042216666666666666	3.3333333333333335e-05
OBS13	E3	prod-cand-1703-hg002-bjuice-4au-kitchensink-20260817T025004Z	30xby15x	HG002-q73e7s390m0hjt	E3:30xby15x	10.50	14.71	segdup_CYP2D6_vcf.vcf-sv-stats	1	1	0	0.7368	8e-06	0.0004093333333333333	4.4444444444444447e-05
OBS13	E3	prod-cand-1703-hg002-bjuice-4au-kitchensink-20260817T025004Z	30xby15x	HG002-q73e7s390m0hjt	E3:30xby15x	10.50	14.71	segdup_GBA1_vcf.vcf-sv-stats	1	1	0	0.7673	8e-06	0.00042627777777777776	3.611111111111111e-05
OBS13	E3	prod-cand-1703-hg002-bjuice-4au-kitchensink-20260817T025004Z	30xby15x	HG002-q73e7s390m0hjt	E3:30xby15x	10.50	14.71	segdup_HBA_vcf.vcf-sv-stats	1	1	0	0.749	8e-06	0.00041611111111111113	4.4444444444444447e-05
OBS13	E3	prod-cand-1703-hg002-bjuice-4au-kitchensink-20260817T025004Z	30xby15x	HG002-q73e7s390m0hjt	E3:30xby15x	10.50	14.71	segdup_NCF1_vcf.vcf-sv-stats	1	1	0	0.7519	8e-06	0.0004177222222222222	4.4444444444444447e-05
OBS13	E3	prod-cand-1703-hg002-bjuice-4au-kitchensink-20260817T025004Z	30xby15x	HG002-q73e7s390m0hjt	E3:30xby15x	10.50	14.71	segdup_OTOA_vcf.vcf-sv-stats	1	1	0	0.7733	8e-06	0.0004296111111111111	3.888888888888889e-05
OBS13	E3	prod-cand-1703-hg002-bjuice-4au-kitchensink-20260817T025004Z	30xby15x	HG002-q73e7s390m0hjt	E3:30xby15x	10.50	14.71	segdup_PMS2_vcf.vcf-sv-stats	1	1	0	0.7537	8e-06	0.00041872222222222224	3.611111111111111e-05
OBS13	E3	prod-cand-1703-hg002-bjuice-4au-kitchensink-20260817T025004Z	30xby15x	HG002-q73e7s390m0hjt	E3:30xby15x	10.50	14.71	segdup_RCCX1_vcf.vcf-sv-stats	1	1	0	0.7526	8e-06	0.0004181111111111111	3.888888888888889e-05
OBS13	E3	prod-cand-1703-hg002-bjuice-4au-kitchensink-20260817T025004Z	30xby15x	HG002-q73e7s390m0hjt	E3:30xby15x	10.50	14.71	segdup_RHD_vcf.vcf-sv-stats	1	1	0	0.7603	8e-06	0.00042238888888888887	3.611111111111111e-05
OBS13	E3	prod-cand-1703-hg002-bjuice-4au-kitchensink-20260817T025004Z	30xby15x	HG002-q73e7s390m0hjt	E3:30xby15x	10.50	14.71	segdup_SBDS_vcf.vcf-sv-stats	1	1	0	0.7481	8e-06	0.0004156111111111111	4.1666666666666665e-05
OBS13	E3	prod-cand-1703-hg002-bjuice-4au-kitchensink-20260817T025004Z	30xby15x	HG002-q73e7s390m0hjt	E3:30xby15x	10.50	14.71	segdup_SMN1_vcf.vcf-sv-stats	1	1	0	0.7473	8e-06	0.00041516666666666666	4.1666666666666665e-05
OBS13	E3	prod-cand-1703-hg002-bjuice-4au-kitchensink-20260817T025004Z	30xby15x	HG002-q73e7s390m0hjt	E3:30xby15x	10.50	14.71	segdup_STRC_vcf.vcf-sv-stats	1	1	0	0.7676	8e-06	0.0004264444444444444	3.888888888888889e-05
OBS13	E3	prod-cand-1703-hg002-bjuice-4au-kitchensink-20260817T025004Z	30xby15x	HG002-q73e7s390m0hjt	E3:30xby15x	10.50	14.71	sentdhiomr2.command-manifest	1	1	0	0.5763	0.000449	0.020490666666666667	0.0
OBS13	E3	prod-cand-1703-hg002-bjuice-4au-kitchensink-20260817T025004Z	30xby15x	HG002-q73e7s390m0hjt	E3:30xby15x	10.50	14.71	sentdhiomr2.five-chromosome-hard-vcf	1	1	0	92.5338	0.072036	3.2900906666666665	0.02046111111111111
OBS13	E3	prod-cand-1703-hg002-bjuice-4au-kitchensink-20260817T025004Z	30xby15x	HG002-q73e7s390m0hjt	E3:30xby15x	10.50	14.71	sentdhiomr2.hybrid-cli172i-core	1	1	0	7154.1181	9.395609	254.36864355555554	0.0006388888888888888
OBS13	E3	prod-cand-1703-hg002-bjuice-4au-kitchensink-20260817T025004Z	30xby15x	HG002-q73e7s390m0hjt	E3:30xby15x	10.50	14.71	sentdhiomr2.hybrid-cli172i-finalize-1	1	1	0	399.3046	0.017712	0.4436717777777778	0.016780555555555556
OBS13	E3	prod-cand-1703-hg002-bjuice-4au-kitchensink-20260817T025004Z	30xby15x	HG002-q73e7s390m0hjt	E3:30xby15x	10.50	14.71	sentdhiomr2.hybrid-cli172i-finalize-10	1	1	0	233.7012	0.010345	0.259668	0.011433333333333332
OBS13	E3	prod-cand-1703-hg002-bjuice-4au-kitchensink-20260817T025004Z	30xby15x	HG002-q73e7s390m0hjt	E3:30xby15x	10.50	14.71	sentdhiomr2.hybrid-cli172i-finalize-11	1	1	0	235.5665	0.010427	0.26174055555555553	0.010780555555555555
OBS13	E3	prod-cand-1703-hg002-bjuice-4au-kitchensink-20260817T025004Z	30xby15x	HG002-q73e7s390m0hjt	E3:30xby15x	10.50	14.71	sentdhiomr2.hybrid-cli172i-finalize-12	1	1	0	239.1129	0.010584	0.265681	0.009705555555555554
OBS13	E3	prod-cand-1703-hg002-bjuice-4au-kitchensink-20260817T025004Z	30xby15x	HG002-q73e7s390m0hjt	E3:30xby15x	10.50	14.71	sentdhiomr2.hybrid-cli172i-finalize-13	1	1	0	200.3926	0.008889	0.22265844444444444	0.00915
OBS13	E3	prod-cand-1703-hg002-bjuice-4au-kitchensink-20260817T025004Z	30xby15x	HG002-q73e7s390m0hjt	E3:30xby15x	10.50	14.71	sentdhiomr2.hybrid-cli172i-finalize-14	1	1	0	167.8125	0.007443	0.18645833333333334	0.008311111111111111
OBS13	E3	prod-cand-1703-hg002-bjuice-4au-kitchensink-20260817T025004Z	30xby15x	HG002-q73e7s390m0hjt	E3:30xby15x	10.50	14.71	sentdhiomr2.hybrid-cli172i-finalize-15	1	1	0	145.867	0.00647	0.16207444444444444	0.005725
OBS13	E3	prod-cand-1703-hg002-bjuice-4au-kitchensink-20260817T025004Z	30xby15x	HG002-q73e7s390m0hjt	E3:30xby15x	10.50	14.71	sentdhiomr2.hybrid-cli172i-finalize-16	1	1	0	141.4964	0.006276	0.1572182222222222	0.006819444444444445
OBS13	E3	prod-cand-1703-hg002-bjuice-4au-kitchensink-20260817T025004Z	30xby15x	HG002-q73e7s390m0hjt	E3:30xby15x	10.50	14.71	sentdhiomr2.hybrid-cli172i-finalize-17	1	1	0	139.9698	0.006196	0.155522	0.007141666666666667
OBS13	E3	prod-cand-1703-hg002-bjuice-4au-kitchensink-20260817T025004Z	30xby15x	HG002-q73e7s390m0hjt	E3:30xby15x	10.50	14.71	sentdhiomr2.hybrid-cli172i-finalize-18	1	1	0	146.9772	0.006506	0.163308	0.005091666666666666
OBS13	E3	prod-cand-1703-hg002-bjuice-4au-kitchensink-20260817T025004Z	30xby15x	HG002-q73e7s390m0hjt	E3:30xby15x	10.50	14.71	sentdhiomr2.hybrid-cli172i-finalize-19	1	1	0	110.6579	0.004898	0.12295322222222221	0.004591666666666667
OBS13	E3	prod-cand-1703-hg002-bjuice-4au-kitchensink-20260817T025004Z	30xby15x	HG002-q73e7s390m0hjt	E3:30xby15x	10.50	14.71	sentdhiomr2.hybrid-cli172i-finalize-2	1	1	0	412.5401	0.018299	0.45837788888888886	0.022327777777777776
OBS13	E3	prod-cand-1703-hg002-bjuice-4au-kitchensink-20260817T025004Z	30xby15x	HG002-q73e7s390m0hjt	E3:30xby15x	10.50	14.71	sentdhiomr2.hybrid-cli172i-finalize-20	1	1	0	131.46	0.005831	0.14606666666666668	0.021025
OBS13	E3	prod-cand-1703-hg002-bjuice-4au-kitchensink-20260817T025004Z	30xby15x	HG002-q73e7s390m0hjt	E3:30xby15x	10.50	14.71	sentdhiomr2.hybrid-cli172i-finalize-21	1	1	0	81.2307	0.003603	0.09025633333333333	0.002580555555555555
OBS13	E3	prod-cand-1703-hg002-bjuice-4au-kitchensink-20260817T025004Z	30xby15x	HG002-q73e7s390m0hjt	E3:30xby15x	10.50	14.71	sentdhiomr2.hybrid-cli172i-finalize-22	1	1	0	79.1237	0.00351	0.08791522222222223	0.002994444444444444
OBS13	E3	prod-cand-1703-hg002-bjuice-4au-kitchensink-20260817T025004Z	30xby15x	HG002-q73e7s390m0hjt	E3:30xby15x	10.50	14.71	sentdhiomr2.hybrid-cli172i-finalize-23	1	1	0	453.5442	0.020117	0.503938	0.015902777777777776
OBS13	E3	prod-cand-1703-hg002-bjuice-4au-kitchensink-20260817T025004Z	30xby15x	HG002-q73e7s390m0hjt	E3:30xby15x	10.50	14.71	sentdhiomr2.hybrid-cli172i-finalize-24	1	1	0	83.604	0.003708	0.09289333333333333	0.000836111111111111
OBS13	E3	prod-cand-1703-hg002-bjuice-4au-kitchensink-20260817T025004Z	30xby15x	HG002-q73e7s390m0hjt	E3:30xby15x	10.50	14.71	sentdhiomr2.hybrid-cli172i-finalize-25	1	1	0	16.0525	0.000711	0.017836111111111108	0.0
OBS13	E3	prod-cand-1703-hg002-bjuice-4au-kitchensink-20260817T025004Z	30xby15x	HG002-q73e7s390m0hjt	E3:30xby15x	10.50	14.71	sentdhiomr2.hybrid-cli172i-finalize-3	1	1	0	341.3889	0.015143	0.37932099999999996	0.013202777777777779
OBS13	E3	prod-cand-1703-hg002-bjuice-4au-kitchensink-20260817T025004Z	30xby15x	HG002-q73e7s390m0hjt	E3:30xby15x	10.50	14.71	sentdhiomr2.hybrid-cli172i-finalize-4	1	1	0	343.2237	0.015224	0.38135966666666665	0.012391666666666667
OBS13	E3	prod-cand-1703-hg002-bjuice-4au-kitchensink-20260817T025004Z	30xby15x	HG002-q73e7s390m0hjt	E3:30xby15x	10.50	14.71	sentdhiomr2.hybrid-cli172i-finalize-5	1	1	0	322.3386	0.014298	0.358154	0.016497222222222222
OBS13	E3	prod-cand-1703-hg002-bjuice-4au-kitchensink-20260817T025004Z	30xby15x	HG002-q73e7s390m0hjt	E3:30xby15x	10.50	14.71	sentdhiomr2.hybrid-cli172i-finalize-6	1	1	0	294.5614	0.013039	0.32729044444444444	0.014766666666666666
OBS13	E3	prod-cand-1703-hg002-bjuice-4au-kitchensink-20260817T025004Z	30xby15x	HG002-q73e7s390m0hjt	E3:30xby15x	10.50	14.71	sentdhiomr2.hybrid-cli172i-finalize-7	1	1	0	286.8894	0.012725	0.31876600000000005	0.016275
OBS13	E3	prod-cand-1703-hg002-bjuice-4au-kitchensink-20260817T025004Z	30xby15x	HG002-q73e7s390m0hjt	E3:30xby15x	10.50	14.71	sentdhiomr2.hybrid-cli172i-finalize-8	1	1	0	265.9052	0.011794	0.2954502222222222	0.012100000000000001
OBS13	E3	prod-cand-1703-hg002-bjuice-4au-kitchensink-20260817T025004Z	30xby15x	HG002-q73e7s390m0hjt	E3:30xby15x	10.50	14.71	sentdhiomr2.hybrid-cli172i-finalize-9	1	1	0	215.6069	0.009544	0.2395632222222222	0.006969444444444445
OBS13	E3	prod-cand-1703-hg002-bjuice-4au-kitchensink-20260817T025004Z	30xby15x	HG002-q73e7s390m0hjt	E3:30xby15x	10.50	14.71	sentdhiomr2.hybrid-cli172i-gather	1	1	0	315.3504	0.015343	0.7007786666666667	0.04271944444444444
OBS13	E3	prod-cand-1703-hg002-bjuice-4au-kitchensink-20260817T025004Z	30xby15x	HG002-q73e7s390m0hjt	E3:30xby15x	10.50	14.71	sentdhiomr2.inflection-analytical-ancillary	1	1	0	1.6467	0.002163	0.058549333333333335	4.9999999999999996e-05
OBS13	E3	prod-cand-1703-hg002-bjuice-4au-kitchensink-20260817T025004Z	30xby15x	HG002-q73e7s390m0hjt	E3:30xby15x	10.50	14.71	sentdhiomr2.inflection-multiqc-stage	1	1	0	46.965	0.000373	0.013045833333333335	0.012291666666666666
OBS13	E3	prod-cand-1703-hg002-bjuice-4au-kitchensink-20260817T025004Z	30xby15x	HG002-q73e7s390m0hjt	E3:30xby15x	10.50	14.71	sentdhiomr2.inflection-multiqc	1	1	0	48.747	0.000296	0.013540833333333334	2.777777777777778e-05
OBS13	E3	prod-cand-1703-hg002-bjuice-4au-kitchensink-20260817T025004Z	30xby15x	HG002-q73e7s390m0hjt	E3:30xby15x	10.50	14.71	sentdhiomr2.mito	1	1	0	71.4951	0.101082	2.542048	0.0018083333333333332
OBS13	E3	prod-cand-1703-hg002-bjuice-4au-kitchensink-20260817T025004Z	30xby15x	HG002-q73e7s390m0hjt	E3:30xby15x	10.50	14.71	sentdhiomr2.normalize-smn12	1	1	0	0.1451	1e-06	4.030555555555556e-05	0.0
OBS13	E3	prod-cand-1703-hg002-bjuice-4au-kitchensink-20260817T025004Z	30xby15x	HG002-q73e7s390m0hjt	E3:30xby15x	10.50	14.71	sentdhiomr2.roh_upd	1	1	0	289.824	0.38063	10.304853333333334	0.082675
OBS13	E3	prod-cand-1703-hg002-bjuice-4au-kitchensink-20260817T025004Z	30xby15x	HG002-q73e7s390m0hjt	E3:30xby15x	10.50	14.71	sentdhiomr2.rsr-publish	1	1	0	11.4472	9.1e-05	0.003179777777777778	0.0015222222222222223
OBS13	E3	prod-cand-1703-hg002-bjuice-4au-kitchensink-20260817T025004Z	30xby15x	HG002-q73e7s390m0hjt	E3:30xby15x	10.50	14.71	sentdhiomr2.scope	1	1	0	0.7037	6e-06	0.00019547222222222223	0.0
OBS13	E3	prod-cand-1703-hg002-bjuice-4au-kitchensink-20260817T025004Z	30xby15x	HG002-q73e7s390m0hjt	E3:30xby15x	10.50	14.71	sentdhiomr2.segdup.CFH	1	1	0	416.6868	0.547241	14.815530666666668	0.07901666666666667
OBS13	E3	prod-cand-1703-hg002-bjuice-4au-kitchensink-20260817T025004Z	30xby15x	HG002-q73e7s390m0hjt	E3:30xby15x	10.50	14.71	sentdhiomr2.segdup.CYP11B1	1	1	0	293.301	0.405163	10.42848	0.05971666666666666
OBS13	E3	prod-cand-1703-hg002-bjuice-4au-kitchensink-20260817T025004Z	30xby15x	HG002-q73e7s390m0hjt	E3:30xby15x	10.50	14.71	sentdhiomr2.segdup.CYP2A6	1	1	0	229.5655	0.189783	8.162328888888888	2.777777777777778e-06
OBS13	E3	prod-cand-1703-hg002-bjuice-4au-kitchensink-20260817T025004Z	30xby15x	HG002-q73e7s390m0hjt	E3:30xby15x	10.50	14.71	sentdhiomr2.segdup.CYP2B6	1	1	0	297.35	0.238866	10.572444444444445	0.02528333333333333
OBS13	E3	prod-cand-1703-hg002-bjuice-4au-kitchensink-20260817T025004Z	30xby15x	HG002-q73e7s390m0hjt	E3:30xby15x	10.50	14.71	sentdhiomr2.segdup.CYP2D6	1	1	0	293.9845	0.415645	10.452782222222224	0.036505555555555555
OBS13	E3	prod-cand-1703-hg002-bjuice-4au-kitchensink-20260817T025004Z	30xby15x	HG002-q73e7s390m0hjt	E3:30xby15x	10.50	14.71	sentdhiomr2.segdup.GBA	1	1	0	371.7582	0.513543	13.218069333333332	0.02706388888888889
OBS13	E3	prod-cand-1703-hg002-bjuice-4au-kitchensink-20260817T025004Z	30xby15x	HG002-q73e7s390m0hjt	E3:30xby15x	10.50	14.71	sentdhiomr2.segdup.HBA	1	1	0	253.0456	0.332329	8.99717688888889	0.006630555555555556
OBS13	E3	prod-cand-1703-hg002-bjuice-4au-kitchensink-20260817T025004Z	30xby15x	HG002-q73e7s390m0hjt	E3:30xby15x	10.50	14.71	sentdhiomr2.segdup.IKBKG	1	1	0	249.3874	0.344501	8.867107555555556	0.026116666666666667
OBS13	E3	prod-cand-1703-hg002-bjuice-4au-kitchensink-20260817T025004Z	30xby15x	HG002-q73e7s390m0hjt	E3:30xby15x	10.50	14.71	sentdhiomr2.segdup.LPA	1	1	0	182.0984	0.251549	6.474609777777777	0.05928333333333333
OBS13	E3	prod-cand-1703-hg002-bjuice-4au-kitchensink-20260817T025004Z	30xby15x	HG002-q73e7s390m0hjt	E3:30xby15x	10.50	14.71	sentdhiomr2.segdup.NCF1	1	1	0	281.2202	0.188334	9.998940444444443	0.009177777777777778
OBS13	E3	prod-cand-1703-hg002-bjuice-4au-kitchensink-20260817T025004Z	30xby15x	HG002-q73e7s390m0hjt	E3:30xby15x	10.50	14.71	sentdhiomr2.segdup.OTOA	1	1	0	308.0783	0.435571	10.95389511111111	0.02661111111111111
OBS13	E3	prod-cand-1703-hg002-bjuice-4au-kitchensink-20260817T025004Z	30xby15x	HG002-q73e7s390m0hjt	E3:30xby15x	10.50	14.71	sentdhiomr2.segdup.PMS2	1	1	0	319.9668	0.420217	11.376597333333333	0.00018333333333333334
OBS13	E3	prod-cand-1703-hg002-bjuice-4au-kitchensink-20260817T025004Z	30xby15x	HG002-q73e7s390m0hjt	E3:30xby15x	10.50	14.71	sentdhiomr2.segdup.RCCX	1	1	0	300.7301	0.394953	10.692625777777778	0.02032222222222222
OBS13	E3	prod-cand-1703-hg002-bjuice-4au-kitchensink-20260817T025004Z	30xby15x	HG002-q73e7s390m0hjt	E3:30xby15x	10.50	14.71	sentdhiomr2.segdup.RH	1	1	0	408.2172	0.563907	14.514389333333334	0.0007527777777777778
OBS13	E3	prod-cand-1703-hg002-bjuice-4au-kitchensink-20260817T025004Z	30xby15x	HG002-q73e7s390m0hjt	E3:30xby15x	10.50	14.71	sentdhiomr2.segdup.SBDS	1	1	0	275.0928	0.248017	9.781077333333334	0.010516666666666667
OBS13	E3	prod-cand-1703-hg002-bjuice-4au-kitchensink-20260817T025004Z	30xby15x	HG002-q73e7s390m0hjt	E3:30xby15x	10.50	14.71	sentdhiomr2.segdup.SMN1	1	1	0	367.4071	0.519452	13.063363555555556	0.01731111111111111
OBS13	E3	prod-cand-1703-hg002-bjuice-4au-kitchensink-20260817T025004Z	30xby15x	HG002-q73e7s390m0hjt	E3:30xby15x	10.50	14.71	sentdhiomr2.segdup.STRC	1	1	0	249.5893	0.206336	8.874286222222223	0.021361111111111112
OBS13	E3	prod-cand-1703-hg002-bjuice-4au-kitchensink-20260817T025004Z	30xby15x	HG002-q73e7s390m0hjt	E3:30xby15x	10.50	14.71	sentdhiomr2.slim-longreadsv-normalize	1	1	0	5.8339	0.00207	0.05185688888888889	0.0
OBS13	E3	prod-cand-1703-hg002-bjuice-4au-kitchensink-20260817T025004Z	30xby15x	HG002-q73e7s390m0hjt	E3:30xby15x	10.50	14.71	sentdhiomr2.slim-sniffles2-normalize	1	1	0	2.7676	0.000463	0.024600888888888887	0.0
OBS13	E3	prod-cand-1703-hg002-bjuice-4au-kitchensink-20260817T025004Z	30xby15x	HG002-q73e7s390m0hjt	E3:30xby15x	10.50	14.71	sentdhiomr2.slim-tag-cnv	1	1	0	26.1341	0.008581	0.2323031111111111	0.004047222222222222
OBS13	E3	prod-cand-1703-hg002-bjuice-4au-kitchensink-20260817T025004Z	30xby15x	HG002-q73e7s390m0hjt	E3:30xby15x	10.50	14.71	sentdhiomr2.slim-tag-sv	1	1	0	722.2974	0.237151	6.4204213333333335	0.19580833333333333
OBS13	E3	prod-cand-1703-hg002-bjuice-4au-kitchensink-20260817T025004Z	30xby15x	HG002-q73e7s390m0hjt	E3:30xby15x	10.50	14.71	sentdhiomr2.slim-tiddit-normalize	1	1	0	4.7906	0.000922	0.04258311111111111	5.555555555555556e-06
OBS13	E3	prod-cand-1703-hg002-bjuice-4au-kitchensink-20260817T025004Z	30xby15x	HG002-q73e7s390m0hjt	E3:30xby15x	10.50	14.71	sentdhiomr2.slim-tiddit-repair	1	1	0	3.5348	0.00068	0.031420444444444445	0.000325
OBS13	E3	prod-cand-1703-hg002-bjuice-4au-kitchensink-20260817T025004Z	30xby15x	HG002-q73e7s390m0hjt	E3:30xby15x	10.50	14.71	sentdhiomr2.slim-trussv	1	1	0	4.711	0.000917	0.041875555555555555	0.0003194444444444444
OBS13	E3	prod-cand-1703-hg002-bjuice-4au-kitchensink-20260817T025004Z	30xby15x	HG002-q73e7s390m0hjt	E3:30xby15x	10.50	14.71	sentdhiomr2.slim-truvari-aggregate	1	1	0	0.4134	3e-06	0.00011483333333333332	0.0
OBS13	E3	prod-cand-1703-hg002-bjuice-4au-kitchensink-20260817T025004Z	30xby15x	HG002-q73e7s390m0hjt	E3:30xby15x	10.50	14.71	sentdhiomr2.slim-truvari-longreadsv	1	1	0	206.3358	0.040157	1.834096	0.05434722222222222
OBS13	E3	prod-cand-1703-hg002-bjuice-4au-kitchensink-20260817T025004Z	30xby15x	HG002-q73e7s390m0hjt	E3:30xby15x	10.50	14.71	sentdhiomr2.slim-truvari-sniffles2	1	1	0	165.9906	0.027791	1.475472	1.388888888888889e-05
OBS13	E3	prod-cand-1703-hg002-bjuice-4au-kitchensink-20260817T025004Z	30xby15x	HG002-q73e7s390m0hjt	E3:30xby15x	10.50	14.71	sentdhiomr2.slim-truvari-tagged_trussv	1	1	0	211.5938	0.04118	1.8808337777777777	0.054325
OBS13	E3	prod-cand-1703-hg002-bjuice-4au-kitchensink-20260817T025004Z	30xby15x	HG002-q73e7s390m0hjt	E3:30xby15x	10.50	14.71	sentdhiomr2.slim-truvari-tiddit	1	1	0	197.4651	0.037985	1.7552453333333333	0.0006777777777777778
OBS13	E3	prod-cand-1703-hg002-bjuice-4au-kitchensink-20260817T025004Z	30xby15x	HG002-q73e7s390m0hjt	E3:30xby15x	10.50	14.71	sentdhiomr2.sniffles2	1	1	0	102.1456	0.068407	3.6318435555555557	0.0035916666666666666
OBS13	E3	prod-cand-1703-hg002-bjuice-4au-kitchensink-20260817T025004Z	30xby15x	HG002-q73e7s390m0hjt	E3:30xby15x	10.50	14.71	sentdhiomr2.sr-prepare	1	1	0	1583.9002	1.591116	84.47467733333333	0.001161111111111111
OBS13	E3	prod-cand-1703-hg002-bjuice-4au-kitchensink-20260817T025004Z	30xby15x	HG002-q73e7s390m0hjt	E3:30xby15x	10.50	14.71	sentdhiomr2.terminal-hybrid-validate	1	1	0	428.7724	0.333791	15.245240888888889	0.1887611111111111
OBS13	E3	prod-cand-1703-hg002-bjuice-4au-kitchensink-20260817T025004Z	30xby15x	HG002-q73e7s390m0hjt	E3:30xby15x	10.50	14.71	sentdhiomr2.tiddit	1	1	0	1038.6708	1.468507	36.930517333333334	3.3333333333333335e-05
OBS13	E3	prod-cand-1703-hg002-bjuice-4au-kitchensink-20260817T025004Z	30xby15x	HG002-q73e7s390m0hjt	E3:30xby15x	10.50	14.71	sentdhiomr2.tiddit.sort	1	1	0	0.9838	0.001391	0.034979555555555555	2.777777777777778e-06
OBS13	E3	prod-cand-1703-hg002-bjuice-4au-kitchensink-20260817T025004Z	30xby15x	HG002-q73e7s390m0hjt	E3:30xby15x	10.50	14.71	sentdhiomr2lr.na.alignstats	1	1	0	289.2985	0.012832	0.32144277777777774	0.2165888888888889
OBS13	E3	prod-cand-1703-hg002-bjuice-4au-kitchensink-20260817T025004Z	30xby15x	HG002-q73e7s390m0hjt	E3:30xby15x	10.50	14.71	sentdhiomr2lr.na.coverage_evenness_two	1	1	0	327.7325	0.058147	1.456588888888889	0.9988222222222223
OBS13	E3	prod-cand-1703-hg002-bjuice-4au-kitchensink-20260817T025004Z	30xby15x	HG002-q73e7s390m0hjt	E3:30xby15x	10.50	14.71	sentdhiomr2lr.na.gatk_contam	1	1	0	17.7696	0.000394	0.009872	0.005794444444444444
OBS13	E3	prod-cand-1703-hg002-bjuice-4au-kitchensink-20260817T025004Z	30xby15x	HG002-q73e7s390m0hjt	E3:30xby15x	10.50	14.71	sentdhiomr2lr.na.goleft	1	1	0	2.6262	5.8e-05	0.001459	0.00020277777777777777
OBS13	E3	prod-cand-1703-hg002-bjuice-4au-kitchensink-20260817T025004Z	30xby15x	HG002-q73e7s390m0hjt	E3:30xby15x	10.50	14.71	sentdhiomr2lr.na.infer_sex_complement	1	1	0	0.733	4e-06	0.00020361111111111112	5.555555555555556e-06
OBS13	E3	prod-cand-1703-hg002-bjuice-4au-kitchensink-20260817T025004Z	30xby15x	HG002-q73e7s390m0hjt	E3:30xby15x	10.50	14.71	sentdhiomr2lr.na.mosdepth	1	1	0	128.3672	0.005694	0.1426302222222222	0.04593333333333334
OBS13	E3	prod-cand-1703-hg002-bjuice-4au-kitchensink-20260817T025004Z	30xby15x	HG002-q73e7s390m0hjt	E3:30xby15x	10.50	14.71	sentdhiomr2lr.na.norm_cov_eveness	1	1	0	488.351	0.021661	0.5426122222222223	0.002777777777777778
OBS13	E3	prod-cand-1703-hg002-bjuice-4au-kitchensink-20260817T025004Z	30xby15x	HG002-q73e7s390m0hjt	E3:30xby15x	10.50	14.71	sentdhiomr2lr.na.p.ganon2_multiqc_log	1	1	0	0.0462	0.0	1.2833333333333333e-05	0.0
OBS13	E3	prod-cand-1703-hg002-bjuice-4au-kitchensink-20260817T025004Z	30xby15x	HG002-q73e7s390m0hjt	E3:30xby15x	10.50	14.71	sentdhiomr2lr.na.p.unmapped_metagenomics_ganon2_quick	1	1	0	75.1704	0.060386	2.672725333333333	0.005036111111111111
OBS13	E3	prod-cand-1703-hg002-bjuice-4au-kitchensink-20260817T025004Z	30xby15x	HG002-q73e7s390m0hjt	E3:30xby15x	10.50	14.71	sentdhiomr2lr.na.samt	1	1	0	728.4174	0.03231	0.8093526666666667	0.3243138888888889
OBS13	E3	prod-cand-1703-hg002-bjuice-4au-kitchensink-20260817T025004Z	30xby15x	HG002-q73e7s390m0hjt	E3:30xby15x	10.50	14.71	sentdhiomr2lr.na.sex_complement_somalier_metrics	1	1	0	0.6204	7e-06	0.0003446666666666666	0.0
OBS13	E3	prod-cand-1703-hg002-bjuice-4au-kitchensink-20260817T025004Z	30xby15x	HG002-q73e7s390m0hjt	E3:30xby15x	10.50	14.71	sentdhiomr2lr.na.site_mix_contam	1	1	0	17.3199	0.000192	0.004811083333333334	0.004211111111111111
OBS13	E3	prod-cand-1703-hg002-bjuice-4au-kitchensink-20260817T025004Z	30xby15x	HG002-q73e7s390m0hjt	E3:30xby15x	10.50	14.71	sentdhiomr2lr.na.site_mix_contam_pileups	1	1	0	2225.3418	0.098707	2.472602	0.6216416666666666
OBS13	E3	prod-cand-1703-hg002-bjuice-4au-kitchensink-20260817T025004Z	30xby15x	HG002-q73e7s390m0hjt	E3:30xby15x	10.50	14.71	sentdhiomr2rsr.na.alignstats	1	1	0	288.1567	0.012755	0.3201741111111111	0.13628055555555557
OBS13	E3	prod-cand-1703-hg002-bjuice-4au-kitchensink-20260817T025004Z	30xby15x	HG002-q73e7s390m0hjt	E3:30xby15x	10.50	14.71	sentdhiomr2rsr.na.coverage_evenness_two	1	1	0	325.9555	0.057714	1.448691111111111	0.9570972222222223
OBS13	E3	prod-cand-1703-hg002-bjuice-4au-kitchensink-20260817T025004Z	30xby15x	HG002-q73e7s390m0hjt	E3:30xby15x	10.50	14.71	sentdhiomr2rsr.na.gatk_contam	1	1	0	11.7062	0.000142	0.0065034444444444445	0.004338888888888889
OBS13	E3	prod-cand-1703-hg002-bjuice-4au-kitchensink-20260817T025004Z	30xby15x	HG002-q73e7s390m0hjt	E3:30xby15x	10.50	14.71	sentdhiomr2rsr.na.goleft	1	1	0	1.737	3.9e-05	0.000965	0.0
OBS13	E3	prod-cand-1703-hg002-bjuice-4au-kitchensink-20260817T025004Z	30xby15x	HG002-q73e7s390m0hjt	E3:30xby15x	10.50	14.71	sentdhiomr2rsr.na.infer_sex_complement	1	1	0	0.7203	8e-06	0.00020008333333333334	5.555555555555556e-06
OBS13	E3	prod-cand-1703-hg002-bjuice-4au-kitchensink-20260817T025004Z	30xby15x	HG002-q73e7s390m0hjt	E3:30xby15x	10.50	14.71	sentdhiomr2rsr.na.mosdepth	1	1	0	107.6437	0.004765	0.1196041111111111	0.04521111111111111
OBS13	E3	prod-cand-1703-hg002-bjuice-4au-kitchensink-20260817T025004Z	30xby15x	HG002-q73e7s390m0hjt	E3:30xby15x	10.50	14.71	sentdhiomr2rsr.na.norm_cov_eveness	1	1	0	462.6231	0.018987	0.5140256666666667	0.0006694444444444445
OBS13	E3	prod-cand-1703-hg002-bjuice-4au-kitchensink-20260817T025004Z	30xby15x	HG002-q73e7s390m0hjt	E3:30xby15x	10.50	14.71	sentdhiomr2rsr.na.p.ganon2_multiqc_log	1	1	0	0.0538	0.0	1.4944444444444444e-05	0.0
OBS13	E3	prod-cand-1703-hg002-bjuice-4au-kitchensink-20260817T025004Z	30xby15x	HG002-q73e7s390m0hjt	E3:30xby15x	10.50	14.71	sentdhiomr2rsr.na.p.unmapped_metagenomics_ganon2_quick	1	1	0	329.5087	0.256516	11.715864888888888	0.02535
OBS13	E3	prod-cand-1703-hg002-bjuice-4au-kitchensink-20260817T025004Z	30xby15x	HG002-q73e7s390m0hjt	E3:30xby15x	10.50	14.71	sentdhiomr2rsr.na.samt	1	1	0	356.659	0.015788	0.3962877777777778	0.00020833333333333335
OBS13	E3	prod-cand-1703-hg002-bjuice-4au-kitchensink-20260817T025004Z	30xby15x	HG002-q73e7s390m0hjt	E3:30xby15x	10.50	14.71	sentdhiomr2rsr.na.sex_complement_somalier_metrics	1	1	0	0.529	1.2e-05	0.0002938888888888889	8.333333333333334e-06
OBS13	E3	prod-cand-1703-hg002-bjuice-4au-kitchensink-20260817T025004Z	30xby15x	HG002-q73e7s390m0hjt	E3:30xby15x	10.50	14.71	sentdhiomr2rsr.na.site_mix_contam	1	1	0	21.5038	0.000221	0.005973277777777777	0.004183333333333333
OBS13	E3	prod-cand-1703-hg002-bjuice-4au-kitchensink-20260817T025004Z	30xby15x	HG002-q73e7s390m0hjt	E3:30xby15x	10.50	14.71	sentdhiomr2rsr.na.site_mix_contam_pileups	1	1	0	959.4128	0.02334	1.0660142222222222	0.19915833333333335
OBS13	E3	prod-cand-1703-hg002-bjuice-4au-kitchensink-20260817T025004Z	30xby15x	HG002-q73e7s390m0hjt	E3:30xby15x	10.50	14.71	sentdhiomr2sr.smd.alignstats	1	1	0	558.4165	0.011687	0.6204627777777778	0.32502777777777775
OBS13	E3	prod-cand-1703-hg002-bjuice-4au-kitchensink-20260817T025004Z	30xby15x	HG002-q73e7s390m0hjt	E3:30xby15x	10.50	14.71	sentdhiomr2sr.smd.coverage_evenness_two	1	1	0	339.7221	0.035106	1.509876	0.7182138888888889
OBS13	E3	prod-cand-1703-hg002-bjuice-4au-kitchensink-20260817T025004Z	30xby15x	HG002-q73e7s390m0hjt	E3:30xby15x	10.50	14.71	sentdhiomr2sr.smd.gatk_contam	1	1	0	21.4499	0.000476	0.01191661111111111	0.006297222222222222
OBS13	E3	prod-cand-1703-hg002-bjuice-4au-kitchensink-20260817T025004Z	30xby15x	HG002-q73e7s390m0hjt	E3:30xby15x	10.50	14.71	sentdhiomr2sr.smd.goleft	1	1	0	1.3628	1.4e-05	0.0007571111111111111	0.00023055555555555554
OBS13	E3	prod-cand-1703-hg002-bjuice-4au-kitchensink-20260817T025004Z	30xby15x	HG002-q73e7s390m0hjt	E3:30xby15x	10.50	14.71	sentdhiomr2sr.smd.infer_sex_complement	1	1	0	0.7409	5e-06	0.00020580555555555556	8.333333333333334e-06
OBS13	E3	prod-cand-1703-hg002-bjuice-4au-kitchensink-20260817T025004Z	30xby15x	HG002-q73e7s390m0hjt	E3:30xby15x	10.50	14.71	sentdhiomr2sr.smd.mosdepth	1	1	0	150.0285	0.003876	0.16669833333333334	0.07273333333333333
OBS13	E3	prod-cand-1703-hg002-bjuice-4au-kitchensink-20260817T025004Z	30xby15x	HG002-q73e7s390m0hjt	E3:30xby15x	10.50	14.71	sentdhiomr2sr.smd.norm_cov_eveness	1	1	0	543.1317	0.011367	0.6034796666666667	0.0012000000000000001
OBS13	E3	prod-cand-1703-hg002-bjuice-4au-kitchensink-20260817T025004Z	30xby15x	HG002-q73e7s390m0hjt	E3:30xby15x	10.50	14.71	sentdhiomr2sr.smd.p.ganon2_multiqc_log	1	1	0	0.0548	0.0	1.5222222222222223e-05	0.0
OBS13	E3	prod-cand-1703-hg002-bjuice-4au-kitchensink-20260817T025004Z	30xby15x	HG002-q73e7s390m0hjt	E3:30xby15x	10.50	14.71	sentdhiomr2sr.smd.p.unmapped_metagenomics_ganon2_quick	1	1	0	1473.79	0.987003	52.40142222222222	0.1777
OBS13	E3	prod-cand-1703-hg002-bjuice-4au-kitchensink-20260817T025004Z	30xby15x	HG002-q73e7s390m0hjt	E3:30xby15x	10.50	14.71	sentdhiomr2sr.smd.samt	1	1	0	1050.948	0.027151	1.16772	0.017383333333333334
OBS13	E3	prod-cand-1703-hg002-bjuice-4au-kitchensink-20260817T025004Z	30xby15x	HG002-q73e7s390m0hjt	E3:30xby15x	10.50	14.71	sentdhiomr2sr.smd.sex_complement_somalier_metrics	1	1	0	0.4833	6e-06	0.0002685	8.333333333333334e-06
OBS13	E3	prod-cand-1703-hg002-bjuice-4au-kitchensink-20260817T025004Z	30xby15x	HG002-q73e7s390m0hjt	E3:30xby15x	10.50	14.71	sentdhiomr2sr.smd.site_mix_contam	1	1	0	31.731	0.000352	0.008814166666666666	0.004261111111111111
OBS13	E3	prod-cand-1703-hg002-bjuice-4au-kitchensink-20260817T025004Z	30xby15x	HG002-q73e7s390m0hjt	E3:30xby15x	10.50	14.71	sentdhiomr2sr.smd.site_mix_contam_pileups	1	1	0	1855.9091	0.038841	2.0621212222222223	0.5203472222222222
OBS13	E3	prod-cand-1703-hg002-bjuice-4au-kitchensink-20260817T025004Z	30xby15x	HG002-q73e7s390m0hjt	E3:30xby15x	10.50	14.71	sentmm2ont.na.expansionhunter	1	1	0	146.5398	0.012267	0.6512880000000001	0.5712944444444444
OBS13	E3	prod-cand-1703-hg002-bjuice-4au-kitchensink-20260817T025004Z	30xby15x	HG002-q73e7s390m0hjt	E3:30xby15x	10.50	14.71	sentmm2ont.na.expansionhunter_json_to_tsv	1	1	0	0.6608	3e-06	0.00018355555555555557	0.0
OBS13	E3	prod-cand-1703-hg002-bjuice-4au-kitchensink-20260817T025004Z	30xby15x	HG002-q73e7s390m0hjt	E3:30xby15x	10.50	14.71	sentmm2ont.na.sentdhiomr2.altair-v1.1.parse_vcfeval_summary	1	1	0	11.9904	0.000146	0.006661333333333333	4.722222222222223e-05
OBS13	E3	prod-cand-1703-hg002-bjuice-4au-kitchensink-20260817T025004Z	30xby15x	HG002-q73e7s390m0hjt	E3:30xby15x	10.50	14.71	sentmm2ont.na.sentdhiomr2.altair-v1.1.rtg_vcfeval	1	1	0	62.0124	0.006989	0.27561066666666667	0.05856666666666667
OBS13	E3	prod-cand-1703-hg002-bjuice-4au-kitchensink-20260817T025004Z	30xby15x	HG002-q73e7s390m0hjt	E3:30xby15x	10.50	14.71	sentmm2ont.na.sentdhiomr2.bcfstat	1	1	0	18.3487	0.00067	0.03058116666666667	0.005036111111111111
OBS13	E3	prod-cand-1703-hg002-bjuice-4au-kitchensink-20260817T025004Z	30xby15x	HG002-q73e7s390m0hjt	E3:30xby15x	10.50	14.71	sentmm2ont.na.sentdhiomr2.chr1.vep	1	1	0	871.2029	0.021194	0.9680032222222222	0.011647222222222222
OBS13	E3	prod-cand-1703-hg002-bjuice-4au-kitchensink-20260817T025004Z	30xby15x	HG002-q73e7s390m0hjt	E3:30xby15x	10.50	14.71	sentmm2ont.na.sentdhiomr2.chr1.vep_input	1	1	0	5.3484	3.3e-05	0.0014856666666666666	2.4999999999999998e-05
OBS13	E3	prod-cand-1703-hg002-bjuice-4au-kitchensink-20260817T025004Z	30xby15x	HG002-q73e7s390m0hjt	E3:30xby15x	10.50	14.71	sentmm2ont.na.sentdhiomr2.chr10.vep	1	1	0	459.64	0.018864	0.5107111111111111	0.008541666666666666
OBS13	E3	prod-cand-1703-hg002-bjuice-4au-kitchensink-20260817T025004Z	30xby15x	HG002-q73e7s390m0hjt	E3:30xby15x	10.50	14.71	sentmm2ont.na.sentdhiomr2.chr10.vep_input	1	1	0	3.7278	2.3e-05	0.0010355	0.0007333333333333333
OBS13	E3	prod-cand-1703-hg002-bjuice-4au-kitchensink-20260817T025004Z	30xby15x	HG002-q73e7s390m0hjt	E3:30xby15x	10.50	14.71	sentmm2ont.na.sentdhiomr2.chr11.vep	1	1	0	425.9035	0.01748	0.4732261111111111	0.007852777777777778
OBS13	E3	prod-cand-1703-hg002-bjuice-4au-kitchensink-20260817T025004Z	30xby15x	HG002-q73e7s390m0hjt	E3:30xby15x	10.50	14.71	sentmm2ont.na.sentdhiomr2.chr11.vep_input	1	1	0	3.2129	3.3e-05	0.0008924722222222222	0.000575
OBS13	E3	prod-cand-1703-hg002-bjuice-4au-kitchensink-20260817T025004Z	30xby15x	HG002-q73e7s390m0hjt	E3:30xby15x	10.50	14.71	sentmm2ont.na.sentdhiomr2.chr12.vep	1	1	0	434.3197	0.017825	0.48257744444444445	0.007944444444444445
OBS13	E3	prod-cand-1703-hg002-bjuice-4au-kitchensink-20260817T025004Z	30xby15x	HG002-q73e7s390m0hjt	E3:30xby15x	10.50	14.71	sentmm2ont.na.sentdhiomr2.chr12.vep_input	1	1	0	3.2306	3.3e-05	0.0008973888888888889	0.0006027777777777777
OBS13	E3	prod-cand-1703-hg002-bjuice-4au-kitchensink-20260817T025004Z	30xby15x	HG002-q73e7s390m0hjt	E3:30xby15x	10.50	14.71	sentmm2ont.na.sentdhiomr2.chr13.vep	1	1	0	263.6553	0.010821	0.29295033333333337	0.0035666666666666668
OBS13	E3	prod-cand-1703-hg002-bjuice-4au-kitchensink-20260817T025004Z	30xby15x	HG002-q73e7s390m0hjt	E3:30xby15x	10.50	14.71	sentmm2ont.na.sentdhiomr2.chr13.vep_input	1	1	0	3.0287	1.8e-05	0.0008413055555555556	1.6666666666666667e-05
OBS13	E3	prod-cand-1703-hg002-bjuice-4au-kitchensink-20260817T025004Z	30xby15x	HG002-q73e7s390m0hjt	E3:30xby15x	10.50	14.71	sentmm2ont.na.sentdhiomr2.chr14.vep	1	1	0	268.1233	0.011004	0.29791477777777775	0.006469444444444444
OBS13	E3	prod-cand-1703-hg002-bjuice-4au-kitchensink-20260817T025004Z	30xby15x	HG002-q73e7s390m0hjt	E3:30xby15x	10.50	14.71	sentmm2ont.na.sentdhiomr2.chr14.vep_input	1	1	0	3.7737	2.3e-05	0.00104825	2.2222222222222223e-05
OBS13	E3	prod-cand-1703-hg002-bjuice-4au-kitchensink-20260817T025004Z	30xby15x	HG002-q73e7s390m0hjt	E3:30xby15x	10.50	14.71	sentmm2ont.na.sentdhiomr2.chr15.vep	1	1	0	366.4209	0.008914	0.4071343333333334	0.0064333333333333334
OBS13	E3	prod-cand-1703-hg002-bjuice-4au-kitchensink-20260817T025004Z	30xby15x	HG002-q73e7s390m0hjt	E3:30xby15x	10.50	14.71	sentmm2ont.na.sentdhiomr2.chr15.vep_input	1	1	0	2.7436	2.8e-05	0.0007621111111111111	0.0004166666666666667
OBS13	E3	prod-cand-1703-hg002-bjuice-4au-kitchensink-20260817T025004Z	30xby15x	HG002-q73e7s390m0hjt	E3:30xby15x	10.50	14.71	sentmm2ont.na.sentdhiomr2.chr16.vep	1	1	0	239.9873	0.009849	0.26665255555555556	0.005544444444444445
OBS13	E3	prod-cand-1703-hg002-bjuice-4au-kitchensink-20260817T025004Z	30xby15x	HG002-q73e7s390m0hjt	E3:30xby15x	10.50	14.71	sentmm2ont.na.sentdhiomr2.chr16.vep_input	1	1	0	2.2104	1.6e-05	0.000614	0.0
OBS13	E3	prod-cand-1703-hg002-bjuice-4au-kitchensink-20260817T025004Z	30xby15x	HG002-q73e7s390m0hjt	E3:30xby15x	10.50	14.71	sentmm2ont.na.sentdhiomr2.chr17.vep	1	1	0	267.3871	0.010974	0.29709677777777777	0.0028472222222222223
OBS13	E3	prod-cand-1703-hg002-bjuice-4au-kitchensink-20260817T025004Z	30xby15x	HG002-q73e7s390m0hjt	E3:30xby15x	10.50	14.71	sentmm2ont.na.sentdhiomr2.chr17.vep_input	1	1	0	2.6057	1.6e-05	0.0007238055555555556	0.0004416666666666667
OBS13	E3	prod-cand-1703-hg002-bjuice-4au-kitchensink-20260817T025004Z	30xby15x	HG002-q73e7s390m0hjt	E3:30xby15x	10.50	14.71	sentmm2ont.na.sentdhiomr2.chr18.vep	1	1	0	228.1259	0.009363	0.25347322222222224	0.00035833333333333333
OBS13	E3	prod-cand-1703-hg002-bjuice-4au-kitchensink-20260817T025004Z	30xby15x	HG002-q73e7s390m0hjt	E3:30xby15x	10.50	14.71	sentmm2ont.na.sentdhiomr2.chr18.vep_input	1	1	0	2.3927	1.5e-05	0.0006646388888888889	1.6666666666666667e-05
OBS13	E3	prod-cand-1703-hg002-bjuice-4au-kitchensink-20260817T025004Z	30xby15x	HG002-q73e7s390m0hjt	E3:30xby15x	10.50	14.71	sentmm2ont.na.sentdhiomr2.chr19.vep	1	1	0	238.3177	0.009781	0.2647974444444445	0.007172222222222222
OBS13	E3	prod-cand-1703-hg002-bjuice-4au-kitchensink-20260817T025004Z	30xby15x	HG002-q73e7s390m0hjt	E3:30xby15x	10.50	14.71	sentmm2ont.na.sentdhiomr2.chr19.vep_input	1	1	0	2.1972	2.3e-05	0.0006103333333333334	0.0002888888888888889
OBS13	E3	prod-cand-1703-hg002-bjuice-4au-kitchensink-20260817T025004Z	30xby15x	HG002-q73e7s390m0hjt	E3:30xby15x	10.50	14.71	sentmm2ont.na.sentdhiomr2.chr2.vep	1	1	0	691.3178	0.028372	0.7681308888888889	0.011163888888888888
OBS13	E3	prod-cand-1703-hg002-bjuice-4au-kitchensink-20260817T025004Z	30xby15x	HG002-q73e7s390m0hjt	E3:30xby15x	10.50	14.71	sentmm2ont.na.sentdhiomr2.chr2.vep_input	1	1	0	5.6019	5.7e-05	0.0015560833333333331	5.555555555555556e-06
OBS13	E3	prod-cand-1703-hg002-bjuice-4au-kitchensink-20260817T025004Z	30xby15x	HG002-q73e7s390m0hjt	E3:30xby15x	10.50	14.71	sentmm2ont.na.sentdhiomr2.chr20.vep	1	1	0	190.6148	0.007823	0.21179422222222222	0.0026583333333333333
OBS13	E3	prod-cand-1703-hg002-bjuice-4au-kitchensink-20260817T025004Z	30xby15x	HG002-q73e7s390m0hjt	E3:30xby15x	10.50	14.71	sentmm2ont.na.sentdhiomr2.chr20.vep_input	1	1	0	3.03	1.8e-05	0.0008416666666666666	2.777777777777778e-06
OBS13	E3	prod-cand-1703-hg002-bjuice-4au-kitchensink-20260817T025004Z	30xby15x	HG002-q73e7s390m0hjt	E3:30xby15x	10.50	14.71	sentmm2ont.na.sentdhiomr2.chr21.vep	1	1	0	180.4217	0.007405	0.20046855555555554	0.0043972222222222225
OBS13	E3	prod-cand-1703-hg002-bjuice-4au-kitchensink-20260817T025004Z	30xby15x	HG002-q73e7s390m0hjt	E3:30xby15x	10.50	14.71	sentmm2ont.na.sentdhiomr2.chr21.vep_input	1	1	0	2.067	1.3e-05	0.0005741666666666667	0.00024722222222222224
OBS13	E3	prod-cand-1703-hg002-bjuice-4au-kitchensink-20260817T025004Z	30xby15x	HG002-q73e7s390m0hjt	E3:30xby15x	10.50	14.71	sentmm2ont.na.sentdhiomr2.chr22.vep	1	1	0	195.1364	0.004747	0.21681822222222225	0.0078
OBS13	E3	prod-cand-1703-hg002-bjuice-4au-kitchensink-20260817T025004Z	30xby15x	HG002-q73e7s390m0hjt	E3:30xby15x	10.50	14.71	sentmm2ont.na.sentdhiomr2.chr22.vep_input	1	1	0	1.8015	1.8e-05	0.0005004166666666667	0.0
OBS13	E3	prod-cand-1703-hg002-bjuice-4au-kitchensink-20260817T025004Z	30xby15x	HG002-q73e7s390m0hjt	E3:30xby15x	10.50	14.71	sentmm2ont.na.sentdhiomr2.chr3.vep	1	1	0	621.116	0.025491	0.6901288888888889	0.00046388888888888885
OBS13	E3	prod-cand-1703-hg002-bjuice-4au-kitchensink-20260817T025004Z	30xby15x	HG002-q73e7s390m0hjt	E3:30xby15x	10.50	14.71	sentmm2ont.na.sentdhiomr2.chr3.vep_input	1	1	0	4.6718	2.8e-05	0.0012977222222222222	4.9999999999999996e-05
OBS13	E3	prod-cand-1703-hg002-bjuice-4au-kitchensink-20260817T025004Z	30xby15x	HG002-q73e7s390m0hjt	E3:30xby15x	10.50	14.71	sentmm2ont.na.sentdhiomr2.chr4.vep	1	1	0	597.9713	0.024541	0.6644125555555556	0.010527777777777777
OBS13	E3	prod-cand-1703-hg002-bjuice-4au-kitchensink-20260817T025004Z	30xby15x	HG002-q73e7s390m0hjt	E3:30xby15x	10.50	14.71	sentmm2ont.na.sentdhiomr2.chr4.vep_input	1	1	0	6.5686	4e-05	0.001824611111111111	9.166666666666667e-05
OBS13	E3	prod-cand-1703-hg002-bjuice-4au-kitchensink-20260817T025004Z	30xby15x	HG002-q73e7s390m0hjt	E3:30xby15x	10.50	14.71	sentmm2ont.na.sentdhiomr2.chr5.vep	1	1	0	512.1	0.021017	0.5690000000000001	0.01171388888888889
OBS13	E3	prod-cand-1703-hg002-bjuice-4au-kitchensink-20260817T025004Z	30xby15x	HG002-q73e7s390m0hjt	E3:30xby15x	10.50	14.71	sentmm2ont.na.sentdhiomr2.chr5.vep_input	1	1	0	3.4218	3.5e-05	0.0009505000000000001	4.4444444444444447e-05
OBS13	E3	prod-cand-1703-hg002-bjuice-4au-kitchensink-20260817T025004Z	30xby15x	HG002-q73e7s390m0hjt	E3:30xby15x	10.50	14.71	sentmm2ont.na.sentdhiomr2.chr6.vep	1	1	0	570.0069	0.023394	0.6333409999999999	0.0116
OBS13	E3	prod-cand-1703-hg002-bjuice-4au-kitchensink-20260817T025004Z	30xby15x	HG002-q73e7s390m0hjt	E3:30xby15x	10.50	14.71	sentmm2ont.na.sentdhiomr2.chr6.vep_input	1	1	0	4.6567	2.8e-05	0.0012935277777777778	5.833333333333333e-05
OBS13	E3	prod-cand-1703-hg002-bjuice-4au-kitchensink-20260817T025004Z	30xby15x	HG002-q73e7s390m0hjt	E3:30xby15x	10.50	14.71	sentmm2ont.na.sentdhiomr2.chr7.vep	1	1	0	625.8021	0.015224	0.6953356666666667	0.008547222222222222
OBS13	E3	prod-cand-1703-hg002-bjuice-4au-kitchensink-20260817T025004Z	30xby15x	HG002-q73e7s390m0hjt	E3:30xby15x	10.50	14.71	sentmm2ont.na.sentdhiomr2.chr7.vep_input	1	1	0	4.1803	4.3e-05	0.0011611944444444445	2.777777777777778e-05
OBS13	E3	prod-cand-1703-hg002-bjuice-4au-kitchensink-20260817T025004Z	30xby15x	HG002-q73e7s390m0hjt	E3:30xby15x	10.50	14.71	sentmm2ont.na.sentdhiomr2.chr8.vep	1	1	0	636.3299	0.01548	0.7070332222222222	0.013283333333333333
OBS13	E3	prod-cand-1703-hg002-bjuice-4au-kitchensink-20260817T025004Z	30xby15x	HG002-q73e7s390m0hjt	E3:30xby15x	10.50	14.71	sentmm2ont.na.sentdhiomr2.chr8.vep_input	1	1	0	5.5536	3.4e-05	0.0015426666666666668	4.722222222222223e-05
OBS13	E3	prod-cand-1703-hg002-bjuice-4au-kitchensink-20260817T025004Z	30xby15x	HG002-q73e7s390m0hjt	E3:30xby15x	10.50	14.71	sentmm2ont.na.sentdhiomr2.chr9.vep	1	1	0	377.7891	0.015505	0.4197656666666667	0.00014166666666666668
OBS13	E3	prod-cand-1703-hg002-bjuice-4au-kitchensink-20260817T025004Z	30xby15x	HG002-q73e7s390m0hjt	E3:30xby15x	10.50	14.71	sentmm2ont.na.sentdhiomr2.chr9.vep_input	1	1	0	4.8152	2.9e-05	0.0013375555555555556	7.222222222222222e-05
OBS13	E3	prod-cand-1703-hg002-bjuice-4au-kitchensink-20260817T025004Z	30xby15x	HG002-q73e7s390m0hjt	E3:30xby15x	10.50	14.71	sentmm2ont.na.sentdhiomr2.chrM.vep	1	1	0	0.9278	3.8e-05	0.001030888888888889	0.00013055555555555555
OBS13	E3	prod-cand-1703-hg002-bjuice-4au-kitchensink-20260817T025004Z	30xby15x	HG002-q73e7s390m0hjt	E3:30xby15x	10.50	14.71	sentmm2ont.na.sentdhiomr2.chrM.vep_input	1	1	0	1.0376	6e-06	0.00028822222222222227	0.00014722222222222223
OBS13	E3	prod-cand-1703-hg002-bjuice-4au-kitchensink-20260817T025004Z	30xby15x	HG002-q73e7s390m0hjt	E3:30xby15x	10.50	14.71	sentmm2ont.na.sentdhiomr2.chrX.vep	1	1	0	165.2186	0.006781	0.18357622222222222	0.003011111111111111
OBS13	E3	prod-cand-1703-hg002-bjuice-4au-kitchensink-20260817T025004Z	30xby15x	HG002-q73e7s390m0hjt	E3:30xby15x	10.50	14.71	sentmm2ont.na.sentdhiomr2.chrX.vep_input	1	1	0	2.3026	2.4e-05	0.0006396111111111111	2.777777777777778e-06
OBS13	E3	prod-cand-1703-hg002-bjuice-4au-kitchensink-20260817T025004Z	30xby15x	HG002-q73e7s390m0hjt	E3:30xby15x	10.50	14.71	sentmm2ont.na.sentdhiomr2.chrY.vep	1	1	0	6.3704	0.000261	0.007078222222222222	8.61111111111111e-05
OBS13	E3	prod-cand-1703-hg002-bjuice-4au-kitchensink-20260817T025004Z	30xby15x	HG002-q73e7s390m0hjt	E3:30xby15x	10.50	14.71	sentmm2ont.na.sentdhiomr2.chrY.vep_input	1	1	0	1.3041	8e-06	0.00036225	5.555555555555556e-06
OBS13	E3	prod-cand-1703-hg002-bjuice-4au-kitchensink-20260817T025004Z	30xby15x	HG002-q73e7s390m0hjt	E3:30xby15x	10.50	14.71	sentmm2ont.na.sentdhiomr2.cli-gvcf.altair-v1.1.parse_vcfeval_summary	1	1	0	10.7196	0.00022	0.005955333333333333	4.1666666666666665e-05
OBS13	E3	prod-cand-1703-hg002-bjuice-4au-kitchensink-20260817T025004Z	30xby15x	HG002-q73e7s390m0hjt	E3:30xby15x	10.50	14.71	sentmm2ont.na.sentdhiomr2.cli-gvcf.altair-v1.1.rtg_vcfeval	1	1	0	2003.9451	0.195004	8.906422666666666	1.23355
OBS13	E3	prod-cand-1703-hg002-bjuice-4au-kitchensink-20260817T025004Z	30xby15x	HG002-q73e7s390m0hjt	E3:30xby15x	10.50	14.71	sentmm2ont.na.sentdhiomr2.cli-gvcf.clinvar_genes.parse_vcfeval_summary	1	1	0	12.3409	0.000253	0.006856055555555555	0.00014166666666666668
OBS13	E3	prod-cand-1703-hg002-bjuice-4au-kitchensink-20260817T025004Z	30xby15x	HG002-q73e7s390m0hjt	E3:30xby15x	10.50	14.71	sentmm2ont.na.sentdhiomr2.cli-gvcf.clinvar_genes.rtg_vcfeval	1	1	0	2033.1452	0.197846	9.036200888888889	1.2311694444444445
OBS13	E3	prod-cand-1703-hg002-bjuice-4au-kitchensink-20260817T025004Z	30xby15x	HG002-q73e7s390m0hjt	E3:30xby15x	10.50	14.71	sentmm2ont.na.sentdhiomr2.cli-gvcf.concordance	1	1	0	0.4171	3.4e-05	0.000926888888888889	5.555555555555556e-06
OBS13	E3	prod-cand-1703-hg002-bjuice-4au-kitchensink-20260817T025004Z	30xby15x	HG002-q73e7s390m0hjt	E3:30xby15x	10.50	14.71	sentmm2ont.na.sentdhiomr2.cli-gvcf.giabHC.parse_vcfeval_summary	1	1	0	90.7262	0.002008	0.050403444444444445	0.008366666666666666
OBS13	E3	prod-cand-1703-hg002-bjuice-4au-kitchensink-20260817T025004Z	30xby15x	HG002-q73e7s390m0hjt	E3:30xby15x	10.50	14.71	sentmm2ont.na.sentdhiomr2.cli-gvcf.giabHC.rtg_vcfeval	1	1	0	1580.5605	0.259472	7.024713333333334	1.0070305555555557
OBS13	E3	prod-cand-1703-hg002-bjuice-4au-kitchensink-20260817T025004Z	30xby15x	HG002-q73e7s390m0hjt	E3:30xby15x	10.50	14.71	sentmm2ont.na.sentdhiomr2.cli-gvcf.giabHC_x_clinvar_genes.parse_vcfeval_summary	1	1	0	9.8616	0.000202	0.005478666666666666	2.777777777777778e-06
OBS13	E3	prod-cand-1703-hg002-bjuice-4au-kitchensink-20260817T025004Z	30xby15x	HG002-q73e7s390m0hjt	E3:30xby15x	10.50	14.71	sentmm2ont.na.sentdhiomr2.cli-gvcf.giabHC_x_clinvar_genes.rtg_vcfeval	1	1	0	2058.5083	0.200314	9.148925777777778	1.2626166666666667
OBS13	E3	prod-cand-1703-hg002-bjuice-4au-kitchensink-20260817T025004Z	30xby15x	HG002-q73e7s390m0hjt	E3:30xby15x	10.50	14.71	sentmm2ont.na.sentdhiomr2.cli-gvcf.giabHC_x_ultima.parse_vcfeval_summary	1	1	0	69.4226	0.001425	0.038568111111111116	0.004591666666666667
OBS13	E3	prod-cand-1703-hg002-bjuice-4au-kitchensink-20260817T025004Z	30xby15x	HG002-q73e7s390m0hjt	E3:30xby15x	10.50	14.71	sentmm2ont.na.sentdhiomr2.cli-gvcf.giabHC_x_ultima.rtg_vcfeval	1	1	0	2060.3391	0.365553	9.157062666666667	1.3018972222222223
OBS13	E3	prod-cand-1703-hg002-bjuice-4au-kitchensink-20260817T025004Z	30xby15x	HG002-q73e7s390m0hjt	E3:30xby15x	10.50	14.71	sentmm2ont.na.sentdhiomr2.cli-gvcf.giabHC_x_ultima_x_clinvar.parse_vcfeval_summary	1	1	0	9.5909	0.000197	0.005328277777777777	0.0005
OBS13	E3	prod-cand-1703-hg002-bjuice-4au-kitchensink-20260817T025004Z	30xby15x	HG002-q73e7s390m0hjt	E3:30xby15x	10.50	14.71	sentmm2ont.na.sentdhiomr2.cli-gvcf.giabHC_x_ultima_x_clinvar.rtg_vcfeval	1	1	0	2036.6174	0.361344	9.05163288888889	1.251463888888889
OBS13	E3	prod-cand-1703-hg002-bjuice-4au-kitchensink-20260817T025004Z	30xby15x	HG002-q73e7s390m0hjt	E3:30xby15x	10.50	14.71	sentmm2ont.na.sentdhiomr2.cli-gvcf.giabHCv5q.parse_vcfeval_summary	1	1	0	85.0994	0.001746	0.04727744444444445	0.005680555555555555
OBS13	E3	prod-cand-1703-hg002-bjuice-4au-kitchensink-20260817T025004Z	30xby15x	HG002-q73e7s390m0hjt	E3:30xby15x	10.50	14.71	sentmm2ont.na.sentdhiomr2.cli-gvcf.giabHCv5q.rtg_vcfeval	1	1	0	2166.6892	0.210841	9.629729777777777	8.61111111111111e-05
OBS13	E3	prod-cand-1703-hg002-bjuice-4au-kitchensink-20260817T025004Z	30xby15x	HG002-q73e7s390m0hjt	E3:30xby15x	10.50	14.71	sentmm2ont.na.sentdhiomr2.cli-gvcf.hg38.parse_vcfeval_summary	1	1	0	94.9243	0.001948	0.052735722222222225	0.0006555555555555555
OBS13	E3	prod-cand-1703-hg002-bjuice-4au-kitchensink-20260817T025004Z	30xby15x	HG002-q73e7s390m0hjt	E3:30xby15x	10.50	14.71	sentmm2ont.na.sentdhiomr2.cli-gvcf.hg38.rtg_vcfeval	1	1	0	2043.5913	0.362581	9.082628	0.00015555555555555556
OBS13	E3	prod-cand-1703-hg002-bjuice-4au-kitchensink-20260817T025004Z	30xby15x	HG002-q73e7s390m0hjt	E3:30xby15x	10.50	14.71	sentmm2ont.na.sentdhiomr2.cli-gvcf.hg38_m_giabHC.parse_vcfeval_summary	1	1	0	24.0325	0.000493	0.013351388888888888	0.0012166666666666667
OBS13	E3	prod-cand-1703-hg002-bjuice-4au-kitchensink-20260817T025004Z	30xby15x	HG002-q73e7s390m0hjt	E3:30xby15x	10.50	14.71	sentmm2ont.na.sentdhiomr2.cli-gvcf.hg38_m_giabHC.rtg_vcfeval	1	1	0	2061.4102	0.365743	9.16182311111111	1.2724638888888888
OBS13	E3	prod-cand-1703-hg002-bjuice-4au-kitchensink-20260817T025004Z	30xby15x	HG002-q73e7s390m0hjt	E3:30xby15x	10.50	14.71	sentmm2ont.na.sentdhiomr2.cli-gvcf.ultima.parse_vcfeval_summary	1	1	0	98.6704	0.0012	0.05481688888888889	0.007327777777777778
OBS13	E3	prod-cand-1703-hg002-bjuice-4au-kitchensink-20260817T025004Z	30xby15x	HG002-q73e7s390m0hjt	E3:30xby15x	10.50	14.71	sentmm2ont.na.sentdhiomr2.cli-gvcf.ultima.rtg_vcfeval	1	1	0	1538.7857	0.252614	6.839047555555555	0.9869444444444444
OBS13	E3	prod-cand-1703-hg002-bjuice-4au-kitchensink-20260817T025004Z	30xby15x	HG002-q73e7s390m0hjt	E3:30xby15x	10.50	14.71	sentmm2ont.na.sentdhiomr2.clinvar_genes.parse_vcfeval_summary	1	1	0	13.7649	0.000167	0.007647166666666667	0.0001722222222222222
OBS13	E3	prod-cand-1703-hg002-bjuice-4au-kitchensink-20260817T025004Z	30xby15x	HG002-q73e7s390m0hjt	E3:30xby15x	10.50	14.71	sentmm2ont.na.sentdhiomr2.clinvar_genes.rtg_vcfeval	1	1	0	61.1437	0.010038	0.2717497777777778	0.05916944444444444
OBS13	E3	prod-cand-1703-hg002-bjuice-4au-kitchensink-20260817T025004Z	30xby15x	HG002-q73e7s390m0hjt	E3:30xby15x	10.50	14.71	sentmm2ont.na.sentdhiomr2.concordance	1	1	0	0.4122	3.4e-05	0.000916	5.555555555555556e-06
OBS13	E3	prod-cand-1703-hg002-bjuice-4au-kitchensink-20260817T025004Z	30xby15x	HG002-q73e7s390m0hjt	E3:30xby15x	10.50	14.71	sentmm2ont.na.sentdhiomr2.giabHC.parse_vcfeval_summary	1	1	0	66.9067	0.001373	0.03717038888888889	0.006375
OBS13	E3	prod-cand-1703-hg002-bjuice-4au-kitchensink-20260817T025004Z	30xby15x	HG002-q73e7s390m0hjt	E3:30xby15x	10.50	14.71	sentmm2ont.na.sentdhiomr2.giabHC.rtg_vcfeval	1	1	0	73.4505	0.013005	0.32644666666666666	0.07617777777777777
OBS13	E3	prod-cand-1703-hg002-bjuice-4au-kitchensink-20260817T025004Z	30xby15x	HG002-q73e7s390m0hjt	E3:30xby15x	10.50	14.71	sentmm2ont.na.sentdhiomr2.giabHC_x_clinvar_genes.parse_vcfeval_summary	1	1	0	9.4576	0.000194	0.005254222222222222	0.0007111111111111111
OBS13	E3	prod-cand-1703-hg002-bjuice-4au-kitchensink-20260817T025004Z	30xby15x	HG002-q73e7s390m0hjt	E3:30xby15x	10.50	14.71	sentmm2ont.na.sentdhiomr2.giabHC_x_clinvar_genes.rtg_vcfeval	1	1	0	69.1964	0.012252	0.30753955555555557	0.06182222222222222
OBS13	E3	prod-cand-1703-hg002-bjuice-4au-kitchensink-20260817T025004Z	30xby15x	HG002-q73e7s390m0hjt	E3:30xby15x	10.50	14.71	sentmm2ont.na.sentdhiomr2.giabHC_x_ultima.parse_vcfeval_summary	1	1	0	78.1451	0.000951	0.04341394444444444	0.0047888888888888885
OBS13	E3	prod-cand-1703-hg002-bjuice-4au-kitchensink-20260817T025004Z	30xby15x	HG002-q73e7s390m0hjt	E3:30xby15x	10.50	14.71	sentmm2ont.na.sentdhiomr2.giabHC_x_ultima.rtg_vcfeval	1	1	0	67.3382	0.007589	0.2992808888888889	0.06835555555555556
OBS13	E3	prod-cand-1703-hg002-bjuice-4au-kitchensink-20260817T025004Z	30xby15x	HG002-q73e7s390m0hjt	E3:30xby15x	10.50	14.71	sentmm2ont.na.sentdhiomr2.giabHC_x_ultima_x_clinvar.parse_vcfeval_summary	1	1	0	10.9045	0.000133	0.006058055555555556	1.1111111111111112e-05
OBS13	E3	prod-cand-1703-hg002-bjuice-4au-kitchensink-20260817T025004Z	30xby15x	HG002-q73e7s390m0hjt	E3:30xby15x	10.50	14.71	sentmm2ont.na.sentdhiomr2.giabHC_x_ultima_x_clinvar.rtg_vcfeval	1	1	0	69.8262	0.012363	0.31033866666666665	0.05967777777777778
OBS13	E3	prod-cand-1703-hg002-bjuice-4au-kitchensink-20260817T025004Z	30xby15x	HG002-q73e7s390m0hjt	E3:30xby15x	10.50	14.71	sentmm2ont.na.sentdhiomr2.giabHCv5q.parse_vcfeval_summary	1	1	0	87.3967	0.001793	0.04855372222222222	0.007288888888888888
OBS13	E3	prod-cand-1703-hg002-bjuice-4au-kitchensink-20260817T025004Z	30xby15x	HG002-q73e7s390m0hjt	E3:30xby15x	10.50	14.71	sentmm2ont.na.sentdhiomr2.giabHCv5q.rtg_vcfeval	1	1	0	1003.3179	0.177648	4.459190666666666	0.38354444444444447
OBS13	E3	prod-cand-1703-hg002-bjuice-4au-kitchensink-20260817T025004Z	30xby15x	HG002-q73e7s390m0hjt	E3:30xby15x	10.50	14.71	sentmm2ont.na.sentdhiomr2.hg38.parse_vcfeval_summary	1	1	0	105.6257	0.001285	0.05868094444444444	0.005461111111111111
OBS13	E3	prod-cand-1703-hg002-bjuice-4au-kitchensink-20260817T025004Z	30xby15x	HG002-q73e7s390m0hjt	E3:30xby15x	10.50	14.71	sentmm2ont.na.sentdhiomr2.hg38.rtg_vcfeval	1	1	0	76.9312	0.007486	0.34191644444444447	0.07805555555555556
OBS13	E3	prod-cand-1703-hg002-bjuice-4au-kitchensink-20260817T025004Z	30xby15x	HG002-q73e7s390m0hjt	E3:30xby15x	10.50	14.71	sentmm2ont.na.sentdhiomr2.hg38_m_giabHC.parse_vcfeval_summary	1	1	0	27.2469	0.000331	0.015137166666666667	0.0008583333333333333
OBS13	E3	prod-cand-1703-hg002-bjuice-4au-kitchensink-20260817T025004Z	30xby15x	HG002-q73e7s390m0hjt	E3:30xby15x	10.50	14.71	sentmm2ont.na.sentdhiomr2.hg38_m_giabHC.rtg_vcfeval	1	1	0	63.2011	0.007123	0.28089377777777774	0.05902222222222222
OBS13	E3	prod-cand-1703-hg002-bjuice-4au-kitchensink-20260817T025004Z	30xby15x	HG002-q73e7s390m0hjt	E3:30xby15x	10.50	14.71	sentmm2ont.na.sentdhiomr2.peddy	1	1	0	28.8383	0.000702	0.03204255555555555	0.00043333333333333337
OBS13	E3	prod-cand-1703-hg002-bjuice-4au-kitchensink-20260817T025004Z	30xby15x	HG002-q73e7s390m0hjt	E3:30xby15x	10.50	14.71	sentmm2ont.na.sentdhiomr2.rtgvcfstats	1	1	0	30.4098	0.00037	0.016894333333333334	0.005894444444444444
OBS13	E3	prod-cand-1703-hg002-bjuice-4au-kitchensink-20260817T025004Z	30xby15x	HG002-q73e7s390m0hjt	E3:30xby15x	10.50	14.71	sentmm2ont.na.sentdhiomr2.ultima.parse_vcfeval_summary	1	1	0	87.2261	0.001061	0.04845894444444444	0.004972222222222222
OBS13	E3	prod-cand-1703-hg002-bjuice-4au-kitchensink-20260817T025004Z	30xby15x	HG002-q73e7s390m0hjt	E3:30xby15x	10.50	14.71	sentmm2ont.na.sentdhiomr2.ultima.rtg_vcfeval	1	1	0	68.2241	0.0112	0.3032182222222223	0.06765
OBS13	E3	prod-cand-1703-hg002-bjuice-4au-kitchensink-20260817T025004Z	30xby15x	HG002-q73e7s390m0hjt	E3:30xby15x	10.50	14.71	sentmm2ont.na.sentdhiomr2.vep_concat	1	1	0	49.3157	0.004048	0.10959044444444445	0.0030833333333333333
OBS13	E3	prod-cand-1703-hg002-bjuice-4au-kitchensink-20260817T025004Z	30xby15x	HG002-q73e7s390m0hjt	E3:30xby15x	10.50	14.71	sentmm2ont.na.sentdhiomr2.vep_concat_fofn	1	1	0	108.2751	0.00086	0.030076416666666664	8.333333333333334e-06
OBS13	E3	prod-cand-1703-hg002-bjuice-4au-kitchensink-20260817T025004Z	30xby15x	HG002-q73e7s390m0hjt	E3:30xby15x	10.50	14.71	sentmm2ont.na.sentdhiomr2.vep_validate_input_contigs	1	1	0	0.6713	5e-06	0.00018647222222222223	0.0
OBS13	E3	prod-cand-1703-hg002-bjuice-4au-kitchensink-20260817T025004Z	30xby15x	HG002-q73e7s390m0hjt	E3:30xby15x	10.50	14.71	seqfu	1	1	0	901.9439	0.058403	1.5032398333333332	0.886575
OBS13	E3	prod-cand-1703-hg002-bjuice-4au-kitchensink-20260817T025004Z	30xby15x	HG002-q73e7s390m0hjt	E3:30xby15x	10.50	14.71	snv_vcf.vcf-sv-stats	1	1	0	220.0309	0.0031	0.12223938888888888	0.04820833333333334
OBS13	E3	prod-cand-1703-hg002-bjuice-4au-kitchensink-20260817T025004Z	30xby15x	HG002-q73e7s390m0hjt	E3:30xby15x	10.50	14.71	source_reheadered_cnvscope_vcf.vcf-sv-stats	1	1	0	2.5389	5.6e-05	0.0014104999999999999	9.166666666666667e-05
OBS13	E3	prod-cand-1703-hg002-bjuice-4au-kitchensink-20260817T025004Z	30xby15x	HG002-q73e7s390m0hjt	E3:30xby15x	10.50	14.71	synthetic_smn_vcf.vcf-sv-stats	1	1	0	1.135	2.5e-05	0.0006305555555555555	8.055555555555556e-05
OBS13	E3	prod-cand-1703-hg002-bjuice-4au-kitchensink-20260817T025004Z	30xby15x	HG002-q73e7s390m0hjt	E3:30xby15x	10.50	14.71	tagged_cnv_vcf.vcf-sv-stats	1	1	0	1.1352	1.4e-05	0.0006306666666666666	1.6666666666666667e-05
OBS13	E3	prod-cand-1703-hg002-bjuice-4au-kitchensink-20260817T025004Z	30xby15x	HG002-q73e7s390m0hjt	E3:30xby15x	10.50	14.71	tagged_sv_vcf.vcf-sv-stats	1	1	0	4.8221	5.9e-05	0.0026789444444444443	0.0007972222222222223
OBS13	E3	prod-cand-1703-hg002-bjuice-4au-kitchensink-20260817T025004Z	30xby15x	HG002-q73e7s390m0hjt	E3:30xby15x	10.50	14.71	untagged_trussv_vcf.vcf-sv-stats	1	1	0	3.3565	7.4e-05	0.0018647222222222223	0.0006944444444444445
OBS14	E1	prod-cand-1703-hg002-bjuice-v2-multiau-20260814T114522Z	3x3	HG002-871vyxbnp4n81v	E1:3x3	11.93	4.09	expansionhunter_vcf.vcf-sv-stats	1	1	0	0.896	1.8e-05	0.0004977777777777778	2.4999999999999998e-05
OBS14	E1	prod-cand-1703-hg002-bjuice-v2-multiau-20260814T114522Z	3x3	HG002-871vyxbnp4n81v	E1:3x3	11.93	4.09	fastqc	1	1	0	679.9137	0.107423	3.0218386666666666	0.0003111111111111111
OBS14	E1	prod-cand-1703-hg002-bjuice-v2-multiau-20260814T114522Z	3x3	HG002-871vyxbnp4n81v	E1:3x3	11.93	4.09	mitochondrial_vcf.vcf-sv-stats	1	1	0	2.6539	3.1e-05	0.001474388888888889	2.777777777777778e-05
OBS14	E1	prod-cand-1703-hg002-bjuice-v2-multiau-20260814T114522Z	3x3	HG002-871vyxbnp4n81v	E1:3x3	11.93	4.09	normalized_longreadsv_vcf.vcf-sv-stats	1	1	0	1.6219	3.2e-05	0.0009010555555555556	1.1111111111111112e-05
OBS14	E1	prod-cand-1703-hg002-bjuice-v2-multiau-20260814T114522Z	3x3	HG002-871vyxbnp4n81v	E1:3x3	11.93	4.09	normalized_sniffles2_vcf.vcf-sv-stats	1	1	0	2.6666	5.3e-05	0.0014814444444444443	2.4999999999999998e-05
OBS14	E1	prod-cand-1703-hg002-bjuice-v2-multiau-20260814T114522Z	3x3	HG002-871vyxbnp4n81v	E1:3x3	11.93	4.09	normalized_tiddit_vcf.vcf-sv-stats	1	1	0	2.6256	5.7e-05	0.0014586666666666667	0.0004555555555555555
OBS14	E1	prod-cand-1703-hg002-bjuice-v2-multiau-20260814T114522Z	3x3	HG002-871vyxbnp4n81v	E1:3x3	11.93	4.09	segdup_CFH_vcf.vcf-sv-stats	1	1	0	0.9131	2e-05	0.0005072777777777778	2.2222222222222223e-05
OBS14	E1	prod-cand-1703-hg002-bjuice-v2-multiau-20260814T114522Z	3x3	HG002-871vyxbnp4n81v	E1:3x3	11.93	4.09	segdup_CYP11B1_vcf.vcf-sv-stats	1	1	0	1.7837	3.8e-05	0.0009909444444444445	9.166666666666667e-05
OBS14	E1	prod-cand-1703-hg002-bjuice-v2-multiau-20260814T114522Z	3x3	HG002-871vyxbnp4n81v	E1:3x3	11.93	4.09	segdup_CYP2A6_vcf.vcf-sv-stats	1	1	0	2.4222	5.3e-05	0.0013456666666666667	0.0001277777777777778
OBS14	E1	prod-cand-1703-hg002-bjuice-v2-multiau-20260814T114522Z	3x3	HG002-871vyxbnp4n81v	E1:3x3	11.93	4.09	segdup_CYP2B6_vcf.vcf-sv-stats	1	1	0	2.4224	5.3e-05	0.0013457777777777778	0.000125
OBS14	E1	prod-cand-1703-hg002-bjuice-v2-multiau-20260814T114522Z	3x3	HG002-871vyxbnp4n81v	E1:3x3	11.93	4.09	segdup_CYP2D6_vcf.vcf-sv-stats	1	1	0	2.4158	5.3e-05	0.001342111111111111	0.0001277777777777778
OBS14	E1	prod-cand-1703-hg002-bjuice-v2-multiau-20260814T114522Z	3x3	HG002-871vyxbnp4n81v	E1:3x3	11.93	4.09	segdup_GBA1_vcf.vcf-sv-stats	1	1	0	2.4213	5.3e-05	0.0013451666666666666	0.00012222222222222221
OBS14	E1	prod-cand-1703-hg002-bjuice-v2-multiau-20260814T114522Z	3x3	HG002-871vyxbnp4n81v	E1:3x3	11.93	4.09	segdup_HBA_vcf.vcf-sv-stats	1	1	0	2.4361	5.3e-05	0.001353388888888889	0.0001277777777777778
OBS14	E1	prod-cand-1703-hg002-bjuice-v2-multiau-20260814T114522Z	3x3	HG002-871vyxbnp4n81v	E1:3x3	11.93	4.09	segdup_NCF1_vcf.vcf-sv-stats	1	1	0	2.4229	5.3e-05	0.0013460555555555554	0.000125
OBS14	E1	prod-cand-1703-hg002-bjuice-v2-multiau-20260814T114522Z	3x3	HG002-871vyxbnp4n81v	E1:3x3	11.93	4.09	segdup_OTOA_vcf.vcf-sv-stats	1	1	0	2.4016	4.7e-05	0.0013342222222222223	9.999999999999999e-05
OBS14	E1	prod-cand-1703-hg002-bjuice-v2-multiau-20260814T114522Z	3x3	HG002-871vyxbnp4n81v	E1:3x3	11.93	4.09	segdup_PMS2_vcf.vcf-sv-stats	1	1	0	2.3578	5e-05	0.0013098888888888889	9.166666666666667e-05
OBS14	E1	prod-cand-1703-hg002-bjuice-v2-multiau-20260814T114522Z	3x3	HG002-871vyxbnp4n81v	E1:3x3	11.93	4.09	segdup_RCCX1_vcf.vcf-sv-stats	1	1	0	0.9496	1.9e-05	0.0005275555555555555	2.777777777777778e-05
OBS14	E1	prod-cand-1703-hg002-bjuice-v2-multiau-20260814T114522Z	3x3	HG002-871vyxbnp4n81v	E1:3x3	11.93	4.09	segdup_RHD_vcf.vcf-sv-stats	1	1	0	0.9064	1.8e-05	0.0005035555555555556	2.777777777777778e-05
OBS14	E1	prod-cand-1703-hg002-bjuice-v2-multiau-20260814T114522Z	3x3	HG002-871vyxbnp4n81v	E1:3x3	11.93	4.09	segdup_SBDS_vcf.vcf-sv-stats	1	1	0	2.4218	5.3e-05	0.0013454444444444445	0.000125
OBS14	E1	prod-cand-1703-hg002-bjuice-v2-multiau-20260814T114522Z	3x3	HG002-871vyxbnp4n81v	E1:3x3	11.93	4.09	segdup_SMN1_vcf.vcf-sv-stats	1	1	0	2.4127	5.3e-05	0.001340388888888889	0.0001277777777777778
OBS14	E1	prod-cand-1703-hg002-bjuice-v2-multiau-20260814T114522Z	3x3	HG002-871vyxbnp4n81v	E1:3x3	11.93	4.09	segdup_STRC_vcf.vcf-sv-stats	1	1	0	2.3544	4.6e-05	0.0013080000000000001	9.722222222222222e-05
OBS14	E1	prod-cand-1703-hg002-bjuice-v2-multiau-20260814T114522Z	3x3	HG002-871vyxbnp4n81v	E1:3x3	11.93	4.09	sentdhiomr2.command-manifest	1	1	0	0.5452	0.000689	0.01938488888888889	5.555555555555556e-06
OBS14	E1	prod-cand-1703-hg002-bjuice-v2-multiau-20260814T114522Z	3x3	HG002-871vyxbnp4n81v	E1:3x3	11.93	4.09	sentdhiomr2.five-chromosome-hard-vcf	1	1	0	71.2827	0.090099	2.5344960000000003	0.0122
OBS14	E1	prod-cand-1703-hg002-bjuice-v2-multiau-20260814T114522Z	3x3	HG002-871vyxbnp4n81v	E1:3x3	11.93	4.09	sentdhiomr2.hybrid-cli172i-core	1	1	0	5163.324	7.234104	183.5848533333333	0.003758333333333333
OBS14	E1	prod-cand-1703-hg002-bjuice-v2-multiau-20260814T114522Z	3x3	HG002-871vyxbnp4n81v	E1:3x3	11.93	4.09	sentdhiomr2.hybrid-cli172i-finalize-1	1	1	0	235.7772	0.005803	0.26197466666666663	0.012097222222222221
OBS14	E1	prod-cand-1703-hg002-bjuice-v2-multiau-20260814T114522Z	3x3	HG002-871vyxbnp4n81v	E1:3x3	11.93	4.09	sentdhiomr2.hybrid-cli172i-finalize-10	1	1	0	109.1221	0.002846	0.12124677777777779	0.00618888888888889
OBS14	E1	prod-cand-1703-hg002-bjuice-v2-multiau-20260814T114522Z	3x3	HG002-871vyxbnp4n81v	E1:3x3	11.93	4.09	sentdhiomr2.hybrid-cli172i-finalize-11	1	1	0	106.3379	0.002773	0.11815322222222223	0.006775
OBS14	E1	prod-cand-1703-hg002-bjuice-v2-multiau-20260814T114522Z	3x3	HG002-871vyxbnp4n81v	E1:3x3	11.93	4.09	sentdhiomr2.hybrid-cli172i-finalize-12	1	1	0	108.6031	0.002832	0.1206701111111111	0.006177777777777778
OBS14	E1	prod-cand-1703-hg002-bjuice-v2-multiau-20260814T114522Z	3x3	HG002-871vyxbnp4n81v	E1:3x3	11.93	4.09	sentdhiomr2.hybrid-cli172i-finalize-13	1	1	0	95.0722	0.002479	0.10563577777777777	6.111111111111111e-05
OBS14	E1	prod-cand-1703-hg002-bjuice-v2-multiau-20260814T114522Z	3x3	HG002-871vyxbnp4n81v	E1:3x3	11.93	4.09	sentdhiomr2.hybrid-cli172i-finalize-14	1	1	0	76.4465	0.001994	0.08494055555555556	0.004336111111111111
OBS14	E1	prod-cand-1703-hg002-bjuice-v2-multiau-20260814T114522Z	3x3	HG002-871vyxbnp4n81v	E1:3x3	11.93	4.09	sentdhiomr2.hybrid-cli172i-finalize-15	1	1	0	67.6083	0.001763	0.07512033333333333	0.009197222222222221
OBS14	E1	prod-cand-1703-hg002-bjuice-v2-multiau-20260814T114522Z	3x3	HG002-871vyxbnp4n81v	E1:3x3	11.93	4.09	sentdhiomr2.hybrid-cli172i-finalize-16	1	1	0	67.5889	0.001763	0.07509877777777778	0.009058333333333333
OBS14	E1	prod-cand-1703-hg002-bjuice-v2-multiau-20260814T114522Z	3x3	HG002-871vyxbnp4n81v	E1:3x3	11.93	4.09	sentdhiomr2.hybrid-cli172i-finalize-17	1	1	0	77.4207	0.002019	0.086023	0.0041
OBS14	E1	prod-cand-1703-hg002-bjuice-v2-multiau-20260814T114522Z	3x3	HG002-871vyxbnp4n81v	E1:3x3	11.93	4.09	sentdhiomr2.hybrid-cli172i-finalize-18	1	1	0	74.1132	0.001933	0.082348	0.0067333333333333325
OBS14	E1	prod-cand-1703-hg002-bjuice-v2-multiau-20260814T114522Z	3x3	HG002-871vyxbnp4n81v	E1:3x3	11.93	4.09	sentdhiomr2.hybrid-cli172i-finalize-19	1	1	0	60.3985	0.001575	0.06710944444444444	0.008141666666666667
OBS14	E1	prod-cand-1703-hg002-bjuice-v2-multiau-20260814T114522Z	3x3	HG002-871vyxbnp4n81v	E1:3x3	11.93	4.09	sentdhiomr2.hybrid-cli172i-finalize-2	1	1	0	176.7185	0.004609	0.19635388888888888	0.009058333333333333
OBS14	E1	prod-cand-1703-hg002-bjuice-v2-multiau-20260814T114522Z	3x3	HG002-871vyxbnp4n81v	E1:3x3	11.93	4.09	sentdhiomr2.hybrid-cli172i-finalize-20	1	1	0	59.4596	0.001551	0.06606622222222222	0.009291666666666667
OBS14	E1	prod-cand-1703-hg002-bjuice-v2-multiau-20260814T114522Z	3x3	HG002-871vyxbnp4n81v	E1:3x3	11.93	4.09	sentdhiomr2.hybrid-cli172i-finalize-21	1	1	0	46.4039	0.00121	0.05155988888888889	0.0020777777777777778
OBS14	E1	prod-cand-1703-hg002-bjuice-v2-multiau-20260814T114522Z	3x3	HG002-871vyxbnp4n81v	E1:3x3	11.93	4.09	sentdhiomr2.hybrid-cli172i-finalize-22	1	1	0	46.7874	0.00122	0.051986	0.0018694444444444446
OBS14	E1	prod-cand-1703-hg002-bjuice-v2-multiau-20260814T114522Z	3x3	HG002-871vyxbnp4n81v	E1:3x3	11.93	4.09	sentdhiomr2.hybrid-cli172i-finalize-23	1	1	0	319.3242	0.008328	0.3548046666666667	0.014177777777777777
OBS14	E1	prod-cand-1703-hg002-bjuice-v2-multiau-20260814T114522Z	3x3	HG002-871vyxbnp4n81v	E1:3x3	11.93	4.09	sentdhiomr2.hybrid-cli172i-finalize-24	1	1	0	60.3999	0.001575	0.067111	0.008327777777777778
OBS14	E1	prod-cand-1703-hg002-bjuice-v2-multiau-20260814T114522Z	3x3	HG002-871vyxbnp4n81v	E1:3x3	11.93	4.09	sentdhiomr2.hybrid-cli172i-finalize-25	1	1	0	12.3153	0.000303	0.013683666666666667	3.0555555555555554e-05
OBS14	E1	prod-cand-1703-hg002-bjuice-v2-multiau-20260814T114522Z	3x3	HG002-871vyxbnp4n81v	E1:3x3	11.93	4.09	sentdhiomr2.hybrid-cli172i-finalize-3	1	1	0	146.4122	0.003818	0.16268022222222223	0.007311111111111111
OBS14	E1	prod-cand-1703-hg002-bjuice-v2-multiau-20260814T114522Z	3x3	HG002-871vyxbnp4n81v	E1:3x3	11.93	4.09	sentdhiomr2.hybrid-cli172i-finalize-4	1	1	0	205.7981	0.005065	0.22866455555555557	0.009983333333333332
OBS14	E1	prod-cand-1703-hg002-bjuice-v2-multiau-20260814T114522Z	3x3	HG002-871vyxbnp4n81v	E1:3x3	11.93	4.09	sentdhiomr2.hybrid-cli172i-finalize-5	1	1	0	133.379	0.003479	0.14819888888888888	0.001675
OBS14	E1	prod-cand-1703-hg002-bjuice-v2-multiau-20260814T114522Z	3x3	HG002-871vyxbnp4n81v	E1:3x3	11.93	4.09	sentdhiomr2.hybrid-cli172i-finalize-6	1	1	0	139.0904	0.003627	0.15454488888888887	0.007841666666666667
OBS14	E1	prod-cand-1703-hg002-bjuice-v2-multiau-20260814T114522Z	3x3	HG002-871vyxbnp4n81v	E1:3x3	11.93	4.09	sentdhiomr2.hybrid-cli172i-finalize-7	1	1	0	133.4561	0.003481	0.14828455555555556	0.0010166666666666668
OBS14	E1	prod-cand-1703-hg002-bjuice-v2-multiau-20260814T114522Z	3x3	HG002-871vyxbnp4n81v	E1:3x3	11.93	4.09	sentdhiomr2.hybrid-cli172i-finalize-8	1	1	0	110.0932	0.002871	0.12232577777777777	0.006386111111111111
OBS14	E1	prod-cand-1703-hg002-bjuice-v2-multiau-20260814T114522Z	3x3	HG002-871vyxbnp4n81v	E1:3x3	11.93	4.09	sentdhiomr2.hybrid-cli172i-finalize-9	1	1	0	106.2843	0.002772	0.11809366666666667	0.006519444444444444
OBS14	E1	prod-cand-1703-hg002-bjuice-v2-multiau-20260814T114522Z	3x3	HG002-871vyxbnp4n81v	E1:3x3	11.93	4.09	sentdhiomr2.hybrid-cli172i-gather	1	1	0	256.4492	0.012722	0.5698871111111111	0.0010666666666666667
OBS14	E1	prod-cand-1703-hg002-bjuice-v2-multiau-20260814T114522Z	3x3	HG002-871vyxbnp4n81v	E1:3x3	11.93	4.09	sentdhiomr2.inflection-analytical-ancillary	1	1	0	1.5369	0.001943	0.05464533333333333	2.4999999999999998e-05
OBS14	E1	prod-cand-1703-hg002-bjuice-v2-multiau-20260814T114522Z	3x3	HG002-871vyxbnp4n81v	E1:3x3	11.93	4.09	sentdhiomr2.inflection-analytical.prod-cand-1703-hg002-bjuice-v2-multiau-20260814T114522Z	1	1	0	1046.3348	1.322528	37.203015111111114	0.060936111111111115
OBS14	E1	prod-cand-1703-hg002-bjuice-v2-multiau-20260814T114522Z	3x3	HG002-871vyxbnp4n81v	E1:3x3	11.93	4.09	sentdhiomr2.inflection-multiqc-stage	1	1	0	47.319	0.000374	0.013144166666666667	0.012355555555555555
OBS14	E1	prod-cand-1703-hg002-bjuice-v2-multiau-20260814T114522Z	3x3	HG002-871vyxbnp4n81v	E1:3x3	11.93	4.09	sentdhiomr2.inflection-multiqc	1	1	0	49.2287	0.000486	0.01367463888888889	0.00010277777777777778
OBS14	E1	prod-cand-1703-hg002-bjuice-v2-multiau-20260814T114522Z	3x3	HG002-871vyxbnp4n81v	E1:3x3	11.93	4.09	sentdhiomr2.mito	1	1	0	85.9332	0.120397	3.0554026666666667	0.015594444444444444
OBS14	E1	prod-cand-1703-hg002-bjuice-v2-multiau-20260814T114522Z	3x3	HG002-871vyxbnp4n81v	E1:3x3	11.93	4.09	sentdhiomr2.normalize-smn12	1	1	0	0.2835	2e-06	7.874999999999999e-05	0.0
OBS14	E1	prod-cand-1703-hg002-bjuice-v2-multiau-20260814T114522Z	3x3	HG002-871vyxbnp4n81v	E1:3x3	11.93	4.09	sentdhiomr2.roh_upd	1	1	0	156.7207	0.211541	5.572291555555555	0.040869444444444444
OBS14	E1	prod-cand-1703-hg002-bjuice-v2-multiau-20260814T114522Z	3x3	HG002-871vyxbnp4n81v	E1:3x3	11.93	4.09	sentdhiomr2.rsr-publish	1	1	0	12.2268	9.7e-05	0.0033963333333333337	0.0018555555555555554
OBS14	E1	prod-cand-1703-hg002-bjuice-v2-multiau-20260814T114522Z	3x3	HG002-871vyxbnp4n81v	E1:3x3	11.93	4.09	sentdhiomr2.scope	1	1	0	0.6716	5e-06	0.00018655555555555556	5.555555555555556e-06
OBS14	E1	prod-cand-1703-hg002-bjuice-v2-multiau-20260814T114522Z	3x3	HG002-871vyxbnp4n81v	E1:3x3	11.93	4.09	sentdhiomr2.segdup.CFH	1	1	0	480.2223	0.364515	17.074570666666666	0.032891666666666666
OBS14	E1	prod-cand-1703-hg002-bjuice-v2-multiau-20260814T114522Z	3x3	HG002-871vyxbnp4n81v	E1:3x3	11.93	4.09	sentdhiomr2.segdup.CYP11B1	1	1	0	449.8016	0.634687	15.992945777777779	0.023744444444444446
OBS14	E1	prod-cand-1703-hg002-bjuice-v2-multiau-20260814T114522Z	3x3	HG002-871vyxbnp4n81v	E1:3x3	11.93	4.09	sentdhiomr2.segdup.CYP2A6	1	1	0	301.4598	0.228825	10.718570666666666	0.012922222222222224
OBS14	E1	prod-cand-1703-hg002-bjuice-v2-multiau-20260814T114522Z	3x3	HG002-871vyxbnp4n81v	E1:3x3	11.93	4.09	sentdhiomr2.segdup.CYP2B6	1	1	0	367.0717	0.278628	13.051438222222224	0.07901666666666667
OBS14	E1	prod-cand-1703-hg002-bjuice-v2-multiau-20260814T114522Z	3x3	HG002-871vyxbnp4n81v	E1:3x3	11.93	4.09	sentdhiomr2.segdup.CYP2D6	1	1	0	314.2363	0.326701	11.172846222222223	0.017116666666666665
OBS14	E1	prod-cand-1703-hg002-bjuice-v2-multiau-20260814T114522Z	3x3	HG002-871vyxbnp4n81v	E1:3x3	11.93	4.09	sentdhiomr2.segdup.GBA	1	1	0	432.6496	0.402941	15.38309688888889	0.02541388888888889
OBS14	E1	prod-cand-1703-hg002-bjuice-v2-multiau-20260814T114522Z	3x3	HG002-871vyxbnp4n81v	E1:3x3	11.93	4.09	sentdhiomr2.segdup.HBA	1	1	0	385.9889	0.540792	13.724049777777777	0.05880277777777778
OBS14	E1	prod-cand-1703-hg002-bjuice-v2-multiau-20260814T114522Z	3x3	HG002-871vyxbnp4n81v	E1:3x3	11.93	4.09	sentdhiomr2.segdup.IKBKG	1	1	0	317.1202	0.398946	11.275384888888889	0.0010194444444444443
OBS14	E1	prod-cand-1703-hg002-bjuice-v2-multiau-20260814T114522Z	3x3	HG002-871vyxbnp4n81v	E1:3x3	11.93	4.09	sentdhiomr2.segdup.LPA	1	1	0	340.8099	0.480895	12.117685333333334	0.13149166666666667
OBS14	E1	prod-cand-1703-hg002-bjuice-v2-multiau-20260814T114522Z	3x3	HG002-871vyxbnp4n81v	E1:3x3	11.93	4.09	sentdhiomr2.segdup.NCF1	1	1	0	440.5849	0.617284	15.665240888888889	0.0007111111111111111
OBS14	E1	prod-cand-1703-hg002-bjuice-v2-multiau-20260814T114522Z	3x3	HG002-871vyxbnp4n81v	E1:3x3	11.93	4.09	sentdhiomr2.segdup.OTOA	1	1	0	328.3536	0.413078	11.674794666666665	0.012988888888888888
OBS14	E1	prod-cand-1703-hg002-bjuice-v2-multiau-20260814T114522Z	3x3	HG002-871vyxbnp4n81v	E1:3x3	11.93	4.09	sentdhiomr2.segdup.PMS2	1	1	0	382.7593	0.290536	13.609219555555555	0.017625000000000002
OBS14	E1	prod-cand-1703-hg002-bjuice-v2-multiau-20260814T114522Z	3x3	HG002-871vyxbnp4n81v	E1:3x3	11.93	4.09	sentdhiomr2.segdup.RCCX	1	1	0	453.516	0.635401	16.125013333333335	0.02291111111111111
OBS14	E1	prod-cand-1703-hg002-bjuice-v2-multiau-20260814T114522Z	3x3	HG002-871vyxbnp4n81v	E1:3x3	11.93	4.09	sentdhiomr2.segdup.RH	1	1	0	471.5152	0.63645	16.76498488888889	0.0002777777777777778
OBS14	E1	prod-cand-1703-hg002-bjuice-v2-multiau-20260814T114522Z	3x3	HG002-871vyxbnp4n81v	E1:3x3	11.93	4.09	sentdhiomr2.segdup.SBDS	1	1	0	396.1091	0.554971	14.083879111111111	0.019883333333333333
OBS14	E1	prod-cand-1703-hg002-bjuice-v2-multiau-20260814T114522Z	3x3	HG002-871vyxbnp4n81v	E1:3x3	11.93	4.09	sentdhiomr2.segdup.SMN1	1	1	0	365.6544	0.277552	13.001045333333334	0.013008333333333334
OBS14	E1	prod-cand-1703-hg002-bjuice-v2-multiau-20260814T114522Z	3x3	HG002-871vyxbnp4n81v	E1:3x3	11.93	4.09	sentdhiomr2.segdup.STRC	1	1	0	328.0461	0.341059	11.663861333333335	0.014886111111111112
OBS14	E1	prod-cand-1703-hg002-bjuice-v2-multiau-20260814T114522Z	3x3	HG002-871vyxbnp4n81v	E1:3x3	11.93	4.09	sentdhiomr2.slim-longreadsv-normalize	1	1	0	4.6939	0.001483	0.041723555555555555	5.555555555555556e-06
OBS14	E1	prod-cand-1703-hg002-bjuice-v2-multiau-20260814T114522Z	3x3	HG002-871vyxbnp4n81v	E1:3x3	11.93	4.09	sentdhiomr2.slim-sniffles2-normalize	1	1	0	1.5309	0.000484	0.013607999999999999	0.00065
OBS14	E1	prod-cand-1703-hg002-bjuice-v2-multiau-20260814T114522Z	3x3	HG002-871vyxbnp4n81v	E1:3x3	11.93	4.09	sentdhiomr2.slim-tag-cnv	1	1	0	20.3426	0.006428	0.18082311111111113	0.004022222222222222
OBS14	E1	prod-cand-1703-hg002-bjuice-v2-multiau-20260814T114522Z	3x3	HG002-871vyxbnp4n81v	E1:3x3	11.93	4.09	sentdhiomr2.slim-tag-sv	1	1	0	585.1549	0.184904	5.2013768888888885	0.15426111111111113
OBS14	E1	prod-cand-1703-hg002-bjuice-v2-multiau-20260814T114522Z	3x3	HG002-871vyxbnp4n81v	E1:3x3	11.93	4.09	sentdhiomr2.slim-tiddit-normalize	1	1	0	5.9458	0.002083	0.052851555555555554	0.0005833333333333334
OBS14	E1	prod-cand-1703-hg002-bjuice-v2-multiau-20260814T114522Z	3x3	HG002-871vyxbnp4n81v	E1:3x3	11.93	4.09	sentdhiomr2.slim-tiddit-repair	1	1	0	1.5904	0.000557	0.01413688888888889	8.333333333333334e-06
OBS14	E1	prod-cand-1703-hg002-bjuice-v2-multiau-20260814T114522Z	3x3	HG002-871vyxbnp4n81v	E1:3x3	11.93	4.09	sentdhiomr2.slim-trussv	1	1	0	3.589	0.001134	0.03190222222222222	0.00016388888888888887
OBS14	E1	prod-cand-1703-hg002-bjuice-v2-multiau-20260814T114522Z	3x3	HG002-871vyxbnp4n81v	E1:3x3	11.93	4.09	sentdhiomr2.slim-truvari-aggregate	1	1	0	0.2923	2e-06	8.119444444444445e-05	0.0
OBS14	E1	prod-cand-1703-hg002-bjuice-v2-multiau-20260814T114522Z	3x3	HG002-871vyxbnp4n81v	E1:3x3	11.93	4.09	sentdhiomr2.slim-truvari-longreadsv	1	1	0	169.6314	0.053602	1.5078346666666669	5.555555555555556e-06
OBS14	E1	prod-cand-1703-hg002-bjuice-v2-multiau-20260814T114522Z	3x3	HG002-871vyxbnp4n81v	E1:3x3	11.93	4.09	sentdhiomr2.slim-truvari-sniffles2	1	1	0	164.3705	0.05194	1.461071111111111	0.038316666666666666
OBS14	E1	prod-cand-1703-hg002-bjuice-v2-multiau-20260814T114522Z	3x3	HG002-871vyxbnp4n81v	E1:3x3	11.93	4.09	sentdhiomr2.slim-truvari-tagged_trussv	1	1	0	169.748	0.053639	1.508871111111111	0.04591111111111111
OBS14	E1	prod-cand-1703-hg002-bjuice-v2-multiau-20260814T114522Z	3x3	HG002-871vyxbnp4n81v	E1:3x3	11.93	4.09	sentdhiomr2.slim-truvari-tiddit	1	1	0	195.3455	0.068422	1.7364044444444444	0.04648611111111111
OBS14	E1	prod-cand-1703-hg002-bjuice-v2-multiau-20260814T114522Z	3x3	HG002-871vyxbnp4n81v	E1:3x3	11.93	4.09	sentdhiomr2.sniffles2	1	1	0	34.9652	0.047196	1.2432071111111112	0.0034944444444444446
OBS14	E1	prod-cand-1703-hg002-bjuice-v2-multiau-20260814T114522Z	3x3	HG002-871vyxbnp4n81v	E1:3x3	11.93	4.09	sentdhiomr2.sr-prepare	1	1	0	2074.6145	3.933354	110.64610666666668	0.0012472222222222223
OBS14	E1	prod-cand-1703-hg002-bjuice-v2-multiau-20260814T114522Z	3x3	HG002-871vyxbnp4n81v	E1:3x3	11.93	4.09	sentdhiomr2.terminal-hybrid-validate	1	1	0	180.0178	0.242987	6.400632888888889	0.07881944444444444
OBS14	E1	prod-cand-1703-hg002-bjuice-v2-multiau-20260814T114522Z	3x3	HG002-871vyxbnp4n81v	E1:3x3	11.93	4.09	sentdhiomr2.tiddit	1	1	0	1281.3035	1.729499	45.55745777777778	0.5563333333333333
OBS14	E1	prod-cand-1703-hg002-bjuice-v2-multiau-20260814T114522Z	3x3	HG002-871vyxbnp4n81v	E1:3x3	11.93	4.09	sentdhiomr2.tiddit.sort	1	1	0	1.2313	0.001725	0.04377955555555556	1.1111111111111112e-05
OBS14	E1	prod-cand-1703-hg002-bjuice-v2-multiau-20260814T114522Z	3x3	HG002-871vyxbnp4n81v	E1:3x3	11.93	4.09	sentdhiomr2lr.na.alignstats	1	1	0	85.7972	0.003756	0.09533022222222223	0.054858333333333335
OBS14	E1	prod-cand-1703-hg002-bjuice-v2-multiau-20260814T114522Z	3x3	HG002-871vyxbnp4n81v	E1:3x3	11.93	4.09	sentdhiomr2lr.na.coverage_evenness_two	1	1	0	213.9723	0.036102	0.9509879999999999	0.6547694444444445
OBS14	E1	prod-cand-1703-hg002-bjuice-v2-multiau-20260814T114522Z	3x3	HG002-871vyxbnp4n81v	E1:3x3	11.93	4.09	sentdhiomr2lr.na.gatk_contam	1	1	0	3.1538	6.2e-05	0.001752111111111111	0.001152777777777778
OBS14	E1	prod-cand-1703-hg002-bjuice-v2-multiau-20260814T114522Z	3x3	HG002-871vyxbnp4n81v	E1:3x3	11.93	4.09	sentdhiomr2lr.na.goleft	1	1	0	1.1577	2.3e-05	0.0006431666666666667	2.777777777777778e-06
OBS14	E1	prod-cand-1703-hg002-bjuice-v2-multiau-20260814T114522Z	3x3	HG002-871vyxbnp4n81v	E1:3x3	11.93	4.09	sentdhiomr2lr.na.infer_sex_complement	1	1	0	0.4792	5e-06	0.0001331111111111111	5.555555555555556e-06
OBS14	E1	prod-cand-1703-hg002-bjuice-v2-multiau-20260814T114522Z	3x3	HG002-871vyxbnp4n81v	E1:3x3	11.93	4.09	sentdhiomr2lr.na.mosdepth	1	1	0	95.7206	0.004191	0.10635622222222223	0.025066666666666664
OBS14	E1	prod-cand-1703-hg002-bjuice-v2-multiau-20260814T114522Z	3x3	HG002-871vyxbnp4n81v	E1:3x3	11.93	4.09	sentdhiomr2lr.na.norm_cov_eveness	1	1	0	481.8959	0.021099	0.5354398888888888	0.00036666666666666667
OBS14	E1	prod-cand-1703-hg002-bjuice-v2-multiau-20260814T114522Z	3x3	HG002-871vyxbnp4n81v	E1:3x3	11.93	4.09	sentdhiomr2lr.na.p.ganon2_multiqc_log	1	1	0	0.0456	0.0	1.2666666666666667e-05	0.0
OBS14	E1	prod-cand-1703-hg002-bjuice-v2-multiau-20260814T114522Z	3x3	HG002-871vyxbnp4n81v	E1:3x3	11.93	4.09	sentdhiomr2lr.na.p.unmapped_metagenomics_ganon2_quick	1	1	0	27.1517	0.036649	0.9653937777777778	0.00245
OBS14	E1	prod-cand-1703-hg002-bjuice-v2-multiau-20260814T114522Z	3x3	HG002-871vyxbnp4n81v	E1:3x3	11.93	4.09	sentdhiomr2lr.na.samt	1	1	0	181.1181	0.007154	0.20124233333333333	0.07556666666666667
OBS14	E1	prod-cand-1703-hg002-bjuice-v2-multiau-20260814T114522Z	3x3	HG002-871vyxbnp4n81v	E1:3x3	11.93	4.09	sentdhiomr2lr.na.sex_complement_somalier_metrics	1	1	0	0.4611	9e-06	0.0002561666666666667	5.555555555555556e-06
OBS14	E1	prod-cand-1703-hg002-bjuice-v2-multiau-20260814T114522Z	3x3	HG002-871vyxbnp4n81v	E1:3x3	11.93	4.09	sentdhiomr2lr.na.site_mix_contam	1	1	0	5.7686	5.7e-05	0.0016023888888888889	0.0012805555555555556
OBS14	E1	prod-cand-1703-hg002-bjuice-v2-multiau-20260814T114522Z	3x3	HG002-871vyxbnp4n81v	E1:3x3	11.93	4.09	sentdhiomr2lr.na.site_mix_contam_pileups	1	1	0	723.8932	0.028593	0.8043257777777778	0.20215
OBS14	E1	prod-cand-1703-hg002-bjuice-v2-multiau-20260814T114522Z	3x3	HG002-871vyxbnp4n81v	E1:3x3	11.93	4.09	sentdhiomr2rsr.na.alignstats	1	1	0	221.8219	0.008762	0.2464687777777778	0.10429444444444444
OBS14	E1	prod-cand-1703-hg002-bjuice-v2-multiau-20260814T114522Z	3x3	HG002-871vyxbnp4n81v	E1:3x3	11.93	4.09	sentdhiomr2rsr.na.coverage_evenness_two	1	1	0	229.3372	0.036234	1.0192764444444444	0.6030583333333334
OBS14	E1	prod-cand-1703-hg002-bjuice-v2-multiau-20260814T114522Z	3x3	HG002-871vyxbnp4n81v	E1:3x3	11.93	4.09	sentdhiomr2rsr.na.gatk_contam	1	1	0	7.2594	0.000143	0.004033	0.002833333333333333
OBS14	E1	prod-cand-1703-hg002-bjuice-v2-multiau-20260814T114522Z	3x3	HG002-871vyxbnp4n81v	E1:3x3	11.93	4.09	sentdhiomr2rsr.na.goleft	1	1	0	1.4264	2.8e-05	0.0007924444444444444	0.0001888888888888889
OBS14	E1	prod-cand-1703-hg002-bjuice-v2-multiau-20260814T114522Z	3x3	HG002-871vyxbnp4n81v	E1:3x3	11.93	4.09	sentdhiomr2rsr.na.infer_sex_complement	1	1	0	0.5148	5e-06	0.000143	5.555555555555556e-06
OBS14	E1	prod-cand-1703-hg002-bjuice-v2-multiau-20260814T114522Z	3x3	HG002-871vyxbnp4n81v	E1:3x3	11.93	4.09	sentdhiomr2rsr.na.mosdepth	1	1	0	107.2431	0.004236	0.119159	0.045349999999999994
OBS14	E1	prod-cand-1703-hg002-bjuice-v2-multiau-20260814T114522Z	3x3	HG002-871vyxbnp4n81v	E1:3x3	11.93	4.09	sentdhiomr2rsr.na.norm_cov_eveness	1	1	0	480.5109	0.01898	0.533901	0.0014222222222222223
OBS14	E1	prod-cand-1703-hg002-bjuice-v2-multiau-20260814T114522Z	3x3	HG002-871vyxbnp4n81v	E1:3x3	11.93	4.09	sentdhiomr2rsr.na.p.ganon2_multiqc_log	1	1	0	0.0508	0.0	1.411111111111111e-05	0.0
OBS14	E1	prod-cand-1703-hg002-bjuice-v2-multiau-20260814T114522Z	3x3	HG002-871vyxbnp4n81v	E1:3x3	11.93	4.09	sentdhiomr2rsr.na.p.unmapped_metagenomics_ganon2_quick	1	1	0	402.695	0.564198	14.318044444444444	0.025377777777777777
OBS14	E1	prod-cand-1703-hg002-bjuice-v2-multiau-20260814T114522Z	3x3	HG002-871vyxbnp4n81v	E1:3x3	11.93	4.09	sentdhiomr2rsr.na.samt	1	1	0	358.5814	0.014164	0.39842377777777777	0.009358333333333333
OBS14	E1	prod-cand-1703-hg002-bjuice-v2-multiau-20260814T114522Z	3x3	HG002-871vyxbnp4n81v	E1:3x3	11.93	4.09	sentdhiomr2rsr.na.sex_complement_somalier_metrics	1	1	0	0.5138	1e-05	0.00028544444444444445	5.555555555555556e-06
OBS14	E1	prod-cand-1703-hg002-bjuice-v2-multiau-20260814T114522Z	3x3	HG002-871vyxbnp4n81v	E1:3x3	11.93	4.09	sentdhiomr2rsr.na.site_mix_contam	1	1	0	29.7379	0.000294	0.008260527777777778	0.004186111111111111
OBS14	E1	prod-cand-1703-hg002-bjuice-v2-multiau-20260814T114522Z	3x3	HG002-871vyxbnp4n81v	E1:3x3	11.93	4.09	sentdhiomr2rsr.na.site_mix_contam_pileups	1	1	0	972.3732	0.038408	1.0804146666666667	0.17060833333333336
OBS14	E1	prod-cand-1703-hg002-bjuice-v2-multiau-20260814T114522Z	3x3	HG002-871vyxbnp4n81v	E1:3x3	11.93	4.09	sentdhiomr2sr.smd.alignstats	1	1	0	870.1662	0.034371	0.9668513333333333	0.5222888888888889
OBS14	E1	prod-cand-1703-hg002-bjuice-v2-multiau-20260814T114522Z	3x3	HG002-871vyxbnp4n81v	E1:3x3	11.93	4.09	sentdhiomr2sr.smd.coverage_evenness_two	1	1	0	393.6156	0.062189	1.7494026666666664	0.73085
OBS14	E1	prod-cand-1703-hg002-bjuice-v2-multiau-20260814T114522Z	3x3	HG002-871vyxbnp4n81v	E1:3x3	11.93	4.09	sentdhiomr2sr.smd.gatk_contam	1	1	0	24.2885	0.00048	0.01349361111111111	0.005941666666666667
OBS14	E1	prod-cand-1703-hg002-bjuice-v2-multiau-20260814T114522Z	3x3	HG002-871vyxbnp4n81v	E1:3x3	11.93	4.09	sentdhiomr2sr.smd.goleft	1	1	0	1.4699	2.9e-05	0.000816611111111111	0.00020833333333333335
OBS14	E1	prod-cand-1703-hg002-bjuice-v2-multiau-20260814T114522Z	3x3	HG002-871vyxbnp4n81v	E1:3x3	11.93	4.09	sentdhiomr2sr.smd.infer_sex_complement	1	1	0	0.592	6e-06	0.00016444444444444444	5.555555555555556e-06
OBS14	E1	prod-cand-1703-hg002-bjuice-v2-multiau-20260814T114522Z	3x3	HG002-871vyxbnp4n81v	E1:3x3	11.93	4.09	sentdhiomr2sr.smd.mosdepth	1	1	0	185.6108	0.007331	0.20623422222222224	0.098275
OBS14	E1	prod-cand-1703-hg002-bjuice-v2-multiau-20260814T114522Z	3x3	HG002-871vyxbnp4n81v	E1:3x3	11.93	4.09	sentdhiomr2sr.smd.norm_cov_eveness	1	1	0	595.5653	0.023524	0.6617392222222221	0.0012361111111111112
OBS14	E1	prod-cand-1703-hg002-bjuice-v2-multiau-20260814T114522Z	3x3	HG002-871vyxbnp4n81v	E1:3x3	11.93	4.09	sentdhiomr2sr.smd.p.ganon2_multiqc_log	1	1	0	0.0503	0.0	1.3972222222222221e-05	0.0
OBS14	E1	prod-cand-1703-hg002-bjuice-v2-multiau-20260814T114522Z	3x3	HG002-871vyxbnp4n81v	E1:3x3	11.93	4.09	sentdhiomr2sr.smd.p.unmapped_metagenomics_ganon2_quick	1	1	0	2302.9651	3.108534	81.88320355555555	0.2981888888888889
OBS14	E1	prod-cand-1703-hg002-bjuice-v2-multiau-20260814T114522Z	3x3	HG002-871vyxbnp4n81v	E1:3x3	11.93	4.09	sentdhiomr2sr.smd.samt	1	1	0	1489.0687	0.058816	1.6545207777777777	0.050041666666666665
OBS14	E1	prod-cand-1703-hg002-bjuice-v2-multiau-20260814T114522Z	3x3	HG002-871vyxbnp4n81v	E1:3x3	11.93	4.09	sentdhiomr2sr.smd.sex_complement_somalier_metrics	1	1	0	0.5172	1e-05	0.00028733333333333334	8.333333333333334e-06
OBS14	E1	prod-cand-1703-hg002-bjuice-v2-multiau-20260814T114522Z	3x3	HG002-871vyxbnp4n81v	E1:3x3	11.93	4.09	sentdhiomr2sr.smd.site_mix_contam	1	1	0	45.6498	0.000451	0.012680499999999999	0.0043
OBS14	E1	prod-cand-1703-hg002-bjuice-v2-multiau-20260814T114522Z	3x3	HG002-871vyxbnp4n81v	E1:3x3	11.93	4.09	sentdhiomr2sr.smd.site_mix_contam_pileups	1	1	0	2710.0321	0.107043	3.011146777777778	0.7549611111111112
OBS14	E1	prod-cand-1703-hg002-bjuice-v2-multiau-20260814T114522Z	3x3	HG002-871vyxbnp4n81v	E1:3x3	11.93	4.09	sentmm2ont.na.expansionhunter	1	1	0	354.4554	0.033631	1.5753573333333333	1.3181138888888888
OBS14	E1	prod-cand-1703-hg002-bjuice-v2-multiau-20260814T114522Z	3x3	HG002-871vyxbnp4n81v	E1:3x3	11.93	4.09	sentmm2ont.na.expansionhunter_json_to_tsv	1	1	0	0.7175	4e-06	0.00019930555555555557	2.777777777777778e-06
OBS14	E1	prod-cand-1703-hg002-bjuice-v2-multiau-20260814T114522Z	3x3	HG002-871vyxbnp4n81v	E1:3x3	11.93	4.09	sentmm2ont.na.sentdhiomr2.altair-v1.1.parse_vcfeval_summary	1	1	0	11.62	0.000229	0.0064555555555555555	1.1111111111111112e-05
OBS14	E1	prod-cand-1703-hg002-bjuice-v2-multiau-20260814T114522Z	3x3	HG002-871vyxbnp4n81v	E1:3x3	11.93	4.09	sentmm2ont.na.sentdhiomr2.altair-v1.1.rtg_vcfeval	1	1	0	60.5813	0.009572	0.2692502222222222	0.059000000000000004
OBS14	E1	prod-cand-1703-hg002-bjuice-v2-multiau-20260814T114522Z	3x3	HG002-871vyxbnp4n81v	E1:3x3	11.93	4.09	sentmm2ont.na.sentdhiomr2.bcfstat	1	1	0	16.0725	0.000952	0.026787500000000002	0.004902777777777778
OBS14	E1	prod-cand-1703-hg002-bjuice-v2-multiau-20260814T114522Z	3x3	HG002-871vyxbnp4n81v	E1:3x3	11.93	4.09	sentmm2ont.na.sentdhiomr2.chr1.vep	1	1	0	688.5995	0.027199	0.7651105555555556	0.01754722222222222
OBS14	E1	prod-cand-1703-hg002-bjuice-v2-multiau-20260814T114522Z	3x3	HG002-871vyxbnp4n81v	E1:3x3	11.93	4.09	sentmm2ont.na.sentdhiomr2.chr1.vep_input	1	1	0	5.8417	5.8e-05	0.0016226944444444446	2.777777777777778e-06
OBS14	E1	prod-cand-1703-hg002-bjuice-v2-multiau-20260814T114522Z	3x3	HG002-871vyxbnp4n81v	E1:3x3	11.93	4.09	sentmm2ont.na.sentdhiomr2.chr10.vep	1	1	0	384.5856	0.015191	0.4273173333333333	0.00795
OBS14	E1	prod-cand-1703-hg002-bjuice-v2-multiau-20260814T114522Z	3x3	HG002-871vyxbnp4n81v	E1:3x3	11.93	4.09	sentmm2ont.na.sentdhiomr2.chr10.vep_input	1	1	0	4.143	4.1e-05	0.0011508333333333334	5.277777777777778e-05
OBS14	E1	prod-cand-1703-hg002-bjuice-v2-multiau-20260814T114522Z	3x3	HG002-871vyxbnp4n81v	E1:3x3	11.93	4.09	sentmm2ont.na.sentdhiomr2.chr11.vep	1	1	0	423.1007	0.016712	0.4701118888888889	0.004894444444444444
OBS14	E1	prod-cand-1703-hg002-bjuice-v2-multiau-20260814T114522Z	3x3	HG002-871vyxbnp4n81v	E1:3x3	11.93	4.09	sentmm2ont.na.sentdhiomr2.chr11.vep_input	1	1	0	2.8699	2.8e-05	0.0007971944444444444	0.0
OBS14	E1	prod-cand-1703-hg002-bjuice-v2-multiau-20260814T114522Z	3x3	HG002-871vyxbnp4n81v	E1:3x3	11.93	4.09	sentmm2ont.na.sentdhiomr2.chr12.vep	1	1	0	420.4337	0.016607	0.46714855555555557	0.007216666666666666
OBS14	E1	prod-cand-1703-hg002-bjuice-v2-multiau-20260814T114522Z	3x3	HG002-871vyxbnp4n81v	E1:3x3	11.93	4.09	sentmm2ont.na.sentdhiomr2.chr12.vep_input	1	1	0	3.4403	3.4e-05	0.0009556388888888889	5.555555555555556e-06
OBS14	E1	prod-cand-1703-hg002-bjuice-v2-multiau-20260814T114522Z	3x3	HG002-871vyxbnp4n81v	E1:3x3	11.93	4.09	sentmm2ont.na.sentdhiomr2.chr13.vep	1	1	0	271.7653	0.010734	0.30196144444444445	0.0068805555555555556
OBS14	E1	prod-cand-1703-hg002-bjuice-v2-multiau-20260814T114522Z	3x3	HG002-871vyxbnp4n81v	E1:3x3	11.93	4.09	sentmm2ont.na.sentdhiomr2.chr13.vep_input	1	1	0	3.5357	3.5e-05	0.000982138888888889	8.333333333333334e-06
OBS14	E1	prod-cand-1703-hg002-bjuice-v2-multiau-20260814T114522Z	3x3	HG002-871vyxbnp4n81v	E1:3x3	11.93	4.09	sentmm2ont.na.sentdhiomr2.chr14.vep	1	1	0	265.9588	0.010505	0.29550977777777776	0.007666666666666667
OBS14	E1	prod-cand-1703-hg002-bjuice-v2-multiau-20260814T114522Z	3x3	HG002-871vyxbnp4n81v	E1:3x3	11.93	4.09	sentmm2ont.na.sentdhiomr2.chr14.vep_input	1	1	0	2.9066	2.9e-05	0.000807388888888889	8.333333333333334e-06
OBS14	E1	prod-cand-1703-hg002-bjuice-v2-multiau-20260814T114522Z	3x3	HG002-871vyxbnp4n81v	E1:3x3	11.93	4.09	sentmm2ont.na.sentdhiomr2.chr15.vep	1	1	0	287.4511	0.011354	0.3193901111111111	0.007077777777777778
OBS14	E1	prod-cand-1703-hg002-bjuice-v2-multiau-20260814T114522Z	3x3	HG002-871vyxbnp4n81v	E1:3x3	11.93	4.09	sentmm2ont.na.sentdhiomr2.chr15.vep_input	1	1	0	2.8447	2.8e-05	0.0007901944444444445	0.0004083333333333333
OBS14	E1	prod-cand-1703-hg002-bjuice-v2-multiau-20260814T114522Z	3x3	HG002-871vyxbnp4n81v	E1:3x3	11.93	4.09	sentmm2ont.na.sentdhiomr2.chr16.vep	1	1	0	278.4649	0.010999	0.30940544444444446	0.006044444444444445
OBS14	E1	prod-cand-1703-hg002-bjuice-v2-multiau-20260814T114522Z	3x3	HG002-871vyxbnp4n81v	E1:3x3	11.93	4.09	sentmm2ont.na.sentdhiomr2.chr16.vep_input	1	1	0	2.6557	2.6e-05	0.0007376944444444445	0.0004111111111111111
OBS14	E1	prod-cand-1703-hg002-bjuice-v2-multiau-20260814T114522Z	3x3	HG002-871vyxbnp4n81v	E1:3x3	11.93	4.09	sentmm2ont.na.sentdhiomr2.chr17.vep	1	1	0	267.8206	0.010579	0.2975784444444445	0.006227777777777778
OBS14	E1	prod-cand-1703-hg002-bjuice-v2-multiau-20260814T114522Z	3x3	HG002-871vyxbnp4n81v	E1:3x3	11.93	4.09	sentmm2ont.na.sentdhiomr2.chr17.vep_input	1	1	0	2.7737	2.7e-05	0.0007704722222222222	0.0004222222222222222
OBS14	E1	prod-cand-1703-hg002-bjuice-v2-multiau-20260814T114522Z	3x3	HG002-871vyxbnp4n81v	E1:3x3	11.93	4.09	sentmm2ont.na.sentdhiomr2.chr18.vep	1	1	0	239.0701	0.009443	0.2656334444444444	0.005633333333333334
OBS14	E1	prod-cand-1703-hg002-bjuice-v2-multiau-20260814T114522Z	3x3	HG002-871vyxbnp4n81v	E1:3x3	11.93	4.09	sentmm2ont.na.sentdhiomr2.chr18.vep_input	1	1	0	2.6643	2.6e-05	0.0007400833333333333	0.0004138888888888889
OBS14	E1	prod-cand-1703-hg002-bjuice-v2-multiau-20260814T114522Z	3x3	HG002-871vyxbnp4n81v	E1:3x3	11.93	4.09	sentmm2ont.na.sentdhiomr2.chr19.vep	1	1	0	236.5658	0.009344	0.2628508888888889	0.004038888888888889
OBS14	E1	prod-cand-1703-hg002-bjuice-v2-multiau-20260814T114522Z	3x3	HG002-871vyxbnp4n81v	E1:3x3	11.93	4.09	sentmm2ont.na.sentdhiomr2.chr19.vep_input	1	1	0	2.0975	2.1e-05	0.0005826388888888889	0.00028333333333333335
OBS14	E1	prod-cand-1703-hg002-bjuice-v2-multiau-20260814T114522Z	3x3	HG002-871vyxbnp4n81v	E1:3x3	11.93	4.09	sentmm2ont.na.sentdhiomr2.chr2.vep	1	1	0	650.5993	0.025698	0.7228881111111111	0.0007555555555555556
OBS14	E1	prod-cand-1703-hg002-bjuice-v2-multiau-20260814T114522Z	3x3	HG002-871vyxbnp4n81v	E1:3x3	11.93	4.09	sentmm2ont.na.sentdhiomr2.chr2.vep_input	1	1	0	5.5883	5.5e-05	0.0015523055555555557	0.0011694444444444445
OBS14	E1	prod-cand-1703-hg002-bjuice-v2-multiau-20260814T114522Z	3x3	HG002-871vyxbnp4n81v	E1:3x3	11.93	4.09	sentmm2ont.na.sentdhiomr2.chr20.vep	1	1	0	187.7472	0.007416	0.208608	0.002661111111111111
OBS14	E1	prod-cand-1703-hg002-bjuice-v2-multiau-20260814T114522Z	3x3	HG002-871vyxbnp4n81v	E1:3x3	11.93	4.09	sentmm2ont.na.sentdhiomr2.chr20.vep_input	1	1	0	2.5205	2.5e-05	0.0007001388888888889	0.0
OBS14	E1	prod-cand-1703-hg002-bjuice-v2-multiau-20260814T114522Z	3x3	HG002-871vyxbnp4n81v	E1:3x3	11.93	4.09	sentmm2ont.na.sentdhiomr2.chr21.vep	1	1	0	173.1478	0.006839	0.19238644444444444	0.0042833333333333334
OBS14	E1	prod-cand-1703-hg002-bjuice-v2-multiau-20260814T114522Z	3x3	HG002-871vyxbnp4n81v	E1:3x3	11.93	4.09	sentmm2ont.na.sentdhiomr2.chr21.vep_input	1	1	0	1.3704	1.4e-05	0.0003806666666666667	0.00016666666666666666
OBS14	E1	prod-cand-1703-hg002-bjuice-v2-multiau-20260814T114522Z	3x3	HG002-871vyxbnp4n81v	E1:3x3	11.93	4.09	sentmm2ont.na.sentdhiomr2.chr22.vep	1	1	0	145.0954	0.005731	0.16121711111111112	0.0028277777777777776
OBS14	E1	prod-cand-1703-hg002-bjuice-v2-multiau-20260814T114522Z	3x3	HG002-871vyxbnp4n81v	E1:3x3	11.93	4.09	sentmm2ont.na.sentdhiomr2.chr22.vep_input	1	1	0	1.4907	1.5e-05	0.0004140833333333333	0.00014166666666666668
OBS14	E1	prod-cand-1703-hg002-bjuice-v2-multiau-20260814T114522Z	3x3	HG002-871vyxbnp4n81v	E1:3x3	11.93	4.09	sentmm2ont.na.sentdhiomr2.chr3.vep	1	1	0	607.1884	0.023983	0.6746537777777778	0.011483333333333335
OBS14	E1	prod-cand-1703-hg002-bjuice-v2-multiau-20260814T114522Z	3x3	HG002-871vyxbnp4n81v	E1:3x3	11.93	4.09	sentmm2ont.na.sentdhiomr2.chr3.vep_input	1	1	0	4.7836	4.7e-05	0.0013287777777777777	4.9999999999999996e-05
OBS14	E1	prod-cand-1703-hg002-bjuice-v2-multiau-20260814T114522Z	3x3	HG002-871vyxbnp4n81v	E1:3x3	11.93	4.09	sentmm2ont.na.sentdhiomr2.chr4.vep	1	1	0	612.3602	0.024188	0.6804002222222222	0.012502777777777778
OBS14	E1	prod-cand-1703-hg002-bjuice-v2-multiau-20260814T114522Z	3x3	HG002-871vyxbnp4n81v	E1:3x3	11.93	4.09	sentmm2ont.na.sentdhiomr2.chr4.vep_input	1	1	0	5.1862	5.1e-05	0.0014406111111111113	5.555555555555556e-06
OBS14	E1	prod-cand-1703-hg002-bjuice-v2-multiau-20260814T114522Z	3x3	HG002-871vyxbnp4n81v	E1:3x3	11.93	4.09	sentmm2ont.na.sentdhiomr2.chr5.vep	1	1	0	443.3648	0.017512	0.49262755555555554	0.00811388888888889
OBS14	E1	prod-cand-1703-hg002-bjuice-v2-multiau-20260814T114522Z	3x3	HG002-871vyxbnp4n81v	E1:3x3	11.93	4.09	sentmm2ont.na.sentdhiomr2.chr5.vep_input	1	1	0	4.3416	4.3e-05	0.0012059999999999998	3.0555555555555554e-05
OBS14	E1	prod-cand-1703-hg002-bjuice-v2-multiau-20260814T114522Z	3x3	HG002-871vyxbnp4n81v	E1:3x3	11.93	4.09	sentmm2ont.na.sentdhiomr2.chr6.vep	1	1	0	588.3058	0.023237	0.653673111111111	0.010513888888888889
OBS14	E1	prod-cand-1703-hg002-bjuice-v2-multiau-20260814T114522Z	3x3	HG002-871vyxbnp4n81v	E1:3x3	11.93	4.09	sentmm2ont.na.sentdhiomr2.chr6.vep_input	1	1	0	4.8862	4.8e-05	0.0013572777777777778	4.9999999999999996e-05
OBS14	E1	prod-cand-1703-hg002-bjuice-v2-multiau-20260814T114522Z	3x3	HG002-871vyxbnp4n81v	E1:3x3	11.93	4.09	sentmm2ont.na.sentdhiomr2.chr7.vep	1	1	0	486.3633	0.019211	0.5404036666666666	0.006377777777777778
OBS14	E1	prod-cand-1703-hg002-bjuice-v2-multiau-20260814T114522Z	3x3	HG002-871vyxbnp4n81v	E1:3x3	11.93	4.09	sentmm2ont.na.sentdhiomr2.chr7.vep_input	1	1	0	4.4141	4.4e-05	0.001226138888888889	8.333333333333334e-06
OBS14	E1	prod-cand-1703-hg002-bjuice-v2-multiau-20260814T114522Z	3x3	HG002-871vyxbnp4n81v	E1:3x3	11.93	4.09	sentmm2ont.na.sentdhiomr2.chr8.vep	1	1	0	512.2284	0.020232	0.5691426666666666	0.007172222222222222
OBS14	E1	prod-cand-1703-hg002-bjuice-v2-multiau-20260814T114522Z	3x3	HG002-871vyxbnp4n81v	E1:3x3	11.93	4.09	sentmm2ont.na.sentdhiomr2.chr8.vep_input	1	1	0	4.1439	4.1e-05	0.0011510833333333334	0.0
OBS14	E1	prod-cand-1703-hg002-bjuice-v2-multiau-20260814T114522Z	3x3	HG002-871vyxbnp4n81v	E1:3x3	11.93	4.09	sentmm2ont.na.sentdhiomr2.chr9.vep	1	1	0	391.7188	0.015472	0.4352431111111111	0.00836111111111111
OBS14	E1	prod-cand-1703-hg002-bjuice-v2-multiau-20260814T114522Z	3x3	HG002-871vyxbnp4n81v	E1:3x3	11.93	4.09	sentmm2ont.na.sentdhiomr2.chr9.vep_input	1	1	0	2.7103	2.7e-05	0.0007528611111111112	0.0004583333333333333
OBS14	E1	prod-cand-1703-hg002-bjuice-v2-multiau-20260814T114522Z	3x3	HG002-871vyxbnp4n81v	E1:3x3	11.93	4.09	sentmm2ont.na.sentdhiomr2.chrM.vep	1	1	0	1.1306	4.5e-05	0.0012562222222222224	0.00011111111111111112
OBS14	E1	prod-cand-1703-hg002-bjuice-v2-multiau-20260814T114522Z	3x3	HG002-871vyxbnp4n81v	E1:3x3	11.93	4.09	sentmm2ont.na.sentdhiomr2.chrM.vep_input	1	1	0	0.6642	7e-06	0.0001845	0.0
OBS14	E1	prod-cand-1703-hg002-bjuice-v2-multiau-20260814T114522Z	3x3	HG002-871vyxbnp4n81v	E1:3x3	11.93	4.09	sentmm2ont.na.sentdhiomr2.chrX.vep	1	1	0	142.6137	0.005633	0.15845966666666667	0.00195
OBS14	E1	prod-cand-1703-hg002-bjuice-v2-multiau-20260814T114522Z	3x3	HG002-871vyxbnp4n81v	E1:3x3	11.93	4.09	sentmm2ont.na.sentdhiomr2.chrX.vep_input	1	1	0	2.2445	2.2e-05	0.0006234722222222222	0.00026944444444444444
OBS14	E1	prod-cand-1703-hg002-bjuice-v2-multiau-20260814T114522Z	3x3	HG002-871vyxbnp4n81v	E1:3x3	11.93	4.09	sentmm2ont.na.sentdhiomr2.chrY.vep	1	1	0	6.0075	0.000237	0.006675	0.00030000000000000003
OBS14	E1	prod-cand-1703-hg002-bjuice-v2-multiau-20260814T114522Z	3x3	HG002-871vyxbnp4n81v	E1:3x3	11.93	4.09	sentmm2ont.na.sentdhiomr2.chrY.vep_input	1	1	0	0.75	7e-06	0.00020833333333333335	2.4999999999999998e-05
OBS14	E1	prod-cand-1703-hg002-bjuice-v2-multiau-20260814T114522Z	3x3	HG002-871vyxbnp4n81v	E1:3x3	11.93	4.09	sentmm2ont.na.sentdhiomr2.cli-gvcf.altair-v1.1.parse_vcfeval_summary	1	1	0	10.562	0.000209	0.005867777777777777	5.277777777777778e-05
OBS14	E1	prod-cand-1703-hg002-bjuice-v2-multiau-20260814T114522Z	3x3	HG002-871vyxbnp4n81v	E1:3x3	11.93	4.09	sentmm2ont.na.sentdhiomr2.cli-gvcf.altair-v1.1.rtg_vcfeval	1	1	0	834.1001	0.131784	3.7071115555555556	0.5188583333333333
OBS14	E1	prod-cand-1703-hg002-bjuice-v2-multiau-20260814T114522Z	3x3	HG002-871vyxbnp4n81v	E1:3x3	11.93	4.09	sentmm2ont.na.sentdhiomr2.cli-gvcf.clinvar_genes.parse_vcfeval_summary	1	1	0	11.5616	0.000228	0.006423111111111111	0.0001361111111111111
OBS14	E1	prod-cand-1703-hg002-bjuice-v2-multiau-20260814T114522Z	3x3	HG002-871vyxbnp4n81v	E1:3x3	11.93	4.09	sentmm2ont.na.sentdhiomr2.cli-gvcf.clinvar_genes.rtg_vcfeval	1	1	0	913.4145	0.144315	4.05962	0.5247833333333334
OBS14	E1	prod-cand-1703-hg002-bjuice-v2-multiau-20260814T114522Z	3x3	HG002-871vyxbnp4n81v	E1:3x3	11.93	4.09	sentmm2ont.na.sentdhiomr2.cli-gvcf.concordance	1	1	0	0.4015	3.2e-05	0.0008922222222222223	2.777777777777778e-06
OBS14	E1	prod-cand-1703-hg002-bjuice-v2-multiau-20260814T114522Z	3x3	HG002-871vyxbnp4n81v	E1:3x3	11.93	4.09	sentmm2ont.na.sentdhiomr2.cli-gvcf.giabHC.parse_vcfeval_summary	1	1	0	72.1026	0.001424	0.040056999999999995	0.004825
OBS14	E1	prod-cand-1703-hg002-bjuice-v2-multiau-20260814T114522Z	3x3	HG002-871vyxbnp4n81v	E1:3x3	11.93	4.09	sentmm2ont.na.sentdhiomr2.cli-gvcf.giabHC.rtg_vcfeval	1	1	0	884.9318	0.14931	3.933030222222222	0.5720027777777777
OBS14	E1	prod-cand-1703-hg002-bjuice-v2-multiau-20260814T114522Z	3x3	HG002-871vyxbnp4n81v	E1:3x3	11.93	4.09	sentmm2ont.na.sentdhiomr2.cli-gvcf.giabHC_x_clinvar_genes.parse_vcfeval_summary	1	1	0	9.0592	0.000179	0.005032888888888889	0.00055
OBS14	E1	prod-cand-1703-hg002-bjuice-v2-multiau-20260814T114522Z	3x3	HG002-871vyxbnp4n81v	E1:3x3	11.93	4.09	sentmm2ont.na.sentdhiomr2.cli-gvcf.giabHC_x_clinvar_genes.rtg_vcfeval	1	1	0	838.1365	0.141414	3.725051111111111	0.5300583333333333
OBS14	E1	prod-cand-1703-hg002-bjuice-v2-multiau-20260814T114522Z	3x3	HG002-871vyxbnp4n81v	E1:3x3	11.93	4.09	sentmm2ont.na.sentdhiomr2.cli-gvcf.giabHC_x_ultima.parse_vcfeval_summary	1	1	0	77.3981	0.001529	0.042998944444444444	0.0058249999999999994
OBS14	E1	prod-cand-1703-hg002-bjuice-v2-multiau-20260814T114522Z	3x3	HG002-871vyxbnp4n81v	E1:3x3	11.93	4.09	sentmm2ont.na.sentdhiomr2.cli-gvcf.giabHC_x_ultima.rtg_vcfeval	1	1	0	920.6488	0.145458	4.0917724444444445	0.5519722222222222
OBS14	E1	prod-cand-1703-hg002-bjuice-v2-multiau-20260814T114522Z	3x3	HG002-871vyxbnp4n81v	E1:3x3	11.93	4.09	sentmm2ont.na.sentdhiomr2.cli-gvcf.giabHC_x_ultima_x_clinvar.parse_vcfeval_summary	1	1	0	11.7643	0.000232	0.006535722222222222	0.0006833333333333333
OBS14	E1	prod-cand-1703-hg002-bjuice-v2-multiau-20260814T114522Z	3x3	HG002-871vyxbnp4n81v	E1:3x3	11.93	4.09	sentmm2ont.na.sentdhiomr2.cli-gvcf.giabHC_x_ultima_x_clinvar.rtg_vcfeval	1	1	0	833.6796	0.131718	3.705242666666667	0.5192166666666667
OBS14	E1	prod-cand-1703-hg002-bjuice-v2-multiau-20260814T114522Z	3x3	HG002-871vyxbnp4n81v	E1:3x3	11.93	4.09	sentmm2ont.na.sentdhiomr2.cli-gvcf.giabHCv5q.parse_vcfeval_summary	1	1	0	78.3225	0.001547	0.0435125	0.006083333333333333
OBS14	E1	prod-cand-1703-hg002-bjuice-v2-multiau-20260814T114522Z	3x3	HG002-871vyxbnp4n81v	E1:3x3	11.93	4.09	sentmm2ont.na.sentdhiomr2.cli-gvcf.giabHCv5q.rtg_vcfeval	1	1	0	1108.6514	0.187057	4.927339555555555	0.8112944444444444
OBS14	E1	prod-cand-1703-hg002-bjuice-v2-multiau-20260814T114522Z	3x3	HG002-871vyxbnp4n81v	E1:3x3	11.93	4.09	sentmm2ont.na.sentdhiomr2.cli-gvcf.hg38.parse_vcfeval_summary	1	1	0	92.481	0.001826	0.05137833333333333	0.001238888888888889
OBS14	E1	prod-cand-1703-hg002-bjuice-v2-multiau-20260814T114522Z	3x3	HG002-871vyxbnp4n81v	E1:3x3	11.93	4.09	sentmm2ont.na.sentdhiomr2.cli-gvcf.hg38.rtg_vcfeval	1	1	0	844.3213	0.142458	3.752539111111111	0.558425
OBS14	E1	prod-cand-1703-hg002-bjuice-v2-multiau-20260814T114522Z	3x3	HG002-871vyxbnp4n81v	E1:3x3	11.93	4.09	sentmm2ont.na.sentdhiomr2.cli-gvcf.hg38_m_giabHC.parse_vcfeval_summary	1	1	0	24.7114	0.000488	0.013728555555555556	0.0013666666666666666
OBS14	E1	prod-cand-1703-hg002-bjuice-v2-multiau-20260814T114522Z	3x3	HG002-871vyxbnp4n81v	E1:3x3	11.93	4.09	sentmm2ont.na.sentdhiomr2.cli-gvcf.hg38_m_giabHC.rtg_vcfeval	1	1	0	923.1649	0.145856	4.102955111111111	5.555555555555556e-06
OBS14	E1	prod-cand-1703-hg002-bjuice-v2-multiau-20260814T114522Z	3x3	HG002-871vyxbnp4n81v	E1:3x3	11.93	4.09	sentmm2ont.na.sentdhiomr2.cli-gvcf.ultima.parse_vcfeval_summary	1	1	0	77.5645	0.001532	0.04309138888888889	0.00046388888888888885
OBS14	E1	prod-cand-1703-hg002-bjuice-v2-multiau-20260814T114522Z	3x3	HG002-871vyxbnp4n81v	E1:3x3	11.93	4.09	sentmm2ont.na.sentdhiomr2.cli-gvcf.ultima.rtg_vcfeval	1	1	0	864.8832	0.136648	3.8439253333333334	5.555555555555556e-06
OBS14	E1	prod-cand-1703-hg002-bjuice-v2-multiau-20260814T114522Z	3x3	HG002-871vyxbnp4n81v	E1:3x3	11.93	4.09	sentmm2ont.na.sentdhiomr2.clinvar_genes.parse_vcfeval_summary	1	1	0	10.9129	0.000216	0.006062722222222223	8.333333333333334e-06
OBS14	E1	prod-cand-1703-hg002-bjuice-v2-multiau-20260814T114522Z	3x3	HG002-871vyxbnp4n81v	E1:3x3	11.93	4.09	sentmm2ont.na.sentdhiomr2.clinvar_genes.rtg_vcfeval	1	1	0	66.6647	0.010533	0.2962875555555555	0.059713888888888886
OBS14	E1	prod-cand-1703-hg002-bjuice-v2-multiau-20260814T114522Z	3x3	HG002-871vyxbnp4n81v	E1:3x3	11.93	4.09	sentmm2ont.na.sentdhiomr2.concordance	1	1	0	0.3967	3.1e-05	0.0008815555555555556	2.777777777777778e-06
OBS14	E1	prod-cand-1703-hg002-bjuice-v2-multiau-20260814T114522Z	3x3	HG002-871vyxbnp4n81v	E1:3x3	11.93	4.09	sentmm2ont.na.sentdhiomr2.giabHC.parse_vcfeval_summary	1	1	0	63.2141	0.001248	0.035118944444444446	0.004152777777777778
OBS14	E1	prod-cand-1703-hg002-bjuice-v2-multiau-20260814T114522Z	3x3	HG002-871vyxbnp4n81v	E1:3x3	11.93	4.09	sentmm2ont.na.sentdhiomr2.giabHC.rtg_vcfeval	1	1	0	65.7321	0.010385	0.29214266666666666	0.07537222222222222
OBS14	E1	prod-cand-1703-hg002-bjuice-v2-multiau-20260814T114522Z	3x3	HG002-871vyxbnp4n81v	E1:3x3	11.93	4.09	sentmm2ont.na.sentdhiomr2.giabHC_x_clinvar_genes.parse_vcfeval_summary	1	1	0	9.7867	0.000193	0.005437055555555555	0.0006277777777777777
OBS14	E1	prod-cand-1703-hg002-bjuice-v2-multiau-20260814T114522Z	3x3	HG002-871vyxbnp4n81v	E1:3x3	11.93	4.09	sentmm2ont.na.sentdhiomr2.giabHC_x_clinvar_genes.rtg_vcfeval	1	1	0	63.9255	0.0101	0.28411333333333333	0.05931666666666666
OBS14	E1	prod-cand-1703-hg002-bjuice-v2-multiau-20260814T114522Z	3x3	HG002-871vyxbnp4n81v	E1:3x3	11.93	4.09	sentmm2ont.na.sentdhiomr2.giabHC_x_ultima.parse_vcfeval_summary	1	1	0	56.6594	0.001119	0.03147744444444445	0.005091666666666666
OBS14	E1	prod-cand-1703-hg002-bjuice-v2-multiau-20260814T114522Z	3x3	HG002-871vyxbnp4n81v	E1:3x3	11.93	4.09	sentmm2ont.na.sentdhiomr2.giabHC_x_ultima.rtg_vcfeval	1	1	0	66.9583	0.010579	0.29759244444444444	0.069975
OBS14	E1	prod-cand-1703-hg002-bjuice-v2-multiau-20260814T114522Z	3x3	HG002-871vyxbnp4n81v	E1:3x3	11.93	4.09	sentmm2ont.na.sentdhiomr2.giabHC_x_ultima_x_clinvar.parse_vcfeval_summary	1	1	0	8.3872	0.000166	0.004659555555555556	0.00045000000000000004
OBS14	E1	prod-cand-1703-hg002-bjuice-v2-multiau-20260814T114522Z	3x3	HG002-871vyxbnp4n81v	E1:3x3	11.93	4.09	sentmm2ont.na.sentdhiomr2.giabHC_x_ultima_x_clinvar.rtg_vcfeval	1	1	0	65.6649	0.010375	0.291844	0.06065277777777778
OBS14	E1	prod-cand-1703-hg002-bjuice-v2-multiau-20260814T114522Z	3x3	HG002-871vyxbnp4n81v	E1:3x3	11.93	4.09	sentmm2ont.na.sentdhiomr2.giabHCv5q.parse_vcfeval_summary	1	1	0	75.5563	0.001492	0.04197572222222222	0.005469444444444445
OBS14	E1	prod-cand-1703-hg002-bjuice-v2-multiau-20260814T114522Z	3x3	HG002-871vyxbnp4n81v	E1:3x3	11.93	4.09	sentmm2ont.na.sentdhiomr2.giabHCv5q.rtg_vcfeval	1	1	0	840.7865	0.141861	3.736828888888889	0.3246166666666666
OBS14	E1	prod-cand-1703-hg002-bjuice-v2-multiau-20260814T114522Z	3x3	HG002-871vyxbnp4n81v	E1:3x3	11.93	4.09	sentmm2ont.na.sentdhiomr2.hg38.parse_vcfeval_summary	1	1	0	81.9073	0.001618	0.04550405555555556	0.001288888888888889
OBS14	E1	prod-cand-1703-hg002-bjuice-v2-multiau-20260814T114522Z	3x3	HG002-871vyxbnp4n81v	E1:3x3	11.93	4.09	sentmm2ont.na.sentdhiomr2.hg38.rtg_vcfeval	1	1	0	66.594	0.010522	0.2959733333333333	0.07756666666666667
OBS14	E1	prod-cand-1703-hg002-bjuice-v2-multiau-20260814T114522Z	3x3	HG002-871vyxbnp4n81v	E1:3x3	11.93	4.09	sentmm2ont.na.sentdhiomr2.hg38_m_giabHC.parse_vcfeval_summary	1	1	0	21.2326	0.000419	0.01179588888888889	0.001313888888888889
OBS14	E1	prod-cand-1703-hg002-bjuice-v2-multiau-20260814T114522Z	3x3	HG002-871vyxbnp4n81v	E1:3x3	11.93	4.09	sentmm2ont.na.sentdhiomr2.hg38_m_giabHC.rtg_vcfeval	1	1	0	62.1627	0.009821	0.2762786666666667	0.06156944444444445
OBS14	E1	prod-cand-1703-hg002-bjuice-v2-multiau-20260814T114522Z	3x3	HG002-871vyxbnp4n81v	E1:3x3	11.93	4.09	sentmm2ont.na.sentdhiomr2.peddy	1	1	0	13.9685	0.000552	0.015520555555555557	0.00115
OBS14	E1	prod-cand-1703-hg002-bjuice-v2-multiau-20260814T114522Z	3x3	HG002-871vyxbnp4n81v	E1:3x3	11.93	4.09	sentmm2ont.na.sentdhiomr2.rtgvcfstats	1	1	0	24.7171	0.000488	0.013731722222222222	0.005888888888888889
OBS14	E1	prod-cand-1703-hg002-bjuice-v2-multiau-20260814T114522Z	3x3	HG002-871vyxbnp4n81v	E1:3x3	11.93	4.09	sentmm2ont.na.sentdhiomr2.ultima.parse_vcfeval_summary	1	1	0	68.0362	0.001344	0.03779788888888889	0.0052499999999999995
OBS14	E1	prod-cand-1703-hg002-bjuice-v2-multiau-20260814T114522Z	3x3	HG002-871vyxbnp4n81v	E1:3x3	11.93	4.09	sentmm2ont.na.sentdhiomr2.ultima.rtg_vcfeval	1	1	0	68.2934	0.01079	0.30352622222222225	0.06794444444444445
OBS14	E1	prod-cand-1703-hg002-bjuice-v2-multiau-20260814T114522Z	3x3	HG002-871vyxbnp4n81v	E1:3x3	11.93	4.09	sentmm2ont.na.sentdhiomr2.vep_concat	1	1	0	52.1308	0.004118	0.11584622222222223	0.0024000000000000002
OBS14	E1	prod-cand-1703-hg002-bjuice-v2-multiau-20260814T114522Z	3x3	HG002-871vyxbnp4n81v	E1:3x3	11.93	4.09	sentmm2ont.na.sentdhiomr2.vep_concat_fofn	1	1	0	0.0925	1e-06	2.5694444444444445e-05	0.0
OBS14	E1	prod-cand-1703-hg002-bjuice-v2-multiau-20260814T114522Z	3x3	HG002-871vyxbnp4n81v	E1:3x3	11.93	4.09	sentmm2ont.na.sentdhiomr2.vep_validate_input_contigs	1	1	0	0.5484	4e-06	0.00015233333333333334	0.0
OBS14	E1	prod-cand-1703-hg002-bjuice-v2-multiau-20260814T114522Z	3x3	HG002-871vyxbnp4n81v	E1:3x3	11.93	4.09	seqfu	1	1	0	917.4629	0.054358	1.5291048333333332	0.44753055555555554
OBS14	E1	prod-cand-1703-hg002-bjuice-v2-multiau-20260814T114522Z	3x3	HG002-871vyxbnp4n81v	E1:3x3	11.93	4.09	snv_vcf.vcf-sv-stats	1	1	0	205.8276	0.004065	0.11434866666666665	0.05356111111111111
OBS14	E1	prod-cand-1703-hg002-bjuice-v2-multiau-20260814T114522Z	3x3	HG002-871vyxbnp4n81v	E1:3x3	11.93	4.09	source_reheadered_cnvscope_vcf.vcf-sv-stats	1	1	0	1.3165	2.6e-05	0.0007313888888888888	8.333333333333333e-05
OBS14	E1	prod-cand-1703-hg002-bjuice-v2-multiau-20260814T114522Z	3x3	HG002-871vyxbnp4n81v	E1:3x3	11.93	4.09	synthetic_smn_vcf.vcf-sv-stats	1	1	0	0.9553	1.9e-05	0.0005307222222222223	2.777777777777778e-05
OBS14	E1	prod-cand-1703-hg002-bjuice-v2-multiau-20260814T114522Z	3x3	HG002-871vyxbnp4n81v	E1:3x3	11.93	4.09	tagged_cnv_vcf.vcf-sv-stats	1	1	0	1.0036	2e-05	0.0005575555555555556	3.0555555555555554e-05
OBS14	E1	prod-cand-1703-hg002-bjuice-v2-multiau-20260814T114522Z	3x3	HG002-871vyxbnp4n81v	E1:3x3	11.93	4.09	tagged_sv_vcf.vcf-sv-stats	1	1	0	2.6557	5.2e-05	0.001475388888888889	0.0004555555555555555
OBS14	E1	prod-cand-1703-hg002-bjuice-v2-multiau-20260814T114522Z	3x3	HG002-871vyxbnp4n81v	E1:3x3	11.93	4.09	untagged_trussv_vcf.vcf-sv-stats	1	1	0	2.7214	5.4e-05	0.001511888888888889	0.0005638888888888888
OBS15	E1	prod-cand-1703-hg002-bjuice-v2-multiau-20260814T114522Z	5x5	HG002-vqs89p8gahfwf9	E1:5x5	12.71	6.20	expansionhunter_vcf.vcf-sv-stats	1	1	0	1.1138	2.2e-05	0.0006187777777777778	8.333333333333333e-05
OBS15	E1	prod-cand-1703-hg002-bjuice-v2-multiau-20260814T114522Z	5x5	HG002-vqs89p8gahfwf9	E1:5x5	12.71	6.20	fastqc	1	1	0	681.1376	0.107617	3.0272782222222223	0.19264722222222222
OBS15	E1	prod-cand-1703-hg002-bjuice-v2-multiau-20260814T114522Z	5x5	HG002-vqs89p8gahfwf9	E1:5x5	12.71	6.20	mitochondrial_vcf.vcf-sv-stats	1	1	0	1.2788	2.8e-05	0.0007104444444444444	8.055555555555556e-05
OBS15	E1	prod-cand-1703-hg002-bjuice-v2-multiau-20260814T114522Z	5x5	HG002-vqs89p8gahfwf9	E1:5x5	12.71	6.20	normalized_longreadsv_vcf.vcf-sv-stats	1	1	0	2.8321	5.6e-05	0.001573388888888889	0.0003111111111111111
OBS15	E1	prod-cand-1703-hg002-bjuice-v2-multiau-20260814T114522Z	5x5	HG002-vqs89p8gahfwf9	E1:5x5	12.71	6.20	normalized_sniffles2_vcf.vcf-sv-stats	1	1	0	1.5209	3.2e-05	0.0008449444444444444	0.00015555555555555556
OBS15	E1	prod-cand-1703-hg002-bjuice-v2-multiau-20260814T114522Z	5x5	HG002-vqs89p8gahfwf9	E1:5x5	12.71	6.20	normalized_tiddit_vcf.vcf-sv-stats	1	1	0	2.6122	5.7e-05	0.0014512222222222222	0.0004722222222222222
OBS15	E1	prod-cand-1703-hg002-bjuice-v2-multiau-20260814T114522Z	5x5	HG002-vqs89p8gahfwf9	E1:5x5	12.71	6.20	segdup_CFH_vcf.vcf-sv-stats	1	1	0	0.7956	1.6e-05	0.000442	4.1666666666666665e-05
OBS15	E1	prod-cand-1703-hg002-bjuice-v2-multiau-20260814T114522Z	5x5	HG002-vqs89p8gahfwf9	E1:5x5	12.71	6.20	segdup_CYP11B1_vcf.vcf-sv-stats	1	1	0	0.8024	1.6e-05	0.0004457777777777778	3.611111111111111e-05
OBS15	E1	prod-cand-1703-hg002-bjuice-v2-multiau-20260814T114522Z	5x5	HG002-vqs89p8gahfwf9	E1:5x5	12.71	6.20	segdup_CYP2A6_vcf.vcf-sv-stats	1	1	0	0.7868	1.6e-05	0.00043711111111111115	3.611111111111111e-05
OBS15	E1	prod-cand-1703-hg002-bjuice-v2-multiau-20260814T114522Z	5x5	HG002-vqs89p8gahfwf9	E1:5x5	12.71	6.20	segdup_CYP2B6_vcf.vcf-sv-stats	1	1	0	0.8004	1.6e-05	0.00044466666666666667	3.3333333333333335e-05
OBS15	E1	prod-cand-1703-hg002-bjuice-v2-multiau-20260814T114522Z	5x5	HG002-vqs89p8gahfwf9	E1:5x5	12.71	6.20	segdup_CYP2D6_vcf.vcf-sv-stats	1	1	0	0.9155	1.8e-05	0.000508611111111111	2.777777777777778e-05
OBS15	E1	prod-cand-1703-hg002-bjuice-v2-multiau-20260814T114522Z	5x5	HG002-vqs89p8gahfwf9	E1:5x5	12.71	6.20	segdup_GBA1_vcf.vcf-sv-stats	1	1	0	0.8028	1.6e-05	0.000446	3.611111111111111e-05
OBS15	E1	prod-cand-1703-hg002-bjuice-v2-multiau-20260814T114522Z	5x5	HG002-vqs89p8gahfwf9	E1:5x5	12.71	6.20	segdup_HBA_vcf.vcf-sv-stats	1	1	0	0.8052	1.6e-05	0.00044733333333333333	3.3333333333333335e-05
OBS15	E1	prod-cand-1703-hg002-bjuice-v2-multiau-20260814T114522Z	5x5	HG002-vqs89p8gahfwf9	E1:5x5	12.71	6.20	segdup_NCF1_vcf.vcf-sv-stats	1	1	0	0.8003	1.6e-05	0.0004446111111111111	3.611111111111111e-05
OBS15	E1	prod-cand-1703-hg002-bjuice-v2-multiau-20260814T114522Z	5x5	HG002-vqs89p8gahfwf9	E1:5x5	12.71	6.20	segdup_OTOA_vcf.vcf-sv-stats	1	1	0	0.8098	1.6e-05	0.0004498888888888889	3.3333333333333335e-05
OBS15	E1	prod-cand-1703-hg002-bjuice-v2-multiau-20260814T114522Z	5x5	HG002-vqs89p8gahfwf9	E1:5x5	12.71	6.20	segdup_PMS2_vcf.vcf-sv-stats	1	1	0	0.7991	1.6e-05	0.00044394444444444445	3.3333333333333335e-05
OBS15	E1	prod-cand-1703-hg002-bjuice-v2-multiau-20260814T114522Z	5x5	HG002-vqs89p8gahfwf9	E1:5x5	12.71	6.20	segdup_RCCX1_vcf.vcf-sv-stats	1	1	0	0.7877	1.6e-05	0.0004376111111111111	3.3333333333333335e-05
OBS15	E1	prod-cand-1703-hg002-bjuice-v2-multiau-20260814T114522Z	5x5	HG002-vqs89p8gahfwf9	E1:5x5	12.71	6.20	segdup_RHD_vcf.vcf-sv-stats	1	1	0	0.7693	1.5e-05	0.0004273888888888889	3.888888888888889e-05
OBS15	E1	prod-cand-1703-hg002-bjuice-v2-multiau-20260814T114522Z	5x5	HG002-vqs89p8gahfwf9	E1:5x5	12.71	6.20	segdup_SBDS_vcf.vcf-sv-stats	1	1	0	0.7805	1.5e-05	0.0004336111111111111	3.888888888888889e-05
OBS15	E1	prod-cand-1703-hg002-bjuice-v2-multiau-20260814T114522Z	5x5	HG002-vqs89p8gahfwf9	E1:5x5	12.71	6.20	segdup_SMN1_vcf.vcf-sv-stats	1	1	0	0.8352	1.6e-05	0.000464	3.0555555555555554e-05
OBS15	E1	prod-cand-1703-hg002-bjuice-v2-multiau-20260814T114522Z	5x5	HG002-vqs89p8gahfwf9	E1:5x5	12.71	6.20	segdup_STRC_vcf.vcf-sv-stats	1	1	0	0.7871	1.6e-05	0.0004372777777777778	3.611111111111111e-05
OBS15	E1	prod-cand-1703-hg002-bjuice-v2-multiau-20260814T114522Z	5x5	HG002-vqs89p8gahfwf9	E1:5x5	12.71	6.20	sentdhiomr2.command-manifest	1	1	0	1.0249	0.001381	0.036440888888888884	5.555555555555556e-06
OBS15	E1	prod-cand-1703-hg002-bjuice-v2-multiau-20260814T114522Z	5x5	HG002-vqs89p8gahfwf9	E1:5x5	12.71	6.20	sentdhiomr2.five-chromosome-hard-vcf	1	1	0	71.8871	0.090863	2.555985777777778	0.012394444444444444
OBS15	E1	prod-cand-1703-hg002-bjuice-v2-multiau-20260814T114522Z	5x5	HG002-vqs89p8gahfwf9	E1:5x5	12.71	6.20	sentdhiomr2.hybrid-cli172i-core	1	1	0	4623.0177	5.843323	164.37396266666667	0.0017166666666666667
OBS15	E1	prod-cand-1703-hg002-bjuice-v2-multiau-20260814T114522Z	5x5	HG002-vqs89p8gahfwf9	E1:5x5	12.71	6.20	sentdhiomr2.hybrid-cli172i-finalize-1	1	1	0	142.3737	0.005624	0.15819300000000003	0.007913888888888889
OBS15	E1	prod-cand-1703-hg002-bjuice-v2-multiau-20260814T114522Z	5x5	HG002-vqs89p8gahfwf9	E1:5x5	12.71	6.20	sentdhiomr2.hybrid-cli172i-finalize-10	1	1	0	88.2983	0.003488	0.09810922222222222	0.002347222222222222
OBS15	E1	prod-cand-1703-hg002-bjuice-v2-multiau-20260814T114522Z	5x5	HG002-vqs89p8gahfwf9	E1:5x5	12.71	6.20	sentdhiomr2.hybrid-cli172i-finalize-11	1	1	0	89.0718	0.003518	0.09896866666666666	0.002127777777777778
OBS15	E1	prod-cand-1703-hg002-bjuice-v2-multiau-20260814T114522Z	5x5	HG002-vqs89p8gahfwf9	E1:5x5	12.71	6.20	sentdhiomr2.hybrid-cli172i-finalize-12	1	1	0	95.32	0.003765	0.10591111111111111	0.0004027777777777778
OBS15	E1	prod-cand-1703-hg002-bjuice-v2-multiau-20260814T114522Z	5x5	HG002-vqs89p8gahfwf9	E1:5x5	12.71	6.20	sentdhiomr2.hybrid-cli172i-finalize-13	1	1	0	69.3772	0.00274	0.07708577777777778	0.008077777777777777
OBS15	E1	prod-cand-1703-hg002-bjuice-v2-multiau-20260814T114522Z	5x5	HG002-vqs89p8gahfwf9	E1:5x5	12.71	6.20	sentdhiomr2.hybrid-cli172i-finalize-14	1	1	0	62.1077	0.002453	0.06900855555555556	0.008127777777777779
OBS15	E1	prod-cand-1703-hg002-bjuice-v2-multiau-20260814T114522Z	5x5	HG002-vqs89p8gahfwf9	E1:5x5	12.71	6.20	sentdhiomr2.hybrid-cli172i-finalize-15	1	1	0	54.8899	0.002168	0.060988777777777774	0.001172222222222222
OBS15	E1	prod-cand-1703-hg002-bjuice-v2-multiau-20260814T114522Z	5x5	HG002-vqs89p8gahfwf9	E1:5x5	12.71	6.20	sentdhiomr2.hybrid-cli172i-finalize-16	1	1	0	62.8983	0.002484	0.069887	0.007461111111111111
OBS15	E1	prod-cand-1703-hg002-bjuice-v2-multiau-20260814T114522Z	5x5	HG002-vqs89p8gahfwf9	E1:5x5	12.71	6.20	sentdhiomr2.hybrid-cli172i-finalize-17	1	1	0	61.4924	0.002429	0.0683248888888889	0.007927777777777778
OBS15	E1	prod-cand-1703-hg002-bjuice-v2-multiau-20260814T114522Z	5x5	HG002-vqs89p8gahfwf9	E1:5x5	12.71	6.20	sentdhiomr2.hybrid-cli172i-finalize-18	1	1	0	56.5416	0.002385	0.062824	0.0005638888888888888
OBS15	E1	prod-cand-1703-hg002-bjuice-v2-multiau-20260814T114522Z	5x5	HG002-vqs89p8gahfwf9	E1:5x5	12.71	6.20	sentdhiomr2.hybrid-cli172i-finalize-19	1	1	0	56.6544	0.002238	0.06294933333333333	0.006783333333333334
OBS15	E1	prod-cand-1703-hg002-bjuice-v2-multiau-20260814T114522Z	5x5	HG002-vqs89p8gahfwf9	E1:5x5	12.71	6.20	sentdhiomr2.hybrid-cli172i-finalize-2	1	1	0	125.8987	0.004973	0.13988744444444445	0.0042138888888888885
OBS15	E1	prod-cand-1703-hg002-bjuice-v2-multiau-20260814T114522Z	5x5	HG002-vqs89p8gahfwf9	E1:5x5	12.71	6.20	sentdhiomr2.hybrid-cli172i-finalize-20	1	1	0	46.769	0.001847	0.051965555555555556	0.0026555555555555555
OBS15	E1	prod-cand-1703-hg002-bjuice-v2-multiau-20260814T114522Z	5x5	HG002-vqs89p8gahfwf9	E1:5x5	12.71	6.20	sentdhiomr2.hybrid-cli172i-finalize-21	1	1	0	38.9028	0.001537	0.04322533333333333	0.0011388888888888887
OBS15	E1	prod-cand-1703-hg002-bjuice-v2-multiau-20260814T114522Z	5x5	HG002-vqs89p8gahfwf9	E1:5x5	12.71	6.20	sentdhiomr2.hybrid-cli172i-finalize-22	1	1	0	33.0621	0.001306	0.036735666666666666	0.0030416666666666665
OBS15	E1	prod-cand-1703-hg002-bjuice-v2-multiau-20260814T114522Z	5x5	HG002-vqs89p8gahfwf9	E1:5x5	12.71	6.20	sentdhiomr2.hybrid-cli172i-finalize-23	1	1	0	263.9045	0.010424	0.2932272222222222	0.010883333333333333
OBS15	E1	prod-cand-1703-hg002-bjuice-v2-multiau-20260814T114522Z	5x5	HG002-vqs89p8gahfwf9	E1:5x5	12.71	6.20	sentdhiomr2.hybrid-cli172i-finalize-24	1	1	0	46.6019	0.001841	0.05177988888888889	0.0024527777777777777
OBS15	E1	prod-cand-1703-hg002-bjuice-v2-multiau-20260814T114522Z	5x5	HG002-vqs89p8gahfwf9	E1:5x5	12.71	6.20	sentdhiomr2.hybrid-cli172i-finalize-25	1	1	0	13.8686	0.000548	0.015409555555555557	8.333333333333334e-06
OBS15	E1	prod-cand-1703-hg002-bjuice-v2-multiau-20260814T114522Z	5x5	HG002-vqs89p8gahfwf9	E1:5x5	12.71	6.20	sentdhiomr2.hybrid-cli172i-finalize-3	1	1	0	132.2554	0.005224	0.14695044444444447	0.0014916666666666667
OBS15	E1	prod-cand-1703-hg002-bjuice-v2-multiau-20260814T114522Z	5x5	HG002-vqs89p8gahfwf9	E1:5x5	12.71	6.20	sentdhiomr2.hybrid-cli172i-finalize-4	1	1	0	119.76	0.00473	0.13306666666666667	0.004483333333333333
OBS15	E1	prod-cand-1703-hg002-bjuice-v2-multiau-20260814T114522Z	5x5	HG002-vqs89p8gahfwf9	E1:5x5	12.71	6.20	sentdhiomr2.hybrid-cli172i-finalize-5	1	1	0	117.9127	0.004657	0.1310141111111111	0.006422222222222222
OBS15	E1	prod-cand-1703-hg002-bjuice-v2-multiau-20260814T114522Z	5x5	HG002-vqs89p8gahfwf9	E1:5x5	12.71	6.20	sentdhiomr2.hybrid-cli172i-finalize-6	1	1	0	102.9548	0.004067	0.11439422222222223	0.01599722222222222
OBS15	E1	prod-cand-1703-hg002-bjuice-v2-multiau-20260814T114522Z	5x5	HG002-vqs89p8gahfwf9	E1:5x5	12.71	6.20	sentdhiomr2.hybrid-cli172i-finalize-7	1	1	0	99.8286	0.003943	0.11092066666666667	0.00039166666666666663
OBS15	E1	prod-cand-1703-hg002-bjuice-v2-multiau-20260814T114522Z	5x5	HG002-vqs89p8gahfwf9	E1:5x5	12.71	6.20	sentdhiomr2.hybrid-cli172i-finalize-8	1	1	0	85.6241	0.003382	0.09513788888888888	0.003511111111111111
OBS15	E1	prod-cand-1703-hg002-bjuice-v2-multiau-20260814T114522Z	5x5	HG002-vqs89p8gahfwf9	E1:5x5	12.71	6.20	sentdhiomr2.hybrid-cli172i-finalize-9	1	1	0	86.4265	0.003414	0.09602944444444445	0.0025111111111111107
OBS15	E1	prod-cand-1703-hg002-bjuice-v2-multiau-20260814T114522Z	5x5	HG002-vqs89p8gahfwf9	E1:5x5	12.71	6.20	sentdhiomr2.hybrid-cli172i-gather	1	1	0	137.5777	0.010868	0.3057282222222222	0.000375
OBS15	E1	prod-cand-1703-hg002-bjuice-v2-multiau-20260814T114522Z	5x5	HG002-vqs89p8gahfwf9	E1:5x5	12.71	6.20	sentdhiomr2.inflection-analytical-ancillary	1	1	0	1.983	0.002507	0.07050666666666668	2.4999999999999998e-05
OBS15	E1	prod-cand-1703-hg002-bjuice-v2-multiau-20260814T114522Z	5x5	HG002-vqs89p8gahfwf9	E1:5x5	12.71	6.20	sentdhiomr2.inflection-analytical.prod-cand-1703-hg002-bjuice-v2-multiau-20260814T114522Z	1	1	0	1062.7488	1.4317	37.786624	0.09942222222222223
OBS15	E1	prod-cand-1703-hg002-bjuice-v2-multiau-20260814T114522Z	5x5	HG002-vqs89p8gahfwf9	E1:5x5	12.71	6.20	sentdhiomr2.inflection-multiqc-stage	1	1	0	47.287	0.000375	0.013135277777777777	0.012358333333333334
OBS15	E1	prod-cand-1703-hg002-bjuice-v2-multiau-20260814T114522Z	5x5	HG002-vqs89p8gahfwf9	E1:5x5	12.71	6.20	sentdhiomr2.inflection-multiqc	1	1	0	35.9618	0.000378	0.009989388888888888	0.004016666666666667
OBS15	E1	prod-cand-1703-hg002-bjuice-v2-multiau-20260814T114522Z	5x5	HG002-vqs89p8gahfwf9	E1:5x5	12.71	6.20	sentdhiomr2.mito	1	1	0	98.2351	0.138613	3.4928035555555557	0.015975
OBS15	E1	prod-cand-1703-hg002-bjuice-v2-multiau-20260814T114522Z	5x5	HG002-vqs89p8gahfwf9	E1:5x5	12.71	6.20	sentdhiomr2.normalize-smn12	1	1	0	0.6853	5e-06	0.00019036111111111112	1.6666666666666667e-05
OBS15	E1	prod-cand-1703-hg002-bjuice-v2-multiau-20260814T114522Z	5x5	HG002-vqs89p8gahfwf9	E1:5x5	12.71	6.20	sentdhiomr2.roh_upd	1	1	0	153.932	0.207777	5.473137777777778	0.04098888888888889
OBS15	E1	prod-cand-1703-hg002-bjuice-v2-multiau-20260814T114522Z	5x5	HG002-vqs89p8gahfwf9	E1:5x5	12.71	6.20	sentdhiomr2.rsr-publish	1	1	0	13.275	0.000105	0.0036875000000000002	0.001961111111111111
OBS15	E1	prod-cand-1703-hg002-bjuice-v2-multiau-20260814T114522Z	5x5	HG002-vqs89p8gahfwf9	E1:5x5	12.71	6.20	sentdhiomr2.scope	1	1	0	0.7814	6e-06	0.00021705555555555554	2.777777777777778e-06
OBS15	E1	prod-cand-1703-hg002-bjuice-v2-multiau-20260814T114522Z	5x5	HG002-vqs89p8gahfwf9	E1:5x5	12.71	6.20	sentdhiomr2.segdup.CFH	1	1	0	483.3072	0.502478	17.184256	0.03531388888888889
OBS15	E1	prod-cand-1703-hg002-bjuice-v2-multiau-20260814T114522Z	5x5	HG002-vqs89p8gahfwf9	E1:5x5	12.71	6.20	sentdhiomr2.segdup.CYP11B1	1	1	0	366.726	0.495005	13.039146666666667	0.020794444444444445
OBS15	E1	prod-cand-1703-hg002-bjuice-v2-multiau-20260814T114522Z	5x5	HG002-vqs89p8gahfwf9	E1:5x5	12.71	6.20	sentdhiomr2.segdup.CYP2A6	1	1	0	308.1014	0.415874	10.954716444444445	0.008705555555555555
OBS15	E1	prod-cand-1703-hg002-bjuice-v2-multiau-20260814T114522Z	5x5	HG002-vqs89p8gahfwf9	E1:5x5	12.71	6.20	sentdhiomr2.segdup.CYP2B6	1	1	0	361.396	0.27432	12.849635555555556	0.019141666666666664
OBS15	E1	prod-cand-1703-hg002-bjuice-v2-multiau-20260814T114522Z	5x5	HG002-vqs89p8gahfwf9	E1:5x5	12.71	6.20	sentdhiomr2.segdup.CYP2D6	1	1	0	312.7748	0.237413	11.120881777777779	0.017363888888888887
OBS15	E1	prod-cand-1703-hg002-bjuice-v2-multiau-20260814T114522Z	5x5	HG002-vqs89p8gahfwf9	E1:5x5	12.71	6.20	sentdhiomr2.segdup.GBA	1	1	0	436.9913	0.549747	15.537468444444444	0.05821944444444445
OBS15	E1	prod-cand-1703-hg002-bjuice-v2-multiau-20260814T114522Z	5x5	HG002-vqs89p8gahfwf9	E1:5x5	12.71	6.20	sentdhiomr2.segdup.HBA	1	1	0	328.2511	0.412949	11.671150222222222	0.01391388888888889
OBS15	E1	prod-cand-1703-hg002-bjuice-v2-multiau-20260814T114522Z	5x5	HG002-vqs89p8gahfwf9	E1:5x5	12.71	6.20	sentdhiomr2.segdup.IKBKG	1	1	0	328.229	0.443042	11.670364444444443	0.009072222222222221
OBS15	E1	prod-cand-1703-hg002-bjuice-v2-multiau-20260814T114522Z	5x5	HG002-vqs89p8gahfwf9	E1:5x5	12.71	6.20	sentdhiomr2.segdup.LPA	1	1	0	253.4177	0.236016	9.01040711111111	0.06985555555555556
OBS15	E1	prod-cand-1703-hg002-bjuice-v2-multiau-20260814T114522Z	5x5	HG002-vqs89p8gahfwf9	E1:5x5	12.71	6.20	sentdhiomr2.segdup.NCF1	1	1	0	345.4616	0.466303	12.28307911111111	0.03749444444444444
OBS15	E1	prod-cand-1703-hg002-bjuice-v2-multiau-20260814T114522Z	5x5	HG002-vqs89p8gahfwf9	E1:5x5	12.71	6.20	sentdhiomr2.segdup.OTOA	1	1	0	332.8394	0.418721	11.834289777777778	0.014666666666666666
OBS15	E1	prod-cand-1703-hg002-bjuice-v2-multiau-20260814T114522Z	5x5	HG002-vqs89p8gahfwf9	E1:5x5	12.71	6.20	sentdhiomr2.segdup.PMS2	1	1	0	388.5485	0.403961	13.815057777777778	0.017880555555555556
OBS15	E1	prod-cand-1703-hg002-bjuice-v2-multiau-20260814T114522Z	5x5	HG002-vqs89p8gahfwf9	E1:5x5	12.71	6.20	sentdhiomr2.segdup.RCCX	1	1	0	381.8699	0.515447	13.577596444444444	9.999999999999999e-05
OBS15	E1	prod-cand-1703-hg002-bjuice-v2-multiau-20260814T114522Z	5x5	HG002-vqs89p8gahfwf9	E1:5x5	12.71	6.20	sentdhiomr2.segdup.RH	1	1	0	471.9322	0.358223	16.779811555555558	2.2222222222222223e-05
OBS15	E1	prod-cand-1703-hg002-bjuice-v2-multiau-20260814T114522Z	5x5	HG002-vqs89p8gahfwf9	E1:5x5	12.71	6.20	sentdhiomr2.segdup.SBDS	1	1	0	364.1292	0.460246	12.946816	0.05112222222222222
OBS15	E1	prod-cand-1703-hg002-bjuice-v2-multiau-20260814T114522Z	5x5	HG002-vqs89p8gahfwf9	E1:5x5	12.71	6.20	sentdhiomr2.segdup.SMN1	1	1	0	456.8345	0.64461	16.243004444444445	0.018330555555555555
OBS15	E1	prod-cand-1703-hg002-bjuice-v2-multiau-20260814T114522Z	5x5	HG002-vqs89p8gahfwf9	E1:5x5	12.71	6.20	sentdhiomr2.segdup.STRC	1	1	0	325.8229	0.30345	11.584814222222223	0.01656388888888889
OBS15	E1	prod-cand-1703-hg002-bjuice-v2-multiau-20260814T114522Z	5x5	HG002-vqs89p8gahfwf9	E1:5x5	12.71	6.20	sentdhiomr2.slim-longreadsv-normalize	1	1	0	2.3801	0.000752	0.021156444444444446	0.0006055555555555556
OBS15	E1	prod-cand-1703-hg002-bjuice-v2-multiau-20260814T114522Z	5x5	HG002-vqs89p8gahfwf9	E1:5x5	12.71	6.20	sentdhiomr2.slim-sniffles2-normalize	1	1	0	2.2987	0.000726	0.02043288888888889	2.777777777777778e-06
OBS15	E1	prod-cand-1703-hg002-bjuice-v2-multiau-20260814T114522Z	5x5	HG002-vqs89p8gahfwf9	E1:5x5	12.71	6.20	sentdhiomr2.slim-tag-cnv	1	1	0	25.431	0.008565	0.22605333333333333	0.0036000000000000003
OBS15	E1	prod-cand-1703-hg002-bjuice-v2-multiau-20260814T114522Z	5x5	HG002-vqs89p8gahfwf9	E1:5x5	12.71	6.20	sentdhiomr2.slim-tag-sv	1	1	0	764.6821	0.241632	6.797174222222222	0.20417222222222223
OBS15	E1	prod-cand-1703-hg002-bjuice-v2-multiau-20260814T114522Z	5x5	HG002-vqs89p8gahfwf9	E1:5x5	12.71	6.20	sentdhiomr2.slim-tiddit-normalize	1	1	0	6.1336	0.002148	0.05452088888888889	0.0002777777777777778
OBS15	E1	prod-cand-1703-hg002-bjuice-v2-multiau-20260814T114522Z	5x5	HG002-vqs89p8gahfwf9	E1:5x5	12.71	6.20	sentdhiomr2.slim-tiddit-repair	1	1	0	1.6099	0.000564	0.014310222222222222	5.555555555555556e-06
OBS15	E1	prod-cand-1703-hg002-bjuice-v2-multiau-20260814T114522Z	5x5	HG002-vqs89p8gahfwf9	E1:5x5	12.71	6.20	sentdhiomr2.slim-trussv	1	1	0	5.9426	0.001878	0.052823111111111105	0.0004583333333333333
OBS15	E1	prod-cand-1703-hg002-bjuice-v2-multiau-20260814T114522Z	5x5	HG002-vqs89p8gahfwf9	E1:5x5	12.71	6.20	sentdhiomr2.slim-truvari-aggregate	1	1	0	0.2454	2e-06	6.816666666666667e-05	0.0
OBS15	E1	prod-cand-1703-hg002-bjuice-v2-multiau-20260814T114522Z	5x5	HG002-vqs89p8gahfwf9	E1:5x5	12.71	6.20	sentdhiomr2.slim-truvari-longreadsv	1	1	0	163.3193	0.051607	1.4517271111111112	0.03756388888888888
OBS15	E1	prod-cand-1703-hg002-bjuice-v2-multiau-20260814T114522Z	5x5	HG002-vqs89p8gahfwf9	E1:5x5	12.71	6.20	sentdhiomr2.slim-truvari-sniffles2	1	1	0	161.9972	0.054666	1.439975111111111	0.03761944444444445
OBS15	E1	prod-cand-1703-hg002-bjuice-v2-multiau-20260814T114522Z	5x5	HG002-vqs89p8gahfwf9	E1:5x5	12.71	6.20	sentdhiomr2.slim-truvari-tagged_trussv	1	1	0	172.5346	0.054413	1.533640888888889	0.044969444444444444
OBS15	E1	prod-cand-1703-hg002-bjuice-v2-multiau-20260814T114522Z	5x5	HG002-vqs89p8gahfwf9	E1:5x5	12.71	6.20	sentdhiomr2.slim-truvari-tiddit	1	1	0	192.121	0.067293	1.7077422222222223	0.04643888888888889
OBS15	E1	prod-cand-1703-hg002-bjuice-v2-multiau-20260814T114522Z	5x5	HG002-vqs89p8gahfwf9	E1:5x5	12.71	6.20	sentdhiomr2.sniffles2	1	1	0	46.7888	0.063155	1.6636017777777778	0.003572222222222222
OBS15	E1	prod-cand-1703-hg002-bjuice-v2-multiau-20260814T114522Z	5x5	HG002-vqs89p8gahfwf9	E1:5x5	12.71	6.20	sentdhiomr2.sr-prepare	1	1	0	2063.7001	4.178362	110.06400533333334	0.0005416666666666666
OBS15	E1	prod-cand-1703-hg002-bjuice-v2-multiau-20260814T114522Z	5x5	HG002-vqs89p8gahfwf9	E1:5x5	12.71	6.20	sentdhiomr2.terminal-hybrid-validate	1	1	0	178.0495	0.225048	6.330648888888889	0.04034722222222222
OBS15	E1	prod-cand-1703-hg002-bjuice-v2-multiau-20260814T114522Z	5x5	HG002-vqs89p8gahfwf9	E1:5x5	12.71	6.20	sentdhiomr2.tiddit	1	1	0	1294.5913	1.747435	46.02991288888889	0.5659694444444444
OBS15	E1	prod-cand-1703-hg002-bjuice-v2-multiau-20260814T114522Z	5x5	HG002-vqs89p8gahfwf9	E1:5x5	12.71	6.20	sentdhiomr2.tiddit.sort	1	1	0	1.1911	0.001669	0.04235022222222223	0.0
OBS15	E1	prod-cand-1703-hg002-bjuice-v2-multiau-20260814T114522Z	5x5	HG002-vqs89p8gahfwf9	E1:5x5	12.71	6.20	sentdhiomr2lr.na.alignstats	1	1	0	93.6999	0.003952	0.104111	0.06051111111111111
OBS15	E1	prod-cand-1703-hg002-bjuice-v2-multiau-20260814T114522Z	5x5	HG002-vqs89p8gahfwf9	E1:5x5	12.71	6.20	sentdhiomr2lr.na.coverage_evenness_two	1	1	0	217.764	0.036742	0.96784	0.660325
OBS15	E1	prod-cand-1703-hg002-bjuice-v2-multiau-20260814T114522Z	5x5	HG002-vqs89p8gahfwf9	E1:5x5	12.71	6.20	sentdhiomr2lr.na.gatk_contam	1	1	0	4.0131	7.9e-05	0.0022294999999999997	0.001663888888888889
OBS15	E1	prod-cand-1703-hg002-bjuice-v2-multiau-20260814T114522Z	5x5	HG002-vqs89p8gahfwf9	E1:5x5	12.71	6.20	sentdhiomr2lr.na.goleft	1	1	0	1.2215	2.6e-05	0.0006786111111111112	0.00021666666666666668
OBS15	E1	prod-cand-1703-hg002-bjuice-v2-multiau-20260814T114522Z	5x5	HG002-vqs89p8gahfwf9	E1:5x5	12.71	6.20	sentdhiomr2lr.na.infer_sex_complement	1	1	0	0.7551	7e-06	0.00020975	8.333333333333334e-06
OBS15	E1	prod-cand-1703-hg002-bjuice-v2-multiau-20260814T114522Z	5x5	HG002-vqs89p8gahfwf9	E1:5x5	12.71	6.20	sentdhiomr2lr.na.mosdepth	1	1	0	104.7157	0.004136	0.11635077777777778	0.026119444444444445
OBS15	E1	prod-cand-1703-hg002-bjuice-v2-multiau-20260814T114522Z	5x5	HG002-vqs89p8gahfwf9	E1:5x5	12.71	6.20	sentdhiomr2lr.na.norm_cov_eveness	1	1	0	400.4417	0.015817	0.44493522222222226	0.002063888888888889
OBS15	E1	prod-cand-1703-hg002-bjuice-v2-multiau-20260814T114522Z	5x5	HG002-vqs89p8gahfwf9	E1:5x5	12.71	6.20	sentdhiomr2lr.na.p.ganon2_multiqc_log	1	1	0	0.0488	0.0	1.3555555555555557e-05	0.0
OBS15	E1	prod-cand-1703-hg002-bjuice-v2-multiau-20260814T114522Z	5x5	HG002-vqs89p8gahfwf9	E1:5x5	12.71	6.20	sentdhiomr2lr.na.p.unmapped_metagenomics_ganon2_quick	1	1	0	34.135	0.046075	1.2136888888888888	0.0011333333333333334
OBS15	E1	prod-cand-1703-hg002-bjuice-v2-multiau-20260814T114522Z	5x5	HG002-vqs89p8gahfwf9	E1:5x5	12.71	6.20	sentdhiomr2lr.na.samt	1	1	0	274.7761	0.01159	0.30530677777777776	0.11600555555555556
OBS15	E1	prod-cand-1703-hg002-bjuice-v2-multiau-20260814T114522Z	5x5	HG002-vqs89p8gahfwf9	E1:5x5	12.71	6.20	sentdhiomr2lr.na.sex_complement_somalier_metrics	1	1	0	0.6836	1.4e-05	0.00037977777777777776	0.00014444444444444444
OBS15	E1	prod-cand-1703-hg002-bjuice-v2-multiau-20260814T114522Z	5x5	HG002-vqs89p8gahfwf9	E1:5x5	12.71	6.20	sentdhiomr2lr.na.site_mix_contam	1	1	0	8.8365	8.7e-05	0.002454583333333333	0.0021888888888888887
OBS15	E1	prod-cand-1703-hg002-bjuice-v2-multiau-20260814T114522Z	5x5	HG002-vqs89p8gahfwf9	E1:5x5	12.71	6.20	sentdhiomr2lr.na.site_mix_contam_pileups	1	1	0	902.3333	0.035641	1.0025925555555555	0.25193611111111114
OBS15	E1	prod-cand-1703-hg002-bjuice-v2-multiau-20260814T114522Z	5x5	HG002-vqs89p8gahfwf9	E1:5x5	12.71	6.20	sentdhiomr2rsr.na.alignstats	1	1	0	250.6343	0.0099	0.27848255555555557	0.11663333333333334
OBS15	E1	prod-cand-1703-hg002-bjuice-v2-multiau-20260814T114522Z	5x5	HG002-vqs89p8gahfwf9	E1:5x5	12.71	6.20	sentdhiomr2rsr.na.coverage_evenness_two	1	1	0	232.8016	0.036782	1.034673777777778	0.5734083333333333
OBS15	E1	prod-cand-1703-hg002-bjuice-v2-multiau-20260814T114522Z	5x5	HG002-vqs89p8gahfwf9	E1:5x5	12.71	6.20	sentdhiomr2rsr.na.gatk_contam	1	1	0	9.0059	0.00019	0.005003277777777778	1.388888888888889e-05
OBS15	E1	prod-cand-1703-hg002-bjuice-v2-multiau-20260814T114522Z	5x5	HG002-vqs89p8gahfwf9	E1:5x5	12.71	6.20	sentdhiomr2rsr.na.goleft	1	1	0	1.5952	3.2e-05	0.0008862222222222222	0.00019722222222222222
OBS15	E1	prod-cand-1703-hg002-bjuice-v2-multiau-20260814T114522Z	5x5	HG002-vqs89p8gahfwf9	E1:5x5	12.71	6.20	sentdhiomr2rsr.na.infer_sex_complement	1	1	0	0.7346	7e-06	0.00020405555555555558	5.555555555555556e-06
OBS15	E1	prod-cand-1703-hg002-bjuice-v2-multiau-20260814T114522Z	5x5	HG002-vqs89p8gahfwf9	E1:5x5	12.71	6.20	sentdhiomr2rsr.na.mosdepth	1	1	0	106.869	0.004221	0.11874333333333334	0.04048888888888889
OBS15	E1	prod-cand-1703-hg002-bjuice-v2-multiau-20260814T114522Z	5x5	HG002-vqs89p8gahfwf9	E1:5x5	12.71	6.20	sentdhiomr2rsr.na.norm_cov_eveness	1	1	0	513.594	0.020286	0.5706600000000001	0.000725
OBS15	E1	prod-cand-1703-hg002-bjuice-v2-multiau-20260814T114522Z	5x5	HG002-vqs89p8gahfwf9	E1:5x5	12.71	6.20	sentdhiomr2rsr.na.p.ganon2_multiqc_log	1	1	0	0.0536	0.0	1.488888888888889e-05	0.0
OBS15	E1	prod-cand-1703-hg002-bjuice-v2-multiau-20260814T114522Z	5x5	HG002-vqs89p8gahfwf9	E1:5x5	12.71	6.20	sentdhiomr2rsr.na.p.unmapped_metagenomics_ganon2_quick	1	1	0	336.5835	0.425429	11.967413333333333	0.02288888888888889
OBS15	E1	prod-cand-1703-hg002-bjuice-v2-multiau-20260814T114522Z	5x5	HG002-vqs89p8gahfwf9	E1:5x5	12.71	6.20	sentdhiomr2rsr.na.samt	1	1	0	362.332	0.014312	0.4025911111111111	0.005683333333333334
OBS15	E1	prod-cand-1703-hg002-bjuice-v2-multiau-20260814T114522Z	5x5	HG002-vqs89p8gahfwf9	E1:5x5	12.71	6.20	sentdhiomr2rsr.na.sex_complement_somalier_metrics	1	1	0	0.6662	1.3e-05	0.0003701111111111111	0.0
OBS15	E1	prod-cand-1703-hg002-bjuice-v2-multiau-20260814T114522Z	5x5	HG002-vqs89p8gahfwf9	E1:5x5	12.71	6.20	sentdhiomr2rsr.na.site_mix_contam	1	1	0	27.7432	0.000292	0.007706444444444445	0.0038027777777777778
OBS15	E1	prod-cand-1703-hg002-bjuice-v2-multiau-20260814T114522Z	5x5	HG002-vqs89p8gahfwf9	E1:5x5	12.71	6.20	sentdhiomr2rsr.na.site_mix_contam_pileups	1	1	0	921.2364	0.036388	1.023596	0.18565
OBS15	E1	prod-cand-1703-hg002-bjuice-v2-multiau-20260814T114522Z	5x5	HG002-vqs89p8gahfwf9	E1:5x5	12.71	6.20	sentdhiomr2sr.smd.alignstats	1	1	0	899.5247	0.03553	0.9994718888888889	0.5409194444444444
OBS15	E1	prod-cand-1703-hg002-bjuice-v2-multiau-20260814T114522Z	5x5	HG002-vqs89p8gahfwf9	E1:5x5	12.71	6.20	sentdhiomr2sr.smd.coverage_evenness_two	1	1	0	384.9205	0.064946	1.7107577777777778	0.6747416666666667
OBS15	E1	prod-cand-1703-hg002-bjuice-v2-multiau-20260814T114522Z	5x5	HG002-vqs89p8gahfwf9	E1:5x5	12.71	6.20	sentdhiomr2sr.smd.gatk_contam	1	1	0	16.1746	0.000319	0.00898588888888889	0.005416666666666667
OBS15	E1	prod-cand-1703-hg002-bjuice-v2-multiau-20260814T114522Z	5x5	HG002-vqs89p8gahfwf9	E1:5x5	12.71	6.20	sentdhiomr2sr.smd.goleft	1	1	0	1.3819	2.9e-05	0.0007677222222222222	0.00022777777777777775
OBS15	E1	prod-cand-1703-hg002-bjuice-v2-multiau-20260814T114522Z	5x5	HG002-vqs89p8gahfwf9	E1:5x5	12.71	6.20	sentdhiomr2sr.smd.infer_sex_complement	1	1	0	0.7871	9e-06	0.0002186388888888889	5.555555555555556e-06
OBS15	E1	prod-cand-1703-hg002-bjuice-v2-multiau-20260814T114522Z	5x5	HG002-vqs89p8gahfwf9	E1:5x5	12.71	6.20	sentdhiomr2sr.smd.mosdepth	1	1	0	185.3833	0.007322	0.20598144444444444	0.0977861111111111
OBS15	E1	prod-cand-1703-hg002-bjuice-v2-multiau-20260814T114522Z	5x5	HG002-vqs89p8gahfwf9	E1:5x5	12.71	6.20	sentdhiomr2sr.smd.norm_cov_eveness	1	1	0	614.5485	0.024274	0.6828316666666666	0.0033583333333333334
OBS15	E1	prod-cand-1703-hg002-bjuice-v2-multiau-20260814T114522Z	5x5	HG002-vqs89p8gahfwf9	E1:5x5	12.71	6.20	sentdhiomr2sr.smd.p.ganon2_multiqc_log	1	1	0	0.0498	0.0	1.3833333333333332e-05	0.0
OBS15	E1	prod-cand-1703-hg002-bjuice-v2-multiau-20260814T114522Z	5x5	HG002-vqs89p8gahfwf9	E1:5x5	12.71	6.20	sentdhiomr2sr.smd.p.unmapped_metagenomics_ganon2_quick	1	1	0	2684.0424	3.760492	95.43261866666666	0.36173333333333335
OBS15	E1	prod-cand-1703-hg002-bjuice-v2-multiau-20260814T114522Z	5x5	HG002-vqs89p8gahfwf9	E1:5x5	12.71	6.20	sentdhiomr2sr.smd.samt	1	1	0	1395.8833	0.055136	1.5509814444444443	0.007716666666666667
OBS15	E1	prod-cand-1703-hg002-bjuice-v2-multiau-20260814T114522Z	5x5	HG002-vqs89p8gahfwf9	E1:5x5	12.71	6.20	sentdhiomr2sr.smd.sex_complement_somalier_metrics	1	1	0	0.6906	1.5e-05	0.00038366666666666665	0.0
OBS15	E1	prod-cand-1703-hg002-bjuice-v2-multiau-20260814T114522Z	5x5	HG002-vqs89p8gahfwf9	E1:5x5	12.71	6.20	sentdhiomr2sr.smd.site_mix_contam	1	1	0	34.5593	0.000341	0.009599805555555556	0.004227777777777778
OBS15	E1	prod-cand-1703-hg002-bjuice-v2-multiau-20260814T114522Z	5x5	HG002-vqs89p8gahfwf9	E1:5x5	12.71	6.20	sentdhiomr2sr.smd.site_mix_contam_pileups	1	1	0	2802.612	0.118217	3.1140133333333333	0.7787861111111112
OBS15	E1	prod-cand-1703-hg002-bjuice-v2-multiau-20260814T114522Z	5x5	HG002-vqs89p8gahfwf9	E1:5x5	12.71	6.20	sentmm2ont.na.expansionhunter	1	1	0	353.2564	0.041125	1.5700284444444443	1.316847222222222
OBS15	E1	prod-cand-1703-hg002-bjuice-v2-multiau-20260814T114522Z	5x5	HG002-vqs89p8gahfwf9	E1:5x5	12.71	6.20	sentmm2ont.na.expansionhunter_json_to_tsv	1	1	0	0.7914	9e-06	0.00021983333333333333	5.555555555555556e-06
OBS15	E1	prod-cand-1703-hg002-bjuice-v2-multiau-20260814T114522Z	5x5	HG002-vqs89p8gahfwf9	E1:5x5	12.71	6.20	sentmm2ont.na.sentdhiomr2.altair-v1.1.parse_vcfeval_summary	1	1	0	9.4938	0.000187	0.005274333333333333	5.277777777777778e-05
OBS15	E1	prod-cand-1703-hg002-bjuice-v2-multiau-20260814T114522Z	5x5	HG002-vqs89p8gahfwf9	E1:5x5	12.71	6.20	sentmm2ont.na.sentdhiomr2.altair-v1.1.rtg_vcfeval	1	1	0	65.4269	0.010337	0.2907862222222222	0.06052777777777778
OBS15	E1	prod-cand-1703-hg002-bjuice-v2-multiau-20260814T114522Z	5x5	HG002-vqs89p8gahfwf9	E1:5x5	12.71	6.20	sentmm2ont.na.sentdhiomr2.bcfstat	1	1	0	15.2633	0.000904	0.02543883333333333	0.004691666666666667
OBS15	E1	prod-cand-1703-hg002-bjuice-v2-multiau-20260814T114522Z	5x5	HG002-vqs89p8gahfwf9	E1:5x5	12.71	6.20	sentmm2ont.na.sentdhiomr2.chr1.vep	1	1	0	549.4932	0.021662	0.610548	0.011875
OBS15	E1	prod-cand-1703-hg002-bjuice-v2-multiau-20260814T114522Z	5x5	HG002-vqs89p8gahfwf9	E1:5x5	12.71	6.20	sentmm2ont.na.sentdhiomr2.chr1.vep_input	1	1	0	4.4041	4.3e-05	0.001223361111111111	0.0008916666666666667
OBS15	E1	prod-cand-1703-hg002-bjuice-v2-multiau-20260814T114522Z	5x5	HG002-vqs89p8gahfwf9	E1:5x5	12.71	6.20	sentmm2ont.na.sentdhiomr2.chr10.vep	1	1	0	410.5125	0.016215	0.456125	0.00031388888888888883
OBS15	E1	prod-cand-1703-hg002-bjuice-v2-multiau-20260814T114522Z	5x5	HG002-vqs89p8gahfwf9	E1:5x5	12.71	6.20	sentmm2ont.na.sentdhiomr2.chr10.vep_input	1	1	0	2.9529	2.9e-05	0.00082025	1.6666666666666667e-05
OBS15	E1	prod-cand-1703-hg002-bjuice-v2-multiau-20260814T114522Z	5x5	HG002-vqs89p8gahfwf9	E1:5x5	12.71	6.20	sentmm2ont.na.sentdhiomr2.chr11.vep	1	1	0	349.5567	0.013807	0.3883963333333333	0.0003388888888888889
OBS15	E1	prod-cand-1703-hg002-bjuice-v2-multiau-20260814T114522Z	5x5	HG002-vqs89p8gahfwf9	E1:5x5	12.71	6.20	sentmm2ont.na.sentdhiomr2.chr11.vep_input	1	1	0	4.0176	4e-05	0.001116	5.555555555555556e-06
OBS15	E1	prod-cand-1703-hg002-bjuice-v2-multiau-20260814T114522Z	5x5	HG002-vqs89p8gahfwf9	E1:5x5	12.71	6.20	sentmm2ont.na.sentdhiomr2.chr12.vep	1	1	0	364.3861	0.014393	0.40487344444444445	0.0075944444444444445
OBS15	E1	prod-cand-1703-hg002-bjuice-v2-multiau-20260814T114522Z	5x5	HG002-vqs89p8gahfwf9	E1:5x5	12.71	6.20	sentmm2ont.na.sentdhiomr2.chr12.vep_input	1	1	0	3.2481	3.2e-05	0.00090225	0.0005555555555555556
OBS15	E1	prod-cand-1703-hg002-bjuice-v2-multiau-20260814T114522Z	5x5	HG002-vqs89p8gahfwf9	E1:5x5	12.71	6.20	sentmm2ont.na.sentdhiomr2.chr13.vep	1	1	0	246.575	0.009739	0.27397222222222223	0.005611111111111111
OBS15	E1	prod-cand-1703-hg002-bjuice-v2-multiau-20260814T114522Z	5x5	HG002-vqs89p8gahfwf9	E1:5x5	12.71	6.20	sentmm2ont.na.sentdhiomr2.chr13.vep_input	1	1	0	2.5804	2.5e-05	0.0007167777777777778	0.00044444444444444447
OBS15	E1	prod-cand-1703-hg002-bjuice-v2-multiau-20260814T114522Z	5x5	HG002-vqs89p8gahfwf9	E1:5x5	12.71	6.20	sentmm2ont.na.sentdhiomr2.chr14.vep	1	1	0	246.5814	0.00974	0.27397933333333335	0.0039
OBS15	E1	prod-cand-1703-hg002-bjuice-v2-multiau-20260814T114522Z	5x5	HG002-vqs89p8gahfwf9	E1:5x5	12.71	6.20	sentmm2ont.na.sentdhiomr2.chr14.vep_input	1	1	0	2.0918	2.1e-05	0.0005810555555555556	0.0003027777777777778
OBS15	E1	prod-cand-1703-hg002-bjuice-v2-multiau-20260814T114522Z	5x5	HG002-vqs89p8gahfwf9	E1:5x5	12.71	6.20	sentmm2ont.na.sentdhiomr2.chr15.vep	1	1	0	277.5115	0.010961	0.3083461111111111	0.0062833333333333335
OBS15	E1	prod-cand-1703-hg002-bjuice-v2-multiau-20260814T114522Z	5x5	HG002-vqs89p8gahfwf9	E1:5x5	12.71	6.20	sentmm2ont.na.sentdhiomr2.chr15.vep_input	1	1	0	2.9718	2.9e-05	0.0008255	2.777777777777778e-06
OBS15	E1	prod-cand-1703-hg002-bjuice-v2-multiau-20260814T114522Z	5x5	HG002-vqs89p8gahfwf9	E1:5x5	12.71	6.20	sentmm2ont.na.sentdhiomr2.chr16.vep	1	1	0	264.0683	0.01043	0.29340922222222227	0.005175
OBS15	E1	prod-cand-1703-hg002-bjuice-v2-multiau-20260814T114522Z	5x5	HG002-vqs89p8gahfwf9	E1:5x5	12.71	6.20	sentmm2ont.na.sentdhiomr2.chr16.vep_input	1	1	0	2.4454	2.4e-05	0.0006792777777777777	1.388888888888889e-05
OBS15	E1	prod-cand-1703-hg002-bjuice-v2-multiau-20260814T114522Z	5x5	HG002-vqs89p8gahfwf9	E1:5x5	12.71	6.20	sentmm2ont.na.sentdhiomr2.chr17.vep	1	1	0	238.7445	0.00943	0.26527166666666663	0.004566666666666667
OBS15	E1	prod-cand-1703-hg002-bjuice-v2-multiau-20260814T114522Z	5x5	HG002-vqs89p8gahfwf9	E1:5x5	12.71	6.20	sentmm2ont.na.sentdhiomr2.chr17.vep_input	1	1	0	2.7066	2.7e-05	0.0007518333333333333	0.0004166666666666667
OBS15	E1	prod-cand-1703-hg002-bjuice-v2-multiau-20260814T114522Z	5x5	HG002-vqs89p8gahfwf9	E1:5x5	12.71	6.20	sentmm2ont.na.sentdhiomr2.chr18.vep	1	1	0	231.8593	0.009158	0.25762144444444446	0.003191666666666667
OBS15	E1	prod-cand-1703-hg002-bjuice-v2-multiau-20260814T114522Z	5x5	HG002-vqs89p8gahfwf9	E1:5x5	12.71	6.20	sentmm2ont.na.sentdhiomr2.chr18.vep_input	1	1	0	1.9123	1.9e-05	0.0005311944444444445	0.00030833333333333337
OBS15	E1	prod-cand-1703-hg002-bjuice-v2-multiau-20260814T114522Z	5x5	HG002-vqs89p8gahfwf9	E1:5x5	12.71	6.20	sentmm2ont.na.sentdhiomr2.chr19.vep	1	1	0	221.313	0.008742	0.2459033333333333	0.0027222222222222222
OBS15	E1	prod-cand-1703-hg002-bjuice-v2-multiau-20260814T114522Z	5x5	HG002-vqs89p8gahfwf9	E1:5x5	12.71	6.20	sentmm2ont.na.sentdhiomr2.chr19.vep_input	1	1	0	1.9735	1.9e-05	0.0005481944444444445	0.000275
OBS15	E1	prod-cand-1703-hg002-bjuice-v2-multiau-20260814T114522Z	5x5	HG002-vqs89p8gahfwf9	E1:5x5	12.71	6.20	sentmm2ont.na.sentdhiomr2.chr2.vep	1	1	0	690.2635	0.027211	0.7669594444444444	0.012522222222222221
OBS15	E1	prod-cand-1703-hg002-bjuice-v2-multiau-20260814T114522Z	5x5	HG002-vqs89p8gahfwf9	E1:5x5	12.71	6.20	sentmm2ont.na.sentdhiomr2.chr2.vep_input	1	1	0	4.3577	4.3e-05	0.0012104722222222224	0.0008666666666666667
OBS15	E1	prod-cand-1703-hg002-bjuice-v2-multiau-20260814T114522Z	5x5	HG002-vqs89p8gahfwf9	E1:5x5	12.71	6.20	sentmm2ont.na.sentdhiomr2.chr20.vep	1	1	0	155.5829	0.006145	0.17286988888888888	0.00195
OBS15	E1	prod-cand-1703-hg002-bjuice-v2-multiau-20260814T114522Z	5x5	HG002-vqs89p8gahfwf9	E1:5x5	12.71	6.20	sentmm2ont.na.sentdhiomr2.chr20.vep_input	1	1	0	2.0019	2e-05	0.0005560833333333333	0.00028055555555555554
OBS15	E1	prod-cand-1703-hg002-bjuice-v2-multiau-20260814T114522Z	5x5	HG002-vqs89p8gahfwf9	E1:5x5	12.71	6.20	sentmm2ont.na.sentdhiomr2.chr21.vep	1	1	0	176.599	0.006975	0.1962211111111111	0.003408333333333333
OBS15	E1	prod-cand-1703-hg002-bjuice-v2-multiau-20260814T114522Z	5x5	HG002-vqs89p8gahfwf9	E1:5x5	12.71	6.20	sentmm2ont.na.sentdhiomr2.chr21.vep_input	1	1	0	1.467	1.4e-05	0.00040750000000000004	0.0001527777777777778
OBS15	E1	prod-cand-1703-hg002-bjuice-v2-multiau-20260814T114522Z	5x5	HG002-vqs89p8gahfwf9	E1:5x5	12.71	6.20	sentmm2ont.na.sentdhiomr2.chr22.vep	1	1	0	174.4145	0.006889	0.1937938888888889	0.0026083333333333336
OBS15	E1	prod-cand-1703-hg002-bjuice-v2-multiau-20260814T114522Z	5x5	HG002-vqs89p8gahfwf9	E1:5x5	12.71	6.20	sentmm2ont.na.sentdhiomr2.chr22.vep_input	1	1	0	1.2907	1.3e-05	0.00035852777777777776	0.00016666666666666666
OBS15	E1	prod-cand-1703-hg002-bjuice-v2-multiau-20260814T114522Z	5x5	HG002-vqs89p8gahfwf9	E1:5x5	12.71	6.20	sentmm2ont.na.sentdhiomr2.chr3.vep	1	1	0	530.6108	0.020918	0.5895675555555556	0.0005583333333333333
OBS15	E1	prod-cand-1703-hg002-bjuice-v2-multiau-20260814T114522Z	5x5	HG002-vqs89p8gahfwf9	E1:5x5	12.71	6.20	sentmm2ont.na.sentdhiomr2.chr3.vep_input	1	1	0	3.9208	3.9e-05	0.001089111111111111	0.0
OBS15	E1	prod-cand-1703-hg002-bjuice-v2-multiau-20260814T114522Z	5x5	HG002-vqs89p8gahfwf9	E1:5x5	12.71	6.20	sentmm2ont.na.sentdhiomr2.chr4.vep	1	1	0	621.1498	0.024487	0.6901664444444445	0.0006805555555555556
OBS15	E1	prod-cand-1703-hg002-bjuice-v2-multiau-20260814T114522Z	5x5	HG002-vqs89p8gahfwf9	E1:5x5	12.71	6.20	sentmm2ont.na.sentdhiomr2.chr4.vep_input	1	1	0	3.9664	3.9e-05	0.001101777777777778	0.0
OBS15	E1	prod-cand-1703-hg002-bjuice-v2-multiau-20260814T114522Z	5x5	HG002-vqs89p8gahfwf9	E1:5x5	12.71	6.20	sentmm2ont.na.sentdhiomr2.chr5.vep	1	1	0	460.2612	0.018144	0.5114013333333333	0.009194444444444444
OBS15	E1	prod-cand-1703-hg002-bjuice-v2-multiau-20260814T114522Z	5x5	HG002-vqs89p8gahfwf9	E1:5x5	12.71	6.20	sentmm2ont.na.sentdhiomr2.chr5.vep_input	1	1	0	4.7123	4.7e-05	0.0013089722222222222	5.555555555555556e-05
OBS15	E1	prod-cand-1703-hg002-bjuice-v2-multiau-20260814T114522Z	5x5	HG002-vqs89p8gahfwf9	E1:5x5	12.71	6.20	sentmm2ont.na.sentdhiomr2.chr6.vep	1	1	0	573.0497	0.022591	0.6367218888888889	0.009025
OBS15	E1	prod-cand-1703-hg002-bjuice-v2-multiau-20260814T114522Z	5x5	HG002-vqs89p8gahfwf9	E1:5x5	12.71	6.20	sentmm2ont.na.sentdhiomr2.chr6.vep_input	1	1	0	4.6916	4.6e-05	0.0013032222222222223	5.833333333333333e-05
OBS15	E1	prod-cand-1703-hg002-bjuice-v2-multiau-20260814T114522Z	5x5	HG002-vqs89p8gahfwf9	E1:5x5	12.71	6.20	sentmm2ont.na.sentdhiomr2.chr7.vep	1	1	0	466.5036	0.01839	0.5183373333333333	0.009205555555555555
OBS15	E1	prod-cand-1703-hg002-bjuice-v2-multiau-20260814T114522Z	5x5	HG002-vqs89p8gahfwf9	E1:5x5	12.71	6.20	sentmm2ont.na.sentdhiomr2.chr7.vep_input	1	1	0	3.198	3.2e-05	0.0008883333333333333	0.0005972222222222222
OBS15	E1	prod-cand-1703-hg002-bjuice-v2-multiau-20260814T114522Z	5x5	HG002-vqs89p8gahfwf9	E1:5x5	12.71	6.20	sentmm2ont.na.sentdhiomr2.chr8.vep	1	1	0	519.2077	0.020468	0.5768974444444445	0.003375
OBS15	E1	prod-cand-1703-hg002-bjuice-v2-multiau-20260814T114522Z	5x5	HG002-vqs89p8gahfwf9	E1:5x5	12.71	6.20	sentmm2ont.na.sentdhiomr2.chr8.vep_input	1	1	0	3.2902	3.2e-05	0.0009139444444444444	0.0005777777777777778
OBS15	E1	prod-cand-1703-hg002-bjuice-v2-multiau-20260814T114522Z	5x5	HG002-vqs89p8gahfwf9	E1:5x5	12.71	6.20	sentmm2ont.na.sentdhiomr2.chr9.vep	1	1	0	365.3461	0.014431	0.4059401111111111	0.008616666666666667
OBS15	E1	prod-cand-1703-hg002-bjuice-v2-multiau-20260814T114522Z	5x5	HG002-vqs89p8gahfwf9	E1:5x5	12.71	6.20	sentmm2ont.na.sentdhiomr2.chr9.vep_input	1	1	0	3.0613	3e-05	0.0008503611111111112	0.0
OBS15	E1	prod-cand-1703-hg002-bjuice-v2-multiau-20260814T114522Z	5x5	HG002-vqs89p8gahfwf9	E1:5x5	12.71	6.20	sentmm2ont.na.sentdhiomr2.chrM.vep	1	1	0	0.9687	3.8e-05	0.0010763333333333334	0.00013055555555555555
OBS15	E1	prod-cand-1703-hg002-bjuice-v2-multiau-20260814T114522Z	5x5	HG002-vqs89p8gahfwf9	E1:5x5	12.71	6.20	sentmm2ont.na.sentdhiomr2.chrM.vep_input	1	1	0	1.2944	1.3e-05	0.00035955555555555556	2.777777777777778e-06
OBS15	E1	prod-cand-1703-hg002-bjuice-v2-multiau-20260814T114522Z	5x5	HG002-vqs89p8gahfwf9	E1:5x5	12.71	6.20	sentmm2ont.na.sentdhiomr2.chrX.vep	1	1	0	137.161	0.005418	0.15240111111111113	0.0014277777777777776
OBS15	E1	prod-cand-1703-hg002-bjuice-v2-multiau-20260814T114522Z	5x5	HG002-vqs89p8gahfwf9	E1:5x5	12.71	6.20	sentmm2ont.na.sentdhiomr2.chrX.vep_input	1	1	0	2.2915	2.3e-05	0.0006365277777777779	0.0002722222222222222
OBS15	E1	prod-cand-1703-hg002-bjuice-v2-multiau-20260814T114522Z	5x5	HG002-vqs89p8gahfwf9	E1:5x5	12.71	6.20	sentmm2ont.na.sentdhiomr2.chrY.vep	1	1	0	5.6719	0.000224	0.006302111111111111	0.00011111111111111112
OBS15	E1	prod-cand-1703-hg002-bjuice-v2-multiau-20260814T114522Z	5x5	HG002-vqs89p8gahfwf9	E1:5x5	12.71	6.20	sentmm2ont.na.sentdhiomr2.chrY.vep_input	1	1	0	0.7229	7e-06	0.00020080555555555555	1.6666666666666667e-05
OBS15	E1	prod-cand-1703-hg002-bjuice-v2-multiau-20260814T114522Z	5x5	HG002-vqs89p8gahfwf9	E1:5x5	12.71	6.20	sentmm2ont.na.sentdhiomr2.cli-gvcf.altair-v1.1.parse_vcfeval_summary	1	1	0	11.9328	0.000251	0.006629333333333333	7.500000000000001e-05
OBS15	E1	prod-cand-1703-hg002-bjuice-v2-multiau-20260814T114522Z	5x5	HG002-vqs89p8gahfwf9	E1:5x5	12.71	6.20	sentmm2ont.na.sentdhiomr2.cli-gvcf.altair-v1.1.rtg_vcfeval	1	1	0	824.1625	0.12996	3.6629444444444443	0.5154972222222222
OBS15	E1	prod-cand-1703-hg002-bjuice-v2-multiau-20260814T114522Z	5x5	HG002-vqs89p8gahfwf9	E1:5x5	12.71	6.20	sentmm2ont.na.sentdhiomr2.cli-gvcf.clinvar_genes.parse_vcfeval_summary	1	1	0	11.3772	0.000239	0.006320666666666667	0.0001361111111111111
OBS15	E1	prod-cand-1703-hg002-bjuice-v2-multiau-20260814T114522Z	5x5	HG002-vqs89p8gahfwf9	E1:5x5	12.71	6.20	sentmm2ont.na.sentdhiomr2.cli-gvcf.clinvar_genes.rtg_vcfeval	1	1	0	1012.648	0.159682	4.500657777777778	0.6262388888888889
OBS15	E1	prod-cand-1703-hg002-bjuice-v2-multiau-20260814T114522Z	5x5	HG002-vqs89p8gahfwf9	E1:5x5	12.71	6.20	sentmm2ont.na.sentdhiomr2.cli-gvcf.concordance	1	1	0	0.3855	3e-05	0.0008566666666666667	2.777777777777778e-06
OBS15	E1	prod-cand-1703-hg002-bjuice-v2-multiau-20260814T114522Z	5x5	HG002-vqs89p8gahfwf9	E1:5x5	12.71	6.20	sentmm2ont.na.sentdhiomr2.cli-gvcf.giabHC.parse_vcfeval_summary	1	1	0	72.0036	0.001419	0.040002	0.004647222222222223
OBS15	E1	prod-cand-1703-hg002-bjuice-v2-multiau-20260814T114522Z	5x5	HG002-vqs89p8gahfwf9	E1:5x5	12.71	6.20	sentmm2ont.na.sentdhiomr2.cli-gvcf.giabHC.rtg_vcfeval	1	1	0	807.0302	0.136166	3.586800888888889	0.5387194444444444
OBS15	E1	prod-cand-1703-hg002-bjuice-v2-multiau-20260814T114522Z	5x5	HG002-vqs89p8gahfwf9	E1:5x5	12.71	6.20	sentmm2ont.na.sentdhiomr2.cli-gvcf.giabHC_x_clinvar_genes.parse_vcfeval_summary	1	1	0	9.8885	0.000195	0.0054936111111111114	0.000575
OBS15	E1	prod-cand-1703-hg002-bjuice-v2-multiau-20260814T114522Z	5x5	HG002-vqs89p8gahfwf9	E1:5x5	12.71	6.20	sentmm2ont.na.sentdhiomr2.cli-gvcf.giabHC_x_clinvar_genes.rtg_vcfeval	1	1	0	832.7424	0.131313	3.701077333333333	0.5214027777777778
OBS15	E1	prod-cand-1703-hg002-bjuice-v2-multiau-20260814T114522Z	5x5	HG002-vqs89p8gahfwf9	E1:5x5	12.71	6.20	sentmm2ont.na.sentdhiomr2.cli-gvcf.giabHC_x_ultima.parse_vcfeval_summary	1	1	0	69.3418	0.001367	0.03852322222222222	0.004427777777777778
OBS15	E1	prod-cand-1703-hg002-bjuice-v2-multiau-20260814T114522Z	5x5	HG002-vqs89p8gahfwf9	E1:5x5	12.71	6.20	sentmm2ont.na.sentdhiomr2.cli-gvcf.giabHC_x_ultima.rtg_vcfeval	1	1	0	874.5736	0.137909	3.886993777777778	0.5643944444444444
OBS15	E1	prod-cand-1703-hg002-bjuice-v2-multiau-20260814T114522Z	5x5	HG002-vqs89p8gahfwf9	E1:5x5	12.71	6.20	sentmm2ont.na.sentdhiomr2.cli-gvcf.giabHC_x_ultima_x_clinvar.parse_vcfeval_summary	1	1	0	9.5339	0.000201	0.0052966111111111104	0.0005
OBS15	E1	prod-cand-1703-hg002-bjuice-v2-multiau-20260814T114522Z	5x5	HG002-vqs89p8gahfwf9	E1:5x5	12.71	6.20	sentmm2ont.na.sentdhiomr2.cli-gvcf.giabHC_x_ultima_x_clinvar.rtg_vcfeval	1	1	0	956.9444	0.150898	4.2530862222222225	0.5925055555555555
OBS15	E1	prod-cand-1703-hg002-bjuice-v2-multiau-20260814T114522Z	5x5	HG002-vqs89p8gahfwf9	E1:5x5	12.71	6.20	sentmm2ont.na.sentdhiomr2.cli-gvcf.giabHCv5q.parse_vcfeval_summary	1	1	0	84.075	0.00177	0.04670833333333334	0.005772222222222223
OBS15	E1	prod-cand-1703-hg002-bjuice-v2-multiau-20260814T114522Z	5x5	HG002-vqs89p8gahfwf9	E1:5x5	12.71	6.20	sentmm2ont.na.sentdhiomr2.cli-gvcf.giabHCv5q.rtg_vcfeval	1	1	0	1113.3017	0.175554	4.948007555555556	0.8096277777777777
OBS15	E1	prod-cand-1703-hg002-bjuice-v2-multiau-20260814T114522Z	5x5	HG002-vqs89p8gahfwf9	E1:5x5	12.71	6.20	sentmm2ont.na.sentdhiomr2.cli-gvcf.hg38.parse_vcfeval_summary	1	1	0	93.2956	0.001964	0.051830888888888885	0.0008666666666666667
OBS15	E1	prod-cand-1703-hg002-bjuice-v2-multiau-20260814T114522Z	5x5	HG002-vqs89p8gahfwf9	E1:5x5	12.71	6.20	sentmm2ont.na.sentdhiomr2.cli-gvcf.hg38.rtg_vcfeval	1	1	0	967.8655	0.15262	4.301624444444444	0.637411111111111
OBS15	E1	prod-cand-1703-hg002-bjuice-v2-multiau-20260814T114522Z	5x5	HG002-vqs89p8gahfwf9	E1:5x5	12.71	6.20	sentmm2ont.na.sentdhiomr2.cli-gvcf.hg38_m_giabHC.parse_vcfeval_summary	1	1	0	23.2893	0.000459	0.0129385	0.0011555555555555555
OBS15	E1	prod-cand-1703-hg002-bjuice-v2-multiau-20260814T114522Z	5x5	HG002-vqs89p8gahfwf9	E1:5x5	12.71	6.20	sentmm2ont.na.sentdhiomr2.cli-gvcf.hg38_m_giabHC.rtg_vcfeval	1	1	0	806.9376	0.127244	3.5863893333333334	0.5127888888888888
OBS15	E1	prod-cand-1703-hg002-bjuice-v2-multiau-20260814T114522Z	5x5	HG002-vqs89p8gahfwf9	E1:5x5	12.71	6.20	sentmm2ont.na.sentdhiomr2.cli-gvcf.ultima.parse_vcfeval_summary	1	1	0	73.7203	0.001552	0.04095572222222222	0.004780555555555556
OBS15	E1	prod-cand-1703-hg002-bjuice-v2-multiau-20260814T114522Z	5x5	HG002-vqs89p8gahfwf9	E1:5x5	12.71	6.20	sentmm2ont.na.sentdhiomr2.cli-gvcf.ultima.rtg_vcfeval	1	1	0	845.968	0.133399	3.7598577777777775	0.5556333333333333
OBS15	E1	prod-cand-1703-hg002-bjuice-v2-multiau-20260814T114522Z	5x5	HG002-vqs89p8gahfwf9	E1:5x5	12.71	6.20	sentmm2ont.na.sentdhiomr2.clinvar_genes.parse_vcfeval_summary	1	1	0	13.4713	0.000266	0.007484055555555555	0.00022500000000000002
OBS15	E1	prod-cand-1703-hg002-bjuice-v2-multiau-20260814T114522Z	5x5	HG002-vqs89p8gahfwf9	E1:5x5	12.71	6.20	sentmm2ont.na.sentdhiomr2.clinvar_genes.rtg_vcfeval	1	1	0	62.0156	0.009798	0.27562488888888886	0.057694444444444444
OBS15	E1	prod-cand-1703-hg002-bjuice-v2-multiau-20260814T114522Z	5x5	HG002-vqs89p8gahfwf9	E1:5x5	12.71	6.20	sentmm2ont.na.sentdhiomr2.concordance	1	1	0	0.3936	3.1e-05	0.0008746666666666667	2.777777777777778e-06
OBS15	E1	prod-cand-1703-hg002-bjuice-v2-multiau-20260814T114522Z	5x5	HG002-vqs89p8gahfwf9	E1:5x5	12.71	6.20	sentmm2ont.na.sentdhiomr2.giabHC.parse_vcfeval_summary	1	1	0	72.9416	0.001441	0.04052311111111111	0.005783333333333333
OBS15	E1	prod-cand-1703-hg002-bjuice-v2-multiau-20260814T114522Z	5x5	HG002-vqs89p8gahfwf9	E1:5x5	12.71	6.20	sentmm2ont.na.sentdhiomr2.giabHC.rtg_vcfeval	1	1	0	66.6695	0.010533	0.2963088888888889	0.07281944444444444
OBS15	E1	prod-cand-1703-hg002-bjuice-v2-multiau-20260814T114522Z	5x5	HG002-vqs89p8gahfwf9	E1:5x5	12.71	6.20	sentmm2ont.na.sentdhiomr2.giabHC_x_clinvar_genes.parse_vcfeval_summary	1	1	0	10.1122	0.0002	0.005617888888888888	5.555555555555556e-06
OBS15	E1	prod-cand-1703-hg002-bjuice-v2-multiau-20260814T114522Z	5x5	HG002-vqs89p8gahfwf9	E1:5x5	12.71	6.20	sentmm2ont.na.sentdhiomr2.giabHC_x_clinvar_genes.rtg_vcfeval	1	1	0	63.3698	0.010012	0.28164355555555554	0.05896944444444444
OBS15	E1	prod-cand-1703-hg002-bjuice-v2-multiau-20260814T114522Z	5x5	HG002-vqs89p8gahfwf9	E1:5x5	12.71	6.20	sentmm2ont.na.sentdhiomr2.giabHC_x_ultima.parse_vcfeval_summary	1	1	0	61.8831	0.001222	0.0343795	0.0038083333333333337
OBS15	E1	prod-cand-1703-hg002-bjuice-v2-multiau-20260814T114522Z	5x5	HG002-vqs89p8gahfwf9	E1:5x5	12.71	6.20	sentmm2ont.na.sentdhiomr2.giabHC_x_ultima.rtg_vcfeval	1	1	0	66.5112	0.010508	0.29560533333333333	0.0699638888888889
OBS15	E1	prod-cand-1703-hg002-bjuice-v2-multiau-20260814T114522Z	5x5	HG002-vqs89p8gahfwf9	E1:5x5	12.71	6.20	sentmm2ont.na.sentdhiomr2.giabHC_x_ultima_x_clinvar.parse_vcfeval_summary	1	1	0	10.8601	0.000214	0.0060333888888888885	2.777777777777778e-06
OBS15	E1	prod-cand-1703-hg002-bjuice-v2-multiau-20260814T114522Z	5x5	HG002-vqs89p8gahfwf9	E1:5x5	12.71	6.20	sentmm2ont.na.sentdhiomr2.giabHC_x_ultima_x_clinvar.rtg_vcfeval	1	1	0	63.6816	0.010061	0.28302933333333335	0.05688055555555556
OBS15	E1	prod-cand-1703-hg002-bjuice-v2-multiau-20260814T114522Z	5x5	HG002-vqs89p8gahfwf9	E1:5x5	12.71	6.20	sentmm2ont.na.sentdhiomr2.giabHCv5q.parse_vcfeval_summary	1	1	0	74.6142	0.001571	0.041452333333333334	0.004655555555555556
OBS15	E1	prod-cand-1703-hg002-bjuice-v2-multiau-20260814T114522Z	5x5	HG002-vqs89p8gahfwf9	E1:5x5	12.71	6.20	sentmm2ont.na.sentdhiomr2.giabHCv5q.rtg_vcfeval	1	1	0	856.9413	0.135129	3.8086279999999997	0.32277222222222224
OBS15	E1	prod-cand-1703-hg002-bjuice-v2-multiau-20260814T114522Z	5x5	HG002-vqs89p8gahfwf9	E1:5x5	12.71	6.20	sentmm2ont.na.sentdhiomr2.hg38.parse_vcfeval_summary	1	1	0	103.4166	0.002042	0.05745366666666667	0.006775
OBS15	E1	prod-cand-1703-hg002-bjuice-v2-multiau-20260814T114522Z	5x5	HG002-vqs89p8gahfwf9	E1:5x5	12.71	6.20	sentmm2ont.na.sentdhiomr2.hg38.rtg_vcfeval	1	1	0	64.3372	0.010165	0.2859431111111111	0.07650277777777778
OBS15	E1	prod-cand-1703-hg002-bjuice-v2-multiau-20260814T114522Z	5x5	HG002-vqs89p8gahfwf9	E1:5x5	12.71	6.20	sentmm2ont.na.sentdhiomr2.hg38_m_giabHC.parse_vcfeval_summary	1	1	0	20.8745	0.000412	0.011596944444444444	0.001225
OBS15	E1	prod-cand-1703-hg002-bjuice-v2-multiau-20260814T114522Z	5x5	HG002-vqs89p8gahfwf9	E1:5x5	12.71	6.20	sentmm2ont.na.sentdhiomr2.hg38_m_giabHC.rtg_vcfeval	1	1	0	64.82	0.010937	0.28808888888888884	0.05876111111111111
OBS15	E1	prod-cand-1703-hg002-bjuice-v2-multiau-20260814T114522Z	5x5	HG002-vqs89p8gahfwf9	E1:5x5	12.71	6.20	sentmm2ont.na.sentdhiomr2.peddy	1	1	0	12.2216	0.000483	0.013579555555555557	0.0011388888888888887
OBS15	E1	prod-cand-1703-hg002-bjuice-v2-multiau-20260814T114522Z	5x5	HG002-vqs89p8gahfwf9	E1:5x5	12.71	6.20	sentmm2ont.na.sentdhiomr2.rtgvcfstats	1	1	0	22.4286	0.000443	0.012460333333333334	0.006308333333333333
OBS15	E1	prod-cand-1703-hg002-bjuice-v2-multiau-20260814T114522Z	5x5	HG002-vqs89p8gahfwf9	E1:5x5	12.71	6.20	sentmm2ont.na.sentdhiomr2.ultima.parse_vcfeval_summary	1	1	0	65.3598	0.001291	0.036311	0.0042944444444444445
OBS15	E1	prod-cand-1703-hg002-bjuice-v2-multiau-20260814T114522Z	5x5	HG002-vqs89p8gahfwf9	E1:5x5	12.71	6.20	sentmm2ont.na.sentdhiomr2.ultima.rtg_vcfeval	1	1	0	80.3304	0.012692	0.357024	0.06625
OBS15	E1	prod-cand-1703-hg002-bjuice-v2-multiau-20260814T114522Z	5x5	HG002-vqs89p8gahfwf9	E1:5x5	12.71	6.20	sentmm2ont.na.sentdhiomr2.vep_concat	1	1	0	49.2548	0.003883	0.10945511111111111	0.0029861111111111113
OBS15	E1	prod-cand-1703-hg002-bjuice-v2-multiau-20260814T114522Z	5x5	HG002-vqs89p8gahfwf9	E1:5x5	12.71	6.20	sentmm2ont.na.sentdhiomr2.vep_concat_fofn	1	1	0	0.1551	1e-06	4.308333333333333e-05	0.0
OBS15	E1	prod-cand-1703-hg002-bjuice-v2-multiau-20260814T114522Z	5x5	HG002-vqs89p8gahfwf9	E1:5x5	12.71	6.20	sentmm2ont.na.sentdhiomr2.vep_validate_input_contigs	1	1	0	0.5329	4e-06	0.0001480277777777778	0.0
OBS15	E1	prod-cand-1703-hg002-bjuice-v2-multiau-20260814T114522Z	5x5	HG002-vqs89p8gahfwf9	E1:5x5	12.71	6.20	seqfu	1	1	0	919.0009	0.054449	1.5316681666666667	0.4481666666666667
OBS15	E1	prod-cand-1703-hg002-bjuice-v2-multiau-20260814T114522Z	5x5	HG002-vqs89p8gahfwf9	E1:5x5	12.71	6.20	snv_vcf.vcf-sv-stats	1	1	0	211.489	0.004177	0.1174938888888889	0.05381666666666667
OBS15	E1	prod-cand-1703-hg002-bjuice-v2-multiau-20260814T114522Z	5x5	HG002-vqs89p8gahfwf9	E1:5x5	12.71	6.20	source_reheadered_cnvscope_vcf.vcf-sv-stats	1	1	0	1.349	2.7e-05	0.0007494444444444444	0.0001277777777777778
OBS15	E1	prod-cand-1703-hg002-bjuice-v2-multiau-20260814T114522Z	5x5	HG002-vqs89p8gahfwf9	E1:5x5	12.71	6.20	synthetic_smn_vcf.vcf-sv-stats	1	1	0	1.2665	2.5e-05	0.0007036111111111111	0.00010555555555555555
OBS15	E1	prod-cand-1703-hg002-bjuice-v2-multiau-20260814T114522Z	5x5	HG002-vqs89p8gahfwf9	E1:5x5	12.71	6.20	tagged_cnv_vcf.vcf-sv-stats	1	1	0	1.9662	3.9e-05	0.0010923333333333334	8.055555555555556e-05
OBS15	E1	prod-cand-1703-hg002-bjuice-v2-multiau-20260814T114522Z	5x5	HG002-vqs89p8gahfwf9	E1:5x5	12.71	6.20	tagged_sv_vcf.vcf-sv-stats	1	1	0	6.4522	0.000136	0.0035845555555555557	0.0007861111111111111
OBS15	E1	prod-cand-1703-hg002-bjuice-v2-multiau-20260814T114522Z	5x5	HG002-vqs89p8gahfwf9	E1:5x5	12.71	6.20	untagged_trussv_vcf.vcf-sv-stats	1	1	0	4.0907	8.1e-05	0.002272611111111111	0.0005972222222222222
OBS16	E1	prod-cand-1703-hg002-bjuice-v2-multiau-20260814T114522Z	10x5	HG002-fjg1n22920ymw4	E1:10x5	13.65	9.67	expansionhunter_vcf.vcf-sv-stats	1	1	0	1.2407	2.5e-05	0.0006892777777777777	9.999999999999999e-05
OBS16	E1	prod-cand-1703-hg002-bjuice-v2-multiau-20260814T114522Z	10x5	HG002-fjg1n22920ymw4	E1:10x5	13.65	9.67	fastqc	1	1	0	690.9364	0.116578	3.0708284444444445	0.272075
OBS16	E1	prod-cand-1703-hg002-bjuice-v2-multiau-20260814T114522Z	10x5	HG002-fjg1n22920ymw4	E1:10x5	13.65	9.67	mitochondrial_vcf.vcf-sv-stats	1	1	0	2.1376	4.5e-05	0.0011875555555555556	6.944444444444444e-05
OBS16	E1	prod-cand-1703-hg002-bjuice-v2-multiau-20260814T114522Z	10x5	HG002-fjg1n22920ymw4	E1:10x5	13.65	9.67	normalized_longreadsv_vcf.vcf-sv-stats	1	1	0	1.9202	3.8e-05	0.0010667777777777778	0.0002916666666666667
OBS16	E1	prod-cand-1703-hg002-bjuice-v2-multiau-20260814T114522Z	10x5	HG002-fjg1n22920ymw4	E1:10x5	13.65	9.67	normalized_sniffles2_vcf.vcf-sv-stats	1	1	0	1.7494	3.5e-05	0.0009718888888888889	0.0002888888888888889
OBS16	E1	prod-cand-1703-hg002-bjuice-v2-multiau-20260814T114522Z	10x5	HG002-fjg1n22920ymw4	E1:10x5	13.65	9.67	normalized_tiddit_vcf.vcf-sv-stats	1	1	0	2.6518	5.8e-05	0.0014732222222222223	0.0004722222222222222
OBS16	E1	prod-cand-1703-hg002-bjuice-v2-multiau-20260814T114522Z	10x5	HG002-fjg1n22920ymw4	E1:10x5	13.65	9.67	segdup_CFH_vcf.vcf-sv-stats	1	1	0	0.938	1.1e-05	0.0005211111111111111	3.0555555555555554e-05
OBS16	E1	prod-cand-1703-hg002-bjuice-v2-multiau-20260814T114522Z	10x5	HG002-fjg1n22920ymw4	E1:10x5	13.65	9.67	segdup_CYP11B1_vcf.vcf-sv-stats	1	1	0	0.8581	1.9e-05	0.0004767222222222222	2.777777777777778e-05
OBS16	E1	prod-cand-1703-hg002-bjuice-v2-multiau-20260814T114522Z	10x5	HG002-fjg1n22920ymw4	E1:10x5	13.65	9.67	segdup_CYP2A6_vcf.vcf-sv-stats	1	1	0	2.6461	3.1e-05	0.0014700555555555556	3.0555555555555554e-05
OBS16	E1	prod-cand-1703-hg002-bjuice-v2-multiau-20260814T114522Z	10x5	HG002-fjg1n22920ymw4	E1:10x5	13.65	9.67	segdup_CYP2B6_vcf.vcf-sv-stats	1	1	0	2.7146	3.2e-05	0.0015081111111111111	0.000125
OBS16	E1	prod-cand-1703-hg002-bjuice-v2-multiau-20260814T114522Z	10x5	HG002-fjg1n22920ymw4	E1:10x5	13.65	9.67	segdup_CYP2D6_vcf.vcf-sv-stats	1	1	0	0.7783	1.5e-05	0.0004323888888888889	3.888888888888889e-05
OBS16	E1	prod-cand-1703-hg002-bjuice-v2-multiau-20260814T114522Z	10x5	HG002-fjg1n22920ymw4	E1:10x5	13.65	9.67	segdup_GBA1_vcf.vcf-sv-stats	1	1	0	2.387	4.7e-05	0.001326111111111111	9.444444444444446e-05
OBS16	E1	prod-cand-1703-hg002-bjuice-v2-multiau-20260814T114522Z	10x5	HG002-fjg1n22920ymw4	E1:10x5	13.65	9.67	segdup_HBA_vcf.vcf-sv-stats	1	1	0	2.6571	3.2e-05	0.0014761666666666666	3.0555555555555554e-05
OBS16	E1	prod-cand-1703-hg002-bjuice-v2-multiau-20260814T114522Z	10x5	HG002-fjg1n22920ymw4	E1:10x5	13.65	9.67	segdup_NCF1_vcf.vcf-sv-stats	1	1	0	2.7074	3.2e-05	0.001504111111111111	0.0001277777777777778
OBS16	E1	prod-cand-1703-hg002-bjuice-v2-multiau-20260814T114522Z	10x5	HG002-fjg1n22920ymw4	E1:10x5	13.65	9.67	segdup_OTOA_vcf.vcf-sv-stats	1	1	0	2.4024	2.8e-05	0.0013346666666666667	0.00011111111111111112
OBS16	E1	prod-cand-1703-hg002-bjuice-v2-multiau-20260814T114522Z	10x5	HG002-fjg1n22920ymw4	E1:10x5	13.65	9.67	segdup_PMS2_vcf.vcf-sv-stats	1	1	0	2.6476	3.1e-05	0.001470888888888889	2.777777777777778e-05
OBS16	E1	prod-cand-1703-hg002-bjuice-v2-multiau-20260814T114522Z	10x5	HG002-fjg1n22920ymw4	E1:10x5	13.65	9.67	segdup_RCCX1_vcf.vcf-sv-stats	1	1	0	2.6888	3.2e-05	0.001493777777777778	0.000125
OBS16	E1	prod-cand-1703-hg002-bjuice-v2-multiau-20260814T114522Z	10x5	HG002-fjg1n22920ymw4	E1:10x5	13.65	9.67	segdup_RHD_vcf.vcf-sv-stats	1	1	0	0.9844	1.2e-05	0.000546888888888889	3.0555555555555554e-05
OBS16	E1	prod-cand-1703-hg002-bjuice-v2-multiau-20260814T114522Z	10x5	HG002-fjg1n22920ymw4	E1:10x5	13.65	9.67	segdup_SBDS_vcf.vcf-sv-stats	1	1	0	2.6633	3.2e-05	0.001479611111111111	0.00013055555555555555
OBS16	E1	prod-cand-1703-hg002-bjuice-v2-multiau-20260814T114522Z	10x5	HG002-fjg1n22920ymw4	E1:10x5	13.65	9.67	segdup_SMN1_vcf.vcf-sv-stats	1	1	0	2.6891	3.2e-05	0.0014939444444444444	0.00013333333333333334
OBS16	E1	prod-cand-1703-hg002-bjuice-v2-multiau-20260814T114522Z	10x5	HG002-fjg1n22920ymw4	E1:10x5	13.65	9.67	segdup_STRC_vcf.vcf-sv-stats	1	1	0	2.7176	3.2e-05	0.0015097777777777779	0.00012222222222222221
OBS16	E1	prod-cand-1703-hg002-bjuice-v2-multiau-20260814T114522Z	10x5	HG002-fjg1n22920ymw4	E1:10x5	13.65	9.67	sentdhiomr2.command-manifest	1	1	0	0.5214	0.000659	0.018538666666666665	5.555555555555556e-06
OBS16	E1	prod-cand-1703-hg002-bjuice-v2-multiau-20260814T114522Z	10x5	HG002-fjg1n22920ymw4	E1:10x5	13.65	9.67	sentdhiomr2.five-chromosome-hard-vcf	1	1	0	211.9311	0.267873	7.535328	0.0003111111111111111
OBS16	E1	prod-cand-1703-hg002-bjuice-v2-multiau-20260814T114522Z	10x5	HG002-fjg1n22920ymw4	E1:10x5	13.65	9.67	sentdhiomr2.hybrid-cli172i-core	1	1	0	5328.8961	6.735527	189.47186133333332	0.0051444444444444445
OBS16	E1	prod-cand-1703-hg002-bjuice-v2-multiau-20260814T114522Z	10x5	HG002-fjg1n22920ymw4	E1:10x5	13.65	9.67	sentdhiomr2.hybrid-cli172i-finalize-1	1	1	0	218.1468	0.005411	0.24238533333333334	0.008258333333333333
OBS16	E1	prod-cand-1703-hg002-bjuice-v2-multiau-20260814T114522Z	10x5	HG002-fjg1n22920ymw4	E1:10x5	13.65	9.67	sentdhiomr2.hybrid-cli172i-finalize-10	1	1	0	142.5895	0.003537	0.15843277777777776	0.0067666666666666665
OBS16	E1	prod-cand-1703-hg002-bjuice-v2-multiau-20260814T114522Z	10x5	HG002-fjg1n22920ymw4	E1:10x5	13.65	9.67	sentdhiomr2.hybrid-cli172i-finalize-11	1	1	0	135.2469	0.003355	0.15027433333333334	0.0002861111111111111
OBS16	E1	prod-cand-1703-hg002-bjuice-v2-multiau-20260814T114522Z	10x5	HG002-fjg1n22920ymw4	E1:10x5	13.65	9.67	sentdhiomr2.hybrid-cli172i-finalize-12	1	1	0	141.7771	0.003517	0.1575301111111111	0.006836111111111111
OBS16	E1	prod-cand-1703-hg002-bjuice-v2-multiau-20260814T114522Z	10x5	HG002-fjg1n22920ymw4	E1:10x5	13.65	9.67	sentdhiomr2.hybrid-cli172i-finalize-13	1	1	0	103.0514	0.002556	0.11450155555555555	0.01597222222222222
OBS16	E1	prod-cand-1703-hg002-bjuice-v2-multiau-20260814T114522Z	10x5	HG002-fjg1n22920ymw4	E1:10x5	13.65	9.67	sentdhiomr2.hybrid-cli172i-finalize-14	1	1	0	89.3576	0.002216	0.09928622222222223	0.0017805555555555556
OBS16	E1	prod-cand-1703-hg002-bjuice-v2-multiau-20260814T114522Z	10x5	HG002-fjg1n22920ymw4	E1:10x5	13.65	9.67	sentdhiomr2.hybrid-cli172i-finalize-15	1	1	0	92.1522	0.002286	0.10239133333333332	0.0009277777777777777
OBS16	E1	prod-cand-1703-hg002-bjuice-v2-multiau-20260814T114522Z	10x5	HG002-fjg1n22920ymw4	E1:10x5	13.65	9.67	sentdhiomr2.hybrid-cli172i-finalize-16	1	1	0	91.3553	0.002266	0.1015058888888889	0.0011083333333333333
OBS16	E1	prod-cand-1703-hg002-bjuice-v2-multiau-20260814T114522Z	10x5	HG002-fjg1n22920ymw4	E1:10x5	13.65	9.67	sentdhiomr2.hybrid-cli172i-finalize-17	1	1	0	93.9684	0.002331	0.10440933333333334	0.0005222222222222222
OBS16	E1	prod-cand-1703-hg002-bjuice-v2-multiau-20260814T114522Z	10x5	HG002-fjg1n22920ymw4	E1:10x5	13.65	9.67	sentdhiomr2.hybrid-cli172i-finalize-18	1	1	0	93.9493	0.00233	0.1043881111111111	0.0003388888888888889
OBS16	E1	prod-cand-1703-hg002-bjuice-v2-multiau-20260814T114522Z	10x5	HG002-fjg1n22920ymw4	E1:10x5	13.65	9.67	sentdhiomr2.hybrid-cli172i-finalize-19	1	1	0	72.5106	0.001798	0.08056733333333332	0.005222222222222223
OBS16	E1	prod-cand-1703-hg002-bjuice-v2-multiau-20260814T114522Z	10x5	HG002-fjg1n22920ymw4	E1:10x5	13.65	9.67	sentdhiomr2.hybrid-cli172i-finalize-2	1	1	0	223.9471	0.005555	0.2488301111111111	0.006883333333333333
OBS16	E1	prod-cand-1703-hg002-bjuice-v2-multiau-20260814T114522Z	10x5	HG002-fjg1n22920ymw4	E1:10x5	13.65	9.67	sentdhiomr2.hybrid-cli172i-finalize-20	1	1	0	72.5177	0.001799	0.08057522222222223	0.007149999999999999
OBS16	E1	prod-cand-1703-hg002-bjuice-v2-multiau-20260814T114522Z	10x5	HG002-fjg1n22920ymw4	E1:10x5	13.65	9.67	sentdhiomr2.hybrid-cli172i-finalize-21	1	1	0	48.9445	0.001214	0.05438277777777777	0.0020055555555555556
OBS16	E1	prod-cand-1703-hg002-bjuice-v2-multiau-20260814T114522Z	10x5	HG002-fjg1n22920ymw4	E1:10x5	13.65	9.67	sentdhiomr2.hybrid-cli172i-finalize-22	1	1	0	60.4005	0.001498	0.06711166666666667	0.004752777777777778
OBS16	E1	prod-cand-1703-hg002-bjuice-v2-multiau-20260814T114522Z	10x5	HG002-fjg1n22920ymw4	E1:10x5	13.65	9.67	sentdhiomr2.hybrid-cli172i-finalize-23	1	1	0	499.9435	0.0124	0.5554927777777777	0.02101388888888889
OBS16	E1	prod-cand-1703-hg002-bjuice-v2-multiau-20260814T114522Z	10x5	HG002-fjg1n22920ymw4	E1:10x5	13.65	9.67	sentdhiomr2.hybrid-cli172i-finalize-24	1	1	0	82.8786	0.002056	0.09208733333333334	0.0013750000000000001
OBS16	E1	prod-cand-1703-hg002-bjuice-v2-multiau-20260814T114522Z	10x5	HG002-fjg1n22920ymw4	E1:10x5	13.65	9.67	sentdhiomr2.hybrid-cli172i-finalize-25	1	1	0	12.7404	0.000316	0.014155999999999998	4.1666666666666665e-05
OBS16	E1	prod-cand-1703-hg002-bjuice-v2-multiau-20260814T114522Z	10x5	HG002-fjg1n22920ymw4	E1:10x5	13.65	9.67	sentdhiomr2.hybrid-cli172i-finalize-3	1	1	0	192.2412	0.004768	0.21360133333333334	0.005113888888888889
OBS16	E1	prod-cand-1703-hg002-bjuice-v2-multiau-20260814T114522Z	10x5	HG002-fjg1n22920ymw4	E1:10x5	13.65	9.67	sentdhiomr2.hybrid-cli172i-finalize-4	1	1	0	182.8487	0.004535	0.20316522222222222	0.007683333333333334
OBS16	E1	prod-cand-1703-hg002-bjuice-v2-multiau-20260814T114522Z	10x5	HG002-fjg1n22920ymw4	E1:10x5	13.65	9.67	sentdhiomr2.hybrid-cli172i-finalize-5	1	1	0	173.9953	0.004316	0.1933281111111111	0.008936111111111112
OBS16	E1	prod-cand-1703-hg002-bjuice-v2-multiau-20260814T114522Z	10x5	HG002-fjg1n22920ymw4	E1:10x5	13.65	9.67	sentdhiomr2.hybrid-cli172i-finalize-6	1	1	0	169.1113	0.004195	0.18790144444444445	0.009708333333333334
OBS16	E1	prod-cand-1703-hg002-bjuice-v2-multiau-20260814T114522Z	10x5	HG002-fjg1n22920ymw4	E1:10x5	13.65	9.67	sentdhiomr2.hybrid-cli172i-finalize-7	1	1	0	169.7496	0.00421	0.18861066666666665	0.009444444444444445
OBS16	E1	prod-cand-1703-hg002-bjuice-v2-multiau-20260814T114522Z	10x5	HG002-fjg1n22920ymw4	E1:10x5	13.65	9.67	sentdhiomr2.hybrid-cli172i-finalize-8	1	1	0	140.8985	0.003495	0.1565538888888889	0.0078
OBS16	E1	prod-cand-1703-hg002-bjuice-v2-multiau-20260814T114522Z	10x5	HG002-fjg1n22920ymw4	E1:10x5	13.65	9.67	sentdhiomr2.hybrid-cli172i-finalize-9	1	1	0	139.059	0.003449	0.15451	0.007244444444444444
OBS16	E1	prod-cand-1703-hg002-bjuice-v2-multiau-20260814T114522Z	10x5	HG002-fjg1n22920ymw4	E1:10x5	13.65	9.67	sentdhiomr2.hybrid-cli172i-gather	1	1	0	248.2864	0.012317	0.5517475555555555	0.0019305555555555556
OBS16	E1	prod-cand-1703-hg002-bjuice-v2-multiau-20260814T114522Z	10x5	HG002-fjg1n22920ymw4	E1:10x5	13.65	9.67	sentdhiomr2.inflection-analytical-ancillary	1	1	0	1.6146	0.002041	0.057408	4.1666666666666665e-05
OBS16	E1	prod-cand-1703-hg002-bjuice-v2-multiau-20260814T114522Z	10x5	HG002-fjg1n22920ymw4	E1:10x5	13.65	9.67	sentdhiomr2.inflection-analytical.prod-cand-1703-hg002-bjuice-v2-multiau-20260814T114522Z	1	1	0	1091.1916	1.472886	38.797923555555556	0.09905
OBS16	E1	prod-cand-1703-hg002-bjuice-v2-multiau-20260814T114522Z	10x5	HG002-fjg1n22920ymw4	E1:10x5	13.65	9.67	sentdhiomr2.inflection-multiqc-stage	1	1	0	48.3681	0.000382	0.013435583333333332	0.012361111111111111
OBS16	E1	prod-cand-1703-hg002-bjuice-v2-multiau-20260814T114522Z	10x5	HG002-fjg1n22920ymw4	E1:10x5	13.65	9.67	sentdhiomr2.inflection-multiqc	1	1	0	53.3348	0.000527	0.014815222222222223	0.012361111111111111
OBS16	E1	prod-cand-1703-hg002-bjuice-v2-multiau-20260814T114522Z	10x5	HG002-fjg1n22920ymw4	E1:10x5	13.65	9.67	sentdhiomr2.mito	1	1	0	86.124	0.11625	3.0621866666666664	0.040375
OBS16	E1	prod-cand-1703-hg002-bjuice-v2-multiau-20260814T114522Z	10x5	HG002-fjg1n22920ymw4	E1:10x5	13.65	9.67	sentdhiomr2.normalize-smn12	1	1	0	0.1987	2e-06	5.5194444444444444e-05	0.0
OBS16	E1	prod-cand-1703-hg002-bjuice-v2-multiau-20260814T114522Z	10x5	HG002-fjg1n22920ymw4	E1:10x5	13.65	9.67	sentdhiomr2.roh_upd	1	1	0	152.008	0.20518	5.404728888888889	0.041041666666666664
OBS16	E1	prod-cand-1703-hg002-bjuice-v2-multiau-20260814T114522Z	10x5	HG002-fjg1n22920ymw4	E1:10x5	13.65	9.67	sentdhiomr2.rsr-publish	1	1	0	14.8196	0.000117	0.004116555555555556	0.0020722222222222223
OBS16	E1	prod-cand-1703-hg002-bjuice-v2-multiau-20260814T114522Z	10x5	HG002-fjg1n22920ymw4	E1:10x5	13.65	9.67	sentdhiomr2.scope	1	1	0	0.6897	5e-06	0.00019158333333333332	0.00014166666666666668
OBS16	E1	prod-cand-1703-hg002-bjuice-v2-multiau-20260814T114522Z	10x5	HG002-fjg1n22920ymw4	E1:10x5	13.65	9.67	sentdhiomr2.segdup.CFH	1	1	0	488.4818	0.507858	17.36824177777778	0.08152222222222223
OBS16	E1	prod-cand-1703-hg002-bjuice-v2-multiau-20260814T114522Z	10x5	HG002-fjg1n22920ymw4	E1:10x5	13.65	9.67	sentdhiomr2.segdup.CYP11B1	1	1	0	364.8392	0.339787	12.972060444444445	0.026883333333333332
OBS16	E1	prod-cand-1703-hg002-bjuice-v2-multiau-20260814T114522Z	10x5	HG002-fjg1n22920ymw4	E1:10x5	13.65	9.67	sentdhiomr2.segdup.CYP2A6	1	1	0	309.4491	0.389296	11.002634666666665	0.01921111111111111
OBS16	E1	prod-cand-1703-hg002-bjuice-v2-multiau-20260814T114522Z	10x5	HG002-fjg1n22920ymw4	E1:10x5	13.65	9.67	sentdhiomr2.segdup.CYP2B6	1	1	0	447.0101	0.626286	15.893692444444445	0.033944444444444444
OBS16	E1	prod-cand-1703-hg002-bjuice-v2-multiau-20260814T114522Z	10x5	HG002-fjg1n22920ymw4	E1:10x5	13.65	9.67	sentdhiomr2.segdup.CYP2D6	1	1	0	389.0867	0.649105	13.834193777777777	0.034975
OBS16	E1	prod-cand-1703-hg002-bjuice-v2-multiau-20260814T114522Z	10x5	HG002-fjg1n22920ymw4	E1:10x5	13.65	9.67	sentdhiomr2.segdup.GBA	1	1	0	558.6074	0.931912	19.861596444444444	0.0013083333333333332
OBS16	E1	prod-cand-1703-hg002-bjuice-v2-multiau-20260814T114522Z	10x5	HG002-fjg1n22920ymw4	E1:10x5	13.65	9.67	sentdhiomr2.segdup.HBA	1	1	0	391.9152	0.549095	13.934762666666668	0.014894444444444445
OBS16	E1	prod-cand-1703-hg002-bjuice-v2-multiau-20260814T114522Z	10x5	HG002-fjg1n22920ymw4	E1:10x5	13.65	9.67	sentdhiomr2.segdup.IKBKG	1	1	0	338.7089	0.428115	12.042983111111113	0.027969444444444443
OBS16	E1	prod-cand-1703-hg002-bjuice-v2-multiau-20260814T114522Z	10x5	HG002-fjg1n22920ymw4	E1:10x5	13.65	9.67	sentdhiomr2.segdup.LPA	1	1	0	258.3852	0.196129	9.187029333333333	0.0005027777777777778
OBS16	E1	prod-cand-1703-hg002-bjuice-v2-multiau-20260814T114522Z	10x5	HG002-fjg1n22920ymw4	E1:10x5	13.65	9.67	sentdhiomr2.segdup.NCF1	1	1	0	343.5341	0.319945	12.21454577777778	0.03718055555555556
OBS16	E1	prod-cand-1703-hg002-bjuice-v2-multiau-20260814T114522Z	10x5	HG002-fjg1n22920ymw4	E1:10x5	13.65	9.67	sentdhiomr2.segdup.OTOA	1	1	0	336.1607	0.255165	11.952380444444445	0.013461111111111111
OBS16	E1	prod-cand-1703-hg002-bjuice-v2-multiau-20260814T114522Z	10x5	HG002-fjg1n22920ymw4	E1:10x5	13.65	9.67	sentdhiomr2.segdup.PMS2	1	1	0	394.2161	0.495935	14.016572444444444	0.04139444444444445
OBS16	E1	prod-cand-1703-hg002-bjuice-v2-multiau-20260814T114522Z	10x5	HG002-fjg1n22920ymw4	E1:10x5	13.65	9.67	sentdhiomr2.segdup.RCCX	1	1	0	480.2987	0.677719	17.07728711111111	0.026808333333333333
OBS16	E1	prod-cand-1703-hg002-bjuice-v2-multiau-20260814T114522Z	10x5	HG002-fjg1n22920ymw4	E1:10x5	13.65	9.67	sentdhiomr2.segdup.RH	1	1	0	595.8911	0.840824	21.18723911111111	0.037472222222222226
OBS16	E1	prod-cand-1703-hg002-bjuice-v2-multiau-20260814T114522Z	10x5	HG002-fjg1n22920ymw4	E1:10x5	13.65	9.67	sentdhiomr2.segdup.SBDS	1	1	0	363.711	0.490936	12.931946666666667	0.046733333333333335
OBS16	E1	prod-cand-1703-hg002-bjuice-v2-multiau-20260814T114522Z	10x5	HG002-fjg1n22920ymw4	E1:10x5	13.65	9.67	sentdhiomr2.segdup.SMN1	1	1	0	372.2347	0.468282	13.235011555555555	0.010902777777777779
OBS16	E1	prod-cand-1703-hg002-bjuice-v2-multiau-20260814T114522Z	10x5	HG002-fjg1n22920ymw4	E1:10x5	13.65	9.67	sentdhiomr2.segdup.STRC	1	1	0	331.0994	0.416532	11.772423111111111	0.017527777777777778
OBS16	E1	prod-cand-1703-hg002-bjuice-v2-multiau-20260814T114522Z	10x5	HG002-fjg1n22920ymw4	E1:10x5	13.65	9.67	sentdhiomr2.slim-longreadsv-normalize	1	1	0	3.0005	0.000948	0.026671111111111114	0.0005305555555555555
OBS16	E1	prod-cand-1703-hg002-bjuice-v2-multiau-20260814T114522Z	10x5	HG002-fjg1n22920ymw4	E1:10x5	13.65	9.67	sentdhiomr2.slim-sniffles2-normalize	1	1	0	2.7734	0.000936	0.024652444444444446	0.00048333333333333334
OBS16	E1	prod-cand-1703-hg002-bjuice-v2-multiau-20260814T114522Z	10x5	HG002-fjg1n22920ymw4	E1:10x5	13.65	9.67	sentdhiomr2.slim-tag-cnv	1	1	0	26.2674	0.0083	0.23348799999999997	0.004180555555555555
OBS16	E1	prod-cand-1703-hg002-bjuice-v2-multiau-20260814T114522Z	10x5	HG002-fjg1n22920ymw4	E1:10x5	13.65	9.67	sentdhiomr2.slim-tag-sv	1	1	0	898.9541	0.284061	7.990703111111111	0.24581944444444445
OBS16	E1	prod-cand-1703-hg002-bjuice-v2-multiau-20260814T114522Z	10x5	HG002-fjg1n22920ymw4	E1:10x5	13.65	9.67	sentdhiomr2.slim-tiddit-normalize	1	1	0	6.0998	0.002137	0.054220444444444446	0.0005972222222222222
OBS16	E1	prod-cand-1703-hg002-bjuice-v2-multiau-20260814T114522Z	10x5	HG002-fjg1n22920ymw4	E1:10x5	13.65	9.67	sentdhiomr2.slim-tiddit-repair	1	1	0	1.6198	0.000567	0.014398222222222222	5.555555555555556e-06
OBS16	E1	prod-cand-1703-hg002-bjuice-v2-multiau-20260814T114522Z	10x5	HG002-fjg1n22920ymw4	E1:10x5	13.65	9.67	sentdhiomr2.slim-trussv	1	1	0	3.995	0.001262	0.03551111111111111	0.0003055555555555556
OBS16	E1	prod-cand-1703-hg002-bjuice-v2-multiau-20260814T114522Z	10x5	HG002-fjg1n22920ymw4	E1:10x5	13.65	9.67	sentdhiomr2.slim-truvari-aggregate	1	1	0	0.3355	3e-06	9.319444444444445e-05	0.0
OBS16	E1	prod-cand-1703-hg002-bjuice-v2-multiau-20260814T114522Z	10x5	HG002-fjg1n22920ymw4	E1:10x5	13.65	9.67	sentdhiomr2.slim-truvari-longreadsv	1	1	0	170.1827	0.053776	1.5127351111111111	0.045761111111111114
OBS16	E1	prod-cand-1703-hg002-bjuice-v2-multiau-20260814T114522Z	10x5	HG002-fjg1n22920ymw4	E1:10x5	13.65	9.67	sentdhiomr2.slim-truvari-sniffles2	1	1	0	163.3911	0.05163	1.4523653333333333	0.03813333333333333
OBS16	E1	prod-cand-1703-hg002-bjuice-v2-multiau-20260814T114522Z	10x5	HG002-fjg1n22920ymw4	E1:10x5	13.65	9.67	sentdhiomr2.slim-truvari-tagged_trussv	1	1	0	172.0013	0.054351	1.5289004444444443	0.04595277777777778
OBS16	E1	prod-cand-1703-hg002-bjuice-v2-multiau-20260814T114522Z	10x5	HG002-fjg1n22920ymw4	E1:10x5	13.65	9.67	sentdhiomr2.slim-truvari-tiddit	1	1	0	193.1585	0.067656	1.7169644444444445	0.04673055555555555
OBS16	E1	prod-cand-1703-hg002-bjuice-v2-multiau-20260814T114522Z	10x5	HG002-fjg1n22920ymw4	E1:10x5	13.65	9.67	sentdhiomr2.sniffles2	1	1	0	69.3273	0.093578	2.4649706666666664	0.0033583333333333334
OBS16	E1	prod-cand-1703-hg002-bjuice-v2-multiau-20260814T114522Z	10x5	HG002-fjg1n22920ymw4	E1:10x5	13.65	9.67	sentdhiomr2.sr-prepare	1	1	0	2034.0689	3.856482	108.48367466666666	0.0024166666666666664
OBS16	E1	prod-cand-1703-hg002-bjuice-v2-multiau-20260814T114522Z	10x5	HG002-fjg1n22920ymw4	E1:10x5	13.65	9.67	sentdhiomr2.terminal-hybrid-validate	1	1	0	172.7282	0.218322	6.141447111111111	0.04367777777777778
OBS16	E1	prod-cand-1703-hg002-bjuice-v2-multiau-20260814T114522Z	10x5	HG002-fjg1n22920ymw4	E1:10x5	13.65	9.67	sentdhiomr2.tiddit	1	1	0	1307.9415	1.65319	46.50458666666666	0.5633916666666666
OBS16	E1	prod-cand-1703-hg002-bjuice-v2-multiau-20260814T114522Z	10x5	HG002-fjg1n22920ymw4	E1:10x5	13.65	9.67	sentdhiomr2.tiddit.sort	1	1	0	1.2059	0.00169	0.042876444444444446	1.388888888888889e-05
OBS16	E1	prod-cand-1703-hg002-bjuice-v2-multiau-20260814T114522Z	10x5	HG002-fjg1n22920ymw4	E1:10x5	13.65	9.67	sentdhiomr2lr.na.alignstats	1	1	0	140.4446	0.005547	0.15604955555555555	0.110525
OBS16	E1	prod-cand-1703-hg002-bjuice-v2-multiau-20260814T114522Z	10x5	HG002-fjg1n22920ymw4	E1:10x5	13.65	9.67	sentdhiomr2lr.na.coverage_evenness_two	1	1	0	226.899	0.038283	1.00844	0.6681694444444444
OBS16	E1	prod-cand-1703-hg002-bjuice-v2-multiau-20260814T114522Z	10x5	HG002-fjg1n22920ymw4	E1:10x5	13.65	9.67	sentdhiomr2lr.na.gatk_contam	1	1	0	8.7405	0.000173	0.0048558333333333335	0.0034055555555555553
OBS16	E1	prod-cand-1703-hg002-bjuice-v2-multiau-20260814T114522Z	10x5	HG002-fjg1n22920ymw4	E1:10x5	13.65	9.67	sentdhiomr2lr.na.goleft	1	1	0	1.3162	2.8e-05	0.0007312222222222222	0.0001527777777777778
OBS16	E1	prod-cand-1703-hg002-bjuice-v2-multiau-20260814T114522Z	10x5	HG002-fjg1n22920ymw4	E1:10x5	13.65	9.67	sentdhiomr2lr.na.infer_sex_complement	1	1	0	0.4676	5e-06	0.0001298888888888889	2.777777777777778e-06
OBS16	E1	prod-cand-1703-hg002-bjuice-v2-multiau-20260814T114522Z	10x5	HG002-fjg1n22920ymw4	E1:10x5	13.65	9.67	sentdhiomr2lr.na.mosdepth	1	1	0	109.5523	0.004621	0.12172477777777778	0.04013333333333333
OBS16	E1	prod-cand-1703-hg002-bjuice-v2-multiau-20260814T114522Z	10x5	HG002-fjg1n22920ymw4	E1:10x5	13.65	9.67	sentdhiomr2lr.na.norm_cov_eveness	1	1	0	417.2551	0.0176	0.4636167777777778	0.0013805555555555554
OBS16	E1	prod-cand-1703-hg002-bjuice-v2-multiau-20260814T114522Z	10x5	HG002-fjg1n22920ymw4	E1:10x5	13.65	9.67	sentdhiomr2lr.na.p.ganon2_multiqc_log	1	1	0	0.0511	0.0	1.4194444444444445e-05	0.0
OBS16	E1	prod-cand-1703-hg002-bjuice-v2-multiau-20260814T114522Z	10x5	HG002-fjg1n22920ymw4	E1:10x5	13.65	9.67	sentdhiomr2lr.na.p.unmapped_metagenomics_ganon2_quick	1	1	0	54.8816	0.069368	1.9513457777777778	0.0035444444444444442
OBS16	E1	prod-cand-1703-hg002-bjuice-v2-multiau-20260814T114522Z	10x5	HG002-fjg1n22920ymw4	E1:10x5	13.65	9.67	sentdhiomr2lr.na.samt	1	1	0	416.6703	0.017576	0.462967	0.0006805555555555556
OBS16	E1	prod-cand-1703-hg002-bjuice-v2-multiau-20260814T114522Z	10x5	HG002-fjg1n22920ymw4	E1:10x5	13.65	9.67	sentdhiomr2lr.na.sex_complement_somalier_metrics	1	1	0	0.4519	9e-06	0.0002510555555555556	5.555555555555556e-06
OBS16	E1	prod-cand-1703-hg002-bjuice-v2-multiau-20260814T114522Z	10x5	HG002-fjg1n22920ymw4	E1:10x5	13.65	9.67	sentdhiomr2lr.na.site_mix_contam	1	1	0	9.8941	9.8e-05	0.002748361111111111	0.002458333333333333
OBS16	E1	prod-cand-1703-hg002-bjuice-v2-multiau-20260814T114522Z	10x5	HG002-fjg1n22920ymw4	E1:10x5	13.65	9.67	sentdhiomr2lr.na.site_mix_contam_pileups	1	1	0	1202.8494	0.050738	1.3364993333333335	0.33548055555555556
OBS16	E1	prod-cand-1703-hg002-bjuice-v2-multiau-20260814T114522Z	10x5	HG002-fjg1n22920ymw4	E1:10x5	13.65	9.67	sentdhiomr2rsr.na.alignstats	1	1	0	258.7817	0.010222	0.2875352222222222	0.13398333333333332
OBS16	E1	prod-cand-1703-hg002-bjuice-v2-multiau-20260814T114522Z	10x5	HG002-fjg1n22920ymw4	E1:10x5	13.65	9.67	sentdhiomr2rsr.na.coverage_evenness_two	1	1	0	246.024	0.038871	1.09344	0.6447388888888889
OBS16	E1	prod-cand-1703-hg002-bjuice-v2-multiau-20260814T114522Z	10x5	HG002-fjg1n22920ymw4	E1:10x5	13.65	9.67	sentdhiomr2rsr.na.gatk_contam	1	1	0	7.1418	0.000141	0.003967666666666666	0.0025138888888888893
OBS16	E1	prod-cand-1703-hg002-bjuice-v2-multiau-20260814T114522Z	10x5	HG002-fjg1n22920ymw4	E1:10x5	13.65	9.67	sentdhiomr2rsr.na.goleft	1	1	0	1.7796	3.5e-05	0.0009886666666666668	0.00035555555555555557
OBS16	E1	prod-cand-1703-hg002-bjuice-v2-multiau-20260814T114522Z	10x5	HG002-fjg1n22920ymw4	E1:10x5	13.65	9.67	sentdhiomr2rsr.na.infer_sex_complement	1	1	0	0.6777	7e-06	0.00018825	8.333333333333334e-06
OBS16	E1	prod-cand-1703-hg002-bjuice-v2-multiau-20260814T114522Z	10x5	HG002-fjg1n22920ymw4	E1:10x5	13.65	9.67	sentdhiomr2rsr.na.mosdepth	1	1	0	116.2434	0.004591	0.12915933333333332	0.04441944444444444
OBS16	E1	prod-cand-1703-hg002-bjuice-v2-multiau-20260814T114522Z	10x5	HG002-fjg1n22920ymw4	E1:10x5	13.65	9.67	sentdhiomr2rsr.na.norm_cov_eveness	1	1	0	505.7713	0.019977	0.5619681111111111	0.00028055555555555554
OBS16	E1	prod-cand-1703-hg002-bjuice-v2-multiau-20260814T114522Z	10x5	HG002-fjg1n22920ymw4	E1:10x5	13.65	9.67	sentdhiomr2rsr.na.p.ganon2_multiqc_log	1	1	0	0.0566	0.0	1.572222222222222e-05	0.0
OBS16	E1	prod-cand-1703-hg002-bjuice-v2-multiau-20260814T114522Z	10x5	HG002-fjg1n22920ymw4	E1:10x5	13.65	9.67	sentdhiomr2rsr.na.p.unmapped_metagenomics_ganon2_quick	1	1	0	363.6991	0.459702	12.931523555555556	0.02613888888888889
OBS16	E1	prod-cand-1703-hg002-bjuice-v2-multiau-20260814T114522Z	10x5	HG002-fjg1n22920ymw4	E1:10x5	13.65	9.67	sentdhiomr2rsr.na.samt	1	1	0	425.9136	0.016823	0.4732373333333333	0.005472222222222222
OBS16	E1	prod-cand-1703-hg002-bjuice-v2-multiau-20260814T114522Z	10x5	HG002-fjg1n22920ymw4	E1:10x5	13.65	9.67	sentdhiomr2rsr.na.sex_complement_somalier_metrics	1	1	0	0.497	1e-05	0.0002761111111111111	5.555555555555556e-06
OBS16	E1	prod-cand-1703-hg002-bjuice-v2-multiau-20260814T114522Z	10x5	HG002-fjg1n22920ymw4	E1:10x5	13.65	9.67	sentdhiomr2rsr.na.site_mix_contam	1	1	0	25.5536	0.000252	0.007098222222222222	0.004175
OBS16	E1	prod-cand-1703-hg002-bjuice-v2-multiau-20260814T114522Z	10x5	HG002-fjg1n22920ymw4	E1:10x5	13.65	9.67	sentdhiomr2rsr.na.site_mix_contam_pileups	1	1	0	980.3124	0.038721	1.089236	0.20429166666666668
OBS16	E1	prod-cand-1703-hg002-bjuice-v2-multiau-20260814T114522Z	10x5	HG002-fjg1n22920ymw4	E1:10x5	13.65	9.67	sentdhiomr2sr.smd.alignstats	1	1	0	913.473	0.036081	1.01497	0.5346333333333334
OBS16	E1	prod-cand-1703-hg002-bjuice-v2-multiau-20260814T114522Z	10x5	HG002-fjg1n22920ymw4	E1:10x5	13.65	9.67	sentdhiomr2sr.smd.coverage_evenness_two	1	1	0	395.016	0.062411	1.7556266666666667	0.7130722222222222
OBS16	E1	prod-cand-1703-hg002-bjuice-v2-multiau-20260814T114522Z	10x5	HG002-fjg1n22920ymw4	E1:10x5	13.65	9.67	sentdhiomr2sr.smd.gatk_contam	1	1	0	24.7914	0.00049	0.013773	0.0058
OBS16	E1	prod-cand-1703-hg002-bjuice-v2-multiau-20260814T114522Z	10x5	HG002-fjg1n22920ymw4	E1:10x5	13.65	9.67	sentdhiomr2sr.smd.goleft	1	1	0	1.3937	2.8e-05	0.0007742777777777777	0.00022500000000000002
OBS16	E1	prod-cand-1703-hg002-bjuice-v2-multiau-20260814T114522Z	10x5	HG002-fjg1n22920ymw4	E1:10x5	13.65	9.67	sentdhiomr2sr.smd.infer_sex_complement	1	1	0	0.6896	7e-06	0.00019155555555555554	8.333333333333334e-06
OBS16	E1	prod-cand-1703-hg002-bjuice-v2-multiau-20260814T114522Z	10x5	HG002-fjg1n22920ymw4	E1:10x5	13.65	9.67	sentdhiomr2sr.smd.mosdepth	1	1	0	189.535	0.007486	0.21059444444444445	0.09867777777777778
OBS16	E1	prod-cand-1703-hg002-bjuice-v2-multiau-20260814T114522Z	10x5	HG002-fjg1n22920ymw4	E1:10x5	13.65	9.67	sentdhiomr2sr.smd.norm_cov_eveness	1	1	0	625.9106	0.024723	0.6954562222222223	0.0011972222222222221
OBS16	E1	prod-cand-1703-hg002-bjuice-v2-multiau-20260814T114522Z	10x5	HG002-fjg1n22920ymw4	E1:10x5	13.65	9.67	sentdhiomr2sr.smd.p.ganon2_multiqc_log	1	1	0	0.0491	0.0	1.3638888888888889e-05	0.0
OBS16	E1	prod-cand-1703-hg002-bjuice-v2-multiau-20260814T114522Z	10x5	HG002-fjg1n22920ymw4	E1:10x5	13.65	9.67	sentdhiomr2sr.smd.p.unmapped_metagenomics_ganon2_quick	1	1	0	2355.2731	2.976978	83.74304355555554	0.0
OBS16	E1	prod-cand-1703-hg002-bjuice-v2-multiau-20260814T114522Z	10x5	HG002-fjg1n22920ymw4	E1:10x5	13.65	9.67	sentdhiomr2sr.smd.samt	1	1	0	1489.7612	0.058844	1.655290222222222	0.048327777777777775
OBS16	E1	prod-cand-1703-hg002-bjuice-v2-multiau-20260814T114522Z	10x5	HG002-fjg1n22920ymw4	E1:10x5	13.65	9.67	sentdhiomr2sr.smd.sex_complement_somalier_metrics	1	1	0	0.5144	1e-05	0.00028577777777777776	8.333333333333334e-06
OBS16	E1	prod-cand-1703-hg002-bjuice-v2-multiau-20260814T114522Z	10x5	HG002-fjg1n22920ymw4	E1:10x5	13.65	9.67	sentdhiomr2sr.smd.site_mix_contam	1	1	0	37.1451	0.000367	0.010318083333333334	0.004255555555555556
OBS16	E1	prod-cand-1703-hg002-bjuice-v2-multiau-20260814T114522Z	10x5	HG002-fjg1n22920ymw4	E1:10x5	13.65	9.67	sentdhiomr2sr.smd.site_mix_contam_pileups	1	1	0	2808.5341	0.110934	3.1205934444444443	0.7807416666666667
OBS16	E1	prod-cand-1703-hg002-bjuice-v2-multiau-20260814T114522Z	10x5	HG002-fjg1n22920ymw4	E1:10x5	13.65	9.67	sentmm2ont.na.expansionhunter	1	1	0	377.5539	0.063703	1.6780173333333332	1.4185777777777777
OBS16	E1	prod-cand-1703-hg002-bjuice-v2-multiau-20260814T114522Z	10x5	HG002-fjg1n22920ymw4	E1:10x5	13.65	9.67	sentmm2ont.na.expansionhunter_json_to_tsv	1	1	0	0.6658	4e-06	0.00018494444444444442	0.0
OBS16	E1	prod-cand-1703-hg002-bjuice-v2-multiau-20260814T114522Z	10x5	HG002-fjg1n22920ymw4	E1:10x5	13.65	9.67	sentmm2ont.na.sentdhiomr2.altair-v1.1.parse_vcfeval_summary	1	1	0	9.5146	0.000188	0.005285888888888889	3.0555555555555554e-05
OBS16	E1	prod-cand-1703-hg002-bjuice-v2-multiau-20260814T114522Z	10x5	HG002-fjg1n22920ymw4	E1:10x5	13.65	9.67	sentmm2ont.na.sentdhiomr2.altair-v1.1.rtg_vcfeval	1	1	0	61.9621	0.010455	0.2753871111111111	0.059180555555555556
OBS16	E1	prod-cand-1703-hg002-bjuice-v2-multiau-20260814T114522Z	10x5	HG002-fjg1n22920ymw4	E1:10x5	13.65	9.67	sentmm2ont.na.sentdhiomr2.bcfstat	1	1	0	18.7415	0.001186	0.031235833333333327	0.0048111111111111115
OBS16	E1	prod-cand-1703-hg002-bjuice-v2-multiau-20260814T114522Z	10x5	HG002-fjg1n22920ymw4	E1:10x5	13.65	9.67	sentmm2ont.na.sentdhiomr2.chr1.vep	1	1	0	701.9472	0.027726	0.7799413333333333	0.012511111111111112
OBS16	E1	prod-cand-1703-hg002-bjuice-v2-multiau-20260814T114522Z	10x5	HG002-fjg1n22920ymw4	E1:10x5	13.65	9.67	sentmm2ont.na.sentdhiomr2.chr1.vep_input	1	1	0	5.8695	5.8e-05	0.0016304166666666667	6.111111111111111e-05
OBS16	E1	prod-cand-1703-hg002-bjuice-v2-multiau-20260814T114522Z	10x5	HG002-fjg1n22920ymw4	E1:10x5	13.65	9.67	sentmm2ont.na.sentdhiomr2.chr10.vep	1	1	0	470.9065	0.0186	0.5232294444444444	0.00037222222222222225
OBS16	E1	prod-cand-1703-hg002-bjuice-v2-multiau-20260814T114522Z	10x5	HG002-fjg1n22920ymw4	E1:10x5	13.65	9.67	sentmm2ont.na.sentdhiomr2.chr10.vep_input	1	1	0	3.6345	3.6e-05	0.0010095833333333333	3.0555555555555554e-05
OBS16	E1	prod-cand-1703-hg002-bjuice-v2-multiau-20260814T114522Z	10x5	HG002-fjg1n22920ymw4	E1:10x5	13.65	9.67	sentmm2ont.na.sentdhiomr2.chr11.vep	1	1	0	425.3139	0.016799	0.47257099999999996	0.008819444444444444
OBS16	E1	prod-cand-1703-hg002-bjuice-v2-multiau-20260814T114522Z	10x5	HG002-fjg1n22920ymw4	E1:10x5	13.65	9.67	sentmm2ont.na.sentdhiomr2.chr11.vep_input	1	1	0	2.9037	2.9e-05	0.0008065833333333334	0.0
OBS16	E1	prod-cand-1703-hg002-bjuice-v2-multiau-20260814T114522Z	10x5	HG002-fjg1n22920ymw4	E1:10x5	13.65	9.67	sentmm2ont.na.sentdhiomr2.chr12.vep	1	1	0	421.4607	0.016647	0.46828966666666666	0.006808333333333334
OBS16	E1	prod-cand-1703-hg002-bjuice-v2-multiau-20260814T114522Z	10x5	HG002-fjg1n22920ymw4	E1:10x5	13.65	9.67	sentmm2ont.na.sentdhiomr2.chr12.vep_input	1	1	0	3.8811	3.8e-05	0.0010780833333333332	0.0007166666666666667
OBS16	E1	prod-cand-1703-hg002-bjuice-v2-multiau-20260814T114522Z	10x5	HG002-fjg1n22920ymw4	E1:10x5	13.65	9.67	sentmm2ont.na.sentdhiomr2.chr13.vep	1	1	0	282.3595	0.011153	0.3137327777777778	0.004897222222222222
OBS16	E1	prod-cand-1703-hg002-bjuice-v2-multiau-20260814T114522Z	10x5	HG002-fjg1n22920ymw4	E1:10x5	13.65	9.67	sentmm2ont.na.sentdhiomr2.chr13.vep_input	1	1	0	2.7725	2.7e-05	0.0007701388888888889	0.0004277777777777778
OBS16	E1	prod-cand-1703-hg002-bjuice-v2-multiau-20260814T114522Z	10x5	HG002-fjg1n22920ymw4	E1:10x5	13.65	9.67	sentmm2ont.na.sentdhiomr2.chr14.vep	1	1	0	288.1312	0.011381	0.32014577777777775	0.0003833333333333333
OBS16	E1	prod-cand-1703-hg002-bjuice-v2-multiau-20260814T114522Z	10x5	HG002-fjg1n22920ymw4	E1:10x5	13.65	9.67	sentmm2ont.na.sentdhiomr2.chr14.vep_input	1	1	0	2.0757	2e-05	0.0005765833333333334	0.00031666666666666665
OBS16	E1	prod-cand-1703-hg002-bjuice-v2-multiau-20260814T114522Z	10x5	HG002-fjg1n22920ymw4	E1:10x5	13.65	9.67	sentmm2ont.na.sentdhiomr2.chr15.vep	1	1	0	292.5993	0.011557	0.3251103333333334	0.0033666666666666662
OBS16	E1	prod-cand-1703-hg002-bjuice-v2-multiau-20260814T114522Z	10x5	HG002-fjg1n22920ymw4	E1:10x5	13.65	9.67	sentmm2ont.na.sentdhiomr2.chr15.vep_input	1	1	0	3.2409	3.2e-05	0.00090025	0.0005305555555555555
OBS16	E1	prod-cand-1703-hg002-bjuice-v2-multiau-20260814T114522Z	10x5	HG002-fjg1n22920ymw4	E1:10x5	13.65	9.67	sentmm2ont.na.sentdhiomr2.chr16.vep	1	1	0	246.8671	0.009751	0.2742967777777778	0.003661111111111111
OBS16	E1	prod-cand-1703-hg002-bjuice-v2-multiau-20260814T114522Z	10x5	HG002-fjg1n22920ymw4	E1:10x5	13.65	9.67	sentmm2ont.na.sentdhiomr2.chr16.vep_input	1	1	0	2.5382	2.5e-05	0.0007050555555555554	0.0004277777777777778
OBS16	E1	prod-cand-1703-hg002-bjuice-v2-multiau-20260814T114522Z	10x5	HG002-fjg1n22920ymw4	E1:10x5	13.65	9.67	sentmm2ont.na.sentdhiomr2.chr17.vep	1	1	0	282.4261	0.011156	0.3138067777777778	0.004905555555555555
OBS16	E1	prod-cand-1703-hg002-bjuice-v2-multiau-20260814T114522Z	10x5	HG002-fjg1n22920ymw4	E1:10x5	13.65	9.67	sentmm2ont.na.sentdhiomr2.chr17.vep_input	1	1	0	2.4782	2.4e-05	0.000688388888888889	0.000375
OBS16	E1	prod-cand-1703-hg002-bjuice-v2-multiau-20260814T114522Z	10x5	HG002-fjg1n22920ymw4	E1:10x5	13.65	9.67	sentmm2ont.na.sentdhiomr2.chr18.vep	1	1	0	248.774	0.009826	0.2764155555555556	0.005547222222222222
OBS16	E1	prod-cand-1703-hg002-bjuice-v2-multiau-20260814T114522Z	10x5	HG002-fjg1n22920ymw4	E1:10x5	13.65	9.67	sentmm2ont.na.sentdhiomr2.chr18.vep_input	1	1	0	2.6737	2.6e-05	0.0007426944444444445	0.0004166666666666667
OBS16	E1	prod-cand-1703-hg002-bjuice-v2-multiau-20260814T114522Z	10x5	HG002-fjg1n22920ymw4	E1:10x5	13.65	9.67	sentmm2ont.na.sentdhiomr2.chr19.vep	1	1	0	240.5861	0.009503	0.26731788888888885	0.006555555555555556
OBS16	E1	prod-cand-1703-hg002-bjuice-v2-multiau-20260814T114522Z	10x5	HG002-fjg1n22920ymw4	E1:10x5	13.65	9.67	sentmm2ont.na.sentdhiomr2.chr19.vep_input	1	1	0	1.8006	1.8e-05	0.0005001666666666667	0.0
OBS16	E1	prod-cand-1703-hg002-bjuice-v2-multiau-20260814T114522Z	10x5	HG002-fjg1n22920ymw4	E1:10x5	13.65	9.67	sentmm2ont.na.sentdhiomr2.chr2.vep	1	1	0	701.19	0.027696	0.7791	0.011433333333333332
OBS16	E1	prod-cand-1703-hg002-bjuice-v2-multiau-20260814T114522Z	10x5	HG002-fjg1n22920ymw4	E1:10x5	13.65	9.67	sentmm2ont.na.sentdhiomr2.chr2.vep_input	1	1	0	4.2844	4.2e-05	0.001190111111111111	0.0
OBS16	E1	prod-cand-1703-hg002-bjuice-v2-multiau-20260814T114522Z	10x5	HG002-fjg1n22920ymw4	E1:10x5	13.65	9.67	sentmm2ont.na.sentdhiomr2.chr20.vep	1	1	0	187.6518	0.007412	0.20850200000000002	0.0024555555555555554
OBS16	E1	prod-cand-1703-hg002-bjuice-v2-multiau-20260814T114522Z	10x5	HG002-fjg1n22920ymw4	E1:10x5	13.65	9.67	sentmm2ont.na.sentdhiomr2.chr20.vep_input	1	1	0	1.8242	1.8e-05	0.0005067222222222222	0.0
OBS16	E1	prod-cand-1703-hg002-bjuice-v2-multiau-20260814T114522Z	10x5	HG002-fjg1n22920ymw4	E1:10x5	13.65	9.67	sentmm2ont.na.sentdhiomr2.chr21.vep	1	1	0	161.7524	0.006389	0.17972488888888888	0.0034361111111111107
OBS16	E1	prod-cand-1703-hg002-bjuice-v2-multiau-20260814T114522Z	10x5	HG002-fjg1n22920ymw4	E1:10x5	13.65	9.67	sentmm2ont.na.sentdhiomr2.chr21.vep_input	1	1	0	1.8112	1.8e-05	0.0005031111111111111	2.777777777777778e-06
OBS16	E1	prod-cand-1703-hg002-bjuice-v2-multiau-20260814T114522Z	10x5	HG002-fjg1n22920ymw4	E1:10x5	13.65	9.67	sentmm2ont.na.sentdhiomr2.chr22.vep	1	1	0	158.1673	0.006247	0.17574144444444445	0.005880555555555556
OBS16	E1	prod-cand-1703-hg002-bjuice-v2-multiau-20260814T114522Z	10x5	HG002-fjg1n22920ymw4	E1:10x5	13.65	9.67	sentmm2ont.na.sentdhiomr2.chr22.vep_input	1	1	0	1.4563	1.4e-05	0.00040452777777777774	0.00014444444444444444
OBS16	E1	prod-cand-1703-hg002-bjuice-v2-multiau-20260814T114522Z	10x5	HG002-fjg1n22920ymw4	E1:10x5	13.65	9.67	sentmm2ont.na.sentdhiomr2.chr3.vep	1	1	0	620.3141	0.024502	0.6892378888888889	0.0007583333333333333
OBS16	E1	prod-cand-1703-hg002-bjuice-v2-multiau-20260814T114522Z	10x5	HG002-fjg1n22920ymw4	E1:10x5	13.65	9.67	sentmm2ont.na.sentdhiomr2.chr3.vep_input	1	1	0	3.8239	3.8e-05	0.0010621944444444444	0.0007361111111111111
OBS16	E1	prod-cand-1703-hg002-bjuice-v2-multiau-20260814T114522Z	10x5	HG002-fjg1n22920ymw4	E1:10x5	13.65	9.67	sentmm2ont.na.sentdhiomr2.chr4.vep	1	1	0	605.0681	0.023899	0.6722978888888889	0.009977777777777778
OBS16	E1	prod-cand-1703-hg002-bjuice-v2-multiau-20260814T114522Z	10x5	HG002-fjg1n22920ymw4	E1:10x5	13.65	9.67	sentmm2ont.na.sentdhiomr2.chr4.vep_input	1	1	0	5.4937	5.4e-05	0.0015260277777777776	5.555555555555556e-05
OBS16	E1	prod-cand-1703-hg002-bjuice-v2-multiau-20260814T114522Z	10x5	HG002-fjg1n22920ymw4	E1:10x5	13.65	9.67	sentmm2ont.na.sentdhiomr2.chr5.vep	1	1	0	512.1565	0.02023	0.5690627777777778	0.009927777777777778
OBS16	E1	prod-cand-1703-hg002-bjuice-v2-multiau-20260814T114522Z	10x5	HG002-fjg1n22920ymw4	E1:10x5	13.65	9.67	sentmm2ont.na.sentdhiomr2.chr5.vep_input	1	1	0	4.8759	4.8e-05	0.0013544166666666665	4.722222222222223e-05
OBS16	E1	prod-cand-1703-hg002-bjuice-v2-multiau-20260814T114522Z	10x5	HG002-fjg1n22920ymw4	E1:10x5	13.65	9.67	sentmm2ont.na.sentdhiomr2.chr6.vep	1	1	0	573.0037	0.022633	0.6366707777777778	0.009302777777777778
OBS16	E1	prod-cand-1703-hg002-bjuice-v2-multiau-20260814T114522Z	10x5	HG002-fjg1n22920ymw4	E1:10x5	13.65	9.67	sentmm2ont.na.sentdhiomr2.chr6.vep_input	1	1	0	3.5326	3.5e-05	0.0009812777777777777	5.277777777777778e-05
OBS16	E1	prod-cand-1703-hg002-bjuice-v2-multiau-20260814T114522Z	10x5	HG002-fjg1n22920ymw4	E1:10x5	13.65	9.67	sentmm2ont.na.sentdhiomr2.chr7.vep	1	1	0	510.2608	0.020155	0.5669564444444445	0.008394444444444444
OBS16	E1	prod-cand-1703-hg002-bjuice-v2-multiau-20260814T114522Z	10x5	HG002-fjg1n22920ymw4	E1:10x5	13.65	9.67	sentmm2ont.na.sentdhiomr2.chr7.vep_input	1	1	0	3.8129	3.8e-05	0.001059138888888889	0.00075
OBS16	E1	prod-cand-1703-hg002-bjuice-v2-multiau-20260814T114522Z	10x5	HG002-fjg1n22920ymw4	E1:10x5	13.65	9.67	sentmm2ont.na.sentdhiomr2.chr8.vep	1	1	0	554.2449	0.021892	0.6158276666666667	0.008891666666666666
OBS16	E1	prod-cand-1703-hg002-bjuice-v2-multiau-20260814T114522Z	10x5	HG002-fjg1n22920ymw4	E1:10x5	13.65	9.67	sentmm2ont.na.sentdhiomr2.chr8.vep_input	1	1	0	4.4406	4.4e-05	0.0012335	1.1111111111111112e-05
OBS16	E1	prod-cand-1703-hg002-bjuice-v2-multiau-20260814T114522Z	10x5	HG002-fjg1n22920ymw4	E1:10x5	13.65	9.67	sentmm2ont.na.sentdhiomr2.chr9.vep	1	1	0	380.1606	0.015016	0.42240066666666665	0.00038888888888888887
OBS16	E1	prod-cand-1703-hg002-bjuice-v2-multiau-20260814T114522Z	10x5	HG002-fjg1n22920ymw4	E1:10x5	13.65	9.67	sentmm2ont.na.sentdhiomr2.chr9.vep_input	1	1	0	3.8057	3.8e-05	0.001057138888888889	0.0006861111111111112
OBS16	E1	prod-cand-1703-hg002-bjuice-v2-multiau-20260814T114522Z	10x5	HG002-fjg1n22920ymw4	E1:10x5	13.65	9.67	sentmm2ont.na.sentdhiomr2.chrM.vep	1	1	0	1.0065	4e-05	0.0011183333333333334	0.00013055555555555555
OBS16	E1	prod-cand-1703-hg002-bjuice-v2-multiau-20260814T114522Z	10x5	HG002-fjg1n22920ymw4	E1:10x5	13.65	9.67	sentmm2ont.na.sentdhiomr2.chrM.vep_input	1	1	0	0.98	1e-05	0.0002722222222222222	0.00014444444444444444
OBS16	E1	prod-cand-1703-hg002-bjuice-v2-multiau-20260814T114522Z	10x5	HG002-fjg1n22920ymw4	E1:10x5	13.65	9.67	sentmm2ont.na.sentdhiomr2.chrX.vep	1	1	0	155.6115	0.006146	0.17290166666666668	0.0035277777777777777
OBS16	E1	prod-cand-1703-hg002-bjuice-v2-multiau-20260814T114522Z	10x5	HG002-fjg1n22920ymw4	E1:10x5	13.65	9.67	sentmm2ont.na.sentdhiomr2.chrX.vep_input	1	1	0	2.3987	2.4e-05	0.0006663055555555555	5.555555555555556e-06
OBS16	E1	prod-cand-1703-hg002-bjuice-v2-multiau-20260814T114522Z	10x5	HG002-fjg1n22920ymw4	E1:10x5	13.65	9.67	sentmm2ont.na.sentdhiomr2.chrY.vep	1	1	0	5.7913	0.000229	0.006434777777777777	9.722222222222222e-05
OBS16	E1	prod-cand-1703-hg002-bjuice-v2-multiau-20260814T114522Z	10x5	HG002-fjg1n22920ymw4	E1:10x5	13.65	9.67	sentmm2ont.na.sentdhiomr2.chrY.vep_input	1	1	0	0.7485	7e-06	0.0002079166666666667	1.9444444444444445e-05
OBS16	E1	prod-cand-1703-hg002-bjuice-v2-multiau-20260814T114522Z	10x5	HG002-fjg1n22920ymw4	E1:10x5	13.65	9.67	sentmm2ont.na.sentdhiomr2.cli-gvcf.altair-v1.1.parse_vcfeval_summary	1	1	0	13.1071	0.000259	0.007281722222222222	7.777777777777778e-05
OBS16	E1	prod-cand-1703-hg002-bjuice-v2-multiau-20260814T114522Z	10x5	HG002-fjg1n22920ymw4	E1:10x5	13.65	9.67	sentmm2ont.na.sentdhiomr2.cli-gvcf.altair-v1.1.rtg_vcfeval	1	1	0	821.5664	0.138618	3.6514062222222226	0.5121777777777777
OBS16	E1	prod-cand-1703-hg002-bjuice-v2-multiau-20260814T114522Z	10x5	HG002-fjg1n22920ymw4	E1:10x5	13.65	9.67	sentmm2ont.na.sentdhiomr2.cli-gvcf.clinvar_genes.parse_vcfeval_summary	1	1	0	11.1913	0.000221	0.006217388888888889	0.0001388888888888889
OBS16	E1	prod-cand-1703-hg002-bjuice-v2-multiau-20260814T114522Z	10x5	HG002-fjg1n22920ymw4	E1:10x5	13.65	9.67	sentmm2ont.na.sentdhiomr2.cli-gvcf.clinvar_genes.rtg_vcfeval	1	1	0	906.3958	0.143206	4.028425777777778	0.5122194444444444
OBS16	E1	prod-cand-1703-hg002-bjuice-v2-multiau-20260814T114522Z	10x5	HG002-fjg1n22920ymw4	E1:10x5	13.65	9.67	sentmm2ont.na.sentdhiomr2.cli-gvcf.concordance	1	1	0	0.3943	3.1e-05	0.0008762222222222221	2.777777777777778e-06
OBS16	E1	prod-cand-1703-hg002-bjuice-v2-multiau-20260814T114522Z	10x5	HG002-fjg1n22920ymw4	E1:10x5	13.65	9.67	sentmm2ont.na.sentdhiomr2.cli-gvcf.giabHC.parse_vcfeval_summary	1	1	0	72.4893	0.001529	0.04027183333333333	0.004655555555555556
OBS16	E1	prod-cand-1703-hg002-bjuice-v2-multiau-20260814T114522Z	10x5	HG002-fjg1n22920ymw4	E1:10x5	13.65	9.67	sentmm2ont.na.sentdhiomr2.cli-gvcf.giabHC.rtg_vcfeval	1	1	0	818.868	0.129377	3.6394133333333336	0.5367055555555555
OBS16	E1	prod-cand-1703-hg002-bjuice-v2-multiau-20260814T114522Z	10x5	HG002-fjg1n22920ymw4	E1:10x5	13.65	9.67	sentmm2ont.na.sentdhiomr2.cli-gvcf.giabHC_x_clinvar_genes.parse_vcfeval_summary	1	1	0	9.7761	0.000206	0.005431166666666667	2.777777777777778e-06
OBS16	E1	prod-cand-1703-hg002-bjuice-v2-multiau-20260814T114522Z	10x5	HG002-fjg1n22920ymw4	E1:10x5	13.65	9.67	sentmm2ont.na.sentdhiomr2.cli-gvcf.giabHC_x_clinvar_genes.rtg_vcfeval	1	1	0	865.7631	0.146075	3.847836	0.5271111111111111
OBS16	E1	prod-cand-1703-hg002-bjuice-v2-multiau-20260814T114522Z	10x5	HG002-fjg1n22920ymw4	E1:10x5	13.65	9.67	sentmm2ont.na.sentdhiomr2.cli-gvcf.giabHC_x_ultima.parse_vcfeval_summary	1	1	0	69.5373	0.001373	0.03863183333333334	0.004655555555555556
OBS16	E1	prod-cand-1703-hg002-bjuice-v2-multiau-20260814T114522Z	10x5	HG002-fjg1n22920ymw4	E1:10x5	13.65	9.67	sentmm2ont.na.sentdhiomr2.cli-gvcf.giabHC_x_ultima.rtg_vcfeval	1	1	0	915.5182	0.144648	4.068969777777777	0.5408083333333333
OBS16	E1	prod-cand-1703-hg002-bjuice-v2-multiau-20260814T114522Z	10x5	HG002-fjg1n22920ymw4	E1:10x5	13.65	9.67	sentmm2ont.na.sentdhiomr2.cli-gvcf.giabHC_x_ultima_x_clinvar.parse_vcfeval_summary	1	1	0	9.5711	0.000189	0.0053172777777777775	0.0005138888888888889
OBS16	E1	prod-cand-1703-hg002-bjuice-v2-multiau-20260814T114522Z	10x5	HG002-fjg1n22920ymw4	E1:10x5	13.65	9.67	sentmm2ont.na.sentdhiomr2.cli-gvcf.giabHC_x_ultima_x_clinvar.rtg_vcfeval	1	1	0	824.4943	0.130266	3.664419111111111	0.5094305555555556
OBS16	E1	prod-cand-1703-hg002-bjuice-v2-multiau-20260814T114522Z	10x5	HG002-fjg1n22920ymw4	E1:10x5	13.65	9.67	sentmm2ont.na.sentdhiomr2.cli-gvcf.giabHCv5q.parse_vcfeval_summary	1	1	0	105.1295	0.002076	0.05840527777777777	0.005877777777777778
OBS16	E1	prod-cand-1703-hg002-bjuice-v2-multiau-20260814T114522Z	10x5	HG002-fjg1n22920ymw4	E1:10x5	13.65	9.67	sentmm2ont.na.sentdhiomr2.cli-gvcf.giabHCv5q.rtg_vcfeval	1	1	0	1100.361	0.185658	4.890493333333334	0.801861111111111
OBS16	E1	prod-cand-1703-hg002-bjuice-v2-multiau-20260814T114522Z	10x5	HG002-fjg1n22920ymw4	E1:10x5	13.65	9.67	sentmm2ont.na.sentdhiomr2.cli-gvcf.hg38.parse_vcfeval_summary	1	1	0	94.9759	0.001876	0.05276438888888889	0.0004111111111111111
OBS16	E1	prod-cand-1703-hg002-bjuice-v2-multiau-20260814T114522Z	10x5	HG002-fjg1n22920ymw4	E1:10x5	13.65	9.67	sentmm2ont.na.sentdhiomr2.cli-gvcf.hg38.rtg_vcfeval	1	1	0	788.6753	0.124607	3.5052235555555553	0.5205444444444445
OBS16	E1	prod-cand-1703-hg002-bjuice-v2-multiau-20260814T114522Z	10x5	HG002-fjg1n22920ymw4	E1:10x5	13.65	9.67	sentmm2ont.na.sentdhiomr2.cli-gvcf.hg38_m_giabHC.parse_vcfeval_summary	1	1	0	25.9842	0.000513	0.014435666666666668	0.000875
OBS16	E1	prod-cand-1703-hg002-bjuice-v2-multiau-20260814T114522Z	10x5	HG002-fjg1n22920ymw4	E1:10x5	13.65	9.67	sentmm2ont.na.sentdhiomr2.cli-gvcf.hg38_m_giabHC.rtg_vcfeval	1	1	0	909.0575	0.143627	4.0402555555555555	0.5209694444444445
OBS16	E1	prod-cand-1703-hg002-bjuice-v2-multiau-20260814T114522Z	10x5	HG002-fjg1n22920ymw4	E1:10x5	13.65	9.67	sentmm2ont.na.sentdhiomr2.cli-gvcf.ultima.parse_vcfeval_summary	1	1	0	75.7543	0.001496	0.042085722222222226	0.004769444444444445
OBS16	E1	prod-cand-1703-hg002-bjuice-v2-multiau-20260814T114522Z	10x5	HG002-fjg1n22920ymw4	E1:10x5	13.65	9.67	sentmm2ont.na.sentdhiomr2.cli-gvcf.ultima.rtg_vcfeval	1	1	0	911.0231	0.143937	4.048991555555555	0.5449388888888889
OBS16	E1	prod-cand-1703-hg002-bjuice-v2-multiau-20260814T114522Z	10x5	HG002-fjg1n22920ymw4	E1:10x5	13.65	9.67	sentmm2ont.na.sentdhiomr2.clinvar_genes.parse_vcfeval_summary	1	1	0	12.3555	0.000244	0.006864166666666666	0.00015555555555555556
OBS16	E1	prod-cand-1703-hg002-bjuice-v2-multiau-20260814T114522Z	10x5	HG002-fjg1n22920ymw4	E1:10x5	13.65	9.67	sentmm2ont.na.sentdhiomr2.clinvar_genes.rtg_vcfeval	1	1	0	60.8826	0.009619	0.2705893333333333	0.058911111111111115
OBS16	E1	prod-cand-1703-hg002-bjuice-v2-multiau-20260814T114522Z	10x5	HG002-fjg1n22920ymw4	E1:10x5	13.65	9.67	sentmm2ont.na.sentdhiomr2.concordance	1	1	0	0.6102	4.8e-05	0.001356	0.0
OBS16	E1	prod-cand-1703-hg002-bjuice-v2-multiau-20260814T114522Z	10x5	HG002-fjg1n22920ymw4	E1:10x5	13.65	9.67	sentmm2ont.na.sentdhiomr2.giabHC.parse_vcfeval_summary	1	1	0	63.4067	0.001252	0.03522594444444444	0.004308333333333333
OBS16	E1	prod-cand-1703-hg002-bjuice-v2-multiau-20260814T114522Z	10x5	HG002-fjg1n22920ymw4	E1:10x5	13.65	9.67	sentmm2ont.na.sentdhiomr2.giabHC.rtg_vcfeval	1	1	0	66.728	0.010543	0.2965688888888889	0.07503333333333334
OBS16	E1	prod-cand-1703-hg002-bjuice-v2-multiau-20260814T114522Z	10x5	HG002-fjg1n22920ymw4	E1:10x5	13.65	9.67	sentmm2ont.na.sentdhiomr2.giabHC_x_clinvar_genes.parse_vcfeval_summary	1	1	0	10.876	0.000215	0.006042222222222222	1.6666666666666667e-05
OBS16	E1	prod-cand-1703-hg002-bjuice-v2-multiau-20260814T114522Z	10x5	HG002-fjg1n22920ymw4	E1:10x5	13.65	9.67	sentmm2ont.na.sentdhiomr2.giabHC_x_clinvar_genes.rtg_vcfeval	1	1	0	62.3827	0.009856	0.2772564444444444	0.05876388888888889
OBS16	E1	prod-cand-1703-hg002-bjuice-v2-multiau-20260814T114522Z	10x5	HG002-fjg1n22920ymw4	E1:10x5	13.65	9.67	sentmm2ont.na.sentdhiomr2.giabHC_x_ultima.parse_vcfeval_summary	1	1	0	62.4824	0.001234	0.03471244444444444	0.003975
OBS16	E1	prod-cand-1703-hg002-bjuice-v2-multiau-20260814T114522Z	10x5	HG002-fjg1n22920ymw4	E1:10x5	13.65	9.67	sentmm2ont.na.sentdhiomr2.giabHC_x_ultima.rtg_vcfeval	1	1	0	69.1892	0.010932	0.30750755555555553	0.06915555555555555
OBS16	E1	prod-cand-1703-hg002-bjuice-v2-multiau-20260814T114522Z	10x5	HG002-fjg1n22920ymw4	E1:10x5	13.65	9.67	sentmm2ont.na.sentdhiomr2.giabHC_x_ultima_x_clinvar.parse_vcfeval_summary	1	1	0	10.0812	0.000199	0.005600666666666667	2.777777777777778e-06
OBS16	E1	prod-cand-1703-hg002-bjuice-v2-multiau-20260814T114522Z	10x5	HG002-fjg1n22920ymw4	E1:10x5	13.65	9.67	sentmm2ont.na.sentdhiomr2.giabHC_x_ultima_x_clinvar.rtg_vcfeval	1	1	0	61.8096	0.009766	0.27470933333333336	0.058175000000000004
OBS16	E1	prod-cand-1703-hg002-bjuice-v2-multiau-20260814T114522Z	10x5	HG002-fjg1n22920ymw4	E1:10x5	13.65	9.67	sentmm2ont.na.sentdhiomr2.giabHCv5q.parse_vcfeval_summary	1	1	0	74.4554	0.00147	0.04136411111111111	0.004863888888888889
OBS16	E1	prod-cand-1703-hg002-bjuice-v2-multiau-20260814T114522Z	10x5	HG002-fjg1n22920ymw4	E1:10x5	13.65	9.67	sentmm2ont.na.sentdhiomr2.giabHCv5q.rtg_vcfeval	1	1	0	856.4677	0.135318	3.8065231111111113	0.3279333333333333
OBS16	E1	prod-cand-1703-hg002-bjuice-v2-multiau-20260814T114522Z	10x5	HG002-fjg1n22920ymw4	E1:10x5	13.65	9.67	sentmm2ont.na.sentdhiomr2.hg38.parse_vcfeval_summary	1	1	0	94.1684	0.00186	0.05231577777777778	0.0012749999999999999
OBS16	E1	prod-cand-1703-hg002-bjuice-v2-multiau-20260814T114522Z	10x5	HG002-fjg1n22920ymw4	E1:10x5	13.65	9.67	sentmm2ont.na.sentdhiomr2.hg38.rtg_vcfeval	1	1	0	70.4979	0.011138	0.313324	0.0792361111111111
OBS16	E1	prod-cand-1703-hg002-bjuice-v2-multiau-20260814T114522Z	10x5	HG002-fjg1n22920ymw4	E1:10x5	13.65	9.67	sentmm2ont.na.sentdhiomr2.hg38_m_giabHC.parse_vcfeval_summary	1	1	0	25.5579	0.000505	0.014198833333333334	0.0015027777777777778
OBS16	E1	prod-cand-1703-hg002-bjuice-v2-multiau-20260814T114522Z	10x5	HG002-fjg1n22920ymw4	E1:10x5	13.65	9.67	sentmm2ont.na.sentdhiomr2.hg38_m_giabHC.rtg_vcfeval	1	1	0	63.2374	0.009991	0.2810551111111111	0.06044722222222223
OBS16	E1	prod-cand-1703-hg002-bjuice-v2-multiau-20260814T114522Z	10x5	HG002-fjg1n22920ymw4	E1:10x5	13.65	9.67	sentmm2ont.na.sentdhiomr2.peddy	1	1	0	6.7472	0.000267	0.007496888888888889	0.0009694444444444445
OBS16	E1	prod-cand-1703-hg002-bjuice-v2-multiau-20260814T114522Z	10x5	HG002-fjg1n22920ymw4	E1:10x5	13.65	9.67	sentmm2ont.na.sentdhiomr2.rtgvcfstats	1	1	0	23.1152	0.000457	0.012841777777777778	0.006080555555555556
OBS16	E1	prod-cand-1703-hg002-bjuice-v2-multiau-20260814T114522Z	10x5	HG002-fjg1n22920ymw4	E1:10x5	13.65	9.67	sentmm2ont.na.sentdhiomr2.ultima.parse_vcfeval_summary	1	1	0	74.2802	0.001467	0.04126677777777778	0.004838888888888889
OBS16	E1	prod-cand-1703-hg002-bjuice-v2-multiau-20260814T114522Z	10x5	HG002-fjg1n22920ymw4	E1:10x5	13.65	9.67	sentmm2ont.na.sentdhiomr2.ultima.rtg_vcfeval	1	1	0	71.6938	0.011327	0.3186391111111111	0.06683888888888889
OBS16	E1	prod-cand-1703-hg002-bjuice-v2-multiau-20260814T114522Z	10x5	HG002-fjg1n22920ymw4	E1:10x5	13.65	9.67	sentmm2ont.na.sentdhiomr2.vep_concat	1	1	0	50.5437	0.003993	0.11231933333333334	0.0027
OBS16	E1	prod-cand-1703-hg002-bjuice-v2-multiau-20260814T114522Z	10x5	HG002-fjg1n22920ymw4	E1:10x5	13.65	9.67	sentmm2ont.na.sentdhiomr2.vep_concat_fofn	1	1	0	0.0961	1e-06	2.6694444444444445e-05	0.0
OBS16	E1	prod-cand-1703-hg002-bjuice-v2-multiau-20260814T114522Z	10x5	HG002-fjg1n22920ymw4	E1:10x5	13.65	9.67	sentmm2ont.na.sentdhiomr2.vep_validate_input_contigs	1	1	0	0.6691	5e-06	0.00018586111111111112	0.0
OBS16	E1	prod-cand-1703-hg002-bjuice-v2-multiau-20260814T114522Z	10x5	HG002-fjg1n22920ymw4	E1:10x5	13.65	9.67	seqfu	1	1	0	893.8036	0.056552	1.4896726666666664	0.8945166666666667
OBS16	E1	prod-cand-1703-hg002-bjuice-v2-multiau-20260814T114522Z	10x5	HG002-fjg1n22920ymw4	E1:10x5	13.65	9.67	snv_vcf.vcf-sv-stats	1	1	0	222.8739	0.004402	0.12381883333333332	0.05356388888888889
OBS16	E1	prod-cand-1703-hg002-bjuice-v2-multiau-20260814T114522Z	10x5	HG002-fjg1n22920ymw4	E1:10x5	13.65	9.67	source_reheadered_cnvscope_vcf.vcf-sv-stats	1	1	0	2.2603	4.5e-05	0.0012557222222222223	0.00011111111111111112
OBS16	E1	prod-cand-1703-hg002-bjuice-v2-multiau-20260814T114522Z	10x5	HG002-fjg1n22920ymw4	E1:10x5	13.65	9.67	synthetic_smn_vcf.vcf-sv-stats	1	1	0	2.091	4.1e-05	0.0011616666666666668	6.38888888888889e-05
OBS16	E1	prod-cand-1703-hg002-bjuice-v2-multiau-20260814T114522Z	10x5	HG002-fjg1n22920ymw4	E1:10x5	13.65	9.67	tagged_cnv_vcf.vcf-sv-stats	1	1	0	2.0424	4.3e-05	0.0011346666666666669	8.61111111111111e-05
OBS16	E1	prod-cand-1703-hg002-bjuice-v2-multiau-20260814T114522Z	10x5	HG002-fjg1n22920ymw4	E1:10x5	13.65	9.67	tagged_sv_vcf.vcf-sv-stats	1	1	0	4.5521	9e-05	0.0025289444444444448	0.0006916666666666667
OBS16	E1	prod-cand-1703-hg002-bjuice-v2-multiau-20260814T114522Z	10x5	HG002-fjg1n22920ymw4	E1:10x5	13.65	9.67	untagged_trussv_vcf.vcf-sv-stats	1	1	0	2.9322	5.8e-05	0.001629	0.0006111111111111112
OBS17	E1	prod-cand-1703-hg002-bjuice-v2-multiau-20260814T114522Z	15x10	HG002-f277f1cckvy1xb	E1:15x10	13.65	9.67	expansionhunter_vcf.vcf-sv-stats	1	1	0	0.9574	1.9e-05	0.0005318888888888889	2.4999999999999998e-05
OBS17	E1	prod-cand-1703-hg002-bjuice-v2-multiau-20260814T114522Z	15x10	HG002-f277f1cckvy1xb	E1:15x10	13.65	9.67	fastqc	1	1	0	689.1336	0.116274	3.062816	0.2747583333333333
OBS17	E1	prod-cand-1703-hg002-bjuice-v2-multiau-20260814T114522Z	15x10	HG002-f277f1cckvy1xb	E1:15x10	13.65	9.67	mitochondrial_vcf.vcf-sv-stats	1	1	0	1.2285	2.7e-05	0.0006825	7.777777777777778e-05
OBS17	E1	prod-cand-1703-hg002-bjuice-v2-multiau-20260814T114522Z	15x10	HG002-f277f1cckvy1xb	E1:15x10	13.65	9.67	normalized_longreadsv_vcf.vcf-sv-stats	1	1	0	3.2319	6.4e-05	0.0017955	0.00036666666666666667
OBS17	E1	prod-cand-1703-hg002-bjuice-v2-multiau-20260814T114522Z	15x10	HG002-f277f1cckvy1xb	E1:15x10	13.65	9.67	normalized_sniffles2_vcf.vcf-sv-stats	1	1	0	1.7334	3.7e-05	0.000963	0.0002777777777777778
OBS17	E1	prod-cand-1703-hg002-bjuice-v2-multiau-20260814T114522Z	15x10	HG002-f277f1cckvy1xb	E1:15x10	13.65	9.67	normalized_tiddit_vcf.vcf-sv-stats	1	1	0	2.2867	4.5e-05	0.001270388888888889	0.0004694444444444444
OBS17	E1	prod-cand-1703-hg002-bjuice-v2-multiau-20260814T114522Z	15x10	HG002-f277f1cckvy1xb	E1:15x10	13.65	9.67	segdup_CFH_vcf.vcf-sv-stats	1	1	0	0.8309	1.8e-05	0.0004616111111111111	3.0555555555555554e-05
OBS17	E1	prod-cand-1703-hg002-bjuice-v2-multiau-20260814T114522Z	15x10	HG002-f277f1cckvy1xb	E1:15x10	13.65	9.67	segdup_CYP11B1_vcf.vcf-sv-stats	1	1	0	0.8109	1.6e-05	0.0004505	3.888888888888889e-05
OBS17	E1	prod-cand-1703-hg002-bjuice-v2-multiau-20260814T114522Z	15x10	HG002-f277f1cckvy1xb	E1:15x10	13.65	9.67	segdup_CYP2A6_vcf.vcf-sv-stats	1	1	0	0.7891	1.6e-05	0.0004383888888888889	3.611111111111111e-05
OBS17	E1	prod-cand-1703-hg002-bjuice-v2-multiau-20260814T114522Z	15x10	HG002-f277f1cckvy1xb	E1:15x10	13.65	9.67	segdup_CYP2B6_vcf.vcf-sv-stats	1	1	0	0.9621	2.1e-05	0.0005344999999999999	0.0
OBS17	E1	prod-cand-1703-hg002-bjuice-v2-multiau-20260814T114522Z	15x10	HG002-f277f1cckvy1xb	E1:15x10	13.65	9.67	segdup_CYP2D6_vcf.vcf-sv-stats	1	1	0	0.799	1.6e-05	0.0004438888888888889	3.3333333333333335e-05
OBS17	E1	prod-cand-1703-hg002-bjuice-v2-multiau-20260814T114522Z	15x10	HG002-f277f1cckvy1xb	E1:15x10	13.65	9.67	segdup_GBA1_vcf.vcf-sv-stats	1	1	0	0.8154	1.8e-05	0.000453	2.777777777777778e-05
OBS17	E1	prod-cand-1703-hg002-bjuice-v2-multiau-20260814T114522Z	15x10	HG002-f277f1cckvy1xb	E1:15x10	13.65	9.67	segdup_HBA_vcf.vcf-sv-stats	1	1	0	0.8405	1.8e-05	0.00046694444444444447	3.3333333333333335e-05
OBS17	E1	prod-cand-1703-hg002-bjuice-v2-multiau-20260814T114522Z	15x10	HG002-f277f1cckvy1xb	E1:15x10	13.65	9.67	segdup_NCF1_vcf.vcf-sv-stats	1	1	0	0.7707	1.5e-05	0.0004281666666666667	3.888888888888889e-05
OBS17	E1	prod-cand-1703-hg002-bjuice-v2-multiau-20260814T114522Z	15x10	HG002-f277f1cckvy1xb	E1:15x10	13.65	9.67	segdup_OTOA_vcf.vcf-sv-stats	1	1	0	0.8272	1.8e-05	0.0004595555555555556	3.0555555555555554e-05
OBS17	E1	prod-cand-1703-hg002-bjuice-v2-multiau-20260814T114522Z	15x10	HG002-f277f1cckvy1xb	E1:15x10	13.65	9.67	segdup_PMS2_vcf.vcf-sv-stats	1	1	0	0.8699	1.9e-05	0.0004832777777777778	2.4999999999999998e-05
OBS17	E1	prod-cand-1703-hg002-bjuice-v2-multiau-20260814T114522Z	15x10	HG002-f277f1cckvy1xb	E1:15x10	13.65	9.67	segdup_RCCX1_vcf.vcf-sv-stats	1	1	0	0.9526	1.9e-05	0.0005292222222222223	2.4999999999999998e-05
OBS17	E1	prod-cand-1703-hg002-bjuice-v2-multiau-20260814T114522Z	15x10	HG002-f277f1cckvy1xb	E1:15x10	13.65	9.67	segdup_RHD_vcf.vcf-sv-stats	1	1	0	0.8242	1.6e-05	0.0004578888888888889	3.3333333333333335e-05
OBS17	E1	prod-cand-1703-hg002-bjuice-v2-multiau-20260814T114522Z	15x10	HG002-f277f1cckvy1xb	E1:15x10	13.65	9.67	segdup_SBDS_vcf.vcf-sv-stats	1	1	0	0.9506	1.9e-05	0.0005281111111111111	2.2222222222222223e-05
OBS17	E1	prod-cand-1703-hg002-bjuice-v2-multiau-20260814T114522Z	15x10	HG002-f277f1cckvy1xb	E1:15x10	13.65	9.67	segdup_SMN1_vcf.vcf-sv-stats	1	1	0	0.8536	1.9e-05	0.00047422222222222223	2.777777777777778e-05
OBS17	E1	prod-cand-1703-hg002-bjuice-v2-multiau-20260814T114522Z	15x10	HG002-f277f1cckvy1xb	E1:15x10	13.65	9.67	segdup_STRC_vcf.vcf-sv-stats	1	1	0	0.8596	1.9e-05	0.00047755555555555556	2.777777777777778e-05
OBS17	E1	prod-cand-1703-hg002-bjuice-v2-multiau-20260814T114522Z	15x10	HG002-f277f1cckvy1xb	E1:15x10	13.65	9.67	sentdhiomr2.command-manifest	1	1	0	0.5276	0.000712	0.01875911111111111	5.555555555555556e-06
OBS17	E1	prod-cand-1703-hg002-bjuice-v2-multiau-20260814T114522Z	15x10	HG002-f277f1cckvy1xb	E1:15x10	13.65	9.67	sentdhiomr2.five-chromosome-hard-vcf	1	1	0	216.9297	0.274191	7.713056	0.0003194444444444444
OBS17	E1	prod-cand-1703-hg002-bjuice-v2-multiau-20260814T114522Z	15x10	HG002-f277f1cckvy1xb	E1:15x10	13.65	9.67	sentdhiomr2.hybrid-cli172i-core	1	1	0	5420.9184	6.85184	192.74376533333333	0.00488888888888889
OBS17	E1	prod-cand-1703-hg002-bjuice-v2-multiau-20260814T114522Z	15x10	HG002-f277f1cckvy1xb	E1:15x10	13.65	9.67	sentdhiomr2.hybrid-cli172i-finalize-1	1	1	0	217.0737	0.005384	0.241193	0.008541666666666666
OBS17	E1	prod-cand-1703-hg002-bjuice-v2-multiau-20260814T114522Z	15x10	HG002-f277f1cckvy1xb	E1:15x10	13.65	9.67	sentdhiomr2.hybrid-cli172i-finalize-10	1	1	0	137.2959	0.003405	0.152551	0.008244444444444445
OBS17	E1	prod-cand-1703-hg002-bjuice-v2-multiau-20260814T114522Z	15x10	HG002-f277f1cckvy1xb	E1:15x10	13.65	9.67	sentdhiomr2.hybrid-cli172i-finalize-11	1	1	0	135.1868	0.003353	0.15020755555555557	0.0002916666666666667
OBS17	E1	prod-cand-1703-hg002-bjuice-v2-multiau-20260814T114522Z	15x10	HG002-f277f1cckvy1xb	E1:15x10	13.65	9.67	sentdhiomr2.hybrid-cli172i-finalize-12	1	1	0	135.1991	0.003353	0.1502212222222222	0.0003194444444444444
OBS17	E1	prod-cand-1703-hg002-bjuice-v2-multiau-20260814T114522Z	15x10	HG002-f277f1cckvy1xb	E1:15x10	13.65	9.67	sentdhiomr2.hybrid-cli172i-finalize-13	1	1	0	109.238	0.002709	0.12137555555555556	0.005736111111111111
OBS17	E1	prod-cand-1703-hg002-bjuice-v2-multiau-20260814T114522Z	15x10	HG002-f277f1cckvy1xb	E1:15x10	13.65	9.67	sentdhiomr2.hybrid-cli172i-finalize-14	1	1	0	100.5733	0.002495	0.11174811111111112	0.012505555555555556
OBS17	E1	prod-cand-1703-hg002-bjuice-v2-multiau-20260814T114522Z	15x10	HG002-f277f1cckvy1xb	E1:15x10	13.65	9.67	sentdhiomr2.hybrid-cli172i-finalize-15	1	1	0	95.3096	0.002364	0.10589955555555555	8.61111111111111e-05
OBS17	E1	prod-cand-1703-hg002-bjuice-v2-multiau-20260814T114522Z	15x10	HG002-f277f1cckvy1xb	E1:15x10	13.65	9.67	sentdhiomr2.hybrid-cli172i-finalize-16	1	1	0	74.6794	0.001948	0.08297711111111111	0.005280555555555556
OBS17	E1	prod-cand-1703-hg002-bjuice-v2-multiau-20260814T114522Z	15x10	HG002-f277f1cckvy1xb	E1:15x10	13.65	9.67	sentdhiomr2.hybrid-cli172i-finalize-17	1	1	0	95.8702	0.002378	0.10652244444444445	0.014436111111111111
OBS17	E1	prod-cand-1703-hg002-bjuice-v2-multiau-20260814T114522Z	15x10	HG002-f277f1cckvy1xb	E1:15x10	13.65	9.67	sentdhiomr2.hybrid-cli172i-finalize-18	1	1	0	96.7142	0.002399	0.10746022222222223	0.013733333333333334
OBS17	E1	prod-cand-1703-hg002-bjuice-v2-multiau-20260814T114522Z	15x10	HG002-f277f1cckvy1xb	E1:15x10	13.65	9.67	sentdhiomr2.hybrid-cli172i-finalize-19	1	1	0	71.3	0.001768	0.07922222222222222	0.005552777777777777
OBS17	E1	prod-cand-1703-hg002-bjuice-v2-multiau-20260814T114522Z	15x10	HG002-f277f1cckvy1xb	E1:15x10	13.65	9.67	sentdhiomr2.hybrid-cli172i-finalize-2	1	1	0	221.24	0.005487	0.24582222222222222	0.0076
OBS17	E1	prod-cand-1703-hg002-bjuice-v2-multiau-20260814T114522Z	15x10	HG002-f277f1cckvy1xb	E1:15x10	13.65	9.67	sentdhiomr2.hybrid-cli172i-finalize-20	1	1	0	75.8807	0.001882	0.0843118888888889	2.4999999999999998e-05
OBS17	E1	prod-cand-1703-hg002-bjuice-v2-multiau-20260814T114522Z	15x10	HG002-f277f1cckvy1xb	E1:15x10	13.65	9.67	sentdhiomr2.hybrid-cli172i-finalize-21	1	1	0	58.6461	0.001455	0.06516233333333334	0.006983333333333334
OBS17	E1	prod-cand-1703-hg002-bjuice-v2-multiau-20260814T114522Z	15x10	HG002-f277f1cckvy1xb	E1:15x10	13.65	9.67	sentdhiomr2.hybrid-cli172i-finalize-22	1	1	0	52.4553	0.001301	0.05828366666666667	0.0008388888888888889
OBS17	E1	prod-cand-1703-hg002-bjuice-v2-multiau-20260814T114522Z	15x10	HG002-f277f1cckvy1xb	E1:15x10	13.65	9.67	sentdhiomr2.hybrid-cli172i-finalize-23	1	1	0	365.3222	0.009528	0.4059135555555556	0.012013888888888888
OBS17	E1	prod-cand-1703-hg002-bjuice-v2-multiau-20260814T114522Z	15x10	HG002-f277f1cckvy1xb	E1:15x10	13.65	9.67	sentdhiomr2.hybrid-cli172i-finalize-24	1	1	0	94.0787	0.002333	0.10453188888888888	0.013775
OBS17	E1	prod-cand-1703-hg002-bjuice-v2-multiau-20260814T114522Z	15x10	HG002-f277f1cckvy1xb	E1:15x10	13.65	9.67	sentdhiomr2.hybrid-cli172i-finalize-25	1	1	0	14.2224	0.000353	0.015802666666666666	4.1666666666666665e-05
OBS17	E1	prod-cand-1703-hg002-bjuice-v2-multiau-20260814T114522Z	15x10	HG002-f277f1cckvy1xb	E1:15x10	13.65	9.67	sentdhiomr2.hybrid-cli172i-finalize-3	1	1	0	191.1885	0.004742	0.21243166666666669	0.005372222222222222
OBS17	E1	prod-cand-1703-hg002-bjuice-v2-multiau-20260814T114522Z	15x10	HG002-f277f1cckvy1xb	E1:15x10	13.65	9.67	sentdhiomr2.hybrid-cli172i-finalize-4	1	1	0	193.8978	0.004809	0.215442	0.004591666666666667
OBS17	E1	prod-cand-1703-hg002-bjuice-v2-multiau-20260814T114522Z	15x10	HG002-f277f1cckvy1xb	E1:15x10	13.65	9.67	sentdhiomr2.hybrid-cli172i-finalize-5	1	1	0	178.667	0.004432	0.19851888888888888	0.007619444444444444
OBS17	E1	prod-cand-1703-hg002-bjuice-v2-multiau-20260814T114522Z	15x10	HG002-f277f1cckvy1xb	E1:15x10	13.65	9.67	sentdhiomr2.hybrid-cli172i-finalize-6	1	1	0	161.7411	0.004012	0.1797123333333333	0.0034194444444444446
OBS17	E1	prod-cand-1703-hg002-bjuice-v2-multiau-20260814T114522Z	15x10	HG002-f277f1cckvy1xb	E1:15x10	13.65	9.67	sentdhiomr2.hybrid-cli172i-finalize-7	1	1	0	170.3363	0.004225	0.18926255555555554	0.009247222222222223
OBS17	E1	prod-cand-1703-hg002-bjuice-v2-multiau-20260814T114522Z	15x10	HG002-f277f1cckvy1xb	E1:15x10	13.65	9.67	sentdhiomr2.hybrid-cli172i-finalize-8	1	1	0	145.3477	0.003605	0.16149744444444444	0.0065472222222222225
OBS17	E1	prod-cand-1703-hg002-bjuice-v2-multiau-20260814T114522Z	15x10	HG002-f277f1cckvy1xb	E1:15x10	13.65	9.67	sentdhiomr2.hybrid-cli172i-finalize-9	1	1	0	138.3103	0.003431	0.15367811111111113	0.007461111111111111
OBS17	E1	prod-cand-1703-hg002-bjuice-v2-multiau-20260814T114522Z	15x10	HG002-f277f1cckvy1xb	E1:15x10	13.65	9.67	sentdhiomr2.hybrid-cli172i-gather	1	1	0	239.7902	0.011895	0.5328671111111111	0.0042138888888888885
OBS17	E1	prod-cand-1703-hg002-bjuice-v2-multiau-20260814T114522Z	15x10	HG002-f277f1cckvy1xb	E1:15x10	13.65	9.67	sentdhiomr2.inflection-analytical-ancillary	1	1	0	1.6136	0.00204	0.05737244444444444	3.888888888888889e-05
OBS17	E1	prod-cand-1703-hg002-bjuice-v2-multiau-20260814T114522Z	15x10	HG002-f277f1cckvy1xb	E1:15x10	13.65	9.67	sentdhiomr2.inflection-analytical.prod-cand-1703-hg002-bjuice-v2-multiau-20260814T114522Z	1	1	0	1080.646	1.365896	38.42296888888889	0.06092500000000001
OBS17	E1	prod-cand-1703-hg002-bjuice-v2-multiau-20260814T114522Z	15x10	HG002-f277f1cckvy1xb	E1:15x10	13.65	9.67	sentdhiomr2.inflection-multiqc-stage	1	1	0	47.3409	0.000374	0.013150249999999999	0.012341666666666667
OBS17	E1	prod-cand-1703-hg002-bjuice-v2-multiau-20260814T114522Z	15x10	HG002-f277f1cckvy1xb	E1:15x10	13.65	9.67	sentdhiomr2.inflection-multiqc	1	1	0	45.052	0.000445	0.012514444444444444	0.003036111111111111
OBS17	E1	prod-cand-1703-hg002-bjuice-v2-multiau-20260814T114522Z	15x10	HG002-f277f1cckvy1xb	E1:15x10	13.65	9.67	sentdhiomr2.mito	1	1	0	98.872	0.133457	3.515448888888889	0.02723888888888889
OBS17	E1	prod-cand-1703-hg002-bjuice-v2-multiau-20260814T114522Z	15x10	HG002-f277f1cckvy1xb	E1:15x10	13.65	9.67	sentdhiomr2.normalize-smn12	1	1	0	0.3137	2e-06	8.713888888888888e-05	0.0
OBS17	E1	prod-cand-1703-hg002-bjuice-v2-multiau-20260814T114522Z	15x10	HG002-f277f1cckvy1xb	E1:15x10	13.65	9.67	sentdhiomr2.roh_upd	1	1	0	151.0523	0.190925	5.370748444444445	0.04070833333333334
OBS17	E1	prod-cand-1703-hg002-bjuice-v2-multiau-20260814T114522Z	15x10	HG002-f277f1cckvy1xb	E1:15x10	13.65	9.67	sentdhiomr2.rsr-publish	1	1	0	14.0891	0.000111	0.003913638888888889	0.001977777777777778
OBS17	E1	prod-cand-1703-hg002-bjuice-v2-multiau-20260814T114522Z	15x10	HG002-f277f1cckvy1xb	E1:15x10	13.65	9.67	sentdhiomr2.scope	1	1	0	0.7446	6e-06	0.00020683333333333334	0.0
OBS17	E1	prod-cand-1703-hg002-bjuice-v2-multiau-20260814T114522Z	15x10	HG002-f277f1cckvy1xb	E1:15x10	13.65	9.67	sentdhiomr2.segdup.CFH	1	1	0	484.1503	0.367497	17.21423288888889	0.02941388888888889
OBS17	E1	prod-cand-1703-hg002-bjuice-v2-multiau-20260814T114522Z	15x10	HG002-f277f1cckvy1xb	E1:15x10	13.65	9.67	sentdhiomr2.segdup.CYP11B1	1	1	0	368.182	0.463183	13.090915555555556	0.01741111111111111
OBS17	E1	prod-cand-1703-hg002-bjuice-v2-multiau-20260814T114522Z	15x10	HG002-f277f1cckvy1xb	E1:15x10	13.65	9.67	sentdhiomr2.segdup.CYP2A6	1	1	0	313.7774	0.396603	11.156529777777777	0.018447222222222222
OBS17	E1	prod-cand-1703-hg002-bjuice-v2-multiau-20260814T114522Z	15x10	HG002-f277f1cckvy1xb	E1:15x10	13.65	9.67	sentdhiomr2.segdup.CYP2B6	1	1	0	364.3116	0.339296	12.953301333333334	0.025863888888888888
OBS17	E1	prod-cand-1703-hg002-bjuice-v2-multiau-20260814T114522Z	15x10	HG002-f277f1cckvy1xb	E1:15x10	13.65	9.67	sentdhiomr2.segdup.CYP2D6	1	1	0	314.8823	0.239013	11.195815111111111	0.017125
OBS17	E1	prod-cand-1703-hg002-bjuice-v2-multiau-20260814T114522Z	15x10	HG002-f277f1cckvy1xb	E1:15x10	13.65	9.67	sentdhiomr2.segdup.GBA	1	1	0	442.4225	0.55658	15.730577777777778	0.019402777777777776
OBS17	E1	prod-cand-1703-hg002-bjuice-v2-multiau-20260814T114522Z	15x10	HG002-f277f1cckvy1xb	E1:15x10	13.65	9.67	sentdhiomr2.segdup.HBA	1	1	0	340.8708	0.430848	12.119850666666666	0.010797222222222222
OBS17	E1	prod-cand-1703-hg002-bjuice-v2-multiau-20260814T114522Z	15x10	HG002-f277f1cckvy1xb	E1:15x10	13.65	9.67	sentdhiomr2.segdup.IKBKG	1	1	0	326.743	0.248016	11.617528888888888	0.009316666666666666
OBS17	E1	prod-cand-1703-hg002-bjuice-v2-multiau-20260814T114522Z	15x10	HG002-f277f1cckvy1xb	E1:15x10	13.65	9.67	sentdhiomr2.segdup.LPA	1	1	0	263.3867	0.355518	9.364860444444446	0.007519444444444445
OBS17	E1	prod-cand-1703-hg002-bjuice-v2-multiau-20260814T114522Z	15x10	HG002-f277f1cckvy1xb	E1:15x10	13.65	9.67	sentdhiomr2.segdup.NCF1	1	1	0	343.3932	0.260655	12.209536	0.03259444444444445
OBS17	E1	prod-cand-1703-hg002-bjuice-v2-multiau-20260814T114522Z	15x10	HG002-f277f1cckvy1xb	E1:15x10	13.65	9.67	sentdhiomr2.segdup.OTOA	1	1	0	446.6245	0.630204	15.879982222222223	0.04532777777777778
OBS17	E1	prod-cand-1703-hg002-bjuice-v2-multiau-20260814T114522Z	15x10	HG002-f277f1cckvy1xb	E1:15x10	13.65	9.67	sentdhiomr2.segdup.PMS2	1	1	0	385.034	0.484383	13.690097777777778	0.044775
OBS17	E1	prod-cand-1703-hg002-bjuice-v2-multiau-20260814T114522Z	15x10	HG002-f277f1cckvy1xb	E1:15x10	13.65	9.67	sentdhiomr2.segdup.RCCX	1	1	0	384.9292	0.519576	13.686371555555555	0.07239444444444444
OBS17	E1	prod-cand-1703-hg002-bjuice-v2-multiau-20260814T114522Z	15x10	HG002-f277f1cckvy1xb	E1:15x10	13.65	9.67	sentdhiomr2.segdup.RH	1	1	0	485.0549	0.613091	17.246396444444443	0.027744444444444443
OBS17	E1	prod-cand-1703-hg002-bjuice-v2-multiau-20260814T114522Z	15x10	HG002-f277f1cckvy1xb	E1:15x10	13.65	9.67	sentdhiomr2.segdup.SBDS	1	1	0	367.0159	0.463895	13.049454222222222	0.01599722222222222
OBS17	E1	prod-cand-1703-hg002-bjuice-v2-multiau-20260814T114522Z	15x10	HG002-f277f1cckvy1xb	E1:15x10	13.65	9.67	sentdhiomr2.segdup.SMN1	1	1	0	461.5457	0.769987	16.41051377777778	0.048425
OBS17	E1	prod-cand-1703-hg002-bjuice-v2-multiau-20260814T114522Z	15x10	HG002-f277f1cckvy1xb	E1:15x10	13.65	9.67	sentdhiomr2.segdup.STRC	1	1	0	322.2401	0.244598	11.457425777777777	0.011077777777777778
OBS17	E1	prod-cand-1703-hg002-bjuice-v2-multiau-20260814T114522Z	15x10	HG002-f277f1cckvy1xb	E1:15x10	13.65	9.67	sentdhiomr2.slim-longreadsv-normalize	1	1	0	4.6533	0.00147	0.041362666666666666	0.00055
OBS17	E1	prod-cand-1703-hg002-bjuice-v2-multiau-20260814T114522Z	15x10	HG002-f277f1cckvy1xb	E1:15x10	13.65	9.67	sentdhiomr2.slim-sniffles2-normalize	1	1	0	2.3649	0.000747	0.021021333333333333	0.0006638888888888889
OBS17	E1	prod-cand-1703-hg002-bjuice-v2-multiau-20260814T114522Z	15x10	HG002-f277f1cckvy1xb	E1:15x10	13.65	9.67	sentdhiomr2.slim-tag-cnv	1	1	0	26.8398	0.008481	0.238576	0.0040861111111111115
OBS17	E1	prod-cand-1703-hg002-bjuice-v2-multiau-20260814T114522Z	15x10	HG002-f277f1cckvy1xb	E1:15x10	13.65	9.67	sentdhiomr2.slim-tag-sv	1	1	0	987.2469	0.311961	8.775528	0.25764444444444445
OBS17	E1	prod-cand-1703-hg002-bjuice-v2-multiau-20260814T114522Z	15x10	HG002-f277f1cckvy1xb	E1:15x10	13.65	9.67	sentdhiomr2.slim-tiddit-normalize	1	1	0	5.3706	0.001697	0.047738666666666665	0.0006138888888888889
OBS17	E1	prod-cand-1703-hg002-bjuice-v2-multiau-20260814T114522Z	15x10	HG002-f277f1cckvy1xb	E1:15x10	13.65	9.67	sentdhiomr2.slim-tiddit-repair	1	1	0	1.9529	0.000617	0.017359111111111113	0.0002111111111111111
OBS17	E1	prod-cand-1703-hg002-bjuice-v2-multiau-20260814T114522Z	15x10	HG002-f277f1cckvy1xb	E1:15x10	13.65	9.67	sentdhiomr2.slim-trussv	1	1	0	6.0166	0.001901	0.05348088888888889	0.00028333333333333335
OBS17	E1	prod-cand-1703-hg002-bjuice-v2-multiau-20260814T114522Z	15x10	HG002-f277f1cckvy1xb	E1:15x10	13.65	9.67	sentdhiomr2.slim-truvari-aggregate	1	1	0	0.456	4e-06	0.00012666666666666666	0.0
OBS17	E1	prod-cand-1703-hg002-bjuice-v2-multiau-20260814T114522Z	15x10	HG002-f277f1cckvy1xb	E1:15x10	13.65	9.67	sentdhiomr2.slim-truvari-longreadsv	1	1	0	167.9229	0.053062	1.492648	0.0006722222222222222
OBS17	E1	prod-cand-1703-hg002-bjuice-v2-multiau-20260814T114522Z	15x10	HG002-f277f1cckvy1xb	E1:15x10	13.65	9.67	sentdhiomr2.slim-truvari-sniffles2	1	1	0	165.3738	0.052257	1.4699893333333331	0.03798611111111111
OBS17	E1	prod-cand-1703-hg002-bjuice-v2-multiau-20260814T114522Z	15x10	HG002-f277f1cckvy1xb	E1:15x10	13.65	9.67	sentdhiomr2.slim-truvari-tagged_trussv	1	1	0	172.8711	0.054626	1.5366320000000002	0.045983333333333334
OBS17	E1	prod-cand-1703-hg002-bjuice-v2-multiau-20260814T114522Z	15x10	HG002-f277f1cckvy1xb	E1:15x10	13.65	9.67	sentdhiomr2.slim-truvari-tiddit	1	1	0	162.8615	0.051463	1.447657777777778	0.037625
OBS17	E1	prod-cand-1703-hg002-bjuice-v2-multiau-20260814T114522Z	15x10	HG002-f277f1cckvy1xb	E1:15x10	13.65	9.67	sentdhiomr2.sniffles2	1	1	0	69.1547	0.093345	2.458833777777778	0.003505555555555555
OBS17	E1	prod-cand-1703-hg002-bjuice-v2-multiau-20260814T114522Z	15x10	HG002-f277f1cckvy1xb	E1:15x10	13.65	9.67	sentdhiomr2.sr-prepare	1	1	0	2057.0189	3.899994	109.70767466666666	0.0018694444444444446
OBS17	E1	prod-cand-1703-hg002-bjuice-v2-multiau-20260814T114522Z	15x10	HG002-f277f1cckvy1xb	E1:15x10	13.65	9.67	sentdhiomr2.terminal-hybrid-validate	1	1	0	172.8607	0.218489	6.146158222222223	0.04373333333333333
OBS17	E1	prod-cand-1703-hg002-bjuice-v2-multiau-20260814T114522Z	15x10	HG002-f277f1cckvy1xb	E1:15x10	13.65	9.67	sentdhiomr2.tiddit	1	1	0	1536.0877	2.152144	54.61645155555556	0.6763361111111111
OBS17	E1	prod-cand-1703-hg002-bjuice-v2-multiau-20260814T114522Z	15x10	HG002-f277f1cckvy1xb	E1:15x10	13.65	9.67	sentdhiomr2.tiddit.sort	1	1	0	1.1044	0.001491	0.039267555555555556	2.777777777777778e-06
OBS17	E1	prod-cand-1703-hg002-bjuice-v2-multiau-20260814T114522Z	15x10	HG002-f277f1cckvy1xb	E1:15x10	13.65	9.67	sentdhiomr2lr.na.alignstats	1	1	0	140.119	0.005535	0.15568777777777779	0.10999444444444445
OBS17	E1	prod-cand-1703-hg002-bjuice-v2-multiau-20260814T114522Z	15x10	HG002-f277f1cckvy1xb	E1:15x10	13.65	9.67	sentdhiomr2lr.na.coverage_evenness_two	1	1	0	233.6203	0.036911	1.0383124444444445	0.6788055555555556
OBS17	E1	prod-cand-1703-hg002-bjuice-v2-multiau-20260814T114522Z	15x10	HG002-f277f1cckvy1xb	E1:15x10	13.65	9.67	sentdhiomr2lr.na.gatk_contam	1	1	0	8.0161	0.000158	0.004453388888888889	0.0030833333333333333
OBS17	E1	prod-cand-1703-hg002-bjuice-v2-multiau-20260814T114522Z	15x10	HG002-f277f1cckvy1xb	E1:15x10	13.65	9.67	sentdhiomr2lr.na.goleft	1	1	0	1.1929	2.4e-05	0.0006627222222222223	0.0
OBS17	E1	prod-cand-1703-hg002-bjuice-v2-multiau-20260814T114522Z	15x10	HG002-f277f1cckvy1xb	E1:15x10	13.65	9.67	sentdhiomr2lr.na.infer_sex_complement	1	1	0	0.48	5e-06	0.00013333333333333334	2.777777777777778e-06
OBS17	E1	prod-cand-1703-hg002-bjuice-v2-multiau-20260814T114522Z	15x10	HG002-f277f1cckvy1xb	E1:15x10	13.65	9.67	sentdhiomr2lr.na.mosdepth	1	1	0	113.5446	0.004485	0.12616066666666667	0.039766666666666665
OBS17	E1	prod-cand-1703-hg002-bjuice-v2-multiau-20260814T114522Z	15x10	HG002-f277f1cckvy1xb	E1:15x10	13.65	9.67	sentdhiomr2lr.na.norm_cov_eveness	1	1	0	413.6799	0.017449	0.4596443333333333	3.0555555555555554e-05
OBS17	E1	prod-cand-1703-hg002-bjuice-v2-multiau-20260814T114522Z	15x10	HG002-f277f1cckvy1xb	E1:15x10	13.65	9.67	sentdhiomr2lr.na.p.ganon2_multiqc_log	1	1	0	0.0465	0.0	1.2916666666666666e-05	0.0
OBS17	E1	prod-cand-1703-hg002-bjuice-v2-multiau-20260814T114522Z	15x10	HG002-f277f1cckvy1xb	E1:15x10	13.65	9.67	sentdhiomr2lr.na.p.unmapped_metagenomics_ganon2_quick	1	1	0	54.7581	0.073912	1.9469546666666666	0.033125
OBS17	E1	prod-cand-1703-hg002-bjuice-v2-multiau-20260814T114522Z	15x10	HG002-f277f1cckvy1xb	E1:15x10	13.65	9.67	sentdhiomr2lr.na.samt	1	1	0	415.9549	0.017545	0.4621721111111111	0.001486111111111111
OBS17	E1	prod-cand-1703-hg002-bjuice-v2-multiau-20260814T114522Z	15x10	HG002-f277f1cckvy1xb	E1:15x10	13.65	9.67	sentdhiomr2lr.na.sex_complement_somalier_metrics	1	1	0	0.4599	9e-06	0.0002555	5.555555555555556e-06
OBS17	E1	prod-cand-1703-hg002-bjuice-v2-multiau-20260814T114522Z	15x10	HG002-f277f1cckvy1xb	E1:15x10	13.65	9.67	sentdhiomr2lr.na.site_mix_contam	1	1	0	9.709	9.6e-05	0.0026969444444444445	0.002338888888888889
OBS17	E1	prod-cand-1703-hg002-bjuice-v2-multiau-20260814T114522Z	15x10	HG002-f277f1cckvy1xb	E1:15x10	13.65	9.67	sentdhiomr2lr.na.site_mix_contam_pileups	1	1	0	1206.7331	0.047665	1.3408145555555555	0.33720833333333333
OBS17	E1	prod-cand-1703-hg002-bjuice-v2-multiau-20260814T114522Z	15x10	HG002-f277f1cckvy1xb	E1:15x10	13.65	9.67	sentdhiomr2rsr.na.alignstats	1	1	0	262.5935	0.010372	0.2917705555555556	0.13483055555555556
OBS17	E1	prod-cand-1703-hg002-bjuice-v2-multiau-20260814T114522Z	15x10	HG002-f277f1cckvy1xb	E1:15x10	13.65	9.67	sentdhiomr2rsr.na.coverage_evenness_two	1	1	0	238.8159	0.037732	1.061404	0.6121694444444444
OBS17	E1	prod-cand-1703-hg002-bjuice-v2-multiau-20260814T114522Z	15x10	HG002-f277f1cckvy1xb	E1:15x10	13.65	9.67	sentdhiomr2rsr.na.gatk_contam	1	1	0	8.7264	0.000172	0.004848	0.003472222222222222
OBS17	E1	prod-cand-1703-hg002-bjuice-v2-multiau-20260814T114522Z	15x10	HG002-f277f1cckvy1xb	E1:15x10	13.65	9.67	sentdhiomr2rsr.na.goleft	1	1	0	1.7304	3.4e-05	0.0009613333333333332	2.777777777777778e-06
OBS17	E1	prod-cand-1703-hg002-bjuice-v2-multiau-20260814T114522Z	15x10	HG002-f277f1cckvy1xb	E1:15x10	13.65	9.67	sentdhiomr2rsr.na.infer_sex_complement	1	1	0	0.6899	7e-06	0.00019163888888888887	8.333333333333334e-06
OBS17	E1	prod-cand-1703-hg002-bjuice-v2-multiau-20260814T114522Z	15x10	HG002-f277f1cckvy1xb	E1:15x10	13.65	9.67	sentdhiomr2rsr.na.mosdepth	1	1	0	118.033	0.004662	0.13114777777777778	0.04431388888888889
OBS17	E1	prod-cand-1703-hg002-bjuice-v2-multiau-20260814T114522Z	15x10	HG002-f277f1cckvy1xb	E1:15x10	13.65	9.67	sentdhiomr2rsr.na.norm_cov_eveness	1	1	0	497.4332	0.019648	0.5527035555555555	0.00017777777777777779
OBS17	E1	prod-cand-1703-hg002-bjuice-v2-multiau-20260814T114522Z	15x10	HG002-f277f1cckvy1xb	E1:15x10	13.65	9.67	sentdhiomr2rsr.na.p.ganon2_multiqc_log	1	1	0	0.0475	0.0	1.3194444444444444e-05	0.0
OBS17	E1	prod-cand-1703-hg002-bjuice-v2-multiau-20260814T114522Z	15x10	HG002-f277f1cckvy1xb	E1:15x10	13.65	9.67	sentdhiomr2rsr.na.p.unmapped_metagenomics_ganon2_quick	1	1	0	367.3368	0.4643	13.060863999999999	0.025105555555555555
OBS17	E1	prod-cand-1703-hg002-bjuice-v2-multiau-20260814T114522Z	15x10	HG002-f277f1cckvy1xb	E1:15x10	13.65	9.67	sentdhiomr2rsr.na.samt	1	1	0	407.6801	0.016103	0.45297788888888885	0.0075
OBS17	E1	prod-cand-1703-hg002-bjuice-v2-multiau-20260814T114522Z	15x10	HG002-f277f1cckvy1xb	E1:15x10	13.65	9.67	sentdhiomr2rsr.na.sex_complement_somalier_metrics	1	1	0	0.6244	1.2e-05	0.0003468888888888889	0.0
OBS17	E1	prod-cand-1703-hg002-bjuice-v2-multiau-20260814T114522Z	15x10	HG002-f277f1cckvy1xb	E1:15x10	13.65	9.67	sentdhiomr2rsr.na.site_mix_contam	1	1	0	25.7115	0.000254	0.007142083333333334	0.004202777777777778
OBS17	E1	prod-cand-1703-hg002-bjuice-v2-multiau-20260814T114522Z	15x10	HG002-f277f1cckvy1xb	E1:15x10	13.65	9.67	sentdhiomr2rsr.na.site_mix_contam_pileups	1	1	0	1167.2894	0.046107	1.296988222222222	0.20338611111111113
OBS17	E1	prod-cand-1703-hg002-bjuice-v2-multiau-20260814T114522Z	15x10	HG002-f277f1cckvy1xb	E1:15x10	13.65	9.67	sentdhiomr2sr.smd.alignstats	1	1	0	864.3142	0.034139	0.9603491111111111	0.52055
OBS17	E1	prod-cand-1703-hg002-bjuice-v2-multiau-20260814T114522Z	15x10	HG002-f277f1cckvy1xb	E1:15x10	13.65	9.67	sentdhiomr2sr.smd.coverage_evenness_two	1	1	0	379.4709	0.059955	1.686537333333333	0.6601888888888888
OBS17	E1	prod-cand-1703-hg002-bjuice-v2-multiau-20260814T114522Z	15x10	HG002-f277f1cckvy1xb	E1:15x10	13.65	9.67	sentdhiomr2sr.smd.gatk_contam	1	1	0	18.0715	0.000357	0.010039722222222222	0.0058
OBS17	E1	prod-cand-1703-hg002-bjuice-v2-multiau-20260814T114522Z	15x10	HG002-f277f1cckvy1xb	E1:15x10	13.65	9.67	sentdhiomr2sr.smd.goleft	1	1	0	1.4054	3e-05	0.0007807777777777778	0.00022500000000000002
OBS17	E1	prod-cand-1703-hg002-bjuice-v2-multiau-20260814T114522Z	15x10	HG002-f277f1cckvy1xb	E1:15x10	13.65	9.67	sentdhiomr2sr.smd.infer_sex_complement	1	1	0	0.613	6e-06	0.00017027777777777777	8.333333333333334e-06
OBS17	E1	prod-cand-1703-hg002-bjuice-v2-multiau-20260814T114522Z	15x10	HG002-f277f1cckvy1xb	E1:15x10	13.65	9.67	sentdhiomr2sr.smd.mosdepth	1	1	0	181.1333	0.007155	0.2012592222222222	0.09259722222222223
OBS17	E1	prod-cand-1703-hg002-bjuice-v2-multiau-20260814T114522Z	15x10	HG002-f277f1cckvy1xb	E1:15x10	13.65	9.67	sentdhiomr2sr.smd.norm_cov_eveness	1	1	0	605.0531	0.023899	0.6722812222222222	0.0015833333333333333
OBS17	E1	prod-cand-1703-hg002-bjuice-v2-multiau-20260814T114522Z	15x10	HG002-f277f1cckvy1xb	E1:15x10	13.65	9.67	sentdhiomr2sr.smd.p.ganon2_multiqc_log	1	1	0	0.0514	0.0	1.4277777777777778e-05	0.0
OBS17	E1	prod-cand-1703-hg002-bjuice-v2-multiau-20260814T114522Z	15x10	HG002-f277f1cckvy1xb	E1:15x10	13.65	9.67	sentdhiomr2sr.smd.p.unmapped_metagenomics_ganon2_quick	1	1	0	2633.2438	3.689321	93.62644622222223	0.34824722222222226
OBS17	E1	prod-cand-1703-hg002-bjuice-v2-multiau-20260814T114522Z	15x10	HG002-f277f1cckvy1xb	E1:15x10	13.65	9.67	sentdhiomr2sr.smd.samt	1	1	0	1435.3209	0.056694	1.594801	0.04049166666666667
OBS17	E1	prod-cand-1703-hg002-bjuice-v2-multiau-20260814T114522Z	15x10	HG002-f277f1cckvy1xb	E1:15x10	13.65	9.67	sentdhiomr2sr.smd.sex_complement_somalier_metrics	1	1	0	0.5763	1.2e-05	0.0003201666666666667	1.1111111111111112e-05
OBS17	E1	prod-cand-1703-hg002-bjuice-v2-multiau-20260814T114522Z	15x10	HG002-f277f1cckvy1xb	E1:15x10	13.65	9.67	sentdhiomr2sr.smd.site_mix_contam	1	1	0	38.1498	0.000377	0.010597166666666666	0.004263888888888889
OBS17	E1	prod-cand-1703-hg002-bjuice-v2-multiau-20260814T114522Z	15x10	HG002-f277f1cckvy1xb	E1:15x10	13.65	9.67	sentdhiomr2sr.smd.site_mix_contam_pileups	1	1	0	2724.9849	0.107634	3.027761	0.7632777777777778
OBS17	E1	prod-cand-1703-hg002-bjuice-v2-multiau-20260814T114522Z	15x10	HG002-f277f1cckvy1xb	E1:15x10	13.65	9.67	sentmm2ont.na.expansionhunter	1	1	0	419.9187	0.073541	1.8663053333333333	1.5941888888888889
OBS17	E1	prod-cand-1703-hg002-bjuice-v2-multiau-20260814T114522Z	15x10	HG002-f277f1cckvy1xb	E1:15x10	13.65	9.67	sentmm2ont.na.expansionhunter_json_to_tsv	1	1	0	0.6923	7e-06	0.00019230555555555556	8.333333333333334e-06
OBS17	E1	prod-cand-1703-hg002-bjuice-v2-multiau-20260814T114522Z	15x10	HG002-f277f1cckvy1xb	E1:15x10	13.65	9.67	sentmm2ont.na.sentdhiomr2.altair-v1.1.parse_vcfeval_summary	1	1	0	9.4724	0.000187	0.005262444444444445	4.1666666666666665e-05
OBS17	E1	prod-cand-1703-hg002-bjuice-v2-multiau-20260814T114522Z	15x10	HG002-f277f1cckvy1xb	E1:15x10	13.65	9.67	sentmm2ont.na.sentdhiomr2.altair-v1.1.rtg_vcfeval	1	1	0	63.2327	0.00999	0.28103422222222224	0.05944722222222222
OBS17	E1	prod-cand-1703-hg002-bjuice-v2-multiau-20260814T114522Z	15x10	HG002-f277f1cckvy1xb	E1:15x10	13.65	9.67	sentmm2ont.na.sentdhiomr2.bcfstat	1	1	0	17.4655	0.001035	0.029109166666666665	0.0048916666666666666
OBS17	E1	prod-cand-1703-hg002-bjuice-v2-multiau-20260814T114522Z	15x10	HG002-f277f1cckvy1xb	E1:15x10	13.65	9.67	sentmm2ont.na.sentdhiomr2.chr1.vep	1	1	0	688.9533	0.027213	0.7655036666666667	0.009755555555555556
OBS17	E1	prod-cand-1703-hg002-bjuice-v2-multiau-20260814T114522Z	15x10	HG002-f277f1cckvy1xb	E1:15x10	13.65	9.67	sentmm2ont.na.sentdhiomr2.chr1.vep_input	1	1	0	4.4312	4.4e-05	0.0012308888888888888	5.555555555555556e-06
OBS17	E1	prod-cand-1703-hg002-bjuice-v2-multiau-20260814T114522Z	15x10	HG002-f277f1cckvy1xb	E1:15x10	13.65	9.67	sentmm2ont.na.sentdhiomr2.chr10.vep	1	1	0	458.9197	0.018127	0.5099107777777777	0.009197222222222221
OBS17	E1	prod-cand-1703-hg002-bjuice-v2-multiau-20260814T114522Z	15x10	HG002-f277f1cckvy1xb	E1:15x10	13.65	9.67	sentmm2ont.na.sentdhiomr2.chr10.vep_input	1	1	0	4.2925	4.2e-05	0.0011923611111111113	3.888888888888889e-05
OBS17	E1	prod-cand-1703-hg002-bjuice-v2-multiau-20260814T114522Z	15x10	HG002-f277f1cckvy1xb	E1:15x10	13.65	9.67	sentmm2ont.na.sentdhiomr2.chr11.vep	1	1	0	420.3793	0.016604	0.4670881111111111	0.008025000000000001
OBS17	E1	prod-cand-1703-hg002-bjuice-v2-multiau-20260814T114522Z	15x10	HG002-f277f1cckvy1xb	E1:15x10	13.65	9.67	sentmm2ont.na.sentdhiomr2.chr11.vep_input	1	1	0	2.9427	2.9e-05	0.0008174166666666666	0.0
OBS17	E1	prod-cand-1703-hg002-bjuice-v2-multiau-20260814T114522Z	15x10	HG002-f277f1cckvy1xb	E1:15x10	13.65	9.67	sentmm2ont.na.sentdhiomr2.chr12.vep	1	1	0	407.376	0.016091	0.45264	0.005272222222222222
OBS17	E1	prod-cand-1703-hg002-bjuice-v2-multiau-20260814T114522Z	15x10	HG002-f277f1cckvy1xb	E1:15x10	13.65	9.67	sentmm2ont.na.sentdhiomr2.chr12.vep_input	1	1	0	2.8825	2.8e-05	0.0008006944444444444	0.0
OBS17	E1	prod-cand-1703-hg002-bjuice-v2-multiau-20260814T114522Z	15x10	HG002-f277f1cckvy1xb	E1:15x10	13.65	9.67	sentmm2ont.na.sentdhiomr2.chr13.vep	1	1	0	285.9161	0.011293	0.3176845555555555	0.0066500000000000005
OBS17	E1	prod-cand-1703-hg002-bjuice-v2-multiau-20260814T114522Z	15x10	HG002-f277f1cckvy1xb	E1:15x10	13.65	9.67	sentmm2ont.na.sentdhiomr2.chr13.vep_input	1	1	0	2.49	2.5e-05	0.0006916666666666667	0.0004388888888888889
OBS17	E1	prod-cand-1703-hg002-bjuice-v2-multiau-20260814T114522Z	15x10	HG002-f277f1cckvy1xb	E1:15x10	13.65	9.67	sentmm2ont.na.sentdhiomr2.chr14.vep	1	1	0	268.2049	0.010594	0.29800544444444443	0.006611111111111111
OBS17	E1	prod-cand-1703-hg002-bjuice-v2-multiau-20260814T114522Z	15x10	HG002-f277f1cckvy1xb	E1:15x10	13.65	9.67	sentmm2ont.na.sentdhiomr2.chr14.vep_input	1	1	0	2.1058	2.1e-05	0.0005849444444444445	0.00030833333333333337
OBS17	E1	prod-cand-1703-hg002-bjuice-v2-multiau-20260814T114522Z	15x10	HG002-f277f1cckvy1xb	E1:15x10	13.65	9.67	sentmm2ont.na.sentdhiomr2.chr15.vep	1	1	0	289.611	0.011439	0.32178999999999996	0.000175
OBS17	E1	prod-cand-1703-hg002-bjuice-v2-multiau-20260814T114522Z	15x10	HG002-f277f1cckvy1xb	E1:15x10	13.65	9.67	sentmm2ont.na.sentdhiomr2.chr15.vep_input	1	1	0	2.4438	2.4e-05	0.0006788333333333334	1.6666666666666667e-05
OBS17	E1	prod-cand-1703-hg002-bjuice-v2-multiau-20260814T114522Z	15x10	HG002-f277f1cckvy1xb	E1:15x10	13.65	9.67	sentmm2ont.na.sentdhiomr2.chr16.vep	1	1	0	293.0697	0.011576	0.325633	0.004647222222222223
OBS17	E1	prod-cand-1703-hg002-bjuice-v2-multiau-20260814T114522Z	15x10	HG002-f277f1cckvy1xb	E1:15x10	13.65	9.67	sentmm2ont.na.sentdhiomr2.chr16.vep_input	1	1	0	2.8	2.8e-05	0.0007777777777777777	0.0004277777777777778
OBS17	E1	prod-cand-1703-hg002-bjuice-v2-multiau-20260814T114522Z	15x10	HG002-f277f1cckvy1xb	E1:15x10	13.65	9.67	sentmm2ont.na.sentdhiomr2.chr17.vep	1	1	0	283.3206	0.011191	0.3148006666666667	0.005427777777777778
OBS17	E1	prod-cand-1703-hg002-bjuice-v2-multiau-20260814T114522Z	15x10	HG002-f277f1cckvy1xb	E1:15x10	13.65	9.67	sentmm2ont.na.sentdhiomr2.chr17.vep_input	1	1	0	2.5816	2.5e-05	0.0007171111111111111	0.0
OBS17	E1	prod-cand-1703-hg002-bjuice-v2-multiau-20260814T114522Z	15x10	HG002-f277f1cckvy1xb	E1:15x10	13.65	9.67	sentmm2ont.na.sentdhiomr2.chr18.vep	1	1	0	242.3446	0.009572	0.2692717777777778	0.003472222222222222
OBS17	E1	prod-cand-1703-hg002-bjuice-v2-multiau-20260814T114522Z	15x10	HG002-f277f1cckvy1xb	E1:15x10	13.65	9.67	sentmm2ont.na.sentdhiomr2.chr18.vep_input	1	1	0	2.284	2.3e-05	0.0006344444444444444	5.555555555555556e-06
OBS17	E1	prod-cand-1703-hg002-bjuice-v2-multiau-20260814T114522Z	15x10	HG002-f277f1cckvy1xb	E1:15x10	13.65	9.67	sentmm2ont.na.sentdhiomr2.chr19.vep	1	1	0	239.6004	0.009464	0.26622266666666666	0.005877777777777778
OBS17	E1	prod-cand-1703-hg002-bjuice-v2-multiau-20260814T114522Z	15x10	HG002-f277f1cckvy1xb	E1:15x10	13.65	9.67	sentmm2ont.na.sentdhiomr2.chr19.vep_input	1	1	0	2.1621	2.1e-05	0.0006005833333333334	0.00025833333333333334
OBS17	E1	prod-cand-1703-hg002-bjuice-v2-multiau-20260814T114522Z	15x10	HG002-f277f1cckvy1xb	E1:15x10	13.65	9.67	sentmm2ont.na.sentdhiomr2.chr2.vep	1	1	0	702.7526	0.027758	0.7808362222222223	0.010983333333333333
OBS17	E1	prod-cand-1703-hg002-bjuice-v2-multiau-20260814T114522Z	15x10	HG002-f277f1cckvy1xb	E1:15x10	13.65	9.67	sentmm2ont.na.sentdhiomr2.chr2.vep_input	1	1	0	4.1276	4.1e-05	0.0011465555555555556	1.9444444444444445e-05
OBS17	E1	prod-cand-1703-hg002-bjuice-v2-multiau-20260814T114522Z	15x10	HG002-f277f1cckvy1xb	E1:15x10	13.65	9.67	sentmm2ont.na.sentdhiomr2.chr20.vep	1	1	0	190.9834	0.007544	0.21220377777777777	0.00575
OBS17	E1	prod-cand-1703-hg002-bjuice-v2-multiau-20260814T114522Z	15x10	HG002-f277f1cckvy1xb	E1:15x10	13.65	9.67	sentmm2ont.na.sentdhiomr2.chr20.vep_input	1	1	0	1.7235	1.7e-05	0.00047875	2.777777777777778e-06
OBS17	E1	prod-cand-1703-hg002-bjuice-v2-multiau-20260814T114522Z	15x10	HG002-f277f1cckvy1xb	E1:15x10	13.65	9.67	sentmm2ont.na.sentdhiomr2.chr21.vep	1	1	0	164.2706	0.006488	0.1825228888888889	0.0026833333333333336
OBS17	E1	prod-cand-1703-hg002-bjuice-v2-multiau-20260814T114522Z	15x10	HG002-f277f1cckvy1xb	E1:15x10	13.65	9.67	sentmm2ont.na.sentdhiomr2.chr21.vep_input	1	1	0	1.9879	2e-05	0.0005521944444444445	0.00026388888888888886
OBS17	E1	prod-cand-1703-hg002-bjuice-v2-multiau-20260814T114522Z	15x10	HG002-f277f1cckvy1xb	E1:15x10	13.65	9.67	sentmm2ont.na.sentdhiomr2.chr22.vep	1	1	0	161.1492	0.006365	0.17905466666666667	0.0038055555555555555
OBS17	E1	prod-cand-1703-hg002-bjuice-v2-multiau-20260814T114522Z	15x10	HG002-f277f1cckvy1xb	E1:15x10	13.65	9.67	sentmm2ont.na.sentdhiomr2.chr22.vep_input	1	1	0	1.9449	1.9e-05	0.00054025	1.1111111111111112e-05
OBS17	E1	prod-cand-1703-hg002-bjuice-v2-multiau-20260814T114522Z	15x10	HG002-f277f1cckvy1xb	E1:15x10	13.65	9.67	sentmm2ont.na.sentdhiomr2.chr3.vep	1	1	0	627.0657	0.024768	0.6967396666666666	0.010705555555555555
OBS17	E1	prod-cand-1703-hg002-bjuice-v2-multiau-20260814T114522Z	15x10	HG002-f277f1cckvy1xb	E1:15x10	13.65	9.67	sentmm2ont.na.sentdhiomr2.chr3.vep_input	1	1	0	4.6779	4.6e-05	0.0012994166666666668	5.833333333333333e-05
OBS17	E1	prod-cand-1703-hg002-bjuice-v2-multiau-20260814T114522Z	15x10	HG002-f277f1cckvy1xb	E1:15x10	13.65	9.67	sentmm2ont.na.sentdhiomr2.chr4.vep	1	1	0	611.3306	0.024147	0.6792562222222223	0.012133333333333333
OBS17	E1	prod-cand-1703-hg002-bjuice-v2-multiau-20260814T114522Z	15x10	HG002-f277f1cckvy1xb	E1:15x10	13.65	9.67	sentmm2ont.na.sentdhiomr2.chr4.vep_input	1	1	0	4.4882	4.4e-05	0.0012467222222222222	5.555555555555556e-06
OBS17	E1	prod-cand-1703-hg002-bjuice-v2-multiau-20260814T114522Z	15x10	HG002-f277f1cckvy1xb	E1:15x10	13.65	9.67	sentmm2ont.na.sentdhiomr2.chr5.vep	1	1	0	522.4936	0.020638	0.5805484444444444	0.009980555555555555
OBS17	E1	prod-cand-1703-hg002-bjuice-v2-multiau-20260814T114522Z	15x10	HG002-f277f1cckvy1xb	E1:15x10	13.65	9.67	sentmm2ont.na.sentdhiomr2.chr5.vep_input	1	1	0	3.9978	3.9e-05	0.0011105	0.0
OBS17	E1	prod-cand-1703-hg002-bjuice-v2-multiau-20260814T114522Z	15x10	HG002-f277f1cckvy1xb	E1:15x10	13.65	9.67	sentmm2ont.na.sentdhiomr2.chr6.vep	1	1	0	574.2172	0.022681	0.6380191111111112	0.007838888888888888
OBS17	E1	prod-cand-1703-hg002-bjuice-v2-multiau-20260814T114522Z	15x10	HG002-f277f1cckvy1xb	E1:15x10	13.65	9.67	sentmm2ont.na.sentdhiomr2.chr6.vep_input	1	1	0	4.5586	4.5e-05	0.0012662777777777778	2.777777777777778e-06
OBS17	E1	prod-cand-1703-hg002-bjuice-v2-multiau-20260814T114522Z	15x10	HG002-f277f1cckvy1xb	E1:15x10	13.65	9.67	sentmm2ont.na.sentdhiomr2.chr7.vep	1	1	0	508.999	0.020105	0.5655544444444445	0.007472222222222222
OBS17	E1	prod-cand-1703-hg002-bjuice-v2-multiau-20260814T114522Z	15x10	HG002-f277f1cckvy1xb	E1:15x10	13.65	9.67	sentmm2ont.na.sentdhiomr2.chr7.vep_input	1	1	0	4.6331	4.6e-05	0.0012869722222222221	8.333333333333334e-06
OBS17	E1	prod-cand-1703-hg002-bjuice-v2-multiau-20260814T114522Z	15x10	HG002-f277f1cckvy1xb	E1:15x10	13.65	9.67	sentmm2ont.na.sentdhiomr2.chr8.vep	1	1	0	531.274	0.020985	0.5903044444444444	0.0002611111111111111
OBS17	E1	prod-cand-1703-hg002-bjuice-v2-multiau-20260814T114522Z	15x10	HG002-f277f1cckvy1xb	E1:15x10	13.65	9.67	sentmm2ont.na.sentdhiomr2.chr8.vep_input	1	1	0	3.1182	3.1e-05	0.0008661666666666667	0.0
OBS17	E1	prod-cand-1703-hg002-bjuice-v2-multiau-20260814T114522Z	15x10	HG002-f277f1cckvy1xb	E1:15x10	13.65	9.67	sentmm2ont.na.sentdhiomr2.chr9.vep	1	1	0	395.3825	0.015617	0.4393138888888889	0.005022222222222221
OBS17	E1	prod-cand-1703-hg002-bjuice-v2-multiau-20260814T114522Z	15x10	HG002-f277f1cckvy1xb	E1:15x10	13.65	9.67	sentmm2ont.na.sentdhiomr2.chr9.vep_input	1	1	0	3.3713	3.3e-05	0.0009364722222222222	0.0005527777777777778
OBS17	E1	prod-cand-1703-hg002-bjuice-v2-multiau-20260814T114522Z	15x10	HG002-f277f1cckvy1xb	E1:15x10	13.65	9.67	sentmm2ont.na.sentdhiomr2.chrM.vep	1	1	0	0.988	3.9e-05	0.0010977777777777778	0.00013333333333333334
OBS17	E1	prod-cand-1703-hg002-bjuice-v2-multiau-20260814T114522Z	15x10	HG002-f277f1cckvy1xb	E1:15x10	13.65	9.67	sentmm2ont.na.sentdhiomr2.chrM.vep_input	1	1	0	0.8088	8e-06	0.00022466666666666666	0.0
OBS17	E1	prod-cand-1703-hg002-bjuice-v2-multiau-20260814T114522Z	15x10	HG002-f277f1cckvy1xb	E1:15x10	13.65	9.67	sentmm2ont.na.sentdhiomr2.chrX.vep	1	1	0	179.1983	0.007078	0.19910922222222222	0.0027722222222222224
OBS17	E1	prod-cand-1703-hg002-bjuice-v2-multiau-20260814T114522Z	15x10	HG002-f277f1cckvy1xb	E1:15x10	13.65	9.67	sentmm2ont.na.sentdhiomr2.chrX.vep_input	1	1	0	2.3537	2.3e-05	0.0006538055555555555	8.333333333333334e-06
OBS17	E1	prod-cand-1703-hg002-bjuice-v2-multiau-20260814T114522Z	15x10	HG002-f277f1cckvy1xb	E1:15x10	13.65	9.67	sentmm2ont.na.sentdhiomr2.chrY.vep	1	1	0	5.9122	0.000234	0.0065691111111111115	0.0011305555555555557
OBS17	E1	prod-cand-1703-hg002-bjuice-v2-multiau-20260814T114522Z	15x10	HG002-f277f1cckvy1xb	E1:15x10	13.65	9.67	sentmm2ont.na.sentdhiomr2.chrY.vep_input	1	1	0	0.9934	1e-05	0.00027594444444444444	0.0
OBS17	E1	prod-cand-1703-hg002-bjuice-v2-multiau-20260814T114522Z	15x10	HG002-f277f1cckvy1xb	E1:15x10	13.65	9.67	sentmm2ont.na.sentdhiomr2.cli-gvcf.altair-v1.1.parse_vcfeval_summary	1	1	0	11.7388	0.000232	0.006521555555555556	6.944444444444444e-05
OBS17	E1	prod-cand-1703-hg002-bjuice-v2-multiau-20260814T114522Z	15x10	HG002-f277f1cckvy1xb	E1:15x10	13.65	9.67	sentmm2ont.na.sentdhiomr2.cli-gvcf.altair-v1.1.rtg_vcfeval	1	1	0	923.9918	0.145986	4.106630222222222	0.0
OBS17	E1	prod-cand-1703-hg002-bjuice-v2-multiau-20260814T114522Z	15x10	HG002-f277f1cckvy1xb	E1:15x10	13.65	9.67	sentmm2ont.na.sentdhiomr2.cli-gvcf.clinvar_genes.parse_vcfeval_summary	1	1	0	12.0208	0.000237	0.006678222222222222	0.00016944444444444445
OBS17	E1	prod-cand-1703-hg002-bjuice-v2-multiau-20260814T114522Z	15x10	HG002-f277f1cckvy1xb	E1:15x10	13.65	9.67	sentmm2ont.na.sentdhiomr2.cli-gvcf.clinvar_genes.rtg_vcfeval	1	1	0	945.513	0.149387	4.20228	0.5184277777777777
OBS17	E1	prod-cand-1703-hg002-bjuice-v2-multiau-20260814T114522Z	15x10	HG002-f277f1cckvy1xb	E1:15x10	13.65	9.67	sentmm2ont.na.sentdhiomr2.cli-gvcf.concordance	1	1	0	0.5644	4.5e-05	0.0012542222222222223	5.555555555555556e-06
OBS17	E1	prod-cand-1703-hg002-bjuice-v2-multiau-20260814T114522Z	15x10	HG002-f277f1cckvy1xb	E1:15x10	13.65	9.67	sentmm2ont.na.sentdhiomr2.cli-gvcf.giabHC.parse_vcfeval_summary	1	1	0	79.4229	0.001569	0.044123833333333334	0.005086111111111111
OBS17	E1	prod-cand-1703-hg002-bjuice-v2-multiau-20260814T114522Z	15x10	HG002-f277f1cckvy1xb	E1:15x10	13.65	9.67	sentmm2ont.na.sentdhiomr2.cli-gvcf.giabHC.rtg_vcfeval	1	1	0	943.8591	0.149125	4.1949293333333335	0.5428499999999999
OBS17	E1	prod-cand-1703-hg002-bjuice-v2-multiau-20260814T114522Z	15x10	HG002-f277f1cckvy1xb	E1:15x10	13.65	9.67	sentmm2ont.na.sentdhiomr2.cli-gvcf.giabHC_x_clinvar_genes.parse_vcfeval_summary	1	1	0	9.5861	0.000189	0.005325611111111111	0.000575
OBS17	E1	prod-cand-1703-hg002-bjuice-v2-multiau-20260814T114522Z	15x10	HG002-f277f1cckvy1xb	E1:15x10	13.65	9.67	sentmm2ont.na.sentdhiomr2.cli-gvcf.giabHC_x_clinvar_genes.rtg_vcfeval	1	1	0	930.485	0.147012	4.135488888888889	0.5212722222222222
OBS17	E1	prod-cand-1703-hg002-bjuice-v2-multiau-20260814T114522Z	15x10	HG002-f277f1cckvy1xb	E1:15x10	13.65	9.67	sentmm2ont.na.sentdhiomr2.cli-gvcf.giabHC_x_ultima.parse_vcfeval_summary	1	1	0	70.4843	0.001392	0.03915794444444445	0.004669444444444444
OBS17	E1	prod-cand-1703-hg002-bjuice-v2-multiau-20260814T114522Z	15x10	HG002-f277f1cckvy1xb	E1:15x10	13.65	9.67	sentmm2ont.na.sentdhiomr2.cli-gvcf.giabHC_x_ultima.rtg_vcfeval	1	1	0	896.5478	0.14165	3.984656888888889	0.5344083333333333
OBS17	E1	prod-cand-1703-hg002-bjuice-v2-multiau-20260814T114522Z	15x10	HG002-f277f1cckvy1xb	E1:15x10	13.65	9.67	sentmm2ont.na.sentdhiomr2.cli-gvcf.giabHC_x_ultima_x_clinvar.parse_vcfeval_summary	1	1	0	10.7694	0.000213	0.005983	0.0005611111111111111
OBS17	E1	prod-cand-1703-hg002-bjuice-v2-multiau-20260814T114522Z	15x10	HG002-f277f1cckvy1xb	E1:15x10	13.65	9.67	sentmm2ont.na.sentdhiomr2.cli-gvcf.giabHC_x_ultima_x_clinvar.rtg_vcfeval	1	1	0	939.3051	0.148406	4.174689333333333	0.5115944444444445
OBS17	E1	prod-cand-1703-hg002-bjuice-v2-multiau-20260814T114522Z	15x10	HG002-f277f1cckvy1xb	E1:15x10	13.65	9.67	sentmm2ont.na.sentdhiomr2.cli-gvcf.giabHCv5q.parse_vcfeval_summary	1	1	0	85.5241	0.001689	0.04751338888888889	0.005647222222222222
OBS17	E1	prod-cand-1703-hg002-bjuice-v2-multiau-20260814T114522Z	15x10	HG002-f277f1cckvy1xb	E1:15x10	13.65	9.67	sentmm2ont.na.sentdhiomr2.cli-gvcf.giabHCv5q.rtg_vcfeval	1	1	0	1189.1427	0.187879	5.285078666666667	0.7847083333333332
OBS17	E1	prod-cand-1703-hg002-bjuice-v2-multiau-20260814T114522Z	15x10	HG002-f277f1cckvy1xb	E1:15x10	13.65	9.67	sentmm2ont.na.sentdhiomr2.cli-gvcf.hg38.parse_vcfeval_summary	1	1	0	97.1108	0.001918	0.05395044444444444	0.005483333333333333
OBS17	E1	prod-cand-1703-hg002-bjuice-v2-multiau-20260814T114522Z	15x10	HG002-f277f1cckvy1xb	E1:15x10	13.65	9.67	sentmm2ont.na.sentdhiomr2.cli-gvcf.hg38.rtg_vcfeval	1	1	0	913.9262	0.144396	4.0618942222222225	0.5415944444444445
OBS17	E1	prod-cand-1703-hg002-bjuice-v2-multiau-20260814T114522Z	15x10	HG002-f277f1cckvy1xb	E1:15x10	13.65	9.67	sentmm2ont.na.sentdhiomr2.cli-gvcf.hg38_m_giabHC.parse_vcfeval_summary	1	1	0	23.6334	0.000467	0.013129666666666668	0.0012444444444444445
OBS17	E1	prod-cand-1703-hg002-bjuice-v2-multiau-20260814T114522Z	15x10	HG002-f277f1cckvy1xb	E1:15x10	13.65	9.67	sentmm2ont.na.sentdhiomr2.cli-gvcf.hg38_m_giabHC.rtg_vcfeval	1	1	0	928.7944	0.146745	4.127975111111111	0.5176361111111111
OBS17	E1	prod-cand-1703-hg002-bjuice-v2-multiau-20260814T114522Z	15x10	HG002-f277f1cckvy1xb	E1:15x10	13.65	9.67	sentmm2ont.na.sentdhiomr2.cli-gvcf.ultima.parse_vcfeval_summary	1	1	0	98.971	0.001955	0.05498388888888889	0.008141666666666667
OBS17	E1	prod-cand-1703-hg002-bjuice-v2-multiau-20260814T114522Z	15x10	HG002-f277f1cckvy1xb	E1:15x10	13.65	9.67	sentmm2ont.na.sentdhiomr2.cli-gvcf.ultima.rtg_vcfeval	1	1	0	905.0068	0.142987	4.022252444444445	0.5433416666666666
OBS17	E1	prod-cand-1703-hg002-bjuice-v2-multiau-20260814T114522Z	15x10	HG002-f277f1cckvy1xb	E1:15x10	13.65	9.67	sentmm2ont.na.sentdhiomr2.clinvar_genes.parse_vcfeval_summary	1	1	0	11.0299	0.000218	0.006127722222222222	0.00014166666666666668
OBS17	E1	prod-cand-1703-hg002-bjuice-v2-multiau-20260814T114522Z	15x10	HG002-f277f1cckvy1xb	E1:15x10	13.65	9.67	sentmm2ont.na.sentdhiomr2.clinvar_genes.rtg_vcfeval	1	1	0	61.6129	0.009735	0.27383511111111114	0.06071111111111111
OBS17	E1	prod-cand-1703-hg002-bjuice-v2-multiau-20260814T114522Z	15x10	HG002-f277f1cckvy1xb	E1:15x10	13.65	9.67	sentmm2ont.na.sentdhiomr2.concordance	1	1	0	0.4256	3.4e-05	0.0009457777777777777	5.555555555555556e-06
OBS17	E1	prod-cand-1703-hg002-bjuice-v2-multiau-20260814T114522Z	15x10	HG002-f277f1cckvy1xb	E1:15x10	13.65	9.67	sentmm2ont.na.sentdhiomr2.giabHC.parse_vcfeval_summary	1	1	0	75.4138	0.001489	0.041896555555555555	0.005736111111111111
OBS17	E1	prod-cand-1703-hg002-bjuice-v2-multiau-20260814T114522Z	15x10	HG002-f277f1cckvy1xb	E1:15x10	13.65	9.67	sentmm2ont.na.sentdhiomr2.giabHC.rtg_vcfeval	1	1	0	67.2923	0.010632	0.2990768888888889	0.07683055555555555
OBS17	E1	prod-cand-1703-hg002-bjuice-v2-multiau-20260814T114522Z	15x10	HG002-f277f1cckvy1xb	E1:15x10	13.65	9.67	sentmm2ont.na.sentdhiomr2.giabHC_x_clinvar_genes.parse_vcfeval_summary	1	1	0	9.3475	0.000185	0.005193055555555556	8.333333333333334e-06
OBS17	E1	prod-cand-1703-hg002-bjuice-v2-multiau-20260814T114522Z	15x10	HG002-f277f1cckvy1xb	E1:15x10	13.65	9.67	sentmm2ont.na.sentdhiomr2.giabHC_x_clinvar_genes.rtg_vcfeval	1	1	0	65.94	0.010418	0.29306666666666664	0.06016111111111112
OBS17	E1	prod-cand-1703-hg002-bjuice-v2-multiau-20260814T114522Z	15x10	HG002-f277f1cckvy1xb	E1:15x10	13.65	9.67	sentmm2ont.na.sentdhiomr2.giabHC_x_ultima.parse_vcfeval_summary	1	1	0	77.0445	0.001522	0.0428025	0.005597222222222222
OBS17	E1	prod-cand-1703-hg002-bjuice-v2-multiau-20260814T114522Z	15x10	HG002-f277f1cckvy1xb	E1:15x10	13.65	9.67	sentmm2ont.na.sentdhiomr2.giabHC_x_ultima.rtg_vcfeval	1	1	0	68.2675	0.010786	0.3034111111111111	0.07001944444444444
OBS17	E1	prod-cand-1703-hg002-bjuice-v2-multiau-20260814T114522Z	15x10	HG002-f277f1cckvy1xb	E1:15x10	13.65	9.67	sentmm2ont.na.sentdhiomr2.giabHC_x_ultima_x_clinvar.parse_vcfeval_summary	1	1	0	8.7823	0.000173	0.004879055555555555	8.333333333333334e-06
OBS17	E1	prod-cand-1703-hg002-bjuice-v2-multiau-20260814T114522Z	15x10	HG002-f277f1cckvy1xb	E1:15x10	13.65	9.67	sentmm2ont.na.sentdhiomr2.giabHC_x_ultima_x_clinvar.rtg_vcfeval	1	1	0	66.1992	0.010459	0.2942186666666667	0.058105555555555556
OBS17	E1	prod-cand-1703-hg002-bjuice-v2-multiau-20260814T114522Z	15x10	HG002-f277f1cckvy1xb	E1:15x10	13.65	9.67	sentmm2ont.na.sentdhiomr2.giabHCv5q.parse_vcfeval_summary	1	1	0	75.5987	0.001493	0.041999277777777774	0.004791666666666666
OBS17	E1	prod-cand-1703-hg002-bjuice-v2-multiau-20260814T114522Z	15x10	HG002-f277f1cckvy1xb	E1:15x10	13.65	9.67	sentmm2ont.na.sentdhiomr2.giabHCv5q.rtg_vcfeval	1	1	0	839.8985	0.1327	3.7328822222222224	0.326525
OBS17	E1	prod-cand-1703-hg002-bjuice-v2-multiau-20260814T114522Z	15x10	HG002-f277f1cckvy1xb	E1:15x10	13.65	9.67	sentmm2ont.na.sentdhiomr2.hg38.parse_vcfeval_summary	1	1	0	84.2108	0.001663	0.04678377777777778	0.0009472222222222222
OBS17	E1	prod-cand-1703-hg002-bjuice-v2-multiau-20260814T114522Z	15x10	HG002-f277f1cckvy1xb	E1:15x10	13.65	9.67	sentmm2ont.na.sentdhiomr2.hg38.rtg_vcfeval	1	1	0	64.6052	0.010207	0.2871342222222222	0.0807388888888889
OBS17	E1	prod-cand-1703-hg002-bjuice-v2-multiau-20260814T114522Z	15x10	HG002-f277f1cckvy1xb	E1:15x10	13.65	9.67	sentmm2ont.na.sentdhiomr2.hg38_m_giabHC.parse_vcfeval_summary	1	1	0	24.8664	0.000491	0.013814666666666666	0.0013055555555555557
OBS17	E1	prod-cand-1703-hg002-bjuice-v2-multiau-20260814T114522Z	15x10	HG002-f277f1cckvy1xb	E1:15x10	13.65	9.67	sentmm2ont.na.sentdhiomr2.hg38_m_giabHC.rtg_vcfeval	1	1	0	66.2388	0.010465	0.29439466666666664	0.059536111111111116
OBS17	E1	prod-cand-1703-hg002-bjuice-v2-multiau-20260814T114522Z	15x10	HG002-f277f1cckvy1xb	E1:15x10	13.65	9.67	sentmm2ont.na.sentdhiomr2.peddy	1	1	0	11.7387	0.000464	0.013042999999999999	0.0012111111111111112
OBS17	E1	prod-cand-1703-hg002-bjuice-v2-multiau-20260814T114522Z	15x10	HG002-f277f1cckvy1xb	E1:15x10	13.65	9.67	sentmm2ont.na.sentdhiomr2.rtgvcfstats	1	1	0	22.5263	0.000445	0.01251461111111111	0.006405555555555555
OBS17	E1	prod-cand-1703-hg002-bjuice-v2-multiau-20260814T114522Z	15x10	HG002-f277f1cckvy1xb	E1:15x10	13.65	9.67	sentmm2ont.na.sentdhiomr2.ultima.parse_vcfeval_summary	1	1	0	85.0045	0.001679	0.04722472222222222	0.006241666666666666
OBS17	E1	prod-cand-1703-hg002-bjuice-v2-multiau-20260814T114522Z	15x10	HG002-f277f1cckvy1xb	E1:15x10	13.65	9.67	sentmm2ont.na.sentdhiomr2.ultima.rtg_vcfeval	1	1	0	71.4589	0.01129	0.3175951111111111	0.06771666666666666
OBS17	E1	prod-cand-1703-hg002-bjuice-v2-multiau-20260814T114522Z	15x10	HG002-f277f1cckvy1xb	E1:15x10	13.65	9.67	sentmm2ont.na.sentdhiomr2.vep_concat	1	1	0	52.8151	0.004172	0.1173668888888889	0.0025444444444444447
OBS17	E1	prod-cand-1703-hg002-bjuice-v2-multiau-20260814T114522Z	15x10	HG002-f277f1cckvy1xb	E1:15x10	13.65	9.67	sentmm2ont.na.sentdhiomr2.vep_concat_fofn	1	1	0	0.0909	1e-06	2.5249999999999997e-05	0.0
OBS17	E1	prod-cand-1703-hg002-bjuice-v2-multiau-20260814T114522Z	15x10	HG002-f277f1cckvy1xb	E1:15x10	13.65	9.67	sentmm2ont.na.sentdhiomr2.vep_validate_input_contigs	1	1	0	0.6371	5e-06	0.00017697222222222222	0.0
OBS17	E1	prod-cand-1703-hg002-bjuice-v2-multiau-20260814T114522Z	15x10	HG002-f277f1cckvy1xb	E1:15x10	13.65	9.67	seqfu	1	1	0	913.0722	0.054098	1.5217869999999998	0.874675
OBS17	E1	prod-cand-1703-hg002-bjuice-v2-multiau-20260814T114522Z	15x10	HG002-f277f1cckvy1xb	E1:15x10	13.65	9.67	snv_vcf.vcf-sv-stats	1	1	0	211.9329	0.004186	0.1177405	0.053775
OBS17	E1	prod-cand-1703-hg002-bjuice-v2-multiau-20260814T114522Z	15x10	HG002-f277f1cckvy1xb	E1:15x10	13.65	9.67	source_reheadered_cnvscope_vcf.vcf-sv-stats	1	1	0	1.2672	2.5e-05	0.0007040000000000001	0.00012222222222222221
OBS17	E1	prod-cand-1703-hg002-bjuice-v2-multiau-20260814T114522Z	15x10	HG002-f277f1cckvy1xb	E1:15x10	13.65	9.67	synthetic_smn_vcf.vcf-sv-stats	1	1	0	1.1389	2.2e-05	0.0006327222222222222	9.722222222222222e-05
OBS17	E1	prod-cand-1703-hg002-bjuice-v2-multiau-20260814T114522Z	15x10	HG002-f277f1cckvy1xb	E1:15x10	13.65	9.67	tagged_cnv_vcf.vcf-sv-stats	1	1	0	1.1075	2.2e-05	0.0006152777777777777	1.1111111111111112e-05
OBS17	E1	prod-cand-1703-hg002-bjuice-v2-multiau-20260814T114522Z	15x10	HG002-f277f1cckvy1xb	E1:15x10	13.65	9.67	tagged_sv_vcf.vcf-sv-stats	1	1	0	3.1958	6.7e-05	0.0017754444444444445	0.0005833333333333334
OBS17	E1	prod-cand-1703-hg002-bjuice-v2-multiau-20260814T114522Z	15x10	HG002-f277f1cckvy1xb	E1:15x10	13.65	9.67	untagged_trussv_vcf.vcf-sv-stats	1	1	0	5.1505	0.000102	0.002861388888888889	0.0008305555555555556
OBS18	E1	prod-cand-1703-hg002-bjuice-v2-multiau-20260814T114522Z	15x5	HG002-bq765db79mczvn	E1:15x5	14.01	11.43	expansionhunter_vcf.vcf-sv-stats	1	1	0	1.0483	2.1e-05	0.0005823888888888889	1.1111111111111112e-05
OBS18	E1	prod-cand-1703-hg002-bjuice-v2-multiau-20260814T114522Z	15x5	HG002-bq765db79mczvn	E1:15x5	14.01	11.43	fastqc	1	1	0	691.2175	0.116625	3.0720777777777775	0.2683916666666667
OBS18	E1	prod-cand-1703-hg002-bjuice-v2-multiau-20260814T114522Z	15x5	HG002-bq765db79mczvn	E1:15x5	14.01	11.43	mitochondrial_vcf.vcf-sv-stats	1	1	0	2.0786	4.4e-05	0.0011547777777777776	6.38888888888889e-05
OBS18	E1	prod-cand-1703-hg002-bjuice-v2-multiau-20260814T114522Z	15x5	HG002-bq765db79mczvn	E1:15x5	14.01	11.43	normalized_longreadsv_vcf.vcf-sv-stats	1	1	0	1.9457	3.8e-05	0.0010809444444444445	0.0002888888888888889
OBS18	E1	prod-cand-1703-hg002-bjuice-v2-multiau-20260814T114522Z	15x5	HG002-bq765db79mczvn	E1:15x5	14.01	11.43	normalized_sniffles2_vcf.vcf-sv-stats	1	1	0	1.7701	3.5e-05	0.000983388888888889	0.00030000000000000003
OBS18	E1	prod-cand-1703-hg002-bjuice-v2-multiau-20260814T114522Z	15x5	HG002-bq765db79mczvn	E1:15x5	14.01	11.43	normalized_tiddit_vcf.vcf-sv-stats	1	1	0	2.7195	6e-05	0.0015108333333333334	0.00046388888888888885
OBS18	E1	prod-cand-1703-hg002-bjuice-v2-multiau-20260814T114522Z	15x5	HG002-bq765db79mczvn	E1:15x5	14.01	11.43	segdup_CFH_vcf.vcf-sv-stats	1	1	0	2.4227	5.3e-05	0.0013459444444444443	0.0001277777777777778
OBS18	E1	prod-cand-1703-hg002-bjuice-v2-multiau-20260814T114522Z	15x5	HG002-bq765db79mczvn	E1:15x5	14.01	11.43	segdup_CYP11B1_vcf.vcf-sv-stats	1	1	0	2.3764	4.7e-05	0.0013202222222222222	9.444444444444446e-05
OBS18	E1	prod-cand-1703-hg002-bjuice-v2-multiau-20260814T114522Z	15x5	HG002-bq765db79mczvn	E1:15x5	14.01	11.43	segdup_CYP2A6_vcf.vcf-sv-stats	1	1	0	0.8251	1.6e-05	0.0004583888888888889	3.0555555555555554e-05
OBS18	E1	prod-cand-1703-hg002-bjuice-v2-multiau-20260814T114522Z	15x5	HG002-bq765db79mczvn	E1:15x5	14.01	11.43	segdup_CYP2B6_vcf.vcf-sv-stats	1	1	0	2.3754	4.7e-05	0.0013196666666666667	9.444444444444446e-05
OBS18	E1	prod-cand-1703-hg002-bjuice-v2-multiau-20260814T114522Z	15x5	HG002-bq765db79mczvn	E1:15x5	14.01	11.43	segdup_CYP2D6_vcf.vcf-sv-stats	1	1	0	2.3649	4.7e-05	0.0013138333333333333	9.722222222222222e-05
OBS18	E1	prod-cand-1703-hg002-bjuice-v2-multiau-20260814T114522Z	15x5	HG002-bq765db79mczvn	E1:15x5	14.01	11.43	segdup_GBA1_vcf.vcf-sv-stats	1	1	0	2.3667	4.7e-05	0.0013148333333333332	9.444444444444446e-05
OBS18	E1	prod-cand-1703-hg002-bjuice-v2-multiau-20260814T114522Z	15x5	HG002-bq765db79mczvn	E1:15x5	14.01	11.43	segdup_HBA_vcf.vcf-sv-stats	1	1	0	0.9171	1.1e-05	0.0005095	2.777777777777778e-05
OBS18	E1	prod-cand-1703-hg002-bjuice-v2-multiau-20260814T114522Z	15x5	HG002-bq765db79mczvn	E1:15x5	14.01	11.43	segdup_NCF1_vcf.vcf-sv-stats	1	1	0	0.8565	1.7e-05	0.00047583333333333337	3.0555555555555554e-05
OBS18	E1	prod-cand-1703-hg002-bjuice-v2-multiau-20260814T114522Z	15x5	HG002-bq765db79mczvn	E1:15x5	14.01	11.43	segdup_OTOA_vcf.vcf-sv-stats	1	1	0	0.9366	1.1e-05	0.0005203333333333334	2.4999999999999998e-05
OBS18	E1	prod-cand-1703-hg002-bjuice-v2-multiau-20260814T114522Z	15x5	HG002-bq765db79mczvn	E1:15x5	14.01	11.43	segdup_PMS2_vcf.vcf-sv-stats	1	1	0	2.4034	4.7e-05	0.0013352222222222222	9.444444444444446e-05
OBS18	E1	prod-cand-1703-hg002-bjuice-v2-multiau-20260814T114522Z	15x5	HG002-bq765db79mczvn	E1:15x5	14.01	11.43	segdup_RCCX1_vcf.vcf-sv-stats	1	1	0	2.4057	4.8e-05	0.0013365	9.722222222222222e-05
OBS18	E1	prod-cand-1703-hg002-bjuice-v2-multiau-20260814T114522Z	15x5	HG002-bq765db79mczvn	E1:15x5	14.01	11.43	segdup_RHD_vcf.vcf-sv-stats	1	1	0	0.7717	1.5e-05	0.00042872222222222226	3.888888888888889e-05
OBS18	E1	prod-cand-1703-hg002-bjuice-v2-multiau-20260814T114522Z	15x5	HG002-bq765db79mczvn	E1:15x5	14.01	11.43	segdup_SBDS_vcf.vcf-sv-stats	1	1	0	2.3757	4.7e-05	0.0013198333333333334	9.444444444444446e-05
OBS18	E1	prod-cand-1703-hg002-bjuice-v2-multiau-20260814T114522Z	15x5	HG002-bq765db79mczvn	E1:15x5	14.01	11.43	segdup_SMN1_vcf.vcf-sv-stats	1	1	0	2.4162	5.3e-05	0.0013423333333333332	0.0001277777777777778
OBS18	E1	prod-cand-1703-hg002-bjuice-v2-multiau-20260814T114522Z	15x5	HG002-bq765db79mczvn	E1:15x5	14.01	11.43	segdup_STRC_vcf.vcf-sv-stats	1	1	0	0.9435	1.1e-05	0.0005241666666666667	3.0555555555555554e-05
OBS18	E1	prod-cand-1703-hg002-bjuice-v2-multiau-20260814T114522Z	15x5	HG002-bq765db79mczvn	E1:15x5	14.01	11.43	sentdhiomr2.command-manifest	1	1	0	0.7294	0.000922	0.025934222222222223	5.555555555555556e-06
OBS18	E1	prod-cand-1703-hg002-bjuice-v2-multiau-20260814T114522Z	15x5	HG002-bq765db79mczvn	E1:15x5	14.01	11.43	sentdhiomr2.five-chromosome-hard-vcf	1	1	0	75.8373	0.095855	2.6964373333333334	2.777777777777778e-06
OBS18	E1	prod-cand-1703-hg002-bjuice-v2-multiau-20260814T114522Z	15x5	HG002-bq765db79mczvn	E1:15x5	14.01	11.43	sentdhiomr2.hybrid-cli172i-core	1	1	0	5824.7219	7.362233	207.1012231111111	0.0036472222222222223
OBS18	E1	prod-cand-1703-hg002-bjuice-v2-multiau-20260814T114522Z	15x5	HG002-bq765db79mczvn	E1:15x5	14.01	11.43	sentdhiomr2.hybrid-cli172i-finalize-1	1	1	0	164.2774	0.004284	0.18253044444444444	0.003466666666666667
OBS18	E1	prod-cand-1703-hg002-bjuice-v2-multiau-20260814T114522Z	15x5	HG002-bq765db79mczvn	E1:15x5	14.01	11.43	sentdhiomr2.hybrid-cli172i-finalize-10	1	1	0	95.2882	0.002485	0.10587577777777778	0.0013805555555555554
OBS18	E1	prod-cand-1703-hg002-bjuice-v2-multiau-20260814T114522Z	15x5	HG002-bq765db79mczvn	E1:15x5	14.01	11.43	sentdhiomr2.hybrid-cli172i-finalize-11	1	1	0	90.4809	0.00236	0.10053433333333334	0.0025527777777777775
OBS18	E1	prod-cand-1703-hg002-bjuice-v2-multiau-20260814T114522Z	15x5	HG002-bq765db79mczvn	E1:15x5	14.01	11.43	sentdhiomr2.hybrid-cli172i-finalize-12	1	1	0	100.1083	0.002611	0.11123144444444444	0.015491666666666667
OBS18	E1	prod-cand-1703-hg002-bjuice-v2-multiau-20260814T114522Z	15x5	HG002-bq765db79mczvn	E1:15x5	14.01	11.43	sentdhiomr2.hybrid-cli172i-finalize-13	1	1	0	88.539	0.002309	0.09837666666666667	0.0016555555555555555
OBS18	E1	prod-cand-1703-hg002-bjuice-v2-multiau-20260814T114522Z	15x5	HG002-bq765db79mczvn	E1:15x5	14.01	11.43	sentdhiomr2.hybrid-cli172i-finalize-14	1	1	0	62.7077	0.001635	0.06967522222222222	0.009272222222222223
OBS18	E1	prod-cand-1703-hg002-bjuice-v2-multiau-20260814T114522Z	15x5	HG002-bq765db79mczvn	E1:15x5	14.01	11.43	sentdhiomr2.hybrid-cli172i-finalize-15	1	1	0	83.8974	0.002065	0.09321933333333333	0.0031027777777777777
OBS18	E1	prod-cand-1703-hg002-bjuice-v2-multiau-20260814T114522Z	15x5	HG002-bq765db79mczvn	E1:15x5	14.01	11.43	sentdhiomr2.hybrid-cli172i-finalize-16	1	1	0	70.2418	0.001832	0.07804644444444445	0.005919444444444444
OBS18	E1	prod-cand-1703-hg002-bjuice-v2-multiau-20260814T114522Z	15x5	HG002-bq765db79mczvn	E1:15x5	14.01	11.43	sentdhiomr2.hybrid-cli172i-finalize-17	1	1	0	69.406	0.00181	0.07711777777777779	0.006861111111111111
OBS18	E1	prod-cand-1703-hg002-bjuice-v2-multiau-20260814T114522Z	15x5	HG002-bq765db79mczvn	E1:15x5	14.01	11.43	sentdhiomr2.hybrid-cli172i-finalize-18	1	1	0	70.5804	0.001841	0.07842266666666667	0.005888888888888889
OBS18	E1	prod-cand-1703-hg002-bjuice-v2-multiau-20260814T114522Z	15x5	HG002-bq765db79mczvn	E1:15x5	14.01	11.43	sentdhiomr2.hybrid-cli172i-finalize-19	1	1	0	48.0604	0.001253	0.053400444444444445	0.002483333333333333
OBS18	E1	prod-cand-1703-hg002-bjuice-v2-multiau-20260814T114522Z	15x5	HG002-bq765db79mczvn	E1:15x5	14.01	11.43	sentdhiomr2.hybrid-cli172i-finalize-2	1	1	0	218.7875	0.005385	0.24309722222222221	0.007988888888888889
OBS18	E1	prod-cand-1703-hg002-bjuice-v2-multiau-20260814T114522Z	15x5	HG002-bq765db79mczvn	E1:15x5	14.01	11.43	sentdhiomr2.hybrid-cli172i-finalize-20	1	1	0	53.8792	0.001405	0.059865777777777775	0.0011361111111111112
OBS18	E1	prod-cand-1703-hg002-bjuice-v2-multiau-20260814T114522Z	15x5	HG002-bq765db79mczvn	E1:15x5	14.01	11.43	sentdhiomr2.hybrid-cli172i-finalize-21	1	1	0	49.5393	0.001292	0.055043666666666664	0.0011666666666666668
OBS18	E1	prod-cand-1703-hg002-bjuice-v2-multiau-20260814T114522Z	15x5	HG002-bq765db79mczvn	E1:15x5	14.01	11.43	sentdhiomr2.hybrid-cli172i-finalize-22	1	1	0	49.3257	0.001214	0.05480633333333333	0.001627777777777778
OBS18	E1	prod-cand-1703-hg002-bjuice-v2-multiau-20260814T114522Z	15x5	HG002-bq765db79mczvn	E1:15x5	14.01	11.43	sentdhiomr2.hybrid-cli172i-finalize-23	1	1	0	386.8053	0.010088	0.4297836666666667	0.01496111111111111
OBS18	E1	prod-cand-1703-hg002-bjuice-v2-multiau-20260814T114522Z	15x5	HG002-bq765db79mczvn	E1:15x5	14.01	11.43	sentdhiomr2.hybrid-cli172i-finalize-24	1	1	0	74.7806	0.00195	0.08308955555555557	0.005527777777777777
OBS18	E1	prod-cand-1703-hg002-bjuice-v2-multiau-20260814T114522Z	15x5	HG002-bq765db79mczvn	E1:15x5	14.01	11.43	sentdhiomr2.hybrid-cli172i-finalize-25	1	1	0	10.9383	0.000285	0.012153666666666667	2.2222222222222223e-05
OBS18	E1	prod-cand-1703-hg002-bjuice-v2-multiau-20260814T114522Z	15x5	HG002-bq765db79mczvn	E1:15x5	14.01	11.43	sentdhiomr2.hybrid-cli172i-finalize-3	1	1	0	133.14	0.003472	0.1479333333333333	0.0021583333333333333
OBS18	E1	prod-cand-1703-hg002-bjuice-v2-multiau-20260814T114522Z	15x5	HG002-bq765db79mczvn	E1:15x5	14.01	11.43	sentdhiomr2.hybrid-cli172i-finalize-4	1	1	0	140.7541	0.003671	0.15639344444444445	0.008333333333333333
OBS18	E1	prod-cand-1703-hg002-bjuice-v2-multiau-20260814T114522Z	15x5	HG002-bq765db79mczvn	E1:15x5	14.01	11.43	sentdhiomr2.hybrid-cli172i-finalize-5	1	1	0	129.7704	0.003384	0.14418933333333334	0.0021
OBS18	E1	prod-cand-1703-hg002-bjuice-v2-multiau-20260814T114522Z	15x5	HG002-bq765db79mczvn	E1:15x5	14.01	11.43	sentdhiomr2.hybrid-cli172i-finalize-6	1	1	0	153.6108	0.00381	0.17067866666666667	0.005422222222222222
OBS18	E1	prod-cand-1703-hg002-bjuice-v2-multiau-20260814T114522Z	15x5	HG002-bq765db79mczvn	E1:15x5	14.01	11.43	sentdhiomr2.hybrid-cli172i-finalize-7	1	1	0	126.13	0.003289	0.14014444444444443	0.002588888888888889
OBS18	E1	prod-cand-1703-hg002-bjuice-v2-multiau-20260814T114522Z	15x5	HG002-bq765db79mczvn	E1:15x5	14.01	11.43	sentdhiomr2.hybrid-cli172i-finalize-8	1	1	0	110.1214	0.002872	0.12235711111111111	0.005991666666666667
OBS18	E1	prod-cand-1703-hg002-bjuice-v2-multiau-20260814T114522Z	15x5	HG002-bq765db79mczvn	E1:15x5	14.01	11.43	sentdhiomr2.hybrid-cli172i-finalize-9	1	1	0	131.482	0.003236	0.14609111111111112	0.0008222222222222222
OBS18	E1	prod-cand-1703-hg002-bjuice-v2-multiau-20260814T114522Z	15x5	HG002-bq765db79mczvn	E1:15x5	14.01	11.43	sentdhiomr2.hybrid-cli172i-gather	1	1	0	522.8887	0.025939	1.1619748888888888	2.777777777777778e-06
OBS18	E1	prod-cand-1703-hg002-bjuice-v2-multiau-20260814T114522Z	15x5	HG002-bq765db79mczvn	E1:15x5	14.01	11.43	sentdhiomr2.inflection-analytical-ancillary	1	1	0	1.0959	0.001385	0.03896533333333334	3.0555555555555554e-05
OBS18	E1	prod-cand-1703-hg002-bjuice-v2-multiau-20260814T114522Z	15x5	HG002-bq765db79mczvn	E1:15x5	14.01	11.43	sentdhiomr2.inflection-analytical.prod-cand-1703-hg002-bjuice-v2-multiau-20260814T114522Z	1	1	0	1082.1677	1.365155	38.477073777777775	0.0621
OBS18	E1	prod-cand-1703-hg002-bjuice-v2-multiau-20260814T114522Z	15x5	HG002-bq765db79mczvn	E1:15x5	14.01	11.43	sentdhiomr2.inflection-multiqc-stage	1	1	0	47.827	0.000378	0.013285277777777778	0.01241111111111111
OBS18	E1	prod-cand-1703-hg002-bjuice-v2-multiau-20260814T114522Z	15x5	HG002-bq765db79mczvn	E1:15x5	14.01	11.43	sentdhiomr2.inflection-multiqc	1	1	0	51.0796	0.000504	0.014188777777777778	0.011002777777777778
OBS18	E1	prod-cand-1703-hg002-bjuice-v2-multiau-20260814T114522Z	15x5	HG002-bq765db79mczvn	E1:15x5	14.01	11.43	sentdhiomr2.mito	1	1	0	88.8034	0.112244	3.157454222222222	0.014158333333333334
OBS18	E1	prod-cand-1703-hg002-bjuice-v2-multiau-20260814T114522Z	15x5	HG002-bq765db79mczvn	E1:15x5	14.01	11.43	sentdhiomr2.normalize-smn12	1	1	0	0.2528	2e-06	7.022222222222222e-05	0.0
OBS18	E1	prod-cand-1703-hg002-bjuice-v2-multiau-20260814T114522Z	15x5	HG002-bq765db79mczvn	E1:15x5	14.01	11.43	sentdhiomr2.roh_upd	1	1	0	148.2597	0.20012	5.271456000000001	0.04101944444444444
OBS18	E1	prod-cand-1703-hg002-bjuice-v2-multiau-20260814T114522Z	15x5	HG002-bq765db79mczvn	E1:15x5	14.01	11.43	sentdhiomr2.rsr-publish	1	1	0	14.0812	0.000111	0.003911444444444445	0.0020666666666666667
OBS18	E1	prod-cand-1703-hg002-bjuice-v2-multiau-20260814T114522Z	15x5	HG002-bq765db79mczvn	E1:15x5	14.01	11.43	sentdhiomr2.scope	1	1	0	0.6546	5e-06	0.00018183333333333333	2.777777777777778e-06
OBS18	E1	prod-cand-1703-hg002-bjuice-v2-multiau-20260814T114522Z	15x5	HG002-bq765db79mczvn	E1:15x5	14.01	11.43	sentdhiomr2.segdup.CFH	1	1	0	493.5967	0.623888	17.55010488888889	0.03893055555555556
OBS18	E1	prod-cand-1703-hg002-bjuice-v2-multiau-20260814T114522Z	15x5	HG002-bq765db79mczvn	E1:15x5	14.01	11.43	sentdhiomr2.segdup.CYP11B1	1	1	0	366.6363	0.494884	13.035957333333334	0.021094444444444443
OBS18	E1	prod-cand-1703-hg002-bjuice-v2-multiau-20260814T114522Z	15x5	HG002-bq765db79mczvn	E1:15x5	14.01	11.43	sentdhiomr2.segdup.CYP2A6	1	1	0	405.4683	0.568084	14.416650666666667	0.021475
OBS18	E1	prod-cand-1703-hg002-bjuice-v2-multiau-20260814T114522Z	15x5	HG002-bq765db79mczvn	E1:15x5	14.01	11.43	sentdhiomr2.segdup.CYP2B6	1	1	0	365.8953	0.340771	13.009610666666667	0.046422222222222226
OBS18	E1	prod-cand-1703-hg002-bjuice-v2-multiau-20260814T114522Z	15x5	HG002-bq765db79mczvn	E1:15x5	14.01	11.43	sentdhiomr2.segdup.CYP2D6	1	1	0	312.0878	0.392615	11.096455111111112	0.01752222222222222
OBS18	E1	prod-cand-1703-hg002-bjuice-v2-multiau-20260814T114522Z	15x5	HG002-bq765db79mczvn	E1:15x5	14.01	11.43	sentdhiomr2.segdup.GBA	1	1	0	444.5578	0.337444	15.806499555555556	0.05558888888888889
OBS18	E1	prod-cand-1703-hg002-bjuice-v2-multiau-20260814T114522Z	15x5	HG002-bq765db79mczvn	E1:15x5	14.01	11.43	sentdhiomr2.segdup.HBA	1	1	0	328.2435	0.341264	11.670879999999999	0.013572222222222222
OBS18	E1	prod-cand-1703-hg002-bjuice-v2-multiau-20260814T114522Z	15x5	HG002-bq765db79mczvn	E1:15x5	14.01	11.43	sentdhiomr2.segdup.IKBKG	1	1	0	386.9201	0.542097	13.757159111111111	0.011613888888888889
OBS18	E1	prod-cand-1703-hg002-bjuice-v2-multiau-20260814T114522Z	15x5	HG002-bq765db79mczvn	E1:15x5	14.01	11.43	sentdhiomr2.segdup.LPA	1	1	0	260.6144	0.329407	9.266289777777777	8.055555555555556e-05
OBS18	E1	prod-cand-1703-hg002-bjuice-v2-multiau-20260814T114522Z	15x5	HG002-bq765db79mczvn	E1:15x5	14.01	11.43	sentdhiomr2.segdup.NCF1	1	1	0	351.1199	0.47394	12.48426311111111	0.0003694444444444445
OBS18	E1	prod-cand-1703-hg002-bjuice-v2-multiau-20260814T114522Z	15x5	HG002-bq765db79mczvn	E1:15x5	14.01	11.43	sentdhiomr2.segdup.OTOA	1	1	0	331.3499	0.251513	11.781329777777778	0.016941666666666667
OBS18	E1	prod-cand-1703-hg002-bjuice-v2-multiau-20260814T114522Z	15x5	HG002-bq765db79mczvn	E1:15x5	14.01	11.43	sentdhiomr2.segdup.PMS2	1	1	0	388.4838	0.488723	13.812757333333332	0.017952777777777776
OBS18	E1	prod-cand-1703-hg002-bjuice-v2-multiau-20260814T114522Z	15x5	HG002-bq765db79mczvn	E1:15x5	14.01	11.43	sentdhiomr2.segdup.RCCX	1	1	0	375.4864	0.50683	13.350627555555556	0.015919444444444444
OBS18	E1	prod-cand-1703-hg002-bjuice-v2-multiau-20260814T114522Z	15x5	HG002-bq765db79mczvn	E1:15x5	14.01	11.43	sentdhiomr2.segdup.RH	1	1	0	625.8073	0.876791	22.250926222222223	0.03831944444444444
OBS18	E1	prod-cand-1703-hg002-bjuice-v2-multiau-20260814T114522Z	15x5	HG002-bq765db79mczvn	E1:15x5	14.01	11.43	sentdhiomr2.segdup.SBDS	1	1	0	355.9479	0.331506	12.655925333333334	0.017241666666666666
OBS18	E1	prod-cand-1703-hg002-bjuice-v2-multiau-20260814T114522Z	15x5	HG002-bq765db79mczvn	E1:15x5	14.01	11.43	sentdhiomr2.segdup.SMN1	1	1	0	373.5157	0.469893	13.280558222222222	0.04255833333333334
OBS18	E1	prod-cand-1703-hg002-bjuice-v2-multiau-20260814T114522Z	15x5	HG002-bq765db79mczvn	E1:15x5	14.01	11.43	sentdhiomr2.segdup.STRC	1	1	0	321.7489	0.244225	11.439960888888889	0.013269444444444445
OBS18	E1	prod-cand-1703-hg002-bjuice-v2-multiau-20260814T114522Z	15x5	HG002-bq765db79mczvn	E1:15x5	14.01	11.43	sentdhiomr2.slim-longreadsv-normalize	1	1	0	2.4569	0.000776	0.02183911111111111	0.0006388888888888888
OBS18	E1	prod-cand-1703-hg002-bjuice-v2-multiau-20260814T114522Z	15x5	HG002-bq765db79mczvn	E1:15x5	14.01	11.43	sentdhiomr2.slim-sniffles2-normalize	1	1	0	2.2616	0.000715	0.020103111111111113	0.00045000000000000004
OBS18	E1	prod-cand-1703-hg002-bjuice-v2-multiau-20260814T114522Z	15x5	HG002-bq765db79mczvn	E1:15x5	14.01	11.43	sentdhiomr2.slim-tag-cnv	1	1	0	27.8333	0.008795	0.24740711111111113	0.004013888888888889
OBS18	E1	prod-cand-1703-hg002-bjuice-v2-multiau-20260814T114522Z	15x5	HG002-bq765db79mczvn	E1:15x5	14.01	11.43	sentdhiomr2.slim-tag-sv	1	1	0	939.6886	0.296933	8.352787555555555	0.25429444444444443
OBS18	E1	prod-cand-1703-hg002-bjuice-v2-multiau-20260814T114522Z	15x5	HG002-bq765db79mczvn	E1:15x5	14.01	11.43	sentdhiomr2.slim-tiddit-normalize	1	1	0	6.2152	0.002177	0.055246222222222224	0.0005194444444444444
OBS18	E1	prod-cand-1703-hg002-bjuice-v2-multiau-20260814T114522Z	15x5	HG002-bq765db79mczvn	E1:15x5	14.01	11.43	sentdhiomr2.slim-tiddit-repair	1	1	0	1.6029	0.000561	0.014248	5.555555555555556e-06
OBS18	E1	prod-cand-1703-hg002-bjuice-v2-multiau-20260814T114522Z	15x5	HG002-bq765db79mczvn	E1:15x5	14.01	11.43	sentdhiomr2.slim-trussv	1	1	0	2.9765	0.000941	0.026457777777777778	0.0003055555555555556
OBS18	E1	prod-cand-1703-hg002-bjuice-v2-multiau-20260814T114522Z	15x5	HG002-bq765db79mczvn	E1:15x5	14.01	11.43	sentdhiomr2.slim-truvari-aggregate	1	1	0	0.3322	3e-06	9.227777777777778e-05	0.0
OBS18	E1	prod-cand-1703-hg002-bjuice-v2-multiau-20260814T114522Z	15x5	HG002-bq765db79mczvn	E1:15x5	14.01	11.43	sentdhiomr2.slim-truvari-longreadsv	1	1	0	164.027	0.051831	1.4580177777777776	0.03821111111111111
OBS18	E1	prod-cand-1703-hg002-bjuice-v2-multiau-20260814T114522Z	15x5	HG002-bq765db79mczvn	E1:15x5	14.01	11.43	sentdhiomr2.slim-truvari-sniffles2	1	1	0	164.9724	0.05213	1.4664213333333334	0.03822222222222222
OBS18	E1	prod-cand-1703-hg002-bjuice-v2-multiau-20260814T114522Z	15x5	HG002-bq765db79mczvn	E1:15x5	14.01	11.43	sentdhiomr2.slim-truvari-tagged_trussv	1	1	0	173.9362	0.054962	1.5460995555555557	0.04573333333333333
OBS18	E1	prod-cand-1703-hg002-bjuice-v2-multiau-20260814T114522Z	15x5	HG002-bq765db79mczvn	E1:15x5	14.01	11.43	sentdhiomr2.slim-truvari-tiddit	1	1	0	193.0916	0.067633	1.7163697777777778	0.04677777777777778
OBS18	E1	prod-cand-1703-hg002-bjuice-v2-multiau-20260814T114522Z	15x5	HG002-bq765db79mczvn	E1:15x5	14.01	11.43	sentdhiomr2.sniffles2	1	1	0	81.0237	0.109366	2.8808426666666667	0.002988888888888889
OBS18	E1	prod-cand-1703-hg002-bjuice-v2-multiau-20260814T114522Z	15x5	HG002-bq765db79mczvn	E1:15x5	14.01	11.43	sentdhiomr2.sr-prepare	1	1	0	2026.0892	3.841353	108.05809066666666	0.001811111111111111
OBS18	E1	prod-cand-1703-hg002-bjuice-v2-multiau-20260814T114522Z	15x5	HG002-bq765db79mczvn	E1:15x5	14.01	11.43	sentdhiomr2.terminal-hybrid-validate	1	1	0	168.0123	0.226782	5.973770666666667	0.00036111111111111115
OBS18	E1	prod-cand-1703-hg002-bjuice-v2-multiau-20260814T114522Z	15x5	HG002-bq765db79mczvn	E1:15x5	14.01	11.43	sentdhiomr2.tiddit	1	1	0	1297.4222	1.751256	46.13056711111111	0.563625
OBS18	E1	prod-cand-1703-hg002-bjuice-v2-multiau-20260814T114522Z	15x5	HG002-bq765db79mczvn	E1:15x5	14.01	11.43	sentdhiomr2.tiddit.sort	1	1	0	1.2276	0.00172	0.043648	1.1111111111111112e-05
OBS18	E1	prod-cand-1703-hg002-bjuice-v2-multiau-20260814T114522Z	15x5	HG002-bq765db79mczvn	E1:15x5	14.01	11.43	sentdhiomr2lr.na.alignstats	1	1	0	161.9185	0.00683	0.17990944444444443	0.10866111111111111
OBS18	E1	prod-cand-1703-hg002-bjuice-v2-multiau-20260814T114522Z	15x5	HG002-bq765db79mczvn	E1:15x5	14.01	11.43	sentdhiomr2lr.na.coverage_evenness_two	1	1	0	231.0287	0.036501	1.0267942222222222	0.6796
OBS18	E1	prod-cand-1703-hg002-bjuice-v2-multiau-20260814T114522Z	15x5	HG002-bq765db79mczvn	E1:15x5	14.01	11.43	sentdhiomr2lr.na.gatk_contam	1	1	0	11.8509	0.00025	0.006583833333333333	0.0041
OBS18	E1	prod-cand-1703-hg002-bjuice-v2-multiau-20260814T114522Z	15x5	HG002-bq765db79mczvn	E1:15x5	14.01	11.43	sentdhiomr2lr.na.goleft	1	1	0	1.1802	2.5e-05	0.0006556666666666666	0.0
OBS18	E1	prod-cand-1703-hg002-bjuice-v2-multiau-20260814T114522Z	15x5	HG002-bq765db79mczvn	E1:15x5	14.01	11.43	sentdhiomr2lr.na.infer_sex_complement	1	1	0	0.4745	5e-06	0.00013180555555555555	5.555555555555556e-06
OBS18	E1	prod-cand-1703-hg002-bjuice-v2-multiau-20260814T114522Z	15x5	HG002-bq765db79mczvn	E1:15x5	14.01	11.43	sentdhiomr2lr.na.mosdepth	1	1	0	112.4538	0.004743	0.12494866666666667	0.041555555555555554
OBS18	E1	prod-cand-1703-hg002-bjuice-v2-multiau-20260814T114522Z	15x5	HG002-bq765db79mczvn	E1:15x5	14.01	11.43	sentdhiomr2lr.na.norm_cov_eveness	1	1	0	402.6229	0.015903	0.44735877777777777	0.0019194444444444445
OBS18	E1	prod-cand-1703-hg002-bjuice-v2-multiau-20260814T114522Z	15x5	HG002-bq765db79mczvn	E1:15x5	14.01	11.43	sentdhiomr2lr.na.p.ganon2_multiqc_log	1	1	0	0.0504	0.0	1.4e-05	0.0
OBS18	E1	prod-cand-1703-hg002-bjuice-v2-multiau-20260814T114522Z	15x5	HG002-bq765db79mczvn	E1:15x5	14.01	11.43	sentdhiomr2lr.na.p.unmapped_metagenomics_ganon2_quick	1	1	0	59.6801	0.080556	2.1219591111111114	0.03295833333333333
OBS18	E1	prod-cand-1703-hg002-bjuice-v2-multiau-20260814T114522Z	15x5	HG002-bq765db79mczvn	E1:15x5	14.01	11.43	sentdhiomr2lr.na.samt	1	1	0	495.2025	0.020888	0.550225	0.2197888888888889
OBS18	E1	prod-cand-1703-hg002-bjuice-v2-multiau-20260814T114522Z	15x5	HG002-bq765db79mczvn	E1:15x5	14.01	11.43	sentdhiomr2lr.na.sex_complement_somalier_metrics	1	1	0	0.4501	9e-06	0.00025005555555555556	5.555555555555556e-06
OBS18	E1	prod-cand-1703-hg002-bjuice-v2-multiau-20260814T114522Z	15x5	HG002-bq765db79mczvn	E1:15x5	14.01	11.43	sentdhiomr2lr.na.site_mix_contam	1	1	0	12.3946	0.000122	0.0034429444444444447	0.002994444444444444
OBS18	E1	prod-cand-1703-hg002-bjuice-v2-multiau-20260814T114522Z	15x5	HG002-bq765db79mczvn	E1:15x5	14.01	11.43	sentdhiomr2lr.na.site_mix_contam_pileups	1	1	0	1323.6447	0.052282	1.4707163333333333	0.36995833333333333
OBS18	E1	prod-cand-1703-hg002-bjuice-v2-multiau-20260814T114522Z	15x5	HG002-bq765db79mczvn	E1:15x5	14.01	11.43	sentdhiomr2rsr.na.alignstats	1	1	0	260.2166	0.010278	0.2891295555555556	0.13664722222222223
OBS18	E1	prod-cand-1703-hg002-bjuice-v2-multiau-20260814T114522Z	15x5	HG002-bq765db79mczvn	E1:15x5	14.01	11.43	sentdhiomr2rsr.na.coverage_evenness_two	1	1	0	250.8484	0.039633	1.1148817777777777	0.6651999999999999
OBS18	E1	prod-cand-1703-hg002-bjuice-v2-multiau-20260814T114522Z	15x5	HG002-bq765db79mczvn	E1:15x5	14.01	11.43	sentdhiomr2rsr.na.gatk_contam	1	1	0	9.0683	0.000179	0.005037944444444445	0.0031305555555555553
OBS18	E1	prod-cand-1703-hg002-bjuice-v2-multiau-20260814T114522Z	15x5	HG002-bq765db79mczvn	E1:15x5	14.01	11.43	sentdhiomr2rsr.na.goleft	1	1	0	1.4945	3e-05	0.0008302777777777778	0.0002138888888888889
OBS18	E1	prod-cand-1703-hg002-bjuice-v2-multiau-20260814T114522Z	15x5	HG002-bq765db79mczvn	E1:15x5	14.01	11.43	sentdhiomr2rsr.na.infer_sex_complement	1	1	0	0.5138	5e-06	0.00014272222222222222	5.555555555555556e-06
OBS18	E1	prod-cand-1703-hg002-bjuice-v2-multiau-20260814T114522Z	15x5	HG002-bq765db79mczvn	E1:15x5	14.01	11.43	sentdhiomr2rsr.na.mosdepth	1	1	0	110.8459	0.004378	0.12316211111111111	0.045275
OBS18	E1	prod-cand-1703-hg002-bjuice-v2-multiau-20260814T114522Z	15x5	HG002-bq765db79mczvn	E1:15x5	14.01	11.43	sentdhiomr2rsr.na.norm_cov_eveness	1	1	0	502.1087	0.019833	0.5578985555555556	0.0023583333333333334
OBS18	E1	prod-cand-1703-hg002-bjuice-v2-multiau-20260814T114522Z	15x5	HG002-bq765db79mczvn	E1:15x5	14.01	11.43	sentdhiomr2rsr.na.p.ganon2_multiqc_log	1	1	0	0.0458	0.0	1.2722222222222223e-05	0.0
OBS18	E1	prod-cand-1703-hg002-bjuice-v2-multiau-20260814T114522Z	15x5	HG002-bq765db79mczvn	E1:15x5	14.01	11.43	sentdhiomr2rsr.na.p.unmapped_metagenomics_ganon2_quick	1	1	0	363.2485	0.459133	12.915502222222221	0.02618888888888889
OBS18	E1	prod-cand-1703-hg002-bjuice-v2-multiau-20260814T114522Z	15x5	HG002-bq765db79mczvn	E1:15x5	14.01	11.43	sentdhiomr2rsr.na.samt	1	1	0	420.721	0.016618	0.46746777777777776	0.01283888888888889
OBS18	E1	prod-cand-1703-hg002-bjuice-v2-multiau-20260814T114522Z	15x5	HG002-bq765db79mczvn	E1:15x5	14.01	11.43	sentdhiomr2rsr.na.sex_complement_somalier_metrics	1	1	0	0.5196	1e-05	0.0002886666666666666	8.333333333333334e-06
OBS18	E1	prod-cand-1703-hg002-bjuice-v2-multiau-20260814T114522Z	15x5	HG002-bq765db79mczvn	E1:15x5	14.01	11.43	sentdhiomr2rsr.na.site_mix_contam	1	1	0	26.4085	0.000261	0.007335694444444444	0.0040861111111111115
OBS18	E1	prod-cand-1703-hg002-bjuice-v2-multiau-20260814T114522Z	15x5	HG002-bq765db79mczvn	E1:15x5	14.01	11.43	sentdhiomr2rsr.na.site_mix_contam_pileups	1	1	0	1134.2036	0.0448	1.2602262222222222	0.21038055555555557
OBS18	E1	prod-cand-1703-hg002-bjuice-v2-multiau-20260814T114522Z	15x5	HG002-bq765db79mczvn	E1:15x5	14.01	11.43	sentdhiomr2sr.smd.alignstats	1	1	0	910.4378	0.035961	1.0115975555555556	0.5380694444444444
OBS18	E1	prod-cand-1703-hg002-bjuice-v2-multiau-20260814T114522Z	15x5	HG002-bq765db79mczvn	E1:15x5	14.01	11.43	sentdhiomr2sr.smd.coverage_evenness_two	1	1	0	409.9379	0.064768	1.8219462222222222	0.7486638888888889
OBS18	E1	prod-cand-1703-hg002-bjuice-v2-multiau-20260814T114522Z	15x5	HG002-bq765db79mczvn	E1:15x5	14.01	11.43	sentdhiomr2sr.smd.gatk_contam	1	1	0	21.3032	0.000421	0.01183511111111111	0.0058111111111111115
OBS18	E1	prod-cand-1703-hg002-bjuice-v2-multiau-20260814T114522Z	15x5	HG002-bq765db79mczvn	E1:15x5	14.01	11.43	sentdhiomr2sr.smd.goleft	1	1	0	1.374	2.7e-05	0.0007633333333333334	0.00021944444444444444
OBS18	E1	prod-cand-1703-hg002-bjuice-v2-multiau-20260814T114522Z	15x5	HG002-bq765db79mczvn	E1:15x5	14.01	11.43	sentdhiomr2sr.smd.infer_sex_complement	1	1	0	0.5759	6e-06	0.0001599722222222222	5.555555555555556e-06
OBS18	E1	prod-cand-1703-hg002-bjuice-v2-multiau-20260814T114522Z	15x5	HG002-bq765db79mczvn	E1:15x5	14.01	11.43	sentdhiomr2sr.smd.mosdepth	1	1	0	191.6727	0.007571	0.21296966666666667	0.09791111111111112
OBS18	E1	prod-cand-1703-hg002-bjuice-v2-multiau-20260814T114522Z	15x5	HG002-bq765db79mczvn	E1:15x5	14.01	11.43	sentdhiomr2sr.smd.norm_cov_eveness	1	1	0	648.5576	0.025617	0.7206195555555556	0.003463888888888889
OBS18	E1	prod-cand-1703-hg002-bjuice-v2-multiau-20260814T114522Z	15x5	HG002-bq765db79mczvn	E1:15x5	14.01	11.43	sentdhiomr2sr.smd.p.ganon2_multiqc_log	1	1	0	0.0493	0.0	1.3694444444444443e-05	0.0
OBS18	E1	prod-cand-1703-hg002-bjuice-v2-multiau-20260814T114522Z	15x5	HG002-bq765db79mczvn	E1:15x5	14.01	11.43	sentdhiomr2sr.smd.p.unmapped_metagenomics_ganon2_quick	1	1	0	2362.8176	2.986514	84.01129244444444	0.2994361111111111
OBS18	E1	prod-cand-1703-hg002-bjuice-v2-multiau-20260814T114522Z	15x5	HG002-bq765db79mczvn	E1:15x5	14.01	11.43	sentdhiomr2sr.smd.samt	1	1	0	1483.7275	0.058606	1.648586111111111	0.025872222222222224
OBS18	E1	prod-cand-1703-hg002-bjuice-v2-multiau-20260814T114522Z	15x5	HG002-bq765db79mczvn	E1:15x5	14.01	11.43	sentdhiomr2sr.smd.sex_complement_somalier_metrics	1	1	0	0.66	1.4e-05	0.00036666666666666667	8.333333333333334e-06
OBS18	E1	prod-cand-1703-hg002-bjuice-v2-multiau-20260814T114522Z	15x5	HG002-bq765db79mczvn	E1:15x5	14.01	11.43	sentdhiomr2sr.smd.site_mix_contam	1	1	0	36.3491	0.000359	0.010096972222222222	0.004258333333333334
OBS18	E1	prod-cand-1703-hg002-bjuice-v2-multiau-20260814T114522Z	15x5	HG002-bq765db79mczvn	E1:15x5	14.01	11.43	sentdhiomr2sr.smd.site_mix_contam_pileups	1	1	0	2824.948	0.11916	3.138831111111111	0.7874722222222222
OBS18	E1	prod-cand-1703-hg002-bjuice-v2-multiau-20260814T114522Z	15x5	HG002-bq765db79mczvn	E1:15x5	14.01	11.43	sentmm2ont.na.expansionhunter	1	1	0	341.2215	0.057572	1.51654	1.2884027777777778
OBS18	E1	prod-cand-1703-hg002-bjuice-v2-multiau-20260814T114522Z	15x5	HG002-bq765db79mczvn	E1:15x5	14.01	11.43	sentmm2ont.na.expansionhunter_json_to_tsv	1	1	0	0.6304	4e-06	0.0001751111111111111	8.333333333333334e-06
OBS18	E1	prod-cand-1703-hg002-bjuice-v2-multiau-20260814T114522Z	15x5	HG002-bq765db79mczvn	E1:15x5	14.01	11.43	sentmm2ont.na.sentdhiomr2.altair-v1.1.parse_vcfeval_summary	1	1	0	9.5237	0.000188	0.0052909444444444445	4.9999999999999996e-05
OBS18	E1	prod-cand-1703-hg002-bjuice-v2-multiau-20260814T114522Z	15x5	HG002-bq765db79mczvn	E1:15x5	14.01	11.43	sentmm2ont.na.sentdhiomr2.altair-v1.1.rtg_vcfeval	1	1	0	66.7188	0.010541	0.296528	0.05871666666666667
OBS18	E1	prod-cand-1703-hg002-bjuice-v2-multiau-20260814T114522Z	15x5	HG002-bq765db79mczvn	E1:15x5	14.01	11.43	sentmm2ont.na.sentdhiomr2.bcfstat	1	1	0	17.8979	0.00106	0.029829833333333333	0.004863888888888889
OBS18	E1	prod-cand-1703-hg002-bjuice-v2-multiau-20260814T114522Z	15x5	HG002-bq765db79mczvn	E1:15x5	14.01	11.43	sentmm2ont.na.sentdhiomr2.chr1.vep	1	1	0	690.4549	0.027272	0.767172111111111	0.009647222222222222
OBS18	E1	prod-cand-1703-hg002-bjuice-v2-multiau-20260814T114522Z	15x5	HG002-bq765db79mczvn	E1:15x5	14.01	11.43	sentmm2ont.na.sentdhiomr2.chr1.vep_input	1	1	0	6.0906	6e-05	0.0016918333333333334	5.833333333333333e-05
OBS18	E1	prod-cand-1703-hg002-bjuice-v2-multiau-20260814T114522Z	15x5	HG002-bq765db79mczvn	E1:15x5	14.01	11.43	sentmm2ont.na.sentdhiomr2.chr10.vep	1	1	0	487.3569	0.01925	0.5415076666666666	0.00883888888888889
OBS18	E1	prod-cand-1703-hg002-bjuice-v2-multiau-20260814T114522Z	15x5	HG002-bq765db79mczvn	E1:15x5	14.01	11.43	sentmm2ont.na.sentdhiomr2.chr10.vep_input	1	1	0	3.1458	3.1e-05	0.0008738333333333333	0.0005972222222222222
OBS18	E1	prod-cand-1703-hg002-bjuice-v2-multiau-20260814T114522Z	15x5	HG002-bq765db79mczvn	E1:15x5	14.01	11.43	sentmm2ont.na.sentdhiomr2.chr11.vep	1	1	0	425.6867	0.016814	0.47298522222222217	0.010275000000000001
OBS18	E1	prod-cand-1703-hg002-bjuice-v2-multiau-20260814T114522Z	15x5	HG002-bq765db79mczvn	E1:15x5	14.01	11.43	sentmm2ont.na.sentdhiomr2.chr11.vep_input	1	1	0	3.4191	3.4e-05	0.00094975	0.0005333333333333334
OBS18	E1	prod-cand-1703-hg002-bjuice-v2-multiau-20260814T114522Z	15x5	HG002-bq765db79mczvn	E1:15x5	14.01	11.43	sentmm2ont.na.sentdhiomr2.chr12.vep	1	1	0	431.7563	0.017054	0.47972922222222225	0.0098
OBS18	E1	prod-cand-1703-hg002-bjuice-v2-multiau-20260814T114522Z	15x5	HG002-bq765db79mczvn	E1:15x5	14.01	11.43	sentmm2ont.na.sentdhiomr2.chr12.vep_input	1	1	0	3.7741	3.7e-05	0.001048361111111111	0.0005638888888888888
OBS18	E1	prod-cand-1703-hg002-bjuice-v2-multiau-20260814T114522Z	15x5	HG002-bq765db79mczvn	E1:15x5	14.01	11.43	sentmm2ont.na.sentdhiomr2.chr13.vep	1	1	0	275.528	0.010883	0.30614222222222226	0.0007972222222222223
OBS18	E1	prod-cand-1703-hg002-bjuice-v2-multiau-20260814T114522Z	15x5	HG002-bq765db79mczvn	E1:15x5	14.01	11.43	sentmm2ont.na.sentdhiomr2.chr13.vep_input	1	1	0	3.5007	3.5e-05	0.0009724166666666667	5.555555555555556e-06
OBS18	E1	prod-cand-1703-hg002-bjuice-v2-multiau-20260814T114522Z	15x5	HG002-bq765db79mczvn	E1:15x5	14.01	11.43	sentmm2ont.na.sentdhiomr2.chr14.vep	1	1	0	306.3348	0.0121	0.34037199999999995	0.006544444444444444
OBS18	E1	prod-cand-1703-hg002-bjuice-v2-multiau-20260814T114522Z	15x5	HG002-bq765db79mczvn	E1:15x5	14.01	11.43	sentmm2ont.na.sentdhiomr2.chr14.vep_input	1	1	0	2.5572	2.5e-05	0.0007103333333333333	1.388888888888889e-05
OBS18	E1	prod-cand-1703-hg002-bjuice-v2-multiau-20260814T114522Z	15x5	HG002-bq765db79mczvn	E1:15x5	14.01	11.43	sentmm2ont.na.sentdhiomr2.chr15.vep	1	1	0	305.8707	0.012082	0.3398563333333333	0.0008722222222222223
OBS18	E1	prod-cand-1703-hg002-bjuice-v2-multiau-20260814T114522Z	15x5	HG002-bq765db79mczvn	E1:15x5	14.01	11.43	sentmm2ont.na.sentdhiomr2.chr15.vep_input	1	1	0	2.329	2.3e-05	0.0006469444444444445	2.777777777777778e-06
OBS18	E1	prod-cand-1703-hg002-bjuice-v2-multiau-20260814T114522Z	15x5	HG002-bq765db79mczvn	E1:15x5	14.01	11.43	sentmm2ont.na.sentdhiomr2.chr16.vep	1	1	0	329.606	0.013019	0.3662288888888889	0.0038555555555555556
OBS18	E1	prod-cand-1703-hg002-bjuice-v2-multiau-20260814T114522Z	15x5	HG002-bq765db79mczvn	E1:15x5	14.01	11.43	sentmm2ont.na.sentdhiomr2.chr16.vep_input	1	1	0	2.5248	2.5e-05	0.0007013333333333333	1.6666666666666667e-05
OBS18	E1	prod-cand-1703-hg002-bjuice-v2-multiau-20260814T114522Z	15x5	HG002-bq765db79mczvn	E1:15x5	14.01	11.43	sentmm2ont.na.sentdhiomr2.chr17.vep	1	1	0	283.9093	0.011214	0.31545477777777775	0.0035583333333333335
OBS18	E1	prod-cand-1703-hg002-bjuice-v2-multiau-20260814T114522Z	15x5	HG002-bq765db79mczvn	E1:15x5	14.01	11.43	sentmm2ont.na.sentdhiomr2.chr17.vep_input	1	1	0	2.0372	2e-05	0.0005658888888888889	0.0003111111111111111
OBS18	E1	prod-cand-1703-hg002-bjuice-v2-multiau-20260814T114522Z	15x5	HG002-bq765db79mczvn	E1:15x5	14.01	11.43	sentmm2ont.na.sentdhiomr2.chr18.vep	1	1	0	244.7328	0.009667	0.27192533333333335	0.0035916666666666666
OBS18	E1	prod-cand-1703-hg002-bjuice-v2-multiau-20260814T114522Z	15x5	HG002-bq765db79mczvn	E1:15x5	14.01	11.43	sentmm2ont.na.sentdhiomr2.chr18.vep_input	1	1	0	2.6772	2.6e-05	0.0007436666666666667	0.00043055555555555555
OBS18	E1	prod-cand-1703-hg002-bjuice-v2-multiau-20260814T114522Z	15x5	HG002-bq765db79mczvn	E1:15x5	14.01	11.43	sentmm2ont.na.sentdhiomr2.chr19.vep	1	1	0	232.4921	0.009183	0.25832455555555556	0.004652777777777777
OBS18	E1	prod-cand-1703-hg002-bjuice-v2-multiau-20260814T114522Z	15x5	HG002-bq765db79mczvn	E1:15x5	14.01	11.43	sentmm2ont.na.sentdhiomr2.chr19.vep_input	1	1	0	2.4697	2.4e-05	0.0006860277777777778	0.0
OBS18	E1	prod-cand-1703-hg002-bjuice-v2-multiau-20260814T114522Z	15x5	HG002-bq765db79mczvn	E1:15x5	14.01	11.43	sentmm2ont.na.sentdhiomr2.chr2.vep	1	1	0	677.1804	0.026748	0.7524226666666666	0.01198611111111111
OBS18	E1	prod-cand-1703-hg002-bjuice-v2-multiau-20260814T114522Z	15x5	HG002-bq765db79mczvn	E1:15x5	14.01	11.43	sentmm2ont.na.sentdhiomr2.chr2.vep_input	1	1	0	4.4378	4.4e-05	0.0012327222222222223	0.0008861111111111111
OBS18	E1	prod-cand-1703-hg002-bjuice-v2-multiau-20260814T114522Z	15x5	HG002-bq765db79mczvn	E1:15x5	14.01	11.43	sentmm2ont.na.sentdhiomr2.chr20.vep	1	1	0	177.1083	0.006996	0.19678700000000002	0.0028444444444444446
OBS18	E1	prod-cand-1703-hg002-bjuice-v2-multiau-20260814T114522Z	15x5	HG002-bq765db79mczvn	E1:15x5	14.01	11.43	sentmm2ont.na.sentdhiomr2.chr20.vep_input	1	1	0	2.3128	2.3e-05	0.0006424444444444445	0.000275
OBS18	E1	prod-cand-1703-hg002-bjuice-v2-multiau-20260814T114522Z	15x5	HG002-bq765db79mczvn	E1:15x5	14.01	11.43	sentmm2ont.na.sentdhiomr2.chr21.vep	1	1	0	177.9221	0.007028	0.1976912222222222	0.005805555555555555
OBS18	E1	prod-cand-1703-hg002-bjuice-v2-multiau-20260814T114522Z	15x5	HG002-bq765db79mczvn	E1:15x5	14.01	11.43	sentmm2ont.na.sentdhiomr2.chr21.vep_input	1	1	0	1.4394	1.4e-05	0.0003998333333333333	0.0001611111111111111
OBS18	E1	prod-cand-1703-hg002-bjuice-v2-multiau-20260814T114522Z	15x5	HG002-bq765db79mczvn	E1:15x5	14.01	11.43	sentmm2ont.na.sentdhiomr2.chr22.vep	1	1	0	144.418	0.005704	0.16046444444444447	0.0018972222222222222
OBS18	E1	prod-cand-1703-hg002-bjuice-v2-multiau-20260814T114522Z	15x5	HG002-bq765db79mczvn	E1:15x5	14.01	11.43	sentmm2ont.na.sentdhiomr2.chr22.vep_input	1	1	0	1.378	1.4e-05	0.00038277777777777773	0.00016388888888888887
OBS18	E1	prod-cand-1703-hg002-bjuice-v2-multiau-20260814T114522Z	15x5	HG002-bq765db79mczvn	E1:15x5	14.01	11.43	sentmm2ont.na.sentdhiomr2.chr3.vep	1	1	0	622.214	0.026246	0.6913488888888889	0.0007
OBS18	E1	prod-cand-1703-hg002-bjuice-v2-multiau-20260814T114522Z	15x5	HG002-bq765db79mczvn	E1:15x5	14.01	11.43	sentmm2ont.na.sentdhiomr2.chr3.vep_input	1	1	0	3.8583	3.8e-05	0.00107175	0.0007444444444444445
OBS18	E1	prod-cand-1703-hg002-bjuice-v2-multiau-20260814T114522Z	15x5	HG002-bq765db79mczvn	E1:15x5	14.01	11.43	sentmm2ont.na.sentdhiomr2.chr4.vep	1	1	0	604.2725	0.023868	0.671413888888889	0.0101
OBS18	E1	prod-cand-1703-hg002-bjuice-v2-multiau-20260814T114522Z	15x5	HG002-bq765db79mczvn	E1:15x5	14.01	11.43	sentmm2ont.na.sentdhiomr2.chr4.vep_input	1	1	0	5.4015	5.3e-05	0.0015004166666666668	8.333333333333333e-05
OBS18	E1	prod-cand-1703-hg002-bjuice-v2-multiau-20260814T114522Z	15x5	HG002-bq765db79mczvn	E1:15x5	14.01	11.43	sentmm2ont.na.sentdhiomr2.chr5.vep	1	1	0	556.8984	0.021997	0.618776	0.011916666666666666
OBS18	E1	prod-cand-1703-hg002-bjuice-v2-multiau-20260814T114522Z	15x5	HG002-bq765db79mczvn	E1:15x5	14.01	11.43	sentmm2ont.na.sentdhiomr2.chr5.vep_input	1	1	0	4.6622	4.6e-05	0.0012950555555555556	0.0
OBS18	E1	prod-cand-1703-hg002-bjuice-v2-multiau-20260814T114522Z	15x5	HG002-bq765db79mczvn	E1:15x5	14.01	11.43	sentmm2ont.na.sentdhiomr2.chr6.vep	1	1	0	580.8071	0.024499	0.6453412222222222	0.008294444444444445
OBS18	E1	prod-cand-1703-hg002-bjuice-v2-multiau-20260814T114522Z	15x5	HG002-bq765db79mczvn	E1:15x5	14.01	11.43	sentmm2ont.na.sentdhiomr2.chr6.vep_input	1	1	0	4.8081	4.7e-05	0.0013355833333333332	6.38888888888889e-05
OBS18	E1	prod-cand-1703-hg002-bjuice-v2-multiau-20260814T114522Z	15x5	HG002-bq765db79mczvn	E1:15x5	14.01	11.43	sentmm2ont.na.sentdhiomr2.chr7.vep	1	1	0	500.7344	0.019778	0.5563715555555555	0.00031388888888888883
OBS18	E1	prod-cand-1703-hg002-bjuice-v2-multiau-20260814T114522Z	15x5	HG002-bq765db79mczvn	E1:15x5	14.01	11.43	sentmm2ont.na.sentdhiomr2.chr7.vep_input	1	1	0	4.8614	4.8e-05	0.0013503888888888888	6.111111111111111e-05
OBS18	E1	prod-cand-1703-hg002-bjuice-v2-multiau-20260814T114522Z	15x5	HG002-bq765db79mczvn	E1:15x5	14.01	11.43	sentmm2ont.na.sentdhiomr2.chr8.vep	1	1	0	536.4447	0.021189	0.5960496666666667	0.009422222222222222
OBS18	E1	prod-cand-1703-hg002-bjuice-v2-multiau-20260814T114522Z	15x5	HG002-bq765db79mczvn	E1:15x5	14.01	11.43	sentmm2ont.na.sentdhiomr2.chr8.vep_input	1	1	0	3.9473	3.9e-05	0.0010964722222222222	0.0007444444444444445
OBS18	E1	prod-cand-1703-hg002-bjuice-v2-multiau-20260814T114522Z	15x5	HG002-bq765db79mczvn	E1:15x5	14.01	11.43	sentmm2ont.na.sentdhiomr2.chr9.vep	1	1	0	438.7453	0.01733	0.4874947777777778	0.0038916666666666665
OBS18	E1	prod-cand-1703-hg002-bjuice-v2-multiau-20260814T114522Z	15x5	HG002-bq765db79mczvn	E1:15x5	14.01	11.43	sentmm2ont.na.sentdhiomr2.chr9.vep_input	1	1	0	3.7555	3.7e-05	0.0010431944444444445	8.333333333333334e-06
OBS18	E1	prod-cand-1703-hg002-bjuice-v2-multiau-20260814T114522Z	15x5	HG002-bq765db79mczvn	E1:15x5	14.01	11.43	sentmm2ont.na.sentdhiomr2.chrM.vep	1	1	0	0.9459	3.7e-05	0.0010509999999999999	0.00013055555555555555
OBS18	E1	prod-cand-1703-hg002-bjuice-v2-multiau-20260814T114522Z	15x5	HG002-bq765db79mczvn	E1:15x5	14.01	11.43	sentmm2ont.na.sentdhiomr2.chrM.vep_input	1	1	0	1.0267	1e-05	0.0002851944444444444	0.00015000000000000001
OBS18	E1	prod-cand-1703-hg002-bjuice-v2-multiau-20260814T114522Z	15x5	HG002-bq765db79mczvn	E1:15x5	14.01	11.43	sentmm2ont.na.sentdhiomr2.chrX.vep	1	1	0	174.5427	0.006894	0.19393633333333332	0.0027472222222222225
OBS18	E1	prod-cand-1703-hg002-bjuice-v2-multiau-20260814T114522Z	15x5	HG002-bq765db79mczvn	E1:15x5	14.01	11.43	sentmm2ont.na.sentdhiomr2.chrX.vep_input	1	1	0	2.3223	2.3e-05	0.0006450833333333332	8.333333333333334e-06
OBS18	E1	prod-cand-1703-hg002-bjuice-v2-multiau-20260814T114522Z	15x5	HG002-bq765db79mczvn	E1:15x5	14.01	11.43	sentmm2ont.na.sentdhiomr2.chrY.vep	1	1	0	6.0061	0.000237	0.0066734444444444445	0.000325
OBS18	E1	prod-cand-1703-hg002-bjuice-v2-multiau-20260814T114522Z	15x5	HG002-bq765db79mczvn	E1:15x5	14.01	11.43	sentmm2ont.na.sentdhiomr2.chrY.vep_input	1	1	0	0.9761	1e-05	0.0002711388888888889	0.00014722222222222223
OBS18	E1	prod-cand-1703-hg002-bjuice-v2-multiau-20260814T114522Z	15x5	HG002-bq765db79mczvn	E1:15x5	14.01	11.43	sentmm2ont.na.sentdhiomr2.cli-gvcf.altair-v1.1.parse_vcfeval_summary	1	1	0	13.7298	0.000271	0.007627666666666666	6.111111111111111e-05
OBS18	E1	prod-cand-1703-hg002-bjuice-v2-multiau-20260814T114522Z	15x5	HG002-bq765db79mczvn	E1:15x5	14.01	11.43	sentmm2ont.na.sentdhiomr2.cli-gvcf.altair-v1.1.rtg_vcfeval	1	1	0	801.3384	0.126608	3.561504	0.4978972222222222
OBS18	E1	prod-cand-1703-hg002-bjuice-v2-multiau-20260814T114522Z	15x5	HG002-bq765db79mczvn	E1:15x5	14.01	11.43	sentmm2ont.na.sentdhiomr2.cli-gvcf.clinvar_genes.parse_vcfeval_summary	1	1	0	14.4167	0.000285	0.008009277777777778	0.00018055555555555557
OBS18	E1	prod-cand-1703-hg002-bjuice-v2-multiau-20260814T114522Z	15x5	HG002-bq765db79mczvn	E1:15x5	14.01	11.43	sentmm2ont.na.sentdhiomr2.cli-gvcf.clinvar_genes.rtg_vcfeval	1	1	0	791.0525	0.124983	3.515788888888889	0.4943444444444445
OBS18	E1	prod-cand-1703-hg002-bjuice-v2-multiau-20260814T114522Z	15x5	HG002-bq765db79mczvn	E1:15x5	14.01	11.43	sentmm2ont.na.sentdhiomr2.cli-gvcf.concordance	1	1	0	0.4305	3.4e-05	0.0009566666666666666	5.555555555555556e-06
OBS18	E1	prod-cand-1703-hg002-bjuice-v2-multiau-20260814T114522Z	15x5	HG002-bq765db79mczvn	E1:15x5	14.01	11.43	sentmm2ont.na.sentdhiomr2.cli-gvcf.giabHC.parse_vcfeval_summary	1	1	0	79.813	0.001576	0.04434055555555556	0.0057194444444444445
OBS18	E1	prod-cand-1703-hg002-bjuice-v2-multiau-20260814T114522Z	15x5	HG002-bq765db79mczvn	E1:15x5	14.01	11.43	sentmm2ont.na.sentdhiomr2.cli-gvcf.giabHC.rtg_vcfeval	1	1	0	771.5816	0.121906	3.4292515555555556	0.5080027777777778
OBS18	E1	prod-cand-1703-hg002-bjuice-v2-multiau-20260814T114522Z	15x5	HG002-bq765db79mczvn	E1:15x5	14.01	11.43	sentmm2ont.na.sentdhiomr2.cli-gvcf.giabHC_x_clinvar_genes.parse_vcfeval_summary	1	1	0	9.4913	0.000187	0.005272944444444445	0.0005472222222222222
OBS18	E1	prod-cand-1703-hg002-bjuice-v2-multiau-20260814T114522Z	15x5	HG002-bq765db79mczvn	E1:15x5	14.01	11.43	sentmm2ont.na.sentdhiomr2.cli-gvcf.giabHC_x_clinvar_genes.rtg_vcfeval	1	1	0	777.6772	0.122869	3.456343111111111	0.49085
OBS18	E1	prod-cand-1703-hg002-bjuice-v2-multiau-20260814T114522Z	15x5	HG002-bq765db79mczvn	E1:15x5	14.01	11.43	sentmm2ont.na.sentdhiomr2.cli-gvcf.giabHC_x_ultima.parse_vcfeval_summary	1	1	0	69.8369	0.001379	0.03879827777777778	0.004652777777777777
OBS18	E1	prod-cand-1703-hg002-bjuice-v2-multiau-20260814T114522Z	15x5	HG002-bq765db79mczvn	E1:15x5	14.01	11.43	sentmm2ont.na.sentdhiomr2.cli-gvcf.giabHC_x_ultima.rtg_vcfeval	1	1	0	780.6959	0.123346	3.4697595555555556	0.5130250000000001
OBS18	E1	prod-cand-1703-hg002-bjuice-v2-multiau-20260814T114522Z	15x5	HG002-bq765db79mczvn	E1:15x5	14.01	11.43	sentmm2ont.na.sentdhiomr2.cli-gvcf.giabHC_x_ultima_x_clinvar.parse_vcfeval_summary	1	1	0	9.3787	0.000185	0.005210388888888889	2.777777777777778e-06
OBS18	E1	prod-cand-1703-hg002-bjuice-v2-multiau-20260814T114522Z	15x5	HG002-bq765db79mczvn	E1:15x5	14.01	11.43	sentmm2ont.na.sentdhiomr2.cli-gvcf.giabHC_x_ultima_x_clinvar.rtg_vcfeval	1	1	0	788.1171	0.124519	3.502742666666667	0.4925027777777778
OBS18	E1	prod-cand-1703-hg002-bjuice-v2-multiau-20260814T114522Z	15x5	HG002-bq765db79mczvn	E1:15x5	14.01	11.43	sentmm2ont.na.sentdhiomr2.cli-gvcf.giabHCv5q.parse_vcfeval_summary	1	1	0	95.5386	0.001887	0.053077	0.009288888888888888
OBS18	E1	prod-cand-1703-hg002-bjuice-v2-multiau-20260814T114522Z	15x5	HG002-bq765db79mczvn	E1:15x5	14.01	11.43	sentmm2ont.na.sentdhiomr2.cli-gvcf.giabHCv5q.rtg_vcfeval	1	1	0	1064.7186	0.168221	4.732082666666666	0.7663722222222222
OBS18	E1	prod-cand-1703-hg002-bjuice-v2-multiau-20260814T114522Z	15x5	HG002-bq765db79mczvn	E1:15x5	14.01	11.43	sentmm2ont.na.sentdhiomr2.cli-gvcf.hg38.parse_vcfeval_summary	1	1	0	111.4182	0.0022	0.061899	0.0015694444444444445
OBS18	E1	prod-cand-1703-hg002-bjuice-v2-multiau-20260814T114522Z	15x5	HG002-bq765db79mczvn	E1:15x5	14.01	11.43	sentmm2ont.na.sentdhiomr2.cli-gvcf.hg38.rtg_vcfeval	1	1	0	780.6083	0.123333	3.469370222222222	0.5219055555555555
OBS18	E1	prod-cand-1703-hg002-bjuice-v2-multiau-20260814T114522Z	15x5	HG002-bq765db79mczvn	E1:15x5	14.01	11.43	sentmm2ont.na.sentdhiomr2.cli-gvcf.hg38_m_giabHC.parse_vcfeval_summary	1	1	0	24.6825	0.000487	0.0137125	0.0012472222222222223
OBS18	E1	prod-cand-1703-hg002-bjuice-v2-multiau-20260814T114522Z	15x5	HG002-bq765db79mczvn	E1:15x5	14.01	11.43	sentmm2ont.na.sentdhiomr2.cli-gvcf.hg38_m_giabHC.rtg_vcfeval	1	1	0	772.2586	0.122013	3.4322604444444447	0.48159444444444444
OBS18	E1	prod-cand-1703-hg002-bjuice-v2-multiau-20260814T114522Z	15x5	HG002-bq765db79mczvn	E1:15x5	14.01	11.43	sentmm2ont.na.sentdhiomr2.cli-gvcf.ultima.parse_vcfeval_summary	1	1	0	77.9454	0.001539	0.043303	0.0003777777777777778
OBS18	E1	prod-cand-1703-hg002-bjuice-v2-multiau-20260814T114522Z	15x5	HG002-bq765db79mczvn	E1:15x5	14.01	11.43	sentmm2ont.na.sentdhiomr2.cli-gvcf.ultima.rtg_vcfeval	1	1	0	814.3088	0.128657	3.6191502222222223	0.5315
OBS18	E1	prod-cand-1703-hg002-bjuice-v2-multiau-20260814T114522Z	15x5	HG002-bq765db79mczvn	E1:15x5	14.01	11.43	sentmm2ont.na.sentdhiomr2.clinvar_genes.parse_vcfeval_summary	1	1	0	11.974	0.000236	0.0066522222222222226	8.333333333333334e-06
OBS18	E1	prod-cand-1703-hg002-bjuice-v2-multiau-20260814T114522Z	15x5	HG002-bq765db79mczvn	E1:15x5	14.01	11.43	sentmm2ont.na.sentdhiomr2.clinvar_genes.rtg_vcfeval	1	1	0	64.8429	0.010245	0.28819066666666665	0.06088333333333334
OBS18	E1	prod-cand-1703-hg002-bjuice-v2-multiau-20260814T114522Z	15x5	HG002-bq765db79mczvn	E1:15x5	14.01	11.43	sentmm2ont.na.sentdhiomr2.concordance	1	1	0	0.558	4.4e-05	0.0012400000000000002	8.333333333333334e-06
OBS18	E1	prod-cand-1703-hg002-bjuice-v2-multiau-20260814T114522Z	15x5	HG002-bq765db79mczvn	E1:15x5	14.01	11.43	sentmm2ont.na.sentdhiomr2.giabHC.parse_vcfeval_summary	1	1	0	78.5137	0.001551	0.043618722222222225	0.0063277777777777785
OBS18	E1	prod-cand-1703-hg002-bjuice-v2-multiau-20260814T114522Z	15x5	HG002-bq765db79mczvn	E1:15x5	14.01	11.43	sentmm2ont.na.sentdhiomr2.giabHC.rtg_vcfeval	1	1	0	66.1958	0.010459	0.2942035555555556	0.07726388888888888
OBS18	E1	prod-cand-1703-hg002-bjuice-v2-multiau-20260814T114522Z	15x5	HG002-bq765db79mczvn	E1:15x5	14.01	11.43	sentmm2ont.na.sentdhiomr2.giabHC_x_clinvar_genes.parse_vcfeval_summary	1	1	0	10.0113	0.000198	0.0055618333333333336	8.333333333333334e-06
OBS18	E1	prod-cand-1703-hg002-bjuice-v2-multiau-20260814T114522Z	15x5	HG002-bq765db79mczvn	E1:15x5	14.01	11.43	sentmm2ont.na.sentdhiomr2.giabHC_x_clinvar_genes.rtg_vcfeval	1	1	0	63.738	0.01007	0.28328	0.05880277777777778
OBS18	E1	prod-cand-1703-hg002-bjuice-v2-multiau-20260814T114522Z	15x5	HG002-bq765db79mczvn	E1:15x5	14.01	11.43	sentmm2ont.na.sentdhiomr2.giabHC_x_ultima.parse_vcfeval_summary	1	1	0	61.3759	0.001294	0.034097722222222224	0.0037944444444444445
OBS18	E1	prod-cand-1703-hg002-bjuice-v2-multiau-20260814T114522Z	15x5	HG002-bq765db79mczvn	E1:15x5	14.01	11.43	sentmm2ont.na.sentdhiomr2.giabHC_x_ultima.rtg_vcfeval	1	1	0	67.5515	0.010673	0.30022888888888893	0.069375
OBS18	E1	prod-cand-1703-hg002-bjuice-v2-multiau-20260814T114522Z	15x5	HG002-bq765db79mczvn	E1:15x5	14.01	11.43	sentmm2ont.na.sentdhiomr2.giabHC_x_ultima_x_clinvar.parse_vcfeval_summary	1	1	0	8.5416	0.000169	0.004745333333333334	0.00044444444444444447
OBS18	E1	prod-cand-1703-hg002-bjuice-v2-multiau-20260814T114522Z	15x5	HG002-bq765db79mczvn	E1:15x5	14.01	11.43	sentmm2ont.na.sentdhiomr2.giabHC_x_ultima_x_clinvar.rtg_vcfeval	1	1	0	63.8819	0.010093	0.28391955555555554	0.058911111111111115
OBS18	E1	prod-cand-1703-hg002-bjuice-v2-multiau-20260814T114522Z	15x5	HG002-bq765db79mczvn	E1:15x5	14.01	11.43	sentmm2ont.na.sentdhiomr2.giabHCv5q.parse_vcfeval_summary	1	1	0	77.4299	0.001529	0.04301661111111111	0.004902777777777778
OBS18	E1	prod-cand-1703-hg002-bjuice-v2-multiau-20260814T114522Z	15x5	HG002-bq765db79mczvn	E1:15x5	14.01	11.43	sentmm2ont.na.sentdhiomr2.giabHCv5q.rtg_vcfeval	1	1	0	856.8817	0.135383	3.8083631111111114	0.326725
OBS18	E1	prod-cand-1703-hg002-bjuice-v2-multiau-20260814T114522Z	15x5	HG002-bq765db79mczvn	E1:15x5	14.01	11.43	sentmm2ont.na.sentdhiomr2.hg38.parse_vcfeval_summary	1	1	0	84.2144	0.001663	0.04678577777777777	0.0009583333333333334
OBS18	E1	prod-cand-1703-hg002-bjuice-v2-multiau-20260814T114522Z	15x5	HG002-bq765db79mczvn	E1:15x5	14.01	11.43	sentmm2ont.na.sentdhiomr2.hg38.rtg_vcfeval	1	1	0	68.3197	0.010794	0.3036431111111111	0.07831666666666666
OBS18	E1	prod-cand-1703-hg002-bjuice-v2-multiau-20260814T114522Z	15x5	HG002-bq765db79mczvn	E1:15x5	14.01	11.43	sentmm2ont.na.sentdhiomr2.hg38_m_giabHC.parse_vcfeval_summary	1	1	0	21.8551	0.000432	0.012141722222222222	0.001575
OBS18	E1	prod-cand-1703-hg002-bjuice-v2-multiau-20260814T114522Z	15x5	HG002-bq765db79mczvn	E1:15x5	14.01	11.43	sentmm2ont.na.sentdhiomr2.hg38_m_giabHC.rtg_vcfeval	1	1	0	72.1067	0.011393	0.3204742222222222	0.06414166666666667
OBS18	E1	prod-cand-1703-hg002-bjuice-v2-multiau-20260814T114522Z	15x5	HG002-bq765db79mczvn	E1:15x5	14.01	11.43	sentmm2ont.na.sentdhiomr2.peddy	1	1	0	12.31	0.000486	0.013677777777777778	0.0013249999999999998
OBS18	E1	prod-cand-1703-hg002-bjuice-v2-multiau-20260814T114522Z	15x5	HG002-bq765db79mczvn	E1:15x5	14.01	11.43	sentmm2ont.na.sentdhiomr2.rtgvcfstats	1	1	0	23.1405	0.000457	0.012855833333333334	0.006127777777777777
OBS18	E1	prod-cand-1703-hg002-bjuice-v2-multiau-20260814T114522Z	15x5	HG002-bq765db79mczvn	E1:15x5	14.01	11.43	sentmm2ont.na.sentdhiomr2.ultima.parse_vcfeval_summary	1	1	0	69.6882	0.001376	0.03871566666666666	0.005522222222222222
OBS18	E1	prod-cand-1703-hg002-bjuice-v2-multiau-20260814T114522Z	15x5	HG002-bq765db79mczvn	E1:15x5	14.01	11.43	sentmm2ont.na.sentdhiomr2.ultima.rtg_vcfeval	1	1	0	79.5386	0.012567	0.3535048888888889	7.222222222222222e-05
OBS18	E1	prod-cand-1703-hg002-bjuice-v2-multiau-20260814T114522Z	15x5	HG002-bq765db79mczvn	E1:15x5	14.01	11.43	sentmm2ont.na.sentdhiomr2.vep_concat	1	1	0	50.0557	0.004215	0.1112348888888889	0.0027861111111111107
OBS18	E1	prod-cand-1703-hg002-bjuice-v2-multiau-20260814T114522Z	15x5	HG002-bq765db79mczvn	E1:15x5	14.01	11.43	sentmm2ont.na.sentdhiomr2.vep_concat_fofn	1	1	0	0.0937	1e-06	2.602777777777778e-05	0.0
OBS18	E1	prod-cand-1703-hg002-bjuice-v2-multiau-20260814T114522Z	15x5	HG002-bq765db79mczvn	E1:15x5	14.01	11.43	sentmm2ont.na.sentdhiomr2.vep_validate_input_contigs	1	1	0	0.586	5e-06	0.00016277777777777777	5.555555555555556e-06
OBS18	E1	prod-cand-1703-hg002-bjuice-v2-multiau-20260814T114522Z	15x5	HG002-bq765db79mczvn	E1:15x5	14.01	11.43	seqfu	1	1	0	905.3286	0.057282	1.5088810000000001	0.8762972222222223
OBS18	E1	prod-cand-1703-hg002-bjuice-v2-multiau-20260814T114522Z	15x5	HG002-bq765db79mczvn	E1:15x5	14.01	11.43	snv_vcf.vcf-sv-stats	1	1	0	249.5596	0.004929	0.13864422222222222	0.062086111111111106
OBS18	E1	prod-cand-1703-hg002-bjuice-v2-multiau-20260814T114522Z	15x5	HG002-bq765db79mczvn	E1:15x5	14.01	11.43	source_reheadered_cnvscope_vcf.vcf-sv-stats	1	1	0	0.9794	1.9e-05	0.0005441111111111111	2.2222222222222223e-05
OBS18	E1	prod-cand-1703-hg002-bjuice-v2-multiau-20260814T114522Z	15x5	HG002-bq765db79mczvn	E1:15x5	14.01	11.43	synthetic_smn_vcf.vcf-sv-stats	1	1	0	1.043	2.1e-05	0.0005794444444444444	0.0
OBS18	E1	prod-cand-1703-hg002-bjuice-v2-multiau-20260814T114522Z	15x5	HG002-bq765db79mczvn	E1:15x5	14.01	11.43	tagged_cnv_vcf.vcf-sv-stats	1	1	0	1.1697	2.3e-05	0.0006498333333333333	9.722222222222222e-05
OBS18	E1	prod-cand-1703-hg002-bjuice-v2-multiau-20260814T114522Z	15x5	HG002-bq765db79mczvn	E1:15x5	14.01	11.43	tagged_sv_vcf.vcf-sv-stats	1	1	0	4.8317	9.5e-05	0.0026842777777777776	0.0006166666666666667
OBS18	E1	prod-cand-1703-hg002-bjuice-v2-multiau-20260814T114522Z	15x5	HG002-bq765db79mczvn	E1:15x5	14.01	11.43	untagged_trussv_vcf.vcf-sv-stats	1	1	0	3.2737	6.5e-05	0.0018187222222222222	0.0006555555555555555
OBS19	P1	pcand18022-bjuice-preval6-15014-dry-20260817t112900z	fullcov_0to24	HG002-qvmjccyp5fr1y3	P1:fullcov	43.73	11.43	expansionhunter_vcf.vcf-sv-stats	1	1	0	1.7936	4e-05	0.0009964444444444445	0.00010277777777777778
OBS19	P1	pcand18022-bjuice-preval6-15014-dry-20260817t112900z	fullcov_0to24	HG002-qvmjccyp5fr1y3	P1:fullcov	43.73	11.43	fastqc	1	1	0	877.4009	0.155509	3.8995595555555553	0.294725
OBS19	P1	pcand18022-bjuice-preval6-15014-dry-20260817t112900z	fullcov_0to24	HG002-qvmjccyp5fr1y3	P1:fullcov	43.73	11.43	mitochondrial_vcf.vcf-sv-stats	1	1	0	2.1127	4.4e-05	0.001173722222222222	6.38888888888889e-05
OBS19	P1	pcand18022-bjuice-preval6-15014-dry-20260817t112900z	fullcov_0to24	HG002-qvmjccyp5fr1y3	P1:fullcov	43.73	11.43	normalized_longreadsv_vcf.vcf-sv-stats	1	1	0	2.1092	4.7e-05	0.0011717777777777777	0.0003194444444444444
OBS19	P1	pcand18022-bjuice-preval6-15014-dry-20260817t112900z	fullcov_0to24	HG002-qvmjccyp5fr1y3	P1:fullcov	43.73	11.43	normalized_sniffles2_vcf.vcf-sv-stats	1	1	0	3.7265	4.7e-05	0.0020702777777777777	0.00034166666666666666
OBS19	P1	pcand18022-bjuice-preval6-15014-dry-20260817t112900z	fullcov_0to24	HG002-qvmjccyp5fr1y3	P1:fullcov	43.73	11.43	normalized_tiddit_vcf.vcf-sv-stats	1	1	0	2.3727	5.1e-05	0.0013181666666666667	0.00045277777777777775
OBS19	P1	pcand18022-bjuice-preval6-15014-dry-20260817t112900z	fullcov_0to24	HG002-qvmjccyp5fr1y3	P1:fullcov	43.73	11.43	segdup_CFH_vcf.vcf-sv-stats	1	1	0	0.869	1.1e-05	0.0004827777777777778	2.4999999999999998e-05
OBS19	P1	pcand18022-bjuice-preval6-15014-dry-20260817t112900z	fullcov_0to24	HG002-qvmjccyp5fr1y3	P1:fullcov	43.73	11.43	segdup_CYP11B1_vcf.vcf-sv-stats	1	1	0	0.8148	1e-05	0.00045266666666666665	2.4999999999999998e-05
OBS19	P1	pcand18022-bjuice-preval6-15014-dry-20260817t112900z	fullcov_0to24	HG002-qvmjccyp5fr1y3	P1:fullcov	43.73	11.43	segdup_CYP2A6_vcf.vcf-sv-stats	1	1	0	0.7705	1.7e-05	0.00042805555555555555	3.3333333333333335e-05
OBS19	P1	pcand18022-bjuice-preval6-15014-dry-20260817t112900z	fullcov_0to24	HG002-qvmjccyp5fr1y3	P1:fullcov	43.73	11.43	segdup_CYP2B6_vcf.vcf-sv-stats	1	1	0	0.9917	2.2e-05	0.0005509444444444445	0.00014722222222222223
OBS19	P1	pcand18022-bjuice-preval6-15014-dry-20260817t112900z	fullcov_0to24	HG002-qvmjccyp5fr1y3	P1:fullcov	43.73	11.43	segdup_CYP2D6_vcf.vcf-sv-stats	1	1	0	0.8466	1e-05	0.00047033333333333335	2.777777777777778e-05
OBS19	P1	pcand18022-bjuice-preval6-15014-dry-20260817t112900z	fullcov_0to24	HG002-qvmjccyp5fr1y3	P1:fullcov	43.73	11.43	segdup_GBA1_vcf.vcf-sv-stats	1	1	0	2.0318	4.4e-05	0.0011287777777777778	8.055555555555556e-05
OBS19	P1	pcand18022-bjuice-preval6-15014-dry-20260817t112900z	fullcov_0to24	HG002-qvmjccyp5fr1y3	P1:fullcov	43.73	11.43	segdup_HBA_vcf.vcf-sv-stats	1	1	0	2.0308	4.4e-05	0.0011282222222222223	8.055555555555556e-05
OBS19	P1	pcand18022-bjuice-preval6-15014-dry-20260817t112900z	fullcov_0to24	HG002-qvmjccyp5fr1y3	P1:fullcov	43.73	11.43	segdup_NCF1_vcf.vcf-sv-stats	1	1	0	2.1332	4.6e-05	0.0011851111111111112	2.2222222222222223e-05
OBS19	P1	pcand18022-bjuice-preval6-15014-dry-20260817t112900z	fullcov_0to24	HG002-qvmjccyp5fr1y3	P1:fullcov	43.73	11.43	segdup_OTOA_vcf.vcf-sv-stats	1	1	0	0.8501	1.8e-05	0.00047227777777777773	1.1111111111111112e-05
OBS19	P1	pcand18022-bjuice-preval6-15014-dry-20260817t112900z	fullcov_0to24	HG002-qvmjccyp5fr1y3	P1:fullcov	43.73	11.43	segdup_PMS2_vcf.vcf-sv-stats	1	1	0	2.0009	4.3e-05	0.0011116111111111112	8.333333333333333e-05
OBS19	P1	pcand18022-bjuice-preval6-15014-dry-20260817t112900z	fullcov_0to24	HG002-qvmjccyp5fr1y3	P1:fullcov	43.73	11.43	segdup_RCCX1_vcf.vcf-sv-stats	1	1	0	0.7606	1.6e-05	0.0004225555555555556	3.611111111111111e-05
OBS19	P1	pcand18022-bjuice-preval6-15014-dry-20260817t112900z	fullcov_0to24	HG002-qvmjccyp5fr1y3	P1:fullcov	43.73	11.43	segdup_RHD_vcf.vcf-sv-stats	1	1	0	0.8672	1.1e-05	0.00048177777777777775	1.388888888888889e-05
OBS19	P1	pcand18022-bjuice-preval6-15014-dry-20260817t112900z	fullcov_0to24	HG002-qvmjccyp5fr1y3	P1:fullcov	43.73	11.43	segdup_SBDS_vcf.vcf-sv-stats	1	1	0	1.9821	4.3e-05	0.0011011666666666667	8.333333333333333e-05
OBS19	P1	pcand18022-bjuice-preval6-15014-dry-20260817t112900z	fullcov_0to24	HG002-qvmjccyp5fr1y3	P1:fullcov	43.73	11.43	segdup_SMN1_vcf.vcf-sv-stats	1	1	0	1.3259	2.9e-05	0.0007366111111111112	8.61111111111111e-05
OBS19	P1	pcand18022-bjuice-preval6-15014-dry-20260817t112900z	fullcov_0to24	HG002-qvmjccyp5fr1y3	P1:fullcov	43.73	11.43	segdup_STRC_vcf.vcf-sv-stats	1	1	0	1.9873	4.3e-05	0.0011040555555555556	8.333333333333333e-05
OBS19	P1	pcand18022-bjuice-preval6-15014-dry-20260817t112900z	fullcov_0to24	HG002-qvmjccyp5fr1y3	P1:fullcov	43.73	11.43	sentdhiomr2.command-manifest	1	1	0	0.5541	0.000445	0.019701333333333335	0.0
OBS19	P1	pcand18022-bjuice-preval6-15014-dry-20260817t112900z	fullcov_0to24	HG002-qvmjccyp5fr1y3	P1:fullcov	43.73	11.43	sentdhiomr2.five-chromosome-hard-vcf	1	1	0	69.2822	0.092286	2.4633671111111113	0.013180555555555556
OBS19	P1	pcand18022-bjuice-preval6-15014-dry-20260817t112900z	fullcov_0to24	HG002-qvmjccyp5fr1y3	P1:fullcov	43.73	11.43	sentdhiomr2.hybrid-cli172i-core	1	1	0	5690.3135	7.579708	202.3222577777778	0.001011111111111111
OBS19	P1	pcand18022-bjuice-preval6-15014-dry-20260817t112900z	fullcov_0to24	HG002-qvmjccyp5fr1y3	P1:fullcov	43.73	11.43	sentdhiomr2.hybrid-cli172i-finalize-1	1	1	0	156.1218	0.006918	0.1734686666666667	0.005936111111111112
OBS19	P1	pcand18022-bjuice-preval6-15014-dry-20260817t112900z	fullcov_0to24	HG002-qvmjccyp5fr1y3	P1:fullcov	43.73	11.43	sentdhiomr2.hybrid-cli172i-finalize-10	1	1	0	100.3138	0.004445	0.11145977777777778	8.61111111111111e-05
OBS19	P1	pcand18022-bjuice-preval6-15014-dry-20260817t112900z	fullcov_0to24	HG002-qvmjccyp5fr1y3	P1:fullcov	43.73	11.43	sentdhiomr2.hybrid-cli172i-finalize-11	1	1	0	93.2276	0.00229	0.10358622222222222	0.0020166666666666666
OBS19	P1	pcand18022-bjuice-preval6-15014-dry-20260817t112900z	fullcov_0to24	HG002-qvmjccyp5fr1y3	P1:fullcov	43.73	11.43	sentdhiomr2.hybrid-cli172i-finalize-12	1	1	0	104.4539	0.004628	0.11605988888888889	0.014458333333333332
OBS19	P1	pcand18022-bjuice-preval6-15014-dry-20260817t112900z	fullcov_0to24	HG002-qvmjccyp5fr1y3	P1:fullcov	43.73	11.43	sentdhiomr2.hybrid-cli172i-finalize-13	1	1	0	80.5625	0.00357	0.08951388888888889	0.004044444444444444
OBS19	P1	pcand18022-bjuice-preval6-15014-dry-20260817t112900z	fullcov_0to24	HG002-qvmjccyp5fr1y3	P1:fullcov	43.73	11.43	sentdhiomr2.hybrid-cli172i-finalize-14	1	1	0	70.9232	0.003143	0.07880355555555554	0.006669444444444445
OBS19	P1	pcand18022-bjuice-preval6-15014-dry-20260817t112900z	fullcov_0to24	HG002-qvmjccyp5fr1y3	P1:fullcov	43.73	11.43	sentdhiomr2.hybrid-cli172i-finalize-15	1	1	0	65.9915	0.002924	0.0733238888888889	0.009302777777777778
OBS19	P1	pcand18022-bjuice-preval6-15014-dry-20260817t112900z	fullcov_0to24	HG002-qvmjccyp5fr1y3	P1:fullcov	43.73	11.43	sentdhiomr2.hybrid-cli172i-finalize-16	1	1	0	67.5899	0.002995	0.07509988888888888	0.007733333333333333
OBS19	P1	pcand18022-bjuice-preval6-15014-dry-20260817t112900z	fullcov_0to24	HG002-qvmjccyp5fr1y3	P1:fullcov	43.73	11.43	sentdhiomr2.hybrid-cli172i-finalize-17	1	1	0	76.3646	0.003384	0.08484955555555555	0.0042944444444444445
OBS19	P1	pcand18022-bjuice-preval6-15014-dry-20260817t112900z	fullcov_0to24	HG002-qvmjccyp5fr1y3	P1:fullcov	43.73	11.43	sentdhiomr2.hybrid-cli172i-finalize-18	1	1	0	68.2511	0.003024	0.07583455555555554	0.0076055555555555555
OBS19	P1	pcand18022-bjuice-preval6-15014-dry-20260817t112900z	fullcov_0to24	HG002-qvmjccyp5fr1y3	P1:fullcov	43.73	11.43	sentdhiomr2.hybrid-cli172i-finalize-19	1	1	0	61.5737	0.002728	0.06841522222222222	0.005469444444444445
OBS19	P1	pcand18022-bjuice-preval6-15014-dry-20260817t112900z	fullcov_0to24	HG002-qvmjccyp5fr1y3	P1:fullcov	43.73	11.43	sentdhiomr2.hybrid-cli172i-finalize-2	1	1	0	178.5967	0.004388	0.19844077777777777	0.008336111111111112
OBS19	P1	pcand18022-bjuice-preval6-15014-dry-20260817t112900z	fullcov_0to24	HG002-qvmjccyp5fr1y3	P1:fullcov	43.73	11.43	sentdhiomr2.hybrid-cli172i-finalize-20	1	1	0	51.8933	0.001275	0.05765922222222222	0.0018722222222222224
OBS19	P1	pcand18022-bjuice-preval6-15014-dry-20260817t112900z	fullcov_0to24	HG002-qvmjccyp5fr1y3	P1:fullcov	43.73	11.43	sentdhiomr2.hybrid-cli172i-finalize-21	1	1	0	38.5413	0.001708	0.04282366666666667	0.00014444444444444444
OBS19	P1	pcand18022-bjuice-preval6-15014-dry-20260817t112900z	fullcov_0to24	HG002-qvmjccyp5fr1y3	P1:fullcov	43.73	11.43	sentdhiomr2.hybrid-cli172i-finalize-22	1	1	0	43.8507	0.001943	0.048723	0.0
OBS19	P1	pcand18022-bjuice-preval6-15014-dry-20260817t112900z	fullcov_0to24	HG002-qvmjccyp5fr1y3	P1:fullcov	43.73	11.43	sentdhiomr2.hybrid-cli172i-finalize-23	1	1	0	369.2287	0.009072	0.4102541111111111	0.011858333333333332
OBS19	P1	pcand18022-bjuice-preval6-15014-dry-20260817t112900z	fullcov_0to24	HG002-qvmjccyp5fr1y3	P1:fullcov	43.73	11.43	sentdhiomr2.hybrid-cli172i-finalize-24	1	1	0	64.1776	0.002844	0.07130844444444444	0.009605555555555555
OBS19	P1	pcand18022-bjuice-preval6-15014-dry-20260817t112900z	fullcov_0to24	HG002-qvmjccyp5fr1y3	P1:fullcov	43.73	11.43	sentdhiomr2.hybrid-cli172i-finalize-25	1	1	0	17.9681	0.000796	0.019964555555555555	0.0
OBS19	P1	pcand18022-bjuice-preval6-15014-dry-20260817t112900z	fullcov_0to24	HG002-qvmjccyp5fr1y3	P1:fullcov	43.73	11.43	sentdhiomr2.hybrid-cli172i-finalize-3	1	1	0	135.3093	0.003324	0.15034366666666668	0.0018694444444444446
OBS19	P1	pcand18022-bjuice-preval6-15014-dry-20260817t112900z	fullcov_0to24	HG002-qvmjccyp5fr1y3	P1:fullcov	43.73	11.43	sentdhiomr2.hybrid-cli172i-finalize-4	1	1	0	135.882	0.006021	0.15098	0.001525
OBS19	P1	pcand18022-bjuice-preval6-15014-dry-20260817t112900z	fullcov_0to24	HG002-qvmjccyp5fr1y3	P1:fullcov	43.73	11.43	sentdhiomr2.hybrid-cli172i-finalize-5	1	1	0	123.1392	0.005456	0.13682133333333332	0.0041333333333333335
OBS19	P1	pcand18022-bjuice-preval6-15014-dry-20260817t112900z	fullcov_0to24	HG002-qvmjccyp5fr1y3	P1:fullcov	43.73	11.43	sentdhiomr2.hybrid-cli172i-finalize-6	1	1	0	129.3478	0.005731	0.14371977777777778	0.0019027777777777778
OBS19	P1	pcand18022-bjuice-preval6-15014-dry-20260817t112900z	fullcov_0to24	HG002-qvmjccyp5fr1y3	P1:fullcov	43.73	11.43	sentdhiomr2.hybrid-cli172i-finalize-7	1	1	0	123.9619	0.005493	0.13773544444444444	0.003336111111111111
OBS19	P1	pcand18022-bjuice-preval6-15014-dry-20260817t112900z	fullcov_0to24	HG002-qvmjccyp5fr1y3	P1:fullcov	43.73	11.43	sentdhiomr2.hybrid-cli172i-finalize-8	1	1	0	106.2133	0.004706	0.11801477777777779	2.777777777777778e-06
OBS19	P1	pcand18022-bjuice-preval6-15014-dry-20260817t112900z	fullcov_0to24	HG002-qvmjccyp5fr1y3	P1:fullcov	43.73	11.43	sentdhiomr2.hybrid-cli172i-finalize-9	1	1	0	99.4142	0.004405	0.11046022222222221	0.016825
OBS19	P1	pcand18022-bjuice-preval6-15014-dry-20260817t112900z	fullcov_0to24	HG002-qvmjccyp5fr1y3	P1:fullcov	43.73	11.43	sentdhiomr2.hybrid-cli172i-gather	1	1	0	155.4219	0.013773	0.34538199999999997	0.01975277777777778
OBS19	P1	pcand18022-bjuice-preval6-15014-dry-20260817t112900z	fullcov_0to24	HG002-qvmjccyp5fr1y3	P1:fullcov	43.73	11.43	sentdhiomr2.inflection-analytical-ancillary	1	1	0	0.9557	0.000767	0.033980444444444445	1.6666666666666667e-05
OBS19	P1	pcand18022-bjuice-preval6-15014-dry-20260817t112900z	fullcov_0to24	HG002-qvmjccyp5fr1y3	P1:fullcov	43.73	11.43	sentdhiomr2.inflection-analytical.pcand18022-bjuice-preval6-15014-dry-20260817t112900z	1	1	0	1217.6281	0.977192	43.293443555555555	0.08239722222222222
OBS19	P1	pcand18022-bjuice-preval6-15014-dry-20260817t112900z	fullcov_0to24	HG002-qvmjccyp5fr1y3	P1:fullcov	43.73	11.43	sentdhiomr2.inflection-multiqc-stage	1	1	0	48.273	0.000384	0.013409166666666668	0.012472222222222221
OBS19	P1	pcand18022-bjuice-preval6-15014-dry-20260817t112900z	fullcov_0to24	HG002-qvmjccyp5fr1y3	P1:fullcov	43.73	11.43	sentdhiomr2.inflection-multiqc	1	1	0	51.1738	0.000567	0.014214944444444445	4.722222222222223e-05
OBS19	P1	pcand18022-bjuice-preval6-15014-dry-20260817t112900z	fullcov_0to24	HG002-qvmjccyp5fr1y3	P1:fullcov	43.73	11.43	sentdhiomr2.mito	1	1	0	86.8856	0.119727	3.0892657777777774	0.01386111111111111
OBS19	P1	pcand18022-bjuice-preval6-15014-dry-20260817t112900z	fullcov_0to24	HG002-qvmjccyp5fr1y3	P1:fullcov	43.73	11.43	sentdhiomr2.normalize-smn12	1	1	0	0.1851	1e-06	5.1416666666666665e-05	0.0
OBS19	P1	pcand18022-bjuice-preval6-15014-dry-20260817t112900z	fullcov_0to24	HG002-qvmjccyp5fr1y3	P1:fullcov	43.73	11.43	sentdhiomr2.roh_upd	1	1	0	148.8723	0.198303	5.293237333333333	0.04098888888888889
OBS19	P1	pcand18022-bjuice-preval6-15014-dry-20260817t112900z	fullcov_0to24	HG002-qvmjccyp5fr1y3	P1:fullcov	43.73	11.43	sentdhiomr2.rsr-publish	1	1	0	14.6343	0.000116	0.004065083333333333	0.0020583333333333335
OBS19	P1	pcand18022-bjuice-preval6-15014-dry-20260817t112900z	fullcov_0to24	HG002-qvmjccyp5fr1y3	P1:fullcov	43.73	11.43	sentdhiomr2.scope	1	1	0	0.7208	6e-06	0.0002002222222222222	0.0
OBS19	P1	pcand18022-bjuice-preval6-15014-dry-20260817t112900z	fullcov_0to24	HG002-qvmjccyp5fr1y3	P1:fullcov	43.73	11.43	sentdhiomr2.segdup.CFH	1	1	0	499.6779	0.688547	17.766325333333334	0.0010888888888888888
OBS19	P1	pcand18022-bjuice-preval6-15014-dry-20260817t112900z	fullcov_0to24	HG002-qvmjccyp5fr1y3	P1:fullcov	43.73	11.43	sentdhiomr2.segdup.CYP11B1	1	1	0	369.0119	0.508492	13.120423111111112	0.017319444444444446
OBS19	P1	pcand18022-bjuice-preval6-15014-dry-20260817t112900z	fullcov_0to24	HG002-qvmjccyp5fr1y3	P1:fullcov	43.73	11.43	sentdhiomr2.segdup.CYP2A6	1	1	0	313.1403	0.431502	11.133877333333334	0.018266666666666667
OBS19	P1	pcand18022-bjuice-preval6-15014-dry-20260817t112900z	fullcov_0to24	HG002-qvmjccyp5fr1y3	P1:fullcov	43.73	11.43	sentdhiomr2.segdup.CYP2B6	1	1	0	375.9782	0.656218	13.36811377777778	0.030016666666666667
OBS19	P1	pcand18022-bjuice-preval6-15014-dry-20260817t112900z	fullcov_0to24	HG002-qvmjccyp5fr1y3	P1:fullcov	43.73	11.43	sentdhiomr2.segdup.CYP2D6	1	1	0	406.2681	0.576051	14.445088	0.013308333333333332
OBS19	P1	pcand18022-bjuice-preval6-15014-dry-20260817t112900z	fullcov_0to24	HG002-qvmjccyp5fr1y3	P1:fullcov	43.73	11.43	sentdhiomr2.segdup.GBA	1	1	0	453.4275	0.603982	16.121866666666666	0.023538888888888887
OBS19	P1	pcand18022-bjuice-preval6-15014-dry-20260817t112900z	fullcov_0to24	HG002-qvmjccyp5fr1y3	P1:fullcov	43.73	11.43	sentdhiomr2.segdup.HBA	1	1	0	334.8088	0.46136	11.904312888888889	0.013405555555555554
OBS19	P1	pcand18022-bjuice-preval6-15014-dry-20260817t112900z	fullcov_0to24	HG002-qvmjccyp5fr1y3	P1:fullcov	43.73	11.43	sentdhiomr2.segdup.IKBKG	1	1	0	328.4873	0.437557	11.679548444444444	0.03127222222222222
OBS19	P1	pcand18022-bjuice-preval6-15014-dry-20260817t112900z	fullcov_0to24	HG002-qvmjccyp5fr1y3	P1:fullcov	43.73	11.43	sentdhiomr2.segdup.LPA	1	1	0	259.1398	0.345184	9.213859555555555	0.0003111111111111111
OBS19	P1	pcand18022-bjuice-preval6-15014-dry-20260817t112900z	fullcov_0to24	HG002-qvmjccyp5fr1y3	P1:fullcov	43.73	11.43	sentdhiomr2.segdup.NCF1	1	1	0	345.008	0.230044	12.26695111111111	0.03676388888888889
OBS19	P1	pcand18022-bjuice-preval6-15014-dry-20260817t112900z	fullcov_0to24	HG002-qvmjccyp5fr1y3	P1:fullcov	43.73	11.43	sentdhiomr2.segdup.OTOA	1	1	0	424.1526	0.453301	15.080981333333334	0.0201
OBS19	P1	pcand18022-bjuice-preval6-15014-dry-20260817t112900z	fullcov_0to24	HG002-qvmjccyp5fr1y3	P1:fullcov	43.73	11.43	sentdhiomr2.segdup.PMS2	1	1	0	389.4208	0.46856	13.846072888888889	0.017558333333333332
OBS19	P1	pcand18022-bjuice-preval6-15014-dry-20260817t112900z	fullcov_0to24	HG002-qvmjccyp5fr1y3	P1:fullcov	43.73	11.43	sentdhiomr2.segdup.RCCX	1	1	0	382.2298	0.526706	13.59039288888889	0.01824722222222222
OBS19	P1	pcand18022-bjuice-preval6-15014-dry-20260817t112900z	fullcov_0to24	HG002-qvmjccyp5fr1y3	P1:fullcov	43.73	11.43	sentdhiomr2.segdup.RH	1	1	0	581.8499	0.825009	20.687996444444448	0.035175
OBS19	P1	pcand18022-bjuice-preval6-15014-dry-20260817t112900z	fullcov_0to24	HG002-qvmjccyp5fr1y3	P1:fullcov	43.73	11.43	sentdhiomr2.segdup.SBDS	1	1	0	359.5337	0.295184	12.783420444444445	0.015175000000000001
OBS19	P1	pcand18022-bjuice-preval6-15014-dry-20260817t112900z	fullcov_0to24	HG002-qvmjccyp5fr1y3	P1:fullcov	43.73	11.43	sentdhiomr2.segdup.SMN1	1	1	0	373.8696	0.449848	13.293141333333333	0.042452777777777784
OBS19	P1	pcand18022-bjuice-preval6-15014-dry-20260817t112900z	fullcov_0to24	HG002-qvmjccyp5fr1y3	P1:fullcov	43.73	11.43	sentdhiomr2.segdup.STRC	1	1	0	328.2416	0.394948	11.670812444444445	0.014249999999999999
OBS19	P1	pcand18022-bjuice-preval6-15014-dry-20260817t112900z	fullcov_0to24	HG002-qvmjccyp5fr1y3	P1:fullcov	43.73	11.43	sentdhiomr2.slim-longreadsv-normalize	1	1	0	3.0772	0.001091	0.02735288888888889	0.0006222222222222223
OBS19	P1	pcand18022-bjuice-preval6-15014-dry-20260817t112900z	fullcov_0to24	HG002-qvmjccyp5fr1y3	P1:fullcov	43.73	11.43	sentdhiomr2.slim-sniffles2-normalize	1	1	0	2.6307	0.000517	0.023384000000000002	0.0005972222222222222
OBS19	P1	pcand18022-bjuice-preval6-15014-dry-20260817t112900z	fullcov_0to24	HG002-qvmjccyp5fr1y3	P1:fullcov	43.73	11.43	sentdhiomr2.slim-tag-cnv	1	1	0	33.1853	0.011763	0.29498044444444443	0.004183333333333333
OBS19	P1	pcand18022-bjuice-preval6-15014-dry-20260817t112900z	fullcov_0to24	HG002-qvmjccyp5fr1y3	P1:fullcov	43.73	11.43	sentdhiomr2.slim-tag-sv	1	1	0	1172.9746	0.418356	10.426440888888889	0.3209944444444444
OBS19	P1	pcand18022-bjuice-preval6-15014-dry-20260817t112900z	fullcov_0to24	HG002-qvmjccyp5fr1y3	P1:fullcov	43.73	11.43	sentdhiomr2.slim-tiddit-normalize	1	1	0	6.4428	0.001266	0.05726933333333333	2.777777777777778e-06
OBS19	P1	pcand18022-bjuice-preval6-15014-dry-20260817t112900z	fullcov_0to24	HG002-qvmjccyp5fr1y3	P1:fullcov	43.73	11.43	sentdhiomr2.slim-tiddit-repair	1	1	0	1.5443	0.000304	0.013727111111111112	0.00015833333333333332
OBS19	P1	pcand18022-bjuice-preval6-15014-dry-20260817t112900z	fullcov_0to24	HG002-qvmjccyp5fr1y3	P1:fullcov	43.73	11.43	sentdhiomr2.slim-trussv	1	1	0	7.267	0.001458	0.06459555555555556	0.00023888888888888888
OBS19	P1	pcand18022-bjuice-preval6-15014-dry-20260817t112900z	fullcov_0to24	HG002-qvmjccyp5fr1y3	P1:fullcov	43.73	11.43	sentdhiomr2.slim-truvari-aggregate	1	1	0	0.1515	1e-06	4.208333333333333e-05	0.0
OBS19	P1	pcand18022-bjuice-preval6-15014-dry-20260817t112900z	fullcov_0to24	HG002-qvmjccyp5fr1y3	P1:fullcov	43.73	11.43	sentdhiomr2.slim-truvari-longreadsv	1	1	0	169.1028	0.033928	1.503136	0.04551666666666667
OBS19	P1	pcand18022-bjuice-preval6-15014-dry-20260817t112900z	fullcov_0to24	HG002-qvmjccyp5fr1y3	P1:fullcov	43.73	11.43	sentdhiomr2.slim-truvari-sniffles2	1	1	0	201.0722	0.039521	1.7873084444444445	0.054650000000000004
OBS19	P1	pcand18022-bjuice-preval6-15014-dry-20260817t112900z	fullcov_0to24	HG002-qvmjccyp5fr1y3	P1:fullcov	43.73	11.43	sentdhiomr2.slim-truvari-tagged_trussv	1	1	0	201.4905	0.071424	1.7910266666666665	0.055058333333333334
OBS19	P1	pcand18022-bjuice-preval6-15014-dry-20260817t112900z	fullcov_0to24	HG002-qvmjccyp5fr1y3	P1:fullcov	43.73	11.43	sentdhiomr2.slim-truvari-tiddit	1	1	0	197.5741	0.038833	1.7562142222222221	0.0006388888888888888
OBS19	P1	pcand18022-bjuice-preval6-15014-dry-20260817t112900z	fullcov_0to24	HG002-qvmjccyp5fr1y3	P1:fullcov	43.73	11.43	sentdhiomr2.sniffles2	1	1	0	80.2093	0.072716	2.8518862222222223	0.0035833333333333333
OBS19	P1	pcand18022-bjuice-preval6-15014-dry-20260817t112900z	fullcov_0to24	HG002-qvmjccyp5fr1y3	P1:fullcov	43.73	11.43	sentdhiomr2.sr-prepare	1	1	0	2031.7924	4.059634	108.36226133333334	0.01976388888888889
OBS19	P1	pcand18022-bjuice-preval6-15014-dry-20260817t112900z	fullcov_0to24	HG002-qvmjccyp5fr1y3	P1:fullcov	43.73	11.43	sentdhiomr2.terminal-hybrid-validate	1	1	0	170.7148	0.137005	6.0698595555555555	0.04296111111111111
OBS19	P1	pcand18022-bjuice-preval6-15014-dry-20260817t112900z	fullcov_0to24	HG002-qvmjccyp5fr1y3	P1:fullcov	43.73	11.43	sentdhiomr2.tiddit	1	1	0	1292.6905	1.721912	45.962328888888884	6.666666666666667e-05
OBS19	P1	pcand18022-bjuice-preval6-15014-dry-20260817t112900z	fullcov_0to24	HG002-qvmjccyp5fr1y3	P1:fullcov	43.73	11.43	sentdhiomr2.tiddit.sort	1	1	0	1.223	0.001734	0.04348444444444445	8.333333333333334e-06
OBS19	P1	pcand18022-bjuice-preval6-15014-dry-20260817t112900z	fullcov_0to24	HG002-qvmjccyp5fr1y3	P1:fullcov	43.73	11.43	sentdhiomr2lr.na.alignstats	1	1	0	222.8481	0.009874	0.247609	0.14440833333333333
OBS19	P1	pcand18022-bjuice-preval6-15014-dry-20260817t112900z	fullcov_0to24	HG002-qvmjccyp5fr1y3	P1:fullcov	43.73	11.43	sentdhiomr2lr.na.coverage_evenness_two	1	1	0	320.5041	0.056806	1.4244626666666667	0.9856666666666667
OBS19	P1	pcand18022-bjuice-preval6-15014-dry-20260817t112900z	fullcov_0to24	HG002-qvmjccyp5fr1y3	P1:fullcov	43.73	11.43	sentdhiomr2lr.na.gatk_contam	1	1	0	13.9582	0.000309	0.007754555555555555	0.004972222222222222
OBS19	P1	pcand18022-bjuice-preval6-15014-dry-20260817t112900z	fullcov_0to24	HG002-qvmjccyp5fr1y3	P1:fullcov	43.73	11.43	sentdhiomr2lr.na.goleft	1	1	0	1.555	1.9e-05	0.0008638888888888889	0.00019999999999999998
OBS19	P1	pcand18022-bjuice-preval6-15014-dry-20260817t112900z	fullcov_0to24	HG002-qvmjccyp5fr1y3	P1:fullcov	43.73	11.43	sentdhiomr2lr.na.infer_sex_complement	1	1	0	0.6572	7e-06	0.00018255555555555557	8.333333333333334e-06
OBS19	P1	pcand18022-bjuice-preval6-15014-dry-20260817t112900z	fullcov_0to24	HG002-qvmjccyp5fr1y3	P1:fullcov	43.73	11.43	sentdhiomr2lr.na.mosdepth	1	1	0	119.9211	0.005314	0.13324566666666665	0.040669444444444446
OBS19	P1	pcand18022-bjuice-preval6-15014-dry-20260817t112900z	fullcov_0to24	HG002-qvmjccyp5fr1y3	P1:fullcov	43.73	11.43	sentdhiomr2lr.na.norm_cov_eveness	1	1	0	491.3912	0.021773	0.5459902222222223	0.0008805555555555555
OBS19	P1	pcand18022-bjuice-preval6-15014-dry-20260817t112900z	fullcov_0to24	HG002-qvmjccyp5fr1y3	P1:fullcov	43.73	11.43	sentdhiomr2lr.na.p.ganon2_multiqc_log	1	1	0	0.0448	0.0	1.2444444444444445e-05	0.0
OBS19	P1	pcand18022-bjuice-preval6-15014-dry-20260817t112900z	fullcov_0to24	HG002-qvmjccyp5fr1y3	P1:fullcov	43.73	11.43	sentdhiomr2lr.na.p.unmapped_metagenomics_ganon2_quick	1	1	0	61.8739	0.082418	2.1999608888888886	0.013405555555555554
OBS19	P1	pcand18022-bjuice-preval6-15014-dry-20260817t112900z	fullcov_0to24	HG002-qvmjccyp5fr1y3	P1:fullcov	43.73	11.43	sentdhiomr2lr.na.samt	1	1	0	571.8471	0.01405	0.6353856666666666	0.2720611111111111
OBS19	P1	pcand18022-bjuice-preval6-15014-dry-20260817t112900z	fullcov_0to24	HG002-qvmjccyp5fr1y3	P1:fullcov	43.73	11.43	sentdhiomr2lr.na.sex_complement_somalier_metrics	1	1	0	0.5245	1.2e-05	0.0002913888888888889	8.333333333333334e-06
OBS19	P1	pcand18022-bjuice-preval6-15014-dry-20260817t112900z	fullcov_0to24	HG002-qvmjccyp5fr1y3	P1:fullcov	43.73	11.43	sentdhiomr2lr.na.site_mix_contam	1	1	0	13.979	0.000155	0.0038830555555555554	0.003447222222222222
OBS19	P1	pcand18022-bjuice-preval6-15014-dry-20260817t112900z	fullcov_0to24	HG002-qvmjccyp5fr1y3	P1:fullcov	43.73	11.43	sentdhiomr2lr.na.site_mix_contam_pileups	1	1	0	2043.3651	0.050203	2.2704056666666665	0.5721305555555556
OBS19	P1	pcand18022-bjuice-preval6-15014-dry-20260817t112900z	fullcov_0to24	HG002-qvmjccyp5fr1y3	P1:fullcov	43.73	11.43	sentdhiomr2rsr.na.alignstats	1	1	0	377.4614	0.016725	0.4194015555555556	0.184225
OBS19	P1	pcand18022-bjuice-preval6-15014-dry-20260817t112900z	fullcov_0to24	HG002-qvmjccyp5fr1y3	P1:fullcov	43.73	11.43	sentdhiomr2rsr.na.coverage_evenness_two	1	1	0	341.3918	0.060508	1.517296888888889	0.9541555555555555
OBS19	P1	pcand18022-bjuice-preval6-15014-dry-20260817t112900z	fullcov_0to24	HG002-qvmjccyp5fr1y3	P1:fullcov	43.73	11.43	sentdhiomr2rsr.na.gatk_contam	1	1	0	10.0049	0.000123	0.0055582777777777774	0.003547222222222222
OBS19	P1	pcand18022-bjuice-preval6-15014-dry-20260817t112900z	fullcov_0to24	HG002-qvmjccyp5fr1y3	P1:fullcov	43.73	11.43	sentdhiomr2rsr.na.goleft	1	1	0	1.7945	4e-05	0.0009969444444444444	0.0003777777777777778
OBS19	P1	pcand18022-bjuice-preval6-15014-dry-20260817t112900z	fullcov_0to24	HG002-qvmjccyp5fr1y3	P1:fullcov	43.73	11.43	sentdhiomr2rsr.na.infer_sex_complement	1	1	0	0.8026	9e-06	0.00022294444444444445	2.777777777777778e-06
OBS19	P1	pcand18022-bjuice-preval6-15014-dry-20260817t112900z	fullcov_0to24	HG002-qvmjccyp5fr1y3	P1:fullcov	43.73	11.43	sentdhiomr2rsr.na.mosdepth	1	1	0	113.4517	0.005027	0.12605744444444444	0.04825555555555556
OBS19	P1	pcand18022-bjuice-preval6-15014-dry-20260817t112900z	fullcov_0to24	HG002-qvmjccyp5fr1y3	P1:fullcov	43.73	11.43	sentdhiomr2rsr.na.norm_cov_eveness	1	1	0	552.8035	0.024495	0.6142261111111111	0.002288888888888889
OBS19	P1	pcand18022-bjuice-preval6-15014-dry-20260817t112900z	fullcov_0to24	HG002-qvmjccyp5fr1y3	P1:fullcov	43.73	11.43	sentdhiomr2rsr.na.p.ganon2_multiqc_log	1	1	0	0.0495	0.0	1.375e-05	0.0
OBS19	P1	pcand18022-bjuice-preval6-15014-dry-20260817t112900z	fullcov_0to24	HG002-qvmjccyp5fr1y3	P1:fullcov	43.73	11.43	sentdhiomr2rsr.na.p.unmapped_metagenomics_ganon2_quick	1	1	0	369.4323	0.492098	13.135370666666667	0.02520277777777778
OBS19	P1	pcand18022-bjuice-preval6-15014-dry-20260817t112900z	fullcov_0to24	HG002-qvmjccyp5fr1y3	P1:fullcov	43.73	11.43	sentdhiomr2rsr.na.samt	1	1	0	489.5395	0.021691	0.5439327777777777	0.007452777777777777
OBS19	P1	pcand18022-bjuice-preval6-15014-dry-20260817t112900z	fullcov_0to24	HG002-qvmjccyp5fr1y3	P1:fullcov	43.73	11.43	sentdhiomr2rsr.na.sex_complement_somalier_metrics	1	1	0	0.6673	1.5e-05	0.0003707222222222222	0.0
OBS19	P1	pcand18022-bjuice-preval6-15014-dry-20260817t112900z	fullcov_0to24	HG002-qvmjccyp5fr1y3	P1:fullcov	43.73	11.43	sentdhiomr2rsr.na.site_mix_contam	1	1	0	31.4751	0.000349	0.008743083333333334	0.004208333333333333
OBS19	P1	pcand18022-bjuice-preval6-15014-dry-20260817t112900z	fullcov_0to24	HG002-qvmjccyp5fr1y3	P1:fullcov	43.73	11.43	sentdhiomr2rsr.na.site_mix_contam_pileups	1	1	0	1214.975	0.053835	1.3499722222222221	0.2526805555555556
OBS19	P1	pcand18022-bjuice-preval6-15014-dry-20260817t112900z	fullcov_0to24	HG002-qvmjccyp5fr1y3	P1:fullcov	43.73	11.43	sentdhiomr2sr.smd.alignstats	1	1	0	1206.1245	0.053443	1.3401383333333332	0.6456611111111111
OBS19	P1	pcand18022-bjuice-preval6-15014-dry-20260817t112900z	fullcov_0to24	HG002-qvmjccyp5fr1y3	P1:fullcov	43.73	11.43	sentdhiomr2sr.smd.coverage_evenness_two	1	1	0	396.739	0.068337	1.7632844444444444	0.7290444444444444
OBS19	P1	pcand18022-bjuice-preval6-15014-dry-20260817t112900z	fullcov_0to24	HG002-qvmjccyp5fr1y3	P1:fullcov	43.73	11.43	sentdhiomr2sr.smd.gatk_contam	1	1	0	17.4262	0.000219	0.009681222222222223	0.005530555555555556
OBS19	P1	pcand18022-bjuice-preval6-15014-dry-20260817t112900z	fullcov_0to24	HG002-qvmjccyp5fr1y3	P1:fullcov	43.73	11.43	sentdhiomr2sr.smd.goleft	1	1	0	1.7039	3.7e-05	0.0009466111111111111	5.555555555555556e-06
OBS19	P1	pcand18022-bjuice-preval6-15014-dry-20260817t112900z	fullcov_0to24	HG002-qvmjccyp5fr1y3	P1:fullcov	43.73	11.43	sentdhiomr2sr.smd.infer_sex_complement	1	1	0	0.6518	4e-06	0.00018105555555555556	8.333333333333334e-06
OBS19	P1	pcand18022-bjuice-preval6-15014-dry-20260817t112900z	fullcov_0to24	HG002-qvmjccyp5fr1y3	P1:fullcov	43.73	11.43	sentdhiomr2sr.smd.mosdepth	1	1	0	185.7642	0.007999	0.20640466666666665	0.093225
OBS19	P1	pcand18022-bjuice-preval6-15014-dry-20260817t112900z	fullcov_0to24	HG002-qvmjccyp5fr1y3	P1:fullcov	43.73	11.43	sentdhiomr2sr.smd.norm_cov_eveness	1	1	0	590.2534	0.025417	0.6558371111111112	0.0026416666666666667
OBS19	P1	pcand18022-bjuice-preval6-15014-dry-20260817t112900z	fullcov_0to24	HG002-qvmjccyp5fr1y3	P1:fullcov	43.73	11.43	sentdhiomr2sr.smd.p.ganon2_multiqc_log	1	1	0	0.0486	0.0	1.35e-05	0.0
OBS19	P1	pcand18022-bjuice-preval6-15014-dry-20260817t112900z	fullcov_0to24	HG002-qvmjccyp5fr1y3	P1:fullcov	43.73	11.43	sentdhiomr2sr.smd.p.unmapped_metagenomics_ganon2_quick	1	1	0	2686.0863	3.808622	95.50529066666667	0.356
OBS19	P1	pcand18022-bjuice-preval6-15014-dry-20260817t112900z	fullcov_0to24	HG002-qvmjccyp5fr1y3	P1:fullcov	43.73	11.43	sentdhiomr2sr.smd.samt	1	1	0	1431.3753	0.061638	1.590417	0.04866388888888889
OBS19	P1	pcand18022-bjuice-preval6-15014-dry-20260817t112900z	fullcov_0to24	HG002-qvmjccyp5fr1y3	P1:fullcov	43.73	11.43	sentdhiomr2sr.smd.sex_complement_somalier_metrics	1	1	0	0.496	1.1e-05	0.0002755555555555556	8.333333333333334e-06
OBS19	P1	pcand18022-bjuice-preval6-15014-dry-20260817t112900z	fullcov_0to24	HG002-qvmjccyp5fr1y3	P1:fullcov	43.73	11.43	sentdhiomr2sr.smd.site_mix_contam	1	1	0	35.6206	0.000223	0.009894611111111113	0.004216666666666666
OBS19	P1	pcand18022-bjuice-preval6-15014-dry-20260817t112900z	fullcov_0to24	HG002-qvmjccyp5fr1y3	P1:fullcov	43.73	11.43	sentdhiomr2sr.smd.site_mix_contam_pileups	1	1	0	3402.6615	0.0836	3.780735	0.9498249999999999
OBS19	P1	pcand18022-bjuice-preval6-15014-dry-20260817t112900z	fullcov_0to24	HG002-qvmjccyp5fr1y3	P1:fullcov	43.73	11.43	sentmm2ont.na.expansionhunter	1	1	0	520.2311	0.053503	2.312138222222222	2.035388888888889
OBS19	P1	pcand18022-bjuice-preval6-15014-dry-20260817t112900z	fullcov_0to24	HG002-qvmjccyp5fr1y3	P1:fullcov	43.73	11.43	sentmm2ont.na.expansionhunter_json_to_tsv	1	1	0	0.4999	5e-06	0.0001388611111111111	5.555555555555556e-06
OBS19	P1	pcand18022-bjuice-preval6-15014-dry-20260817t112900z	fullcov_0to24	HG002-qvmjccyp5fr1y3	P1:fullcov	43.73	11.43	sentmm2ont.na.sentdhiomr2.altair-v1.1.parse_vcfeval_summary	1	1	0	9.4706	0.000197	0.005261444444444444	4.1666666666666665e-05
OBS19	P1	pcand18022-bjuice-preval6-15014-dry-20260817t112900z	fullcov_0to24	HG002-qvmjccyp5fr1y3	P1:fullcov	43.73	11.43	sentmm2ont.na.sentdhiomr2.altair-v1.1.rtg_vcfeval	1	1	0	63.3206	0.010543	0.2814248888888889	0.060225
OBS19	P1	pcand18022-bjuice-preval6-15014-dry-20260817t112900z	fullcov_0to24	HG002-qvmjccyp5fr1y3	P1:fullcov	43.73	11.43	sentmm2ont.na.sentdhiomr2.bcfstat	1	1	0	20.5681	0.001367	0.03428016666666667	0.004911111111111111
OBS19	P1	pcand18022-bjuice-preval6-15014-dry-20260817t112900z	fullcov_0to24	HG002-qvmjccyp5fr1y3	P1:fullcov	43.73	11.43	sentmm2ont.na.sentdhiomr2.chr1.vep	1	1	0	687.8127	0.01725	0.7642363333333333	0.010780555555555555
OBS19	P1	pcand18022-bjuice-preval6-15014-dry-20260817t112900z	fullcov_0to24	HG002-qvmjccyp5fr1y3	P1:fullcov	43.73	11.43	sentmm2ont.na.sentdhiomr2.chr1.vep_input	1	1	0	6.52	7.2e-05	0.001811111111111111	7.500000000000001e-05
OBS19	P1	pcand18022-bjuice-preval6-15014-dry-20260817t112900z	fullcov_0to24	HG002-qvmjccyp5fr1y3	P1:fullcov	43.73	11.43	sentmm2ont.na.sentdhiomr2.chr10.vep	1	1	0	562.9929	0.024946	0.6255476666666666	0.0007916666666666666
OBS19	P1	pcand18022-bjuice-preval6-15014-dry-20260817t112900z	fullcov_0to24	HG002-qvmjccyp5fr1y3	P1:fullcov	43.73	11.43	sentmm2ont.na.sentdhiomr2.chr10.vep_input	1	1	0	3.7844	4.2e-05	0.0010512222222222223	0.0007194444444444444
OBS19	P1	pcand18022-bjuice-preval6-15014-dry-20260817t112900z	fullcov_0to24	HG002-qvmjccyp5fr1y3	P1:fullcov	43.73	11.43	sentmm2ont.na.sentdhiomr2.chr11.vep	1	1	0	533.9233	0.013118	0.5932481111111112	0.000325
OBS19	P1	pcand18022-bjuice-preval6-15014-dry-20260817t112900z	fullcov_0to24	HG002-qvmjccyp5fr1y3	P1:fullcov	43.73	11.43	sentmm2ont.na.sentdhiomr2.chr11.vep_input	1	1	0	5.2678	3.2e-05	0.0014632777777777778	0.0009972222222222223
OBS19	P1	pcand18022-bjuice-preval6-15014-dry-20260817t112900z	fullcov_0to24	HG002-qvmjccyp5fr1y3	P1:fullcov	43.73	11.43	sentmm2ont.na.sentdhiomr2.chr12.vep	1	1	0	465.9978	0.020648	0.5177753333333334	0.008225
OBS19	P1	pcand18022-bjuice-preval6-15014-dry-20260817t112900z	fullcov_0to24	HG002-qvmjccyp5fr1y3	P1:fullcov	43.73	11.43	sentmm2ont.na.sentdhiomr2.chr12.vep_input	1	1	0	4.9375	3e-05	0.0013715277777777777	6.38888888888889e-05
OBS19	P1	pcand18022-bjuice-preval6-15014-dry-20260817t112900z	fullcov_0to24	HG002-qvmjccyp5fr1y3	P1:fullcov	43.73	11.43	sentmm2ont.na.sentdhiomr2.chr13.vep	1	1	0	279.9705	0.011654	0.31107833333333335	0.005125
OBS19	P1	pcand18022-bjuice-preval6-15014-dry-20260817t112900z	fullcov_0to24	HG002-qvmjccyp5fr1y3	P1:fullcov	43.73	11.43	sentmm2ont.na.sentdhiomr2.chr13.vep_input	1	1	0	3.0276	1.9e-05	0.0008410000000000001	1.9444444444444445e-05
OBS19	P1	pcand18022-bjuice-preval6-15014-dry-20260817t112900z	fullcov_0to24	HG002-qvmjccyp5fr1y3	P1:fullcov	43.73	11.43	sentmm2ont.na.sentdhiomr2.chr14.vep	1	1	0	352.9374	0.015639	0.3921526666666667	0.007530555555555555
OBS19	P1	pcand18022-bjuice-preval6-15014-dry-20260817t112900z	fullcov_0to24	HG002-qvmjccyp5fr1y3	P1:fullcov	43.73	11.43	sentmm2ont.na.sentdhiomr2.chr14.vep_input	1	1	0	2.7118	1.7e-05	0.0007532777777777778	0.0004277777777777778
OBS19	P1	pcand18022-bjuice-preval6-15014-dry-20260817t112900z	fullcov_0to24	HG002-qvmjccyp5fr1y3	P1:fullcov	43.73	11.43	sentmm2ont.na.sentdhiomr2.chr15.vep	1	1	0	340.369	0.015082	0.3781877777777778	0.003116666666666667
OBS19	P1	pcand18022-bjuice-preval6-15014-dry-20260817t112900z	fullcov_0to24	HG002-qvmjccyp5fr1y3	P1:fullcov	43.73	11.43	sentmm2ont.na.sentdhiomr2.chr15.vep_input	1	1	0	3.7069	2.3e-05	0.0010296944444444444	5.555555555555556e-05
OBS19	P1	pcand18022-bjuice-preval6-15014-dry-20260817t112900z	fullcov_0to24	HG002-qvmjccyp5fr1y3	P1:fullcov	43.73	11.43	sentmm2ont.na.sentdhiomr2.chr16.vep	1	1	0	297.4977	0.007461	0.330553	0.004697222222222222
OBS19	P1	pcand18022-bjuice-preval6-15014-dry-20260817t112900z	fullcov_0to24	HG002-qvmjccyp5fr1y3	P1:fullcov	43.73	11.43	sentmm2ont.na.sentdhiomr2.chr16.vep_input	1	1	0	2.5166	1.5e-05	0.0006990555555555555	0.0
OBS19	P1	pcand18022-bjuice-preval6-15014-dry-20260817t112900z	fullcov_0to24	HG002-qvmjccyp5fr1y3	P1:fullcov	43.73	11.43	sentmm2ont.na.sentdhiomr2.chr17.vep	1	1	0	351.5787	0.008638	0.390643	0.0002972222222222222
OBS19	P1	pcand18022-bjuice-preval6-15014-dry-20260817t112900z	fullcov_0to24	HG002-qvmjccyp5fr1y3	P1:fullcov	43.73	11.43	sentmm2ont.na.sentdhiomr2.chr17.vep_input	1	1	0	2.4261	2.7e-05	0.0006739166666666666	2.2222222222222223e-05
OBS19	P1	pcand18022-bjuice-preval6-15014-dry-20260817t112900z	fullcov_0to24	HG002-qvmjccyp5fr1y3	P1:fullcov	43.73	11.43	sentmm2ont.na.sentdhiomr2.chr18.vep	1	1	0	297.2763	0.013172	0.330307	0.003702777777777778
OBS19	P1	pcand18022-bjuice-preval6-15014-dry-20260817t112900z	fullcov_0to24	HG002-qvmjccyp5fr1y3	P1:fullcov	43.73	11.43	sentmm2ont.na.sentdhiomr2.chr18.vep_input	1	1	0	2.7878	3.1e-05	0.0007743888888888888	0.00039999999999999996
OBS19	P1	pcand18022-bjuice-preval6-15014-dry-20260817t112900z	fullcov_0to24	HG002-qvmjccyp5fr1y3	P1:fullcov	43.73	11.43	sentmm2ont.na.sentdhiomr2.chr19.vep	1	1	0	236.547	0.005932	0.26283	0.006708333333333333
OBS19	P1	pcand18022-bjuice-preval6-15014-dry-20260817t112900z	fullcov_0to24	HG002-qvmjccyp5fr1y3	P1:fullcov	43.73	11.43	sentmm2ont.na.sentdhiomr2.chr19.vep_input	1	1	0	3.1655	1.9e-05	0.0008793055555555556	2.777777777777778e-05
OBS19	P1	pcand18022-bjuice-preval6-15014-dry-20260817t112900z	fullcov_0to24	HG002-qvmjccyp5fr1y3	P1:fullcov	43.73	11.43	sentmm2ont.na.sentdhiomr2.chr2.vep	1	1	0	697.2036	0.017485	0.7746706666666667	0.012902777777777779
OBS19	P1	pcand18022-bjuice-preval6-15014-dry-20260817t112900z	fullcov_0to24	HG002-qvmjccyp5fr1y3	P1:fullcov	43.73	11.43	sentmm2ont.na.sentdhiomr2.chr2.vep_input	1	1	0	7.344	4.5e-05	0.00204	2.4999999999999998e-05
OBS19	P1	pcand18022-bjuice-preval6-15014-dry-20260817t112900z	fullcov_0to24	HG002-qvmjccyp5fr1y3	P1:fullcov	43.73	11.43	sentmm2ont.na.sentdhiomr2.chr20.vep	1	1	0	185.6055	0.007726	0.20622833333333335	0.0022416666666666665
OBS19	P1	pcand18022-bjuice-preval6-15014-dry-20260817t112900z	fullcov_0to24	HG002-qvmjccyp5fr1y3	P1:fullcov	43.73	11.43	sentmm2ont.na.sentdhiomr2.chr20.vep_input	1	1	0	2.809	3.1e-05	0.0007802777777777778	0.0004083333333333333
OBS19	P1	pcand18022-bjuice-preval6-15014-dry-20260817t112900z	fullcov_0to24	HG002-qvmjccyp5fr1y3	P1:fullcov	43.73	11.43	sentmm2ont.na.sentdhiomr2.chr21.vep	1	1	0	171.4686	0.0043	0.19052066666666667	0.0022083333333333334
OBS19	P1	pcand18022-bjuice-preval6-15014-dry-20260817t112900z	fullcov_0to24	HG002-qvmjccyp5fr1y3	P1:fullcov	43.73	11.43	sentmm2ont.na.sentdhiomr2.chr21.vep_input	1	1	0	2.3263	2.6e-05	0.0006461944444444444	0.00025277777777777777
OBS19	P1	pcand18022-bjuice-preval6-15014-dry-20260817t112900z	fullcov_0to24	HG002-qvmjccyp5fr1y3	P1:fullcov	43.73	11.43	sentmm2ont.na.sentdhiomr2.chr22.vep	1	1	0	190.9589	0.008461	0.21217655555555556	0.007741666666666667
OBS19	P1	pcand18022-bjuice-preval6-15014-dry-20260817t112900z	fullcov_0to24	HG002-qvmjccyp5fr1y3	P1:fullcov	43.73	11.43	sentmm2ont.na.sentdhiomr2.chr22.vep_input	1	1	0	2.343	1.4e-05	0.0006508333333333333	0.00024722222222222224
OBS19	P1	pcand18022-bjuice-preval6-15014-dry-20260817t112900z	fullcov_0to24	HG002-qvmjccyp5fr1y3	P1:fullcov	43.73	11.43	sentmm2ont.na.sentdhiomr2.chr3.vep	1	1	0	609.5557	0.025373	0.6772841111111111	0.009211111111111111
OBS19	P1	pcand18022-bjuice-preval6-15014-dry-20260817t112900z	fullcov_0to24	HG002-qvmjccyp5fr1y3	P1:fullcov	43.73	11.43	sentmm2ont.na.sentdhiomr2.chr3.vep_input	1	1	0	5.1448	5.7e-05	0.001429111111111111	0.0009916666666666665
OBS19	P1	pcand18022-bjuice-preval6-15014-dry-20260817t112900z	fullcov_0to24	HG002-qvmjccyp5fr1y3	P1:fullcov	43.73	11.43	sentmm2ont.na.sentdhiomr2.chr4.vep	1	1	0	636.8417	0.015646	0.7076018888888889	0.008061111111111111
OBS19	P1	pcand18022-bjuice-preval6-15014-dry-20260817t112900z	fullcov_0to24	HG002-qvmjccyp5fr1y3	P1:fullcov	43.73	11.43	sentmm2ont.na.sentdhiomr2.chr4.vep_input	1	1	0	6.8439	7.6e-05	0.0019010833333333332	5.277777777777778e-05
OBS19	P1	pcand18022-bjuice-preval6-15014-dry-20260817t112900z	fullcov_0to24	HG002-qvmjccyp5fr1y3	P1:fullcov	43.73	11.43	sentmm2ont.na.sentdhiomr2.chr5.vep	1	1	0	508.824	0.012761	0.56536	0.009763888888888888
OBS19	P1	pcand18022-bjuice-preval6-15014-dry-20260817t112900z	fullcov_0to24	HG002-qvmjccyp5fr1y3	P1:fullcov	43.73	11.43	sentmm2ont.na.sentdhiomr2.chr5.vep_input	1	1	0	5.2865	3.2e-05	0.0014684722222222224	0.0
OBS19	P1	pcand18022-bjuice-preval6-15014-dry-20260817t112900z	fullcov_0to24	HG002-qvmjccyp5fr1y3	P1:fullcov	43.73	11.43	sentmm2ont.na.sentdhiomr2.chr6.vep	1	1	0	568.4925	0.023664	0.6316583333333333	0.009980555555555555
OBS19	P1	pcand18022-bjuice-preval6-15014-dry-20260817t112900z	fullcov_0to24	HG002-qvmjccyp5fr1y3	P1:fullcov	43.73	11.43	sentmm2ont.na.sentdhiomr2.chr6.vep_input	1	1	0	6.4658	7.2e-05	0.0017960555555555555	2.2222222222222223e-05
OBS19	P1	pcand18022-bjuice-preval6-15014-dry-20260817t112900z	fullcov_0to24	HG002-qvmjccyp5fr1y3	P1:fullcov	43.73	11.43	sentmm2ont.na.sentdhiomr2.chr7.vep	1	1	0	612.0438	0.027119	0.6800486666666667	0.009977777777777778
OBS19	P1	pcand18022-bjuice-preval6-15014-dry-20260817t112900z	fullcov_0to24	HG002-qvmjccyp5fr1y3	P1:fullcov	43.73	11.43	sentmm2ont.na.sentdhiomr2.chr7.vep_input	1	1	0	5.6623	3.5e-05	0.0015728611111111112	0.0011472222222222222
OBS19	P1	pcand18022-bjuice-preval6-15014-dry-20260817t112900z	fullcov_0to24	HG002-qvmjccyp5fr1y3	P1:fullcov	43.73	11.43	sentmm2ont.na.sentdhiomr2.chr8.vep	1	1	0	524.4104	0.021829	0.5826782222222222	0.007344444444444445
OBS19	P1	pcand18022-bjuice-preval6-15014-dry-20260817t112900z	fullcov_0to24	HG002-qvmjccyp5fr1y3	P1:fullcov	43.73	11.43	sentmm2ont.na.sentdhiomr2.chr8.vep_input	1	1	0	3.8027	2.3e-05	0.0010563055555555556	0.0007361111111111111
OBS19	P1	pcand18022-bjuice-preval6-15014-dry-20260817t112900z	fullcov_0to24	HG002-qvmjccyp5fr1y3	P1:fullcov	43.73	11.43	sentmm2ont.na.sentdhiomr2.chr9.vep	1	1	0	390.3175	0.016247	0.4336861111111111	0.008202777777777778
OBS19	P1	pcand18022-bjuice-preval6-15014-dry-20260817t112900z	fullcov_0to24	HG002-qvmjccyp5fr1y3	P1:fullcov	43.73	11.43	sentmm2ont.na.sentdhiomr2.chr9.vep_input	1	1	0	4.8106	5.3e-05	0.0013362777777777778	2.777777777777778e-06
OBS19	P1	pcand18022-bjuice-preval6-15014-dry-20260817t112900z	fullcov_0to24	HG002-qvmjccyp5fr1y3	P1:fullcov	43.73	11.43	sentmm2ont.na.sentdhiomr2.chrM.vep	1	1	0	1.5876	7e-05	0.001764	0.0002111111111111111
OBS19	P1	pcand18022-bjuice-preval6-15014-dry-20260817t112900z	fullcov_0to24	HG002-qvmjccyp5fr1y3	P1:fullcov	43.73	11.43	sentmm2ont.na.sentdhiomr2.chrM.vep_input	1	1	0	1.0146	1.1e-05	0.0002818333333333333	0.0001527777777777778
OBS19	P1	pcand18022-bjuice-preval6-15014-dry-20260817t112900z	fullcov_0to24	HG002-qvmjccyp5fr1y3	P1:fullcov	43.73	11.43	sentmm2ont.na.sentdhiomr2.chrX.vep	1	1	0	163.7941	0.006818	0.18199344444444443	0.0034972222222222223
OBS19	P1	pcand18022-bjuice-preval6-15014-dry-20260817t112900z	fullcov_0to24	HG002-qvmjccyp5fr1y3	P1:fullcov	43.73	11.43	sentmm2ont.na.sentdhiomr2.chrX.vep_input	1	1	0	3.0036	1.8e-05	0.0008343333333333333	5.555555555555556e-06
OBS19	P1	pcand18022-bjuice-preval6-15014-dry-20260817t112900z	fullcov_0to24	HG002-qvmjccyp5fr1y3	P1:fullcov	43.73	11.43	sentmm2ont.na.sentdhiomr2.chrY.vep	1	1	0	7.6178	0.000187	0.008464222222222222	0.0015916666666666668
OBS19	P1	pcand18022-bjuice-preval6-15014-dry-20260817t112900z	fullcov_0to24	HG002-qvmjccyp5fr1y3	P1:fullcov	43.73	11.43	sentmm2ont.na.sentdhiomr2.chrY.vep_input	1	1	0	1.1711	1.3e-05	0.00032530555555555557	0.00015555555555555556
OBS19	P1	pcand18022-bjuice-preval6-15014-dry-20260817t112900z	fullcov_0to24	HG002-qvmjccyp5fr1y3	P1:fullcov	43.73	11.43	sentmm2ont.na.sentdhiomr2.cli-gvcf.altair-v1.1.parse_vcfeval_summary	1	1	0	12.33	0.000273	0.00685	5.555555555555556e-05
OBS19	P1	pcand18022-bjuice-preval6-15014-dry-20260817t112900z	fullcov_0to24	HG002-qvmjccyp5fr1y3	P1:fullcov	43.73	11.43	sentmm2ont.na.sentdhiomr2.cli-gvcf.altair-v1.1.rtg_vcfeval	1	1	0	786.2932	0.130921	3.494636444444444	0.49454166666666666
OBS19	P1	pcand18022-bjuice-preval6-15014-dry-20260817t112900z	fullcov_0to24	HG002-qvmjccyp5fr1y3	P1:fullcov	43.73	11.43	sentmm2ont.na.sentdhiomr2.cli-gvcf.clinvar_genes.parse_vcfeval_summary	1	1	0	15.5146	0.000191	0.008619222222222223	0.00021666666666666668
OBS19	P1	pcand18022-bjuice-preval6-15014-dry-20260817t112900z	fullcov_0to24	HG002-qvmjccyp5fr1y3	P1:fullcov	43.73	11.43	sentmm2ont.na.sentdhiomr2.cli-gvcf.clinvar_genes.rtg_vcfeval	1	1	0	1015.6758	0.180017	4.514114666666667	0.64755
OBS19	P1	pcand18022-bjuice-preval6-15014-dry-20260817t112900z	fullcov_0to24	HG002-qvmjccyp5fr1y3	P1:fullcov	43.73	11.43	sentmm2ont.na.sentdhiomr2.cli-gvcf.concordance	1	1	0	0.4351	2.1e-05	0.0009668888888888889	5.555555555555556e-06
OBS19	P1	pcand18022-bjuice-preval6-15014-dry-20260817t112900z	fullcov_0to24	HG002-qvmjccyp5fr1y3	P1:fullcov	43.73	11.43	sentmm2ont.na.sentdhiomr2.cli-gvcf.giabHC.parse_vcfeval_summary	1	1	0	104.3392	0.002312	0.057966222222222225	0.007724999999999999
OBS19	P1	pcand18022-bjuice-preval6-15014-dry-20260817t112900z	fullcov_0to24	HG002-qvmjccyp5fr1y3	P1:fullcov	43.73	11.43	sentmm2ont.na.sentdhiomr2.cli-gvcf.giabHC.rtg_vcfeval	1	1	0	846.2365	0.140902	3.761051111111111	0.5454583333333334
OBS19	P1	pcand18022-bjuice-preval6-15014-dry-20260817t112900z	fullcov_0to24	HG002-qvmjccyp5fr1y3	P1:fullcov	43.73	11.43	sentmm2ont.na.sentdhiomr2.cli-gvcf.giabHC_x_clinvar_genes.parse_vcfeval_summary	1	1	0	12.4586	0.000276	0.0069214444444444445	0.0007194444444444444
OBS19	P1	pcand18022-bjuice-preval6-15014-dry-20260817t112900z	fullcov_0to24	HG002-qvmjccyp5fr1y3	P1:fullcov	43.73	11.43	sentmm2ont.na.sentdhiomr2.cli-gvcf.giabHC_x_clinvar_genes.rtg_vcfeval	1	1	0	801.2075	0.133405	3.560922222222222	0.5002888888888889
OBS19	P1	pcand18022-bjuice-preval6-15014-dry-20260817t112900z	fullcov_0to24	HG002-qvmjccyp5fr1y3	P1:fullcov	43.73	11.43	sentmm2ont.na.sentdhiomr2.cli-gvcf.giabHC_x_ultima.parse_vcfeval_summary	1	1	0	86.8174	0.001923	0.048231888888888894	0.008338888888888889
OBS19	P1	pcand18022-bjuice-preval6-15014-dry-20260817t112900z	fullcov_0to24	HG002-qvmjccyp5fr1y3	P1:fullcov	43.73	11.43	sentmm2ont.na.sentdhiomr2.cli-gvcf.giabHC_x_ultima.rtg_vcfeval	1	1	0	1016.927	0.180239	4.519675555555556	0.6644305555555555
OBS19	P1	pcand18022-bjuice-preval6-15014-dry-20260817t112900z	fullcov_0to24	HG002-qvmjccyp5fr1y3	P1:fullcov	43.73	11.43	sentmm2ont.na.sentdhiomr2.cli-gvcf.giabHC_x_ultima_x_clinvar.parse_vcfeval_summary	1	1	0	11.8756	0.000263	0.006597555555555556	0.0006138888888888889
OBS19	P1	pcand18022-bjuice-preval6-15014-dry-20260817t112900z	fullcov_0to24	HG002-qvmjccyp5fr1y3	P1:fullcov	43.73	11.43	sentmm2ont.na.sentdhiomr2.cli-gvcf.giabHC_x_ultima_x_clinvar.rtg_vcfeval	1	1	0	1026.5241	0.18194	4.5623293333333335	0.6471972222222222
OBS19	P1	pcand18022-bjuice-preval6-15014-dry-20260817t112900z	fullcov_0to24	HG002-qvmjccyp5fr1y3	P1:fullcov	43.73	11.43	sentmm2ont.na.sentdhiomr2.cli-gvcf.giabHCv5q.parse_vcfeval_summary	1	1	0	105.7521	0.002343	0.05875116666666667	0.006711111111111111
OBS19	P1	pcand18022-bjuice-preval6-15014-dry-20260817t112900z	fullcov_0to24	HG002-qvmjccyp5fr1y3	P1:fullcov	43.73	11.43	sentmm2ont.na.sentdhiomr2.cli-gvcf.giabHCv5q.rtg_vcfeval	1	1	0	1060.3797	0.176558	4.712798666666666	0.7635527777777777
OBS19	P1	pcand18022-bjuice-preval6-15014-dry-20260817t112900z	fullcov_0to24	HG002-qvmjccyp5fr1y3	P1:fullcov	43.73	11.43	sentmm2ont.na.sentdhiomr2.cli-gvcf.hg38.parse_vcfeval_summary	1	1	0	109.2781	0.002421	0.06071005555555555	0.0019249999999999998
OBS19	P1	pcand18022-bjuice-preval6-15014-dry-20260817t112900z	fullcov_0to24	HG002-qvmjccyp5fr1y3	P1:fullcov	43.73	11.43	sentmm2ont.na.sentdhiomr2.cli-gvcf.hg38.rtg_vcfeval	1	1	0	805.2387	0.134076	3.5788386666666665	1.9444444444444445e-05
OBS19	P1	pcand18022-bjuice-preval6-15014-dry-20260817t112900z	fullcov_0to24	HG002-qvmjccyp5fr1y3	P1:fullcov	43.73	11.43	sentmm2ont.na.sentdhiomr2.cli-gvcf.hg38_m_giabHC.parse_vcfeval_summary	1	1	0	29.5222	0.000654	0.016401222222222223	0.00045000000000000004
OBS19	P1	pcand18022-bjuice-preval6-15014-dry-20260817t112900z	fullcov_0to24	HG002-qvmjccyp5fr1y3	P1:fullcov	43.73	11.43	sentmm2ont.na.sentdhiomr2.cli-gvcf.hg38_m_giabHC.rtg_vcfeval	1	1	0	1244.4163	0.122296	5.530739111111112	0.7942111111111111
OBS19	P1	pcand18022-bjuice-preval6-15014-dry-20260817t112900z	fullcov_0to24	HG002-qvmjccyp5fr1y3	P1:fullcov	43.73	11.43	sentmm2ont.na.sentdhiomr2.cli-gvcf.ultima.parse_vcfeval_summary	1	1	0	102.5243	0.002271	0.05695794444444444	0.006091666666666666
OBS19	P1	pcand18022-bjuice-preval6-15014-dry-20260817t112900z	fullcov_0to24	HG002-qvmjccyp5fr1y3	P1:fullcov	43.73	11.43	sentmm2ont.na.sentdhiomr2.cli-gvcf.ultima.rtg_vcfeval	1	1	0	825.1563	0.137392	3.6673613333333335	0.5348694444444444
OBS19	P1	pcand18022-bjuice-preval6-15014-dry-20260817t112900z	fullcov_0to24	HG002-qvmjccyp5fr1y3	P1:fullcov	43.73	11.43	sentmm2ont.na.sentdhiomr2.clinvar_genes.parse_vcfeval_summary	1	1	0	10.9048	0.000227	0.006058222222222222	0.0001388888888888889
OBS19	P1	pcand18022-bjuice-preval6-15014-dry-20260817t112900z	fullcov_0to24	HG002-qvmjccyp5fr1y3	P1:fullcov	43.73	11.43	sentmm2ont.na.sentdhiomr2.clinvar_genes.rtg_vcfeval	1	1	0	67.6505	0.011264	0.3006688888888889	0.05894166666666666
OBS19	P1	pcand18022-bjuice-preval6-15014-dry-20260817t112900z	fullcov_0to24	HG002-qvmjccyp5fr1y3	P1:fullcov	43.73	11.43	sentmm2ont.na.sentdhiomr2.concordance	1	1	0	0.4631	2.3e-05	0.001029111111111111	5.555555555555556e-06
OBS19	P1	pcand18022-bjuice-preval6-15014-dry-20260817t112900z	fullcov_0to24	HG002-qvmjccyp5fr1y3	P1:fullcov	43.73	11.43	sentmm2ont.na.sentdhiomr2.giabHC.parse_vcfeval_summary	1	1	0	63.8679	0.001329	0.03548216666666667	0.004233333333333334
OBS19	P1	pcand18022-bjuice-preval6-15014-dry-20260817t112900z	fullcov_0to24	HG002-qvmjccyp5fr1y3	P1:fullcov	43.73	11.43	sentmm2ont.na.sentdhiomr2.giabHC.rtg_vcfeval	1	1	0	73.4339	0.013015	0.3263728888888889	0.07607222222222222
OBS19	P1	pcand18022-bjuice-preval6-15014-dry-20260817t112900z	fullcov_0to24	HG002-qvmjccyp5fr1y3	P1:fullcov	43.73	11.43	sentmm2ont.na.sentdhiomr2.giabHC_x_clinvar_genes.parse_vcfeval_summary	1	1	0	8.7012	0.000181	0.004834	5.555555555555556e-06
OBS19	P1	pcand18022-bjuice-preval6-15014-dry-20260817t112900z	fullcov_0to24	HG002-qvmjccyp5fr1y3	P1:fullcov	43.73	11.43	sentmm2ont.na.sentdhiomr2.giabHC_x_clinvar_genes.rtg_vcfeval	1	1	0	69.4998	0.012318	0.308888	0.06093055555555556
OBS19	P1	pcand18022-bjuice-preval6-15014-dry-20260817t112900z	fullcov_0to24	HG002-qvmjccyp5fr1y3	P1:fullcov	43.73	11.43	sentmm2ont.na.sentdhiomr2.giabHC_x_ultima.parse_vcfeval_summary	1	1	0	61.4113	0.001278	0.034117388888888885	0.003861111111111111
OBS19	P1	pcand18022-bjuice-preval6-15014-dry-20260817t112900z	fullcov_0to24	HG002-qvmjccyp5fr1y3	P1:fullcov	43.73	11.43	sentmm2ont.na.sentdhiomr2.giabHC_x_ultima.rtg_vcfeval	1	1	0	72.1834	0.012019	0.32081511111111116	0.07040555555555555
OBS19	P1	pcand18022-bjuice-preval6-15014-dry-20260817t112900z	fullcov_0to24	HG002-qvmjccyp5fr1y3	P1:fullcov	43.73	11.43	sentmm2ont.na.sentdhiomr2.giabHC_x_ultima_x_clinvar.parse_vcfeval_summary	1	1	0	8.7354	0.000182	0.0048530000000000005	2.777777777777778e-06
OBS19	P1	pcand18022-bjuice-preval6-15014-dry-20260817t112900z	fullcov_0to24	HG002-qvmjccyp5fr1y3	P1:fullcov	43.73	11.43	sentmm2ont.na.sentdhiomr2.giabHC_x_ultima_x_clinvar.rtg_vcfeval	1	1	0	72.7897	0.012901	0.3235097777777778	0.06024444444444444
OBS19	P1	pcand18022-bjuice-preval6-15014-dry-20260817t112900z	fullcov_0to24	HG002-qvmjccyp5fr1y3	P1:fullcov	43.73	11.43	sentmm2ont.na.sentdhiomr2.giabHCv5q.parse_vcfeval_summary	1	1	0	86.8444	0.001924	0.04824688888888889	0.010358333333333332
OBS19	P1	pcand18022-bjuice-preval6-15014-dry-20260817t112900z	fullcov_0to24	HG002-qvmjccyp5fr1y3	P1:fullcov	43.73	11.43	sentmm2ont.na.sentdhiomr2.giabHCv5q.rtg_vcfeval	1	1	0	853.0954	0.142044	3.791535111111111	0.32532777777777777
OBS19	P1	pcand18022-bjuice-preval6-15014-dry-20260817t112900z	fullcov_0to24	HG002-qvmjccyp5fr1y3	P1:fullcov	43.73	11.43	sentmm2ont.na.sentdhiomr2.hg38.parse_vcfeval_summary	1	1	0	84.064	0.001054	0.04670222222222222	0.0008527777777777777
OBS19	P1	pcand18022-bjuice-preval6-15014-dry-20260817t112900z	fullcov_0to24	HG002-qvmjccyp5fr1y3	P1:fullcov	43.73	11.43	sentmm2ont.na.sentdhiomr2.hg38.rtg_vcfeval	1	1	0	70.9699	0.011817	0.31542177777777775	0.0789611111111111
OBS19	P1	pcand18022-bjuice-preval6-15014-dry-20260817t112900z	fullcov_0to24	HG002-qvmjccyp5fr1y3	P1:fullcov	43.73	11.43	sentmm2ont.na.sentdhiomr2.hg38_m_giabHC.parse_vcfeval_summary	1	1	0	21.3802	0.000268	0.011877888888888887	0.0015472222222222224
OBS19	P1	pcand18022-bjuice-preval6-15014-dry-20260817t112900z	fullcov_0to24	HG002-qvmjccyp5fr1y3	P1:fullcov	43.73	11.43	sentmm2ont.na.sentdhiomr2.hg38_m_giabHC.rtg_vcfeval	1	1	0	70.0314	0.012412	0.3112506666666667	0.062325
OBS19	P1	pcand18022-bjuice-preval6-15014-dry-20260817t112900z	fullcov_0to24	HG002-qvmjccyp5fr1y3	P1:fullcov	43.73	11.43	sentmm2ont.na.sentdhiomr2.peddy	1	1	0	15.4257	0.000684	0.017139666666666668	0.0012583333333333333
OBS19	P1	pcand18022-bjuice-preval6-15014-dry-20260817t112900z	fullcov_0to24	HG002-qvmjccyp5fr1y3	P1:fullcov	43.73	11.43	sentmm2ont.na.sentdhiomr2.rtgvcfstats	1	1	0	30.2196	0.00067	0.016788666666666667	0.005894444444444444
OBS19	P1	pcand18022-bjuice-preval6-15014-dry-20260817t112900z	fullcov_0to24	HG002-qvmjccyp5fr1y3	P1:fullcov	43.73	11.43	sentmm2ont.na.sentdhiomr2.ultima.parse_vcfeval_summary	1	1	0	68.8892	0.000864	0.03827177777777778	0.005069444444444444
OBS19	P1	pcand18022-bjuice-preval6-15014-dry-20260817t112900z	fullcov_0to24	HG002-qvmjccyp5fr1y3	P1:fullcov	43.73	11.43	sentmm2ont.na.sentdhiomr2.ultima.rtg_vcfeval	1	1	0	75.4728	0.012567	0.3354346666666667	0.06810277777777778
OBS19	P1	pcand18022-bjuice-preval6-15014-dry-20260817t112900z	fullcov_0to24	HG002-qvmjccyp5fr1y3	P1:fullcov	43.73	11.43	sentmm2ont.na.sentdhiomr2.vep_concat	1	1	0	64.9204	0.00319	0.14426755555555557	0.00021666666666666668
OBS19	P1	pcand18022-bjuice-preval6-15014-dry-20260817t112900z	fullcov_0to24	HG002-qvmjccyp5fr1y3	P1:fullcov	43.73	11.43	sentmm2ont.na.sentdhiomr2.vep_concat_fofn	1	1	0	0.1009	1e-06	2.802777777777778e-05	0.0
OBS19	P1	pcand18022-bjuice-preval6-15014-dry-20260817t112900z	fullcov_0to24	HG002-qvmjccyp5fr1y3	P1:fullcov	43.73	11.43	sentmm2ont.na.sentdhiomr2.vep_validate_input_contigs	1	1	0	0.6514	5e-06	0.00018094444444444443	0.0
OBS19	P1	pcand18022-bjuice-preval6-15014-dry-20260817t112900z	fullcov_0to24	HG002-qvmjccyp5fr1y3	P1:fullcov	43.73	11.43	seqfu	1	1	0	1134.1902	0.041799	1.890317	1.1096
OBS19	P1	pcand18022-bjuice-preval6-15014-dry-20260817t112900z	fullcov_0to24	HG002-qvmjccyp5fr1y3	P1:fullcov	43.73	11.43	snv_vcf.vcf-sv-stats	1	1	0	274.5723	0.006083	0.15254016666666667	0.0657888888888889
OBS19	P1	pcand18022-bjuice-preval6-15014-dry-20260817t112900z	fullcov_0to24	HG002-qvmjccyp5fr1y3	P1:fullcov	43.73	11.43	source_reheadered_cnvscope_vcf.vcf-sv-stats	1	1	0	0.9995	2.2e-05	0.0005552777777777778	2.777777777777778e-05
OBS19	P1	pcand18022-bjuice-preval6-15014-dry-20260817t112900z	fullcov_0to24	HG002-qvmjccyp5fr1y3	P1:fullcov	43.73	11.43	synthetic_smn_vcf.vcf-sv-stats	1	1	0	0.8488	1.9e-05	0.0004715555555555556	2.777777777777778e-05
OBS19	P1	pcand18022-bjuice-preval6-15014-dry-20260817t112900z	fullcov_0to24	HG002-qvmjccyp5fr1y3	P1:fullcov	43.73	11.43	tagged_cnv_vcf.vcf-sv-stats	1	1	0	1.1258	2.5e-05	0.0006254444444444444	0.00011111111111111112
OBS19	P1	pcand18022-bjuice-preval6-15014-dry-20260817t112900z	fullcov_0to24	HG002-qvmjccyp5fr1y3	P1:fullcov	43.73	11.43	tagged_sv_vcf.vcf-sv-stats	1	1	0	3.7902	4.7e-05	0.0021056666666666667	0.0007444444444444445
OBS19	P1	pcand18022-bjuice-preval6-15014-dry-20260817t112900z	fullcov_0to24	HG002-qvmjccyp5fr1y3	P1:fullcov	43.73	11.43	untagged_trussv_vcf.vcf-sv-stats	1	1	0	3.6957	4.5e-05	0.0020531666666666667	0.000738888888888889
